FECHA_CORTE;ANIO;MES;ID_CLASE;CLASE;ID_CATEGORIA;CATEGORIA;DEPARTAMENTO;ID_UBIGEO;NUMERO_ESTABLECIMIENTOS;NUMERO_HABITACIONES;NUMERO_PLAZAS_CAMA;PORCENTAJE_TNOH;PORCENTAJE_TNOC;PROMEDIO_PERMANENCIA;PROMEDIO_PERMANENCIA_NAC;PROMEDIO_PERMANENCIA_EXT;TOTAL_ARRIBOS;TOTAL_ARRIBOS_NAC;TOTAL_ARRIBOS_EXT;TOTAL_PERNOCT;TOTAL_PERNOCT_NAC;TOTAL_PERNOCT_EXT;TOTAL_EMPLEO
20260512;2025;01;00;NO CLASIFICADO;00;NO CATEGORIZADO;AMAZONAS;010000;307;2914;4623;12.46;10.11;1.24;1.23;1.32;11703;11176;527;14489;13794;695;547
20260512;2025;01;00;NO CLASIFICADO;00;NO CATEGORIZADO;ÁNCASH;020000;738;6677;11219;18.51;15.34;1.4;1.4;1.41;38196;36815;1381;53360;51419;1941;808
20260512;2025;01;00;NO CLASIFICADO;00;NO CATEGORIZADO;APURÍMAC;030000;532;4600;7192;17.41;13.17;1.1;1.1;1.05;26770;26533;237;29366;29118;248;438
20260512;2025;01;00;NO CLASIFICADO;TT;TODAS CONSOLIDADAS;AMAZONAS;010000;307;2914;4623;12.46;10.11;1.24;1.23;1.32;11703;11176;527;14489;13794;695;547
20260512;2025;01;00;NO CLASIFICADO;TT;TODAS CONSOLIDADAS;APURÍMAC;030000;532;4600;7192;17.41;13.17;1.1;1.1;1.05;26770;26533;237;29366;29118;248;438
20260512;2025;05;00;NO CLASIFICADO;00;NO CATEGORIZADO;ICA;110000;838;8327;13790;19.21;14.45;1.16;1.18;1.11;53153;36888;16265;61770;43646;18124;1088
20260512;2025;01;00;NO CLASIFICADO;00;NO CATEGORIZADO;AREQUIPA;040000;1286;10961;18636;18.95;15.82;1.46;1.37;1.78;62426;48516;13910;91410;66602;24808;1367
20260512;2025;01;00;NO CLASIFICADO;00;NO CATEGORIZADO;AYACUCHO;050000;631;5720;9207;12.19;9.59;1.13;1.13;1.03;24150;23977;173;27359;27180;179;654
20260512;2025;01;00;NO CLASIFICADO;TT;TODAS CONSOLIDADAS;AYACUCHO;050000;631;5720;9207;12.19;9.59;1.13;1.13;1.03;24150;23977;173;27359;27180;179;654
20260512;2025;01;00;NO CLASIFICADO;00;NO CATEGORIZADO;CAJAMARCA;060000;752;6423;10233;9.67;7.66;1.34;1.34;1.6;18168;18054;114;24301;24119;182;657
20260512;2025;01;00;NO CLASIFICADO;TT;TODAS CONSOLIDADAS;CAJAMARCA;060000;752;6423;10233;9.67;7.66;1.34;1.34;1.6;18168;18054;114;24301;24119;182;657
20260512;2025;01;00;NO CLASIFICADO;00;NO CATEGORIZADO;CALLAO;070000;279;3794;7134;46.71;46.16;1;1;1.05;179510;178500;1010;179935;178879;1056;1129
20260512;2025;01;00;NO CLASIFICADO;TT;TODAS CONSOLIDADAS;CALLAO;070000;279;3794;7134;46.71;46.16;1;1;1.05;179510;178500;1010;179935;178879;1056;1129
20260512;2025;01;00;NO CLASIFICADO;00;NO CATEGORIZADO;CUSCO;080000;2044;19712;34516;23.58;20.47;1.67;1.43;1.97;131038;71699;59339;219000;102303;116697;3845
20260512;2025;01;00;NO CLASIFICADO;TT;TODAS CONSOLIDADAS;CUSCO;080000;2044;19712;34516;23.58;20.47;1.67;1.43;1.97;131038;71699;59339;219000;102303;116697;3845
20260512;2025;01;00;NO CLASIFICADO;00;NO CATEGORIZADO;HUANCAVELICA;090000;241;2568;3948;13.63;11.44;1.12;1.12;1.28;12539;12521;18;14003;13980;23;284
20260512;2025;01;00;NO CLASIFICADO;TT;TODAS CONSOLIDADAS;HUANCAVELICA;090000;241;2568;3948;13.63;11.44;1.12;1.12;1.28;12539;12521;18;14003;13980;23;284
20260512;2025;01;00;NO CLASIFICADO;00;NO CATEGORIZADO;HUÁNUCO;100000;526;5356;7999;19.6;16.33;1.14;1.14;1.28;35427;35366;61;40489;40411;78;668
20260512;2025;01;00;NO CLASIFICADO;TT;TODAS CONSOLIDADAS;HUÁNUCO;100000;526;5356;7999;19.6;16.33;1.14;1.14;1.28;35427;35366;61;40489;40411;78;668
20260512;2025;01;00;NO CLASIFICADO;00;NO CATEGORIZADO;ICA;110000;835;8317;13709;19.26;15.06;1.14;1.15;1.13;55924;47411;8513;63994;54348;9646;1504
20260512;2025;01;00;NO CLASIFICADO;00;NO CATEGORIZADO;JUNÍN;120000;1546;15596;25455;24.1;20.22;1.15;1.14;2.37;139092;138650;442;159555;158508;1047;2827
20260512;2025;01;00;NO CLASIFICADO;00;NO CATEGORIZADO;LA LIBERTAD;130000;1023;7596;12719;12.6;10.09;1.19;1.12;1.78;33561;30175;3386;39783;33742;6041;708
20260512;2025;01;00;NO CLASIFICADO;TT;TODAS CONSOLIDADAS;LA LIBERTAD;130000;1023;7596;12719;12.6;10.09;1.19;1.12;1.78;33561;30175;3386;39783;33742;6041;708
20260512;2025;01;00;NO CLASIFICADO;00;NO CATEGORIZADO;LAMBAYEQUE;140000;452;4624;6819;15.65;13.41;1.04;1.04;1.02;27220;26944;276;28355;28073;282;587
20260512;2025;01;00;NO CLASIFICADO;TT;TODAS CONSOLIDADAS;LAMBAYEQUE;140000;452;4624;6819;15.65;13.41;1.04;1.04;1.02;27220;26944;276;28355;28073;282;587
20260512;2025;01;00;NO CLASIFICADO;00;NO CATEGORIZADO;LIMA;150000;7318;56628;97468;24.55;23.28;1.1;1.08;1.46;2815012;2707915;107097;3082914;2926118;156796;36908
20260512;2025;01;00;NO CLASIFICADO;00;NO CATEGORIZADO;LORETO;160000;816;6922;10722;14.51;12.91;1.86;1.89;1.7;23101;19182;3919;42900;36231;6669;704
20260512;2025;01;00;NO CLASIFICADO;TT;TODAS CONSOLIDADAS;LORETO;160000;816;6922;10722;14.51;12.91;1.86;1.89;1.7;23101;19182;3919;42900;36231;6669;704
20260512;2025;01;00;NO CLASIFICADO;00;NO CATEGORIZADO;MADRE DE DIOS;170000;347;4594;7635;22.12;18.41;1.18;1.13;1.59;36998;33450;3548;43583;37930;5653;807
20260512;2025;01;00;NO CLASIFICADO;TT;TODAS CONSOLIDADAS;MADRE DE DIOS;170000;347;4594;7635;22.12;18.41;1.18;1.13;1.59;36998;33450;3548;43583;37930;5653;807
20260512;2025;01;00;NO CLASIFICADO;00;NO CATEGORIZADO;MOQUEGUA;180000;172;1795;3020;17.98;14.3;1.27;1.27;1.04;10538;10448;90;13383;13289;94;248
20260512;2025;01;00;NO CLASIFICADO;TT;TODAS CONSOLIDADAS;MOQUEGUA;180000;172;1795;3020;17.98;14.3;1.27;1.27;1.04;10538;10448;90;13383;13289;94;248
20260512;2025;01;00;NO CLASIFICADO;00;NO CATEGORIZADO;PASCO;190000;406;4313;7012;15.5;14.11;1.37;1.37;1.17;22447;22411;36;30677;30635;42;763
20260512;2025;01;00;NO CLASIFICADO;TT;TODAS CONSOLIDADAS;PASCO;190000;406;4313;7012;15.5;14.11;1.37;1.37;1.17;22447;22411;36;30677;30635;42;763
20260512;2025;01;00;NO CLASIFICADO;00;NO CATEGORIZADO;PIURA;200000;1157;10547;18828;31.91;24.34;1.56;1.52;1.91;91304;82147;9157;142064;124538;17526;2123
20260512;2025;01;00;NO CLASIFICADO;TT;TODAS CONSOLIDADAS;PIURA;200000;1157;10547;18828;31.91;24.34;1.56;1.52;1.91;91304;82147;9157;142064;124538;17526;2123
20260512;2025;01;00;NO CLASIFICADO;00;NO CATEGORIZADO;PUNO;210000;851;7601;12795;27.37;22.37;1.54;1.56;1.27;57450;54434;3016;88749;84905;3844;1378
20260512;2025;01;00;NO CLASIFICADO;TT;TODAS CONSOLIDADAS;PUNO;210000;851;7601;12795;27.37;22.37;1.54;1.56;1.27;57450;54434;3016;88749;84905;3844;1378
20260512;2025;01;00;NO CLASIFICADO;00;NO CATEGORIZADO;SAN MARTÍN;220000;883;9737;15529;22.38;19.45;1.39;1.38;1.87;67539;66412;1127;93627;91519;2108;1323
20260512;2025;01;00;NO CLASIFICADO;00;NO CATEGORIZADO;TACNA;230000;427;3967;7053;17.27;14.34;1.25;1.17;1.37;25063;14358;10705;31361;16741;14620;437
20260512;2025;01;00;NO CLASIFICADO;00;NO CATEGORIZADO;TUMBES;240000;260;2502;4772;19.22;16.24;1.36;1.36;1.35;17652;16740;912;24018;22784;1234;320
20260512;2025;01;00;NO CLASIFICADO;TT;TODAS CONSOLIDADAS;TUMBES;240000;260;2502;4772;19.22;16.24;1.36;1.36;1.35;17652;16740;912;24018;22784;1234;320
20260512;2025;01;00;NO CLASIFICADO;00;NO CATEGORIZADO;UCAYALI;250000;560;5537;8583;26.77;27.3;3.55;3.59;1.98;20481;19930;551;72641;71550;1091;1005
20260512;2025;01;00;NO CLASIFICADO;TT;TODAS CONSOLIDADAS;UCAYALI;250000;560;5537;8583;26.77;27.3;3.55;3.59;1.98;20481;19930;551;72641;71550;1091;1005
20260512;2025;01;00;NO CLASIFICADO;TT;TODAS CONSOLIDADAS;ÁNCASH;020000;738;6677;11219;18.51;15.34;1.4;1.4;1.41;38196;36815;1381;53360;51419;1941;808
20260512;2025;01;00;NO CLASIFICADO;TT;TODAS CONSOLIDADAS;AREQUIPA;040000;1286;10961;18636;18.95;15.82;1.46;1.37;1.78;62426;48516;13910;91410;66602;24808;1367
20260512;2025;01;00;NO CLASIFICADO;TT;TODAS CONSOLIDADAS;ICA;110000;835;8317;13709;19.26;15.06;1.14;1.15;1.13;55924;47411;8513;63994;54348;9646;1504
20260512;2025;01;00;NO CLASIFICADO;TT;TODAS CONSOLIDADAS;JUNÍN;120000;1546;15596;25455;24.1;20.22;1.15;1.14;2.37;139092;138650;442;159555;158508;1047;2827
20260512;2025;01;00;NO CLASIFICADO;TT;TODAS CONSOLIDADAS;LIMA;150000;7318;56628;97468;24.55;23.28;1.1;1.08;1.46;2815012;2707915;107097;3082914;2926118;156796;36908
20260512;2025;01;00;NO CLASIFICADO;TT;TODAS CONSOLIDADAS;SAN MARTÍN;220000;883;9737;15529;22.38;19.45;1.39;1.38;1.87;67539;66412;1127;93627;91519;2108;1323
20260512;2025;01;00;NO CLASIFICADO;TT;TODAS CONSOLIDADAS;TACNA;230000;427;3967;7053;17.27;14.34;1.25;1.17;1.37;25063;14358;10705;31361;16741;14620;437
20260512;2025;02;00;NO CLASIFICADO;00;NO CATEGORIZADO;AMAZONAS;010000;308;2920;4628;17.87;12.33;1.26;1.24;1.69;12657;12061;596;15984;14975;1009;551
20260512;2025;02;00;NO CLASIFICADO;TT;TODAS CONSOLIDADAS;AMAZONAS;010000;308;2920;4628;17.87;12.33;1.26;1.24;1.69;12657;12061;596;15984;14975;1009;551
20260512;2025;02;00;NO CLASIFICADO;00;NO CATEGORIZADO;ÁNCASH;020000;740;6719;11279;18.22;15.17;1.34;1.34;1.33;35807;34449;1358;47924;46124;1800;809
20260512;2025;02;00;NO CLASIFICADO;TT;TODAS CONSOLIDADAS;ÁNCASH;020000;740;6719;11279;18.22;15.17;1.34;1.34;1.33;35807;34449;1358;47924;46124;1800;809
20260512;2025;02;00;NO CLASIFICADO;00;NO CATEGORIZADO;APURÍMAC;030000;532;4596;7183;18.07;12.84;1.11;1.11;1.04;23179;23089;90;25821;25727;94;440
20260512;2025;02;00;NO CLASIFICADO;TT;TODAS CONSOLIDADAS;APURÍMAC;030000;532;4596;7183;18.07;12.84;1.11;1.11;1.04;23179;23089;90;25821;25727;94;440
20260512;2025;02;00;NO CLASIFICADO;00;NO CATEGORIZADO;AREQUIPA;040000;1283;10902;18529;19.86;16.51;1.46;1.37;1.73;58874;44456;14418;85669;60741;24928;1365
20260512;2025;02;00;NO CLASIFICADO;00;NO CATEGORIZADO;AYACUCHO;050000;631;5689;9137;14.07;11.83;1.2;1.19;1.29;25307;25013;294;30254;29874;380;649
20260512;2025;02;00;NO CLASIFICADO;TT;TODAS CONSOLIDADAS;AYACUCHO;050000;631;5689;9137;14.07;11.83;1.2;1.19;1.29;25307;25013;294;30254;29874;380;649
20260512;2025;02;00;NO CLASIFICADO;00;NO CATEGORIZADO;CAJAMARCA;060000;750;6415;10241;28.13;19.92;1.35;1.35;3.18;42254;42243;11;57120;57085;35;1161
20260512;2025;02;00;NO CLASIFICADO;TT;TODAS CONSOLIDADAS;CAJAMARCA;060000;750;6415;10241;28.13;19.92;1.35;1.35;3.18;42254;42243;11;57120;57085;35;1161
20260512;2025;02;00;NO CLASIFICADO;00;NO CATEGORIZADO;CALLAO;070000;278;3779;7104;51.05;50.45;1;1;1.08;176596;175815;781;177000;176159;841;1125
20260512;2025;02;00;NO CLASIFICADO;TT;TODAS CONSOLIDADAS;CALLAO;070000;278;3779;7104;51.05;50.45;1;1;1.08;176596;175815;781;177000;176159;841;1125
20260512;2025;03;00;NO CLASIFICADO;00;NO CATEGORIZADO;CALLAO;070000;278;3779;7104;46.79;46.26;1;1;1.04;179092;178178;913;179667;178721;947;1125
20260512;2025;03;00;NO CLASIFICADO;TT;TODAS CONSOLIDADAS;CALLAO;070000;278;3779;7104;46.79;46.26;1;1;1.04;179092;178178;913;179667;178721;947;1125
20260512;2025;02;00;NO CLASIFICADO;00;NO CATEGORIZADO;CUSCO;080000;2041;19712;34464;21.33;18.51;1.8;1.44;2.34;99269;59776;39493;178581;86262;92319;3774
20260512;2025;02;00;NO CLASIFICADO;TT;TODAS CONSOLIDADAS;CUSCO;080000;2041;19712;34464;21.33;18.51;1.8;1.44;2.34;99269;59776;39493;178581;86262;92319;3774
20260512;2025;02;00;NO CLASIFICADO;00;NO CATEGORIZADO;HUANCAVELICA;090000;241;2568;3948;14.59;11.85;1.09;1.09;1.26;12028;11994;34;13100;13057;43;289
20260512;2025;02;00;NO CLASIFICADO;TT;TODAS CONSOLIDADAS;HUANCAVELICA;090000;241;2568;3948;14.59;11.85;1.09;1.09;1.26;12028;11994;34;13100;13057;43;289
20260512;2025;02;00;NO CLASIFICADO;00;NO CATEGORIZADO;HUÁNUCO;100000;525;5348;7992;17.4;14.42;1.14;1.14;1.39;28259;28154;105;32268;32122;146;669
20260512;2025;02;00;NO CLASIFICADO;TT;TODAS CONSOLIDADAS;HUÁNUCO;100000;525;5348;7992;17.4;14.42;1.14;1.14;1.39;28259;28154;105;32268;32122;146;669
20260512;2025;02;00;NO CLASIFICADO;00;NO CATEGORIZADO;ICA;110000;836;8336;13745;19.63;16.44;1.16;1.16;1.15;54743;43396;11347;63282;50184;13098;1080
20260512;2025;02;00;NO CLASIFICADO;TT;TODAS CONSOLIDADAS;ICA;110000;836;8336;13745;19.63;16.44;1.16;1.16;1.15;54743;43396;11347;63282;50184;13098;1080
20260512;2025;02;00;NO CLASIFICADO;00;NO CATEGORIZADO;JUNÍN;120000;1547;15574;25426;25.18;19.91;1.16;1.16;1.83;122171;121938;233;141722;141295;427;2826
20260512;2025;02;00;NO CLASIFICADO;00;NO CATEGORIZADO;LA LIBERTAD;130000;1023;7596;12719;12.88;9.87;1.13;1.09;1.64;31191;29125;2066;35163;31774;3389;708
20260512;2025;02;00;NO CLASIFICADO;TT;TODAS CONSOLIDADAS;LA LIBERTAD;130000;1023;7596;12719;12.88;9.87;1.13;1.09;1.64;31191;29125;2066;35163;31774;3389;708
20260512;2025;02;00;NO CLASIFICADO;00;NO CATEGORIZADO;LAMBAYEQUE;140000;451;4617;6788;16.67;14.08;1.04;1.04;1.04;25670;25368;302;26755;26442;313;582
20260512;2025;02;00;NO CLASIFICADO;TT;TODAS CONSOLIDADAS;LAMBAYEQUE;140000;451;4617;6788;16.67;14.08;1.04;1.04;1.04;25670;25368;302;26755;26442;313;582
20260512;2025;02;00;NO CLASIFICADO;00;NO CATEGORIZADO;LIMA;150000;7300;56497;97254;25.7;23.97;1.1;1.09;1.5;2585899;2494272;91628;2847692;2709873;137819;36689
20260512;2025;02;00;NO CLASIFICADO;TT;TODAS CONSOLIDADAS;LIMA;150000;7300;56497;97254;25.7;23.97;1.1;1.09;1.5;2585899;2494272;91628;2847692;2709873;137819;36689
20260512;2025;02;00;NO CLASIFICADO;00;NO CATEGORIZADO;LORETO;160000;817;6928;10728;15.39;13.48;1.86;1.91;1.68;21717;17394;4323;40491;33242;7249;701
20260512;2025;02;00;NO CLASIFICADO;TT;TODAS CONSOLIDADAS;LORETO;160000;817;6928;10728;15.39;13.48;1.86;1.91;1.68;21717;17394;4323;40491;33242;7249;701
20260512;2025;02;00;NO CLASIFICADO;00;NO CATEGORIZADO;MADRE DE DIOS;170000;344;4584;7583;22.4;18.67;1.21;1.18;1.59;32763;30136;2627;39651;35466;4185;635
20260512;2025;02;00;NO CLASIFICADO;TT;TODAS CONSOLIDADAS;MADRE DE DIOS;170000;344;4584;7583;22.4;18.67;1.21;1.18;1.59;32763;30136;2627;39651;35466;4185;635
20260512;2025;02;00;NO CLASIFICADO;00;NO CATEGORIZADO;MOQUEGUA;180000;173;1807;3043;17.78;15.07;1.22;1.22;1.02;10504;10410;94;12843;12747;96;251
20260512;2025;02;00;NO CLASIFICADO;TT;TODAS CONSOLIDADAS;MOQUEGUA;180000;173;1807;3043;17.78;15.07;1.22;1.22;1.02;10504;10410;94;12843;12747;96;251
20260512;2025;02;00;NO CLASIFICADO;00;NO CATEGORIZADO;PASCO;190000;404;4300;7002;16.16;14.45;1.31;1.31;1.13;21631;21579;52;28322;28263;59;762
20260512;2025;02;00;NO CLASIFICADO;TT;TODAS CONSOLIDADAS;PASCO;190000;404;4300;7002;16.16;14.45;1.31;1.31;1.13;21631;21579;52;28322;28263;59;762
20260512;2025;02;00;NO CLASIFICADO;00;NO CATEGORIZADO;PIURA;200000;1159;10559;18812;40.34;27.99;1.59;1.52;2.05;92810;80149;12661;147452;121516;25936;2117
20260512;2025;02;00;NO CLASIFICADO;TT;TODAS CONSOLIDADAS;PIURA;200000;1159;10559;18812;40.34;27.99;1.59;1.52;2.05;92810;80149;12661;147452;121516;25936;2117
20260512;2025;02;00;NO CLASIFICADO;00;NO CATEGORIZADO;PUNO;210000;858;7687;12985;31.09;26.55;1.51;1.52;1.29;63983;60672;3311;96543;92288;4255;1388
20260512;2025;02;00;NO CLASIFICADO;TT;TODAS CONSOLIDADAS;PUNO;210000;858;7687;12985;31.09;26.55;1.51;1.52;1.29;63983;60672;3311;96543;92288;4255;1388
20260512;2025;02;00;NO CLASIFICADO;00;NO CATEGORIZADO;SAN MARTÍN;220000;884;9732;15512;22.58;19.64;1.37;1.36;1.87;62142;60801;1341;85309;82800;2509;1324
20260512;2025;02;00;NO CLASIFICADO;TT;TODAS CONSOLIDADAS;SAN MARTÍN;220000;884;9732;15512;22.58;19.64;1.37;1.36;1.87;62142;60801;1341;85309;82800;2509;1324
20260512;2025;02;00;NO CLASIFICADO;00;NO CATEGORIZADO;TACNA;230000;428;3972;7061;21.92;20.22;1.37;1.21;1.54;29122;14652;14470;39977;17696;22281;436
20260512;2025;02;00;NO CLASIFICADO;TT;TODAS CONSOLIDADAS;TACNA;230000;428;3972;7061;21.92;20.22;1.37;1.21;1.54;29122;14652;14470;39977;17696;22281;436
20260512;2025;02;00;NO CLASIFICADO;00;NO CATEGORIZADO;TUMBES;240000;259;2493;4744;17.9;15.74;1.3;1.29;1.39;16140;14646;1494;20907;18826;2081;343
20260512;2025;02;00;NO CLASIFICADO;00;NO CATEGORIZADO;UCAYALI;250000;560;5537;8583;27.5;29.89;3.82;3.86;1.96;18827;18379;448;71843;70966;877;1007
20260512;2025;02;00;NO CLASIFICADO;TT;TODAS CONSOLIDADAS;UCAYALI;250000;560;5537;8583;27.5;29.89;3.82;3.86;1.96;18827;18379;448;71843;70966;877;1007
20260512;2025;02;00;NO CLASIFICADO;TT;TODAS CONSOLIDADAS;AREQUIPA;040000;1283;10902;18529;19.86;16.51;1.46;1.37;1.73;58874;44456;14418;85669;60741;24928;1365
20260512;2025;02;00;NO CLASIFICADO;TT;TODAS CONSOLIDADAS;JUNÍN;120000;1547;15574;25426;25.18;19.91;1.16;1.16;1.83;122171;121938;233;141722;141295;427;2826
20260512;2025;02;00;NO CLASIFICADO;TT;TODAS CONSOLIDADAS;TUMBES;240000;259;2493;4744;17.9;15.74;1.3;1.29;1.39;16140;14646;1494;20907;18826;2081;343
20260512;2025;03;00;NO CLASIFICADO;00;NO CATEGORIZADO;AMAZONAS;010000;308;2954;4677;13.49;10.02;1.39;1.34;1.97;10484;9774;710;14526;13130;1396;553
20260512;2025;03;00;NO CLASIFICADO;TT;TODAS CONSOLIDADAS;AMAZONAS;010000;308;2954;4677;13.49;10.02;1.39;1.34;1.97;10484;9774;710;14526;13130;1396;553
20260512;2025;03;00;NO CLASIFICADO;00;NO CATEGORIZADO;ÁNCASH;020000;739;6706;11251;17.11;14.29;1.29;1.29;1.28;38547;36406;2141;49857;47125;2732;805
20260512;2025;03;00;NO CLASIFICADO;TT;TODAS CONSOLIDADAS;ÁNCASH;020000;739;6706;11251;17.11;14.29;1.29;1.29;1.28;38547;36406;2141;49857;47125;2732;805
20260512;2025;03;00;NO CLASIFICADO;00;NO CATEGORIZADO;APURÍMAC;030000;532;4586;7169;18.05;12.66;1.12;1.12;1.07;25135;24990;145;28139;27984;155;438
20260512;2025;03;00;NO CLASIFICADO;00;NO CATEGORIZADO;AREQUIPA;040000;1280;10887;18508;18.81;15.48;1.39;1.31;1.61;64056;47724;16332;88835;62473;26362;1366
20260512;2025;03;00;NO CLASIFICADO;00;NO CATEGORIZADO;AYACUCHO;050000;630;5671;9104;13.95;11.82;1.26;1.25;1.36;26555;26251;304;33352;32938;414;637
20260512;2025;03;00;NO CLASIFICADO;TT;TODAS CONSOLIDADAS;AYACUCHO;050000;630;5671;9104;13.95;11.82;1.26;1.25;1.36;26555;26251;304;33352;32938;414;637
20260512;2025;03;00;NO CLASIFICADO;00;NO CATEGORIZADO;CAJAMARCA;060000;749;6382;10197;14.36;11.43;1.27;1.27;1;28563;28076;487;36137;35648;489;1150
20260512;2025;03;00;NO CLASIFICADO;TT;TODAS CONSOLIDADAS;CAJAMARCA;060000;749;6382;10197;14.36;11.43;1.27;1.27;1;28563;28076;487;36137;35648;489;1150
20260512;2025;03;00;NO CLASIFICADO;00;NO CATEGORIZADO;CUSCO;080000;2044;19709;34434;23.18;20.99;1.56;1.42;1.67;143895;64361;79534;224082;91082;133000;3797
20260512;2025;03;00;NO CLASIFICADO;00;NO CATEGORIZADO;HUANCAVELICA;090000;241;2566;3946;13.32;10.75;1.09;1.09;1.48;12063;12017;46;13149;13081;68;288
20260512;2025;03;00;NO CLASIFICADO;00;NO CATEGORIZADO;HUÁNUCO;100000;524;5345;7986;16.91;14.01;1.16;1.15;1.27;30019;29895;124;34676;34519;157;663
20260512;2025;03;00;NO CLASIFICADO;TT;TODAS CONSOLIDADAS;HUÁNUCO;100000;524;5345;7986;16.91;14.01;1.16;1.15;1.27;30019;29895;124;34676;34519;157;663
20260512;2025;03;00;NO CLASIFICADO;00;NO CATEGORIZADO;ICA;110000;838;8333;13798;16.7;13.7;1.15;1.16;1.11;51085;37339;13746;58613;43329;15284;1104
20260512;2025;03;00;NO CLASIFICADO;00;NO CATEGORIZADO;JUNÍN;120000;1549;15624;25529;22.05;18.12;1.15;1.15;1.56;124863;124560;303;143392;142920;472;2826
20260512;2025;03;00;NO CLASIFICADO;TT;TODAS CONSOLIDADAS;JUNÍN;120000;1549;15624;25529;22.05;18.12;1.15;1.15;1.56;124863;124560;303;143392;142920;472;2826
20260512;2025;03;00;NO CLASIFICADO;00;NO CATEGORIZADO;LA LIBERTAD;130000;1022;7591;12711;11.67;8.74;1.15;1.08;2;30041;27961;2080;34450;30281;4169;709
20260512;2025;03;00;NO CLASIFICADO;TT;TODAS CONSOLIDADAS;LA LIBERTAD;130000;1022;7591;12711;11.67;8.74;1.15;1.08;2;30041;27961;2080;34450;30281;4169;709
20260512;2025;03;00;NO CLASIFICADO;00;NO CATEGORIZADO;LAMBAYEQUE;140000;447;4577;6721;15.52;12.96;1.05;1.05;1.02;25762;25480;282;26993;26704;289;579
20260512;2025;03;00;NO CLASIFICADO;TT;TODAS CONSOLIDADAS;LAMBAYEQUE;140000;447;4577;6721;15.52;12.96;1.05;1.05;1.02;25762;25480;282;26993;26704;289;579
20260512;2025;03;00;NO CLASIFICADO;00;NO CATEGORIZADO;LIMA;150000;7298;56518;97248;25.07;23.61;1.1;1.09;1.54;2771818;2672058;99760;3062006;2908129;153876;36985
20260512;2025;03;00;NO CLASIFICADO;TT;TODAS CONSOLIDADAS;LIMA;150000;7298;56518;97248;25.07;23.61;1.1;1.09;1.54;2771818;2672058;99760;3062006;2908129;153876;36985
20260512;2025;03;00;NO CLASIFICADO;00;NO CATEGORIZADO;LORETO;160000;815;6893;10672;13.1;11.95;1.87;1.89;1.8;21150;16351;4799;39518;30869;8649;694
20260512;2025;03;00;NO CLASIFICADO;TT;TODAS CONSOLIDADAS;LORETO;160000;815;6893;10672;13.1;11.95;1.87;1.89;1.8;21150;16351;4799;39518;30869;8649;694
20260512;2025;03;00;NO CLASIFICADO;00;NO CATEGORIZADO;MADRE DE DIOS;170000;346;4665;7681;22.52;19.3;1.2;1.12;1.84;38260;34090;4170;45952;38265;7687;818
20260512;2025;03;00;NO CLASIFICADO;TT;TODAS CONSOLIDADAS;MADRE DE DIOS;170000;346;4665;7681;22.52;19.3;1.2;1.12;1.84;38260;34090;4170;45952;38265;7687;818
20260512;2025;03;00;NO CLASIFICADO;00;NO CATEGORIZADO;MOQUEGUA;180000;172;1772;3036;16.84;13.4;1.24;1.24;1;10137;10114;23;12612;12589;23;245
20260512;2025;03;00;NO CLASIFICADO;00;NO CATEGORIZADO;PASCO;190000;403;4320;7022;12.01;9.33;1.18;1.18;1.78;17211;17162;49;20317;20230;87;758
20260512;2025;03;00;NO CLASIFICADO;TT;TODAS CONSOLIDADAS;PASCO;190000;403;4320;7022;12.01;9.33;1.18;1.18;1.78;17211;17162;49;20317;20230;87;758
20260512;2025;03;00;NO CLASIFICADO;00;NO CATEGORIZADO;PIURA;200000;1163;10596;18872;17.05;15.11;1.42;1.38;2.06;62230;58218;4012;88427;80178;8249;1409
20260512;2025;03;00;NO CLASIFICADO;TT;TODAS CONSOLIDADAS;PIURA;200000;1163;10596;18872;17.05;15.11;1.42;1.38;2.06;62230;58218;4012;88427;80178;8249;1409
20260512;2025;03;00;NO CLASIFICADO;00;NO CATEGORIZADO;PUNO;210000;862;7719;13031;25.02;19.59;1.72;1.75;1.19;46065;43701;2364;79140;76318;2822;1394
20260512;2025;03;00;NO CLASIFICADO;TT;TODAS CONSOLIDADAS;PUNO;210000;862;7719;13031;25.02;19.59;1.72;1.75;1.19;46065;43701;2364;79140;76318;2822;1394
20260512;2025;03;00;NO CLASIFICADO;00;NO CATEGORIZADO;SAN MARTÍN;220000;885;9756;15543;19.67;16.83;1.34;1.33;1.88;60383;59113;1270;81111;78721;2390;1323
20260512;2025;03;00;NO CLASIFICADO;TT;TODAS CONSOLIDADAS;SAN MARTÍN;220000;885;9756;15543;19.67;16.83;1.34;1.33;1.88;60383;59113;1270;81111;78721;2390;1323
20260512;2025;03;00;NO CLASIFICADO;00;NO CATEGORIZADO;TACNA;230000;428;3965;7048;10.99;9.22;1.19;1.17;1.26;16876;12463;4413;20140;14581;5559;443
20260512;2025;03;00;NO CLASIFICADO;TT;TODAS CONSOLIDADAS;TACNA;230000;428;3965;7048;10.99;9.22;1.19;1.17;1.26;16876;12463;4413;20140;14581;5559;443
20260512;2025;03;00;NO CLASIFICADO;00;NO CATEGORIZADO;TUMBES;240000;259;2493;4743;12.89;10.37;1.21;1.21;1.23;12568;11019;1549;15253;13351;1902;340
20260512;2025;03;00;NO CLASIFICADO;TT;TODAS CONSOLIDADAS;TUMBES;240000;259;2493;4743;12.89;10.37;1.21;1.21;1.23;12568;11019;1549;15253;13351;1902;340
20260512;2025;03;00;NO CLASIFICADO;00;NO CATEGORIZADO;UCAYALI;250000;558;5512;8561;24.87;25.05;3.37;3.4;1.87;19748;19337;411;66472;65705;767;1015
20260512;2025;03;00;NO CLASIFICADO;TT;TODAS CONSOLIDADAS;UCAYALI;250000;558;5512;8561;24.87;25.05;3.37;3.4;1.87;19748;19337;411;66472;65705;767;1015
20260512;2025;03;00;NO CLASIFICADO;TT;TODAS CONSOLIDADAS;APURÍMAC;030000;532;4586;7169;18.05;12.66;1.12;1.12;1.07;25135;24990;145;28139;27984;155;438
20260512;2025;03;00;NO CLASIFICADO;TT;TODAS CONSOLIDADAS;AREQUIPA;040000;1280;10887;18508;18.81;15.48;1.39;1.31;1.61;64056;47724;16332;88835;62473;26362;1366
20260512;2025;03;00;NO CLASIFICADO;TT;TODAS CONSOLIDADAS;CUSCO;080000;2044;19709;34434;23.18;20.99;1.56;1.42;1.67;143895;64361;79534;224082;91082;133000;3797
20260512;2025;03;00;NO CLASIFICADO;TT;TODAS CONSOLIDADAS;HUANCAVELICA;090000;241;2566;3946;13.32;10.75;1.09;1.09;1.48;12063;12017;46;13149;13081;68;288
20260512;2025;03;00;NO CLASIFICADO;TT;TODAS CONSOLIDADAS;ICA;110000;838;8333;13798;16.7;13.7;1.15;1.16;1.11;51085;37339;13746;58613;43329;15284;1104
20260512;2025;03;00;NO CLASIFICADO;TT;TODAS CONSOLIDADAS;MOQUEGUA;180000;172;1772;3036;16.84;13.4;1.24;1.24;1;10137;10114;23;12612;12589;23;245
20260512;2025;04;00;NO CLASIFICADO;00;NO CATEGORIZADO;AMAZONAS;010000;307;2925;4621;13.61;12.33;1.42;1.38;2.11;12058;11412;646;17100;15734;1366;529
20260512;2025;04;00;NO CLASIFICADO;TT;TODAS CONSOLIDADAS;AMAZONAS;010000;307;2925;4621;13.61;12.33;1.42;1.38;2.11;12058;11412;646;17100;15734;1366;529
20260512;2025;04;00;NO CLASIFICADO;00;NO CATEGORIZADO;ÁNCASH;020000;738;6687;11232;18.43;16.08;1.27;1.26;1.47;42743;41054;1689;54184;51700;2484;804
20260512;2025;04;00;NO CLASIFICADO;TT;TODAS CONSOLIDADAS;ÁNCASH;020000;738;6687;11232;18.43;16.08;1.27;1.26;1.47;42743;41054;1689;54184;51700;2484;804
20260512;2025;04;00;NO CLASIFICADO;00;NO CATEGORIZADO;APURÍMAC;030000;532;4588;7174;17.87;12.22;1.09;1.09;1.02;24218;23888;330;26304;25967;337;443
20260512;2025;04;00;NO CLASIFICADO;TT;TODAS CONSOLIDADAS;APURÍMAC;030000;532;4588;7174;17.87;12.22;1.09;1.09;1.02;24218;23888;330;26304;25967;337;443
20260512;2025;04;00;NO CLASIFICADO;00;NO CATEGORIZADO;AREQUIPA;040000;1278;10852;18437;21.39;18.23;1.44;1.34;1.62;70126;46007;24119;100842;61806;39036;1362
20260512;2025;04;00;NO CLASIFICADO;TT;TODAS CONSOLIDADAS;AREQUIPA;040000;1278;10852;18437;21.39;18.23;1.44;1.34;1.62;70126;46007;24119;100842;61806;39036;1362
20260512;2025;04;00;NO CLASIFICADO;00;NO CATEGORIZADO;AYACUCHO;050000;629;5654;9062;16.28;13.47;1.26;1.26;1.44;29000;28793;207;36627;36328;299;686
20260512;2025;04;00;NO CLASIFICADO;TT;TODAS CONSOLIDADAS;AYACUCHO;050000;629;5654;9062;16.28;13.47;1.26;1.26;1.44;29000;28793;207;36627;36328;299;686
20260512;2025;04;00;NO CLASIFICADO;00;NO CATEGORIZADO;CAJAMARCA;060000;749;6373;10163;18.67;14.17;1.45;1.45;1.01;29786;29697;89;43213;43123;90;1155
20260512;2025;04;00;NO CLASIFICADO;00;NO CATEGORIZADO;CALLAO;070000;278;3779;7104;40.88;38.43;1;1;1.08;143772;142786;986;144454;143388;1066;1039
20260512;2025;04;00;NO CLASIFICADO;TT;TODAS CONSOLIDADAS;CALLAO;070000;278;3779;7104;40.88;38.43;1;1;1.08;143772;142786;986;144454;143388;1066;1039
20260512;2025;05;00;NO CLASIFICADO;00;NO CATEGORIZADO;CALLAO;070000;278;3779;7104;40.26;39.74;1;1;1.08;153787;152298;1489;154350;152748;1602;1052
20260512;2025;04;00;NO CLASIFICADO;00;NO CATEGORIZADO;CUSCO;080000;2044;19655;34169;30.16;27.93;1.66;1.39;1.79;172442;56039;116403;286328;77672;208656;3819
20260512;2025;04;00;NO CLASIFICADO;TT;TODAS CONSOLIDADAS;CUSCO;080000;2044;19655;34169;30.16;27.93;1.66;1.39;1.79;172442;56039;116403;286328;77672;208656;3819
20260512;2025;04;00;NO CLASIFICADO;00;NO CATEGORIZADO;HUANCAVELICA;090000;242;2574;3958;15.55;12.87;1.11;1.11;1.21;13800;13762;38;15285;15239;46;290
20260512;2025;04;00;NO CLASIFICADO;TT;TODAS CONSOLIDADAS;HUANCAVELICA;090000;242;2574;3958;15.55;12.87;1.11;1.11;1.21;13800;13762;38;15285;15239;46;290
20260512;2025;04;00;NO CLASIFICADO;00;NO CATEGORIZADO;HUÁNUCO;100000;523;5340;7977;18.78;15.11;1.14;1.14;1.25;31591;31500;91;36158;36044;114;661
20260512;2025;04;00;NO CLASIFICADO;TT;TODAS CONSOLIDADAS;HUÁNUCO;100000;523;5340;7977;18.78;15.11;1.14;1.14;1.25;31591;31500;91;36158;36044;114;661
20260512;2025;04;00;NO CLASIFICADO;00;NO CATEGORIZADO;ICA;110000;840;8364;13819;20.09;16.24;1.15;1.15;1.14;58564;42155;16409;67329;48618;18711;1093
20260512;2025;04;00;NO CLASIFICADO;TT;TODAS CONSOLIDADAS;ICA;110000;840;8364;13819;20.09;16.24;1.15;1.15;1.14;58564;42155;16409;67329;48618;18711;1093
20260512;2025;04;00;NO CLASIFICADO;00;NO CATEGORIZADO;JUNÍN;120000;1549;15726;25764;25.27;18.62;1.17;1.17;1.79;122559;122197;362;143953;143306;647;2847
20260512;2025;04;00;NO CLASIFICADO;TT;TODAS CONSOLIDADAS;JUNÍN;120000;1549;15726;25764;25.27;18.62;1.17;1.17;1.79;122559;122197;362;143953;143306;647;2847
20260512;2025;04;00;NO CLASIFICADO;00;NO CATEGORIZADO;LA LIBERTAD;130000;1023;7616;12761;13.06;12.71;1.23;1.16;1.89;39534;35725;3809;48655;41467;7188;720
20260512;2025;04;00;NO CLASIFICADO;TT;TODAS CONSOLIDADAS;LA LIBERTAD;130000;1023;7616;12761;13.06;12.71;1.23;1.16;1.89;39534;35725;3809;48655;41467;7188;720
20260512;2025;04;00;NO CLASIFICADO;00;NO CATEGORIZADO;LAMBAYEQUE;140000;446;4590;6790;15.25;12.72;1.04;1.04;1.06;24824;24532;292;25920;25610;310;582
20260512;2025;04;00;NO CLASIFICADO;TT;TODAS CONSOLIDADAS;LAMBAYEQUE;140000;446;4590;6790;15.25;12.72;1.04;1.04;1.06;24824;24532;292;25920;25610;310;582
20260512;2025;04;00;NO CLASIFICADO;00;NO CATEGORIZADO;LIMA;150000;7300;56426;97104;26.03;23.69;1.1;1.09;1.51;2654268;2554750;99517;2923182;2772627;150555;36375
20260512;2025;04;00;NO CLASIFICADO;TT;TODAS CONSOLIDADAS;LIMA;150000;7300;56426;97104;26.03;23.69;1.1;1.09;1.51;2654268;2554750;99517;2923182;2772627;150555;36375
20260512;2025;04;00;NO CLASIFICADO;00;NO CATEGORIZADO;LORETO;160000;813;6876;10648;13.33;10.88;1.75;1.81;1.6;19871;13914;5957;34761;25211;9550;692
20260512;2025;04;00;NO CLASIFICADO;TT;TODAS CONSOLIDADAS;LORETO;160000;813;6876;10648;13.33;10.88;1.75;1.81;1.6;19871;13914;5957;34761;25211;9550;692
20260512;2025;04;00;NO CLASIFICADO;00;NO CATEGORIZADO;MADRE DE DIOS;170000;347;4740;7817;21.83;18.28;1.21;1.13;1.68;35498;30627;4871;42862;34703;8159;647
20260512;2025;04;00;NO CLASIFICADO;TT;TODAS CONSOLIDADAS;MADRE DE DIOS;170000;347;4740;7817;21.83;18.28;1.21;1.13;1.68;35498;30627;4871;42862;34703;8159;647
20260512;2025;04;00;NO CLASIFICADO;00;NO CATEGORIZADO;MOQUEGUA;180000;172;1772;3036;18.12;14.01;1.24;1.24;1.07;10318;10242;76;12757;12676;81;247
20260512;2025;04;00;NO CLASIFICADO;TT;TODAS CONSOLIDADAS;MOQUEGUA;180000;172;1772;3036;18.12;14.01;1.24;1.24;1.07;10318;10242;76;12757;12676;81;247
20260512;2025;04;00;NO CLASIFICADO;00;NO CATEGORIZADO;PASCO;190000;411;4404;7238;14.54;11.28;1.21;1.21;1.28;20276;20184;92;24487;24369;118;786
20260512;2025;04;00;NO CLASIFICADO;00;NO CATEGORIZADO;PIURA;200000;1163;10593;18854;15.66;14.1;1.44;1.39;2.17;55489;51905;3584;79735;71942;7793;1403
20260512;2025;04;00;NO CLASIFICADO;TT;TODAS CONSOLIDADAS;PIURA;200000;1163;10593;18854;15.66;14.1;1.44;1.39;2.17;55489;51905;3584;79735;71942;7793;1403
20260512;2025;04;00;NO CLASIFICADO;00;NO CATEGORIZADO;PUNO;210000;865;7787;13142;24.98;20.24;1.69;1.72;1.31;47113;44304;2809;79782;76095;3687;1404
20260512;2025;04;00;NO CLASIFICADO;TT;TODAS CONSOLIDADAS;PUNO;210000;865;7787;13142;24.98;20.24;1.69;1.72;1.31;47113;44304;2809;79782;76095;3687;1404
20260512;2025;04;00;NO CLASIFICADO;00;NO CATEGORIZADO;SAN MARTÍN;220000;885;9740;15533;20.1;17.17;1.35;1.34;1.93;59296;57944;1352;80008;77400;2608;1334
20260512;2025;04;00;NO CLASIFICADO;00;NO CATEGORIZADO;TACNA;230000;431;3981;7070;12.01;9.88;1.28;1.25;1.38;16415;12702;3713;20962;15829;5133;444
20260512;2025;04;00;NO CLASIFICADO;TT;TODAS CONSOLIDADAS;TACNA;230000;431;3981;7070;12.01;9.88;1.28;1.25;1.38;16415;12702;3713;20962;15829;5133;444
20260512;2025;04;00;NO CLASIFICADO;00;NO CATEGORIZADO;TUMBES;240000;258;2488;4736;14.9;12.39;1.41;1.42;1.34;12488;11348;1140;17601;16070;1531;341
20260512;2025;04;00;NO CLASIFICADO;00;NO CATEGORIZADO;UCAYALI;250000;559;5537;8585;24.54;24.39;3.14;3.17;1.79;19987;19662;325;62827;62244;583;1018
20260512;2025;04;00;NO CLASIFICADO;TT;TODAS CONSOLIDADAS;CAJAMARCA;060000;749;6373;10163;18.67;14.17;1.45;1.45;1.01;29786;29697;89;43213;43123;90;1155
20260512;2025;04;00;NO CLASIFICADO;TT;TODAS CONSOLIDADAS;PASCO;190000;411;4404;7238;14.54;11.28;1.21;1.21;1.28;20276;20184;92;24487;24369;118;786
20260512;2025;04;00;NO CLASIFICADO;TT;TODAS CONSOLIDADAS;SAN MARTÍN;220000;885;9740;15533;20.1;17.17;1.35;1.34;1.93;59296;57944;1352;80008;77400;2608;1334
20260512;2025;04;00;NO CLASIFICADO;TT;TODAS CONSOLIDADAS;TUMBES;240000;258;2488;4736;14.9;12.39;1.41;1.42;1.34;12488;11348;1140;17601;16070;1531;341
20260512;2025;04;00;NO CLASIFICADO;TT;TODAS CONSOLIDADAS;UCAYALI;250000;559;5537;8585;24.54;24.39;3.14;3.17;1.79;19987;19662;325;62827;62244;583;1018
20260512;2025;05;00;NO CLASIFICADO;00;NO CATEGORIZADO;AMAZONAS;010000;310;2934;4624;14.7;12.95;1.39;1.37;1.68;13380;12502;878;18558;17083;1475;546
20260512;2025;05;00;NO CLASIFICADO;00;NO CATEGORIZADO;ÁNCASH;020000;739;6706;11264;19.55;16.27;1.32;1.29;1.68;43111;39529;3582;56828;50809;6019;813
20260512;2025;05;00;NO CLASIFICADO;00;NO CATEGORIZADO;APURÍMAC;030000;532;4604;7204;17.17;12.12;1.1;1.1;1.09;24545;24384;161;27062;26886;176;440
20260512;2025;05;00;NO CLASIFICADO;00;NO CATEGORIZADO;AREQUIPA;040000;1279;10861;18465;22.34;18.76;1.49;1.41;1.68;71863;48707;23156;107406;68470;38936;1367
20260512;2025;05;00;NO CLASIFICADO;00;NO CATEGORIZADO;AYACUCHO;050000;628;5648;9050;13.48;11.88;1.28;1.28;1.36;25990;25702;288;33336;32944;392;667
20260512;2025;05;00;NO CLASIFICADO;00;NO CATEGORIZADO;CAJAMARCA;060000;748;6321;10098;20.96;15.97;1.4;1.39;2.07;35610;35097;513;50004;48942;1062;1153
20260512;2025;05;00;NO CLASIFICADO;00;NO CATEGORIZADO;CUSCO;080000;2045;19652;34099;31.9;28.44;1.65;1.35;1.8;182012;59550;122462;300680;80550;220130;3777
20260512;2025;05;00;NO CLASIFICADO;00;NO CATEGORIZADO;HUANCAVELICA;090000;242;2572;3956;17.31;14.02;1.14;1.14;1.47;15025;14991;34;17188;17138;50;288
20260512;2025;05;00;NO CLASIFICADO;00;NO CATEGORIZADO;HUÁNUCO;100000;523;5338;7955;18.78;16.05;1.16;1.16;1.19;33988;33914;74;39579;39491;88;637
20260512;2025;05;00;NO CLASIFICADO;TT;TODAS CONSOLIDADAS;AMAZONAS;010000;310;2934;4624;14.7;12.95;1.39;1.37;1.68;13380;12502;878;18558;17083;1475;546
20260512;2025;05;00;NO CLASIFICADO;TT;TODAS CONSOLIDADAS;ÁNCASH;020000;739;6706;11264;19.55;16.27;1.32;1.29;1.68;43111;39529;3582;56828;50809;6019;813
20260512;2025;05;00;NO CLASIFICADO;TT;TODAS CONSOLIDADAS;APURÍMAC;030000;532;4604;7204;17.17;12.12;1.1;1.1;1.09;24545;24384;161;27062;26886;176;440
20260512;2025;05;00;NO CLASIFICADO;TT;TODAS CONSOLIDADAS;CALLAO;070000;278;3779;7104;40.26;39.74;1;1;1.08;153787;152298;1489;154350;152748;1602;1052
20260512;2025;05;00;NO CLASIFICADO;TT;TODAS CONSOLIDADAS;HUANCAVELICA;090000;242;2572;3956;17.31;14.02;1.14;1.14;1.47;15025;14991;34;17188;17138;50;288
20260512;2025;05;00;NO CLASIFICADO;TT;TODAS CONSOLIDADAS;HUÁNUCO;100000;523;5338;7955;18.78;16.05;1.16;1.16;1.19;33988;33914;74;39579;39491;88;637
20260512;2025;05;00;NO CLASIFICADO;TT;TODAS CONSOLIDADAS;ICA;110000;838;8327;13790;19.21;14.45;1.16;1.18;1.11;53153;36888;16265;61770;43646;18124;1088
20260512;2025;01;01;HOTEL;01;1 ESTRELLA;AMAZONAS;010000;1;20;24;0;0;0;0;0;0;0;0;0;0;0;0
20260512;2025;01;01;HOTEL;01;1 ESTRELLA;ÁNCASH;020000;14;405;630;17.88;14.77;1.25;1.25;0;2308;2308;0;2885;2885;0;57
20260512;2025;01;01;HOTEL;01;1 ESTRELLA;APURÍMAC;030000;2;77;119;35.74;30.17;1.05;1.05;0;1060;1060;0;1113;1113;0;9
20260512;2025;01;01;HOTEL;01;1 ESTRELLA;AREQUIPA;040000;7;239;401;13.7;9.31;1.15;1.14;1.75;1003;975;28;1157;1108;49;38
20260512;2025;01;01;HOTEL;01;1 ESTRELLA;AYACUCHO;050000;8;201;355;10.51;9.3;1.93;1.93;0;530;530;0;1023;1023;0;40
20260512;2025;01;01;HOTEL;01;1 ESTRELLA;CAJAMARCA;060000;7;181;341;12.4;9.16;1.15;1.15;0;843;843;0;968;968;0;30
20260512;2025;01;01;HOTEL;01;1 ESTRELLA;CUSCO;080000;4;118;193;12.03;12.62;1.11;1.11;1.29;678;661;17;755;733;22;19
20260512;2025;01;01;HOTEL;01;1 ESTRELLA;HUÁNUCO;100000;10;281;418;34.72;24.25;1.05;1.05;0;3133;3133;0;3291;3291;0;43
20260512;2025;01;01;HOTEL;01;1 ESTRELLA;ICA;110000;9;266;493;23.43;20.1;1;1;1;3072;2868;204;3072;2868;204;38
20260512;2025;01;01;HOTEL;01;1 ESTRELLA;JUNÍN;120000;5;221;475;16.41;9.65;1.26;1.26;0;1130;1130;0;1421;1421;0;22
20260512;2025;01;01;HOTEL;01;1 ESTRELLA;LA LIBERTAD;130000;4;109;202;15.18;9.98;1.17;1.17;1;533;532;1;625;624;1;17
20260512;2025;01;01;HOTEL;01;1 ESTRELLA;LAMBAYEQUE;140000;3;83;90;1.67;1.36;1;1;0;38;38;0;38;38;0;14
20260512;2025;01;01;HOTEL;01;1 ESTRELLA;LIMA;150000;12;431;758;28.86;27.47;1.06;1.06;1;6024;6003;21;6387;6366;21;51
20260512;2025;01;01;HOTEL;01;1 ESTRELLA;MADRE DE DIOS;170000;5;156;280;22.13;17.89;1;1;1.04;1551;1527;24;1553;1528;25;28
20260512;2025;01;01;HOTEL;01;1 ESTRELLA;MOQUEGUA;180000;2;64;94;26.01;34.39;1.79;1.78;2.17;561;555;6;1002;989;13;9
20260512;2025;01;01;HOTEL;01;1 ESTRELLA;PASCO;190000;6;176;274;20.51;15.33;1.08;1.08;0;1210;1210;0;1302;1302;0;26
20260512;2025;01;01;HOTEL;01;1 ESTRELLA;PIURA;200000;2;40;87;0;0;0;0;0;0;0;0;0;0;0;0
20260512;2025;01;01;HOTEL;01;1 ESTRELLA;PUNO;210000;5;121;208;28.71;27.28;1.47;1.47;1.38;1195;1163;32;1759;1715;44;20
20260512;2025;01;01;HOTEL;01;1 ESTRELLA;SAN MARTÍN;220000;7;150;223;33.33;33.29;1.18;1.18;1;1945;1933;12;2301;2289;12;27
20260512;2025;01;01;HOTEL;01;1 ESTRELLA;TACNA;230000;2;82;171;6.29;4.3;1.63;1.63;0;140;140;0;228;228;0;9
20260512;2025;01;01;HOTEL;01;1 ESTRELLA;TUMBES;240000;2;47;100;0;0;0;0;0;0;0;0;0;0;0;0
20260512;2025;01;01;HOTEL;02;2 ESTRELLAS;AMAZONAS;010000;40;1132;1797;21.44;17.13;1.72;1.72;1.48;5560;5502;58;9543;9457;86;157
20260512;2025;01;01;HOTEL;02;2 ESTRELLAS;ÁNCASH;020000;63;1695;3071;21.85;18.19;1.44;1.44;1.34;12023;11826;197;17318;17055;263;267
20260512;2025;01;01;HOTEL;02;2 ESTRELLAS;APURÍMAC;030000;7;285;489;21.63;16.62;1.12;1.12;1.43;2244;2230;14;2520;2500;20;28
20260512;2025;01;01;HOTEL;02;2 ESTRELLAS;AREQUIPA;040000;43;1208;2140;16.75;14.42;1.35;1.36;1.3;7082;6514;568;9569;8829;740;195
20260512;2025;01;01;HOTEL;02;2 ESTRELLAS;AYACUCHO;050000;9;383;683;12.75;15.05;1.93;1.96;1.17;1653;1593;60;3186;3116;70;56
20260512;2025;01;01;HOTEL;02;2 ESTRELLAS;CAJAMARCA;060000;69;1878;3034;21.59;17.45;1.18;1.18;1.34;13852;13808;44;16413;16354;59;268
20260512;2025;01;01;HOTEL;02;2 ESTRELLAS;CALLAO;070000;1;40;67;12.34;13.05;1.3;1.25;1.33;209;83;126;271;104;167;6
20260512;2025;01;01;HOTEL;02;2 ESTRELLAS;CUSCO;080000;49;1248;2362;19.55;17.4;1.59;1.37;1.82;8030;4202;3828;12738;5758;6980;400
20260512;2025;01;01;HOTEL;02;2 ESTRELLAS;HUANCAVELICA;090000;1;22;45;0;0;0;0;0;0;0;0;0;0;0;0
20260512;2025;01;01;HOTEL;02;2 ESTRELLAS;HUÁNUCO;100000;58;1758;2789;33.61;26;1.29;1.29;1.43;17480;17398;82;22482;22365;117;293
20260512;2025;01;01;HOTEL;02;2 ESTRELLAS;ICA;110000;55;1530;2695;21.98;18.89;1.03;1.03;1.02;15365;14906;459;15783;15315;468;223
20260512;2025;01;01;HOTEL;02;2 ESTRELLAS;JUNÍN;120000;28;799;1451;19.54;15.04;1.36;1.35;1.81;4990;4899;91;6764;6599;165;132
20260512;2025;01;01;HOTEL;02;2 ESTRELLAS;LA LIBERTAD;130000;20;492;899;22.02;19.16;1.23;1.22;1.31;4357;4111;246;5340;5018;322;102
20260512;2025;01;01;HOTEL;02;2 ESTRELLAS;LAMBAYEQUE;140000;71;2192;3326;15.55;14.12;1.19;1.17;1.65;12267;11902;365;14563;13960;603;293
20260512;2025;01;01;HOTEL;02;2 ESTRELLAS;LIMA;150000;127;5706;10683;31.82;26.4;1.28;1.27;1.72;88600;85778;2822;113760;108894;4865;1173
20260512;2025;01;01;HOTEL;02;2 ESTRELLAS;LORETO;160000;10;224;394;15.15;11.02;1.54;1.55;1.45;872;803;69;1346;1246;100;47
20260512;2025;01;01;HOTEL;02;2 ESTRELLAS;MADRE DE DIOS;170000;9;250;424;36.04;27.31;1.23;1.24;1.16;2919;2439;480;3590;3031;559;53
20260512;2025;01;01;HOTEL;02;2 ESTRELLAS;MOQUEGUA;180000;23;569;956;25.27;18.81;1.95;1.96;1.8;2855;2765;90;5575;5413;162;122
20260512;2025;01;01;HOTEL;02;2 ESTRELLAS;PASCO;190000;6;191;364;23.48;16.15;1.41;1.41;1.5;1295;1291;4;1822;1816;6;32
20260512;2025;01;01;HOTEL;02;2 ESTRELLAS;PIURA;200000;17;421;680;20.52;16.88;1.64;1.61;2.28;2176;2090;86;3558;3362;196;75
20260512;2025;01;01;HOTEL;02;2 ESTRELLAS;PUNO;210000;31;744;1296;13.87;10.17;1.22;1.18;1.54;3349;2989;360;4086;3533;553;108
20260512;2025;01;01;HOTEL;02;2 ESTRELLAS;SAN MARTÍN;220000;28;787;1379;37.09;34.94;1.64;1.63;1.95;9121;8923;198;14938;14552;386;186
20260512;2025;01;01;HOTEL;02;2 ESTRELLAS;TACNA;230000;33;949;1847;31.65;27.57;1.44;1.49;1.4;10925;5455;5470;15783;8104;7679;178
20260512;2025;01;01;HOTEL;02;2 ESTRELLAS;TUMBES;240000;6;171;306;21.11;14.74;1.19;1.19;1.29;1172;1148;24;1398;1367;31;40
20260512;2025;01;01;HOTEL;02;2 ESTRELLAS;UCAYALI;250000;1;23;35;0;0;0;0;0;0;0;0;0;0;0;0
20260512;2025;01;01;HOTEL;03;3 ESTRELLAS;AMAZONAS;010000;17;430;713;20.71;16.28;1.26;1.24;1.74;2860;2734;126;3598;3379;219;101
20260512;2025;01;01;HOTEL;03;3 ESTRELLAS;ÁNCASH;020000;42;1433;2518;22.87;17.49;1.42;1.42;1.56;9583;9021;562;13654;12776;878;339
20260512;2025;01;01;HOTEL;03;3 ESTRELLAS;APURÍMAC;030000;5;178;298;42.48;38.64;1.56;1.61;1.28;2287;1931;356;3570;3113;457;46
20260512;2025;01;01;HOTEL;03;3 ESTRELLAS;AREQUIPA;040000;74;2172;4040;22.82;19.59;2.02;2.09;1.85;12138;8769;3369;24531;18298;6233;650
20260512;2025;01;01;HOTEL;03;3 ESTRELLAS;AYACUCHO;050000;7;190;338;13.96;12.55;1.88;1.92;1.58;700;624;76;1315;1195;120;49
20260512;2025;01;01;HOTEL;03;3 ESTRELLAS;CAJAMARCA;060000;72;2272;3874;17.96;12.1;1.39;1.4;1.29;10453;9903;550;14533;13824;709;449
20260512;2025;01;01;HOTEL;03;3 ESTRELLAS;CALLAO;070000;4;233;391;25.92;26.89;1.3;1.17;1.63;2512;1824;688;3259;2136;1123;56
20260512;2025;01;01;HOTEL;03;3 ESTRELLAS;CUSCO;080000;97;3606;7006;33.15;29.31;1.82;1.73;1.85;35012;8548;26464;63662;14747;48915;1213
20260512;2025;01;01;HOTEL;03;3 ESTRELLAS;HUANCAVELICA;090000;2;65;108;5.06;4.33;1.36;1.36;0;107;107;0;145;145;0;10
20260512;2025;01;01;HOTEL;03;3 ESTRELLAS;HUÁNUCO;100000;18;885;1538;24.78;18.8;1.38;1.38;1.57;6504;6414;90;8965;8824;141;159
20260512;2025;01;01;HOTEL;03;3 ESTRELLAS;ICA;110000;68;2373;4615;36.39;30.87;1.35;1.35;1.37;32650;27670;4980;44163;37353;6810;594
20260512;2025;01;01;HOTEL;03;3 ESTRELLAS;JUNÍN;120000;19;768;1446;19.59;16.24;1.74;1.73;1.92;4194;4091;103;7280;7082;198;217
20260512;2025;01;01;HOTEL;03;3 ESTRELLAS;LA LIBERTAD;130000;72;2095;3989;33.13;25.7;1.68;1.66;2.08;18877;17721;1156;31775;29371;2404;540
20260512;2025;01;01;HOTEL;03;3 ESTRELLAS;LAMBAYEQUE;140000;35;1092;1850;26.89;23.05;1.37;1.36;1.61;9672;9249;423;13221;12541;680;221
20260512;2025;01;01;HOTEL;03;3 ESTRELLAS;LIMA;150000;168;8291;15836;41.66;37.36;1.68;1.44;2.21;109104;74472;34632;183424;106956;76468;2042
20260512;2025;01;01;HOTEL;03;3 ESTRELLAS;LORETO;160000;26;771;1340;27.23;22.75;2.22;2.31;1.87;4250;3441;809;9450;7935;1515;220
20260512;2025;01;01;HOTEL;03;3 ESTRELLAS;MADRE DE DIOS;170000;5;202;377;27.69;30.35;1.52;1.78;1.19;2327;1318;1009;3547;2347;1200;55
20260512;2025;01;01;HOTEL;03;3 ESTRELLAS;PASCO;190000;5;106;182;30.61;23.66;1.21;1.21;1.33;1102;1096;6;1335;1327;8;18
20260512;2025;01;01;HOTEL;03;3 ESTRELLAS;PIURA;200000;19;670;1167;39.9;33.84;1.64;1.57;2.27;7458;6719;739;12244;10565;1679;253
20260512;2025;01;01;HOTEL;03;3 ESTRELLAS;PUNO;210000;27;854;1655;23.74;20.48;1.5;1.5;1.49;7028;3018;4010;10508;4534;5974;186
20260512;2025;01;01;HOTEL;03;3 ESTRELLAS;SAN MARTÍN;220000;28;974;1767;29.19;29.42;1.88;1.87;2.07;8578;8404;174;16117;15756;361;254
20260512;2025;01;01;HOTEL;03;3 ESTRELLAS;TACNA;230000;12;495;1037;41.73;36.98;1.85;1.89;1.82;6438;2424;4014;11888;4593;7295;110
20260512;2025;01;01;HOTEL;03;3 ESTRELLAS;TUMBES;240000;7;245;482;56.37;63.39;3.02;3;3.16;3135;2639;496;9472;7907;1565;116
20260512;2025;01;01;HOTEL;03;3 ESTRELLAS;UCAYALI;250000;16;571;956;27.51;22.58;1.95;1.96;1.88;3430;3189;241;6692;6240;452;136
20260512;2025;01;01;HOTEL;04;4 ESTRELLAS;APURÍMAC;030000;1;32;56;26.01;14.86;1.78;1.73;2.1;145;125;20;258;216;42;14
20260512;2025;01;01;HOTEL;04;4 ESTRELLAS;CAJAMARCA;060000;4;217;382;41.24;36.44;1.9;1.87;2.14;2273;2045;228;4315;3827;488;155
20260512;2025;01;01;HOTEL;04;4 ESTRELLAS;CALLAO;070000;2;371;614;90.1;78.27;1.35;1.37;1.34;11058;2167;8891;14897;2975;11922;130
20260512;2025;01;01;HOTEL;04;4 ESTRELLAS;CUSCO;080000;20;1546;3012;51.01;48.56;1.87;1.7;1.89;24262;3091;21171;45340;5241;40099;941
20260512;2025;01;01;HOTEL;04;4 ESTRELLAS;HUÁNUCO;100000;1;60;101;38.71;32.55;2;2.02;1.45;509;489;20;1019;990;29;29
20260512;2025;01;01;HOTEL;04;4 ESTRELLAS;ICA;110000;8;739;1562;55.35;46.37;1.46;1.48;1.37;15404;12406;2998;22453;18358;4095;358
20260512;2025;01;01;HOTEL;04;4 ESTRELLAS;JUNÍN;120000;1;40;66;18.63;19.4;1.52;1.52;0;261;261;0;397;397;0;20
20260512;2025;01;01;HOTEL;04;4 ESTRELLAS;LA LIBERTAD;130000;4;318;600;48.5;42.25;2.13;2.08;2.44;3686;3142;544;7858;6533;1325;130
20260512;2025;01;01;HOTEL;04;4 ESTRELLAS;LAMBAYEQUE;140000;5;359;653;61.4;56.26;1.54;1.5;1.9;7402;6709;693;11389;10073;1316;292
20260512;2025;01;01;HOTEL;04;4 ESTRELLAS;LIMA;150000;44;4278;7760;40.92;40.48;1.99;1.43;2.61;48852;25693;23159;97382;36842;60540;1815
20260512;2025;01;01;HOTEL;04;4 ESTRELLAS;LORETO;160000;3;148;219;29.97;33.58;2.43;2.21;2.96;939;663;276;2280;1462;818;97
20260512;2025;01;01;HOTEL;04;4 ESTRELLAS;MOQUEGUA;180000;2;123;234;36.01;27.7;2.29;2.24;2.82;879;808;71;2009;1809;200;61
20260512;2025;01;01;HOTEL;04;4 ESTRELLAS;PIURA;200000;5;471;847;31.42;29.31;1.77;1.67;2.22;4350;3578;772;7696;5980;1716;160
20260512;2025;01;01;HOTEL;04;4 ESTRELLAS;PUNO;210000;8;508;961;23.57;22.53;1.63;1.8;1.59;4120;836;3284;6713;1503;5210;184
20260512;2025;01;01;HOTEL;04;4 ESTRELLAS;SAN MARTÍN;220000;1;58;90;31.03;33.87;2.37;2.38;1;398;396;2;945;943;2;20
20260512;2025;01;01;HOTEL;04;4 ESTRELLAS;TACNA;230000;2;200;391;56.79;56.94;1.84;1.72;1.89;3759;1133;2626;6902;1945;4957;69
20260512;2025;01;01;HOTEL;04;4 ESTRELLAS;TUMBES;240000;5;265;520;42.08;50;2.16;2.19;2.01;3737;3116;621;8060;6811;1249;161
20260512;2025;01;01;HOTEL;04;4 ESTRELLAS;UCAYALI;250000;5;289;515;37.29;33.1;2.2;2.16;2.39;2403;1995;408;5285;4309;976;120
20260512;2025;01;01;HOTEL;05;5 ESTRELLAS;AREQUIPA;040000;3;241;352;33.45;37.24;2.02;1.96;2.14;2007;1295;712;4064;2541;1523;186
20260512;2025;01;01;HOTEL;05;5 ESTRELLAS;CUSCO;080000;15;1281;2481;41.43;39.81;1.74;1.95;1.71;17561;2217;15344;30620;4330;26290;1332
20260512;2025;01;01;HOTEL;05;5 ESTRELLAS;ICA;110000;5;546;1307;60.66;57.46;2.02;2;2.07;11533;8900;2633;23282;17841;5441;640
20260512;2025;01;01;HOTEL;05;5 ESTRELLAS;LA LIBERTAD;130000;2;267;470;45.91;47.47;1.87;1.8;2.28;3706;3205;501;6917;5776;1141;182
20260512;2025;01;01;HOTEL;05;5 ESTRELLAS;LIMA;150000;26;4673;8608;41.91;33.59;2.19;1.6;2.37;40959;9596;31363;89636;15362;74274;3831
20260512;2025;01;01;HOTEL;05;5 ESTRELLAS;LORETO;160000;1;71;110;55.07;50.7;1.74;2.21;1.39;994;426;568;1729;941;788;54
20260512;2025;01;01;HOTEL;05;5 ESTRELLAS;PIURA;200000;1;83;166;65.84;57.56;1.76;1.59;2.54;1680;1370;310;2962;2174;788;82
20260512;2025;01;01;HOTEL;05;5 ESTRELLAS;PUNO;210000;1;123;231;38.19;53.26;1.49;1.56;1.47;2553;629;1924;3814;983;2831;32
20260512;2025;01;01;HOTEL;05;5 ESTRELLAS;SAN MARTÍN;220000;1;50;108;38.9;51.61;2.29;2.28;2.48;756;731;25;1728;1666;62;64
20260512;2025;01;01;HOTEL;05;5 ESTRELLAS;UCAYALI;250000;2;162;298;40;36.18;2.37;2.36;2.44;1413;1236;177;3342;2911;431;69
20260512;2025;01;01;HOTEL;TT;TODAS CONSOLIDADAS;AMAZONAS;010000;58;1582;2534;20.97;16.73;1.56;1.56;1.66;8420;8236;184;13141;12836;305;258
20260512;2025;01;01;HOTEL;TT;TODAS CONSOLIDADAS;ÁNCASH;020000;119;3533;6219;21.81;17.56;1.42;1.41;1.5;23914;23155;759;33857;32716;1141;663
20260512;2025;01;01;HOTEL;TT;TODAS CONSOLIDADAS;APURÍMAC;030000;15;572;962;30.26;25.02;1.3;1.3;1.33;5736;5346;390;7461;6942;519;97
20260512;2025;01;01;HOTEL;TT;TODAS CONSOLIDADAS;AREQUIPA;040000;138;4418;7988;21.23;18.62;1.79;1.77;1.84;25768;19345;6423;46116;34314;11802;1332
20260512;2025;01;01;HOTEL;TT;TODAS CONSOLIDADAS;AYACUCHO;050000;24;774;1376;12.47;12.95;1.92;1.94;1.4;2883;2747;136;5524;5334;190;145
20260512;2025;01;01;HOTEL;TT;TODAS CONSOLIDADAS;CAJAMARCA;060000;152;4548;7631;20.35;15.31;1.32;1.31;1.53;27421;26599;822;36229;34973;1256;902
20260512;2025;01;01;HOTEL;TT;TODAS CONSOLIDADAS;CALLAO;070000;7;644;1072;62.05;55.45;1.34;1.28;1.36;13779;4074;9705;18427;5215;13212;192
20260512;2025;01;01;HOTEL;TT;TODAS CONSOLIDADAS;CUSCO;080000;185;7799;15054;35.56;32.81;1.79;1.65;1.83;85543;18719;66824;153115;30809;122306;3905
20260512;2025;01;01;HOTEL;TT;TODAS CONSOLIDADAS;HUANCAVELICA;090000;3;87;153;3.78;3.06;1.36;1.36;0;107;107;0;145;145;0;10
20260512;2025;01;01;HOTEL;TT;TODAS CONSOLIDADAS;HUÁNUCO;100000;87;2984;4846;31.17;23.7;1.3;1.3;1.49;27631;27436;194;35840;35550;290;526
20260512;2025;01;01;HOTEL;TT;TODAS CONSOLIDADAS;ICA;110000;145;5454;10672;36.71;32.87;1.39;1.37;1.51;78024;66750;11274;108753;91735;17018;1853
20260512;2025;01;01;HOTEL;TT;TODAS CONSOLIDADAS;JUNÍN;120000;53;1828;3438;19.16;14.88;1.5;1.49;1.87;10575;10381;194;15862;15499;363;391
20260512;2025;01;01;HOTEL;TT;TODAS CONSOLIDADAS;LA LIBERTAD;130000;102;3281;6160;33.4;27.5;1.69;1.65;2.12;31159;28711;2448;52515;47322;5193;971
20260512;2025;01;01;HOTEL;TT;TODAS CONSOLIDADAS;LAMBAYEQUE;140000;114;3726;5919;22.98;21.37;1.33;1.31;1.75;29379;27898;1481;39211;36612;2599;820
20260512;2025;01;01;HOTEL;TT;TODAS CONSOLIDADAS;LIMA;150000;377;23379;43645;40.12;35.37;1.76;1.4;2.36;303749;189020;114729;535463;264587;270876;10425
20260512;2025;01;01;HOTEL;TT;TODAS CONSOLIDADAS;LORETO;160000;40;1214;2063;26.96;23.15;2.1;2.17;1.87;7055;5333;1722;14805;11584;3221;418
20260512;2025;01;01;HOTEL;TT;TODAS CONSOLIDADAS;MADRE DE DIOS;170000;19;608;1081;29.7;25.93;1.28;1.31;1.18;6797;5284;1513;8690;6906;1784;136
20260512;2025;01;01;HOTEL;TT;TODAS CONSOLIDADAS;MOQUEGUA;180000;40;1158;1943;29.66;23.43;1.89;1.87;2.16;7476;7126;350;14111;13355;756;282
20260512;2025;01;01;HOTEL;TT;TODAS CONSOLIDADAS;PASCO;190000;17;473;820;23.97;17.54;1.24;1.24;1.4;3607;3597;10;4459;4445;14;76
20260512;2025;01;01;HOTEL;TT;TODAS CONSOLIDADAS;PIURA;200000;44;1685;2947;33.02;28.96;1.69;1.61;2.3;15664;13757;1907;26460;22081;4379;570
20260512;2025;01;01;HOTEL;TT;TODAS CONSOLIDADAS;PUNO;210000;72;2350;4351;21.59;19.93;1.47;1.42;1.52;18245;8635;9610;26880;12268;14612;530
20260512;2025;01;01;HOTEL;TT;TODAS CONSOLIDADAS;SAN MARTÍN;220000;65;2019;3567;32.87;32.58;1.73;1.73;2;20798;20387;411;36029;35206;823;551
20260512;2025;01;01;HOTEL;TT;TODAS CONSOLIDADAS;TACNA;230000;49;1726;3446;36.25;32.58;1.64;1.62;1.65;21262;9152;12110;34801;14870;19931;366
20260512;2025;01;01;HOTEL;TT;TODAS CONSOLIDADAS;TUMBES;240000;20;728;1408;39.25;43.37;2.35;2.33;2.49;8044;6903;1141;18930;16085;2845;317
20260512;2025;01;01;HOTEL;TT;TODAS CONSOLIDADAS;UCAYALI;250000;24;1045;1804;31.55;27.39;2.11;2.1;2.25;7246;6420;826;15319;13460;1859;325
20260512;2025;02;01;HOTEL;01;1 ESTRELLA;AMAZONAS;010000;1;20;24;0;0;0;0;0;0;0;0;0;0;0;0
20260512;2025;02;01;HOTEL;01;1 ESTRELLA;ÁNCASH;020000;14;405;630;17.19;14.53;1.29;1.29;0;1981;1981;0;2563;2563;0;57
20260512;2025;02;01;HOTEL;01;1 ESTRELLA;APURÍMAC;030000;2;77;119;41.09;34.57;1.07;1.07;0;1075;1075;0;1152;1152;0;9
20260512;2025;02;01;HOTEL;01;1 ESTRELLA;AREQUIPA;040000;8;267;453;13.75;9.55;1.26;1.25;1.67;962;947;15;1211;1186;25;43
20260512;2025;02;01;HOTEL;01;1 ESTRELLA;AYACUCHO;050000;8;201;355;12.22;10.29;1.73;1.73;1.67;591;585;6;1023;1013;10;40
20260512;2025;02;01;HOTEL;01;1 ESTRELLA;CAJAMARCA;060000;7;181;341;27.7;18.91;2.15;2.15;0;840;840;0;1806;1806;0;30
20260512;2025;02;01;HOTEL;01;1 ESTRELLA;CUSCO;080000;4;118;193;12.89;12.66;1.46;1.46;0;469;469;0;684;684;0;19
20260512;2025;02;01;HOTEL;01;1 ESTRELLA;HUÁNUCO;100000;10;281;418;33.22;24.35;1.06;1.06;0;2803;2803;0;2984;2984;0;43
20260512;2025;02;01;HOTEL;01;1 ESTRELLA;ICA;110000;9;266;493;19.98;17.15;1;1;1;2367;2198;169;2367;2198;169;38
20260512;2025;02;01;HOTEL;01;1 ESTRELLA;JUNÍN;120000;5;221;475;16.31;9.65;1.41;1.41;0;911;911;0;1283;1283;0;22
20260512;2025;02;01;HOTEL;01;1 ESTRELLA;LA LIBERTAD;130000;4;109;202;15.79;11.12;1.04;1.04;1;604;596;8;629;621;8;17
20260512;2025;02;01;HOTEL;01;1 ESTRELLA;LAMBAYEQUE;140000;3;83;90;2.37;1.94;1;1;0;49;49;0;49;49;0;14
20260512;2025;02;01;HOTEL;01;1 ESTRELLA;LIMA;150000;12;431;758;26.13;25.06;1.05;1.05;1;5004;4998;6;5262;5256;6;51
20260512;2025;02;01;HOTEL;01;1 ESTRELLA;MADRE DE DIOS;170000;5;156;280;28.98;22.69;1.13;1.13;1.25;1577;1565;12;1779;1764;15;28
20260512;2025;02;01;HOTEL;01;1 ESTRELLA;MOQUEGUA;180000;2;64;94;17.35;12.77;1.28;1.28;0;262;262;0;336;336;0;11
20260512;2025;02;01;HOTEL;01;1 ESTRELLA;PASCO;190000;6;176;274;66.03;53.04;1;1;0;4069;4069;0;4069;4069;0;28
20260512;2025;02;01;HOTEL;01;1 ESTRELLA;PIURA;200000;2;40;87;0;0;0;0;0;0;0;0;0;0;0;0
20260512;2025;02;01;HOTEL;01;1 ESTRELLA;PUNO;210000;5;121;208;24.97;23.33;1.47;1.48;1.1;922;912;10;1359;1348;11;20
20260512;2025;02;01;HOTEL;01;1 ESTRELLA;SAN MARTÍN;220000;7;150;223;37.19;37.14;1.26;1.26;1.14;1845;1816;29;2319;2286;33;27
20260512;2025;02;01;HOTEL;01;1 ESTRELLA;TACNA;230000;2;82;171;3.75;2.65;1.28;1.28;0;99;99;0;127;127;0;9
20260512;2025;02;01;HOTEL;01;1 ESTRELLA;TUMBES;240000;2;47;100;0;0;0;0;0;0;0;0;0;0;0;0
20260512;2025;02;01;HOTEL;02;2 ESTRELLAS;AMAZONAS;010000;40;1132;1799;25.63;21.38;1.84;1.84;1.88;5855;5831;24;10772;10727;45;165
20260512;2025;02;01;HOTEL;02;2 ESTRELLAS;ÁNCASH;020000;62;1665;3017;22.13;17.54;1.43;1.43;1.28;10359;10100;259;14814;14482;332;260
20260512;2025;02;01;HOTEL;02;2 ESTRELLAS;APURÍMAC;030000;7;288;494;24.58;18.11;1.13;1.13;1.5;2212;2206;6;2505;2496;9;28
20260512;2025;02;01;HOTEL;02;2 ESTRELLAS;AREQUIPA;040000;43;1229;2180;16.63;14.18;1.37;1.35;1.64;6324;5972;352;8654;8078;576;195
20260512;2025;02;01;HOTEL;02;2 ESTRELLAS;AYACUCHO;050000;9;375;675;9.31;14.97;1.6;1.59;2.05;1764;1706;58;2830;2711;119;56
20260512;2025;02;01;HOTEL;02;2 ESTRELLAS;CAJAMARCA;060000;68;1858;2997;24.6;18.28;1.19;1.19;1.11;12853;12788;65;15341;15269;72;264
20260512;2025;02;01;HOTEL;02;2 ESTRELLAS;CALLAO;070000;1;40;67;12.32;13.59;1.12;1.03;1.21;228;118;110;255;122;133;6
20260512;2025;02;01;HOTEL;02;2 ESTRELLAS;CUSCO;080000;48;1227;2297;17.67;15.9;1.5;1.39;1.68;6828;4263;2565;10225;5917;4308;387
20260512;2025;02;01;HOTEL;02;2 ESTRELLAS;HUANCAVELICA;090000;1;22;45;0;0;0;0;0;0;0;0;0;0;0;0
20260512;2025;02;01;HOTEL;02;2 ESTRELLAS;HUÁNUCO;100000;58;1758;2789;33.69;26.12;1.27;1.27;1.19;16035;15988;47;20398;20342;56;289
20260512;2025;02;01;HOTEL;02;2 ESTRELLAS;ICA;110000;55;1539;2717;23.46;18.86;1.02;1.01;1.05;14128;13708;420;14350;13908;442;226
20260512;2025;02;01;HOTEL;02;2 ESTRELLAS;JUNÍN;120000;29;843;1520;15.97;13.73;1.3;1.3;1.37;4508;4454;54;5844;5770;74;134
20260512;2025;02;01;HOTEL;02;2 ESTRELLAS;LA LIBERTAD;130000;20;492;899;29.01;26.11;1.28;1.28;1.25;5124;4847;277;6573;6226;347;100
20260512;2025;02;01;HOTEL;02;2 ESTRELLAS;LAMBAYEQUE;140000;71;2290;3533;15.46;14.67;1.2;1.19;1.62;12047;11746;301;14514;14025;489;295
20260512;2025;02;01;HOTEL;02;2 ESTRELLAS;LIMA;150000;126;5657;10631;40.42;35.67;1.52;1.51;1.85;90741;87788;2953;137727;132250;5478;1161
20260512;2025;02;01;HOTEL;02;2 ESTRELLAS;LORETO;160000;10;224;394;18.81;15.08;1.84;1.84;1.85;903;806;97;1664;1485;179;47
20260512;2025;02;01;HOTEL;02;2 ESTRELLAS;MADRE DE DIOS;170000;9;250;424;41;31.41;1.26;1.26;1.34;2948;2802;146;3729;3533;196;53
20260512;2025;02;01;HOTEL;02;2 ESTRELLAS;MOQUEGUA;180000;23;569;950;25.02;19.65;1.74;1.74;1.62;3009;2828;181;5228;4934;294;122
20260512;2025;02;01;HOTEL;02;2 ESTRELLAS;PASCO;190000;6;191;364;25.67;20.49;1.51;1.51;1;1379;1377;2;2088;2086;2;32
20260512;2025;02;01;HOTEL;02;2 ESTRELLAS;PIURA;200000;17;421;680;25.27;19.72;1.78;1.76;2.31;2109;2022;87;3755;3554;201;75
20260512;2025;02;01;HOTEL;02;2 ESTRELLAS;SAN MARTÍN;220000;30;833;1465;37.41;33.93;1.69;1.67;2.4;8229;8013;216;13917;13398;519;200
20260512;2025;02;01;HOTEL;02;2 ESTRELLAS;TACNA;230000;33;949;1847;48;41.02;1.42;1.47;1.39;14916;5849;9067;21214;8576;12638;180
20260512;2025;02;01;HOTEL;02;2 ESTRELLAS;TUMBES;240000;6;171;306;32.14;18.21;1.28;1.28;1.2;1217;1176;41;1560;1511;49;40
20260512;2025;02;01;HOTEL;02;2 ESTRELLAS;UCAYALI;250000;1;23;35;0;0;0;0;0;0;0;0;0;0;0;0
20260512;2025;02;01;HOTEL;03;3 ESTRELLAS;AMAZONAS;010000;17;430;714;21.93;18.57;1.24;1.19;2.13;3002;2852;150;3712;3392;320;104
20260512;2025;02;01;HOTEL;03;3 ESTRELLAS;ÁNCASH;020000;41;1404;2464;26.82;19.22;1.42;1.4;1.73;9310;8747;563;13262;12288;974;333
20260512;2025;02;01;HOTEL;03;3 ESTRELLAS;APURÍMAC;030000;5;178;298;38.54;34.65;1.5;1.52;1.29;1926;1730;196;2891;2638;253;46
20260512;2025;02;01;HOTEL;03;3 ESTRELLAS;AREQUIPA;040000;74;2172;4040;21.03;17.98;1.88;1.96;1.71;10803;7419;3384;20342;14555;5787;649
20260512;2025;02;01;HOTEL;03;3 ESTRELLAS;AYACUCHO;050000;7;190;338;16.75;15.44;1.8;1.81;1.63;812;777;35;1461;1404;57;49
20260512;2025;02;01;HOTEL;03;3 ESTRELLAS;CAJAMARCA;060000;73;2284;3879;20.49;14.55;1.39;1.4;1.33;11331;10703;628;15798;14965;833;446
20260512;2025;02;01;HOTEL;03;3 ESTRELLAS;CALLAO;070000;4;233;391;35.48;36.47;1.32;1.18;1.79;3019;2303;716;3993;2709;1284;56
20260512;2025;02;01;HOTEL;03;3 ESTRELLAS;CUSCO;080000;94;3327;6473;27.83;24.3;1.79;1.86;1.77;24562;5824;18738;44045;10812;33233;1201
20260512;2025;02;01;HOTEL;03;3 ESTRELLAS;HUANCAVELICA;090000;2;65;108;7.2;4.93;1.3;1.3;0;115;115;0;149;149;0;10
20260512;2025;02;01;HOTEL;03;3 ESTRELLAS;HUÁNUCO;100000;18;770;1251;24.13;19.39;1.38;1.37;1.73;4926;4855;71;6793;6670;123;160
20260512;2025;02;01;HOTEL;03;3 ESTRELLAS;ICA;110000;69;2388;4628;40.72;33.56;1.35;1.36;1.3;32208;27593;4615;43484;37471;6013;602
20260512;2025;02;01;HOTEL;03;3 ESTRELLAS;JUNÍN;120000;20;791;1506;17.56;13.23;1.45;1.45;1.31;3855;3751;104;5580;5444;136;224
20260512;2025;02;01;HOTEL;03;3 ESTRELLAS;LA LIBERTAD;130000;72;2120;4012;37.96;29.02;1.8;1.78;2.24;18074;17124;950;32602;30474;2128;544
20260512;2025;02;01;HOTEL;03;3 ESTRELLAS;LAMBAYEQUE;140000;35;1097;1872;32.79;27.98;1.38;1.37;1.68;10628;10244;384;14667;14021;646;218
20260512;2025;02;01;HOTEL;03;3 ESTRELLAS;LIMA;150000;166;8237;15736;46.96;40.77;1.71;1.49;2.25;104912;73653;31259;179628;109380;70248;1988
20260512;2025;02;01;HOTEL;03;3 ESTRELLAS;LORETO;160000;27;791;1377;33.57;28.24;2.57;2.56;2.63;4233;3267;966;10889;8351;2538;230
20260512;2025;02;01;HOTEL;03;3 ESTRELLAS;MADRE DE DIOS;170000;5;202;377;27.55;28.89;1.65;1.71;1.51;1845;1295;550;3050;2220;830;59
20260512;2025;02;01;HOTEL;03;3 ESTRELLAS;MOQUEGUA;180000;13;402;659;35.13;28.28;1.58;1.57;1.8;3298;3114;184;5219;4888;331;82
20260512;2025;02;01;HOTEL;03;3 ESTRELLAS;PASCO;190000;4;96;155;36.79;28.43;1.18;1.17;1.29;1050;1043;7;1234;1225;9;17
20260512;2025;02;01;HOTEL;03;3 ESTRELLAS;PIURA;200000;19;668;1161;42.1;35.79;1.68;1.6;2.52;6916;6319;597;11634;10128;1506;255
20260512;2025;02;01;HOTEL;03;3 ESTRELLAS;PUNO;210000;27;870;1691;33.56;30.13;1.8;2.04;1.47;7920;4585;3335;14268;9353;4915;191
20260512;2025;02;01;HOTEL;03;3 ESTRELLAS;SAN MARTÍN;220000;28;978;1786;31.97;27.14;1.73;1.73;2.02;7823;7576;247;13571;13071;500;250
20260512;2025;02;01;HOTEL;03;3 ESTRELLAS;TACNA;230000;12;485;1019;46.52;43.87;1.81;1.85;1.79;6923;2367;4556;12516;4379;8137;109
20260512;2025;02;01;HOTEL;03;3 ESTRELLAS;TUMBES;240000;7;245;490;60.51;64.84;2.83;2.77;3.14;3149;2663;486;8896;7372;1524;116
20260512;2025;02;01;HOTEL;03;3 ESTRELLAS;UCAYALI;250000;16;571;956;31.24;24.47;2.11;2.14;1.73;3105;2883;222;6550;6167;383;136
20260512;2025;02;01;HOTEL;04;4 ESTRELLAS;APURÍMAC;030000;1;32;56;32.7;18.69;1.65;1.62;2;178;165;13;293;267;26;14
20260512;2025;02;01;HOTEL;04;4 ESTRELLAS;AREQUIPA;040000;11;558;1061;21.01;18.75;1.72;1.62;1.83;3244;1748;1496;5570;2838;2732;263
20260512;2025;02;01;HOTEL;04;4 ESTRELLAS;CAJAMARCA;060000;4;217;382;45.24;41.91;1.78;1.74;2.16;2521;2272;249;4483;3944;539;155
20260512;2025;02;01;HOTEL;04;4 ESTRELLAS;CALLAO;070000;2;371;614;92.24;77.6;1.27;1.33;1.25;10484;2677;7807;13341;3561;9780;130
20260512;2025;02;01;HOTEL;04;4 ESTRELLAS;CUSCO;080000;20;1546;3012;44.54;40.47;1.72;1.61;1.74;19886;3053;16833;34134;4907;29227;920
20260512;2025;02;01;HOTEL;04;4 ESTRELLAS;HUÁNUCO;100000;1;60;101;35.89;29.24;1.78;1.8;1.44;465;438;27;827;788;39;29
20260512;2025;02;01;HOTEL;04;4 ESTRELLAS;ICA;110000;8;739;1562;59.96;51.62;1.46;1.5;1.28;15503;12476;3027;22576;18688;3888;358
20260512;2025;02;01;HOTEL;04;4 ESTRELLAS;JUNÍN;120000;1;40;66;23.84;20.83;1.51;1.51;0;255;255;0;385;385;0;20
20260512;2025;02;01;HOTEL;04;4 ESTRELLAS;LA LIBERTAD;130000;4;318;595;56.53;50.03;2.12;2.13;2.03;3937;3320;617;8335;7085;1250;130
20260512;2025;02;01;HOTEL;04;4 ESTRELLAS;LAMBAYEQUE;140000;5;359;653;67.83;59.47;1.47;1.42;1.93;7383;6638;745;10873;9438;1435;293
20260512;2025;02;01;HOTEL;04;4 ESTRELLAS;LIMA;150000;44;4278;7759;50.13;47.58;2.01;1.51;2.64;51486;28741;22745;103378;43425;59953;1803
20260512;2025;02;01;HOTEL;04;4 ESTRELLAS;LORETO;160000;3;148;219;28.64;29.79;2.27;2.23;2.34;806;571;235;1827;1276;551;98
20260512;2025;02;01;HOTEL;04;4 ESTRELLAS;MOQUEGUA;180000;2;123;234;38.76;27.05;2.03;2.06;1.83;875;746;129;1772;1536;236;61
20260512;2025;02;01;HOTEL;04;4 ESTRELLAS;PIURA;200000;5;471;847;33.77;29.55;1.71;1.67;1.9;4098;3461;637;7007;5795;1212;159
20260512;2025;02;01;HOTEL;04;4 ESTRELLAS;PUNO;210000;8;508;961;34.26;32.68;2.01;2.47;1.68;4385;1818;2567;8794;4489;4305;186
20260512;2025;02;01;HOTEL;04;4 ESTRELLAS;SAN MARTÍN;220000;1;58;90;24.45;24.76;2.1;2.1;1;297;296;1;624;623;1;20
20260512;2025;02;01;HOTEL;04;4 ESTRELLAS;TACNA;230000;2;200;391;75.64;79.94;1.93;1.77;1.98;4525;965;3560;8752;1705;7047;69
20260512;2025;02;01;HOTEL;04;4 ESTRELLAS;TUMBES;240000;5;265;520;47.68;54.54;2.09;2.16;1.67;3807;3209;598;7941;6942;999;161
20260512;2025;02;01;HOTEL;04;4 ESTRELLAS;UCAYALI;250000;5;289;515;44.41;37.15;2.23;2.14;2.65;2407;2016;391;5357;4319;1038;120
20260512;2025;02;01;HOTEL;05;5 ESTRELLAS;AREQUIPA;040000;3;241;352;33.15;38;2.21;2.06;2.42;1698;1019;679;3745;2103;1642;180
20260512;2025;02;01;HOTEL;05;5 ESTRELLAS;CUSCO;080000;15;1283;2501;39.52;36.97;1.69;1.8;1.67;15342;1870;13472;25888;3364;22524;1334
20260512;2025;02;01;HOTEL;05;5 ESTRELLAS;ICA;110000;5;546;1307;65.29;52.91;1.67;1.63;1.85;11598;9286;2312;19362;15090;4272;642
20260512;2025;02;01;HOTEL;05;5 ESTRELLAS;LA LIBERTAD;130000;2;267;470;50.12;52.71;1.82;1.74;2.44;3821;3388;433;6937;5879;1058;180
20260512;2025;02;01;HOTEL;05;5 ESTRELLAS;LIMA;150000;27;4807;8778;51.47;40.96;2.35;1.62;2.66;42840;12692;30148;100673;20621;80052;3911
20260512;2025;02;01;HOTEL;05;5 ESTRELLAS;LORETO;160000;1;71;142;45.37;42.91;1.98;2.04;1.9;862;479;383;1706;978;728;54
20260512;2025;02;01;HOTEL;05;5 ESTRELLAS;PIURA;200000;1;83;166;69.84;59.27;1.69;1.59;2.13;1631;1325;306;2755;2102;653;82
20260512;2025;02;01;HOTEL;05;5 ESTRELLAS;SAN MARTÍN;220000;1;50;108;39.36;54.4;2.1;2.11;1.89;782;746;36;1645;1577;68;61
20260512;2025;02;01;HOTEL;05;5 ESTRELLAS;UCAYALI;250000;2;162;298;40.48;34.8;2.15;2.17;2.07;1349;1125;224;2904;2440;464;69
20260512;2025;02;01;HOTEL;TT;TODAS CONSOLIDADAS;AMAZONAS;010000;58;1582;2537;24.3;20.39;1.64;1.63;2.1;8857;8683;174;14484;14119;365;269
20260512;2025;02;01;HOTEL;TT;TODAS CONSOLIDADAS;ÁNCASH;020000;117;3474;6111;23.45;17.91;1.42;1.41;1.59;21650;20828;822;30639;29333;1306;650
20260512;2025;02;01;HOTEL;TT;TODAS CONSOLIDADAS;APURÍMAC;030000;15;575;967;31.57;25.27;1.27;1.27;1.34;5391;5176;215;6841;6553;288;97
20260512;2025;02;01;HOTEL;TT;TODAS CONSOLIDADAS;AREQUIPA;040000;139;4467;8086;20.04;17.46;1.72;1.68;1.82;23031;17105;5926;39522;28760;10762;1330
20260512;2025;02;01;HOTEL;TT;TODAS CONSOLIDADAS;AYACUCHO;050000;24;766;1368;11.92;13.87;1.68;1.67;1.88;3167;3068;99;5314;5128;186;145
20260512;2025;02;01;HOTEL;TT;TODAS CONSOLIDADAS;CAJAMARCA;060000;152;4540;7599;23.64;17.59;1.36;1.35;1.53;27545;26603;942;37428;35984;1444;895
20260512;2025;02;01;HOTEL;TT;TODAS CONSOLIDADAS;CALLAO;070000;7;644;1072;66.74;58.6;1.28;1.25;1.3;13731;5098;8633;17589;6392;11197;192
20260512;2025;02;01;HOTEL;TT;TODAS CONSOLIDADAS;CUSCO;080000;181;7501;14476;31.38;28.37;1.71;1.66;1.73;67087;15479;51608;114976;25684;89292;3861
20260512;2025;02;01;HOTEL;TT;TODAS CONSOLIDADAS;HUANCAVELICA;090000;3;87;153;5.38;3.48;1.3;1.3;0;115;115;0;149;149;0;10
20260512;2025;02;01;HOTEL;TT;TODAS CONSOLIDADAS;HUÁNUCO;100000;87;2869;4559;31.11;24.18;1.28;1.28;1.5;24227;24081;147;31061;30840;221;523
20260512;2025;02;01;HOTEL;TT;TODAS CONSOLIDADAS;ICA;110000;146;5478;10707;39.91;34.07;1.35;1.34;1.4;75804;65261;10543;102139;87355;14784;1866
20260512;2025;02;01;HOTEL;TT;TODAS CONSOLIDADAS;JUNÍN;120000;55;1895;3567;16.84;13.11;1.37;1.37;1.33;9529;9371;158;13092;12882;210;400
20260512;2025;02;01;HOTEL;TT;TODAS CONSOLIDADAS;LA LIBERTAD;130000;102;3306;6178;38.66;31.84;1.75;1.72;2.1;31560;29275;2285;55076;50285;4791;971
20260512;2025;02;01;HOTEL;TT;TODAS CONSOLIDADAS;LAMBAYEQUE;140000;114;3829;6148;25.05;23.3;1.33;1.31;1.8;30107;28677;1430;40103;37533;2570;820
20260512;2025;02;01;HOTEL;TT;TODAS CONSOLIDADAS;LIMA;150000;375;23410;43662;47.67;41.29;1.85;1.5;2.49;304707;196459;108247;564466;295067;269399;10421
20260512;2025;02;01;HOTEL;TT;TODAS CONSOLIDADAS;LORETO;160000;41;1234;2132;30.98;26.95;2.36;2.36;2.38;6804;5123;1681;16086;12090;3996;429
20260512;2025;02;01;HOTEL;TT;TODAS CONSOLIDADAS;MADRE DE DIOS;170000;19;608;1081;33.45;28.27;1.34;1.33;1.47;6370;5662;708;8558;7517;1041;140
20260512;2025;02;01;HOTEL;TT;TODAS CONSOLIDADAS;MOQUEGUA;180000;40;1158;1937;29.56;23.15;1.69;1.68;1.74;7444;6950;494;12555;11694;861;276
20260512;2025;02;01;HOTEL;TT;TODAS CONSOLIDADAS;PASCO;190000;16;463;793;43.32;33.29;1.14;1.14;1.22;6498;6489;9;7391;7380;11;77
20260512;2025;02;01;HOTEL;TT;TODAS CONSOLIDADAS;PIURA;200000;44;1683;2941;35.92;30.54;1.7;1.64;2.2;14754;13127;1627;25151;21579;3572;571
20260512;2025;02;01;HOTEL;TT;TODAS CONSOLIDADAS;PUNO;210000;72;2366;4374;29.68;27.39;1.68;1.77;1.56;19911;12146;7765;33545;21441;12104;537
20260512;2025;02;01;HOTEL;TT;TODAS CONSOLIDADAS;SAN MARTÍN;220000;67;2069;3672;34.51;31.2;1.69;1.68;2.12;18976;18447;529;32076;30955;1121;558
20260512;2025;02;01;HOTEL;TT;TODAS CONSOLIDADAS;TACNA;230000;49;1716;3428;48.69;44.39;1.61;1.59;1.62;26463;9280;17183;42609;14787;27822;367
20260512;2025;02;01;HOTEL;TT;TODAS CONSOLIDADAS;TUMBES;240000;20;728;1416;45.27;46.4;2.25;2.25;2.29;8173;7048;1125;18397;15825;2572;317
20260512;2025;02;01;HOTEL;TT;TODAS CONSOLIDADAS;UCAYALI;250000;24;1045;1804;35.63;29.32;2.16;2.15;2.25;6861;6024;837;14811;12926;1885;325
20260512;2025;03;01;HOTEL;01;1 ESTRELLA;AMAZONAS;010000;1;20;24;0;0;0;0;0;0;0;0;0;0;0;0
20260512;2025;03;01;HOTEL;01;1 ESTRELLA;ÁNCASH;020000;14;405;630;22.59;17.42;1.17;1.17;0;2900;2900;0;3402;3402;0;57
20260512;2025;03;01;HOTEL;01;1 ESTRELLA;APURÍMAC;030000;2;77;119;35.32;29.49;1.07;1.07;0;1020;1020;0;1088;1088;0;9
20260512;2025;03;01;HOTEL;01;1 ESTRELLA;AREQUIPA;040000;8;267;453;15.54;10.05;1.35;1.34;1.88;1043;1018;25;1411;1364;47;43
20260512;2025;03;01;HOTEL;01;1 ESTRELLA;AYACUCHO;050000;8;201;355;11.91;12.98;2.18;2.17;2.83;656;650;6;1428;1411;17;40
20260512;2025;03;01;HOTEL;01;1 ESTRELLA;CAJAMARCA;060000;7;181;341;27.66;17.97;2.96;2.96;0;642;642;0;1900;1900;0;30
20260512;2025;03;01;HOTEL;01;1 ESTRELLA;CUSCO;080000;4;118;193;10.55;11.9;1.16;1.15;1.27;613;565;48;712;651;61;19
20260512;2025;03;01;HOTEL;01;1 ESTRELLA;HUÁNUCO;100000;10;281;418;27.3;18.73;1.1;1.1;0;2310;2310;0;2542;2542;0;43
20260512;2025;03;01;HOTEL;01;1 ESTRELLA;ICA;110000;9;266;493;18.98;15.43;1;1;1;2358;2165;193;2358;2165;193;38
20260512;2025;03;01;HOTEL;01;1 ESTRELLA;JUNÍN;120000;5;221;475;16.35;10.23;1.29;1.29;1.08;1170;1157;13;1507;1493;14;22
20260512;2025;03;01;HOTEL;01;1 ESTRELLA;LA LIBERTAD;130000;4;109;202;11.57;7.71;1;1;1;483;480;3;483;480;3;17
20260512;2025;03;01;HOTEL;01;1 ESTRELLA;LAMBAYEQUE;140000;3;83;90;1.4;1.11;1;1;0;31;31;0;31;31;0;14
20260512;2025;03;01;HOTEL;01;1 ESTRELLA;LIMA;150000;12;431;758;23.41;22.18;1.04;1.04;1;4968;4938;30;5157;5127;30;54
20260512;2025;03;01;HOTEL;01;1 ESTRELLA;MADRE DE DIOS;170000;5;156;280;25.35;21.32;1.04;1.04;1.42;1776;1750;26;1851;1814;37;28
20260512;2025;03;01;HOTEL;01;1 ESTRELLA;MOQUEGUA;180000;2;52;103;16.56;10.9;1.51;1.48;1.68;230;192;38;348;284;64;9
20260512;2025;03;01;HOTEL;01;1 ESTRELLA;PASCO;190000;6;176;274;17.36;12.43;1.01;1.01;0;1048;1048;0;1056;1056;0;26
20260512;2025;03;01;HOTEL;01;1 ESTRELLA;PIURA;200000;2;40;87;0;0;0;0;0;0;0;0;0;0;0;0
20260512;2025;03;01;HOTEL;01;1 ESTRELLA;PUNO;210000;5;121;208;23.46;25.08;1.78;1.78;0;907;907;0;1617;1617;0;20
20260512;2025;03;01;HOTEL;01;1 ESTRELLA;SAN MARTÍN;220000;7;150;223;27.78;26.66;1.19;1.19;1.43;1546;1525;21;1843;1813;30;27
20260512;2025;03;01;HOTEL;01;1 ESTRELLA;TACNA;230000;2;82;171;3.38;2.77;1.43;1.43;0;103;103;0;147;147;0;9
20260512;2025;03;01;HOTEL;01;1 ESTRELLA;TUMBES;240000;2;47;100;0;0;0;0;0;0;0;0;0;0;0;0
20260512;2025;03;01;HOTEL;02;2 ESTRELLAS;AMAZONAS;010000;40;1094;1751;23.54;18.83;1.83;1.83;1.56;5580;5555;25;10223;10184;39;159
20260512;2025;03;01;HOTEL;02;2 ESTRELLAS;ÁNCASH;020000;62;1665;3017;21.23;16.78;1.5;1.5;1.33;10488;10245;243;15695;15372;323;262
20260512;2025;03;01;HOTEL;02;2 ESTRELLAS;APURÍMAC;030000;7;288;494;22.57;16.65;1.16;1.16;1.2;2195;2185;10;2550;2538;12;28
20260512;2025;03;01;HOTEL;02;2 ESTRELLAS;AREQUIPA;040000;43;1229;2180;15.95;13.17;1.32;1.3;1.55;6731;6143;588;8901;7991;910;195
20260512;2025;03;01;HOTEL;02;2 ESTRELLAS;AYACUCHO;050000;9;375;675;15.17;19.21;1.91;1.9;2.09;2106;2010;96;4020;3819;201;56
20260512;2025;03;01;HOTEL;02;2 ESTRELLAS;CAJAMARCA;060000;68;1859;2998;16.61;13.17;1.34;1.34;1.07;9117;9075;42;12240;12195;45;268
20260512;2025;03;01;HOTEL;02;2 ESTRELLAS;CALLAO;070000;1;40;67;22.82;24.12;1.53;1.48;1.54;328;80;248;501;118;383;6
20260512;2025;03;01;HOTEL;02;2 ESTRELLAS;CUSCO;080000;49;1242;2341;22.8;20.42;1.61;1.44;1.76;9177;4191;4986;14818;6027;8791;407
20260512;2025;03;01;HOTEL;02;2 ESTRELLAS;HUANCAVELICA;090000;1;22;45;0;0;0;0;0;0;0;0;0;0;0;0
20260512;2025;03;01;HOTEL;02;2 ESTRELLAS;HUÁNUCO;100000;57;1733;2757;27.24;20.36;1.32;1.32;1.16;13202;13177;25;17401;17372;29;281
20260512;2025;03;01;HOTEL;02;2 ESTRELLAS;JUNÍN;120000;28;799;1451;19.6;14.67;1.39;1.39;1.46;4753;4686;67;6600;6502;98;128
20260512;2025;03;01;HOTEL;02;2 ESTRELLAS;LAMBAYEQUE;140000;71;2206;3368;15.88;14.69;1.18;1.16;1.69;13006;12612;394;15335;14668;667;295
20260512;2025;03;01;HOTEL;02;2 ESTRELLAS;LIMA;150000;126;5657;10631;31.78;24.08;1.25;1.24;1.65;82047;79655;2392;102958;99004;3954;1161
20260512;2025;03;01;HOTEL;02;2 ESTRELLAS;LORETO;160000;10;224;394;14.65;11.95;1.79;1.79;1.77;815;736;79;1460;1320;140;44
20260512;2025;03;01;HOTEL;02;2 ESTRELLAS;MADRE DE DIOS;170000;9;250;424;37.03;29.45;1.35;1.33;1.7;2862;2694;168;3871;3586;285;53
20260512;2025;03;01;HOTEL;02;2 ESTRELLAS;MOQUEGUA;180000;24;591;1007;24.46;17.14;1.95;1.96;1.87;2743;2494;249;5352;4886;466;126
20260512;2025;03;01;HOTEL;02;2 ESTRELLAS;PASCO;190000;6;191;364;18.9;12.63;1.33;1.33;0;1069;1069;0;1425;1425;0;37
20260512;2025;03;01;HOTEL;02;2 ESTRELLAS;PIURA;200000;17;421;680;21.3;16.5;1.87;1.87;1.91;1859;1700;159;3478;3175;303;75
20260512;2025;03;01;HOTEL;02;2 ESTRELLAS;PUNO;210000;30;727;1247;17.71;12.89;1.26;1.23;1.6;3962;3684;278;4984;4540;444;104
20260512;2025;03;01;HOTEL;02;2 ESTRELLAS;SAN MARTÍN;220000;29;807;1419;32.07;26.33;1.73;1.73;1.79;6702;6493;209;11582;11208;374;197
20260512;2025;03;01;HOTEL;02;2 ESTRELLAS;TACNA;230000;33;949;1853;27.59;22.95;1.63;1.62;1.63;8103;4788;3315;13184;7766;5418;182
20260512;2025;03;01;HOTEL;02;2 ESTRELLAS;TUMBES;240000;6;171;306;29.6;17.96;1.28;1.28;1.29;1329;1251;78;1704;1603;101;40
20260512;2025;03;01;HOTEL;02;2 ESTRELLAS;UCAYALI;250000;1;23;35;0;0;0;0;0;0;0;0;0;0;0;0
20260512;2025;03;01;HOTEL;03;3 ESTRELLAS;AMAZONAS;010000;17;425;700;18.69;14.97;1.24;1.2;2.21;2615;2513;102;3249;3024;225;103
20260512;2025;03;01;HOTEL;03;3 ESTRELLAS;ÁNCASH;020000;41;1385;2452;27.33;18.78;1.5;1.48;1.78;9547;9078;469;14274;13437;837;329
20260512;2025;03;01;HOTEL;03;3 ESTRELLAS;APURÍMAC;030000;5;178;298;46.18;35.45;1.72;1.75;1.48;1907;1671;236;3275;2925;350;46
20260512;2025;03;01;HOTEL;03;3 ESTRELLAS;AREQUIPA;040000;75;2192;4076;26.17;20.58;1.85;1.96;1.7;14056;8044;6012;26000;15756;10244;652
20260512;2025;03;01;HOTEL;03;3 ESTRELLAS;AYACUCHO;050000;7;190;338;20.54;18.39;1.93;2;1.51;996;860;136;1927;1722;205;49
20260512;2025;03;01;HOTEL;03;3 ESTRELLAS;CAJAMARCA;060000;74;2333;3972;16.11;11.44;1.44;1.44;1.44;9766;9355;411;14092;13502;590;452
20260512;2025;03;01;HOTEL;03;3 ESTRELLAS;CALLAO;070000;4;233;391;34.29;32.98;1.32;1.27;1.45;3039;2239;800;3998;2837;1161;56
20260512;2025;03;01;HOTEL;03;3 ESTRELLAS;CUSCO;080000;99;3736;7226;37.65;33.17;1.72;1.74;1.72;43155;6924;36231;74300;12075;62225;1271
20260512;2025;03;01;HOTEL;03;3 ESTRELLAS;HUANCAVELICA;090000;2;65;108;9.63;6.72;1.29;1.26;2;175;168;7;225;211;14;10
20260512;2025;03;01;HOTEL;03;3 ESTRELLAS;HUÁNUCO;100000;18;773;1207;17.9;14.42;1.39;1.39;1.55;3879;3805;74;5397;5282;115;160
20260512;2025;03;01;HOTEL;03;3 ESTRELLAS;JUNÍN;120000;20;791;1506;17.5;13.52;2.03;2.04;1.32;3117;3039;78;6314;6211;103;224
20260512;2025;03;01;HOTEL;03;3 ESTRELLAS;LA LIBERTAD;130000;72;2123;4012;34.6;25.52;1.9;1.85;2.56;16726;15594;1132;31737;28843;2894;546
20260512;2025;03;01;HOTEL;03;3 ESTRELLAS;LAMBAYEQUE;140000;35;1092;1850;26.74;20.78;1.42;1.41;1.56;8414;8029;385;11918;11319;599;226
20260512;2025;03;01;HOTEL;03;3 ESTRELLAS;LIMA;150000;166;8117;15535;47.95;39.13;1.72;1.47;2.12;109846;68144;41702;188449;100098;88351;1957
20260512;2025;03;01;HOTEL;03;3 ESTRELLAS;LORETO;160000;27;791;1377;28.07;21.22;2.2;2.26;1.99;4114;3250;864;9058;7335;1723;232
20260512;2025;03;01;HOTEL;03;3 ESTRELLAS;MADRE DE DIOS;170000;6;220;425;36.92;33.93;1.58;1.7;1.42;2822;1647;1175;4470;2801;1669;69
20260512;2025;03;01;HOTEL;03;3 ESTRELLAS;MOQUEGUA;180000;13;402;659;29.11;21.97;1.43;1.42;1.51;3140;2914;226;4489;4148;341;82
20260512;2025;03;01;HOTEL;03;3 ESTRELLAS;PIURA;200000;19;665;1158;39.89;32.24;1.86;1.76;2.62;6233;5524;709;11573;9712;1861;253
20260512;2025;03;01;HOTEL;03;3 ESTRELLAS;PUNO;210000;27;870;1691;29.89;25.05;1.55;1.57;1.54;8448;2723;5725;13130;4287;8843;192
20260512;2025;03;01;HOTEL;03;3 ESTRELLAS;SAN MARTÍN;220000;29;1013;1843;32.86;24.47;2.29;2.29;2.36;6101;5859;242;13980;13410;570;263
20260512;2025;03;01;HOTEL;03;3 ESTRELLAS;TACNA;230000;12;485;1019;29.86;23.05;1.79;1.85;1.76;4057;1648;2409;7281;3052;4229;109
20260512;2025;03;01;HOTEL;03;3 ESTRELLAS;TUMBES;240000;7;245;490;51.55;53.58;2.83;2.78;2.97;2876;2172;704;8139;6045;2094;116
20260512;2025;03;01;HOTEL;03;3 ESTRELLAS;UCAYALI;250000;16;571;956;27.47;20.61;2.23;2.26;1.81;2742;2536;206;6107;5734;373;136
20260512;2025;03;01;HOTEL;04;4 ESTRELLAS;APURÍMAC;030000;1;32;56;36.49;20.85;1.77;1.74;2;204;177;27;362;308;54;14
20260512;2025;03;01;HOTEL;04;4 ESTRELLAS;AREQUIPA;040000;11;558;1059;29.51;24.92;1.62;1.52;1.69;5052;2082;2970;8182;3173;5009;262
20260512;2025;03;01;HOTEL;04;4 ESTRELLAS;CAJAMARCA;060000;4;217;382;46.62;39.77;2.23;2.22;2.3;2116;1880;236;4710;4167;543;155
20260512;2025;03;01;HOTEL;04;4 ESTRELLAS;CALLAO;070000;2;371;614;98.43;84.15;1.31;1.46;1.29;12214;1766;10448;16018;2583;13435;130
20260512;2025;03;01;HOTEL;04;4 ESTRELLAS;CUSCO;080000;21;1620;3166;66.1;60.07;1.73;1.65;1.74;34117;2985;31132;58958;4921;54037;954
20260512;2025;03;01;HOTEL;04;4 ESTRELLAS;HUÁNUCO;100000;1;60;101;33.44;24.78;1.94;1.95;1.82;400;378;22;776;736;40;29
20260512;2025;03;01;HOTEL;04;4 ESTRELLAS;JUNÍN;120000;1;40;66;21.53;20.77;1.08;1.08;0;394;394;0;425;425;0;20
20260512;2025;03;01;HOTEL;04;4 ESTRELLAS;LA LIBERTAD;130000;4;318;600;61.6;40.55;2.34;2.36;2.25;3219;2656;563;7542;6277;1265;126
20260512;2025;03;01;HOTEL;04;4 ESTRELLAS;LAMBAYEQUE;140000;5;359;653;59.52;47.11;1.44;1.38;1.84;6638;5823;815;9537;8038;1499;294
20260512;2025;03;01;HOTEL;04;4 ESTRELLAS;LIMA;150000;44;4278;7759;52.72;47.26;1.96;1.44;2.37;57917;25273;32644;113663;36392;77271;1784
20260512;2025;03;01;HOTEL;04;4 ESTRELLAS;LORETO;160000;2;118;178;30.07;31.35;2.11;2.22;1.96;821;465;356;1730;1031;699;71
20260512;2025;03;01;HOTEL;04;4 ESTRELLAS;MOQUEGUA;180000;2;123;234;37.77;25.06;2.07;2.04;2.29;877;773;104;1818;1580;238;61
20260512;2025;03;01;HOTEL;04;4 ESTRELLAS;PIURA;200000;5;471;843;30.02;24.39;1.89;1.86;1.99;3370;2561;809;6375;4764;1611;161
20260512;2025;03;01;HOTEL;04;4 ESTRELLAS;PUNO;210000;8;508;961;35.35;31.66;1.68;1.79;1.67;5610;686;4924;9431;1227;8204;189
20260512;2025;03;01;HOTEL;04;4 ESTRELLAS;SAN MARTÍN;220000;1;58;90;25.64;24.19;1.83;1.82;3.33;369;366;3;675;665;10;20
20260512;2025;03;01;HOTEL;04;4 ESTRELLAS;TACNA;230000;2;200;391;43.71;35.52;1.7;1.68;1.71;2539;1109;1430;4305;1861;2444;70
20260512;2025;03;01;HOTEL;04;4 ESTRELLAS;TUMBES;240000;5;265;520;30.61;32.17;1.98;2.06;1.83;2619;1757;862;5186;3611;1575;160
20260512;2025;03;01;HOTEL;04;4 ESTRELLAS;UCAYALI;250000;5;295;527;39.73;30.13;2.2;2.09;2.63;2235;1773;462;4922;3708;1214;123
20260512;2025;03;01;HOTEL;05;5 ESTRELLAS;AREQUIPA;040000;3;241;352;38.95;38.99;1.83;1.81;1.85;2324;1210;1114;4255;2191;2064;180
20260512;2025;03;01;HOTEL;05;5 ESTRELLAS;CUSCO;080000;15;1283;2501;58.73;55.89;1.65;1.68;1.65;26227;1660;24567;43335;2793;40542;1323
20260512;2025;03;01;HOTEL;05;5 ESTRELLAS;ICA;110000;5;546;1307;49.68;42.42;1.77;1.79;1.74;9702;6748;2954;17189;12059;5130;718
20260512;2025;03;01;HOTEL;05;5 ESTRELLAS;LA LIBERTAD;130000;2;267;470;44.45;38.26;1.77;1.72;2.02;3147;2645;502;5574;4562;1012;187
20260512;2025;03;01;HOTEL;05;5 ESTRELLAS;LIMA;150000;27;4807;8766;56.88;43.99;2.26;1.63;2.43;52859;11423;41436;119542;18667;100875;3950
20260512;2025;03;01;HOTEL;05;5 ESTRELLAS;LORETO;160000;1;71;110;64.74;49.21;1.74;1.81;1.69;963;404;559;1678;732;946;54
20260512;2025;03;01;HOTEL;05;5 ESTRELLAS;PIURA;200000;1;83;166;57.6;42.27;1.67;1.5;2.14;1300;953;347;2175;1434;741;82
20260512;2025;03;01;HOTEL;05;5 ESTRELLAS;PUNO;210000;1;123;231;35.98;53.32;1.56;1.75;1.54;2441;267;2174;3818;466;3352;32
20260512;2025;03;01;HOTEL;05;5 ESTRELLAS;SAN MARTÍN;220000;1;50;108;19.61;20.22;1.92;1.91;2.11;353;344;9;677;658;19;61
20260512;2025;03;01;HOTEL;05;5 ESTRELLAS;UCAYALI;250000;2;162;298;41.64;31.44;2.41;2.36;2.63;1204;985;219;2904;2327;577;71
20260512;2025;03;01;HOTEL;TT;TODAS CONSOLIDADAS;AMAZONAS;010000;58;1539;2475;21.9;17.56;1.64;1.64;2.08;8195;8068;127;13472;13208;264;262
20260512;2025;03;01;HOTEL;TT;TODAS CONSOLIDADAS;ÁNCASH;020000;117;3455;6099;23.83;17.65;1.46;1.45;1.63;22935;22223;712;33371;32211;1160;648
20260512;2025;03;01;HOTEL;TT;TODAS CONSOLIDADAS;APURÍMAC;030000;15;575;967;32.36;24.27;1.37;1.36;1.52;5326;5053;273;7275;6859;416;97
20260512;2025;03;01;HOTEL;TT;TODAS CONSOLIDADAS;AREQUIPA;040000;140;4487;8120;23.84;19.37;1.67;1.65;1.71;29206;18497;10709;48749;30475;18274;1332
20260512;2025;03;01;HOTEL;TT;TODAS CONSOLIDADAS;AYACUCHO;050000;24;766;1368;15.64;17.39;1.96;1.98;1.78;3758;3520;238;7375;6952;423;145
20260512;2025;03;01;HOTEL;TT;TODAS CONSOLIDADAS;CAJAMARCA;060000;153;4590;7693;18.21;13.81;1.52;1.52;1.71;21641;20952;689;32942;31764;1178;905
20260512;2025;03;01;HOTEL;TT;TODAS CONSOLIDADAS;CALLAO;070000;7;644;1072;70.53;61.74;1.32;1.36;1.3;15581;4085;11496;20517;5538;14979;192
20260512;2025;03;01;HOTEL;TT;TODAS CONSOLIDADAS;CUSCO;080000;188;7999;15427;44.08;40.17;1.7;1.62;1.71;113289;16325;96964;192123;26467;165656;3974
20260512;2025;03;01;HOTEL;TT;TODAS CONSOLIDADAS;HUANCAVELICA;090000;3;87;153;7.19;4.74;1.29;1.26;2;175;168;7;225;211;14;10
20260512;2025;03;01;HOTEL;TT;TODAS CONSOLIDADAS;HUÁNUCO;100000;86;2847;4483;24.82;18.71;1.32;1.32;1.52;19790;19668;122;26166;25980;186;515
20260512;2025;03;01;HOTEL;TT;TODAS CONSOLIDADAS;ICA;110000;146;5552;10790;30.98;25.85;1.37;1.37;1.38;63203;49466;13737;86474;67551;18923;1964
20260512;2025;03;01;HOTEL;TT;TODAS CONSOLIDADAS;JUNÍN;120000;54;1851;3498;18.35;13.69;1.57;1.58;1.36;9434;9276;158;14846;14631;215;394
20260512;2025;03;01;HOTEL;TT;TODAS CONSOLIDADAS;LA LIBERTAD;130000;102;3309;6181;36.86;27.36;1.87;1.84;2.11;28095;24991;3104;52427;45882;6545;976
20260512;2025;03;01;HOTEL;TT;TODAS CONSOLIDADAS;LAMBAYEQUE;140000;114;3740;5961;22.92;19.93;1.31;1.29;1.73;28089;26495;1594;36821;34056;2765;829
20260512;2025;03;01;HOTEL;TT;TODAS CONSOLIDADAS;LIMA;150000;375;23290;43449;48.7;39.41;1.81;1.42;2.3;326975;178956;148019;593304;253482;339822;10409
20260512;2025;03;01;HOTEL;TT;TODAS CONSOLIDADAS;LORETO;160000;40;1204;2059;27.93;21.82;2.07;2.15;1.89;6713;4855;1858;13926;10418;3508;401
20260512;2025;03;01;HOTEL;TT;TODAS CONSOLIDADAS;MADRE DE DIOS;170000;20;626;1129;34.08;29.12;1.37;1.35;1.45;7460;6091;1369;10192;8201;1991;150
20260512;2025;03;01;HOTEL;TT;TODAS CONSOLIDADAS;MOQUEGUA;180000;41;1168;2003;27.11;19.34;1.72;1.71;1.8;6990;6373;617;12007;10898;1109;278
20260512;2025;03;01;HOTEL;TT;TODAS CONSOLIDADAS;PASCO;190000;16;463;793;21.53;15.6;1.2;1.2;0;3200;3200;0;3835;3835;0;75
20260512;2025;03;01;HOTEL;TT;TODAS CONSOLIDADAS;PIURA;200000;44;1680;2934;32.39;25.95;1.85;1.78;2.23;12762;10738;2024;23601;19085;4516;571
20260512;2025;03;01;HOTEL;TT;TODAS CONSOLIDADAS;PUNO;210000;71;2349;4338;27.29;24.52;1.54;1.47;1.59;21368;8267;13101;32980;12137;20843;537
20260512;2025;03;01;HOTEL;TT;TODAS CONSOLIDADAS;SAN MARTÍN;220000;67;2078;3683;31.67;25.19;1.91;1.9;2.07;15071;14587;484;28757;27754;1003;568
20260512;2025;03;01;HOTEL;TT;TODAS CONSOLIDADAS;TACNA;230000;49;1716;3434;28.95;23.41;1.68;1.68;1.69;14802;7648;7154;24917;12826;12091;370
20260512;2025;03;01;HOTEL;TT;TODAS CONSOLIDADAS;TUMBES;240000;20;728;1416;35.44;34.24;2.2;2.17;2.29;6824;5180;1644;15029;11259;3770;316
20260512;2025;03;01;HOTEL;TT;TODAS CONSOLIDADAS;UCAYALI;250000;24;1051;1816;32.49;24.75;2.25;2.22;2.44;6181;5294;887;13933;11769;2164;330
20260512;2025;04;01;HOTEL;01;1 ESTRELLA;AMAZONAS;010000;1;20;24;0;0;0;0;0;0;0;0;0;0;0;0
20260512;2025;04;01;HOTEL;01;1 ESTRELLA;ÁNCASH;020000;13;385;595;27.81;23.05;1.1;1.1;0;3729;3729;0;4115;4115;0;55
20260512;2025;04;01;HOTEL;01;1 ESTRELLA;APURÍMAC;030000;2;77;119;37.14;31.2;1.06;1.06;0;1052;1052;0;1114;1114;0;9
20260512;2025;04;01;HOTEL;01;1 ESTRELLA;AREQUIPA;040000;9;287;486;16.18;10.41;1.17;1.16;1.23;1302;1206;96;1518;1400;118;46
20260512;2025;04;01;HOTEL;01;1 ESTRELLA;AYACUCHO;050000;8;201;355;11.44;12.58;1.77;1.75;2.67;759;750;9;1340;1316;24;40
20260512;2025;04;01;HOTEL;01;1 ESTRELLA;CAJAMARCA;060000;7;181;341;14.53;10.13;1.39;1.39;0;747;747;0;1036;1036;0;30
20260512;2025;04;01;HOTEL;01;1 ESTRELLA;HUÁNUCO;100000;10;281;418;31.03;21.4;1.08;1.08;0;2601;2601;0;2811;2811;0;43
20260512;2025;04;01;HOTEL;01;1 ESTRELLA;ICA;110000;9;266;493;16.68;12.88;1;1;1;1905;1783;122;1905;1783;122;38
20260512;2025;04;01;HOTEL;01;1 ESTRELLA;JUNÍN;120000;5;221;475;19.06;12.12;1.39;1.39;1;1244;1241;3;1727;1724;3;22
20260512;2025;04;01;HOTEL;01;1 ESTRELLA;LA LIBERTAD;130000;4;109;202;12.6;8.17;1;1;1;495;482;13;495;482;13;17
20260512;2025;04;01;HOTEL;01;1 ESTRELLA;LAMBAYEQUE;140000;3;83;90;1.73;1.41;1;1;0;38;38;0;38;38;0;14
20260512;2025;04;01;HOTEL;01;1 ESTRELLA;LIMA;150000;12;431;758;23.63;21.93;1.09;1.09;0;4515;4515;0;4935;4935;0;54
20260512;2025;04;01;HOTEL;01;1 ESTRELLA;MADRE DE DIOS;170000;4;110;198;30.03;25.45;1.03;1.03;1.13;1463;1418;45;1512;1461;51;21
20260512;2025;04;01;HOTEL;01;1 ESTRELLA;MOQUEGUA;180000;2;52;103;6.67;5.02;1.12;1.12;0;138;138;0;155;155;0;9
20260512;2025;04;01;HOTEL;01;1 ESTRELLA;PASCO;190000;6;176;274;18.45;13.92;1;1;0;1144;1144;0;1144;1144;0;26
20260512;2025;04;01;HOTEL;01;1 ESTRELLA;PIURA;200000;2;40;87;0;0;0;0;0;0;0;0;0;0;0;0
20260512;2025;04;01;HOTEL;01;1 ESTRELLA;PUNO;210000;5;127;218;24.23;21.74;1.45;1.45;0;982;982;0;1422;1422;0;20
20260512;2025;04;01;HOTEL;01;1 ESTRELLA;SAN MARTÍN;220000;7;150;223;31.29;30.45;1.52;1.51;1.69;1342;1307;35;2037;1978;59;27
20260512;2025;04;01;HOTEL;01;1 ESTRELLA;TACNA;230000;2;82;171;2.15;1.54;1.1;1.1;0;72;72;0;79;79;0;9
20260512;2025;04;01;HOTEL;01;1 ESTRELLA;TUMBES;240000;2;47;100;0;0;0;0;0;0;0;0;0;0;0;0
20260512;2025;04;01;HOTEL;02;2 ESTRELLAS;AMAZONAS;010000;40;1095;1773;21.19;15.91;1.59;1.59;1.57;5306;5283;23;8461;8425;36;166
20260512;2025;04;01;HOTEL;02;2 ESTRELLAS;ÁNCASH;020000;64;1725;3141;20.56;16.57;1.5;1.51;1.36;10388;10069;319;15617;15183;434;264
20260512;2025;04;01;HOTEL;02;2 ESTRELLAS;APURÍMAC;030000;7;288;494;23.22;17.4;1.13;1.13;1.22;2278;2269;9;2579;2568;11;28
20260512;2025;04;01;HOTEL;02;2 ESTRELLAS;AREQUIPA;040000;43;1229;2170;20.43;17.15;1.33;1.34;1.27;8376;7186;1190;11164;9652;1512;197
20260512;2025;04;01;HOTEL;02;2 ESTRELLAS;AYACUCHO;050000;9;361;648;18.6;21.05;1.81;1.81;1.68;2264;2180;84;4092;3951;141;50
20260512;2025;04;01;HOTEL;02;2 ESTRELLAS;CAJAMARCA;060000;68;1848;2970;21.09;15.88;1.22;1.22;1.01;11574;11501;73;14148;14074;74;266
20260512;2025;04;01;HOTEL;02;2 ESTRELLAS;CALLAO;070000;1;40;67;31.25;34.88;1.4;1.15;1.63;501;241;260;701;277;424;6
20260512;2025;04;01;HOTEL;02;2 ESTRELLAS;CUSCO;080000;50;1264;2401;34.23;33.28;1.67;1.46;1.77;14381;4692;9689;23974;6851;17123;424
20260512;2025;04;01;HOTEL;02;2 ESTRELLAS;HUANCAVELICA;090000;1;22;45;0;0;0;0;0;0;0;0;0;0;0;0
20260512;2025;04;01;HOTEL;02;2 ESTRELLAS;HUÁNUCO;100000;57;1729;2752;30.12;22.95;1.26;1.26;1.73;15061;14997;64;18945;18834;111;278
20260512;2025;04;01;HOTEL;02;2 ESTRELLAS;ICA;110000;55;1540;2713;19.73;16.18;1.05;1.05;1.13;12521;12244;277;13170;12856;314;221
20260512;2025;04;01;HOTEL;02;2 ESTRELLAS;JUNÍN;120000;29;843;1520;21.15;16.82;1.33;1.33;1.34;5752;5630;122;7668;7505;163;133
20260512;2025;04;01;HOTEL;02;2 ESTRELLAS;LA LIBERTAD;130000;20;492;897;33.92;25.7;1.86;1.87;1.85;3717;2323;1394;6916;4337;2579;100
20260512;2025;04;01;HOTEL;02;2 ESTRELLAS;LAMBAYEQUE;140000;71;2198;3351;16.05;15.02;1.24;1.18;2.84;12147;11716;431;15096;13874;1222;290
20260512;2025;04;01;HOTEL;02;2 ESTRELLAS;LIMA;150000;126;5657;10631;32.92;25.4;1.26;1.24;1.77;83428;80470;2958;105089;99840;5248;1152
20260512;2025;04;01;HOTEL;02;2 ESTRELLAS;MADRE DE DIOS;170000;10;296;498;35.09;26.85;1.16;1.17;1.15;3444;3101;343;4012;3617;395;57
20260512;2025;04;01;HOTEL;02;2 ESTRELLAS;MOQUEGUA;180000;23;567;961;24.8;20.12;2.1;2.1;2.1;2758;2536;222;5800;5333;467;121
20260512;2025;04;01;HOTEL;02;2 ESTRELLAS;PASCO;190000;6;185;359;28.2;20.03;1.63;1.63;2.5;1320;1308;12;2157;2127;30;37
20260512;2025;04;01;HOTEL;02;2 ESTRELLAS;PIURA;200000;17;421;680;19.14;14.34;1.82;1.77;2.87;1610;1539;71;2926;2722;204;74
20260512;2025;04;01;HOTEL;02;2 ESTRELLAS;PUNO;210000;31;747;1292;15.07;11.06;1.27;1.22;1.55;3380;2870;510;4286;3493;793;107
20260512;2025;04;01;HOTEL;02;2 ESTRELLAS;SAN MARTÍN;220000;30;843;1482;29.41;25.21;1.61;1.61;1.75;6962;6787;175;11210;10903;307;204
20260512;2025;04;01;HOTEL;02;2 ESTRELLAS;TACNA;230000;33;948;1848;28.01;21.42;1.51;1.54;1.48;7848;4777;3071;11878;7335;4543;180
20260512;2025;04;01;HOTEL;02;2 ESTRELLAS;TUMBES;240000;6;171;306;23.76;15.96;1.69;1.69;1.65;868;825;43;1465;1394;71;40
20260512;2025;04;01;HOTEL;02;2 ESTRELLAS;UCAYALI;250000;1;23;35;0;0;0;0;0;0;0;0;0;0;0;0
20260512;2025;04;01;HOTEL;03;3 ESTRELLAS;AMAZONAS;010000;18;451;743;21.51;16.34;1.27;1.22;1.88;2879;2692;187;3643;3291;352;105
20260512;2025;04;01;HOTEL;03;3 ESTRELLAS;ÁNCASH;020000;44;1468;2608;29.83;22.52;1.56;1.53;1.89;11297;10270;1027;17621;15680;1941;355
20260512;2025;04;01;HOTEL;03;3 ESTRELLAS;APURÍMAC;030000;6;205;345;54.83;41.99;1.68;1.74;1.37;2593;2169;424;4346;3764;582;51
20260512;2025;04;01;HOTEL;03;3 ESTRELLAS;AREQUIPA;040000;76;2216;4130;34.38;29.36;1.76;1.95;1.59;20701;9473;11228;36378;18482;17896;658
20260512;2025;04;01;HOTEL;03;3 ESTRELLAS;AYACUCHO;050000;8;257;442;17.78;16.13;1.72;1.72;1.69;1246;1159;87;2139;1992;147;73
20260512;2025;04;01;HOTEL;03;3 ESTRELLAS;CAJAMARCA;060000;73;2307;3925;15.24;10.27;1.37;1.37;1.35;8847;8631;216;12092;11800;292;440
20260512;2025;04;01;HOTEL;03;3 ESTRELLAS;CALLAO;070000;4;233;391;31.96;33.91;1.29;1.22;1.43;3086;2024;1062;3978;2461;1517;56
20260512;2025;04;01;HOTEL;03;3 ESTRELLAS;HUANCAVELICA;090000;2;65;108;13.54;10;1.44;1.44;0;225;225;0;324;324;0;10
20260512;2025;04;01;HOTEL;03;3 ESTRELLAS;HUÁNUCO;100000;18;779;1244;24.47;19.96;1.51;1.5;1.95;4924;4829;95;7448;7263;185;160
20260512;2025;04;01;HOTEL;03;3 ESTRELLAS;ICA;110000;71;2522;4841;33.62;25.99;1.37;1.42;1.24;27630;18949;8681;37739;26935;10804;638
20260512;2025;04;01;HOTEL;03;3 ESTRELLAS;JUNÍN;120000;20;796;1514;22.33;17.33;1.87;1.88;1.35;4214;4085;129;7872;7698;174;224
20260512;2025;04;01;HOTEL;03;3 ESTRELLAS;LA LIBERTAD;130000;72;2133;4010;34.86;26.24;1.93;1.89;2.5;16357;15298;1059;31566;28922;2644;546
20260512;2025;04;01;HOTEL;03;3 ESTRELLAS;LAMBAYEQUE;140000;36;1126;1917;27.82;20.77;1.42;1.41;1.75;8396;8021;375;11945;11289;656;228
20260512;2025;04;01;HOTEL;03;3 ESTRELLAS;LIMA;150000;167;8334;15922;49.64;41.78;1.72;1.47;2.05;116191;66850;49341;199577;98560;101017;1987
20260512;2025;04;01;HOTEL;03;3 ESTRELLAS;LORETO;160000;28;813;1420;30.14;23.84;2.2;2.34;1.7;4608;3621;987;10154;8480;1674;237
20260512;2025;04;01;HOTEL;03;3 ESTRELLAS;MADRE DE DIOS;170000;6;227;441;43.25;40.18;1.58;1.74;1.36;3364;1960;1404;5316;3406;1910;63
20260512;2025;04;01;HOTEL;03;3 ESTRELLAS;MOQUEGUA;180000;13;402;659;39.35;28.08;2.03;2.05;1.51;2730;2639;91;5552;5415;137;81
20260512;2025;04;01;HOTEL;03;3 ESTRELLAS;PASCO;190000;5;106;182;35.19;28.11;1.27;1.26;2.06;1209;1193;16;1535;1502;33;18
20260512;2025;04;01;HOTEL;03;3 ESTRELLAS;PIURA;200000;19;665;1158;36.59;29.1;1.82;1.73;2.53;5563;4947;616;10109;8548;1561;253
20260512;2025;04;01;HOTEL;03;3 ESTRELLAS;PUNO;210000;27;865;1682;39.85;34.74;1.5;1.49;1.5;11718;2664;9054;17528;3960;13568;202
20260512;2025;04;01;HOTEL;03;3 ESTRELLAS;SAN MARTÍN;220000;29;1019;1830;24.19;20.1;1.8;1.8;1.61;6146;5926;220;11035;10681;354;262
20260512;2025;04;01;HOTEL;03;3 ESTRELLAS;TACNA;230000;12;485;1649;27.12;9.85;1.74;1.76;1.73;2797;1082;1715;4874;1899;2975;109
20260512;2025;04;01;HOTEL;03;3 ESTRELLAS;TUMBES;240000;7;245;490;44.16;42.2;2.7;2.68;2.75;2302;1946;356;6204;5224;980;116
20260512;2025;04;01;HOTEL;03;3 ESTRELLAS;UCAYALI;250000;16;571;956;28.87;21.7;2.04;2.07;1.73;3048;2820;228;6224;5829;395;136
20260512;2025;04;01;HOTEL;04;4 ESTRELLAS;APURÍMAC;030000;1;32;56;27.71;15.83;1.85;1.83;2;144;132;12;266;242;24;13
20260512;2025;04;01;HOTEL;04;4 ESTRELLAS;AREQUIPA;040000;11;558;1059;44.99;40.55;1.69;1.76;1.64;7627;2951;4676;12882;5202;7680;256
20260512;2025;04;01;HOTEL;04;4 ESTRELLAS;CALLAO;070000;2;371;614;102.26;93.36;1.31;1.21;1.33;13132;2051;11081;17197;2487;14710;130
20260512;2025;04;01;HOTEL;04;4 ESTRELLAS;CUSCO;080000;22;1685;3295;77.48;72.26;1.69;1.55;1.7;42230;3560;38670;71429;5530;65899;992
20260512;2025;04;01;HOTEL;04;4 ESTRELLAS;HUÁNUCO;100000;1;60;101;42.83;33.33;1.88;1.92;1.14;537;508;29;1010;977;33;27
20260512;2025;04;01;HOTEL;04;4 ESTRELLAS;ICA;110000;8;739;1560;42.07;38.64;1.64;1.82;1.34;11011;6964;4047;18085;12669;5416;358
20260512;2025;04;01;HOTEL;04;4 ESTRELLAS;JUNÍN;120000;1;40;66;27.17;23.43;1.89;1.91;1.61;246;228;18;464;435;29;22
20260512;2025;04;01;HOTEL;04;4 ESTRELLAS;LA LIBERTAD;130000;4;318;600;61.28;43.88;2.46;2.43;2.57;3214;2568;646;7899;6237;1662;126
20260512;2025;04;01;HOTEL;04;4 ESTRELLAS;LAMBAYEQUE;140000;5;377;707;58.94;45.43;1.46;1.4;1.82;6597;5646;951;9636;7909;1727;294
20260512;2025;04;01;HOTEL;04;4 ESTRELLAS;LIMA;150000;44;4278;7760;56.89;52.6;2;1.48;2.35;61104;24268;36836;122442;36023;86419;1788
20260512;2025;04;01;HOTEL;04;4 ESTRELLAS;LORETO;160000;3;148;219;30.16;29;2.1;2.15;2;907;607;300;1905;1305;600;98
20260512;2025;04;01;HOTEL;04;4 ESTRELLAS;MOQUEGUA;180000;2;123;234;40.81;26.64;1.86;1.88;1.73;1007;869;138;1870;1631;239;61
20260512;2025;04;01;HOTEL;04;4 ESTRELLAS;PIURA;200000;5;471;843;30.01;25.54;1.78;1.72;1.96;3631;2771;860;6459;4777;1682;164
20260512;2025;04;01;HOTEL;04;4 ESTRELLAS;PUNO;210000;8;508;961;51.53;47.68;1.67;1.66;1.67;8216;999;7217;13745;1661;12084;190
20260512;2025;04;01;HOTEL;04;4 ESTRELLAS;SAN MARTÍN;220000;1;58;90;33.85;30.96;2.13;2.09;4;393;385;8;836;804;32;20
20260512;2025;04;01;HOTEL;04;4 ESTRELLAS;TACNA;230000;2;200;391;39.97;33.27;1.78;1.81;1.74;2197;1017;1180;3902;1843;2059;67
20260512;2025;04;01;HOTEL;04;4 ESTRELLAS;TUMBES;240000;5;265;520;29.74;30.72;1.92;2.06;1.64;2501;1649;852;4792;3393;1399;160
20260512;2025;04;01;HOTEL;04;4 ESTRELLAS;UCAYALI;250000;5;295;527;41.21;32.59;2.22;2.14;2.55;2323;1900;423;5153;4074;1079;117
20260512;2025;04;01;HOTEL;05;5 ESTRELLAS;AREQUIPA;040000;3;241;352;62.27;64.07;2;1.94;2.07;3376;1641;1735;6766;3182;3584;180
20260512;2025;04;01;HOTEL;05;5 ESTRELLAS;CUSCO;080000;15;1283;2501;73.59;74.47;1.7;1.77;1.69;32934;1892;31042;55875;3350;52525;1346
20260512;2025;04;01;HOTEL;05;5 ESTRELLAS;ICA;110000;5;546;1307;45.16;39.78;1.97;1.99;1.94;7913;5036;2877;15596;10018;5578;612
20260512;2025;04;01;HOTEL;05;5 ESTRELLAS;LA LIBERTAD;130000;2;267;470;45.28;39.74;1.8;1.71;2.24;3120;2629;491;5603;4504;1099;182
20260512;2025;04;01;HOTEL;05;5 ESTRELLAS;LIMA;150000;27;4807;8769;58.95;47.81;2.26;1.59;2.43;55729;11552;44177;125779;18355;107424;3868
20260512;2025;04;01;HOTEL;05;5 ESTRELLAS;PIURA;200000;1;83;166;65.5;52.73;1.68;1.56;2.02;1565;1164;401;2626;1816;810;82
20260512;2025;04;01;HOTEL;05;5 ESTRELLAS;PUNO;210000;1;123;231;57.45;80.07;1.48;1.45;1.49;3741;401;3340;5549;583;4966;36
20260512;2025;04;01;HOTEL;05;5 ESTRELLAS;SAN MARTÍN;220000;1;50;108;25.53;28.52;2.25;2.25;2.29;410;386;24;924;869;55;61
20260512;2025;04;01;HOTEL;05;5 ESTRELLAS;UCAYALI;250000;2;162;298;51.98;39.9;2.39;2.41;2.26;1491;1300;191;3567;3136;431;71
20260512;2025;04;01;HOTEL;TT;TODAS CONSOLIDADAS;AMAZONAS;010000;59;1566;2540;21.01;15.88;1.48;1.47;1.85;8185;7975;210;12104;11716;388;271
20260512;2025;04;01;HOTEL;TT;TODAS CONSOLIDADAS;ÁNCASH;020000;121;3578;6344;25.15;19.63;1.47;1.45;1.76;25414;24068;1346;37353;34978;2375;674
20260512;2025;04;01;HOTEL;TT;TODAS CONSOLIDADAS;APURÍMAC;030000;16;602;1014;36;27.3;1.37;1.37;1.39;6067;5622;445;8305;7688;617;101
20260512;2025;04;01;HOTEL;TT;TODAS CONSOLIDADAS;AREQUIPA;040000;142;4531;8197;32.24;27.94;1.66;1.69;1.63;41382;22457;18925;68708;37918;30790;1337
20260512;2025;04;01;HOTEL;TT;TODAS CONSOLIDADAS;AYACUCHO;050000;25;819;1445;16.59;17.46;1.77;1.78;1.73;4269;4089;180;7571;7259;312;163
20260512;2025;04;01;HOTEL;TT;TODAS CONSOLIDADAS;CAJAMARCA;060000;152;4553;7618;19;13.88;1.35;1.34;1.7;23555;23023;532;31723;30820;903;891
20260512;2025;04;01;HOTEL;TT;TODAS CONSOLIDADAS;CALLAO;070000;7;644;1072;72.42;68.02;1.31;1.21;1.34;16719;4316;12403;21876;5225;16651;192
20260512;2025;04;01;HOTEL;TT;TODAS CONSOLIDADAS;CUSCO;080000;191;8250;16007;56.11;52.92;1.69;1.55;1.71;150349;19475;130874;254134;30218;223916;4052
20260512;2025;04;01;HOTEL;TT;TODAS CONSOLIDADAS;HUANCAVELICA;090000;3;87;153;10.11;7.06;1.44;1.44;0;225;225;0;324;324;0;10
20260512;2025;04;01;HOTEL;TT;TODAS CONSOLIDADAS;HUÁNUCO;100000;86;2849;4515;28.92;22.22;1.31;1.31;1.75;23132;22942;190;30285;29952;333;510
20260512;2025;04;01;HOTEL;TT;TODAS CONSOLIDADAS;ICA;110000;148;5613;10914;31.24;26.42;1.42;1.43;1.39;60980;44976;16004;86495;64261;22234;1867
20260512;2025;04;01;HOTEL;TT;TODAS CONSOLIDADAS;JUNÍN;120000;55;1900;3575;21.53;16.53;1.55;1.55;1.36;11456;11184;272;17731;17362;369;401
20260512;2025;04;01;HOTEL;TT;TODAS CONSOLIDADAS;LA LIBERTAD;130000;102;3319;6179;37.36;28.31;1.95;1.91;2.22;26903;23300;3603;52479;44482;7997;971
20260512;2025;04;01;HOTEL;TT;TODAS CONSOLIDADAS;LIMA;150000;376;23507;43840;50.91;42.64;1.83;1.42;2.26;343016;176354;166662;627065;250874;376191;10336
20260512;2025;04;01;HOTEL;TT;TODAS CONSOLIDADAS;LORETO;160000;42;1245;2124;28.76;23.47;2.05;2.17;1.69;7306;5469;1837;14955;11845;3110;436
20260512;2025;04;01;HOTEL;TT;TODAS CONSOLIDADAS;MADRE DE DIOS;170000;20;633;1137;37.14;31.78;1.31;1.31;1.31;8271;6479;1792;10840;8484;2356;141
20260512;2025;04;01;HOTEL;TT;TODAS CONSOLIDADAS;MOQUEGUA;180000;40;1144;1957;30.81;22.78;2.02;2.03;1.87;6633;6182;451;13377;12534;843;272
20260512;2025;04;01;HOTEL;TT;TODAS CONSOLIDADAS;PASCO;190000;17;467;815;26.11;19.78;1.32;1.31;2.25;3673;3645;28;4836;4773;63;81
20260512;2025;04;01;HOTEL;TT;TODAS CONSOLIDADAS;PIURA;200000;44;1680;2934;30.93;25.13;1.79;1.71;2.19;12369;10421;1948;22120;17863;4257;573
20260512;2025;04;01;HOTEL;TT;TODAS CONSOLIDADAS;PUNO;210000;72;2370;4384;34.62;32.34;1.52;1.4;1.56;28037;7916;20121;42530;11119;31411;555
20260512;2025;04;01;HOTEL;TT;TODAS CONSOLIDADAS;SAN MARTÍN;220000;68;2120;3733;27.07;23.25;1.71;1.71;1.75;15253;14791;462;26042;25235;807;574
20260512;2025;04;01;HOTEL;TT;TODAS CONSOLIDADAS;TACNA;230000;49;1715;4059;27.91;17.03;1.61;1.61;1.61;12914;6948;5966;20733;11156;9577;365
20260512;2025;04;01;HOTEL;TT;TODAS CONSOLIDADAS;TUMBES;240000;20;728;1416;31.27;29.33;2.2;2.26;1.96;5671;4420;1251;12461;10011;2450;316
20260512;2025;04;01;HOTEL;TT;TODAS CONSOLIDADAS;UCAYALI;250000;24;1051;1816;35.26;27.43;2.18;2.17;2.26;6862;6020;842;14944;13039;1905;324
20260512;2025;05;01;HOTEL;01;1 ESTRELLA;AMAZONAS;010000;1;20;24;0;0;0;0;0;0;0;0;0;0;0;0
20260512;2025;05;01;HOTEL;01;1 ESTRELLA;ÁNCASH;020000;13;385;595;17.34;14.66;1.14;1.14;1;2376;2362;14;2704;2690;14;55
20260512;2025;05;01;HOTEL;01;1 ESTRELLA;APURÍMAC;030000;2;77;119;39.17;32.77;1.06;1.06;0;1142;1142;0;1209;1209;0;9
20260512;2025;05;01;HOTEL;01;1 ESTRELLA;AYACUCHO;050000;8;208;380;9.96;10.5;1.5;1.51;1.17;826;803;23;1237;1210;27;41
20260512;2025;05;01;HOTEL;01;1 ESTRELLA;CUSCO;080000;5;142;237;13.27;13.01;1.09;1.09;1;876;862;14;956;942;14;23
20260512;2025;05;01;HOTEL;01;1 ESTRELLA;HUÁNUCO;100000;10;281;418;26.75;17.05;1.07;1.07;0;2162;2162;0;2313;2313;0;43
20260512;2025;05;01;HOTEL;01;1 ESTRELLA;ICA;110000;9;266;493;13.19;10.66;1;1;1;1629;1472;157;1629;1472;157;38
20260512;2025;05;01;HOTEL;02;2 ESTRELLAS;AMAZONAS;010000;41;1099;1780;24.06;18.54;1.55;1.54;1.88;6614;6542;72;10230;10095;135;172
20260512;2025;05;01;HOTEL;02;2 ESTRELLAS;ÁNCASH;020000;64;1725;3137;19.45;15.33;1.56;1.56;1.56;9581;9250;331;14908;14393;515;267
20260512;2025;05;01;HOTEL;02;2 ESTRELLAS;APURÍMAC;030000;7;288;494;21.68;15.88;1.11;1.11;1.26;2191;2168;23;2432;2403;29;28
20260512;2025;05;01;HOTEL;02;2 ESTRELLAS;AREQUIPA;040000;43;1229;2164;20.08;16.85;1.36;1.34;1.51;8293;7362;931;11306;9899;1407;197
20260512;2025;05;01;HOTEL;02;2 ESTRELLAS;AYACUCHO;050000;9;361;640;17.89;17.68;1.64;1.64;1.6;2138;2095;43;3508;3439;69;52
20260512;2025;05;01;HOTEL;02;2 ESTRELLAS;CALLAO;070000;1;40;67;18.63;20.17;1.24;1.02;1.29;338;60;278;419;61;358;6
20260512;2025;05;01;HOTEL;02;2 ESTRELLAS;CUSCO;080000;51;1297;2428;30.95;30.08;1.71;1.4;1.86;13254;4482;8772;22639;6296;16343;426
20260512;2025;05;01;HOTEL;02;2 ESTRELLAS;HUANCAVELICA;090000;1;22;45;0;0;0;0;0;0;0;0;0;0;0;0
20260512;2025;05;01;HOTEL;02;2 ESTRELLAS;HUÁNUCO;100000;57;1725;2753;31.89;23.86;1.27;1.27;1.23;16032;15979;53;20361;20296;65;280
20260512;2025;05;01;HOTEL;02;2 ESTRELLAS;ICA;110000;55;1541;2714;18.39;13.3;1.07;1.06;1.12;10501;10134;367;11189;10777;412;222
20260512;2025;05;01;HOTEL;02;2 ESTRELLAS;MADRE DE DIOS;170000;10;315;528;44.97;36.7;1.36;1.36;1.35;4427;4005;422;6007;5437;570;53
20260512;2025;05;00;NO CLASIFICADO;00;NO CATEGORIZADO;JUNÍN;120000;1548;15628;25593;24.8;18.44;1.17;1.17;2.11;124754;124366;388;146283;145463;820;2833
20260512;2025;05;00;NO CLASIFICADO;TT;TODAS CONSOLIDADAS;JUNÍN;120000;1548;15628;25593;24.8;18.44;1.17;1.17;2.11;124754;124366;388;146283;145463;820;2833
20260512;2025;05;01;HOTEL;01;1 ESTRELLA;JUNÍN;120000;5;221;475;20.86;11.02;1.41;1.41;1.2;1153;1148;5;1622;1616;6;22
20260512;2025;05;01;HOTEL;02;2 ESTRELLAS;JUNÍN;120000;29;843;1518;23.77;17.37;1.36;1.37;1.32;5991;5896;95;8175;8050;125;132
20260512;2025;05;00;NO CLASIFICADO;00;NO CATEGORIZADO;LA LIBERTAD;130000;1023;7614;12753;12.76;11.82;1.35;1.22;2.41;34535;30610;3925;46719;37266;9453;719
20260512;2025;05;00;NO CLASIFICADO;TT;TODAS CONSOLIDADAS;LA LIBERTAD;130000;1023;7614;12753;12.76;11.82;1.35;1.22;2.41;34535;30610;3925;46719;37266;9453;719
20260512;2025;05;01;HOTEL;01;1 ESTRELLA;LA LIBERTAD;130000;4;109;202;13.35;8.43;1;1;1;528;527;1;528;527;1;17
20260512;2025;05;01;HOTEL;02;2 ESTRELLAS;LA LIBERTAD;130000;20;492;897;30.53;18.52;2.2;2.29;2.11;2346;1112;1234;5151;2549;2602;100
20260512;2025;05;00;NO CLASIFICADO;00;NO CATEGORIZADO;LAMBAYEQUE;140000;447;4601;6802;15.13;12.38;1.04;1.04;1.02;25074;24855;219;26108;25885;223;587
20260512;2025;05;00;NO CLASIFICADO;TT;TODAS CONSOLIDADAS;LAMBAYEQUE;140000;447;4601;6802;15.13;12.38;1.04;1.04;1.02;25074;24855;219;26108;25885;223;587
20260512;2025;05;01;HOTEL;01;1 ESTRELLA;LAMBAYEQUE;140000;3;83;90;2.29;1.86;1;1;0;52;52;0;52;52;0;14
20260512;2025;05;01;HOTEL;02;2 ESTRELLAS;LAMBAYEQUE;140000;72;2255;3478;17.81;16.2;1.22;1.17;2.69;14303;13815;488;17462;16151;1311;313
20260512;2025;05;00;NO CLASIFICADO;00;NO CATEGORIZADO;LIMA;150000;7301;56427;97108;25.23;23.01;1.1;1.08;1.63;2674912;2573696;101216;2933192;2768389;164803;36505
20260512;2025;05;00;NO CLASIFICADO;TT;TODAS CONSOLIDADAS;LIMA;150000;7301;56427;97108;25.23;23.01;1.1;1.08;1.63;2674912;2573696;101216;2933192;2768389;164803;36505
20260512;2025;05;01;HOTEL;01;1 ESTRELLA;LIMA;150000;12;431;758;27.65;26.49;1.06;1.05;1.76;5829;5778;51;6159;6069;90;54
20260512;2025;05;01;HOTEL;02;2 ESTRELLAS;LIMA;150000;126;5657;10631;32.05;25.26;1.39;1.37;1.87;77781;74906;2875;107975;102612;5363;1145
20260512;2025;05;00;NO CLASIFICADO;00;NO CATEGORIZADO;LORETO;160000;813;6876;10648;14.12;12.07;1.97;2.08;1.69;20182;14484;5698;39832;30194;9638;690
20260512;2025;05;00;NO CLASIFICADO;TT;TODAS CONSOLIDADAS;LORETO;160000;813;6876;10648;14.12;12.07;1.97;2.08;1.69;20182;14484;5698;39832;30194;9638;690
20260512;2025;05;01;HOTEL;02;2 ESTRELLAS;LORETO;160000;10;224;394;12.6;9.79;1.52;1.52;1.54;785;735;50;1196;1119;77;44
20260512;2025;05;00;NO CLASIFICADO;00;NO CATEGORIZADO;MADRE DE DIOS;170000;346;4711;7772;25.1;21.19;1.25;1.17;1.75;40825;35104;5721;51050;41051;9999;642
20260512;2025;05;00;NO CLASIFICADO;TT;TODAS CONSOLIDADAS;MADRE DE DIOS;170000;346;4711;7772;25.1;21.19;1.25;1.17;1.75;40825;35104;5721;51050;41051;9999;642
20260512;2025;05;01;HOTEL;01;1 ESTRELLA;MADRE DE DIOS;170000;4;110;198;33.37;29.29;1.03;1.03;1.28;1741;1701;40;1798;1747;51;23
20260512;2025;05;00;NO CLASIFICADO;00;NO CATEGORIZADO;MOQUEGUA;180000;172;1772;2988;16.76;12.9;1.2;1.21;1.06;9926;9799;127;11947;11813;134;244
20260512;2025;05;00;NO CLASIFICADO;TT;TODAS CONSOLIDADAS;MOQUEGUA;180000;172;1772;2988;16.76;12.9;1.2;1.21;1.06;9926;9799;127;11947;11813;134;244
20260512;2025;05;01;HOTEL;01;1 ESTRELLA;MOQUEGUA;180000;2;52;103;12.16;10.37;1.85;1.85;0;179;179;0;331;331;0;9
20260512;2025;05;00;NO CLASIFICADO;00;NO CATEGORIZADO;PASCO;190000;407;4351;7142;14.09;11.05;1.18;1.18;1.17;20810;20732;78;24469;24378;91;767
20260512;2025;05;00;NO CLASIFICADO;TT;TODAS CONSOLIDADAS;PASCO;190000;407;4351;7142;14.09;11.05;1.18;1.18;1.17;20810;20732;78;24469;24378;91;767
20260512;2025;05;01;HOTEL;01;1 ESTRELLA;PASCO;190000;6;176;274;11.64;8.84;1;1;0;751;751;0;751;751;0;27
20260512;2025;05;00;NO CLASIFICADO;00;NO CATEGORIZADO;PIURA;200000;1164;10585;18875;16.11;13.35;1.39;1.36;2.01;56177;53414;2763;78109;72553;5556;1409
20260512;2025;05;00;NO CLASIFICADO;TT;TODAS CONSOLIDADAS;PIURA;200000;1164;10585;18875;16.11;13.35;1.39;1.36;2.01;56177;53414;2763;78109;72553;5556;1409
20260512;2025;05;01;HOTEL;01;1 ESTRELLA;PIURA;200000;2;40;87;0;0;0;0;0;0;0;0;0;0;0;0
20260512;2025;05;00;NO CLASIFICADO;00;NO CATEGORIZADO;PUNO;210000;861;7732;13056;26.4;21.42;1.76;1.78;1.3;49353;46535;2818;86693;83018;3675;1396
20260512;2025;05;00;NO CLASIFICADO;00;NO CATEGORIZADO;SAN MARTÍN;220000;885;9741;15534;22.19;18.94;1.34;1.33;1.76;68057;66807;1250;91212;89015;2197;1328
20260512;2025;05;00;NO CLASIFICADO;TT;TODAS CONSOLIDADAS;SAN MARTÍN;220000;885;9741;15534;22.19;18.94;1.34;1.33;1.76;68057;66807;1250;91212;89015;2197;1328
20260512;2025;05;01;HOTEL;01;1 ESTRELLA;SAN MARTÍN;220000;7;150;223;35.98;34.37;1.37;1.37;1.92;1732;1719;13;2376;2351;25;27
20260512;2025;05;00;NO CLASIFICADO;00;NO CATEGORIZADO;TACNA;230000;430;3965;7042;10.84;9.84;1.17;1.16;1.24;18290;14130;4160;21471;16323;5148;443
20260512;2025;05;00;NO CLASIFICADO;TT;TODAS CONSOLIDADAS;TACNA;230000;430;3965;7042;10.84;9.84;1.17;1.16;1.24;18290;14130;4160;21471;16323;5148;443
20260512;2025;05;01;HOTEL;01;1 ESTRELLA;TACNA;230000;2;82;171;10.07;8.04;1.64;1.67;1.52;259;217;42;426;362;64;9
20260512;2025;05;00;NO CLASIFICADO;00;NO CATEGORIZADO;TUMBES;240000;258;2493;4743;14.04;11.76;1.28;1.27;1.39;13558;12498;1060;17295;15826;1469;337
20260512;2025;05;00;NO CLASIFICADO;TT;TODAS CONSOLIDADAS;TUMBES;240000;258;2493;4743;14.04;11.76;1.28;1.27;1.39;13558;12498;1060;17295;15826;1469;337
20260512;2025;05;01;HOTEL;01;1 ESTRELLA;TUMBES;240000;2;47;100;0;0;0;0;0;0;0;0;0;0;0;0
20260512;2025;05;00;NO CLASIFICADO;00;NO CATEGORIZADO;UCAYALI;250000;559;5530;8578;35.88;25.58;3.31;3.35;1.91;20545;19962;583;68013;66899;1114;1017
20260512;2025;05;00;NO CLASIFICADO;TT;TODAS CONSOLIDADAS;UCAYALI;250000;559;5530;8578;35.88;25.58;3.31;3.35;1.91;20545;19962;583;68013;66899;1114;1017
20260512;2025;05;00;NO CLASIFICADO;TT;TODAS CONSOLIDADAS;AREQUIPA;040000;1279;10861;18465;22.34;18.76;1.49;1.41;1.68;71863;48707;23156;107406;68470;38936;1367
20260512;2025;05;01;HOTEL;01;1 ESTRELLA;AREQUIPA;040000;9;287;486;15.13;10.32;1.31;1.3;1.63;1184;1128;56;1555;1464;91;46
20260512;2025;05;00;NO CLASIFICADO;TT;TODAS CONSOLIDADAS;AYACUCHO;050000;628;5648;9050;13.48;11.88;1.28;1.28;1.36;25990;25702;288;33336;32944;392;667
20260512;2025;05;00;NO CLASIFICADO;TT;TODAS CONSOLIDADAS;CAJAMARCA;060000;748;6321;10098;20.96;15.97;1.4;1.39;2.07;35610;35097;513;50004;48942;1062;1153
20260512;2025;05;01;HOTEL;01;1 ESTRELLA;CAJAMARCA;060000;7;181;341;25.49;16.84;1.9;1.9;0;938;938;0;1780;1780;0;30
20260512;2025;05;01;HOTEL;02;2 ESTRELLAS;CAJAMARCA;060000;68;1853;2983;21.64;16.4;1.2;1.2;1;12629;12563;66;15167;15101;66;272
20260512;2025;05;00;NO CLASIFICADO;TT;TODAS CONSOLIDADAS;CUSCO;080000;2045;19652;34099;31.9;28.44;1.65;1.35;1.8;182012;59550;122462;300680;80550;220130;3777
20260512;2025;05;00;NO CLASIFICADO;TT;TODAS CONSOLIDADAS;PUNO;210000;861;7732;13056;26.4;21.42;1.76;1.78;1.3;49353;46535;2818;86693;83018;3675;1396
20260512;2025;05;01;HOTEL;01;1 ESTRELLA;PUNO;210000;5;127;218;22.5;19.28;1.59;1.6;1.1;817;807;10;1303;1292;11;20
20260512;2025;06;00;NO CLASIFICADO;00;NO CATEGORIZADO;AMAZONAS;010000;312;2959;4661;14.01;11.19;1.31;1.29;1.53;11942;11170;772;15641;14462;1179;554
20260512;2025;06;00;NO CLASIFICADO;TT;TODAS CONSOLIDADAS;AMAZONAS;010000;312;2959;4661;14.01;11.19;1.31;1.29;1.53;11942;11170;772;15641;14462;1179;554
20260512;2025;06;00;NO CLASIFICADO;00;NO CATEGORIZADO;ÁNCASH;020000;743;6761;11368;19.88;16.95;1.39;1.37;1.55;41598;36506;5092;57812;49933;7879;829
20260512;2025;06;00;NO CLASIFICADO;TT;TODAS CONSOLIDADAS;ÁNCASH;020000;743;6761;11368;19.88;16.95;1.39;1.37;1.55;41598;36506;5092;57812;49933;7879;829
20260512;2025;06;00;NO CLASIFICADO;00;NO CATEGORIZADO;APURÍMAC;030000;532;4604;7210;17.82;12.49;1.12;1.12;1.1;24128;24023;105;27013;26898;115;442
20260512;2025;06;00;NO CLASIFICADO;TT;TODAS CONSOLIDADAS;APURÍMAC;030000;532;4604;7210;17.82;12.49;1.12;1.12;1.1;24128;24023;105;27013;26898;115;442
20260512;2025;06;00;NO CLASIFICADO;00;NO CATEGORIZADO;AREQUIPA;040000;1279;10877;18484;19.03;15.77;1.34;1.27;1.53;65405;49375;16030;87457;62920;24537;1367
20260512;2025;06;00;NO CLASIFICADO;00;NO CATEGORIZADO;AYACUCHO;050000;628;5648;9040;14.05;11.08;1.23;1.22;1.53;24518;24152;366;30048;29488;560;668
20260512;2025;06;00;NO CLASIFICADO;TT;TODAS CONSOLIDADAS;AYACUCHO;050000;628;5648;9040;14.05;11.08;1.23;1.22;1.53;24518;24152;366;30048;29488;560;668
20260512;2025;06;00;NO CLASIFICADO;00;NO CATEGORIZADO;CAJAMARCA;060000;747;6333;10140;17.23;11.19;1.34;1.34;1.03;25442;24944;498;34036;33523;513;1147
20260512;2025;06;00;NO CLASIFICADO;TT;TODAS CONSOLIDADAS;CAJAMARCA;060000;747;6333;10140;17.23;11.19;1.34;1.34;1.03;25442;24944;498;34036;33523;513;1147
20260512;2025;06;00;NO CLASIFICADO;00;NO CATEGORIZADO;CALLAO;070000;278;3779;7104;40.27;39.37;1;1;1.05;147525;146645;880;148002;147082;920;1046
20260512;2025;06;00;NO CLASIFICADO;TT;TODAS CONSOLIDADAS;CALLAO;070000;278;3779;7104;40.27;39.37;1;1;1.05;147525;146645;880;148002;147082;920;1046
20260512;2025;06;00;NO CLASIFICADO;00;NO CATEGORIZADO;CUSCO;080000;2044;19654;34172;31.44;28.69;1.64;1.41;1.73;179833;54697;125136;294156;77257;216899;3813
20260512;2025;06;00;NO CLASIFICADO;TT;TODAS CONSOLIDADAS;CUSCO;080000;2044;19654;34172;31.44;28.69;1.64;1.41;1.73;179833;54697;125136;294156;77257;216899;3813
20260512;2025;06;00;NO CLASIFICADO;00;NO CATEGORIZADO;HUANCAVELICA;090000;242;2582;3986;16.53;13.8;1.17;1.17;1.36;14095;14003;92;16502;16377;125;292
20260512;2025;06;00;NO CLASIFICADO;TT;TODAS CONSOLIDADAS;HUANCAVELICA;090000;242;2582;3986;16.53;13.8;1.17;1.17;1.36;14095;14003;92;16502;16377;125;292
20260512;2025;06;00;NO CLASIFICADO;00;NO CATEGORIZADO;HUÁNUCO;100000;522;5316;7919;19.56;16.57;1.15;1.15;1.41;34236;34098;138;39373;39179;194;648
20260512;2025;06;00;NO CLASIFICADO;TT;TODAS CONSOLIDADAS;HUÁNUCO;100000;522;5316;7919;19.56;16.57;1.15;1.15;1.41;34236;34098;138;39373;39179;194;648
20260512;2025;06;00;NO CLASIFICADO;00;NO CATEGORIZADO;ICA;110000;838;8408;13888;18.75;13.32;1.09;1.07;1.14;50924;36246;14678;55485;38764;16721;1108
20260512;2025;06;00;NO CLASIFICADO;TT;TODAS CONSOLIDADAS;ICA;110000;838;8408;13888;18.75;13.32;1.09;1.07;1.14;50924;36246;14678;55485;38764;16721;1108
20260512;2025;06;00;NO CLASIFICADO;00;NO CATEGORIZADO;JUNÍN;120000;1551;15724;25819;25.13;17.69;1.16;1.16;1.71;118210;117858;352;137048;136447;601;2839
20260512;2025;06;00;NO CLASIFICADO;00;NO CATEGORIZADO;LA LIBERTAD;130000;1023;7610;12743;16.14;14.48;1.47;1.42;2.16;37613;34991;2622;55343;49681;5662;715
20260512;2025;06;00;NO CLASIFICADO;00;NO CATEGORIZADO;LAMBAYEQUE;140000;442;4551;6714;15.94;13.08;1.05;1.05;1.02;25203;25001;202;26355;26149;206;581
20260512;2025;06;00;NO CLASIFICADO;TT;TODAS CONSOLIDADAS;LAMBAYEQUE;140000;442;4551;6714;15.94;13.08;1.05;1.05;1.02;25203;25001;202;26355;26149;206;581
20260512;2025;06;00;NO CLASIFICADO;00;NO CATEGORIZADO;LIMA;150000;7299;56374;96987;23.18;21.69;1.1;1.08;1.48;2412634;2314538;98096;2654508;2509094;145414;36495
20260512;2025;06;00;NO CLASIFICADO;TT;TODAS CONSOLIDADAS;LIMA;150000;7299;56374;96987;23.18;21.69;1.1;1.08;1.48;2412634;2314538;98096;2654508;2509094;145414;36495
20260512;2025;06;00;NO CLASIFICADO;00;NO CATEGORIZADO;LORETO;160000;814;6884;10666;14.55;12.43;1.91;1.95;1.81;20787;15316;5471;39767;29848;9919;690
20260512;2025;06;00;NO CLASIFICADO;TT;TODAS CONSOLIDADAS;LORETO;160000;814;6884;10666;14.55;12.43;1.91;1.95;1.81;20787;15316;5471;39767;29848;9919;690
20260512;2025;06;00;NO CLASIFICADO;00;NO CATEGORIZADO;MADRE DE DIOS;170000;346;4679;7727;21.75;18.34;1.22;1.15;1.68;34983;30456;4527;42525;34937;7588;644
20260512;2025;06;00;NO CLASIFICADO;TT;TODAS CONSOLIDADAS;MADRE DE DIOS;170000;346;4679;7727;21.75;18.34;1.22;1.15;1.68;34983;30456;4527;42525;34937;7588;644
20260512;2025;06;00;NO CLASIFICADO;00;NO CATEGORIZADO;MOQUEGUA;180000;173;1786;3025;16.91;12.07;1.14;1.14;1.19;9638;9607;31;10950;10913;37;251
20260512;2025;06;00;NO CLASIFICADO;TT;TODAS CONSOLIDADAS;MOQUEGUA;180000;173;1786;3025;16.91;12.07;1.14;1.14;1.19;9638;9607;31;10950;10913;37;251
20260512;2025;06;00;NO CLASIFICADO;00;NO CATEGORIZADO;PASCO;190000;408;4350;7130;16.49;12.42;1.18;1.18;1.26;22526;22400;126;26571;26412;159;763
20260512;2025;06;00;NO CLASIFICADO;TT;TODAS CONSOLIDADAS;PASCO;190000;408;4350;7130;16.49;12.42;1.18;1.18;1.26;22526;22400;126;26571;26412;159;763
20260512;2025;06;00;NO CLASIFICADO;00;NO CATEGORIZADO;PIURA;200000;1164;10590;18880;16.63;13.46;1.39;1.35;2.08;54991;52067;2924;76217;70122;6095;1396
20260512;2025;06;00;NO CLASIFICADO;TT;TODAS CONSOLIDADAS;PIURA;200000;1164;10590;18880;16.63;13.46;1.39;1.35;2.08;54991;52067;2924;76217;70122;6095;1396
20260512;2025;06;00;NO CLASIFICADO;00;NO CATEGORIZADO;PUNO;210000;863;7718;13012;25.67;20.41;1.69;1.7;1.39;47229;45047;2182;79689;76646;3043;1398
20260512;2025;06;00;NO CLASIFICADO;TT;TODAS CONSOLIDADAS;PUNO;210000;863;7718;13012;25.67;20.41;1.69;1.7;1.39;47229;45047;2182;79689;76646;3043;1398
20260512;2025;06;00;NO CLASIFICADO;00;NO CATEGORIZADO;SAN MARTÍN;220000;884;9728;15502;23.9;20.5;1.33;1.32;2.03;71568;69936;1632;95354;92045;3309;1327
20260512;2025;06;00;NO CLASIFICADO;TT;TODAS CONSOLIDADAS;SAN MARTÍN;220000;884;9728;15502;23.9;20.5;1.33;1.32;2.03;71568;69936;1632;95354;92045;3309;1327
20260512;2025;06;00;NO CLASIFICADO;00;NO CATEGORIZADO;TACNA;230000;432;3912;6950;12.22;10.39;1.28;1.23;1.42;16966;12645;4321;21657;15533;6124;444
20260512;2025;06;00;NO CLASIFICADO;00;NO CATEGORIZADO;TUMBES;240000;258;2485;4728;12.56;10.79;1.31;1.26;1.73;11669;10489;1180;15301;13262;2039;337
20260512;2025;06;00;NO CLASIFICADO;TT;TODAS CONSOLIDADAS;TUMBES;240000;258;2485;4728;12.56;10.79;1.31;1.26;1.73;11669;10489;1180;15301;13262;2039;337
20260512;2025;06;00;NO CLASIFICADO;00;NO CATEGORIZADO;UCAYALI;250000;559;5536;8590;26.19;26.69;3.37;3.4;1.69;20394;20059;335;68782;68215;567;1017
20260512;2025;06;00;NO CLASIFICADO;TT;TODAS CONSOLIDADAS;UCAYALI;250000;559;5536;8590;26.19;26.69;3.37;3.4;1.69;20394;20059;335;68782;68215;567;1017
20260512;2025;06;00;NO CLASIFICADO;TT;TODAS CONSOLIDADAS;AREQUIPA;040000;1279;10877;18484;19.03;15.77;1.34;1.27;1.53;65405;49375;16030;87457;62920;24537;1367
20260512;2025;06;00;NO CLASIFICADO;TT;TODAS CONSOLIDADAS;JUNÍN;120000;1551;15724;25819;25.13;17.69;1.16;1.16;1.71;118210;117858;352;137048;136447;601;2839
20260512;2025;06;00;NO CLASIFICADO;TT;TODAS CONSOLIDADAS;LA LIBERTAD;130000;1023;7610;12743;16.14;14.48;1.47;1.42;2.16;37613;34991;2622;55343;49681;5662;715
20260512;2025;06;00;NO CLASIFICADO;TT;TODAS CONSOLIDADAS;TACNA;230000;432;3912;6950;12.22;10.39;1.28;1.23;1.42;16966;12645;4321;21657;15533;6124;444
20260512;2025;01;01;HOTEL;03;3 ESTRELLAS;MOQUEGUA;180000;13;402;659;34.51;27.04;1.74;1.72;2.08;3181;2998;183;5525;5144;381;90
20260512;2025;01;01;HOTEL;04;4 ESTRELLAS;AREQUIPA;040000;11;558;1055;22.67;20.78;1.92;1.97;1.87;3538;1792;1746;6795;3538;3257;263
20260512;2025;02;01;HOTEL;02;2 ESTRELLAS;PUNO;210000;31;744;1283;21.12;15.42;1.3;1.28;1.68;4253;3998;255;5540;5111;429;108
20260512;2025;02;01;HOTEL;05;5 ESTRELLAS;PUNO;210000;1;123;231;39.69;55.41;1.47;1.37;1.53;2431;833;1598;3584;1140;2444;32
20260512;2025;03;01;HOTEL;02;2 ESTRELLAS;ICA;110000;54;1517;2672;21.37;15.67;1.02;1.02;1.07;12678;12366;312;12977;12643;334;223
20260512;2025;03;01;HOTEL;03;3 ESTRELLAS;ICA;110000;70;2484;4758;31.46;24.44;1.32;1.34;1.27;27206;20831;6375;36044;27963;8081;627
20260512;2025;03;01;HOTEL;04;4 ESTRELLAS;ICA;110000;8;739;1560;39.58;37.03;1.59;1.73;1.33;11259;7356;3903;17906;12721;5185;358
20260512;2025;03;01;HOTEL;02;2 ESTRELLAS;LA LIBERTAD;130000;20;492;897;32.08;25.5;1.57;1.58;1.52;4520;3616;904;7091;5720;1371;100
20260512;2025;03;01;HOTEL;03;3 ESTRELLAS;PASCO;190000;4;96;155;34.41;28.18;1.25;1.25;0;1083;1083;0;1354;1354;0;12
20260512;2025;04;01;HOTEL;01;1 ESTRELLA;CUSCO;080000;4;118;193;13.33;14.66;1.13;1.13;1.22;749;731;18;849;827;22;19
20260512;2025;04;01;HOTEL;03;3 ESTRELLAS;CUSCO;080000;100;3900;7617;49.52;44.64;1.7;1.59;1.72;60055;8600;51455;102007;13660;88347;1271
20260512;2025;04;01;HOTEL;02;2 ESTRELLAS;LORETO;160000;10;224;394;17.69;13.72;1.78;1.76;1.96;910;791;119;1622;1389;233;47
20260512;2025;04;01;HOTEL;05;5 ESTRELLAS;LORETO;160000;1;60;91;47.89;46.67;1.45;1.49;1.4;881;450;431;1274;671;603;54
20260512;2025;04;01;HOTEL;04;4 ESTRELLAS;CAJAMARCA;060000;4;217;382;44.88;38.8;1.86;1.82;2.21;2387;2144;243;4447;3910;537;155
20260512;2025;04;01;HOTEL;TT;TODAS CONSOLIDADAS;LAMBAYEQUE;140000;115;3784;6065;23.51;20.18;1.35;1.3;2.05;27178;25421;1757;36715;33110;3605;826
20260512;2025;05;01;HOTEL;02;2 ESTRELLAS;MOQUEGUA;180000;23;567;961;28.46;21.31;2.27;2.17;2.93;2801;2446;355;6348;5309;1039;121
20260512;2025;05;01;HOTEL;02;2 ESTRELLAS;PASCO;190000;6;185;359;33.43;23.36;1.72;1.72;2;1509;1497;12;2600;2576;24;37
20260512;2025;05;01;HOTEL;02;2 ESTRELLAS;PIURA;200000;17;421;680;16.11;11.67;1.61;1.61;1.65;1528;1463;65;2460;2353;107;75
20260512;2025;05;01;HOTEL;02;2 ESTRELLAS;PUNO;210000;31;733;1272;19.37;13.61;1.23;1.17;1.6;4371;3777;594;5367;4415;952;117
20260512;2025;05;01;HOTEL;02;2 ESTRELLAS;SAN MARTÍN;220000;30;843;1485;33.99;28.86;1.77;1.75;2.33;7514;7247;267;13285;12663;622;210
20260512;2025;05;01;HOTEL;02;2 ESTRELLAS;TACNA;230000;33;948;1840;28.75;22.83;1.49;1.51;1.47;8724;4997;3727;13020;7528;5492;180
20260512;2025;05;01;HOTEL;02;2 ESTRELLAS;TUMBES;240000;6;171;306;27.94;16.97;1.26;1.26;1.31;1281;1252;29;1610;1572;38;40
20260512;2025;05;01;HOTEL;02;2 ESTRELLAS;UCAYALI;250000;1;33;63;7.92;6.76;1.74;1.76;1.56;76;67;9;132;118;14;5
20260512;2025;05;01;HOTEL;03;3 ESTRELLAS;AMAZONAS;010000;19;471;782;25.24;20.33;1.3;1.23;2.05;3790;3471;319;4929;4275;654;110
20260512;2025;05;01;HOTEL;03;3 ESTRELLAS;ÁNCASH;020000;44;1468;2608;28.49;21.27;1.62;1.5;2.29;10643;9111;1532;17196;13681;3515;356
20260512;2025;05;01;HOTEL;03;3 ESTRELLAS;APURÍMAC;030000;7;237;405;54.84;42.59;1.71;1.77;1.38;3122;2677;445;5347;4733;614;56
20260512;2025;05;01;HOTEL;03;3 ESTRELLAS;AREQUIPA;040000;76;2216;4130;37.6;30.9;1.73;1.96;1.55;22911;9696;13215;39564;19032;20532;661
20260512;2025;05;01;HOTEL;03;3 ESTRELLAS;AYACUCHO;050000;8;257;442;16.72;17.24;1.82;1.81;1.9;1297;1158;139;2362;2098;264;73
20260512;2025;05;01;HOTEL;03;3 ESTRELLAS;CAJAMARCA;060000;74;2376;4062;17.35;11.52;1.38;1.38;1.36;10526;9900;626;14504;13651;853;437
20260512;2025;05;01;HOTEL;03;3 ESTRELLAS;CALLAO;070000;4;233;391;35.03;34.59;1.36;1.27;1.53;3079;1968;1111;4193;2497;1696;54
20260512;2025;05;01;HOTEL;03;3 ESTRELLAS;CUSCO;080000;101;3957;7686;51.52;46.36;1.69;1.6;1.71;65282;9640;55642;110452;15410;95042;1291
20260512;2025;05;01;HOTEL;03;3 ESTRELLAS;HUANCAVELICA;090000;2;65;108;10.12;6.66;1.31;1.31;1.5;170;168;2;223;220;3;10
20260512;2025;05;01;HOTEL;03;3 ESTRELLAS;HUÁNUCO;100000;18;805;1277;22.56;19.43;1.48;1.47;1.67;5202;4999;203;7690;7352;338;161
20260512;2025;05;01;HOTEL;03;3 ESTRELLAS;ICA;110000;71;2517;4827;29.81;25.11;1.47;1.4;1.62;25502;16831;8671;37575;23516;14059;616
20260512;2025;05;01;HOTEL;03;3 ESTRELLAS;LA LIBERTAD;130000;72;2133;4013;34.05;25.34;1.94;1.9;2.38;16288;14988;1300;31526;28433;3093;539
20260512;2025;05;01;HOTEL;03;3 ESTRELLAS;LAMBAYEQUE;140000;36;1126;1926;28.72;22.13;1.39;1.38;1.71;9476;9020;456;13213;12431;782;227
20260512;2025;05;01;HOTEL;03;3 ESTRELLAS;LIMA;150000;167;8337;15928;48.74;41.21;1.71;1.45;2.06;118812;67710;51102;203490;98313;105177;1956
20260512;2025;05;01;HOTEL;03;3 ESTRELLAS;LORETO;160000;28;805;1387;29.77;24.9;2.15;2.19;2.06;4973;3642;1331;10705;7968;2737;211
20260512;2025;05;01;HOTEL;03;3 ESTRELLAS;MADRE DE DIOS;170000;6;220;427;42.1;42.52;1.76;1.75;1.78;3200;2108;1092;5629;3688;1941;63
20260512;2025;05;01;HOTEL;03;3 ESTRELLAS;MOQUEGUA;180000;13;402;659;49.02;38.3;2.33;2.34;2.24;3355;3162;193;7825;7392;433;81
20260512;2025;05;01;HOTEL;03;3 ESTRELLAS;PASCO;190000;4;96;155;36.96;29.01;1.18;1.17;3;1182;1179;3;1394;1385;9;17
20260512;2025;05;01;HOTEL;03;3 ESTRELLAS;PIURA;200000;19;665;1158;39.2;30.21;1.83;1.78;2.24;5923;5304;619;10846;9462;1384;253
20260512;2025;05;01;HOTEL;03;3 ESTRELLAS;PUNO;210000;27;865;1682;44.87;38.14;1.49;1.48;1.5;13323;3214;10109;19886;4761;15125;207
20260512;2025;05;01;HOTEL;03;3 ESTRELLAS;SAN MARTÍN;220000;29;1020;1834;28.96;24.39;1.78;1.75;2.46;7780;7403;377;13867;12938;929;263
20260512;2025;05;01;HOTEL;03;3 ESTRELLAS;TACNA;230000;12;485;1649;30.02;10.88;1.73;1.82;1.66;3206;1493;1713;5561;2718;2843;109
20260512;2025;05;01;HOTEL;03;3 ESTRELLAS;TUMBES;240000;7;245;490;45.31;48.89;2.96;2.97;2.9;2506;2192;314;7427;6516;911;116
20260512;2025;05;01;HOTEL;03;3 ESTRELLAS;UCAYALI;250000;16;571;956;30.98;23.77;2.1;2.11;2;3355;3105;250;7043;6544;499;136
20260512;2025;05;01;HOTEL;04;4 ESTRELLAS;APURÍMAC;030000;1;32;56;20.67;11.81;1.64;1.61;2;125;115;10;205;185;20;13
20260512;2025;05;01;HOTEL;04;4 ESTRELLAS;AREQUIPA;040000;11;604;1131;47.96;42.43;1.83;2.02;1.73;8121;2853;5268;14877;5767;9110;262
20260512;2025;05;01;HOTEL;04;4 ESTRELLAS;CAJAMARCA;060000;4;217;382;47.57;44.98;1.92;1.92;1.89;2777;2528;249;5326;4855;471;155
20260512;2025;05;01;HOTEL;04;4 ESTRELLAS;CALLAO;070000;2;371;614;101.89;91.09;1.3;1.36;1.29;13376;1404;11972;17338;1904;15434;130
20260512;2025;05;01;HOTEL;04;4 ESTRELLAS;CUSCO;080000;22;1685;3291;80.66;72.65;1.67;1.58;1.68;44427;3584;40843;74123;5668;68455;1021
20260512;2025;05;01;HOTEL;04;4 ESTRELLAS;HUÁNUCO;100000;1;60;101;52.1;41.65;1.68;1.71;1.19;775;728;47;1304;1248;56;27
20260512;2025;05;01;HOTEL;04;4 ESTRELLAS;ICA;110000;8;739;1562;39.02;38.05;1.65;1.84;1.31;11165;7146;4019;18426;13154;5272;351
20260512;2025;05;01;HOTEL;04;4 ESTRELLAS;JUNÍN;120000;1;40;66;20.65;19.4;1.49;1.34;2.67;266;236;30;397;317;80;22
20260512;2025;05;01;HOTEL;04;4 ESTRELLAS;LA LIBERTAD;130000;4;318;600;66.26;47.83;2.3;2.24;2.57;3864;3135;729;8896;7023;1873;126
20260512;2025;05;01;HOTEL;04;4 ESTRELLAS;LAMBAYEQUE;140000;4;329;597;73.27;58.83;1.49;1.44;1.77;7293;6177;1116;10888;8914;1974;285
20260512;2025;05;01;HOTEL;04;4 ESTRELLAS;LIMA;150000;45;4354;7855;55.1;51.2;1.96;1.51;2.24;63644;24503;39141;124681;36898;87783;1802
20260512;2025;05;01;HOTEL;04;4 ESTRELLAS;LORETO;160000;3;148;219;31.12;30.62;1.94;2.07;1.7;1070;700;370;2079;1450;629;97
20260512;2025;05;01;HOTEL;04;4 ESTRELLAS;MOQUEGUA;180000;2;123;234;43.72;27.76;2.12;2.13;2.08;949;802;147;2014;1708;306;62
20260512;2025;05;01;HOTEL;04;4 ESTRELLAS;PIURA;200000;5;471;843;28.16;23.1;1.75;1.71;1.92;3449;2771;678;6036;4736;1300;164
20260512;2025;05;01;HOTEL;04;4 ESTRELLAS;PUNO;210000;8;508;961;58.05;53.12;1.69;1.71;1.69;9362;831;8531;15824;1418;14406;201
20260512;2025;05;01;HOTEL;04;4 ESTRELLAS;SAN MARTÍN;220000;1;58;90;35.93;36.16;1.85;1.85;0;545;545;0;1009;1009;0;20
20260512;2025;05;01;HOTEL;04;4 ESTRELLAS;TACNA;230000;2;200;391;44.05;36.84;1.81;1.83;1.8;2463;1028;1435;4465;1878;2587;66
20260512;2025;05;01;HOTEL;04;4 ESTRELLAS;TUMBES;240000;5;265;520;35.87;37.26;2.1;2.28;1.69;2855;2000;855;6006;4565;1441;160
20260512;2025;05;01;HOTEL;04;4 ESTRELLAS;UCAYALI;250000;5;295;527;46.47;36.82;2.23;2.25;2.15;2701;2078;623;6015;4677;1338;117
20260512;2025;05;01;HOTEL;05;5 ESTRELLAS;AREQUIPA;040000;3;241;352;64.19;68.08;2.06;2.12;2;3612;1681;1931;7429;3562;3867;180
20260512;2025;05;01;HOTEL;05;5 ESTRELLAS;CUSCO;080000;15;1281;2481;78.68;74.48;1.68;1.78;1.67;34197;2499;31698;57282;4446;52836;1402
20260512;2025;05;01;HOTEL;05;5 ESTRELLAS;ICA;110000;5;546;1316;41.55;37.59;1.74;1.79;1.64;8804;5936;2868;15334;10638;4696;616
20260512;2025;05;01;HOTEL;05;5 ESTRELLAS;LA LIBERTAD;130000;2;267;470;41.6;35.17;1.78;1.68;2.16;2884;2309;575;5124;3884;1240;192
20260512;2025;05;01;HOTEL;05;5 ESTRELLAS;LIMA;150000;28;5128;9205;56.3;44.9;2.32;1.64;2.53;55226;12880;42346;128117;21131;106986;3916
20260512;2025;05;01;HOTEL;05;5 ESTRELLAS;LORETO;160000;1;60;91;64.68;69.8;1.68;1.71;1.66;1171;539;632;1969;923;1046;54
20260512;2025;05;01;HOTEL;05;5 ESTRELLAS;PIURA;200000;1;83;166;56.16;43.35;1.66;1.59;1.96;1340;1061;279;2231;1683;548;82
20260512;2025;05;01;HOTEL;05;5 ESTRELLAS;PUNO;210000;1;123;231;71.7;95.36;1.42;1.59;1.41;4817;331;4486;6829;525;6304;38
20260512;2025;05;01;HOTEL;05;5 ESTRELLAS;SAN MARTÍN;220000;1;50;108;43.42;62.04;2.31;2.31;2.34;898;857;41;2077;1981;96;61
20260512;2025;05;01;HOTEL;05;5 ESTRELLAS;UCAYALI;250000;2;162;298;47.09;36.6;2.21;2.23;2.13;1529;1237;292;3381;2758;623;72
20260512;2025;05;01;HOTEL;TT;TODAS CONSOLIDADAS;AMAZONAS;010000;61;1590;2586;24.1;18.91;1.46;1.44;2.02;10404;10013;391;15159;14370;789;282
20260512;2025;05;01;HOTEL;TT;TODAS CONSOLIDADAS;ÁNCASH;020000;121;3578;6340;22.93;17.71;1.54;1.48;2.15;22600;20723;1877;34808;30764;4044;678
20260512;2025;05;01;HOTEL;TT;TODAS CONSOLIDADAS;APURÍMAC;030000;17;634;1074;36.15;27.61;1.4;1.4;1.39;6580;6102;478;9193;8530;663;106
20260512;2025;05;01;HOTEL;TT;TODAS CONSOLIDADAS;AREQUIPA;040000;142;4577;8263;34.25;29.17;1.69;1.75;1.64;44121;22720;21401;74731;39724;35007;1346
20260512;2025;05;01;HOTEL;TT;TODAS CONSOLIDADAS;AYACUCHO;050000;25;826;1462;15.53;15.68;1.67;1.66;1.76;4261;4056;205;7107;6747;360;166
20260512;2025;05;01;HOTEL;TT;TODAS CONSOLIDADAS;CAJAMARCA;060000;153;4627;7768;20.8;15.27;1.37;1.36;1.48;26870;25929;941;36777;35387;1390;894
20260512;2025;05;01;HOTEL;TT;TODAS CONSOLIDADAS;CALLAO;070000;7;644;1072;72.53;66.05;1.31;1.3;1.31;16793;3432;13361;21950;4462;17488;190
20260512;2025;05;01;HOTEL;TT;TODAS CONSOLIDADAS;CUSCO;080000;194;8362;16123;57.71;53.11;1.68;1.56;1.7;158036;21067;136969;265452;32762;232690;4163
20260512;2025;05;01;HOTEL;TT;TODAS CONSOLIDADAS;HUANCAVELICA;090000;3;87;153;7.56;4.7;1.31;1.31;1.5;170;168;2;223;220;3;10
20260512;2025;05;01;HOTEL;TT;TODAS CONSOLIDADAS;HUÁNUCO;100000;86;2871;4549;29.21;22.41;1.31;1.31;1.51;24237;23930;307;31807;31342;464;513
20260512;2025;05;01;HOTEL;TT;TODAS CONSOLIDADAS;ICA;110000;148;5609;10912;28.24;24.88;1.46;1.43;1.53;57601;41519;16082;84153;59557;24596;1843
20260512;2025;05;01;HOTEL;TT;TODAS CONSOLIDADAS;JUNÍN;120000;55;1900;3573;21.67;15.79;1.47;1.47;1.53;11881;11636;245;17486;17112;374;400
20260512;2025;05;01;HOTEL;TT;TODAS CONSOLIDADAS;LA LIBERTAD;130000;102;3319;6182;36.55;26.73;1.98;1.92;2.29;25910;22071;3839;51225;42416;8809;974
20260512;2025;05;01;HOTEL;TT;TODAS CONSOLIDADAS;LAMBAYEQUE;140000;115;3793;6091;25.52;22.04;1.34;1.29;1.97;31124;29064;2060;41615;37548;4067;839
20260512;2025;05;01;HOTEL;TT;TODAS CONSOLIDADAS;LIMA;150000;378;23907;44377;49.57;41.53;1.85;1.45;2.26;345860;176631;169229;639026;256833;382193;10356
20260512;2025;05;01;HOTEL;TT;TODAS CONSOLIDADAS;LORETO;160000;42;1237;2091;28.51;24.6;1.99;2.04;1.88;7999;5616;2383;15949;11460;4489;406
20260512;2025;05;01;HOTEL;TT;TODAS CONSOLIDADAS;MADRE DE DIOS;170000;20;645;1153;42.01;37.58;1.43;1.39;1.65;9368;7814;1554;13434;10872;2562;139
20260512;2025;05;01;HOTEL;TT;TODAS CONSOLIDADAS;MOQUEGUA;180000;40;1144;1957;36.58;27.23;2.27;2.24;2.56;7284;6589;695;16518;14740;1778;273
20260512;2025;05;01;HOTEL;TT;TODAS CONSOLIDADAS;PASCO;190000;16;457;788;25.78;19.42;1.38;1.37;2.2;3442;3427;15;4745;4712;33;81
20260512;2025;05;01;HOTEL;TT;TODAS CONSOLIDADAS;PIURA;200000;44;1680;2934;30.22;23.72;1.76;1.72;2.03;12240;10599;1641;21573;18234;3339;574
20260512;2025;05;01;HOTEL;TT;TODAS CONSOLIDADAS;PUNO;210000;72;2356;4364;39.97;36.37;1.51;1.39;1.55;32690;8960;23730;49209;12411;36798;583
20260512;2025;05;01;HOTEL;TT;TODAS CONSOLIDADAS;SAN MARTÍN;220000;68;2121;3740;31.99;28.13;1.77;1.74;2.4;18469;17771;698;32614;30942;1672;581
20260512;2025;05;01;HOTEL;TT;TODAS CONSOLIDADAS;TACNA;230000;49;1715;4051;30;18.69;1.6;1.61;1.59;14652;7735;6917;23472;12486;10986;364
20260512;2025;05;01;HOTEL;TT;TODAS CONSOLIDADAS;TUMBES;240000;20;728;1416;34.87;34.27;2.26;2.32;1.99;6642;5444;1198;15043;12653;2390;316
20260512;2025;05;01;HOTEL;TT;TODAS CONSOLIDADAS;UCAYALI;250000;24;1061;1844;37.03;28.99;2.16;2.17;2.11;7661;6487;1174;16571;14097;2474;330
20260512;2025;06;01;HOTEL;01;1 ESTRELLA;AMAZONAS;010000;1;20;24;0;0;0;0;0;0;0;0;0;0;0;0
20260512;2025;06;01;HOTEL;01;1 ESTRELLA;ÁNCASH;020000;14;405;635;28.04;24.68;1.57;1.56;1.84;2990;2866;124;4702;4474;228;59
20260512;2025;06;01;HOTEL;01;1 ESTRELLA;APURÍMAC;030000;2;77;119;47.97;33.14;1.08;1.08;0;1099;1099;0;1183;1183;0;9
20260512;2025;06;01;HOTEL;01;1 ESTRELLA;AREQUIPA;040000;9;287;486;15.28;10.22;1.4;1.38;1.64;1064;974;90;1490;1342;148;46
20260512;2025;06;01;HOTEL;01;1 ESTRELLA;AYACUCHO;050000;8;208;380;9.57;9.69;1.63;1.65;1.21;679;637;42;1105;1054;51;41
20260512;2025;06;01;HOTEL;01;1 ESTRELLA;CAJAMARCA;060000;7;181;341;13.66;9.66;1.04;1.04;0;947;947;0;988;988;0;29
20260512;2025;06;01;HOTEL;01;1 ESTRELLA;CUSCO;080000;5;142;237;10.63;10.76;1.38;1.38;0;555;555;0;765;765;0;23
20260512;2025;06;01;HOTEL;01;1 ESTRELLA;HUÁNUCO;100000;10;281;418;35.71;27.28;1.05;1.05;0;3408;3408;0;3582;3582;0;43
20260512;2025;06;01;HOTEL;01;1 ESTRELLA;ICA;110000;9;266;493;8.18;7.97;1;1;1;1179;997;182;1179;997;182;36
20260512;2025;06;01;HOTEL;01;1 ESTRELLA;JUNÍN;120000;5;221;475;17.86;11.21;1.51;1.51;1.2;1057;1052;5;1597;1591;6;22
20260512;2025;06;01;HOTEL;01;1 ESTRELLA;LA LIBERTAD;130000;4;109;202;12.97;8.63;1;1;1;523;520;3;523;520;3;17
20260512;2025;06;01;HOTEL;01;1 ESTRELLA;LAMBAYEQUE;140000;3;83;90;1.73;1.41;1;1;0;38;38;0;38;38;0;14
20260512;2025;06;01;HOTEL;01;1 ESTRELLA;LIMA;150000;12;431;758;22.26;20.81;1.05;1.05;1;4458;4422;36;4683;4647;36;54
20260512;2025;06;01;HOTEL;01;1 ESTRELLA;MADRE DE DIOS;170000;4;110;198;27.52;25.88;1.04;1.04;1;1478;1450;28;1537;1509;28;22
20260512;2025;06;01;HOTEL;01;1 ESTRELLA;MOQUEGUA;180000;2;52;103;12.37;6.57;1.41;1.43;1.21;144;130;14;203;186;17;9
20260512;2025;06;01;HOTEL;01;1 ESTRELLA;PASCO;190000;6;176;282;13.37;9.72;1;1;0;822;822;0;822;822;0;27
20260512;2025;06;01;HOTEL;01;1 ESTRELLA;PIURA;200000;2;40;87;0;0;0;0;0;0;0;0;0;0;0;0
20260512;2025;06;01;HOTEL;01;1 ESTRELLA;PUNO;210000;5;127;218;27.64;23.84;1.68;1.69;1.13;929;914;15;1559;1542;17;20
20260512;2025;06;01;HOTEL;01;1 ESTRELLA;SAN MARTÍN;220000;7;150;223;36.42;35.7;1.64;1.64;1;1459;1450;9;2388;2379;9;27
20260512;2025;06;01;HOTEL;01;1 ESTRELLA;TACNA;230000;2;82;171;6.42;4.99;1.36;1.34;1.39;188;122;66;256;164;92;9
20260512;2025;06;01;HOTEL;01;1 ESTRELLA;TUMBES;240000;2;47;100;0;0;0;0;0;0;0;0;0;0;0;0
20260512;2025;06;01;HOTEL;02;2 ESTRELLAS;AMAZONAS;010000;41;1124;1814;18.22;14.79;1.24;1.24;1.4;6485;6442;43;8049;7989;60;176
20260512;2025;06;01;HOTEL;02;2 ESTRELLAS;ÁNCASH;020000;64;1725;3133;18.9;15.12;1.56;1.57;1.43;9082;8741;341;14207;13718;489;267
20260512;2025;06;01;HOTEL;02;2 ESTRELLAS;APURÍMAC;030000;7;288;494;23.87;18.45;1.11;1.11;1.15;2473;2453;20;2735;2712;23;28
20260512;2025;06;01;HOTEL;02;2 ESTRELLAS;AREQUIPA;040000;43;1229;2164;19.03;15.23;1.33;1.32;1.38;7446;6772;674;9889;8957;932;197
20260512;2025;06;01;HOTEL;02;2 ESTRELLAS;AYACUCHO;050000;9;361;640;18.4;15.92;1.83;1.83;1.89;1671;1614;57;3056;2948;108;53
20260512;2025;06;01;HOTEL;02;2 ESTRELLAS;CAJAMARCA;060000;68;1849;2981;25.14;18.32;1.2;1.2;1.03;13652;13556;96;16382;16283;99;270
20260512;2025;06;01;HOTEL;02;2 ESTRELLAS;CUSCO;080000;53;1351;2485;30.57;30.17;1.8;1.46;1.99;12492;4490;8002;22493;6553;15940;434
20260512;2025;06;01;HOTEL;02;2 ESTRELLAS;HUANCAVELICA;090000;1;22;45;0;0;0;0;0;0;0;0;0;0;0;0
20260512;2025;06;01;HOTEL;02;2 ESTRELLAS;HUÁNUCO;100000;58;1754;2790;33.66;25.45;1.19;1.19;1.32;17863;17781;82;21298;21190;108;290
20260512;2025;06;01;HOTEL;02;2 ESTRELLAS;ICA;110000;55;1542;2715;16.33;9.97;1.06;1.06;1.03;7668;7572;96;8124;8025;99;228
20260512;2025;06;01;HOTEL;02;2 ESTRELLAS;JUNÍN;120000;29;843;1521;23.89;17.03;1.32;1.32;1.33;5868;5767;101;7771;7637;134;133
20260512;2025;06;01;HOTEL;02;2 ESTRELLAS;LA LIBERTAD;130000;19;468;827;20.87;17.3;1.68;1.72;1.47;2560;2130;430;4291;3660;631;96
20260512;2025;06;01;HOTEL;02;2 ESTRELLAS;LAMBAYEQUE;140000;73;2301;3586;17.02;15.55;1.23;1.18;2.68;13580;13078;502;16724;15378;1346;316
20260512;2025;06;01;HOTEL;02;2 ESTRELLAS;LIMA;150000;127;5716;10749;32.75;25.79;1.32;1.31;1.67;81312;78266;3046;107685;102596;5089;1159
20260512;2025;06;01;HOTEL;02;2 ESTRELLAS;LORETO;160000;10;224;394;12.31;11.03;1.65;1.56;2.55;789;712;77;1304;1108;196;50
20260512;2025;06;01;HOTEL;02;2 ESTRELLAS;MADRE DE DIOS;170000;10;280;471;41.58;31.24;1.22;1.17;1.81;3623;3370;253;4414;3955;459;54
20260512;2025;06;01;HOTEL;02;2 ESTRELLAS;MOQUEGUA;180000;24;587;999;27.72;20.53;2.02;2;2.21;3046;2747;299;6152;5491;661;124
20260512;2025;06;01;HOTEL;02;2 ESTRELLAS;PASCO;190000;6;185;359;34.49;22.67;1.44;1.44;1.82;1691;1669;22;2442;2402;40;37
20260512;2025;06;01;HOTEL;02;2 ESTRELLAS;PIURA;200000;17;421;680;17.36;12.64;1.64;1.65;1.46;1568;1514;54;2579;2500;79;76
20260512;2025;06;01;HOTEL;02;2 ESTRELLAS;PUNO;210000;31;733;1272;18.14;13.07;1.22;1.17;1.69;4086;3671;415;4989;4288;701;115
20260512;2025;06;01;HOTEL;02;2 ESTRELLAS;SAN MARTÍN;220000;31;868;1529;32.57;27.68;1.62;1.62;1.56;7856;7648;208;12698;12373;325;212
20260512;2025;06;01;HOTEL;02;2 ESTRELLAS;TACNA;230000;33;948;1840;33.34;27.68;1.74;1.64;1.83;8793;4213;4580;15278;6892;8386;180
20260512;2025;06;01;HOTEL;02;2 ESTRELLAS;TUMBES;240000;6;171;306;28.19;17.52;1.3;1.3;1.26;1234;1215;19;1608;1584;24;40
20260512;2025;06;01;HOTEL;02;2 ESTRELLAS;UCAYALI;250000;1;33;63;12.93;12.06;2.43;2.44;2.17;94;88;6;228;215;13;5
20260512;2025;06;01;HOTEL;03;3 ESTRELLAS;ÁNCASH;020000;43;1443;2566;29.19;21.78;1.6;1.53;1.96;10470;8773;1697;16770;13448;3322;350
20260512;2025;06;01;HOTEL;03;3 ESTRELLAS;APURÍMAC;030000;7;235;409;51.22;36.84;1.84;1.86;1.53;2459;2303;156;4520;4281;239;61
20260512;2025;06;01;HOTEL;03;3 ESTRELLAS;AREQUIPA;040000;76;2216;4130;35.06;28.37;1.77;1.98;1.58;19911;9205;10706;35151;18248;16903;663
20260512;2025;06;01;HOTEL;03;3 ESTRELLAS;AYACUCHO;050000;8;257;442;20.05;20.75;1.97;2;1.68;1395;1293;102;2751;2580;171;77
20260512;2025;06;01;HOTEL;03;3 ESTRELLAS;CAJAMARCA;060000;74;2377;4033;15.02;10.55;1.48;1.47;1.63;8643;8406;237;12760;12373;387;438
20260512;2025;06;01;HOTEL;03;3 ESTRELLAS;CUSCO;080000;101;3916;7632;51.3;45.54;1.74;1.68;1.75;59975;8117;51858;104260;13611;90649;1278
20260512;2025;06;01;HOTEL;03;3 ESTRELLAS;HUANCAVELICA;090000;2;65;108;18.21;13.36;1.32;1.31;1.64;327;316;11;433;415;18;10
20260512;2025;06;01;HOTEL;03;3 ESTRELLAS;HUÁNUCO;100000;19;898;1431;23.73;19.17;1.43;1.42;1.64;5771;5587;184;8228;7926;302;174
20260512;2025;06;01;HOTEL;03;3 ESTRELLAS;ICA;110000;71;2501;4795;27.41;20.55;1.4;1.48;1.25;21153;13516;7637;29557;20039;9518;629
20260512;2025;06;01;HOTEL;03;3 ESTRELLAS;JUNÍN;120000;20;795;1474;18.71;13.37;1.37;1.37;1.34;4320;4209;111;5913;5764;149;220
20260512;2025;06;01;HOTEL;03;3 ESTRELLAS;LA LIBERTAD;130000;72;2133;4013;34.72;25.36;1.98;1.92;2.61;15443;14110;1333;30530;27052;3478;540
20260512;2025;06;01;HOTEL;03;3 ESTRELLAS;LAMBAYEQUE;140000;36;1126;1926;31.77;23.89;1.45;1.44;1.53;9540;9160;380;13804;13221;583;227
20260512;2025;06;01;HOTEL;03;3 ESTRELLAS;LIMA;150000;168;8372;15972;49;40.98;1.73;1.48;2.02;113686;61748;51938;196349;91387;104962;1985
20260512;2025;06;01;HOTEL;03;3 ESTRELLAS;LORETO;160000;28;839;1400;27.78;22.62;2.28;2.24;2.38;4166;2959;1207;9502;6628;2874;228
20260512;2025;06;01;HOTEL;03;3 ESTRELLAS;MADRE DE DIOS;170000;6;220;427;37.58;37.11;1.6;1.69;1.41;2975;2013;962;4754;3402;1352;64
20260512;2025;06;01;HOTEL;03;3 ESTRELLAS;MOQUEGUA;180000;13;402;659;42.48;31.34;2.35;2.38;1.41;2638;2557;81;6196;6082;114;80
20260512;2025;06;01;HOTEL;03;3 ESTRELLAS;PASCO;190000;5;106;182;32.96;22.4;1.12;1.12;1.5;1093;1089;4;1223;1217;6;18
20260512;2025;06;01;HOTEL;03;3 ESTRELLAS;PUNO;210000;27;865;1682;40.81;34.69;1.51;1.54;1.5;11574;3087;8487;17503;4759;12744;206
20260512;2025;06;01;HOTEL;03;3 ESTRELLAS;SAN MARTÍN;220000;29;1021;1835;32.1;25.73;1.79;1.74;2.62;7922;7501;421;14162;13061;1101;264
20260512;2025;06;01;HOTEL;03;3 ESTRELLAS;TACNA;230000;12;485;1649;27.73;9.72;1.62;1.64;1.61;2966;1265;1701;4810;2076;2734;109
20260512;2025;06;01;HOTEL;03;3 ESTRELLAS;TUMBES;240000;7;245;490;32.42;33.03;2.83;2.75;3;1718;1211;507;4855;3334;1521;116
20260512;2025;06;01;HOTEL;03;3 ESTRELLAS;UCAYALI;250000;16;571;956;35.81;26.44;2.01;2.04;1.75;3766;3451;315;7583;7033;550;136
20260512;2025;06;01;HOTEL;04;4 ESTRELLAS;APURÍMAC;030000;1;32;56;32.4;18.51;1.68;1.63;2.19;185;169;16;311;276;35;14
20260512;2025;06;01;HOTEL;04;4 ESTRELLAS;AREQUIPA;040000;11;584;1111;40.41;34.98;1.83;1.92;1.78;6372;2239;4133;11658;4296;7362;262
20260512;2025;06;01;HOTEL;04;4 ESTRELLAS;CAJAMARCA;060000;4;214;379;53.57;44.6;1.92;1.92;1.92;2642;2345;297;5071;4500;571;155
20260512;2025;06;01;HOTEL;04;4 ESTRELLAS;CALLAO;070000;2;371;614;99.21;86.48;1.35;1.87;1.3;11759;1061;10698;15930;1987;13943;130
20260512;2025;06;01;HOTEL;04;4 ESTRELLAS;CUSCO;080000;22;1686;3296;73.87;68.1;1.73;1.62;1.74;38955;3183;35772;67337;5145;62192;1042
20260512;2025;06;01;HOTEL;04;4 ESTRELLAS;HUÁNUCO;100000;1;60;101;42.5;31.32;1.96;1.93;2.28;485;442;43;949;851;98;26
20260512;2025;06;01;HOTEL;04;4 ESTRELLAS;ICA;110000;8;737;1554;25.29;23.84;1.57;1.73;1.37;7058;4009;3049;11116;6928;4188;350
20260512;2025;06;01;HOTEL;04;4 ESTRELLAS;JUNÍN;120000;1;40;66;12.83;12.22;1.28;1.26;1.44;189;171;18;242;216;26;21
20260512;2025;06;01;HOTEL;04;4 ESTRELLAS;LA LIBERTAD;130000;4;318;600;46.91;42.81;2.32;2.23;2.7;3319;2691;628;7706;6009;1697;127
20260512;2025;06;01;HOTEL;04;4 ESTRELLAS;LAMBAYEQUE;140000;5;377;707;62.31;45.42;1.5;1.42;2.01;6415;5512;903;9633;7822;1811;295
20260512;2025;06;01;HOTEL;04;4 ESTRELLAS;LIMA;150000;45;4354;7862;52.69;48.81;2.05;1.51;2.35;56192;20107;36085;115123;30312;84811;1805
20260512;2025;06;01;HOTEL;04;4 ESTRELLAS;LORETO;160000;3;148;219;47.34;41.45;2.22;2.08;2.48;1229;818;411;2723;1703;1020;94
20260512;2025;06;01;HOTEL;04;4 ESTRELLAS;MOQUEGUA;180000;2;123;234;45.01;27.81;2.15;2.05;2.68;910;769;141;1952;1574;378;62
20260512;2025;06;01;HOTEL;04;4 ESTRELLAS;PIURA;200000;5;471;843;31.14;24.57;1.81;1.72;2.23;3438;2844;594;6214;4888;1326;164
20260512;2025;06;01;HOTEL;04;4 ESTRELLAS;PUNO;210000;8;508;961;50.01;45.42;1.73;1.82;1.73;7548;672;6876;13095;1225;11870;202
20260512;2025;06;01;HOTEL;04;4 ESTRELLAS;SAN MARTÍN;220000;1;58;90;35.17;32.37;2.03;2.02;3.2;430;425;5;874;858;16;20
20260512;2025;06;01;HOTEL;04;4 ESTRELLAS;TACNA;230000;3;275;508;38.15;30.32;1.75;1.7;1.79;2639;1125;1514;4621;1911;2710;80
20260512;2025;06;01;HOTEL;04;4 ESTRELLAS;TUMBES;240000;5;265;520;28.23;26.16;2.19;2.31;1.9;1864;1327;537;4081;3059;1022;152
20260512;2025;06;01;HOTEL;04;4 ESTRELLAS;UCAYALI;250000;5;295;527;47.4;36.82;2.22;2.16;2.55;2627;2218;409;5822;4780;1042;117
20260512;2025;06;01;HOTEL;05;5 ESTRELLAS;AREQUIPA;040000;3;241;352;53.35;54.44;1.96;1.78;2.16;2937;1558;1379;5749;2777;2972;180
20260512;2025;06;01;HOTEL;05;5 ESTRELLAS;CUSCO;080000;15;1278;2490;69.17;67.39;1.7;1.72;1.7;29534;1797;27737;50337;3092;47245;1429
20260512;2025;06;01;HOTEL;05;5 ESTRELLAS;ICA;110000;5;546;1316;28.66;23.92;1.6;1.67;1.53;5896;3209;2687;9442;5344;4098;576
20260512;2025;06;01;HOTEL;05;5 ESTRELLAS;LA LIBERTAD;130000;2;267;470;39.24;32.3;1.69;1.58;2.12;2694;2142;552;4554;3385;1169;198
20260512;2025;06;01;HOTEL;05;5 ESTRELLAS;LIMA;150000;28;5128;9205;51.47;40.04;2.24;1.59;2.41;49305;9948;39357;110578;15867;94711;3884
20260512;2025;06;01;HOTEL;05;5 ESTRELLAS;LORETO;160000;1;60;91;69.78;72.78;2.03;1.72;2.18;980;325;655;1987;560;1427;54
20260512;2025;06;01;HOTEL;05;5 ESTRELLAS;PIURA;200000;1;83;166;64.54;46.79;1.81;1.69;2.13;1289;953;336;2330;1615;715;83
20260512;2025;06;01;HOTEL;05;5 ESTRELLAS;PUNO;210000;1;123;231;51.41;58.2;1.22;1.36;1.21;3305;203;3102;4033;276;3757;38
20260512;2025;06;01;HOTEL;05;5 ESTRELLAS;SAN MARTÍN;220000;1;50;108;21.6;25.22;1.84;1.87;1.5;443;415;28;817;775;42;61
20260512;2025;06;01;HOTEL;05;5 ESTRELLAS;UCAYALI;250000;2;162;298;56.6;45.86;2.68;2.36;4.21;1529;1264;265;4100;2984;1116;72
20260512;2025;06;01;HOTEL;TT;TODAS CONSOLIDADAS;AMAZONAS;010000;60;1591;2573;19.43;16.24;1.25;1.23;1.91;10049;9791;258;12536;12042;494;282
20260512;2025;06;01;HOTEL;TT;TODAS CONSOLIDADAS;ÁNCASH;020000;121;3573;6334;24.09;18.78;1.58;1.55;1.87;22542;20380;2162;35679;31640;4039;676
20260512;2025;06;01;HOTEL;TT;TODAS CONSOLIDADAS;APURÍMAC;030000;17;632;1078;37.41;27.05;1.41;1.4;1.55;6216;6024;192;8749;8452;297;112
20260512;2025;06;01;HOTEL;TT;TODAS CONSOLIDADAS;AREQUIPA;040000;142;4557;8243;31.14;25.86;1.69;1.72;1.67;37730;20748;16982;63937;35620;28317;1348
20260512;2025;06;01;HOTEL;TT;TODAS CONSOLIDADAS;AYACUCHO;050000;25;826;1462;16.69;15.76;1.85;1.86;1.64;3745;3544;201;6912;6582;330;171
20260512;2025;06;01;HOTEL;TT;TODAS CONSOLIDADAS;CAJAMARCA;060000;153;4621;7734;20.8;15.17;1.36;1.35;1.68;25884;25254;630;35201;34144;1057;892
20260512;2025;06;01;HOTEL;TT;TODAS CONSOLIDADAS;CALLAO;070000;7;644;1072;71.95;63.01;1.34;1.49;1.31;15088;3116;11972;20264;4629;15635;190
20260512;2025;06;01;HOTEL;TT;TODAS CONSOLIDADAS;CUSCO;080000;196;8373;16140;54.54;50.64;1.73;1.61;1.75;141511;18142;123369;245192;29166;216026;4206
20260512;2025;06;01;HOTEL;TT;TODAS CONSOLIDADAS;HUANCAVELICA;090000;3;87;153;13.6;9.43;1.32;1.31;1.64;327;316;11;433;415;18;10
20260512;2025;06;01;HOTEL;TT;TODAS CONSOLIDADAS;HUÁNUCO;100000;88;2993;4740;31.02;23.82;1.24;1.23;1.64;27498;27186;313;34086;33573;514;535
20260512;2025;06;01;HOTEL;TT;TODAS CONSOLIDADAS;ICA;110000;148;5592;10873;23.28;18.22;1.38;1.41;1.32;42954;29303;13651;59418;41333;18085;1819
20260512;2025;06;01;HOTEL;TT;TODAS CONSOLIDADAS;JUNÍN;120000;55;1899;3536;20.79;14.63;1.36;1.36;1.34;11434;11199;235;15523;15208;315;396
20260512;2025;06;01;HOTEL;TT;TODAS CONSOLIDADAS;LA LIBERTAD;130000;101;3295;6112;33.58;25.96;1.94;1.88;2.37;24539;21593;2946;47604;40626;6978;978
20260512;2025;06;01;HOTEL;TT;TODAS CONSOLIDADAS;LAMBAYEQUE;140000;117;3887;6309;25.36;21.24;1.36;1.31;2.1;29573;27788;1785;40199;36459;3740;852
20260512;2025;06;01;HOTEL;TT;TODAS CONSOLIDADAS;LIMA;150000;380;24001;44546;47.99;39.83;1.84;1.44;2.23;323850;161327;162523;594737;232739;361997;10356
20260512;2025;06;01;HOTEL;TT;TODAS CONSOLIDADAS;LORETO;160000;42;1271;2104;29.31;24.58;2.17;2.08;2.35;7164;4814;2350;15516;9999;5517;426
20260512;2025;06;01;HOTEL;TT;TODAS CONSOLIDADAS;MADRE DE DIOS;170000;20;610;1096;37.6;32.56;1.33;1.3;1.48;8076;6833;1243;10705;8866;1839;140
20260512;2025;06;01;HOTEL;TT;TODAS CONSOLIDADAS;MOQUEGUA;180000;41;1164;1995;33.96;24.23;2.15;2.15;2.19;6738;6203;535;14503;13333;1170;275
20260512;2025;06;01;HOTEL;TT;TODAS CONSOLIDADAS;PASCO;190000;17;467;823;26.18;18.17;1.24;1.24;1.77;3606;3580;26;4487;4441;46;82
20260512;2025;06;01;HOTEL;TT;TODAS CONSOLIDADAS;PIURA;200000;44;1680;2934;32.07;24.3;1.72;1.66;2.11;12406;10723;1683;21385;17827;3558;576
20260512;2025;06;01;HOTEL;TT;TODAS CONSOLIDADAS;PUNO;210000;72;2356;4364;35.58;31.45;1.5;1.41;1.54;27442;8547;18895;41179;12090;29089;581
20260512;2025;06;01;HOTEL;TT;TODAS CONSOLIDADAS;SAN MARTÍN;220000;69;2147;3785;32.43;27.25;1.71;1.69;2.23;18110;17439;671;30939;29446;1493;584
20260512;2025;06;01;HOTEL;TT;TODAS CONSOLIDADAS;TACNA;230000;50;1790;4168;31.32;19.97;1.71;1.64;1.77;14586;6725;7861;24965;11043;13922;378
20260512;2025;06;01;HOTEL;TT;TODAS CONSOLIDADAS;TUMBES;240000;20;728;1416;27.81;24.82;2.19;2.13;2.41;4816;3753;1063;10544;7977;2567;308
20260512;2025;06;01;HOTEL;TT;TODAS CONSOLIDADAS;UCAYALI;250000;24;1061;1844;41.5;32.06;2.21;2.14;2.73;8016;7021;995;17733;15012;2721;330
20260512;2025;01;02;APART HOTEL;03;3 ESTRELLAS;ÁNCASH;020000;2;16;44;25.4;25.22;2.51;2.43;3.6;137;127;10;344;308;36;4
20260512;2025;01;02;APART HOTEL;03;3 ESTRELLAS;APURÍMAC;030000;1;21;30;98.77;69.14;1.6;1.65;1.41;401;321;80;643;530;113;13
20260512;2025;01;02;APART HOTEL;03;3 ESTRELLAS;AREQUIPA;040000;1;19;35;3.4;1.84;1.05;1.08;1;19;13;6;20;14;6;5
20260512;2025;01;02;APART HOTEL;03;3 ESTRELLAS;CAJAMARCA;060000;2;13;24;0;0;0;0;0;0;0;0;0;0;0;0
20260512;2025;01;02;APART HOTEL;03;3 ESTRELLAS;ICA;110000;3;36;52;8.15;7.82;1.38;1.38;0;91;91;0;126;126;0;11
20260512;2025;01;02;APART HOTEL;03;3 ESTRELLAS;LIMA;150000;7;175;342;46.64;38.3;3.28;3.23;3.34;1239;701;538;4061;2263;1798;52
20260512;2025;01;02;APART HOTEL;03;3 ESTRELLAS;LORETO;160000;2;38;62;0;0;0;0;0;0;0;0;0;0;0;0
20260512;2025;01;02;APART HOTEL;03;3 ESTRELLAS;MOQUEGUA;180000;1;10;16;6.13;5.65;1;1;1;28;23;5;28;23;5;3
20260512;2025;01;02;APART HOTEL;03;3 ESTRELLAS;PASCO;190000;1;22;36;3.96;2.42;1.35;1.35;0;20;20;0;27;27;0;2
20260512;2025;01;02;APART HOTEL;03;3 ESTRELLAS;TUMBES;240000;2;19;54;67.23;45.16;2.37;2.16;3.04;319;242;77;756;522;234;15
20260512;2025;01;02;APART HOTEL;04;4 ESTRELLAS;LIMA;150000;9;633;1309;62.32;65.33;2.34;1.87;3.81;11334;8579;2755;26511;16006;10505;428
20260512;2025;01;02;APART HOTEL;04;4 ESTRELLAS;LORETO;160000;2;24;39;43.41;33.5;1;1;1;405;8;397;405;8;397;8
20260512;2025;01;02;APART HOTEL;04;4 ESTRELLAS;SAN MARTÍN;220000;1;24;51;70.03;72.49;2.17;2.21;1.92;529;443;86;1146;981;165;20
20260512;2025;01;02;APART HOTEL;05;5 ESTRELLAS;LIMA;150000;4;250;435;44.75;38.92;2.62;2.13;2.91;2003;739;1264;5249;1575;3674;135
20260512;2025;01;02;APART HOTEL;TT;TODAS CONSOLIDADAS;ÁNCASH;020000;2;16;44;25.4;25.22;2.51;2.43;3.6;137;127;10;344;308;36;4
20260512;2025;01;02;APART HOTEL;TT;TODAS CONSOLIDADAS;APURÍMAC;030000;1;21;30;98.77;69.14;1.6;1.65;1.41;401;321;80;643;530;113;13
20260512;2025;01;02;APART HOTEL;TT;TODAS CONSOLIDADAS;AREQUIPA;040000;1;19;35;3.4;1.84;1.05;1.08;1;19;13;6;20;14;6;5
20260512;2025;01;02;APART HOTEL;TT;TODAS CONSOLIDADAS;CAJAMARCA;060000;2;13;24;0;0;0;0;0;0;0;0;0;0;0;0
20260512;2025;01;02;APART HOTEL;TT;TODAS CONSOLIDADAS;ICA;110000;3;36;52;8.15;7.82;1.38;1.38;0;91;91;0;126;126;0;11
20260512;2025;01;02;APART HOTEL;TT;TODAS CONSOLIDADAS;LIMA;150000;20;1058;2086;55.57;55.39;2.46;1.98;3.51;14576;10019;4557;35821;19844;15977;615
20260512;2025;01;02;APART HOTEL;TT;TODAS CONSOLIDADAS;LORETO;160000;4;62;101;16.81;12.94;1;1;1;405;8;397;405;8;397;8
20260512;2025;01;02;APART HOTEL;TT;TODAS CONSOLIDADAS;MOQUEGUA;180000;1;10;16;6.13;5.65;1;1;1;28;23;5;28;23;5;3
20260512;2025;01;02;APART HOTEL;TT;TODAS CONSOLIDADAS;PASCO;190000;1;22;36;3.96;2.42;1.35;1.35;0;20;20;0;27;27;0;2
20260512;2025;01;02;APART HOTEL;TT;TODAS CONSOLIDADAS;SAN MARTÍN;220000;1;24;51;70.03;72.49;2.17;2.21;1.92;529;443;86;1146;981;165;20
20260512;2025;01;02;APART HOTEL;TT;TODAS CONSOLIDADAS;TUMBES;240000;2;19;54;67.23;45.16;2.37;2.16;3.04;319;242;77;756;522;234;15
20260512;2025;02;02;APART HOTEL;03;3 ESTRELLAS;ÁNCASH;020000;2;16;44;29.46;29.46;3.08;3.08;0;118;118;0;363;363;0;4
20260512;2025;02;02;APART HOTEL;03;3 ESTRELLAS;APURÍMAC;030000;1;21;30;68.71;66.07;1.66;1.68;1.51;334;297;37;555;499;56;13
20260512;2025;02;02;APART HOTEL;03;3 ESTRELLAS;AREQUIPA;040000;1;19;35;4.14;3.88;2;2;0;19;19;0;38;38;0;5
20260512;2025;02;02;APART HOTEL;03;3 ESTRELLAS;CAJAMARCA;060000;2;13;24;0;0;0;0;0;0;0;0;0;0;0;0
20260512;2025;02;02;APART HOTEL;03;3 ESTRELLAS;ICA;110000;3;36;52;11.9;10.99;1.33;1.33;0;120;120;0;160;160;0;11
20260512;2025;02;02;APART HOTEL;03;3 ESTRELLAS;LIMA;150000;7;175;342;52.1;43.25;3;2.65;3.42;1382;753;629;4142;1992;2150;52
20260512;2025;02;02;APART HOTEL;03;3 ESTRELLAS;LORETO;160000;2;38;62;0;0;0;0;0;0;0;0;0;0;0;0
20260512;2025;02;02;APART HOTEL;03;3 ESTRELLAS;MOQUEGUA;180000;1;10;16;0;0;0;0;0;0;0;0;0;0;0;0
20260512;2025;02;02;APART HOTEL;03;3 ESTRELLAS;PASCO;190000;1;22;36;2.6;1.59;1;1;0;16;16;0;16;16;0;2
20260512;2025;02;02;APART HOTEL;03;3 ESTRELLAS;TUMBES;240000;2;19;54;81.58;58.93;2.64;2.44;3.3;338;261;77;891;637;254;15
20260512;2025;02;02;APART HOTEL;04;4 ESTRELLAS;LIMA;150000;9;633;1309;73.23;74.92;2.31;1.92;3.81;11888;9422;2466;27458;18068;9390;428
20260512;2025;02;02;APART HOTEL;04;4 ESTRELLAS;LORETO;160000;2;24;39;47.32;37.64;1;1;1;411;7;404;411;7;404;8
20260512;2025;02;02;APART HOTEL;04;4 ESTRELLAS;SAN MARTÍN;220000;1;24;51;68.15;65.69;2.13;2.05;2.74;440;387;53;938;793;145;20
20260512;2025;02;02;APART HOTEL;05;5 ESTRELLAS;LIMA;150000;4;250;435;54.9;48.12;2.67;2.18;2.96;2196;811;1385;5861;1767;4094;135
20260512;2025;02;02;APART HOTEL;TT;TODAS CONSOLIDADAS;ÁNCASH;020000;2;16;44;29.46;29.46;3.08;3.08;0;118;118;0;363;363;0;4
20260512;2025;02;02;APART HOTEL;TT;TODAS CONSOLIDADAS;APURÍMAC;030000;1;21;30;68.71;66.07;1.66;1.68;1.51;334;297;37;555;499;56;13
20260512;2025;02;02;APART HOTEL;TT;TODAS CONSOLIDADAS;AREQUIPA;040000;1;19;35;4.14;3.88;2;2;0;19;19;0;38;38;0;5
20260512;2025;02;02;APART HOTEL;TT;TODAS CONSOLIDADAS;CAJAMARCA;060000;2;13;24;0;0;0;0;0;0;0;0;0;0;0;0
20260512;2025;02;02;APART HOTEL;TT;TODAS CONSOLIDADAS;ICA;110000;3;36;52;11.9;10.99;1.33;1.33;0;120;120;0;160;160;0;11
20260512;2025;02;02;APART HOTEL;TT;TODAS CONSOLIDADAS;LIMA;150000;20;1058;2086;65.41;64.14;2.42;1.99;3.49;15466;10986;4480;37461;21827;15634;615
20260512;2025;02;02;APART HOTEL;TT;TODAS CONSOLIDADAS;LORETO;160000;4;62;101;18.32;14.53;1;1;1;411;7;404;411;7;404;8
20260512;2025;02;02;APART HOTEL;TT;TODAS CONSOLIDADAS;MOQUEGUA;180000;1;10;16;0;0;0;0;0;0;0;0;0;0;0;0
20260512;2025;02;02;APART HOTEL;TT;TODAS CONSOLIDADAS;PASCO;190000;1;22;36;2.6;1.59;1;1;0;16;16;0;16;16;0;2
20260512;2025;02;02;APART HOTEL;TT;TODAS CONSOLIDADAS;SAN MARTÍN;220000;1;24;51;68.15;65.69;2.13;2.05;2.74;440;387;53;938;793;145;20
20260512;2025;02;02;APART HOTEL;TT;TODAS CONSOLIDADAS;TUMBES;240000;2;19;54;81.58;58.93;2.64;2.44;3.3;338;261;77;891;637;254;15
20260512;2025;03;02;APART HOTEL;03;3 ESTRELLAS;ÁNCASH;020000;2;16;44;23.39;23.17;2.09;2.09;0;151;151;0;316;316;0;4
20260512;2025;03;02;APART HOTEL;03;3 ESTRELLAS;APURÍMAC;030000;1;21;30;77.42;70.32;1.93;2;1.6;338;286;52;654;571;83;13
20260512;2025;03;02;APART HOTEL;03;3 ESTRELLAS;AREQUIPA;040000;1;19;35;2.21;1.66;2.57;3;2.5;7;1;6;18;3;15;5
20260512;2025;03;02;APART HOTEL;03;3 ESTRELLAS;CAJAMARCA;060000;2;13;24;0;0;0;0;0;0;0;0;0;0;0;0
20260512;2025;03;02;APART HOTEL;03;3 ESTRELLAS;ICA;110000;3;36;52;9.05;8.06;1.29;1.29;0;101;101;0;130;130;0;11
20260512;2025;03;02;APART HOTEL;03;3 ESTRELLAS;LA LIBERTAD;130000;1;5;8;0;0;0;0;0;0;0;0;0;0;0;0
20260512;2025;03;02;APART HOTEL;03;3 ESTRELLAS;LIMA;150000;7;175;342;52.28;43.75;2.73;2.36;3;1702;736;966;4638;1736;2902;52
20260512;2025;03;02;APART HOTEL;03;3 ESTRELLAS;LORETO;160000;2;38;62;0;0;0;0;0;0;0;0;0;0;0;0
20260512;2025;03;02;APART HOTEL;03;3 ESTRELLAS;MOQUEGUA;180000;1;10;16;4.52;4.23;1;1;1;21;19;2;21;19;2;3
20260512;2025;03;02;APART HOTEL;03;3 ESTRELLAS;PASCO;190000;1;22;36;4.11;2.51;1;1;0;28;28;0;28;28;0;2
20260512;2025;03;02;APART HOTEL;03;3 ESTRELLAS;TUMBES;240000;2;19;54;49.75;29.99;2.54;2.64;1.97;198;167;31;502;441;61;15
20260512;2025;03;02;APART HOTEL;04;4 ESTRELLAS;LIMA;150000;9;633;1309;65.4;52.37;2.27;1.79;3.24;9348;6250;3098;21251;11201;10050;429
20260512;2025;03;02;APART HOTEL;04;4 ESTRELLAS;LORETO;160000;2;24;39;36.42;31.1;1;0;1;376;0;376;376;0;376;8
20260512;2025;03;02;APART HOTEL;04;4 ESTRELLAS;SAN MARTÍN;220000;1;24;51;47.98;39.22;1.82;1.83;1.78;340;294;46;620;538;82;21
20260512;2025;03;02;APART HOTEL;05;5 ESTRELLAS;LIMA;150000;4;250;435;50.44;42.8;2.09;1.87;2.16;2762;704;2058;5771;1317;4454;134
20260512;2025;03;02;APART HOTEL;TT;TODAS CONSOLIDADAS;ÁNCASH;020000;2;16;44;23.39;23.17;2.09;2.09;0;151;151;0;316;316;0;4
20260512;2025;03;02;APART HOTEL;TT;TODAS CONSOLIDADAS;APURÍMAC;030000;1;21;30;77.42;70.32;1.93;2;1.6;338;286;52;654;571;83;13
20260512;2025;03;02;APART HOTEL;TT;TODAS CONSOLIDADAS;AREQUIPA;040000;1;19;35;2.21;1.66;2.57;3;2.5;7;1;6;18;3;15;5
20260512;2025;03;02;APART HOTEL;TT;TODAS CONSOLIDADAS;CAJAMARCA;060000;2;13;24;0;0;0;0;0;0;0;0;0;0;0;0
20260512;2025;03;02;APART HOTEL;TT;TODAS CONSOLIDADAS;ICA;110000;3;36;52;9.05;8.06;1.29;1.29;0;101;101;0;130;130;0;11
20260512;2025;03;02;APART HOTEL;TT;TODAS CONSOLIDADAS;LA LIBERTAD;130000;1;5;8;0;0;0;0;0;0;0;0;0;0;0;0
20260512;2025;03;02;APART HOTEL;TT;TODAS CONSOLIDADAS;LIMA;150000;20;1058;2086;59.7;48.96;2.29;1.85;2.84;13812;7690;6122;31660;14254;17406;615
20260512;2025;03;02;APART HOTEL;TT;TODAS CONSOLIDADAS;LORETO;160000;4;62;101;14.1;12.01;1;0;1;376;0;376;376;0;376;8
20260512;2025;03;02;APART HOTEL;TT;TODAS CONSOLIDADAS;MOQUEGUA;180000;1;10;16;4.52;4.23;1;1;1;21;19;2;21;19;2;3
20260512;2025;03;02;APART HOTEL;TT;TODAS CONSOLIDADAS;PASCO;190000;1;22;36;4.11;2.51;1;1;0;28;28;0;28;28;0;2
20260512;2025;03;02;APART HOTEL;TT;TODAS CONSOLIDADAS;SAN MARTÍN;220000;1;24;51;47.98;39.22;1.82;1.83;1.78;340;294;46;620;538;82;21
20260512;2025;03;02;APART HOTEL;TT;TODAS CONSOLIDADAS;TUMBES;240000;2;19;54;49.75;29.99;2.54;2.64;1.97;198;167;31;502;441;61;15
20260512;2025;04;02;APART HOTEL;03;3 ESTRELLAS;ÁNCASH;020000;2;16;44;20.83;20.83;2.27;2.27;0;121;121;0;275;275;0;4
20260512;2025;04;02;APART HOTEL;03;3 ESTRELLAS;APURÍMAC;030000;1;21;30;75.71;71.44;1.76;1.9;1.12;365;300;65;643;570;73;13
20260512;2025;04;02;APART HOTEL;03;3 ESTRELLAS;AREQUIPA;040000;1;19;35;5.44;6;2.1;2.06;2.15;30;17;13;63;35;28;5
20260512;2025;04;02;APART HOTEL;03;3 ESTRELLAS;CAJAMARCA;060000;2;13;24;0;0;0;0;0;0;0;0;0;0;0;0
20260512;2025;04;02;APART HOTEL;03;3 ESTRELLAS;ICA;110000;3;36;52;10.37;8.78;1.22;1.22;0;112;112;0;137;137;0;11
20260512;2025;04;02;APART HOTEL;03;3 ESTRELLAS;LA LIBERTAD;130000;1;5;8;0;0;0;0;0;0;0;0;0;0;0;0
20260512;2025;04;02;APART HOTEL;03;3 ESTRELLAS;LIMA;150000;7;175;342;54.88;44.22;2.7;2.39;2.92;1678;691;987;4537;1651;2886;52
20260512;2025;04;02;APART HOTEL;03;3 ESTRELLAS;LORETO;160000;3;49;80;3.33;4.63;7.93;9;7.33;14;5;9;111;45;66;10
20260512;2025;04;02;APART HOTEL;03;3 ESTRELLAS;MOQUEGUA;180000;1;10;16;3.67;2.29;1.22;1.22;0;9;9;0;11;11;0;3
20260512;2025;04;02;APART HOTEL;03;3 ESTRELLAS;PASCO;190000;1;22;36;5.15;3.15;1;1;0;34;34;0;34;34;0;2
20260512;2025;04;02;APART HOTEL;03;3 ESTRELLAS;TUMBES;240000;2;19;54;25.79;15.99;2.06;2.07;2;126;100;26;259;207;52;15
20260512;2025;04;02;APART HOTEL;04;4 ESTRELLAS;LIMA;150000;9;633;1309;64.66;64.28;2.18;1.78;3.1;11588;8072;3516;25244;14339;10905;429
20260512;2025;04;02;APART HOTEL;04;4 ESTRELLAS;LORETO;160000;2;24;39;44.17;39.83;1;1;1;466;5;461;466;5;461;8
20260512;2025;04;02;APART HOTEL;04;4 ESTRELLAS;SAN MARTÍN;220000;1;24;51;53.61;49.54;1.97;1.93;2.16;385;316;69;758;609;149;19
20260512;2025;04;02;APART HOTEL;05;5 ESTRELLAS;LIMA;150000;4;250;435;61.67;51.93;2.73;2.26;2.91;2484;678;1806;6777;1529;5248;137
20260512;2025;04;02;APART HOTEL;TT;TODAS CONSOLIDADAS;ÁNCASH;020000;2;16;44;20.83;20.83;2.27;2.27;0;121;121;0;275;275;0;4
20260512;2025;04;02;APART HOTEL;TT;TODAS CONSOLIDADAS;APURÍMAC;030000;1;21;30;75.71;71.44;1.76;1.9;1.12;365;300;65;643;570;73;13
20260512;2025;04;02;APART HOTEL;TT;TODAS CONSOLIDADAS;AREQUIPA;040000;1;19;35;5.44;6;2.1;2.06;2.15;30;17;13;63;35;28;5
20260512;2025;04;02;APART HOTEL;TT;TODAS CONSOLIDADAS;CAJAMARCA;060000;2;13;24;0;0;0;0;0;0;0;0;0;0;0;0
20260512;2025;04;02;APART HOTEL;TT;TODAS CONSOLIDADAS;ICA;110000;3;36;52;10.37;8.78;1.22;1.22;0;112;112;0;137;137;0;11
20260512;2025;04;02;APART HOTEL;TT;TODAS CONSOLIDADAS;LA LIBERTAD;130000;1;5;8;0;0;0;0;0;0;0;0;0;0;0;0
20260512;2025;04;02;APART HOTEL;TT;TODAS CONSOLIDADAS;LIMA;150000;20;1058;2086;62.33;58.42;2.32;1.86;3.02;15750;9441;6309;36558;17519;19039;618
20260512;2025;04;02;APART HOTEL;TT;TODAS CONSOLIDADAS;LORETO;160000;5;73;119;16.76;16.16;1.2;5;1.12;480;10;470;577;50;527;18
20260512;2025;04;02;APART HOTEL;TT;TODAS CONSOLIDADAS;MOQUEGUA;180000;1;10;16;3.67;2.29;1.22;1.22;0;9;9;0;11;11;0;3
20260512;2025;04;02;APART HOTEL;TT;TODAS CONSOLIDADAS;PASCO;190000;1;22;36;5.15;3.15;1;1;0;34;34;0;34;34;0;2
20260512;2025;04;02;APART HOTEL;TT;TODAS CONSOLIDADAS;SAN MARTÍN;220000;1;24;51;53.61;49.54;1.97;1.93;2.16;385;316;69;758;609;149;19
20260512;2025;04;02;APART HOTEL;TT;TODAS CONSOLIDADAS;TUMBES;240000;2;19;54;25.79;15.99;2.06;2.07;2;126;100;26;259;207;52;15
20260512;2025;05;02;APART HOTEL;03;3 ESTRELLAS;ÁNCASH;020000;2;16;44;13.71;13.71;2.28;2.28;0;82;82;0;187;187;0;4
20260512;2025;05;02;APART HOTEL;03;3 ESTRELLAS;APURÍMAC;030000;1;21;30;77.73;66.56;1.9;1.95;1.71;325;266;59;619;518;101;13
20260512;2025;05;02;APART HOTEL;03;3 ESTRELLAS;AREQUIPA;040000;1;19;35;3.74;3.87;1.68;1.62;2;25;21;4;42;34;8;5
20260512;2025;05;02;APART HOTEL;03;3 ESTRELLAS;CAJAMARCA;060000;2;13;24;0;0;0;0;0;0;0;0;0;0;0;0
20260512;2025;05;02;APART HOTEL;03;3 ESTRELLAS;ICA;110000;3;36;52;8.33;7.26;1.24;1.25;1;94;91;3;117;114;3;11
20260512;2025;05;02;APART HOTEL;03;3 ESTRELLAS;LA LIBERTAD;130000;1;5;8;0;0;0;0;0;0;0;0;0;0;0;0
20260512;2025;05;02;APART HOTEL;03;3 ESTRELLAS;LIMA;150000;7;175;342;50.18;41.65;2.8;2.56;2.97;1578;664;914;4416;1698;2718;52
20260512;2025;05;02;APART HOTEL;03;3 ESTRELLAS;LORETO;160000;3;49;80;1.18;1.81;5;5;0;9;9;0;45;45;0;10
20260512;2025;05;02;APART HOTEL;03;3 ESTRELLAS;MOQUEGUA;180000;1;10;16;2.9;1.81;1.8;1.8;0;5;5;0;9;9;0;3
20260512;2025;05;02;APART HOTEL;03;3 ESTRELLAS;PASCO;190000;1;22;36;5.72;3.49;1;1;0;39;39;0;39;39;0;2
20260512;2025;05;02;APART HOTEL;03;3 ESTRELLAS;TUMBES;240000;2;19;54;26.32;18.7;2.24;2.24;2.24;140;119;21;313;266;47;15
20260512;2025;05;02;APART HOTEL;04;4 ESTRELLAS;LIMA;150000;9;633;1309;66.13;65.24;2.08;1.72;3.01;12756;9252;3504;26472;15939;10533;426
20260512;2025;05;02;APART HOTEL;04;4 ESTRELLAS;LORETO;160000;2;24;39;45.7;38.71;1;1;1;468;5;463;468;5;463;8
20260512;2025;05;02;APART HOTEL;04;4 ESTRELLAS;SAN MARTÍN;220000;1;24;51;65.32;65.97;1.85;1.9;1.51;565;481;84;1043;916;127;19
20260512;2025;05;02;APART HOTEL;05;5 ESTRELLAS;LIMA;150000;4;250;435;66.34;55.97;3.66;3.22;3.85;2064;620;1444;7548;1994;5554;138
20260512;2025;05;02;APART HOTEL;TT;TODAS CONSOLIDADAS;ÁNCASH;020000;2;16;44;13.71;13.71;2.28;2.28;0;82;82;0;187;187;0;4
20260512;2025;05;02;APART HOTEL;TT;TODAS CONSOLIDADAS;APURÍMAC;030000;1;21;30;77.73;66.56;1.9;1.95;1.71;325;266;59;619;518;101;13
20260512;2025;05;02;APART HOTEL;TT;TODAS CONSOLIDADAS;AREQUIPA;040000;1;19;35;3.74;3.87;1.68;1.62;2;25;21;4;42;34;8;5
20260512;2025;05;02;APART HOTEL;TT;TODAS CONSOLIDADAS;CAJAMARCA;060000;2;13;24;0;0;0;0;0;0;0;0;0;0;0;0
20260512;2025;05;02;APART HOTEL;TT;TODAS CONSOLIDADAS;ICA;110000;3;36;52;8.33;7.26;1.24;1.25;1;94;91;3;117;114;3;11
20260512;2025;05;02;APART HOTEL;TT;TODAS CONSOLIDADAS;LA LIBERTAD;130000;1;5;8;0;0;0;0;0;0;0;0;0;0;0;0
20260512;2025;05;02;APART HOTEL;TT;TODAS CONSOLIDADAS;LIMA;150000;20;1058;2086;63.54;59.44;2.34;1.86;3.21;16398;10536;5862;38436;19631;18805;616
20260512;2025;05;02;APART HOTEL;TT;TODAS CONSOLIDADAS;LORETO;160000;5;73;119;15.82;13.91;1.08;3.57;1;477;14;463;513;50;463;18
20260512;2025;05;02;APART HOTEL;TT;TODAS CONSOLIDADAS;MOQUEGUA;180000;1;10;16;2.9;1.81;1.8;1.8;0;5;5;0;9;9;0;3
20260512;2025;05;02;APART HOTEL;TT;TODAS CONSOLIDADAS;PASCO;190000;1;22;36;5.72;3.49;1;1;0;39;39;0;39;39;0;2
20260512;2025;05;02;APART HOTEL;TT;TODAS CONSOLIDADAS;SAN MARTÍN;220000;1;24;51;65.32;65.97;1.85;1.9;1.51;565;481;84;1043;916;127;19
20260512;2025;05;02;APART HOTEL;TT;TODAS CONSOLIDADAS;TUMBES;240000;2;19;54;26.32;18.7;2.24;2.24;2.24;140;119;21;313;266;47;15
20260512;2025;06;02;APART HOTEL;03;3 ESTRELLAS;ÁNCASH;020000;2;16;44;25;25;3.88;3.88;0;85;85;0;330;330;0;4
20260512;2025;06;02;APART HOTEL;03;3 ESTRELLAS;APURÍMAC;030000;1;21;30;72.22;69;2.13;1.92;2.63;291;204;87;621;392;229;13
20260512;2025;06;02;APART HOTEL;03;3 ESTRELLAS;AREQUIPA;040000;1;19;35;3.86;4.57;2.29;2.35;2;21;17;4;48;40;8;5
20260512;2025;06;02;APART HOTEL;03;3 ESTRELLAS;CAJAMARCA;060000;2;13;24;0;0;0;0;0;0;0;0;0;0;0;0
20260512;2025;06;02;APART HOTEL;03;3 ESTRELLAS;ICA;110000;3;36;52;11.11;9.55;1.24;1.25;1;120;118;2;149;147;2;11
20260512;2025;06;02;APART HOTEL;03;3 ESTRELLAS;LA LIBERTAD;130000;1;5;8;0;0;0;0;0;0;0;0;0;0;0;0
20260512;2025;06;02;APART HOTEL;03;3 ESTRELLAS;LIMA;150000;7;175;342;46.97;41.49;3.35;3.32;3.37;1271;444;827;4257;1473;2784;40
20260512;2025;06;02;APART HOTEL;03;3 ESTRELLAS;LORETO;160000;3;49;80;3.06;3.71;9.89;9.89;0;9;9;0;89;89;0;10
20260512;2025;06;02;APART HOTEL;03;3 ESTRELLAS;MOQUEGUA;180000;1;10;16;2.67;1.67;1.6;1.6;0;5;5;0;8;8;0;3
20260512;2025;06;02;APART HOTEL;03;3 ESTRELLAS;PASCO;190000;1;22;36;10.91;6.67;1;1;0;72;72;0;72;72;0;2
20260512;2025;06;02;APART HOTEL;03;3 ESTRELLAS;TUMBES;240000;2;19;54;20.53;11.48;2.14;2.13;2.2;87;77;10;186;164;22;15
20260512;2025;06;02;APART HOTEL;04;4 ESTRELLAS;LIMA;150000;9;633;1309;56.19;55.2;2.17;1.7;2.87;9992;6013;3979;21676;10241;11435;427
20260512;2025;06;02;APART HOTEL;04;4 ESTRELLAS;LORETO;160000;2;24;39;50.56;43.08;1;1;1;504;7;497;504;7;497;8
20260512;2025;06;02;APART HOTEL;04;4 ESTRELLAS;SAN MARTÍN;220000;1;24;51;59.72;43.99;1.85;1.91;1.68;363;272;91;673;520;153;19
20260512;2025;06;02;APART HOTEL;05;5 ESTRELLAS;LIMA;150000;4;250;435;65.87;54.3;3.48;2.7;3.82;2039;628;1411;7086;1697;5389;138
20260512;2025;06;02;APART HOTEL;TT;TODAS CONSOLIDADAS;ÁNCASH;020000;2;16;44;25;25;3.88;3.88;0;85;85;0;330;330;0;4
20260512;2025;06;02;APART HOTEL;TT;TODAS CONSOLIDADAS;APURÍMAC;030000;1;21;30;72.22;69;2.13;1.92;2.63;291;204;87;621;392;229;13
20260512;2025;06;02;APART HOTEL;TT;TODAS CONSOLIDADAS;AREQUIPA;040000;1;19;35;3.86;4.57;2.29;2.35;2;21;17;4;48;40;8;5
20260512;2025;06;02;APART HOTEL;TT;TODAS CONSOLIDADAS;CAJAMARCA;060000;2;13;24;0;0;0;0;0;0;0;0;0;0;0;0
20260512;2025;06;02;APART HOTEL;TT;TODAS CONSOLIDADAS;ICA;110000;3;36;52;11.11;9.55;1.24;1.25;1;120;118;2;149;147;2;11
20260512;2025;06;02;APART HOTEL;TT;TODAS CONSOLIDADAS;LA LIBERTAD;130000;1;5;8;0;0;0;0;0;0;0;0;0;0;0;0
20260512;2025;06;02;APART HOTEL;TT;TODAS CONSOLIDADAS;LIMA;150000;20;1058;2086;56.95;52.76;2.48;1.89;3.15;13302;7085;6217;33019;13411;19608;605
20260512;2025;06;02;APART HOTEL;TT;TODAS CONSOLIDADAS;LORETO;160000;5;73;119;18.68;16.61;1.16;6;1;513;16;497;593;96;497;18
20260512;2025;06;02;APART HOTEL;TT;TODAS CONSOLIDADAS;MOQUEGUA;180000;1;10;16;2.67;1.67;1.6;1.6;0;5;5;0;8;8;0;3
20260512;2025;06;02;APART HOTEL;TT;TODAS CONSOLIDADAS;PASCO;190000;1;22;36;10.91;6.67;1;1;0;72;72;0;72;72;0;2
20260512;2025;06;02;APART HOTEL;TT;TODAS CONSOLIDADAS;SAN MARTÍN;220000;1;24;51;59.72;43.99;1.85;1.91;1.68;363;272;91;673;520;153;19
20260512;2025;06;02;APART HOTEL;TT;TODAS CONSOLIDADAS;TUMBES;240000;2;19;54;20.53;11.48;2.14;2.13;2.2;87;77;10;186;164;22;15
20260512;2025;01;03;HOSTAL;01;1 ESTRELLA;AMAZONAS;010000;18;242;360;37.36;29.17;1.16;1.16;1.24;2816;2799;17;3255;3234;21;40
20260512;2025;01;03;HOSTAL;01;1 ESTRELLA;ÁNCASH;020000;36;528;862;25.4;19.08;1.1;1.1;1.15;4618;4559;59;5098;5030;68;91
20260512;2025;01;03;HOSTAL;01;1 ESTRELLA;APURÍMAC;030000;4;114;182;27.36;26.92;1.13;1.13;1;1339;1335;4;1519;1515;4;12
20260512;2025;01;03;HOSTAL;01;1 ESTRELLA;AREQUIPA;040000;51;778;1190;26.33;22.54;1.15;1.15;1.15;7243;6985;258;8315;8018;297;135
20260512;2025;01;03;HOSTAL;01;1 ESTRELLA;AYACUCHO;050000;16;207;381;15.05;11.32;1.22;1.22;1.12;1100;1075;25;1337;1309;28;37
20260512;2025;01;03;HOSTAL;01;1 ESTRELLA;CAJAMARCA;060000;24;447;729;16.92;18.82;1.82;1.82;0;2334;2334;0;4253;4253;0;79
20260512;2025;01;03;HOSTAL;01;1 ESTRELLA;CALLAO;070000;6;133;249;37.57;40.04;1;1;0;3173;3173;0;3173;3173;0;19
20260512;2025;01;03;HOSTAL;01;1 ESTRELLA;CUSCO;080000;22;384;639;25.17;21.91;1.14;1.14;1.29;3813;3733;80;4340;4237;103;52
20260512;2025;01;03;HOSTAL;01;1 ESTRELLA;HUANCAVELICA;090000;2;66;94;19.06;13.66;1.01;1.01;0;393;393;0;398;398;0;5
20260512;2025;01;03;HOSTAL;01;1 ESTRELLA;HUÁNUCO;100000;27;398;607;43.4;31.56;1.21;1.21;0;4916;4916;0;5939;5939;0;74
20260512;2025;01;03;HOSTAL;01;1 ESTRELLA;ICA;110000;17;212;328;32.32;34.43;1.06;1.06;1.08;3305;3269;36;3501;3462;39;45
20260512;2025;01;03;HOSTAL;01;1 ESTRELLA;JUNÍN;120000;12;170;294;22.41;18.85;1.3;1.3;0;1320;1320;0;1718;1718;0;30
20260512;2025;01;03;HOSTAL;01;1 ESTRELLA;LA LIBERTAD;130000;24;349;616;31.06;25.38;1.79;1.79;0;2710;2710;0;4846;4846;0;59
20260512;2025;01;03;HOSTAL;01;1 ESTRELLA;LAMBAYEQUE;140000;16;221;331;26.52;26.18;1.04;1.04;0;2583;2583;0;2686;2686;0;40
20260512;2025;01;03;HOSTAL;01;1 ESTRELLA;LIMA;150000;81;1672;2975;31.77;24.44;1.19;1.19;1.38;25023;24627;395;29798;29254;544;353
20260512;2025;01;03;HOSTAL;01;1 ESTRELLA;LORETO;160000;6;106;172;15.06;11.44;1.57;1.53;2.22;389;366;23;610;559;51;25
20260512;2025;01;03;HOSTAL;01;1 ESTRELLA;MADRE DE DIOS;170000;2;53;101;12.42;8.78;1.16;1.16;0;238;238;0;275;275;0;8
20260512;2025;01;03;HOSTAL;01;1 ESTRELLA;MOQUEGUA;180000;19;281;478;21.05;18.79;1.26;1.27;1.19;2203;2122;81;2785;2689;96;53
20260512;2025;01;03;HOSTAL;01;1 ESTRELLA;PASCO;190000;21;378;584;16.78;13.24;1.06;1.06;0;2271;2271;0;2397;2397;0;60
20260512;2025;01;03;HOSTAL;01;1 ESTRELLA;PIURA;200000;3;56;81;34.68;26.32;1.61;1.62;1.25;411;403;8;661;651;10;10
20260512;2025;01;03;HOSTAL;01;1 ESTRELLA;PUNO;210000;35;519;910;26.4;18.7;1.21;1.22;1.04;4350;4215;135;5274;5134;140;79
20260512;2025;01;03;HOSTAL;01;1 ESTRELLA;TACNA;230000;9;157;270;21.08;22.63;1.07;1.06;1.08;1771;1220;551;1894;1298;596;25
20260512;2025;01;03;HOSTAL;02;2 ESTRELLAS;AMAZONAS;010000;54;848;1327;24.56;18.21;1.1;1.08;2.02;6813;6646;167;7493;7156;337;159
20260512;2025;01;03;HOSTAL;02;2 ESTRELLAS;ÁNCASH;020000;130;2187;3848;32.04;28.65;1.19;1.19;1.3;28685;28464;221;34173;33885;288;377
20260512;2025;01;03;HOSTAL;02;2 ESTRELLAS;APURÍMAC;030000;6;129;199;40.04;32.5;1.07;1.07;1.02;1877;1821;56;2005;1948;57;20
20260512;2025;01;03;HOSTAL;02;2 ESTRELLAS;AREQUIPA;040000;130;2093;3739;34.02;28.43;1.3;1.29;1.45;25286;23724;1562;32956;30684;2272;376
20260512;2025;01;03;HOSTAL;02;2 ESTRELLAS;AYACUCHO;050000;10;141;255;21.87;23.59;1.46;1.45;1.6;1280;1237;43;1865;1796;69;29
20260512;2025;01;03;HOSTAL;02;2 ESTRELLAS;CAJAMARCA;060000;135;2407;3832;17.35;13.67;1.16;1.16;1.2;13970;13866;104;16235;16110;125;383
20260512;2025;01;03;HOSTAL;02;2 ESTRELLAS;CALLAO;070000;6;247;453;31.25;27.26;1.03;1.03;0;3700;3700;0;3828;3828;0;37
20260512;2025;01;03;HOSTAL;02;2 ESTRELLAS;CUSCO;080000;45;708;1239;24.44;20.31;1.61;1.38;1.92;4847;2801;2046;7800;3876;3924;136
20260512;2025;01;03;HOSTAL;02;2 ESTRELLAS;HUANCAVELICA;090000;2;65;114;13.8;10.55;1.09;1.09;1.33;343;340;3;373;369;4;8
20260512;2025;01;03;HOSTAL;02;2 ESTRELLAS;HUÁNUCO;100000;30;559;928;28.05;20.81;1.12;1.12;1.13;5354;5309;45;5986;5935;51;111
20260512;2025;01;03;HOSTAL;02;2 ESTRELLAS;ICA;110000;83;1268;2054;23.95;21.42;1.02;1.02;1.1;13396;13146;250;13637;13363;274;212
20260512;2025;01;03;HOSTAL;02;2 ESTRELLAS;JUNÍN;120000;26;401;763;26.96;27.19;1.19;1.19;1.5;5401;5351;50;6431;6356;75;78
20260512;2025;01;03;HOSTAL;02;2 ESTRELLAS;LA LIBERTAD;130000;121;2010;3598;20.74;19.67;1.22;1.22;1.28;17952;17740;212;21943;21672;271;355
20260512;2025;01;03;HOSTAL;02;2 ESTRELLAS;LAMBAYEQUE;140000;144;2108;3173;27.11;21.99;1.11;1.11;1.09;19471;19424;47;21627;21576;51;404
20260512;2025;01;03;HOSTAL;02;2 ESTRELLAS;LIMA;150000;120;2987;5452;31.02;29.76;1.37;1.27;2.43;52144;47831;4313;71348;60859;10489;716
20260512;2025;01;03;HOSTAL;02;2 ESTRELLAS;LORETO;160000;11;202;307;20.14;17.06;2.21;2.14;3.03;735;676;59;1624;1445;179;44
20260512;2025;01;03;HOSTAL;02;2 ESTRELLAS;MADRE DE DIOS;170000;6;146;222;32.94;28.83;1.29;1.29;1.26;1541;1454;87;1984;1874;110;27
20260512;2025;01;03;HOSTAL;02;2 ESTRELLAS;MOQUEGUA;180000;69;1026;1674;31.16;24.49;1.53;1.54;1.23;8285;8184;101;12711;12587;124;193
20260512;2025;01;03;HOSTAL;02;2 ESTRELLAS;PASCO;190000;16;290;566;17;11.31;1.38;1.38;0;1440;1440;0;1984;1984;0;42
20260512;2025;01;03;HOSTAL;02;2 ESTRELLAS;PIURA;200000;23;467;796;26.62;19.85;1.67;1.66;1.78;2941;2797;144;4899;4643;256;83
20260512;2025;01;03;HOSTAL;02;2 ESTRELLAS;PUNO;210000;60;926;1739;23.24;17.23;1.2;1.19;1.3;7719;6560;1159;9291;7786;1505;162
20260512;2025;01;03;HOSTAL;02;2 ESTRELLAS;SAN MARTÍN;220000;21;300;521;30.33;26.44;1.51;1.49;2.87;2831;2785;46;4271;4139;132;87
20260512;2025;01;03;HOSTAL;02;2 ESTRELLAS;TACNA;230000;29;495;937;26.19;18.86;1.4;1.4;1.4;3911;1062;2849;5479;1486;3993;90
20260512;2025;01;03;HOSTAL;02;2 ESTRELLAS;TUMBES;240000;5;66;131;13.34;13.94;1.63;1.64;1.41;347;330;17;566;542;24;21
20260512;2025;01;03;HOSTAL;02;2 ESTRELLAS;UCAYALI;250000;2;68;124;14.61;8.64;1.33;1.35;1;249;240;9;332;323;9;16
20260512;2025;01;03;HOSTAL;03;3 ESTRELLAS;AMAZONAS;010000;9;116;219;17.19;10.9;1.37;1.35;1.74;542;523;19;740;707;33;30
20260512;2025;01;03;HOSTAL;03;3 ESTRELLAS;ÁNCASH;020000;20;317;590;33.6;30.33;1.75;1.75;1.39;3175;3144;31;5548;5505;43;79
20260512;2025;01;03;HOSTAL;03;3 ESTRELLAS;APURÍMAC;030000;1;24;43;23.52;13.13;1.62;1.63;1.33;108;105;3;175;171;4;5
20260512;2025;01;03;HOSTAL;03;3 ESTRELLAS;AREQUIPA;040000;47;776;1446;23.43;18.94;2.18;2.12;2.35;3886;2824;1062;8489;5996;2493;203
20260512;2025;01;03;HOSTAL;03;3 ESTRELLAS;AYACUCHO;050000;3;39;77;16.87;15.46;1.89;1.91;1.74;195;176;19;369;336;33;15
20260512;2025;01;03;HOSTAL;03;3 ESTRELLAS;CAJAMARCA;060000;52;779;1293;17.99;14.11;1.3;1.31;1.21;4338;4214;124;5657;5507;150;179
20260512;2025;01;03;HOSTAL;03;3 ESTRELLAS;CUSCO;080000;18;321;615;24.86;21.74;1.69;1.4;2.03;2449;1320;1129;4144;1850;2294;74
20260512;2025;01;03;HOSTAL;03;3 ESTRELLAS;HUÁNUCO;100000;1;31;39;0;0;0;0;0;0;0;0;0;0;0;0
20260512;2025;01;03;HOSTAL;03;3 ESTRELLAS;ICA;110000;40;670;1233;41.22;34.54;1.29;1.34;1.09;10243;8091;2152;13204;10857;2347;145
20260512;2025;01;03;HOSTAL;03;3 ESTRELLAS;JUNÍN;120000;3;57;114;23.43;16.81;1.55;1.55;2;382;378;4;594;586;8;35
20260512;2025;01;03;HOSTAL;03;3 ESTRELLAS;LA LIBERTAD;130000;47;871;1697;31.74;27.23;1.13;1.13;1.19;12633;12356;277;14325;13994;331;165
20260512;2025;01;03;HOSTAL;03;3 ESTRELLAS;LAMBAYEQUE;140000;25;369;554;40.21;34.51;1.31;1.31;1.53;4507;4413;94;5926;5782;144;91
20260512;2025;01;03;HOSTAL;03;3 ESTRELLAS;LIMA;150000;25;513;952;20.06;17.26;1.16;1.14;1.29;4377;3771;606;5095;4311;784;93
20260512;2025;01;03;HOSTAL;03;3 ESTRELLAS;LORETO;160000;8;144;232;30.22;28.09;2.34;2.33;2.39;863;696;167;2020;1621;399;56
20260512;2025;01;03;HOSTAL;03;3 ESTRELLAS;MADRE DE DIOS;170000;1;22;28;45.16;49.88;1.4;1.4;0;309;309;0;433;433;0;2
20260512;2025;01;03;HOSTAL;03;3 ESTRELLAS;MOQUEGUA;180000;6;162;315;6.47;5.53;1.83;1.84;1.38;295;287;8;540;529;11;20
20260512;2025;01;03;HOSTAL;03;3 ESTRELLAS;PASCO;190000;2;21;44;29.65;25.66;1.24;1.23;2;282;279;3;350;344;6;9
20260512;2025;01;03;HOSTAL;03;3 ESTRELLAS;PIURA;200000;2;36;78;22.13;20.97;2.83;2.72;3.29;179;144;35;507;392;115;19
20260512;2025;01;03;HOSTAL;03;3 ESTRELLAS;PUNO;210000;10;225;394;22.84;16.65;1.51;1.59;1.2;1349;1059;290;2034;1685;349;53
20260512;2025;01;03;HOSTAL;03;3 ESTRELLAS;SAN MARTÍN;220000;5;94;217;61.05;46.31;1.72;1.7;2.4;1813;1771;42;3115;3014;101;42
20260512;2025;01;03;HOSTAL;03;3 ESTRELLAS;TACNA;230000;4;78;178;34.16;30.45;2.84;2.72;2.93;592;263;329;1680;715;965;18
20260512;2025;01;03;HOSTAL;03;3 ESTRELLAS;TUMBES;240000;4;65;142;1.84;2.02;1;1;0;89;89;0;89;89;0;13
20260512;2025;01;03;HOSTAL;03;3 ESTRELLAS;UCAYALI;250000;1;35;52;6.82;6.64;1.51;1.51;0;71;71;0;107;107;0;4
20260512;2025;01;03;HOSTAL;TT;TODAS CONSOLIDADAS;AMAZONAS;010000;81;1206;1906;26.42;19.44;1.13;1.11;1.93;10171;9968;203;11488;11097;391;229
20260512;2025;01;03;HOSTAL;TT;TODAS CONSOLIDADAS;ÁNCASH;020000;186;3032;5300;31.05;27.28;1.23;1.23;1.28;36478;36167;311;44819;44420;399;547
20260512;2025;01;03;HOSTAL;TT;TODAS CONSOLIDADAS;APURÍMAC;030000;11;267;424;33.14;28.14;1.11;1.11;1.03;3324;3261;63;3699;3634;65;37
20260512;2025;01;03;HOSTAL;TT;TODAS CONSOLIDADAS;AREQUIPA;040000;228;3647;6375;30.13;25.18;1.37;1.33;1.76;36415;33533;2882;49760;44698;5062;714
20260512;2025;01;03;HOSTAL;TT;TODAS CONSOLIDADAS;AYACUCHO;050000;29;387;713;17.72;16.16;1.39;1.38;1.49;2575;2488;87;3571;3441;130;81
20260512;2025;01;03;HOSTAL;TT;TODAS CONSOLIDADAS;CAJAMARCA;060000;211;3633;5854;17.43;14.41;1.27;1.27;1.21;20642;20414;228;26145;25870;275;641
20260512;2025;01;03;HOSTAL;TT;TODAS CONSOLIDADAS;CALLAO;070000;12;380;702;33.27;31.35;1.02;1.02;0;6921;6921;0;7060;7060;0;58
20260512;2025;01;03;HOSTAL;TT;TODAS CONSOLIDADAS;CUSCO;080000;85;1413;2493;24.73;21.07;1.47;1.27;1.94;11109;7854;3255;16284;9963;6321;262
20260512;2025;01;03;HOSTAL;TT;TODAS CONSOLIDADAS;HUANCAVELICA;090000;4;131;208;16.45;11.96;1.05;1.05;1.33;736;733;3;771;767;4;13
20260512;2025;01;03;HOSTAL;TT;TODAS CONSOLIDADAS;HUÁNUCO;100000;58;988;1574;33.36;24.44;1.16;1.16;1.13;10270;10225;45;11925;11874;51;185
20260512;2025;01;03;HOSTAL;TT;TODAS CONSOLIDADAS;ICA;110000;140;2150;3615;30.16;27.08;1.13;1.13;1.09;26944;24506;2438;30342;27682;2660;402
20260512;2025;01;03;HOSTAL;TT;TODAS CONSOLIDADAS;JUNÍN;120000;41;628;1171;25.41;24.08;1.23;1.23;1.54;7103;7049;54;8743;8660;83;143
20260512;2025;01;03;HOSTAL;TT;TODAS CONSOLIDADAS;LA LIBERTAD;130000;192;3230;5911;24.82;22.44;1.23;1.23;1.23;33295;32806;489;41114;40512;602;579
20260512;2025;01;03;HOSTAL;TT;TODAS CONSOLIDADAS;LAMBAYEQUE;140000;185;2698;4058;28.85;24.04;1.14;1.14;1.38;26561;26420;141;30239;30044;195;535
20260512;2025;01;03;HOSTAL;TT;TODAS CONSOLIDADAS;LIMA;150000;226;5172;9379;28.7;25.42;1.28;1.23;2;71672;66496;5176;91828;81495;10333;1083
20260512;2025;01;03;HOSTAL;TT;TODAS CONSOLIDADAS;LORETO;160000;25;452;711;22.16;19.3;2.14;2.09;2.53;1987;1738;249;4254;3625;629;125
20260512;2025;01;03;HOSTAL;TT;TODAS CONSOLIDADAS;MADRE DE DIOS;170000;9;221;351;29.24;24.74;1.29;1.29;1.26;2088;2001;87;2692;2582;110;37
20260512;2025;01;03;HOSTAL;TT;TODAS CONSOLIDADAS;MOQUEGUA;180000;94;1469;2467;26.51;20.97;1.49;1.49;1.22;10783;10593;190;16036;15805;231;266
20260512;2025;01;03;HOSTAL;TT;TODAS CONSOLIDADAS;PASCO;190000;39;689;1194;17.26;12.78;1.18;1.18;2;3993;3990;3;4731;4725;6;111
20260512;2025;01;03;HOSTAL;TT;TODAS CONSOLIDADAS;PIURA;200000;28;559;955;27.14;20.49;1.72;1.7;2.04;3531;3344;187;6067;5686;381;112
20260512;2025;01;03;HOSTAL;TT;TODAS CONSOLIDADAS;PUNO;210000;105;1670;3043;24.17;17.6;1.24;1.23;1.26;13418;11834;1584;16599;14605;1994;294
20260512;2025;01;03;HOSTAL;TT;TODAS CONSOLIDADAS;SAN MARTÍN;220000;26;394;738;37.66;32.28;1.59;1.57;2.65;4644;4556;88;7386;7153;233;129
20260512;2025;01;03;HOSTAL;TT;TODAS CONSOLIDADAS;TACNA;230000;42;730;1385;25.94;21.09;1.44;1.37;1.49;6274;2545;3729;9053;3499;5554;133
20260512;2025;01;03;HOSTAL;TT;TODAS CONSOLIDADAS;TUMBES;240000;9;131;273;7.63;7.74;1.5;1.51;1.41;436;419;17;655;631;24;34
20260512;2025;01;03;HOSTAL;TT;TODAS CONSOLIDADAS;UCAYALI;250000;3;103;176;11.96;8.05;1.37;1.38;1;320;311;9;439;430;9;20
20260512;2025;02;03;HOSTAL;01;1 ESTRELLA;AMAZONAS;010000;18;245;363;35.39;30.12;1.21;1.21;2;2526;2524;2;3061;3057;4;42
20260512;2025;02;03;HOSTAL;01;1 ESTRELLA;ÁNCASH;020000;37;544;891;27.57;21.06;1.15;1.15;1.13;4573;4533;40;5255;5210;45;94
20260512;2025;02;03;HOSTAL;01;1 ESTRELLA;APURÍMAC;030000;4;114;182;24.47;24.37;1.17;1.17;1;1060;1058;2;1242;1240;2;12
20260512;2025;02;03;HOSTAL;01;1 ESTRELLA;AREQUIPA;040000;51;778;1190;24.88;21.27;1.15;1.15;1.17;6177;5852;325;7087;6707;380;135
20260512;2025;02;03;HOSTAL;01;1 ESTRELLA;AYACUCHO;050000;16;207;381;17.12;12.74;1.25;1.25;1.32;1086;1064;22;1359;1330;29;39
20260512;2025;02;03;HOSTAL;01;1 ESTRELLA;CAJAMARCA;060000;24;447;729;17.37;14.27;1.34;1.34;0;2175;2175;0;2913;2913;0;79
20260512;2025;02;03;HOSTAL;01;1 ESTRELLA;CALLAO;070000;6;133;249;32.36;35.4;1;1;0;2533;2533;0;2533;2533;0;19
20260512;2025;02;03;HOSTAL;01;1 ESTRELLA;CUSCO;080000;22;384;639;21.12;18.3;1.1;1.1;1.56;2968;2943;25;3275;3236;39;52
20260512;2025;02;03;HOSTAL;01;1 ESTRELLA;HUANCAVELICA;090000;2;66;94;22.19;16.83;1;1;0;443;443;0;443;443;0;5
20260512;2025;02;03;HOSTAL;01;1 ESTRELLA;HUÁNUCO;100000;27;398;607;39.46;27.79;1.22;1.22;0;3871;3871;0;4723;4723;0;74
20260512;2025;02;03;HOSTAL;01;1 ESTRELLA;ICA;110000;17;212;328;34.54;34.77;1.1;1.1;1;2901;2894;7;3193;3186;7;45
20260512;2025;02;03;HOSTAL;01;1 ESTRELLA;JUNÍN;120000;12;170;294;24.31;19.42;1.27;1.27;0;1257;1257;0;1599;1599;0;30
20260512;2025;02;03;HOSTAL;01;1 ESTRELLA;LA LIBERTAD;130000;24;356;630;31.42;25.6;1.62;1.62;0;2781;2781;0;4515;4515;0;60
20260512;2025;02;03;HOSTAL;01;1 ESTRELLA;LAMBAYEQUE;140000;16;212;301;31.57;29.79;1.05;1.05;0;2397;2397;0;2511;2511;0;40
20260512;2025;02;03;HOSTAL;01;1 ESTRELLA;LIMA;150000;81;1672;2975;34.51;26.15;1.19;1.19;1.25;24216;23811;405;28800;28295;505;353
20260512;2025;02;03;HOSTAL;01;1 ESTRELLA;LORETO;160000;5;90;140;20.44;17.78;1.64;1.63;2.33;424;418;6;697;683;14;22
20260512;2025;02;03;HOSTAL;01;1 ESTRELLA;MADRE DE DIOS;170000;2;53;101;7.14;3.68;1;1;0;104;104;0;104;104;0;8
20260512;2025;02;03;HOSTAL;01;1 ESTRELLA;MOQUEGUA;180000;21;332;547;18.12;15.74;1.3;1.3;1.18;1861;1799;62;2410;2337;73;57
20260512;2025;02;03;HOSTAL;01;1 ESTRELLA;PASCO;190000;21;378;584;13.61;14.76;1.32;1.32;2;1828;1826;2;2413;2409;4;60
20260512;2025;02;03;HOSTAL;01;1 ESTRELLA;PIURA;200000;3;56;81;43.56;31.75;1.94;1.94;1.25;372;368;4;720;715;5;10
20260512;2025;02;03;HOSTAL;01;1 ESTRELLA;PUNO;210000;35;524;926;29.33;20.64;1.16;1.16;1.03;4625;4453;172;5352;5175;177;82
20260512;2025;02;03;HOSTAL;01;1 ESTRELLA;TACNA;230000;9;157;270;27.46;27.24;1.07;1.06;1.09;1919;1170;749;2059;1242;817;25
20260512;2025;02;03;HOSTAL;02;2 ESTRELLAS;AMAZONAS;010000;55;874;1368;25.09;19.65;1.09;1.07;1.72;6927;6768;159;7527;7254;273;161
20260512;2025;02;03;HOSTAL;02;2 ESTRELLAS;ÁNCASH;020000;130;2178;3819;33.21;30.01;1.17;1.17;1.18;27318;27087;231;32092;31819;273;376
20260512;2025;02;03;HOSTAL;02;2 ESTRELLAS;APURÍMAC;030000;6;130;199;39.42;32.97;1.1;1.1;1;1676;1652;24;1837;1813;24;20
20260512;2025;02;03;HOSTAL;02;2 ESTRELLAS;AREQUIPA;040000;131;2123;3774;36.54;29.98;1.29;1.28;1.45;24560;23314;1246;31684;29874;1810;378
20260512;2025;02;03;HOSTAL;02;2 ESTRELLAS;AYACUCHO;050000;10;141;255;14.89;17.7;1.71;1.71;1.75;740;696;44;1264;1187;77;30
20260512;2025;02;03;HOSTAL;02;2 ESTRELLAS;CAJAMARCA;060000;136;2401;3842;23.04;17.25;1.2;1.2;1.13;15527;15369;158;18561;18383;178;393
20260512;2025;02;03;HOSTAL;02;2 ESTRELLAS;CALLAO;070000;6;247;453;31.62;27.71;1.03;1.03;0;3419;3419;0;3515;3515;0;37
20260512;2025;02;03;HOSTAL;02;2 ESTRELLAS;CUSCO;080000;46;733;1293;30.66;25.83;1.67;1.58;2;5614;4429;1185;9353;6978;2375;140
20260512;2025;02;03;HOSTAL;02;2 ESTRELLAS;HUANCAVELICA;090000;2;65;114;15.16;10.75;1.04;1.04;0;331;331;0;343;343;0;8
20260512;2025;02;03;HOSTAL;02;2 ESTRELLAS;HUÁNUCO;100000;31;548;909;29.48;21.86;1.1;1.1;1.04;5060;5033;27;5565;5537;28;109
20260512;2025;02;03;HOSTAL;02;2 ESTRELLAS;ICA;110000;82;1261;2029;28.26;23.93;1.04;1.03;1.23;13122;12908;214;13595;13332;263;210
20260512;2025;02;03;HOSTAL;02;2 ESTRELLAS;JUNÍN;120000;26;409;773;29.59;28.57;1.17;1.17;1.4;5278;5243;35;6183;6134;49;82
20260512;2025;02;03;HOSTAL;02;2 ESTRELLAS;LA LIBERTAD;130000;121;2010;3598;21.28;19.97;1.29;1.29;1.27;15609;15386;223;20121;19838;283;361
20260512;2025;02;03;HOSTAL;02;2 ESTRELLAS;LAMBAYEQUE;140000;146;2126;3204;28.39;23.01;1.16;1.16;1;17848;17822;26;20641;20615;26;410
20260512;2025;02;03;HOSTAL;02;2 ESTRELLAS;LIMA;150000;120;2987;5450;35.72;34.17;1.39;1.28;2.6;53111;48686;4425;73920;62408;11513;716
20260512;2025;02;03;HOSTAL;02;2 ESTRELLAS;LORETO;160000;11;202;307;22.72;17.68;2.52;2.53;2.44;603;525;78;1520;1330;190;42
20260512;2025;02;03;HOSTAL;02;2 ESTRELLAS;MADRE DE DIOS;170000;6;146;222;38.77;32.48;1.4;1.4;1.34;1447;1386;61;2019;1937;82;27
20260512;2025;02;03;HOSTAL;02;2 ESTRELLAS;MOQUEGUA;180000;68;1027;1666;29.55;22.99;1.35;1.35;1.06;7955;7868;87;10725;10633;92;194
20260512;2025;02;03;HOSTAL;02;2 ESTRELLAS;PASCO;190000;17;302;584;16.89;11.66;1.38;1.38;2;1380;1376;4;1907;1899;8;47
20260512;2025;02;03;HOSTAL;02;2 ESTRELLAS;PIURA;200000;23;467;796;28.06;22.09;1.72;1.72;1.68;2857;2754;103;4923;4750;173;83
20260512;2025;02;03;HOSTAL;02;2 ESTRELLAS;PUNO;210000;60;918;1721;30.61;24.71;1.36;1.37;1.31;8738;8028;710;11905;10973;932;163
20260512;2025;02;03;HOSTAL;02;2 ESTRELLAS;SAN MARTÍN;220000;21;300;521;32.71;28.57;1.67;1.67;1.96;2489;2433;56;4168;4058;110;86
20260512;2025;02;03;HOSTAL;02;2 ESTRELLAS;TACNA;230000;29;495;937;28.75;21.68;1.55;1.52;1.55;3677;907;2770;5689;1382;4307;90
20260512;2025;02;03;HOSTAL;02;2 ESTRELLAS;TUMBES;240000;5;66;131;15.53;14.07;1.75;1.72;1.89;295;248;47;516;427;89;21
20260512;2025;02;03;HOSTAL;02;2 ESTRELLAS;UCAYALI;250000;2;68;124;15.81;9.36;1.46;1.46;1.29;223;216;7;325;316;9;16
20260512;2025;02;03;HOSTAL;03;3 ESTRELLAS;AMAZONAS;010000;9;116;219;19.46;13.1;1.48;1.46;1.95;543;522;21;803;762;41;30
20260512;2025;02;03;HOSTAL;03;3 ESTRELLAS;ÁNCASH;020000;20;317;597;27.35;22.74;1.59;1.58;2.08;2395;2355;40;3802;3719;83;73
20260512;2025;02;03;HOSTAL;03;3 ESTRELLAS;APURÍMAC;030000;1;24;43;19.2;10.71;1.61;1.55;4;80;78;2;129;121;8;5
20260512;2025;02;03;HOSTAL;03;3 ESTRELLAS;AREQUIPA;040000;48;783;1462;22.87;18.38;1.93;1.86;2.13;3902;2918;984;7524;5430;2094;202
20260512;2025;02;03;HOSTAL;03;3 ESTRELLAS;AYACUCHO;050000;3;39;77;17.86;17.44;2.15;2.19;1.79;175;156;19;376;342;34;15
20260512;2025;02;03;HOSTAL;03;3 ESTRELLAS;CAJAMARCA;060000;52;779;1293;21.18;16.41;1.33;1.33;1.25;4466;4312;154;5940;5748;192;181
20260512;2025;02;03;HOSTAL;03;3 ESTRELLAS;CUSCO;080000;16;293;562;15.91;15.28;1.88;1.73;2.43;1279;1002;277;2405;1733;672;63
20260512;2025;02;03;HOSTAL;03;3 ESTRELLAS;HUÁNUCO;100000;1;31;39;0;0;0;0;0;0;0;0;0;0;0;0
20260512;2025;02;03;HOSTAL;03;3 ESTRELLAS;ICA;110000;41;678;1258;39.93;31.48;1.27;1.32;1.07;8764;6826;1938;11088;9007;2081;149
20260512;2025;02;03;HOSTAL;03;3 ESTRELLAS;JUNÍN;120000;3;57;114;28.45;17.04;2.12;2.1;3.33;257;254;3;544;534;10;35
20260512;2025;02;03;HOSTAL;03;3 ESTRELLAS;LA LIBERTAD;130000;47;875;1703;32.27;28.09;1.18;1.17;1.43;11397;11131;266;13394;13014;380;165
20260512;2025;02;03;HOSTAL;03;3 ESTRELLAS;LAMBAYEQUE;140000;25;369;556;31.84;29.3;1.33;1.33;1.24;3430;3372;58;4562;4490;72;91
20260512;2025;02;03;HOSTAL;03;3 ESTRELLAS;LIMA;150000;25;513;952;24.37;19;1.19;1.19;1.19;4260;3810;450;5064;4527;537;93
20260512;2025;02;03;HOSTAL;03;3 ESTRELLAS;LORETO;160000;8;144;227;32.29;30.14;2.08;2.18;1.85;921;646;275;1916;1408;508;56
20260512;2025;02;03;HOSTAL;03;3 ESTRELLAS;MADRE DE DIOS;170000;1;22;28;48.54;51.15;1.33;1.33;0;301;301;0;401;401;0;2
20260512;2025;02;03;HOSTAL;03;3 ESTRELLAS;MOQUEGUA;180000;6;162;315;9.08;7.88;1.99;1.98;2.11;349;331;18;695;657;38;21
20260512;2025;02;03;HOSTAL;03;3 ESTRELLAS;PASCO;190000;2;21;44;23.98;21.75;1.25;1.25;1;214;213;1;268;267;1;9
20260512;2025;02;03;HOSTAL;03;3 ESTRELLAS;PIURA;200000;2;36;86;30.46;39.49;2.1;2.05;2.5;452;398;54;951;816;135;19
20260512;2025;02;03;HOSTAL;03;3 ESTRELLAS;PUNO;210000;10;225;394;33.35;25.32;1.65;1.66;1.62;1694;1344;350;2793;2226;567;53
20260512;2025;02;03;HOSTAL;03;3 ESTRELLAS;SAN MARTÍN;220000;5;94;217;72.95;58.89;1.85;1.85;0;1933;1933;0;3578;3578;0;42
20260512;2025;02;03;HOSTAL;03;3 ESTRELLAS;TACNA;230000;4;78;178;36.68;31.02;2.51;2.48;2.53;616;237;379;1546;588;958;18
20260512;2025;02;03;HOSTAL;03;3 ESTRELLAS;TUMBES;240000;4;65;142;5.88;4.4;2.33;2.28;2.64;75;64;11;175;146;29;12
20260512;2025;02;03;HOSTAL;03;3 ESTRELLAS;UCAYALI;250000;1;35;52;16.73;15.18;1.57;1.57;0;141;141;0;221;221;0;4
20260512;2025;02;03;HOSTAL;TT;TODAS CONSOLIDADAS;AMAZONAS;010000;82;1235;1950;26.6;20.86;1.14;1.13;1.75;9996;9814;182;11391;11073;318;233
20260512;2025;02;03;HOSTAL;TT;TODAS CONSOLIDADAS;ÁNCASH;020000;187;3039;5307;31.59;27.69;1.2;1.2;1.29;34286;33975;311;41149;40748;401;543
20260512;2025;02;03;HOSTAL;TT;TODAS CONSOLIDADAS;APURÍMAC;030000;11;268;424;31.25;27.02;1.14;1.14;1.21;2816;2788;28;3208;3174;34;37
20260512;2025;02;03;HOSTAL;TT;TODAS CONSOLIDADAS;AREQUIPA;040000;230;3684;6426;31.17;25.73;1.34;1.31;1.68;34639;32084;2555;46295;42011;4284;715
20260512;2025;02;03;HOSTAL;TT;TODAS CONSOLIDADAS;AYACUCHO;050000;29;387;713;16.38;15.02;1.5;1.49;1.65;2001;1916;85;2999;2859;140;84
20260512;2025;02;03;HOSTAL;TT;TODAS CONSOLIDADAS;CAJAMARCA;060000;212;3627;5864;21.94;16.7;1.24;1.24;1.19;22168;21856;312;27414;27044;370;653
20260512;2025;02;03;HOSTAL;TT;TODAS CONSOLIDADAS;CALLAO;070000;12;380;702;31.86;30.17;1.02;1.02;0;6033;6033;0;6137;6137;0;58
20260512;2025;02;03;HOSTAL;TT;TODAS CONSOLIDADAS;CUSCO;080000;84;1410;2494;25;21.53;1.52;1.43;2.08;9861;8374;1487;15033;11947;3086;255
20260512;2025;02;03;HOSTAL;TT;TODAS CONSOLIDADAS;HUANCAVELICA;090000;4;131;208;18.7;13.5;1.02;1.02;0;774;774;0;786;786;0;13
20260512;2025;02;03;HOSTAL;TT;TODAS CONSOLIDADAS;HUÁNUCO;100000;59;977;1555;32.61;23.63;1.15;1.15;1.04;8931;8904;27;10288;10260;28;183
20260512;2025;02;03;HOSTAL;TT;TODAS CONSOLIDADAS;ICA;110000;140;2151;3615;32.56;27.54;1.12;1.13;1.09;24787;22628;2159;27876;25525;2351;404
20260512;2025;02;03;HOSTAL;TT;TODAS CONSOLIDADAS;JUNÍN;120000;41;636;1181;28.08;25.18;1.23;1.22;1.55;6792;6754;38;8326;8267;59;147
20260512;2025;02;03;HOSTAL;TT;TODAS CONSOLIDADAS;LA LIBERTAD;130000;192;3241;5931;25.36;22.9;1.28;1.28;1.36;29787;29298;489;38030;37367;663;586
20260512;2025;02;03;HOSTAL;TT;TODAS CONSOLIDADAS;LAMBAYEQUE;140000;187;2707;4061;29.11;24.37;1.17;1.17;1.17;23675;23591;84;27714;27616;98;541
20260512;2025;02;03;HOSTAL;TT;TODAS CONSOLIDADAS;LIMA;150000;226;5172;9377;32.72;28.45;1.3;1.24;2.14;71375;66538;4837;92784;82413;10371;1083
20260512;2025;02;03;HOSTAL;TT;TODAS CONSOLIDADAS;LORETO;160000;24;436;674;25.41;21.9;2.12;2.15;1.98;1948;1589;359;4133;3421;712;120
20260512;2025;02;03;HOSTAL;TT;TODAS CONSOLIDADAS;MADRE DE DIOS;170000;9;221;351;32.16;25.68;1.36;1.36;1.34;1852;1791;61;2524;2442;82;37
20260512;2025;02;03;HOSTAL;TT;TODAS CONSOLIDADAS;MOQUEGUA;180000;95;1521;2528;24.87;19.54;1.36;1.36;1.22;10165;9998;167;13830;13627;203;272
20260512;2025;02;03;HOSTAL;TT;TODAS CONSOLIDADAS;PASCO;190000;40;701;1212;15.33;13.52;1.34;1.34;1.86;3422;3415;7;4588;4575;13;116
20260512;2025;02;03;HOSTAL;TT;TODAS CONSOLIDADAS;PIURA;200000;28;559;963;29.77;24.45;1.79;1.78;1.94;3681;3520;161;6594;6281;313;112
20260512;2025;02;03;HOSTAL;TT;TODAS CONSOLIDADAS;PUNO;210000;105;1667;3041;30.57;23.55;1.33;1.33;1.36;15057;13825;1232;20050;18374;1676;298
20260512;2025;02;03;HOSTAL;TT;TODAS CONSOLIDADAS;SAN MARTÍN;220000;26;394;738;42.31;37.49;1.75;1.75;1.96;4422;4366;56;7746;7636;110;128
20260512;2025;02;03;HOSTAL;TT;TODAS CONSOLIDADAS;TACNA;230000;42;730;1385;29.32;23.97;1.5;1.39;1.56;6212;2314;3898;9294;3212;6082;133
20260512;2025;02;03;HOSTAL;TT;TODAS CONSOLIDADAS;TUMBES;240000;9;131;273;10.74;9.04;1.87;1.84;2.03;370;312;58;691;573;118;33
20260512;2025;02;03;HOSTAL;TT;TODAS CONSOLIDADAS;UCAYALI;250000;3;103;176;16.12;11.08;1.5;1.5;1.29;364;357;7;546;537;9;20
20260512;2025;03;03;HOSTAL;01;1 ESTRELLA;AMAZONAS;010000;18;245;363;24.02;19.5;1.07;1.07;1.16;2047;2028;19;2194;2172;22;38
20260512;2025;03;03;HOSTAL;01;1 ESTRELLA;ÁNCASH;020000;37;544;891;28.33;22.24;1.18;1.18;1.27;5187;5109;78;6143;6044;99;93
20260512;2025;03;03;HOSTAL;01;1 ESTRELLA;APURÍMAC;030000;4;114;182;24.48;23.71;1.14;1.14;1;1175;1171;4;1338;1334;4;12
20260512;2025;03;03;HOSTAL;01;1 ESTRELLA;AREQUIPA;040000;51;774;1183;23.2;20.18;1.06;1.07;1.04;6955;6570;385;7399;6998;401;132
20260512;2025;03;03;HOSTAL;01;1 ESTRELLA;AYACUCHO;050000;16;219;399;15.48;12.52;1.09;1.09;1.47;1415;1398;17;1549;1524;25;39
20260512;2025;03;03;HOSTAL;01;1 ESTRELLA;CAJAMARCA;060000;24;447;729;9.51;6.9;1.05;1.05;0;1482;1482;0;1560;1560;0;75
20260512;2025;03;03;HOSTAL;01;1 ESTRELLA;CALLAO;070000;6;133;249;33.54;35.92;1;1;0;2846;2846;0;2846;2846;0;19
20260512;2025;03;03;HOSTAL;01;1 ESTRELLA;CUSCO;080000;21;378;627;22.88;19.55;1.09;1.09;1.67;3485;3479;6;3799;3789;10;50
20260512;2025;03;03;HOSTAL;01;1 ESTRELLA;HUANCAVELICA;090000;2;66;94;11.29;9.75;1;1;0;284;284;0;284;284;0;5
20260512;2025;03;03;HOSTAL;01;1 ESTRELLA;HUÁNUCO;100000;27;398;607;36.63;25.81;1.22;1.22;0;3985;3985;0;4857;4857;0;74
20260512;2025;03;03;HOSTAL;01;1 ESTRELLA;ICA;110000;17;212;328;37.17;35.5;1.09;1.09;1;3319;3318;1;3610;3609;1;45
20260512;2025;03;03;HOSTAL;01;1 ESTRELLA;JUNÍN;120000;12;170;294;22.37;17.79;1.26;1.26;0;1284;1284;0;1621;1621;0;30
20260512;2025;03;03;HOSTAL;01;1 ESTRELLA;LA LIBERTAD;130000;24;358;632;29.93;24.82;1.64;1.64;0;2961;2961;0;4862;4862;0;60
20260512;2025;03;03;HOSTAL;01;1 ESTRELLA;LAMBAYEQUE;140000;16;212;301;27.68;28.45;1.16;1.16;0;2284;2284;0;2655;2655;0;40
20260512;2025;03;03;HOSTAL;01;1 ESTRELLA;LIMA;150000;80;1658;2947;30.09;22.81;1.25;1.25;1.31;22290;21947;343;27960;27510;450;347
20260512;2025;03;03;HOSTAL;01;1 ESTRELLA;LORETO;160000;6;106;172;16.83;13.92;1.57;1.55;1.83;474;456;18;742;709;33;25
20260512;2025;03;03;HOSTAL;01;1 ESTRELLA;MADRE DE DIOS;170000;2;53;101;22.95;17.66;2;2;0;277;277;0;553;553;0;7
20260512;2025;03;03;HOSTAL;01;1 ESTRELLA;MOQUEGUA;180000;21;347;557;13.13;10.96;1.29;1.3;1.18;1464;1424;40;1892;1845;47;57
20260512;2025;03;03;HOSTAL;01;1 ESTRELLA;PASCO;190000;22;389;611;11.69;9.15;1.11;1.11;1;1564;1556;8;1734;1726;8;62
20260512;2025;03;03;HOSTAL;01;1 ESTRELLA;PIURA;200000;3;56;81;31.91;24.41;1.61;1.61;1.56;381;372;9;613;599;14;10
20260512;2025;03;03;HOSTAL;01;1 ESTRELLA;PUNO;210000;35;524;926;24.21;16.66;1.25;1.25;1.2;3837;3659;178;4782;4569;213;79
20260512;2025;03;03;HOSTAL;01;1 ESTRELLA;TACNA;230000;9;157;270;18.43;18.42;1.05;1.03;1.08;1473;1027;446;1542;1059;483;25
20260512;2025;03;03;HOSTAL;02;2 ESTRELLAS;AMAZONAS;010000;59;913;1433;24.01;17.82;1.13;1.11;1.87;7026;6840;186;7918;7571;347;170
20260512;2025;03;03;HOSTAL;02;2 ESTRELLAS;ÁNCASH;020000;131;2198;3852;34.13;29.95;1.19;1.19;1.68;30061;29925;136;35769;35541;228;380
20260512;2025;03;03;HOSTAL;02;2 ESTRELLAS;APURÍMAC;030000;6;129;199;38.53;32;1.08;1.08;1;1823;1801;22;1974;1952;22;20
20260512;2025;03;03;HOSTAL;02;2 ESTRELLAS;AREQUIPA;040000;131;2123;3797;32.74;27.34;1.31;1.3;1.42;24527;22686;1841;32185;29565;2620;378
20260512;2025;03;03;HOSTAL;02;2 ESTRELLAS;AYACUCHO;050000;10;128;226;27.6;31.16;1.63;1.63;1.59;1342;1308;34;2183;2129;54;31
20260512;2025;03;03;HOSTAL;02;2 ESTRELLAS;CAJAMARCA;060000;136;2420;3874;20.15;16.36;1.23;1.23;1.26;15965;15855;110;19653;19514;139;392
20260512;2025;03;03;HOSTAL;02;2 ESTRELLAS;CALLAO;070000;6;247;453;31.88;27.83;1.02;1.02;0;3819;3819;0;3908;3908;0;37
20260512;2025;03;03;HOSTAL;02;2 ESTRELLAS;CUSCO;080000;46;734;1283;28.53;25.07;1.76;1.73;1.8;5670;3386;2284;9973;5859;4114;140
20260512;2025;03;03;HOSTAL;02;2 ESTRELLAS;HUANCAVELICA;090000;2;65;114;13.75;10.53;1.08;1.08;1;344;338;6;372;366;6;8
20260512;2025;03;03;HOSTAL;02;2 ESTRELLAS;HUÁNUCO;100000;31;516;831;27.86;21.9;1.18;1.18;1.15;4790;4763;27;5641;5610;31;109
20260512;2025;03;03;HOSTAL;02;2 ESTRELLAS;ICA;110000;82;1261;2029;22.27;19.54;1.02;1.02;1.1;12024;11726;298;12293;11965;328;210
20260512;2025;03;03;HOSTAL;02;2 ESTRELLAS;JUNÍN;120000;26;409;773;22.93;23.11;1.15;1.15;1.45;4800;4749;51;5537;5463;74;82
20260512;2025;03;03;HOSTAL;02;2 ESTRELLAS;LA LIBERTAD;130000;122;2036;3639;20.25;18.32;1.25;1.25;1.16;16565;16491;74;20664;20578;86;361
20260512;2025;03;03;HOSTAL;02;2 ESTRELLAS;LAMBAYEQUE;140000;147;2153;3255;25.79;20.81;1.17;1.17;1.09;17909;17762;147;20995;20835;160;411
20260512;2025;03;03;HOSTAL;02;2 ESTRELLAS;LIMA;150000;120;2987;5450;34.14;31.15;1.34;1.24;2.38;55474;50254;5220;74599;62175;12424;716
20260512;2025;03;03;HOSTAL;02;2 ESTRELLAS;LORETO;160000;13;241;366;19.44;17.23;2.1;2.15;1.79;930;813;117;1955;1745;210;50
20260512;2025;03;03;HOSTAL;02;2 ESTRELLAS;MADRE DE DIOS;170000;6;146;222;33.41;27.16;1.26;1.26;1.21;1484;1436;48;1869;1811;58;27
20260512;2025;03;03;HOSTAL;02;2 ESTRELLAS;MOQUEGUA;180000;68;1006;1625;21.57;16.04;1.33;1.33;1.76;6078;6044;34;8081;8021;60;191
20260512;2025;03;03;HOSTAL;02;2 ESTRELLAS;PASCO;190000;16;294;550;18.62;12.97;1.41;1.41;0;1568;1568;0;2212;2212;0;45
20260512;2025;03;03;HOSTAL;02;2 ESTRELLAS;PIURA;200000;23;467;796;23.62;16.72;1.71;1.72;1.3;2415;2326;89;4125;4009;116;83
20260512;2025;03;03;HOSTAL;02;2 ESTRELLAS;PUNO;210000;60;933;1727;21.79;16.22;1.18;1.15;1.36;7370;6326;1044;8682;7266;1416;164
20260512;2025;03;03;HOSTAL;02;2 ESTRELLAS;SAN MARTÍN;220000;21;300;521;22.74;20.45;1.6;1.6;1.63;2064;2032;32;3303;3251;52;86
20260512;2025;03;03;HOSTAL;02;2 ESTRELLAS;TACNA;230000;29;495;937;30.95;17.35;1.89;1.74;1.96;2671;888;1783;5039;1543;3496;90
20260512;2025;03;03;HOSTAL;02;2 ESTRELLAS;TUMBES;240000;5;66;131;10.07;8.42;1.59;1.58;1.75;215;207;8;342;328;14;21
20260512;2025;03;03;HOSTAL;02;2 ESTRELLAS;UCAYALI;250000;2;68;124;14.23;8.38;1.43;1.43;1.4;225;215;10;322;308;14;16
20260512;2025;03;03;HOSTAL;03;3 ESTRELLAS;AMAZONAS;010000;9;116;219;17.24;10.61;1.41;1.37;1.83;511;465;46;720;636;84;31
20260512;2025;03;03;HOSTAL;03;3 ESTRELLAS;ÁNCASH;020000;20;317;597;24.09;18.84;1.39;1.38;1.74;2513;2452;61;3486;3380;106;77
20260512;2025;03;03;HOSTAL;03;3 ESTRELLAS;APURÍMAC;030000;1;24;43;25.94;14.48;1.65;1.66;1.5;117;109;8;193;181;12;5
20260512;2025;03;03;HOSTAL;03;3 ESTRELLAS;AREQUIPA;040000;48;783;1462;26.07;18.97;1.88;1.87;1.9;4564;2904;1660;8596;5438;3158;196
20260512;2025;03;03;HOSTAL;03;3 ESTRELLAS;AYACUCHO;050000;3;39;77;28.37;17.01;1.85;1.87;1.56;220;204;16;406;381;25;16
20260512;2025;03;03;HOSTAL;03;3 ESTRELLAS;CAJAMARCA;060000;52;779;1293;17.62;14.14;1.46;1.46;1.44;3894;3833;61;5666;5578;88;177
20260512;2025;03;03;HOSTAL;03;3 ESTRELLAS;CUSCO;080000;18;321;622;20.7;18.83;1.83;1.54;2.09;1983;942;1041;3630;1452;2178;73
20260512;2025;03;03;HOSTAL;03;3 ESTRELLAS;HUÁNUCO;100000;1;31;39;0;0;0;0;0;0;0;0;0;0;0;0
20260512;2025;03;03;HOSTAL;03;3 ESTRELLAS;ICA;110000;41;676;1266;35.57;27.03;1.24;1.36;1.03;8581;5384;3197;10610;7332;3278;145
20260512;2025;03;03;HOSTAL;03;3 ESTRELLAS;JUNÍN;120000;3;57;114;24.84;17.23;1.69;1.65;3.63;360;352;8;609;580;29;35
20260512;2025;03;03;HOSTAL;03;3 ESTRELLAS;LA LIBERTAD;130000;47;866;1685;31.7;26.57;1.19;1.19;1.29;11692;11508;184;13879;13642;237;163
20260512;2025;03;03;HOSTAL;03;3 ESTRELLAS;LAMBAYEQUE;140000;25;369;556;32.58;26.96;1.33;1.32;1.54;3497;3397;100;4646;4492;154;91
20260512;2025;03;03;HOSTAL;03;3 ESTRELLAS;LIMA;150000;25;513;952;25.1;19.37;1.27;1.27;1.29;4490;3682;808;5716;4670;1046;93
20260512;2025;03;03;HOSTAL;03;3 ESTRELLAS;LORETO;160000;8;144;227;28.45;24.37;1.9;1.92;1.8;903;730;173;1715;1404;311;56
20260512;2025;03;03;HOSTAL;03;3 ESTRELLAS;MADRE DE DIOS;170000;1;22;28;47.36;53.69;1.44;1.44;0;324;324;0;466;466;0;2
20260512;2025;03;03;HOSTAL;03;3 ESTRELLAS;MOQUEGUA;180000;6;162;315;8.68;6.76;1.6;1.61;1.47;412;397;15;660;638;22;20
20260512;2025;03;03;HOSTAL;03;3 ESTRELLAS;PASCO;190000;2;21;44;5.22;5.57;1.46;1.45;1.6;52;47;5;76;68;8;9
20260512;2025;03;03;HOSTAL;03;3 ESTRELLAS;PIURA;200000;2;36;86;20.43;26.86;2.18;2.02;2.98;328;272;56;716;549;167;19
20260512;2025;03;03;HOSTAL;03;3 ESTRELLAS;PUNO;210000;10;225;394;29.15;20.88;1.6;1.7;1.24;1594;1249;345;2550;2122;428;53
20260512;2025;03;03;HOSTAL;03;3 ESTRELLAS;SAN MARTÍN;220000;5;94;217;54.22;52.31;2.1;2.09;2.5;1679;1651;28;3519;3449;70;42
20260512;2025;03;03;HOSTAL;03;3 ESTRELLAS;TACNA;230000;4;78;178;31.39;23.36;2.13;2.17;2.11;604;239;365;1289;519;770;18
20260512;2025;03;03;HOSTAL;03;3 ESTRELLAS;TUMBES;240000;4;65;142;2.58;3.57;1.26;1.18;1.36;125;72;53;157;85;72;10
20260512;2025;03;03;HOSTAL;03;3 ESTRELLAS;UCAYALI;250000;1;35;52;15.3;14.08;1.73;1.73;0;131;131;0;227;227;0;4
20260512;2025;03;03;HOSTAL;TT;TODAS CONSOLIDADAS;AMAZONAS;010000;86;1274;2015;23.39;17.34;1.13;1.11;1.8;9584;9333;251;10832;10379;453;239
20260512;2025;03;03;HOSTAL;TT;TODAS CONSOLIDADAS;ÁNCASH;020000;188;3059;5340;32.06;27.42;1.2;1.2;1.57;37761;37486;275;45398;44965;433;550
20260512;2025;03;03;HOSTAL;TT;TODAS CONSOLIDADAS;APURÍMAC;030000;11;267;424;31.4;26.67;1.13;1.13;1.12;3115;3081;34;3505;3467;38;37
20260512;2025;03;03;HOSTAL;TT;TODAS CONSOLIDADAS;AREQUIPA;040000;230;3680;6442;29.31;24.13;1.34;1.31;1.59;36046;32160;3886;48180;42001;6179;706
20260512;2025;03;03;HOSTAL;TT;TODAS CONSOLIDADAS;AYACUCHO;050000;29;386;702;20.8;19.01;1.39;1.39;1.55;2977;2910;67;4138;4034;104;86
20260512;2025;03;03;HOSTAL;TT;TODAS CONSOLIDADAS;CAJAMARCA;060000;212;3646;5896;18.3;14.71;1.26;1.26;1.33;21341;21170;171;26879;26652;227;644
20260512;2025;03;03;HOSTAL;TT;TODAS CONSOLIDADAS;CALLAO;070000;12;380;702;32.41;30.42;1.01;1.01;0;6754;6754;0;6851;6851;0;58
20260512;2025;03;03;HOSTAL;TT;TODAS CONSOLIDADAS;CUSCO;080000;85;1433;2532;25.28;22.17;1.56;1.42;1.89;11138;7807;3331;17402;11100;6302;263
20260512;2025;03;03;HOSTAL;TT;TODAS CONSOLIDADAS;HUANCAVELICA;090000;4;131;208;12.51;10.17;1.04;1.05;1;628;622;6;656;650;6;13
20260512;2025;03;03;HOSTAL;TT;TODAS CONSOLIDADAS;HUÁNUCO;100000;59;945;1477;30.64;22.93;1.2;1.2;1.15;8775;8748;27;10498;10467;31;183
20260512;2025;03;03;HOSTAL;TT;TODAS CONSOLIDADAS;ICA;110000;140;2149;3623;27.93;23.61;1.11;1.12;1.03;23924;20428;3496;26513;22906;3607;400
20260512;2025;03;03;HOSTAL;TT;TODAS CONSOLIDADAS;JUNÍN;120000;41;636;1181;22.95;21.21;1.21;1.2;1.75;6444;6385;59;7767;7664;103;147
20260512;2025;03;03;HOSTAL;TT;TODAS CONSOLIDADAS;LA LIBERTAD;130000;193;3260;5956;24.35;21.34;1.26;1.26;1.25;31218;30960;258;39405;39082;323;584
20260512;2025;03;03;HOSTAL;TT;TODAS CONSOLIDADAS;LAMBAYEQUE;140000;188;2734;4112;26.86;22.2;1.19;1.19;1.27;23690;23443;247;28296;27982;314;542
20260512;2025;03;03;HOSTAL;TT;TODAS CONSOLIDADAS;LIMA;150000;225;5158;9349;30.83;26.12;1.31;1.25;1.95;72139;65742;6397;94436;81953;12483;1078
20260512;2025;03;03;HOSTAL;TT;TODAS CONSOLIDADAS;LORETO;160000;27;491;765;21.52;18.6;1.91;1.93;1.8;2307;1999;308;4412;3858;554;131
20260512;2025;03;03;HOSTAL;TT;TODAS CONSOLIDADAS;MADRE DE DIOS;170000;9;221;351;32.29;26.54;1.39;1.39;1.21;2085;2037;48;2888;2830;58;36
20260512;2025;03;03;HOSTAL;TT;TODAS CONSOLIDADAS;MOQUEGUA;180000;95;1515;2497;18.26;13.74;1.34;1.34;1.45;7954;7865;89;10633;10504;129;268
20260512;2025;03;03;HOSTAL;TT;TODAS CONSOLIDADAS;PASCO;190000;40;704;1205;14.39;10.77;1.26;1.26;1.23;3184;3171;13;4022;4006;16;116
20260512;2025;03;03;HOSTAL;TT;TODAS CONSOLIDADAS;PIURA;200000;28;559;963;24.25;18.27;1.75;1.74;1.93;3124;2970;154;5454;5157;297;112
20260512;2025;03;03;HOSTAL;TT;TODAS CONSOLIDADAS;PUNO;210000;105;1682;3047;23.52;16.95;1.25;1.24;1.31;12801;11234;1567;16014;13957;2057;296
20260512;2025;03;03;HOSTAL;TT;TODAS CONSOLIDADAS;SAN MARTÍN;220000;26;394;738;30.25;29.82;1.82;1.82;2.03;3743;3683;60;6822;6700;122;128
20260512;2025;03;03;HOSTAL;TT;TODAS CONSOLIDADAS;TACNA;230000;42;730;1385;28.31;18.33;1.66;1.45;1.83;4748;2154;2594;7870;3121;4749;133
20260512;2025;03;03;HOSTAL;TT;TODAS CONSOLIDADAS;TUMBES;240000;9;131;273;6.35;5.9;1.47;1.48;1.41;340;279;61;499;413;86;31
20260512;2025;03;03;HOSTAL;TT;TODAS CONSOLIDADAS;UCAYALI;250000;3;103;176;14.59;10.06;1.54;1.55;1.4;356;346;10;549;535;14;20
20260512;2025;04;03;HOSTAL;01;1 ESTRELLA;AMAZONAS;010000;18;240;358;18.15;13.21;1.14;1.14;0;1241;1241;0;1419;1419;0;36
20260512;2025;04;03;HOSTAL;01;1 ESTRELLA;ÁNCASH;020000;38;561;924;27.58;22.09;1.05;1.05;1.09;5850;5732;118;6123;5994;129;96
20260512;2025;04;03;HOSTAL;01;1 ESTRELLA;APURÍMAC;030000;4;114;182;27.16;25.35;1.09;1.09;0;1268;1268;0;1384;1384;0;12
20260512;2025;04;03;HOSTAL;01;1 ESTRELLA;AREQUIPA;040000;51;774;1180;17.91;14.81;1.1;1.1;1.1;4760;4316;444;5243;4756;487;134
20260512;2025;04;03;HOSTAL;01;1 ESTRELLA;AYACUCHO;050000;17;225;406;16.16;12.33;1.12;1.12;1.15;1336;1302;34;1502;1463;39;40
20260512;2025;04;03;HOSTAL;01;1 ESTRELLA;CAJAMARCA;060000;24;447;733;9.08;6.25;1.17;1.17;0;1178;1178;0;1375;1375;0;76
20260512;2025;04;03;HOSTAL;01;1 ESTRELLA;CALLAO;070000;6;133;249;33.28;35.93;1;1;0;2755;2755;0;2755;2755;0;19
20260512;2025;04;03;HOSTAL;01;1 ESTRELLA;CUSCO;080000;22;384;639;23.22;19.26;1.12;1.12;1.46;3288;3251;37;3692;3638;54;52
20260512;2025;04;03;HOSTAL;01;1 ESTRELLA;HUANCAVELICA;090000;2;66;94;8.13;7.09;1;1;0;200;200;0;200;200;0;5
20260512;2025;04;03;HOSTAL;01;1 ESTRELLA;HUÁNUCO;100000;27;398;607;31.75;22.89;1.26;1.26;0;3312;3312;0;4169;4169;0;74
20260512;2025;04;03;HOSTAL;01;1 ESTRELLA;ICA;110000;17;212;328;28.3;25.09;1.19;1.19;1;2076;2073;3;2469;2466;3;37
20260512;2025;04;03;HOSTAL;01;1 ESTRELLA;JUNÍN;120000;12;170;294;21.94;17.9;1.25;1.25;0;1267;1267;0;1579;1579;0;30
20260512;2025;04;03;HOSTAL;01;1 ESTRELLA;LA LIBERTAD;130000;24;358;632;31.26;21.43;1.42;1.42;0;2858;2858;0;4064;4064;0;62
20260512;2025;04;03;HOSTAL;01;1 ESTRELLA;LAMBAYEQUE;140000;16;212;301;28.49;29.2;1.06;1.06;1;2490;2489;1;2637;2636;1;40
20260512;2025;04;03;HOSTAL;01;1 ESTRELLA;LIMA;150000;81;1674;2992;30.37;22.55;1.21;1.21;1.45;22265;21799;467;26979;26302;677;343
20260512;2025;04;03;HOSTAL;01;1 ESTRELLA;LORETO;160000;6;106;172;17.48;13.43;1.53;1.51;1.68;453;409;44;693;619;74;25
20260512;2025;04;03;HOSTAL;01;1 ESTRELLA;MADRE DE DIOS;170000;2;53;101;12.39;6.37;1.04;1.04;0;186;186;0;193;193;0;8
20260512;2025;04;03;HOSTAL;01;1 ESTRELLA;MOQUEGUA;180000;20;332;533;15.05;11.91;1.27;1.26;1.31;1505;1473;32;1905;1863;42;54
20260512;2025;04;03;HOSTAL;01;1 ESTRELLA;PASCO;190000;22;383;603;15.16;10.54;1.01;1.01;1;1883;1879;4;1907;1903;4;61
20260512;2025;04;03;HOSTAL;01;1 ESTRELLA;PIURA;200000;3;56;81;36.55;29.01;2.04;2.04;1.5;346;344;2;705;702;3;10
20260512;2025;04;03;HOSTAL;01;1 ESTRELLA;PUNO;210000;35;516;899;23.4;16.51;1.19;1.19;1.12;3751;3589;162;4452;4271;181;79
20260512;2025;04;03;HOSTAL;01;1 ESTRELLA;TACNA;230000;9;157;270;15.16;15.3;1.04;1.03;1.05;1194;775;419;1239;797;442;25
20260512;2025;04;03;HOSTAL;02;2 ESTRELLAS;AMAZONAS;010000;59;924;1444;23.61;17.64;1.1;1.08;1.9;6945;6797;148;7640;7359;281;168
20260512;2025;04;03;HOSTAL;02;2 ESTRELLAS;ÁNCASH;020000;133;2227;3913;34.1;31.41;1.15;1.15;1.24;32006;31841;165;36871;36666;205;387
20260512;2025;04;03;HOSTAL;02;2 ESTRELLAS;APURÍMAC;030000;6;129;199;38.22;32.33;1.08;1.08;1;1790;1750;40;1930;1890;40;20
20260512;2025;04;03;HOSTAL;02;2 ESTRELLAS;AREQUIPA;040000;131;2107;3772;34.8;27.93;1.35;1.34;1.44;23363;20601;2762;31600;27622;3978;378
20260512;2025;04;03;HOSTAL;02;2 ESTRELLAS;AYACUCHO;050000;10;128;226;27.5;32.92;1.68;1.67;1.78;1331;1238;93;2232;2066;166;33
20260512;2025;04;03;HOSTAL;02;2 ESTRELLAS;CAJAMARCA;060000;137;2436;3903;16.39;13.33;1.19;1.19;1.17;13115;12946;169;15611;15413;198;402
20260512;2025;04;03;HOSTAL;02;2 ESTRELLAS;CALLAO;070000;6;247;453;33.33;27.89;1.02;1.02;0;3711;3711;0;3790;3790;0;37
20260512;2025;04;03;HOSTAL;02;2 ESTRELLAS;CUSCO;080000;46;736;1292;30.42;26.49;1.7;1.52;1.79;6042;2062;3980;10269;3133;7136;141
20260512;2025;04;03;HOSTAL;02;2 ESTRELLAS;HUANCAVELICA;090000;2;65;114;15.28;11.81;1.07;1.07;1.38;376;368;8;404;393;11;8
20260512;2025;04;03;HOSTAL;02;2 ESTRELLAS;HUÁNUCO;100000;31;508;815;29.19;24.05;1.21;1.21;0;4841;4841;0;5880;5880;0;108
20260512;2025;04;03;HOSTAL;02;2 ESTRELLAS;ICA;110000;82;1260;2035;25.88;22.38;1.08;1.07;1.2;12697;12445;252;13666;13363;303;210
20260512;2025;04;03;HOSTAL;02;2 ESTRELLAS;JUNÍN;120000;27;422;803;23.74;22.43;1.16;1.16;1.41;4652;4630;22;5404;5373;31;85
20260512;2025;04;03;HOSTAL;02;2 ESTRELLAS;LA LIBERTAD;130000;120;1988;3554;19.88;17.72;1.13;1.13;1;16737;16723;14;18894;18880;14;350
20260512;2025;04;03;HOSTAL;02;2 ESTRELLAS;LAMBAYEQUE;140000;149;2175;3244;24.99;19.65;1.11;1.11;1.03;17254;17179;75;19128;19051;77;411
20260512;2025;04;03;HOSTAL;02;2 ESTRELLAS;LIMA;150000;120;2987;5450;34.43;31.41;1.34;1.24;2.09;54503;48255;6248;72791;59764;13028;716
20260512;2025;04;03;HOSTAL;02;2 ESTRELLAS;LORETO;160000;13;241;366;13.03;11.34;1.98;2;1.91;629;509;120;1245;1016;229;50
20260512;2025;04;03;HOSTAL;02;2 ESTRELLAS;MADRE DE DIOS;170000;6;146;222;35.43;28.44;1.27;1.27;1.2;1494;1433;61;1894;1821;73;26
20260512;2025;04;03;HOSTAL;02;2 ESTRELLAS;MOQUEGUA;180000;68;1004;1623;22.54;17.91;1.58;1.59;1.38;5502;5412;90;8720;8596;124;191
20260512;2025;04;03;HOSTAL;02;2 ESTRELLAS;PASCO;190000;17;303;581;16.74;14.54;1.42;1.42;1;1790;1789;1;2534;2533;1;46
20260512;2025;04;03;HOSTAL;02;2 ESTRELLAS;PIURA;200000;23;467;796;20.67;15.2;1.6;1.6;1.58;2270;2122;148;3630;3396;234;83
20260512;2025;04;03;HOSTAL;02;2 ESTRELLAS;PUNO;210000;59;919;1698;23.36;17.79;1.24;1.23;1.31;7281;6030;1251;9062;7429;1633;158
20260512;2025;04;03;HOSTAL;02;2 ESTRELLAS;SAN MARTÍN;220000;21;302;525;27.65;22.72;1.58;1.57;1.96;2262;2210;52;3578;3476;102;86
20260512;2025;04;03;HOSTAL;02;2 ESTRELLAS;TACNA;230000;29;495;937;26.27;18.57;1.88;1.71;1.97;2770;919;1851;5220;1567;3653;90
20260512;2025;04;03;HOSTAL;02;2 ESTRELLAS;TUMBES;240000;5;66;131;9.09;7.1;1.51;1.51;1.53;185;168;17;279;253;26;21
20260512;2025;04;03;HOSTAL;02;2 ESTRELLAS;UCAYALI;250000;2;68;124;15.64;9.17;1.48;1.46;1.83;230;218;12;341;319;22;16
20260512;2025;04;03;HOSTAL;03;3 ESTRELLAS;AMAZONAS;010000;9;128;250;25.65;16.13;2.11;2.02;2.49;574;470;104;1210;951;259;32
20260512;2025;04;03;HOSTAL;03;3 ESTRELLAS;ÁNCASH;020000;20;317;597;25.77;20.94;1.44;1.42;2.35;2599;2544;55;3750;3621;129;77
20260512;2025;04;03;HOSTAL;03;3 ESTRELLAS;APURÍMAC;030000;1;24;43;28.06;15.66;1.55;1.58;1.36;130;116;14;202;183;19;5
20260512;2025;04;03;HOSTAL;03;3 ESTRELLAS;AREQUIPA;040000;48;777;1455;35.53;27.51;1.89;1.91;1.86;6363;3592;2771;12008;6849;5159;196
20260512;2025;04;03;HOSTAL;03;3 ESTRELLAS;AYACUCHO;050000;3;39;77;26.58;18.74;1.09;1.08;1.21;396;367;29;433;398;35;16
20260512;2025;04;03;HOSTAL;03;3 ESTRELLAS;CAJAMARCA;060000;52;780;1289;18.76;15.49;1.38;1.38;1.39;4337;4162;175;5990;5747;243;174
20260512;2025;04;03;HOSTAL;03;3 ESTRELLAS;CUSCO;080000;19;338;653;25.61;22.41;1.89;1.73;1.97;2324;793;1531;4391;1372;3019;82
20260512;2025;04;03;HOSTAL;03;3 ESTRELLAS;HUÁNUCO;100000;1;31;39;0;0;0;0;0;0;0;0;0;0;0;0
20260512;2025;04;03;HOSTAL;03;3 ESTRELLAS;ICA;110000;41;676;1266;43.01;33.21;1.27;1.4;1.06;9961;5999;3962;12614;8402;4212;145
20260512;2025;04;03;HOSTAL;03;3 ESTRELLAS;JUNÍN;120000;3;57;114;22.81;14.56;1.78;1.75;2.2;280;265;15;498;465;33;35
20260512;2025;04;03;HOSTAL;03;3 ESTRELLAS;LA LIBERTAD;130000;47;893;1728;27.99;23.81;1.18;1.18;1.25;10465;10233;232;12345;12054;291;163
20260512;2025;04;03;HOSTAL;03;3 ESTRELLAS;LAMBAYEQUE;140000;25;370;573;28.86;22.71;1.27;1.27;1.39;3071;3020;51;3903;3832;71;92
20260512;2025;04;03;HOSTAL;03;3 ESTRELLAS;LIMA;150000;25;513;952;22.65;20.41;1.14;1.15;1.09;5113;4394;719;5830;5046;784;93
20260512;2025;04;03;HOSTAL;03;3 ESTRELLAS;LORETO;160000;8;144;227;31.71;26.84;2.12;2.12;2.11;864;719;145;1828;1522;306;56
20260512;2025;04;03;HOSTAL;03;3 ESTRELLAS;MADRE DE DIOS;170000;1;22;28;32.73;49.88;1.93;1.93;0;217;217;0;419;419;0;2
20260512;2025;04;03;HOSTAL;03;3 ESTRELLAS;MOQUEGUA;180000;6;162;315;6.56;5.11;1.57;1.59;1;308;299;9;483;474;9;21
20260512;2025;04;03;HOSTAL;03;3 ESTRELLAS;PASCO;190000;2;21;44;19.52;12.42;1.1;1.09;1.67;149;146;3;164;159;5;9
20260512;2025;04;03;HOSTAL;03;3 ESTRELLAS;PIURA;200000;2;36;86;17.13;25.19;2.3;2.08;3.6;283;243;40;650;506;144;11
20260512;2025;04;03;HOSTAL;03;3 ESTRELLAS;PUNO;210000;10;225;394;28.5;19.98;1.5;1.59;1.18;1574;1232;342;2362;1958;404;53
20260512;2025;04;03;HOSTAL;03;3 ESTRELLAS;SAN MARTÍN;220000;5;102;241;31.7;27.47;1.97;1.97;2;1008;989;19;1986;1948;38;37
20260512;2025;04;03;HOSTAL;03;3 ESTRELLAS;TACNA;230000;4;78;178;29.02;21.93;2.06;1.8;2.4;569;322;247;1171;578;593;18
20260512;2025;04;03;HOSTAL;03;3 ESTRELLAS;TUMBES;240000;4;65;142;0;0;0;0;0;0;0;0;0;0;0;0
20260512;2025;04;03;HOSTAL;03;3 ESTRELLAS;UCAYALI;250000;1;35;52;15.05;14.1;1.55;1.55;0;142;142;0;220;220;0;4
20260512;2025;04;03;HOSTAL;TT;TODAS CONSOLIDADAS;AMAZONAS;010000;86;1292;2052;22.8;16.68;1.17;1.14;2.14;8760;8508;252;10269;9729;540;236
20260512;2025;04;03;HOSTAL;TT;TODAS CONSOLIDADAS;ÁNCASH;020000;191;3105;5434;32.07;28.67;1.16;1.15;1.37;40455;40117;338;46744;46281;463;560
20260512;2025;04;03;HOSTAL;TT;TODAS CONSOLIDADAS;APURÍMAC;030000;11;267;424;32.58;27.64;1.1;1.1;1.09;3188;3134;54;3516;3457;59;37
20260512;2025;04;03;HOSTAL;TT;TODAS CONSOLIDADAS;AREQUIPA;040000;230;3658;6407;31.38;25.42;1.42;1.38;1.61;34486;28509;5977;48851;39227;9624;708
20260512;2025;04;03;HOSTAL;TT;TODAS CONSOLIDADAS;AYACUCHO;050000;30;392;709;20.9;19.59;1.36;1.35;1.54;3063;2907;156;4167;3927;240;89
20260512;2025;04;03;HOSTAL;TT;TODAS CONSOLIDADAS;CAJAMARCA;060000;213;3663;5925;16;12.93;1.23;1.23;1.28;18630;18286;344;22976;22535;441;652
20260512;2025;04;03;HOSTAL;TT;TODAS CONSOLIDADAS;CALLAO;070000;12;380;702;33.31;30.46;1.01;1.01;0;6553;6553;0;6639;6639;0;58
20260512;2025;04;03;HOSTAL;TT;TODAS CONSOLIDADAS;CUSCO;080000;87;1458;2584;27.41;23.67;1.57;1.33;1.84;11654;6106;5548;18352;8143;10209;275
20260512;2025;04;03;HOSTAL;TT;TODAS CONSOLIDADAS;HUANCAVELICA;090000;4;131;208;11.68;9.68;1.05;1.04;1.38;576;568;8;604;593;11;13
20260512;2025;04;03;HOSTAL;TT;TODAS CONSOLIDADAS;HUÁNUCO;100000;59;937;1461;29.31;22.93;1.23;1.23;0;8153;8153;0;10049;10049;0;182
20260512;2025;04;03;HOSTAL;TT;TODAS CONSOLIDADAS;ICA;110000;140;2148;3629;31.51;26.41;1.16;1.18;1.07;24734;20517;4217;28749;24231;4518;392
20260512;2025;04;03;HOSTAL;TT;TODAS CONSOLIDADAS;JUNÍN;120000;42;649;1211;23.19;20.59;1.21;1.2;1.73;6199;6162;37;7481;7417;64;150
20260512;2025;04;03;HOSTAL;TT;TODAS CONSOLIDADAS;LA LIBERTAD;130000;191;3239;5914;23.37;19.9;1.17;1.17;1.24;30060;29814;246;35303;34998;305;575
20260512;2025;04;03;HOSTAL;TT;TODAS CONSOLIDADAS;LAMBAYEQUE;140000;190;2757;4118;25.78;20.78;1.13;1.12;1.17;22815;22688;127;25668;25519;149;543
20260512;2025;04;03;HOSTAL;TT;TODAS CONSOLIDADAS;LIMA;150000;226;5174;9394;30.47;26.37;1.27;1.21;1.77;73089;66119;6970;92517;80205;12311;1075
20260512;2025;04;03;HOSTAL;TT;TODAS CONSOLIDADAS;LORETO;160000;27;491;765;19.47;16.41;1.94;1.93;1.97;1946;1637;309;3766;3157;609;131
20260512;2025;04;03;HOSTAL;TT;TODAS CONSOLIDADAS;MADRE DE DIOS;170000;9;221;351;29.64;23.8;1.32;1.33;1.2;1897;1836;61;2506;2433;73;36
20260512;2025;04;03;HOSTAL;TT;TODAS CONSOLIDADAS;MOQUEGUA;180000;94;1498;2471;19.15;14.98;1.52;1.52;1.34;7315;7184;131;11108;10933;175;266
20260512;2025;04;03;HOSTAL;TT;TODAS CONSOLIDADAS;PASCO;190000;41;707;1228;15.97;12.5;1.2;1.2;1.25;3822;3814;8;4605;4595;10;116
20260512;2025;04;03;HOSTAL;TT;TODAS CONSOLIDADAS;PIURA;200000;28;559;963;22.03;17.26;1.72;1.7;2.01;2899;2709;190;4985;4604;381;104
20260512;2025;04;03;HOSTAL;TT;TODAS CONSOLIDADAS;PUNO;210000;104;1660;2991;24.07;17.69;1.26;1.26;1.26;12606;10851;1755;15876;13658;2218;290
20260512;2025;04;03;HOSTAL;TT;TODAS CONSOLIDADAS;SAN MARTÍN;220000;26;404;766;28.67;24.21;1.7;1.7;1.97;3270;3199;71;5564;5424;140;123
20260512;2025;04;03;HOSTAL;TT;TODAS CONSOLIDADAS;TACNA;230000;42;730;1385;24.17;18.36;1.68;1.46;1.86;4533;2016;2517;7630;2942;4688;133
20260512;2025;04;03;HOSTAL;TT;TODAS CONSOLIDADAS;TUMBES;240000;9;131;273;4.58;3.41;1.51;1.51;1.53;185;168;17;279;253;26;21
20260512;2025;04;03;HOSTAL;TT;TODAS CONSOLIDADAS;UCAYALI;250000;3;103;176;15.44;10.63;1.51;1.5;1.83;372;360;12;561;539;22;20
20260512;2025;05;03;HOSTAL;01;1 ESTRELLA;AMAZONAS;010000;19;257;384;35.04;25.85;1.45;1.45;1;2119;2118;1;3077;3076;1;41
20260512;2025;05;03;HOSTAL;01;1 ESTRELLA;ÁNCASH;020000;38;561;924;27.51;21.54;1.04;1.04;1;5940;5938;2;6169;6167;2;94
20260512;2025;05;03;HOSTAL;01;1 ESTRELLA;APURÍMAC;030000;5;125;203;26.27;24.95;1.16;1.16;1;1349;1342;7;1570;1563;7;14
20260512;2025;05;03;HOSTAL;01;1 ESTRELLA;AREQUIPA;040000;51;774;1180;20.29;16.3;1.11;1.11;1.08;5396;5020;376;5963;5558;405;134
20260512;2025;05;03;HOSTAL;01;1 ESTRELLA;AYACUCHO;050000;18;234;424;18.02;13.61;1.17;1.17;1.09;1529;1507;22;1789;1765;24;42
20260512;2025;05;03;HOSTAL;01;1 ESTRELLA;CAJAMARCA;060000;24;423;703;17.51;19.66;1.75;1.75;1.25;2449;2437;12;4284;4269;15;73
20260512;2025;05;03;HOSTAL;01;1 ESTRELLA;CALLAO;070000;6;133;249;34.9;38.18;1;1;0;3025;3025;0;3025;3025;0;19
20260512;2025;05;03;HOSTAL;01;1 ESTRELLA;CUSCO;080000;22;384;639;21.3;19.35;1.12;1.11;2.26;3432;3405;27;3833;3772;61;52
20260512;2025;05;03;HOSTAL;01;1 ESTRELLA;HUANCAVELICA;090000;2;66;94;6.84;6.49;1;1;0;189;189;0;189;189;0;5
20260512;2025;05;03;HOSTAL;01;1 ESTRELLA;HUÁNUCO;100000;27;398;606;38.59;28.81;1.27;1.27;0;4248;4248;0;5413;5413;0;74
20260512;2025;05;03;HOSTAL;01;1 ESTRELLA;ICA;110000;18;218;333;22.82;24.52;1.12;1.13;1.07;2250;2189;61;2531;2466;65;40
20260512;2025;05;03;HOSTAL;01;1 ESTRELLA;LA LIBERTAD;130000;24;358;632;28.63;23.68;1.56;1.56;0;2981;2981;0;4639;4639;0;60
20260512;2025;05;03;HOSTAL;01;1 ESTRELLA;LAMBAYEQUE;140000;16;212;301;28.18;28.58;1.05;1.05;0;2546;2546;0;2667;2667;0;40
20260512;2025;05;03;HOSTAL;01;1 ESTRELLA;LIMA;150000;80;1658;2947;31.76;26.14;1.29;1.28;1.51;24870;24243;627;32030;31087;943;353
20260512;2025;05;03;HOSTAL;01;1 ESTRELLA;LORETO;160000;5;90;140;13.76;13.04;1.56;1.55;1.75;362;330;32;566;510;56;22
20260512;2025;05;03;HOSTAL;01;1 ESTRELLA;MADRE DE DIOS;170000;2;53;98;16.31;14.75;1.18;1.18;1;380;378;2;448;446;2;7
20260512;2025;05;03;HOSTAL;01;1 ESTRELLA;MOQUEGUA;180000;19;282;483;20.3;15.08;1.37;1.37;1.35;1651;1608;43;2258;2200;58;53
20260512;2025;05;03;HOSTAL;01;1 ESTRELLA;PASCO;190000;23;394;623;20.93;15.19;1.01;1.01;1;2895;2890;5;2933;2928;5;62
20260512;2025;05;03;HOSTAL;01;1 ESTRELLA;PIURA;200000;3;56;81;37.62;29.99;2.16;2.16;0;348;348;0;753;753;0;12
20260512;2025;05;03;HOSTAL;01;1 ESTRELLA;PUNO;210000;35;522;912;22.38;16.76;1.14;1.14;1.08;4151;3934;217;4739;4504;235;79
20260512;2025;05;03;HOSTAL;01;1 ESTRELLA;TACNA;230000;9;157;270;15.66;14.97;1.08;1.06;1.12;1155;751;404;1253;799;454;25
20260512;2025;05;03;HOSTAL;02;2 ESTRELLAS;AMAZONAS;010000;60;933;1454;24.31;18.66;1.09;1.08;1.75;7694;7491;203;8410;8054;356;167
20260512;2025;05;03;HOSTAL;02;2 ESTRELLAS;ÁNCASH;020000;132;2227;3904;33.26;30.2;1.14;1.14;1.24;31966;31731;235;36555;36263;292;383
20260512;2025;05;03;HOSTAL;02;2 ESTRELLAS;APURÍMAC;030000;6;129;199;41.11;35.01;1.12;1.12;1.02;1929;1888;41;2160;2118;42;20
20260512;2025;05;03;HOSTAL;02;2 ESTRELLAS;AREQUIPA;040000;131;2108;3775;34.97;28.54;1.41;1.4;1.51;23647;20621;3026;33400;28833;4567;377
20260512;2025;05;03;HOSTAL;02;2 ESTRELLAS;AYACUCHO;050000;10;125;223;24.31;27.17;1.46;1.45;1.64;1289;1253;36;1878;1819;59;32
20260512;2025;05;03;HOSTAL;02;2 ESTRELLAS;CAJAMARCA;060000;138;2481;3950;19.82;15.08;1.16;1.16;1.23;15935;15789;146;18463;18284;179;420
20260512;2025;05;03;HOSTAL;02;2 ESTRELLAS;CALLAO;070000;6;247;453;30.86;25.94;1.03;1.03;0;3541;3541;0;3643;3643;0;37
20260512;2025;05;03;HOSTAL;02;2 ESTRELLAS;CUSCO;080000;47;750;1313;36;31.9;1.84;1.78;1.91;7039;3751;3288;12983;6693;6290;142
20260512;2025;05;03;HOSTAL;02;2 ESTRELLAS;HUANCAVELICA;090000;2;65;114;13.35;10.75;1.09;1.09;0;348;348;0;380;380;0;8
20260512;2025;05;03;HOSTAL;02;2 ESTRELLAS;HUÁNUCO;100000;31;527;864;29.81;22.51;1.17;1.17;1.63;5132;5116;16;6030;6004;26;108
20260512;2025;05;03;HOSTAL;02;2 ESTRELLAS;ICA;110000;81;1234;1986;23.35;18.96;1.07;1.07;1.22;10861;10482;379;11670;11208;462;203
20260512;2025;05;03;HOSTAL;02;2 ESTRELLAS;JUNÍN;120000;25;401;759;27.95;26.98;1.18;1.17;1.38;5393;5320;73;6347;6246;101;80
20260512;2025;05;03;HOSTAL;02;2 ESTRELLAS;LA LIBERTAD;130000;120;1988;3554;18.95;16.72;1.11;1.11;1;16543;16540;3;18421;18418;3;351
20260512;2025;05;03;HOSTAL;02;2 ESTRELLAS;LAMBAYEQUE;140000;150;2184;3296;24.03;20.05;1.14;1.14;1.04;17991;17915;76;20486;20407;79;415
20260512;2025;05;03;HOSTAL;02;2 ESTRELLAS;LIMA;150000;120;2987;5450;31.75;30.25;1.34;1.26;1.94;53903;46969;6934;72431;59010;13421;746
20260512;2025;05;03;HOSTAL;02;2 ESTRELLAS;LORETO;160000;13;241;366;17.96;15.95;1.97;1.96;2.08;917;837;80;1810;1644;166;52
20260512;2025;05;03;HOSTAL;02;2 ESTRELLAS;MADRE DE DIOS;170000;6;145;220;40.42;32.95;1.34;1.31;2;1676;1602;74;2247;2099;148;25
20260512;2025;05;03;HOSTAL;02;2 ESTRELLAS;MOQUEGUA;180000;68;1107;1798;19.49;14.62;1.49;1.49;1.41;5473;5397;76;8151;8044;107;191
20260512;2025;05;03;HOSTAL;02;2 ESTRELLAS;PASCO;190000;17;304;584;13.31;12.79;1.2;1.2;1.67;1931;1928;3;2315;2310;5;46
20260512;2025;05;03;HOSTAL;02;2 ESTRELLAS;PIURA;200000;23;473;805;23.49;16.17;1.68;1.67;2.08;2404;2344;60;4035;3910;125;83
20260512;2025;05;03;HOSTAL;02;2 ESTRELLAS;PUNO;210000;59;918;1712;24.18;17.84;1.18;1.17;1.24;7997;6819;1178;9468;8011;1457;158
20260512;2025;05;03;HOSTAL;02;2 ESTRELLAS;SAN MARTÍN;220000;21;302;525;31.73;27.35;1.65;1.64;2.13;2702;2671;31;4451;4385;66;85
20260512;2025;05;03;HOSTAL;02;2 ESTRELLAS;TACNA;230000;29;495;937;32.48;18.86;1.99;1.79;2.07;2755;782;1973;5478;1399;4079;90
20260512;2025;05;03;HOSTAL;02;2 ESTRELLAS;TUMBES;240000;5;66;131;8.26;4.48;1.05;1.04;1.21;173;159;14;182;165;17;21
20260512;2025;05;03;HOSTAL;02;2 ESTRELLAS;UCAYALI;250000;2;68;124;15.46;9.05;1.46;1.34;2.61;238;215;23;348;288;60;16
20260512;2025;05;03;HOSTAL;03;3 ESTRELLAS;AMAZONAS;010000;9;128;250;24.55;15.61;1.85;1.82;2.04;653;551;102;1210;1002;208;32
20260512;2025;05;03;HOSTAL;03;3 ESTRELLAS;ÁNCASH;020000;20;327;616;20.41;17.86;1.78;1.76;2.46;1920;1870;50;3411;3288;123;77
20260512;2025;05;03;HOSTAL;03;3 ESTRELLAS;APURÍMAC;030000;1;24;43;30.78;17.18;1.78;1.81;1.25;129;121;8;229;219;10;3
20260512;2025;05;03;HOSTAL;03;3 ESTRELLAS;AREQUIPA;040000;48;778;1458;35.89;28.59;1.97;1.93;2.02;6566;3716;2850;12922;7160;5762;198
20260512;2025;05;03;HOSTAL;03;3 ESTRELLAS;AYACUCHO;050000;3;39;77;26.05;24.17;1.3;1.32;1.2;445;353;92;577;467;110;14
20260512;2025;05;03;HOSTAL;03;3 ESTRELLAS;CAJAMARCA;060000;52;779;1292;19.18;15.13;1.37;1.37;1.44;4406;4208;198;6058;5772;286;166
20260512;2025;05;03;HOSTAL;03;3 ESTRELLAS;CUSCO;080000;19;338;653;27.84;24.75;1.87;1.64;1.99;2682;955;1727;5011;1568;3443;82
20260512;2025;05;03;HOSTAL;03;3 ESTRELLAS;HUÁNUCO;100000;1;31;39;0;0;0;0;0;0;0;0;0;0;0;0
20260512;2025;05;03;HOSTAL;03;3 ESTRELLAS;ICA;110000;42;693;1287;43.25;32.63;1.23;1.42;1.04;10561;5395;5166;13017;7640;5377;158
20260512;2025;05;03;HOSTAL;03;3 ESTRELLAS;LA LIBERTAD;130000;47;931;1779;25.85;22.31;1.15;1.15;1.26;10698;10444;254;12306;11987;319;163
20260512;2025;05;03;HOSTAL;03;3 ESTRELLAS;LAMBAYEQUE;140000;25;370;573;31.78;26.59;1.34;1.33;1.56;3527;3447;80;4723;4598;125;93
20260512;2025;05;03;HOSTAL;03;3 ESTRELLAS;LIMA;150000;25;513;952;21.94;19.61;1.09;1.08;1.15;5314;4702;612;5787;5085;702;93
20260512;2025;05;03;HOSTAL;03;3 ESTRELLAS;LORETO;160000;8;144;227;29.28;24.64;1.65;1.69;1.44;1054;853;201;1734;1444;290;56
20260512;2025;05;03;HOSTAL;03;3 ESTRELLAS;MADRE DE DIOS;170000;1;22;28;37.39;49.42;1.67;1.67;0;257;257;0;429;429;0;2
20260512;2025;05;03;HOSTAL;03;3 ESTRELLAS;MOQUEGUA;180000;6;162;315;6.55;4.82;1.54;1.56;1.2;305;290;15;471;453;18;20
20260512;2025;05;03;HOSTAL;03;3 ESTRELLAS;PASCO;190000;2;21;44;22.73;20.23;1.3;1.28;2;212;205;7;276;262;14;9
20260512;2025;05;03;HOSTAL;03;3 ESTRELLAS;PIURA;200000;2;36;86;18.01;26.48;2.05;1.93;2.39;345;258;87;706;498;208;11
20260512;2025;05;03;HOSTAL;03;3 ESTRELLAS;PUNO;210000;10;225;394;34.19;24.27;1.65;1.73;1.29;1797;1458;339;2964;2526;438;54
20260512;2025;05;03;HOSTAL;03;3 ESTRELLAS;SAN MARTÍN;220000;5;102;233;30.55;24.28;1.99;2;1.85;880;847;33;1754;1693;61;39
20260512;2025;05;03;HOSTAL;03;3 ESTRELLAS;TACNA;230000;4;78;178;27.83;21.95;2.27;2.17;2.36;533;253;280;1211;550;661;18
20260512;2025;05;03;HOSTAL;03;3 ESTRELLAS;TUMBES;240000;4;65;138;0;0;0;0;0;0;0;0;0;0;0;0
20260512;2025;05;03;HOSTAL;03;3 ESTRELLAS;UCAYALI;250000;1;35;52;17.33;16.63;2.06;2.06;0;130;130;0;268;268;0;4
20260512;2025;05;03;HOSTAL;TT;TODAS CONSOLIDADAS;AMAZONAS;010000;88;1318;2088;26.43;19.62;1.21;1.19;1.85;10466;10160;306;12697;12132;565;240
20260512;2025;05;03;HOSTAL;TT;TODAS CONSOLIDADAS;ÁNCASH;020000;190;3115;5444;30.87;27.34;1.16;1.16;1.45;39826;39539;287;46135;45718;417;554
20260512;2025;05;03;HOSTAL;TT;TODAS CONSOLIDADAS;APURÍMAC;030000;12;278;445;33.55;28.7;1.16;1.16;1.05;3407;3351;56;3959;3900;59;37
20260512;2025;05;03;HOSTAL;TT;TODAS CONSOLIDADAS;AREQUIPA;040000;230;3660;6413;32.06;26.3;1.47;1.42;1.72;35609;29357;6252;52285;41551;10734;709
20260512;2025;05;03;HOSTAL;TT;TODAS CONSOLIDADAS;AYACUCHO;050000;31;398;724;20.78;18.91;1.3;1.3;1.29;3263;3113;150;4244;4051;193;88
20260512;2025;05;03;HOSTAL;TT;TODAS CONSOLIDADAS;CAJAMARCA;060000;214;3683;5945;19.42;15.63;1.26;1.26;1.35;22790;22434;356;28805;28325;480;659
20260512;2025;05;03;HOSTAL;TT;TODAS CONSOLIDADAS;CALLAO;070000;12;380;702;32.15;29.86;1.02;1.02;0;6613;6613;0;6724;6724;0;58
20260512;2025;05;03;HOSTAL;TT;TODAS CONSOLIDADAS;CUSCO;080000;88;1472;2605;30.29;27.03;1.66;1.48;1.94;13153;8111;5042;21827;12033;9794;276
20260512;2025;05;03;HOSTAL;TT;TODAS CONSOLIDADAS;HUANCAVELICA;090000;4;131;208;10.07;8.82;1.06;1.06;0;537;537;0;569;569;0;13
20260512;2025;05;03;HOSTAL;TT;TODAS CONSOLIDADAS;HUÁNUCO;100000;59;956;1509;32.5;24.46;1.22;1.22;1.63;9380;9364;16;11443;11417;26;182
20260512;2025;05;03;HOSTAL;TT;TODAS CONSOLIDADAS;ICA;110000;141;2145;3606;29.72;24.35;1.15;1.18;1.05;23672;18066;5606;27218;21314;5904;401
20260512;2025;05;03;HOSTAL;TT;TODAS CONSOLIDADAS;JUNÍN;120000;40;628;1167;26.75;24.05;1.22;1.21;1.59;7145;7065;80;8699;8572;127;145
20260512;2025;05;03;HOSTAL;TT;TODAS CONSOLIDADAS;LA LIBERTAD;130000;191;3277;5965;21.97;19.13;1.17;1.17;1.25;30222;29965;257;35366;35044;322;574
20260512;2025;05;03;HOSTAL;TT;TODAS CONSOLIDADAS;LAMBAYEQUE;140000;191;2766;4170;25.39;21.56;1.16;1.16;1.31;24064;23908;156;27876;27672;204;548
20260512;2025;05;03;HOSTAL;TT;TODAS CONSOLIDADAS;LIMA;150000;225;5158;9349;29.46;26.67;1.28;1.23;1.72;75414;68056;7358;96419;83742;12678;1106
20260512;2025;05;03;HOSTAL;TT;TODAS CONSOLIDADAS;LORETO;160000;26;475;733;20.6;18.09;1.76;1.78;1.64;2333;2020;313;4110;3598;512;130
20260512;2025;05;03;HOSTAL;TT;TODAS CONSOLIDADAS;MADRE DE DIOS;170000;9;220;346;34.31;29.13;1.35;1.33;1.97;2313;2237;76;3124;2974;150;34
20260512;2025;05;03;HOSTAL;TT;TODAS CONSOLIDADAS;MOQUEGUA;180000;93;1551;2596;18.29;13.52;1.46;1.47;1.37;7429;7295;134;10880;10697;183;264
20260512;2025;05;03;HOSTAL;TT;TODAS CONSOLIDADAS;PASCO;190000;42;719;1251;17.76;14.24;1.1;1.09;1.6;5038;5023;15;5524;5500;24;117
20260512;2025;05;03;HOSTAL;TT;TODAS CONSOLIDADAS;PIURA;200000;28;565;972;24.54;18.23;1.77;1.75;2.27;3097;2950;147;5494;5161;333;106
20260512;2025;05;03;HOSTAL;TT;TODAS CONSOLIDADAS;PUNO;210000;104;1665;3018;24.97;18.35;1.23;1.23;1.23;13945;12211;1734;17171;15041;2130;291
20260512;2025;05;03;HOSTAL;TT;TODAS CONSOLIDADAS;SAN MARTÍN;220000;26;404;758;31.44;26.41;1.73;1.73;1.98;3582;3518;64;6205;6078;127;124
20260512;2025;05;03;HOSTAL;TT;TODAS CONSOLIDADAS;TACNA;230000;42;730;1385;28.37;18.5;1.79;1.54;1.95;4443;1786;2657;7942;2748;5194;133
20260512;2025;05;03;HOSTAL;TT;TODAS CONSOLIDADAS;TUMBES;240000;9;131;269;4.16;2.18;1.05;1.04;1.21;173;159;14;182;165;17;21
20260512;2025;05;03;HOSTAL;TT;TODAS CONSOLIDADAS;UCAYALI;250000;3;103;176;16.1;11.29;1.67;1.61;2.61;368;345;23;616;556;60;20
20260512;2025;06;03;HOSTAL;01;1 ESTRELLA;AMAZONAS;010000;18;249;376;35.86;27.07;1.43;1.43;1;2137;2136;1;3054;3053;1;38
20260512;2025;06;03;HOSTAL;01;1 ESTRELLA;ÁNCASH;020000;38;559;922;24.17;18.86;1.02;1.02;0;5102;5102;0;5216;5216;0;94
20260512;2025;06;03;HOSTAL;01;1 ESTRELLA;APURÍMAC;030000;5;125;203;27.44;26.68;1.23;1.23;0;1326;1326;0;1625;1625;0;14
20260512;2025;06;03;HOSTAL;01;1 ESTRELLA;AREQUIPA;040000;51;774;1180;17.16;14.2;1.16;1.16;1.08;4345;4032;313;5027;4688;339;134
20260512;2025;06;03;HOSTAL;01;1 ESTRELLA;AYACUCHO;050000;18;234;424;14.26;10.87;1.18;1.18;0;1170;1170;0;1383;1383;0;40
20260512;2025;06;03;HOSTAL;01;1 ESTRELLA;CAJAMARCA;060000;25;429;702;18.53;19.24;1.87;1.87;0;2241;2241;0;4184;4184;0;76
20260512;2025;06;03;HOSTAL;01;1 ESTRELLA;CUSCO;080000;23;393;657;22.18;19.37;1.09;1.1;1.02;3496;3003;493;3817;3313;504;56
20260512;2025;06;03;HOSTAL;01;1 ESTRELLA;HUANCAVELICA;090000;2;66;94;9.6;8.33;1;1;0;235;235;0;235;235;0;5
20260512;2025;06;03;HOSTAL;01;1 ESTRELLA;HUÁNUCO;100000;27;398;606;42.4;31.07;1.21;1.21;0;4661;4661;0;5648;5648;0;76
20260512;2025;06;03;HOSTAL;01;1 ESTRELLA;ICA;110000;18;219;338;38.68;30.37;1.08;1.08;1.12;2853;2772;81;3080;2989;91;46
20260512;2025;06;03;HOSTAL;01;1 ESTRELLA;JUNÍN;120000;12;170;294;22.04;19.17;1.35;1.35;0;1252;1252;0;1691;1691;0;30
20260512;2025;06;03;HOSTAL;01;1 ESTRELLA;LA LIBERTAD;130000;24;358;632;29.81;23.9;1.7;1.7;0;2666;2666;0;4531;4531;0;60
20260512;2025;06;03;HOSTAL;01;1 ESTRELLA;LAMBAYEQUE;140000;16;212;301;26.75;25.97;1.07;1.07;0;2185;2185;0;2345;2345;0;40
20260512;2025;06;03;HOSTAL;01;1 ESTRELLA;LIMA;150000;80;1661;2951;38.76;30.24;1.23;1.23;1.36;29267;28560;707;35980;35020;960;380
20260512;2025;06;03;HOSTAL;01;1 ESTRELLA;LORETO;160000;6;106;172;15.85;13.33;1.74;1.75;1.61;395;377;18;688;659;29;26
20260512;2025;06;03;HOSTAL;01;1 ESTRELLA;MADRE DE DIOS;170000;2;47;85;21.13;18.98;1.33;1.33;0;363;363;0;484;484;0;7
20260512;2025;06;03;HOSTAL;01;1 ESTRELLA;MOQUEGUA;180000;20;288;495;19.19;13.88;1.35;1.35;1.3;1526;1516;10;2061;2048;13;53
20260512;2025;06;03;HOSTAL;01;1 ESTRELLA;PASCO;190000;24;414;653;23.78;16.08;1.07;1.07;1.05;2958;2921;37;3151;3112;39;65
20260512;2025;06;03;HOSTAL;01;1 ESTRELLA;PIURA;200000;3;56;81;27.32;21.52;2.72;2.72;0;192;192;0;523;523;0;12
20260512;2025;06;03;HOSTAL;01;1 ESTRELLA;PUNO;210000;37;540;953;21.32;15.6;1.15;1.15;1.14;3881;3742;139;4461;4302;159;82
20260512;2025;06;03;HOSTAL;01;1 ESTRELLA;TACNA;230000;9;157;270;11.87;13.33;1.06;1.04;1.08;1023;648;375;1080;676;404;24
20260512;2025;06;03;HOSTAL;02;2 ESTRELLAS;AMAZONAS;010000;58;898;1394;23.92;19.56;1.15;1.13;1.83;7104;6911;193;8179;7826;353;160
20260512;2025;06;03;HOSTAL;02;2 ESTRELLAS;ÁNCASH;020000;133;2233;3921;31.2;29.12;1.13;1.13;1.26;30398;30132;266;34254;33918;336;386
20260512;2025;06;03;HOSTAL;02;2 ESTRELLAS;APURÍMAC;030000;6;129;199;36.33;30.84;1.12;1.12;1;1651;1622;29;1841;1812;29;20
20260512;2025;06;03;HOSTAL;02;2 ESTRELLAS;AREQUIPA;040000;131;2108;3775;34.11;28.72;1.39;1.39;1.43;23353;21274;2079;32531;29548;2983;377
20260512;2025;06;03;HOSTAL;02;2 ESTRELLAS;AYACUCHO;050000;10;125;223;27.71;29.1;1.5;1.49;1.64;1296;1207;89;1947;1801;146;26
20260512;2025;06;03;HOSTAL;02;2 ESTRELLAS;CAJAMARCA;060000;141;2512;3995;21.03;15.75;1.22;1.22;1.18;15519;15464;55;18878;18813;65;422
20260512;2025;06;03;HOSTAL;02;2 ESTRELLAS;CUSCO;080000;47;750;1313;37.86;32.98;1.91;1.86;1.97;6792;3444;3348;12991;6389;6602;142
20260512;2025;06;03;HOSTAL;02;2 ESTRELLAS;HUANCAVELICA;090000;2;65;114;19.08;15.85;1.25;1.25;0;432;432;0;542;542;0;8
20260512;2025;06;03;HOSTAL;02;2 ESTRELLAS;HUÁNUCO;100000;33;522;841;31.41;24.02;1.13;1.13;1.24;5368;5351;17;6060;6039;21;113
20260512;2025;06;03;HOSTAL;02;2 ESTRELLAS;ICA;110000;82;1248;2013;24.39;21.49;1.04;1.04;1.15;12476;12108;368;12980;12555;425;207
20260512;2025;06;03;HOSTAL;02;2 ESTRELLAS;JUNÍN;120000;27;422;811;25.71;23;1.15;1.14;1.49;4848;4698;150;5595;5371;224;84
20260512;2025;06;03;HOSTAL;02;2 ESTRELLAS;LA LIBERTAD;130000;120;1988;3554;20.84;18.31;1.18;1.18;1;16603;16602;1;19518;19517;1;351
20260512;2025;06;03;HOSTAL;02;2 ESTRELLAS;LAMBAYEQUE;140000;152;2211;3333;25.17;20.32;1.14;1.14;1.03;17855;17797;58;20319;20259;60;422
20260512;2025;06;03;HOSTAL;02;2 ESTRELLAS;LIMA;150000;120;2996;5462;33.67;33.36;1.36;1.26;1.96;57075;48754;8321;77771;61448;16324;773
20260512;2025;06;03;HOSTAL;02;2 ESTRELLAS;LORETO;160000;13;241;366;16.87;14.73;2.18;2.11;2.54;742;628;114;1617;1328;289;52
20260512;2025;06;03;HOSTAL;02;2 ESTRELLAS;MADRE DE DIOS;170000;6;146;221;35.75;38.22;1.32;1.32;1.38;1923;1855;68;2534;2440;94;25
20260512;2025;06;03;HOSTAL;02;2 ESTRELLAS;MOQUEGUA;180000;68;1075;1722;19.03;14.58;1.74;1.75;1.19;4317;4270;47;7532;7476;56;192
20260512;2025;06;03;HOSTAL;02;2 ESTRELLAS;PASCO;190000;17;304;584;12.52;11.84;1.23;1.22;1.6;1693;1683;10;2075;2059;16;42
20260512;2025;06;03;HOSTAL;02;2 ESTRELLAS;PIURA;200000;23;473;805;26.93;19.79;1.84;1.84;1.64;2604;2501;103;4780;4611;169;83
20260512;2025;06;03;HOSTAL;02;2 ESTRELLAS;PUNO;210000;58;906;1698;24.25;18.04;1.18;1.17;1.23;7793;6579;1214;9188;7690;1498;158
20260512;2025;06;03;HOSTAL;02;2 ESTRELLAS;SAN MARTÍN;220000;21;310;539;35.13;28.62;1.58;1.58;1.85;2927;2888;39;4628;4556;72;85
20260512;2025;06;03;HOSTAL;02;2 ESTRELLAS;TACNA;230000;28;477;903;34.68;21.52;2.01;1.81;2.09;2900;811;2089;5830;1468;4362;87
20260512;2025;06;03;HOSTAL;02;2 ESTRELLAS;TUMBES;240000;5;66;131;7.58;4.12;1.06;1.04;1.21;153;139;14;162;145;17;21
20260512;2025;06;03;HOSTAL;02;2 ESTRELLAS;UCAYALI;250000;2;68;124;15.98;9.22;1.4;1.4;1.38;245;229;16;343;321;22;16
20260512;2025;06;03;HOSTAL;03;3 ESTRELLAS;ÁNCASH;020000;20;327;616;22.23;19.36;1.41;1.39;2.18;2529;2445;84;3577;3394;183;74
20260512;2025;06;03;HOSTAL;03;3 ESTRELLAS;APURÍMAC;030000;1;24;43;33.19;18.53;1.72;1.73;1.25;139;135;4;239;234;5;4
20260512;2025;06;03;HOSTAL;03;3 ESTRELLAS;AREQUIPA;040000;48;784;1472;34.09;26.41;1.85;1.83;1.86;6315;3532;2783;11662;6472;5190;198
20260512;2025;06;03;HOSTAL;03;3 ESTRELLAS;AYACUCHO;050000;3;39;77;25.56;18.35;1.08;1.08;1.24;391;374;17;424;403;21;13
20260512;2025;06;03;HOSTAL;03;3 ESTRELLAS;CAJAMARCA;060000;51;757;1248;22.04;18.27;1.41;1.41;1.61;4846;4770;76;6841;6719;122;162
20260512;2025;06;03;HOSTAL;03;3 ESTRELLAS;CUSCO;080000;19;338;653;30.69;28.93;1.95;1.88;1.98;2905;884;2021;5667;1666;4001;82
20260512;2025;06;03;HOSTAL;03;3 ESTRELLAS;HUÁNUCO;100000;1;31;39;0;0;0;0;0;0;0;0;0;0;0;0
20260512;2025;06;03;HOSTAL;03;3 ESTRELLAS;ICA;110000;42;692;1287;48.48;35.94;1.32;1.65;1.02;10552;4962;5590;13878;8165;5713;148
20260512;2025;06;03;HOSTAL;03;3 ESTRELLAS;JUNÍN;120000;3;57;114;22.16;14.09;1.72;1.7;2;281;269;12;482;458;24;35
20260512;2025;06;03;HOSTAL;03;3 ESTRELLAS;LA LIBERTAD;130000;47;930;1766;26.45;23.37;1.22;1.21;1.4;10187;9968;219;12379;12073;306;163
20260512;2025;06;03;HOSTAL;03;3 ESTRELLAS;LAMBAYEQUE;140000;25;369;556;31.92;24.71;1.22;1.22;1.29;3383;3311;72;4121;4028;93;92
20260512;2025;06;03;HOSTAL;03;3 ESTRELLAS;LIMA;150000;25;513;952;23.54;19.14;1.17;1.16;1.26;4661;3964;697;5467;4586;881;93
20260512;2025;06;03;HOSTAL;03;3 ESTRELLAS;LORETO;160000;8;144;227;34.26;26.48;2.01;2.08;1.84;896;627;269;1803;1307;496;56
20260512;2025;06;03;HOSTAL;03;3 ESTRELLAS;MADRE DE DIOS;170000;1;22;28;35.3;42.62;1.53;1.53;0;234;234;0;358;358;0;2
20260512;2025;06;03;HOSTAL;03;3 ESTRELLAS;MOQUEGUA;180000;6;162;315;7.94;6.05;1.59;1.61;1.14;359;345;14;572;556;16;20
20260512;2025;06;03;HOSTAL;03;3 ESTRELLAS;PASCO;190000;2;21;44;20.63;27.73;1.39;1.36;1.59;264;232;32;366;315;51;8
20260512;2025;06;03;HOSTAL;03;3 ESTRELLAS;PUNO;210000;11;245;438;30.26;19.87;1.6;1.66;1.25;1632;1381;251;2611;2298;313;56
20260512;2025;06;03;HOSTAL;03;3 ESTRELLAS;SAN MARTÍN;220000;5;102;233;33.33;25.62;2.12;2.12;1.94;846;811;35;1791;1723;68;39
20260512;2025;06;03;HOSTAL;03;3 ESTRELLAS;TACNA;230000;4;78;178;28.12;22.81;2.26;2.05;2.44;539;249;290;1218;511;707;18
20260512;2025;06;03;HOSTAL;03;3 ESTRELLAS;TUMBES;240000;4;65;138;0;0;0;0;0;0;0;0;0;0;0;0
20260512;2025;06;03;HOSTAL;03;3 ESTRELLAS;UCAYALI;250000;1;35;52;15.43;14.87;1.61;1.61;0;144;144;0;232;232;0;4
20260512;2025;06;03;HOSTAL;TT;TODAS CONSOLIDADAS;AMAZONAS;010000;85;1275;2020;26.63;21.11;1.27;1.25;1.91;10062;9687;375;12792;12074;718;230
20260512;2025;06;03;HOSTAL;TT;TODAS CONSOLIDADAS;ÁNCASH;020000;191;3119;5459;29;26.29;1.13;1.13;1.48;38029;37679;350;43047;42528;519;554
20260512;2025;06;03;HOSTAL;TT;TODAS CONSOLIDADAS;APURÍMAC;030000;12;278;445;32.06;27.75;1.19;1.19;1.03;3116;3083;33;3705;3671;34;38
20260512;2025;06;03;HOSTAL;TT;TODAS CONSOLIDADAS;AREQUIPA;040000;230;3666;6427;30.52;25.53;1.45;1.41;1.64;34013;28838;5175;49220;40708;8512;709
20260512;2025;06;03;HOSTAL;TT;TODAS CONSOLIDADAS;AYACUCHO;050000;31;398;724;19.59;17.28;1.31;1.3;1.58;2857;2751;106;3754;3587;167;79
20260512;2025;06;03;HOSTAL;TT;TODAS CONSOLIDADAS;CAJAMARCA;060000;217;3698;5945;20.95;16.69;1.32;1.32;1.43;22620;22489;132;29874;29686;188;660
20260512;2025;06;03;HOSTAL;TT;TODAS CONSOLIDADAS;CALLAO;070000;12;380;702;32.44;30.09;1.03;1.03;0;6351;6351;0;6559;6559;0;58
20260512;2025;06;03;HOSTAL;TT;TODAS CONSOLIDADAS;CUSCO;080000;89;1481;2623;32.06;28.56;1.7;1.55;1.89;13193;7331;5862;22475;11368;11107;280
20260512;2025;06;03;HOSTAL;TT;TODAS CONSOLIDADAS;HUANCAVELICA;090000;4;131;208;14.3;12.45;1.16;1.16;0;667;667;0;777;777;0;13
20260512;2025;06;03;HOSTAL;TT;TODAS CONSOLIDADAS;HUÁNUCO;100000;61;951;1486;34.99;26.26;1.17;1.17;1.24;10029;10012;17;11708;11687;21;189
20260512;2025;06;03;HOSTAL;TT;TODAS CONSOLIDADAS;ICA;110000;142;2159;3638;33.56;27.43;1.16;1.19;1.03;25881;19842;6039;29938;23709;6229;401
20260512;2025;06;03;HOSTAL;TT;TODAS CONSOLIDADAS;JUNÍN;120000;42;649;1219;24.44;21.24;1.22;1.21;1.53;6381;6219;162;7768;7520;248;149
20260512;2025;06;03;HOSTAL;TT;TODAS CONSOLIDADAS;LA LIBERTAD;130000;191;3276;5952;23.41;20.4;1.24;1.24;1.4;29456;29236;220;36428;36121;307;574
20260512;2025;06;03;HOSTAL;TT;TODAS CONSOLIDADAS;LAMBAYEQUE;140000;193;2792;4190;26.18;21.31;1.14;1.14;1.18;23423;23293;130;26785;26632;153;554
20260512;2025;06;03;HOSTAL;TT;TODAS CONSOLIDADAS;LIMA;150000;225;5170;9365;32.82;29.27;1.29;1.23;1.77;79614;70925;8689;102778;87439;15339;1147
20260512;2025;06;03;HOSTAL;TT;TODAS CONSOLIDADAS;LORETO;160000;27;491;765;21.75;17.9;2.02;2.02;2.03;2033;1632;401;4108;3294;814;134
20260512;2025;06;03;HOSTAL;TT;TODAS CONSOLIDADAS;MADRE DE DIOS;170000;9;215;334;32.51;33.69;1.34;1.34;1.38;2520;2452;68;3376;3282;94;34
20260512;2025;06;03;HOSTAL;TT;TODAS CONSOLIDADAS;MOQUEGUA;180000;94;1525;2532;17.88;13.38;1.64;1.64;1.2;6202;6131;71;10165;10080;85;265
20260512;2025;06;03;HOSTAL;TT;TODAS CONSOLIDADAS;PASCO;190000;43;739;1281;19.06;14.55;1.14;1.13;1.34;4915;4836;79;5592;5486;106;115
20260512;2025;06;03;HOSTAL;TT;TODAS CONSOLIDADAS;PIURA;200000;28;565;972;26.47;20.51;1.92;1.92;1.91;3111;2905;206;5982;5589;393;106
20260512;2025;06;03;HOSTAL;TT;TODAS CONSOLIDADAS;PUNO;210000;106;1691;3089;24.19;17.55;1.22;1.22;1.23;13306;11702;1604;16260;14290;1970;296
20260512;2025;06;03;HOSTAL;TT;TODAS CONSOLIDADAS;SAN MARTÍN;220000;26;412;772;34.68;27.72;1.7;1.7;1.89;3773;3699;74;6419;6279;140;124
20260512;2025;06;03;HOSTAL;TT;TODAS CONSOLIDADAS;TACNA;230000;41;712;1351;28.93;20.05;1.82;1.55;1.99;4462;1708;2754;8128;2655;5473;129
20260512;2025;06;03;HOSTAL;TT;TODAS CONSOLIDADAS;UCAYALI;250000;3;103;176;15.79;10.89;1.48;1.48;1.38;389;373;16;575;553;22;20
20260512;2025;01;05;ALBERGUE;12;ALBERGUE;AMAZONAS;010000;1;6;11;0;0;0;0;0;0;0;0;0;0;0;0
20260512;2025;01;05;ALBERGUE;12;ALBERGUE;ÁNCASH;020000;5;43;95;0;0;0;0;0;0;0;0;0;0;0;0
20260512;2025;01;05;ALBERGUE;12;ALBERGUE;AREQUIPA;040000;10;152;392;28.54;26.77;1.65;1.49;1.74;1977;758;1219;3253;1127;2126;118
20260512;2025;01;05;ALBERGUE;12;ALBERGUE;AYACUCHO;050000;1;5;10;3.87;3.87;1;1;0;12;12;0;12;12;0;2
20260512;2025;01;05;ALBERGUE;12;ALBERGUE;CAJAMARCA;060000;1;11;22;0;0;0;0;0;0;0;0;0;0;0;0
20260512;2025;01;05;ALBERGUE;12;ALBERGUE;CUSCO;080000;13;342;587;9.85;12.29;1.63;1.68;1.63;1368;69;1299;2236;116;2120;137
20260512;2025;01;05;ALBERGUE;12;ALBERGUE;HUANCAVELICA;090000;1;14;47;4.84;4.12;1.54;1.54;0;39;39;0;60;60;0;12
20260512;2025;01;05;ALBERGUE;12;ALBERGUE;HUÁNUCO;100000;7;92;128;0;0;0;0;0;0;0;0;0;0;0;0
20260512;2025;01;05;ALBERGUE;12;ALBERGUE;ICA;110000;6;64;263;32.06;19.07;2.49;2.55;2.46;624;220;404;1555;561;994;39
20260512;2025;01;05;ALBERGUE;12;ALBERGUE;JUNÍN;120000;1;32;104;25.1;22.49;1.95;1.93;3.8;371;366;5;725;706;19;19
20260512;2025;01;05;ALBERGUE;12;ALBERGUE;LA LIBERTAD;130000;1;15;27;74.84;58.9;1.89;1.92;1.44;261;243;18;493;467;26;4
20260512;2025;01;05;ALBERGUE;12;ALBERGUE;LIMA;150000;8;136;468;19.35;21.83;2.27;2.08;2.46;1393;696;697;3167;1450;1717;44
20260512;2025;01;05;ALBERGUE;12;ALBERGUE;LORETO;160000;71;915;1893;17.29;16;1.86;1.52;2.1;5051;2089;2962;9392;3167;6225;339
20260512;2025;01;05;ALBERGUE;12;ALBERGUE;MADRE DE DIOS;170000;16;354;713;16.48;15.33;2.33;2.01;2.37;1457;184;1273;3388;369;3019;208
20260512;2025;01;05;ALBERGUE;12;ALBERGUE;PASCO;190000;21;268;681;12.46;15.32;1.55;1.55;3;2085;2082;3;3235;3226;9;65
20260512;2025;01;05;ALBERGUE;12;ALBERGUE;PUNO;210000;1;13;35;0;0;0;0;0;0;0;0;0;0;0;0
20260512;2025;01;05;ALBERGUE;12;ALBERGUE;SAN MARTÍN;220000;8;129;288;30.08;29.46;2.45;2.31;3.36;1073;929;144;2630;2146;484;53
20260512;2025;01;05;ALBERGUE;12;ALBERGUE;UCAYALI;250000;4;37;101;16.65;15.39;1.77;1.69;2.46;273;245;28;482;413;69;26
20260512;2025;01;05;ALBERGUE;TT;TODAS CONSOLIDADAS;AMAZONAS;010000;1;6;11;0;0;0;0;0;0;0;0;0;0;0;0
20260512;2025;01;05;ALBERGUE;TT;TODAS CONSOLIDADAS;ÁNCASH;020000;5;43;95;0;0;0;0;0;0;0;0;0;0;0;0
20260512;2025;01;05;ALBERGUE;TT;TODAS CONSOLIDADAS;AREQUIPA;040000;10;152;392;28.54;26.77;1.65;1.49;1.74;1977;758;1219;3253;1127;2126;118
20260512;2025;01;05;ALBERGUE;TT;TODAS CONSOLIDADAS;AYACUCHO;050000;1;5;10;3.87;3.87;1;1;0;12;12;0;12;12;0;2
20260512;2025;01;05;ALBERGUE;TT;TODAS CONSOLIDADAS;CAJAMARCA;060000;1;11;22;0;0;0;0;0;0;0;0;0;0;0;0
20260512;2025;01;05;ALBERGUE;TT;TODAS CONSOLIDADAS;CUSCO;080000;13;342;587;9.85;12.29;1.63;1.68;1.63;1368;69;1299;2236;116;2120;137
20260512;2025;01;05;ALBERGUE;TT;TODAS CONSOLIDADAS;HUANCAVELICA;090000;1;14;47;4.84;4.12;1.54;1.54;0;39;39;0;60;60;0;12
20260512;2025;01;05;ALBERGUE;TT;TODAS CONSOLIDADAS;HUÁNUCO;100000;7;92;128;0;0;0;0;0;0;0;0;0;0;0;0
20260512;2025;01;05;ALBERGUE;TT;TODAS CONSOLIDADAS;ICA;110000;6;64;263;32.06;19.07;2.49;2.55;2.46;624;220;404;1555;561;994;39
20260512;2025;01;05;ALBERGUE;TT;TODAS CONSOLIDADAS;JUNÍN;120000;1;32;104;25.1;22.49;1.95;1.93;3.8;371;366;5;725;706;19;19
20260512;2025;01;05;ALBERGUE;TT;TODAS CONSOLIDADAS;LA LIBERTAD;130000;1;15;27;74.84;58.9;1.89;1.92;1.44;261;243;18;493;467;26;4
20260512;2025;01;05;ALBERGUE;TT;TODAS CONSOLIDADAS;LIMA;150000;8;136;468;19.35;21.83;2.27;2.08;2.46;1393;696;697;3167;1450;1717;44
20260512;2025;01;05;ALBERGUE;TT;TODAS CONSOLIDADAS;LORETO;160000;71;915;1893;17.29;16;1.86;1.52;2.1;5051;2089;2962;9392;3167;6225;339
20260512;2025;01;05;ALBERGUE;TT;TODAS CONSOLIDADAS;MADRE DE DIOS;170000;16;354;713;16.48;15.33;2.33;2.01;2.37;1457;184;1273;3388;369;3019;208
20260512;2025;01;05;ALBERGUE;TT;TODAS CONSOLIDADAS;PASCO;190000;21;268;681;12.46;15.32;1.55;1.55;3;2085;2082;3;3235;3226;9;65
20260512;2025;01;05;ALBERGUE;TT;TODAS CONSOLIDADAS;PUNO;210000;1;13;35;0;0;0;0;0;0;0;0;0;0;0;0
20260512;2025;01;05;ALBERGUE;TT;TODAS CONSOLIDADAS;SAN MARTÍN;220000;8;129;288;30.08;29.46;2.45;2.31;3.36;1073;929;144;2630;2146;484;53
20260512;2025;01;05;ALBERGUE;TT;TODAS CONSOLIDADAS;UCAYALI;250000;4;37;101;16.65;15.39;1.77;1.69;2.46;273;245;28;482;413;69;26
20260512;2025;02;05;ALBERGUE;12;ALBERGUE;AMAZONAS;010000;1;6;11;0;0;0;0;0;0;0;0;0;0;0;0
20260512;2025;02;05;ALBERGUE;12;ALBERGUE;ÁNCASH;020000;5;43;95;0;0;0;0;0;0;0;0;0;0;0;0
20260512;2025;02;05;ALBERGUE;12;ALBERGUE;AREQUIPA;040000;10;152;392;23.54;25.59;1.72;1.42;1.87;1630;527;1103;2809;748;2061;118
20260512;2025;02;05;ALBERGUE;12;ALBERGUE;AYACUCHO;050000;1;5;10;2.14;2.14;1;1;0;6;6;0;6;6;0;2
20260512;2025;02;05;ALBERGUE;12;ALBERGUE;CAJAMARCA;060000;1;11;22;0;0;0;0;0;0;0;0;0;0;0;0
20260512;2025;02;05;ALBERGUE;12;ALBERGUE;CUSCO;080000;12;336;575;10.3;11.16;1.66;1.74;1.65;1085;70;1015;1796;122;1674;129
20260512;2025;02;05;ALBERGUE;12;ALBERGUE;HUANCAVELICA;090000;1;14;47;4.59;3.04;1.74;1.74;0;23;23;0;40;40;0;12
20260512;2025;02;05;ALBERGUE;12;ALBERGUE;HUÁNUCO;100000;7;92;128;0;0;0;0;0;0;0;0;0;0;0;0
20260512;2025;02;05;ALBERGUE;12;ALBERGUE;ICA;110000;6;64;263;32.92;10.21;1.78;1.54;1.91;422;142;280;752;218;534;35
20260512;2025;02;05;ALBERGUE;12;ALBERGUE;JUNÍN;120000;1;32;104;22.77;17.07;1.45;1.46;1;342;337;5;497;492;5;19
20260512;2025;02;05;ALBERGUE;12;ALBERGUE;LA LIBERTAD;130000;1;15;27;79.29;64.55;1.99;1.98;2.2;245;235;10;488;466;22;4
20260512;2025;02;05;ALBERGUE;12;ALBERGUE;LIMA;150000;8;139;476;25.77;26.66;2.05;1.88;2.27;1733;972;761;3553;1829;1724;44
20260512;2025;02;05;ALBERGUE;12;ALBERGUE;LORETO;160000;70;1038;2213;14.85;13.65;1.72;1.47;1.87;4923;1835;3088;8460;2690;5770;343
20260512;2025;02;05;ALBERGUE;12;ALBERGUE;MADRE DE DIOS;170000;17;356;723;16.63;15.61;2.37;2.06;2.43;1332;201;1131;3161;415;2746;210
20260512;2025;02;05;ALBERGUE;12;ALBERGUE;PASCO;190000;23;283;710;10.08;10.38;1.49;1.48;2.38;1389;1376;13;2063;2032;31;74
20260512;2025;02;05;ALBERGUE;12;ALBERGUE;PUNO;210000;1;13;35;0;0;0;0;0;0;0;0;0;0;0;0
20260512;2025;02;05;ALBERGUE;12;ALBERGUE;SAN MARTÍN;220000;8;129;301;25.83;24.91;2.42;2.29;3.34;869;762;107;2099;1742;357;49
20260512;2025;02;05;ALBERGUE;12;ALBERGUE;UCAYALI;250000;6;61;164;30.68;22.19;4.34;4.25;4.62;235;182;53;1019;774;245;32
20260512;2025;02;05;ALBERGUE;TT;TODAS CONSOLIDADAS;AMAZONAS;010000;1;6;11;0;0;0;0;0;0;0;0;0;0;0;0
20260512;2025;02;05;ALBERGUE;TT;TODAS CONSOLIDADAS;ÁNCASH;020000;5;43;95;0;0;0;0;0;0;0;0;0;0;0;0
20260512;2025;02;05;ALBERGUE;TT;TODAS CONSOLIDADAS;AREQUIPA;040000;10;152;392;23.54;25.59;1.72;1.42;1.87;1630;527;1103;2809;748;2061;118
20260512;2025;02;05;ALBERGUE;TT;TODAS CONSOLIDADAS;AYACUCHO;050000;1;5;10;2.14;2.14;1;1;0;6;6;0;6;6;0;2
20260512;2025;02;05;ALBERGUE;TT;TODAS CONSOLIDADAS;CAJAMARCA;060000;1;11;22;0;0;0;0;0;0;0;0;0;0;0;0
20260512;2025;02;05;ALBERGUE;TT;TODAS CONSOLIDADAS;CUSCO;080000;12;336;575;10.3;11.16;1.66;1.74;1.65;1085;70;1015;1796;122;1674;129
20260512;2025;02;05;ALBERGUE;TT;TODAS CONSOLIDADAS;HUANCAVELICA;090000;1;14;47;4.59;3.04;1.74;1.74;0;23;23;0;40;40;0;12
20260512;2025;02;05;ALBERGUE;TT;TODAS CONSOLIDADAS;HUÁNUCO;100000;7;92;128;0;0;0;0;0;0;0;0;0;0;0;0
20260512;2025;02;05;ALBERGUE;TT;TODAS CONSOLIDADAS;ICA;110000;6;64;263;32.92;10.21;1.78;1.54;1.91;422;142;280;752;218;534;35
20260512;2025;02;05;ALBERGUE;TT;TODAS CONSOLIDADAS;JUNÍN;120000;1;32;104;22.77;17.07;1.45;1.46;1;342;337;5;497;492;5;19
20260512;2025;02;05;ALBERGUE;TT;TODAS CONSOLIDADAS;LA LIBERTAD;130000;1;15;27;79.29;64.55;1.99;1.98;2.2;245;235;10;488;466;22;4
20260512;2025;02;05;ALBERGUE;TT;TODAS CONSOLIDADAS;LIMA;150000;8;139;476;25.77;26.66;2.05;1.88;2.27;1733;972;761;3553;1829;1724;44
20260512;2025;02;05;ALBERGUE;TT;TODAS CONSOLIDADAS;LORETO;160000;70;1038;2213;14.85;13.65;1.72;1.47;1.87;4923;1835;3088;8460;2690;5770;343
20260512;2025;02;05;ALBERGUE;TT;TODAS CONSOLIDADAS;MADRE DE DIOS;170000;17;356;723;16.63;15.61;2.37;2.06;2.43;1332;201;1131;3161;415;2746;210
20260512;2025;02;05;ALBERGUE;TT;TODAS CONSOLIDADAS;PASCO;190000;23;283;710;10.08;10.38;1.49;1.48;2.38;1389;1376;13;2063;2032;31;74
20260512;2025;02;05;ALBERGUE;TT;TODAS CONSOLIDADAS;PUNO;210000;1;13;35;0;0;0;0;0;0;0;0;0;0;0;0
20260512;2025;02;05;ALBERGUE;TT;TODAS CONSOLIDADAS;SAN MARTÍN;220000;8;129;301;25.83;24.91;2.42;2.29;3.34;869;762;107;2099;1742;357;49
20260512;2025;02;05;ALBERGUE;TT;TODAS CONSOLIDADAS;UCAYALI;250000;6;61;164;30.68;22.19;4.34;4.25;4.62;235;182;53;1019;774;245;32
20260512;2025;03;05;ALBERGUE;12;ALBERGUE;AMAZONAS;010000;1;6;11;0;0;0;0;0;0;0;0;0;0;0;0
20260512;2025;03;05;ALBERGUE;12;ALBERGUE;ÁNCASH;020000;6;47;112;3.23;3.05;3.93;3.93;0;27;27;0;106;106;0;11
20260512;2025;03;05;ALBERGUE;12;ALBERGUE;AREQUIPA;040000;10;153;386;23.89;24.56;1.63;1.45;1.67;1807;338;1469;2939;491;2448;125
20260512;2025;03;05;ALBERGUE;12;ALBERGUE;AYACUCHO;050000;1;5;10;1.94;1.61;1;1;0;5;5;0;5;5;0;2
20260512;2025;03;05;ALBERGUE;12;ALBERGUE;CAJAMARCA;060000;1;11;22;0;0;0;0;0;0;0;0;0;0;0;0
20260512;2025;03;05;ALBERGUE;12;ALBERGUE;CUSCO;080000;16;366;634;19.57;21.32;1.58;1.67;1.58;2645;6;2639;4190;10;4180;174
20260512;2025;03;05;ALBERGUE;12;ALBERGUE;HUANCAVELICA;090000;1;14;47;0;0;0;0;0;0;0;0;0;0;0;0
20260512;2025;03;05;ALBERGUE;12;ALBERGUE;HUÁNUCO;100000;7;92;128;0;0;0;0;0;0;0;0;0;0;0;0
20260512;2025;03;05;ALBERGUE;12;ALBERGUE;ICA;110000;6;64;263;45.51;11.77;1.93;1.46;2.14;497;152;345;960;222;738;34
20260512;2025;03;05;ALBERGUE;12;ALBERGUE;JUNÍN;120000;1;32;104;14.72;9.86;1.36;1.36;1.33;234;213;21;318;290;28;20
20260512;2025;03;05;ALBERGUE;12;ALBERGUE;LA LIBERTAD;130000;1;15;27;51.61;32.5;1.9;1.9;0;143;143;0;272;272;0;4
20260512;2025;03;05;ALBERGUE;12;ALBERGUE;LIMA;150000;8;143;486;21.5;20.99;1.84;1.62;2.07;1723;899;824;3162;1458;1704;42
20260512;2025;03;05;ALBERGUE;12;ALBERGUE;LORETO;160000;71;1049;2218;17.54;14.74;1.77;1.31;1.94;5730;1580;4150;10135;2067;8068;399
20260512;2025;03;05;ALBERGUE;12;ALBERGUE;MADRE DE DIOS;170000;18;354;691;17.66;17.72;2.37;1.74;2.44;1604;180;1424;3795;314;3481;179
20260512;2025;03;05;ALBERGUE;12;ALBERGUE;PASCO;190000;20;247;627;3.23;6.4;1.62;1.6;2.53;767;752;15;1244;1206;38;65
20260512;2025;03;05;ALBERGUE;12;ALBERGUE;PUNO;210000;1;13;35;0;0;0;0;0;0;0;0;0;0;0;0
20260512;2025;03;05;ALBERGUE;12;ALBERGUE;SAN MARTÍN;220000;7;123;275;17.86;15.39;2.31;2.17;3.29;568;498;70;1312;1082;230;48
20260512;2025;03;05;ALBERGUE;12;ALBERGUE;UCAYALI;250000;5;54;146;33.27;26.4;6.49;6.72;6.23;184;100;84;1195;672;523;25
20260512;2025;03;05;ALBERGUE;TT;TODAS CONSOLIDADAS;AMAZONAS;010000;1;6;11;0;0;0;0;0;0;0;0;0;0;0;0
20260512;2025;03;05;ALBERGUE;TT;TODAS CONSOLIDADAS;ÁNCASH;020000;6;47;112;3.23;3.05;3.93;3.93;0;27;27;0;106;106;0;11
20260512;2025;03;05;ALBERGUE;TT;TODAS CONSOLIDADAS;AREQUIPA;040000;10;153;386;23.89;24.56;1.63;1.45;1.67;1807;338;1469;2939;491;2448;125
20260512;2025;03;05;ALBERGUE;TT;TODAS CONSOLIDADAS;AYACUCHO;050000;1;5;10;1.94;1.61;1;1;0;5;5;0;5;5;0;2
20260512;2025;03;05;ALBERGUE;TT;TODAS CONSOLIDADAS;CAJAMARCA;060000;1;11;22;0;0;0;0;0;0;0;0;0;0;0;0
20260512;2025;03;05;ALBERGUE;TT;TODAS CONSOLIDADAS;CUSCO;080000;16;366;634;19.57;21.32;1.58;1.67;1.58;2645;6;2639;4190;10;4180;174
20260512;2025;03;05;ALBERGUE;TT;TODAS CONSOLIDADAS;HUANCAVELICA;090000;1;14;47;0;0;0;0;0;0;0;0;0;0;0;0
20260512;2025;03;05;ALBERGUE;TT;TODAS CONSOLIDADAS;HUÁNUCO;100000;7;92;128;0;0;0;0;0;0;0;0;0;0;0;0
20260512;2025;03;05;ALBERGUE;TT;TODAS CONSOLIDADAS;ICA;110000;6;64;263;45.51;11.77;1.93;1.46;2.14;497;152;345;960;222;738;34
20260512;2025;03;05;ALBERGUE;TT;TODAS CONSOLIDADAS;JUNÍN;120000;1;32;104;14.72;9.86;1.36;1.36;1.33;234;213;21;318;290;28;20
20260512;2025;03;05;ALBERGUE;TT;TODAS CONSOLIDADAS;LA LIBERTAD;130000;1;15;27;51.61;32.5;1.9;1.9;0;143;143;0;272;272;0;4
20260512;2025;03;05;ALBERGUE;TT;TODAS CONSOLIDADAS;LIMA;150000;8;143;486;21.5;20.99;1.84;1.62;2.07;1723;899;824;3162;1458;1704;42
20260512;2025;03;05;ALBERGUE;TT;TODAS CONSOLIDADAS;LORETO;160000;71;1049;2218;17.54;14.74;1.77;1.31;1.94;5730;1580;4150;10135;2067;8068;399
20260512;2025;03;05;ALBERGUE;TT;TODAS CONSOLIDADAS;MADRE DE DIOS;170000;18;354;691;17.66;17.72;2.37;1.74;2.44;1604;180;1424;3795;314;3481;179
20260512;2025;03;05;ALBERGUE;TT;TODAS CONSOLIDADAS;PASCO;190000;20;247;627;3.23;6.4;1.62;1.6;2.53;767;752;15;1244;1206;38;65
20260512;2025;03;05;ALBERGUE;TT;TODAS CONSOLIDADAS;PUNO;210000;1;13;35;0;0;0;0;0;0;0;0;0;0;0;0
20260512;2025;03;05;ALBERGUE;TT;TODAS CONSOLIDADAS;SAN MARTÍN;220000;7;123;275;17.86;15.39;2.31;2.17;3.29;568;498;70;1312;1082;230;48
20260512;2025;03;05;ALBERGUE;TT;TODAS CONSOLIDADAS;UCAYALI;250000;5;54;146;33.27;26.4;6.49;6.72;6.23;184;100;84;1195;672;523;25
20260512;2025;04;05;ALBERGUE;12;ALBERGUE;AMAZONAS;010000;1;6;11;0;0;0;0;0;0;0;0;0;0;0;0
20260512;2025;04;05;ALBERGUE;12;ALBERGUE;ÁNCASH;020000;6;47;112;2.62;1.34;1;1;1;45;6;39;45;6;39;11
20260512;2025;04;05;ALBERGUE;12;ALBERGUE;AREQUIPA;040000;10;153;386;38.37;38.91;1.48;1.32;1.53;3036;623;2413;4506;824;3682;131
20260512;2025;04;05;ALBERGUE;12;ALBERGUE;AYACUCHO;050000;3;25;50;2.67;2.67;1;1;1;40;35;5;40;35;5;5
20260512;2025;04;05;ALBERGUE;12;ALBERGUE;CUSCO;080000;16;366;634;40.17;38.21;1.6;1.63;1.6;4543;78;4465;7267;127;7140;174
20260512;2025;04;05;ALBERGUE;12;ALBERGUE;HUANCAVELICA;090000;1;15;42;0;0;0;0;0;0;0;0;0;0;0;0
20260512;2025;04;05;ALBERGUE;12;ALBERGUE;HUÁNUCO;100000;7;92;128;0;0;0;0;0;0;0;0;0;0;0;0
20260512;2025;04;05;ALBERGUE;12;ALBERGUE;ICA;110000;6;64;263;37.86;11.77;1.79;1.7;1.84;520;201;319;929;342;587;32
20260512;2025;04;05;ALBERGUE;12;ALBERGUE;JUNÍN;120000;1;32;104;25;21.96;2.04;2.02;2.69;335;322;13;685;650;35;20
20260512;2025;04;05;ALBERGUE;12;ALBERGUE;LA LIBERTAD;130000;1;15;27;58.67;36.42;1.82;1.81;2;162;151;11;295;273;22;4
20260512;2025;04;05;ALBERGUE;12;ALBERGUE;LIMA;150000;8;143;486;22.87;20.9;2.17;2.19;2.16;1404;572;832;3047;1253;1794;42
20260512;2025;04;05;ALBERGUE;12;ALBERGUE;LORETO;160000;70;1038;2218;18.74;17.17;1.87;1.45;2.05;6113;1848;4265;11427;2675;8752;398
20260512;2025;04;05;ALBERGUE;12;ALBERGUE;MADRE DE DIOS;170000;19;397;832;28.24;30.14;2.26;1.77;2.33;3323;400;2923;7524;708;6816;167
20260512;2025;04;05;ALBERGUE;12;ALBERGUE;PASCO;190000;26;308;826;7.81;9.54;1.61;1.6;2.13;1471;1440;31;2363;2297;66;78
20260512;2025;04;05;ALBERGUE;12;ALBERGUE;PUNO;210000;1;13;35;0;0;0;0;0;0;0;0;0;0;0;0
20260512;2025;04;05;ALBERGUE;12;ALBERGUE;SAN MARTÍN;220000;8;130;290;21.49;19.14;2.19;2.16;2.34;759;619;140;1665;1338;327;53
20260512;2025;04;05;ALBERGUE;12;ALBERGUE;UCAYALI;250000;6;61;164;10.16;7.64;1.59;1.58;1.67;237;210;27;376;331;45;32
20260512;2025;04;05;ALBERGUE;TT;TODAS CONSOLIDADAS;AMAZONAS;010000;1;6;11;0;0;0;0;0;0;0;0;0;0;0;0
20260512;2025;04;05;ALBERGUE;TT;TODAS CONSOLIDADAS;ÁNCASH;020000;6;47;112;2.62;1.34;1;1;1;45;6;39;45;6;39;11
20260512;2025;04;05;ALBERGUE;TT;TODAS CONSOLIDADAS;AREQUIPA;040000;10;153;386;38.37;38.91;1.48;1.32;1.53;3036;623;2413;4506;824;3682;131
20260512;2025;04;05;ALBERGUE;TT;TODAS CONSOLIDADAS;AYACUCHO;050000;3;25;50;2.67;2.67;1;1;1;40;35;5;40;35;5;5
20260512;2025;04;05;ALBERGUE;TT;TODAS CONSOLIDADAS;CUSCO;080000;16;366;634;40.17;38.21;1.6;1.63;1.6;4543;78;4465;7267;127;7140;174
20260512;2025;04;05;ALBERGUE;TT;TODAS CONSOLIDADAS;HUANCAVELICA;090000;1;15;42;0;0;0;0;0;0;0;0;0;0;0;0
20260512;2025;04;05;ALBERGUE;TT;TODAS CONSOLIDADAS;HUÁNUCO;100000;7;92;128;0;0;0;0;0;0;0;0;0;0;0;0
20260512;2025;04;05;ALBERGUE;TT;TODAS CONSOLIDADAS;ICA;110000;6;64;263;37.86;11.77;1.79;1.7;1.84;520;201;319;929;342;587;32
20260512;2025;04;05;ALBERGUE;TT;TODAS CONSOLIDADAS;JUNÍN;120000;1;32;104;25;21.96;2.04;2.02;2.69;335;322;13;685;650;35;20
20260512;2025;04;05;ALBERGUE;TT;TODAS CONSOLIDADAS;LA LIBERTAD;130000;1;15;27;58.67;36.42;1.82;1.81;2;162;151;11;295;273;22;4
20260512;2025;04;05;ALBERGUE;TT;TODAS CONSOLIDADAS;LIMA;150000;8;143;486;22.87;20.9;2.17;2.19;2.16;1404;572;832;3047;1253;1794;42
20260512;2025;04;05;ALBERGUE;TT;TODAS CONSOLIDADAS;LORETO;160000;70;1038;2218;18.74;17.17;1.87;1.45;2.05;6113;1848;4265;11427;2675;8752;398
20260512;2025;04;05;ALBERGUE;TT;TODAS CONSOLIDADAS;MADRE DE DIOS;170000;19;397;832;28.24;30.14;2.26;1.77;2.33;3323;400;2923;7524;708;6816;167
20260512;2025;04;05;ALBERGUE;TT;TODAS CONSOLIDADAS;PASCO;190000;26;308;826;7.81;9.54;1.61;1.6;2.13;1471;1440;31;2363;2297;66;78
20260512;2025;04;05;ALBERGUE;TT;TODAS CONSOLIDADAS;PUNO;210000;1;13;35;0;0;0;0;0;0;0;0;0;0;0;0
20260512;2025;04;05;ALBERGUE;TT;TODAS CONSOLIDADAS;SAN MARTÍN;220000;8;130;290;21.49;19.14;2.19;2.16;2.34;759;619;140;1665;1338;327;53
20260512;2025;04;05;ALBERGUE;TT;TODAS CONSOLIDADAS;UCAYALI;250000;6;61;164;10.16;7.64;1.59;1.58;1.67;237;210;27;376;331;45;32
20260512;2025;05;05;ALBERGUE;12;ALBERGUE;AMAZONAS;010000;1;6;11;0;0;0;0;0;0;0;0;0;0;0;0
20260512;2025;05;05;ALBERGUE;12;ALBERGUE;ÁNCASH;020000;6;47;112;3.23;2.28;1.93;1.93;0;41;41;0;79;79;0;11
20260512;2025;05;05;ALBERGUE;12;ALBERGUE;AREQUIPA;040000;10;153;386;46.72;42.59;1.45;1.23;1.5;3509;678;2831;5096;836;4260;129
20260512;2025;05;05;ALBERGUE;12;ALBERGUE;AYACUCHO;050000;3;25;50;3.23;2.9;1;1;0;45;45;0;45;45;0;5
20260512;2025;05;05;ALBERGUE;12;ALBERGUE;CUSCO;080000;16;371;649;44.08;42.51;1.45;1.4;1.45;5892;122;5770;8553;171;8382;177
20260512;2025;05;05;ALBERGUE;12;ALBERGUE;HUANCAVELICA;090000;1;15;42;0;0;0;0;0;0;0;0;0;0;0;0
20260512;2025;05;05;ALBERGUE;12;ALBERGUE;HUÁNUCO;100000;7;92;128;0;0;0;0;0;0;0;0;0;0;0;0
20260512;2025;05;05;ALBERGUE;12;ALBERGUE;ICA;110000;6;64;263;27.97;9.3;1.62;1.52;1.68;469;186;283;758;282;476;34
20260512;2025;05;05;ALBERGUE;12;ALBERGUE;JUNÍN;120000;1;32;104;40.83;35.55;1.83;1.82;2.33;626;614;12;1146;1118;28;20
20260512;2025;05;05;ALBERGUE;12;ALBERGUE;LA LIBERTAD;130000;1;15;27;49.46;36.44;1.92;1.97;1.33;159;147;12;305;289;16;4
20260512;2025;05;05;ALBERGUE;12;ALBERGUE;LIMA;150000;8;143;486;21.5;19.49;2.04;1.88;2.14;1440;537;903;2937;1007;1930;44
20260512;2025;05;05;ALBERGUE;12;ALBERGUE;LORETO;160000;70;1034;2216;20.08;17.98;1.98;1.78;2.09;6226;2069;4157;12351;3682;8669;398
20260512;2025;05;05;ALBERGUE;12;ALBERGUE;MADRE DE DIOS;170000;19;397;844;45.75;46.37;2.42;2.24;2.44;5005;476;4529;12133;1067;11066;189
20260512;2025;05;05;ALBERGUE;12;ALBERGUE;PASCO;190000;24;281;750;7.27;13.38;1.44;1.42;1.96;2163;2078;85;3110;2943;167;77
20260512;2025;05;05;ALBERGUE;12;ALBERGUE;PUNO;210000;1;13;35;0;0;0;0;0;0;0;0;0;0;0;0
20260512;2025;05;05;ALBERGUE;12;ALBERGUE;SAN MARTÍN;220000;8;126;281;25.09;23.66;2.28;2.25;2.4;905;734;171;2061;1650;411;49
20260512;2025;05;05;ALBERGUE;12;ALBERGUE;UCAYALI;250000;6;61;164;23.96;15.54;2.56;2.05;3.6;308;206;102;790;423;367;32
20260512;2025;05;05;ALBERGUE;TT;TODAS CONSOLIDADAS;AMAZONAS;010000;1;6;11;0;0;0;0;0;0;0;0;0;0;0;0
20260512;2025;05;05;ALBERGUE;TT;TODAS CONSOLIDADAS;ÁNCASH;020000;6;47;112;3.23;2.28;1.93;1.93;0;41;41;0;79;79;0;11
20260512;2025;05;05;ALBERGUE;TT;TODAS CONSOLIDADAS;AREQUIPA;040000;10;153;386;46.72;42.59;1.45;1.23;1.5;3509;678;2831;5096;836;4260;129
20260512;2025;05;05;ALBERGUE;TT;TODAS CONSOLIDADAS;AYACUCHO;050000;3;25;50;3.23;2.9;1;1;0;45;45;0;45;45;0;5
20260512;2025;05;05;ALBERGUE;TT;TODAS CONSOLIDADAS;CUSCO;080000;16;371;649;44.08;42.51;1.45;1.4;1.45;5892;122;5770;8553;171;8382;177
20260512;2025;05;05;ALBERGUE;TT;TODAS CONSOLIDADAS;HUANCAVELICA;090000;1;15;42;0;0;0;0;0;0;0;0;0;0;0;0
20260512;2025;05;05;ALBERGUE;TT;TODAS CONSOLIDADAS;HUÁNUCO;100000;7;92;128;0;0;0;0;0;0;0;0;0;0;0;0
20260512;2025;05;05;ALBERGUE;TT;TODAS CONSOLIDADAS;ICA;110000;6;64;263;27.97;9.3;1.62;1.52;1.68;469;186;283;758;282;476;34
20260512;2025;05;05;ALBERGUE;TT;TODAS CONSOLIDADAS;JUNÍN;120000;1;32;104;40.83;35.55;1.83;1.82;2.33;626;614;12;1146;1118;28;20
20260512;2025;05;05;ALBERGUE;TT;TODAS CONSOLIDADAS;LA LIBERTAD;130000;1;15;27;49.46;36.44;1.92;1.97;1.33;159;147;12;305;289;16;4
20260512;2025;05;05;ALBERGUE;TT;TODAS CONSOLIDADAS;LIMA;150000;8;143;486;21.5;19.49;2.04;1.88;2.14;1440;537;903;2937;1007;1930;44
20260512;2025;05;05;ALBERGUE;TT;TODAS CONSOLIDADAS;LORETO;160000;70;1034;2216;20.08;17.98;1.98;1.78;2.09;6226;2069;4157;12351;3682;8669;398
20260512;2025;05;05;ALBERGUE;TT;TODAS CONSOLIDADAS;MADRE DE DIOS;170000;19;397;844;45.75;46.37;2.42;2.24;2.44;5005;476;4529;12133;1067;11066;189
20260512;2025;05;05;ALBERGUE;TT;TODAS CONSOLIDADAS;PASCO;190000;24;281;750;7.27;13.38;1.44;1.42;1.96;2163;2078;85;3110;2943;167;77
20260512;2025;05;05;ALBERGUE;TT;TODAS CONSOLIDADAS;PUNO;210000;1;13;35;0;0;0;0;0;0;0;0;0;0;0;0
20260512;2025;05;05;ALBERGUE;TT;TODAS CONSOLIDADAS;SAN MARTÍN;220000;8;126;281;25.09;23.66;2.28;2.25;2.4;905;734;171;2061;1650;411;49
20260512;2025;05;05;ALBERGUE;TT;TODAS CONSOLIDADAS;UCAYALI;250000;6;61;164;23.96;15.54;2.56;2.05;3.6;308;206;102;790;423;367;32
20260512;2025;06;05;ALBERGUE;12;ALBERGUE;AMAZONAS;010000;1;6;11;0;0;0;0;0;0;0;0;0;0;0;0
20260512;2025;06;05;ALBERGUE;12;ALBERGUE;ÁNCASH;020000;6;47;112;12.62;8.21;3.78;3.88;3.75;73;17;56;276;66;210;11
20260512;2025;06;05;ALBERGUE;12;ALBERGUE;APURÍMAC;030000;1;6;13;0;0;0;0;0;0;0;0;0;0;0;0
20260512;2025;06;05;ALBERGUE;12;ALBERGUE;AREQUIPA;040000;10;153;386;37.97;35.84;1.47;1.35;1.5;2819;535;2284;4150;722;3428;129
20260512;2025;06;05;ALBERGUE;12;ALBERGUE;AYACUCHO;050000;3;25;50;3.33;3;1;1;0;45;45;0;45;45;0;5
20260512;2025;06;05;ALBERGUE;12;ALBERGUE;CUSCO;080000;16;372;651;36.8;36.68;1.5;1.9;1.5;4761;87;4674;7163;165;6998;177
20260512;2025;06;05;ALBERGUE;12;ALBERGUE;HUANCAVELICA;090000;1;15;42;0;0;0;0;0;0;0;0;0;0;0;0
20260512;2025;06;05;ALBERGUE;12;ALBERGUE;HUÁNUCO;100000;7;92;128;0;0;0;0;0;0;0;0;0;0;0;0
20260512;2025;06;05;ALBERGUE;12;ALBERGUE;ICA;110000;6;64;263;45.99;12.1;1.73;1.42;1.81;551;111;440;955;158;797;32
20260512;2025;06;05;ALBERGUE;12;ALBERGUE;JUNÍN;120000;1;32;104;28.44;19.84;1.77;1.74;2.47;350;335;15;619;582;37;20
20260512;2025;06;05;ALBERGUE;12;ALBERGUE;LA LIBERTAD;130000;1;15;27;56.44;46.42;2.04;2.08;1.67;184;169;15;376;351;25;4
20260512;2025;06;05;ALBERGUE;12;ALBERGUE;LIMA;150000;8;143;486;29.09;18.61;2.09;2.05;2.13;1296;595;701;2713;1218;1495;44
20260512;2025;06;05;ALBERGUE;12;ALBERGUE;LORETO;160000;68;1008;2174;23.51;21.53;2.2;1.59;2.45;6370;1808;4562;14043;2875;11168;396
20260512;2025;06;05;ALBERGUE;12;ALBERGUE;MADRE DE DIOS;170000;19;391;838;42.25;44.91;2.52;2.92;2.48;4487;385;4102;11290;1125;10165;195
20260512;2025;06;05;ALBERGUE;12;ALBERGUE;PASCO;190000;22;255;710;11.82;10.34;1.45;1.42;2.18;1523;1466;57;2202;2078;124;80
20260512;2025;06;05;ALBERGUE;12;ALBERGUE;PUNO;210000;1;13;35;0;0;0;0;0;0;0;0;0;0;0;0
20260512;2025;06;05;ALBERGUE;12;ALBERGUE;SAN MARTÍN;220000;12;162;374;22.82;18.54;2.4;2.34;2.79;866;748;118;2080;1751;329;60
20260512;2025;06;05;ALBERGUE;12;ALBERGUE;UCAYALI;250000;6;63;168;21.11;12.5;3.73;2.15;5.28;169;84;85;630;181;449;32
20260512;2025;06;05;ALBERGUE;TT;TODAS CONSOLIDADAS;AMAZONAS;010000;1;6;11;0;0;0;0;0;0;0;0;0;0;0;0
20260512;2025;06;05;ALBERGUE;TT;TODAS CONSOLIDADAS;ÁNCASH;020000;6;47;112;12.62;8.21;3.78;3.88;3.75;73;17;56;276;66;210;11
20260512;2025;06;05;ALBERGUE;TT;TODAS CONSOLIDADAS;APURÍMAC;030000;1;6;13;0;0;0;0;0;0;0;0;0;0;0;0
20260512;2025;06;05;ALBERGUE;TT;TODAS CONSOLIDADAS;AREQUIPA;040000;10;153;386;37.97;35.84;1.47;1.35;1.5;2819;535;2284;4150;722;3428;129
20260512;2025;06;05;ALBERGUE;TT;TODAS CONSOLIDADAS;AYACUCHO;050000;3;25;50;3.33;3;1;1;0;45;45;0;45;45;0;5
20260512;2025;06;05;ALBERGUE;TT;TODAS CONSOLIDADAS;CUSCO;080000;16;372;651;36.8;36.68;1.5;1.9;1.5;4761;87;4674;7163;165;6998;177
20260512;2025;06;05;ALBERGUE;TT;TODAS CONSOLIDADAS;HUANCAVELICA;090000;1;15;42;0;0;0;0;0;0;0;0;0;0;0;0
20260512;2025;06;05;ALBERGUE;TT;TODAS CONSOLIDADAS;HUÁNUCO;100000;7;92;128;0;0;0;0;0;0;0;0;0;0;0;0
20260512;2025;06;05;ALBERGUE;TT;TODAS CONSOLIDADAS;ICA;110000;6;64;263;45.99;12.1;1.73;1.42;1.81;551;111;440;955;158;797;32
20260512;2025;06;05;ALBERGUE;TT;TODAS CONSOLIDADAS;JUNÍN;120000;1;32;104;28.44;19.84;1.77;1.74;2.47;350;335;15;619;582;37;20
20260512;2025;06;05;ALBERGUE;TT;TODAS CONSOLIDADAS;LA LIBERTAD;130000;1;15;27;56.44;46.42;2.04;2.08;1.67;184;169;15;376;351;25;4
20260512;2025;06;05;ALBERGUE;TT;TODAS CONSOLIDADAS;LIMA;150000;8;143;486;29.09;18.61;2.09;2.05;2.13;1296;595;701;2713;1218;1495;44
20260512;2025;06;05;ALBERGUE;TT;TODAS CONSOLIDADAS;LORETO;160000;68;1008;2174;23.51;21.53;2.2;1.59;2.45;6370;1808;4562;14043;2875;11168;396
20260512;2025;06;05;ALBERGUE;TT;TODAS CONSOLIDADAS;MADRE DE DIOS;170000;19;391;838;42.25;44.91;2.52;2.92;2.48;4487;385;4102;11290;1125;10165;195
20260512;2025;06;05;ALBERGUE;TT;TODAS CONSOLIDADAS;PASCO;190000;22;255;710;11.82;10.34;1.45;1.42;2.18;1523;1466;57;2202;2078;124;80
20260512;2025;06;05;ALBERGUE;TT;TODAS CONSOLIDADAS;PUNO;210000;1;13;35;0;0;0;0;0;0;0;0;0;0;0;0
20260512;2025;06;05;ALBERGUE;TT;TODAS CONSOLIDADAS;SAN MARTÍN;220000;12;162;374;22.82;18.54;2.4;2.34;2.79;866;748;118;2080;1751;329;60
20260512;2025;06;05;ALBERGUE;TT;TODAS CONSOLIDADAS;UCAYALI;250000;6;63;168;21.11;12.5;3.73;2.15;5.28;169;84;85;630;181;449;32
20260512;2025;01;14;RESORT;03;3 ESTRELLAS;ICA;110000;1;51;86;0;0;0;0;0;0;0;0;0;0;0;0
20260512;2025;01;14;RESORT;03;3 ESTRELLAS;TUMBES;240000;1;31;60;0;0;0;0;0;0;0;0;0;0;0;0
20260512;2025;01;14;RESORT;04;4 ESTRELLAS;TUMBES;240000;1;402;1101;80.91;75.84;2.57;2.53;2.82;10087;8829;1258;25884;22341;3543;494
20260512;2025;01;14;RESORT;05;5 ESTRELLAS;ICA;110000;1;115;260;60.73;71.3;1.85;1.87;1.78;3100;2597;503;5747;4853;894;136
20260512;2025;01;14;RESORT;TT;TODAS CONSOLIDADAS;ICA;110000;2;166;346;42.07;53.58;1.85;1.87;1.78;3100;2597;503;5747;4853;894;136
20260512;2025;01;14;RESORT;TT;TODAS CONSOLIDADAS;TUMBES;240000;2;433;1161;75.12;71.92;2.57;2.53;2.82;10087;8829;1258;25884;22341;3543;494
20260512;2025;02;14;RESORT;03;3 ESTRELLAS;ICA;110000;1;51;86;0;0;0;0;0;0;0;0;0;0;0;0
20260512;2025;02;14;RESORT;03;3 ESTRELLAS;TUMBES;240000;1;31;60;0;0;0;0;0;0;0;0;0;0;0;0
20260512;2025;02;14;RESORT;04;4 ESTRELLAS;TUMBES;240000;1;402;1101;92.42;84.91;2.54;2.5;3.14;10294;9543;751;26175;23817;2358;480
20260512;2025;02;14;RESORT;05;5 ESTRELLAS;ICA;110000;1;115;260;85.47;101.5;1.87;1.9;1.67;3953;3410;543;7389;6483;906;136
20260512;2025;02;14;RESORT;TT;TODAS CONSOLIDADAS;ICA;110000;2;166;346;59.21;76.27;1.87;1.9;1.67;3953;3410;543;7389;6483;906;136
20260512;2025;02;14;RESORT;TT;TODAS CONSOLIDADAS;TUMBES;240000;2;433;1161;85.81;80.52;2.54;2.5;3.14;10294;9543;751;26175;23817;2358;480
20260512;2025;03;14;RESORT;03;3 ESTRELLAS;ICA;110000;1;51;86;0;0;0;0;0;0;0;0;0;0;0;0
20260512;2025;03;14;RESORT;03;3 ESTRELLAS;TUMBES;240000;1;31;60;0;0;0;0;0;0;0;0;0;0;0;0
20260512;2025;03;14;RESORT;04;4 ESTRELLAS;TUMBES;240000;1;402;1101;72.5;62.17;2.49;2.49;2.49;8519;6891;1628;21218;17162;4056;480
20260512;2025;03;14;RESORT;05;5 ESTRELLAS;ICA;110000;1;115;260;52.06;59.02;1.62;1.68;1.44;2931;2277;654;4757;3816;941;136
20260512;2025;03;14;RESORT;TT;TODAS CONSOLIDADAS;ICA;110000;2;166;346;36.07;44.35;1.62;1.68;1.44;2931;2277;654;4757;3816;941;136
20260512;2025;03;14;RESORT;TT;TODAS CONSOLIDADAS;TUMBES;240000;2;433;1161;67.31;58.95;2.49;2.49;2.49;8519;6891;1628;21218;17162;4056;480
20260512;2025;04;14;RESORT;03;3 ESTRELLAS;ICA;110000;1;51;86;0;0;0;0;0;0;0;0;0;0;0;0
20260512;2025;04;14;RESORT;03;3 ESTRELLAS;TUMBES;240000;1;31;60;0;0;0;0;0;0;0;0;0;0;0;0
20260512;2025;04;14;RESORT;04;4 ESTRELLAS;TUMBES;240000;1;402;1101;52.62;44.77;2.36;2.32;2.51;6256;4825;1431;14787;11201;3586;410
20260512;2025;04;14;RESORT;05;5 ESTRELLAS;ICA;110000;1;115;260;37.54;40.74;1.7;1.8;1.46;1872;1314;558;3178;2365;813;87
20260512;2025;04;14;RESORT;TT;TODAS CONSOLIDADAS;ICA;110000;2;166;346;26;30.62;1.7;1.8;1.46;1872;1314;558;3178;2365;813;87
20260512;2025;04;14;RESORT;TT;TODAS CONSOLIDADAS;TUMBES;240000;2;433;1161;48.85;42.45;2.36;2.32;2.51;6256;4825;1431;14787;11201;3586;410
20260512;2025;05;14;RESORT;03;3 ESTRELLAS;ICA;110000;1;51;86;0;0;0;0;0;0;0;0;0;0;0;0
20260512;2025;05;14;RESORT;03;3 ESTRELLAS;TUMBES;240000;1;31;60;0;0;0;0;0;0;0;0;0;0;0;0
20260512;2025;05;14;RESORT;04;4 ESTRELLAS;TUMBES;240000;1;402;1101;52.97;48.39;2.47;2.47;2.46;6696;5907;789;16517;14573;1944;399
20260512;2025;05;14;RESORT;05;5 ESTRELLAS;ICA;110000;1;115;260;38.35;40.47;1.71;1.75;1.61;1908;1365;543;3262;2388;874;87
20260512;2025;05;14;RESORT;TT;TODAS CONSOLIDADAS;ICA;110000;2;166;346;26.56;30.41;1.71;1.75;1.61;1908;1365;543;3262;2388;874;87
20260512;2025;05;14;RESORT;TT;TODAS CONSOLIDADAS;TUMBES;240000;2;433;1161;49.18;45.89;2.47;2.47;2.46;6696;5907;789;16517;14573;1944;399
20260512;2025;06;14;RESORT;03;3 ESTRELLAS;ICA;110000;1;51;86;0;0;0;0;0;0;0;0;0;0;0;0
20260512;2025;06;14;RESORT;03;3 ESTRELLAS;TUMBES;240000;1;31;60;0;0;0;0;0;0;0;0;0;0;0;0
20260512;2025;06;14;RESORT;04;4 ESTRELLAS;TUMBES;240000;1;402;1101;36.54;31.59;2.56;2.46;2.85;4078;3060;1018;10433;7534;2899;391
20260512;2025;06;14;RESORT;05;5 ESTRELLAS;ICA;110000;1;115;260;21.07;20.26;1.6;1.67;1.48;989;610;379;1580;1020;560;87
20260512;2025;06;14;RESORT;TT;TODAS CONSOLIDADAS;ICA;110000;2;166;346;14.6;15.22;1.6;1.67;1.48;989;610;379;1580;1020;560;87
20260512;2025;06;14;RESORT;TT;TODAS CONSOLIDADAS;TUMBES;240000;2;433;1161;33.93;29.95;2.56;2.46;2.85;4078;3060;1018;10433;7534;2899;391
20260512;2025;01;16;ECOLODGE;13;ECOLODGE;AREQUIPA;040000;1;23;51;7.43;6.01;1.34;1.33;1.34;71;18;53;95;24;71;7
20260512;2025;01;16;ECOLODGE;TT;TODAS CONSOLIDADAS;AREQUIPA;040000;1;23;51;7.43;6.01;1.34;1.33;1.34;71;18;53;95;24;71;7
20260512;2025;02;16;ECOLODGE;13;ECOLODGE;AREQUIPA;040000;1;23;51;10.71;10.29;2.58;1.69;2.93;57;16;41;147;27;120;7
20260512;2025;02;16;ECOLODGE;TT;TODAS CONSOLIDADAS;AREQUIPA;040000;1;23;51;10.71;10.29;2.58;1.69;2.93;57;16;41;147;27;120;7
20260512;2025;03;16;ECOLODGE;13;ECOLODGE;AREQUIPA;040000;1;23;51;11.64;10.5;1.31;1;1.32;127;4;123;166;4;162;7
20260512;2025;03;16;ECOLODGE;TT;TODAS CONSOLIDADAS;AREQUIPA;040000;1;23;51;11.64;10.5;1.31;1;1.32;127;4;123;166;4;162;7
20260512;2025;04;16;ECOLODGE;13;ECOLODGE;AREQUIPA;040000;1;23;51;34.78;33.01;1.38;1.59;1.36;365;44;321;505;70;435;7
20260512;2025;04;16;ECOLODGE;TT;TODAS CONSOLIDADAS;AREQUIPA;040000;1;23;51;34.78;33.01;1.38;1.59;1.36;365;44;321;505;70;435;7
20260512;2025;05;16;ECOLODGE;13;ECOLODGE;AREQUIPA;040000;1;23;51;32.4;28.4;1.31;1.48;1.29;344;23;321;449;34;415;7
20260512;2025;05;16;ECOLODGE;TT;TODAS CONSOLIDADAS;AREQUIPA;040000;1;23;51;32.4;28.4;1.31;1.48;1.29;344;23;321;449;34;415;7
20260512;2025;06;16;ECOLODGE;13;ECOLODGE;AREQUIPA;040000;1;23;51;23.77;33.27;2.18;1.53;2.22;234;15;219;509;23;486;7
20260512;2025;06;16;ECOLODGE;TT;TODAS CONSOLIDADAS;AREQUIPA;040000;1;23;51;23.77;33.27;2.18;1.53;2.22;234;15;219;509;23;486;7
20260512;2025;01;TT;TODAS CONSOLIDADAS;00;NO CATEGORIZADO;AMAZONAS;010000;307;2914;4623;12.46;10.11;1.24;1.23;1.32;11703;11176;527;14489;13794;695;547
20260512;2025;01;TT;TODAS CONSOLIDADAS;00;NO CATEGORIZADO;ÁNCASH;020000;738;6677;11219;18.51;15.34;1.4;1.4;1.41;38196;36815;1381;53360;51419;1941;808
20260512;2025;01;TT;TODAS CONSOLIDADAS;00;NO CATEGORIZADO;APURÍMAC;030000;532;4600;7192;17.41;13.17;1.1;1.1;1.05;26770;26533;237;29366;29118;248;438
20260512;2025;01;TT;TODAS CONSOLIDADAS;00;NO CATEGORIZADO;AREQUIPA;040000;1286;10961;18636;18.95;15.82;1.46;1.37;1.78;62426;48516;13910;91410;66602;24808;1367
20260512;2025;01;TT;TODAS CONSOLIDADAS;00;NO CATEGORIZADO;AYACUCHO;050000;631;5720;9207;12.19;9.59;1.13;1.13;1.03;24150;23977;173;27359;27180;179;654
20260512;2025;01;TT;TODAS CONSOLIDADAS;00;NO CATEGORIZADO;CAJAMARCA;060000;752;6423;10233;9.67;7.66;1.34;1.34;1.6;18168;18054;114;24301;24119;182;657
20260512;2025;01;TT;TODAS CONSOLIDADAS;00;NO CATEGORIZADO;CALLAO;070000;279;3794;7134;46.71;46.16;1;1;1.05;179510;178500;1010;179935;178879;1056;1129
20260512;2025;01;TT;TODAS CONSOLIDADAS;00;NO CATEGORIZADO;CUSCO;080000;2044;19712;34516;23.58;20.47;1.67;1.43;1.97;131038;71699;59339;219000;102303;116697;3845
20260512;2025;01;TT;TODAS CONSOLIDADAS;00;NO CATEGORIZADO;HUANCAVELICA;090000;241;2568;3948;13.63;11.44;1.12;1.12;1.28;12539;12521;18;14003;13980;23;284
20260512;2025;01;TT;TODAS CONSOLIDADAS;00;NO CATEGORIZADO;HUÁNUCO;100000;526;5356;7999;19.6;16.33;1.14;1.14;1.28;35427;35366;61;40489;40411;78;668
20260512;2025;01;TT;TODAS CONSOLIDADAS;00;NO CATEGORIZADO;ICA;110000;835;8317;13709;19.26;15.06;1.14;1.15;1.13;55924;47411;8513;63994;54348;9646;1504
20260512;2025;01;TT;TODAS CONSOLIDADAS;00;NO CATEGORIZADO;JUNÍN;120000;1546;15596;25455;24.1;20.22;1.15;1.14;2.37;139092;138650;442;159555;158508;1047;2827
20260512;2025;01;TT;TODAS CONSOLIDADAS;00;NO CATEGORIZADO;LA LIBERTAD;130000;1023;7596;12719;12.6;10.09;1.19;1.12;1.78;33561;30175;3386;39783;33742;6041;708
20260512;2025;01;TT;TODAS CONSOLIDADAS;00;NO CATEGORIZADO;LAMBAYEQUE;140000;452;4624;6819;15.65;13.41;1.04;1.04;1.02;27220;26944;276;28355;28073;282;587
20260512;2025;01;TT;TODAS CONSOLIDADAS;00;NO CATEGORIZADO;LIMA;150000;7318;56628;97468;24.55;23.28;1.1;1.08;1.46;2815012;2707915;107097;3082914;2926118;156796;36908
20260512;2025;01;TT;TODAS CONSOLIDADAS;00;NO CATEGORIZADO;LORETO;160000;816;6922;10722;14.51;12.91;1.86;1.89;1.7;23101;19182;3919;42900;36231;6669;704
20260512;2025;01;TT;TODAS CONSOLIDADAS;00;NO CATEGORIZADO;MADRE DE DIOS;170000;347;4594;7635;22.12;18.41;1.18;1.13;1.59;36998;33450;3548;43583;37930;5653;807
20260512;2025;01;TT;TODAS CONSOLIDADAS;00;NO CATEGORIZADO;MOQUEGUA;180000;172;1795;3020;17.98;14.3;1.27;1.27;1.04;10538;10448;90;13383;13289;94;248
20260512;2025;01;TT;TODAS CONSOLIDADAS;00;NO CATEGORIZADO;PASCO;190000;406;4313;7012;15.5;14.11;1.37;1.37;1.17;22447;22411;36;30677;30635;42;763
20260512;2025;01;TT;TODAS CONSOLIDADAS;00;NO CATEGORIZADO;PIURA;200000;1157;10547;18828;31.91;24.34;1.56;1.52;1.91;91304;82147;9157;142064;124538;17526;2123
20260512;2025;01;TT;TODAS CONSOLIDADAS;00;NO CATEGORIZADO;PUNO;210000;851;7601;12795;27.37;22.37;1.54;1.56;1.27;57450;54434;3016;88749;84905;3844;1378
20260512;2025;01;TT;TODAS CONSOLIDADAS;00;NO CATEGORIZADO;SAN MARTÍN;220000;883;9737;15529;22.38;19.45;1.39;1.38;1.87;67539;66412;1127;93627;91519;2108;1323
20260512;2025;01;TT;TODAS CONSOLIDADAS;00;NO CATEGORIZADO;TACNA;230000;427;3967;7053;17.27;14.34;1.25;1.17;1.37;25063;14358;10705;31361;16741;14620;437
20260512;2025;01;TT;TODAS CONSOLIDADAS;00;NO CATEGORIZADO;TUMBES;240000;260;2502;4772;19.22;16.24;1.36;1.36;1.35;17652;16740;912;24018;22784;1234;320
20260512;2025;01;TT;TODAS CONSOLIDADAS;00;NO CATEGORIZADO;UCAYALI;250000;560;5537;8583;26.77;27.3;3.55;3.59;1.98;20481;19930;551;72641;71550;1091;1005
20260512;2025;01;TT;TODAS CONSOLIDADAS;01;1 ESTRELLA;AMAZONAS;010000;19;262;384;34.51;27.34;1.16;1.16;1.24;2816;2799;17;3255;3234;21;40
20260512;2025;01;TT;TODAS CONSOLIDADAS;01;1 ESTRELLA;ÁNCASH;020000;50;933;1492;22.14;17.26;1.15;1.15;1.15;6926;6867;59;7983;7915;68;148
20260512;2025;01;TT;TODAS CONSOLIDADAS;01;1 ESTRELLA;APURÍMAC;030000;6;191;301;30.74;28.21;1.1;1.1;1;2399;2395;4;2632;2628;4;21
20260512;2025;01;TT;TODAS CONSOLIDADAS;01;1 ESTRELLA;AREQUIPA;040000;58;1017;1591;23.36;19.2;1.15;1.15;1.21;8246;7960;286;9472;9126;346;173
20260512;2025;01;TT;TODAS CONSOLIDADAS;01;1 ESTRELLA;AYACUCHO;050000;24;408;736;12.82;10.34;1.45;1.45;1.12;1630;1605;25;2360;2332;28;77
20260512;2025;01;TT;TODAS CONSOLIDADAS;01;1 ESTRELLA;CAJAMARCA;060000;31;628;1070;15.62;15.74;1.64;1.64;0;3177;3177;0;5221;5221;0;109
20260512;2025;01;TT;TODAS CONSOLIDADAS;01;1 ESTRELLA;CALLAO;070000;6;133;249;37.57;40.04;1;1;0;3173;3173;0;3173;3173;0;19
20260512;2025;01;TT;TODAS CONSOLIDADAS;01;1 ESTRELLA;CUSCO;080000;26;502;832;22.08;19.75;1.13;1.13;1.29;4491;4394;97;5095;4970;125;71
20260512;2025;01;TT;TODAS CONSOLIDADAS;01;1 ESTRELLA;HUANCAVELICA;090000;2;66;94;19.06;13.66;1.01;1.01;0;393;393;0;398;398;0;5
20260512;2025;01;TT;TODAS CONSOLIDADAS;01;1 ESTRELLA;HUÁNUCO;100000;37;679;1025;39.96;28.68;1.15;1.15;0;7951;7951;0;9148;9148;0;116
20260512;2025;01;TT;TODAS CONSOLIDADAS;01;1 ESTRELLA;ICA;110000;26;478;821;27.37;25.83;1.03;1.03;1.01;6377;6137;240;6573;6330;243;83
20260512;2025;01;TT;TODAS CONSOLIDADAS;01;1 ESTRELLA;JUNÍN;120000;17;391;769;19.02;13.17;1.28;1.28;0;2450;2450;0;3139;3139;0;52
20260512;2025;01;TT;TODAS CONSOLIDADAS;01;1 ESTRELLA;LA LIBERTAD;130000;28;458;818;27.28;21.58;1.69;1.69;1;3243;3242;1;5471;5470;1;76
20260512;2025;01;TT;TODAS CONSOLIDADAS;01;1 ESTRELLA;LAMBAYEQUE;140000;19;304;421;19.74;20.87;1.04;1.04;0;2621;2621;0;2724;2724;0;54
20260512;2025;01;TT;TODAS CONSOLIDADAS;01;1 ESTRELLA;LIMA;150000;93;2103;3733;31.28;24.96;1.16;1.16;1.36;31206;30793;414;36321;35760;561;404
20260512;2025;01;TT;TODAS CONSOLIDADAS;01;1 ESTRELLA;LORETO;160000;6;106;172;15.06;11.44;1.57;1.53;2.22;389;366;23;610;559;51;25
20260512;2025;01;TT;TODAS CONSOLIDADAS;01;1 ESTRELLA;MADRE DE DIOS;170000;7;209;381;19.66;15.48;1.02;1.02;1.04;1789;1765;24;1828;1803;25;36
20260512;2025;01;TT;TODAS CONSOLIDADAS;01;1 ESTRELLA;MOQUEGUA;180000;21;345;572;21.97;21.36;1.37;1.37;1.25;2764;2677;87;3787;3678;109;62
20260512;2025;01;TT;TODAS CONSOLIDADAS;01;1 ESTRELLA;PASCO;190000;27;554;858;17.96;13.91;1.06;1.06;0;3481;3481;0;3699;3699;0;86
20260512;2025;01;TT;TODAS CONSOLIDADAS;01;1 ESTRELLA;PIURA;200000;5;96;168;20.23;12.69;1.61;1.62;1.25;411;403;8;661;651;10;10
20260512;2025;01;TT;TODAS CONSOLIDADAS;01;1 ESTRELLA;PUNO;210000;40;640;1118;26.83;20.29;1.27;1.27;1.1;5545;5378;167;7033;6849;184;99
20260512;2025;01;TT;TODAS CONSOLIDADAS;01;1 ESTRELLA;SAN MARTÍN;220000;7;150;223;33.33;33.29;1.18;1.18;1;1945;1933;12;2301;2289;12;27
20260512;2025;01;TT;TODAS CONSOLIDADAS;01;1 ESTRELLA;TACNA;230000;11;239;441;16.01;15.52;1.11;1.12;1.08;1911;1360;551;2122;1526;596;34
20260512;2025;01;TT;TODAS CONSOLIDADAS;01;1 ESTRELLA;TUMBES;240000;2;47;100;0;0;0;0;0;0;0;0;0;0;0;0
20260512;2025;01;TT;TODAS CONSOLIDADAS;02;2 ESTRELLAS;AMAZONAS;010000;94;1980;3124;22.78;17.59;1.38;1.37;1.88;12373;12148;225;17036;16613;423;316
20260512;2025;01;TT;TODAS CONSOLIDADAS;02;2 ESTRELLAS;ÁNCASH;020000;193;3882;6919;27.59;24.01;1.26;1.26;1.32;40708;40290;418;51491;50940;551;644
20260512;2025;01;TT;TODAS CONSOLIDADAS;02;2 ESTRELLAS;APURÍMAC;030000;13;414;688;27.36;21.22;1.1;1.1;1.1;4121;4051;70;4525;4448;77;48
20260512;2025;01;TT;TODAS CONSOLIDADAS;02;2 ESTRELLAS;AREQUIPA;040000;173;3301;5879;27.7;23.33;1.31;1.31;1.41;32368;30238;2130;42525;39513;3012;571
20260512;2025;01;TT;TODAS CONSOLIDADAS;02;2 ESTRELLAS;AYACUCHO;050000;19;524;938;15.21;17.37;1.72;1.74;1.35;2933;2830;103;5051;4912;139;85
20260512;2025;01;TT;TODAS CONSOLIDADAS;02;2 ESTRELLAS;CAJAMARCA;060000;204;4285;6866;19.21;15.34;1.17;1.17;1.24;27822;27674;148;32648;32464;184;651
20260512;2025;01;TT;TODAS CONSOLIDADAS;02;2 ESTRELLAS;CALLAO;070000;7;287;520;28.62;25.43;1.05;1.04;1.33;3909;3783;126;4099;3932;167;43
20260512;2025;01;TT;TODAS CONSOLIDADAS;02;2 ESTRELLAS;CUSCO;080000;94;1956;3601;21.32;18.4;1.59;1.38;1.86;12877;7003;5874;20538;9634;10904;536
20260512;2025;01;TT;TODAS CONSOLIDADAS;02;2 ESTRELLAS;HUANCAVELICA;090000;3;87;159;10.31;7.57;1.09;1.09;1.33;343;340;3;373;369;4;8
20260512;2025;01;TT;TODAS CONSOLIDADAS;02;2 ESTRELLAS;HUÁNUCO;100000;88;2317;3717;32.27;24.71;1.25;1.25;1.32;22834;22707;127;28468;28300;168;404
20260512;2025;01;TT;TODAS CONSOLIDADAS;02;2 ESTRELLAS;ICA;110000;138;2798;4749;22.87;19.98;1.02;1.02;1.05;28761;28052;709;29420;28678;742;435
20260512;2025;01;TT;TODAS CONSOLIDADAS;02;2 ESTRELLAS;JUNÍN;120000;54;1200;2214;22.02;19.23;1.27;1.26;1.7;10391;10250;141;13195;12955;240;210
20260512;2025;01;TT;TODAS CONSOLIDADAS;02;2 ESTRELLAS;LA LIBERTAD;130000;141;2502;4497;20.99;19.57;1.22;1.22;1.29;22309;21851;458;27283;26690;593;457
20260512;2025;01;TT;TODAS CONSOLIDADAS;02;2 ESTRELLAS;LAMBAYEQUE;140000;215;4300;6499;21.22;17.96;1.14;1.13;1.59;31738;31326;412;36190;35536;654;697
20260512;2025;01;TT;TODAS CONSOLIDADAS;02;2 ESTRELLAS;LIMA;150000;247;8693;16135;31.61;27.26;1.31;1.27;2.07;148413;141679;6734;193886;179964;13923;1985
20260512;2025;01;TT;TODAS CONSOLIDADAS;02;2 ESTRELLAS;LORETO;160000;21;426;701;17.51;13.67;1.85;1.82;2.18;1607;1479;128;2970;2691;279;91
20260512;2025;01;TT;TODAS CONSOLIDADAS;02;2 ESTRELLAS;MADRE DE DIOS;170000;15;396;646;34.9;27.83;1.25;1.26;1.18;4460;3893;567;5574;4905;669;80
20260512;2025;01;TT;TODAS CONSOLIDADAS;02;2 ESTRELLAS;MOQUEGUA;180000;92;1595;2630;29.06;22.43;1.64;1.64;1.5;11140;10949;191;18286;18000;286;315
20260512;2025;01;TT;TODAS CONSOLIDADAS;02;2 ESTRELLAS;PASCO;190000;22;481;930;19.57;13.2;1.39;1.39;1.5;2735;2731;4;3806;3800;6;74
20260512;2025;01;TT;TODAS CONSOLIDADAS;02;2 ESTRELLAS;PIURA;200000;40;888;1476;23.73;18.48;1.65;1.64;1.97;5117;4887;230;8457;8005;452;158
20260512;2025;01;TT;TODAS CONSOLIDADAS;02;2 ESTRELLAS;PUNO;210000;91;1670;3035;19.07;14.22;1.21;1.19;1.35;11068;9549;1519;13377;11319;2058;270
20260512;2025;01;TT;TODAS CONSOLIDADAS;02;2 ESTRELLAS;SAN MARTÍN;220000;49;1087;1900;35.23;32.61;1.61;1.6;2.12;11952;11708;244;19209;18691;518;273
20260512;2025;01;TT;TODAS CONSOLIDADAS;02;2 ESTRELLAS;TACNA;230000;62;1444;2784;29.78;24.64;1.43;1.47;1.4;14836;6517;8319;21262;9590;11672;268
20260512;2025;01;TT;TODAS CONSOLIDADAS;02;2 ESTRELLAS;TUMBES;240000;11;237;437;18.95;14.5;1.29;1.29;1.34;1519;1478;41;1964;1909;55;61
20260512;2025;01;TT;TODAS CONSOLIDADAS;02;2 ESTRELLAS;UCAYALI;250000;3;91;159;10.92;6.74;1.33;1.35;1;249;240;9;332;323;9;16
20260512;2025;01;TT;TODAS CONSOLIDADAS;03;3 ESTRELLAS;AMAZONAS;010000;26;546;932;19.96;15.01;1.28;1.25;1.74;3402;3257;145;4338;4086;252;131
20260512;2025;01;TT;TODAS CONSOLIDADAS;03;3 ESTRELLAS;ÁNCASH;020000;64;1766;3152;24.82;20;1.52;1.51;1.59;12895;12292;603;19546;18589;957;422
20260512;2025;01;TT;TODAS CONSOLIDADAS;03;3 ESTRELLAS;APURÍMAC;030000;7;223;371;45.74;38.15;1.57;1.62;1.31;2796;2357;439;4388;3814;574;64
20260512;2025;01;TT;TODAS CONSOLIDADAS;03;3 ESTRELLAS;AREQUIPA;040000;122;2967;5521;22.86;19.3;2.06;2.09;1.97;16043;11606;4437;33040;24308;8732;858
20260512;2025;01;TT;TODAS CONSOLIDADAS;03;3 ESTRELLAS;AYACUCHO;050000;10;229;415;14.45;13.09;1.88;1.91;1.61;895;800;95;1684;1531;153;64
20260512;2025;01;TT;TODAS CONSOLIDADAS;03;3 ESTRELLAS;CAJAMARCA;060000;126;3064;5191;17.89;12.55;1.37;1.37;1.27;14791;14117;674;20190;19331;859;628
20260512;2025;01;TT;TODAS CONSOLIDADAS;03;3 ESTRELLAS;CALLAO;070000;4;233;391;25.92;26.89;1.3;1.17;1.63;2512;1824;688;3259;2136;1123;56
20260512;2025;01;TT;TODAS CONSOLIDADAS;03;3 ESTRELLAS;CUSCO;080000;115;3927;7621;32.47;28.7;1.81;1.68;1.86;37461;9868;27593;67806;16597;51209;1287
20260512;2025;01;TT;TODAS CONSOLIDADAS;03;3 ESTRELLAS;HUANCAVELICA;090000;2;65;108;5.06;4.33;1.36;1.36;0;107;107;0;145;145;0;10
20260512;2025;01;TT;TODAS CONSOLIDADAS;03;3 ESTRELLAS;HUÁNUCO;100000;19;916;1577;23.94;18.34;1.38;1.38;1.57;6504;6414;90;8965;8824;141;159
20260512;2025;01;TT;TODAS CONSOLIDADAS;03;3 ESTRELLAS;ICA;110000;112;3130;5986;36.51;30.98;1.34;1.35;1.28;42984;35852;7132;57493;48336;9157;750
20260512;2025;01;TT;TODAS CONSOLIDADAS;03;3 ESTRELLAS;JUNÍN;120000;22;825;1560;19.85;16.28;1.72;1.72;1.93;4576;4469;107;7874;7668;206;252
20260512;2025;01;TT;TODAS CONSOLIDADAS;03;3 ESTRELLAS;LA LIBERTAD;130000;119;2966;5686;32.72;26.15;1.46;1.44;1.91;31510;30077;1433;46100;43365;2735;705
20260512;2025;01;TT;TODAS CONSOLIDADAS;03;3 ESTRELLAS;LAMBAYEQUE;140000;60;1461;2404;30.26;25.69;1.35;1.34;1.59;14179;13662;517;19147;18323;824;312
20260512;2025;01;TT;TODAS CONSOLIDADAS;03;3 ESTRELLAS;LIMA;150000;200;8979;17130;40.52;36.27;1.68;1.44;2.21;114720;78944;35776;192580;113530;79050;2187
20260512;2025;01;TT;TODAS CONSOLIDADAS;03;3 ESTRELLAS;LORETO;160000;36;953;1634;26.6;22.64;2.24;2.31;1.96;5113;4137;976;11470;9556;1914;276
20260512;2025;01;TT;TODAS CONSOLIDADAS;03;3 ESTRELLAS;MADRE DE DIOS;170000;6;224;405;29.41;31.7;1.51;1.71;1.19;2636;1627;1009;3980;2780;1200;57
20260512;2025;01;TT;TODAS CONSOLIDADAS;03;3 ESTRELLAS;MOQUEGUA;180000;20;574;990;26.1;19.85;1.74;1.72;2.03;3504;3308;196;6093;5696;397;113
20260512;2025;01;TT;TODAS CONSOLIDADAS;03;3 ESTRELLAS;PASCO;190000;8;149;262;26.54;21.08;1.22;1.22;1.56;1404;1395;9;1712;1698;14;29
20260512;2025;01;TT;TODAS CONSOLIDADAS;03;3 ESTRELLAS;PIURA;200000;21;706;1245;38.99;33.04;1.67;1.6;2.32;7637;6863;774;12751;10957;1794;272
20260512;2025;01;TT;TODAS CONSOLIDADAS;03;3 ESTRELLAS;PUNO;210000;37;1079;2049;23.55;19.75;1.5;1.53;1.47;8377;4077;4300;12542;6219;6323;239
20260512;2025;01;TT;TODAS CONSOLIDADAS;03;3 ESTRELLAS;SAN MARTÍN;220000;33;1068;1984;32;31.27;1.85;1.84;2.14;10391;10175;216;19232;18770;462;296
20260512;2025;01;TT;TODAS CONSOLIDADAS;03;3 ESTRELLAS;TACNA;230000;16;573;1215;40.7;36.02;1.93;1.98;1.9;7030;2687;4343;13568;5308;8260;128
20260512;2025;01;TT;TODAS CONSOLIDADAS;03;3 ESTRELLAS;TUMBES;240000;14;360;738;42.24;45.1;2.91;2.87;3.14;3543;2970;573;10317;8518;1799;144
20260512;2025;01;TT;TODAS CONSOLIDADAS;03;3 ESTRELLAS;UCAYALI;250000;17;606;1008;26.32;21.76;1.94;1.95;1.88;3501;3260;241;6799;6347;452;140
20260512;2025;01;TT;TODAS CONSOLIDADAS;04;4 ESTRELLAS;APURÍMAC;030000;1;32;56;26.01;14.86;1.78;1.73;2.1;145;125;20;258;216;42;14
20260512;2025;01;TT;TODAS CONSOLIDADAS;04;4 ESTRELLAS;AREQUIPA;040000;11;558;1055;22.67;20.78;1.92;1.97;1.87;3538;1792;1746;6795;3538;3257;263
20260512;2025;01;TT;TODAS CONSOLIDADAS;04;4 ESTRELLAS;CAJAMARCA;060000;4;217;382;41.24;36.44;1.9;1.87;2.14;2273;2045;228;4315;3827;488;155
20260512;2025;01;TT;TODAS CONSOLIDADAS;04;4 ESTRELLAS;CALLAO;070000;2;371;614;90.1;78.27;1.35;1.37;1.34;11058;2167;8891;14897;2975;11922;130
20260512;2025;01;TT;TODAS CONSOLIDADAS;04;4 ESTRELLAS;CUSCO;080000;20;1546;3012;51.01;48.56;1.87;1.7;1.89;24262;3091;21171;45340;5241;40099;941
20260512;2025;01;TT;TODAS CONSOLIDADAS;04;4 ESTRELLAS;HUÁNUCO;100000;1;60;101;38.71;32.55;2;2.02;1.45;509;489;20;1019;990;29;29
20260512;2025;01;TT;TODAS CONSOLIDADAS;04;4 ESTRELLAS;ICA;110000;8;739;1562;55.35;46.37;1.46;1.48;1.37;15404;12406;2998;22453;18358;4095;358
20260512;2025;01;TT;TODAS CONSOLIDADAS;04;4 ESTRELLAS;JUNÍN;120000;1;40;66;18.63;19.4;1.52;1.52;0;261;261;0;397;397;0;20
20260512;2025;01;TT;TODAS CONSOLIDADAS;04;4 ESTRELLAS;LA LIBERTAD;130000;4;318;600;48.5;42.25;2.13;2.08;2.44;3686;3142;544;7858;6533;1325;130
20260512;2025;01;TT;TODAS CONSOLIDADAS;04;4 ESTRELLAS;LAMBAYEQUE;140000;5;359;653;61.4;56.26;1.54;1.5;1.9;7402;6709;693;11389;10073;1316;292
20260512;2025;01;TT;TODAS CONSOLIDADAS;04;4 ESTRELLAS;LIMA;150000;53;4911;9069;43.68;44.07;2.06;1.54;2.74;60186;34272;25914;123893;52848;71045;2243
20260512;2025;01;TT;TODAS CONSOLIDADAS;04;4 ESTRELLAS;LORETO;160000;5;172;258;31.85;33.57;2;2.19;1.81;1344;671;673;2685;1470;1215;105
20260512;2025;01;TT;TODAS CONSOLIDADAS;04;4 ESTRELLAS;MOQUEGUA;180000;2;123;234;36.01;27.7;2.29;2.24;2.82;879;808;71;2009;1809;200;61
20260512;2025;01;TT;TODAS CONSOLIDADAS;04;4 ESTRELLAS;PIURA;200000;5;471;847;31.42;29.31;1.77;1.67;2.22;4350;3578;772;7696;5980;1716;160
20260512;2025;01;TT;TODAS CONSOLIDADAS;04;4 ESTRELLAS;PUNO;210000;8;508;961;23.57;22.53;1.63;1.8;1.59;4120;836;3284;6713;1503;5210;184
20260512;2025;01;TT;TODAS CONSOLIDADAS;04;4 ESTRELLAS;SAN MARTÍN;220000;2;82;141;42.45;47.84;2.26;2.29;1.9;927;839;88;2091;1924;167;40
20260512;2025;01;TT;TODAS CONSOLIDADAS;04;4 ESTRELLAS;TACNA;230000;2;200;391;56.79;56.94;1.84;1.72;1.89;3759;1133;2626;6902;1945;4957;69
20260512;2025;01;TT;TODAS CONSOLIDADAS;04;4 ESTRELLAS;TUMBES;240000;6;667;1621;65.48;67.55;2.46;2.44;2.55;13824;11945;1879;33944;29152;4792;655
20260512;2025;01;TT;TODAS CONSOLIDADAS;04;4 ESTRELLAS;UCAYALI;250000;5;289;515;37.29;33.1;2.2;2.16;2.39;2403;1995;408;5285;4309;976;120
20260512;2025;01;TT;TODAS CONSOLIDADAS;05;5 ESTRELLAS;AREQUIPA;040000;3;241;352;33.45;37.24;2.02;1.96;2.14;2007;1295;712;4064;2541;1523;186
20260512;2025;01;TT;TODAS CONSOLIDADAS;05;5 ESTRELLAS;CUSCO;080000;15;1281;2481;41.43;39.81;1.74;1.95;1.71;17561;2217;15344;30620;4330;26290;1332
20260512;2025;01;TT;TODAS CONSOLIDADAS;05;5 ESTRELLAS;ICA;110000;6;661;1567;60.67;59.76;1.98;1.97;2.02;14633;11497;3136;29029;22694;6335;776
20260512;2025;01;TT;TODAS CONSOLIDADAS;05;5 ESTRELLAS;LA LIBERTAD;130000;2;267;470;45.91;47.47;1.87;1.8;2.28;3706;3205;501;6917;5776;1141;182
20260512;2025;01;TT;TODAS CONSOLIDADAS;05;5 ESTRELLAS;LIMA;150000;30;4923;9043;42.06;33.85;2.21;1.64;2.39;42962;10335;32627;94885;16937;77948;3966
20260512;2025;01;TT;TODAS CONSOLIDADAS;05;5 ESTRELLAS;LORETO;160000;1;71;110;55.07;50.7;1.74;2.21;1.39;994;426;568;1729;941;788;54
20260512;2025;01;TT;TODAS CONSOLIDADAS;05;5 ESTRELLAS;PIURA;200000;1;83;166;65.84;57.56;1.76;1.59;2.54;1680;1370;310;2962;2174;788;82
20260512;2025;01;TT;TODAS CONSOLIDADAS;05;5 ESTRELLAS;PUNO;210000;1;123;231;38.19;53.26;1.49;1.56;1.47;2553;629;1924;3814;983;2831;32
20260512;2025;01;TT;TODAS CONSOLIDADAS;05;5 ESTRELLAS;SAN MARTÍN;220000;1;50;108;38.9;51.61;2.29;2.28;2.48;756;731;25;1728;1666;62;64
20260512;2025;01;TT;TODAS CONSOLIDADAS;05;5 ESTRELLAS;UCAYALI;250000;2;162;298;40;36.18;2.37;2.36;2.44;1413;1236;177;3342;2911;431;69
20260512;2025;01;TT;TODAS CONSOLIDADAS;12;ALBERGUE;AMAZONAS;010000;1;6;11;0;0;0;0;0;0;0;0;0;0;0;0
20260512;2025;01;TT;TODAS CONSOLIDADAS;12;ALBERGUE;ÁNCASH;020000;5;43;95;0;0;0;0;0;0;0;0;0;0;0;0
20260512;2025;01;TT;TODAS CONSOLIDADAS;12;ALBERGUE;AREQUIPA;040000;10;152;392;28.54;26.77;1.65;1.49;1.74;1977;758;1219;3253;1127;2126;118
20260512;2025;01;TT;TODAS CONSOLIDADAS;12;ALBERGUE;AYACUCHO;050000;1;5;10;3.87;3.87;1;1;0;12;12;0;12;12;0;2
20260512;2025;01;TT;TODAS CONSOLIDADAS;12;ALBERGUE;CAJAMARCA;060000;1;11;22;0;0;0;0;0;0;0;0;0;0;0;0
20260512;2025;01;TT;TODAS CONSOLIDADAS;12;ALBERGUE;CUSCO;080000;13;342;587;9.85;12.29;1.63;1.68;1.63;1368;69;1299;2236;116;2120;137
20260512;2025;01;TT;TODAS CONSOLIDADAS;12;ALBERGUE;HUANCAVELICA;090000;1;14;47;4.84;4.12;1.54;1.54;0;39;39;0;60;60;0;12
20260512;2025;01;TT;TODAS CONSOLIDADAS;12;ALBERGUE;HUÁNUCO;100000;7;92;128;0;0;0;0;0;0;0;0;0;0;0;0
20260512;2025;01;TT;TODAS CONSOLIDADAS;12;ALBERGUE;ICA;110000;6;64;263;32.06;19.07;2.49;2.55;2.46;624;220;404;1555;561;994;39
20260512;2025;01;TT;TODAS CONSOLIDADAS;12;ALBERGUE;JUNÍN;120000;1;32;104;25.1;22.49;1.95;1.93;3.8;371;366;5;725;706;19;19
20260512;2025;01;TT;TODAS CONSOLIDADAS;12;ALBERGUE;LA LIBERTAD;130000;1;15;27;74.84;58.9;1.89;1.92;1.44;261;243;18;493;467;26;4
20260512;2025;01;TT;TODAS CONSOLIDADAS;12;ALBERGUE;LIMA;150000;8;136;468;19.35;21.83;2.27;2.08;2.46;1393;696;697;3167;1450;1717;44
20260512;2025;01;TT;TODAS CONSOLIDADAS;12;ALBERGUE;LORETO;160000;71;915;1893;17.29;16;1.86;1.52;2.1;5051;2089;2962;9392;3167;6225;339
20260512;2025;01;TT;TODAS CONSOLIDADAS;12;ALBERGUE;MADRE DE DIOS;170000;16;354;713;16.48;15.33;2.33;2.01;2.37;1457;184;1273;3388;369;3019;208
20260512;2025;01;TT;TODAS CONSOLIDADAS;12;ALBERGUE;PASCO;190000;21;268;681;12.46;15.32;1.55;1.55;3;2085;2082;3;3235;3226;9;65
20260512;2025;01;TT;TODAS CONSOLIDADAS;12;ALBERGUE;PUNO;210000;1;13;35;0;0;0;0;0;0;0;0;0;0;0;0
20260512;2025;01;TT;TODAS CONSOLIDADAS;12;ALBERGUE;SAN MARTÍN;220000;8;129;288;30.08;29.46;2.45;2.31;3.36;1073;929;144;2630;2146;484;53
20260512;2025;01;TT;TODAS CONSOLIDADAS;12;ALBERGUE;UCAYALI;250000;4;37;101;16.65;15.39;1.77;1.69;2.46;273;245;28;482;413;69;26
20260512;2025;01;TT;TODAS CONSOLIDADAS;13;ECOLODGE;AREQUIPA;040000;1;23;51;7.43;6.01;1.34;1.33;1.34;71;18;53;95;24;71;7
20260512;2025;01;TT;TODAS CONSOLIDADAS;TT;TODAS CONSOLIDADAS;AMAZONAS;010000;447;5708;9074;15.98;12.68;1.26;1.26;1.45;30294;29380;914;39118;37727;1391;1034
20260512;2025;01;TT;TODAS CONSOLIDADAS;TT;TODAS CONSOLIDADAS;ÁNCASH;020000;1050;13301;22877;20.65;17.24;1.36;1.36;1.38;98725;96264;2461;132380;128863;3517;2022
20260512;2025;01;TT;TODAS CONSOLIDADAS;TT;TODAS CONSOLIDADAS;APURÍMAC;030000;559;5460;8608;18.15;13.84;1.1;1.11;1.05;36231;35461;770;41169;40224;945;585
20260512;2025;01;TT;TODAS CONSOLIDADAS;TT;TODAS CONSOLIDADAS;AREQUIPA;040000;1664;19220;33477;20.4;17.11;1.49;1.42;1.74;126676;102183;24493;190654;146779;43875;3543
20260512;2025;01;TT;TODAS CONSOLIDADAS;TT;TODAS CONSOLIDADAS;AYACUCHO;050000;685;6886;11306;12.31;9.87;1.17;1.17;1.05;29620;29224;396;36466;35967;499;882
20260512;2025;01;TT;TODAS CONSOLIDADAS;TT;TODAS CONSOLIDADAS;CAJAMARCA;060000;1118;14628;23764;12.6;9.93;1.32;1.32;1.45;66231;65067;1164;86675;84962;1713;2200
20260512;2025;01;TT;TODAS CONSOLIDADAS;TT;TODAS CONSOLIDADAS;CALLAO;070000;298;4818;8908;46.11;45.5;1.01;1.01;1.04;200162;189447;10715;205363;191095;14268;1377
20260512;2025;01;TT;TODAS CONSOLIDADAS;TT;TODAS CONSOLIDADAS;CUSCO;080000;2327;29266;52650;24.18;21.1;1.67;1.44;1.94;229058;98341;130717;390635;143191;247444;8149
20260512;2025;01;TT;TODAS CONSOLIDADAS;TT;TODAS CONSOLIDADAS;HUANCAVELICA;090000;249;2800;4356;13.53;11.33;1.12;1.12;1.25;13421;13400;21;14979;14952;27;319
20260512;2025;01;TT;TODAS CONSOLIDADAS;TT;TODAS CONSOLIDADAS;HUÁNUCO;100000;678;9420;14547;22.3;18;1.15;1.15;1.21;73225;72927;298;88089;87673;416;1376
20260512;2025;01;TT;TODAS CONSOLIDADAS;TT;TODAS CONSOLIDADAS;ICA;110000;1131;16187;28657;22.13;17.96;1.16;1.16;1.15;164707;141575;23132;210517;179305;31212;3945
20260512;2025;01;TT;TODAS CONSOLIDADAS;TT;TODAS CONSOLIDADAS;JUNÍN;120000;1641;18084;30168;23.92;20.06;1.16;1.16;2.32;157141;156446;695;184885;183373;1512;3380
20260512;2025;01;TT;TODAS CONSOLIDADAS;TT;TODAS CONSOLIDADAS;LA LIBERTAD;130000;1318;14122;24817;15.83;12.99;1.23;1.18;1.73;98276;91935;6341;133905;122043;11862;2262
20260512;2025;01;TT;TODAS CONSOLIDADAS;TT;TODAS CONSOLIDADAS;LAMBAYEQUE;140000;751;11048;16796;18.82;16.17;1.1;1.1;1.21;83160;81262;1898;97805;94729;3076;1942
20260512;2025;01;TT;TODAS CONSOLIDADAS;TT;TODAS CONSOLIDADAS;LIMA;150000;7949;86373;153046;25.44;23.92;1.13;1.1;1.51;3213892;3004633;209259;3727647;3326607;401040;47737
20260512;2025;01;TT;TODAS CONSOLIDADAS;TT;TODAS CONSOLIDADAS;LORETO;160000;956;9565;15490;15.38;13.66;1.87;1.88;1.76;37599;28350;9249;71756;54615;17141;1594
20260512;2025;01;TT;TODAS CONSOLIDADAS;TT;TODAS CONSOLIDADAS;MADRE DE DIOS;170000;391;5777;9780;22.45;18.8;1.23;1.18;1.59;47340;40919;6421;58353;47787;10566;1188
20260512;2025;01;TT;TODAS CONSOLIDADAS;TT;TODAS CONSOLIDADAS;MOQUEGUA;180000;307;4432;7446;22.22;17.66;1.43;1.43;1.27;28825;28190;635;43558;42472;1086;799
20260512;2025;01;TT;TODAS CONSOLIDADAS;TT;TODAS CONSOLIDADAS;PASCO;190000;484;5765;9743;15.88;14.23;1.36;1.36;1.2;32152;32100;52;43129;43058;71;1017
20260512;2025;01;TT;TODAS CONSOLIDADAS;TT;TODAS CONSOLIDADAS;PIURA;200000;1229;12791;22730;31.74;24.3;1.56;1.52;1.92;110499;99248;11251;174591;152305;22286;2805
20260512;2025;01;TT;TODAS CONSOLIDADAS;TT;TODAS CONSOLIDADAS;PUNO;210000;1029;11634;20224;26.43;21.49;1.5;1.51;1.28;89113;74903;14210;132228;111778;20450;2202
20260512;2025;01;TT;TODAS CONSOLIDADAS;TT;TODAS CONSOLIDADAS;SAN MARTÍN;220000;983;12303;20173;23.54;20.77;1.42;1.41;1.9;94583;92727;1856;140818;137005;3813;2076
20260512;2025;01;TT;TODAS CONSOLIDADAS;TT;TODAS CONSOLIDADAS;TACNA;230000;518;6423;11884;19.62;16.43;1.29;1.23;1.38;52599;26055;26544;75215;35110;40105;936
20260512;2025;01;TT;TODAS CONSOLIDADAS;TT;TODAS CONSOLIDADAS;TUMBES;240000;293;3813;7668;21.13;18.49;1.45;1.44;1.45;36538;33133;3405;70243;62363;7880;1180
20260512;2025;01;TT;TODAS CONSOLIDADAS;TT;TODAS CONSOLIDADAS;UCAYALI;250000;591;6722;10664;26.74;27.04;3.46;3.5;1.98;28320;26906;1414;88881;85853;3028;1376
20260512;2025;02;TT;TODAS CONSOLIDADAS;00;NO CATEGORIZADO;AMAZONAS;010000;308;2920;4628;17.87;12.33;1.26;1.24;1.69;12657;12061;596;15984;14975;1009;551
20260512;2025;02;TT;TODAS CONSOLIDADAS;00;NO CATEGORIZADO;ÁNCASH;020000;740;6719;11279;18.22;15.17;1.34;1.34;1.33;35807;34449;1358;47924;46124;1800;809
20260512;2025;02;TT;TODAS CONSOLIDADAS;00;NO CATEGORIZADO;APURÍMAC;030000;532;4596;7183;18.07;12.84;1.11;1.11;1.04;23179;23089;90;25821;25727;94;440
20260512;2025;02;TT;TODAS CONSOLIDADAS;00;NO CATEGORIZADO;AREQUIPA;040000;1283;10902;18529;19.86;16.51;1.46;1.37;1.73;58874;44456;14418;85669;60741;24928;1365
20260512;2025;02;TT;TODAS CONSOLIDADAS;00;NO CATEGORIZADO;AYACUCHO;050000;631;5689;9137;14.07;11.83;1.2;1.19;1.29;25307;25013;294;30254;29874;380;649
20260512;2025;02;TT;TODAS CONSOLIDADAS;00;NO CATEGORIZADO;CAJAMARCA;060000;750;6415;10241;28.13;19.92;1.35;1.35;3.18;42254;42243;11;57120;57085;35;1161
20260512;2025;02;TT;TODAS CONSOLIDADAS;00;NO CATEGORIZADO;CALLAO;070000;278;3779;7104;51.05;50.45;1;1;1.08;176596;175815;781;177000;176159;841;1125
20260512;2025;02;TT;TODAS CONSOLIDADAS;00;NO CATEGORIZADO;CUSCO;080000;2041;19712;34464;21.33;18.51;1.8;1.44;2.34;99269;59776;39493;178581;86262;92319;3774
20260512;2025;02;TT;TODAS CONSOLIDADAS;00;NO CATEGORIZADO;HUANCAVELICA;090000;241;2568;3948;14.59;11.85;1.09;1.09;1.26;12028;11994;34;13100;13057;43;289
20260512;2025;02;TT;TODAS CONSOLIDADAS;00;NO CATEGORIZADO;HUÁNUCO;100000;525;5348;7992;17.4;14.42;1.14;1.14;1.39;28259;28154;105;32268;32122;146;669
20260512;2025;02;TT;TODAS CONSOLIDADAS;00;NO CATEGORIZADO;ICA;110000;836;8336;13745;19.63;16.44;1.16;1.16;1.15;54743;43396;11347;63282;50184;13098;1080
20260512;2025;02;TT;TODAS CONSOLIDADAS;00;NO CATEGORIZADO;JUNÍN;120000;1547;15574;25426;25.18;19.91;1.16;1.16;1.83;122171;121938;233;141722;141295;427;2826
20260512;2025;02;TT;TODAS CONSOLIDADAS;00;NO CATEGORIZADO;LA LIBERTAD;130000;1023;7596;12719;12.88;9.87;1.13;1.09;1.64;31191;29125;2066;35163;31774;3389;708
20260512;2025;02;TT;TODAS CONSOLIDADAS;00;NO CATEGORIZADO;LAMBAYEQUE;140000;451;4617;6788;16.67;14.08;1.04;1.04;1.04;25670;25368;302;26755;26442;313;582
20260512;2025;02;TT;TODAS CONSOLIDADAS;00;NO CATEGORIZADO;LIMA;150000;7300;56497;97254;25.7;23.97;1.1;1.09;1.5;2585899;2494272;91628;2847692;2709873;137819;36689
20260512;2025;02;TT;TODAS CONSOLIDADAS;00;NO CATEGORIZADO;LORETO;160000;817;6928;10728;15.39;13.48;1.86;1.91;1.68;21717;17394;4323;40491;33242;7249;701
20260512;2025;02;TT;TODAS CONSOLIDADAS;00;NO CATEGORIZADO;MADRE DE DIOS;170000;344;4584;7583;22.4;18.67;1.21;1.18;1.59;32763;30136;2627;39651;35466;4185;635
20260512;2025;02;TT;TODAS CONSOLIDADAS;00;NO CATEGORIZADO;MOQUEGUA;180000;173;1807;3043;17.78;15.07;1.22;1.22;1.02;10504;10410;94;12843;12747;96;251
20260512;2025;02;TT;TODAS CONSOLIDADAS;00;NO CATEGORIZADO;PASCO;190000;404;4300;7002;16.16;14.45;1.31;1.31;1.13;21631;21579;52;28322;28263;59;762
20260512;2025;02;TT;TODAS CONSOLIDADAS;00;NO CATEGORIZADO;PIURA;200000;1159;10559;18812;40.34;27.99;1.59;1.52;2.05;92810;80149;12661;147452;121516;25936;2117
20260512;2025;02;TT;TODAS CONSOLIDADAS;00;NO CATEGORIZADO;PUNO;210000;858;7687;12985;31.09;26.55;1.51;1.52;1.29;63983;60672;3311;96543;92288;4255;1388
20260512;2025;02;TT;TODAS CONSOLIDADAS;00;NO CATEGORIZADO;SAN MARTÍN;220000;884;9732;15512;22.58;19.64;1.37;1.36;1.87;62142;60801;1341;85309;82800;2509;1324
20260512;2025;02;TT;TODAS CONSOLIDADAS;00;NO CATEGORIZADO;TACNA;230000;428;3972;7061;21.92;20.22;1.37;1.21;1.54;29122;14652;14470;39977;17696;22281;436
20260512;2025;02;TT;TODAS CONSOLIDADAS;00;NO CATEGORIZADO;TUMBES;240000;259;2493;4744;17.9;15.74;1.3;1.29;1.39;16140;14646;1494;20907;18826;2081;343
20260512;2025;02;TT;TODAS CONSOLIDADAS;00;NO CATEGORIZADO;UCAYALI;250000;560;5537;8583;27.5;29.89;3.82;3.86;1.96;18827;18379;448;71843;70966;877;1007
20260512;2025;02;TT;TODAS CONSOLIDADAS;01;1 ESTRELLA;AMAZONAS;010000;19;265;387;32.72;28.25;1.21;1.21;2;2526;2524;2;3061;3057;4;42
20260512;2025;02;TT;TODAS CONSOLIDADAS;01;1 ESTRELLA;ÁNCASH;020000;51;949;1521;23.14;18.36;1.19;1.19;1.13;6554;6514;40;7818;7773;45;151
20260512;2025;02;TT;TODAS CONSOLIDADAS;01;1 ESTRELLA;APURÍMAC;030000;6;191;301;31.17;28.41;1.12;1.12;1;2135;2133;2;2394;2392;2;21
20260512;2025;02;TT;TODAS CONSOLIDADAS;01;1 ESTRELLA;AREQUIPA;040000;59;1045;1643;22.03;18.04;1.16;1.16;1.19;7139;6799;340;8298;7893;405;178
20260512;2025;02;TT;TODAS CONSOLIDADAS;01;1 ESTRELLA;AYACUCHO;050000;24;408;736;14.71;11.56;1.42;1.42;1.39;1677;1649;28;2382;2343;39;79
20260512;2025;02;TT;TODAS CONSOLIDADAS;01;1 ESTRELLA;CAJAMARCA;060000;31;628;1070;20.35;15.75;1.57;1.57;0;3015;3015;0;4719;4719;0;109
20260512;2025;02;TT;TODAS CONSOLIDADAS;01;1 ESTRELLA;CALLAO;070000;6;133;249;32.36;35.4;1;1;0;2533;2533;0;2533;2533;0;19
20260512;2025;02;TT;TODAS CONSOLIDADAS;01;1 ESTRELLA;CUSCO;080000;26;502;832;19.19;16.99;1.15;1.15;1.56;3437;3412;25;3959;3920;39;71
20260512;2025;02;TT;TODAS CONSOLIDADAS;01;1 ESTRELLA;HUANCAVELICA;090000;2;66;94;22.19;16.83;1;1;0;443;443;0;443;443;0;5
20260512;2025;02;TT;TODAS CONSOLIDADAS;01;1 ESTRELLA;HUÁNUCO;100000;37;679;1025;36.99;26.43;1.16;1.16;0;6572;6572;0;7615;7615;0;116
20260512;2025;02;TT;TODAS CONSOLIDADAS;01;1 ESTRELLA;ICA;110000;26;478;821;26.43;24.19;1.06;1.06;1;5268;5092;176;5560;5384;176;83
20260512;2025;02;TT;TODAS CONSOLIDADAS;01;1 ESTRELLA;JUNÍN;120000;17;391;769;19.78;13.38;1.33;1.33;0;2168;2168;0;2882;2882;0;52
20260512;2025;02;TT;TODAS CONSOLIDADAS;01;1 ESTRELLA;LA LIBERTAD;130000;28;465;832;27.76;22.08;1.52;1.52;1;3385;3377;8;5144;5136;8;77
20260512;2025;02;TT;TODAS CONSOLIDADAS;01;1 ESTRELLA;LAMBAYEQUE;140000;19;295;391;23.35;23.38;1.05;1.05;0;2446;2446;0;2560;2560;0;54
20260512;2025;02;TT;TODAS CONSOLIDADAS;01;1 ESTRELLA;LIMA;150000;93;2103;3733;33.12;25.96;1.16;1.16;1.24;29317;28910;407;34131;33624;507;404
20260512;2025;02;TT;TODAS CONSOLIDADAS;01;1 ESTRELLA;LORETO;160000;5;90;140;20.44;17.78;1.64;1.63;2.33;424;418;6;697;683;14;22
20260512;2025;02;TT;TODAS CONSOLIDADAS;01;1 ESTRELLA;MADRE DE DIOS;170000;7;209;381;23.44;17.65;1.12;1.12;1.25;1681;1669;12;1883;1868;15;36
20260512;2025;02;TT;TODAS CONSOLIDADAS;01;1 ESTRELLA;MOQUEGUA;180000;23;396;641;17.99;15.3;1.29;1.3;1.18;2123;2061;62;2746;2673;73;68
20260512;2025;02;TT;TODAS CONSOLIDADAS;01;1 ESTRELLA;PASCO;190000;27;554;858;30.26;26.98;1.1;1.1;2;5897;5895;2;6482;6478;4;88
20260512;2025;02;TT;TODAS CONSOLIDADAS;01;1 ESTRELLA;PIURA;200000;5;96;168;25.41;15.31;1.94;1.94;1.25;372;368;4;720;715;5;10
20260512;2025;02;TT;TODAS CONSOLIDADAS;01;1 ESTRELLA;PUNO;210000;40;645;1134;28.51;21.14;1.21;1.22;1.03;5547;5365;182;6711;6523;188;102
20260512;2025;02;TT;TODAS CONSOLIDADAS;01;1 ESTRELLA;SAN MARTÍN;220000;7;150;223;37.19;37.14;1.26;1.26;1.14;1845;1816;29;2319;2286;33;27
20260512;2025;02;TT;TODAS CONSOLIDADAS;01;1 ESTRELLA;TACNA;230000;11;239;441;19.32;17.7;1.08;1.08;1.09;2018;1269;749;2186;1369;817;34
20260512;2025;02;TT;TODAS CONSOLIDADAS;01;1 ESTRELLA;TUMBES;240000;2;47;100;0;0;0;0;0;0;0;0;0;0;0;0
20260512;2025;02;TT;TODAS CONSOLIDADAS;02;2 ESTRELLAS;AMAZONAS;010000;95;2006;3167;25.39;20.64;1.43;1.43;1.74;12782;12599;183;18299;17981;318;326
20260512;2025;02;TT;TODAS CONSOLIDADAS;02;2 ESTRELLAS;ÁNCASH;020000;192;3843;6836;28.41;24.51;1.24;1.25;1.23;37677;37187;490;46906;46301;605;636
20260512;2025;02;TT;TODAS CONSOLIDADAS;02;2 ESTRELLAS;APURÍMAC;030000;13;418;693;29.2;22.38;1.12;1.12;1.1;3888;3858;30;4342;4309;33;48
20260512;2025;02;TT;TODAS CONSOLIDADAS;02;2 ESTRELLAS;AREQUIPA;040000;174;3352;5954;29.24;24.2;1.31;1.3;1.49;30884;29286;1598;40338;37952;2386;573
20260512;2025;02;TT;TODAS CONSOLIDADAS;02;2 ESTRELLAS;AYACUCHO;050000;19;516;930;10.84;15.72;1.63;1.62;1.92;2504;2402;102;4094;3898;196;86
20260512;2025;02;TT;TODAS CONSOLIDADAS;02;2 ESTRELLAS;CAJAMARCA;060000;204;4259;6839;23.72;17.7;1.19;1.2;1.12;28380;28157;223;33902;33652;250;657
20260512;2025;02;TT;TODAS CONSOLIDADAS;02;2 ESTRELLAS;CALLAO;070000;7;287;520;28.93;25.89;1.03;1.03;1.21;3647;3537;110;3770;3637;133;43
20260512;2025;02;TT;TODAS CONSOLIDADAS;02;2 ESTRELLAS;CUSCO;080000;94;1960;3590;22.53;19.48;1.57;1.48;1.78;12442;8692;3750;19578;12895;6683;527
20260512;2025;02;TT;TODAS CONSOLIDADAS;02;2 ESTRELLAS;HUANCAVELICA;090000;3;87;159;11.33;7.7;1.04;1.04;0;331;331;0;343;343;0;8
20260512;2025;02;TT;TODAS CONSOLIDADAS;02;2 ESTRELLAS;HUÁNUCO;100000;89;2306;3698;32.69;25.07;1.23;1.23;1.14;21095;21021;74;25963;25879;84;398
20260512;2025;02;TT;TODAS CONSOLIDADAS;02;2 ESTRELLAS;ICA;110000;137;2800;4746;25.62;21.03;1.03;1.02;1.11;27250;26616;634;27945;27240;705;436
20260512;2025;02;TT;TODAS CONSOLIDADAS;02;2 ESTRELLAS;JUNÍN;120000;55;1252;2293;20.42;18.73;1.23;1.23;1.38;9786;9697;89;12027;11904;123;216
20260512;2025;02;TT;TODAS CONSOLIDADAS;02;2 ESTRELLAS;LA LIBERTAD;130000;141;2502;4497;22.8;21.2;1.29;1.29;1.26;20733;20233;500;26694;26064;630;461
20260512;2025;02;TT;TODAS CONSOLIDADAS;02;2 ESTRELLAS;LAMBAYEQUE;140000;217;4416;6737;21.69;18.64;1.18;1.17;1.57;29895;29568;327;35155;34640;515;705
20260512;2025;02;TT;TODAS CONSOLIDADAS;02;2 ESTRELLAS;LIMA;150000;246;8644;16081;39.15;35.29;1.48;1.45;2.21;152045;145064;6981;225729;210288;15441;1974
20260512;2025;02;TT;TODAS CONSOLIDADAS;02;2 ESTRELLAS;LORETO;160000;21;426;701;20.67;16.22;2.11;2.11;2.11;1506;1331;175;3184;2815;369;89
20260512;2025;02;TT;TODAS CONSOLIDADAS;02;2 ESTRELLAS;MADRE DE DIOS;170000;15;396;646;40.18;31.78;1.31;1.31;1.34;4395;4188;207;5748;5470;278;80
20260512;2025;02;TT;TODAS CONSOLIDADAS;02;2 ESTRELLAS;MOQUEGUA;180000;91;1596;2616;27.93;21.78;1.46;1.46;1.44;10964;10696;268;15953;15567;386;316
20260512;2025;02;TT;TODAS CONSOLIDADAS;02;2 ESTRELLAS;PASCO;190000;23;493;948;20.29;15.05;1.45;1.45;1.67;2759;2753;6;3995;3985;10;79
20260512;2025;02;TT;TODAS CONSOLIDADAS;02;2 ESTRELLAS;PIURA;200000;40;888;1476;26.74;21;1.75;1.74;1.97;4966;4776;190;8678;8304;374;158
20260512;2025;02;TT;TODAS CONSOLIDADAS;02;2 ESTRELLAS;PUNO;210000;91;1662;3004;26.36;20.74;1.34;1.34;1.41;12991;12026;965;17445;16084;1361;271
20260512;2025;02;TT;TODAS CONSOLIDADAS;02;2 ESTRELLAS;SAN MARTÍN;220000;51;1133;1986;36.17;32.52;1.69;1.67;2.31;10718;10446;272;18085;17456;629;286
20260512;2025;02;TT;TODAS CONSOLIDADAS;02;2 ESTRELLAS;TACNA;230000;62;1444;2784;41.4;34.51;1.45;1.47;1.43;18593;6756;11837;26903;9958;16945;270
20260512;2025;02;TT;TODAS CONSOLIDADAS;02;2 ESTRELLAS;TUMBES;240000;11;237;437;27.52;16.97;1.37;1.36;1.57;1512;1424;88;2076;1938;138;61
20260512;2025;02;TT;TODAS CONSOLIDADAS;02;2 ESTRELLAS;UCAYALI;250000;3;91;159;11.81;7.3;1.46;1.46;1.29;223;216;7;325;316;9;16
20260512;2025;02;TT;TODAS CONSOLIDADAS;03;3 ESTRELLAS;AMAZONAS;010000;26;546;933;21.4;17.28;1.27;1.23;2.11;3545;3374;171;4515;4154;361;134
20260512;2025;02;TT;TODAS CONSOLIDADAS;03;3 ESTRELLAS;ÁNCASH;020000;63;1737;3105;26.94;20.04;1.47;1.46;1.75;11823;11220;603;17427;16370;1057;410
20260512;2025;02;TT;TODAS CONSOLIDADAS;03;3 ESTRELLAS;APURÍMAC;030000;7;223;371;39.3;34.41;1.53;1.55;1.35;2340;2105;235;3575;3258;317;64
20260512;2025;02;TT;TODAS CONSOLIDADAS;03;3 ESTRELLAS;AREQUIPA;040000;123;2974;5537;21.41;18;1.9;1.93;1.8;14724;10356;4368;27904;20023;7881;856
20260512;2025;02;TT;TODAS CONSOLIDADAS;03;3 ESTRELLAS;AYACUCHO;050000;10;229;415;16.94;15.81;1.86;1.87;1.69;987;933;54;1837;1746;91;64
20260512;2025;02;TT;TODAS CONSOLIDADAS;03;3 ESTRELLAS;CAJAMARCA;060000;127;3076;5196;20.58;14.94;1.38;1.38;1.31;15797;15015;782;21738;20713;1025;627
20260512;2025;02;TT;TODAS CONSOLIDADAS;03;3 ESTRELLAS;CALLAO;070000;4;233;391;35.48;36.47;1.32;1.18;1.79;3019;2303;716;3993;2709;1284;56
20260512;2025;02;TT;TODAS CONSOLIDADAS;03;3 ESTRELLAS;CUSCO;080000;110;3620;7035;26.86;23.58;1.8;1.84;1.78;25841;6826;19015;46450;12545;33905;1264
20260512;2025;02;TT;TODAS CONSOLIDADAS;03;3 ESTRELLAS;HUANCAVELICA;090000;2;65;108;7.2;4.93;1.3;1.3;0;115;115;0;149;149;0;10
20260512;2025;02;TT;TODAS CONSOLIDADAS;03;3 ESTRELLAS;HUÁNUCO;100000;19;801;1290;23.2;18.81;1.38;1.37;1.73;4926;4855;71;6793;6670;123;160
20260512;2025;02;TT;TODAS CONSOLIDADAS;03;3 ESTRELLAS;ICA;110000;114;3153;6024;39.56;32.45;1.33;1.35;1.24;41092;34539;6553;54732;46638;8094;762
20260512;2025;02;TT;TODAS CONSOLIDADAS;03;3 ESTRELLAS;JUNÍN;120000;23;848;1620;18.3;13.5;1.49;1.49;1.36;4112;4005;107;6124;5978;146;259
20260512;2025;02;TT;TODAS CONSOLIDADAS;03;3 ESTRELLAS;LA LIBERTAD;130000;119;2995;5715;36.3;28.74;1.56;1.54;2.06;29471;28255;1216;45996;43488;2508;709
20260512;2025;02;TT;TODAS CONSOLIDADAS;03;3 ESTRELLAS;LAMBAYEQUE;140000;60;1466;2428;32.55;28.28;1.37;1.36;1.62;14058;13616;442;19229;18511;718;309
20260512;2025;02;TT;TODAS CONSOLIDADAS;03;3 ESTRELLAS;LIMA;150000;198;8925;17030;45.77;39.6;1.71;1.48;2.26;110554;78216;32338;188834;115899;72935;2133
20260512;2025;02;TT;TODAS CONSOLIDADAS;03;3 ESTRELLAS;LORETO;160000;37;973;1666;32.07;27.45;2.48;2.49;2.45;5154;3913;1241;12805;9759;3046;286
20260512;2025;02;TT;TODAS CONSOLIDADAS;03;3 ESTRELLAS;MADRE DE DIOS;170000;6;224;405;29.61;30.43;1.61;1.64;1.51;2146;1596;550;3451;2621;830;61
20260512;2025;02;TT;TODAS CONSOLIDADAS;03;3 ESTRELLAS;MOQUEGUA;180000;20;574;990;27.17;21.33;1.62;1.61;1.83;3647;3445;202;5914;5545;369;103
20260512;2025;02;TT;TODAS CONSOLIDADAS;03;3 ESTRELLAS;PASCO;190000;7;139;235;29.45;23.07;1.19;1.19;1.25;1280;1272;8;1518;1508;10;28
20260512;2025;02;TT;TODAS CONSOLIDADAS;03;3 ESTRELLAS;PIURA;200000;21;704;1247;41.5;36.04;1.71;1.63;2.52;7368;6717;651;12585;10944;1641;274
20260512;2025;02;TT;TODAS CONSOLIDADAS;03;3 ESTRELLAS;PUNO;210000;37;1095;2085;33.52;29.22;1.77;1.95;1.49;9614;5929;3685;17061;11579;5482;244
20260512;2025;02;TT;TODAS CONSOLIDADAS;03;3 ESTRELLAS;SAN MARTÍN;220000;33;1072;2003;35.57;30.58;1.76;1.75;2.02;9756;9509;247;17149;16649;500;292
20260512;2025;02;TT;TODAS CONSOLIDADAS;03;3 ESTRELLAS;TACNA;230000;16;563;1197;45.15;41.96;1.87;1.91;1.84;7539;2604;4935;14062;4967;9095;127
20260512;2025;02;TT;TODAS CONSOLIDADAS;03;3 ESTRELLAS;TUMBES;240000;14;360;746;46.55;47.69;2.8;2.73;3.15;3562;2988;574;9962;8155;1807;143
20260512;2025;02;TT;TODAS CONSOLIDADAS;03;3 ESTRELLAS;UCAYALI;250000;17;606;1008;30.4;23.99;2.09;2.11;1.73;3246;3024;222;6771;6388;383;140
20260512;2025;02;TT;TODAS CONSOLIDADAS;04;4 ESTRELLAS;APURÍMAC;030000;1;32;56;32.7;18.69;1.65;1.62;2;178;165;13;293;267;26;14
20260512;2025;02;TT;TODAS CONSOLIDADAS;04;4 ESTRELLAS;AREQUIPA;040000;11;558;1061;21.01;18.75;1.72;1.62;1.83;3244;1748;1496;5570;2838;2732;263
20260512;2025;02;TT;TODAS CONSOLIDADAS;04;4 ESTRELLAS;CAJAMARCA;060000;4;217;382;45.24;41.91;1.78;1.74;2.16;2521;2272;249;4483;3944;539;155
20260512;2025;02;TT;TODAS CONSOLIDADAS;04;4 ESTRELLAS;CALLAO;070000;2;371;614;92.24;77.6;1.27;1.33;1.25;10484;2677;7807;13341;3561;9780;130
20260512;2025;02;TT;TODAS CONSOLIDADAS;04;4 ESTRELLAS;CUSCO;080000;20;1546;3012;44.54;40.47;1.72;1.61;1.74;19886;3053;16833;34134;4907;29227;920
20260512;2025;02;TT;TODAS CONSOLIDADAS;04;4 ESTRELLAS;HUÁNUCO;100000;1;60;101;35.89;29.24;1.78;1.8;1.44;465;438;27;827;788;39;29
20260512;2025;02;TT;TODAS CONSOLIDADAS;04;4 ESTRELLAS;ICA;110000;8;739;1562;59.96;51.62;1.46;1.5;1.28;15503;12476;3027;22576;18688;3888;358
20260512;2025;02;TT;TODAS CONSOLIDADAS;04;4 ESTRELLAS;JUNÍN;120000;1;40;66;23.84;20.83;1.51;1.51;0;255;255;0;385;385;0;20
20260512;2025;02;TT;TODAS CONSOLIDADAS;04;4 ESTRELLAS;LA LIBERTAD;130000;4;318;595;56.53;50.03;2.12;2.13;2.03;3937;3320;617;8335;7085;1250;130
20260512;2025;02;TT;TODAS CONSOLIDADAS;04;4 ESTRELLAS;LAMBAYEQUE;140000;5;359;653;67.83;59.47;1.47;1.42;1.93;7383;6638;745;10873;9438;1435;293
20260512;2025;02;TT;TODAS CONSOLIDADAS;04;4 ESTRELLAS;LIMA;150000;53;4911;9068;53.11;51.53;2.06;1.61;2.75;63374;38163;25211;130836;61493;69343;2231
20260512;2025;02;TT;TODAS CONSOLIDADAS;04;4 ESTRELLAS;LORETO;160000;5;172;258;31.25;30.98;1.84;2.22;1.49;1217;578;639;2238;1283;955;106
20260512;2025;02;TT;TODAS CONSOLIDADAS;04;4 ESTRELLAS;MOQUEGUA;180000;2;123;234;38.76;27.05;2.03;2.06;1.83;875;746;129;1772;1536;236;61
20260512;2025;02;TT;TODAS CONSOLIDADAS;04;4 ESTRELLAS;PIURA;200000;5;471;847;33.77;29.55;1.71;1.67;1.9;4098;3461;637;7007;5795;1212;159
20260512;2025;02;TT;TODAS CONSOLIDADAS;04;4 ESTRELLAS;PUNO;210000;8;508;961;34.26;32.68;2.01;2.47;1.68;4385;1818;2567;8794;4489;4305;186
20260512;2025;02;TT;TODAS CONSOLIDADAS;04;4 ESTRELLAS;SAN MARTÍN;220000;2;82;141;37.24;39.56;2.12;2.07;2.7;737;683;54;1562;1416;146;40
20260512;2025;02;TT;TODAS CONSOLIDADAS;04;4 ESTRELLAS;TACNA;230000;2;200;391;75.64;79.94;1.93;1.77;1.98;4525;965;3560;8752;1705;7047;69
20260512;2025;02;TT;TODAS CONSOLIDADAS;04;4 ESTRELLAS;TUMBES;240000;6;667;1621;74.65;75.17;2.42;2.41;2.49;14101;12752;1349;34116;30759;3357;641
20260512;2025;02;TT;TODAS CONSOLIDADAS;04;4 ESTRELLAS;UCAYALI;250000;5;289;515;44.41;37.15;2.23;2.14;2.65;2407;2016;391;5357;4319;1038;120
20260512;2025;02;TT;TODAS CONSOLIDADAS;05;5 ESTRELLAS;AREQUIPA;040000;3;241;352;33.15;38;2.21;2.06;2.42;1698;1019;679;3745;2103;1642;180
20260512;2025;02;TT;TODAS CONSOLIDADAS;05;5 ESTRELLAS;CUSCO;080000;15;1283;2501;39.52;36.97;1.69;1.8;1.67;15342;1870;13472;25888;3364;22524;1334
20260512;2025;02;TT;TODAS CONSOLIDADAS;05;5 ESTRELLAS;ICA;110000;6;661;1567;68.8;60.97;1.72;1.7;1.81;15551;12696;2855;26751;21573;5178;778
20260512;2025;02;TT;TODAS CONSOLIDADAS;05;5 ESTRELLAS;LA LIBERTAD;130000;2;267;470;50.12;52.71;1.82;1.74;2.44;3821;3388;433;6937;5879;1058;180
20260512;2025;02;TT;TODAS CONSOLIDADAS;05;5 ESTRELLAS;LIMA;150000;31;5057;9213;51.64;41.3;2.37;1.66;2.67;45036;13503;31533;106534;22388;84146;4046
20260512;2025;02;TT;TODAS CONSOLIDADAS;05;5 ESTRELLAS;LORETO;160000;1;71;142;45.37;42.91;1.98;2.04;1.9;862;479;383;1706;978;728;54
20260512;2025;02;TT;TODAS CONSOLIDADAS;05;5 ESTRELLAS;PIURA;200000;1;83;166;69.84;59.27;1.69;1.59;2.13;1631;1325;306;2755;2102;653;82
20260512;2025;02;TT;TODAS CONSOLIDADAS;05;5 ESTRELLAS;PUNO;210000;1;123;231;39.69;55.41;1.47;1.37;1.53;2431;833;1598;3584;1140;2444;32
20260512;2025;02;TT;TODAS CONSOLIDADAS;05;5 ESTRELLAS;SAN MARTÍN;220000;1;50;108;39.36;54.4;2.1;2.11;1.89;782;746;36;1645;1577;68;61
20260512;2025;02;TT;TODAS CONSOLIDADAS;05;5 ESTRELLAS;UCAYALI;250000;2;162;298;40.48;34.8;2.15;2.17;2.07;1349;1125;224;2904;2440;464;69
20260512;2025;02;TT;TODAS CONSOLIDADAS;12;ALBERGUE;AMAZONAS;010000;1;6;11;0;0;0;0;0;0;0;0;0;0;0;0
20260512;2025;02;TT;TODAS CONSOLIDADAS;12;ALBERGUE;ÁNCASH;020000;5;43;95;0;0;0;0;0;0;0;0;0;0;0;0
20260512;2025;02;TT;TODAS CONSOLIDADAS;12;ALBERGUE;AREQUIPA;040000;10;152;392;23.54;25.59;1.72;1.42;1.87;1630;527;1103;2809;748;2061;118
20260512;2025;02;TT;TODAS CONSOLIDADAS;12;ALBERGUE;AYACUCHO;050000;1;5;10;2.14;2.14;1;1;0;6;6;0;6;6;0;2
20260512;2025;02;TT;TODAS CONSOLIDADAS;12;ALBERGUE;CAJAMARCA;060000;1;11;22;0;0;0;0;0;0;0;0;0;0;0;0
20260512;2025;02;TT;TODAS CONSOLIDADAS;12;ALBERGUE;CUSCO;080000;12;336;575;10.3;11.16;1.66;1.74;1.65;1085;70;1015;1796;122;1674;129
20260512;2025;02;TT;TODAS CONSOLIDADAS;12;ALBERGUE;HUANCAVELICA;090000;1;14;47;4.59;3.04;1.74;1.74;0;23;23;0;40;40;0;12
20260512;2025;02;TT;TODAS CONSOLIDADAS;12;ALBERGUE;HUÁNUCO;100000;7;92;128;0;0;0;0;0;0;0;0;0;0;0;0
20260512;2025;02;TT;TODAS CONSOLIDADAS;12;ALBERGUE;ICA;110000;6;64;263;32.92;10.21;1.78;1.54;1.91;422;142;280;752;218;534;35
20260512;2025;02;TT;TODAS CONSOLIDADAS;12;ALBERGUE;JUNÍN;120000;1;32;104;22.77;17.07;1.45;1.46;1;342;337;5;497;492;5;19
20260512;2025;02;TT;TODAS CONSOLIDADAS;12;ALBERGUE;LA LIBERTAD;130000;1;15;27;79.29;64.55;1.99;1.98;2.2;245;235;10;488;466;22;4
20260512;2025;02;TT;TODAS CONSOLIDADAS;12;ALBERGUE;LIMA;150000;8;139;476;25.77;26.66;2.05;1.88;2.27;1733;972;761;3553;1829;1724;44
20260512;2025;02;TT;TODAS CONSOLIDADAS;12;ALBERGUE;LORETO;160000;70;1038;2213;14.85;13.65;1.72;1.47;1.87;4923;1835;3088;8460;2690;5770;343
20260512;2025;02;TT;TODAS CONSOLIDADAS;12;ALBERGUE;MADRE DE DIOS;170000;17;356;723;16.63;15.61;2.37;2.06;2.43;1332;201;1131;3161;415;2746;210
20260512;2025;02;TT;TODAS CONSOLIDADAS;12;ALBERGUE;PASCO;190000;23;283;710;10.08;10.38;1.49;1.48;2.38;1389;1376;13;2063;2032;31;74
20260512;2025;02;TT;TODAS CONSOLIDADAS;12;ALBERGUE;PUNO;210000;1;13;35;0;0;0;0;0;0;0;0;0;0;0;0
20260512;2025;02;TT;TODAS CONSOLIDADAS;12;ALBERGUE;SAN MARTÍN;220000;8;129;301;25.83;24.91;2.42;2.29;3.34;869;762;107;2099;1742;357;49
20260512;2025;02;TT;TODAS CONSOLIDADAS;12;ALBERGUE;UCAYALI;250000;6;61;164;30.68;22.19;4.34;4.25;4.62;235;182;53;1019;774;245;32
20260512;2025;02;TT;TODAS CONSOLIDADAS;13;ECOLODGE;AREQUIPA;040000;1;23;51;10.71;10.29;2.58;1.69;2.93;57;16;41;147;27;120;7
20260512;2025;02;TT;TODAS CONSOLIDADAS;TT;TODAS CONSOLIDADAS;AMAZONAS;010000;449;5743;9126;20.26;15.02;1.29;1.28;1.74;31510;30558;952;41859;40167;1692;1053
20260512;2025;02;TT;TODAS CONSOLIDADAS;TT;TODAS CONSOLIDADAS;ÁNCASH;020000;1051;13291;22836;20.75;17.25;1.32;1.32;1.32;91861;89370;2491;120075;116568;3507;2006
20260512;2025;02;TT;TODAS CONSOLIDADAS;TT;TODAS CONSOLIDADAS;APURÍMAC;030000;559;5460;8604;18.76;13.51;1.12;1.12;1.05;31720;31350;370;36425;35953;472;587
20260512;2025;02;TT;TODAS CONSOLIDADAS;TT;TODAS CONSOLIDADAS;AREQUIPA;040000;1664;19247;33519;21.08;17.58;1.47;1.4;1.69;118250;94207;24043;174480;132325;42155;3540
20260512;2025;02;TT;TODAS CONSOLIDADAS;TT;TODAS CONSOLIDADAS;AYACUCHO;050000;685;6847;11228;14.03;11.97;1.22;1.22;1.32;30481;30003;478;38573;37867;706;880
20260512;2025;02;TT;TODAS CONSOLIDADAS;TT;TODAS CONSOLIDADAS;CAJAMARCA;060000;1117;14606;23750;26.29;18.89;1.33;1.33;2.5;91967;90702;1265;121962;120113;1849;2709
20260512;2025;02;TT;TODAS CONSOLIDADAS;TT;TODAS CONSOLIDADAS;CALLAO;070000;297;4803;8878;50.22;49.56;1.01;1.01;1.07;196279;186865;9414;200637;188600;12038;1373
20260512;2025;02;TT;TODAS CONSOLIDADAS;TT;TODAS CONSOLIDADAS;CUSCO;080000;2318;28959;52009;21.88;19.04;1.78;1.47;2.27;177302;83699;93603;310386;124015;186371;8019
20260512;2025;02;TT;TODAS CONSOLIDADAS;TT;TODAS CONSOLIDADAS;HUANCAVELICA;090000;249;2800;4356;14.52;11.75;1.09;1.09;1.22;12940;12906;34;14075;14032;43;324
20260512;2025;02;TT;TODAS CONSOLIDADAS;TT;TODAS CONSOLIDADAS;HUÁNUCO;100000;678;9286;14234;20.48;16.47;1.15;1.15;1.28;61317;61040;277;73466;73074;392;1372
20260512;2025;02;TT;TODAS CONSOLIDADAS;TT;TODAS CONSOLIDADAS;ICA;110000;1133;16231;28728;23.13;19.24;1.16;1.16;1.16;159829;134957;24872;201598;169925;31673;3532
20260512;2025;02;TT;TODAS CONSOLIDADAS;TT;TODAS CONSOLIDADAS;JUNÍN;120000;1644;18137;30278;24.87;19.71;1.17;1.17;1.79;138834;138400;434;163637;162936;701;3392
20260512;2025;02;TT;TODAS CONSOLIDADAS;TT;TODAS CONSOLIDADAS;LAMBAYEQUE;140000;752;11153;16997;19.9;17.06;1.11;1.11;1.22;79452;77636;1816;94572;91591;2981;1943
20260512;2025;02;TT;TODAS CONSOLIDADAS;TT;TODAS CONSOLIDADAS;LIMA;150000;7929;86276;152855;26.99;24.99;1.14;1.12;1.56;2987959;2799099;188859;3537309;3155394;381915;47521
20260512;2025;02;TT;TODAS CONSOLIDADAS;TT;TODAS CONSOLIDADAS;LORETO;160000;956;9698;15848;16.25;14.24;1.88;1.91;1.73;35803;25948;9855;69581;51450;18131;1601
20260512;2025;02;TT;TODAS CONSOLIDADAS;TT;TODAS CONSOLIDADAS;MADRE DE DIOS;170000;389;5769;9738;22.97;19.21;1.27;1.23;1.61;42317;37790;4527;53894;45840;8054;1022
20260512;2025;02;TT;TODAS CONSOLIDADAS;TT;TODAS CONSOLIDADAS;MOQUEGUA;180000;309;4496;7524;21.53;17.55;1.33;1.33;1.21;28113;27358;755;39228;38068;1160;799
20260512;2025;02;TT;TODAS CONSOLIDADAS;TT;TODAS CONSOLIDADAS;PASCO;190000;484;5769;9753;17.05;15.11;1.31;1.31;1.27;32956;32875;81;42380;42266;114;1031
20260512;2025;02;TT;TODAS CONSOLIDADAS;TT;TODAS CONSOLIDADAS;PIURA;200000;1231;12801;22716;39.86;27.88;1.6;1.53;2.05;111245;96796;14449;179197;149376;29821;2800
20260512;2025;02;TT;TODAS CONSOLIDADAS;TT;TODAS CONSOLIDADAS;PUNO;210000;1036;11733;20435;30.67;25.98;1.49;1.51;1.3;98951;86643;12308;150138;132103;18035;2223
20260512;2025;02;TT;TODAS CONSOLIDADAS;TT;TODAS CONSOLIDADAS;SAN MARTÍN;220000;986;12348;20274;23.89;20.92;1.41;1.4;1.91;86849;84763;2086;128168;123926;4242;2079
20260512;2025;02;TT;TODAS CONSOLIDADAS;TT;TODAS CONSOLIDADAS;TACNA;230000;519;6418;11874;25.11;22.77;1.39;1.26;1.53;61797;26246;35551;91880;35695;56185;936
20260512;2025;02;TT;TODAS CONSOLIDADAS;TT;TODAS CONSOLIDADAS;TUMBES;240000;292;3804;7648;20.68;18.43;1.38;1.37;1.5;35315;31810;3505;67061;59678;7383;1188
20260512;2025;02;TT;TODAS CONSOLIDADAS;TT;TODAS CONSOLIDADAS;UCAYALI;250000;593;6746;10727;27.72;29.61;3.74;3.78;1.98;26287;24942;1345;88219;85203;3016;1384
20260512;2025;03;TT;TODAS CONSOLIDADAS;00;NO CATEGORIZADO;AMAZONAS;010000;308;2954;4677;13.49;10.02;1.39;1.34;1.97;10484;9774;710;14526;13130;1396;553
20260512;2025;03;TT;TODAS CONSOLIDADAS;00;NO CATEGORIZADO;ÁNCASH;020000;739;6706;11251;17.11;14.29;1.29;1.29;1.28;38547;36406;2141;49857;47125;2732;805
20260512;2025;03;TT;TODAS CONSOLIDADAS;00;NO CATEGORIZADO;APURÍMAC;030000;532;4586;7169;18.05;12.66;1.12;1.12;1.07;25135;24990;145;28139;27984;155;438
20260512;2025;03;TT;TODAS CONSOLIDADAS;00;NO CATEGORIZADO;AREQUIPA;040000;1280;10887;18508;18.81;15.48;1.39;1.31;1.61;64056;47724;16332;88835;62473;26362;1366
20260512;2025;03;TT;TODAS CONSOLIDADAS;00;NO CATEGORIZADO;AYACUCHO;050000;630;5671;9104;13.95;11.82;1.26;1.25;1.36;26555;26251;304;33352;32938;414;637
20260512;2025;03;TT;TODAS CONSOLIDADAS;00;NO CATEGORIZADO;CAJAMARCA;060000;749;6382;10197;14.36;11.43;1.27;1.27;1;28563;28076;487;36137;35648;489;1150
20260512;2025;03;TT;TODAS CONSOLIDADAS;00;NO CATEGORIZADO;CALLAO;070000;278;3779;7104;46.79;46.26;1;1;1.04;179092;178178;913;179667;178721;947;1125
20260512;2025;03;TT;TODAS CONSOLIDADAS;00;NO CATEGORIZADO;CUSCO;080000;2044;19709;34434;23.18;20.99;1.56;1.42;1.67;143895;64361;79534;224082;91082;133000;3797
20260512;2025;03;TT;TODAS CONSOLIDADAS;00;NO CATEGORIZADO;HUANCAVELICA;090000;241;2566;3946;13.32;10.75;1.09;1.09;1.48;12063;12017;46;13149;13081;68;288
20260512;2025;03;TT;TODAS CONSOLIDADAS;00;NO CATEGORIZADO;HUÁNUCO;100000;524;5345;7986;16.91;14.01;1.16;1.15;1.27;30019;29895;124;34676;34519;157;663
20260512;2025;03;TT;TODAS CONSOLIDADAS;00;NO CATEGORIZADO;ICA;110000;838;8333;13798;16.7;13.7;1.15;1.16;1.11;51085;37339;13746;58613;43329;15284;1104
20260512;2025;03;TT;TODAS CONSOLIDADAS;00;NO CATEGORIZADO;JUNÍN;120000;1549;15624;25529;22.05;18.12;1.15;1.15;1.56;124863;124560;303;143392;142920;472;2826
20260512;2025;03;TT;TODAS CONSOLIDADAS;00;NO CATEGORIZADO;LA LIBERTAD;130000;1022;7591;12711;11.67;8.74;1.15;1.08;2;30041;27961;2080;34450;30281;4169;709
20260512;2025;03;TT;TODAS CONSOLIDADAS;00;NO CATEGORIZADO;LAMBAYEQUE;140000;447;4577;6721;15.52;12.96;1.05;1.05;1.02;25762;25480;282;26993;26704;289;579
20260512;2025;03;TT;TODAS CONSOLIDADAS;00;NO CATEGORIZADO;LIMA;150000;7298;56518;97248;25.07;23.61;1.1;1.09;1.54;2771818;2672058;99760;3062006;2908129;153876;36985
20260512;2025;03;TT;TODAS CONSOLIDADAS;00;NO CATEGORIZADO;LORETO;160000;815;6893;10672;13.1;11.95;1.87;1.89;1.8;21150;16351;4799;39518;30869;8649;694
20260512;2025;03;TT;TODAS CONSOLIDADAS;00;NO CATEGORIZADO;MADRE DE DIOS;170000;346;4665;7681;22.52;19.3;1.2;1.12;1.84;38260;34090;4170;45952;38265;7687;818
20260512;2025;03;TT;TODAS CONSOLIDADAS;00;NO CATEGORIZADO;MOQUEGUA;180000;172;1772;3036;16.84;13.4;1.24;1.24;1;10137;10114;23;12612;12589;23;245
20260512;2025;03;TT;TODAS CONSOLIDADAS;00;NO CATEGORIZADO;PASCO;190000;403;4320;7022;12.01;9.33;1.18;1.18;1.78;17211;17162;49;20317;20230;87;758
20260512;2025;03;TT;TODAS CONSOLIDADAS;00;NO CATEGORIZADO;PIURA;200000;1163;10596;18872;17.05;15.11;1.42;1.38;2.06;62230;58218;4012;88427;80178;8249;1409
20260512;2025;03;TT;TODAS CONSOLIDADAS;00;NO CATEGORIZADO;PUNO;210000;862;7719;13031;25.02;19.59;1.72;1.75;1.19;46065;43701;2364;79140;76318;2822;1394
20260512;2025;03;TT;TODAS CONSOLIDADAS;00;NO CATEGORIZADO;SAN MARTÍN;220000;885;9756;15543;19.67;16.83;1.34;1.33;1.88;60383;59113;1270;81111;78721;2390;1323
20260512;2025;03;TT;TODAS CONSOLIDADAS;00;NO CATEGORIZADO;TACNA;230000;428;3965;7048;10.99;9.22;1.19;1.17;1.26;16876;12463;4413;20140;14581;5559;443
20260512;2025;03;TT;TODAS CONSOLIDADAS;00;NO CATEGORIZADO;TUMBES;240000;259;2493;4743;12.89;10.37;1.21;1.21;1.23;12568;11019;1549;15253;13351;1902;340
20260512;2025;03;TT;TODAS CONSOLIDADAS;00;NO CATEGORIZADO;UCAYALI;250000;558;5512;8561;24.87;25.05;3.37;3.4;1.87;19748;19337;411;66472;65705;767;1015
20260512;2025;03;TT;TODAS CONSOLIDADAS;01;1 ESTRELLA;AMAZONAS;010000;19;265;387;22.2;18.29;1.07;1.07;1.16;2047;2028;19;2194;2172;22;38
20260512;2025;03;TT;TODAS CONSOLIDADAS;01;1 ESTRELLA;ÁNCASH;020000;51;949;1521;25.88;20.24;1.18;1.18;1.27;8087;8009;78;9545;9446;99;150
20260512;2025;03;TT;TODAS CONSOLIDADAS;01;1 ESTRELLA;APURÍMAC;030000;6;191;301;28.85;26;1.11;1.11;1;2195;2191;4;2426;2422;4;21
20260512;2025;03;TT;TODAS CONSOLIDADAS;01;1 ESTRELLA;AREQUIPA;040000;59;1041;1636;21.23;17.37;1.1;1.1;1.09;7998;7588;410;8810;8362;448;175
20260512;2025;03;TT;TODAS CONSOLIDADAS;01;1 ESTRELLA;AYACUCHO;050000;24;420;754;13.77;12.74;1.44;1.43;1.83;2071;2048;23;2977;2935;42;79
20260512;2025;03;TT;TODAS CONSOLIDADAS;01;1 ESTRELLA;CAJAMARCA;060000;31;628;1070;14.74;10.43;1.63;1.63;0;2124;2124;0;3460;3460;0;105
20260512;2025;03;TT;TODAS CONSOLIDADAS;01;1 ESTRELLA;CALLAO;070000;6;133;249;33.54;35.92;1;1;0;2846;2846;0;2846;2846;0;19
20260512;2025;03;TT;TODAS CONSOLIDADAS;01;1 ESTRELLA;CUSCO;080000;25;496;820;19.95;17.75;1.1;1.1;1.31;4098;4044;54;4511;4440;71;69
20260512;2025;03;TT;TODAS CONSOLIDADAS;01;1 ESTRELLA;HUANCAVELICA;090000;2;66;94;11.29;9.75;1;1;0;284;284;0;284;284;0;5
20260512;2025;03;TT;TODAS CONSOLIDADAS;01;1 ESTRELLA;HUÁNUCO;100000;37;679;1025;32.94;23.03;1.18;1.18;0;6232;6232;0;7343;7343;0;116
20260512;2025;03;TT;TODAS CONSOLIDADAS;01;1 ESTRELLA;ICA;110000;26;478;821;27.05;23.45;1.05;1.05;1;5677;5483;194;5968;5774;194;83
20260512;2025;03;TT;TODAS CONSOLIDADAS;01;1 ESTRELLA;JUNÍN;120000;17;391;769;18.97;13.12;1.27;1.28;1.08;2454;2441;13;3128;3114;14;52
20260512;2025;03;TT;TODAS CONSOLIDADAS;01;1 ESTRELLA;LA LIBERTAD;130000;28;467;834;25.65;20.67;1.55;1.55;1;3444;3441;3;5345;5342;3;77
20260512;2025;03;TT;TODAS CONSOLIDADAS;01;1 ESTRELLA;LAMBAYEQUE;140000;19;295;391;20.28;22.16;1.16;1.16;0;2315;2315;0;2686;2686;0;54
20260512;2025;03;TT;TODAS CONSOLIDADAS;01;1 ESTRELLA;LIMA;150000;92;2089;3705;28.95;22.7;1.21;1.21;1.28;27413;27041;371;33209;32732;476;401
20260512;2025;03;TT;TODAS CONSOLIDADAS;01;1 ESTRELLA;LORETO;160000;6;106;172;16.83;13.92;1.57;1.55;1.83;474;456;18;742;709;33;25
20260512;2025;03;TT;TODAS CONSOLIDADAS;01;1 ESTRELLA;MADRE DE DIOS;170000;7;209;381;24.74;20.35;1.17;1.17;1.42;2053;2027;26;2404;2367;37;35
20260512;2025;03;TT;TODAS CONSOLIDADAS;01;1 ESTRELLA;MOQUEGUA;180000;23;399;660;13.57;10.95;1.32;1.32;1.42;1694;1616;78;2240;2129;111;66
20260512;2025;03;TT;TODAS CONSOLIDADAS;01;1 ESTRELLA;PASCO;190000;28;565;885;13.46;10.17;1.07;1.07;1;2612;2604;8;2790;2782;8;88
20260512;2025;03;TT;TODAS CONSOLIDADAS;01;1 ESTRELLA;PIURA;200000;5;96;168;18.62;11.77;1.61;1.61;1.56;381;372;9;613;599;14;10
20260512;2025;03;TT;TODAS CONSOLIDADAS;01;1 ESTRELLA;PUNO;210000;40;645;1134;24.07;18.2;1.35;1.35;1.2;4744;4566;178;6399;6186;213;99
20260512;2025;03;TT;TODAS CONSOLIDADAS;01;1 ESTRELLA;SAN MARTÍN;220000;7;150;223;27.78;26.66;1.19;1.19;1.43;1546;1525;21;1843;1813;30;27
20260512;2025;03;TT;TODAS CONSOLIDADAS;01;1 ESTRELLA;TACNA;230000;11;239;441;13.27;12.35;1.07;1.07;1.08;1576;1130;446;1689;1206;483;34
20260512;2025;03;TT;TODAS CONSOLIDADAS;01;1 ESTRELLA;TUMBES;240000;2;47;100;0;0;0;0;0;0;0;0;0;0;0;0
20260512;2025;03;TT;TODAS CONSOLIDADAS;02;2 ESTRELLAS;AMAZONAS;010000;99;2007;3184;23.75;18.38;1.44;1.43;1.83;12606;12395;211;18141;17755;386;329
20260512;2025;03;TT;TODAS CONSOLIDADAS;02;2 ESTRELLAS;ÁNCASH;020000;193;3863;6869;28.57;24.17;1.27;1.27;1.45;40549;40170;379;51464;50913;551;642
20260512;2025;03;TT;TODAS CONSOLIDADAS;02;2 ESTRELLAS;APURÍMAC;030000;13;417;693;27.51;21.06;1.13;1.13;1.06;4018;3986;32;4524;4490;34;48
20260512;2025;03;TT;TODAS CONSOLIDADAS;02;2 ESTRELLAS;AREQUIPA;040000;174;3352;5977;26.58;22.17;1.31;1.3;1.45;31258;28829;2429;41086;37556;3530;573
20260512;2025;03;TT;TODAS CONSOLIDADAS;02;2 ESTRELLAS;AYACUCHO;050000;19;503;901;18.33;22.21;1.8;1.79;1.96;3448;3318;130;6203;5948;255;87
20260512;2025;03;TT;TODAS CONSOLIDADAS;02;2 ESTRELLAS;CAJAMARCA;060000;204;4279;6872;18.61;14.97;1.27;1.27;1.21;25082;24930;152;31893;31709;184;660
20260512;2025;03;TT;TODAS CONSOLIDADAS;02;2 ESTRELLAS;CALLAO;070000;7;287;520;30.62;27.35;1.06;1.03;1.54;4147;3899;248;4409;4026;383;43
20260512;2025;03;TT;TODAS CONSOLIDADAS;02;2 ESTRELLAS;CUSCO;080000;95;1976;3624;24.93;22.07;1.67;1.57;1.78;14847;7577;7270;24791;11886;12905;547
20260512;2025;03;TT;TODAS CONSOLIDADAS;02;2 ESTRELLAS;HUANCAVELICA;090000;3;87;159;10.27;7.55;1.08;1.08;1;344;338;6;372;366;6;8
20260512;2025;03;TT;TODAS CONSOLIDADAS;02;2 ESTRELLAS;HUÁNUCO;100000;88;2249;3588;27.38;20.72;1.28;1.28;1.15;17992;17940;52;23042;22982;60;390
20260512;2025;03;TT;TODAS CONSOLIDADAS;02;2 ESTRELLAS;ICA;110000;136;2778;4701;21.78;17.34;1.02;1.02;1.09;24702;24092;610;25270;24608;662;433
20260512;2025;03;TT;TODAS CONSOLIDADAS;02;2 ESTRELLAS;JUNÍN;120000;54;1208;2224;20.72;17.6;1.27;1.27;1.46;9553;9435;118;12137;11965;172;210
20260512;2025;03;TT;TODAS CONSOLIDADAS;02;2 ESTRELLAS;LA LIBERTAD;130000;142;2528;4536;22.55;19.74;1.32;1.31;1.49;21085;20107;978;27755;26298;1457;461
20260512;2025;03;TT;TODAS CONSOLIDADAS;02;2 ESTRELLAS;LAMBAYEQUE;140000;218;4359;6623;20.78;17.69;1.18;1.17;1.53;30915;30374;541;36330;35503;827;706
20260512;2025;03;TT;TODAS CONSOLIDADAS;02;2 ESTRELLAS;LIMA;150000;246;8644;16081;32.42;25.88;1.28;1.24;2.07;143096;136208;6888;183327;169078;14248;1974
20260512;2025;03;TT;TODAS CONSOLIDADAS;02;2 ESTRELLAS;LORETO;160000;23;465;760;17.13;14.49;1.96;1.98;1.79;1745;1549;196;3415;3065;350;94
20260512;2025;03;TT;TODAS CONSOLIDADAS;02;2 ESTRELLAS;MADRE DE DIOS;170000;15;396;646;35.7;28.66;1.32;1.31;1.59;4346;4130;216;5740;5397;343;80
20260512;2025;03;TT;TODAS CONSOLIDADAS;02;2 ESTRELLAS;MOQUEGUA;180000;92;1597;2632;22.64;16.46;1.52;1.51;1.86;8821;8538;283;13433;12907;526;317
20260512;2025;03;TT;TODAS CONSOLIDADAS;02;2 ESTRELLAS;PASCO;190000;22;485;914;18.73;12.84;1.38;1.38;0;2637;2637;0;3637;3637;0;82
20260512;2025;03;TT;TODAS CONSOLIDADAS;02;2 ESTRELLAS;PIURA;200000;40;888;1476;22.52;16.62;1.78;1.78;1.69;4274;4026;248;7603;7184;419;158
20260512;2025;03;TT;TODAS CONSOLIDADAS;02;2 ESTRELLAS;PUNO;210000;90;1660;2974;20;14.82;1.21;1.18;1.41;11332;10010;1322;13666;11806;1860;268
20260512;2025;03;TT;TODAS CONSOLIDADAS;02;2 ESTRELLAS;SAN MARTÍN;220000;50;1107;1940;29.54;24.75;1.7;1.7;1.77;8766;8525;241;14885;14459;426;283
20260512;2025;03;TT;TODAS CONSOLIDADAS;02;2 ESTRELLAS;TACNA;230000;62;1444;2790;28.74;21.07;1.69;1.64;1.75;10774;5676;5098;18223;9309;8914;272
20260512;2025;03;TT;TODAS CONSOLIDADAS;02;2 ESTRELLAS;TUMBES;240000;11;237;437;24.16;15.1;1.33;1.32;1.34;1544;1458;86;2046;1931;115;61
20260512;2025;03;TT;TODAS CONSOLIDADAS;02;2 ESTRELLAS;UCAYALI;250000;3;91;159;10.63;6.53;1.43;1.43;1.4;225;215;10;322;308;14;16
20260512;2025;03;TT;TODAS CONSOLIDADAS;03;3 ESTRELLAS;AMAZONAS;010000;26;541;919;18.38;13.93;1.27;1.23;2.09;3126;2978;148;3969;3660;309;134
20260512;2025;03;TT;TODAS CONSOLIDADAS;03;3 ESTRELLAS;ÁNCASH;020000;63;1718;3093;26.69;18.85;1.48;1.47;1.78;12211;11681;530;18076;17133;943;410
20260512;2025;03;TT;TODAS CONSOLIDADAS;03;3 ESTRELLAS;APURÍMAC;030000;7;223;371;46.94;35.84;1.75;1.78;1.5;2362;2066;296;4122;3677;445;64
20260512;2025;03;TT;TODAS CONSOLIDADAS;03;3 ESTRELLAS;AREQUIPA;040000;124;2994;5573;25.99;20.04;1.86;1.94;1.75;18627;10949;7678;34614;21197;13417;853
20260512;2025;03;TT;TODAS CONSOLIDADAS;03;3 ESTRELLAS;AYACUCHO;050000;10;229;415;21.88;18.13;1.92;1.98;1.51;1216;1064;152;2333;2103;230;65
20260512;2025;03;TT;TODAS CONSOLIDADAS;03;3 ESTRELLAS;CAJAMARCA;060000;128;3125;5289;16.42;12.05;1.45;1.45;1.44;13660;13188;472;19758;19080;678;629
20260512;2025;03;TT;TODAS CONSOLIDADAS;03;3 ESTRELLAS;CALLAO;070000;4;233;391;34.29;32.98;1.32;1.27;1.45;3039;2239;800;3998;2837;1161;56
20260512;2025;03;TT;TODAS CONSOLIDADAS;03;3 ESTRELLAS;CUSCO;080000;117;4057;7848;36.3;32.03;1.73;1.72;1.73;45138;7866;37272;77930;13527;64403;1344
20260512;2025;03;TT;TODAS CONSOLIDADAS;03;3 ESTRELLAS;HUANCAVELICA;090000;2;65;108;9.63;6.72;1.29;1.26;2;175;168;7;225;211;14;10
20260512;2025;03;TT;TODAS CONSOLIDADAS;03;3 ESTRELLAS;HUÁNUCO;100000;19;804;1246;17.21;13.97;1.39;1.39;1.55;3879;3805;74;5397;5282;115;160
20260512;2025;03;TT;TODAS CONSOLIDADAS;03;3 ESTRELLAS;ICA;110000;115;3247;6162;31.58;24.49;1.3;1.35;1.19;35888;26316;9572;46784;35425;11359;783
20260512;2025;03;TT;TODAS CONSOLIDADAS;03;3 ESTRELLAS;JUNÍN;120000;23;848;1620;17.99;13.79;1.99;2;1.53;3477;3391;86;6923;6791;132;259
20260512;2025;03;TT;TODAS CONSOLIDADAS;03;3 ESTRELLAS;LA LIBERTAD;130000;120;2994;5705;33.71;25.79;1.61;1.57;2.38;28418;27102;1316;45616;42485;3131;709
20260512;2025;03;TT;TODAS CONSOLIDADAS;03;3 ESTRELLAS;LAMBAYEQUE;140000;60;1461;2406;28.22;22.21;1.39;1.38;1.55;11911;11426;485;16564;15811;753;317
20260512;2025;03;TT;TODAS CONSOLIDADAS;03;3 ESTRELLAS;LIMA;150000;198;8805;16829;46.71;38.11;1.71;1.47;2.12;116038;72562;43476;198803;106504;92299;2102
20260512;2025;03;TT;TODAS CONSOLIDADAS;03;3 ESTRELLAS;LORETO;160000;37;973;1666;27.03;20.86;2.15;2.2;1.96;5017;3980;1037;10773;8739;2034;288
20260512;2025;03;TT;TODAS CONSOLIDADAS;03;3 ESTRELLAS;MADRE DE DIOS;170000;7;242;453;37.87;35.15;1.57;1.66;1.42;3146;1971;1175;4936;3267;1669;71
20260512;2025;03;TT;TODAS CONSOLIDADAS;03;3 ESTRELLAS;MOQUEGUA;180000;20;574;990;22.92;16.85;1.45;1.44;1.5;3573;3330;243;5170;4805;365;105
20260512;2025;03;TT;TODAS CONSOLIDADAS;03;3 ESTRELLAS;PASCO;190000;7;139;235;25.2;20.01;1.25;1.25;1.6;1163;1158;5;1458;1450;8;23
20260512;2025;03;TT;TODAS CONSOLIDADAS;03;3 ESTRELLAS;PIURA;200000;21;701;1244;38.89;31.87;1.87;1.77;2.65;6561;5796;765;12289;10261;2028;272
20260512;2025;03;TT;TODAS CONSOLIDADAS;03;3 ESTRELLAS;PUNO;210000;37;1095;2085;29.74;24.26;1.56;1.61;1.53;10042;3972;6070;15680;6409;9271;245
20260512;2025;03;TT;TODAS CONSOLIDADAS;03;3 ESTRELLAS;SAN MARTÍN;220000;34;1107;2060;34.67;27.4;2.25;2.24;2.37;7780;7510;270;17499;16859;640;305
20260512;2025;03;TT;TODAS CONSOLIDADAS;03;3 ESTRELLAS;TACNA;230000;16;563;1197;30.07;23.1;1.84;1.89;1.8;4661;1887;2774;8570;3571;4999;127
20260512;2025;03;TT;TODAS CONSOLIDADAS;03;3 ESTRELLAS;TUMBES;240000;14;360;746;38.17;38.04;2.75;2.73;2.83;3199;2411;788;8798;6571;2227;141
20260512;2025;03;TT;TODAS CONSOLIDADAS;03;3 ESTRELLAS;UCAYALI;250000;17;606;1008;26.76;20.27;2.2;2.24;1.81;2873;2667;206;6334;5961;373;140
20260512;2025;03;TT;TODAS CONSOLIDADAS;04;4 ESTRELLAS;APURÍMAC;030000;1;32;56;36.49;20.85;1.77;1.74;2;204;177;27;362;308;54;14
20260512;2025;03;TT;TODAS CONSOLIDADAS;04;4 ESTRELLAS;AREQUIPA;040000;11;558;1059;29.51;24.92;1.62;1.52;1.69;5052;2082;2970;8182;3173;5009;262
20260512;2025;03;TT;TODAS CONSOLIDADAS;04;4 ESTRELLAS;CAJAMARCA;060000;4;217;382;46.62;39.77;2.23;2.22;2.3;2116;1880;236;4710;4167;543;155
20260512;2025;03;TT;TODAS CONSOLIDADAS;04;4 ESTRELLAS;CALLAO;070000;2;371;614;98.43;84.15;1.31;1.46;1.29;12214;1766;10448;16018;2583;13435;130
20260512;2025;03;TT;TODAS CONSOLIDADAS;04;4 ESTRELLAS;CUSCO;080000;21;1620;3166;66.1;60.07;1.73;1.65;1.74;34117;2985;31132;58958;4921;54037;954
20260512;2025;03;TT;TODAS CONSOLIDADAS;04;4 ESTRELLAS;HUÁNUCO;100000;1;60;101;33.44;24.78;1.94;1.95;1.82;400;378;22;776;736;40;29
20260512;2025;03;TT;TODAS CONSOLIDADAS;04;4 ESTRELLAS;ICA;110000;8;739;1560;39.58;37.03;1.59;1.73;1.33;11259;7356;3903;17906;12721;5185;358
20260512;2025;03;TT;TODAS CONSOLIDADAS;04;4 ESTRELLAS;JUNÍN;120000;1;40;66;21.53;20.77;1.08;1.08;0;394;394;0;425;425;0;20
20260512;2025;03;TT;TODAS CONSOLIDADAS;04;4 ESTRELLAS;LA LIBERTAD;130000;4;318;600;61.6;40.55;2.34;2.36;2.25;3219;2656;563;7542;6277;1265;126
20260512;2025;03;TT;TODAS CONSOLIDADAS;04;4 ESTRELLAS;LAMBAYEQUE;140000;5;359;653;59.52;47.11;1.44;1.38;1.84;6638;5823;815;9537;8038;1499;294
20260512;2025;03;TT;TODAS CONSOLIDADAS;04;4 ESTRELLAS;LIMA;150000;53;4911;9068;54.36;47.99;2.01;1.51;2.44;67265;31523;35742;134914;47593;87321;2213
20260512;2025;03;TT;TODAS CONSOLIDADAS;04;4 ESTRELLAS;LORETO;160000;4;142;217;31.14;31.31;1.76;2.22;1.47;1197;465;732;2106;1031;1075;79
20260512;2025;03;TT;TODAS CONSOLIDADAS;04;4 ESTRELLAS;MOQUEGUA;180000;2;123;234;37.77;25.06;2.07;2.04;2.29;877;773;104;1818;1580;238;61
20260512;2025;03;TT;TODAS CONSOLIDADAS;04;4 ESTRELLAS;PIURA;200000;5;471;843;30.02;24.39;1.89;1.86;1.99;3370;2561;809;6375;4764;1611;161
20260512;2025;03;TT;TODAS CONSOLIDADAS;04;4 ESTRELLAS;PUNO;210000;8;508;961;35.35;31.66;1.68;1.79;1.67;5610;686;4924;9431;1227;8204;189
20260512;2025;03;TT;TODAS CONSOLIDADAS;04;4 ESTRELLAS;SAN MARTÍN;220000;2;82;141;32.18;29.63;1.83;1.82;1.88;709;660;49;1295;1203;92;41
20260512;2025;03;TT;TODAS CONSOLIDADAS;04;4 ESTRELLAS;TACNA;230000;2;200;391;43.71;35.52;1.7;1.68;1.71;2539;1109;1430;4305;1861;2444;70
20260512;2025;03;TT;TODAS CONSOLIDADAS;04;4 ESTRELLAS;TUMBES;240000;6;667;1621;55.86;52.54;2.37;2.4;2.26;11138;8648;2490;26404;20773;5631;640
20260512;2025;03;TT;TODAS CONSOLIDADAS;04;4 ESTRELLAS;UCAYALI;250000;5;295;527;39.73;30.13;2.2;2.09;2.63;2235;1773;462;4922;3708;1214;123
20260512;2025;03;TT;TODAS CONSOLIDADAS;05;5 ESTRELLAS;AREQUIPA;040000;3;241;352;38.95;38.99;1.83;1.81;1.85;2324;1210;1114;4255;2191;2064;180
20260512;2025;03;TT;TODAS CONSOLIDADAS;05;5 ESTRELLAS;CUSCO;080000;15;1283;2501;58.73;55.89;1.65;1.68;1.65;26227;1660;24567;43335;2793;40542;1323
20260512;2025;03;TT;TODAS CONSOLIDADAS;05;5 ESTRELLAS;ICA;110000;6;661;1567;50.09;45.18;1.74;1.76;1.68;12633;9025;3608;21946;15875;6071;854
20260512;2025;03;TT;TODAS CONSOLIDADAS;05;5 ESTRELLAS;LA LIBERTAD;130000;2;267;470;44.45;38.26;1.77;1.72;2.02;3147;2645;502;5574;4562;1012;187
20260512;2025;03;TT;TODAS CONSOLIDADAS;05;5 ESTRELLAS;LIMA;150000;31;5057;9201;56.56;43.93;2.25;1.65;2.42;55621;12127;43494;125313;19984;105329;4084
20260512;2025;03;TT;TODAS CONSOLIDADAS;05;5 ESTRELLAS;LORETO;160000;1;71;110;64.74;49.21;1.74;1.81;1.69;963;404;559;1678;732;946;54
20260512;2025;03;TT;TODAS CONSOLIDADAS;05;5 ESTRELLAS;PIURA;200000;1;83;166;57.6;42.27;1.67;1.5;2.14;1300;953;347;2175;1434;741;82
20260512;2025;03;TT;TODAS CONSOLIDADAS;05;5 ESTRELLAS;PUNO;210000;1;123;231;35.98;53.32;1.56;1.75;1.54;2441;267;2174;3818;466;3352;32
20260512;2025;03;TT;TODAS CONSOLIDADAS;05;5 ESTRELLAS;SAN MARTÍN;220000;1;50;108;19.61;20.22;1.92;1.91;2.11;353;344;9;677;658;19;61
20260512;2025;03;TT;TODAS CONSOLIDADAS;05;5 ESTRELLAS;UCAYALI;250000;2;162;298;41.64;31.44;2.41;2.36;2.63;1204;985;219;2904;2327;577;71
20260512;2025;03;TT;TODAS CONSOLIDADAS;12;ALBERGUE;AMAZONAS;010000;1;6;11;0;0;0;0;0;0;0;0;0;0;0;0
20260512;2025;03;TT;TODAS CONSOLIDADAS;12;ALBERGUE;ÁNCASH;020000;6;47;112;3.23;3.05;3.93;3.93;0;27;27;0;106;106;0;11
20260512;2025;03;TT;TODAS CONSOLIDADAS;12;ALBERGUE;AREQUIPA;040000;10;153;386;23.89;24.56;1.63;1.45;1.67;1807;338;1469;2939;491;2448;125
20260512;2025;03;TT;TODAS CONSOLIDADAS;12;ALBERGUE;AYACUCHO;050000;1;5;10;1.94;1.61;1;1;0;5;5;0;5;5;0;2
20260512;2025;03;TT;TODAS CONSOLIDADAS;12;ALBERGUE;CAJAMARCA;060000;1;11;22;0;0;0;0;0;0;0;0;0;0;0;0
20260512;2025;03;TT;TODAS CONSOLIDADAS;12;ALBERGUE;CUSCO;080000;16;366;634;19.57;21.32;1.58;1.67;1.58;2645;6;2639;4190;10;4180;174
20260512;2025;03;TT;TODAS CONSOLIDADAS;12;ALBERGUE;HUANCAVELICA;090000;1;14;47;0;0;0;0;0;0;0;0;0;0;0;0
20260512;2025;03;TT;TODAS CONSOLIDADAS;12;ALBERGUE;HUÁNUCO;100000;7;92;128;0;0;0;0;0;0;0;0;0;0;0;0
20260512;2025;03;TT;TODAS CONSOLIDADAS;12;ALBERGUE;ICA;110000;6;64;263;45.51;11.77;1.93;1.46;2.14;497;152;345;960;222;738;34
20260512;2025;03;TT;TODAS CONSOLIDADAS;12;ALBERGUE;JUNÍN;120000;1;32;104;14.72;9.86;1.36;1.36;1.33;234;213;21;318;290;28;20
20260512;2025;03;TT;TODAS CONSOLIDADAS;12;ALBERGUE;LA LIBERTAD;130000;1;15;27;51.61;32.5;1.9;1.9;0;143;143;0;272;272;0;4
20260512;2025;03;TT;TODAS CONSOLIDADAS;12;ALBERGUE;LIMA;150000;8;143;486;21.5;20.99;1.84;1.62;2.07;1723;899;824;3162;1458;1704;42
20260512;2025;03;TT;TODAS CONSOLIDADAS;12;ALBERGUE;LORETO;160000;71;1049;2218;17.54;14.74;1.77;1.31;1.94;5730;1580;4150;10135;2067;8068;399
20260512;2025;03;TT;TODAS CONSOLIDADAS;12;ALBERGUE;MADRE DE DIOS;170000;18;354;691;17.66;17.72;2.37;1.74;2.44;1604;180;1424;3795;314;3481;179
20260512;2025;03;TT;TODAS CONSOLIDADAS;12;ALBERGUE;PASCO;190000;20;247;627;3.23;6.4;1.62;1.6;2.53;767;752;15;1244;1206;38;65
20260512;2025;03;TT;TODAS CONSOLIDADAS;12;ALBERGUE;PUNO;210000;1;13;35;0;0;0;0;0;0;0;0;0;0;0;0
20260512;2025;03;TT;TODAS CONSOLIDADAS;12;ALBERGUE;SAN MARTÍN;220000;7;123;275;17.86;15.39;2.31;2.17;3.29;568;498;70;1312;1082;230;48
20260512;2025;03;TT;TODAS CONSOLIDADAS;12;ALBERGUE;UCAYALI;250000;5;54;146;33.27;26.4;6.49;6.72;6.23;184;100;84;1195;672;523;25
20260512;2025;03;TT;TODAS CONSOLIDADAS;13;ECOLODGE;AREQUIPA;040000;1;23;51;11.64;10.5;1.31;1;1.32;127;4;123;166;4;162;7
20260512;2025;03;TT;TODAS CONSOLIDADAS;TT;TODAS CONSOLIDADAS;AMAZONAS;010000;453;5773;9178;16.35;12.4;1.37;1.34;1.91;28263;27175;1088;38830;36717;2113;1054
20260512;2025;03;TT;TODAS CONSOLIDADAS;TT;TODAS CONSOLIDADAS;ÁNCASH;020000;1052;13283;22846;20.13;16.6;1.31;1.31;1.33;99421;96293;3128;129048;124723;4325;2018
20260512;2025;03;TT;TODAS CONSOLIDADAS;TT;TODAS CONSOLIDADAS;APURÍMAC;030000;559;5449;8590;18.79;13.3;1.13;1.13;1.08;33914;33410;504;39573;38881;692;585
20260512;2025;03;TT;TODAS CONSOLIDADAS;TT;TODAS CONSOLIDADAS;AREQUIPA;040000;1662;19249;33542;20.38;16.75;1.41;1.35;1.59;131249;98724;32525;188887;135447;53440;3541
20260512;2025;03;TT;TODAS CONSOLIDADAS;TT;TODAS CONSOLIDADAS;AYACUCHO;050000;684;6828;11184;14.16;12.22;1.29;1.29;1.4;33295;32686;609;44870;43929;941;870
20260512;2025;03;TT;TODAS CONSOLIDADAS;TT;TODAS CONSOLIDADAS;CAJAMARCA;060000;1117;14642;23832;15.48;12.21;1.3;1.3;1.07;71545;70198;1347;95958;94064;1894;2699
20260512;2025;03;TT;TODAS CONSOLIDADAS;TT;TODAS CONSOLIDADAS;CALLAO;070000;297;4803;8878;46.32;45.68;1.01;1.01;1.03;201338;188929;12409;206939;191013;15926;1373
20260512;2025;03;TT;TODAS CONSOLIDADAS;TT;TODAS CONSOLIDADAS;CUSCO;080000;2333;29507;53027;24.47;22.13;1.57;1.44;1.68;270967;88499;182468;437797;128659;309138;8208
20260512;2025;03;TT;TODAS CONSOLIDADAS;TT;TODAS CONSOLIDADAS;HUANCAVELICA;090000;249;2798;4354;13.18;10.63;1.09;1.08;1.46;12866;12807;59;14030;13942;88;311
20260512;2025;03;TT;TODAS CONSOLIDADAS;TT;TODAS CONSOLIDADAS;HUÁNUCO;100000;676;9229;14074;19.01;15.24;1.17;1.17;1.18;58522;58250;272;71234;70862;372;1358
20260512;2025;03;TT;TODAS CONSOLIDADAS;TT;TODAS CONSOLIDADAS;ICA;110000;1135;16300;28872;19.55;15.78;1.16;1.17;1.12;141741;109763;31978;177447;137954;39493;3649
20260512;2025;03;TT;TODAS CONSOLIDADAS;TT;TODAS CONSOLIDADAS;JUNÍN;120000;1645;18143;30312;21.91;17.99;1.17;1.16;1.55;140975;140434;541;166323;165505;818;3387
20260512;2025;03;TT;TODAS CONSOLIDADAS;TT;TODAS CONSOLIDADAS;LA LIBERTAD;130000;1319;14180;24883;15.37;11.89;1.22;1.17;1.96;89497;84055;5442;126554;115517;11037;2273
20260512;2025;03;TT;TODAS CONSOLIDADAS;TT;TODAS CONSOLIDADAS;LAMBAYEQUE;140000;749;11051;16794;18.48;15.54;1.12;1.12;1.19;77541;75418;2123;92110;88742;3368;1950
20260512;2025;03;TT;TODAS CONSOLIDADAS;TT;TODAS CONSOLIDADAS;LORETO;160000;957;9699;15815;14.22;12.69;1.87;1.86;1.82;36276;24785;11491;68367;47212;21155;1633
20260512;2025;03;TT;TODAS CONSOLIDADAS;TT;TODAS CONSOLIDADAS;MADRE DE DIOS;170000;393;5866;9852;23.12;19.88;1.26;1.17;1.85;49409;42398;7011;62827;49610;13217;1183
20260512;2025;03;TT;TODAS CONSOLIDADAS;TT;TODAS CONSOLIDADAS;MOQUEGUA;180000;309;4465;7552;18.85;14.43;1.35;1.35;1.33;25102;24371;731;35273;34010;1263;794
20260512;2025;03;TT;TODAS CONSOLIDADAS;TT;TODAS CONSOLIDADAS;PASCO;190000;480;5756;9683;12.23;9.58;1.2;1.2;1.68;24390;24313;77;29446;29305;141;1016
20260512;2025;03;TT;TODAS CONSOLIDADAS;TT;TODAS CONSOLIDADAS;PIURA;200000;1235;12835;22769;17.69;15.49;1.44;1.4;2.05;78116;71926;6190;117482;104420;13062;2092
20260512;2025;03;TT;TODAS CONSOLIDADAS;TT;TODAS CONSOLIDADAS;PUNO;210000;1039;11763;20451;24.78;19.4;1.65;1.68;1.23;80234;63202;17032;128134;102412;25722;2227
20260512;2025;03;TT;TODAS CONSOLIDADAS;TT;TODAS CONSOLIDADAS;SAN MARTÍN;220000;986;12375;20290;20.75;17.69;1.4;1.39;1.9;80105;78175;1930;118622;114795;3827;2088
20260512;2025;03;TT;TODAS CONSOLIDADAS;TT;TODAS CONSOLIDADAS;TACNA;230000;519;6411;11867;13.87;11.23;1.27;1.25;1.33;36426;22265;14161;52927;30528;22399;946
20260512;2025;03;TT;TODAS CONSOLIDADAS;TT;TODAS CONSOLIDADAS;TUMBES;240000;292;3804;7647;15.32;12.67;1.31;1.3;1.32;28449;23536;4913;52501;42626;9875;1182
20260512;2025;03;TT;TODAS CONSOLIDADAS;TT;TODAS CONSOLIDADAS;UCAYALI;250000;590;6720;10699;25.1;24.89;3.34;3.37;1.91;26469;25077;1392;82149;78681;3468;1390
20260512;2025;04;TT;TODAS CONSOLIDADAS;00;NO CATEGORIZADO;AMAZONAS;010000;307;2925;4621;13.61;12.33;1.42;1.38;2.11;12058;11412;646;17100;15734;1366;529
20260512;2025;04;TT;TODAS CONSOLIDADAS;00;NO CATEGORIZADO;ÁNCASH;020000;738;6687;11232;18.43;16.08;1.27;1.26;1.47;42743;41054;1689;54184;51700;2484;804
20260512;2025;04;TT;TODAS CONSOLIDADAS;00;NO CATEGORIZADO;APURÍMAC;030000;532;4588;7174;17.87;12.22;1.09;1.09;1.02;24218;23888;330;26304;25967;337;443
20260512;2025;04;TT;TODAS CONSOLIDADAS;00;NO CATEGORIZADO;AREQUIPA;040000;1278;10852;18437;21.39;18.23;1.44;1.34;1.62;70126;46007;24119;100842;61806;39036;1362
20260512;2025;04;TT;TODAS CONSOLIDADAS;00;NO CATEGORIZADO;AYACUCHO;050000;629;5654;9062;16.28;13.47;1.26;1.26;1.44;29000;28793;207;36627;36328;299;686
20260512;2025;04;TT;TODAS CONSOLIDADAS;00;NO CATEGORIZADO;CAJAMARCA;060000;749;6373;10163;18.67;14.17;1.45;1.45;1.01;29786;29697;89;43213;43123;90;1155
20260512;2025;04;TT;TODAS CONSOLIDADAS;00;NO CATEGORIZADO;CALLAO;070000;278;3779;7104;40.88;38.43;1;1;1.08;143772;142786;986;144454;143388;1066;1039
20260512;2025;04;TT;TODAS CONSOLIDADAS;00;NO CATEGORIZADO;CUSCO;080000;2044;19655;34169;30.16;27.93;1.66;1.39;1.79;172442;56039;116403;286328;77672;208656;3819
20260512;2025;04;TT;TODAS CONSOLIDADAS;00;NO CATEGORIZADO;HUANCAVELICA;090000;242;2574;3958;15.55;12.87;1.11;1.11;1.21;13800;13762;38;15285;15239;46;290
20260512;2025;04;TT;TODAS CONSOLIDADAS;00;NO CATEGORIZADO;HUÁNUCO;100000;523;5340;7977;18.78;15.11;1.14;1.14;1.25;31591;31500;91;36158;36044;114;661
20260512;2025;04;TT;TODAS CONSOLIDADAS;00;NO CATEGORIZADO;ICA;110000;840;8364;13819;20.09;16.24;1.15;1.15;1.14;58564;42155;16409;67329;48618;18711;1093
20260512;2025;04;TT;TODAS CONSOLIDADAS;00;NO CATEGORIZADO;JUNÍN;120000;1549;15726;25764;25.27;18.62;1.17;1.17;1.79;122559;122197;362;143953;143306;647;2847
20260512;2025;04;TT;TODAS CONSOLIDADAS;00;NO CATEGORIZADO;LA LIBERTAD;130000;1023;7616;12761;13.06;12.71;1.23;1.16;1.89;39534;35725;3809;48655;41467;7188;720
20260512;2025;04;TT;TODAS CONSOLIDADAS;00;NO CATEGORIZADO;LAMBAYEQUE;140000;446;4590;6790;15.25;12.72;1.04;1.04;1.06;24824;24532;292;25920;25610;310;582
20260512;2025;04;TT;TODAS CONSOLIDADAS;00;NO CATEGORIZADO;LIMA;150000;7300;56426;97104;26.03;23.69;1.1;1.09;1.51;2654268;2554750;99517;2923182;2772627;150555;36375
20260512;2025;04;TT;TODAS CONSOLIDADAS;00;NO CATEGORIZADO;LORETO;160000;813;6876;10648;13.33;10.88;1.75;1.81;1.6;19871;13914;5957;34761;25211;9550;692
20260512;2025;04;TT;TODAS CONSOLIDADAS;00;NO CATEGORIZADO;MADRE DE DIOS;170000;347;4740;7817;21.83;18.28;1.21;1.13;1.68;35498;30627;4871;42862;34703;8159;647
20260512;2025;04;TT;TODAS CONSOLIDADAS;00;NO CATEGORIZADO;MOQUEGUA;180000;172;1772;3036;18.12;14.01;1.24;1.24;1.07;10318;10242;76;12757;12676;81;247
20260512;2025;04;TT;TODAS CONSOLIDADAS;00;NO CATEGORIZADO;PASCO;190000;411;4404;7238;14.54;11.28;1.21;1.21;1.28;20276;20184;92;24487;24369;118;786
20260512;2025;04;TT;TODAS CONSOLIDADAS;00;NO CATEGORIZADO;PIURA;200000;1163;10593;18854;15.66;14.1;1.44;1.39;2.17;55489;51905;3584;79735;71942;7793;1403
20260512;2025;04;TT;TODAS CONSOLIDADAS;00;NO CATEGORIZADO;PUNO;210000;865;7787;13142;24.98;20.24;1.69;1.72;1.31;47113;44304;2809;79782;76095;3687;1404
20260512;2025;04;TT;TODAS CONSOLIDADAS;00;NO CATEGORIZADO;SAN MARTÍN;220000;885;9740;15533;20.1;17.17;1.35;1.34;1.93;59296;57944;1352;80008;77400;2608;1334
20260512;2025;04;TT;TODAS CONSOLIDADAS;00;NO CATEGORIZADO;TACNA;230000;431;3981;7070;12.01;9.88;1.28;1.25;1.38;16415;12702;3713;20962;15829;5133;444
20260512;2025;04;TT;TODAS CONSOLIDADAS;00;NO CATEGORIZADO;TUMBES;240000;258;2488;4736;14.9;12.39;1.41;1.42;1.34;12488;11348;1140;17601;16070;1531;341
20260512;2025;04;TT;TODAS CONSOLIDADAS;00;NO CATEGORIZADO;UCAYALI;250000;559;5537;8585;24.54;24.39;3.14;3.17;1.79;19987;19662;325;62827;62244;583;1018
20260512;2025;04;TT;TODAS CONSOLIDADAS;01;1 ESTRELLA;AMAZONAS;010000;19;260;382;16.76;12.38;1.14;1.14;0;1241;1241;0;1419;1419;0;36
20260512;2025;04;TT;TODAS CONSOLIDADAS;01;1 ESTRELLA;ÁNCASH;020000;51;946;1519;27.67;22.47;1.07;1.07;1.09;9579;9461;118;10238;10109;129;151
20260512;2025;04;TT;TODAS CONSOLIDADAS;01;1 ESTRELLA;APURÍMAC;030000;6;191;301;31.19;27.66;1.08;1.08;0;2320;2320;0;2498;2498;0;21
20260512;2025;04;TT;TODAS CONSOLIDADAS;01;1 ESTRELLA;AREQUIPA;040000;60;1061;1666;17.44;13.53;1.12;1.11;1.12;6062;5522;540;6761;6156;605;180
20260512;2025;04;TT;TODAS CONSOLIDADAS;01;1 ESTRELLA;AYACUCHO;050000;25;426;761;13.94;12.45;1.36;1.35;1.47;2095;2052;43;2842;2779;63;80
20260512;2025;04;TT;TODAS CONSOLIDADAS;01;1 ESTRELLA;CAJAMARCA;060000;31;628;1074;10.65;7.48;1.25;1.25;0;1925;1925;0;2411;2411;0;106
20260512;2025;04;TT;TODAS CONSOLIDADAS;01;1 ESTRELLA;CALLAO;070000;6;133;249;33.28;35.93;1;1;0;2755;2755;0;2755;2755;0;19
20260512;2025;04;TT;TODAS CONSOLIDADAS;01;1 ESTRELLA;CUSCO;080000;26;502;832;20.9;18.19;1.12;1.12;1.38;4037;3982;55;4541;4465;76;71
20260512;2025;04;TT;TODAS CONSOLIDADAS;01;1 ESTRELLA;HUANCAVELICA;090000;2;66;94;8.13;7.09;1;1;0;200;200;0;200;200;0;5
20260512;2025;04;TT;TODAS CONSOLIDADAS;01;1 ESTRELLA;HUÁNUCO;100000;37;679;1025;31.47;22.31;1.19;1.19;0;5810;5810;0;6885;6885;0;116
20260512;2025;04;TT;TODAS CONSOLIDADAS;01;1 ESTRELLA;ICA;110000;26;478;821;21.83;17.76;1.1;1.1;1;3981;3856;125;4374;4249;125;75
20260512;2025;04;TT;TODAS CONSOLIDADAS;01;1 ESTRELLA;JUNÍN;120000;17;391;769;20.32;14.33;1.32;1.32;1;2511;2508;3;3306;3303;3;52
20260512;2025;04;TT;TODAS CONSOLIDADAS;01;1 ESTRELLA;LA LIBERTAD;130000;28;467;834;26.9;18.22;1.36;1.36;1;3353;3340;13;4559;4546;13;79
20260512;2025;04;TT;TODAS CONSOLIDADAS;01;1 ESTRELLA;LAMBAYEQUE;140000;19;295;391;20.96;22.8;1.06;1.06;1;2528;2527;1;2675;2674;1;54
20260512;2025;04;TT;TODAS CONSOLIDADAS;01;1 ESTRELLA;LIMA;150000;93;2105;3750;29.25;22.44;1.19;1.19;1.45;26864;26402;462;31979;31309;670;398
20260512;2025;04;TT;TODAS CONSOLIDADAS;01;1 ESTRELLA;LORETO;160000;6;106;172;17.48;13.43;1.53;1.51;1.68;453;409;44;693;619;74;25
20260512;2025;04;TT;TODAS CONSOLIDADAS;01;1 ESTRELLA;MADRE DE DIOS;170000;6;163;299;24.29;19.01;1.03;1.03;1.13;1649;1604;45;1705;1654;51;29
20260512;2025;04;TT;TODAS CONSOLIDADAS;01;1 ESTRELLA;MOQUEGUA;180000;22;384;636;13.91;10.8;1.25;1.25;1.31;1643;1611;32;2060;2018;42;63
20260512;2025;04;TT;TODAS CONSOLIDADAS;01;1 ESTRELLA;PASCO;190000;28;559;877;16.2;11.6;1.01;1.01;1;3027;3023;4;3051;3047;4;87
20260512;2025;04;TT;TODAS CONSOLIDADAS;01;1 ESTRELLA;PIURA;200000;5;96;168;21.32;13.99;2.04;2.04;1.5;346;344;2;705;702;3;10
20260512;2025;04;TT;TODAS CONSOLIDADAS;01;1 ESTRELLA;PUNO;210000;40;643;1117;23.57;17.53;1.24;1.25;1.12;4733;4571;162;5874;5693;181;99
20260512;2025;04;TT;TODAS CONSOLIDADAS;01;1 ESTRELLA;SAN MARTÍN;220000;7;150;223;31.29;30.45;1.52;1.51;1.69;1342;1307;35;2037;1978;59;27
20260512;2025;04;TT;TODAS CONSOLIDADAS;01;1 ESTRELLA;TACNA;230000;11;239;441;10.7;9.96;1.04;1.03;1.05;1266;847;419;1318;876;442;34
20260512;2025;04;TT;TODAS CONSOLIDADAS;01;1 ESTRELLA;TUMBES;240000;2;47;100;0;0;0;0;0;0;0;0;0;0;0;0
20260512;2025;04;TT;TODAS CONSOLIDADAS;02;2 ESTRELLAS;AMAZONAS;010000;99;2019;3217;22.3;16.68;1.31;1.31;1.85;12251;12080;171;16101;15784;317;334
20260512;2025;04;TT;TODAS CONSOLIDADAS;02;2 ESTRELLAS;ÁNCASH;020000;197;3952;7054;28.19;24.8;1.24;1.24;1.32;42394;41910;484;52488;51849;639;651
20260512;2025;04;TT;TODAS CONSOLIDADAS;02;2 ESTRELLAS;APURÍMAC;030000;13;417;693;27.86;21.69;1.11;1.11;1.04;4068;4019;49;4509;4458;51;48
20260512;2025;04;TT;TODAS CONSOLIDADAS;02;2 ESTRELLAS;AREQUIPA;040000;174;3336;5942;29.5;23.99;1.35;1.34;1.39;31739;27787;3952;42764;37274;5490;575
20260512;2025;04;TT;TODAS CONSOLIDADAS;02;2 ESTRELLAS;AYACUCHO;050000;19;489;874;20.93;24.12;1.76;1.76;1.73;3595;3418;177;6324;6017;307;83
20260512;2025;04;TT;TODAS CONSOLIDADAS;02;2 ESTRELLAS;CAJAMARCA;060000;205;4284;6873;18.42;14.43;1.21;1.21;1.12;24689;24447;242;29759;29487;272;668
20260512;2025;04;TT;TODAS CONSOLIDADAS;02;2 ESTRELLAS;CALLAO;070000;7;287;520;33.04;28.79;1.07;1.03;1.63;4212;3952;260;4491;4067;424;43
20260512;2025;04;TT;TODAS CONSOLIDADAS;02;2 ESTRELLAS;CUSCO;080000;96;2000;3693;32.83;30.91;1.68;1.48;1.77;20423;6754;13669;34243;9984;24259;565
20260512;2025;04;TT;TODAS CONSOLIDADAS;02;2 ESTRELLAS;HUANCAVELICA;090000;3;87;159;11.42;8.47;1.07;1.07;1.38;376;368;8;404;393;11;8
20260512;2025;04;TT;TODAS CONSOLIDADAS;02;2 ESTRELLAS;HUÁNUCO;100000;88;2237;3567;29.91;23.2;1.25;1.25;1.73;19902;19838;64;24825;24714;111;386
20260512;2025;04;TT;TODAS CONSOLIDADAS;02;2 ESTRELLAS;ICA;110000;137;2800;4748;22.5;18.84;1.06;1.06;1.17;25218;24689;529;26836;26219;617;431
20260512;2025;04;TT;TODAS CONSOLIDADAS;02;2 ESTRELLAS;JUNÍN;120000;56;1265;2323;22.02;18.76;1.26;1.26;1.35;10404;10260;144;13072;12878;194;218
20260512;2025;04;TT;TODAS CONSOLIDADAS;02;2 ESTRELLAS;LA LIBERTAD;130000;140;2480;4451;22.67;19.33;1.26;1.22;1.84;20454;19046;1408;25810;23217;2593;450
20260512;2025;04;TT;TODAS CONSOLIDADAS;02;2 ESTRELLAS;LAMBAYEQUE;140000;220;4373;6595;20.49;17.3;1.16;1.14;2.57;29401;28895;506;34224;32925;1299;701
20260512;2025;04;TT;TODAS CONSOLIDADAS;02;2 ESTRELLAS;LIMA;150000;246;8644;16081;33.33;26.93;1.28;1.24;1.95;144068;135707;8361;184593;168292;16301;1962
20260512;2025;04;TT;TODAS CONSOLIDADAS;02;2 ESTRELLAS;LORETO;160000;23;465;760;15.28;12.57;1.86;1.85;1.93;1539;1300;239;2867;2405;462;97
20260512;2025;04;TT;TODAS CONSOLIDADAS;02;2 ESTRELLAS;MADRE DE DIOS;170000;16;442;720;35.2;27.34;1.2;1.2;1.16;4938;4534;404;5906;5438;468;83
20260512;2025;04;TT;TODAS CONSOLIDADAS;02;2 ESTRELLAS;MOQUEGUA;180000;91;1571;2584;23.35;18.73;1.76;1.75;1.89;8260;7948;312;14520;13929;591;312
20260512;2025;04;TT;TODAS CONSOLIDADAS;02;2 ESTRELLAS;PASCO;190000;23;488;940;21.09;16.63;1.51;1.5;2.38;3110;3097;13;4691;4660;31;83
20260512;2025;04;TT;TODAS CONSOLIDADAS;02;2 ESTRELLAS;PIURA;200000;40;888;1476;19.95;14.81;1.69;1.67;2;3880;3661;219;6556;6118;438;157
20260512;2025;04;TT;TODAS CONSOLIDADAS;02;2 ESTRELLAS;PUNO;210000;90;1666;2990;19.64;14.88;1.25;1.23;1.38;10661;8900;1761;13348;10922;2426;265
20260512;2025;04;TT;TODAS CONSOLIDADAS;02;2 ESTRELLAS;SAN MARTÍN;220000;51;1145;2007;28.95;24.56;1.6;1.6;1.8;9224;8997;227;14788;14379;409;290
20260512;2025;04;TT;TODAS CONSOLIDADAS;02;2 ESTRELLAS;TACNA;230000;62;1443;2785;27.41;20.46;1.61;1.56;1.67;10618;5696;4922;17098;8902;8196;270
20260512;2025;04;TT;TODAS CONSOLIDADAS;02;2 ESTRELLAS;TUMBES;240000;11;237;437;19.68;13.3;1.66;1.66;1.62;1053;993;60;1744;1647;97;61
20260512;2025;04;TT;TODAS CONSOLIDADAS;02;2 ESTRELLAS;UCAYALI;250000;3;91;159;11.68;7.15;1.48;1.46;1.83;230;218;12;341;319;22;16
20260512;2025;04;TT;TODAS CONSOLIDADAS;03;3 ESTRELLAS;AMAZONAS;010000;27;579;993;22.42;16.29;1.41;1.34;2.1;3453;3162;291;4853;4242;611;137
20260512;2025;04;TT;TODAS CONSOLIDADAS;03;3 ESTRELLAS;ÁNCASH;020000;66;1801;3249;29.04;22.21;1.54;1.51;1.91;14017;12935;1082;21646;19576;2070;436
20260512;2025;04;TT;TODAS CONSOLIDADAS;03;3 ESTRELLAS;APURÍMAC;030000;8;250;418;54.01;41.4;1.68;1.75;1.34;3088;2585;503;5191;4517;674;69
20260512;2025;04;TT;TODAS CONSOLIDADAS;03;3 ESTRELLAS;AREQUIPA;040000;125;3012;5620;34.5;28.74;1.79;1.94;1.65;27094;13082;14012;48449;25366;23083;859
20260512;2025;04;TT;TODAS CONSOLIDADAS;03;3 ESTRELLAS;AYACUCHO;050000;11;296;519;18.94;16.52;1.57;1.57;1.57;1642;1526;116;2572;2390;182;89
20260512;2025;04;TT;TODAS CONSOLIDADAS;03;3 ESTRELLAS;CAJAMARCA;060000;127;3100;5238;16.06;11.51;1.37;1.37;1.37;13184;12793;391;18082;17547;535;614
20260512;2025;04;TT;TODAS CONSOLIDADAS;03;3 ESTRELLAS;CALLAO;070000;4;233;391;31.96;33.91;1.29;1.22;1.43;3086;2024;1062;3978;2461;1517;56
20260512;2025;04;TT;TODAS CONSOLIDADAS;03;3 ESTRELLAS;CUSCO;080000;119;4238;8270;47.61;42.89;1.71;1.6;1.72;62379;9393;52986;106398;15032;91366;1353
20260512;2025;04;TT;TODAS CONSOLIDADAS;03;3 ESTRELLAS;HUANCAVELICA;090000;2;65;108;13.54;10;1.44;1.44;0;225;225;0;324;324;0;10
20260512;2025;04;TT;TODAS CONSOLIDADAS;03;3 ESTRELLAS;HUÁNUCO;100000;19;810;1283;23.53;19.35;1.51;1.5;1.95;4924;4829;95;7448;7263;185;160
20260512;2025;04;TT;TODAS CONSOLIDADAS;03;3 ESTRELLAS;ICA;110000;116;3285;6245;34.78;26.95;1.34;1.42;1.19;37703;25060;12643;50490;35474;15016;794
20260512;2025;04;TT;TODAS CONSOLIDADAS;03;3 ESTRELLAS;JUNÍN;120000;23;853;1628;22.36;17.14;1.86;1.88;1.44;4494;4350;144;8370;8163;207;259
20260512;2025;04;TT;TODAS CONSOLIDADAS;03;3 ESTRELLAS;LA LIBERTAD;130000;120;3031;5746;32.78;25.47;1.64;1.6;2.27;26822;25531;1291;43911;40976;2935;709
20260512;2025;04;TT;TODAS CONSOLIDADAS;03;3 ESTRELLAS;LAMBAYEQUE;140000;61;1496;2490;28.08;21.22;1.38;1.37;1.71;11467;11041;426;15848;15121;727;320
20260512;2025;04;TT;TODAS CONSOLIDADAS;03;3 ESTRELLAS;LIMA;150000;199;9022;17216;48.21;40.65;1.71;1.46;2.05;122982;71935;51047;209944;105257;104687;2132
20260512;2025;04;TT;TODAS CONSOLIDADAS;03;3 ESTRELLAS;LORETO;160000;39;1006;1727;29.06;23.34;2.2;2.31;1.79;5486;4345;1141;12093;10047;2046;303
20260512;2025;04;TT;TODAS CONSOLIDADAS;03;3 ESTRELLAS;MADRE DE DIOS;170000;7;249;469;42.32;40.76;1.6;1.76;1.36;3581;2177;1404;5735;3825;1910;65
20260512;2025;04;TT;TODAS CONSOLIDADAS;03;3 ESTRELLAS;MOQUEGUA;180000;20;574;990;29.48;20.36;1.98;2;1.46;3047;2947;100;6046;5900;146;105
20260512;2025;04;TT;TODAS CONSOLIDADAS;03;3 ESTRELLAS;PASCO;190000;8;149;262;28.55;22.05;1.24;1.23;2;1392;1373;19;1733;1695;38;29
20260512;2025;04;TT;TODAS CONSOLIDADAS;03;3 ESTRELLAS;PIURA;200000;21;701;1244;35.59;28.83;1.84;1.74;2.6;5846;5190;656;10759;9054;1705;264
20260512;2025;04;TT;TODAS CONSOLIDADAS;03;3 ESTRELLAS;PUNO;210000;37;1090;2076;37.51;31.94;1.5;1.52;1.49;13292;3896;9396;19890;5918;13972;255
20260512;2025;04;TT;TODAS CONSOLIDADAS;03;3 ESTRELLAS;SAN MARTÍN;220000;34;1121;2071;24.88;20.96;1.82;1.83;1.64;7154;6915;239;13021;12629;392;299
20260512;2025;04;TT;TODAS CONSOLIDADAS;03;3 ESTRELLAS;TACNA;230000;16;563;1827;27.38;11.03;1.8;1.76;1.82;3366;1404;1962;6045;2477;3568;127
20260512;2025;04;TT;TODAS CONSOLIDADAS;03;3 ESTRELLAS;TUMBES;240000;14;360;746;31.42;28.88;2.66;2.65;2.7;2428;2046;382;6463;5431;1032;131
20260512;2025;04;TT;TODAS CONSOLIDADAS;03;3 ESTRELLAS;UCAYALI;250000;17;606;1008;28.07;21.31;2.02;2.04;1.73;3190;2962;228;6444;6049;395;140
20260512;2025;04;TT;TODAS CONSOLIDADAS;04;4 ESTRELLAS;APURÍMAC;030000;1;32;56;27.71;15.83;1.85;1.83;2;144;132;12;266;242;24;13
20260512;2025;04;TT;TODAS CONSOLIDADAS;04;4 ESTRELLAS;AREQUIPA;040000;11;558;1059;44.99;40.55;1.69;1.76;1.64;7627;2951;4676;12882;5202;7680;256
20260512;2025;04;TT;TODAS CONSOLIDADAS;04;4 ESTRELLAS;CAJAMARCA;060000;4;217;382;44.88;38.8;1.86;1.82;2.21;2387;2144;243;4447;3910;537;155
20260512;2025;04;TT;TODAS CONSOLIDADAS;04;4 ESTRELLAS;CALLAO;070000;2;371;614;102.26;93.36;1.31;1.21;1.33;13132;2051;11081;17197;2487;14710;130
20260512;2025;04;TT;TODAS CONSOLIDADAS;04;4 ESTRELLAS;CUSCO;080000;22;1685;3295;77.48;72.26;1.69;1.55;1.7;42230;3560;38670;71429;5530;65899;992
20260512;2025;04;TT;TODAS CONSOLIDADAS;04;4 ESTRELLAS;HUÁNUCO;100000;1;60;101;42.83;33.33;1.88;1.92;1.14;537;508;29;1010;977;33;27
20260512;2025;04;TT;TODAS CONSOLIDADAS;04;4 ESTRELLAS;ICA;110000;8;739;1560;42.07;38.64;1.64;1.82;1.34;11011;6964;4047;18085;12669;5416;358
20260512;2025;04;TT;TODAS CONSOLIDADAS;04;4 ESTRELLAS;JUNÍN;120000;1;40;66;27.17;23.43;1.89;1.91;1.61;246;228;18;464;435;29;22
20260512;2025;04;TT;TODAS CONSOLIDADAS;04;4 ESTRELLAS;LA LIBERTAD;130000;4;318;600;61.28;43.88;2.46;2.43;2.57;3214;2568;646;7899;6237;1662;126
20260512;2025;04;TT;TODAS CONSOLIDADAS;04;4 ESTRELLAS;LAMBAYEQUE;140000;5;377;707;58.94;45.43;1.46;1.4;1.82;6597;5646;951;9636;7909;1727;294
20260512;2025;04;TT;TODAS CONSOLIDADAS;04;4 ESTRELLAS;LIMA;150000;53;4911;9069;57.89;54.28;2.03;1.56;2.41;72692;32340;40352;147686;50362;97324;2217
20260512;2025;04;TT;TODAS CONSOLIDADAS;04;4 ESTRELLAS;LORETO;160000;5;172;258;32.11;30.63;1.73;2.14;1.39;1373;612;761;2371;1310;1061;106
20260512;2025;04;TT;TODAS CONSOLIDADAS;04;4 ESTRELLAS;MOQUEGUA;180000;2;123;234;40.81;26.64;1.86;1.88;1.73;1007;869;138;1870;1631;239;61
20260512;2025;04;TT;TODAS CONSOLIDADAS;04;4 ESTRELLAS;PIURA;200000;5;471;843;30.01;25.54;1.78;1.72;1.96;3631;2771;860;6459;4777;1682;164
20260512;2025;04;TT;TODAS CONSOLIDADAS;04;4 ESTRELLAS;PUNO;210000;8;508;961;51.53;47.68;1.67;1.66;1.67;8216;999;7217;13745;1661;12084;190
20260512;2025;04;TT;TODAS CONSOLIDADAS;04;4 ESTRELLAS;SAN MARTÍN;220000;2;82;141;39.63;37.68;2.05;2.02;2.35;778;701;77;1594;1413;181;39
20260512;2025;04;TT;TODAS CONSOLIDADAS;04;4 ESTRELLAS;TACNA;230000;2;200;391;39.97;33.27;1.78;1.81;1.74;2197;1017;1180;3902;1843;2059;67
20260512;2025;04;TT;TODAS CONSOLIDADAS;04;4 ESTRELLAS;TUMBES;240000;6;667;1621;43.53;40.26;2.24;2.25;2.18;8757;6474;2283;19579;14594;4985;570
20260512;2025;04;TT;TODAS CONSOLIDADAS;04;4 ESTRELLAS;UCAYALI;250000;5;295;527;41.21;32.59;2.22;2.14;2.55;2323;1900;423;5153;4074;1079;117
20260512;2025;04;TT;TODAS CONSOLIDADAS;05;5 ESTRELLAS;AREQUIPA;040000;3;241;352;62.27;64.07;2;1.94;2.07;3376;1641;1735;6766;3182;3584;180
20260512;2025;04;TT;TODAS CONSOLIDADAS;05;5 ESTRELLAS;CUSCO;080000;15;1283;2501;73.59;74.47;1.7;1.77;1.69;32934;1892;31042;55875;3350;52525;1346
20260512;2025;04;TT;TODAS CONSOLIDADAS;05;5 ESTRELLAS;ICA;110000;6;661;1567;43.84;39.94;1.92;1.95;1.86;9785;6350;3435;18774;12383;6391;699
20260512;2025;04;TT;TODAS CONSOLIDADAS;05;5 ESTRELLAS;LA LIBERTAD;130000;2;267;470;45.28;39.74;1.8;1.71;2.24;3120;2629;491;5603;4504;1099;182
20260512;2025;04;TT;TODAS CONSOLIDADAS;05;5 ESTRELLAS;LIMA;150000;31;5057;9204;59.08;48.01;2.28;1.63;2.45;58213;12230;45983;132556;19884;112672;4005
20260512;2025;04;TT;TODAS CONSOLIDADAS;05;5 ESTRELLAS;LORETO;160000;1;60;91;47.89;46.67;1.45;1.49;1.4;881;450;431;1274;671;603;54
20260512;2025;04;TT;TODAS CONSOLIDADAS;05;5 ESTRELLAS;PIURA;200000;1;83;166;65.5;52.73;1.68;1.56;2.02;1565;1164;401;2626;1816;810;82
20260512;2025;04;TT;TODAS CONSOLIDADAS;05;5 ESTRELLAS;PUNO;210000;1;123;231;57.45;80.07;1.48;1.45;1.49;3741;401;3340;5549;583;4966;36
20260512;2025;04;TT;TODAS CONSOLIDADAS;05;5 ESTRELLAS;SAN MARTÍN;220000;1;50;108;25.53;28.52;2.25;2.25;2.29;410;386;24;924;869;55;61
20260512;2025;04;TT;TODAS CONSOLIDADAS;05;5 ESTRELLAS;UCAYALI;250000;2;162;298;51.98;39.9;2.39;2.41;2.26;1491;1300;191;3567;3136;431;71
20260512;2025;04;TT;TODAS CONSOLIDADAS;12;ALBERGUE;AMAZONAS;010000;1;6;11;0;0;0;0;0;0;0;0;0;0;0;0
20260512;2025;04;TT;TODAS CONSOLIDADAS;12;ALBERGUE;ÁNCASH;020000;6;47;112;2.62;1.34;1;1;1;45;6;39;45;6;39;11
20260512;2025;04;TT;TODAS CONSOLIDADAS;12;ALBERGUE;AREQUIPA;040000;10;153;386;38.37;38.91;1.48;1.32;1.53;3036;623;2413;4506;824;3682;131
20260512;2025;04;TT;TODAS CONSOLIDADAS;12;ALBERGUE;AYACUCHO;050000;3;25;50;2.67;2.67;1;1;1;40;35;5;40;35;5;5
20260512;2025;04;TT;TODAS CONSOLIDADAS;12;ALBERGUE;CUSCO;080000;16;366;634;40.17;38.21;1.6;1.63;1.6;4543;78;4465;7267;127;7140;174
20260512;2025;04;TT;TODAS CONSOLIDADAS;12;ALBERGUE;HUANCAVELICA;090000;1;15;42;0;0;0;0;0;0;0;0;0;0;0;0
20260512;2025;04;TT;TODAS CONSOLIDADAS;12;ALBERGUE;HUÁNUCO;100000;7;92;128;0;0;0;0;0;0;0;0;0;0;0;0
20260512;2025;04;TT;TODAS CONSOLIDADAS;12;ALBERGUE;ICA;110000;6;64;263;37.86;11.77;1.79;1.7;1.84;520;201;319;929;342;587;32
20260512;2025;04;TT;TODAS CONSOLIDADAS;12;ALBERGUE;JUNÍN;120000;1;32;104;25;21.96;2.04;2.02;2.69;335;322;13;685;650;35;20
20260512;2025;04;TT;TODAS CONSOLIDADAS;12;ALBERGUE;LA LIBERTAD;130000;1;15;27;58.67;36.42;1.82;1.81;2;162;151;11;295;273;22;4
20260512;2025;04;TT;TODAS CONSOLIDADAS;12;ALBERGUE;LIMA;150000;8;143;486;22.87;20.9;2.17;2.19;2.16;1404;572;832;3047;1253;1794;42
20260512;2025;04;TT;TODAS CONSOLIDADAS;12;ALBERGUE;LORETO;160000;70;1038;2218;18.74;17.17;1.87;1.45;2.05;6113;1848;4265;11427;2675;8752;398
20260512;2025;04;TT;TODAS CONSOLIDADAS;12;ALBERGUE;MADRE DE DIOS;170000;19;397;832;28.24;30.14;2.26;1.77;2.33;3323;400;2923;7524;708;6816;167
20260512;2025;04;TT;TODAS CONSOLIDADAS;12;ALBERGUE;PASCO;190000;26;308;826;7.81;9.54;1.61;1.6;2.13;1471;1440;31;2363;2297;66;78
20260512;2025;04;TT;TODAS CONSOLIDADAS;12;ALBERGUE;PUNO;210000;1;13;35;0;0;0;0;0;0;0;0;0;0;0;0
20260512;2025;04;TT;TODAS CONSOLIDADAS;12;ALBERGUE;SAN MARTÍN;220000;8;130;290;21.49;19.14;2.19;2.16;2.34;759;619;140;1665;1338;327;53
20260512;2025;04;TT;TODAS CONSOLIDADAS;12;ALBERGUE;UCAYALI;250000;6;61;164;10.16;7.64;1.59;1.58;1.67;237;210;27;376;331;45;32
20260512;2025;04;TT;TODAS CONSOLIDADAS;13;ECOLODGE;AREQUIPA;040000;1;23;51;34.78;33.01;1.38;1.59;1.36;365;44;321;505;70;435;7
20260512;2025;04;TT;TODAS CONSOLIDADAS;TT;TODAS CONSOLIDADAS;AMAZONAS;010000;453;5789;9224;16.14;13.5;1.38;1.35;1.96;29003;27895;1108;39473;37179;2294;1036
20260512;2025;04;TT;TODAS CONSOLIDADAS;TT;TODAS CONSOLIDADAS;ÁNCASH;020000;1058;13433;23166;21.26;18.31;1.27;1.26;1.45;108778;105366;3412;138601;133240;5361;2053
20260512;2025;04;TT;TODAS CONSOLIDADAS;TT;TODAS CONSOLIDADAS;APURÍMAC;030000;560;5478;8642;18.78;13.03;1.1;1.1;1.02;33838;32944;894;38768;37682;1086;594
20260512;2025;04;TT;TODAS CONSOLIDADAS;TT;TODAS CONSOLIDADAS;AREQUIPA;040000;1662;19236;33513;23.42;19.82;1.45;1.38;1.58;149425;97657;51768;223475;139880;83595;3550
20260512;2025;04;TT;TODAS CONSOLIDADAS;TT;TODAS CONSOLIDADAS;AYACUCHO;050000;687;6890;11266;16.31;13.73;1.28;1.28;1.45;36372;35824;548;48405;47549;856;943
20260512;2025;04;TT;TODAS CONSOLIDADAS;TT;TODAS CONSOLIDADAS;CAJAMARCA;060000;1116;14602;23730;18.2;13.82;1.39;1.39;1.05;71971;71006;965;97912;96478;1434;2698
20260512;2025;04;TT;TODAS CONSOLIDADAS;TT;TODAS CONSOLIDADAS;CALLAO;070000;297;4803;8878;40.83;38.46;1.01;1.01;1.08;166958;153568;13389;172875;155159;17717;1287
20260512;2025;04;TT;TODAS CONSOLIDADAS;TT;TODAS CONSOLIDADAS;CUSCO;080000;2338;29729;53394;31.85;29.49;1.66;1.4;1.78;338988;81698;257290;566081;116160;449921;8320
20260512;2025;04;TT;TODAS CONSOLIDADAS;TT;TODAS CONSOLIDADAS;HUANCAVELICA;090000;250;2807;4361;15.37;12.7;1.1;1.1;1.19;14601;14555;46;16213;16156;57;313
20260512;2025;04;TT;TODAS CONSOLIDADAS;TT;TODAS CONSOLIDADAS;HUÁNUCO;100000;675;9218;14081;20.9;16.55;1.16;1.16;1.25;62764;62485;279;76326;75883;443;1350
20260512;2025;04;TT;TODAS CONSOLIDADAS;TT;TODAS CONSOLIDADAS;ICA;110000;1139;16391;29023;22.29;17.94;1.17;1.18;1.15;146782;109275;37507;186817;139954;46863;3482
20260512;2025;04;TT;TODAS CONSOLIDADAS;TT;TODAS CONSOLIDADAS;JUNÍN;120000;1647;18307;30654;25.07;18.57;1.19;1.19;1.76;140549;139865;684;169850;168735;1115;3418
20260512;2025;04;TT;TODAS CONSOLIDADAS;TT;TODAS CONSOLIDADAS;LA LIBERTAD;130000;1318;14194;24889;16.4;14.85;1.28;1.22;1.9;96659;88990;7669;136732;121220;15512;2270
20260512;2025;04;TT;TODAS CONSOLIDADAS;TT;TODAS CONSOLIDADAS;LAMBAYEQUE;140000;751;11131;16973;18.26;15.23;1.11;1.1;1.56;74817;72641;2176;88303;84239;4064;1951
20260512;2025;04;TT;TODAS CONSOLIDADAS;TT;TODAS CONSOLIDADAS;LIMA;150000;7930;86308;152910;27.19;24.5;1.14;1.11;1.55;3080491;2833937;246554;3632988;3148985;484003;47131
20260512;2025;04;TT;TODAS CONSOLIDADAS;TT;TODAS CONSOLIDADAS;LORETO;160000;957;9723;15874;14.57;12.05;1.78;1.81;1.65;35716;22878;12838;65486;42938;22548;1675
20260512;2025;04;TT;TODAS CONSOLIDADAS;TT;TODAS CONSOLIDADAS;MADRE DE DIOS;170000;395;5991;10137;23.08;19.62;1.26;1.18;1.67;48989;39342;9647;63732;46328;17404;991
20260512;2025;04;TT;TODAS CONSOLIDADAS;TT;TODAS CONSOLIDADAS;MOQUEGUA;180000;307;4424;7480;20.26;15.67;1.44;1.45;1.36;24275;23617;658;37253;36154;1099;788
20260512;2025;04;TT;TODAS CONSOLIDADAS;TT;TODAS CONSOLIDADAS;PASCO;190000;496;5908;10143;14.81;11.63;1.23;1.23;1.37;29276;29117;159;36325;36068;257;1063
20260512;2025;04;TT;TODAS CONSOLIDADAS;TT;TODAS CONSOLIDADAS;PIURA;200000;1235;12832;22751;16.26;14.45;1.46;1.41;2.17;70757;65035;5722;106840;94409;12431;2080
20260512;2025;04;TT;TODAS CONSOLIDADAS;TT;TODAS CONSOLIDADAS;PUNO;210000;1042;11830;20552;25.12;20.33;1.63;1.65;1.32;87756;63071;24685;138188;100872;37316;2249
20260512;2025;04;TT;TODAS CONSOLIDADAS;TT;TODAS CONSOLIDADAS;SAN MARTÍN;220000;988;12418;20373;20.86;17.84;1.39;1.38;1.92;78963;76869;2094;114037;110006;4031;2103
20260512;2025;04;TT;TODAS CONSOLIDADAS;TT;TODAS CONSOLIDADAS;TACNA;230000;522;6426;12514;14.39;11.27;1.33;1.3;1.42;33862;21666;12196;49325;29927;19398;942
20260512;2025;04;TT;TODAS CONSOLIDADAS;TT;TODAS CONSOLIDADAS;TUMBES;240000;291;3799;7640;16.36;13.71;1.49;1.49;1.43;24726;20861;3865;45387;37742;7645;1103
20260512;2025;04;TT;TODAS CONSOLIDADAS;TT;TODAS CONSOLIDADAS;UCAYALI;250000;592;6752;10741;24.67;24.17;3.08;3.1;1.8;27458;26252;1206;78708;76153;2555;1394
20260512;2025;05;TT;TODAS CONSOLIDADAS;00;NO CATEGORIZADO;AMAZONAS;010000;310;2934;4624;14.7;12.95;1.39;1.37;1.68;13380;12502;878;18558;17083;1475;546
20260512;2025;05;TT;TODAS CONSOLIDADAS;00;NO CATEGORIZADO;ÁNCASH;020000;739;6706;11264;19.55;16.27;1.32;1.29;1.68;43111;39529;3582;56828;50809;6019;813
20260512;2025;05;TT;TODAS CONSOLIDADAS;00;NO CATEGORIZADO;APURÍMAC;030000;532;4604;7204;17.17;12.12;1.1;1.1;1.09;24545;24384;161;27062;26886;176;440
20260512;2025;05;TT;TODAS CONSOLIDADAS;00;NO CATEGORIZADO;AREQUIPA;040000;1279;10861;18465;22.34;18.76;1.49;1.41;1.68;71863;48707;23156;107406;68470;38936;1367
20260512;2025;05;TT;TODAS CONSOLIDADAS;00;NO CATEGORIZADO;AYACUCHO;050000;628;5648;9050;13.48;11.88;1.28;1.28;1.36;25990;25702;288;33336;32944;392;667
20260512;2025;05;TT;TODAS CONSOLIDADAS;00;NO CATEGORIZADO;CAJAMARCA;060000;748;6321;10098;20.96;15.97;1.4;1.39;2.07;35610;35097;513;50004;48942;1062;1153
20260512;2025;05;TT;TODAS CONSOLIDADAS;00;NO CATEGORIZADO;CALLAO;070000;278;3779;7104;40.26;39.74;1;1;1.08;153787;152298;1489;154350;152748;1602;1052
20260512;2025;05;TT;TODAS CONSOLIDADAS;00;NO CATEGORIZADO;CUSCO;080000;2045;19652;34099;31.9;28.44;1.65;1.35;1.8;182012;59550;122462;300680;80550;220130;3777
20260512;2025;05;TT;TODAS CONSOLIDADAS;00;NO CATEGORIZADO;HUANCAVELICA;090000;242;2572;3956;17.31;14.02;1.14;1.14;1.47;15025;14991;34;17188;17138;50;288
20260512;2025;05;TT;TODAS CONSOLIDADAS;00;NO CATEGORIZADO;HUÁNUCO;100000;523;5338;7955;18.78;16.05;1.16;1.16;1.19;33988;33914;74;39579;39491;88;637
20260512;2025;05;TT;TODAS CONSOLIDADAS;00;NO CATEGORIZADO;ICA;110000;838;8327;13790;19.21;14.45;1.16;1.18;1.11;53153;36888;16265;61770;43646;18124;1088
20260512;2025;05;TT;TODAS CONSOLIDADAS;00;NO CATEGORIZADO;JUNÍN;120000;1548;15628;25593;24.8;18.44;1.17;1.17;2.11;124754;124366;388;146283;145463;820;2833
20260512;2025;05;TT;TODAS CONSOLIDADAS;00;NO CATEGORIZADO;LA LIBERTAD;130000;1023;7614;12753;12.76;11.82;1.35;1.22;2.41;34535;30610;3925;46719;37266;9453;719
20260512;2025;05;TT;TODAS CONSOLIDADAS;00;NO CATEGORIZADO;LAMBAYEQUE;140000;447;4601;6802;15.13;12.38;1.04;1.04;1.02;25074;24855;219;26108;25885;223;587
20260512;2025;05;TT;TODAS CONSOLIDADAS;00;NO CATEGORIZADO;LIMA;150000;7301;56427;97108;25.23;23.01;1.1;1.08;1.63;2674912;2573696;101216;2933192;2768389;164803;36505
20260512;2025;05;TT;TODAS CONSOLIDADAS;00;NO CATEGORIZADO;LORETO;160000;813;6876;10648;14.12;12.07;1.97;2.08;1.69;20182;14484;5698;39832;30194;9638;690
20260512;2025;05;TT;TODAS CONSOLIDADAS;00;NO CATEGORIZADO;MADRE DE DIOS;170000;346;4711;7772;25.1;21.19;1.25;1.17;1.75;40825;35104;5721;51050;41051;9999;642
20260512;2025;05;TT;TODAS CONSOLIDADAS;00;NO CATEGORIZADO;MOQUEGUA;180000;172;1772;2988;16.76;12.9;1.2;1.21;1.06;9926;9799;127;11947;11813;134;244
20260512;2025;05;TT;TODAS CONSOLIDADAS;00;NO CATEGORIZADO;PASCO;190000;407;4351;7142;14.09;11.05;1.18;1.18;1.17;20810;20732;78;24469;24378;91;767
20260512;2025;05;TT;TODAS CONSOLIDADAS;00;NO CATEGORIZADO;PIURA;200000;1164;10585;18875;16.11;13.35;1.39;1.36;2.01;56177;53414;2763;78109;72553;5556;1409
20260512;2025;05;TT;TODAS CONSOLIDADAS;00;NO CATEGORIZADO;PUNO;210000;861;7732;13056;26.4;21.42;1.76;1.78;1.3;49353;46535;2818;86693;83018;3675;1396
20260512;2025;05;TT;TODAS CONSOLIDADAS;00;NO CATEGORIZADO;SAN MARTÍN;220000;885;9741;15534;22.19;18.94;1.34;1.33;1.76;68057;66807;1250;91212;89015;2197;1328
20260512;2025;05;TT;TODAS CONSOLIDADAS;00;NO CATEGORIZADO;TACNA;230000;430;3965;7042;10.84;9.84;1.17;1.16;1.24;18290;14130;4160;21471;16323;5148;443
20260512;2025;05;TT;TODAS CONSOLIDADAS;00;NO CATEGORIZADO;TUMBES;240000;258;2493;4743;14.04;11.76;1.28;1.27;1.39;13558;12498;1060;17295;15826;1469;337
20260512;2025;05;TT;TODAS CONSOLIDADAS;00;NO CATEGORIZADO;UCAYALI;250000;559;5530;8578;35.88;25.58;3.31;3.35;1.91;20545;19962;583;68013;66899;1114;1017
20260512;2025;05;TT;TODAS CONSOLIDADAS;01;1 ESTRELLA;AMAZONAS;010000;20;277;408;32.51;24.33;1.45;1.45;1;2119;2118;1;3077;3076;1;41
20260512;2025;05;TT;TODAS CONSOLIDADAS;01;1 ESTRELLA;ÁNCASH;020000;51;946;1519;23.37;18.84;1.07;1.07;1;8316;8300;16;8873;8857;16;149
20260512;2025;05;TT;TODAS CONSOLIDADAS;01;1 ESTRELLA;APURÍMAC;030000;7;202;322;31.19;27.84;1.12;1.12;1;2491;2484;7;2779;2772;7;23
20260512;2025;05;TT;TODAS CONSOLIDADAS;01;1 ESTRELLA;AREQUIPA;040000;60;1061;1666;18.89;14.56;1.14;1.14;1.15;6580;6148;432;7518;7022;496;180
20260512;2025;05;TT;TODAS CONSOLIDADAS;01;1 ESTRELLA;AYACUCHO;050000;26;442;804;14.22;12.14;1.28;1.29;1.13;2355;2310;45;3026;2975;51;83
20260512;2025;05;TT;TODAS CONSOLIDADAS;01;1 ESTRELLA;CAJAMARCA;060000;31;604;1044;19.9;18.74;1.79;1.79;1.25;3387;3375;12;6064;6049;15;103
20260512;2025;05;TT;TODAS CONSOLIDADAS;01;1 ESTRELLA;CALLAO;070000;6;133;249;34.9;38.18;1;1;0;3025;3025;0;3025;3025;0;19
20260512;2025;05;TT;TODAS CONSOLIDADAS;01;1 ESTRELLA;CUSCO;080000;27;526;876;19.13;17.64;1.11;1.1;1.83;4308;4267;41;4789;4714;75;75
20260512;2025;05;TT;TODAS CONSOLIDADAS;01;1 ESTRELLA;HUANCAVELICA;090000;2;66;94;6.84;6.49;1;1;0;189;189;0;189;189;0;5
20260512;2025;05;TT;TODAS CONSOLIDADAS;01;1 ESTRELLA;HUÁNUCO;100000;37;679;1024;33.9;24.18;1.21;1.21;0;6366;6366;0;7703;7703;0;116
20260512;2025;05;TT;TODAS CONSOLIDADAS;01;1 ESTRELLA;ICA;110000;27;484;826;17.53;16.25;1.07;1.08;1.02;3879;3661;218;4160;3938;222;78
20260512;2025;05;TT;TODAS CONSOLIDADAS;01;1 ESTRELLA;JUNÍN;120000;17;391;769;21.42;13.51;1.3;1.3;1.2;2473;2468;5;3220;3214;6;52
20260512;2025;05;TT;TODAS CONSOLIDADAS;01;1 ESTRELLA;LA LIBERTAD;130000;28;467;834;25.06;19.99;1.47;1.47;1;3509;3508;1;5167;5166;1;77
20260512;2025;05;TT;TODAS CONSOLIDADAS;01;1 ESTRELLA;LAMBAYEQUE;140000;19;295;391;20.9;22.43;1.05;1.05;0;2598;2598;0;2719;2719;0;54
20260512;2025;05;TT;TODAS CONSOLIDADAS;01;1 ESTRELLA;LIMA;150000;92;2089;3705;31.06;26.2;1.24;1.23;1.53;30899;30225;674;38318;37290;1028;407
20260512;2025;05;TT;TODAS CONSOLIDADAS;01;1 ESTRELLA;LORETO;160000;5;90;140;13.76;13.04;1.56;1.55;1.75;362;330;32;566;510;56;22
20260512;2025;05;TT;TODAS CONSOLIDADAS;01;1 ESTRELLA;MADRE DE DIOS;170000;6;163;296;27.83;24.48;1.06;1.05;1.26;2121;2079;42;2246;2193;53;30
20260512;2025;05;TT;TODAS CONSOLIDADAS;01;1 ESTRELLA;MOQUEGUA;180000;21;334;586;19.04;14.25;1.41;1.42;1.35;1830;1787;43;2589;2531;58;62
20260512;2025;05;TT;TODAS CONSOLIDADAS;01;1 ESTRELLA;PASCO;190000;29;570;897;18.06;13.25;1.01;1.01;1;3646;3641;5;3684;3679;5;89
20260512;2025;05;TT;TODAS CONSOLIDADAS;01;1 ESTRELLA;PIURA;200000;5;96;168;21.94;14.46;2.16;2.16;0;348;348;0;753;753;0;12
20260512;2025;05;TT;TODAS CONSOLIDADAS;01;1 ESTRELLA;PUNO;210000;40;649;1130;22.41;17.25;1.22;1.22;1.08;4968;4741;227;6042;5796;246;99
20260512;2025;05;TT;TODAS CONSOLIDADAS;01;1 ESTRELLA;SAN MARTÍN;220000;7;150;223;35.98;34.37;1.37;1.37;1.92;1732;1719;13;2376;2351;25;27
20260512;2025;05;TT;TODAS CONSOLIDADAS;01;1 ESTRELLA;TACNA;230000;11;239;441;13.74;12.28;1.19;1.2;1.16;1414;968;446;1679;1161;518;34
20260512;2025;05;TT;TODAS CONSOLIDADAS;01;1 ESTRELLA;TUMBES;240000;2;47;100;0;0;0;0;0;0;0;0;0;0;0;0
20260512;2025;05;TT;TODAS CONSOLIDADAS;02;2 ESTRELLAS;AMAZONAS;010000;101;2032;3234;24.17;18.59;1.3;1.29;1.79;14308;14033;275;18640;18149;491;339
20260512;2025;05;TT;TODAS CONSOLIDADAS;02;2 ESTRELLAS;ÁNCASH;020000;196;3952;7041;27.23;23.58;1.24;1.24;1.43;41547;40981;566;51463;50656;807;650
20260512;2025;05;TT;TODAS CONSOLIDADAS;02;2 ESTRELLAS;APURÍMAC;030000;13;417;693;27.69;21.38;1.11;1.11;1.11;4120;4056;64;4592;4521;71;48
20260512;2025;05;TT;TODAS CONSOLIDADAS;02;2 ESTRELLAS;AREQUIPA;040000;174;3337;5939;29.49;24.28;1.4;1.38;1.51;31940;27983;3957;44706;38732;5974;574
20260512;2025;05;TT;TODAS CONSOLIDADAS;02;2 ESTRELLAS;AYACUCHO;050000;19;486;863;19.54;20.13;1.57;1.57;1.62;3427;3348;79;5386;5258;128;84
20260512;2025;05;TT;TODAS CONSOLIDADAS;02;2 ESTRELLAS;CAJAMARCA;060000;206;4334;6933;20.6;15.65;1.18;1.18;1.16;28564;28352;212;33630;33385;245;692
20260512;2025;05;TT;TODAS CONSOLIDADAS;02;2 ESTRELLAS;CALLAO;070000;7;287;520;29.16;25.2;1.05;1.03;1.29;3879;3601;278;4062;3704;358;43
20260512;2025;05;TT;TODAS CONSOLIDADAS;02;2 ESTRELLAS;CUSCO;080000;98;2047;3741;32.8;30.72;1.76;1.58;1.88;20293;8233;12060;35622;12989;22633;568
20260512;2025;05;TT;TODAS CONSOLIDADAS;02;2 ESTRELLAS;HUANCAVELICA;090000;3;87;159;9.97;7.71;1.09;1.09;0;348;348;0;380;380;0;8
20260512;2025;05;TT;TODAS CONSOLIDADAS;02;2 ESTRELLAS;HUÁNUCO;100000;88;2252;3617;31.41;23.54;1.25;1.25;1.32;21164;21095;69;26391;26300;91;388
20260512;2025;05;TT;TODAS CONSOLIDADAS;02;2 ESTRELLAS;ICA;110000;136;2775;4700;20.6;15.69;1.07;1.07;1.17;21362;20616;746;22859;21985;874;425
20260512;2025;05;TT;TODAS CONSOLIDADAS;02;2 ESTRELLAS;JUNÍN;120000;54;1244;2277;25.12;20.57;1.28;1.27;1.35;11384;11216;168;14522;14296;226;212
20260512;2025;05;TT;TODAS CONSOLIDADAS;02;2 ESTRELLAS;LA LIBERTAD;130000;140;2480;4451;21.25;17.08;1.25;1.19;2.11;18889;17652;1237;23572;20967;2605;451
20260512;2025;05;TT;TODAS CONSOLIDADAS;02;2 ESTRELLAS;LAMBAYEQUE;140000;222;4439;6774;20.87;18.07;1.18;1.15;2.46;32294;31730;564;37948;36558;1390;728
20260512;2025;05;TT;TODAS CONSOLIDADAS;02;2 ESTRELLAS;LIMA;150000;246;8644;16081;31.97;26.53;1.37;1.34;1.91;136646;127869;8777;187885;171145;16739;1976
20260512;2025;05;TT;TODAS CONSOLIDADAS;02;2 ESTRELLAS;LORETO;160000;23;465;760;15.38;12.76;1.77;1.76;1.87;1702;1572;130;3006;2763;243;96
20260512;2025;05;TT;TODAS CONSOLIDADAS;02;2 ESTRELLAS;MADRE DE DIOS;170000;16;460;748;43.53;35.6;1.35;1.34;1.45;6103;5607;496;8254;7536;718;78
20260512;2025;05;TT;TODAS CONSOLIDADAS;02;2 ESTRELLAS;MOQUEGUA;180000;91;1674;2759;22.53;16.95;1.75;1.7;2.66;8274;7843;431;14499;13353;1146;312
20260512;2025;05;TT;TODAS CONSOLIDADAS;02;2 ESTRELLAS;PASCO;190000;23;489;943;20.92;16.81;1.43;1.43;1.93;3440;3425;15;4915;4886;29;83
20260512;2025;05;TT;TODAS CONSOLIDADAS;02;2 ESTRELLAS;PIURA;200000;40;894;1485;20.01;14.11;1.65;1.65;1.86;3932;3807;125;6495;6263;232;158
20260512;2025;05;TT;TODAS CONSOLIDADAS;02;2 ESTRELLAS;PUNO;210000;90;1651;2984;22.05;16.04;1.2;1.17;1.36;12368;10596;1772;14835;12426;2409;275
20260512;2025;05;TT;TODAS CONSOLIDADAS;02;2 ESTRELLAS;SAN MARTÍN;220000;51;1145;2010;33.39;28.46;1.74;1.72;2.31;10216;9918;298;17736;17048;688;295
20260512;2025;05;TT;TODAS CONSOLIDADAS;02;2 ESTRELLAS;TACNA;230000;62;1443;2777;30.03;21.49;1.61;1.54;1.68;11479;5779;5700;18498;8927;9571;270
20260512;2025;05;TT;TODAS CONSOLIDADAS;02;2 ESTRELLAS;TUMBES;240000;11;237;437;22.46;13.23;1.23;1.23;1.28;1454;1411;43;1792;1737;55;61
20260512;2025;05;TT;TODAS CONSOLIDADAS;02;2 ESTRELLAS;UCAYALI;250000;3;101;187;13;8.28;1.53;1.44;2.31;314;282;32;480;406;74;21
20260512;2025;05;TT;TODAS CONSOLIDADAS;03;3 ESTRELLAS;AMAZONAS;010000;28;599;1032;25.09;19.19;1.38;1.31;2.05;4443;4022;421;6139;5277;862;142
20260512;2025;05;TT;TODAS CONSOLIDADAS;03;3 ESTRELLAS;ÁNCASH;020000;66;1811;3268;26.9;20.53;1.64;1.55;2.3;12645;11063;1582;20794;17156;3638;437
20260512;2025;05;TT;TODAS CONSOLIDADAS;03;3 ESTRELLAS;APURÍMAC;030000;9;282;478;54.5;41.81;1.73;1.79;1.42;3576;3064;512;6195;5470;725;72
20260512;2025;05;TT;TODAS CONSOLIDADAS;03;3 ESTRELLAS;AREQUIPA;040000;125;3013;5623;36.95;30.13;1.78;1.95;1.64;29502;13433;16069;52528;26226;26302;864
20260512;2025;05;TT;TODAS CONSOLIDADAS;03;3 ESTRELLAS;AYACUCHO;050000;11;296;519;17.95;18.27;1.69;1.7;1.62;1742;1511;231;2939;2565;374;87
20260512;2025;05;TT;TODAS CONSOLIDADAS;03;3 ESTRELLAS;CAJAMARCA;060000;128;3168;5378;17.73;12.33;1.38;1.38;1.38;14932;14108;824;20562;19423;1139;603
20260512;2025;05;TT;TODAS CONSOLIDADAS;03;3 ESTRELLAS;CALLAO;070000;4;233;391;35.03;34.59;1.36;1.27;1.53;3079;1968;1111;4193;2497;1696;54
20260512;2025;05;TT;TODAS CONSOLIDADAS;03;3 ESTRELLAS;CUSCO;080000;120;4295;8339;49.65;44.66;1.7;1.6;1.72;67964;10595;57369;115463;16978;98485;1373
20260512;2025;05;TT;TODAS CONSOLIDADAS;03;3 ESTRELLAS;HUANCAVELICA;090000;2;65;108;10.12;6.66;1.31;1.31;1.5;170;168;2;223;220;3;10
20260512;2025;05;TT;TODAS CONSOLIDADAS;03;3 ESTRELLAS;HUÁNUCO;100000;19;836;1316;21.73;18.85;1.48;1.47;1.67;5202;4999;203;7690;7352;338;161
20260512;2025;05;TT;TODAS CONSOLIDADAS;03;3 ESTRELLAS;ICA;110000;117;3297;6252;31.94;26.16;1.4;1.4;1.4;36157;22317;13840;50709;31270;19439;785
20260512;2025;05;TT;TODAS CONSOLIDADAS;03;3 ESTRELLAS;JUNÍN;120000;23;853;1628;20.54;15.94;1.64;1.64;1.55;4903;4781;122;8046;7857;189;259
20260512;2025;05;TT;TODAS CONSOLIDADAS;03;3 ESTRELLAS;LA LIBERTAD;130000;120;3069;5800;31.51;24.38;1.62;1.59;2.2;26986;25432;1554;43832;40420;3412;702
20260512;2025;05;TT;TODAS CONSOLIDADAS;03;3 ESTRELLAS;LAMBAYEQUE;140000;61;1496;2499;29.47;23.15;1.38;1.37;1.69;13003;12467;536;17936;17029;907;320
20260512;2025;05;TT;TODAS CONSOLIDADAS;03;3 ESTRELLAS;LIMA;150000;199;9025;17222;47.24;40.03;1.7;1.44;2.06;125704;73076;52628;213693;105096;108597;2101
20260512;2025;05;TT;TODAS CONSOLIDADAS;03;3 ESTRELLAS;LORETO;160000;39;998;1694;28.29;23.77;2.07;2.1;1.98;6036;4504;1532;12484;9457;3027;277
20260512;2025;05;TT;TODAS CONSOLIDADAS;03;3 ESTRELLAS;MADRE DE DIOS;170000;7;242;455;41.67;42.95;1.75;1.74;1.78;3457;2365;1092;6058;4117;1941;65
20260512;2025;05;TT;TODAS CONSOLIDADAS;03;3 ESTRELLAS;MOQUEGUA;180000;20;574;990;36.23;27.06;2.27;2.27;2.17;3665;3457;208;8305;7854;451;104
20260512;2025;05;TT;TODAS CONSOLIDADAS;03;3 ESTRELLAS;PASCO;190000;7;139;235;29.87;23.46;1.19;1.18;2.3;1433;1423;10;1709;1686;23;28
20260512;2025;05;TT;TODAS CONSOLIDADAS;03;3 ESTRELLAS;PIURA;200000;21;701;1244;38.11;29.96;1.84;1.79;2.25;6268;5562;706;11552;9960;1592;264
20260512;2025;05;TT;TODAS CONSOLIDADAS;03;3 ESTRELLAS;PUNO;210000;37;1090;2076;42.67;35.51;1.51;1.56;1.49;15120;4672;10448;22850;7287;15563;261
20260512;2025;05;TT;TODAS CONSOLIDADAS;03;3 ESTRELLAS;SAN MARTÍN;220000;34;1122;2067;29.11;24.38;1.8;1.77;2.41;8660;8250;410;15621;14631;990;302
20260512;2025;05;TT;TODAS CONSOLIDADAS;03;3 ESTRELLAS;TACNA;230000;16;563;1827;29.71;11.96;1.81;1.87;1.76;3739;1746;1993;6772;3268;3504;127
20260512;2025;05;TT;TODAS CONSOLIDADAS;03;3 ESTRELLAS;TUMBES;240000;14;360;742;32.22;33.65;2.93;2.93;2.86;2646;2311;335;7740;6782;958;131
20260512;2025;05;TT;TODAS CONSOLIDADAS;03;3 ESTRELLAS;UCAYALI;250000;17;606;1008;30.19;23.4;2.1;2.11;2;3485;3235;250;7311;6812;499;140
20260512;2025;05;TT;TODAS CONSOLIDADAS;04;4 ESTRELLAS;APURÍMAC;030000;1;32;56;20.67;11.81;1.64;1.61;2;125;115;10;205;185;20;13
20260512;2025;05;TT;TODAS CONSOLIDADAS;04;4 ESTRELLAS;AREQUIPA;040000;11;604;1131;47.96;42.43;1.83;2.02;1.73;8121;2853;5268;14877;5767;9110;262
20260512;2025;05;TT;TODAS CONSOLIDADAS;04;4 ESTRELLAS;CAJAMARCA;060000;4;217;382;47.57;44.98;1.92;1.92;1.89;2777;2528;249;5326;4855;471;155
20260512;2025;05;TT;TODAS CONSOLIDADAS;04;4 ESTRELLAS;CALLAO;070000;2;371;614;101.89;91.09;1.3;1.36;1.29;13376;1404;11972;17338;1904;15434;130
20260512;2025;05;TT;TODAS CONSOLIDADAS;04;4 ESTRELLAS;CUSCO;080000;22;1685;3291;80.66;72.65;1.67;1.58;1.68;44427;3584;40843;74123;5668;68455;1021
20260512;2025;05;TT;TODAS CONSOLIDADAS;04;4 ESTRELLAS;HUÁNUCO;100000;1;60;101;52.1;41.65;1.68;1.71;1.19;775;728;47;1304;1248;56;27
20260512;2025;05;TT;TODAS CONSOLIDADAS;04;4 ESTRELLAS;ICA;110000;8;739;1562;39.02;38.05;1.65;1.84;1.31;11165;7146;4019;18426;13154;5272;351
20260512;2025;05;TT;TODAS CONSOLIDADAS;04;4 ESTRELLAS;JUNÍN;120000;1;40;66;20.65;19.4;1.49;1.34;2.67;266;236;30;397;317;80;22
20260512;2025;05;TT;TODAS CONSOLIDADAS;04;4 ESTRELLAS;LA LIBERTAD;130000;4;318;600;66.26;47.83;2.3;2.24;2.57;3864;3135;729;8896;7023;1873;126
20260512;2025;05;TT;TODAS CONSOLIDADAS;04;4 ESTRELLAS;LAMBAYEQUE;140000;4;329;597;73.27;58.83;1.49;1.44;1.77;7293;6177;1116;10888;8914;1974;285
20260512;2025;05;TT;TODAS CONSOLIDADAS;04;4 ESTRELLAS;LIMA;150000;54;4987;9164;56.5;53.21;1.98;1.57;2.31;76400;33755;42645;151153;52837;98316;2228
20260512;2025;05;TT;TODAS CONSOLIDADAS;04;4 ESTRELLAS;LORETO;160000;5;172;258;33.16;31.85;1.66;2.06;1.31;1538;705;833;2547;1455;1092;105
20260512;2025;05;TT;TODAS CONSOLIDADAS;04;4 ESTRELLAS;MOQUEGUA;180000;2;123;234;43.72;27.76;2.12;2.13;2.08;949;802;147;2014;1708;306;62
20260512;2025;05;TT;TODAS CONSOLIDADAS;04;4 ESTRELLAS;PIURA;200000;5;471;843;28.16;23.1;1.75;1.71;1.92;3449;2771;678;6036;4736;1300;164
20260512;2025;05;TT;TODAS CONSOLIDADAS;04;4 ESTRELLAS;PUNO;210000;8;508;961;58.05;53.12;1.69;1.71;1.69;9362;831;8531;15824;1418;14406;201
20260512;2025;05;TT;TODAS CONSOLIDADAS;04;4 ESTRELLAS;SAN MARTÍN;220000;2;82;141;44.53;46.95;1.85;1.88;1.51;1110;1026;84;2052;1925;127;39
20260512;2025;05;TT;TODAS CONSOLIDADAS;04;4 ESTRELLAS;TACNA;230000;2;200;391;44.05;36.84;1.81;1.83;1.8;2463;1028;1435;4465;1878;2587;66
20260512;2025;05;TT;TODAS CONSOLIDADAS;04;4 ESTRELLAS;TUMBES;240000;6;667;1621;46.18;44.82;2.36;2.42;2.06;9551;7907;1644;22523;19138;3385;559
20260512;2025;05;TT;TODAS CONSOLIDADAS;04;4 ESTRELLAS;UCAYALI;250000;5;295;527;46.47;36.82;2.23;2.25;2.15;2701;2078;623;6015;4677;1338;117
20260512;2025;05;TT;TODAS CONSOLIDADAS;05;5 ESTRELLAS;AREQUIPA;040000;3;241;352;64.19;68.08;2.06;2.12;2;3612;1681;1931;7429;3562;3867;180
20260512;2025;05;TT;TODAS CONSOLIDADAS;05;5 ESTRELLAS;CUSCO;080000;15;1281;2481;78.68;74.48;1.68;1.78;1.67;34197;2499;31698;57282;4446;52836;1402
20260512;2025;05;TT;TODAS CONSOLIDADAS;05;5 ESTRELLAS;ICA;110000;6;661;1576;40.99;38.06;1.74;1.78;1.63;10712;7301;3411;18596;13026;5570;703
20260512;2025;05;TT;TODAS CONSOLIDADAS;05;5 ESTRELLAS;LA LIBERTAD;130000;2;267;470;41.6;35.17;1.78;1.68;2.16;2884;2309;575;5124;3884;1240;192
20260512;2025;05;TT;TODAS CONSOLIDADAS;05;5 ESTRELLAS;LIMA;150000;32;5378;9640;56.77;45.4;2.37;1.71;2.57;57290;13500;43790;135665;23125;112540;4054
20260512;2025;05;TT;TODAS CONSOLIDADAS;05;5 ESTRELLAS;LORETO;160000;1;60;91;64.68;69.8;1.68;1.71;1.66;1171;539;632;1969;923;1046;54
20260512;2025;05;TT;TODAS CONSOLIDADAS;05;5 ESTRELLAS;PIURA;200000;1;83;166;56.16;43.35;1.66;1.59;1.96;1340;1061;279;2231;1683;548;82
20260512;2025;05;TT;TODAS CONSOLIDADAS;05;5 ESTRELLAS;PUNO;210000;1;123;231;71.7;95.36;1.42;1.59;1.41;4817;331;4486;6829;525;6304;38
20260512;2025;05;TT;TODAS CONSOLIDADAS;05;5 ESTRELLAS;SAN MARTÍN;220000;1;50;108;43.42;62.04;2.31;2.31;2.34;898;857;41;2077;1981;96;61
20260512;2025;05;TT;TODAS CONSOLIDADAS;05;5 ESTRELLAS;UCAYALI;250000;2;162;298;47.09;36.6;2.21;2.23;2.13;1529;1237;292;3381;2758;623;72
20260512;2025;05;TT;TODAS CONSOLIDADAS;12;ALBERGUE;AMAZONAS;010000;1;6;11;0;0;0;0;0;0;0;0;0;0;0;0
20260512;2025;05;TT;TODAS CONSOLIDADAS;12;ALBERGUE;ÁNCASH;020000;6;47;112;3.23;2.28;1.93;1.93;0;41;41;0;79;79;0;11
20260512;2025;05;TT;TODAS CONSOLIDADAS;12;ALBERGUE;AREQUIPA;040000;10;153;386;46.72;42.59;1.45;1.23;1.5;3509;678;2831;5096;836;4260;129
20260512;2025;05;TT;TODAS CONSOLIDADAS;12;ALBERGUE;AYACUCHO;050000;3;25;50;3.23;2.9;1;1;0;45;45;0;45;45;0;5
20260512;2025;05;TT;TODAS CONSOLIDADAS;12;ALBERGUE;CUSCO;080000;16;371;649;44.08;42.51;1.45;1.4;1.45;5892;122;5770;8553;171;8382;177
20260512;2025;05;TT;TODAS CONSOLIDADAS;12;ALBERGUE;HUANCAVELICA;090000;1;15;42;0;0;0;0;0;0;0;0;0;0;0;0
20260512;2025;05;TT;TODAS CONSOLIDADAS;12;ALBERGUE;HUÁNUCO;100000;7;92;128;0;0;0;0;0;0;0;0;0;0;0;0
20260512;2025;05;TT;TODAS CONSOLIDADAS;12;ALBERGUE;ICA;110000;6;64;263;27.97;9.3;1.62;1.52;1.68;469;186;283;758;282;476;34
20260512;2025;05;TT;TODAS CONSOLIDADAS;12;ALBERGUE;JUNÍN;120000;1;32;104;40.83;35.55;1.83;1.82;2.33;626;614;12;1146;1118;28;20
20260512;2025;05;TT;TODAS CONSOLIDADAS;12;ALBERGUE;LA LIBERTAD;130000;1;15;27;49.46;36.44;1.92;1.97;1.33;159;147;12;305;289;16;4
20260512;2025;05;TT;TODAS CONSOLIDADAS;12;ALBERGUE;LIMA;150000;8;143;486;21.5;19.49;2.04;1.88;2.14;1440;537;903;2937;1007;1930;44
20260512;2025;05;TT;TODAS CONSOLIDADAS;12;ALBERGUE;LORETO;160000;70;1034;2216;20.08;17.98;1.98;1.78;2.09;6226;2069;4157;12351;3682;8669;398
20260512;2025;05;TT;TODAS CONSOLIDADAS;12;ALBERGUE;MADRE DE DIOS;170000;19;397;844;45.75;46.37;2.42;2.24;2.44;5005;476;4529;12133;1067;11066;189
20260512;2025;05;TT;TODAS CONSOLIDADAS;12;ALBERGUE;PASCO;190000;24;281;750;7.27;13.38;1.44;1.42;1.96;2163;2078;85;3110;2943;167;77
20260512;2025;05;TT;TODAS CONSOLIDADAS;12;ALBERGUE;PUNO;210000;1;13;35;0;0;0;0;0;0;0;0;0;0;0;0
20260512;2025;05;TT;TODAS CONSOLIDADAS;12;ALBERGUE;SAN MARTÍN;220000;8;126;281;25.09;23.66;2.28;2.25;2.4;905;734;171;2061;1650;411;49
20260512;2025;05;TT;TODAS CONSOLIDADAS;12;ALBERGUE;UCAYALI;250000;6;61;164;23.96;15.54;2.56;2.05;3.6;308;206;102;790;423;367;32
20260512;2025;05;TT;TODAS CONSOLIDADAS;13;ECOLODGE;AREQUIPA;040000;1;23;51;32.4;28.4;1.31;1.48;1.29;344;23;321;449;34;415;7
20260512;2025;05;TT;TODAS CONSOLIDADAS;TT;TODAS CONSOLIDADAS;AMAZONAS;010000;460;5848;9309;18.16;15.03;1.37;1.35;1.69;34250;32675;1575;46414;43585;2829;1068
20260512;2025;05;TT;TODAS CONSOLIDADAS;TT;TODAS CONSOLIDADAS;APURÍMAC;030000;562;5537;8753;18.19;13;1.11;1.11;1.1;34857;34103;754;40833;39834;999;596
20260512;2025;05;TT;TODAS CONSOLIDADAS;TT;TODAS CONSOLIDADAS;AREQUIPA;040000;1663;19293;33613;24.46;20.44;1.5;1.44;1.64;155471;101506;53965;240009;150649;89360;3563
20260512;2025;05;TT;TODAS CONSOLIDADAS;TT;TODAS CONSOLIDADAS;AYACUCHO;050000;687;6897;11286;13.7;12.18;1.3;1.3;1.36;33559;32916;643;44732;43787;945;926
20260512;2025;05;TT;TODAS CONSOLIDADAS;TT;TODAS CONSOLIDADAS;CAJAMARCA;060000;1117;14644;23835;20.59;15.68;1.37;1.37;1.8;85270;83460;1810;115586;112654;2932;2706
20260512;2025;05;TT;TODAS CONSOLIDADAS;TT;TODAS CONSOLIDADAS;CALLAO;070000;297;4803;8878;40.23;39.64;1.01;1.01;1.07;177146;162296;14850;182968;163878;19090;1299
20260512;2025;05;TT;TODAS CONSOLIDADAS;TT;TODAS CONSOLIDADAS;CUSCO;080000;2343;29857;53476;33.54;30.05;1.65;1.38;1.79;359093;88850;270243;596512;125516;470996;8393
20260512;2025;05;TT;TODAS CONSOLIDADAS;TT;TODAS CONSOLIDADAS;HUANCAVELICA;090000;250;2805;4359;17.01;13.76;1.14;1.14;1.44;15732;15696;36;17980;17927;53;311
20260512;2025;05;TT;TODAS CONSOLIDADAS;TT;TODAS CONSOLIDADAS;HUÁNUCO;100000;675;9257;14141;21.19;17.42;1.18;1.18;1.14;67495;67102;393;82667;82094;573;1329
20260512;2025;05;TT;TODAS CONSOLIDADAS;TT;TODAS CONSOLIDADAS;ICA;110000;1138;16347;28969;20.95;16.11;1.18;1.2;1.16;136897;98115;38782;177278;127301;49977;3464
20260512;2025;05;TT;TODAS CONSOLIDADAS;TT;TODAS CONSOLIDADAS;JUNÍN;120000;1644;18188;30437;24.72;18.43;1.18;1.18;2.07;144406;143681;725;173614;172265;1349;3398
20260512;2025;05;TT;TODAS CONSOLIDADAS;TT;TODAS CONSOLIDADAS;LA LIBERTAD;130000;1318;14230;24935;15.86;13.86;1.37;1.26;2.33;90826;82793;8033;133615;115015;18600;2271
20260512;2025;05;TT;TODAS CONSOLIDADAS;TT;TODAS CONSOLIDADAS;LAMBAYEQUE;140000;753;11160;17063;18.44;15.43;1.11;1.1;1.48;80262;77827;2435;95599;91105;4494;1974
20260512;2025;05;TT;TODAS CONSOLIDADAS;TT;TODAS CONSOLIDADAS;LIMA;150000;7932;86693;153406;26.4;23.87;1.13;1.1;1.66;3103290;2852658;250632;3662843;3158889;503954;47316
20260512;2025;05;TT;TODAS CONSOLIDADAS;TT;TODAS CONSOLIDADAS;LORETO;160000;956;9695;15807;15.31;13.16;1.97;2.05;1.73;37217;24203;13014;72755;48984;23771;1642
20260512;2025;05;TT;TODAS CONSOLIDADAS;TT;TODAS CONSOLIDADAS;MADRE DE DIOS;170000;394;5973;10115;27.18;23.42;1.32;1.24;1.76;57511;45631;11880;79741;55964;23777;1004
20260512;2025;05;TT;TODAS CONSOLIDADAS;TT;TODAS CONSOLIDADAS;MOQUEGUA;180000;306;4477;7557;20.08;15.22;1.46;1.44;1.63;24644;23688;956;39354;37259;2095;784
20260512;2025;05;TT;TODAS CONSOLIDADAS;TT;TODAS CONSOLIDADAS;PASCO;190000;490;5830;9967;14.54;11.74;1.19;1.19;1.25;31492;31299;193;37887;37572;315;1044
20260512;2025;05;TT;TODAS CONSOLIDADAS;TT;TODAS CONSOLIDADAS;PIURA;200000;1236;12830;22781;16.72;13.72;1.41;1.38;2;71514;66963;4551;105176;95948;9228;2089
20260512;2025;05;TT;TODAS CONSOLIDADAS;TT;TODAS CONSOLIDADAS;PUNO;210000;1038;11766;20473;26.71;21.59;1.68;1.7;1.31;95988;67706;28282;153073;110470;42603;2270
20260512;2025;05;TT;TODAS CONSOLIDADAS;TT;TODAS CONSOLIDADAS;SAN MARTÍN;220000;988;12416;20364;23.19;19.87;1.39;1.38;1.82;91578;89311;2267;133135;128601;4534;2101
20260512;2025;05;TT;TODAS CONSOLIDADAS;TT;TODAS CONSOLIDADAS;TACNA;230000;521;6410;12478;13.89;11.44;1.25;1.23;1.31;37385;23651;13734;52885;31557;21328;940
20260512;2025;05;TT;TODAS CONSOLIDADAS;TT;TODAS CONSOLIDADAS;TUMBES;240000;291;3804;7643;15.8;13.47;1.37;1.36;1.46;27209;24127;3082;49350;43483;5867;1088
20260512;2025;05;TT;TODAS CONSOLIDADAS;TT;TODAS CONSOLIDADAS;UCAYALI;250000;592;6755;10762;35.61;25.46;3.25;3.28;1.94;28882;27000;1882;85990;81975;4015;1399
20260512;2025;06;TT;TODAS CONSOLIDADAS;00;NO CATEGORIZADO;AMAZONAS;010000;312;2959;4661;14.01;11.19;1.31;1.29;1.53;11942;11170;772;15641;14462;1179;554
20260512;2025;06;TT;TODAS CONSOLIDADAS;00;NO CATEGORIZADO;ÁNCASH;020000;743;6761;11368;19.88;16.95;1.39;1.37;1.55;41598;36506;5092;57812;49933;7879;829
20260512;2025;06;TT;TODAS CONSOLIDADAS;00;NO CATEGORIZADO;APURÍMAC;030000;532;4604;7210;17.82;12.49;1.12;1.12;1.1;24128;24023;105;27013;26898;115;442
20260512;2025;06;TT;TODAS CONSOLIDADAS;00;NO CATEGORIZADO;AREQUIPA;040000;1279;10877;18484;19.03;15.77;1.34;1.27;1.53;65405;49375;16030;87457;62920;24537;1367
20260512;2025;06;TT;TODAS CONSOLIDADAS;00;NO CATEGORIZADO;AYACUCHO;050000;628;5648;9040;14.05;11.08;1.23;1.22;1.53;24518;24152;366;30048;29488;560;668
20260512;2025;06;TT;TODAS CONSOLIDADAS;00;NO CATEGORIZADO;CAJAMARCA;060000;747;6333;10140;17.23;11.19;1.34;1.34;1.03;25442;24944;498;34036;33523;513;1147
20260512;2025;06;TT;TODAS CONSOLIDADAS;00;NO CATEGORIZADO;CALLAO;070000;278;3779;7104;40.27;39.37;1;1;1.05;147525;146645;880;148002;147082;920;1046
20260512;2025;06;TT;TODAS CONSOLIDADAS;00;NO CATEGORIZADO;CUSCO;080000;2044;19654;34172;31.44;28.69;1.64;1.41;1.73;179833;54697;125136;294156;77257;216899;3813
20260512;2025;06;TT;TODAS CONSOLIDADAS;00;NO CATEGORIZADO;HUANCAVELICA;090000;242;2582;3986;16.53;13.8;1.17;1.17;1.36;14095;14003;92;16502;16377;125;292
20260512;2025;06;TT;TODAS CONSOLIDADAS;00;NO CATEGORIZADO;HUÁNUCO;100000;522;5316;7919;19.56;16.57;1.15;1.15;1.41;34236;34098;138;39373;39179;194;648
20260512;2025;06;TT;TODAS CONSOLIDADAS;00;NO CATEGORIZADO;ICA;110000;838;8408;13888;18.75;13.32;1.09;1.07;1.14;50924;36246;14678;55485;38764;16721;1108
20260512;2025;06;TT;TODAS CONSOLIDADAS;00;NO CATEGORIZADO;JUNÍN;120000;1551;15724;25819;25.13;17.69;1.16;1.16;1.71;118210;117858;352;137048;136447;601;2839
20260512;2025;06;TT;TODAS CONSOLIDADAS;00;NO CATEGORIZADO;LA LIBERTAD;130000;1023;7610;12743;16.14;14.48;1.47;1.42;2.16;37613;34991;2622;55343;49681;5662;715
20260512;2025;06;TT;TODAS CONSOLIDADAS;00;NO CATEGORIZADO;LAMBAYEQUE;140000;442;4551;6714;15.94;13.08;1.05;1.05;1.02;25203;25001;202;26355;26149;206;581
20260512;2025;06;TT;TODAS CONSOLIDADAS;00;NO CATEGORIZADO;LIMA;150000;7299;56374;96987;23.18;21.69;1.1;1.08;1.48;2412634;2314538;98096;2654508;2509094;145414;36495
20260512;2025;06;TT;TODAS CONSOLIDADAS;00;NO CATEGORIZADO;LORETO;160000;814;6884;10666;14.55;12.43;1.91;1.95;1.81;20787;15316;5471;39767;29848;9919;690
20260512;2025;06;TT;TODAS CONSOLIDADAS;00;NO CATEGORIZADO;MADRE DE DIOS;170000;346;4679;7727;21.75;18.34;1.22;1.15;1.68;34983;30456;4527;42525;34937;7588;644
20260512;2025;06;TT;TODAS CONSOLIDADAS;00;NO CATEGORIZADO;MOQUEGUA;180000;173;1786;3025;16.91;12.07;1.14;1.14;1.19;9638;9607;31;10950;10913;37;251
20260512;2025;06;TT;TODAS CONSOLIDADAS;00;NO CATEGORIZADO;PASCO;190000;408;4350;7130;16.49;12.42;1.18;1.18;1.26;22526;22400;126;26571;26412;159;763
20260512;2025;06;TT;TODAS CONSOLIDADAS;00;NO CATEGORIZADO;PIURA;200000;1164;10590;18880;16.63;13.46;1.39;1.35;2.08;54991;52067;2924;76217;70122;6095;1396
20260512;2025;06;TT;TODAS CONSOLIDADAS;00;NO CATEGORIZADO;PUNO;210000;863;7718;13012;25.67;20.41;1.69;1.7;1.39;47229;45047;2182;79689;76646;3043;1398
20260512;2025;06;TT;TODAS CONSOLIDADAS;00;NO CATEGORIZADO;SAN MARTÍN;220000;884;9728;15502;23.9;20.5;1.33;1.32;2.03;71568;69936;1632;95354;92045;3309;1327
20260512;2025;06;TT;TODAS CONSOLIDADAS;00;NO CATEGORIZADO;TACNA;230000;432;3912;6950;12.22;10.39;1.28;1.23;1.42;16966;12645;4321;21657;15533;6124;444
20260512;2025;06;TT;TODAS CONSOLIDADAS;00;NO CATEGORIZADO;TUMBES;240000;258;2485;4728;12.56;10.79;1.31;1.26;1.73;11669;10489;1180;15301;13262;2039;337
20260512;2025;06;TT;TODAS CONSOLIDADAS;00;NO CATEGORIZADO;UCAYALI;250000;559;5536;8590;26.19;26.69;3.37;3.4;1.69;20394;20059;335;68782;68215;567;1017
20260512;2025;06;TT;TODAS CONSOLIDADAS;01;1 ESTRELLA;AMAZONAS;010000;19;269;400;33.2;25.45;1.43;1.43;1;2137;2136;1;3054;3053;1;38
20260512;2025;06;TT;TODAS CONSOLIDADAS;01;1 ESTRELLA;ÁNCASH;020000;52;964;1557;25.8;21.23;1.23;1.22;1.84;8092;7968;124;9918;9690;228;153
20260512;2025;06;TT;TODAS CONSOLIDADAS;01;1 ESTRELLA;APURÍMAC;030000;7;202;322;35.26;29.07;1.16;1.16;0;2425;2425;0;2808;2808;0;23
20260512;2025;06;TT;TODAS CONSOLIDADAS;01;1 ESTRELLA;AREQUIPA;040000;60;1061;1666;16.65;13.04;1.2;1.2;1.21;5409;5006;403;6517;6030;487;180
20260512;2025;06;TT;TODAS CONSOLIDADAS;01;1 ESTRELLA;AYACUCHO;050000;26;442;804;12.05;10.32;1.35;1.35;1.21;1849;1807;42;2488;2437;51;81
20260512;2025;06;TT;TODAS CONSOLIDADAS;01;1 ESTRELLA;CAJAMARCA;060000;32;610;1043;17.07;16.09;1.62;1.62;0;3198;3198;0;5166;5166;0;105
20260512;2025;06;TT;TODAS CONSOLIDADAS;01;1 ESTRELLA;CALLAO;070000;6;133;249;31.9;35.87;1.04;1.04;0;2653;2653;0;2750;2750;0;19
20260512;2025;06;TT;TODAS CONSOLIDADAS;01;1 ESTRELLA;CUSCO;080000;28;535;894;19.12;17.08;1.13;1.15;1.02;4051;3558;493;4582;4078;504;79
20260512;2025;06;TT;TODAS CONSOLIDADAS;01;1 ESTRELLA;HUANCAVELICA;090000;2;66;94;9.6;8.33;1;1;0;235;235;0;235;235;0;5
20260512;2025;06;TT;TODAS CONSOLIDADAS;01;1 ESTRELLA;HUÁNUCO;100000;37;679;1024;39.75;29.57;1.15;1.15;0;7943;7943;0;9118;9118;0;118
20260512;2025;06;TT;TODAS CONSOLIDADAS;01;1 ESTRELLA;ICA;110000;27;485;831;21.95;17.08;1.06;1.06;1.04;4032;3769;263;4259;3986;273;82
20260512;2025;06;TT;TODAS CONSOLIDADAS;01;1 ESTRELLA;JUNÍN;120000;17;391;769;19.68;14.25;1.42;1.42;1.2;2309;2304;5;3288;3282;6;52
20260512;2025;06;TT;TODAS CONSOLIDADAS;01;1 ESTRELLA;LA LIBERTAD;130000;28;467;834;25.88;20.2;1.58;1.59;1;3189;3186;3;5054;5051;3;77
20260512;2025;06;TT;TODAS CONSOLIDADAS;01;1 ESTRELLA;LAMBAYEQUE;140000;19;295;391;19.71;20.32;1.07;1.07;0;2223;2223;0;2383;2383;0;54
20260512;2025;06;TT;TODAS CONSOLIDADAS;01;1 ESTRELLA;LIMA;150000;92;2092;3709;35.97;28.6;1.2;1.2;1.34;33731;32995;736;40595;39609;986;434
20260512;2025;06;TT;TODAS CONSOLIDADAS;01;1 ESTRELLA;LORETO;160000;6;106;172;15.85;13.33;1.74;1.75;1.61;395;377;18;688;659;29;26
20260512;2025;06;TT;TODAS CONSOLIDADAS;01;1 ESTRELLA;MADRE DE DIOS;170000;6;157;283;25.61;23.8;1.1;1.1;1;1841;1813;28;2021;1993;28;29
20260512;2025;06;TT;TODAS CONSOLIDADAS;01;1 ESTRELLA;MOQUEGUA;180000;22;340;598;18.15;12.62;1.36;1.36;1.25;1670;1646;24;2264;2234;30;62
20260512;2025;06;TT;TODAS CONSOLIDADAS;01;1 ESTRELLA;PASCO;190000;30;590;935;20.68;14.16;1.05;1.05;1.05;3780;3743;37;3973;3934;39;92
20260512;2025;06;TT;TODAS CONSOLIDADAS;01;1 ESTRELLA;PIURA;200000;5;96;168;15.94;10.38;2.72;2.72;0;192;192;0;523;523;0;12
20260512;2025;06;TT;TODAS CONSOLIDADAS;01;1 ESTRELLA;PUNO;210000;42;667;1171;22.52;17.14;1.25;1.26;1.14;4810;4656;154;6020;5844;176;102
20260512;2025;06;TT;TODAS CONSOLIDADAS;01;1 ESTRELLA;SAN MARTÍN;220000;7;150;223;36.42;35.7;1.64;1.64;1;1459;1450;9;2388;2379;9;27
20260512;2025;06;TT;TODAS CONSOLIDADAS;01;1 ESTRELLA;TACNA;230000;11;239;441;10;10.1;1.1;1.09;1.12;1211;770;441;1336;840;496;33
20260512;2025;06;TT;TODAS CONSOLIDADAS;01;1 ESTRELLA;TUMBES;240000;2;47;100;0;0;0;0;0;0;0;0;0;0;0;0
20260512;2025;06;TT;TODAS CONSOLIDADAS;02;2 ESTRELLAS;AMAZONAS;010000;99;2022;3208;20.75;16.86;1.19;1.18;1.75;13589;13353;236;16228;15815;413;336
20260512;2025;06;TT;TODAS CONSOLIDADAS;02;2 ESTRELLAS;ÁNCASH;020000;197;3958;7054;25.84;22.9;1.23;1.23;1.36;39480;38873;607;48461;47636;825;653
20260512;2025;06;TT;TODAS CONSOLIDADAS;02;2 ESTRELLAS;APURÍMAC;030000;13;417;693;27.72;22.01;1.11;1.11;1.06;4124;4075;49;4576;4524;52;48
20260512;2025;06;TT;TODAS CONSOLIDADAS;02;2 ESTRELLAS;AREQUIPA;040000;174;3337;5939;28.55;23.81;1.38;1.37;1.42;30799;28046;2753;42420;38505;3915;574
20260512;2025;06;TT;TODAS CONSOLIDADAS;02;2 ESTRELLAS;AYACUCHO;050000;19;486;863;20.8;19.32;1.69;1.68;1.74;2967;2821;146;5003;4749;254;79
20260512;2025;06;TT;TODAS CONSOLIDADAS;02;2 ESTRELLAS;CAJAMARCA;060000;209;4361;6976;22.77;16.85;1.21;1.21;1.09;29171;29020;151;35260;35096;164;692
20260512;2025;06;TT;TODAS CONSOLIDADAS;02;2 ESTRELLAS;CALLAO;070000;7;287;520;31.03;26.41;1.05;1.03;1.31;3933;3720;213;4120;3842;278;43
20260512;2025;06;TT;TODAS CONSOLIDADAS;02;2 ESTRELLAS;CUSCO;080000;100;2101;3798;33.17;31.14;1.84;1.63;1.99;19284;7934;11350;35484;12942;22542;576
20260512;2025;06;TT;TODAS CONSOLIDADAS;02;2 ESTRELLAS;HUANCAVELICA;090000;3;87;159;14.25;11.36;1.25;1.25;0;432;432;0;542;542;0;8
20260512;2025;06;TT;TODAS CONSOLIDADAS;02;2 ESTRELLAS;HUÁNUCO;100000;91;2276;3631;33.14;25.12;1.18;1.18;1.3;23231;23132;99;27358;27229;129;403
20260512;2025;06;TT;TODAS CONSOLIDADAS;02;2 ESTRELLAS;ICA;110000;137;2790;4728;19.94;14.88;1.05;1.05;1.13;20144;19680;464;21104;20580;524;435
20260512;2025;06;TT;TODAS CONSOLIDADAS;02;2 ESTRELLAS;JUNÍN;120000;56;1265;2332;24.5;19.11;1.25;1.24;1.43;10716;10465;251;13366;13008;358;217
20260512;2025;06;TT;TODAS CONSOLIDADAS;02;2 ESTRELLAS;LA LIBERTAD;130000;139;2456;4381;20.85;18.12;1.24;1.24;1.47;19163;18732;431;23809;23177;632;447
20260512;2025;06;TT;TODAS CONSOLIDADAS;02;2 ESTRELLAS;LAMBAYEQUE;140000;225;4512;6919;21.02;17.85;1.18;1.15;2.51;31435;30875;560;37043;35637;1406;738
20260512;2025;06;TT;TODAS CONSOLIDADAS;02;2 ESTRELLAS;LIMA;150000;247;8712;16211;33;27.7;1.34;1.3;1.85;143355;133358;9998;191487;172970;18517;2012
20260512;2025;06;TT;TODAS CONSOLIDADAS;02;2 ESTRELLAS;LORETO;160000;23;465;760;14.67;12.81;1.91;1.82;2.54;1531;1340;191;2921;2436;485;102
20260512;2025;06;TT;TODAS CONSOLIDADAS;02;2 ESTRELLAS;MADRE DE DIOS;170000;16;426;692;39.59;33.47;1.25;1.22;1.72;5546;5225;321;6948;6395;553;79
20260512;2025;06;TT;TODAS CONSOLIDADAS;02;2 ESTRELLAS;MOQUEGUA;180000;92;1662;2721;22.1;16.76;1.86;1.85;2.07;7363;7017;346;13684;12967;717;316
20260512;2025;06;TT;TODAS CONSOLIDADAS;02;2 ESTRELLAS;PASCO;190000;23;489;943;20.83;15.97;1.33;1.33;1.75;3384;3352;32;4517;4461;56;79
20260512;2025;06;TT;TODAS CONSOLIDADAS;02;2 ESTRELLAS;PIURA;200000;40;894;1485;22.42;16.52;1.76;1.77;1.58;4172;4015;157;7359;7111;248;159
20260512;2025;06;TT;TODAS CONSOLIDADAS;02;2 ESTRELLAS;PUNO;210000;89;1639;2970;21.52;15.91;1.19;1.17;1.35;11879;10250;1629;14177;11978;2199;273
20260512;2025;06;TT;TODAS CONSOLIDADAS;02;2 ESTRELLAS;SAN MARTÍN;220000;52;1178;2068;33.24;27.93;1.61;1.61;1.61;10783;10536;247;17326;16929;397;297
20260512;2025;06;TT;TODAS CONSOLIDADAS;02;2 ESTRELLAS;TACNA;230000;61;1425;2743;33.79;25.65;1.81;1.66;1.91;11693;5024;6669;21108;8360;12748;267
20260512;2025;06;TT;TODAS CONSOLIDADAS;02;2 ESTRELLAS;TUMBES;240000;11;237;437;22.45;13.5;1.28;1.28;1.24;1387;1354;33;1770;1729;41;61
20260512;2025;06;TT;TODAS CONSOLIDADAS;02;2 ESTRELLAS;UCAYALI;250000;3;101;187;14.98;10.18;1.68;1.69;1.59;339;317;22;571;536;35;21
20260512;2025;06;TT;TODAS CONSOLIDADAS;03;3 ESTRELLAS;AMAZONAS;010000;27;575;985;24.31;20.46;1.38;1.32;2.02;4385;3989;396;6046;5248;798;138
20260512;2025;06;TT;TODAS CONSOLIDADAS;03;3 ESTRELLAS;ÁNCASH;020000;65;1786;3226;27.88;21.36;1.58;1.52;1.97;13084;11303;1781;20677;17172;3505;428
20260512;2025;06;TT;TODAS CONSOLIDADAS;03;3 ESTRELLAS;APURÍMAC;030000;9;280;482;51.25;37.21;1.86;1.86;1.91;2889;2642;247;5380;4907;473;78
20260512;2025;06;TT;TODAS CONSOLIDADAS;03;3 ESTRELLAS;AREQUIPA;040000;125;3019;5637;34.61;27.71;1.79;1.94;1.64;26247;12754;13493;46861;24760;22101;866
20260512;2025;06;TT;TODAS CONSOLIDADAS;03;3 ESTRELLAS;AYACUCHO;050000;11;296;519;20.78;20.39;1.78;1.79;1.61;1786;1667;119;3175;2983;192;90
20260512;2025;06;TT;TODAS CONSOLIDADAS;03;3 ESTRELLAS;CAJAMARCA;060000;127;3147;5305;16.64;12.32;1.45;1.45;1.63;13489;13176;313;19601;19092;509;600
20260512;2025;06;TT;TODAS CONSOLIDADAS;03;3 ESTRELLAS;CALLAO;070000;4;233;391;37.32;33.54;1.31;1.29;1.33;3007;1946;1061;3934;2520;1414;54
20260512;2025;06;TT;TODAS CONSOLIDADAS;03;3 ESTRELLAS;CUSCO;080000;120;4254;8285;49.66;44.23;1.75;1.7;1.76;62880;9001;53879;109927;15277;94650;1360
20260512;2025;06;TT;TODAS CONSOLIDADAS;03;3 ESTRELLAS;HUANCAVELICA;090000;2;65;108;18.21;13.36;1.32;1.31;1.64;327;316;11;433;415;18;10
20260512;2025;06;TT;TODAS CONSOLIDADAS;03;3 ESTRELLAS;HUÁNUCO;100000;20;929;1470;22.94;18.66;1.43;1.42;1.64;5771;5587;184;8228;7926;302;174
20260512;2025;06;TT;TODAS CONSOLIDADAS;03;3 ESTRELLAS;ICA;110000;117;3280;6220;31.25;23.36;1.37;1.52;1.15;31825;18596;13229;43584;28351;15233;788
20260512;2025;06;TT;TODAS CONSOLIDADAS;03;3 ESTRELLAS;JUNÍN;120000;23;852;1588;18.94;13.42;1.39;1.39;1.41;4601;4478;123;6395;6222;173;255
20260512;2025;06;TT;TODAS CONSOLIDADAS;03;3 ESTRELLAS;LA LIBERTAD;130000;120;3068;5787;32.16;24.72;1.67;1.62;2.44;25630;24078;1552;42909;39125;3784;703
20260512;2025;06;TT;TODAS CONSOLIDADAS;03;3 ESTRELLAS;LAMBAYEQUE;140000;61;1495;2482;31.8;24.07;1.39;1.38;1.5;12923;12471;452;17925;17249;676;319
20260512;2025;06;TT;TODAS CONSOLIDADAS;03;3 ESTRELLAS;LIMA;150000;200;9060;17266;47.52;39.78;1.72;1.47;2.03;119618;66156;53462;206073;97446;108627;2118
20260512;2025;06;TT;TODAS CONSOLIDADAS;03;3 ESTRELLAS;LORETO;160000;39;1032;1707;27.51;22.25;2.25;2.23;2.28;5071;3595;1476;11394;8024;3370;294
20260512;2025;06;TT;TODAS CONSOLIDADAS;03;3 ESTRELLAS;MADRE DE DIOS;170000;7;242;455;37.37;37.45;1.59;1.67;1.41;3209;2247;962;5112;3760;1352;66
20260512;2025;06;TT;TODAS CONSOLIDADAS;03;3 ESTRELLAS;MOQUEGUA;180000;20;574;990;32.04;22.81;2.26;2.29;1.37;3002;2907;95;6776;6646;130;103
20260512;2025;06;TT;TODAS CONSOLIDADAS;03;3 ESTRELLAS;PASCO;190000;8;149;262;27.96;21.13;1.16;1.15;1.58;1429;1393;36;1661;1604;57;28
20260512;2025;06;TT;TODAS CONSOLIDADAS;03;3 ESTRELLAS;PIURA;200000;21;701;1244;38.84;29.32;1.7;1.65;2.07;6426;5624;802;10941;9279;1662;264
20260512;2025;06;TT;TODAS CONSOLIDADAS;03;3 ESTRELLAS;PUNO;210000;38;1110;2120;38.48;31.63;1.52;1.58;1.49;13206;4468;8738;20114;7057;13057;262
20260512;2025;06;TT;TODAS CONSOLIDADAS;03;3 ESTRELLAS;SAN MARTÍN;220000;34;1123;2068;32.21;25.71;1.82;1.78;2.56;8768;8312;456;15953;14784;1169;303
20260512;2025;06;TT;TODAS CONSOLIDADAS;03;3 ESTRELLAS;TACNA;230000;16;563;1827;27.78;11;1.72;1.71;1.73;3505;1514;1991;6028;2587;3441;127
20260512;2025;06;TT;TODAS CONSOLIDADAS;03;3 ESTRELLAS;TUMBES;240000;14;360;742;23.15;22.65;2.79;2.72;2.98;1805;1288;517;5041;3498;1543;131
20260512;2025;06;TT;TODAS CONSOLIDADAS;03;3 ESTRELLAS;UCAYALI;250000;17;606;1008;34.63;25.84;2;2.02;1.75;3910;3595;315;7815;7265;550;140
20260512;2025;06;TT;TODAS CONSOLIDADAS;04;4 ESTRELLAS;APURÍMAC;030000;1;32;56;32.4;18.51;1.68;1.63;2.19;185;169;16;311;276;35;14
20260512;2025;06;TT;TODAS CONSOLIDADAS;04;4 ESTRELLAS;AREQUIPA;040000;11;584;1111;40.41;34.98;1.83;1.92;1.78;6372;2239;4133;11658;4296;7362;262
20260512;2025;06;TT;TODAS CONSOLIDADAS;04;4 ESTRELLAS;CAJAMARCA;060000;4;214;379;53.57;44.6;1.92;1.92;1.92;2642;2345;297;5071;4500;571;155
20260512;2025;06;TT;TODAS CONSOLIDADAS;04;4 ESTRELLAS;CALLAO;070000;2;371;614;99.21;86.48;1.35;1.87;1.3;11759;1061;10698;15930;1987;13943;130
20260512;2025;06;TT;TODAS CONSOLIDADAS;04;4 ESTRELLAS;CUSCO;080000;22;1686;3296;73.87;68.1;1.73;1.62;1.74;38955;3183;35772;67337;5145;62192;1042
20260512;2025;06;TT;TODAS CONSOLIDADAS;04;4 ESTRELLAS;HUÁNUCO;100000;1;60;101;42.5;31.32;1.96;1.93;2.28;485;442;43;949;851;98;26
20260512;2025;06;TT;TODAS CONSOLIDADAS;04;4 ESTRELLAS;ICA;110000;8;737;1554;25.29;23.84;1.57;1.73;1.37;7058;4009;3049;11116;6928;4188;350
20260512;2025;06;TT;TODAS CONSOLIDADAS;04;4 ESTRELLAS;JUNÍN;120000;1;40;66;12.83;12.22;1.28;1.26;1.44;189;171;18;242;216;26;21
20260512;2025;06;TT;TODAS CONSOLIDADAS;04;4 ESTRELLAS;LA LIBERTAD;130000;4;318;600;46.91;42.81;2.32;2.23;2.7;3319;2691;628;7706;6009;1697;127
20260512;2025;06;TT;TODAS CONSOLIDADAS;04;4 ESTRELLAS;LAMBAYEQUE;140000;5;377;707;62.31;45.42;1.5;1.42;2.01;6415;5512;903;9633;7822;1811;295
20260512;2025;06;TT;TODAS CONSOLIDADAS;04;4 ESTRELLAS;LIMA;150000;54;4987;9171;53.13;49.72;2.07;1.55;2.4;66184;26120;40064;136799;40553;96246;2232
20260512;2025;06;TT;TODAS CONSOLIDADAS;04;4 ESTRELLAS;LORETO;160000;5;172;258;47.79;41.69;1.86;2.07;1.67;1733;825;908;3227;1710;1517;102
20260512;2025;06;TT;TODAS CONSOLIDADAS;04;4 ESTRELLAS;MOQUEGUA;180000;2;123;234;45.01;27.81;2.15;2.05;2.68;910;769;141;1952;1574;378;62
20260512;2025;06;TT;TODAS CONSOLIDADAS;04;4 ESTRELLAS;PIURA;200000;5;471;843;31.14;24.57;1.81;1.72;2.23;3438;2844;594;6214;4888;1326;164
20260512;2025;06;TT;TODAS CONSOLIDADAS;04;4 ESTRELLAS;PUNO;210000;8;508;961;50.01;45.42;1.73;1.82;1.73;7548;672;6876;13095;1225;11870;202
20260512;2025;06;TT;TODAS CONSOLIDADAS;04;4 ESTRELLAS;SAN MARTÍN;220000;2;82;141;42.36;36.57;1.95;1.98;1.76;793;697;96;1547;1378;169;39
20260512;2025;06;TT;TODAS CONSOLIDADAS;04;4 ESTRELLAS;TACNA;230000;3;275;508;38.15;30.32;1.75;1.7;1.79;2639;1125;1514;4621;1911;2710;80
20260512;2025;06;TT;TODAS CONSOLIDADAS;04;4 ESTRELLAS;TUMBES;240000;6;667;1621;33.24;29.85;2.44;2.41;2.52;5942;4387;1555;14514;10593;3921;543
20260512;2025;06;TT;TODAS CONSOLIDADAS;04;4 ESTRELLAS;UCAYALI;250000;5;295;527;47.4;36.82;2.22;2.16;2.55;2627;2218;409;5822;4780;1042;117
20260512;2025;06;TT;TODAS CONSOLIDADAS;05;5 ESTRELLAS;AREQUIPA;040000;3;241;352;53.35;54.44;1.96;1.78;2.16;2937;1558;1379;5749;2777;2972;180
20260512;2025;06;TT;TODAS CONSOLIDADAS;05;5 ESTRELLAS;CUSCO;080000;15;1278;2490;69.17;67.39;1.7;1.72;1.7;29534;1797;27737;50337;3092;47245;1429
20260512;2025;06;TT;TODAS CONSOLIDADAS;05;5 ESTRELLAS;ICA;110000;6;661;1576;27.34;23.31;1.6;1.67;1.52;6885;3819;3066;11022;6364;4658;663
20260512;2025;06;TT;TODAS CONSOLIDADAS;05;5 ESTRELLAS;LA LIBERTAD;130000;2;267;470;39.24;32.3;1.69;1.58;2.12;2694;2142;552;4554;3385;1169;198
20260512;2025;06;TT;TODAS CONSOLIDADAS;05;5 ESTRELLAS;LIMA;150000;32;5378;9640;52.13;40.69;2.29;1.66;2.46;51344;10576;40768;117664;17564;100100;4022
20260512;2025;06;TT;TODAS CONSOLIDADAS;05;5 ESTRELLAS;LORETO;160000;1;60;91;69.78;72.78;2.03;1.72;2.18;980;325;655;1987;560;1427;54
20260512;2025;06;TT;TODAS CONSOLIDADAS;05;5 ESTRELLAS;PIURA;200000;1;83;166;64.54;46.79;1.81;1.69;2.13;1289;953;336;2330;1615;715;83
20260512;2025;06;TT;TODAS CONSOLIDADAS;05;5 ESTRELLAS;PUNO;210000;1;123;231;51.41;58.2;1.22;1.36;1.21;3305;203;3102;4033;276;3757;38
20260512;2025;06;TT;TODAS CONSOLIDADAS;05;5 ESTRELLAS;SAN MARTÍN;220000;1;50;108;21.6;25.22;1.84;1.87;1.5;443;415;28;817;775;42;61
20260512;2025;06;TT;TODAS CONSOLIDADAS;05;5 ESTRELLAS;UCAYALI;250000;2;162;298;56.6;45.86;2.68;2.36;4.21;1529;1264;265;4100;2984;1116;72
20260512;2025;06;TT;TODAS CONSOLIDADAS;12;ALBERGUE;AMAZONAS;010000;1;6;11;0;0;0;0;0;0;0;0;0;0;0;0
20260512;2025;06;TT;TODAS CONSOLIDADAS;12;ALBERGUE;ÁNCASH;020000;6;47;112;12.62;8.21;3.78;3.88;3.75;73;17;56;276;66;210;11
20260512;2025;06;TT;TODAS CONSOLIDADAS;12;ALBERGUE;APURÍMAC;030000;1;6;13;0;0;0;0;0;0;0;0;0;0;0;0
20260512;2025;06;TT;TODAS CONSOLIDADAS;12;ALBERGUE;AREQUIPA;040000;10;153;386;37.97;35.84;1.47;1.35;1.5;2819;535;2284;4150;722;3428;129
20260512;2025;06;TT;TODAS CONSOLIDADAS;12;ALBERGUE;AYACUCHO;050000;3;25;50;3.33;3;1;1;0;45;45;0;45;45;0;5
20260512;2025;06;TT;TODAS CONSOLIDADAS;12;ALBERGUE;CUSCO;080000;16;372;651;36.8;36.68;1.5;1.9;1.5;4761;87;4674;7163;165;6998;177
20260512;2025;06;TT;TODAS CONSOLIDADAS;12;ALBERGUE;HUANCAVELICA;090000;1;15;42;0;0;0;0;0;0;0;0;0;0;0;0
20260512;2025;06;TT;TODAS CONSOLIDADAS;12;ALBERGUE;HUÁNUCO;100000;7;92;128;0;0;0;0;0;0;0;0;0;0;0;0
20260512;2025;06;TT;TODAS CONSOLIDADAS;12;ALBERGUE;ICA;110000;6;64;263;45.99;12.1;1.73;1.42;1.81;551;111;440;955;158;797;32
20260512;2025;06;TT;TODAS CONSOLIDADAS;12;ALBERGUE;JUNÍN;120000;1;32;104;28.44;19.84;1.77;1.74;2.47;350;335;15;619;582;37;20
20260512;2025;06;TT;TODAS CONSOLIDADAS;12;ALBERGUE;LA LIBERTAD;130000;1;15;27;56.44;46.42;2.04;2.08;1.67;184;169;15;376;351;25;4
20260512;2025;06;TT;TODAS CONSOLIDADAS;12;ALBERGUE;LIMA;150000;8;143;486;29.09;18.61;2.09;2.05;2.13;1296;595;701;2713;1218;1495;44
20260512;2025;06;TT;TODAS CONSOLIDADAS;12;ALBERGUE;LORETO;160000;68;1008;2174;23.51;21.53;2.2;1.59;2.45;6370;1808;4562;14043;2875;11168;396
20260512;2025;06;TT;TODAS CONSOLIDADAS;12;ALBERGUE;MADRE DE DIOS;170000;19;391;838;42.25;44.91;2.52;2.92;2.48;4487;385;4102;11290;1125;10165;195
20260512;2025;06;TT;TODAS CONSOLIDADAS;12;ALBERGUE;PASCO;190000;22;255;710;11.82;10.34;1.45;1.42;2.18;1523;1466;57;2202;2078;124;80
20260512;2025;06;TT;TODAS CONSOLIDADAS;12;ALBERGUE;PUNO;210000;1;13;35;0;0;0;0;0;0;0;0;0;0;0;0
20260512;2025;06;TT;TODAS CONSOLIDADAS;12;ALBERGUE;SAN MARTÍN;220000;12;162;374;22.82;18.54;2.4;2.34;2.79;866;748;118;2080;1751;329;60
20260512;2025;06;TT;TODAS CONSOLIDADAS;12;ALBERGUE;UCAYALI;250000;6;63;168;21.11;12.5;3.73;2.15;5.28;169;84;85;630;181;449;32
20260512;2025;06;TT;TODAS CONSOLIDADAS;13;ECOLODGE;AREQUIPA;040000;1;23;51;23.77;33.27;2.18;1.53;2.22;234;15;219;509;23;486;7
20260512;2025;06;TT;TODAS CONSOLIDADAS;TT;TODAS CONSOLIDADAS;AMAZONAS;010000;458;5831;9265;16.84;13.53;1.29;1.27;1.58;32053;30648;1405;40969;38578;2391;1066
20260512;2025;06;TT;TODAS CONSOLIDADAS;TT;TODAS CONSOLIDADAS;ÁNCASH;020000;1063;13516;23317;21.72;18.48;1.38;1.36;1.56;102327;94667;7660;137144;124497;12647;2074
20260512;2025;06;TT;TODAS CONSOLIDADAS;TT;TODAS CONSOLIDADAS;APURÍMAC;030000;563;5541;8776;18.79;13.3;1.13;1.13;1.09;33751;33334;417;40088;39413;675;605
20260512;2025;06;TT;TODAS CONSOLIDADAS;TT;TODAS CONSOLIDADAS;AREQUIPA;040000;1663;19295;33626;21.43;17.74;1.38;1.34;1.52;140222;99528;40694;205321;140033;65288;3565
20260512;2025;06;TT;TODAS CONSOLIDADAS;TT;TODAS CONSOLIDADAS;AYACUCHO;050000;687;6897;11276;14.22;11.39;1.25;1.25;1.52;31165;30492;673;40759;39702;1057;923
20260512;2025;06;TT;TODAS CONSOLIDADAS;TT;TODAS CONSOLIDADAS;CAJAMARCA;060000;1119;14665;23843;18.32;12.63;1.34;1.34;1.08;73942;72683;1259;99134;97377;1757;2699
20260512;2025;06;TT;TODAS CONSOLIDADAS;TT;TODAS CONSOLIDADAS;CALLAO;070000;297;4803;8878;40.24;39.24;1.01;1.01;1.04;168878;156025;12852;174736;158181;16555;1292
20260512;2025;06;TT;TODAS CONSOLIDADAS;TT;TODAS CONSOLIDADAS;CUSCO;080000;2345;29880;53586;32.97;30.13;1.64;1.44;1.74;339298;80257;259041;568986;117956;451030;8476
20260512;2025;06;TT;TODAS CONSOLIDADAS;TT;TODAS CONSOLIDADAS;HUANCAVELICA;090000;250;2815;4389;16.4;13.67;1.17;1.17;1.33;15089;14986;103;17712;17569;143;315
20260512;2025;06;TT;TODAS CONSOLIDADAS;TT;TODAS CONSOLIDADAS;HUÁNUCO;100000;678;9352;14273;22.41;18.34;1.15;1.15;1.31;71666;71202;464;85026;84303;723;1369
20260512;2025;06;TT;TODAS CONSOLIDADAS;TT;TODAS CONSOLIDADAS;ICA;110000;1139;16425;29060;20.48;14.75;1.12;1.12;1.14;121419;86230;35189;147525;105131;42394;3458
20260512;2025;06;TT;TODAS CONSOLIDADAS;TT;TODAS CONSOLIDADAS;JUNÍN;120000;1649;18304;30678;24.96;17.64;1.17;1.17;1.69;136375;135611;764;160958;159757;1201;3404
20260512;2025;06;TT;TODAS CONSOLIDADAS;TT;TODAS CONSOLIDADAS;LA LIBERTAD;130000;1317;14201;24842;18.46;16.05;1.47;1.43;2.09;91792;85989;5803;139751;126779;12972;2271
20260512;2025;06;TT;TODAS CONSOLIDADAS;TT;TODAS CONSOLIDADAS;LAMBAYEQUE;140000;752;11230;17213;19.15;15.8;1.12;1.11;1.49;78199;76082;2117;93339;89240;4099;1987
20260512;2025;06;TT;TODAS CONSOLIDADAS;TT;TODAS CONSOLIDADAS;LIMA;150000;7932;86746;153470;24.57;22.68;1.14;1.11;1.52;2828163;2584338;243825;3349839;2878455;471384;47357
20260512;2025;06;TT;TODAS CONSOLIDADAS;TT;TODAS CONSOLIDADAS;LORETO;160000;956;9727;15828;15.96;13.71;1.95;1.93;1.89;36867;23586;13281;74027;46112;27915;1664
20260512;2025;06;TT;TODAS CONSOLIDADAS;TT;TODAS CONSOLIDADAS;MADRE DE DIOS;170000;394;5895;9995;23.8;20.66;1.28;1.24;1.7;50066;40126;9940;67896;48210;19686;1013
20260512;2025;06;TT;TODAS CONSOLIDADAS;TT;TODAS CONSOLIDADAS;MOQUEGUA;180000;309;4485;7568;19.7;14.3;1.45;1.44;1.48;22583;21946;637;35626;34334;1292;794
20260512;2025;06;TT;TODAS CONSOLIDADAS;TT;TODAS CONSOLIDADAS;PASCO;190000;491;5833;9980;16.93;12.74;1.19;1.19;1.32;32642;32354;288;38924;38489;435;1042
20260512;2025;06;TT;TODAS CONSOLIDADAS;TT;TODAS CONSOLIDADAS;PIURA;200000;1236;12835;22786;17.29;13.88;1.41;1.37;2.06;70508;65695;4813;103584;93538;10046;2078
20260512;2025;06;TT;TODAS CONSOLIDADAS;TT;TODAS CONSOLIDADAS;PUNO;210000;1042;11778;20500;25.84;20.52;1.62;1.63;1.39;87977;65296;22681;137128;103026;34102;2275
20260512;2025;06;TT;TODAS CONSOLIDADAS;TT;TODAS CONSOLIDADAS;SAN MARTÍN;220000;992;12473;20484;24.78;21.19;1.38;1.36;2.02;94680;92094;2586;135465;130041;5424;2114
20260512;2025;06;TT;TODAS CONSOLIDADAS;TT;TODAS CONSOLIDADAS;TACNA;230000;523;6414;12469;15.31;12.29;1.35;1.29;1.48;36014;21078;14936;54750;29231;25519;951
20260512;2025;06;TT;TODAS CONSOLIDADAS;TT;TODAS CONSOLIDADAS;UCAYALI;250000;592;6763;10778;26.6;26.59;3.32;3.33;1.75;28968;27537;1431;87720;83961;3759;1399
20260512;2025;05;01;HOTEL;03;3 ESTRELLAS;JUNÍN;120000;20;796;1514;19.72;15.54;1.63;1.64;1.42;4471;4356;115;7292;7129;163;224
20260512;2025;05;03;HOSTAL;01;1 ESTRELLA;JUNÍN;120000;12;170;294;22.14;17.53;1.21;1.21;0;1320;1320;0;1598;1598;0;30
20260512;2025;05;03;HOSTAL;03;3 ESTRELLAS;JUNÍN;120000;3;57;114;31.98;21.34;1.75;1.71;3.71;432;425;7;754;728;26;35
20260512;2025;06;01;HOTEL;02;2 ESTRELLAS;CALLAO;070000;1;40;67;20.75;19.9;1.24;1.12;1.31;322;109;213;400;122;278;6
20260512;2025;06;01;HOTEL;03;3 ESTRELLAS;CALLAO;070000;4;233;391;37.32;33.54;1.31;1.29;1.33;3007;1946;1061;3934;2520;1414;54
20260512;2025;06;03;HOSTAL;01;1 ESTRELLA;CALLAO;070000;6;133;249;31.9;35.87;1.04;1.04;0;2653;2653;0;2750;2750;0;19
20260512;2025;06;03;HOSTAL;02;2 ESTRELLAS;CALLAO;070000;6;247;453;32.7;27.37;1.03;1.03;0;3611;3611;0;3720;3720;0;37
20260512;2025;06;01;HOTEL;03;3 ESTRELLAS;AMAZONAS;010000;18;447;735;23.35;20.35;1.26;1.21;2.02;3564;3349;215;4487;4053;434;106
20260512;2025;06;03;HOSTAL;03;3 ESTRELLAS;AMAZONAS;010000;9;128;250;27.68;20.79;1.9;1.87;2.01;821;640;181;1559;1195;364;32
20260512;2025;06;01;HOTEL;03;3 ESTRELLAS;PIURA;200000;19;665;1158;39.91;29.54;1.68;1.63;2.06;6111;5412;699;10262;8824;1438;253
20260512;2025;06;03;HOSTAL;03;3 ESTRELLAS;PIURA;200000;2;36;86;19.07;26.32;2.16;2.15;2.17;315;212;103;679;455;224;11
20260512;2025;06;03;HOSTAL;TT;TODAS CONSOLIDADAS;TUMBES;240000;9;131;269;3.82;2.01;1.06;1.04;1.21;153;139;14;162;145;17;21
20260512;2025;06;TT;TODAS CONSOLIDADAS;TT;TODAS CONSOLIDADAS;TUMBES;240000;291;3796;7628;13.78;11.78;1.4;1.35;1.77;20803;17518;3285;36626;29082;7544;1072
20260512;2025;02;TT;TODAS CONSOLIDADAS;TT;TODAS CONSOLIDADAS;LA LIBERTAD;130000;1318;14158;24855;16.61;13.28;1.2;1.17;1.63;92783;87933;4850;128757;119892;8865;2269
20260512;2025;03;TT;TODAS CONSOLIDADAS;TT;TODAS CONSOLIDADAS;LIMA;150000;7926;86167;152618;26.2;24.28;1.14;1.11;1.58;3182973;2952418;230555;3740733;3285479;455254;47800
20260512;2025;05;TT;TODAS CONSOLIDADAS;TT;TODAS CONSOLIDADAS;ÁNCASH;020000;1058;13462;23204;21.53;17.94;1.32;1.29;1.63;105660;99914;5746;138037;127557;10480;2060
