AÑO;MES;CLASE;DESCRIPCIÓN CLASE;CATEGORÍA;DESCRIPCIÓN CATEGORÍA;DEPARTAMENTO;UBIGEO;NÚMERO DE ESTABLECIMIENTO;NÚMERO DE HABITACIONES;NÚMERO DE PLAZAS-CAMA;TNOH EN EL MES(%);TNOC EN EL MES(%);PROM PERMANENCIA(DÍAS);PROM PERMANENCIA - NAC (DÍAS);PROM PERMANENCIA - EXT (DÍAS);TOTAL DE ARRIBOS EN EL MES;TOTAL DE ARRIBOS MES - NAC;TOTAL DE ARRIBOS MES - EXT;TOTAL PERNOCT MES;TOTAL PERNOCT MES - NAC (DÍAS);TOTAL PERNOCT MES - EXT (DÍAS);TOTAL EMPLEO EN EL MES
2020;01;00;NO CLASIFICADO;00;NO CATEGORIZADO;AMAZONAS;010000;251;2525;4049;22,73;16,22;1,12;1,11;1,19;18243;17655;588;20362;19662;700;430
2020;01;00;NO CLASIFICADO;00;NO CATEGORIZADO;ÁNCASH;020000;660;6665;11533;23,64;17,71;1,29;1,28;1,59;48960;47405;1555;63335;60861;2474;1137
2020;01;00;NO CLASIFICADO;00;NO CATEGORIZADO;APURÍMAC;030000;514;4773;7375;32,56;26,91;1,16;1,16;1,13;53214;52913;301;61532;61191;341;887
2020;01;00;NO CLASIFICADO;00;NO CATEGORIZADO;CALLAO;070000;271;3980;7394;41,77;39,13;1,05;1,04;1,14;148005;134372;13633;155383;139836;15547;1261
2020;01;00;NO CLASIFICADO;00;NO CATEGORIZADO;HUANCAVELICA;090000;201;2353;3639;17,53;14,8;1,13;1,13;0;14759;14759;0;16692;16692;0;396
2020;01;01;HOTEL;01;1 ESTRELLA;AMAZONAS;010000;1;20;43;50,48;23,48;1;1;1;313;312;1;313;312;1;6
2020;01;01;HOTEL;01;1 ESTRELLA;APURÍMAC;030000;2;80;115;21,49;16,55;1;1;1;590;587;3;590;587;3;9
2020;01;01;HOTEL;02;2 ESTRELLAS;AMAZONAS;010000;31;823;1324;26,48;22,52;1,43;1,42;2,27;6452;6364;88;9243;9043;200;134
2020;01;01;HOTEL;02;2 ESTRELLAS;APURÍMAC;030000;5;205;356;15,96;12,4;1,13;1,12;1,86;1215;1208;7;1369;1356;13;21
2020;01;01;HOTEL;02;2 ESTRELLAS;AYACUCHO;050000;9;295;512;25,78;19,74;1,69;1,7;1,28;1852;1798;54;3133;3064;69;52
2020;01;01;HOTEL;03;3 ESTRELLAS;AMAZONAS;010000;21;537;949;22,45;21,06;1,33;1,31;1,46;4668;4141;527;6196;5425;771;118
2020;01;01;HOTEL;03;3 ESTRELLAS;APURÍMAC;030000;3;100;170;25,58;21,76;2,05;2,31;1,1;560;438;122;1147;1013;134;20
2020;01;01;HOTEL;03;3 ESTRELLAS;CAJAMARCA;060000;54;1713;2974;16,88;14,21;1,63;1,64;1,6;8020;7634;386;13104;12485;619;379
2020;01;00;NO CLASIFICADO;00;NO CATEGORIZADO;AREQUIPA;040000;1289;11437;19414;21,61;20,3;1,31;1,23;1,75;93525;80658;12867;122152;99572;22580;2157
2020;01;01;HOTEL;01;1 ESTRELLA;AREQUIPA;040000;5;176;283;19,26;12,82;2,01;2,03;1,31;560;544;16;1125;1104;21;27
2020;01;01;HOTEL;02;2 ESTRELLAS;AREQUIPA;040000;44;1261;2191;16,54;15,7;1,42;1,37;1,91;7509;6814;695;10664;9339;1325;208
2020;01;01;HOTEL;03;3 ESTRELLAS;AREQUIPA;040000;66;1981;3758;22,29;17,69;1,87;1,95;1,67;11050;7534;3516;20613;14724;5889;561
2020;01;00;NO CLASIFICADO;00;NO CATEGORIZADO;AYACUCHO;050000;583;6034;9687;26,08;21,74;1,23;1,22;1,49;53212;52775;437;65299;64649;650;1097
2020;01;00;NO CLASIFICADO;00;NO CATEGORIZADO;LAMBAYEQUE;140000;397;4171;6168;28,37;20,04;1,07;1,07;1,16;35943;35486;457;38327;37797;530;770
2020;01;00;NO CLASIFICADO;TT;TODAS CONSOLIDADAS;AYACUCHO;050000;583;6034;9687;26,08;21,74;1,23;1,22;1,49;53212;52775;437;65299;64649;650;1097
2020;01;01;HOTEL;01;1 ESTRELLA;AYACUCHO;050000;8;203;370;14,67;11,51;1,69;1,69;1,82;780;763;17;1320;1289;31;32
2020;01;01;HOTEL;01;1 ESTRELLA;MOQUEGUA;180000;1;20;41;0;0;0;0;0;0;0;0;0;0;0;0
2020;01;01;HOTEL;01;1 ESTRELLA;PASCO;190000;3;78;151;10,01;15,12;3,29;3,29;0;215;215;0;708;708;0;11
2020;01;01;HOTEL;01;1 ESTRELLA;PUNO;210000;5;125;222;18,4;18,86;1,27;1,28;1;1021;995;26;1298;1272;26;13
2020;01;01;HOTEL;02;2 ESTRELLAS;LAMBAYEQUE;140000;68;1929;2942;22,59;18,96;1,18;1,17;1,97;14655;14464;191;17288;16911;377;299
2020;01;01;HOTEL;02;2 ESTRELLAS;PUNO;210000;27;692;1266;14,32;11,82;1,29;1,3;1,24;3586;3259;327;4639;4234;405;96
2020;01;01;HOTEL;02;2 ESTRELLAS;TUMBES;240000;6;216;436;21,79;24,8;1,74;1,73;1,8;1922;1428;494;3352;2465;887;55
2020;01;00;NO CLASIFICADO;00;NO CATEGORIZADO;CAJAMARCA;060000;646;6788;10654;14,64;12,19;1,17;1,17;1,14;34387;33949;438;40246;39746;500;1192
2020;01;00;NO CLASIFICADO;00;NO CATEGORIZADO;CUSCO;080000;1955;19265;35623;20,4;17,73;1,53;1,34;1,77;128095;71969;56126;195750;96267;99483;3900
2020;01;00;NO CLASIFICADO;00;NO CATEGORIZADO;HUÁNUCO;100000;490;5623;8330;28,01;24,51;1,34;1,34;1,17;47293;47174;119;63286;63147;139;963
2020;01;00;NO CLASIFICADO;TT;TODAS CONSOLIDADAS;HUÁNUCO;100000;490;5623;8330;28,01;24,51;1,34;1,34;1,17;47293;47174;119;63286;63147;139;963
2020;01;01;HOTEL;01;1 ESTRELLA;HUÁNUCO;100000;10;291;434;25,11;20,83;1,05;1,05;0;2679;2679;0;2802;2802;0;41
2020;01;00;NO CLASIFICADO;00;NO CATEGORIZADO;ICA;110000;720;8526;14828;22,9;18,77;1,14;1,14;1,1;75796;68337;7459;86258;78079;8179;1523
2020;01;01;HOTEL;01;1 ESTRELLA;ICA;110000;5;113;167;11,65;8,07;1,08;1,08;1;386;378;8;418;410;8;17
2020;01;01;HOTEL;02;2 ESTRELLAS;ICA;110000;53;1463;2561;24,88;21,55;1,26;1,25;1,59;13614;13256;358;17111;16540;571;243
2020;01;00;NO CLASIFICADO;00;NO CATEGORIZADO;JUNÍN;120000;1316;14107;23000;20,63;16,74;1,13;1,13;1,17;105222;104769;453;119356;118824;532;2404
2020;01;00;NO CLASIFICADO;00;NO CATEGORIZADO;MOQUEGUA;180000;195;2035;3503;23,9;20;1,42;1,42;1,41;15288;14582;706;21718;20723;995;379
2020;01;00;NO CLASIFICADO;00;NO CATEGORIZADO;PUNO;210000;806;7614;13197;28,33;21,28;1,11;1,1;1,2;78475;72804;5671;87048;80243;6805;1459
2020;01;00;NO CLASIFICADO;00;NO CATEGORIZADO;UCAYALI;250000;475;5420;8247;27,31;22,85;2,09;2,1;1,95;27921;27030;891;58426;56690;1736;970
2020;01;01;HOTEL;03;3 ESTRELLAS;ÁNCASH;020000;39;1340;2383;14,39;11,28;1,4;1,38;1,68;5952;5634;318;8330;7796;534;288
2020;01;00;NO CLASIFICADO;00;NO CATEGORIZADO;LA LIBERTAD;130000;832;7289;12133;42,38;36,65;1,13;1,11;1,57;122145;117707;4438;137843;130866;6977;1347
2020;01;00;NO CLASIFICADO;TT;TODAS CONSOLIDADAS;CUSCO;080000;1955;19265;35623;20,4;17,73;1,53;1,34;1,77;128095;71969;56126;195750;96267;99483;3900
2020;01;01;HOTEL;01;1 ESTRELLA;LA LIBERTAD;130000;2;40;69;42,82;35,3;1;1;1;755;727;28;755;727;28;5
2020;01;00;NO CLASIFICADO;00;NO CATEGORIZADO;LIMA;150000;6145;54115;94446;34,29;32,41;1,32;1,29;2,02;3212800;3068173;144627;4238388;3945654;292734;51700
2020;01;01;HOTEL;01;1 ESTRELLA;LIMA;150000;6;246;454;25,61;28,51;1;1;0;3738;3738;0;3738;3738;0;24
2020;01;01;HOTEL;02;2 ESTRELLAS;LIMA;150000;104;4375;8060;42,92;38,39;1,33;1,32;1,91;81907;79872;2035;108977;105096;3881;893
2020;01;00;NO CLASIFICADO;00;NO CATEGORIZADO;LORETO;160000;731;7303;11463;20,92;17,07;1,43;1,62;1,21;42394;23098;19296;60642;37373;23269;1376
2020;01;00;NO CLASIFICADO;TT;TODAS CONSOLIDADAS;LORETO;160000;731;7303;11463;20,92;17,07;1,43;1,62;1,21;42394;23098;19296;60642;37373;23269;1376
2020;01;00;NO CLASIFICADO;00;NO CATEGORIZADO;MADRE DE DIOS;170000;323;4680;7685;21,98;17,28;1,21;1,15;1,67;34078;30097;3981;41177;34531;6646;854
2020;01;00;NO CLASIFICADO;00;NO CATEGORIZADO;PASCO;190000;302;3679;5652;18,3;15,28;1,2;1,2;1,4;22225;22157;68;26778;26683;95;666
2020;01;01;HOTEL;02;2 ESTRELLAS;JUNÍN;120000;27;823;1478;17,58;13,16;1,32;1,31;1,5;4582;4538;44;6030;5964;66;126
2020;01;00;NO CLASIFICADO;00;NO CATEGORIZADO;PIURA;200000;998;10596;19423;33,47;27,7;1,41;1,34;2,22;117877;108397;9480;166759;145724;21035;2070
2020;01;01;HOTEL;01;1 ESTRELLA;PIURA;200000;2;53;84;20,51;12,79;1,06;1,07;1,05;313;292;21;333;311;22;9
2020;01;01;HOTEL;02;2 ESTRELLAS;PIURA;200000;20;493;844;30,73;24,98;1,85;1,85;1,77;3537;3357;180;6537;6218;319;92
2020;01;00;NO CLASIFICADO;00;NO CATEGORIZADO;SAN MARTÍN;220000;812;9433;14945;31,85;28,85;1,26;1,25;1,78;106446;104351;2095;133674;129939;3735;1631
2020;01;01;HOTEL;02;2 ESTRELLAS;SAN MARTÍN;220000;25;701;1160;28,7;26,52;1,79;1,79;1,97;5312;5140;172;9535;9197;338;138
2020;01;00;NO CLASIFICADO;00;NO CATEGORIZADO;TACNA;230000;449;4457;8085;12,73;10,78;1,28;1,28;1,31;21068;16982;4086;27024;21682;5342;577
2020;01;01;HOTEL;01;1 ESTRELLA;TACNA;230000;2;57;112;18,9;15,61;1,63;1,6;1,93;332;302;30;542;484;58;5
2020;01;00;NO CLASIFICADO;00;NO CATEGORIZADO;TUMBES;240000;219;2510;4971;23,03;19,84;1,47;1,39;1,72;20816;15777;5039;30580;21914;8666;469
2020;01;00;NO CLASIFICADO;TT;TODAS CONSOLIDADAS;AMAZONAS;010000;251;2525;4049;22,73;16,22;1,12;1,11;1,19;18243;17655;588;20362;19662;700;430
2020;01;00;NO CLASIFICADO;TT;TODAS CONSOLIDADAS;ÁNCASH;020000;660;6665;11533;23,64;17,71;1,29;1,28;1,59;48960;47405;1555;63335;60861;2474;1137
2020;01;00;NO CLASIFICADO;TT;TODAS CONSOLIDADAS;LAMBAYEQUE;140000;397;4171;6168;28,37;20,04;1,07;1,07;1,16;35943;35486;457;38327;37797;530;770
2020;01;00;NO CLASIFICADO;TT;TODAS CONSOLIDADAS;PUNO;210000;806;7614;13197;28,33;21,28;1,11;1,1;1,2;78475;72804;5671;87048;80243;6805;1459
2020;01;00;NO CLASIFICADO;TT;TODAS CONSOLIDADAS;APURÍMAC;030000;514;4773;7375;32,56;26,91;1,16;1,16;1,13;53214;52913;301;61532;61191;341;887
2020;01;00;NO CLASIFICADO;TT;TODAS CONSOLIDADAS;AREQUIPA;040000;1289;11437;19414;21,61;20,3;1,31;1,23;1,75;93525;80658;12867;122152;99572;22580;2157
2020;01;00;NO CLASIFICADO;TT;TODAS CONSOLIDADAS;CAJAMARCA;060000;646;6788;10654;14,64;12,19;1,17;1,17;1,14;34387;33949;438;40246;39746;500;1192
2020;01;00;NO CLASIFICADO;TT;TODAS CONSOLIDADAS;CALLAO;070000;271;3980;7394;41,77;39,13;1,05;1,04;1,14;148005;134372;13633;155383;139836;15547;1261
2020;01;00;NO CLASIFICADO;TT;TODAS CONSOLIDADAS;JUNÍN;120000;1316;14107;23000;20,63;16,74;1,13;1,13;1,17;105222;104769;453;119356;118824;532;2404
2020;01;00;NO CLASIFICADO;TT;TODAS CONSOLIDADAS;PASCO;190000;302;3679;5652;18,3;15,28;1,2;1,2;1,4;22225;22157;68;26778;26683;95;666
2020;01;01;HOTEL;01;1 ESTRELLA;LAMBAYEQUE;140000;4;122;184;14,12;12,25;1,32;1,31;1,71;531;524;7;699;687;12;17
2020;01;00;NO CLASIFICADO;TT;TODAS CONSOLIDADAS;HUANCAVELICA;090000;201;2353;3639;17,53;14,8;1,13;1,13;0;14759;14759;0;16692;16692;0;396
2020;01;00;NO CLASIFICADO;TT;TODAS CONSOLIDADAS;ICA;110000;720;8526;14828;22,9;18,77;1,14;1,14;1,1;75796;68337;7459;86258;78079;8179;1523
2020;01;00;NO CLASIFICADO;TT;TODAS CONSOLIDADAS;LA LIBERTAD;130000;832;7289;12133;42,38;36,65;1,13;1,11;1,57;122145;117707;4438;137843;130866;6977;1347
2020;01;00;NO CLASIFICADO;TT;TODAS CONSOLIDADAS;LIMA;150000;6145;54115;94446;34,29;32,41;1,32;1,29;2,02;3212800;3068173;144627;4238388;3945654;292734;51700
2020;01;00;NO CLASIFICADO;TT;TODAS CONSOLIDADAS;MADRE DE DIOS;170000;323;4680;7685;21,98;17,28;1,21;1,15;1,67;34078;30097;3981;41177;34531;6646;854
2020;01;00;NO CLASIFICADO;TT;TODAS CONSOLIDADAS;MOQUEGUA;180000;195;2035;3503;23,9;20;1,42;1,42;1,41;15288;14582;706;21718;20723;995;379
2020;01;00;NO CLASIFICADO;TT;TODAS CONSOLIDADAS;TUMBES;240000;219;2510;4971;23,03;19,84;1,47;1,39;1,72;20816;15777;5039;30580;21914;8666;469
2020;01;00;NO CLASIFICADO;TT;TODAS CONSOLIDADAS;UCAYALI;250000;475;5420;8247;27,31;22,85;2,09;2,1;1,95;27921;27030;891;58426;56690;1736;970
2020;01;00;NO CLASIFICADO;TT;TODAS CONSOLIDADAS;PIURA;200000;998;10596;19423;33,47;27,7;1,41;1,34;2,22;117877;108397;9480;166759;145724;21035;2070
2020;01;01;HOTEL;02;2 ESTRELLAS;MADRE DE DIOS;170000;3;92;183;13,6;10,1;1,58;1,69;1,13;363;293;70;573;494;79;16
2020;01;00;NO CLASIFICADO;TT;TODAS CONSOLIDADAS;SAN MARTÍN;220000;812;9433;14945;31,85;28,85;1,26;1,25;1,78;106446;104351;2095;133674;129939;3735;1631
2020;01;00;NO CLASIFICADO;TT;TODAS CONSOLIDADAS;TACNA;230000;449;4457;8085;12,73;10,78;1,28;1,28;1,31;21068;16982;4086;27024;21682;5342;577
2020;01;01;HOTEL;01;1 ESTRELLA;ÁNCASH;020000;5;170;267;19,87;17,24;1,45;1,42;2,14;983;946;37;1427;1348;79;16
2020;01;01;HOTEL;01;1 ESTRELLA;CAJAMARCA;060000;6;177;286;8,11;6,43;1,27;1,27;0;450;450;0;570;570;0;26
2020;01;01;HOTEL;01;1 ESTRELLA;CUSCO;080000;7;172;337;20,05;15,11;1,18;1,1;1,33;1341;883;458;1579;970;609;26
2020;01;01;HOTEL;01;1 ESTRELLA;JUNÍN;120000;7;265;535;11,86;7,96;1,25;1,25;0;1058;1058;0;1320;1320;0;25
2020;01;01;HOTEL;02;2 ESTRELLAS;HUANCAVELICA;090000;2;42;73;20,66;26,25;1,47;1,47;0;404;404;0;594;594;0;11
2020;01;01;HOTEL;01;1 ESTRELLA;MADRE DE DIOS;170000;1;22;40;12,76;10;1,13;1,13;0;110;110;0;124;124;0;3
2020;01;01;HOTEL;02;2 ESTRELLAS;CAJAMARCA;060000;38;1057;1689;17,25;13,21;1,25;1,25;1,14;5528;5470;58;6919;6853;66;165
2020;01;01;HOTEL;01;1 ESTRELLA;SAN MARTÍN;220000;6;126;180;35,15;38,3;1,32;1,32;1,52;1617;1584;33;2137;2087;50;25
2020;01;01;HOTEL;02;2 ESTRELLAS;ÁNCASH;020000;39;1057;1945;24,17;21,03;1,25;1,24;1,32;10184;10061;123;12680;12518;162;169
2020;01;01;HOTEL;02;2 ESTRELLAS;MOQUEGUA;180000;15;382;623;26,75;20,17;1,77;1,73;2,01;2199;1872;327;3896;3239;657;76
2020;01;01;HOTEL;02;2 ESTRELLAS;PASCO;190000;3;79;135;16,13;9,56;1;1;0;400;400;0;400;400;0;10
2020;01;01;HOTEL;02;2 ESTRELLAS;UCAYALI;250000;2;51;81;0;0;0;0;0;0;0;0;0;0;0;0
2020;01;01;HOTEL;02;2 ESTRELLAS;CUSCO;080000;54;1328;2505;23,42;20,72;1,53;1,46;1,56;10537;3687;6850;16088;5382;10706;466
2020;01;01;HOTEL;02;2 ESTRELLAS;HUÁNUCO;100000;41;1279;2030;26,13;22,77;1,16;1,16;1;12379;12342;37;14329;14292;37;214
2020;01;01;HOTEL;02;2 ESTRELLAS;LA LIBERTAD;130000;22;614;1120;38,38;26,62;1,07;1,07;1;8624;8578;46;9242;9196;46;103
2020;01;01;HOTEL;02;2 ESTRELLAS;LORETO;160000;15;372;597;23,4;22,96;2;2,03;1,88;2127;1684;443;4250;3417;833;61
2020;01;01;HOTEL;02;2 ESTRELLAS;TACNA;230000;36;984;2011;17,67;12,53;1,5;1,53;1,47;5220;2323;2897;7810;3544;4266;170
2020;01;01;HOTEL;03;3 ESTRELLAS;AYACUCHO;050000;6;220;427;21,28;16,32;1,87;1,96;1,44;1154;956;198;2160;1875;285;86
2020;01;01;HOTEL;03;3 ESTRELLAS;CALLAO;070000;3;160;288;29,42;19,89;1,43;1,21;1,61;1243;565;678;1776;683;1093;54
2020;01;01;HOTEL;03;3 ESTRELLAS;CUSCO;080000;78;2939;5748;30,71;28,7;1,78;1,89;1,76;28727;4507;24220;51132;8498;42634;1084
2020;01;01;HOTEL;03;3 ESTRELLAS;HUANCAVELICA;090000;2;65;108;7,54;7,08;1,38;1,36;2;172;168;4;237;229;8;18
2020;01;01;HOTEL;03;3 ESTRELLAS;HUÁNUCO;100000;13;532;974;20,69;16,15;1,63;1,64;1,57;2982;2907;75;4875;4757;118;152
2020;01;01;HOTEL;03;3 ESTRELLAS;ICA;110000;50;1785;3516;41,24;35,68;1,57;1,6;1,46;24761;19191;5570;38888;30736;8152;486
2020;01;01;HOTEL;03;3 ESTRELLAS;JUNÍN;120000;22;813;1556;18,43;12,28;1,58;1,52;2,52;3749;3524;225;5922;5354;568;239
2020;01;01;HOTEL;03;3 ESTRELLAS;LA LIBERTAD;130000;87;2525;4876;24,45;19,42;1,52;1,51;1,76;19249;17848;1401;29353;26891;2462;602
2020;01;01;HOTEL;03;3 ESTRELLAS;LAMBAYEQUE;140000;38;1273;2196;26,59;20;1,53;1,5;2,16;8899;8467;432;13612;12679;933;319
2020;01;01;HOTEL;03;3 ESTRELLAS;LIMA;150000;149;7403;14049;40,36;35,19;1,86;1,63;2,23;82381;50535;31846;153251;82263;70988;2148
2020;01;01;HOTEL;03;3 ESTRELLAS;PASCO;190000;5;137;239;45,16;24,92;1,15;1,15;0;1601;1601;0;1846;1846;0;27
2020;01;01;HOTEL;03;3 ESTRELLAS;PIURA;200000;12;405;704;38,07;32,47;1,56;1,42;2,44;4547;3934;613;7087;5590;1497;126
2020;01;01;HOTEL;03;3 ESTRELLAS;PUNO;210000;29;948;1834;23,88;21,18;1,49;1,55;1,46;8106;2278;5828;12044;3529;8515;260
2020;01;01;HOTEL;03;3 ESTRELLAS;TUMBES;240000;8;247;491;9;9,94;1,2;1,2;1,19;1264;486;778;1513;584;929;40
2020;01;01;HOTEL;03;3 ESTRELLAS;UCAYALI;250000;17;609;999;21,06;17,41;2,12;2,15;1,96;2538;2229;309;5392;4785;607;184
2020;01;01;HOTEL;04;4 ESTRELLAS;AREQUIPA;040000;10;471;926;24,93;22,62;1,88;1,88;1,87;3459;1631;1828;6493;3066;3427;219
2020;01;01;HOTEL;04;4 ESTRELLAS;CAJAMARCA;060000;4;214;368;30,34;29,59;1,9;1,86;2,12;1775;1501;274;3376;2794;582;221
2020;01;01;HOTEL;04;4 ESTRELLAS;CALLAO;070000;2;371;632;96,38;86,87;1,36;1,41;1,35;12556;1829;10727;17019;2585;14434;219
2020;01;01;HOTEL;04;4 ESTRELLAS;CUSCO;080000;14;1122;2179;44,16;43,04;1,95;1,68;2;14887;2133;12754;29075;3574;25501;705
2020;01;01;HOTEL;04;4 ESTRELLAS;HUÁNUCO;100000;1;52;90;30,52;23,26;1,72;1,67;2,11;378;341;37;649;571;78;25
2020;01;01;HOTEL;04;4 ESTRELLAS;ICA;110000;7;765;1570;42,68;48,09;1,86;1,95;1,64;12593;9009;3584;23406;17546;5860;418
2020;01;01;HOTEL;04;4 ESTRELLAS;JUNÍN;120000;1;40;66;10,65;13;1,52;1,55;1;175;165;10;266;256;10;19
2020;01;01;HOTEL;04;4 ESTRELLAS;LA LIBERTAD;130000;3;207;322;38,29;40,65;1,82;1,69;2,26;2224;1704;520;4058;2881;1177;89
2020;01;01;HOTEL;04;4 ESTRELLAS;LIMA;150000;42;4070;7177;44,12;36,32;1,92;1,47;2,19;42141;15967;26174;80799;23498;57301;2283
2020;01;01;HOTEL;04;4 ESTRELLAS;LORETO;160000;2;99;167;30,47;24,18;1,79;1,79;2,25;700;696;4;1252;1243;9;48
2020;01;01;HOTEL;04;4 ESTRELLAS;MOQUEGUA;180000;2;123;232;45,21;30,19;1,76;1,66;2,01;1233;882;351;2171;1465;706;33
2020;01;01;HOTEL;04;4 ESTRELLAS;PIURA;200000;2;181;340;57,24;48,77;1,88;1,82;2,08;2738;2096;642;5140;3805;1335;135
2020;01;01;HOTEL;04;4 ESTRELLAS;SAN MARTÍN;220000;1;50;108;28,84;23,75;1,78;1,74;3,33;447;435;12;795;755;40;35
2020;01;01;HOTEL;04;4 ESTRELLAS;TACNA;230000;1;150;300;63,63;65,05;1,99;1,84;2,04;3033;756;2277;6050;1394;4656;75
2020;01;01;HOTEL;04;4 ESTRELLAS;TUMBES;240000;5;261;507;56,37;56,34;1,95;1,98;1,82;4537;3722;815;8855;7375;1480;138
2020;01;01;HOTEL;05;5 ESTRELLAS;AREQUIPA;040000;3;241;352;32,22;34,21;1,94;1,94;1,94;1921;981;940;3733;1905;1828;182
2020;01;01;HOTEL;05;5 ESTRELLAS;CUSCO;080000;14;1246;2446;39,43;36,94;1,66;1,76;1,65;16831;1674;15157;28012;2951;25061;1481
2020;01;01;HOTEL;05;5 ESTRELLAS;ICA;110000;2;225;556;62,35;50,88;1,89;1,87;1,96;4628;3439;1189;8770;6445;2325;155
2020;01;01;HOTEL;05;5 ESTRELLAS;LA LIBERTAD;130000;2;267;534;38,69;33,5;1,88;1,79;2,31;2951;2429;522;5546;4341;1205;186
2020;01;01;HOTEL;05;5 ESTRELLAS;LIMA;150000;22;3855;6935;48,16;37,09;2,28;1,72;2,42;34910;6577;28333;79736;11287;68449;3770
2020;01;01;HOTEL;05;5 ESTRELLAS;LORETO;160000;1;60;88;62,37;67,41;1,79;1,99;1,69;1025;349;676;1839;695;1144;41
2020;01;01;HOTEL;05;5 ESTRELLAS;PIURA;200000;1;83;143;68,4;61,34;2,04;1,55;3,23;1333;946;387;2719;1470;1249;52
2020;01;01;HOTEL;05;5 ESTRELLAS;PUNO;210000;1;123;235;30,26;30,13;1,9;2,39;1,85;1157;92;1065;2195;220;1975;83
2020;01;01;HOTEL;05;5 ESTRELLAS;UCAYALI;250000;2;162;297;31,76;26,6;2,62;2,58;2,91;935;831;104;2449;2146;303;82
2020;01;01;HOTEL;TT;TODAS CONSOLIDADAS;AMAZONAS;010000;53;1380;2316;25,26;21,94;1,38;1,37;1,58;11433;10817;616;15752;14780;972;258
2020;01;01;HOTEL;TT;TODAS CONSOLIDADAS;ÁNCASH;020000;83;2567;4595;18,78;15,75;1,31;1,3;1,62;17119;16641;478;22437;21662;775;473
2020;01;01;HOTEL;TT;TODAS CONSOLIDADAS;APURÍMAC;030000;10;385;641;19,61;15,63;1,31;1,32;1,14;2365;2233;132;3106;2956;150;50
2020;01;01;HOTEL;TT;TODAS CONSOLIDADAS;AYACUCHO;050000;23;718;1309;21,26;16,3;1,75;1,77;1,43;3786;3517;269;6613;6228;385;170
2020;01;01;HOTEL;TT;TODAS CONSOLIDADAS;CUSCO;080000;167;6807;13215;32,83;30,73;1,74;1,66;1,76;72323;12884;59439;125886;21375;104511;3762
2020;01;01;HOTEL;TT;TODAS CONSOLIDADAS;HUANCAVELICA;090000;4;107;181;12,69;14,81;1,44;1,44;2;576;572;4;831;823;8;29
2020;01;01;HOTEL;TT;TODAS CONSOLIDADAS;HUÁNUCO;100000;65;2154;3528;24,76;20,71;1,23;1,23;1,56;18418;18269;149;22655;22422;233;432
2020;01;01;HOTEL;TT;TODAS CONSOLIDADAS;ICA;110000;117;4351;8370;36,31;34,14;1,58;1,58;1,58;55982;45273;10709;88593;71677;16916;1319
2020;01;01;HOTEL;TT;TODAS CONSOLIDADAS;JUNÍN;120000;57;1941;3635;17,01;12,01;1,42;1,39;2,31;9564;9285;279;13538;12894;644;409
2020;01;01;HOTEL;TT;TODAS CONSOLIDADAS;LA LIBERTAD;130000;116;3653;6921;28,82;22,82;1,45;1,41;1,95;33803;31286;2517;48954;44036;4918;985
2020;01;01;HOTEL;TT;TODAS CONSOLIDADAS;LAMBAYEQUE;140000;115;3705;5937;26,71;22,65;1,34;1,31;1,94;31182;29722;1460;41695;38868;2827;970
2020;01;01;HOTEL;TT;TODAS CONSOLIDADAS;LIMA;150000;323;19949;36675;43,19;36,23;1,84;1,5;2,27;243762;136555;107207;448674;204853;243821;10588
2020;01;01;HOTEL;TT;TODAS CONSOLIDADAS;LORETO;160000;44;1352;2252;29,01;26,4;2,08;2,13;1,93;8881;6514;2367;18432;13870;4562;370
2020;01;01;HOTEL;TT;TODAS CONSOLIDADAS;MADRE DE DIOS;170000;7;251;480;28,36;22,99;1,59;1,71;1,33;2156;1473;683;3421;2514;907;68
2020;01;01;HOTEL;TT;TODAS CONSOLIDADAS;PASCO;190000;11;294;525;28,03;18,15;1,33;1,33;0;2216;2216;0;2954;2954;0;48
2020;01;01;HOTEL;TT;TODAS CONSOLIDADAS;PIURA;200000;37;1215;2115;39,26;33,27;1,75;1,64;2,4;12468;10625;1843;21816;17394;4422;414
2020;01;01;HOTEL;TT;TODAS CONSOLIDADAS;PUNO;210000;69;2335;4400;21,51;19,69;1,5;1,45;1,53;17900;7295;10605;26859;10595;16264;638
2020;01;01;HOTEL;TT;TODAS CONSOLIDADAS;UCAYALI;250000;26;1110;1883;24,37;21,23;2,31;2,3;2,33;5374;4674;700;12394;10761;1633;408
2020;01;02;APART HOTEL;03;3 ESTRELLAS;ÁNCASH;020000;2;16;44;27,42;27,2;2,44;2,18;3,44;152;120;32;371;261;110;4
2020;01;02;APART HOTEL;03;3 ESTRELLAS;AREQUIPA;040000;1;18;36;13,98;13,53;2,44;2,53;2,32;62;34;28;151;86;65;4
2020;01;02;APART HOTEL;03;3 ESTRELLAS;ICA;110000;1;17;34;26;13,38;1;1;0;141;141;0;141;141;0;4
2020;01;02;APART HOTEL;03;3 ESTRELLAS;LA LIBERTAD;130000;1;11;24;0;0;0;0;0;0;0;0;0;0;0;0
2020;01;02;APART HOTEL;03;3 ESTRELLAS;LIMA;150000;7;177;327;41,77;36,95;3,32;2,6;3,56;1130;290;840;3746;753;2993;84
2020;01;02;APART HOTEL;03;3 ESTRELLAS;LORETO;160000;1;45;94;14,84;10,02;1,19;1,19;1;246;242;4;292;288;4;12
2020;01;02;APART HOTEL;03;3 ESTRELLAS;TUMBES;240000;1;6;26;0;0;0;0;0;0;0;0;0;0;0;0
2020;01;02;APART HOTEL;04;4 ESTRELLAS;AREQUIPA;040000;1;19;36;20,03;29,75;2,02;2,16;1,81;164;100;64;332;216;116;5
2020;01;02;APART HOTEL;04;4 ESTRELLAS;LA LIBERTAD;130000;1;27;57;0;0;0;0;0;0;0;0;0;0;0;0
2020;01;02;APART HOTEL;04;4 ESTRELLAS;LIMA;150000;8;453;874;38,33;33,22;2,27;1,63;2,5;3969;1055;2914;9000;1724;7276;272
2020;01;02;APART HOTEL;04;4 ESTRELLAS;SAN MARTÍN;220000;1;20;52;55,97;40,38;2,01;2,06;1,63;324;283;41;651;584;67;23
2020;01;02;APART HOTEL;TT;TODAS CONSOLIDADAS;ÁNCASH;020000;2;16;44;27,42;27,2;2,44;2,18;3,44;152;120;32;371;261;110;4
2020;01;02;APART HOTEL;TT;TODAS CONSOLIDADAS;APURÍMAC;030000;1;23;31;43,76;50,26;2,25;1,78;3,54;215;158;57;483;281;202;10
2020;01;02;APART HOTEL;TT;TODAS CONSOLIDADAS;LA LIBERTAD;130000;2;38;81;0;0;0;0;0;0;0;0;0;0;0;0
2020;01;02;APART HOTEL;TT;TODAS CONSOLIDADAS;LIMA;150000;23;1141;2043;36,6;31,71;2,77;1,96;3,05;7261;1899;5362;20083;3718;16365;768
2020;01;02;APART HOTEL;TT;TODAS CONSOLIDADAS;PASCO;190000;1;15;22;33,33;22,73;3,78;4,17;1;41;36;5;155;150;5;8
2020;01;02;APART HOTEL;TT;TODAS CONSOLIDADAS;TUMBES;240000;1;6;26;0;0;0;0;0;0;0;0;0;0;0;0
2020;01;03;HOSTAL;01;1 ESTRELLA;ÁNCASH;020000;46;599;976;32,14;30,44;1,15;1,16;1,13;7977;7840;137;9211;9056;155;107
2020;01;03;HOSTAL;01;1 ESTRELLA;AREQUIPA;040000;58;861;1362;32,89;28,41;1,19;1,18;1,45;10101;9655;446;11995;11349;646;146
2020;01;03;HOSTAL;01;1 ESTRELLA;AYACUCHO;050000;3;86;157;28,84;18,47;1,76;1,76;0;510;510;0;899;899;0;8
2020;01;03;HOSTAL;01;1 ESTRELLA;CAJAMARCA;060000;23;390;644;17,15;15,11;1,31;1,31;1,05;2304;2285;19;3017;2997;20;70
2020;01;03;HOSTAL;01;1 ESTRELLA;CALLAO;070000;10;183;366;36,22;36,16;1,01;1,01;1;4041;3946;95;4064;3969;95;30
2020;01;03;HOSTAL;01;1 ESTRELLA;CUSCO;080000;31;486;833;23,26;20,18;1,23;1,2;1,69;4235;3983;252;5212;4785;427;75
2020;01;03;HOSTAL;01;1 ESTRELLA;HUANCAVELICA;090000;1;21;34;32,72;20,49;1,07;1,07;0;202;202;0;216;216;0;3
2020;01;03;HOSTAL;01;1 ESTRELLA;HUÁNUCO;100000;15;232;339;67,74;56,37;1,04;1,03;1,48;5710;5658;52;5924;5847;77;53
2020;01;03;HOSTAL;01;1 ESTRELLA;ICA;110000;14;194;296;31,14;30,47;1;1;1;2796;2749;47;2796;2749;47;34
2020;01;03;HOSTAL;01;1 ESTRELLA;JUNÍN;120000;13;174;318;25,86;18,14;1,2;1,2;1,86;1492;1485;7;1788;1775;13;33
2020;01;01;HOTEL;03;3 ESTRELLAS;LORETO;160000;26;821;1400;28,93;25,56;2,21;2,25;2,07;5029;3785;1244;11091;8515;2576;220
2020;01;01;HOTEL;03;3 ESTRELLAS;MADRE DE DIOS;170000;3;137;257;40,78;34,19;1,62;1,77;1,35;1683;1070;613;2724;1896;828;49
2020;01;01;HOTEL;TT;TODAS CONSOLIDADAS;CAJAMARCA;060000;102;3161;5317;17,42;14,54;1,52;1,51;1,76;15773;15055;718;23969;22702;1267;791
2020;01;01;HOTEL;03;3 ESTRELLAS;MOQUEGUA;180000;7;249;454;46,22;32,2;1,58;1,59;1,54;2869;2390;479;4532;3792;740;53
2020;01;01;HOTEL;04;4 ESTRELLAS;LAMBAYEQUE;140000;5;381;615;52,03;52,96;1,42;1,37;1,81;7097;6267;830;10096;8591;1505;335
2020;01;01;HOTEL;04;4 ESTRELLAS;PUNO;210000;7;447;843;26,07;25,57;1,66;2;1,59;4030;671;3359;6683;1340;5343;186
2020;01;01;HOTEL;04;4 ESTRELLAS;UCAYALI;250000;5;288;506;31,52;29,03;2,4;2,37;2,52;1901;1614;287;4553;3830;723;142
2020;01;01;HOTEL;TT;TODAS CONSOLIDADAS;CALLAO;070000;5;531;920;76,2;65,9;1,36;1,37;1,36;13799;2394;11405;18795;3268;15527;273
2020;01;01;HOTEL;TT;TODAS CONSOLIDADAS;MOQUEGUA;180000;25;774;1350;35,26;25,33;1,68;1,65;1,82;6301;5144;1157;10599;8496;2103;162
2020;01;01;HOTEL;TT;TODAS CONSOLIDADAS;TUMBES;240000;19;724;1434;29,89;30,86;1,78;1,85;1,58;7723;5636;2087;13720;10424;3296;233
2020;01;02;APART HOTEL;03;3 ESTRELLAS;PASCO;190000;1;15;22;33,33;22,73;3,78;4,17;1;41;36;5;155;150;5;8
2020;01;01;HOTEL;03;3 ESTRELLAS;SAN MARTÍN;220000;23;818;1490;51,02;43,62;3,09;3,03;3,98;6526;6146;380;20149;18636;1513;229
2020;01;01;HOTEL;03;3 ESTRELLAS;TACNA;230000;16;617;1296;28,74;29,07;1,83;1,65;1,9;6399;1885;4514;11681;3110;8571;201
2020;01;01;HOTEL;TT;TODAS CONSOLIDADAS;AREQUIPA;040000;128;4130;7510;21,29;18,31;1,74;1,72;1,79;24499;17504;6995;42628;30138;12490;1197
2020;01;01;HOTEL;TT;TODAS CONSOLIDADAS;SAN MARTÍN;220000;55;1695;2938;39,95;35,81;2,35;2,31;3,25;13902;13305;597;32616;30675;1941;427
2020;01;02;APART HOTEL;TT;TODAS CONSOLIDADAS;SAN MARTÍN;220000;1;20;52;55,97;40,38;2,01;2,06;1,63;324;283;41;651;584;67;23
2020;01;01;HOTEL;TT;TODAS CONSOLIDADAS;TACNA;230000;55;1808;3719;25,3;22,62;1,74;1,62;1,81;14984;5266;9718;26083;8532;17551;451
2020;01;02;APART HOTEL;03;3 ESTRELLAS;APURÍMAC;030000;1;23;31;43,76;50,26;2,25;1,78;3,54;215;158;57;483;281;202;10
2020;01;03;HOSTAL;01;1 ESTRELLA;APURÍMAC;030000;2;24;39;67,07;71,63;1;1;0;866;866;0;866;866;0;6
2020;01;02;APART HOTEL;05;5 ESTRELLAS;LIMA;150000;8;511;842;33,28;28,11;3,39;2,24;3,79;2162;554;1608;7337;1241;6096;412
2020;01;02;APART HOTEL;TT;TODAS CONSOLIDADAS;AREQUIPA;040000;2;37;72;17,09;21,64;2,14;2,25;1,97;226;134;92;483;302;181;9
2020;01;02;APART HOTEL;TT;TODAS CONSOLIDADAS;ICA;110000;1;17;34;26;13,38;1;1;0;141;141;0;141;141;0;4
2020;01;02;APART HOTEL;TT;TODAS CONSOLIDADAS;LORETO;160000;1;45;94;14,84;10,02;1,19;1,19;1;246;242;4;292;288;4;12
2020;01;03;HOSTAL;01;1 ESTRELLA;AMAZONAS;010000;17;258;363;16,72;14,08;1,18;1,18;1,33;1339;1333;6;1584;1576;8;43
2020;01;03;HOSTAL;01;1 ESTRELLA;LA LIBERTAD;130000;35;496;867;30,94;27,74;1,27;1,27;1,27;5890;5781;109;7456;7318;138;87
2020;01;03;HOSTAL;01;1 ESTRELLA;LAMBAYEQUE;140000;22;299;428;27,61;24,68;1,17;1,16;1,27;2810;2747;63;3275;3195;80;56
2020;01;03;HOSTAL;01;1 ESTRELLA;LIMA;150000;63;1297;2641;24,11;23,27;1,06;1,06;1,2;19974;19510;464;21231;20674;557;247
2020;01;03;HOSTAL;01;1 ESTRELLA;LORETO;160000;6;94;144;21,21;16,51;1,88;1,77;2,22;393;299;94;737;528;209;18
2020;01;03;HOSTAL;01;1 ESTRELLA;MOQUEGUA;180000;17;237;413;33,59;26,77;1,19;1,19;1,16;2892;2684;208;3428;3187;241;45
2020;01;03;HOSTAL;01;1 ESTRELLA;PASCO;190000;21;339;546;16,71;12,77;1,12;1,12;1,13;1927;1919;8;2161;2152;9;48
2020;01;03;HOSTAL;01;1 ESTRELLA;PIURA;200000;3;69;107;32,12;20,47;2,37;2,38;1,25;287;283;4;679;674;5;8
2020;01;03;HOSTAL;01;1 ESTRELLA;PUNO;210000;22;394;686;18,46;14,49;1,01;1,01;1;3059;2755;304;3082;2778;304;52
2020;01;03;HOSTAL;01;1 ESTRELLA;SAN MARTÍN;220000;2;35;63;37,88;22,99;1,88;1,89;1;239;237;2;449;447;2;7
2020;01;03;HOSTAL;01;1 ESTRELLA;TACNA;230000;11;194;341;30,99;24,27;1,03;1,03;1,04;2481;1364;1117;2566;1401;1165;34
2020;01;03;HOSTAL;02;2 ESTRELLAS;AMAZONAS;010000;58;1015;1698;41,45;29,45;1,03;1,03;1;15035;15003;32;15501;15469;32;169
2020;01;03;HOSTAL;02;2 ESTRELLAS;ÁNCASH;020000;123;2036;3490;30,96;30,53;1,11;1,11;1,16;29825;29702;123;33026;32883;143;361
2020;01;03;HOSTAL;02;2 ESTRELLAS;APURÍMAC;030000;5;126;184;39,22;32,63;1,08;1,08;1;1722;1721;1;1861;1860;1;22
2020;01;03;HOSTAL;02;2 ESTRELLAS;AREQUIPA;040000;133;2167;3877;22,85;20,87;1,22;1,21;1,37;20499;18596;1903;25086;22486;2600;392
2020;01;03;HOSTAL;02;2 ESTRELLAS;CAJAMARCA;060000;112;2144;3456;17,38;15,97;1,29;1,29;1,45;13285;13141;144;17113;16904;209;328
2020;01;03;HOSTAL;02;2 ESTRELLAS;CALLAO;070000;6;179;344;84,69;81,36;1,03;1,01;1,7;9076;8906;169;9322;9035;287;41
2020;01;03;HOSTAL;02;2 ESTRELLAS;CUSCO;080000;66;1089;1937;21,45;17,31;1,4;1,38;1,48;7402;5557;1845;10393;7671;2722;205
2020;01;03;HOSTAL;02;2 ESTRELLAS;HUANCAVELICA;090000;1;10;18;31,94;19,71;1;1;0;110;110;0;110;110;0;5
2020;01;03;HOSTAL;02;2 ESTRELLAS;HUÁNUCO;100000;21;291;465;36,65;28,19;1,03;1,03;1;3935;3923;12;4064;4052;12;64
2020;01;03;HOSTAL;02;2 ESTRELLAS;ICA;110000;66;995;1702;26;23,85;1,12;1,12;1,13;11272;10867;405;12586;12128;458;183
2020;01;03;HOSTAL;02;2 ESTRELLAS;JUNÍN;120000;29;516;952;18,75;14,23;1,39;1,39;1,41;3023;2994;29;4199;4158;41;101
2020;01;03;HOSTAL;02;2 ESTRELLAS;LA LIBERTAD;130000;151;2467;4482;34,44;30,85;1,24;1,23;2,06;34448;33794;654;42859;41513;1346;459
2020;01;03;HOSTAL;02;2 ESTRELLAS;LAMBAYEQUE;140000;160;2381;3384;29,07;23,68;1,18;1,18;1,18;21020;20713;307;24843;24481;362;470
2020;01;03;HOSTAL;02;2 ESTRELLAS;LIMA;150000;115;2700;5106;39,95;35,18;1,5;1,39;2,56;52963;47959;5004;79617;66789;12828;827
2020;01;03;HOSTAL;02;2 ESTRELLAS;MOQUEGUA;180000;32;398;655;27,8;20,37;1,73;1,69;2,69;2386;2278;108;4136;3845;291;73
2020;01;03;HOSTAL;02;2 ESTRELLAS;PASCO;190000;11;174;333;30,11;18,32;1,11;1,11;0;1706;1706;0;1891;1891;0;33
2020;01;03;HOSTAL;02;2 ESTRELLAS;PIURA;200000;28;568;935;38,72;30,93;1,65;1,64;1,81;5418;5045;373;8965;8291;674;119
2020;01;03;HOSTAL;02;2 ESTRELLAS;PUNO;210000;42;636;1200;22,08;16,58;1,5;1,53;1,32;4102;3595;507;6168;5501;667;122
2020;01;03;HOSTAL;02;2 ESTRELLAS;SAN MARTÍN;220000;17;272;466;34,24;25,45;1,71;1,71;1,64;2151;2090;61;3676;3576;100;64
2020;01;03;HOSTAL;02;2 ESTRELLAS;TACNA;230000;34;573;1099;16,68;17,15;1,43;1,45;1,42;4093;687;3406;5842;996;4846;100
2020;01;03;HOSTAL;02;2 ESTRELLAS;TUMBES;240000;3;35;66;0;0;0;0;0;0;0;0;0;0;0;0
2020;01;03;HOSTAL;02;2 ESTRELLAS;UCAYALI;250000;2;70;121;21,94;15,89;1,44;1,44;1,46;414;401;13;596;577;19;13
2020;01;03;HOSTAL;03;3 ESTRELLAS;AMAZONAS;010000;9;120;253;50,35;21,65;1,15;1,14;1,17;1479;1230;249;1698;1406;292;25
2020;01;03;HOSTAL;03;3 ESTRELLAS;ÁNCASH;020000;21;336;597;14,05;10,58;1,46;1,46;1,34;1344;1297;47;1958;1895;63;71
2020;01;03;HOSTAL;03;3 ESTRELLAS;APURÍMAC;030000;1;24;43;34,27;19,13;1,58;1,59;1;161;159;2;255;253;2;7
2020;01;03;HOSTAL;03;3 ESTRELLAS;AREQUIPA;040000;42;730;1414;20,27;18,35;1,91;1,88;1,95;4215;2621;1594;8044;4933;3111;195
2020;01;03;HOSTAL;03;3 ESTRELLAS;CAJAMARCA;060000;43;722;1225;15,82;12,83;1,37;1,37;1,53;3548;3503;45;4871;4802;69;134
2020;01;03;HOSTAL;03;3 ESTRELLAS;CUSCO;080000;25;466;908;13,81;11,95;1,95;1,77;2,07;1729;731;998;3363;1297;2066;101
2020;01;03;HOSTAL;03;3 ESTRELLAS;HUÁNUCO;100000;1;14;24;0;0;0;0;0;0;0;0;0;0;0;0
2020;01;03;HOSTAL;03;3 ESTRELLAS;ICA;110000;35;636;1197;32,94;26,51;1,25;1,28;1,12;7899;6196;1703;9837;7923;1914;163
2020;01;03;HOSTAL;03;3 ESTRELLAS;JUNÍN;120000;3;60;103;29,09;22,2;1,48;1,48;0;480;480;0;709;709;0;25
2020;01;03;HOSTAL;03;3 ESTRELLAS;LA LIBERTAD;130000;68;1111;2078;30,45;24,19;1,26;1,26;1,6;12337;12109;228;15584;15219;365;223
2020;01;03;HOSTAL;03;3 ESTRELLAS;LAMBAYEQUE;140000;33;494;748;19,87;16,06;1,13;1,12;1,26;3297;3161;136;3723;3551;172;124
2020;01;03;HOSTAL;03;3 ESTRELLAS;LIMA;150000;17;381;753;22,98;18,17;1,32;1,3;1,51;3284;2878;406;4350;3736;614;100
2020;01;03;HOSTAL;03;3 ESTRELLAS;LORETO;160000;7;114;197;25,3;22,58;2,37;2,41;2,05;582;519;63;1379;1250;129;32
2020;01;03;HOSTAL;03;3 ESTRELLAS;MOQUEGUA;180000;3;40;64;17,34;16,78;1,32;1,32;1,2;252;247;5;333;327;6;6
2020;01;03;HOSTAL;03;3 ESTRELLAS;PASCO;190000;1;9;18;0;0;0;0;0;0;0;0;0;0;0;0
2020;01;03;HOSTAL;03;3 ESTRELLAS;PUNO;210000;9;175;340;20,92;18,4;1,59;1,63;1,5;1218;885;333;1939;1440;499;43
2020;01;03;HOSTAL;03;3 ESTRELLAS;SAN MARTÍN;220000;6;110;211;21,91;27,87;1,18;1,14;1,81;1544;1448;96;1823;1649;174;33
2020;01;03;HOSTAL;03;3 ESTRELLAS;TACNA;230000;9;160;337;28,17;26,33;2,17;2,06;2,24;1270;535;735;2751;1101;1650;34
2020;01;03;HOSTAL;TT;TODAS CONSOLIDADAS;AMAZONAS;010000;84;1393;2314;37,64;26,18;1,05;1,05;1,16;17853;17566;287;18783;18451;332;237
2020;01;03;HOSTAL;TT;TODAS CONSOLIDADAS;AREQUIPA;040000;233;3758;6653;24,65;21,88;1,3;1,26;1,61;34815;30872;3943;45125;38768;6357;733
2020;01;03;HOSTAL;TT;TODAS CONSOLIDADAS;AYACUCHO;050000;9;173;308;27,95;21,84;1,65;1,63;2,03;1267;1209;58;2085;1967;118;45
2020;01;03;HOSTAL;TT;TODAS CONSOLIDADAS;CAJAMARCA;060000;178;3256;5325;17,01;15,15;1,31;1,31;1,43;19137;18929;208;25001;24703;298;532
2020;01;03;HOSTAL;TT;TODAS CONSOLIDADAS;CALLAO;070000;16;362;710;61,72;59,44;1,02;1,01;1,45;13287;13020;267;13562;13174;388;71
2020;01;03;HOSTAL;TT;TODAS CONSOLIDADAS;HUANCAVELICA;090000;5;88;142;26,58;20,79;1,18;1,18;0;775;775;0;915;915;0;15
2020;01;03;HOSTAL;TT;TODAS CONSOLIDADAS;HUÁNUCO;100000;37;537;828;49,13;38,91;1,04;1,03;1,39;9645;9581;64;9988;9899;89;117
2020;01;03;HOSTAL;TT;TODAS CONSOLIDADAS;ICA;110000;115;1825;3195;28,97;25,46;1,15;1,15;1,12;21967;19812;2155;25219;22800;2419;380
2020;01;03;HOSTAL;TT;TODAS CONSOLIDADAS;JUNÍN;120000;45;750;1373;21,23;15,73;1,34;1,34;1,5;4995;4959;36;6696;6642;54;159
2020;01;03;HOSTAL;TT;TODAS CONSOLIDADAS;LA LIBERTAD;130000;254;4074;7427;32,93;28,62;1,25;1,24;1,87;52675;51684;991;65899;64050;1849;769
2020;01;03;HOSTAL;TT;TODAS CONSOLIDADAS;LAMBAYEQUE;140000;215;3174;4560;27,5;22,52;1,17;1,17;1,21;27127;26621;506;31841;31227;614;650
2020;01;03;HOSTAL;TT;TODAS CONSOLIDADAS;LIMA;150000;195;4378;8500;31,88;28,38;1,34;1,27;2,22;68505;63318;5186;92032;80503;11529;1124
2020;01;03;HOSTAL;TT;TODAS CONSOLIDADAS;LORETO;160000;18;287;468;39,05;39,81;1,97;1,96;2,11;2928;2694;234;5775;5282;493;68
2020;01;03;HOSTAL;TT;TODAS CONSOLIDADAS;MADRE DE DIOS;170000;4;77;119;27,36;20,98;1,78;1,88;1,35;435;354;81;774;665;109;13
2020;01;03;HOSTAL;TT;TODAS CONSOLIDADAS;MOQUEGUA;180000;52;675;1132;29,21;22,5;1,43;1,41;1,68;5530;5209;321;7897;7359;538;124
2020;01;03;HOSTAL;TT;TODAS CONSOLIDADAS;PASCO;190000;33;522;897;20,89;14,57;1,12;1,12;1,13;3633;3625;8;4052;4043;9;81
2020;01;03;HOSTAL;TT;TODAS CONSOLIDADAS;PIURA;200000;35;715;1217;35,48;27,95;1,75;1,69;2,48;6017;5522;495;10545;9316;1229;140
2020;01;03;HOSTAL;TT;TODAS CONSOLIDADAS;PUNO;210000;73;1205;2226;20,73;16,21;1,34;1,34;1,28;8379;7235;1144;11189;9719;1470;217
2020;01;03;HOSTAL;TT;TODAS CONSOLIDADAS;SAN MARTÍN;220000;25;417;740;31,29;25,93;1,51;1,5;1,74;3934;3775;159;5948;5672;276;104
2020;01;03;HOSTAL;TT;TODAS CONSOLIDADAS;TUMBES;240000;7;104;216;33,9;23,36;1,26;1,25;1,33;1243;1127;116;1564;1410;154;13
2020;01;03;HOSTAL;TT;TODAS CONSOLIDADAS;UCAYALI;250000;4;115;188;16,33;14,48;1,57;1,58;1,46;536;523;13;844;825;19;21
2020;01;05;ALBERGUE;12;ALBERGUE;ÁNCASH;020000;4;43;103;4,73;3,32;1,45;1,44;1,48;73;52;21;106;75;31;12
2020;01;05;ALBERGUE;12;ALBERGUE;AREQUIPA;040000;5;56;123;9,1;8,71;1,27;1,74;1,04;261;86;175;332;150;182;35
2020;01;05;ALBERGUE;12;ALBERGUE;CUSCO;080000;17;248;758;35,64;37,05;1,72;1,76;1,71;5070;356;4714;8706;628;8078;79
2020;01;05;ALBERGUE;12;ALBERGUE;ICA;110000;2;18;43;28,32;27,83;1,55;1,58;1,48;239;175;64;371;276;95;5
2020;01;05;ALBERGUE;12;ALBERGUE;LIMA;150000;8;129;406;23,96;23,5;1,44;1,28;1,58;2049;933;1116;2958;1190;1768;44
2020;01;05;ALBERGUE;12;ALBERGUE;LORETO;160000;55;786;1655;13,28;10,28;2,52;2,62;2,5;2091;324;1767;5275;850;4425;309
2020;01;05;ALBERGUE;12;ALBERGUE;PASCO;190000;9;169;439;3,21;2,83;1,96;1,83;3,28;196;178;18;385;326;59;33
2020;01;03;HOSTAL;01;1 ESTRELLA;MADRE DE DIOS;170000;1;18;33;0;0;0;0;0;0;0;0;0;0;0;0
2020;01;03;HOSTAL;02;2 ESTRELLAS;AYACUCHO;050000;4;49;74;26;29,08;1,31;1,29;1,75;511;491;20;667;632;35;12
2020;01;03;HOSTAL;03;3 ESTRELLAS;AYACUCHO;050000;2;38;77;28,44;21,74;2,11;2,1;2,18;246;208;38;519;436;83;25
2020;01;03;HOSTAL;03;3 ESTRELLAS;HUANCAVELICA;090000;3;57;90;23,37;21,11;1,27;1,27;0;463;463;0;589;589;0;7
2020;01;03;HOSTAL;03;3 ESTRELLAS;TUMBES;240000;4;69;150;51,1;33,63;1,26;1,25;1,33;1243;1127;116;1564;1410;154;13
2020;01;03;HOSTAL;03;3 ESTRELLAS;UCAYALI;250000;2;45;67;7,6;11,94;2,03;2,03;0;122;122;0;248;248;0;8
2020;01;03;HOSTAL;TT;TODAS CONSOLIDADAS;ÁNCASH;020000;190;2971;5063;29,29;28,16;1,13;1,13;1,18;39146;38839;307;44195;43834;361;539
2020;01;05;ALBERGUE;12;ALBERGUE;MADRE DE DIOS;170000;7;209;479;24,43;21,79;2,52;2,46;2,53;1282;85;1197;3235;209;3026;288
2020;01;03;HOSTAL;02;2 ESTRELLAS;LORETO;160000;5;79;127;80,11;92,94;1,87;1,87;2,01;1953;1876;77;3659;3504;155;18
2020;01;03;HOSTAL;02;2 ESTRELLAS;MADRE DE DIOS;170000;2;37;57;49,61;36,22;1,83;1,97;1,35;350;271;79;640;533;107;11
2020;01;03;HOSTAL;03;3 ESTRELLAS;MADRE DE DIOS;170000;1;22;29;12,32;14,91;1,58;1,59;1;85;83;2;134;132;2;2
2020;01;03;HOSTAL;03;3 ESTRELLAS;PIURA;200000;4;78;175;14,89;16,61;2,89;1,81;4,66;312;194;118;901;351;550;13
2020;01;03;HOSTAL;TT;TODAS CONSOLIDADAS;APURÍMAC;030000;8;174;266;42,38;36,16;1,08;1,08;1;2749;2746;3;2982;2979;3;35
2020;01;03;HOSTAL;TT;TODAS CONSOLIDADAS;CUSCO;080000;122;2041;3678;20,14;16,64;1,42;1,34;1,68;13366;10271;3095;18968;13753;5215;381
2020;01;03;HOSTAL;TT;TODAS CONSOLIDADAS;TACNA;230000;54;927;1777;21,66;20,26;1,42;1,35;1,46;7844;2586;5258;11159;3498;7661;168
2020;01;05;ALBERGUE;12;ALBERGUE;PUNO;210000;1;13;35;6,2;5,44;1,26;1,27;1;47;45;2;59;57;2;6
2020;01;05;ALBERGUE;12;ALBERGUE;SAN MARTÍN;220000;9;143;333;58,36;51,77;2,91;2,91;2,79;1836;1794;42;5344;5227;117;42
2020;01;05;ALBERGUE;12;ALBERGUE;UCAYALI;250000;3;38;99;7,3;2,97;2,07;1,59;2,55;44;22;22;91;35;56;17
2020;01;05;ALBERGUE;TT;TODAS CONSOLIDADAS;ÁNCASH;020000;4;43;103;4,73;3,32;1,45;1,44;1,48;73;52;21;106;75;31;12
2020;01;05;ALBERGUE;TT;TODAS CONSOLIDADAS;AREQUIPA;040000;5;56;123;9,1;8,71;1,27;1,74;1,04;261;86;175;332;150;182;35
2020;01;05;ALBERGUE;TT;TODAS CONSOLIDADAS;CUSCO;080000;17;248;758;35,64;37,05;1,72;1,76;1,71;5070;356;4714;8706;628;8078;79
2020;01;05;ALBERGUE;TT;TODAS CONSOLIDADAS;ICA;110000;2;18;43;28,32;27,83;1,55;1,58;1,48;239;175;64;371;276;95;5
2020;01;05;ALBERGUE;TT;TODAS CONSOLIDADAS;LIMA;150000;8;129;406;23,96;23,5;1,44;1,28;1,58;2049;933;1116;2958;1190;1768;44
2020;01;05;ALBERGUE;TT;TODAS CONSOLIDADAS;LORETO;160000;55;786;1655;13,28;10,28;2,52;2,62;2,5;2091;324;1767;5275;850;4425;309
2020;01;05;ALBERGUE;TT;TODAS CONSOLIDADAS;MADRE DE DIOS;170000;7;209;479;24,43;21,79;2,52;2,46;2,53;1282;85;1197;3235;209;3026;288
2020;01;05;ALBERGUE;TT;TODAS CONSOLIDADAS;PUNO;210000;1;13;35;6,2;5,44;1,26;1,27;1;47;45;2;59;57;2;6
2020;01;05;ALBERGUE;TT;TODAS CONSOLIDADAS;SAN MARTÍN;220000;9;143;333;58,36;51,77;2,91;2,91;2,79;1836;1794;42;5344;5227;117;42
2020;01;05;ALBERGUE;TT;TODAS CONSOLIDADAS;UCAYALI;250000;3;38;99;7,3;2,97;2,07;1,59;2,55;44;22;22;91;35;56;17
2020;01;14;RESORT;03;3 ESTRELLAS;ICA;110000;1;43;80;36,98;40,08;1,22;1,22;1,43;816;809;7;994;984;10;18
2020;01;14;RESORT;03;3 ESTRELLAS;TUMBES;240000;1;24;48;6,72;8,47;1,06;1,06;1,07;119;90;29;126;95;31;9
2020;01;14;RESORT;04;4 ESTRELLAS;TUMBES;240000;1;401;1058;94,98;88,66;2,87;2,69;4,05;10127;8757;1370;29080;23531;5549;435
2020;01;14;RESORT;05;5 ESTRELLAS;ICA;110000;2;235;490;72,49;75,14;1,92;1,9;1,96;5948;4151;1797;11414;7899;3515;300
2020;01;14;RESORT;05;5 ESTRELLAS;LIMA;150000;1;120;265;17,88;18,78;1,59;1,59;1,53;972;897;75;1543;1428;115;47
2020;01;14;RESORT;TT;TODAS CONSOLIDADAS;ICA;110000;3;278;570;67;70,22;1,83;1,79;1,95;6764;4960;1804;12408;8883;3525;318
2020;01;14;RESORT;TT;TODAS CONSOLIDADAS;LIMA;150000;1;120;265;17,88;18,78;1,59;1,59;1,53;972;897;75;1543;1428;115;47
2020;01;14;RESORT;TT;TODAS CONSOLIDADAS;TUMBES;240000;2;425;1106;90;85,18;2,85;2,67;3,99;10246;8847;1399;29206;23626;5580;444
2020;01;16;ECOLODGE;13;ECOLODGE;AREQUIPA;040000;2;58;148;31,65;26,02;1,46;1,49;1,44;820;256;564;1194;382;812;84
2020;01;16;ECOLODGE;13;ECOLODGE;SAN MARTÍN;220000;1;12;24;0;0;0;0;0;0;0;0;0;0;0;0
2020;01;16;ECOLODGE;TT;TODAS CONSOLIDADAS;AREQUIPA;040000;2;58;148;31,65;26,02;1,46;1,49;1,44;820;256;564;1194;382;812;84
2020;01;16;ECOLODGE;TT;TODAS CONSOLIDADAS;SAN MARTÍN;220000;1;12;24;0;0;0;0;0;0;0;0;0;0;0;0
2020;01;TT;TODAS CONSOLIDADAS;00;NO CATEGORIZADO;AMAZONAS;010000;251;2525;4049;22,73;16,22;1,12;1,11;1,19;18243;17655;588;20362;19662;700;430
2020;01;TT;TODAS CONSOLIDADAS;00;NO CATEGORIZADO;AREQUIPA;040000;1289;11437;19414;21,61;20,3;1,31;1,23;1,75;93525;80658;12867;122152;99572;22580;2157
2020;01;TT;TODAS CONSOLIDADAS;00;NO CATEGORIZADO;CALLAO;070000;271;3980;7394;41,77;39,13;1,05;1,04;1,14;148005;134372;13633;155383;139836;15547;1261
2020;01;TT;TODAS CONSOLIDADAS;00;NO CATEGORIZADO;HUANCAVELICA;090000;201;2353;3639;17,53;14,8;1,13;1,13;0;14759;14759;0;16692;16692;0;396
2020;01;TT;TODAS CONSOLIDADAS;00;NO CATEGORIZADO;HUÁNUCO;100000;490;5623;8330;28,01;24,51;1,34;1,34;1,17;47293;47174;119;63286;63147;139;963
2020;01;TT;TODAS CONSOLIDADAS;00;NO CATEGORIZADO;LA LIBERTAD;130000;832;7289;12133;42,38;36,65;1,13;1,11;1,57;122145;117707;4438;137843;130866;6977;1347
2020;01;TT;TODAS CONSOLIDADAS;00;NO CATEGORIZADO;LIMA;150000;6145;54115;94446;34,29;32,41;1,32;1,29;2,02;3212800;3068173;144627;4238388;3945654;292734;51700
2020;01;TT;TODAS CONSOLIDADAS;00;NO CATEGORIZADO;LORETO;160000;731;7303;11463;20,92;17,07;1,43;1,62;1,21;42394;23098;19296;60642;37373;23269;1376
2020;01;TT;TODAS CONSOLIDADAS;00;NO CATEGORIZADO;MADRE DE DIOS;170000;323;4680;7685;21,98;17,28;1,21;1,15;1,67;34078;30097;3981;41177;34531;6646;854
2020;01;TT;TODAS CONSOLIDADAS;00;NO CATEGORIZADO;PIURA;200000;998;10596;19423;33,47;27,7;1,41;1,34;2,22;117877;108397;9480;166759;145724;21035;2070
2020;01;TT;TODAS CONSOLIDADAS;00;NO CATEGORIZADO;SAN MARTÍN;220000;812;9433;14945;31,85;28,85;1,26;1,25;1,78;106446;104351;2095;133674;129939;3735;1631
2020;01;TT;TODAS CONSOLIDADAS;00;NO CATEGORIZADO;TACNA;230000;449;4457;8085;12,73;10,78;1,28;1,28;1,31;21068;16982;4086;27024;21682;5342;577
2020;01;TT;TODAS CONSOLIDADAS;01;1 ESTRELLA;AMAZONAS;010000;18;278;406;19,15;15,07;1,15;1,15;1,29;1652;1645;7;1897;1888;9;49
2020;01;TT;TODAS CONSOLIDADAS;01;1 ESTRELLA;ÁNCASH;020000;51;769;1243;29,43;27,61;1,19;1,18;1,34;8960;8786;174;10638;10404;234;123
2020;01;TT;TODAS CONSOLIDADAS;01;1 ESTRELLA;APURÍMAC;030000;4;104;154;32,01;30,5;1;1;1;1456;1453;3;1456;1453;3;15
2020;01;TT;TODAS CONSOLIDADAS;01;1 ESTRELLA;AREQUIPA;040000;63;1037;1645;30,58;25,73;1,23;1,22;1,44;10661;10199;462;13120;12453;667;173
2020;01;TT;TODAS CONSOLIDADAS;01;1 ESTRELLA;HUÁNUCO;100000;25;523;773;44,02;36,41;1,04;1,04;1,48;8389;8337;52;8726;8649;77;94
2020;01;TT;TODAS CONSOLIDADAS;01;1 ESTRELLA;ICA;110000;19;307;463;23,97;22,39;1,01;1,01;1;3182;3127;55;3214;3159;55;51
2020;01;TT;TODAS CONSOLIDADAS;01;1 ESTRELLA;JUNÍN;120000;20;439;853;17,41;11,75;1,22;1,22;1,86;2550;2543;7;3108;3095;13;58
2020;01;TT;TODAS CONSOLIDADAS;01;1 ESTRELLA;LA LIBERTAD;130000;37;536;936;31,82;28,3;1,24;1,24;1,21;6645;6508;137;8211;8045;166;92
2020;01;TT;TODAS CONSOLIDADAS;01;1 ESTRELLA;LIMA;150000;69;1543;3095;24,29;23,83;1,05;1,05;1,2;23440;22969;470;24715;24150;565;271
2020;01;TT;TODAS CONSOLIDADAS;01;1 ESTRELLA;LORETO;160000;6;94;144;21,21;16,51;1,88;1,77;2,22;393;299;94;737;528;209;18
2020;01;TT;TODAS CONSOLIDADAS;01;1 ESTRELLA;MOQUEGUA;180000;18;257;454;30,98;24,36;1,19;1,19;1,16;2892;2684;208;3428;3187;241;45
2020;01;TT;TODAS CONSOLIDADAS;01;1 ESTRELLA;SAN MARTÍN;220000;8;161;243;35,74;34,33;1,39;1,39;1,49;1856;1821;35;2586;2534;52;32
2020;01;TT;TODAS CONSOLIDADAS;01;1 ESTRELLA;TACNA;230000;13;251;453;28,25;22,13;1,1;1,13;1,07;2813;1666;1147;3108;1885;1223;39
2020;01;TT;TODAS CONSOLIDADAS;02;2 ESTRELLAS;AMAZONAS;010000;89;1838;3022;34,75;26,41;1,15;1,15;1,93;21487;21367;120;24744;24512;232;303
2020;01;TT;TODAS CONSOLIDADAS;02;2 ESTRELLAS;APURÍMAC;030000;10;331;540;24,81;19,3;1,1;1,1;1,75;2937;2929;8;3230;3216;14;43
2020;01;TT;TODAS CONSOLIDADAS;02;2 ESTRELLAS;CUSCO;080000;120;2417;4442;22,53;19,23;1,48;1,41;1,54;17939;9244;8695;26481;13053;13428;671
2020;01;05;ALBERGUE;TT;TODAS CONSOLIDADAS;PASCO;190000;9;169;439;3,21;2,83;1,96;1,83;3,28;196;178;18;385;326;59;33
2020;01;TT;TODAS CONSOLIDADAS;00;NO CATEGORIZADO;ÁNCASH;020000;660;6665;11533;23,64;17,71;1,29;1,28;1,59;48960;47405;1555;63335;60861;2474;1137
2020;01;TT;TODAS CONSOLIDADAS;00;NO CATEGORIZADO;UCAYALI;250000;475;5420;8247;27,31;22,85;2,09;2,1;1,95;27921;27030;891;58426;56690;1736;970
2020;01;TT;TODAS CONSOLIDADAS;01;1 ESTRELLA;PUNO;210000;27;519;908;18,45;15,56;1,07;1,08;1;4080;3750;330;4380;4050;330;65
2020;01;TT;TODAS CONSOLIDADAS;00;NO CATEGORIZADO;APURÍMAC;030000;514;4773;7375;32,56;26,91;1,16;1,16;1,13;53214;52913;301;61532;61191;341;887
2020;01;TT;TODAS CONSOLIDADAS;00;NO CATEGORIZADO;AYACUCHO;050000;583;6034;9687;26,08;21,74;1,23;1,22;1,49;53212;52775;437;65299;64649;650;1097
2020;01;TT;TODAS CONSOLIDADAS;00;NO CATEGORIZADO;JUNÍN;120000;1316;14107;23000;20,63;16,74;1,13;1,13;1,17;105222;104769;453;119356;118824;532;2404
2020;01;TT;TODAS CONSOLIDADAS;00;NO CATEGORIZADO;MOQUEGUA;180000;195;2035;3503;23,9;20;1,42;1,42;1,41;15288;14582;706;21718;20723;995;379
2020;01;TT;TODAS CONSOLIDADAS;00;NO CATEGORIZADO;PUNO;210000;806;7614;13197;28,33;21,28;1,11;1,1;1,2;78475;72804;5671;87048;80243;6805;1459
2020;01;TT;TODAS CONSOLIDADAS;00;NO CATEGORIZADO;TUMBES;240000;219;2510;4971;23,03;19,84;1,47;1,39;1,72;20816;15777;5039;30580;21914;8666;469
2020;01;TT;TODAS CONSOLIDADAS;01;1 ESTRELLA;AYACUCHO;050000;11;289;527;18,89;13,58;1,72;1,72;1,82;1290;1273;17;2219;2188;31;40
2020;01;TT;TODAS CONSOLIDADAS;01;1 ESTRELLA;HUANCAVELICA;090000;1;21;34;32,72;20,49;1,07;1,07;0;202;202;0;216;216;0;3
2020;01;TT;TODAS CONSOLIDADAS;02;2 ESTRELLAS;ÁNCASH;020000;162;3093;5435;28,64;27,13;1,14;1,14;1,24;40009;39763;246;45706;45401;305;530
2020;01;TT;TODAS CONSOLIDADAS;02;2 ESTRELLAS;AYACUCHO;050000;13;344;586;25,82;20,92;1,61;1,61;1,41;2363;2289;74;3800;3696;104;64
2020;01;TT;TODAS CONSOLIDADAS;02;2 ESTRELLAS;CALLAO;070000;6;179;344;84,69;81,36;1,03;1,01;1,7;9076;8906;169;9322;9035;287;41
2020;01;TT;TODAS CONSOLIDADAS;00;NO CATEGORIZADO;CAJAMARCA;060000;646;6788;10654;14,64;12,19;1,17;1,17;1,14;34387;33949;438;40246;39746;500;1192
2020;01;TT;TODAS CONSOLIDADAS;01;1 ESTRELLA;CAJAMARCA;060000;29;567;930;14,33;12,44;1,3;1,3;1,05;2754;2735;19;3587;3567;20;96
2020;01;TT;TODAS CONSOLIDADAS;00;NO CATEGORIZADO;CUSCO;080000;1955;19265;35623;20,4;17,73;1,53;1,34;1,77;128095;71969;56126;195750;96267;99483;3900
2020;01;TT;TODAS CONSOLIDADAS;01;1 ESTRELLA;CUSCO;080000;38;658;1170;22,42;18,72;1,22;1,18;1,46;5576;4866;710;6791;5755;1036;101
2020;01;TT;TODAS CONSOLIDADAS;00;NO CATEGORIZADO;ICA;110000;720;8526;14828;22,9;18,77;1,14;1,14;1,1;75796;68337;7459;86258;78079;8179;1523
2020;01;TT;TODAS CONSOLIDADAS;00;NO CATEGORIZADO;LAMBAYEQUE;140000;397;4171;6168;28,37;20,04;1,07;1,07;1,16;35943;35486;457;38327;37797;530;770
2020;01;TT;TODAS CONSOLIDADAS;00;NO CATEGORIZADO;PASCO;190000;302;3679;5652;18,3;15,28;1,2;1,2;1,4;22225;22157;68;26778;26683;95;666
2020;01;TT;TODAS CONSOLIDADAS;01;1 ESTRELLA;CALLAO;070000;10;183;366;36,22;36,16;1,01;1,01;1;4041;3946;95;4064;3969;95;30
2020;01;TT;TODAS CONSOLIDADAS;01;1 ESTRELLA;LAMBAYEQUE;140000;26;421;612;23,7;20,95;1,19;1,19;1,31;3341;3271;70;3974;3882;92;73
2020;01;TT;TODAS CONSOLIDADAS;01;1 ESTRELLA;PASCO;190000;24;417;697;15,46;13,28;1,34;1,34;1,13;2142;2134;8;2869;2860;9;59
2020;01;TT;TODAS CONSOLIDADAS;01;1 ESTRELLA;MADRE DE DIOS;170000;2;40;73;7,02;5,48;1,13;1,13;0;110;110;0;124;124;0;3
2020;01;TT;TODAS CONSOLIDADAS;01;1 ESTRELLA;PIURA;200000;5;122;191;27,08;17,09;1,69;1,71;1,08;600;575;25;1012;985;27;17
2020;01;TT;TODAS CONSOLIDADAS;02;2 ESTRELLAS;AREQUIPA;040000;177;3428;6068;20,53;19,01;1,28;1,25;1,51;28008;25410;2598;35750;31825;3925;600
2020;01;TT;TODAS CONSOLIDADAS;02;2 ESTRELLAS;CAJAMARCA;060000;150;3201;5145;17,34;15,07;1,28;1,28;1,36;18813;18611;202;24032;23757;275;493
2020;01;TT;TODAS CONSOLIDADAS;02;2 ESTRELLAS;HUANCAVELICA;090000;3;52;91;22,83;24,96;1,37;1,37;0;514;514;0;704;704;0;16
2020;01;TT;TODAS CONSOLIDADAS;02;2 ESTRELLAS;HUÁNUCO;100000;62;1570;2495;28,08;23,78;1,13;1,13;1;16314;16265;49;18393;18344;49;278
2020;01;TT;TODAS CONSOLIDADAS;02;2 ESTRELLAS;ICA;110000;119;2458;4263;25,33;22,47;1,19;1,19;1,35;24886;24123;763;29697;28668;1029;426
2020;01;TT;TODAS CONSOLIDADAS;02;2 ESTRELLAS;JUNÍN;120000;56;1339;2430;18,03;13,58;1,35;1,34;1,47;7605;7532;73;10229;10122;107;227
2020;01;TT;TODAS CONSOLIDADAS;02;2 ESTRELLAS;LA LIBERTAD;130000;173;3081;5602;35,23;30;1,21;1,2;1,99;43072;42372;700;52101;50709;1392;562
2020;01;TT;TODAS CONSOLIDADAS;02;2 ESTRELLAS;LAMBAYEQUE;140000;228;4310;6326;26,17;21,48;1,18;1,18;1,48;35675;35177;498;42131;41392;739;769
2020;01;TT;TODAS CONSOLIDADAS;02;2 ESTRELLAS;LIMA;150000;219;7075;13166;42;37,37;1,38;1,34;2,29;144374;138031;6343;198927;184376;14551;1760
2020;01;TT;TODAS CONSOLIDADAS;02;2 ESTRELLAS;LORETO;160000;20;451;724;33,34;35,24;1,94;1,94;1,9;4080;3560;520;7909;6921;988;79
2020;01;TT;TODAS CONSOLIDADAS;02;2 ESTRELLAS;MADRE DE DIOS;170000;5;129;240;23,93;16,3;1,7;1,82;1,25;713;564;149;1213;1027;186;27
2020;01;TT;TODAS CONSOLIDADAS;02;2 ESTRELLAS;MOQUEGUA;180000;47;780;1278;27,29;20,27;1,75;1,71;2,18;4585;4150;435;8032;7084;948;149
2020;01;TT;TODAS CONSOLIDADAS;02;2 ESTRELLAS;PASCO;190000;14;253;468;25,74;15,79;1,09;1,09;0;2106;2106;0;2291;2291;0;43
2020;01;TT;TODAS CONSOLIDADAS;02;2 ESTRELLAS;PUNO;210000;69;1328;2466;18,03;14,14;1,41;1,42;1,29;7688;6854;834;10807;9735;1072;218
2020;01;TT;TODAS CONSOLIDADAS;02;2 ESTRELLAS;SAN MARTÍN;220000;42;973;1626;30,25;26,21;1,77;1,77;1,88;7463;7230;233;13211;12773;438;202
2020;01;TT;TODAS CONSOLIDADAS;02;2 ESTRELLAS;TACNA;230000;70;1557;3110;17,3;14,16;1,47;1,51;1,45;9313;3010;6303;13652;4540;9112;270
2020;01;TT;TODAS CONSOLIDADAS;02;2 ESTRELLAS;TUMBES;240000;9;251;502;18,75;21,54;1,74;1,73;1,8;1922;1428;494;3352;2465;887;55
2020;01;TT;TODAS CONSOLIDADAS;02;2 ESTRELLAS;UCAYALI;250000;4;121;202;12,69;9,52;1,44;1,44;1,46;414;401;13;596;577;19;13
2020;01;TT;TODAS CONSOLIDADAS;03;3 ESTRELLAS;AMAZONAS;010000;30;657;1202;27,54;21,19;1,28;1,27;1,37;6147;5371;776;7894;6831;1063;143
2020;01;TT;TODAS CONSOLIDADAS;03;3 ESTRELLAS;ÁNCASH;020000;62;1692;3024;14,45;11,37;1,43;1,41;1,78;7448;7051;397;10659;9952;707;363
2020;01;TT;TODAS CONSOLIDADAS;03;3 ESTRELLAS;APURÍMAC;030000;5;147;244;29,84;24,92;2,01;2,05;1,87;936;755;181;1885;1547;338;37
2020;01;TT;TODAS CONSOLIDADAS;03;3 ESTRELLAS;AREQUIPA;040000;109;2729;5208;21,7;17,84;1,88;1,94;1,76;15327;10189;5138;28808;19743;9065;760
2020;01;TT;TODAS CONSOLIDADAS;03;3 ESTRELLAS;AYACUCHO;050000;8;258;504;22,33;17,15;1,91;1,99;1,56;1400;1164;236;2679;2311;368;111
2020;01;TT;TODAS CONSOLIDADAS;03;3 ESTRELLAS;CAJAMARCA;060000;97;2435;4199;16,56;13,81;1,55;1,55;1,6;11568;11137;431;17975;17287;688;513
2020;01;TT;TODAS CONSOLIDADAS;03;3 ESTRELLAS;CALLAO;070000;3;160;288;29,42;19,89;1,43;1,21;1,61;1243;565;678;1776;683;1093;54
2020;01;TT;TODAS CONSOLIDADAS;03;3 ESTRELLAS;CUSCO;080000;103;3405;6656;28,39;26,41;1,79;1,87;1,77;30456;5238;25218;54495;9795;44700;1185
2020;01;TT;TODAS CONSOLIDADAS;03;3 ESTRELLAS;HUANCAVELICA;090000;5;122;198;14,94;13,46;1,3;1,3;2;635;631;4;826;818;8;25
2020;01;TT;TODAS CONSOLIDADAS;03;3 ESTRELLAS;HUÁNUCO;100000;14;546;998;20,16;15,76;1,63;1,64;1,57;2982;2907;75;4875;4757;118;152
2020;01;TT;TODAS CONSOLIDADAS;03;3 ESTRELLAS;ICA;110000;87;2481;4827;38,93;33,32;1,48;1,51;1,38;33617;26337;7280;49860;39784;10076;671
2020;01;TT;TODAS CONSOLIDADAS;03;3 ESTRELLAS;JUNÍN;120000;25;873;1659;19,17;12,89;1,57;1,51;2,52;4229;4004;225;6631;6063;568;264
2020;01;TT;TODAS CONSOLIDADAS;03;3 ESTRELLAS;LA LIBERTAD;130000;156;3647;6978;26,21;20,77;1,42;1,41;1,74;31586;29957;1629;44937;42110;2827;825
2020;01;TT;TODAS CONSOLIDADAS;03;3 ESTRELLAS;LAMBAYEQUE;140000;71;1767;2944;24,71;18,99;1,42;1,4;1,95;12196;11628;568;17335;16230;1105;443
2020;01;TT;TODAS CONSOLIDADAS;03;3 ESTRELLAS;LIMA;150000;173;7961;15129;39,59;34,41;1,86;1,62;2,25;87106;53845;33260;162028;87035;74992;2340
2020;01;TT;TODAS CONSOLIDADAS;03;3 ESTRELLAS;LORETO;160000;34;980;1691;27,86;24,35;2,18;2,21;2,07;5857;4546;1311;12762;10053;2709;264
2020;01;TT;TODAS CONSOLIDADAS;03;3 ESTRELLAS;MOQUEGUA;180000;10;289;518;42,23;30,3;1,56;1,56;1,54;3121;2637;484;4865;4119;746;59
2020;01;TT;TODAS CONSOLIDADAS;03;3 ESTRELLAS;PASCO;190000;7;161;279;41,53;23,14;1,22;1,22;1;1642;1637;5;2001;1996;5;35
2020;01;TT;TODAS CONSOLIDADAS;03;3 ESTRELLAS;PUNO;210000;38;1123;2174;23,42;20,75;1,5;1,57;1,46;9324;3163;6161;13983;4969;9014;303
2020;01;TT;TODAS CONSOLIDADAS;03;3 ESTRELLAS;SAN MARTÍN;220000;29;928;1701;47,57;41,67;2,72;2,67;3,54;8070;7594;476;21972;20285;1687;262
2020;01;TT;TODAS CONSOLIDADAS;03;3 ESTRELLAS;TACNA;230000;25;777;1633;28,62;28,51;1,88;1,74;1,95;7669;2420;5249;14432;4211;10221;235
2020;01;TT;TODAS CONSOLIDADAS;03;3 ESTRELLAS;TUMBES;240000;14;346;715;17,08;14,45;1,22;1,23;1,21;2626;1703;923;3203;2089;1114;62
2020;01;TT;TODAS CONSOLIDADAS;03;3 ESTRELLAS;UCAYALI;250000;19;654;1066;20,13;17,07;2,12;2,14;1,96;2660;2351;309;5640;5033;607;192
2020;01;TT;TODAS CONSOLIDADAS;04;4 ESTRELLAS;AREQUIPA;040000;11;490;962;24,74;22,89;1,88;1,9;1,87;3623;1731;1892;6825;3282;3543;224
2020;01;TT;TODAS CONSOLIDADAS;04;4 ESTRELLAS;CAJAMARCA;060000;4;214;368;30,34;29,59;1,9;1,86;2,12;1775;1501;274;3376;2794;582;221
2020;01;TT;TODAS CONSOLIDADAS;04;4 ESTRELLAS;CALLAO;070000;2;371;632;96,38;86,87;1,36;1,41;1,35;12556;1829;10727;17019;2585;14434;219
2020;01;TT;TODAS CONSOLIDADAS;04;4 ESTRELLAS;CUSCO;080000;14;1122;2179;44,16;43,04;1,95;1,68;2;14887;2133;12754;29075;3574;25501;705
2020;01;TT;TODAS CONSOLIDADAS;04;4 ESTRELLAS;HUÁNUCO;100000;1;52;90;30,52;23,26;1,72;1,67;2,11;378;341;37;649;571;78;25
2020;01;TT;TODAS CONSOLIDADAS;04;4 ESTRELLAS;ICA;110000;7;765;1570;42,68;48,09;1,86;1,95;1,64;12593;9009;3584;23406;17546;5860;418
2020;01;TT;TODAS CONSOLIDADAS;04;4 ESTRELLAS;JUNÍN;120000;1;40;66;10,65;13;1,52;1,55;1;175;165;10;266;256;10;19
2020;01;TT;TODAS CONSOLIDADAS;04;4 ESTRELLAS;LA LIBERTAD;130000;4;234;379;33,87;34,54;1,82;1,69;2,26;2224;1704;520;4058;2881;1177;89
2020;01;TT;TODAS CONSOLIDADAS;04;4 ESTRELLAS;LAMBAYEQUE;140000;5;381;615;52,03;52,96;1,42;1,37;1,81;7097;6267;830;10096;8591;1505;335
2020;01;TT;TODAS CONSOLIDADAS;04;4 ESTRELLAS;LIMA;150000;50;4523;8051;43,54;35,98;1,95;1,48;2,22;46110;17022;29088;89799;25222;64577;2555
2020;01;TT;TODAS CONSOLIDADAS;04;4 ESTRELLAS;LORETO;160000;2;99;167;30,47;24,18;1,79;1,79;2,25;700;696;4;1252;1243;9;48
2020;01;TT;TODAS CONSOLIDADAS;04;4 ESTRELLAS;MOQUEGUA;180000;2;123;232;45,21;30,19;1,76;1,66;2,01;1233;882;351;2171;1465;706;33
2020;01;TT;TODAS CONSOLIDADAS;04;4 ESTRELLAS;PUNO;210000;7;447;843;26,07;25,57;1,66;2;1,59;4030;671;3359;6683;1340;5343;186
2020;01;TT;TODAS CONSOLIDADAS;04;4 ESTRELLAS;TACNA;230000;1;150;300;63,63;65,05;1,99;1,84;2,04;3033;756;2277;6050;1394;4656;75
2020;01;TT;TODAS CONSOLIDADAS;04;4 ESTRELLAS;TUMBES;240000;6;662;1565;79,76;78,19;2,59;2,48;3,22;14664;12479;2185;37935;30906;7029;573
2020;01;TT;TODAS CONSOLIDADAS;04;4 ESTRELLAS;UCAYALI;250000;5;288;506;31,52;29,03;2,4;2,37;2,52;1901;1614;287;4553;3830;723;142
2020;01;TT;TODAS CONSOLIDADAS;05;5 ESTRELLAS;AREQUIPA;040000;3;241;352;32,22;34,21;1,94;1,94;1,94;1921;981;940;3733;1905;1828;182
2020;01;TT;TODAS CONSOLIDADAS;05;5 ESTRELLAS;CUSCO;080000;14;1246;2446;39,43;36,94;1,66;1,76;1,65;16831;1674;15157;28012;2951;25061;1481
2020;01;TT;TODAS CONSOLIDADAS;05;5 ESTRELLAS;LA LIBERTAD;130000;2;267;534;38,69;33,5;1,88;1,79;2,31;2951;2429;522;5546;4341;1205;186
2020;01;TT;TODAS CONSOLIDADAS;05;5 ESTRELLAS;LIMA;150000;31;4486;8042;45,66;35,55;2,33;1,74;2,49;38044;8028;30016;88616;13956;74660;4229
2020;01;TT;TODAS CONSOLIDADAS;05;5 ESTRELLAS;LORETO;160000;1;60;88;62,37;67,41;1,79;1,99;1,69;1025;349;676;1839;695;1144;41
2020;01;TT;TODAS CONSOLIDADAS;05;5 ESTRELLAS;PUNO;210000;1;123;235;30,26;30,13;1,9;2,39;1,85;1157;92;1065;2195;220;1975;83
2020;01;TT;TODAS CONSOLIDADAS;05;5 ESTRELLAS;UCAYALI;250000;2;162;297;31,76;26,6;2,62;2,58;2,91;935;831;104;2449;2146;303;82
2020;01;TT;TODAS CONSOLIDADAS;12;ALBERGUE;ÁNCASH;020000;4;43;103;4,73;3,32;1,45;1,44;1,48;73;52;21;106;75;31;12
2020;01;TT;TODAS CONSOLIDADAS;12;ALBERGUE;AREQUIPA;040000;5;56;123;9,1;8,71;1,27;1,74;1,04;261;86;175;332;150;182;35
2020;01;TT;TODAS CONSOLIDADAS;12;ALBERGUE;CUSCO;080000;17;248;758;35,64;37,05;1,72;1,76;1,71;5070;356;4714;8706;628;8078;79
2020;01;TT;TODAS CONSOLIDADAS;12;ALBERGUE;ICA;110000;2;18;43;28,32;27,83;1,55;1,58;1,48;239;175;64;371;276;95;5
2020;01;TT;TODAS CONSOLIDADAS;12;ALBERGUE;LIMA;150000;8;129;406;23,96;23,5;1,44;1,28;1,58;2049;933;1116;2958;1190;1768;44
2020;01;TT;TODAS CONSOLIDADAS;12;ALBERGUE;LORETO;160000;55;786;1655;13,28;10,28;2,52;2,62;2,5;2091;324;1767;5275;850;4425;309
2020;01;TT;TODAS CONSOLIDADAS;12;ALBERGUE;PASCO;190000;9;169;439;3,21;2,83;1,96;1,83;3,28;196;178;18;385;326;59;33
2020;01;TT;TODAS CONSOLIDADAS;12;ALBERGUE;PUNO;210000;1;13;35;6,2;5,44;1,26;1,27;1;47;45;2;59;57;2;6
2020;01;TT;TODAS CONSOLIDADAS;12;ALBERGUE;SAN MARTÍN;220000;9;143;333;58,36;51,77;2,91;2,91;2,79;1836;1794;42;5344;5227;117;42
2020;01;TT;TODAS CONSOLIDADAS;12;ALBERGUE;UCAYALI;250000;3;38;99;7,3;2,97;2,07;1,59;2,55;44;22;22;91;35;56;17
2020;01;TT;TODAS CONSOLIDADAS;13;ECOLODGE;AREQUIPA;040000;2;58;148;31,65;26,02;1,46;1,49;1,44;820;256;564;1194;382;812;84
2020;01;TT;TODAS CONSOLIDADAS;13;ECOLODGE;SAN MARTÍN;220000;1;12;24;0;0;0;0;0;0;0;0;0;0;0;0
2020;01;TT;TODAS CONSOLIDADAS;TT;TODAS CONSOLIDADAS;AMAZONAS;010000;388;5298;8679;25,69;18,89;1,14;1,14;1,38;47529;46038;1491;54897;52893;2004;925
2020;01;TT;TODAS CONSOLIDADAS;TT;TODAS CONSOLIDADAS;ÁNCASH;020000;939;12262;21338;24,13;19,4;1,27;1,26;1,53;105450;103057;2393;130444;126693;3751;2165
2020;01;TT;TODAS CONSOLIDADAS;TT;TODAS CONSOLIDADAS;APURÍMAC;030000;533;5355;8313;32,38;26,78;1,16;1,16;1,15;58543;58050;493;68103;67407;696;982
2020;01;TT;TODAS CONSOLIDADAS;TT;TODAS CONSOLIDADAS;AREQUIPA;040000;1659;19476;33920;21,86;20,22;1,34;1,29;1,72;154146;129510;24636;211914;169312;42602;4215
2020;01;TT;TODAS CONSOLIDADAS;TT;TODAS CONSOLIDADAS;AYACUCHO;050000;615;6925;11304;25,9;21,52;1,25;1,25;1,49;58265;57501;764;73997;72844;1153;1312
2020;01;TT;TODAS CONSOLIDADAS;TT;TODAS CONSOLIDADAS;CAJAMARCA;060000;926;13205;21296;15,34;12,91;1,24;1,24;1,23;69297;67933;1364;89216;87151;2065;2515
2020;01;TT;TODAS CONSOLIDADAS;TT;TODAS CONSOLIDADAS;CALLAO;070000;292;4873;9024;42,71;40,03;1,05;1,04;1,15;174921;149618;25302;187563;156108;31455;1605
2020;01;TT;TODAS CONSOLIDADAS;TT;TODAS CONSOLIDADAS;HUANCAVELICA;090000;210;2548;3962;17,62;14,94;1,14;1,14;,05;16110;16106;4;18438;18430;8;440
2020;01;TT;TODAS CONSOLIDADAS;TT;TODAS CONSOLIDADAS;HUÁNUCO;100000;592;8314;12686;28,51;24,73;1,31;1,31;1,17;75356;75024;332;95929;95468;461;1512
2020;01;TT;TODAS CONSOLIDADAS;TT;TODAS CONSOLIDADAS;ICA;110000;958;15015;27040;25,02;21,03;1,18;1,19;1,16;160889;138698;22191;212990;181856;31134;3549
2020;01;TT;TODAS CONSOLIDADAS;TT;TODAS CONSOLIDADAS;LA LIBERTAD;130000;1204;15054;26562;38,9;33,37;1,19;1,17;1,65;208623;200677;7946;252696;238952;13744;3101
2020;01;TT;TODAS CONSOLIDADAS;TT;TODAS CONSOLIDADAS;LAMBAYEQUE;140000;727;11050;16665;27,32;20,65;1,14;1,14;1,35;94252;91829;2423;111863;107892;3971;2390
2020;01;TT;TODAS CONSOLIDADAS;TT;TODAS CONSOLIDADAS;LIMA;150000;6695;79832;142335;34,68;32,56;1,34;1,3;2,03;3553922;3309002;244920;4805431;4281583;523847;62898
2020;01;TT;TODAS CONSOLIDADAS;TT;TODAS CONSOLIDADAS;MADRE DE DIOS;170000;341;5217;8763;22,14;17,47;1,25;1,19;1,67;37951;32009;5942;48607;37919;10688;1223
2020;01;TT;TODAS CONSOLIDADAS;TT;TODAS CONSOLIDADAS;MOQUEGUA;180000;272;3484;5985;25,78;20,79;1,47;1,46;1,54;27119;24935;2184;40214;36578;3636;665
2020;01;TT;TODAS CONSOLIDADAS;TT;TODAS CONSOLIDADAS;PASCO;190000;356;4679;7535;18,48;15,01;1,23;1,23;1,36;28311;28212;99;34324;34156;168;836
2020;01;TT;TODAS CONSOLIDADAS;TT;TODAS CONSOLIDADAS;PIURA;200000;1070;12526;22755;33,6;27,76;1,44;1,37;2,2;136362;124544;11818;199120;172434;26686;2624
2020;01;TT;TODAS CONSOLIDADAS;TT;TODAS CONSOLIDADAS;PUNO;210000;949;11167;19858;27,07;20,6;1,15;1,15;1,21;104801;87379;17422;125155;100614;24541;2320
2020;01;TT;TODAS CONSOLIDADAS;TT;TODAS CONSOLIDADAS;SAN MARTÍN;220000;903;11720;19032;32,55;29,39;1,34;1,33;1,85;126442;123508;2934;178233;172097;6136;2227
2020;01;TT;TODAS CONSOLIDADAS;TT;TODAS CONSOLIDADAS;UCAYALI;250000;508;6683;10417;26,86;22,49;2,09;2,1;1,96;33875;32249;1626;71755;68311;3444;1416
2020;02;00;NO CLASIFICADO;00;NO CATEGORIZADO;HUANCAVELICA;090000;201;2349;3635;16,58;13,85;1,18;1,18;1,26;12355;12336;19;14603;14579;24;398
2020;02;00;NO CLASIFICADO;00;NO CATEGORIZADO;ICA;110000;717;8453;14692;26,99;23,5;1,18;1,18;1,16;82061;75383;6678;96656;88894;7762;1474
2020;01;TT;TODAS CONSOLIDADAS;02;2 ESTRELLAS;PIURA;200000;48;1061;1779;35,01;28,11;1,73;1,73;1,8;8955;8402;553;15502;14509;993;211
2020;01;TT;TODAS CONSOLIDADAS;03;3 ESTRELLAS;PIURA;200000;16;483;879;34,33;29,31;1,64;1,44;2,8;4859;4128;731;7988;5941;2047;139
2020;01;TT;TODAS CONSOLIDADAS;05;5 ESTRELLAS;ICA;110000;4;460;1046;67,53;62,25;1,91;1,89;1,96;10576;7590;2986;20184;14344;5840;455
2020;01;TT;TODAS CONSOLIDADAS;03;3 ESTRELLAS;MADRE DE DIOS;170000;4;159;286;36,84;32,24;1,62;1,76;1,35;1768;1153;615;2858;2028;830;51
2020;01;TT;TODAS CONSOLIDADAS;04;4 ESTRELLAS;PIURA;200000;2;181;340;57,24;48,77;1,88;1,82;2,08;2738;2096;642;5140;3805;1335;135
2020;01;TT;TODAS CONSOLIDADAS;04;4 ESTRELLAS;SAN MARTÍN;220000;2;70;160;36,59;29,15;1,88;1,86;2,02;771;718;53;1446;1339;107;58
2020;01;TT;TODAS CONSOLIDADAS;05;5 ESTRELLAS;PIURA;200000;1;83;143;68,4;61,34;2,04;1,55;3,23;1333;946;387;2719;1470;1249;52
2020;01;TT;TODAS CONSOLIDADAS;12;ALBERGUE;MADRE DE DIOS;170000;7;209;479;24,43;21,79;2,52;2,46;2,53;1282;85;1197;3235;209;3026;288
2020;01;TT;TODAS CONSOLIDADAS;TT;TODAS CONSOLIDADAS;CUSCO;080000;2261;28361;53274;21,29;18,64;1,54;1,37;1,76;218854;95480;123374;349310;132023;217287;8122
2020;01;TT;TODAS CONSOLIDADAS;TT;TODAS CONSOLIDADAS;JUNÍN;120000;1418;16798;28008;20,45;16,47;1,15;1,15;1,22;119781;119013;768;139590;138360;1230;2972
2020;01;TT;TODAS CONSOLIDADAS;TT;TODAS CONSOLIDADAS;TUMBES;240000;248;3769;7753;23,91;21,01;1,49;1,42;1,73;40028;31387;8641;75070;57374;17696;1159
2020;01;TT;TODAS CONSOLIDADAS;TT;TODAS CONSOLIDADAS;LORETO;160000;849;9773;15932;21,07;17,42;1,55;1,72;1,35;56540;32872;23668;90416;57663;32753;2135
2020;01;TT;TODAS CONSOLIDADAS;TT;TODAS CONSOLIDADAS;TACNA;230000;558;7192;13581;14,47;12,36;1,33;1,32;1,35;43896;24834;19062;64266;33712;30554;1196
2020;02;00;NO CLASIFICADO;00;NO CATEGORIZADO;AMAZONAS;010000;253;2484;3979;25,53;16,05;1,13;1,13;1,05;15829;15507;322;17887;17548;339;317
2020;02;00;NO CLASIFICADO;00;NO CATEGORIZADO;ÁNCASH;020000;659;6659;11507;25,28;21,06;1,36;1,34;1,65;51713;49084;2629;70265;65933;4332;1138
2020;02;00;NO CLASIFICADO;00;NO CATEGORIZADO;CALLAO;070000;271;3980;7394;42,13;39,9;1,02;1,02;1,04;144825;133592;11233;148204;136473;11730;1250
2020;02;00;NO CLASIFICADO;00;NO CATEGORIZADO;APURÍMAC;030000;513;4773;7368;30,81;24,86;1,19;1,19;1,18;43191;42818;373;51280;50841;439;878
2020;02;00;NO CLASIFICADO;00;NO CATEGORIZADO;AREQUIPA;040000;1284;11417;19409;24,64;22,52;1,31;1,22;1,84;93390;80166;13224;122364;98054;24310;2136
2020;02;00;NO CLASIFICADO;00;NO CATEGORIZADO;AYACUCHO;050000;583;6064;9708;28,46;24,53;1,26;1,26;1,38;54659;54068;591;69070;68256;814;1090
2020;02;00;NO CLASIFICADO;00;NO CATEGORIZADO;CAJAMARCA;060000;647;6829;10726;26,69;20,52;1,14;1,14;1,23;56084;54834;1250;63840;62307;1533;1187
2020;02;00;NO CLASIFICADO;00;NO CATEGORIZADO;CUSCO;080000;1936;19083;35329;20,03;17,27;1,59;1,35;1,99;107219;66531;40688;170839;89669;81170;3719
2020;02;00;NO CLASIFICADO;00;NO CATEGORIZADO;HUÁNUCO;100000;489;5614;8313;25,99;23,64;1,36;1,36;1,33;42017;41834;183;57001;56757;244;956
2020;02;00;NO CLASIFICADO;00;NO CATEGORIZADO;LAMBAYEQUE;140000;393;4098;6068;26,27;23,37;1,06;1,06;1,19;38847;38354;493;41125;40538;587;732
2020;02;00;NO CLASIFICADO;00;NO CATEGORIZADO;LORETO;160000;727;7258;11409;22,92;19,8;1,51;1,54;1,45;41753;29009;12744;63250;44730;18520;1342
2020;02;00;NO CLASIFICADO;00;NO CATEGORIZADO;MOQUEGUA;180000;196;2075;3567;25,95;22,73;1,44;1,44;1,33;16374;15443;931;23509;22270;1239;385
2020;02;00;NO CLASIFICADO;00;NO CATEGORIZADO;PUNO;210000;805;7602;13163;30,48;23,58;1,16;1,15;1,21;77926;72946;4980;90013;83967;6046;1429
2020;02;00;NO CLASIFICADO;00;NO CATEGORIZADO;TUMBES;240000;217;2492;4910;19,98;17,37;1,71;1,72;1,69;14451;12041;2410;24740;20661;4079;348
2020;02;00;NO CLASIFICADO;00;NO CATEGORIZADO;UCAYALI;250000;474;5396;8227;21,08;21,8;1,98;1,98;2;26227;25473;754;52018;50509;1509;948
2020;02;00;NO CLASIFICADO;TT;TODAS CONSOLIDADAS;AMAZONAS;010000;253;2484;3979;25,53;16,05;1,13;1,13;1,05;15829;15507;322;17887;17548;339;317
2020;02;00;NO CLASIFICADO;TT;TODAS CONSOLIDADAS;LORETO;160000;727;7258;11409;22,92;19,8;1,51;1,54;1,45;41753;29009;12744;63250;44730;18520;1342
2020;02;01;HOTEL;01;1 ESTRELLA;AMAZONAS;010000;1;20;43;70,36;32,72;1;1;1;394;388;6;394;388;6;6
2020;02;01;HOTEL;01;1 ESTRELLA;AYACUCHO;050000;8;203;370;16;13,57;1,83;1,84;1,38;795;787;8;1456;1445;11;31
2020;02;01;HOTEL;01;1 ESTRELLA;CAJAMARCA;060000;6;177;286;10,79;9,03;1,22;1,22;1;616;615;1;749;748;1;26
2020;02;01;HOTEL;01;1 ESTRELLA;HUÁNUCO;100000;10;291;434;31,46;34,63;1,11;1,11;1;3918;3916;2;4359;4357;2;43
2020;02;01;HOTEL;01;1 ESTRELLA;ICA;110000;5;113;167;5,91;3,25;1;1;0;152;152;0;152;152;0;19
2020;02;01;HOTEL;01;1 ESTRELLA;LAMBAYEQUE;140000;4;122;184;13,76;12,2;1,33;1,33;1,25;490;486;4;651;646;5;17
2020;02;01;HOTEL;01;1 ESTRELLA;PUNO;210000;5;125;222;15,64;12,47;1,34;1,36;1;601;563;38;803;765;38;13
2020;02;01;HOTEL;02;2 ESTRELLAS;AMAZONAS;010000;32;848;1374;32,77;26,55;1,37;1,37;1,66;7441;7320;121;10213;10012;201;144
2020;02;01;HOTEL;02;2 ESTRELLAS;ÁNCASH;020000;39;1057;1945;24,48;22,02;1,2;1,2;1,4;10366;10260;106;12418;12270;148;164
2020;02;01;HOTEL;02;2 ESTRELLAS;AYACUCHO;050000;9;290;498;23,26;21,24;1,68;1,69;1,29;1822;1784;38;3068;3019;49;50
2020;02;01;HOTEL;02;2 ESTRELLAS;CAJAMARCA;060000;37;1011;1609;18,47;16,15;1,33;1,33;1,24;5678;5586;92;7536;7422;114;161
2020;02;01;HOTEL;02;2 ESTRELLAS;HUANCAVELICA;090000;2;42;73;39,49;33,11;2,04;2,04;1,67;344;341;3;701;696;5;11
2020;02;01;HOTEL;02;2 ESTRELLAS;HUÁNUCO;100000;41;1279;2030;27,01;22,68;1,18;1,18;1;11271;11252;19;13349;13330;19;209
2020;02;01;HOTEL;02;2 ESTRELLAS;ICA;110000;53;1473;2588;29,64;28,98;1,33;1,31;2,17;15844;15502;342;21001;20260;741;237
2020;02;01;HOTEL;02;2 ESTRELLAS;PASCO;190000;3;79;135;16,94;10,17;1;1;1;398;388;10;398;388;10;10
2020;02;01;HOTEL;02;2 ESTRELLAS;PUNO;210000;25;612;1111;21,91;19,05;1,24;1,24;1,38;4935;4699;236;6139;5813;326;90
2020;02;01;HOTEL;02;2 ESTRELLAS;UCAYALI;250000;2;51;81;0;0;0;0;0;0;0;0;0;0;0;0
2020;02;01;HOTEL;03;3 ESTRELLAS;AMAZONAS;010000;21;525;935;30,7;26,83;1,33;1,32;1,41;5272;4564;708;7023;6027;996;114
2020;02;01;HOTEL;03;3 ESTRELLAS;ÁNCASH;020000;40;1371;2445;15,64;12,45;1,45;1,42;1,89;6101;5774;327;8826;8207;619;280
2020;02;01;HOTEL;03;3 ESTRELLAS;AYACUCHO;050000;6;220;415;27,35;24,88;2,34;2,36;2,23;1278;1143;135;2994;2693;301;87
2020;02;01;HOTEL;03;3 ESTRELLAS;CALLAO;070000;3;160;288;36,88;25,86;1,61;1,55;1,68;1340;700;640;2160;1084;1076;52
2020;02;01;HOTEL;03;3 ESTRELLAS;ICA;110000;50;1785;3530;52,74;44,39;1,75;1,79;1,57;25038;20688;4350;43876;37051;6825;458
2020;02;01;HOTEL;03;3 ESTRELLAS;LAMBAYEQUE;140000;39;1307;2250;31,29;23,8;1,5;1,46;2,28;10356;9810;546;15528;14285;1243;323
2020;02;01;HOTEL;03;3 ESTRELLAS;MADRE DE DIOS;170000;3;137;257;19,55;20,41;1,6;1,73;1,19;921;689;232;1469;1193;276;51
2020;02;00;NO CLASIFICADO;00;NO CATEGORIZADO;JUNÍN;120000;1309;14026;22854;23,81;18,88;1,13;1,13;1,32;106601;106338;263;120808;120461;347;2381
2020;02;01;HOTEL;01;1 ESTRELLA;JUNÍN;120000;7;265;535;12,72;8,44;1,43;1,43;0;887;887;0;1265;1265;0;25
2020;02;00;NO CLASIFICADO;00;NO CATEGORIZADO;LA LIBERTAD;130000;833;7320;12189;45,76;39,22;1,13;1,12;1,73;118016;114715;3301;133863;128147;5716;1354
2020;02;00;NO CLASIFICADO;TT;TODAS CONSOLIDADAS;CUSCO;080000;1936;19083;35329;20,03;17,27;1,59;1,35;1,99;107219;66531;40688;170839;89669;81170;3719
2020;02;00;NO CLASIFICADO;TT;TODAS CONSOLIDADAS;TACNA;230000;451;4487;8129;16,2;13,2;1,22;1,2;1,26;24729;19085;5644;30049;22913;7136;586
2020;02;01;HOTEL;01;1 ESTRELLA;LA LIBERTAD;130000;2;40;69;43,13;35,51;1;1;1;686;674;12;686;674;12;5
2020;02;01;HOTEL;03;3 ESTRELLAS;LA LIBERTAD;130000;86;2501;4833;33,88;29,09;1,61;1,59;1,88;24397;22716;1681;39370;36202;3168;585
2020;02;00;NO CLASIFICADO;00;NO CATEGORIZADO;LIMA;150000;6141;54031;94326;38,81;40,23;1,39;1,36;1,95;3430489;3282191;148297;4761291;4471813;289477;51836
2020;02;00;NO CLASIFICADO;TT;TODAS CONSOLIDADAS;LIMA;150000;6141;54031;94326;38,81;40,23;1,39;1,36;1,95;3430489;3282191;148297;4761291;4471813;289477;51836
2020;02;01;HOTEL;01;1 ESTRELLA;LIMA;150000;6;246;454;28;30,67;1;1;0;3633;3633;0;3633;3633;0;24
2020;02;01;HOTEL;02;2 ESTRELLAS;LIMA;150000;104;4375;8060;48,63;42,75;1,32;1,3;2,04;83072;81220;1853;109590;105805;3785;884
2020;02;01;HOTEL;03;3 ESTRELLAS;LIMA;150000;149;7410;14062;46,4;40,34;1,89;1,65;2,33;84068;54587;29481;158849;90219;68630;2122
2020;02;00;NO CLASIFICADO;00;NO CATEGORIZADO;MADRE DE DIOS;170000;323;4673;7673;22,63;18,49;1,17;1,14;1,45;34097;31145;2952;39727;35437;4290;796
2020;02;01;HOTEL;01;1 ESTRELLA;MADRE DE DIOS;170000;1;20;34;9,64;6,51;1,15;1,15;0;54;54;0;62;62;0;3
2020;02;01;HOTEL;02;2 ESTRELLAS;MADRE DE DIOS;170000;3;91;174;23,55;17,78;1,68;1,71;1,41;517;461;56;866;787;79;13
2020;02;00;NO CLASIFICADO;00;NO CATEGORIZADO;PASCO;190000;304;3685;5706;19,9;14,65;1,24;1,24;1;19528;19517;11;24239;24228;11;661
2020;02;01;HOTEL;03;3 ESTRELLAS;CAJAMARCA;060000;55;1746;3013;21,34;18,4;1,62;1,62;1,71;9930;9637;293;16073;15571;502;356
2020;02;00;NO CLASIFICADO;00;NO CATEGORIZADO;PIURA;200000;998;10611;19452;36,56;30,92;1,42;1,35;2,1;118460;107810;10650;168386;146045;22341;2029
2020;02;01;HOTEL;01;1 ESTRELLA;PIURA;200000;2;53;84;24,26;15,14;1,06;1,06;0;336;336;0;356;356;0;9
2020;02;01;HOTEL;02;2 ESTRELLAS;PIURA;200000;20;493;844;42,02;34,09;2,09;2,13;1,55;3855;3557;298;8056;7593;463;90
2020;02;00;NO CLASIFICADO;00;NO CATEGORIZADO;SAN MARTÍN;220000;812;9497;15065;34,32;31,82;1,25;1,24;1,55;107593;105018;2575;134218;130220;3998;1674
2020;02;00;NO CLASIFICADO;TT;TODAS CONSOLIDADAS;SAN MARTÍN;220000;812;9497;15065;34,32;31,82;1,25;1,24;1,55;107593;105018;2575;134218;130220;3998;1674
2020;02;01;HOTEL;01;1 ESTRELLA;SAN MARTÍN;220000;6;126;180;38,58;33,25;1,22;1,22;1,2;1374;1364;10;1676;1664;12;26
2020;02;01;HOTEL;02;2 ESTRELLAS;SAN MARTÍN;220000;25;701;1164;28,27;26,69;1,51;1,51;1,6;5748;5667;81;8698;8568;130;137
2020;02;00;NO CLASIFICADO;00;NO CATEGORIZADO;TACNA;230000;451;4487;8129;16,2;13,2;1,22;1,2;1,26;24729;19085;5644;30049;22913;7136;586
2020;02;00;NO CLASIFICADO;TT;TODAS CONSOLIDADAS;ÁNCASH;020000;659;6659;11507;25,28;21,06;1,36;1,34;1,65;51713;49084;2629;70265;65933;4332;1138
2020;02;00;NO CLASIFICADO;TT;TODAS CONSOLIDADAS;CALLAO;070000;271;3980;7394;42,13;39,9;1,02;1,02;1,04;144825;133592;11233;148204;136473;11730;1250
2020;02;00;NO CLASIFICADO;TT;TODAS CONSOLIDADAS;MADRE DE DIOS;170000;323;4673;7673;22,63;18,49;1,17;1,14;1,45;34097;31145;2952;39727;35437;4290;796
2020;02;00;NO CLASIFICADO;TT;TODAS CONSOLIDADAS;APURÍMAC;030000;513;4773;7368;30,81;24,86;1,19;1,19;1,18;43191;42818;373;51280;50841;439;878
2020;02;00;NO CLASIFICADO;TT;TODAS CONSOLIDADAS;AREQUIPA;040000;1284;11417;19409;24,64;22,52;1,31;1,22;1,84;93390;80166;13224;122364;98054;24310;2136
2020;02;00;NO CLASIFICADO;TT;TODAS CONSOLIDADAS;AYACUCHO;050000;583;6064;9708;28,46;24,53;1,26;1,26;1,38;54659;54068;591;69070;68256;814;1090
2020;02;00;NO CLASIFICADO;TT;TODAS CONSOLIDADAS;HUANCAVELICA;090000;201;2349;3635;16,58;13,85;1,18;1,18;1,26;12355;12336;19;14603;14579;24;398
2020;02;00;NO CLASIFICADO;TT;TODAS CONSOLIDADAS;LAMBAYEQUE;140000;393;4098;6068;26,27;23,37;1,06;1,06;1,19;38847;38354;493;41125;40538;587;732
2020;02;00;NO CLASIFICADO;TT;TODAS CONSOLIDADAS;MOQUEGUA;180000;196;2075;3567;25,95;22,73;1,44;1,44;1,33;16374;15443;931;23509;22270;1239;385
2020;02;00;NO CLASIFICADO;TT;TODAS CONSOLIDADAS;TUMBES;240000;217;2492;4910;19,98;17,37;1,71;1,72;1,69;14451;12041;2410;24740;20661;4079;348
2020;02;00;NO CLASIFICADO;TT;TODAS CONSOLIDADAS;UCAYALI;250000;474;5396;8227;21,08;21,8;1,98;1,98;2;26227;25473;754;52018;50509;1509;948
2020;02;00;NO CLASIFICADO;TT;TODAS CONSOLIDADAS;CAJAMARCA;060000;647;6829;10726;26,69;20,52;1,14;1,14;1,23;56084;54834;1250;63840;62307;1533;1187
2020;02;00;NO CLASIFICADO;TT;TODAS CONSOLIDADAS;HUÁNUCO;100000;489;5614;8313;25,99;23,64;1,36;1,36;1,33;42017;41834;183;57001;56757;244;956
2020;02;00;NO CLASIFICADO;TT;TODAS CONSOLIDADAS;PUNO;210000;805;7602;13163;30,48;23,58;1,16;1,15;1,21;77926;72946;4980;90013;83967;6046;1429
2020;02;00;NO CLASIFICADO;TT;TODAS CONSOLIDADAS;ICA;110000;717;8453;14692;26,99;23,5;1,18;1,18;1,16;82061;75383;6678;96656;88894;7762;1474
2020;02;00;NO CLASIFICADO;TT;TODAS CONSOLIDADAS;JUNÍN;120000;1309;14026;22854;23,81;18,88;1,13;1,13;1,32;106601;106338;263;120808;120461;347;2381
2020;02;00;NO CLASIFICADO;TT;TODAS CONSOLIDADAS;LA LIBERTAD;130000;833;7320;12189;45,76;39,22;1,13;1,12;1,73;118016;114715;3301;133863;128147;5716;1354
2020;02;00;NO CLASIFICADO;TT;TODAS CONSOLIDADAS;PASCO;190000;304;3685;5706;19,9;14,65;1,24;1,24;1;19528;19517;11;24239;24228;11;661
2020;02;00;NO CLASIFICADO;TT;TODAS CONSOLIDADAS;PIURA;200000;998;10611;19452;36,56;30,92;1,42;1,35;2,1;118460;107810;10650;168386;146045;22341;2029
2020;02;01;HOTEL;01;1 ESTRELLA;ÁNCASH;020000;5;170;267;17,59;12,72;1,16;1,13;2,24;848;827;21;985;938;47;16
2020;02;01;HOTEL;01;1 ESTRELLA;MOQUEGUA;180000;1;20;41;0;0;0;0;0;0;0;0;0;0;0;0
2020;02;01;HOTEL;01;1 ESTRELLA;PASCO;190000;3;78;151;11,63;9,09;3,02;3,02;0;132;132;0;398;398;0;11
2020;02;01;HOTEL;02;2 ESTRELLAS;TUMBES;240000;6;216;436;29,31;29,75;1,81;1,8;1,87;2075;1819;256;3761;3283;478;49
2020;02;01;HOTEL;03;3 ESTRELLAS;HUANCAVELICA;090000;2;65;108;11,83;11,46;1,48;1,48;0;243;243;0;359;359;0;18
2020;02;01;HOTEL;03;3 ESTRELLAS;HUÁNUCO;100000;13;532;974;16,74;12,45;1,43;1,43;1,3;2463;2389;74;3518;3422;96;146
2020;02;01;HOTEL;01;1 ESTRELLA;APURÍMAC;030000;2;80;115;24,51;18,6;1,11;1,11;1;542;539;3;599;596;3;9
2020;02;01;HOTEL;01;1 ESTRELLA;AREQUIPA;040000;5;176;283;15,91;7,14;1,43;1,42;1,51;395;334;61;566;474;92;29
2020;02;01;HOTEL;03;3 ESTRELLAS;AREQUIPA;040000;65;1944;3697;24,06;19,34;1,82;1,86;1,73;11015;7529;3486;20022;13979;6043;531
2020;02;01;HOTEL;01;1 ESTRELLA;CUSCO;080000;7;172;337;20,12;16,7;1,49;1,22;1,93;1060;659;401;1576;804;772;26
2020;02;01;HOTEL;01;1 ESTRELLA;TACNA;230000;2;57;112;26,75;21,43;1,88;1,88;1,86;357;336;21;672;633;39;5
2020;02;01;HOTEL;02;2 ESTRELLAS;TACNA;230000;36;984;2011;20,52;15,43;1,46;1,47;1,45;5955;2363;3592;8688;3476;5212;170
2020;02;01;HOTEL;02;2 ESTRELLAS;APURÍMAC;030000;5;205;356;14,56;10,66;1,49;1,49;1,33;715;700;15;1063;1043;20;29
2020;02;01;HOTEL;02;2 ESTRELLAS;AREQUIPA;040000;43;1215;2115;21,74;19,62;1,65;1,64;1,81;7041;6704;337;11617;11008;609;189
2020;02;01;HOTEL;02;2 ESTRELLAS;CUSCO;080000;53;1319;2488;23,12;18,99;1,65;1,44;1,81;7996;3428;4568;13228;4952;8276;439
2020;02;01;HOTEL;03;3 ESTRELLAS;CUSCO;080000;78;2935;5743;25,76;23,71;1,67;1,8;1,63;22891;4556;18335;38133;8188;29945;929
2020;02;01;HOTEL;02;2 ESTRELLAS;JUNÍN;120000;27;823;1478;21,22;16,64;1,47;1,47;1,38;4682;4624;58;6886;6806;80;127
2020;02;01;HOTEL;02;2 ESTRELLAS;LA LIBERTAD;130000;22;614;1120;45,52;32,75;1,09;1,09;1;9466;9395;71;10271;10200;71;104
2020;02;01;HOTEL;02;2 ESTRELLAS;LAMBAYEQUE;140000;69;1964;2987;21,53;18,27;1,21;1,21;1,38;13076;12799;277;15822;15441;381;307
2020;02;01;HOTEL;02;2 ESTRELLAS;LORETO;160000;15;375;600;33,41;26,32;2,63;2,65;2,24;1684;1568;116;4421;4161;260;61
2020;02;01;HOTEL;03;3 ESTRELLAS;LORETO;160000;26;801;1348;36,3;32,21;2,02;2,02;2,01;6033;4443;1590;12159;8960;3199;217
2020;02;01;HOTEL;02;2 ESTRELLAS;MOQUEGUA;180000;15;389;631;26,6;22,39;1,61;1,64;1,44;2545;2206;339;4098;3610;488;78
2020;02;01;HOTEL;03;3 ESTRELLAS;APURÍMAC;030000;3;100;170;26,18;20,71;1,68;1,72;1,03;587;556;31;986;954;32;20
2020;02;01;HOTEL;03;3 ESTRELLAS;JUNÍN;120000;22;813;1556;17,73;12;1,48;1,46;1,76;3535;3367;168;5227;4931;296;228
2020;02;01;HOTEL;03;3 ESTRELLAS;MOQUEGUA;180000;7;249;455;62,28;47,68;2,12;2,15;1,92;2974;2560;414;6291;5497;794;53
2020;02;01;HOTEL;03;3 ESTRELLAS;PASCO;190000;4;110;189;11,5;15,69;1,84;1,85;1,76;467;434;33;860;802;58;22
2020;02;01;HOTEL;03;3 ESTRELLAS;PIURA;200000;11;376;654;40,78;37,66;1,45;1,43;1,6;4755;4292;463;6896;6153;743;121
2020;02;01;HOTEL;03;3 ESTRELLAS;PUNO;210000;29;945;1833;32,02;27,98;1,73;1,94;1,53;8617;4143;4474;14875;8046;6829;265
2020;02;01;HOTEL;03;3 ESTRELLAS;SAN MARTÍN;220000;22;749;1368;41,98;31,56;2,11;2,07;2,82;5741;5499;242;12089;11406;683;181
2020;02;01;HOTEL;03;3 ESTRELLAS;TACNA;230000;16;617;1296;40,91;40,64;1,93;1,77;1,99;7645;2216;5429;14748;3930;10818;200
2020;02;01;HOTEL;03;3 ESTRELLAS;TUMBES;240000;8;247;491;9,52;11,71;1,38;1,38;1,39;1205;365;840;1668;504;1164;41
2020;02;01;HOTEL;04;4 ESTRELLAS;AREQUIPA;040000;10;471;926;26,35;23,07;1,84;1,9;1,79;3251;1498;1753;5982;2851;3131;222
2020;02;01;HOTEL;04;4 ESTRELLAS;CAJAMARCA;060000;4;214;368;49,52;48,92;2,14;2,09;2,59;2437;2164;273;5221;4515;706;221
2020;02;01;HOTEL;04;4 ESTRELLAS;CALLAO;070000;2;371;632;99,41;77,1;1,25;1,26;1,25;11323;1836;9487;14131;2306;11825;248
2020;02;01;HOTEL;04;4 ESTRELLAS;HUÁNUCO;100000;1;52;90;38,99;28,01;1,84;1,87;1,69;397;343;54;731;640;91;25
2020;02;01;HOTEL;04;4 ESTRELLAS;LA LIBERTAD;130000;3;207;322;55,87;60,74;1,96;1,87;2,28;2800;2210;590;5476;4128;1348;93
2020;02;01;HOTEL;04;4 ESTRELLAS;LIMA;150000;42;4070;7170;52,82;43,9;1,95;1,5;2,26;45191;18361;26830;88131;27545;60586;2220
2020;02;01;HOTEL;04;4 ESTRELLAS;LORETO;160000;2;99;167;40,15;30,33;1,9;1,9;2;745;744;1;1418;1416;2;48
2020;02;01;HOTEL;04;4 ESTRELLAS;MOQUEGUA;180000;2;123;232;51,42;37,89;1,66;1,56;1,9;1537;1103;434;2549;1725;824;33
2020;02;01;HOTEL;04;4 ESTRELLAS;PIURA;200000;2;181;340;63,99;55,36;1,95;1,8;2,55;2707;2173;534;5270;3908;1362;136
2020;02;01;HOTEL;04;4 ESTRELLAS;PUNO;210000;7;447;843;32,53;30,51;1,79;2,32;1,58;4169;1177;2992;7460;2725;4735;186
2020;02;01;HOTEL;04;4 ESTRELLAS;SAN MARTÍN;220000;1;50;108;41,29;19,11;1,56;1,54;2,22;371;362;9;578;558;20;35
2020;02;01;HOTEL;04;4 ESTRELLAS;TACNA;230000;1;150;300;75,24;82,27;1,98;1,75;2,04;3485;702;2783;6911;1228;5683;70
2020;02;01;HOTEL;04;4 ESTRELLAS;TUMBES;240000;5;261;507;50,13;64,77;2,11;2,09;2,16;4508;3119;1389;9523;6527;2996;137
2020;02;01;HOTEL;04;4 ESTRELLAS;UCAYALI;250000;5;288;506;37,52;30,75;2,44;2,44;2,44;1847;1627;220;4512;3976;536;137
2020;02;01;HOTEL;05;5 ESTRELLAS;CUSCO;080000;14;1246;2446;39,51;35,1;1,61;1,73;1,59;14973;1578;13395;24040;2734;21306;1379
2020;02;01;HOTEL;05;5 ESTRELLAS;LA LIBERTAD;130000;2;267;534;58,19;53,61;2,02;1,98;2,24;3962;3344;618;8016;6634;1382;186
2020;02;01;HOTEL;05;5 ESTRELLAS;LIMA;150000;23;3975;7180;56,77;43,18;2,26;1,61;2,51;38388;10525;27863;86810;16926;69884;3831
2020;02;01;HOTEL;05;5 ESTRELLAS;LORETO;160000;1;60;88;76,25;89,73;2,18;2,33;2,08;1013;421;592;2211;979;1232;41
2020;02;01;HOTEL;05;5 ESTRELLAS;PIURA;200000;1;83;143;77,54;74,48;1,91;1,6;2,81;1565;1169;396;2982;1870;1112;52
2020;02;01;HOTEL;05;5 ESTRELLAS;PUNO;210000;1;123;235;36,53;35,69;1,93;2,15;1,89;1257;209;1048;2432;449;1983;83
2020;02;01;HOTEL;TT;TODAS CONSOLIDADAS;ÁNCASH;020000;84;2598;4657;19,37;16,46;1,28;1,27;1,79;17315;16861;454;22229;21415;814;460
2020;02;01;HOTEL;TT;TODAS CONSOLIDADAS;APURÍMAC;030000;10;385;641;19,65;14,75;1,44;1,44;1,12;1844;1795;49;2648;2593;55;58
2020;02;01;HOTEL;TT;TODAS CONSOLIDADAS;AREQUIPA;040000;126;4045;7365;24,1;20,31;1,78;1,76;1,83;23530;17007;6523;41887;29927;11960;1136
2020;02;01;HOTEL;TT;TODAS CONSOLIDADAS;AYACUCHO;050000;23;713;1283;22,45;20,21;1,93;1,93;1,99;3895;3714;181;7518;7157;361;168
2020;02;01;HOTEL;TT;TODAS CONSOLIDADAS;CAJAMARCA;060000;102;3148;5276;21,74;19,33;1,59;1,57;2,01;18661;18002;659;29579;28256;1323;764
2020;02;01;HOTEL;TT;TODAS CONSOLIDADAS;CUSCO;080000;166;6794;13194;30,71;27,74;1,7;1,65;1,71;60375;12580;47795;102476;20752;81724;3440
2020;02;01;HOTEL;TT;TODAS CONSOLIDADAS;HUANCAVELICA;090000;4;107;181;22,69;20,19;1,81;1,81;1,67;587;584;3;1060;1055;5;29
2020;02;01;HOTEL;TT;TODAS CONSOLIDADAS;LAMBAYEQUE;140000;117;3774;6036;27,54;23,17;1,33;1,3;1,85;30488;29046;1442;40554;37887;2667;982
2020;02;01;HOTEL;TT;TODAS CONSOLIDADAS;LIMA;150000;324;20076;36926;50,39;42,01;1,86;1,51;2,36;254290;149936;104354;473213;226719;246494;10541
2020;02;01;HOTEL;TT;TODAS CONSOLIDADAS;LORETO;160000;44;1335;2203;37,57;32,76;2,13;2,16;2,04;9475;7176;2299;20209;15516;4693;367
2020;02;01;HOTEL;TT;TODAS CONSOLIDADAS;MOQUEGUA;180000;25;781;1359;41,2;32,83;1,83;1,85;1,77;7056;5869;1187;12938;10832;2106;164
2020;02;01;HOTEL;TT;TODAS CONSOLIDADAS;PASCO;190000;10;267;475;13,15;12,02;1,66;1,66;1,58;997;954;43;1656;1588;68;43
2020;02;01;HOTEL;TT;TODAS CONSOLIDADAS;PUNO;210000;67;2252;4244;28,71;25,76;1,62;1,65;1,58;19579;10791;8788;31709;17798;13911;637
2020;02;01;HOTEL;TT;TODAS CONSOLIDADAS;SAN MARTÍN;220000;54;1626;2820;35,78;29,18;1,74;1,72;2,47;13234;12892;342;23041;22196;845;379
2020;02;01;HOTEL;TT;TODAS CONSOLIDADAS;TUMBES;240000;19;724;1434;30,06;35,95;1,92;1,94;1,87;7788;5303;2485;14952;10314;4638;227
2020;02;01;HOTEL;TT;TODAS CONSOLIDADAS;UCAYALI;250000;26;1113;1892;30,69;24,96;2,36;2,37;2,31;5804;5050;754;13695;11955;1740;406
2020;02;02;APART HOTEL;03;3 ESTRELLAS;APURÍMAC;030000;1;23;31;41,77;49,65;1,9;1,82;2,11;227;166;61;431;302;129;10
2020;02;02;APART HOTEL;03;3 ESTRELLAS;LA LIBERTAD;130000;1;11;24;0;0;0;0;0;0;0;0;0;0;0;0
2020;02;02;APART HOTEL;03;3 ESTRELLAS;LIMA;150000;7;177;327;46,19;38,94;3,44;2,72;3,87;1036;384;652;3565;1043;2522;84
2020;02;02;APART HOTEL;03;3 ESTRELLAS;LORETO;160000;1;45;94;23,41;16,38;1,75;1,76;1,6;246;241;5;431;423;8;12
2020;02;02;APART HOTEL;03;3 ESTRELLAS;PASCO;190000;1;15;22;0;0;0;0;0;0;0;0;0;0;0;0
2020;02;02;APART HOTEL;03;3 ESTRELLAS;TUMBES;240000;1;6;26;0;0;0;0;0;0;0;0;0;0;0;0
2020;02;02;APART HOTEL;04;4 ESTRELLAS;AREQUIPA;040000;1;19;36;56,2;35,81;1,99;2;1,98;181;136;45;361;272;89;5
2020;02;02;APART HOTEL;04;4 ESTRELLAS;LA LIBERTAD;130000;1;27;57;0;0;0;0;0;0;0;0;0;0;0;0
2020;02;02;APART HOTEL;04;4 ESTRELLAS;LIMA;150000;8;453;874;43,12;36,47;2,53;1,67;2,87;3533;1014;2519;8926;1693;7233;272
2020;02;02;APART HOTEL;04;4 ESTRELLAS;SAN MARTÍN;220000;1;20;49;60;51,82;2,45;2,49;2,1;290;261;29;711;650;61;23
2020;02;02;APART HOTEL;TT;TODAS CONSOLIDADAS;ÁNCASH;020000;2;16;44;37,07;36,91;2,31;2,16;3,48;204;181;23;471;391;80;4
2020;02;02;APART HOTEL;TT;TODAS CONSOLIDADAS;APURÍMAC;030000;1;23;31;41,77;49,65;1,9;1,82;2,11;227;166;61;431;302;129;10
2020;02;02;APART HOTEL;TT;TODAS CONSOLIDADAS;AREQUIPA;040000;2;37;72;32,05;22,87;2,09;2,01;2,24;221;151;70;461;304;157;7
2020;02;02;APART HOTEL;TT;TODAS CONSOLIDADAS;LIMA;150000;23;1141;2043;41,5;35,52;3,02;1,98;3,5;6728;2130;4598;20319;4222;16097;768
2020;02;02;APART HOTEL;TT;TODAS CONSOLIDADAS;LORETO;160000;1;45;94;23,41;16,38;1,75;1,76;1,6;246;241;5;431;423;8;12
2020;02;02;APART HOTEL;TT;TODAS CONSOLIDADAS;PASCO;190000;1;15;22;0;0;0;0;0;0;0;0;0;0;0;0
2020;02;02;APART HOTEL;TT;TODAS CONSOLIDADAS;SAN MARTÍN;220000;1;20;49;60;51,82;2,45;2,49;2,1;290;261;29;711;650;61;23
2020;02;03;HOSTAL;01;1 ESTRELLA;AMAZONAS;010000;17;258;363;13,94;7,83;1;1;0;796;796;0;796;796;0;43
2020;02;03;HOSTAL;01;1 ESTRELLA;ÁNCASH;020000;46;599;976;32,74;31,08;1,15;1,15;1,2;7617;7504;113;8796;8660;136;108
2020;02;03;HOSTAL;01;1 ESTRELLA;APURÍMAC;030000;2;24;39;0;0;0;0;0;0;0;0;0;0;0;0
2020;02;03;HOSTAL;01;1 ESTRELLA;AREQUIPA;040000;58;862;1357;29,28;27;1,15;1,13;1,57;8909;8502;407;10259;9620;639;149
2020;02;03;HOSTAL;01;1 ESTRELLA;AYACUCHO;050000;3;86;157;30,71;20,6;1,66;1,66;0;566;566;0;938;938;0;8
2020;02;03;HOSTAL;01;1 ESTRELLA;CAJAMARCA;060000;23;390;646;35,5;40,09;1,68;1,68;1,58;4463;4423;40;7510;7447;63;68
2020;02;03;HOSTAL;01;1 ESTRELLA;CALLAO;070000;10;183;366;44,61;44,64;1;1;1,03;4675;4525;150;4693;4539;154;29
2020;02;03;HOSTAL;01;1 ESTRELLA;CUSCO;080000;30;471;799;22,94;19,6;1,25;1,2;1,72;3506;3193;313;4385;3846;539;68
2020;02;03;HOSTAL;01;1 ESTRELLA;ICA;110000;14;194;296;34,2;37,14;1;1;1;3078;3016;62;3078;3016;62;33
2020;02;03;HOSTAL;01;1 ESTRELLA;JUNÍN;120000;14;196;357;25,51;18,11;1,18;1,18;1,33;1535;1526;9;1810;1798;12;37
2020;02;03;HOSTAL;01;1 ESTRELLA;LA LIBERTAD;130000;35;496;867;31,6;29,28;1,19;1,19;1,17;5987;5854;133;7108;6953;155;87
2020;02;03;HOSTAL;01;1 ESTRELLA;LAMBAYEQUE;140000;24;318;452;24,79;22,35;1,17;1,17;1,19;2505;2453;52;2930;2868;62;59
2020;02;03;HOSTAL;01;1 ESTRELLA;LIMA;150000;63;1297;2641;32,02;30,97;1,09;1,09;1,22;23386;22892;494;25525;24923;602;260
2020;02;03;HOSTAL;01;1 ESTRELLA;LORETO;160000;5;78;112;31;26,18;1,88;1,77;2,1;437;293;144;821;518;303;15
2020;02;03;HOSTAL;01;1 ESTRELLA;MADRE DE DIOS;170000;1;18;33;0;0;0;0;0;0;0;0;0;0;0;0
2020;02;03;HOSTAL;01;1 ESTRELLA;MOQUEGUA;180000;17;249;440;27,3;24,29;1,13;1,13;1,11;2755;2578;177;3100;2904;196;45
2020;02;03;HOSTAL;01;1 ESTRELLA;PASCO;190000;19;311;508;21,69;14,25;1,13;1,13;1,21;1853;1825;28;2099;2065;34;45
2020;02;01;HOTEL;03;3 ESTRELLAS;UCAYALI;250000;17;612;1008;28,91;23,56;2,32;2,38;1,88;2965;2610;355;6886;6219;667;187
2020;02;01;HOTEL;04;4 ESTRELLAS;LAMBAYEQUE;140000;5;381;615;50,09;47,96;1,3;1,26;1,69;6566;5951;615;8553;7515;1038;335
2020;02;01;HOTEL;04;4 ESTRELLAS;CUSCO;080000;14;1122;2180;44,43;41,77;1,9;1,73;1,93;13455;2359;11096;25499;4074;21425;667
2020;02;01;HOTEL;04;4 ESTRELLAS;ICA;110000;7;765;1570;49,61;59,03;1,92;1,96;1,69;13505;11413;2092;25951;22409;3542;427
2020;02;01;HOTEL;05;5 ESTRELLAS;ICA;110000;2;225;556;0;0;0;0;0;0;0;0;0;0;0;0
2020;02;01;HOTEL;04;4 ESTRELLAS;JUNÍN;120000;1;40;66;14,29;17,37;1,49;1,51;1;216;204;12;321;309;12;19
2020;02;01;HOTEL;05;5 ESTRELLAS;AREQUIPA;040000;3;239;344;38,08;38,41;2,02;1,71;2,35;1828;942;886;3700;1615;2085;165
2020;02;02;APART HOTEL;03;3 ESTRELLAS;AREQUIPA;040000;1;18;36;6,55;9,92;2,5;2,13;2,72;40;15;25;100;32;68;2
2020;02;01;HOTEL;05;5 ESTRELLAS;UCAYALI;250000;2;162;297;34,95;26,67;2,32;2,16;3;992;813;179;2297;1760;537;82
2020;02;01;HOTEL;TT;TODAS CONSOLIDADAS;AMAZONAS;010000;54;1393;2352;32,53;26,77;1,35;1,34;1,44;13107;12272;835;17630;16427;1203;264
2020;02;01;HOTEL;TT;TODAS CONSOLIDADAS;CALLAO;070000;5;531;920;80,56;61,06;1,29;1,34;1,27;12663;2536;10127;16291;3390;12901;300
2020;02;01;HOTEL;TT;TODAS CONSOLIDADAS;HUÁNUCO;100000;65;2154;3528;25,36;21,46;1,22;1,22;1,4;18049;17900;149;21957;21749;208;423
2020;02;02;APART HOTEL;03;3 ESTRELLAS;ÁNCASH;020000;2;16;44;37,07;36,91;2,31;2,16;3,48;204;181;23;471;391;80;4
2020;02;02;APART HOTEL;TT;TODAS CONSOLIDADAS;TUMBES;240000;1;6;26;0;0;0;0;0;0;0;0;0;0;0;0
2020;02;03;HOSTAL;01;1 ESTRELLA;HUANCAVELICA;090000;1;21;34;38,42;24,34;1,07;1,07;0;224;224;0;240;240;0;3
2020;02;03;HOSTAL;01;1 ESTRELLA;HUÁNUCO;100000;15;232;339;79,15;58,5;1,04;1,04;0;5516;5516;0;5751;5751;0;45
2020;02;01;HOTEL;TT;TODAS CONSOLIDADAS;ICA;110000;117;4361;8411;40,45;38,63;1,67;1,67;1,64;54539;47755;6784;90980;79872;11108;1141
2020;02;01;HOTEL;TT;TODAS CONSOLIDADAS;JUNÍN;120000;57;1941;3635;18,46;13,46;1,47;1,47;1,63;9320;9082;238;13699;13311;388;399
2020;02;01;HOTEL;TT;TODAS CONSOLIDADAS;LA LIBERTAD;130000;115;3629;6878;39;33,14;1,54;1,51;2,01;41311;38339;2972;63819;57838;5981;973
2020;02;01;HOTEL;TT;TODAS CONSOLIDADAS;MADRE DE DIOS;170000;7;248;465;20,22;18,41;1,61;1,7;1,23;1492;1204;288;2397;2042;355;67
2020;02;01;HOTEL;TT;TODAS CONSOLIDADAS;PIURA;200000;36;1186;2065;46,67;40,75;1,78;1,72;2,18;13218;11527;1691;23560;19880;3680;408
2020;02;01;HOTEL;TT;TODAS CONSOLIDADAS;TACNA;230000;55;1808;3719;32,22;29,79;1,78;1,65;1,84;17442;5617;11825;31019;9267;21752;445
2020;02;02;APART HOTEL;03;3 ESTRELLAS;ICA;110000;1;17;34;36,13;18,91;1;1;0;180;180;0;180;180;0;4
2020;02;02;APART HOTEL;05;5 ESTRELLAS;LIMA;150000;8;511;842;38,44;33,2;3,63;2,03;4,44;2159;732;1427;7828;1486;6342;412
2020;02;02;APART HOTEL;TT;TODAS CONSOLIDADAS;ICA;110000;1;17;34;36,13;18,91;1;1;0;180;180;0;180;180;0;4
2020;02;02;APART HOTEL;TT;TODAS CONSOLIDADAS;LA LIBERTAD;130000;2;38;81;0;0;0;0;0;0;0;0;0;0;0;0
2020;02;03;HOSTAL;01;1 ESTRELLA;PIURA;200000;3;69;107;0;0;0;0;0;0;0;0;0;0;0;0
2020;02;03;HOSTAL;01;1 ESTRELLA;PUNO;210000;22;394;686;22,44;17,71;1,05;1,05;1,03;3349;3181;168;3524;3351;173;52
2020;02;03;HOSTAL;01;1 ESTRELLA;SAN MARTÍN;220000;2;35;63;31,12;18,82;1,58;1,58;1,5;210;206;4;332;326;6;7
2020;02;03;HOSTAL;01;1 ESTRELLA;TACNA;230000;12;201;354;27,43;22,94;1,11;1,09;1,13;2044;911;1133;2274;994;1280;35
2020;02;03;HOSTAL;02;2 ESTRELLAS;AMAZONAS;010000;58;1017;1702;37,43;26,57;1,02;1,02;1;12425;12336;89;12660;12571;89;170
2020;02;03;HOSTAL;02;2 ESTRELLAS;ÁNCASH;020000;123;2048;3516;34,79;33,63;1,08;1,08;1,22;31679;31481;198;34295;34053;242;353
2020;02;03;HOSTAL;02;2 ESTRELLAS;APURÍMAC;030000;6;141;208;29,41;23,4;1,09;1,09;1;1247;1245;2;1363;1361;2;25
2020;02;03;HOSTAL;02;2 ESTRELLAS;AREQUIPA;040000;133;2151;3836;27,96;27,06;1,27;1,27;1,26;22914;21454;1460;29061;27221;1840;392
2020;02;03;HOSTAL;02;2 ESTRELLAS;AYACUCHO;050000;4;49;74;34,48;44,97;1,09;1,09;0;882;882;0;965;965;0;7
2020;02;03;HOSTAL;02;2 ESTRELLAS;CAJAMARCA;060000;112;2144;3456;22,54;21,11;1,33;1,33;1,61;15915;15734;181;21158;20866;292;337
2020;02;03;HOSTAL;02;2 ESTRELLAS;CALLAO;070000;6;179;344;88,37;87,16;1,02;1,01;1,39;9203;9086;116;9342;9180;162;41
2020;02;03;HOSTAL;02;2 ESTRELLAS;CUSCO;080000;64;1035;1874;27,46;23,15;1,84;1,84;1,87;6584;5395;1189;12147;9922;2225;204
2020;02;03;HOSTAL;02;2 ESTRELLAS;HUANCAVELICA;090000;1;10;18;52,76;31,8;1;1;0;166;166;0;166;166;0;5
2020;02;03;HOSTAL;02;2 ESTRELLAS;ICA;110000;66;995;1702;24,24;22,86;1,09;1,1;1,02;9972;9427;545;10896;10341;555;178
2020;02;03;HOSTAL;02;2 ESTRELLAS;LA LIBERTAD;130000;150;2459;4427;36,13;31,73;1,19;1,18;1,54;33105;32108;997;39326;37792;1534;444
2020;02;03;HOSTAL;02;2 ESTRELLAS;LAMBAYEQUE;140000;161;2407;3427;31,67;25,88;1,19;1,18;1,46;21664;21281;383;25723;25165;558;474
2020;02;03;HOSTAL;02;2 ESTRELLAS;LIMA;150000;116;2729;5164;42,32;36,26;1,43;1,32;2,55;52312;47785;4528;74764;63209;11555;819
2020;02;03;HOSTAL;02;2 ESTRELLAS;LORETO;160000;5;79;127;87,88;98,03;1,87;1,84;2,17;1863;1709;154;3486;3152;334;18
2020;02;03;HOSTAL;02;2 ESTRELLAS;MADRE DE DIOS;170000;2;37;57;29,25;28,45;2,25;2,31;1,81;202;176;26;454;407;47;11
2020;02;03;HOSTAL;02;2 ESTRELLAS;MOQUEGUA;180000;32;402;664;28,72;19,81;1,6;1,6;1,42;2387;2354;33;3814;3767;47;74
2020;02;03;HOSTAL;02;2 ESTRELLAS;PASCO;190000;12;182;351;20,25;12,28;1,26;1,26;1;992;988;4;1250;1246;4;33
2020;02;03;HOSTAL;02;2 ESTRELLAS;PIURA;200000;28;571;923;38,1;35,63;1,82;1,79;2,11;5072;4690;382;9208;8403;805;116
2020;02;03;HOSTAL;02;2 ESTRELLAS;PUNO;210000;43;646;1222;28,44;23,38;1,5;1,51;1,37;5541;5003;538;8286;7548;738;124
2020;02;03;HOSTAL;02;2 ESTRELLAS;SAN MARTÍN;220000;17;265;446;36,87;34,99;1,74;1,73;2,08;2515;2467;48;4369;4269;100;68
2020;02;03;HOSTAL;02;2 ESTRELLAS;TACNA;230000;34;573;1099;17,38;15,9;1,49;1,53;1,47;3292;998;2294;4892;1530;3362;100
2020;02;03;HOSTAL;02;2 ESTRELLAS;TUMBES;240000;3;35;61;7,49;4,35;1;1;0;77;77;0;77;77;0;8
2020;02;03;HOSTAL;02;2 ESTRELLAS;UCAYALI;250000;2;70;121;23,4;22,68;1,86;1,87;1,75;427;419;8;796;782;14;13
2020;02;03;HOSTAL;03;3 ESTRELLAS;AMAZONAS;010000;10;144;297;26,39;13,77;1,05;1,05;1;1090;1045;45;1145;1100;45;33
2020;02;03;HOSTAL;03;3 ESTRELLAS;ÁNCASH;020000;20;322;556;15,81;10,89;1,71;1,71;1,75;1025;1017;8;1756;1742;14;65
2020;02;03;HOSTAL;03;3 ESTRELLAS;APURÍMAC;030000;1;24;43;48,96;27,33;2,55;2,55;0;129;129;0;329;329;0;7
2020;02;03;HOSTAL;03;3 ESTRELLAS;AYACUCHO;050000;2;38;77;42,47;32,33;2,6;2,69;2,07;278;237;41;722;637;85;25
2020;02;03;HOSTAL;03;3 ESTRELLAS;CAJAMARCA;060000;44;737;1243;23,34;20,18;1,76;1,76;1,96;4126;4054;72;7275;7134;141;133
2020;02;03;HOSTAL;03;3 ESTRELLAS;CUSCO;080000;25;468;905;14,19;11,37;2,64;2,16;3,08;1092;522;570;2881;1128;1753;95
2020;02;03;HOSTAL;03;3 ESTRELLAS;HUANCAVELICA;090000;3;59;94;31,97;22,74;1,34;1,34;0;464;464;0;620;620;0;7
2020;02;03;HOSTAL;03;3 ESTRELLAS;HUÁNUCO;100000;1;14;24;0;0;0;0;0;0;0;0;0;0;0;0
2020;02;03;HOSTAL;03;3 ESTRELLAS;ICA;110000;35;636;1193;40,86;36,57;1,15;1,16;1,09;10657;9037;1620;12215;10445;1770;149
2020;02;03;HOSTAL;03;3 ESTRELLAS;JUNÍN;120000;3;60;103;36,67;27,32;1,5;1,5;2;525;523;2;788;784;4;23
2020;02;03;HOSTAL;03;3 ESTRELLAS;LA LIBERTAD;130000;68;1111;2079;45,47;34,67;1,38;1,37;1,48;14652;14257;395;20183;19599;584;224
2020;02;03;HOSTAL;03;3 ESTRELLAS;LAMBAYEQUE;140000;33;503;762;32,17;27,22;1,25;1,26;1,24;4795;4570;225;6016;5738;278;118
2020;02;03;HOSTAL;03;3 ESTRELLAS;LIMA;150000;17;381;754;30,12;23,78;1,35;1,34;1,52;3817;3529;288;5150;4713;437;95
2020;02;03;HOSTAL;03;3 ESTRELLAS;LORETO;160000;7;114;197;22,43;19,82;1,94;1,95;1,94;562;510;52;1093;992;101;27
2020;02;03;HOSTAL;03;3 ESTRELLAS;MADRE DE DIOS;170000;1;22;29;12,01;12,93;1,42;1,42;1;74;73;1;105;104;1;2
2020;02;03;HOSTAL;03;3 ESTRELLAS;MOQUEGUA;180000;3;40;64;17,84;15,52;1,19;1,18;1,2;243;228;15;288;270;18;6
2020;02;03;HOSTAL;03;3 ESTRELLAS;PASCO;190000;1;9;18;11,49;6,9;1,09;1,09;0;33;33;0;36;36;0;3
2020;02;03;HOSTAL;03;3 ESTRELLAS;PIURA;200000;4;78;175;24,77;28,43;2,17;1,72;3,05;642;424;218;1393;728;665;13
2020;02;03;HOSTAL;03;3 ESTRELLAS;PUNO;210000;9;175;340;26,03;23,83;1,69;1,69;1,67;1393;1160;233;2350;1962;388;41
2020;02;03;HOSTAL;03;3 ESTRELLAS;SAN MARTÍN;220000;6;105;226;29,29;24,83;1,31;1,29;1,95;1197;1154;43;1571;1487;84;33
2020;02;03;HOSTAL;03;3 ESTRELLAS;TACNA;230000;9;160;337;35,51;34,6;1,84;1,6;1,97;1777;644;1133;3265;1032;2233;34
2020;02;03;HOSTAL;03;3 ESTRELLAS;TUMBES;240000;4;69;150;56,32;37,47;1,25;1,24;1,27;1309;1148;161;1630;1426;204;13
2020;02;03;HOSTAL;03;3 ESTRELLAS;UCAYALI;250000;2;45;67;16,17;15,75;2,23;2,23;0;137;137;0;306;306;0;8
2020;02;03;HOSTAL;TT;TODAS CONSOLIDADAS;AMAZONAS;010000;85;1419;2362;32,04;22,08;1,02;1,02;1;14311;14177;134;14601;14467;134;246
2020;02;03;HOSTAL;TT;TODAS CONSOLIDADAS;ÁNCASH;020000;189;2969;5048;32,32;30,63;1,11;1,11;1,23;40321;40002;319;44847;44455;392;526
2020;02;03;HOSTAL;TT;TODAS CONSOLIDADAS;APURÍMAC;030000;9;189;290;28,16;20,84;1,23;1,23;1;1376;1374;2;1692;1690;2;32
2020;02;03;HOSTAL;TT;TODAS CONSOLIDADAS;AREQUIPA;040000;233;3743;6600;26,35;25,12;1,31;1,28;1,6;35468;32230;3238;46418;41244;5174;718
2020;02;03;HOSTAL;TT;TODAS CONSOLIDADAS;AYACUCHO;050000;9;173;308;34,36;29,39;1,52;1,51;2,07;1726;1685;41;2625;2540;85;40
2020;02;03;HOSTAL;TT;TODAS CONSOLIDADAS;CAJAMARCA;060000;179;3271;5345;24,26;23,19;1,47;1,46;1,69;24504;24211;293;35943;35447;496;538
2020;02;03;HOSTAL;TT;TODAS CONSOLIDADAS;CALLAO;070000;16;362;710;67,64;66,54;1,01;1,01;1,19;14042;13775;267;14202;13884;318;70
2020;02;03;HOSTAL;TT;TODAS CONSOLIDADAS;CUSCO;080000;119;1974;3578;23,24;19,38;1,74;1,64;2,18;11182;9110;2072;19413;14896;4517;367
2020;02;03;HOSTAL;TT;TODAS CONSOLIDADAS;HUANCAVELICA;090000;5;90;146;35,79;24,23;1,2;1,2;0;854;854;0;1026;1026;0;15
2020;02;03;HOSTAL;TT;TODAS CONSOLIDADAS;HUÁNUCO;100000;37;537;828;54,75;41,3;1,03;1,03;1;9590;9570;20;9916;9896;20;107
2020;02;03;HOSTAL;TT;TODAS CONSOLIDADAS;ICA;110000;115;1825;3191;31,09;29,31;1,1;1,11;1,07;23707;21480;2227;26189;23802;2387;360
2020;02;03;HOSTAL;TT;TODAS CONSOLIDADAS;JUNÍN;120000;45;765;1402;24,44;18,42;1,35;1,35;1,49;5356;5285;71;7229;7123;106;155
2020;02;03;HOSTAL;TT;TODAS CONSOLIDADAS;LA LIBERTAD;130000;253;4066;7373;38,13;32,27;1,24;1,23;1,49;53744;52219;1525;66617;64344;2273;755
2020;02;03;HOSTAL;TT;TODAS CONSOLIDADAS;LAMBAYEQUE;140000;218;3228;4641;31,07;25,76;1,2;1,19;1,36;28964;28304;660;34669;33771;898;651
2020;02;03;HOSTAL;TT;TODAS CONSOLIDADAS;LIMA;150000;196;4407;8559;36,86;32,31;1,3;1,24;2,23;73097;68532;4565;95158;84982;10176;1119
2020;02;03;HOSTAL;TT;TODAS CONSOLIDADAS;MADRE DE DIOS;170000;4;77;119;17,49;16,78;2,03;2,05;1,78;276;249;27;559;511;48;13
2020;02;03;HOSTAL;TT;TODAS CONSOLIDADAS;MOQUEGUA;180000;52;691;1168;27,58;21,26;1,34;1,35;1,16;5385;5160;225;7202;6941;261;125
2020;02;03;HOSTAL;TT;TODAS CONSOLIDADAS;PASCO;190000;32;502;877;20,99;13,31;1,18;1,18;1,19;2878;2846;32;3385;3347;38;81
2020;02;03;HOSTAL;TT;TODAS CONSOLIDADAS;PIURA;200000;35;718;1205;32,99;31,42;1,86;1,79;2,45;5714;5114;600;10601;9131;1470;129
2020;02;03;HOSTAL;TT;TODAS CONSOLIDADAS;PUNO;210000;74;1215;2248;26,15;21,72;1,38;1,38;1,38;10283;9344;939;14160;12861;1299;217
2020;02;03;HOSTAL;TT;TODAS CONSOLIDADAS;SAN MARTÍN;220000;25;405;735;34,41;30,48;1,6;1,59;2;3922;3827;95;6272;6082;190;108
2020;02;03;HOSTAL;TT;TODAS CONSOLIDADAS;TACNA;230000;55;934;1790;22,65;20,81;1,47;1,39;1,51;7113;2553;4560;10431;3556;6875;169
2020;02;03;HOSTAL;TT;TODAS CONSOLIDADAS;TUMBES;240000;7;104;211;39,89;27,9;1,23;1,23;1,27;1386;1225;161;1707;1503;204;21
2020;02;03;HOSTAL;TT;TODAS CONSOLIDADAS;UCAYALI;250000;4;115;188;20,57;20,21;1,95;1,96;1,75;564;556;8;1102;1088;14;21
2020;02;05;ALBERGUE;12;ALBERGUE;AREQUIPA;040000;5;56;123;6,25;6,94;2,1;2,1;0;114;114;0;239;239;0;34
2020;02;05;ALBERGUE;12;ALBERGUE;CUSCO;080000;18;262;786;25,15;26,2;1,7;1,96;1,67;3391;327;3064;5765;640;5125;84
2020;02;05;ALBERGUE;12;ALBERGUE;ICA;110000;2;18;43;28,17;25,66;1,35;1,35;0;229;229;0;309;309;0;5
2020;02;05;ALBERGUE;12;ALBERGUE;LIMA;150000;8;129;406;20,38;18,45;1,2;1,15;1,89;1751;1630;121;2097;1868;229;38
2020;02;05;ALBERGUE;12;ALBERGUE;LORETO;160000;54;799;1654;17,04;13,8;2,52;2,3;2,7;2535;1135;1400;6392;2614;3778;281
2020;02;05;ALBERGUE;12;ALBERGUE;MADRE DE DIOS;170000;7;209;479;24,76;21,64;2,22;2,04;2,23;1308;77;1231;2903;157;2746;280
2020;02;05;ALBERGUE;12;ALBERGUE;PASCO;190000;7;148;373;1,65;1,41;1,69;1,69;0;90;90;0;152;152;0;24
2020;02;05;ALBERGUE;12;ALBERGUE;PUNO;210000;1;13;35;4,77;3,35;2;2;2;17;16;1;34;32;2;6
2020;02;05;ALBERGUE;12;ALBERGUE;SAN MARTÍN;220000;9;143;322;46,43;43,5;1,79;1,75;2,12;2196;2004;192;3922;3515;407;58
2020;02;05;ALBERGUE;12;ALBERGUE;UCAYALI;250000;3;38;99;26,04;10,8;4,19;1,75;5,36;74;24;50;310;42;268;19
2020;02;05;ALBERGUE;TT;TODAS CONSOLIDADAS;ÁNCASH;020000;4;43;103;5,69;3,85;1,47;1,53;1,32;78;59;19;115;90;25;12
2020;02;05;ALBERGUE;TT;TODAS CONSOLIDADAS;AREQUIPA;040000;5;56;123;6,25;6,94;2,1;2,1;0;114;114;0;239;239;0;34
2020;02;05;ALBERGUE;TT;TODAS CONSOLIDADAS;ICA;110000;2;18;43;28,17;25,66;1,35;1,35;0;229;229;0;309;309;0;5
2020;02;05;ALBERGUE;TT;TODAS CONSOLIDADAS;LIMA;150000;8;129;406;20,38;18,45;1,2;1,15;1,89;1751;1630;121;2097;1868;229;38
2020;02;05;ALBERGUE;TT;TODAS CONSOLIDADAS;LORETO;160000;54;799;1654;17,04;13,8;2,52;2,3;2,7;2535;1135;1400;6392;2614;3778;281
2020;02;05;ALBERGUE;TT;TODAS CONSOLIDADAS;MADRE DE DIOS;170000;7;209;479;24,76;21,64;2,22;2,04;2,23;1308;77;1231;2903;157;2746;280
2020;02;05;ALBERGUE;TT;TODAS CONSOLIDADAS;PASCO;190000;7;148;373;1,65;1,41;1,69;1,69;0;90;90;0;152;152;0;24
2020;02;05;ALBERGUE;TT;TODAS CONSOLIDADAS;PUNO;210000;1;13;35;4,77;3,35;2;2;2;17;16;1;34;32;2;6
2020;02;05;ALBERGUE;TT;TODAS CONSOLIDADAS;SAN MARTÍN;220000;9;143;322;46,43;43,5;1,79;1,75;2,12;2196;2004;192;3922;3515;407;58
2020;02;03;HOSTAL;02;2 ESTRELLAS;HUÁNUCO;100000;21;291;465;37,93;30,89;1,02;1,02;1;4074;4054;20;4165;4145;20;62
2020;02;05;ALBERGUE;12;ALBERGUE;ÁNCASH;020000;4;43;103;5,69;3,85;1,47;1,53;1,32;78;59;19;115;90;25;12
2020;02;03;HOSTAL;02;2 ESTRELLAS;JUNÍN;120000;28;509;942;22,58;17,56;1,41;1,4;1,5;3296;3236;60;4631;4541;90;95
2020;02;03;HOSTAL;03;3 ESTRELLAS;AREQUIPA;040000;42;730;1407;18,17;18,02;1,95;1,94;1,97;3645;2274;1371;7098;4403;2695;177
2020;02;03;HOSTAL;TT;TODAS CONSOLIDADAS;LORETO;160000;17;271;436;43,98;44,23;1,89;1,86;2,11;2862;2512;350;5400;4662;738;60
2020;02;05;ALBERGUE;TT;TODAS CONSOLIDADAS;CUSCO;080000;18;262;786;25,15;26,2;1,7;1,96;1,67;3391;327;3064;5765;640;5125;84
2020;02;05;ALBERGUE;TT;TODAS CONSOLIDADAS;UCAYALI;250000;3;38;99;26,04;10,8;4,19;1,75;5,36;74;24;50;310;42;268;19
2020;02;14;RESORT;03;3 ESTRELLAS;ICA;110000;1;43;80;0;0;0;0;0;0;0;0;0;0;0;0
2020;02;14;RESORT;03;3 ESTRELLAS;TUMBES;240000;1;24;48;6,47;7,11;1,16;1,13;1,27;85;63;22;99;71;28;9
2020;02;14;RESORT;04;4 ESTRELLAS;TUMBES;240000;1;401;1058;98,68;93,94;2,85;2,68;3,47;10119;7970;2149;28824;21371;7453;435
2020;02;14;RESORT;05;5 ESTRELLAS;ICA;110000;2;235;490;86,4;100,25;1,3;1,31;1,24;10597;8141;2456;13754;10697;3057;300
2020;02;14;RESORT;TT;TODAS CONSOLIDADAS;ICA;110000;3;278;570;73,03;86,18;1,3;1,31;1,24;10597;8141;2456;13754;10697;3057;300
2020;02;14;RESORT;TT;TODAS CONSOLIDADAS;TUMBES;240000;2;425;1106;93,47;90,18;2,83;2,67;3,45;10204;8033;2171;28923;21442;7481;444
2020;02;16;ECOLODGE;13;ECOLODGE;AREQUIPA;040000;2;58;148;26,6;23,36;1,87;1,72;1,94;519;173;346;968;297;671;83
2020;02;16;ECOLODGE;13;ECOLODGE;SAN MARTÍN;220000;1;12;24;0;0;0;0;0;0;0;0;0;0;0;0
2020;02;16;ECOLODGE;TT;TODAS CONSOLIDADAS;AREQUIPA;040000;2;58;148;26,6;23,36;1,87;1,72;1,94;519;173;346;968;297;671;83
2020;02;16;ECOLODGE;TT;TODAS CONSOLIDADAS;SAN MARTÍN;220000;1;12;24;0;0;0;0;0;0;0;0;0;0;0;0
2020;02;TT;TODAS CONSOLIDADAS;00;NO CATEGORIZADO;AMAZONAS;010000;253;2484;3979;25,53;16,05;1,13;1,13;1,05;15829;15507;322;17887;17548;339;317
2020;02;TT;TODAS CONSOLIDADAS;00;NO CATEGORIZADO;APURÍMAC;030000;513;4773;7368;30,81;24,86;1,19;1,19;1,18;43191;42818;373;51280;50841;439;878
2020;02;TT;TODAS CONSOLIDADAS;00;NO CATEGORIZADO;AREQUIPA;040000;1284;11417;19409;24,64;22,52;1,31;1,22;1,84;93390;80166;13224;122364;98054;24310;2136
2020;02;TT;TODAS CONSOLIDADAS;00;NO CATEGORIZADO;CUSCO;080000;1936;19083;35329;20,03;17,27;1,59;1,35;1,99;107219;66531;40688;170839;89669;81170;3719
2020;02;TT;TODAS CONSOLIDADAS;00;NO CATEGORIZADO;LIMA;150000;6141;54031;94326;38,81;40,23;1,39;1,36;1,95;3430489;3282191;148297;4761291;4471813;289477;51836
2020;02;TT;TODAS CONSOLIDADAS;00;NO CATEGORIZADO;LORETO;160000;727;7258;11409;22,92;19,8;1,51;1,54;1,45;41753;29009;12744;63250;44730;18520;1342
2020;02;TT;TODAS CONSOLIDADAS;00;NO CATEGORIZADO;MADRE DE DIOS;170000;323;4673;7673;22,63;18,49;1,17;1,14;1,45;34097;31145;2952;39727;35437;4290;796
2020;02;TT;TODAS CONSOLIDADAS;00;NO CATEGORIZADO;PIURA;200000;998;10611;19452;36,56;30,92;1,42;1,35;2,1;118460;107810;10650;168386;146045;22341;2029
2020;02;TT;TODAS CONSOLIDADAS;00;NO CATEGORIZADO;SAN MARTÍN;220000;812;9497;15065;34,32;31,82;1,25;1,24;1,55;107593;105018;2575;134218;130220;3998;1674
2020;02;TT;TODAS CONSOLIDADAS;01;1 ESTRELLA;AMAZONAS;010000;18;278;406;18;10,47;1;1;1;1190;1184;6;1190;1184;6;49
2020;02;TT;TODAS CONSOLIDADAS;01;1 ESTRELLA;ÁNCASH;020000;51;769;1243;29,39;27,13;1,16;1,15;1,37;8465;8331;134;9781;9598;183;124
2020;02;TT;TODAS CONSOLIDADAS;01;1 ESTRELLA;APURÍMAC;030000;4;104;154;18,85;13,89;1,11;1,11;1;542;539;3;599;596;3;9
2020;02;TT;TODAS CONSOLIDADAS;01;1 ESTRELLA;AREQUIPA;040000;63;1038;1640;27,01;23,57;1,16;1,14;1,56;9304;8836;468;10825;10094;731;178
2020;02;TT;TODAS CONSOLIDADAS;01;1 ESTRELLA;CUSCO;080000;37;643;1136;22,18;18,74;1,31;1,21;1,84;4566;3852;714;5961;4650;1311;94
2020;02;TT;TODAS CONSOLIDADAS;01;1 ESTRELLA;ICA;110000;19;307;463;23,79;24,92;1;1;1;3230;3168;62;3230;3168;62;52
2020;02;TT;TODAS CONSOLIDADAS;01;1 ESTRELLA;LA LIBERTAD;130000;37;536;936;32,46;29,74;1,17;1,17;1,15;6673;6528;145;7794;7627;167;92
2020;02;TT;TODAS CONSOLIDADAS;01;1 ESTRELLA;LAMBAYEQUE;140000;28;440;636;21,73;19,42;1,2;1,2;1,2;2995;2939;56;3581;3514;67;76
2020;02;TT;TODAS CONSOLIDADAS;01;1 ESTRELLA;LIMA;150000;69;1543;3095;31,54;30,94;1,08;1,08;1,22;26810;26309;501;28980;28369;611;284
2020;02;TT;TODAS CONSOLIDADAS;01;1 ESTRELLA;LORETO;160000;5;78;112;31;26,18;1,88;1,77;2,1;437;293;144;821;518;303;15
2020;02;TT;TODAS CONSOLIDADAS;01;1 ESTRELLA;MADRE DE DIOS;170000;2;38;67;5,08;3,3;1,15;1,15;0;54;54;0;62;62;0;3
2020;02;TT;TODAS CONSOLIDADAS;01;1 ESTRELLA;PASCO;190000;22;389;659;19,67;13,07;1,26;1,26;1,21;1985;1957;28;2497;2463;34;56
2020;02;TT;TODAS CONSOLIDADAS;01;1 ESTRELLA;PIURA;200000;5;122;191;10,54;6,66;1,06;1,06;0;336;336;0;356;356;0;9
2020;02;TT;TODAS CONSOLIDADAS;01;1 ESTRELLA;SAN MARTÍN;220000;8;161;243;36,96;29,51;1,27;1,27;1,29;1584;1570;14;2008;1990;18;33
2020;02;TT;TODAS CONSOLIDADAS;02;2 ESTRELLAS;AMAZONAS;010000;90;1865;3076;35,31;26,56;1,15;1,15;1,38;19866;19656;210;22873;22583;290;314
2020;02;TT;TODAS CONSOLIDADAS;02;2 ESTRELLAS;ÁNCASH;020000;162;3105;5461;31,28;29,5;1,11;1,11;1,28;42045;41741;304;46713;46323;390;517
2020;02;TT;TODAS CONSOLIDADAS;00;NO CATEGORIZADO;ÁNCASH;020000;659;6659;11507;25,28;21,06;1,36;1,34;1,65;51713;49084;2629;70265;65933;4332;1138
2020;02;TT;TODAS CONSOLIDADAS;00;NO CATEGORIZADO;AYACUCHO;050000;583;6064;9708;28,46;24,53;1,26;1,26;1,38;54659;54068;591;69070;68256;814;1090
2020;02;TT;TODAS CONSOLIDADAS;00;NO CATEGORIZADO;CAJAMARCA;060000;647;6829;10726;26,69;20,52;1,14;1,14;1,23;56084;54834;1250;63840;62307;1533;1187
2020;02;TT;TODAS CONSOLIDADAS;00;NO CATEGORIZADO;CALLAO;070000;271;3980;7394;42,13;39,9;1,02;1,02;1,04;144825;133592;11233;148204;136473;11730;1250
2020;02;TT;TODAS CONSOLIDADAS;00;NO CATEGORIZADO;PASCO;190000;304;3685;5706;19,9;14,65;1,24;1,24;1;19528;19517;11;24239;24228;11;661
2020;02;TT;TODAS CONSOLIDADAS;00;NO CATEGORIZADO;UCAYALI;250000;474;5396;8227;21,08;21,8;1,98;1,98;2;26227;25473;754;52018;50509;1509;948
2020;02;TT;TODAS CONSOLIDADAS;01;1 ESTRELLA;CALLAO;070000;10;183;366;44,61;44,64;1;1;1,03;4675;4525;150;4693;4539;154;29
2020;02;TT;TODAS CONSOLIDADAS;00;NO CATEGORIZADO;HUANCAVELICA;090000;201;2349;3635;16,58;13,85;1,18;1,18;1,26;12355;12336;19;14603;14579;24;398
2020;02;TT;TODAS CONSOLIDADAS;00;NO CATEGORIZADO;LAMBAYEQUE;140000;393;4098;6068;26,27;23,37;1,06;1,06;1,19;38847;38354;493;41125;40538;587;732
2020;02;TT;TODAS CONSOLIDADAS;01;1 ESTRELLA;AYACUCHO;050000;11;289;527;20,38;15,66;1,76;1,76;1,38;1361;1353;8;2394;2383;11;39
2020;02;TT;TODAS CONSOLIDADAS;01;1 ESTRELLA;CAJAMARCA;060000;29;567;932;27,79;30,56;1,63;1,63;1,56;5079;5038;41;8259;8195;64;94
2020;02;TT;TODAS CONSOLIDADAS;01;1 ESTRELLA;HUÁNUCO;100000;25;523;773;52,61;45,1;1,07;1,07;1;9434;9432;2;10110;10108;2;88
2020;02;TT;TODAS CONSOLIDADAS;00;NO CATEGORIZADO;HUÁNUCO;100000;489;5614;8313;25,99;23,64;1,36;1,36;1,33;42017;41834;183;57001;56757;244;956
2020;02;TT;TODAS CONSOLIDADAS;01;1 ESTRELLA;PUNO;210000;27;519;908;20,8;16,43;1,1;1,1;1,02;3950;3744;206;4327;4116;211;65
2020;02;TT;TODAS CONSOLIDADAS;00;NO CATEGORIZADO;ICA;110000;717;8453;14692;26,99;23,5;1,18;1,18;1,16;82061;75383;6678;96656;88894;7762;1474
2020;02;TT;TODAS CONSOLIDADAS;00;NO CATEGORIZADO;JUNÍN;120000;1309;14026;22854;23,81;18,88;1,13;1,13;1,32;106601;106338;263;120808;120461;347;2381
2020;02;TT;TODAS CONSOLIDADAS;00;NO CATEGORIZADO;LA LIBERTAD;130000;833;7320;12189;45,76;39,22;1,13;1,12;1,73;118016;114715;3301;133863;128147;5716;1354
2020;02;TT;TODAS CONSOLIDADAS;00;NO CATEGORIZADO;MOQUEGUA;180000;196;2075;3567;25,95;22,73;1,44;1,44;1,33;16374;15443;931;23509;22270;1239;385
2020;02;TT;TODAS CONSOLIDADAS;00;NO CATEGORIZADO;PUNO;210000;805;7602;13163;30,48;23,58;1,16;1,15;1,21;77926;72946;4980;90013;83967;6046;1429
2020;02;TT;TODAS CONSOLIDADAS;00;NO CATEGORIZADO;TUMBES;240000;217;2492;4910;19,98;17,37;1,71;1,72;1,69;14451;12041;2410;24740;20661;4079;348
2020;02;TT;TODAS CONSOLIDADAS;01;1 ESTRELLA;MOQUEGUA;180000;18;269;481;25,27;22,22;1,13;1,13;1,11;2755;2578;177;3100;2904;196;45
2020;02;TT;TODAS CONSOLIDADAS;00;NO CATEGORIZADO;TACNA;230000;451;4487;8129;16,2;13,2;1,22;1,2;1,26;24729;19085;5644;30049;22913;7136;586
2020;02;TT;TODAS CONSOLIDADAS;01;1 ESTRELLA;HUANCAVELICA;090000;1;21;34;38,42;24,34;1,07;1,07;0;224;224;0;240;240;0;3
2020;02;TT;TODAS CONSOLIDADAS;01;1 ESTRELLA;JUNÍN;120000;21;461;892;18,16;12,31;1,27;1,27;1,33;2422;2413;9;3075;3063;12;62
2020;02;TT;TODAS CONSOLIDADAS;01;1 ESTRELLA;TACNA;230000;14;258;466;27,28;22,58;1,23;1,3;1,14;2401;1247;1154;2946;1627;1319;40
2020;02;TT;TODAS CONSOLIDADAS;02;2 ESTRELLAS;APURÍMAC;030000;11;346;564;20,61;15,36;1,24;1,24;1,29;1962;1945;17;2426;2404;22;54
2020;02;TT;TODAS CONSOLIDADAS;02;2 ESTRELLAS;AREQUIPA;040000;176;3366;5951;25,72;24,41;1,36;1,36;1,36;29955;28158;1797;40678;38229;2449;581
2020;02;TT;TODAS CONSOLIDADAS;02;2 ESTRELLAS;AYACUCHO;050000;13;339;572;24,88;24,31;1,49;1,49;1,29;2704;2666;38;4033;3984;49;57
2020;02;TT;TODAS CONSOLIDADAS;02;2 ESTRELLAS;CAJAMARCA;060000;149;3155;5065;21,24;19,54;1,33;1,33;1,49;21593;21320;273;28694;28288;406;498
2020;02;TT;TODAS CONSOLIDADAS;02;2 ESTRELLAS;CALLAO;070000;6;179;344;88,37;87,16;1,02;1,01;1,39;9203;9086;116;9342;9180;162;41
2020;02;TT;TODAS CONSOLIDADAS;02;2 ESTRELLAS;CUSCO;080000;117;2354;4362;25,03;20,78;1,74;1,69;1,82;14580;8823;5757;25375;14874;10501;643
2020;02;TT;TODAS CONSOLIDADAS;02;2 ESTRELLAS;HUANCAVELICA;090000;3;52;91;42,04;32,85;1,7;1,7;1,67;510;507;3;867;862;5;16
2020;02;TT;TODAS CONSOLIDADAS;02;2 ESTRELLAS;HUÁNUCO;100000;62;1570;2495;29,03;24,21;1,14;1,14;1;15345;15306;39;17514;17475;39;271
2020;02;TT;TODAS CONSOLIDADAS;02;2 ESTRELLAS;ICA;110000;119;2468;4290;27,46;26,55;1,24;1,23;1,46;25816;24929;887;31897;30601;1296;415
2020;02;TT;TODAS CONSOLIDADAS;02;2 ESTRELLAS;JUNÍN;120000;55;1332;2420;21,74;17;1,44;1,44;1,44;7978;7860;118;11517;11347;170;222
2020;02;TT;TODAS CONSOLIDADAS;02;2 ESTRELLAS;LA LIBERTAD;130000;172;3073;5547;38,01;31,93;1,17;1,16;1,5;42571;41503;1068;49597;47992;1605;548
2020;02;TT;TODAS CONSOLIDADAS;02;2 ESTRELLAS;LAMBAYEQUE;140000;230;4371;6414;27,11;22,34;1,2;1,19;1,42;34740;34080;660;41545;40606;939;781
2020;02;TT;TODAS CONSOLIDADAS;02;2 ESTRELLAS;LIMA;150000;220;7104;13224;46,68;40,68;1,35;1,31;2,34;145704;139953;5751;196496;183032;13465;1746
2020;02;TT;TODAS CONSOLIDADAS;02;2 ESTRELLAS;LORETO;160000;20;454;727;42,89;38,84;2,23;2,23;2,2;3547;3277;270;7907;7313;594;79
2020;02;TT;TODAS CONSOLIDADAS;02;2 ESTRELLAS;MADRE DE DIOS;170000;5;128;231;25,2;20,41;1,84;1,87;1,54;719;637;82;1320;1194;126;24
2020;02;TT;TODAS CONSOLIDADAS;02;2 ESTRELLAS;MOQUEGUA;180000;47;791;1295;27,68;21,07;1,6;1,62;1,44;4932;4560;372;7912;7377;535;152
2020;02;TT;TODAS CONSOLIDADAS;02;2 ESTRELLAS;PASCO;190000;15;261;486;19,25;11,69;1,19;1,19;1;1390;1376;14;1648;1634;14;43
2020;02;TT;TODAS CONSOLIDADAS;02;2 ESTRELLAS;PIURA;200000;48;1064;1767;39,92;34,89;1,93;1,94;1,86;8927;8247;680;17264;15996;1268;206
2020;02;TT;TODAS CONSOLIDADAS;02;2 ESTRELLAS;PUNO;210000;68;1258;2333;25,26;21,32;1,38;1,38;1,37;10476;9702;774;14425;13361;1064;214
2020;02;TT;TODAS CONSOLIDADAS;02;2 ESTRELLAS;SAN MARTÍN;220000;42;966;1610;30,63;28,99;1,58;1,58;1,78;8263;8134;129;13067;12837;230;205
2020;02;TT;TODAS CONSOLIDADAS;02;2 ESTRELLAS;TACNA;230000;70;1557;3110;19,37;15,59;1,47;1,49;1,46;9247;3361;5886;13580;5006;8574;270
2020;02;TT;TODAS CONSOLIDADAS;02;2 ESTRELLAS;TUMBES;240000;9;251;497;26,27;26,63;1,78;1,77;1,87;2152;1896;256;3838;3360;478;57
2020;02;TT;TODAS CONSOLIDADAS;02;2 ESTRELLAS;UCAYALI;250000;4;121;202;13,54;13,59;1,86;1,87;1,75;427;419;8;796;782;14;13
2020;02;TT;TODAS CONSOLIDADAS;03;3 ESTRELLAS;ÁNCASH;020000;62;1709;3045;15,88;12,52;1,51;1,48;1,99;7330;6972;358;11053;10340;713;349
2020;02;TT;TODAS CONSOLIDADAS;03;3 ESTRELLAS;APURÍMAC;030000;5;147;244;32,34;25,56;1,85;1,86;1,75;943;851;92;1746;1585;161;37
2020;02;TT;TODAS CONSOLIDADAS;03;3 ESTRELLAS;AREQUIPA;040000;108;2692;5140;22,35;18,91;1,85;1,88;1,8;14700;9818;4882;27220;18414;8806;710
2020;02;TT;TODAS CONSOLIDADAS;03;3 ESTRELLAS;AYACUCHO;050000;8;258;492;29,58;26,04;2,39;2,41;2,19;1556;1380;176;3716;3330;386;112
2020;02;TT;TODAS CONSOLIDADAS;03;3 ESTRELLAS;CAJAMARCA;060000;99;2483;4256;21,93;18,92;1,66;1,66;1,76;14056;13691;365;23348;22705;643;489
2020;02;TT;TODAS CONSOLIDADAS;03;3 ESTRELLAS;CALLAO;070000;3;160;288;36,88;25,86;1,61;1,55;1,68;1340;700;640;2160;1084;1076;52
2020;02;TT;TODAS CONSOLIDADAS;03;3 ESTRELLAS;CUSCO;080000;103;3403;6648;24,17;22,03;1,71;1,83;1,68;23983;5078;18905;41014;9316;31698;1024
2020;02;TT;TODAS CONSOLIDADAS;03;3 ESTRELLAS;HUANCAVELICA;090000;5;124;202;21,41;16,71;1,38;1,38;0;707;707;0;979;979;0;25
2020;02;TT;TODAS CONSOLIDADAS;03;3 ESTRELLAS;HUÁNUCO;100000;14;546;998;16,31;12,16;1,43;1,43;1,3;2463;2389;74;3518;3422;96;146
2020;02;TT;TODAS CONSOLIDADAS;03;3 ESTRELLAS;ICA;110000;87;2481;4837;48,67;41,55;1,57;1,59;1,44;35875;29905;5970;56271;47676;8595;611
2020;02;TT;TODAS CONSOLIDADAS;03;3 ESTRELLAS;JUNÍN;120000;25;873;1659;19,04;12,95;1,48;1,47;1,76;4060;3890;170;6015;5715;300;251
2020;02;TT;TODAS CONSOLIDADAS;03;3 ESTRELLAS;LA LIBERTAD;130000;155;3623;6936;37,33;30,66;1,53;1,51;1,81;39049;36973;2076;59553;55801;3752;809
2020;02;TT;TODAS CONSOLIDADAS;03;3 ESTRELLAS;LAMBAYEQUE;140000;72;1810;3012;31,53;24,66;1,42;1,39;1,97;15151;14380;771;21544;20023;1521;441
2020;02;TT;TODAS CONSOLIDADAS;03;3 ESTRELLAS;LIMA;150000;173;7968;15143;45,64;39,52;1,89;1,64;2,35;89212;58631;30581;168233;96254;71979;2308
2020;02;TT;TODAS CONSOLIDADAS;03;3 ESTRELLAS;LORETO;160000;34;960;1639;34,05;29,82;2;2;2,01;6841;5194;1647;13683;10375;3308;256
2020;02;TT;TODAS CONSOLIDADAS;03;3 ESTRELLAS;MOQUEGUA;180000;10;289;519;56,13;43,71;2,05;2,07;1,89;3217;2788;429;6579;5767;812;59
2020;02;TT;TODAS CONSOLIDADAS;03;3 ESTRELLAS;PASCO;190000;6;134;229;10,22;13,49;1,79;1,79;1,76;500;467;33;896;838;58;25
2020;02;TT;TODAS CONSOLIDADAS;03;3 ESTRELLAS;PIURA;200000;15;454;829;38,03;35,71;1,54;1,46;2,07;5397;4716;681;8289;6881;1408;134
2020;02;TT;TODAS CONSOLIDADAS;03;3 ESTRELLAS;PUNO;210000;38;1120;2173;31,09;27,33;1,72;1,89;1,53;10010;5303;4707;17225;10008;7217;306
2020;02;TT;TODAS CONSOLIDADAS;03;3 ESTRELLAS;SAN MARTÍN;220000;28;854;1594;40,41;30,61;1,97;1,94;2,69;6938;6653;285;13660;12893;767;214
2020;02;TT;TODAS CONSOLIDADAS;03;3 ESTRELLAS;TUMBES;240000;14;346;715;18,48;16,38;1,31;1,27;1,36;2599;1576;1023;3397;2001;1396;63
2020;02;TT;TODAS CONSOLIDADAS;03;3 ESTRELLAS;UCAYALI;250000;19;657;1075;28,04;23,07;2,32;2,38;1,88;3102;2747;355;7192;6525;667;195
2020;02;TT;TODAS CONSOLIDADAS;04;4 ESTRELLAS;AREQUIPA;040000;11;490;962;27,51;23,55;1,85;1,91;1,79;3432;1634;1798;6343;3123;3220;227
2020;02;TT;TODAS CONSOLIDADAS;04;4 ESTRELLAS;CAJAMARCA;060000;4;214;368;49,52;48,92;2,14;2,09;2,59;2437;2164;273;5221;4515;706;221
2020;02;TT;TODAS CONSOLIDADAS;04;4 ESTRELLAS;CALLAO;070000;2;371;632;99,41;77,1;1,25;1,26;1,25;11323;1836;9487;14131;2306;11825;248
2020;02;TT;TODAS CONSOLIDADAS;04;4 ESTRELLAS;CUSCO;080000;14;1122;2180;44,43;41,77;1,9;1,73;1,93;13455;2359;11096;25499;4074;21425;667
2020;02;TT;TODAS CONSOLIDADAS;04;4 ESTRELLAS;HUÁNUCO;100000;1;52;90;38,99;28,01;1,84;1,87;1,69;397;343;54;731;640;91;25
2020;02;TT;TODAS CONSOLIDADAS;04;4 ESTRELLAS;ICA;110000;7;765;1570;49,61;59,03;1,92;1,96;1,69;13505;11413;2092;25951;22409;3542;427
2020;02;TT;TODAS CONSOLIDADAS;04;4 ESTRELLAS;JUNÍN;120000;1;40;66;14,29;17,37;1,49;1,51;1;216;204;12;321;309;12;19
2020;02;TT;TODAS CONSOLIDADAS;04;4 ESTRELLAS;LA LIBERTAD;130000;4;234;379;49,42;51,6;1,96;1,87;2,28;2800;2210;590;5476;4128;1348;93
2020;02;TT;TODAS CONSOLIDADAS;04;4 ESTRELLAS;LAMBAYEQUE;140000;5;381;615;50,09;47,96;1,3;1,26;1,69;6566;5951;615;8553;7515;1038;335
2020;02;TT;TODAS CONSOLIDADAS;04;4 ESTRELLAS;LORETO;160000;2;99;167;40,15;30,33;1,9;1,9;2;745;744;1;1418;1416;2;48
2020;02;TT;TODAS CONSOLIDADAS;04;4 ESTRELLAS;MOQUEGUA;180000;2;123;232;51,42;37,89;1,66;1,56;1,9;1537;1103;434;2549;1725;824;33
2020;02;TT;TODAS CONSOLIDADAS;04;4 ESTRELLAS;PUNO;210000;7;447;843;32,53;30,51;1,79;2,32;1,58;4169;1177;2992;7460;2725;4735;186
2020;02;TT;TODAS CONSOLIDADAS;04;4 ESTRELLAS;SAN MARTÍN;220000;2;70;157;46,63;29,32;1,95;1,94;2,13;661;623;38;1289;1208;81;58
2020;02;TT;TODAS CONSOLIDADAS;04;4 ESTRELLAS;TACNA;230000;1;150;300;75,24;82,27;1,98;1,75;2,04;3485;702;2783;6911;1228;5683;70
2020;02;TT;TODAS CONSOLIDADAS;04;4 ESTRELLAS;TUMBES;240000;6;662;1565;79,53;84,49;2,62;2,52;2,95;14627;11089;3538;38347;27898;10449;572
2020;02;TT;TODAS CONSOLIDADAS;04;4 ESTRELLAS;UCAYALI;250000;5;288;506;37,52;30,75;2,44;2,44;2,44;1847;1627;220;4512;3976;536;137
2020;02;TT;TODAS CONSOLIDADAS;05;5 ESTRELLAS;CUSCO;080000;14;1246;2446;39,51;35,1;1,61;1,73;1,59;14973;1578;13395;24040;2734;21306;1379
2020;02;TT;TODAS CONSOLIDADAS;05;5 ESTRELLAS;ICA;110000;4;460;1046;44,14;46,96;1,3;1,31;1,24;10597;8141;2456;13754;10697;3057;300
2020;02;TT;TODAS CONSOLIDADAS;05;5 ESTRELLAS;LA LIBERTAD;130000;2;267;534;58,19;53,61;2,02;1,98;2,24;3962;3344;618;8016;6634;1382;186
2020;02;TT;TODAS CONSOLIDADAS;05;5 ESTRELLAS;LIMA;150000;31;4486;8022;54,68;42,13;2,33;1,64;2,6;40547;11257;29290;94638;18412;76226;4243
2020;02;TT;TODAS CONSOLIDADAS;05;5 ESTRELLAS;LORETO;160000;1;60;88;76,25;89,73;2,18;2,33;2,08;1013;421;592;2211;979;1232;41
2020;02;TT;TODAS CONSOLIDADAS;05;5 ESTRELLAS;PIURA;200000;1;83;143;77,54;74,48;1,91;1,6;2,81;1565;1169;396;2982;1870;1112;52
2020;02;TT;TODAS CONSOLIDADAS;05;5 ESTRELLAS;PUNO;210000;1;123;235;36,53;35,69;1,93;2,15;1,89;1257;209;1048;2432;449;1983;83
2020;02;TT;TODAS CONSOLIDADAS;05;5 ESTRELLAS;UCAYALI;250000;2;162;297;34,95;26,67;2,32;2,16;3;992;813;179;2297;1760;537;82
2020;02;TT;TODAS CONSOLIDADAS;12;ALBERGUE;ÁNCASH;020000;4;43;103;5,69;3,85;1,47;1,53;1,32;78;59;19;115;90;25;12
2020;02;TT;TODAS CONSOLIDADAS;12;ALBERGUE;AREQUIPA;040000;5;56;123;6,25;6,94;2,1;2,1;0;114;114;0;239;239;0;34
2020;02;TT;TODAS CONSOLIDADAS;12;ALBERGUE;CUSCO;080000;18;262;786;25,15;26,2;1,7;1,96;1,67;3391;327;3064;5765;640;5125;84
2020;02;TT;TODAS CONSOLIDADAS;12;ALBERGUE;LIMA;150000;8;129;406;20,38;18,45;1,2;1,15;1,89;1751;1630;121;2097;1868;229;38
2020;02;TT;TODAS CONSOLIDADAS;12;ALBERGUE;LORETO;160000;54;799;1654;17,04;13,8;2,52;2,3;2,7;2535;1135;1400;6392;2614;3778;281
2020;02;TT;TODAS CONSOLIDADAS;12;ALBERGUE;PASCO;190000;7;148;373;1,65;1,41;1,69;1,69;0;90;90;0;152;152;0;24
2020;02;TT;TODAS CONSOLIDADAS;12;ALBERGUE;PUNO;210000;1;13;35;4,77;3,35;2;2;2;17;16;1;34;32;2;6
2020;02;TT;TODAS CONSOLIDADAS;12;ALBERGUE;SAN MARTÍN;220000;9;143;322;46,43;43,5;1,79;1,75;2,12;2196;2004;192;3922;3515;407;58
2020;02;TT;TODAS CONSOLIDADAS;12;ALBERGUE;UCAYALI;250000;3;38;99;26,04;10,8;4,19;1,75;5,36;74;24;50;310;42;268;19
2020;02;TT;TODAS CONSOLIDADAS;13;ECOLODGE;AREQUIPA;040000;2;58;148;26,6;23,36;1,87;1,72;1,94;519;173;346;968;297;671;83
2020;02;TT;TODAS CONSOLIDADAS;13;ECOLODGE;SAN MARTÍN;220000;1;12;24;0;0;0;0;0;0;0;0;0;0;0;0
2020;02;TT;TODAS CONSOLIDADAS;TT;TODAS CONSOLIDADAS;AMAZONAS;010000;392;5296;8693;27,77;18,81;1,14;1,14;1,15;43247;41956;1291;50118;48442;1676;827
2020;02;TT;TODAS CONSOLIDADAS;TT;TODAS CONSOLIDADAS;APURÍMAC;030000;533;5370;8330;30,53;24,58;1,19;1,19;1,18;46638;46153;485;56051;55426;625;978
2020;02;TT;TODAS CONSOLIDADAS;TT;TODAS CONSOLIDADAS;AREQUIPA;040000;1652;19356;33717;24,69;22,51;1,35;1,29;1,77;153242;129841;23401;212337;170065;42272;4114
2020;02;TT;TODAS CONSOLIDADAS;TT;TODAS CONSOLIDADAS;CUSCO;080000;2239;28113;52887;20,83;18,03;1,6;1,4;1,96;182167;88548;93619;298493;125957;172536;7610
2020;02;TT;TODAS CONSOLIDADAS;TT;TODAS CONSOLIDADAS;ICA;110000;955;14952;26941;29,2;25,91;1,22;1,23;1,22;171313;153168;18145;228068;203754;24314;3284
2020;02;TT;TODAS CONSOLIDADAS;TT;TODAS CONSOLIDADAS;JUNÍN;120000;1411;16732;27891;23,55;18,6;1,15;1,15;1,33;121277;120705;572;141736;140895;841;2935
2020;02;TT;TODAS CONSOLIDADAS;TT;TODAS CONSOLIDADAS;LA LIBERTAD;130000;1203;15053;26521;43,19;36,85;1,19;1,18;1,69;213071;205273;7798;264299;250329;13970;3082
2020;02;TT;TODAS CONSOLIDADAS;TT;TODAS CONSOLIDADAS;LIMA;150000;6692;79784;142260;39,32;40,13;1,41;1,37;1,97;3783237;3539347;243890;5348792;4828986;519806;62947
2020;02;TT;TODAS CONSOLIDADAS;TT;TODAS CONSOLIDADAS;LORETO;160000;843;9708;15796;23,62;20,42;1,62;1,63;1,58;56871;40073;16798;95682;67945;27737;2062
2020;02;TT;TODAS CONSOLIDADAS;TT;TODAS CONSOLIDADAS;MOQUEGUA;180000;273;3547;6094;27,49;23,29;1,47;1,48;1,36;28815;26472;2343;43649;40043;3606;674
2020;02;TT;TODAS CONSOLIDADAS;TT;TODAS CONSOLIDADAS;PASCO;190000;354;4617;7453;19,33;14,14;1,26;1,26;1,01;23493;23407;86;29432;29315;117;809
2020;02;TT;TODAS CONSOLIDADAS;TT;TODAS CONSOLIDADAS;PIURA;200000;1069;12515;22722;36,7;31,13;1,45;1,38;2,08;137392;124451;12941;202547;175056;27491;2566
2020;02;TT;TODAS CONSOLIDADAS;TT;TODAS CONSOLIDADAS;SAN MARTÍN;220000;902;11703;19015;34,47;31,7;1,29;1,28;1,6;127235;124002;3233;168164;162663;5501;2242
2020;03;00;NO CLASIFICADO;00;NO CATEGORIZADO;TUMBES;240000;216;2480;4836;7,22;5,6;1,97;2,03;1,64;4269;3527;742;8390;7173;1217;400
2020;02;TT;TODAS CONSOLIDADAS;03;3 ESTRELLAS;AMAZONAS;010000;31;669;1232;29,77;23,68;1,28;1,27;1,38;6362;5609;753;8168;7127;1041;147
2020;02;TT;TODAS CONSOLIDADAS;03;3 ESTRELLAS;MADRE DE DIOS;170000;4;159;286;18,51;19,66;1,58;1,7;1,19;995;762;233;1574;1297;277;53
2020;02;TT;TODAS CONSOLIDADAS;12;ALBERGUE;MADRE DE DIOS;170000;7;209;479;24,76;21,64;2,22;2,04;2,23;1308;77;1231;2903;157;2746;280
2020;03;00;NO CLASIFICADO;00;NO CATEGORIZADO;ICA;110000;711;8354;14538;11,71;8,68;1,16;1,16;1,39;33584;33267;317;39097;38657;440;1194
2020;03;00;NO CLASIFICADO;00;NO CATEGORIZADO;LA LIBERTAD;130000;829;7280;12110;7,05;6,6;1,04;1,04;0;23854;23854;0;24795;24795;0;594
2020;02;TT;TODAS CONSOLIDADAS;03;3 ESTRELLAS;TACNA;230000;25;777;1633;39,8;39,4;1,91;1,73;1,99;9422;2860;6562;18013;4962;13051;234
2020;02;TT;TODAS CONSOLIDADAS;04;4 ESTRELLAS;LIMA;150000;50;4523;8044;51,85;43,09;1,99;1,51;2,31;48724;19375;29349;97057;29238;67819;2492
2020;02;TT;TODAS CONSOLIDADAS;04;4 ESTRELLAS;PIURA;200000;2;181;340;63,99;55,36;1,95;1,8;2,55;2707;2173;534;5270;3908;1362;136
2020;02;TT;TODAS CONSOLIDADAS;05;5 ESTRELLAS;AREQUIPA;040000;3;239;344;38,08;38,41;2,02;1,71;2,35;1828;942;886;3700;1615;2085;165
2020;02;TT;TODAS CONSOLIDADAS;12;ALBERGUE;ICA;110000;2;18;43;28,17;25,66;1,35;1,35;0;229;229;0;309;309;0;5
2020;02;TT;TODAS CONSOLIDADAS;TT;TODAS CONSOLIDADAS;ÁNCASH;020000;938;12285;21359;25,83;22,21;1,32;1,3;1,59;109631;106187;3444;137927;132284;5643;2140
2020;02;TT;TODAS CONSOLIDADAS;TT;TODAS CONSOLIDADAS;AYACUCHO;050000;615;6950;11299;28,25;24,39;1,29;1,29;1,39;60280;59467;813;79213;77953;1260;1298
2020;02;TT;TODAS CONSOLIDADAS;TT;TODAS CONSOLIDADAS;CAJAMARCA;060000;928;13248;21347;25,44;20,63;1,24;1,24;1,34;99249;97047;2202;129362;126010;3352;2489
2020;02;TT;TODAS CONSOLIDADAS;TT;TODAS CONSOLIDADAS;CALLAO;070000;292;4873;9024;43,5;41,14;1,03;1,03;1,06;171365;149739;21626;178529;153582;24947;1619
2020;02;TT;TODAS CONSOLIDADAS;TT;TODAS CONSOLIDADAS;HUANCAVELICA;090000;210;2546;3962;17,16;14,24;1,19;1,19;1,23;13796;13774;22;16689;16660;29;442
2020;02;TT;TODAS CONSOLIDADAS;TT;TODAS CONSOLIDADAS;HUÁNUCO;100000;591;8305;12669;27,23;24,35;1,32;1,32;1,28;69656;69304;352;88874;88402;472;1486
2020;02;TT;TODAS CONSOLIDADAS;TT;TODAS CONSOLIDADAS;LAMBAYEQUE;140000;728;11100;16745;27,05;23,19;1,14;1,14;1,34;98299;95704;2595;116348;112196;4152;2365
2020;02;TT;TODAS CONSOLIDADAS;TT;TODAS CONSOLIDADAS;PUNO;210000;947;11082;19690;29,85;23,41;1,2;1,21;1,24;107805;93097;14708;135916;114658;21258;2289
2020;02;TT;TODAS CONSOLIDADAS;TT;TODAS CONSOLIDADAS;TUMBES;240000;246;3751;7687;21,57;19,29;1,71;1,71;1,71;33829;26602;7227;70322;53920;16402;1040
2020;02;TT;TODAS CONSOLIDADAS;TT;TODAS CONSOLIDADAS;UCAYALI;250000;507;6662;10406;21,52;21,83;2,01;2;2,02;32669;31103;1566;67125;63594;3531;1394
2020;02;TT;TODAS CONSOLIDADAS;TT;TODAS CONSOLIDADAS;MADRE DE DIOS;170000;341;5207;8736;22,56;18,51;1,2;1,17;1,46;37173;32675;4498;45586;38147;7439;1156
2020;02;TT;TODAS CONSOLIDADAS;TT;TODAS CONSOLIDADAS;TACNA;230000;561;7229;13638;18,03;15,02;1,28;1,26;1,32;49284;27255;22029;71499;35736;35763;1200
2020;03;00;NO CLASIFICADO;00;NO CATEGORIZADO;CAJAMARCA;060000;643;6673;10503;8,24;8,04;1,07;1,07;1;24487;24434;53;26178;26125;53;650
2020;03;00;NO CLASIFICADO;00;NO CATEGORIZADO;AMAZONAS;010000;252;2465;3960;8,04;5,12;1,08;1,08;1,05;5797;5753;44;6281;6235;46;316
2020;03;00;NO CLASIFICADO;00;NO CATEGORIZADO;JUNÍN;120000;1277;13619;22139;9,67;7,87;1,15;1,15;1,29;46985;46937;48;54030;53968;62;2315
2020;03;00;NO CLASIFICADO;00;NO CATEGORIZADO;ÁNCASH;020000;660;6639;11469;4,42;3,84;1,35;1,35;1,14;10110;9843;267;13639;13335;304;762
2020;03;00;NO CLASIFICADO;00;NO CATEGORIZADO;AYACUCHO;050000;581;6023;9626;8,54;7,12;1,16;1,16;1,22;18253;17956;297;21249;20886;363;786
2020;03;00;NO CLASIFICADO;00;NO CATEGORIZADO;APURÍMAC;030000;495;4336;6715;7,04;5,97;1,37;1,35;2,12;9070;8866;204;12428;11996;432;465
2020;03;00;NO CLASIFICADO;00;NO CATEGORIZADO;AREQUIPA;040000;1275;11361;19314;12,28;11,03;2,14;1,65;3,36;30816;21885;8931;66045;36048;29997;1393
2020;03;00;NO CLASIFICADO;00;NO CATEGORIZADO;CALLAO;070000;271;3980;7394;20,73;19,72;1,04;1,02;1,18;75620;69188;6432;78308;70698;7610;1294
2020;03;00;NO CLASIFICADO;00;NO CATEGORIZADO;HUÁNUCO;100000;483;5540;8215;17,39;14,48;1,04;1,04;0;35510;35510;0;36878;36878;0;675
2020;03;00;NO CLASIFICADO;00;NO CATEGORIZADO;CUSCO;080000;1925;18824;34933;19,95;15,6;2,27;2,12;2,42;74480;37032;37448;168904;78449;90455;3529
2020;03;00;NO CLASIFICADO;00;NO CATEGORIZADO;HUANCAVELICA;090000;200;2331;3584;8,8;6,86;1,21;1,21;1;6307;6297;10;7623;7613;10;402
2020;03;00;NO CLASIFICADO;00;NO CATEGORIZADO;LAMBAYEQUE;140000;391;4055;5971;14,3;12,55;1,08;1,08;1,06;21612;21196;416;23238;22798;440;722
2020;03;00;NO CLASIFICADO;00;NO CATEGORIZADO;LIMA;150000;6137;53963;94200;19,1;18,77;1,45;1,43;2,07;1706374;1644460;61913;2474330;2346476;127854;50630
2020;03;00;NO CLASIFICADO;00;NO CATEGORIZADO;LORETO;160000;722;7209;11317;12,87;9,95;1,78;1,92;1,69;19656;7623;12033;34921;14613;20308;1283
2020;03;00;NO CLASIFICADO;00;NO CATEGORIZADO;MADRE DE DIOS;170000;317;4489;7415;14,36;11,12;1,13;1,11;1,42;22608;20993;1615;25558;23266;2292;758
2020;03;00;NO CLASIFICADO;00;NO CATEGORIZADO;MOQUEGUA;180000;196;2070;3562;11,27;8,84;1,51;1,5;1,87;6453;6286;167;9757;9444;313;372
2020;03;00;NO CLASIFICADO;00;NO CATEGORIZADO;PASCO;190000;303;3625;5582;10,66;8,41;1,32;1,32;1;11038;11036;2;14551;14549;2;542
2020;03;00;NO CLASIFICADO;00;NO CATEGORIZADO;PIURA;200000;995;10588;19369;17,16;14,02;1,9;1,76;2,95;44318;39035;5283;84200;68591;15609;1560
2020;03;00;NO CLASIFICADO;00;NO CATEGORIZADO;PUNO;210000;796;7467;12881;14,03;10,33;1,1;1,1;1,19;37487;35526;1961;41254;38926;2328;1382
2020;03;00;NO CLASIFICADO;00;NO CATEGORIZADO;SAN MARTÍN;220000;810;9520;15077;10,33;8,68;1,52;1,44;2,8;26709;25103;1606;40551;36058;4493;1257
2020;03;00;NO CLASIFICADO;00;NO CATEGORIZADO;TACNA;230000;447;4440;8059;6,2;4,45;1,17;1,17;1,13;9525;8121;1404;11125;9539;1586;576
2020;03;00;NO CLASIFICADO;00;NO CATEGORIZADO;UCAYALI;250000;467;5308;8059;20,53;17,37;2,23;2,23;2,1;19460;18965;495;43395;42357;1038;933
2020;03;00;NO CLASIFICADO;TT;TODAS CONSOLIDADAS;APURÍMAC;030000;495;4336;6715;7,04;5,97;1,37;1,35;2,12;9070;8866;204;12428;11996;432;465
2020;03;00;NO CLASIFICADO;TT;TODAS CONSOLIDADAS;CUSCO;080000;1925;18824;34933;19,95;15,6;2,27;2,12;2,42;74480;37032;37448;168904;78449;90455;3529
2020;03;00;NO CLASIFICADO;TT;TODAS CONSOLIDADAS;LA LIBERTAD;130000;829;7280;12110;7,05;6,6;1,04;1,04;0;23854;23854;0;24795;24795;0;594
2020;03;00;NO CLASIFICADO;TT;TODAS CONSOLIDADAS;LIMA;150000;6137;53963;94200;19,1;18,77;1,45;1,43;2,07;1706374;1644460;61913;2474330;2346476;127854;50630
2020;03;00;NO CLASIFICADO;TT;TODAS CONSOLIDADAS;LORETO;160000;722;7209;11317;12,87;9,95;1,78;1,92;1,69;19656;7623;12033;34921;14613;20308;1283
2020;03;01;HOTEL;01;1 ESTRELLA;AMAZONAS;010000;1;20;43;16,94;7,88;1;1;0;105;105;0;105;105;0;6
2020;03;01;HOTEL;01;1 ESTRELLA;APURÍMAC;030000;2;80;115;16,45;11,75;1;1;0;419;419;0;419;419;0;11
2020;03;01;HOTEL;01;1 ESTRELLA;AREQUIPA;040000;5;178;285;0;0;0;0;0;0;0;0;0;0;0;0
2020;03;01;HOTEL;01;1 ESTRELLA;CUSCO;080000;7;172;337;9,98;8,09;1;1;0;845;845;0;845;845;0;25
2020;03;01;HOTEL;01;1 ESTRELLA;LA LIBERTAD;130000;2;40;69;0;0;0;0;0;0;0;0;0;0;0;0
2020;03;01;HOTEL;01;1 ESTRELLA;LIMA;150000;6;246;454;12,86;13,96;1;1;0;1830;1830;0;1830;1830;0;24
2020;03;01;HOTEL;01;1 ESTRELLA;MADRE DE DIOS;170000;1;20;34;5,16;4,93;1;1;0;52;52;0;52;52;0;3
2020;03;01;HOTEL;01;1 ESTRELLA;PIURA;200000;2;53;84;0;0;0;0;0;0;0;0;0;0;0;0
2020;03;01;HOTEL;01;1 ESTRELLA;PUNO;210000;5;125;222;5,94;4,62;1,18;1,18;1;270;265;5;318;313;5;14
2020;03;01;HOTEL;01;1 ESTRELLA;TACNA;230000;2;57;112;12,05;9,65;2,39;2,18;3,31;140;114;26;335;249;86;5
2020;03;01;HOTEL;02;2 ESTRELLAS;APURÍMAC;030000;4;174;301;6,1;5,1;1,17;1,17;1;407;405;2;476;474;2;18
2020;03;01;HOTEL;02;2 ESTRELLAS;CUSCO;080000;54;1344;2515;17,67;13,64;2,02;1,9;2,1;5265;2153;3112;10633;4100;6533;425
2020;03;01;HOTEL;02;2 ESTRELLAS;ICA;110000;53;1474;2588;4,25;3;1,13;1,13;1;2138;2128;10;2408;2398;10;253
2020;03;01;HOTEL;02;2 ESTRELLAS;JUNÍN;120000;27;823;1484;11,37;8,39;1,62;1,62;1,48;2381;2350;31;3861;3815;46;120
2020;03;01;HOTEL;02;2 ESTRELLAS;LA LIBERTAD;130000;22;609;1102;16,77;12,9;1,6;1,6;0;2757;2757;0;4408;4408;0;102
2020;03;01;HOTEL;02;2 ESTRELLAS;LIMA;150000;104;4411;8122;21,56;18,57;1,53;1,5;2,45;34925;33878;1047;53491;50932;2559;908
2020;03;01;HOTEL;02;2 ESTRELLAS;LORETO;160000;15;384;634;12,31;8,78;2,24;2,26;2,02;771;707;64;1725;1596;129;66
2020;03;01;HOTEL;02;2 ESTRELLAS;MADRE DE DIOS;170000;2;56;104;11,41;8,13;2,32;2,27;3;113;105;8;262;238;24;9
2020;03;01;HOTEL;02;2 ESTRELLAS;SAN MARTÍN;220000;23;657;1084;9,27;8,2;1,52;1,52;1,74;1809;1782;27;2755;2708;47;116
2020;03;01;HOTEL;02;2 ESTRELLAS;TACNA;230000;35;959;1959;10,35;8;1,68;1,7;1,65;2897;1641;1256;4856;2787;2069;164
2020;03;01;HOTEL;02;2 ESTRELLAS;TUMBES;240000;6;216;436;10,33;8,66;1,54;1,53;1,69;758;686;72;1170;1048;122;42
2020;03;01;HOTEL;03;3 ESTRELLAS;AMAZONAS;010000;19;446;818;30,06;24,06;1,7;1,69;1,83;3588;3316;272;6101;5604;497;96
2020;03;01;HOTEL;03;3 ESTRELLAS;APURÍMAC;030000;3;100;170;27,03;20,23;2,56;2,68;1,32;416;379;37;1066;1017;49;21
2020;03;01;HOTEL;03;3 ESTRELLAS;AREQUIPA;040000;65;1977;3775;10,92;8,39;1,92;1,94;1,88;5120;3342;1778;9823;6484;3339;524
2020;03;01;HOTEL;03;3 ESTRELLAS;CUSCO;080000;78;2932;5767;17,26;15,84;1,93;1,79;1,94;14688;1551;13137;28321;2778;25543;731
2020;03;01;HOTEL;03;3 ESTRELLAS;ICA;110000;50;1778;3535;16,79;13,22;1,74;1,76;1,67;8322;6331;1991;14483;11162;3321;411
2020;03;01;HOTEL;03;3 ESTRELLAS;LA LIBERTAD;130000;84;2440;4713;15,58;11,87;1,66;1,64;1,89;10475;9804;671;17348;16083;1265;511
2020;03;01;HOTEL;03;3 ESTRELLAS;LAMBAYEQUE;140000;39;1302;2230;19,44;14,29;1,64;1,62;2,11;6018;5719;299;9879;9249;630;295
2020;03;01;HOTEL;03;3 ESTRELLAS;LIMA;150000;148;7335;13768;25,16;21,85;2,12;1,84;2,52;43907;25263;18644;93259;46366;46893;1990
2020;03;01;HOTEL;03;3 ESTRELLAS;LORETO;160000;26;817;1382;21,09;16,89;2,7;2,49;2,97;2678;1514;1164;7237;3776;3461;195
2020;03;01;HOTEL;03;3 ESTRELLAS;MADRE DE DIOS;170000;3;137;257;9,18;9,72;1,76;1,76;1,78;439;349;90;774;614;160;51
2020;03;01;HOTEL;03;3 ESTRELLAS;PIURA;200000;11;376;654;18,19;15,12;1,51;1,51;1,54;2024;1871;153;3066;2831;235;101
2020;03;01;HOTEL;03;3 ESTRELLAS;SAN MARTÍN;220000;19;619;1073;16,68;15,28;1,67;1,67;1,62;3050;3011;39;5083;5020;63;128
2020;03;00;NO CLASIFICADO;TT;TODAS CONSOLIDADAS;AMAZONAS;010000;252;2465;3960;8,04;5,12;1,08;1,08;1,05;5797;5753;44;6281;6235;46;316
2020;03;00;NO CLASIFICADO;TT;TODAS CONSOLIDADAS;ÁNCASH;020000;660;6639;11469;4,42;3,84;1,35;1,35;1,14;10110;9843;267;13639;13335;304;762
2020;03;00;NO CLASIFICADO;TT;TODAS CONSOLIDADAS;CAJAMARCA;060000;643;6673;10503;8,24;8,04;1,07;1,07;1;24487;24434;53;26178;26125;53;650
2020;03;00;NO CLASIFICADO;TT;TODAS CONSOLIDADAS;AREQUIPA;040000;1275;11361;19314;12,28;11,03;2,14;1,65;3,36;30816;21885;8931;66045;36048;29997;1393
2020;03;00;NO CLASIFICADO;TT;TODAS CONSOLIDADAS;AYACUCHO;050000;581;6023;9626;8,54;7,12;1,16;1,16;1,22;18253;17956;297;21249;20886;363;786
2020;03;00;NO CLASIFICADO;TT;TODAS CONSOLIDADAS;HUÁNUCO;100000;483;5540;8215;17,39;14,48;1,04;1,04;0;35510;35510;0;36878;36878;0;675
2020;03;00;NO CLASIFICADO;TT;TODAS CONSOLIDADAS;PASCO;190000;303;3625;5582;10,66;8,41;1,32;1,32;1;11038;11036;2;14551;14549;2;542
2020;03;00;NO CLASIFICADO;TT;TODAS CONSOLIDADAS;PUNO;210000;796;7467;12881;14,03;10,33;1,1;1,1;1,19;37487;35526;1961;41254;38926;2328;1382
2020;03;00;NO CLASIFICADO;TT;TODAS CONSOLIDADAS;CALLAO;070000;271;3980;7394;20,73;19,72;1,04;1,02;1,18;75620;69188;6432;78308;70698;7610;1294
2020;03;00;NO CLASIFICADO;TT;TODAS CONSOLIDADAS;JUNÍN;120000;1277;13619;22139;9,67;7,87;1,15;1,15;1,29;46985;46937;48;54030;53968;62;2315
2020;03;00;NO CLASIFICADO;TT;TODAS CONSOLIDADAS;LAMBAYEQUE;140000;391;4055;5971;14,3;12,55;1,08;1,08;1,06;21612;21196;416;23238;22798;440;722
2020;03;00;NO CLASIFICADO;TT;TODAS CONSOLIDADAS;MOQUEGUA;180000;196;2070;3562;11,27;8,84;1,51;1,5;1,87;6453;6286;167;9757;9444;313;372
2020;03;00;NO CLASIFICADO;TT;TODAS CONSOLIDADAS;TUMBES;240000;216;2480;4836;7,22;5,6;1,97;2,03;1,64;4269;3527;742;8390;7173;1217;400
2020;03;00;NO CLASIFICADO;TT;TODAS CONSOLIDADAS;UCAYALI;250000;467;5308;8059;20,53;17,37;2,23;2,23;2,1;19460;18965;495;43395;42357;1038;933
2020;03;00;NO CLASIFICADO;TT;TODAS CONSOLIDADAS;HUANCAVELICA;090000;200;2331;3584;8,8;6,86;1,21;1,21;1;6307;6297;10;7623;7613;10;402
2020;03;00;NO CLASIFICADO;TT;TODAS CONSOLIDADAS;ICA;110000;711;8354;14538;11,71;8,68;1,16;1,16;1,39;33584;33267;317;39097;38657;440;1194
2020;03;00;NO CLASIFICADO;TT;TODAS CONSOLIDADAS;MADRE DE DIOS;170000;317;4489;7415;14,36;11,12;1,13;1,11;1,42;22608;20993;1615;25558;23266;2292;758
2020;03;00;NO CLASIFICADO;TT;TODAS CONSOLIDADAS;PIURA;200000;995;10588;19369;17,16;14,02;1,9;1,76;2,95;44318;39035;5283;84200;68591;15609;1560
2020;03;00;NO CLASIFICADO;TT;TODAS CONSOLIDADAS;SAN MARTÍN;220000;810;9520;15077;10,33;8,68;1,52;1,44;2,8;26709;25103;1606;40551;36058;4493;1257
2020;03;01;HOTEL;01;1 ESTRELLA;SAN MARTÍN;220000;6;126;192;0;0;0;0;0;0;0;0;0;0;0;0
2020;03;00;NO CLASIFICADO;TT;TODAS CONSOLIDADAS;TACNA;230000;447;4440;8059;6,2;4,45;1,17;1,17;1,13;9525;8121;1404;11125;9539;1586;576
2020;03;01;HOTEL;01;1 ESTRELLA;ÁNCASH;020000;5;170;267;11,94;7,02;1;1;0;581;581;0;581;581;0;27
2020;03;01;HOTEL;02;2 ESTRELLAS;AMAZONAS;010000;31;820;1326;16,59;12,5;1,81;1,81;1,78;2839;2776;63;5139;5027;112;140
2020;03;01;HOTEL;02;2 ESTRELLAS;MOQUEGUA;180000;14;383;658;19,38;14,17;2,52;2,48;2,86;1147;1014;133;2891;2511;380;69
2020;03;01;HOTEL;01;1 ESTRELLA;AYACUCHO;050000;8;202;368;5,14;6,53;1,75;1,75;1,84;425;406;19;745;710;35;35
2020;03;01;HOTEL;03;3 ESTRELLAS;MOQUEGUA;180000;7;249;454;21,69;13,9;2,02;2,01;2,1;970;909;61;1956;1828;128;52
2020;03;01;HOTEL;01;1 ESTRELLA;CAJAMARCA;060000;6;177;286;3,23;3,42;1,31;1,31;0;231;231;0;303;303;0;30
2020;03;01;HOTEL;01;1 ESTRELLA;HUÁNUCO;100000;10;291;434;29,48;24,33;1,13;1,13;0;2887;2887;0;3273;3273;0;47
2020;03;01;HOTEL;03;3 ESTRELLAS;PUNO;210000;29;945;1833;13,43;10,84;1,56;1,49;1,6;3946;1288;2658;6159;1913;4246;257
2020;03;01;HOTEL;01;1 ESTRELLA;ICA;110000;5;102;144;6,29;3,52;3,57;3,57;0;44;44;0;157;157;0;17
2020;03;01;HOTEL;01;1 ESTRELLA;JUNÍN;120000;7;265;535;4,2;3,12;1,46;1,46;0;354;354;0;518;518;0;25
2020;03;01;HOTEL;01;1 ESTRELLA;LAMBAYEQUE;140000;4;124;188;0;0;0;0;0;0;0;0;0;0;0;0
2020;03;01;HOTEL;01;1 ESTRELLA;PASCO;190000;3;78;151;0;0;0;0;0;0;0;0;0;0;0;0
2020;03;01;HOTEL;02;2 ESTRELLAS;CAJAMARCA;060000;37;1027;1629;9,99;8,12;1,27;1,27;1;3240;3222;18;4103;4085;18;167
2020;03;01;HOTEL;02;2 ESTRELLAS;HUANCAVELICA;090000;2;42;73;20,97;18,07;2,19;2,2;1,67;187;184;3;409;404;5;11
2020;03;01;HOTEL;02;2 ESTRELLAS;HUÁNUCO;100000;41;1278;2030;8,38;6,51;1,15;1,15;0;3552;3552;0;4096;4096;0;202
2020;03;01;HOTEL;02;2 ESTRELLAS;PUNO;210000;25;612;1109;7,79;6,27;1,25;1,24;1,34;1731;1654;77;2157;2054;103;92
2020;03;01;HOTEL;03;3 ESTRELLAS;JUNÍN;120000;21;789;1475;7,33;4,81;1,38;1,36;1,77;1600;1557;43;2201;2125;76;200
2020;03;01;HOTEL;01;1 ESTRELLA;MOQUEGUA;180000;1;20;41;0;0;0;0;0;0;0;0;0;0;0;0
2020;03;01;HOTEL;02;2 ESTRELLAS;PASCO;190000;3;79;135;0;0;0;0;0;0;0;0;0;0;0;0
2020;03;01;HOTEL;03;3 ESTRELLAS;CAJAMARCA;060000;53;1666;2840;13,09;8,84;2,15;2,16;1,97;3623;3494;129;7787;7533;254;291
2020;03;01;HOTEL;02;2 ESTRELLAS;ÁNCASH;020000;40;1086;2016;13,13;10,72;1,14;1,13;1,34;5896;5846;50;6702;6635;67;173
2020;03;01;HOTEL;03;3 ESTRELLAS;PASCO;190000;5;130;214;0;0;0;0;0;0;0;0;0;0;0;0
2020;03;01;HOTEL;02;2 ESTRELLAS;AREQUIPA;040000;42;1179;2045;11,42;9,85;1,77;1,76;2,01;3536;3405;131;6246;5983;263;199
2020;03;01;HOTEL;02;2 ESTRELLAS;AYACUCHO;050000;9;290;498;21,84;16,93;1,15;1,15;1;2282;2263;19;2613;2594;19;45
2020;03;01;HOTEL;02;2 ESTRELLAS;LAMBAYEQUE;140000;69;1958;2990;14,88;12,11;1,69;1,65;2,3;6649;6223;426;11228;10248;980;323
2020;03;01;HOTEL;02;2 ESTRELLAS;PIURA;200000;20;492;843;19,47;14,42;1,98;1,99;1,73;1904;1800;104;3769;3589;180;90
2020;03;01;HOTEL;02;2 ESTRELLAS;UCAYALI;250000;2;51;81;0;0;0;0;0;0;0;0;0;0;0;0
2020;03;01;HOTEL;03;3 ESTRELLAS;ÁNCASH;020000;38;1320;2318;9,28;6,48;1,41;1,41;1,63;3291;3176;115;4654;4467;187;263
2020;03;01;HOTEL;03;3 ESTRELLAS;AYACUCHO;050000;6;220;418;11,98;9,06;2,69;2,68;2,73;437;377;60;1174;1010;164;76
2020;03;01;HOTEL;03;3 ESTRELLAS;CALLAO;070000;3;160;288;19,84;12,25;1,8;1,68;1,88;607;244;363;1094;411;683;51
2020;03;01;HOTEL;03;3 ESTRELLAS;HUANCAVELICA;090000;2;65;108;6,3;4,9;1,61;1,58;3;102;100;2;164;158;6;18
2020;03;01;HOTEL;03;3 ESTRELLAS;HUÁNUCO;100000;12;499;918;6,96;5,31;1,45;1,45;1,53;1040;1023;17;1512;1486;26;140
2020;03;01;HOTEL;03;3 ESTRELLAS;TUMBES;240000;8;247;491;1,21;,65;1;1;0;99;99;0;99;99;0;41
2020;03;01;HOTEL;03;3 ESTRELLAS;UCAYALI;250000;16;592;976;17,18;13,61;2,48;2,4;2,77;1663;1323;340;4118;3177;941;170
2020;03;01;HOTEL;04;4 ESTRELLAS;AREQUIPA;040000;10;471;932;16,67;14,55;2,17;2,13;2,2;1934;730;1204;4205;1557;2648;219
2020;03;01;HOTEL;04;4 ESTRELLAS;CALLAO;070000;2;371;632;72,52;58,51;1,44;1,29;1,45;7956;686;7270;11463;886;10577;248
2020;03;01;HOTEL;04;4 ESTRELLAS;CUSCO;080000;13;1109;2154;34,63;32,46;2,5;2,18;2,55;8687;1320;7367;21678;2880;18798;517
2020;03;01;HOTEL;04;4 ESTRELLAS;HUÁNUCO;100000;1;52;90;0;0;0;0;0;0;0;0;0;0;0;0
2020;03;01;HOTEL;04;4 ESTRELLAS;ICA;110000;7;733;1517;11,39;12,69;1,71;1,7;1,71;3498;2574;924;5969;4388;1581;440
2020;03;01;HOTEL;04;4 ESTRELLAS;JUNÍN;120000;1;40;66;5,48;6,35;1,31;1,32;1;99;97;2;130;128;2;19
2020;03;01;HOTEL;04;4 ESTRELLAS;LA LIBERTAD;130000;3;207;328;16,85;15,11;1,82;1,61;2,51;843;644;199;1536;1037;499;91
2020;03;01;HOTEL;04;4 ESTRELLAS;LIMA;150000;42;4070;7170;28,08;23,86;2,26;1,96;2,47;23482;9695;13787;53030;19037;33993;2119
2020;03;01;HOTEL;04;4 ESTRELLAS;LORETO;160000;2;99;167;20,98;15,67;1,7;1,7;0;477;477;0;811;811;0;48
2020;03;01;HOTEL;04;4 ESTRELLAS;PUNO;210000;7;447;843;12,69;11,45;1,72;1,89;1,69;1743;255;1488;2993;483;2510;186
2020;03;01;HOTEL;04;4 ESTRELLAS;SAN MARTÍN;220000;1;50;108;22,71;10,51;1,59;1,61;1;221;214;7;352;345;7;35
2020;03;01;HOTEL;04;4 ESTRELLAS;TACNA;230000;1;150;300;17,2;14,33;1,83;1,57;2,08;728;357;371;1333;562;771;70
2020;03;01;HOTEL;04;4 ESTRELLAS;TUMBES;240000;5;261;507;20,89;20,82;2,43;2,34;2,62;1347;911;436;3273;2131;1142;50
2020;03;01;HOTEL;05;5 ESTRELLAS;CUSCO;080000;14;1246;2381;27,85;26,18;1,91;2,24;1,87;10091;1196;8895;19323;2678;16645;1197
2020;03;01;HOTEL;05;5 ESTRELLAS;LA LIBERTAD;130000;2;267;534;20,41;16,28;1,73;1,69;1,88;1555;1208;347;2695;2043;652;122
2020;03;01;HOTEL;05;5 ESTRELLAS;LIMA;150000;23;3975;7189;28,6;22,6;2,7;2,54;2,76;18633;4668;13965;50374;11870;38504;3664
2020;03;01;HOTEL;05;5 ESTRELLAS;LORETO;160000;1;60;88;44,68;50,88;2,79;2,15;3,19;497;189;308;1388;407;981;41
2020;03;01;HOTEL;05;5 ESTRELLAS;PIURA;200000;1;83;143;38,94;32,01;2,62;2,36;3,42;541;405;136;1419;954;465;52
2020;03;01;HOTEL;05;5 ESTRELLAS;PUNO;210000;1;123;235;17,81;16,23;2,1;2,87;2,05;564;30;534;1182;86;1096;83
2020;03;01;HOTEL;05;5 ESTRELLAS;UCAYALI;250000;2;162;297;24,29;17,67;2,59;2,5;3,34;628;560;68;1627;1400;227;69
2020;03;01;HOTEL;TT;TODAS CONSOLIDADAS;AMAZONAS;010000;51;1286;2187;21,26;16,73;1,74;1,73;1,82;6532;6197;335;11345;10736;609;242
2020;03;01;HOTEL;TT;TODAS CONSOLIDADAS;ÁNCASH;020000;83;2576;4601;11,08;8,37;1,22;1,22;1,54;9768;9603;165;11937;11683;254;463
2020;03;01;HOTEL;TT;TODAS CONSOLIDADAS;APURÍMAC;030000;9;354;586;14,35;10,79;1,58;1,59;1,31;1242;1203;39;1961;1910;51;50
2020;03;01;HOTEL;TT;TODAS CONSOLIDADAS;AREQUIPA;040000;125;4046;7383;11,67;9,64;1,95;1,89;2,08;11343;7814;3529;22070;14738;7332;1121
2020;03;01;HOTEL;TT;TODAS CONSOLIDADAS;AYACUCHO;050000;23;712;1284;14,05;11,39;1,44;1,42;2,22;3144;3046;98;4532;4314;218;156
2020;03;01;HOTEL;TT;TODAS CONSOLIDADAS;CAJAMARCA;060000;100;3084;5123;11,11;8,18;1,72;1,72;1,86;7544;7375;169;12985;12670;315;598
2020;03;01;HOTEL;TT;TODAS CONSOLIDADAS;CALLAO;070000;5;531;920;56,65;44,03;1,47;1,39;1,48;8563;930;7633;12557;1297;11260;299
2020;03;01;HOTEL;TT;TODAS CONSOLIDADAS;CUSCO;080000;166;6803;13154;21,93;19,81;2,04;1,88;2,08;39576;7065;32511;80800;13281;67519;2895
2020;03;01;HOTEL;TT;TODAS CONSOLIDADAS;HUANCAVELICA;090000;4;107;181;12,06;10,21;1,98;1,98;2,2;289;284;5;573;562;11;29
2020;03;01;HOTEL;TT;TODAS CONSOLIDADAS;HUÁNUCO;100000;64;2120;3472;10,74;8,25;1,19;1,19;1,53;7479;7462;17;8881;8855;26;389
2020;03;01;HOTEL;TT;TODAS CONSOLIDADAS;JUNÍN;120000;56;1917;3560;8,59;6,08;1,51;1,51;1,63;4434;4358;76;6710;6586;124;364
2020;03;01;HOTEL;TT;TODAS CONSOLIDADAS;LA LIBERTAD;130000;113;3563;6746;16,04;12,43;1,66;1,64;1,99;15630;14413;1217;25987;23571;2416;826
2020;03;01;HOTEL;TT;TODAS CONSOLIDADAS;LAMBAYEQUE;140000;117;3765;6023;17,94;14,39;1,74;1,7;2,25;15408;14134;1274;26863;23994;2869;864
2020;03;01;HOTEL;TT;TODAS CONSOLIDADAS;LIMA;150000;323;20037;36703;26,09;21,99;2,16;1,81;2,57;126192;68618;57574;272598;124521;148078;10071
2020;03;01;HOTEL;TT;TODAS CONSOLIDADAS;LORETO;160000;44;1360;2271;19,64;15,85;2,52;2,28;2,98;4423;2887;1536;11161;6590;4571;350
2020;03;01;HOTEL;TT;TODAS CONSOLIDADAS;MOQUEGUA;180000;24;775;1385;21,15;14,45;2,28;2,23;2,64;2719;2362;357;6205;5261;944;154
2020;03;01;HOTEL;TT;TODAS CONSOLIDADAS;PASCO;190000;11;287;500;0;0;0;0;0;0;0;0;0;0;0;0
2020;03;01;HOTEL;TT;TODAS CONSOLIDADAS;SAN MARTÍN;220000;49;1452;2457;12,09;10,75;1,61;1,61;1,6;5080;5007;73;8190;8073;117;279
2020;03;01;HOTEL;TT;TODAS CONSOLIDADAS;TACNA;230000;54;1783;3667;10,39;8,24;1,8;1,75;1,87;5192;2851;2341;9362;4982;4380;435
2020;03;01;HOTEL;TT;TODAS CONSOLIDADAS;TUMBES;240000;19;724;1434;11,03;10,22;2,06;1,93;2,49;2204;1696;508;4542;3278;1264;133
2020;03;01;HOTEL;TT;TODAS CONSOLIDADAS;UCAYALI;250000;25;1093;1860;18,56;14,51;2,63;2,44;3,44;3179;2581;598;8367;6309;2058;349
2020;03;02;APART HOTEL;03;3 ESTRELLAS;ÁNCASH;020000;2;16;44;0;0;0;0;0;0;0;0;0;0;0;0
2020;03;02;APART HOTEL;03;3 ESTRELLAS;APURÍMAC;030000;1;23;31;24,96;22,58;2,07;2,17;1,71;105;81;24;217;176;41;10
2020;03;02;APART HOTEL;03;3 ESTRELLAS;ICA;110000;1;17;34;15,37;7,87;1;1;0;83;83;0;83;83;0;4
2020;03;02;APART HOTEL;03;3 ESTRELLAS;LA LIBERTAD;130000;1;11;24;0;0;0;0;0;0;0;0;0;0;0;0
2020;03;02;APART HOTEL;03;3 ESTRELLAS;LIMA;150000;7;177;327;35,54;30,3;4,7;3,56;5,08;653;162;491;3072;576;2496;77
2020;03;02;APART HOTEL;03;3 ESTRELLAS;LORETO;160000;1;45;94;40,14;21,04;3,78;3,82;1;162;160;2;613;611;2;12
2020;03;02;APART HOTEL;03;3 ESTRELLAS;PASCO;190000;1;15;17;0;0;0;0;0;0;0;0;0;0;0;0
2020;03;02;APART HOTEL;03;3 ESTRELLAS;TUMBES;240000;1;6;26;0;0;0;0;0;0;0;0;0;0;0;0
2020;03;02;APART HOTEL;04;4 ESTRELLAS;LA LIBERTAD;130000;1;27;57;0;0;0;0;0;0;0;0;0;0;0;0
2020;03;02;APART HOTEL;04;4 ESTRELLAS;SAN MARTÍN;220000;1;20;49;27,9;16,85;2,03;2,05;1,93;126;111;15;256;227;29;23
2020;03;02;APART HOTEL;05;5 ESTRELLAS;LIMA;150000;8;511;842;24,37;20,14;4,11;2,82;4,59;1280;350;930;5256;986;4270;363
2020;03;02;APART HOTEL;TT;TODAS CONSOLIDADAS;ÁNCASH;020000;2;16;44;0;0;0;0;0;0;0;0;0;0;0;0
2020;03;02;APART HOTEL;TT;TODAS CONSOLIDADAS;APURÍMAC;030000;1;23;31;24,96;22,58;2,07;2,17;1,71;105;81;24;217;176;41;10
2020;03;02;APART HOTEL;TT;TODAS CONSOLIDADAS;ICA;110000;1;17;34;15,37;7,87;1;1;0;83;83;0;83;83;0;4
2020;03;02;APART HOTEL;TT;TODAS CONSOLIDADAS;LA LIBERTAD;130000;2;38;81;0;0;0;0;0;0;0;0;0;0;0;0
2020;03;02;APART HOTEL;TT;TODAS CONSOLIDADAS;LIMA;150000;23;1141;2071;26,96;22,34;3,53;2,66;3,84;4064;1069;2995;14345;2846;11499;658
2020;03;02;APART HOTEL;TT;TODAS CONSOLIDADAS;LORETO;160000;1;45;94;40,14;21,04;3,78;3,82;1;162;160;2;613;611;2;12
2020;03;02;APART HOTEL;TT;TODAS CONSOLIDADAS;TUMBES;240000;1;6;26;0;0;0;0;0;0;0;0;0;0;0;0
2020;03;03;HOSTAL;01;1 ESTRELLA;ÁNCASH;020000;45;580;936;16,36;16,29;1,15;1,15;1,32;4117;4070;47;4728;4666;62;98
2020;03;03;HOSTAL;01;1 ESTRELLA;APURÍMAC;030000;2;24;39;0;0;0;0;0;0;0;0;0;0;0;0
2020;03;03;HOSTAL;01;1 ESTRELLA;AREQUIPA;040000;57;842;1337;14,31;13,23;1,19;1,19;0;4612;4612;0;5483;5483;0;137
2020;03;03;HOSTAL;01;1 ESTRELLA;AYACUCHO;050000;3;86;157;17,22;16,05;2,28;2,28;0;343;343;0;781;781;0;15
2020;03;03;HOSTAL;01;1 ESTRELLA;CAJAMARCA;060000;23;401;668;0;0;0;0;0;0;0;0;0;0;0;0
2020;03;03;HOSTAL;01;1 ESTRELLA;CALLAO;070000;9;170;340;18,33;18,21;1,01;1;1,03;1904;1810;94;1916;1819;96;24
2020;03;03;HOSTAL;01;1 ESTRELLA;CUSCO;080000;26;425;708;13,97;10,29;1,1;1,1;1,33;2047;2011;36;2259;2211;48;60
2020;03;03;HOSTAL;01;1 ESTRELLA;HUANCAVELICA;090000;1;21;34;27,34;17,08;1,02;1,02;0;177;177;0;180;180;0;3
2020;03;03;HOSTAL;01;1 ESTRELLA;HUÁNUCO;100000;15;231;340;38,03;29,2;1;1;0;3078;3078;0;3078;3078;0;42
2020;03;03;HOSTAL;01;1 ESTRELLA;ICA;110000;14;194;296;15,76;14,76;1,02;1,02;1;1332;1318;14;1354;1340;14;34
2020;03;03;HOSTAL;01;1 ESTRELLA;JUNÍN;120000;11;166;285;12,79;10,24;1,29;1,29;0;700;700;0;905;905;0;31
2020;03;03;HOSTAL;01;1 ESTRELLA;LA LIBERTAD;130000;35;496;867;20,48;21,97;1,44;1,44;0;4107;4107;0;5906;5906;0;85
2020;03;03;HOSTAL;01;1 ESTRELLA;LAMBAYEQUE;140000;24;318;452;14,92;12,86;1,14;1,14;1;1587;1570;17;1802;1785;17;59
2020;03;03;HOSTAL;01;1 ESTRELLA;LORETO;160000;5;78;112;5,54;5,5;1,75;1,84;1,65;109;61;48;191;112;79;13
2020;03;03;HOSTAL;01;1 ESTRELLA;MADRE DE DIOS;170000;1;18;33;0;0;0;0;0;0;0;0;0;0;0;0
2020;03;03;HOSTAL;01;1 ESTRELLA;MOQUEGUA;180000;17;256;455;13,8;8,03;1,05;1,06;1,04;1073;1049;24;1132;1107;25;44
2020;03;03;HOSTAL;01;1 ESTRELLA;PASCO;190000;20;329;539;5,96;3,42;1,04;1,04;0;548;548;0;572;572;0;55
2020;03;03;HOSTAL;01;1 ESTRELLA;PIURA;200000;3;69;107;0;0;0;0;0;0;0;0;0;0;0;0
2020;03;03;HOSTAL;01;1 ESTRELLA;PUNO;210000;20;364;624;8,99;6,61;1,01;1;1,06;1270;1218;52;1279;1224;55;47
2020;03;03;HOSTAL;01;1 ESTRELLA;SAN MARTÍN;220000;2;35;63;0;0;0;0;0;0;0;0;0;0;0;0
2020;03;03;HOSTAL;01;1 ESTRELLA;TACNA;230000;11;191;335;10,93;9,1;1,21;1,18;1,24;779;406;373;945;481;464;32
2020;03;03;HOSTAL;02;2 ESTRELLAS;AMAZONAS;010000;57;993;1539;23,42;21,11;1,06;1,07;1;9456;9400;56;10069;10013;56;166
2020;03;03;HOSTAL;02;2 ESTRELLAS;ÁNCASH;020000;122;2019;3471;20,83;20,13;1,08;1,08;1,13;19992;19961;31;21664;21629;35;338
2020;03;03;HOSTAL;02;2 ESTRELLAS;APURÍMAC;030000;5;130;191;21,07;15,74;1,06;1,06;1;878;872;6;932;926;6;21
2020;03;03;HOSTAL;02;2 ESTRELLAS;AREQUIPA;040000;130;2098;3745;13,94;12,17;1,29;1,29;1,28;10940;10171;769;14131;13146;985;375
2020;03;03;HOSTAL;02;2 ESTRELLAS;AYACUCHO;050000;4;43;74;0;0;0;0;0;0;0;0;0;0;0;0
2020;03;03;HOSTAL;02;2 ESTRELLAS;CAJAMARCA;060000;109;2095;3404;3,8;3,34;1,31;1,31;0;2703;2703;0;3529;3529;0;354
2020;03;03;HOSTAL;02;2 ESTRELLAS;CALLAO;070000;6;179;344;64,38;65,25;1,01;1,01;1;7410;7349;61;7476;7415;61;36
2020;03;03;HOSTAL;02;2 ESTRELLAS;CUSCO;080000;65;1086;1926;11,17;10,45;1,71;1,81;1,48;3638;2588;1050;6239;4686;1553;186
2020;03;03;HOSTAL;02;2 ESTRELLAS;HUANCAVELICA;090000;1;10;18;15,81;9,5;1;1;0;53;53;0;53;53;0;5
2020;03;03;HOSTAL;02;2 ESTRELLAS;HUÁNUCO;100000;20;272;427;15,95;16,53;1,02;1,02;0;2139;2139;0;2188;2188;0;45
2020;03;03;HOSTAL;02;2 ESTRELLAS;ICA;110000;64;955;1620;12,22;12,45;1,32;1,33;1,14;4728;4522;206;6253;6019;234;164
2020;03;03;HOSTAL;02;2 ESTRELLAS;JUNÍN;120000;27;492;912;9,61;6,7;1,2;1,2;1,2;1577;1562;15;1895;1877;18;93
2020;03;03;HOSTAL;02;2 ESTRELLAS;LA LIBERTAD;130000;150;2470;4481;17,32;14,38;1,09;1,1;1,07;18242;17851;391;19972;19552;420;439
2020;03;03;HOSTAL;02;2 ESTRELLAS;LAMBAYEQUE;140000;160;2399;3394;12,05;9,57;1,12;1,12;1,19;9010;8788;222;10073;9808;265;447
2020;03;03;HOSTAL;02;2 ESTRELLAS;LIMA;150000;116;2728;5162;19,97;16,78;1,57;1,45;2,75;24319;22033;2286;38269;31971;6298;790
2020;03;03;HOSTAL;02;2 ESTRELLAS;LORETO;160000;5;79;127;0;0;0;0;0;0;0;0;0;0;0;0
2020;03;03;HOSTAL;02;2 ESTRELLAS;MADRE DE DIOS;170000;1;20;29;0;0;0;0;0;0;0;0;0;0;0;0
2020;03;03;HOSTAL;02;2 ESTRELLAS;MOQUEGUA;180000;30;384;624;18,11;14,24;2,27;2,28;1,69;1215;1189;26;2755;2711;44;70
2020;03;03;HOSTAL;02;2 ESTRELLAS;PASCO;190000;11;174;336;5,38;3,08;1,25;1,25;0;257;257;0;321;321;0;29
2020;03;03;HOSTAL;02;2 ESTRELLAS;PIURA;200000;27;538;859;25,57;23,77;2,02;2,02;2,01;3134;2898;236;6329;5854;475;108
2020;03;03;HOSTAL;02;2 ESTRELLAS;PUNO;210000;43;634;1200;12,03;8,86;1,28;1,28;1,24;2584;2227;357;3295;2852;443;122
2020;03;03;HOSTAL;02;2 ESTRELLAS;SAN MARTÍN;220000;16;241;415;34,56;22,86;3,09;3,06;4,58;952;933;19;2941;2854;87;45
2020;03;03;HOSTAL;02;2 ESTRELLAS;TACNA;230000;33;555;1069;6,27;4,82;1,65;1,63;1,66;967;210;757;1596;342;1254;97
2020;03;01;HOTEL;03;3 ESTRELLAS;TACNA;230000;16;617;1296;8,64;7,06;1,99;1,87;2,11;1427;739;688;2838;1384;1454;196
2020;03;01;HOTEL;04;4 ESTRELLAS;CAJAMARCA;060000;4;214;368;7,72;6,94;1,76;1,75;1,95;450;428;22;792;749;43;110
2020;03;01;HOTEL;04;4 ESTRELLAS;UCAYALI;250000;5;288;506;21,45;16,72;2,95;2,48;4,68;888;698;190;2622;1732;890;110
2020;03;01;HOTEL;04;4 ESTRELLAS;LAMBAYEQUE;140000;5;381;615;34,39;30,19;2,1;2,05;2,29;2741;2192;549;5756;4497;1259;246
2020;03;01;HOTEL;04;4 ESTRELLAS;MOQUEGUA;180000;2;123;232;29,01;18,88;2,26;2,1;2,67;602;439;163;1358;922;436;33
2020;03;01;HOTEL;04;4 ESTRELLAS;PIURA;200000;2;181;353;18,13;12,23;2,37;2,24;3,51;564;505;59;1338;1131;207;136
2020;03;01;HOTEL;05;5 ESTRELLAS;AREQUIPA;040000;3;241;346;17,82;16,74;2,39;2,12;2,6;753;337;416;1796;714;1082;179
2020;03;02;APART HOTEL;03;3 ESTRELLAS;AREQUIPA;040000;1;18;36;14,87;15,68;9,72;10,6;5,33;18;15;3;175;159;16;2
2020;03;02;APART HOTEL;04;4 ESTRELLAS;AREQUIPA;040000;1;19;36;24,45;23,12;2,43;1,87;3,87;106;76;30;258;142;116;5
2020;03;01;HOTEL;05;5 ESTRELLAS;ICA;110000;2;225;556;0;0;0;0;0;0;0;0;0;0;0;0
2020;03;01;HOTEL;TT;TODAS CONSOLIDADAS;ICA;110000;117;4312;8340;10,46;8,9;1,64;1,63;1,68;14002;11077;2925;23017;18105;4912;1121
2020;03;01;HOTEL;TT;TODAS CONSOLIDADAS;MADRE DE DIOS;170000;6;213;395;9,39;8,89;1,8;1,79;1,88;604;506;98;1088;904;184;63
2020;03;01;HOTEL;TT;TODAS CONSOLIDADAS;PIURA;200000;36;1185;2077;19,35;14,9;1,91;1,86;2,4;5033;4581;452;9592;8505;1087;379
2020;03;01;HOTEL;TT;TODAS CONSOLIDADAS;PUNO;210000;67;2252;4242;11,57;9,74;1,55;1,39;1,67;8254;3492;4762;12809;4849;7960;632
2020;03;02;APART HOTEL;04;4 ESTRELLAS;LIMA;150000;8;453;902;26,53;21,52;2,82;2,31;3,01;2131;557;1574;6017;1284;4733;218
2020;03;03;HOSTAL;01;1 ESTRELLA;LIMA;150000;62;1273;2588;21,35;19,45;1,23;1,21;1,63;14105;13340;765;17365;16120;1245;261
2020;03;02;APART HOTEL;TT;TODAS CONSOLIDADAS;AREQUIPA;040000;2;37;72;19,79;19,4;3,49;3,31;4;124;91;33;433;301;132;7
2020;03;02;APART HOTEL;TT;TODAS CONSOLIDADAS;PASCO;190000;1;15;17;0;0;0;0;0;0;0;0;0;0;0;0
2020;03;02;APART HOTEL;TT;TODAS CONSOLIDADAS;SAN MARTÍN;220000;1;20;49;27,9;16,85;2,03;2,05;1,93;126;111;15;256;227;29;23
2020;03;03;HOSTAL;01;1 ESTRELLA;AMAZONAS;010000;17;258;363;0;0;0;0;0;0;0;0;0;0;0;0
2020;03;03;HOSTAL;02;2 ESTRELLAS;TUMBES;240000;3;35;61;7;4,07;1;1;0;77;77;0;77;77;0;8
2020;03;03;HOSTAL;02;2 ESTRELLAS;UCAYALI;250000;2;70;121;11,34;11,28;2,05;2,04;4;206;205;1;423;419;4;13
2020;03;03;HOSTAL;03;3 ESTRELLAS;AMAZONAS;010000;8;121;238;9,38;5,83;1,13;1,13;0;379;379;0;430;430;0;23
2020;03;03;HOSTAL;03;3 ESTRELLAS;ÁNCASH;020000;20;321;561;4,59;3,39;1,14;1,14;0;517;517;0;590;590;0;57
2020;03;03;HOSTAL;03;3 ESTRELLAS;APURÍMAC;030000;1;24;43;15,32;8,55;1,37;1,37;0;83;83;0;114;114;0;7
2020;03;03;HOSTAL;03;3 ESTRELLAS;AYACUCHO;050000;1;18;38;0;0;0;0;0;0;0;0;0;0;0;0
2020;03;03;HOSTAL;03;3 ESTRELLAS;CAJAMARCA;060000;44;740;1249;19,79;15,27;1,68;1,68;1,82;3513;3345;168;5912;5607;305;137
2020;03;03;HOSTAL;03;3 ESTRELLAS;CUSCO;080000;24;428;818;15,51;12,18;3,32;2,28;3,57;929;178;751;3088;406;2682;82
2020;03;03;HOSTAL;03;3 ESTRELLAS;HUANCAVELICA;090000;3;59;94;0;0;0;0;0;0;0;0;0;0;0;0
2020;03;03;HOSTAL;03;3 ESTRELLAS;HUÁNUCO;100000;1;14;24;0;0;0;0;0;0;0;0;0;0;0;0
2020;03;03;HOSTAL;03;3 ESTRELLAS;ICA;110000;34;617;1135;20,52;13,51;1,3;1,46;1,11;3657;1992;1665;4755;2911;1844;139
2020;03;03;HOSTAL;03;3 ESTRELLAS;JUNÍN;120000;3;60;103;12,53;8,46;1,53;1,55;1;176;170;6;270;264;6;23
2020;03;03;HOSTAL;03;3 ESTRELLAS;LA LIBERTAD;130000;67;1102;2040;15,91;11,8;1,42;1,41;2,17;5273;5238;35;7462;7386;76;202
2020;03;03;HOSTAL;03;3 ESTRELLAS;LIMA;150000;17;381;754;13,19;10,2;1,33;1,15;1,97;1836;1427;409;2445;1641;804;88
2020;03;03;HOSTAL;03;3 ESTRELLAS;LORETO;160000;7;124;199;14,49;14,26;3,65;3,71;2,73;241;226;15;880;839;41;28
2020;03;03;HOSTAL;03;3 ESTRELLAS;MADRE DE DIOS;170000;1;22;29;5,43;6,01;1,46;1,46;0;37;37;0;54;54;0;2
2020;03;03;HOSTAL;03;3 ESTRELLAS;MOQUEGUA;180000;3;40;64;0;0;0;0;0;0;0;0;0;0;0;0
2020;03;03;HOSTAL;03;3 ESTRELLAS;PASCO;190000;1;9;18;0;0;0;0;0;0;0;0;0;0;0;0
2020;03;03;HOSTAL;03;3 ESTRELLAS;PIURA;200000;4;78;175;16,38;17,03;2,85;2,2;4,7;324;240;84;924;529;395;13
2020;03;03;HOSTAL;03;3 ESTRELLAS;SAN MARTÍN;220000;6;113;237;9,16;13,75;1,74;1,66;2,19;581;496;85;1010;824;186;25
2020;03;03;HOSTAL;03;3 ESTRELLAS;TACNA;230000;9;160;337;11,09;8,94;1,83;1,73;1,96;510;288;222;934;498;436;32
2020;03;03;HOSTAL;03;3 ESTRELLAS;TUMBES;240000;4;69;150;13,74;8,88;1,1;1,1;1,11;374;269;105;413;296;117;13
2020;03;03;HOSTAL;03;3 ESTRELLAS;UCAYALI;250000;2;45;67;3,51;4;7,55;3,89;24;11;9;2;83;35;48;8
2020;03;03;HOSTAL;TT;TODAS CONSOLIDADAS;AMAZONAS;010000;82;1372;2140;17,78;15,83;1,07;1,07;1;9835;9779;56;10499;10443;56;189
2020;03;03;HOSTAL;TT;TODAS CONSOLIDADAS;ÁNCASH;020000;187;2920;4968;18,16;17,52;1,1;1,1;1,24;24626;24548;78;26982;26885;97;493
2020;03;03;HOSTAL;TT;TODAS CONSOLIDADAS;APURÍMAC;030000;8;178;273;17,45;12,36;1,09;1,09;1;961;955;6;1046;1040;6;28
2020;03;03;HOSTAL;TT;TODAS CONSOLIDADAS;AREQUIPA;040000;228;3655;6460;13,55;11,87;1,36;1,32;1,75;17502;15863;1639;23768;20900;2868;682
2020;03;03;HOSTAL;TT;TODAS CONSOLIDADAS;AYACUCHO;050000;8;147;269;10,07;9,37;2,28;2,28;0;343;343;0;781;781;0;15
2020;03;03;HOSTAL;TT;TODAS CONSOLIDADAS;CAJAMARCA;060000;176;3236;5321;6,99;5,72;1,52;1,51;1,82;6216;6048;168;9441;9136;305;491
2020;03;03;HOSTAL;TT;TODAS CONSOLIDADAS;CALLAO;070000;15;349;684;43,63;43,54;1,01;1,01;1,02;9570;9415;155;9650;9493;158;61
2020;03;03;HOSTAL;TT;TODAS CONSOLIDADAS;CUSCO;080000;115;1939;3452;12,74;10,83;1,75;1,53;2,33;6614;4777;1837;11586;7303;4283;328
2020;03;03;HOSTAL;TT;TODAS CONSOLIDADAS;HUANCAVELICA;090000;5;90;146;8,14;5,15;1,01;1,01;0;230;230;0;233;233;0;8
2020;03;03;HOSTAL;TT;TODAS CONSOLIDADAS;HUÁNUCO;100000;36;517;791;25,38;21,48;1,01;1,01;0;5217;5217;0;5266;5266;0;87
2020;03;03;HOSTAL;TT;TODAS CONSOLIDADAS;ICA;110000;112;1766;3051;15,51;13,07;1,27;1,31;1,11;9717;7832;1885;12362;10270;2092;337
2020;03;03;HOSTAL;TT;TODAS CONSOLIDADAS;JUNÍN;120000;41;718;1300;10,59;7,62;1,25;1,25;1,14;2453;2432;21;3070;3046;24;147
2020;03;03;HOSTAL;TT;TODAS CONSOLIDADAS;LA LIBERTAD;130000;252;4068;7388;17,33;14,56;1,21;1,21;1,16;27622;27196;426;33340;32844;496;726
2020;03;03;HOSTAL;TT;TODAS CONSOLIDADAS;LAMBAYEQUE;140000;217;3225;4616;12,89;10,33;1,12;1,12;1,18;13155;12781;374;14779;14337;442;618
2020;03;03;HOSTAL;TT;TODAS CONSOLIDADAS;LIMA;150000;195;4382;8504;19,09;16,3;1,41;1,32;2,26;37591;34043;3548;52870;44845;8025;1085
2020;03;03;HOSTAL;TT;TODAS CONSOLIDADAS;LORETO;160000;17;281;438;7,93;7,89;3,06;3,31;1,9;350;287;63;1071;951;120;41
2020;03;03;HOSTAL;TT;TODAS CONSOLIDADAS;MADRE DE DIOS;170000;3;60;91;1,99;1,91;1,46;1,46;0;37;37;0;54;54;0;2
2020;03;03;HOSTAL;TT;TODAS CONSOLIDADAS;MOQUEGUA;180000;50;680;1143;15,42;10,97;1,7;1,71;1,38;2288;2238;50;3887;3818;69;114
2020;03;03;HOSTAL;TT;TODAS CONSOLIDADAS;PASCO;190000;32;512;893;5,66;3,23;1,11;1,11;0;805;805;0;893;893;0;84
2020;03;03;HOSTAL;TT;TODAS CONSOLIDADAS;PUNO;210000;71;1155;2126;11,18;8,48;1,26;1,25;1,33;4429;3890;539;5587;4868;719;210
2020;03;03;HOSTAL;TT;TODAS CONSOLIDADAS;SAN MARTÍN;220000;24;389;715;24,07;17,83;2,58;2,57;2,63;1533;1429;104;3951;3678;273;70
2020;03;03;HOSTAL;TT;TODAS CONSOLIDADAS;TACNA;230000;53;906;1741;8,1;6,44;1,54;1,46;1,59;2256;904;1352;3475;1321;2154;161
2020;03;03;HOSTAL;TT;TODAS CONSOLIDADAS;TUMBES;240000;7;104;211;11,48;7,49;1,09;1,08;1,11;451;346;105;490;373;117;21
2020;03;03;HOSTAL;TT;TODAS CONSOLIDADAS;UCAYALI;250000;4;115;188;8,27;8,68;2,33;2,12;17,33;217;214;3;506;454;52;21
2020;03;05;ALBERGUE;12;ALBERGUE;ÁNCASH;020000;5;52;119;0;0;0;0;0;0;0;0;0;0;0;0
2020;03;05;ALBERGUE;12;ALBERGUE;AREQUIPA;040000;4;54;119;6,93;4,31;1,49;1,69;1,29;107;52;55;159;88;71;28
2020;03;05;ALBERGUE;12;ALBERGUE;CUSCO;080000;17;252;766;0;0;0;0;0;0;0;0;0;0;0;0
2020;03;05;ALBERGUE;12;ALBERGUE;ICA;110000;2;18;43;2,87;2,93;1,11;1,13;1;35;30;5;39;34;5;5
2020;03;05;ALBERGUE;12;ALBERGUE;LIMA;150000;8;133;420;11,64;6,06;2,29;1,94;3,49;345;267;78;789;517;272;38
2020;03;05;ALBERGUE;12;ALBERGUE;LORETO;160000;51;779;1588;6,98;7,06;2,38;1,83;2,79;1461;624;837;3476;1139;2337;182
2020;03;05;ALBERGUE;12;ALBERGUE;MADRE DE DIOS;170000;7;207;480;14,34;12,51;2,44;2,24;2,46;762;51;711;1861;114;1747;270
2020;03;05;ALBERGUE;12;ALBERGUE;PASCO;190000;9;167;433;,48;,52;1,11;1,11;0;63;63;0;70;70;0;25
2020;03;05;ALBERGUE;12;ALBERGUE;PUNO;210000;1;13;35;0;0;0;0;0;0;0;0;0;0;0;0
2020;03;05;ALBERGUE;12;ALBERGUE;SAN MARTÍN;220000;9;143;322;0;0;0;0;0;0;0;0;0;0;0;0
2020;03;05;ALBERGUE;TT;TODAS CONSOLIDADAS;ÁNCASH;020000;5;52;119;0;0;0;0;0;0;0;0;0;0;0;0
2020;03;05;ALBERGUE;TT;TODAS CONSOLIDADAS;AREQUIPA;040000;4;54;119;6,93;4,31;1,49;1,69;1,29;107;52;55;159;88;71;28
2020;03;05;ALBERGUE;TT;TODAS CONSOLIDADAS;ICA;110000;2;18;43;2,87;2,93;1,11;1,13;1;35;30;5;39;34;5;5
2020;03;05;ALBERGUE;TT;TODAS CONSOLIDADAS;LIMA;150000;8;133;420;11,64;6,06;2,29;1,94;3,49;345;267;78;789;517;272;38
2020;03;05;ALBERGUE;TT;TODAS CONSOLIDADAS;LORETO;160000;51;779;1588;6,98;7,06;2,38;1,83;2,79;1461;624;837;3476;1139;2337;182
2020;03;05;ALBERGUE;TT;TODAS CONSOLIDADAS;MADRE DE DIOS;170000;7;207;480;14,34;12,51;2,44;2,24;2,46;762;51;711;1861;114;1747;270
2020;03;05;ALBERGUE;TT;TODAS CONSOLIDADAS;PASCO;190000;9;167;433;,48;,52;1,11;1,11;0;63;63;0;70;70;0;25
2020;03;05;ALBERGUE;TT;TODAS CONSOLIDADAS;PUNO;210000;1;13;35;0;0;0;0;0;0;0;0;0;0;0;0
2020;03;05;ALBERGUE;TT;TODAS CONSOLIDADAS;SAN MARTÍN;220000;9;143;322;0;0;0;0;0;0;0;0;0;0;0;0
2020;03;05;ALBERGUE;TT;TODAS CONSOLIDADAS;UCAYALI;250000;3;38;99;2,97;7,3;5,21;1,63;7,33;43;16;27;224;26;198;19
2020;03;14;RESORT;03;3 ESTRELLAS;ICA;110000;1;51;86;0;0;0;0;0;0;0;0;0;0;0;0
2020;03;14;RESORT;04;4 ESTRELLAS;TUMBES;240000;1;401;1058;80,67;37,57;2,36;2,26;2,79;5219;4263;956;12322;9653;2669;435
2020;03;14;RESORT;05;5 ESTRELLAS;ICA;110000;2;235;490;34,04;32,49;1,97;1,83;2,41;2510;1929;581;4935;3532;1403;300
2020;03;16;ECOLODGE;13;ECOLODGE;AREQUIPA;040000;2;58;148;17,58;12,69;1,37;1,25;1,4;424;81;343;582;101;481;63
2020;03;16;ECOLODGE;13;ECOLODGE;SAN MARTÍN;220000;1;12;24;0;0;0;0;0;0;0;0;0;0;0;0
2020;03;16;ECOLODGE;TT;TODAS CONSOLIDADAS;AREQUIPA;040000;2;58;148;17,58;12,69;1,37;1,25;1,4;424;81;343;582;101;481;63
2020;03;16;ECOLODGE;TT;TODAS CONSOLIDADAS;SAN MARTÍN;220000;1;12;24;0;0;0;0;0;0;0;0;0;0;0;0
2020;03;TT;TODAS CONSOLIDADAS;00;NO CATEGORIZADO;AMAZONAS;010000;252;2465;3960;8,04;5,12;1,08;1,08;1,05;5797;5753;44;6281;6235;46;316
2020;03;03;HOSTAL;03;3 ESTRELLAS;AREQUIPA;040000;41;715;1378;11,52;9,72;2,13;2,1;2,16;1950;1080;870;4154;2271;1883;170
2020;03;03;HOSTAL;03;3 ESTRELLAS;LAMBAYEQUE;140000;33;508;770;15,59;12,17;1,14;1,13;1,19;2558;2423;135;2904;2744;160;112
2020;03;03;HOSTAL;03;3 ESTRELLAS;PUNO;210000;8;157;302;12,82;10,82;1,76;1,78;1,7;575;445;130;1013;792;221;41
2020;03;03;HOSTAL;TT;TODAS CONSOLIDADAS;PIURA;200000;34;685;1141;21,94;20,51;2,1;2,03;2,72;3458;3138;320;7253;6383;870;121
2020;03;05;ALBERGUE;12;ALBERGUE;UCAYALI;250000;3;38;99;2,97;7,3;5,21;1,63;7,33;43;16;27;224;26;198;19
2020;03;05;ALBERGUE;TT;TODAS CONSOLIDADAS;CUSCO;080000;17;252;766;0;0;0;0;0;0;0;0;0;0;0;0
2020;03;14;RESORT;TT;TODAS CONSOLIDADAS;ICA;110000;3;286;576;27,97;27,64;1,97;1,83;2,41;2510;1929;581;4935;3532;1403;300
2020;03;14;RESORT;TT;TODAS CONSOLIDADAS;TUMBES;240000;1;401;1058;80,67;37,57;2,36;2,26;2,79;5219;4263;956;12322;9653;2669;435
2020;03;TT;TODAS CONSOLIDADAS;00;NO CATEGORIZADO;ÁNCASH;020000;660;6639;11469;4,42;3,84;1,35;1,35;1,14;10110;9843;267;13639;13335;304;762
2020;03;TT;TODAS CONSOLIDADAS;00;NO CATEGORIZADO;APURÍMAC;030000;495;4336;6715;7,04;5,97;1,37;1,35;2,12;9070;8866;204;12428;11996;432;465
2020;03;TT;TODAS CONSOLIDADAS;00;NO CATEGORIZADO;CALLAO;070000;271;3980;7394;20,73;19,72;1,04;1,02;1,18;75620;69188;6432;78308;70698;7610;1294
2020;03;TT;TODAS CONSOLIDADAS;00;NO CATEGORIZADO;CUSCO;080000;1925;18824;34933;19,95;15,6;2,27;2,12;2,42;74480;37032;37448;168904;78449;90455;3529
2020;03;TT;TODAS CONSOLIDADAS;00;NO CATEGORIZADO;HUÁNUCO;100000;483;5540;8215;17,39;14,48;1,04;1,04;0;35510;35510;0;36878;36878;0;675
2020;03;TT;TODAS CONSOLIDADAS;00;NO CATEGORIZADO;ICA;110000;711;8354;14538;11,71;8,68;1,16;1,16;1,39;33584;33267;317;39097;38657;440;1194
2020;03;TT;TODAS CONSOLIDADAS;00;NO CATEGORIZADO;LAMBAYEQUE;140000;391;4055;5971;14,3;12,55;1,08;1,08;1,06;21612;21196;416;23238;22798;440;722
2020;03;TT;TODAS CONSOLIDADAS;00;NO CATEGORIZADO;LIMA;150000;6137;53963;94200;19,1;18,77;1,45;1,43;2,07;1706374;1644460;61913;2474330;2346476;127854;50630
2020;03;TT;TODAS CONSOLIDADAS;00;NO CATEGORIZADO;LORETO;160000;722;7209;11317;12,87;9,95;1,78;1,92;1,69;19656;7623;12033;34921;14613;20308;1283
2020;03;TT;TODAS CONSOLIDADAS;00;NO CATEGORIZADO;PIURA;200000;995;10588;19369;17,16;14,02;1,9;1,76;2,95;44318;39035;5283;84200;68591;15609;1560
2020;03;TT;TODAS CONSOLIDADAS;00;NO CATEGORIZADO;PUNO;210000;796;7467;12881;14,03;10,33;1,1;1,1;1,19;37487;35526;1961;41254;38926;2328;1382
2020;03;TT;TODAS CONSOLIDADAS;00;NO CATEGORIZADO;SAN MARTÍN;220000;810;9520;15077;10,33;8,68;1,52;1,44;2,8;26709;25103;1606;40551;36058;4493;1257
2020;03;TT;TODAS CONSOLIDADAS;00;NO CATEGORIZADO;TACNA;230000;447;4440;8059;6,2;4,45;1,17;1,17;1,13;9525;8121;1404;11125;9539;1586;576
2020;03;TT;TODAS CONSOLIDADAS;00;NO CATEGORIZADO;TUMBES;240000;216;2480;4836;7,22;5,6;1,97;2,03;1,64;4269;3527;742;8390;7173;1217;400
2020;03;TT;TODAS CONSOLIDADAS;01;1 ESTRELLA;APURÍMAC;030000;4;104;154;12,66;8,78;1;1;0;419;419;0;419;419;0;11
2020;03;TT;TODAS CONSOLIDADAS;01;1 ESTRELLA;AREQUIPA;040000;62;1020;1622;11,82;10,9;1,19;1,19;0;4612;4612;0;5483;5483;0;137
2020;03;TT;TODAS CONSOLIDADAS;01;1 ESTRELLA;CALLAO;070000;9;170;340;18,33;18,21;1,01;1;1,03;1904;1810;94;1916;1819;96;24
2020;03;TT;TODAS CONSOLIDADAS;01;1 ESTRELLA;CUSCO;080000;33;597;1045;12,82;9,58;1,07;1,07;1,33;2892;2856;36;3104;3056;48;85
2020;03;TT;TODAS CONSOLIDADAS;01;1 ESTRELLA;HUÁNUCO;100000;25;522;774;33,26;26,47;1,06;1,06;0;5965;5965;0;6351;6351;0;89
2020;03;TT;TODAS CONSOLIDADAS;00;NO CATEGORIZADO;AREQUIPA;040000;1275;11361;19314;12,28;11,03;2,14;1,65;3,36;30816;21885;8931;66045;36048;29997;1393
2020;03;TT;TODAS CONSOLIDADAS;00;NO CATEGORIZADO;AYACUCHO;050000;581;6023;9626;8,54;7,12;1,16;1,16;1,22;18253;17956;297;21249;20886;363;786
2020;03;TT;TODAS CONSOLIDADAS;00;NO CATEGORIZADO;JUNÍN;120000;1277;13619;22139;9,67;7,87;1,15;1,15;1,29;46985;46937;48;54030;53968;62;2315
2020;03;TT;TODAS CONSOLIDADAS;00;NO CATEGORIZADO;CAJAMARCA;060000;643;6673;10503;8,24;8,04;1,07;1,07;1;24487;24434;53;26178;26125;53;650
2020;03;TT;TODAS CONSOLIDADAS;00;NO CATEGORIZADO;HUANCAVELICA;090000;200;2331;3584;8,8;6,86;1,21;1,21;1;6307;6297;10;7623;7613;10;402
2020;03;TT;TODAS CONSOLIDADAS;00;NO CATEGORIZADO;MOQUEGUA;180000;196;2070;3562;11,27;8,84;1,51;1,5;1,87;6453;6286;167;9757;9444;313;372
2020;03;TT;TODAS CONSOLIDADAS;00;NO CATEGORIZADO;PASCO;190000;303;3625;5582;10,66;8,41;1,32;1,32;1;11038;11036;2;14551;14549;2;542
2020;03;TT;TODAS CONSOLIDADAS;01;1 ESTRELLA;ÁNCASH;020000;50;750;1203;15,35;14,24;1,13;1,13;1,32;4698;4651;47;5309;5247;62;125
2020;03;TT;TODAS CONSOLIDADAS;01;1 ESTRELLA;AYACUCHO;050000;11;288;525;8,75;9,38;1,99;1,99;1,84;768;749;19;1526;1491;35;50
2020;03;TT;TODAS CONSOLIDADAS;01;1 ESTRELLA;CAJAMARCA;060000;29;578;954;,99;1,02;1,31;1,31;0;231;231;0;303;303;0;30
2020;03;TT;TODAS CONSOLIDADAS;00;NO CATEGORIZADO;LA LIBERTAD;130000;829;7280;12110;7,05;6,6;1,04;1,04;0;23854;23854;0;24795;24795;0;594
2020;03;TT;TODAS CONSOLIDADAS;00;NO CATEGORIZADO;MADRE DE DIOS;170000;317;4489;7415;14,36;11,12;1,13;1,11;1,42;22608;20993;1615;25558;23266;2292;758
2020;03;TT;TODAS CONSOLIDADAS;00;NO CATEGORIZADO;UCAYALI;250000;467;5308;8059;20,53;17,37;2,23;2,23;2,1;19460;18965;495;43395;42357;1038;933
2020;03;TT;TODAS CONSOLIDADAS;01;1 ESTRELLA;HUANCAVELICA;090000;1;21;34;27,34;17,08;1,02;1,02;0;177;177;0;180;180;0;3
2020;03;TT;TODAS CONSOLIDADAS;01;1 ESTRELLA;AMAZONAS;010000;18;278;406;1,22;,83;1;1;0;105;105;0;105;105;0;6
2020;03;TT;TODAS CONSOLIDADAS;01;1 ESTRELLA;ICA;110000;19;296;440;12,5;11,08;1,1;1,1;1;1376;1362;14;1511;1497;14;51
2020;03;TT;TODAS CONSOLIDADAS;01;1 ESTRELLA;JUNÍN;120000;18;431;820;7,51;5,6;1,35;1,35;0;1054;1054;0;1423;1423;0;56
2020;03;TT;TODAS CONSOLIDADAS;01;1 ESTRELLA;LA LIBERTAD;130000;37;536;936;18,95;20,35;1,44;1,44;0;4107;4107;0;5906;5906;0;85
2020;03;TT;TODAS CONSOLIDADAS;01;1 ESTRELLA;LAMBAYEQUE;140000;28;442;640;10,74;9,08;1,14;1,14;1;1587;1570;17;1802;1785;17;59
2020;03;TT;TODAS CONSOLIDADAS;01;1 ESTRELLA;LIMA;150000;68;1519;3042;20,3;18,83;1,21;1,19;1,63;15875;15101;774;19176;17915;1261;285
2020;03;TT;TODAS CONSOLIDADAS;01;1 ESTRELLA;LORETO;160000;5;78;112;5,54;5,5;1,75;1,84;1,65;109;61;48;191;112;79;13
2020;03;TT;TODAS CONSOLIDADAS;01;1 ESTRELLA;MADRE DE DIOS;170000;2;38;67;2,72;2,5;1;1;0;52;52;0;52;52;0;3
2020;03;TT;TODAS CONSOLIDADAS;01;1 ESTRELLA;MOQUEGUA;180000;18;276;496;12,8;7,36;1,05;1,06;1,04;1073;1049;24;1132;1107;25;44
2020;03;TT;TODAS CONSOLIDADAS;01;1 ESTRELLA;PIURA;200000;5;122;191;0;0;0;0;0;0;0;0;0;0;0;0
2020;03;TT;TODAS CONSOLIDADAS;01;1 ESTRELLA;PUNO;210000;25;489;846;8,21;6,09;1,04;1,04;1,05;1540;1483;57;1597;1537;60;61
2020;03;TT;TODAS CONSOLIDADAS;01;1 ESTRELLA;SAN MARTÍN;220000;8;161;255;0;0;0;0;0;0;0;0;0;0;0;0
2020;03;TT;TODAS CONSOLIDADAS;02;2 ESTRELLAS;AMAZONAS;010000;88;1813;2865;20,33;17,12;1,24;1,24;1,41;12295;12176;119;15208;15040;168;306
2020;03;TT;TODAS CONSOLIDADAS;02;2 ESTRELLAS;ÁNCASH;020000;162;3105;5487;18,14;16,68;1,1;1,1;1,26;25888;25807;81;28366;28264;102;511
2020;03;TT;TODAS CONSOLIDADAS;02;2 ESTRELLAS;APURÍMAC;030000;9;304;492;12,5;9,23;1,1;1,1;1;1285;1277;8;1408;1400;8;39
2020;03;TT;TODAS CONSOLIDADAS;02;2 ESTRELLAS;AREQUIPA;040000;172;3277;5790;13,04;11,35;1,41;1,41;1,39;14476;13576;900;20377;19129;1248;574
2020;03;TT;TODAS CONSOLIDADAS;02;2 ESTRELLAS;CAJAMARCA;060000;146;3122;5033;5,84;4,89;1,28;1,29;1;5943;5925;18;7632;7614;18;521
2020;03;TT;TODAS CONSOLIDADAS;02;2 ESTRELLAS;CALLAO;070000;6;179;344;64,38;65,25;1,01;1,01;1;7410;7349;61;7476;7415;61;36
2020;03;TT;TODAS CONSOLIDADAS;02;2 ESTRELLAS;CUSCO;080000;119;2430;4441;14,76;12,26;1,9;1,85;1,94;8903;4741;4162;16872;8786;8086;611
2020;03;TT;TODAS CONSOLIDADAS;02;2 ESTRELLAS;HUANCAVELICA;090000;3;52;91;19,98;16,38;1,93;1,93;1,67;240;237;3;462;457;5;16
2020;03;TT;TODAS CONSOLIDADAS;02;2 ESTRELLAS;HUÁNUCO;100000;61;1550;2457;9,71;8,25;1,1;1,1;0;5691;5691;0;6284;6284;0;247
2020;03;TT;TODAS CONSOLIDADAS;02;2 ESTRELLAS;ICA;110000;117;2429;4208;7,38;6,64;1,26;1,27;1,13;6866;6650;216;8661;8417;244;417
2020;03;TT;TODAS CONSOLIDADAS;02;2 ESTRELLAS;JUNÍN;120000;54;1315;2396;10,72;7,75;1,45;1,46;1,39;3958;3912;46;5756;5692;64;213
2020;03;TT;TODAS CONSOLIDADAS;02;2 ESTRELLAS;LA LIBERTAD;130000;172;3079;5583;17,21;14,09;1,16;1,16;1,07;20999;20608;391;24380;23960;420;541
2020;03;TT;TODAS CONSOLIDADAS;02;2 ESTRELLAS;LAMBAYEQUE;140000;229;4357;6384;13,32;10,76;1,36;1,34;1,92;15659;15011;648;21301;20056;1245;770
2020;03;TT;TODAS CONSOLIDADAS;02;2 ESTRELLAS;LIMA;150000;220;7139;13284;21,08;18,01;1,54;1,49;2,62;62987;59940;3047;97232;89256;7976;1754
2020;03;TT;TODAS CONSOLIDADAS;02;2 ESTRELLAS;MADRE DE DIOS;170000;3;76;133;8,4;6,35;2,32;2,27;3;113;105;8;262;238;24;9
2020;03;TT;TODAS CONSOLIDADAS;02;2 ESTRELLAS;MOQUEGUA;180000;44;767;1282;18,75;14,21;2,39;2,37;2,67;2362;2203;159;5646;5222;424;139
2020;03;TT;TODAS CONSOLIDADAS;02;2 ESTRELLAS;PASCO;190000;14;253;471;3,7;2,2;1,25;1,25;0;257;257;0;321;321;0;29
2020;03;TT;TODAS CONSOLIDADAS;02;2 ESTRELLAS;PIURA;200000;47;1030;1702;22,66;19,14;2;2,01;1,93;5038;4698;340;10098;9443;655;198
2020;03;TT;TODAS CONSOLIDADAS;02;2 ESTRELLAS;PUNO;210000;68;1246;2309;9,95;7,62;1,26;1,26;1,26;4315;3881;434;5452;4906;546;214
2020;03;TT;TODAS CONSOLIDADAS;02;2 ESTRELLAS;SAN MARTÍN;220000;39;898;1499;16,06;12,26;2,06;2,05;2,91;2761;2715;46;5696;5562;134;161
2020;03;TT;TODAS CONSOLIDADAS;02;2 ESTRELLAS;TUMBES;240000;9;251;497;9,87;8,09;1,49;1,47;1,69;835;763;72;1247;1125;122;50
2020;03;TT;TODAS CONSOLIDADAS;02;2 ESTRELLAS;UCAYALI;250000;4;121;202;6,56;6,76;2,05;2,04;4;206;205;1;423;419;4;13
2020;03;TT;TODAS CONSOLIDADAS;03;3 ESTRELLAS;ÁNCASH;020000;60;1657;2923;8,28;5,79;1,38;1,37;1,63;3808;3693;115;5244;5057;187;320
2020;03;TT;TODAS CONSOLIDADAS;03;3 ESTRELLAS;AREQUIPA;040000;107;2710;5189;11,1;8,8;2;2,01;1,98;7088;4437;2651;14152;8914;5238;696
2020;03;TT;TODAS CONSOLIDADAS;03;3 ESTRELLAS;AYACUCHO;050000;7;238;456;11,07;8,31;2,69;2,68;2,73;437;377;60;1174;1010;164;76
2020;03;TT;TODAS CONSOLIDADAS;03;3 ESTRELLAS;CAJAMARCA;060000;97;2406;4089;15,15;10,81;1,92;1,92;1,88;7136;6839;297;13699;13140;559;428
2020;03;TT;TODAS CONSOLIDADAS;03;3 ESTRELLAS;CALLAO;070000;3;160;288;19,84;12,25;1,8;1,68;1,88;607;244;363;1094;411;683;51
2020;03;TT;TODAS CONSOLIDADAS;03;3 ESTRELLAS;CUSCO;080000;102;3360;6585;17,03;15,39;2,01;1,84;2,03;15617;1729;13888;31409;3184;28225;813
2020;03;TT;TODAS CONSOLIDADAS;03;3 ESTRELLAS;HUANCAVELICA;090000;5;124;202;3,3;2,62;1,61;1,58;3;102;100;2;164;158;6;18
2020;03;TT;TODAS CONSOLIDADAS;03;3 ESTRELLAS;HUÁNUCO;100000;13;513;942;6,77;5,18;1,45;1,45;1,53;1040;1023;17;1512;1486;26;140
2020;03;TT;TODAS CONSOLIDADAS;03;3 ESTRELLAS;ICA;110000;86;2463;4790;17,37;13,01;1,6;1,68;1,41;12062;8406;3656;19321;14156;5165;554
2020;03;TT;TODAS CONSOLIDADAS;03;3 ESTRELLAS;JUNÍN;120000;24;849;1578;7,69;5,05;1,39;1,38;1,67;1776;1727;49;2471;2389;82;223
2020;03;TT;TODAS CONSOLIDADAS;03;3 ESTRELLAS;LA LIBERTAD;130000;152;3553;6777;15,63;11,81;1,58;1,56;1,9;15748;15042;706;24810;23469;1341;713
2020;03;TT;TODAS CONSOLIDADAS;03;3 ESTRELLAS;LAMBAYEQUE;140000;72;1810;3000;18,36;13,75;1,49;1,47;1,82;8576;8142;434;12783;11993;790;407
2020;03;TT;TODAS CONSOLIDADAS;03;3 ESTRELLAS;LIMA;150000;172;7893;14849;24,83;21,46;2,13;1,81;2,57;46559;26925;19634;99209;48770;50439;2163
2020;03;TT;TODAS CONSOLIDADAS;03;3 ESTRELLAS;LORETO;160000;34;986;1675;21,13;16,81;2,83;2,75;2,97;3081;1900;1181;8730;5226;3504;235
2020;03;TT;TODAS CONSOLIDADAS;03;3 ESTRELLAS;MADRE DE DIOS;170000;4;159;286;8,66;9,34;1,74;1,73;1,78;476;386;90;828;668;160;53
2020;03;TT;TODAS CONSOLIDADAS;03;3 ESTRELLAS;MOQUEGUA;180000;10;289;518;18,69;12,18;2,02;2,01;2,1;970;909;61;1956;1828;128;52
2020;03;TT;TODAS CONSOLIDADAS;03;3 ESTRELLAS;PASCO;190000;7;154;249;0;0;0;0;0;0;0;0;0;0;0;0
2020;03;TT;TODAS CONSOLIDADAS;03;3 ESTRELLAS;PIURA;200000;15;454;829;17,88;15,53;1,7;1,59;2,66;2348;2111;237;3990;3360;630;114
2020;03;TT;TODAS CONSOLIDADAS;03;3 ESTRELLAS;SAN MARTÍN;220000;25;732;1310;15,52;15;1,68;1,67;2,01;3631;3507;124;6093;5844;249;153
2020;03;TT;TODAS CONSOLIDADAS;03;3 ESTRELLAS;TUMBES;240000;13;322;667;3,88;2,48;1,08;1,07;1,11;473;368;105;512;395;117;54
2020;03;TT;TODAS CONSOLIDADAS;03;3 ESTRELLAS;UCAYALI;250000;18;637;1043;16,22;12,99;2,51;2,41;2,89;1674;1332;342;4201;3212;989;178
2020;03;TT;TODAS CONSOLIDADAS;04;4 ESTRELLAS;AREQUIPA;040000;11;490;968;16,97;14,87;2,19;2,11;2,24;2040;806;1234;4463;1699;2764;224
2020;03;TT;TODAS CONSOLIDADAS;04;4 ESTRELLAS;CAJAMARCA;060000;4;214;368;7,72;6,94;1,76;1,75;1,95;450;428;22;792;749;43;110
2020;03;TT;TODAS CONSOLIDADAS;04;4 ESTRELLAS;CALLAO;070000;2;371;632;72,52;58,51;1,44;1,29;1,45;7956;686;7270;11463;886;10577;248
2020;03;TT;TODAS CONSOLIDADAS;04;4 ESTRELLAS;CUSCO;080000;13;1109;2154;34,63;32,46;2,5;2,18;2,55;8687;1320;7367;21678;2880;18798;517
2020;03;TT;TODAS CONSOLIDADAS;01;1 ESTRELLA;PASCO;190000;23;407;690;4,82;2,67;1,04;1,04;0;548;548;0;572;572;0;55
2020;03;TT;TODAS CONSOLIDADAS;02;2 ESTRELLAS;AYACUCHO;050000;13;333;572;19,02;14,74;1,15;1,15;1;2282;2263;19;2613;2594;19;45
2020;03;TT;TODAS CONSOLIDADAS;03;3 ESTRELLAS;AMAZONAS;010000;27;567;1056;25,65;19,95;1,65;1,63;1,83;3967;3695;272;6531;6034;497;119
2020;03;TT;TODAS CONSOLIDADAS;01;1 ESTRELLA;TACNA;230000;13;248;447;11,19;9,24;1,39;1,4;1,38;919;520;399;1280;730;550;37
2020;03;TT;TODAS CONSOLIDADAS;02;2 ESTRELLAS;TACNA;230000;68;1514;3028;8,85;6,87;1,67;1,69;1,65;3864;1851;2013;6452;3129;3323;261
2020;03;TT;TODAS CONSOLIDADAS;03;3 ESTRELLAS;TACNA;230000;25;777;1633;9,15;7,45;1,95;1,83;2,08;1937;1027;910;3772;1882;1890;228
2020;03;TT;TODAS CONSOLIDADAS;02;2 ESTRELLAS;LORETO;160000;20;463;761;10,21;7,31;2,24;2,26;2,02;771;707;64;1725;1596;129;66
2020;03;TT;TODAS CONSOLIDADAS;03;3 ESTRELLAS;APURÍMAC;030000;5;147;244;24,8;18,47;2,31;2,41;1,48;604;543;61;1397;1307;90;38
2020;03;TT;TODAS CONSOLIDADAS;03;3 ESTRELLAS;PUNO;210000;37;1102;2135;13,35;10,84;1,59;1,56;1,6;4521;1733;2788;7172;2705;4467;298
2020;03;TT;TODAS CONSOLIDADAS;04;4 ESTRELLAS;HUÁNUCO;100000;1;52;90;0;0;0;0;0;0;0;0;0;0;0;0
2020;03;TT;TODAS CONSOLIDADAS;04;4 ESTRELLAS;ICA;110000;7;733;1517;11,39;12,69;1,71;1,7;1,71;3498;2574;924;5969;4388;1581;440
2020;03;TT;TODAS CONSOLIDADAS;04;4 ESTRELLAS;JUNÍN;120000;1;40;66;5,48;6,35;1,31;1,32;1;99;97;2;130;128;2;19
2020;03;TT;TODAS CONSOLIDADAS;04;4 ESTRELLAS;LA LIBERTAD;130000;4;234;385;14,9;12,87;1,82;1,61;2,51;843;644;199;1536;1037;499;91
2020;03;TT;TODAS CONSOLIDADAS;04;4 ESTRELLAS;LAMBAYEQUE;140000;5;381;615;34,39;30,19;2,1;2,05;2,29;2741;2192;549;5756;4497;1259;246
2020;03;TT;TODAS CONSOLIDADAS;04;4 ESTRELLAS;LIMA;150000;50;4523;8072;27,92;23,6;2,31;1,98;2,52;25613;10252;15361;59047;20321;38726;2337
2020;03;TT;TODAS CONSOLIDADAS;04;4 ESTRELLAS;LORETO;160000;2;99;167;20,98;15,67;1,7;1,7;0;477;477;0;811;811;0;48
2020;03;TT;TODAS CONSOLIDADAS;04;4 ESTRELLAS;MOQUEGUA;180000;2;123;232;29,01;18,88;2,26;2,1;2,67;602;439;163;1358;922;436;33
2020;03;TT;TODAS CONSOLIDADAS;04;4 ESTRELLAS;PIURA;200000;2;181;353;18,13;12,23;2,37;2,24;3,51;564;505;59;1338;1131;207;136
2020;03;TT;TODAS CONSOLIDADAS;04;4 ESTRELLAS;PUNO;210000;7;447;843;12,69;11,45;1,72;1,89;1,69;1743;255;1488;2993;483;2510;186
2020;03;TT;TODAS CONSOLIDADAS;04;4 ESTRELLAS;SAN MARTÍN;220000;2;70;157;24,19;12,49;1,75;1,76;1,64;347;325;22;608;572;36;58
2020;03;TT;TODAS CONSOLIDADAS;04;4 ESTRELLAS;TACNA;230000;1;150;300;17,2;14,33;1,83;1,57;2,08;728;357;371;1333;562;771;70
2020;03;TT;TODAS CONSOLIDADAS;04;4 ESTRELLAS;TUMBES;240000;6;662;1565;57,1;32,14;2,38;2,28;2,74;6566;5174;1392;15595;11784;3811;485
2020;03;TT;TODAS CONSOLIDADAS;04;4 ESTRELLAS;UCAYALI;250000;5;288;506;21,45;16,72;2,95;2,48;4,68;888;698;190;2622;1732;890;110
2020;03;TT;TODAS CONSOLIDADAS;05;5 ESTRELLAS;CUSCO;080000;14;1246;2381;27,85;26,18;1,91;2,24;1,87;10091;1196;8895;19323;2678;16645;1197
2020;03;TT;TODAS CONSOLIDADAS;05;5 ESTRELLAS;ICA;110000;4;460;1046;17,39;15,22;1,97;1,83;2,41;2510;1929;581;4935;3532;1403;300
2020;03;TT;TODAS CONSOLIDADAS;05;5 ESTRELLAS;LA LIBERTAD;130000;2;267;534;20,41;16,28;1,73;1,69;1,88;1555;1208;347;2695;2043;652;122
2020;03;TT;TODAS CONSOLIDADAS;05;5 ESTRELLAS;LIMA;150000;31;4486;8031;28,12;22,34;2,79;2,56;2,87;19913;5018;14895;55630;12856;42774;4027
2020;03;TT;TODAS CONSOLIDADAS;05;5 ESTRELLAS;LORETO;160000;1;60;88;44,68;50,88;2,79;2,15;3,19;497;189;308;1388;407;981;41
2020;03;TT;TODAS CONSOLIDADAS;05;5 ESTRELLAS;PIURA;200000;1;83;143;38,94;32,01;2,62;2,36;3,42;541;405;136;1419;954;465;52
2020;03;TT;TODAS CONSOLIDADAS;05;5 ESTRELLAS;PUNO;210000;1;123;235;17,81;16,23;2,1;2,87;2,05;564;30;534;1182;86;1096;83
2020;03;TT;TODAS CONSOLIDADAS;05;5 ESTRELLAS;UCAYALI;250000;2;162;297;24,29;17,67;2,59;2,5;3,34;628;560;68;1627;1400;227;69
2020;03;TT;TODAS CONSOLIDADAS;12;ALBERGUE;ÁNCASH;020000;5;52;119;0;0;0;0;0;0;0;0;0;0;0;0
2020;03;TT;TODAS CONSOLIDADAS;12;ALBERGUE;CUSCO;080000;17;252;766;0;0;0;0;0;0;0;0;0;0;0;0
2020;03;TT;TODAS CONSOLIDADAS;12;ALBERGUE;ICA;110000;2;18;43;2,87;2,93;1,11;1,13;1;35;30;5;39;34;5;5
2020;03;TT;TODAS CONSOLIDADAS;12;ALBERGUE;LIMA;150000;8;133;420;11,64;6,06;2,29;1,94;3,49;345;267;78;789;517;272;38
2020;03;TT;TODAS CONSOLIDADAS;12;ALBERGUE;LORETO;160000;51;779;1588;6,98;7,06;2,38;1,83;2,79;1461;624;837;3476;1139;2337;182
2020;03;TT;TODAS CONSOLIDADAS;12;ALBERGUE;MADRE DE DIOS;170000;7;207;480;14,34;12,51;2,44;2,24;2,46;762;51;711;1861;114;1747;270
2020;03;TT;TODAS CONSOLIDADAS;12;ALBERGUE;PASCO;190000;9;167;433;,48;,52;1,11;1,11;0;63;63;0;70;70;0;25
2020;03;TT;TODAS CONSOLIDADAS;12;ALBERGUE;PUNO;210000;1;13;35;0;0;0;0;0;0;0;0;0;0;0;0
2020;03;TT;TODAS CONSOLIDADAS;12;ALBERGUE;SAN MARTÍN;220000;9;143;322;0;0;0;0;0;0;0;0;0;0;0;0
2020;03;TT;TODAS CONSOLIDADAS;12;ALBERGUE;UCAYALI;250000;3;38;99;2,97;7,3;5,21;1,63;7,33;43;16;27;224;26;198;19
2020;03;TT;TODAS CONSOLIDADAS;13;ECOLODGE;AREQUIPA;040000;2;58;148;17,58;12,69;1,37;1,25;1,4;424;81;343;582;101;481;63
2020;03;TT;TODAS CONSOLIDADAS;13;ECOLODGE;SAN MARTÍN;220000;1;12;24;0;0;0;0;0;0;0;0;0;0;0;0
2020;03;TT;TODAS CONSOLIDADAS;TT;TODAS CONSOLIDADAS;AMAZONAS;010000;385;5123;8287;11,77;8,7;1,15;1,15;1,14;22164;21729;435;28125;27414;711;747
2020;03;TT;TODAS CONSOLIDADAS;TT;TODAS CONSOLIDADAS;ÁNCASH;020000;937;12203;21201;7,6;6,72;1,29;1,29;1,19;44504;43994;510;52558;51903;655;1718
2020;03;TT;TODAS CONSOLIDADAS;TT;TODAS CONSOLIDADAS;APURÍMAC;030000;513;4891;7605;7,35;6,17;1,37;1,36;2,08;11378;11105;273;15652;15122;530;553
2020;03;TT;TODAS CONSOLIDADAS;TT;TODAS CONSOLIDADAS;AYACUCHO;050000;612;6882;11179;8,79;7,34;1,2;1,2;1,25;21740;21345;395;26562;25981;581;957
2020;03;TT;TODAS CONSOLIDADAS;TT;TODAS CONSOLIDADAS;CUSCO;080000;2223;27818;52305;19,42;15,37;2,2;2,06;2,34;120670;48874;71796;261290;99033;162257;6752
2020;03;TT;TODAS CONSOLIDADAS;TT;TODAS CONSOLIDADAS;ICA;110000;946;14753;26582;11,71;8,91;1,22;1,23;1,36;59931;54218;5713;79533;70681;8852;2961
2020;03;TT;TODAS CONSOLIDADAS;TT;TODAS CONSOLIDADAS;JUNÍN;120000;1374;16254;26999;9,65;7,79;1,17;1,17;1,29;53872;53727;145;63810;63600;210;2826
2020;03;TT;TODAS CONSOLIDADAS;TT;TODAS CONSOLIDADAS;LA LIBERTAD;130000;1196;14949;26325;10,02;8,8;1,14;1,14;,41;67106;65463;1643;84122;81210;2912;2146
2020;03;TT;TODAS CONSOLIDADAS;TT;TODAS CONSOLIDADAS;LAMBAYEQUE;140000;725;11045;16610;14,39;12,09;1,22;1,21;1,41;50175;48111;2064;64880;61129;3751;2204
2020;03;TT;TODAS CONSOLIDADAS;TT;TODAS CONSOLIDADAS;LIMA;150000;6686;79656;141898;19,42;18,85;1,48;1,45;2,1;1877666;1761963;115702;2805412;2536110;269302;61234
2020;03;TT;TODAS CONSOLIDADAS;TT;TODAS CONSOLIDADAS;PIURA;200000;1065;12458;22587;17,36;14,22;1,89;1,76;2,89;52809;46754;6055;101045;83479;17566;2060
2020;03;TT;TODAS CONSOLIDADAS;TT;TODAS CONSOLIDADAS;PUNO;210000;935;10887;19284;13,53;10,04;1,13;1,13;1,21;50170;42908;7262;59650;48643;11007;2224
2020;03;TT;TODAS CONSOLIDADAS;05;5 ESTRELLAS;AREQUIPA;040000;3;241;346;17,82;16,74;2,39;2,12;2,6;753;337;416;1796;714;1082;179
2020;03;TT;TODAS CONSOLIDADAS;12;ALBERGUE;AREQUIPA;040000;4;54;119;6,93;4,31;1,49;1,69;1,29;107;52;55;159;88;71;28
2020;03;TT;TODAS CONSOLIDADAS;TT;TODAS CONSOLIDADAS;AREQUIPA;040000;1636;19211;33496;12,3;10,94;2,02;1,63;2,92;60316;45786;14530;113057;72176;40881;3294
2020;03;TT;TODAS CONSOLIDADAS;TT;TODAS CONSOLIDADAS;CAJAMARCA;060000;919;12993;20947;8,36;7,61;1,2;1,2;1,07;38247;37857;390;48604;47931;673;1739
2020;03;TT;TODAS CONSOLIDADAS;TT;TODAS CONSOLIDADAS;CALLAO;070000;291;4860;8998;21,9;20,8;1,04;1,03;1,18;93497;79277;14220;100257;81229;19028;1654
2020;03;TT;TODAS CONSOLIDADAS;TT;TODAS CONSOLIDADAS;HUANCAVELICA;090000;209;2528;3911;8,92;6,95;1,23;1,23;1,05;6826;6811;15;8429;8408;21;439
2020;03;TT;TODAS CONSOLIDADAS;TT;TODAS CONSOLIDADAS;HUÁNUCO;100000;583;8177;12478;17;14,11;1,05;1,05;,03;48206;48189;17;51025;50999;26;1151
2020;03;TT;TODAS CONSOLIDADAS;TT;TODAS CONSOLIDADAS;MOQUEGUA;180000;270;3525;6090;12,99;9,81;1,65;1,64;1,96;11460;10886;574;19849;18523;1326;640
2020;03;TT;TODAS CONSOLIDADAS;TT;TODAS CONSOLIDADAS;PASCO;190000;356;4606;7425;9,54;7,43;1,27;1,27;,85;11906;11904;2;15514;15512;2;651
2020;03;TT;TODAS CONSOLIDADAS;TT;TODAS CONSOLIDADAS;LORETO;160000;835;9674;15708;12,8;10,03;1,87;1,95;1,81;26052;11581;14471;51242;23904;27338;1868
2020;03;TT;TODAS CONSOLIDADAS;TT;TODAS CONSOLIDADAS;MADRE DE DIOS;170000;333;4969;8381;14,17;11,03;1,18;1,15;1,45;24011;21587;2424;28561;24338;4223;1093
2020;03;TT;TODAS CONSOLIDADAS;TT;TODAS CONSOLIDADAS;SAN MARTÍN;220000;894;11536;18644;10,55;8,84;1,52;1,44;2,72;33448;31650;1798;52948;48036;4912;1629
2020;03;TT;TODAS CONSOLIDADAS;TT;TODAS CONSOLIDADAS;TACNA;230000;554;7129;13467;6,79;5,02;1,27;1,27;1,24;16973;11876;5097;23962;15842;8120;1172
2020;03;TT;TODAS CONSOLIDADAS;TT;TODAS CONSOLIDADAS;TUMBES;240000;244;3715;7565;8,37;6,18;1,91;1,97;1,64;12143;9832;2311;25744;20477;5267;989
2020;03;TT;TODAS CONSOLIDADAS;TT;TODAS CONSOLIDADAS;UCAYALI;250000;499;6554;10206;20,18;17,06;2,27;2,24;2,2;22899;21776;1123;52492;49146;3346;1322
2020;04;00;NO CLASIFICADO;00;NO CATEGORIZADO;APURÍMAC;030000;10;207;327;3,46;4,65;1,89;1,84;15;241;240;1;456;441;15;43
2020;04;00;NO CLASIFICADO;00;NO CATEGORIZADO;AYACUCHO;050000;2;30;44;6,78;6,36;1;1;0;84;84;0;84;84;0;4
2020;04;00;NO CLASIFICADO;00;NO CATEGORIZADO;CALLAO;070000;236;3156;5791;9,71;8,59;1;1;0;30983;30983;0;30983;30983;0;641
2020;04;00;NO CLASIFICADO;00;NO CATEGORIZADO;HUANCAVELICA;090000;7;221;330;12,4;10,75;1,39;1,39;0;766;766;0;1064;1064;0;29
2020;04;00;NO CLASIFICADO;00;NO CATEGORIZADO;HUÁNUCO;100000;10;172;225;3,45;6,22;4,38;3,94;25;96;94;2;420;370;50;26
2020;04;00;NO CLASIFICADO;00;NO CATEGORIZADO;ICA;110000;6;149;284;1,5;2,23;3,45;3,45;0;55;55;0;190;190;0;19
2020;04;00;NO CLASIFICADO;00;NO CATEGORIZADO;JUNÍN;120000;33;649;1163;6,26;3,96;3,17;3,17;0;435;435;0;1381;1381;0;104
2020;04;00;NO CLASIFICADO;00;NO CATEGORIZADO;LAMBAYEQUE;140000;2;40;63;13,75;8,73;6,6;6,6;0;25;25;0;165;165;0;4
2020;04;00;NO CLASIFICADO;00;NO CATEGORIZADO;LORETO;160000;4;72;111;9,54;8,44;2,08;2,46;1,22;135;94;41;281;231;50;15
2020;04;00;NO CLASIFICADO;00;NO CATEGORIZADO;MADRE DE DIOS;170000;14;344;585;16,83;12,7;1,17;1,16;1,46;1912;1888;24;2228;2193;35;46
2020;04;00;NO CLASIFICADO;00;NO CATEGORIZADO;MOQUEGUA;180000;6;128;227;10,47;6,53;5,24;5,24;0;85;85;0;445;445;0;23
2020;04;00;NO CLASIFICADO;00;NO CATEGORIZADO;PUNO;210000;7;97;146;1,92;1,74;1,13;1,13;0;67;67;0;76;76;0;22
2020;04;00;NO CLASIFICADO;00;NO CATEGORIZADO;TACNA;230000;2;26;58;0;0;0;0;0;0;0;0;0;0;0;0
2020;04;00;NO CLASIFICADO;00;NO CATEGORIZADO;TUMBES;240000;5;72;133;9,86;8,57;1,3;1,47;1;263;168;95;342;247;95;9
2020;04;00;NO CLASIFICADO;00;NO CATEGORIZADO;UCAYALI;250000;7;125;195;13,2;8,84;12,31;13,13;1,67;42;39;3;517;512;5;26
2020;04;00;NO CLASIFICADO;TT;TODAS CONSOLIDADAS;HUÁNUCO;100000;10;172;225;3,45;6,22;4,38;3,94;25;96;94;2;420;370;50;26
2020;04;00;NO CLASIFICADO;00;NO CATEGORIZADO;AMAZONAS;010000;5;67;111;,25;,3;2;2;0;5;5;0;10;10;0;4
2020;04;00;NO CLASIFICADO;00;NO CATEGORIZADO;ÁNCASH;020000;6;120;221;,86;,94;1,82;1,82;0;34;34;0;62;62;0;9
2020;04;00;NO CLASIFICADO;00;NO CATEGORIZADO;CAJAMARCA;060000;4;73;99;0;0;0;0;0;0;0;0;0;0;0;0
2020;04;00;NO CLASIFICADO;00;NO CATEGORIZADO;PIURA;200000;19;372;604;29,6;18,44;7,49;5,85;27,35;446;412;34;3342;2412;930;96
2020;04;00;NO CLASIFICADO;00;NO CATEGORIZADO;SAN MARTÍN;220000;10;110;155;44,55;49,68;30;30;0;77;77;0;2310;2310;0;10
2020;04;00;NO CLASIFICADO;00;NO CATEGORIZADO;AREQUIPA;040000;18;295;547;16,47;13,99;4,08;3,87;0;562;562;0;2295;2175;120;50
2020;04;00;NO CLASIFICADO;00;NO CATEGORIZADO;CUSCO;080000;27;514;832;6,63;4,98;1,81;1,44;6,38;687;635;52;1244;912;332;85
2020;04;00;NO CLASIFICADO;TT;TODAS CONSOLIDADAS;CUSCO;080000;27;514;832;6,63;4,98;1,81;1,44;6,38;687;635;52;1244;912;332;85
2020;04;00;NO CLASIFICADO;00;NO CATEGORIZADO;LA LIBERTAD;130000;2;39;65;0;0;0;0;0;0;0;0;0;0;0;0
2020;04;00;NO CLASIFICADO;00;NO CATEGORIZADO;PASCO;190000;3;59;122;4,12;2,35;1,3;1,3;0;66;66;0;86;86;0;7
2020;04;00;NO CLASIFICADO;00;NO CATEGORIZADO;LIMA;150000;6071;51660;89411;18,66;16,7;5,35;5,3;7,46;383381;374824;8557;2049178;1985360;63817;34275
2020;04;00;NO CLASIFICADO;TT;TODAS CONSOLIDADAS;AMAZONAS;010000;5;67;111;,25;,3;2;2;0;5;5;0;10;10;0;4
2020;04;00;NO CLASIFICADO;TT;TODAS CONSOLIDADAS;ÁNCASH;020000;6;120;221;,86;,94;1,82;1,82;0;34;34;0;62;62;0;9
2020;04;00;NO CLASIFICADO;TT;TODAS CONSOLIDADAS;APURÍMAC;030000;10;207;327;3,46;4,65;1,89;1,84;15;241;240;1;456;441;15;43
2020;04;00;NO CLASIFICADO;TT;TODAS CONSOLIDADAS;CALLAO;070000;236;3156;5791;9,71;8,59;1;1;0;30983;30983;0;30983;30983;0;641
2020;04;00;NO CLASIFICADO;TT;TODAS CONSOLIDADAS;HUANCAVELICA;090000;7;221;330;12,4;10,75;1,39;1,39;0;766;766;0;1064;1064;0;29
2020;04;00;NO CLASIFICADO;TT;TODAS CONSOLIDADAS;AREQUIPA;040000;18;295;547;16,47;13,99;4,08;3,87;0;562;562;0;2295;2175;120;50
2020;04;00;NO CLASIFICADO;TT;TODAS CONSOLIDADAS;AYACUCHO;050000;2;30;44;6,78;6,36;1;1;0;84;84;0;84;84;0;4
2020;04;00;NO CLASIFICADO;TT;TODAS CONSOLIDADAS;CAJAMARCA;060000;4;73;99;0;0;0;0;0;0;0;0;0;0;0;0
2020;04;00;NO CLASIFICADO;TT;TODAS CONSOLIDADAS;ICA;110000;6;149;284;1,5;2,23;3,45;3,45;0;55;55;0;190;190;0;19
2020;04;00;NO CLASIFICADO;TT;TODAS CONSOLIDADAS;JUNÍN;120000;33;649;1163;6,26;3,96;3,17;3,17;0;435;435;0;1381;1381;0;104
2020;04;00;NO CLASIFICADO;TT;TODAS CONSOLIDADAS;LA LIBERTAD;130000;2;39;65;0;0;0;0;0;0;0;0;0;0;0;0
2020;04;00;NO CLASIFICADO;TT;TODAS CONSOLIDADAS;LAMBAYEQUE;140000;2;40;63;13,75;8,73;6,6;6,6;0;25;25;0;165;165;0;4
2020;04;00;NO CLASIFICADO;TT;TODAS CONSOLIDADAS;LORETO;160000;4;72;111;9,54;8,44;2,08;2,46;1,22;135;94;41;281;231;50;15
2020;04;00;NO CLASIFICADO;TT;TODAS CONSOLIDADAS;MADRE DE DIOS;170000;14;344;585;16,83;12,7;1,17;1,16;1,46;1912;1888;24;2228;2193;35;46
2020;04;00;NO CLASIFICADO;TT;TODAS CONSOLIDADAS;MOQUEGUA;180000;6;128;227;10,47;6,53;5,24;5,24;0;85;85;0;445;445;0;23
2020;04;00;NO CLASIFICADO;TT;TODAS CONSOLIDADAS;PASCO;190000;3;59;122;4,12;2,35;1,3;1,3;0;66;66;0;86;86;0;7
2020;04;00;NO CLASIFICADO;TT;TODAS CONSOLIDADAS;PIURA;200000;19;372;604;29,6;18,44;7,49;5,85;27,35;446;412;34;3342;2412;930;96
2020;04;00;NO CLASIFICADO;TT;TODAS CONSOLIDADAS;SAN MARTÍN;220000;10;110;155;44,55;49,68;30;30;0;77;77;0;2310;2310;0;10
2020;04;00;NO CLASIFICADO;TT;TODAS CONSOLIDADAS;TACNA;230000;2;26;58;0;0;0;0;0;0;0;0;0;0;0;0
2020;04;00;NO CLASIFICADO;TT;TODAS CONSOLIDADAS;UCAYALI;250000;7;125;195;13,2;8,84;12,31;13,13;1,67;42;39;3;517;512;5;26
2020;04;01;HOTEL;01;1 ESTRELLA;ÁNCASH;020000;1;31;48;0;0;0;0;0;0;0;0;0;0;0;0
2020;04;01;HOTEL;01;1 ESTRELLA;AYACUCHO;050000;4;105;183;0;0;0;0;0;0;0;0;0;0;0;0
2020;04;01;HOTEL;01;1 ESTRELLA;CAJAMARCA;060000;2;45;76;0;0;0;0;0;0;0;0;0;0;0;0
2020;04;01;HOTEL;01;1 ESTRELLA;JUNÍN;120000;1;25;44;,53;,3;1;1;0;4;4;0;4;4;0;1
2020;04;01;HOTEL;01;1 ESTRELLA;LIMA;150000;4;165;313;0;0;0;0;0;0;0;0;0;0;0;0
2020;04;01;HOTEL;01;1 ESTRELLA;MADRE DE DIOS;170000;1;20;34;30;17,65;30;30;0;6;6;0;180;180;0;3
2020;04;01;HOTEL;02;2 ESTRELLAS;AMAZONAS;010000;10;272;412;1,13;1,11;1,54;1,54;0;89;89;0;137;137;0;43
2020;04;01;HOTEL;02;2 ESTRELLAS;ÁNCASH;020000;15;422;770;4;2,88;1,07;1,07;0;620;620;0;665;665;0;66
2020;04;01;HOTEL;02;2 ESTRELLAS;APURÍMAC;030000;2;47;84;8,65;4,92;1;1;0;124;124;0;124;124;0;8
2020;04;01;HOTEL;02;2 ESTRELLAS;AYACUCHO;050000;6;182;355;0;0;0;0;0;0;0;0;0;0;0;0
2020;04;01;HOTEL;02;2 ESTRELLAS;CAJAMARCA;060000;17;536;909;0;0;0;0;0;0;0;0;0;0;0;0
2020;04;01;HOTEL;02;2 ESTRELLAS;HUANCAVELICA;090000;1;20;28;1;,71;1;1;0;6;6;0;6;6;0;7
2020;04;01;HOTEL;02;2 ESTRELLAS;HUÁNUCO;100000;2;107;170;1,25;1;1;1;0;51;51;0;51;51;0;13
2020;04;01;HOTEL;02;2 ESTRELLAS;ICA;110000;2;73;132;0;0;0;0;0;0;0;0;0;0;0;0
2020;04;01;HOTEL;02;2 ESTRELLAS;JUNÍN;120000;5;238;432;2,35;1,41;1,69;1,69;0;108;108;0;183;183;0;27
2020;04;01;HOTEL;02;2 ESTRELLAS;LAMBAYEQUE;140000;5;147;231;2,81;2,77;2,49;1,81;28;77;75;2;192;136;56;23
2020;04;01;HOTEL;02;2 ESTRELLAS;LIMA;150000;67;2699;4770;2,66;2,22;6,48;6,03;8,44;585;475;110;3789;2863;926;554
2020;04;01;HOTEL;02;2 ESTRELLAS;PIURA;200000;2;47;81;2,48;1,69;4,1;4,1;0;10;10;0;41;41;0;9
2020;04;01;HOTEL;02;2 ESTRELLAS;PUNO;210000;1;20;42;,83;,4;5;5;0;1;1;0;5;5;0;3
2020;04;01;HOTEL;02;2 ESTRELLAS;SAN MARTÍN;220000;2;60;98;1,28;1,9;1;1;0;56;56;0;56;56;0;12
2020;04;01;HOTEL;02;2 ESTRELLAS;TACNA;230000;1;31;57;12,9;7,02;24;24;0;5;5;0;120;120;0;5
2020;04;01;HOTEL;03;3 ESTRELLAS;AMAZONAS;010000;8;191;329;0;0;0;0;0;0;0;0;0;0;0;0
2020;04;01;HOTEL;03;3 ESTRELLAS;ÁNCASH;020000;13;470;790;1,82;1,06;2,14;2,14;0;118;118;0;252;252;0;89
2020;04;01;HOTEL;03;3 ESTRELLAS;APURÍMAC;030000;2;60;104;10,67;6,51;7,81;7,81;0;26;26;0;203;203;0;14
2020;04;01;HOTEL;03;3 ESTRELLAS;AREQUIPA;040000;14;388;677;11,77;8,35;9,92;9,57;21,6;171;166;5;1696;1588;108;135
2020;04;01;HOTEL;03;3 ESTRELLAS;AYACUCHO;050000;4;151;280;10,51;5,67;7,93;7,53;32;60;59;1;476;444;32;67
2020;04;01;HOTEL;03;3 ESTRELLAS;CAJAMARCA;060000;16;525;956;2,19;,84;12,74;12,74;0;19;19;0;242;242;0;89
2020;04;01;HOTEL;03;3 ESTRELLAS;CALLAO;070000;2;116;212;2,04;1,15;4,87;3,42;10,67;15;12;3;73;41;32;23
2020;04;01;HOTEL;03;3 ESTRELLAS;CUSCO;080000;6;220;461;1,26;,71;2,51;2,05;0;39;39;0;98;80;18;62
2020;04;01;HOTEL;03;3 ESTRELLAS;HUANCAVELICA;090000;1;42;68;15;9,26;7;7;0;27;27;0;189;189;0;7
2020;04;01;HOTEL;03;3 ESTRELLAS;HUÁNUCO;100000;1;27;38;,74;,53;1;1;0;6;6;0;6;6;0;3
2020;04;01;HOTEL;03;3 ESTRELLAS;ICA;110000;6;274;592;6,93;3,33;1,18;1,16;2,67;500;494;6;591;575;16;60
2020;04;01;HOTEL;03;3 ESTRELLAS;JUNÍN;120000;4;140;250;21,74;9,8;15;15;0;49;49;0;735;735;0;43
2020;04;01;HOTEL;03;3 ESTRELLAS;LA LIBERTAD;130000;6;213;409;6,31;6,39;9,68;9,9;1;81;79;2;784;782;2;35
2020;04;01;HOTEL;03;3 ESTRELLAS;LAMBAYEQUE;140000;1;22;22;2,88;2,88;1;1;0;19;19;0;19;19;0;3
2020;04;01;HOTEL;03;3 ESTRELLAS;LIMA;150000;98;5284;9828;24,88;22,08;8,85;9,26;5,08;7360;6626;734;65110;61384;3726;1174
2020;04;01;HOTEL;03;3 ESTRELLAS;LORETO;160000;5;188;349;14,49;10,28;5,43;5,63;4,81;198;150;48;1076;845;231;40
2020;04;01;HOTEL;03;3 ESTRELLAS;MOQUEGUA;180000;2;82;151;17,44;12,6;15,43;15,43;0;37;37;0;571;571;0;16
2020;04;01;HOTEL;03;3 ESTRELLAS;UCAYALI;250000;9;320;511;4,67;3,46;9,32;8,29;37,5;57;55;2;531;456;75;78
2020;04;01;HOTEL;04;4 ESTRELLAS;CALLAO;070000;2;371;632;58,16;65,25;9,31;12,44;1,99;1329;931;398;12371;11579;792;223
2020;04;01;HOTEL;04;4 ESTRELLAS;CUSCO;080000;4;480;896;8,72;6,42;3,17;1,98;5,44;545;358;187;1725;708;1017;194
2020;04;01;HOTEL;04;4 ESTRELLAS;ICA;110000;2;118;246;55,76;32,62;8,91;8,8;0;270;270;0;2407;2377;30;43
2020;04;01;HOTEL;04;4 ESTRELLAS;JUNÍN;120000;1;40;66;2,17;2,22;1;1;0;44;44;0;44;44;0;19
2020;04;01;HOTEL;04;4 ESTRELLAS;LIMA;150000;31;3025;5263;46,51;36,89;9,43;9,71;6,52;6178;5627;551;58252;54658;3594;1347
2020;04;01;HOTEL;04;4 ESTRELLAS;MOQUEGUA;180000;2;123;232;13,88;13,89;9,97;9,88;12,67;97;94;3;967;929;38;33
2020;04;01;HOTEL;04;4 ESTRELLAS;PIURA;200000;2;181;340;21,88;19,25;7,7;10,99;2,33;255;158;97;1963;1737;226;21
2020;04;01;HOTEL;04;4 ESTRELLAS;PUNO;210000;1;70;145;5,29;10,21;4;4;0;111;111;0;444;444;0;49
2020;04;01;HOTEL;04;4 ESTRELLAS;TACNA;230000;1;150;300;4,98;3,66;4,51;3,74;22,33;73;70;3;329;262;67;11
2020;04;01;HOTEL;05;5 ESTRELLAS;CUSCO;080000;2;148;298;10,32;7;8,24;10;4,17;76;53;23;626;530;96;118
2020;04;01;HOTEL;05;5 ESTRELLAS;LA LIBERTAD;130000;1;120;240;11,92;8,72;4,91;4,9;5;128;126;2;628;618;10;97
2020;04;01;HOTEL;05;5 ESTRELLAS;LIMA;150000;19;3608;6436;42,65;35,82;10,74;11,47;5,43;6441;5659;782;69152;64903;4249;2840
2020;04;01;HOTEL;05;5 ESTRELLAS;LORETO;160000;1;60;88;7,44;7,23;6,16;3,12;9,86;31;17;14;191;53;138;41
2020;04;01;HOTEL;05;5 ESTRELLAS;PIURA;200000;1;83;166;42,45;32,31;11,83;13,4;1,56;136;118;18;1609;1581;28;47
2020;04;01;HOTEL;05;5 ESTRELLAS;PUNO;210000;1;123;235;31,68;39,09;2,85;2,85;0;966;966;0;2756;2756;0;83
2020;04;01;HOTEL;05;5 ESTRELLAS;UCAYALI;250000;2;162;297;4,2;2,78;11,81;12,25;3;21;20;1;248;245;3;15
2020;04;01;HOTEL;TT;TODAS CONSOLIDADAS;AMAZONAS;010000;18;463;741;,66;,62;1,54;1,54;0;89;89;0;137;137;0;43
2020;04;01;HOTEL;TT;TODAS CONSOLIDADAS;ÁNCASH;020000;29;923;1608;2,76;1,9;1,24;1,24;0;738;738;0;917;917;0;155
2020;04;01;HOTEL;TT;TODAS CONSOLIDADAS;APURÍMAC;030000;4;107;188;9,78;5,8;2,18;2,18;0;150;150;0;327;327;0;22
2020;04;01;HOTEL;TT;TODAS CONSOLIDADAS;AREQUIPA;040000;25;919;1625;9,43;6,6;6,95;6,59;14,75;463;443;20;3216;2921;295;327
2020;04;01;HOTEL;TT;TODAS CONSOLIDADAS;AYACUCHO;050000;14;438;818;3,62;1,94;7,93;7,53;32;60;59;1;476;444;32;67
2020;04;01;HOTEL;TT;TODAS CONSOLIDADAS;CAJAMARCA;060000;35;1106;1941;1,04;,42;12,74;12,74;0;19;19;0;242;242;0;89
2020;04;01;HOTEL;TT;TODAS CONSOLIDADAS;CUSCO;080000;18;1011;1994;8,54;5,9;4,02;3,43;5,09;878;565;313;3529;1936;1593;416
2020;04;01;HOTEL;TT;TODAS CONSOLIDADAS;HUANCAVELICA;090000;2;62;96;10,48;6,77;5,91;5,91;0;33;33;0;195;195;0;14
2020;04;01;HOTEL;TT;TODAS CONSOLIDADAS;HUÁNUCO;100000;3;134;208;1,14;,91;1;1;0;57;57;0;57;57;0;16
2020;04;01;HOTEL;TT;TODAS CONSOLIDADAS;ICA;110000;10;465;970;18,24;10,3;3,89;3,86;7,67;770;764;6;2998;2952;46;103
2020;04;01;HOTEL;TT;TODAS CONSOLIDADAS;JUNÍN;120000;11;443;792;8,36;4,07;4,71;4,71;0;205;205;0;966;966;0;90
2020;04;01;HOTEL;TT;TODAS CONSOLIDADAS;LA LIBERTAD;130000;8;413;790;10,53;7,95;7,19;7,26;3;262;258;4;1885;1873;12;145
2020;04;01;HOTEL;TT;TODAS CONSOLIDADAS;LAMBAYEQUE;140000;9;426;678;7,86;6,72;7,01;5,88;18,82;195;178;17;1366;1046;320;251
2020;04;01;HOTEL;TT;TODAS CONSOLIDADAS;LORETO;160000;6;248;437;12,78;9,66;5,53;5,38;5,95;229;167;62;1267;898;369;81
2020;04;01;HOTEL;TT;TODAS CONSOLIDADAS;MOQUEGUA;180000;5;257;449;14,98;13,01;7,96;8,05;5,89;220;211;9;1752;1699;53;63
2020;04;01;HOTEL;TT;TODAS CONSOLIDADAS;PIURA;200000;7;391;708;23,13;20,86;9,43;11,76;2,21;470;355;115;4430;4176;254;86
2020;04;01;HOTEL;TT;TODAS CONSOLIDADAS;SAN MARTÍN;220000;3;87;135;2,03;2,12;1;1;0;86;86;0;86;86;0;17
2020;04;01;HOTEL;TT;TODAS CONSOLIDADAS;TACNA;230000;3;212;424;5,58;3,62;5,82;5,17;22,33;79;76;3;460;393;67;56
2020;04;01;HOTEL;TT;TODAS CONSOLIDADAS;UCAYALI;250000;14;679;1159;5,31;3,76;10,9;8,92;30,55;120;109;11;1308;972;336;166
2020;04;02;APART HOTEL;03;3 ESTRELLAS;AREQUIPA;040000;1;18;36;8,33;4,17;15;7;19;3;1;2;45;7;38;2
2020;04;00;NO CLASIFICADO;TT;TODAS CONSOLIDADAS;LIMA;150000;6071;51660;89411;18,66;16,7;5,35;5,3;7,46;383381;374824;8557;2049178;1985360;63817;34275
2020;04;01;HOTEL;TT;TODAS CONSOLIDADAS;LIMA;150000;219;14781;26610;34,35;28,66;9,62;10,08;5,62;27650;24779;2872;266018;249873;16144;7509
2020;04;00;NO CLASIFICADO;TT;TODAS CONSOLIDADAS;PUNO;210000;7;97;146;1,92;1,74;1,13;1,13;0;67;67;0;76;76;0;22
2020;04;00;NO CLASIFICADO;TT;TODAS CONSOLIDADAS;TUMBES;240000;5;72;133;9,86;8,57;1,3;1,47;1;263;168;95;342;247;95;9
2020;04;01;HOTEL;02;2 ESTRELLAS;AREQUIPA;040000;4;149;256;6,73;5,95;3,22;3,22;0;142;142;0;457;457;0;27
2020;04;01;HOTEL;02;2 ESTRELLAS;CUSCO;080000;6;163;339;16,24;10,62;4,95;5,37;4,49;218;115;103;1080;618;462;42
2020;04;01;HOTEL;02;2 ESTRELLAS;MOQUEGUA;180000;1;52;66;13,72;10,81;2,49;2,49;2,5;86;80;6;214;199;15;14
2020;04;01;HOTEL;03;3 ESTRELLAS;PUNO;210000;2;48;101;7,29;7,85;2,51;2,51;0;95;95;0;238;238;0;6
2020;04;01;HOTEL;03;3 ESTRELLAS;SAN MARTÍN;220000;1;27;37;3,7;2,7;1;1;0;30;30;0;30;30;0;5
2020;04;01;HOTEL;03;3 ESTRELLAS;TACNA;230000;1;31;67;1,18;,55;11;11;0;1;1;0;11;11;0;40
2020;04;01;HOTEL;04;4 ESTRELLAS;LA LIBERTAD;130000;1;80;141;19,71;11,18;8,92;8,92;0;53;53;0;473;473;0;13
2020;04;01;HOTEL;03;3 ESTRELLAS;PIURA;200000;2;80;121;18,04;22,51;11,84;11,84;0;69;69;0;817;817;0;9
2020;04;01;HOTEL;04;4 ESTRELLAS;LAMBAYEQUE;140000;3;257;425;11,17;9,06;11,67;10,61;17,6;99;84;15;1155;891;264;225
2020;04;01;HOTEL;04;4 ESTRELLAS;UCAYALI;250000;3;197;351;7,26;5,02;12,6;7,97;32,25;42;34;8;529;271;258;73
2020;04;01;HOTEL;04;4 ESTRELLAS;AREQUIPA;040000;6;292;579;8,53;4,85;6,11;5,8;9,33;138;126;12;843;731;112;90
2020;04;01;HOTEL;05;5 ESTRELLAS;AREQUIPA;040000;1;90;113;6,78;6,49;18,33;16,11;25;12;9;3;220;145;75;75
2020;04;01;HOTEL;TT;TODAS CONSOLIDADAS;CALLAO;070000;4;487;844;44,79;49,15;9,26;12,32;2,05;1344;943;401;12444;11620;824;246
2020;04;01;HOTEL;TT;TODAS CONSOLIDADAS;MADRE DE DIOS;170000;1;20;34;30;17,65;30;30;0;6;6;0;180;180;0;3
2020;04;01;HOTEL;TT;TODAS CONSOLIDADAS;PUNO;210000;5;261;523;17,75;21,94;2,94;2,94;0;1173;1173;0;3443;3443;0;141
2020;04;02;APART HOTEL;03;3 ESTRELLAS;LIMA;150000;7;177;327;10,23;14,78;15,76;13,57;25,41;92;75;17;1450;1018;432;64
2020;04;02;APART HOTEL;03;3 ESTRELLAS;LORETO;160000;1;45;94;9,63;4,61;7,22;7,22;0;18;18;0;130;130;0;12
2020;04;02;APART HOTEL;04;4 ESTRELLAS;LIMA;150000;8;453;902;42,65;34,07;7,42;9,77;3,11;1242;805;437;9220;7862;1358;217
2020;04;02;APART HOTEL;04;4 ESTRELLAS;SAN MARTÍN;220000;1;20;49;5;2,04;30;30;0;1;1;0;30;30;0;8
2020;04;02;APART HOTEL;05;5 ESTRELLAS;LIMA;150000;4;264;428;23,56;29,37;11,71;11,87;11,47;322;194;128;3771;2303;1468;112
2020;04;02;APART HOTEL;TT;TODAS CONSOLIDADAS;AREQUIPA;040000;2;37;72;4,77;3,29;5,46;1,89;13,5;13;9;4;71;17;54;7
2020;04;02;APART HOTEL;TT;TODAS CONSOLIDADAS;LIMA;150000;19;894;1657;30,59;29,05;8,72;10,41;5,6;1656;1074;582;14441;11183;3258;393
2020;04;02;APART HOTEL;TT;TODAS CONSOLIDADAS;LORETO;160000;1;45;94;9,63;4,61;7,22;7,22;0;18;18;0;130;130;0;12
2020;04;02;APART HOTEL;TT;TODAS CONSOLIDADAS;SAN MARTÍN;220000;1;20;49;5;2,04;30;30;0;1;1;0;30;30;0;8
2020;04;03;HOSTAL;01;1 ESTRELLA;AMAZONAS;010000;2;20;21;0;0;0;0;0;0;0;0;0;0;0;0
2020;04;03;HOSTAL;01;1 ESTRELLA;ÁNCASH;020000;2;22;42;5,76;3,49;6,29;6,29;0;7;7;0;44;44;0;4
2020;04;03;HOSTAL;01;1 ESTRELLA;AREQUIPA;040000;3;56;75;4,46;4;1,2;1,2;0;75;75;0;90;90;0;9
2020;04;03;HOSTAL;01;1 ESTRELLA;AYACUCHO;050000;1;21;33;19,37;20,2;9,09;9,09;0;22;22;0;200;200;0;4
2020;04;03;HOSTAL;01;1 ESTRELLA;CALLAO;070000;5;80;162;26,43;22,98;6,66;0;6,66;148;0;148;988;0;988;12
2020;04;03;HOSTAL;01;1 ESTRELLA;HUANCAVELICA;090000;1;21;34;4,44;2,94;1,2;1,2;0;25;25;0;30;30;0;3
2020;04;03;HOSTAL;01;1 ESTRELLA;LA LIBERTAD;130000;1;16;25;3,96;4,13;1;1;0;31;31;0;31;31;0;3
2020;04;03;HOSTAL;01;1 ESTRELLA;LIMA;150000;50;995;2042;0;0;0;0;0;0;0;0;0;0;0;0
2020;04;03;HOSTAL;01;1 ESTRELLA;MOQUEGUA;180000;1;8;15;,42;,22;1;1;0;1;1;0;1;1;0;1
2020;04;03;HOSTAL;02;2 ESTRELLAS;AMAZONAS;010000;13;189;279;2,03;1,68;1;1;0;141;141;0;141;141;0;28
2020;04;03;HOSTAL;02;2 ESTRELLAS;ÁNCASH;020000;5;108;186;9,91;9,35;1,13;1,14;1;460;458;2;522;520;2;17
2020;04;03;HOSTAL;02;2 ESTRELLAS;CAJAMARCA;060000;2;55;90;1,39;1,74;1,96;1,96;0;24;24;0;47;47;0;9
2020;04;03;HOSTAL;02;2 ESTRELLAS;CALLAO;070000;2;48;96;0;0;0;0;0;0;0;0;0;0;0;0
2020;04;03;HOSTAL;02;2 ESTRELLAS;CUSCO;080000;4;57;96;2,92;2,43;1,32;1,32;0;53;53;0;70;70;0;11
2020;04;03;HOSTAL;02;2 ESTRELLAS;LAMBAYEQUE;140000;5;117;164;4,76;3,58;1,49;1,49;0;118;118;0;176;176;0;22
2020;04;03;HOSTAL;02;2 ESTRELLAS;LIMA;150000;93;1968;3679;9,19;5,24;39,95;42;29;221;186;35;8823;7812;1011;442
2020;04;03;HOSTAL;02;2 ESTRELLAS;MOQUEGUA;180000;5;72;143;10,88;9,98;10,19;10,19;0;42;42;0;428;428;0;10
2020;04;03;HOSTAL;02;2 ESTRELLAS;PIURA;200000;2;29;54;2,53;1,3;10,5;13;8;2;1;1;21;13;8;6
2020;04;03;HOSTAL;02;2 ESTRELLAS;PUNO;210000;2;45;77;7,26;4,89;3,14;3,14;0;36;36;0;113;113;0;11
2020;04;03;HOSTAL;02;2 ESTRELLAS;SAN MARTÍN;220000;2;45;84;43,48;30,71;14,33;14,33;0;54;54;0;774;774;0;10
2020;04;03;HOSTAL;02;2 ESTRELLAS;TACNA;230000;1;14;26;0;0;0;0;0;0;0;0;0;0;0;0
2020;04;03;HOSTAL;02;2 ESTRELLAS;TUMBES;240000;1;18;31;11,3;6,56;1;1;0;61;61;0;61;61;0;5
2020;04;03;HOSTAL;02;2 ESTRELLAS;UCAYALI;250000;1;37;59;,72;,45;2;2;0;4;4;0;8;8;0;4
2020;04;03;HOSTAL;03;3 ESTRELLAS;AREQUIPA;040000;6;127;205;23,96;16,49;6,81;6,81;0;149;149;0;1014;1014;0;21
2020;04;03;HOSTAL;03;3 ESTRELLAS;CAJAMARCA;060000;1;10;20;0;0;0;0;0;0;0;0;0;0;0;0
2020;04;03;HOSTAL;03;3 ESTRELLAS;CUSCO;080000;2;55;110;64,3;58,67;14,67;15,2;7,44;132;123;9;1936;1869;67;14
2020;04;03;HOSTAL;03;3 ESTRELLAS;ICA;110000;3;80;152;18,13;7,85;2,65;2,45;30;135;134;1;358;328;30;21
2020;04;03;HOSTAL;03;3 ESTRELLAS;LA LIBERTAD;130000;2;40;78;3,33;2,95;6,9;6,9;0;10;10;0;69;69;0;9
2020;04;03;HOSTAL;03;3 ESTRELLAS;LAMBAYEQUE;140000;1;14;24;7,14;4,17;30;30;0;1;1;0;30;30;0;12
2020;04;03;HOSTAL;03;3 ESTRELLAS;LIMA;150000;9;158;317;3,33;3,34;1;1;1;329;273;55;329;273;55;30
2020;04;03;HOSTAL;03;3 ESTRELLAS;LORETO;160000;1;11;18;14,24;15,19;6,83;5,67;8;12;6;6;82;34;48;7
2020;04;03;HOSTAL;TT;TODAS CONSOLIDADAS;AMAZONAS;010000;15;209;300;1,83;1,57;1;1;0;141;141;0;141;141;0;28
2020;04;03;HOSTAL;TT;TODAS CONSOLIDADAS;ÁNCASH;020000;7;130;228;9,21;8,27;1,21;1,21;1;467;465;2;566;564;2;21
2020;04;03;HOSTAL;TT;TODAS CONSOLIDADAS;AREQUIPA;040000;17;307;484;13,43;9,62;3,33;3,28;10,33;419;416;3;1397;1366;31;53
2020;04;03;HOSTAL;TT;TODAS CONSOLIDADAS;AYACUCHO;050000;1;21;33;19,37;20,2;9,09;9,09;0;22;22;0;200;200;0;4
2020;04;03;HOSTAL;TT;TODAS CONSOLIDADAS;CAJAMARCA;060000;3;65;110;1,18;1,42;1,96;1,96;0;24;24;0;47;47;0;9
2020;04;03;HOSTAL;TT;TODAS CONSOLIDADAS;CALLAO;070000;7;128;258;15,42;13,54;6,66;0;6,66;156;0;156;1038;0;1038;12
2020;04;03;HOSTAL;TT;TODAS CONSOLIDADAS;CUSCO;080000;6;112;206;33,07;32,46;10,84;11,02;7,44;185;176;9;2006;1939;67;25
2020;04;03;HOSTAL;TT;TODAS CONSOLIDADAS;HUANCAVELICA;090000;1;21;34;4,44;2,94;1,2;1,2;0;25;25;0;30;30;0;3
2020;04;03;HOSTAL;TT;TODAS CONSOLIDADAS;ICA;110000;3;80;152;18,13;7,85;2,65;2,45;30;135;134;1;358;328;30;21
2020;04;03;HOSTAL;TT;TODAS CONSOLIDADAS;LA LIBERTAD;130000;3;56;103;3,51;3,24;2,44;2,44;0;41;41;0;100;100;0;12
2020;04;03;HOSTAL;TT;TODAS CONSOLIDADAS;LAMBAYEQUE;140000;6;131;188;5,01;3,65;1,73;1,73;0;119;119;0;206;206;0;34
2020;04;03;HOSTAL;TT;TODAS CONSOLIDADAS;LIMA;150000;152;3121;6038;3,8;2,61;3,38;3,53;2,62;1688;1406;282;5705;4967;738;353
2020;04;03;HOSTAL;TT;TODAS CONSOLIDADAS;LORETO;160000;1;11;18;14,24;15,19;6,83;5,67;8;12;6;6;82;34;48;7
2020;04;03;HOSTAL;TT;TODAS CONSOLIDADAS;MOQUEGUA;180000;6;80;158;9,83;9,05;9,98;9,98;0;43;43;0;429;429;0;11
2020;04;03;HOSTAL;TT;TODAS CONSOLIDADAS;PIURA;200000;2;29;54;2,53;1,3;10,5;13;8;2;1;1;21;13;8;6
2020;04;03;HOSTAL;TT;TODAS CONSOLIDADAS;PUNO;210000;2;45;77;7,26;4,89;3,14;3,14;0;36;36;0;113;113;0;11
2020;04;03;HOSTAL;TT;TODAS CONSOLIDADAS;TACNA;230000;1;14;26;0;0;0;0;0;0;0;0;0;0;0;0
2020;04;03;HOSTAL;TT;TODAS CONSOLIDADAS;TUMBES;240000;1;18;31;11,3;6,56;1;1;0;61;61;0;61;61;0;5
2020;04;03;HOSTAL;TT;TODAS CONSOLIDADAS;UCAYALI;250000;1;37;59;,72;,45;2;2;0;4;4;0;8;8;0;4
2020;04;05;ALBERGUE;12;ALBERGUE;LIMA;150000;5;61;169;0;0;0;0;0;0;0;0;0;0;0;0
2020;04;05;ALBERGUE;12;ALBERGUE;UCAYALI;250000;1;15;46;14,89;7,1;24,5;5;31;4;1;3;98;5;93;8
2020;04;05;ALBERGUE;TT;TODAS CONSOLIDADAS;LIMA;150000;5;61;169;0;0;0;0;0;0;0;0;0;0;0;0
2020;04;05;ALBERGUE;TT;TODAS CONSOLIDADAS;UCAYALI;250000;1;15;46;14,89;7,1;24,5;5;31;4;1;3;98;5;93;8
2020;04;14;RESORT;05;5 ESTRELLAS;ICA;110000;1;120;240;17,17;9,14;16,45;15,56;51;40;39;1;658;607;51;208
2020;04;14;RESORT;TT;TODAS CONSOLIDADAS;ICA;110000;1;120;240;17,17;9,14;16,45;15,56;51;40;39;1;658;607;51;208
2020;04;TT;TODAS CONSOLIDADAS;00;NO CATEGORIZADO;AMAZONAS;010000;5;67;111;,25;,3;2;2;0;5;5;0;10;10;0;4
2020;04;TT;TODAS CONSOLIDADAS;00;NO CATEGORIZADO;ÁNCASH;020000;6;120;221;,86;,94;1,82;1,82;0;34;34;0;62;62;0;9
2020;04;TT;TODAS CONSOLIDADAS;00;NO CATEGORIZADO;APURÍMAC;030000;10;207;327;3,46;4,65;1,89;1,84;15;241;240;1;456;441;15;43
2020;04;TT;TODAS CONSOLIDADAS;00;NO CATEGORIZADO;AREQUIPA;040000;18;295;547;16,47;13,99;4,08;3,87;0;562;562;0;2295;2175;120;50
2020;04;TT;TODAS CONSOLIDADAS;00;NO CATEGORIZADO;AYACUCHO;050000;2;30;44;6,78;6,36;1;1;0;84;84;0;84;84;0;4
2020;04;TT;TODAS CONSOLIDADAS;00;NO CATEGORIZADO;CAJAMARCA;060000;4;73;99;0;0;0;0;0;0;0;0;0;0;0;0
2020;04;TT;TODAS CONSOLIDADAS;00;NO CATEGORIZADO;CALLAO;070000;236;3156;5791;9,71;8,59;1;1;0;30983;30983;0;30983;30983;0;641
2020;04;TT;TODAS CONSOLIDADAS;00;NO CATEGORIZADO;CUSCO;080000;27;514;832;6,63;4,98;1,81;1,44;6,38;687;635;52;1244;912;332;85
2020;04;TT;TODAS CONSOLIDADAS;00;NO CATEGORIZADO;HUANCAVELICA;090000;7;221;330;12,4;10,75;1,39;1,39;0;766;766;0;1064;1064;0;29
2020;04;TT;TODAS CONSOLIDADAS;00;NO CATEGORIZADO;HUÁNUCO;100000;10;172;225;3,45;6,22;4,38;3,94;25;96;94;2;420;370;50;26
2020;04;TT;TODAS CONSOLIDADAS;00;NO CATEGORIZADO;JUNÍN;120000;33;649;1163;6,26;3,96;3,17;3,17;0;435;435;0;1381;1381;0;104
2020;04;TT;TODAS CONSOLIDADAS;00;NO CATEGORIZADO;LA LIBERTAD;130000;2;39;65;0;0;0;0;0;0;0;0;0;0;0;0
2020;04;TT;TODAS CONSOLIDADAS;00;NO CATEGORIZADO;LAMBAYEQUE;140000;2;40;63;13,75;8,73;6,6;6,6;0;25;25;0;165;165;0;4
2020;04;TT;TODAS CONSOLIDADAS;00;NO CATEGORIZADO;LORETO;160000;4;72;111;9,54;8,44;2,08;2,46;1,22;135;94;41;281;231;50;15
2020;04;TT;TODAS CONSOLIDADAS;00;NO CATEGORIZADO;MADRE DE DIOS;170000;14;344;585;16,83;12,7;1,17;1,16;1,46;1912;1888;24;2228;2193;35;46
2020;04;TT;TODAS CONSOLIDADAS;00;NO CATEGORIZADO;MOQUEGUA;180000;6;128;227;10,47;6,53;5,24;5,24;0;85;85;0;445;445;0;23
2020;04;TT;TODAS CONSOLIDADAS;00;NO CATEGORIZADO;PASCO;190000;3;59;122;4,12;2,35;1,3;1,3;0;66;66;0;86;86;0;7
2020;04;TT;TODAS CONSOLIDADAS;00;NO CATEGORIZADO;PIURA;200000;19;372;604;29,6;18,44;7,49;5,85;27,35;446;412;34;3342;2412;930;96
2020;04;TT;TODAS CONSOLIDADAS;00;NO CATEGORIZADO;PUNO;210000;7;97;146;1,92;1,74;1,13;1,13;0;67;67;0;76;76;0;22
2020;04;TT;TODAS CONSOLIDADAS;00;NO CATEGORIZADO;SAN MARTÍN;220000;10;110;155;44,55;49,68;30;30;0;77;77;0;2310;2310;0;10
2020;04;TT;TODAS CONSOLIDADAS;00;NO CATEGORIZADO;TACNA;230000;2;26;58;0;0;0;0;0;0;0;0;0;0;0;0
2020;04;TT;TODAS CONSOLIDADAS;00;NO CATEGORIZADO;TUMBES;240000;5;72;133;9,86;8,57;1,3;1,47;1;263;168;95;342;247;95;9
2020;04;TT;TODAS CONSOLIDADAS;00;NO CATEGORIZADO;UCAYALI;250000;7;125;195;13,2;8,84;12,31;13,13;1,67;42;39;3;517;512;5;26
2020;04;TT;TODAS CONSOLIDADAS;01;1 ESTRELLA;AMAZONAS;010000;2;20;21;0;0;0;0;0;0;0;0;0;0;0;0
2020;04;TT;TODAS CONSOLIDADAS;01;1 ESTRELLA;ÁNCASH;020000;3;53;90;2,39;1,63;6,29;6,29;0;7;7;0;44;44;0;4
2020;04;TT;TODAS CONSOLIDADAS;01;1 ESTRELLA;AYACUCHO;050000;5;126;216;3,23;3,09;9,09;9,09;0;22;22;0;200;200;0;4
2020;04;TT;TODAS CONSOLIDADAS;01;1 ESTRELLA;CAJAMARCA;060000;2;45;76;0;0;0;0;0;0;0;0;0;0;0;0
2020;04;TT;TODAS CONSOLIDADAS;01;1 ESTRELLA;CALLAO;070000;5;80;162;26,43;22,98;6,66;0;6,66;148;0;148;988;0;988;12
2020;04;TT;TODAS CONSOLIDADAS;01;1 ESTRELLA;HUANCAVELICA;090000;1;21;34;4,44;2,94;1,2;1,2;0;25;25;0;30;30;0;3
2020;04;TT;TODAS CONSOLIDADAS;01;1 ESTRELLA;JUNÍN;120000;1;25;44;,53;,3;1;1;0;4;4;0;4;4;0;1
2020;04;TT;TODAS CONSOLIDADAS;01;1 ESTRELLA;LA LIBERTAD;130000;1;16;25;3,96;4,13;1;1;0;31;31;0;31;31;0;3
2020;04;TT;TODAS CONSOLIDADAS;01;1 ESTRELLA;LIMA;150000;54;1160;2355;0;0;0;0;0;0;0;0;0;0;0;0
2020;04;02;APART HOTEL;04;4 ESTRELLAS;AREQUIPA;040000;1;19;36;1,4;2,41;2,6;1,25;8;10;8;2;26;10;16;5
2020;04;03;HOSTAL;02;2 ESTRELLAS;AREQUIPA;040000;8;124;204;6,69;4,79;1,5;1,36;10,33;195;192;3;293;262;31;23
2020;04;03;HOSTAL;TT;TODAS CONSOLIDADAS;SAN MARTÍN;220000;2;45;84;43,48;30,71;14,33;14,33;0;54;54;0;774;774;0;10
2020;04;TT;TODAS CONSOLIDADAS;00;NO CATEGORIZADO;ICA;110000;6;149;284;1,5;2,23;3,45;3,45;0;55;55;0;190;190;0;19
2020;04;TT;TODAS CONSOLIDADAS;00;NO CATEGORIZADO;LIMA;150000;6071;51660;89411;18,66;16,7;5,35;5,3;7,46;383381;374824;8557;2049178;1985360;63817;34275
2020;04;TT;TODAS CONSOLIDADAS;01;1 ESTRELLA;AREQUIPA;040000;3;56;75;4,46;4;1,2;1,2;0;75;75;0;90;90;0;9
2020;04;TT;TODAS CONSOLIDADAS;01;1 ESTRELLA;MADRE DE DIOS;170000;1;20;34;30;17,65;30;30;0;6;6;0;180;180;0;3
2020;04;TT;TODAS CONSOLIDADAS;01;1 ESTRELLA;MOQUEGUA;180000;1;8;15;,42;,22;1;1;0;1;1;0;1;1;0;1
2020;04;TT;TODAS CONSOLIDADAS;02;2 ESTRELLAS;AMAZONAS;010000;23;461;691;1,5;1,34;1,21;1,21;0;230;230;0;278;278;0;71
2020;04;TT;TODAS CONSOLIDADAS;02;2 ESTRELLAS;ÁNCASH;020000;20;530;956;5,2;4,14;1,1;1,1;1;1080;1078;2;1187;1185;2;83
2020;04;TT;TODAS CONSOLIDADAS;02;2 ESTRELLAS;APURÍMAC;030000;2;47;84;8,65;4,92;1;1;0;124;124;0;124;124;0;8
2020;04;TT;TODAS CONSOLIDADAS;02;2 ESTRELLAS;AREQUIPA;040000;12;273;460;6,72;5,43;2,23;2,15;10,33;337;334;3;750;719;31;50
2020;04;TT;TODAS CONSOLIDADAS;02;2 ESTRELLAS;AYACUCHO;050000;6;182;355;0;0;0;0;0;0;0;0;0;0;0;0
2020;04;TT;TODAS CONSOLIDADAS;02;2 ESTRELLAS;CAJAMARCA;060000;19;591;999;,13;,16;1,96;1,96;0;24;24;0;47;47;0;9
2020;04;TT;TODAS CONSOLIDADAS;02;2 ESTRELLAS;CALLAO;070000;2;48;96;0;0;0;0;0;0;0;0;0;0;0;0
2020;04;TT;TODAS CONSOLIDADAS;02;2 ESTRELLAS;CUSCO;080000;10;220;435;12,79;8,81;4,24;4,1;4,49;271;168;103;1150;688;462;53
2020;04;TT;TODAS CONSOLIDADAS;02;2 ESTRELLAS;HUANCAVELICA;090000;1;20;28;1;,71;1;1;0;6;6;0;6;6;0;7
2020;04;TT;TODAS CONSOLIDADAS;02;2 ESTRELLAS;HUÁNUCO;100000;2;107;170;1,25;1;1;1;0;51;51;0;51;51;0;13
2020;04;TT;TODAS CONSOLIDADAS;02;2 ESTRELLAS;JUNÍN;120000;5;238;432;2,35;1,41;1,69;1,69;0;108;108;0;183;183;0;27
2020;04;TT;TODAS CONSOLIDADAS;02;2 ESTRELLAS;LAMBAYEQUE;140000;10;264;395;3,67;3,11;1,89;1,62;28;195;193;2;368;312;56;45
2020;04;TT;TODAS CONSOLIDADAS;02;2 ESTRELLAS;MOQUEGUA;180000;6;124;209;12,07;10,24;5,02;5,14;2,5;128;122;6;642;627;15;24
2020;04;TT;TODAS CONSOLIDADAS;02;2 ESTRELLAS;PIURA;200000;4;76;135;2,5;1,53;5,17;4,91;8;12;11;1;62;54;8;15
2020;04;TT;TODAS CONSOLIDADAS;02;2 ESTRELLAS;PUNO;210000;3;65;119;5,28;3,31;3,19;3,19;0;37;37;0;118;118;0;14
2020;04;TT;TODAS CONSOLIDADAS;02;2 ESTRELLAS;SAN MARTÍN;220000;4;105;182;19,37;15,2;7,55;7,55;0;110;110;0;830;830;0;22
2020;04;TT;TODAS CONSOLIDADAS;02;2 ESTRELLAS;TACNA;230000;2;45;83;8,89;4,82;24;24;0;5;5;0;120;120;0;5
2020;04;TT;TODAS CONSOLIDADAS;02;2 ESTRELLAS;TUMBES;240000;1;18;31;11,3;6,56;1;1;0;61;61;0;61;61;0;5
2020;04;TT;TODAS CONSOLIDADAS;02;2 ESTRELLAS;UCAYALI;250000;1;37;59;,72;,45;2;2;0;4;4;0;8;8;0;4
2020;04;TT;TODAS CONSOLIDADAS;03;3 ESTRELLAS;AMAZONAS;010000;8;191;329;0;0;0;0;0;0;0;0;0;0;0;0
2020;04;TT;TODAS CONSOLIDADAS;03;3 ESTRELLAS;ÁNCASH;020000;13;470;790;1,82;1,06;2,14;2,14;0;118;118;0;252;252;0;89
2020;04;TT;TODAS CONSOLIDADAS;03;3 ESTRELLAS;APURÍMAC;030000;2;60;104;10,67;6,51;7,81;7,81;0;26;26;0;203;203;0;14
2020;04;TT;TODAS CONSOLIDADAS;03;3 ESTRELLAS;AREQUIPA;040000;21;533;918;14,56;10;8,53;8,26;20,86;323;316;7;2755;2609;146;158
2020;04;TT;TODAS CONSOLIDADAS;03;3 ESTRELLAS;AYACUCHO;050000;4;151;280;10,51;5,67;7,93;7,53;32;60;59;1;476;444;32;67
2020;04;TT;TODAS CONSOLIDADAS;03;3 ESTRELLAS;CAJAMARCA;060000;17;535;976;2,15;,83;12,74;12,74;0;19;19;0;242;242;0;89
2020;04;TT;TODAS CONSOLIDADAS;03;3 ESTRELLAS;CALLAO;070000;2;116;212;2,04;1,15;4,87;3,42;10,67;15;12;3;73;41;32;23
2020;04;TT;TODAS CONSOLIDADAS;03;3 ESTRELLAS;CUSCO;080000;8;275;571;13,87;11,87;11,89;12,03;9,44;171;162;9;2034;1949;85;76
2020;04;TT;TODAS CONSOLIDADAS;03;3 ESTRELLAS;HUANCAVELICA;090000;1;42;68;15;9,26;7;7;0;27;27;0;189;189;0;7
2020;04;TT;TODAS CONSOLIDADAS;03;3 ESTRELLAS;HUÁNUCO;100000;1;27;38;,74;,53;1;1;0;6;6;0;6;6;0;3
2020;04;TT;TODAS CONSOLIDADAS;03;3 ESTRELLAS;JUNÍN;120000;4;140;250;21,74;9,8;15;15;0;49;49;0;735;735;0;43
2020;04;TT;TODAS CONSOLIDADAS;03;3 ESTRELLAS;LA LIBERTAD;130000;8;253;487;5,84;5,84;9,37;9,56;1;91;89;2;853;851;2;44
2020;04;TT;TODAS CONSOLIDADAS;03;3 ESTRELLAS;LAMBAYEQUE;140000;2;36;46;4,54;3,55;2,45;2,45;0;20;20;0;49;49;0;15
2020;04;TT;TODAS CONSOLIDADAS;03;3 ESTRELLAS;LIMA;150000;114;5619;10472;23,86;21,33;8,63;9,02;5,26;7813;7005;807;67444;63199;4244;1276
2020;04;TT;TODAS CONSOLIDADAS;03;3 ESTRELLAS;LORETO;160000;7;244;461;13,58;9,31;5,65;5,8;5,17;228;174;54;1288;1009;279;59
2020;04;TT;TODAS CONSOLIDADAS;03;3 ESTRELLAS;MOQUEGUA;180000;2;82;151;17,44;12,6;15,43;15,43;0;37;37;0;571;571;0;16
2020;04;TT;TODAS CONSOLIDADAS;03;3 ESTRELLAS;PIURA;200000;2;80;121;18,04;22,51;11,84;11,84;0;69;69;0;817;817;0;9
2020;04;TT;TODAS CONSOLIDADAS;03;3 ESTRELLAS;PUNO;210000;2;48;101;7,29;7,85;2,51;2,51;0;95;95;0;238;238;0;6
2020;04;TT;TODAS CONSOLIDADAS;03;3 ESTRELLAS;SAN MARTÍN;220000;1;27;37;3,7;2,7;1;1;0;30;30;0;30;30;0;5
2020;04;TT;TODAS CONSOLIDADAS;03;3 ESTRELLAS;TACNA;230000;1;31;67;1,18;,55;11;11;0;1;1;0;11;11;0;40
2020;04;TT;TODAS CONSOLIDADAS;03;3 ESTRELLAS;UCAYALI;250000;9;320;511;4,67;3,46;9,32;8,29;37,5;57;55;2;531;456;75;78
2020;04;TT;TODAS CONSOLIDADAS;04;4 ESTRELLAS;AREQUIPA;040000;7;311;615;8,09;4,71;5,87;5,53;9,14;148;134;14;869;741;128;95
2020;04;TT;TODAS CONSOLIDADAS;04;4 ESTRELLAS;CALLAO;070000;2;371;632;58,16;65,25;9,31;12,44;1,99;1329;931;398;12371;11579;792;223
2020;04;TT;TODAS CONSOLIDADAS;04;4 ESTRELLAS;CUSCO;080000;4;480;896;8,72;6,42;3,17;1,98;5,44;545;358;187;1725;708;1017;194
2020;04;TT;TODAS CONSOLIDADAS;04;4 ESTRELLAS;ICA;110000;2;118;246;55,76;32,62;8,91;8,8;0;270;270;0;2407;2377;30;43
2020;04;TT;TODAS CONSOLIDADAS;04;4 ESTRELLAS;JUNÍN;120000;1;40;66;2,17;2,22;1;1;0;44;44;0;44;44;0;19
2020;04;TT;TODAS CONSOLIDADAS;04;4 ESTRELLAS;LA LIBERTAD;130000;1;80;141;19,71;11,18;8,92;8,92;0;53;53;0;473;473;0;13
2020;04;TT;TODAS CONSOLIDADAS;04;4 ESTRELLAS;LAMBAYEQUE;140000;3;257;425;11,17;9,06;11,67;10,61;17,6;99;84;15;1155;891;264;225
2020;04;TT;TODAS CONSOLIDADAS;04;4 ESTRELLAS;LIMA;150000;39;3478;6165;46,01;36,48;9,09;9,72;5,01;7420;6432;988;67472;62520;4952;1564
2020;04;TT;TODAS CONSOLIDADAS;04;4 ESTRELLAS;MOQUEGUA;180000;2;123;232;13,88;13,89;9,97;9,88;12,67;97;94;3;967;929;38;33
2020;04;TT;TODAS CONSOLIDADAS;04;4 ESTRELLAS;PIURA;200000;2;181;340;21,88;19,25;7,7;10,99;2,33;255;158;97;1963;1737;226;21
2020;04;TT;TODAS CONSOLIDADAS;04;4 ESTRELLAS;PUNO;210000;1;70;145;5,29;10,21;4;4;0;111;111;0;444;444;0;49
2020;04;TT;TODAS CONSOLIDADAS;04;4 ESTRELLAS;SAN MARTÍN;220000;1;20;49;5;2,04;30;30;0;1;1;0;30;30;0;8
2020;04;TT;TODAS CONSOLIDADAS;04;4 ESTRELLAS;TACNA;230000;1;150;300;4,98;3,66;4,51;3,74;22,33;73;70;3;329;262;67;11
2020;04;TT;TODAS CONSOLIDADAS;04;4 ESTRELLAS;UCAYALI;250000;3;197;351;7,26;5,02;12,6;7,97;32,25;42;34;8;529;271;258;73
2020;04;TT;TODAS CONSOLIDADAS;05;5 ESTRELLAS;AREQUIPA;040000;1;90;113;6,78;6,49;18,33;16,11;25;12;9;3;220;145;75;75
2020;04;TT;TODAS CONSOLIDADAS;05;5 ESTRELLAS;CUSCO;080000;2;148;298;10,32;7;8,24;10;4,17;76;53;23;626;530;96;118
2020;04;TT;TODAS CONSOLIDADAS;05;5 ESTRELLAS;ICA;110000;1;120;240;17,17;9,14;16,45;15,56;51;40;39;1;658;607;51;208
2020;04;TT;TODAS CONSOLIDADAS;05;5 ESTRELLAS;LA LIBERTAD;130000;1;120;240;11,92;8,72;4,91;4,9;5;128;126;2;628;618;10;97
2020;04;TT;TODAS CONSOLIDADAS;05;5 ESTRELLAS;LIMA;150000;23;3872;6864;41,35;35,41;10,78;11,48;6,28;6763;5853;910;72923;67206;5717;2952
2020;04;TT;TODAS CONSOLIDADAS;05;5 ESTRELLAS;LORETO;160000;1;60;88;7,44;7,23;6,16;3,12;9,86;31;17;14;191;53;138;41
2020;04;TT;TODAS CONSOLIDADAS;05;5 ESTRELLAS;PIURA;200000;1;83;166;42,45;32,31;11,83;13,4;1,56;136;118;18;1609;1581;28;47
2020;04;TT;TODAS CONSOLIDADAS;05;5 ESTRELLAS;PUNO;210000;1;123;235;31,68;39,09;2,85;2,85;0;966;966;0;2756;2756;0;83
2020;04;TT;TODAS CONSOLIDADAS;05;5 ESTRELLAS;UCAYALI;250000;2;162;297;4,2;2,78;11,81;12,25;3;21;20;1;248;245;3;15
2020;04;TT;TODAS CONSOLIDADAS;12;ALBERGUE;LIMA;150000;5;61;169;0;0;0;0;0;0;0;0;0;0;0;0
2020;04;TT;TODAS CONSOLIDADAS;12;ALBERGUE;UCAYALI;250000;1;15;46;14,89;7,1;24,5;5;31;4;1;3;98;5;93;8
2020;04;TT;TODAS CONSOLIDADAS;TT;TODAS CONSOLIDADAS;AMAZONAS;010000;38;739;1152;,94;,85;,99;,99;0;235;235;0;288;288;0;75
2020;04;TT;TODAS CONSOLIDADAS;TT;TODAS CONSOLIDADAS;ÁNCASH;020000;42;1173;2057;3,33;2,55;1,89;1,89;,48;1239;1237;2;1545;1543;2;185
2020;04;TT;TODAS CONSOLIDADAS;TT;TODAS CONSOLIDADAS;APURÍMAC;030000;14;314;515;5,23;4,95;2,61;2,57;10,71;391;390;1;783;768;15;65
2020;04;TT;TODAS CONSOLIDADAS;TT;TODAS CONSOLIDADAS;AREQUIPA;040000;62;1558;2728;12,25;9,33;5,52;5,28;10,5;1457;1430;27;6979;6479;500;437
2020;04;TT;TODAS CONSOLIDADAS;TT;TODAS CONSOLIDADAS;AYACUCHO;050000;17;489;895;4,22;2,99;4,66;4,56;7,53;166;165;1;760;728;32;75
2020;04;TT;TODAS CONSOLIDADAS;TT;TODAS CONSOLIDADAS;CAJAMARCA;060000;42;1244;2150;,93;,41;6,04;6,04;0;43;43;0;289;289;0;98
2020;04;TT;TODAS CONSOLIDADAS;TT;TODAS CONSOLIDADAS;CALLAO;070000;247;3771;6893;10,3;9,21;1,21;1,08;,24;32476;31926;549;44416;42603;1812;898
2020;04;TT;TODAS CONSOLIDADAS;TT;TODAS CONSOLIDADAS;CUSCO;080000;51;1637;3032;9,28;7,01;4,23;4;6,33;1750;1376;374;6779;4787;1992;526
2020;04;TT;TODAS CONSOLIDADAS;TT;TODAS CONSOLIDADAS;HUANCAVELICA;090000;10;304;460;10,72;8,82;1,89;1,89;0;824;824;0;1289;1289;0;46
2020;04;TT;TODAS CONSOLIDADAS;TT;TODAS CONSOLIDADAS;HUÁNUCO;100000;13;306;433;2,9;4,98;3,6;3,26;19,23;153;151;2;477;427;50;42
2020;04;TT;TODAS CONSOLIDADAS;TT;TODAS CONSOLIDADAS;ICA;110000;20;814;1646;11,14;6,3;3,42;3,34;5,51;1000;992;8;4204;4077;127;351
2020;04;TT;TODAS CONSOLIDADAS;TT;TODAS CONSOLIDADAS;JUNÍN;120000;44;1092;1955;7;4,08;3,98;3,98;0;640;640;0;2347;2347;0;194
2020;04;TT;TODAS CONSOLIDADAS;TT;TODAS CONSOLIDADAS;LA LIBERTAD;130000;13;508;958;6,33;5,44;6,91;7,02;1;303;299;4;1985;1973;12;157
2020;04;TT;TODAS CONSOLIDADAS;TT;TODAS CONSOLIDADAS;LAMBAYEQUE;140000;17;597;929;6,28;4,87;4,23;3,89;19,58;339;322;17;1737;1417;320;289
2020;04;TT;TODAS CONSOLIDADAS;TT;TODAS CONSOLIDADAS;LIMA;150000;6466;70517;123885;18,48;16,48;5,56;5,53;7,43;406345;394907;11439;2268646;2187903;80743;41153
2020;04;TT;TODAS CONSOLIDADAS;TT;TODAS CONSOLIDADAS;LORETO;160000;12;376;660;11,72;8,85;4,5;4,46;4,24;394;285;109;1760;1293;467;115
2020;04;TT;TODAS CONSOLIDADAS;TT;TODAS CONSOLIDADAS;MADRE DE DIOS;170000;15;364;619;17,71;13,03;3,09;3,08;1,36;1918;1894;24;2408;2373;35;49
2020;04;TT;TODAS CONSOLIDADAS;TT;TODAS CONSOLIDADAS;MOQUEGUA;180000;17;465;834;11,66;9,05;6,67;6,7;2,37;348;339;9;2626;2573;53;97
2020;04;TT;TODAS CONSOLIDADAS;TT;TODAS CONSOLIDADAS;PASCO;190000;3;59;122;4,12;2,35;1,3;1,3;0;66;66;0;86;86;0;7
2020;04;TT;TODAS CONSOLIDADAS;TT;TODAS CONSOLIDADAS;PIURA;200000;28;792;1366;24,81;16,87;7,64;6,78;19,93;918;768;150;7793;6601;1192;188
2020;04;TT;TODAS CONSOLIDADAS;TT;TODAS CONSOLIDADAS;PUNO;210000;14;403;746;5,78;6,22;2,1;2,1;0;1276;1276;0;3632;3632;0;174
2020;04;TT;TODAS CONSOLIDADAS;TT;TODAS CONSOLIDADAS;SAN MARTÍN;220000;16;262;423;33,23;35,15;22,57;22,57;0;218;218;0;3200;3200;0;45
2020;04;TT;TODAS CONSOLIDADAS;TT;TODAS CONSOLIDADAS;TACNA;230000;6;252;508;3,99;2,31;10,58;10,46;3,72;79;76;3;460;393;67;56
2020;04;TT;TODAS CONSOLIDADAS;TT;TODAS CONSOLIDADAS;TUMBES;240000;6;90;164;10,1;8,24;1,25;1,39;,83;324;229;95;403;308;95;14
2020;04;TT;TODAS CONSOLIDADAS;TT;TODAS CONSOLIDADAS;UCAYALI;250000;23;856;1459;7,83;5,27;11,21;9,65;21;170;153;17;1931;1497;434;204
2020;04;TT;TODAS CONSOLIDADAS;02;2 ESTRELLAS;ICA;110000;2;73;132;0;0;0;0;0;0;0;0;0;0;0;0
2020;04;TT;TODAS CONSOLIDADAS;03;3 ESTRELLAS;ICA;110000;9;354;744;9,46;4,25;1,49;1,44;6,57;635;628;7;949;903;46;81
2020;04;TT;TODAS CONSOLIDADAS;02;2 ESTRELLAS;LIMA;150000;160;4667;8449;4,6;3,24;12,01;12,15;11,38;968;792;177;11629;9617;2013;1086
2020;05;00;NO CLASIFICADO;00;NO CATEGORIZADO;CUSCO;080000;25;479;754;7,21;5,13;1,42;1,31;9,45;845;834;11;1199;1095;104;63
2020;05;00;NO CLASIFICADO;00;NO CATEGORIZADO;HUANCAVELICA;090000;5;183;278;22,76;20,13;1,88;1,88;0;922;922;0;1735;1735;0;29
2020;05;00;NO CLASIFICADO;00;NO CATEGORIZADO;LAMBAYEQUE;140000;2;40;63;12,26;7,78;3,9;3,9;0;39;39;0;152;152;0;4
2020;05;00;NO CLASIFICADO;00;NO CATEGORIZADO;LORETO;160000;7;120;202;11,45;11,59;2,25;1,92;3,98;322;270;52;726;519;207;24
2020;05;00;NO CLASIFICADO;00;NO CATEGORIZADO;MADRE DE DIOS;170000;19;434;700;18,93;14,93;1,55;1,54;3,5;2093;2089;4;3239;3225;14;71
2020;05;00;NO CLASIFICADO;00;NO CATEGORIZADO;MOQUEGUA;180000;5;105;183;5,41;3,1;3,45;3,45;0;51;51;0;176;176;0;21
2020;05;00;NO CLASIFICADO;00;NO CATEGORIZADO;UCAYALI;250000;5;79;122;16,5;10,84;10,25;10,14;11,25;40;36;4;410;365;45;12
2020;05;00;NO CLASIFICADO;TT;TODAS CONSOLIDADAS;AMAZONAS;010000;5;83;120;,62;,7;1,37;1,37;0;19;19;0;26;26;0;11
2020;05;00;NO CLASIFICADO;TT;TODAS CONSOLIDADAS;AREQUIPA;040000;20;325;605;12,27;9,12;2,68;2,58;0;638;638;0;1711;1649;62;64
2020;05;00;NO CLASIFICADO;TT;TODAS CONSOLIDADAS;CAJAMARCA;060000;9;221;327;0;0;0;0;0;0;0;0;0;0;0;0
2020;05;00;NO CLASIFICADO;TT;TODAS CONSOLIDADAS;CUSCO;080000;25;479;754;7,21;5,13;1,42;1,31;9,45;845;834;11;1199;1095;104;63
2020;05;00;NO CLASIFICADO;TT;TODAS CONSOLIDADAS;HUÁNUCO;100000;13;251;330;4,06;5,59;1,81;1,66;25;316;314;2;572;522;50;48
2020;05;00;NO CLASIFICADO;TT;TODAS CONSOLIDADAS;MADRE DE DIOS;170000;19;434;700;18,93;14,93;1,55;1,54;3,5;2093;2089;4;3239;3225;14;71
2020;05;00;NO CLASIFICADO;TT;TODAS CONSOLIDADAS;PIURA;200000;17;338;507;33,88;24,53;9,16;6,22;29,55;421;368;53;3856;2290;1566;93
2020;05;00;NO CLASIFICADO;00;NO CATEGORIZADO;AMAZONAS;010000;5;83;120;,62;,7;1,37;1,37;0;19;19;0;26;26;0;11
2020;05;00;NO CLASIFICADO;00;NO CATEGORIZADO;PUNO;210000;10;159;250;7,73;7,59;3,11;3,11;0;189;189;0;588;588;0;29
2020;05;00;NO CLASIFICADO;00;NO CATEGORIZADO;SAN MARTÍN;220000;10;110;155;41,44;46,89;30,04;30,04;0;75;75;0;2253;2253;0;10
2020;05;00;NO CLASIFICADO;00;NO CATEGORIZADO;TACNA;230000;2;26;58;0;0;0;0;0;0;0;0;0;0;0;0
2020;05;00;NO CLASIFICADO;00;NO CATEGORIZADO;ÁNCASH;020000;8;165;302;1,88;1,86;2,95;2,95;0;59;59;0;174;174;0;17
2020;05;00;NO CLASIFICADO;00;NO CATEGORIZADO;AYACUCHO;050000;1;6;8;0;0;0;0;0;0;0;0;0;0;0;0
2020;05;00;NO CLASIFICADO;00;NO CATEGORIZADO;APURÍMAC;030000;8;146;235;10,36;6,67;2,34;2,34;0;208;208;0;486;486;0;25
2020;05;00;NO CLASIFICADO;00;NO CATEGORIZADO;PASCO;190000;1;28;56;6,8;3,4;9,83;9,83;0;6;6;0;59;59;0;2
2020;05;00;NO CLASIFICADO;00;NO CATEGORIZADO;AREQUIPA;040000;20;325;605;12,27;9,12;2,68;2,58;0;638;638;0;1711;1649;62;64
2020;05;00;NO CLASIFICADO;00;NO CATEGORIZADO;CAJAMARCA;060000;9;221;327;0;0;0;0;0;0;0;0;0;0;0;0
2020;05;00;NO CLASIFICADO;00;NO CATEGORIZADO;CALLAO;070000;236;3156;5791;9,12;8,08;1;1;0;30107;30107;0;30107;30107;0;624
2020;05;00;NO CLASIFICADO;00;NO CATEGORIZADO;JUNÍN;120000;24;461;825;6,68;3,81;3,02;3,02;0;323;323;0;975;975;0;76
2020;05;00;NO CLASIFICADO;00;NO CATEGORIZADO;HUÁNUCO;100000;13;251;330;4,06;5,59;1,81;1,66;25;316;314;2;572;522;50;48
2020;05;00;NO CLASIFICADO;00;NO CATEGORIZADO;LA LIBERTAD;130000;4;81;145;0;0;0;0;0;0;0;0;0;0;0;0
2020;05;00;NO CLASIFICADO;00;NO CATEGORIZADO;TUMBES;240000;6;92;173;48,56;51,5;1,04;2,64;1;2648;69;2579;2762;182;2580;12
2020;05;00;NO CLASIFICADO;00;NO CATEGORIZADO;ICA;110000;7;162;305;11,07;6,24;4,34;4,34;0;136;136;0;590;590;0;23
2020;05;00;NO CLASIFICADO;00;NO CATEGORIZADO;LIMA;150000;6074;51850;89787;17;19,72;5,19;5,25;2,32;491760;481294;10466;2551828;2527532;24296;28221
2020;05;00;NO CLASIFICADO;00;NO CATEGORIZADO;PIURA;200000;17;338;507;33,88;24,53;9,16;6,22;29,55;421;368;53;3856;2290;1566;93
2020;05;00;NO CLASIFICADO;TT;TODAS CONSOLIDADAS;ÁNCASH;020000;8;165;302;1,88;1,86;2,95;2,95;0;59;59;0;174;174;0;17
2020;05;00;NO CLASIFICADO;TT;TODAS CONSOLIDADAS;CALLAO;070000;236;3156;5791;9,12;8,08;1;1;0;30107;30107;0;30107;30107;0;624
2020;05;00;NO CLASIFICADO;TT;TODAS CONSOLIDADAS;APURÍMAC;030000;8;146;235;10,36;6,67;2,34;2,34;0;208;208;0;486;486;0;25
2020;05;00;NO CLASIFICADO;TT;TODAS CONSOLIDADAS;HUANCAVELICA;090000;5;183;278;22,76;20,13;1,88;1,88;0;922;922;0;1735;1735;0;29
2020;05;00;NO CLASIFICADO;TT;TODAS CONSOLIDADAS;LA LIBERTAD;130000;4;81;145;0;0;0;0;0;0;0;0;0;0;0;0
2020;05;00;NO CLASIFICADO;TT;TODAS CONSOLIDADAS;PASCO;190000;1;28;56;6,8;3,4;9,83;9,83;0;6;6;0;59;59;0;2
2020;05;00;NO CLASIFICADO;TT;TODAS CONSOLIDADAS;AYACUCHO;050000;1;6;8;0;0;0;0;0;0;0;0;0;0;0;0
2020;05;00;NO CLASIFICADO;TT;TODAS CONSOLIDADAS;JUNÍN;120000;24;461;825;6,68;3,81;3,02;3,02;0;323;323;0;975;975;0;76
2020;05;00;NO CLASIFICADO;TT;TODAS CONSOLIDADAS;LAMBAYEQUE;140000;2;40;63;12,26;7,78;3,9;3,9;0;39;39;0;152;152;0;4
2020;05;00;NO CLASIFICADO;TT;TODAS CONSOLIDADAS;MOQUEGUA;180000;5;105;183;5,41;3,1;3,45;3,45;0;51;51;0;176;176;0;21
2020;05;00;NO CLASIFICADO;TT;TODAS CONSOLIDADAS;ICA;110000;7;162;305;11,07;6,24;4,34;4,34;0;136;136;0;590;590;0;23
2020;05;00;NO CLASIFICADO;TT;TODAS CONSOLIDADAS;LIMA;150000;6074;51850;89787;17;19,72;5,19;5,25;2,32;491760;481294;10466;2551828;2527532;24296;28221
2020;05;00;NO CLASIFICADO;TT;TODAS CONSOLIDADAS;LORETO;160000;7;120;202;11,45;11,59;2,25;1,92;3,98;322;270;52;726;519;207;24
2020;05;00;NO CLASIFICADO;TT;TODAS CONSOLIDADAS;PUNO;210000;10;159;250;7,73;7,59;3,11;3,11;0;189;189;0;588;588;0;29
2020;05;00;NO CLASIFICADO;TT;TODAS CONSOLIDADAS;SAN MARTÍN;220000;10;110;155;41,44;46,89;30,04;30,04;0;75;75;0;2253;2253;0;10
2020;05;00;NO CLASIFICADO;TT;TODAS CONSOLIDADAS;TACNA;230000;2;26;58;0;0;0;0;0;0;0;0;0;0;0;0
2020;05;00;NO CLASIFICADO;TT;TODAS CONSOLIDADAS;TUMBES;240000;6;92;173;48,56;51,5;1,04;2,64;1;2648;69;2579;2762;182;2580;12
2020;05;00;NO CLASIFICADO;TT;TODAS CONSOLIDADAS;UCAYALI;250000;5;79;122;16,5;10,84;10,25;10,14;11,25;40;36;4;410;365;45;12
2020;05;01;HOTEL;01;1 ESTRELLA;ÁNCASH;020000;3;82;112;0;0;0;0;0;0;0;0;0;0;0;0
2020;05;01;HOTEL;01;1 ESTRELLA;AREQUIPA;040000;5;178;285;0;0;0;0;0;0;0;0;0;0;0;0
2020;05;01;HOTEL;01;1 ESTRELLA;AYACUCHO;050000;5;130;216;0;0;0;0;0;0;0;0;0;0;0;0
2020;05;01;HOTEL;01;1 ESTRELLA;CAJAMARCA;060000;4;120;193;0;0;0;0;0;0;0;0;0;0;0;0
2020;05;01;HOTEL;01;1 ESTRELLA;CUSCO;080000;5;101;197;0;0;0;0;0;0;0;0;0;0;0;0
2020;05;01;HOTEL;01;1 ESTRELLA;HUÁNUCO;100000;7;220;330;0;0;0;0;0;0;0;0;0;0;0;0
2020;05;01;HOTEL;01;1 ESTRELLA;JUNÍN;120000;2;39;68;0;0;0;0;0;0;0;0;0;0;0;0
2020;05;01;HOTEL;01;1 ESTRELLA;LA LIBERTAD;130000;2;46;88;0;0;0;0;0;0;0;0;0;0;0;0
2020;05;01;HOTEL;01;1 ESTRELLA;LAMBAYEQUE;140000;4;124;188;0;0;0;0;0;0;0;0;0;0;0;0
2020;05;01;HOTEL;01;1 ESTRELLA;LIMA;150000;4;165;313;0;0;0;0;0;0;0;0;0;0;0;0
2020;05;01;HOTEL;01;1 ESTRELLA;MADRE DE DIOS;170000;1;20;34;19,35;11,39;30;30;0;4;4;0;120;120;0;3
2020;05;01;HOTEL;01;1 ESTRELLA;MOQUEGUA;180000;1;20;41;0;0;0;0;0;0;0;0;0;0;0;0
2020;05;01;HOTEL;01;1 ESTRELLA;PASCO;190000;2;72;131;0;0;0;0;0;0;0;0;0;0;0;0
2020;05;01;HOTEL;01;1 ESTRELLA;PIURA;200000;2;53;83;0;0;0;0;0;0;0;0;0;0;0;0
2020;05;01;HOTEL;01;1 ESTRELLA;PUNO;210000;4;101;178;3,51;26,79;13,08;13,08;0;113;113;0;1478;1478;0;16
2020;05;01;HOTEL;01;1 ESTRELLA;SAN MARTÍN;220000;6;126;199;0;0;0;0;0;0;0;0;0;0;0;0
2020;05;01;HOTEL;01;1 ESTRELLA;TACNA;230000;1;20;40;0;0;0;0;0;0;0;0;0;0;0;0
2020;05;01;HOTEL;02;2 ESTRELLAS;AMAZONAS;010000;21;577;876;0;0;0;0;0;0;0;0;0;0;0;0
2020;05;01;HOTEL;02;2 ESTRELLAS;ÁNCASH;020000;34;924;1683;24,98;14,76;3,13;3,13;0;2458;2458;0;7700;7700;0;150
2020;05;01;HOTEL;02;2 ESTRELLAS;APURÍMAC;030000;1;22;40;0;0;0;0;0;0;0;0;0;0;0;0
2020;05;01;HOTEL;02;2 ESTRELLAS;AREQUIPA;040000;35;955;1645;35,93;24,25;3,64;3,65;2,5;3393;3389;4;12365;12355;10;171
2020;05;01;HOTEL;02;2 ESTRELLAS;AYACUCHO;050000;7;213;426;0;0;0;0;0;0;0;0;0;0;0;0
2020;05;01;HOTEL;02;2 ESTRELLAS;CAJAMARCA;060000;30;883;1392;,81;,82;1,92;1,92;0;185;185;0;355;355;0;145
2020;05;01;HOTEL;02;2 ESTRELLAS;CUSCO;080000;40;1001;1781;10,4;5,72;5,27;5,27;0;599;599;0;3157;3157;0;154
2020;05;01;HOTEL;02;2 ESTRELLAS;HUANCAVELICA;090000;2;42;73;2,76;1,94;4,4;4,4;0;10;10;0;44;44;0;11
2020;05;01;HOTEL;02;2 ESTRELLAS;HUÁNUCO;100000;27;820;1266;1,73;1,55;1;1;0;610;610;0;610;610;0;133
2020;05;01;HOTEL;02;2 ESTRELLAS;ICA;110000;46;1274;2199;0;0;0;0;0;0;0;0;0;0;0;0
2020;05;01;HOTEL;02;2 ESTRELLAS;JUNÍN;120000;14;420;778;2,61;1,36;3,04;3,04;0;108;108;0;328;328;0;67
2020;05;01;HOTEL;02;2 ESTRELLAS;LA LIBERTAD;130000;21;589;1073;0;0;0;0;0;0;0;0;0;0;0;0
2020;05;01;HOTEL;02;2 ESTRELLAS;LAMBAYEQUE;140000;48;1407;2095;2,53;2,55;2,36;2,03;3,75;701;567;134;1654;1151;503;238
2020;05;01;HOTEL;02;2 ESTRELLAS;LIMA;150000;67;2697;4753;6,48;4,53;2,54;2,42;5,58;3094;2978;116;7863;7218;646;573
2020;05;01;HOTEL;02;2 ESTRELLAS;LORETO;160000;10;257;412;,67;,32;1;1;0;41;41;0;41;41;0;45
2020;05;01;HOTEL;02;2 ESTRELLAS;MADRE DE DIOS;170000;1;35;70;,28;,14;1;1;0;3;3;0;3;3;0;3
2020;05;01;HOTEL;02;2 ESTRELLAS;MOQUEGUA;180000;11;294;475;20,07;12,28;6,03;6,17;4,48;300;275;25;1808;1696;112;56
2020;05;01;HOTEL;02;2 ESTRELLAS;PASCO;190000;3;84;127;0;0;0;0;0;0;0;0;0;0;0;0
2020;05;01;HOTEL;02;2 ESTRELLAS;PIURA;200000;13;310;512;7,54;4,63;4,32;4,32;0;170;170;0;735;735;0;54
2020;05;01;HOTEL;02;2 ESTRELLAS;PUNO;210000;18;414;751;0;0;0;0;0;0;0;0;0;0;0;0
2020;05;01;HOTEL;02;2 ESTRELLAS;SAN MARTÍN;220000;18;518;847;5,27;5,96;5,07;4,93;5,25;309;175;134;1566;862;704;85
2020;05;01;HOTEL;02;2 ESTRELLAS;TACNA;230000;32;877;1782;8,94;4,87;21,51;21,51;0;125;125;0;2689;2689;0;149
2020;05;01;HOTEL;02;2 ESTRELLAS;TUMBES;240000;1;50;68;0;0;0;0;0;0;0;0;0;0;0;0
2020;05;01;HOTEL;02;2 ESTRELLAS;UCAYALI;250000;2;51;81;0;0;0;0;0;0;0;0;0;0;0;0
2020;05;01;HOTEL;03;3 ESTRELLAS;AMAZONAS;010000;14;343;590;8,91;5,67;11,65;11,65;0;89;89;0;1037;1037;0;56
2020;05;01;HOTEL;03;3 ESTRELLAS;ÁNCASH;020000;28;933;1606;7,45;3,71;2,2;2,2;0;838;838;0;1847;1847;0;168
2020;05;01;HOTEL;03;3 ESTRELLAS;APURÍMAC;030000;3;98;172;11,62;6,83;3,87;3,87;0;94;94;0;364;364;0;20
2020;05;01;HOTEL;03;3 ESTRELLAS;AREQUIPA;040000;42;1332;2493;28,97;17,47;6,03;5,99;13;2237;2224;13;13498;13329;169;326
2020;05;01;HOTEL;03;3 ESTRELLAS;AYACUCHO;050000;4;151;280;3,76;2,44;6,42;5,52;0;33;33;0;212;182;30;65
2020;05;01;HOTEL;03;3 ESTRELLAS;CAJAMARCA;060000;44;1401;2429;16,17;6,83;9,65;9,65;0;533;533;0;5144;5144;0;246
2020;05;01;HOTEL;03;3 ESTRELLAS;CALLAO;070000;2;116;212;21,47;15,44;7,81;8,08;5,88;130;114;16;1015;921;94;27
2020;05;01;HOTEL;01;1 ESTRELLA;ICA;110000;4;82;108;0;0;0;0;0;0;0;0;0;0;0;0
2020;05;01;HOTEL;03;3 ESTRELLAS;CUSCO;080000;51;2006;3859;13,34;10,76;5,48;5,48;0;2347;2347;0;12870;12870;0;364
2020;05;01;HOTEL;03;3 ESTRELLAS;HUANCAVELICA;090000;1;42;68;7,53;4,65;7;7;0;14;14;0;98;98;0;7
2020;05;01;HOTEL;03;3 ESTRELLAS;HUÁNUCO;100000;7;293;533;1,06;,81;1;1;0;134;134;0;134;134;0;52
2020;05;01;HOTEL;03;3 ESTRELLAS;ICA;110000;40;1297;2534;46,1;34,78;3,73;3,73;3,62;7322;7277;45;27322;27159;163;246
2020;05;01;HOTEL;03;3 ESTRELLAS;JUNÍN;120000;13;477;886;21,53;14,13;8,49;8,49;0;457;457;0;3881;3881;0;114
2020;05;01;HOTEL;03;3 ESTRELLAS;LA LIBERTAD;130000;71;2068;3959;24,29;24,23;10,22;10,22;6;2910;2909;1;29742;29736;6;340
2020;05;01;HOTEL;03;3 ESTRELLAS;LAMBAYEQUE;140000;22;779;1324;31,48;21,48;1,78;1,78;0;4966;4966;0;8816;8816;0;133
2020;05;01;HOTEL;03;3 ESTRELLAS;LIMA;150000;102;5405;10033;33,86;24,03;8,4;8,4;8,36;8898;8311;587;74736;69831;4905;1154
2020;05;01;HOTEL;03;3 ESTRELLAS;LORETO;160000;21;695;1171;45,88;27,84;7,16;7,19;5,2;1411;1391;20;10107;10003;104;133
2020;05;01;HOTEL;03;3 ESTRELLAS;MADRE DE DIOS;170000;1;61;129;34,58;36,83;12,28;12,28;0;120;120;0;1473;1473;0;17
2020;05;01;HOTEL;03;3 ESTRELLAS;MOQUEGUA;180000;5;173;302;14,28;11,23;7,62;7,62;0;138;138;0;1051;1051;0;31
2020;05;01;HOTEL;03;3 ESTRELLAS;PASCO;190000;3;87;170;0;0;0;0;0;0;0;0;0;0;0;0
2020;05;01;HOTEL;03;3 ESTRELLAS;PIURA;200000;7;241;408;5,58;6,84;9,51;9,51;0;91;91;0;865;865;0;33
2020;05;01;HOTEL;03;3 ESTRELLAS;PUNO;210000;14;401;744;29,13;25,12;17,77;17,77;0;326;326;0;5794;5794;0;79
2020;05;01;HOTEL;03;3 ESTRELLAS;SAN MARTÍN;220000;18;643;1124;2,46;1,46;1,02;1,02;0;495;495;0;507;507;0;108
2020;05;01;HOTEL;03;3 ESTRELLAS;TACNA;230000;13;459;954;11,27;9,14;6,98;6,98;0;387;387;0;2702;2702;0;121
2020;05;01;HOTEL;03;3 ESTRELLAS;TUMBES;240000;5;179;349;0;0;0;0;0;0;0;0;0;0;0;0
2020;05;01;HOTEL;03;3 ESTRELLAS;UCAYALI;250000;9;349;579;15,45;12,43;10,57;10,25;17,1;211;201;10;2231;2060;171;81
2020;05;01;HOTEL;04;4 ESTRELLAS;AREQUIPA;040000;6;320;626;33,91;17,9;6,95;6,89;22,5;500;498;2;3474;3429;45;110
2020;05;01;HOTEL;04;4 ESTRELLAS;CALLAO;070000;2;371;632;63,23;62,48;18,38;20,52;3,92;666;580;86;12241;11904;337;224
2020;05;01;HOTEL;04;4 ESTRELLAS;CUSCO;080000;3;354;675;13,58;7,19;4,84;4,84;4,5;311;309;2;1505;1496;9;171
2020;05;01;HOTEL;04;4 ESTRELLAS;ICA;110000;3;266;482;62,85;38,29;7,72;7,68;0;741;741;0;5721;5690;31;77
2020;05;01;HOTEL;04;4 ESTRELLAS;JUNÍN;120000;1;40;66;77,58;47,02;26;26;0;37;37;0;962;962;0;19
2020;05;01;HOTEL;04;4 ESTRELLAS;LA LIBERTAD;130000;1;80;141;37,58;21,32;6,43;6,43;0;145;145;0;932;932;0;13
2020;05;01;HOTEL;04;4 ESTRELLAS;LAMBAYEQUE;140000;4;287;455;29,98;18,55;8,44;8,66;6,87;310;271;39;2616;2348;268;230
2020;05;01;HOTEL;04;4 ESTRELLAS;LIMA;150000;34;3351;5808;47,82;35,68;6,63;6,62;7,07;9685;9426;259;64241;62409;1832;1340
2020;05;01;HOTEL;04;4 ESTRELLAS;MOQUEGUA;180000;2;123;232;12,82;14,4;37;38,6;23,67;28;25;3;1036;965;71;15
2020;05;01;HOTEL;04;4 ESTRELLAS;PIURA;200000;2;181;353;23,51;14,51;8,06;7,43;0;197;197;0;1588;1464;124;21
2020;05;01;HOTEL;04;4 ESTRELLAS;PUNO;210000;4;275;538;28,93;33,62;9,21;9,21;0;609;609;0;5607;5607;0;93
2020;05;01;HOTEL;04;4 ESTRELLAS;TACNA;230000;1;150;300;23,7;16,54;5,63;5,39;71;273;272;1;1538;1467;71;11
2020;05;01;HOTEL;04;4 ESTRELLAS;TUMBES;240000;1;55;116;0;0;0;0;0;0;0;0;0;0;0;0
2020;05;01;HOTEL;04;4 ESTRELLAS;UCAYALI;250000;3;197;351;10,99;7,92;9,07;7,59;14,29;95;74;21;862;562;300;73
2020;05;01;HOTEL;05;5 ESTRELLAS;CUSCO;080000;1;93;188;43,22;21,89;8,34;8,2;13,5;153;149;4;1276;1222;54;14
2020;05;01;HOTEL;05;5 ESTRELLAS;LA LIBERTAD;130000;1;120;240;66,59;46,71;12,02;11,96;15,8;289;284;5;3475;3396;79;97
2020;05;01;HOTEL;05;5 ESTRELLAS;LIMA;150000;19;3608;6436;47,55;33,54;13,76;13,83;13,32;4865;4163;702;66920;57572;9348;2566
2020;05;01;HOTEL;05;5 ESTRELLAS;LORETO;160000;1;60;88;50,97;47,21;13,42;12,94;15,5;96;78;18;1288;1009;279;41
2020;05;01;HOTEL;05;5 ESTRELLAS;PIURA;200000;1;83;168;29,38;17,09;14,59;14,98;3;61;59;2;890;884;6;47
2020;05;01;HOTEL;05;5 ESTRELLAS;PUNO;210000;1;123;235;61,42;69,29;2,17;2,17;0;2325;2325;0;5048;5048;0;83
2020;05;01;HOTEL;05;5 ESTRELLAS;UCAYALI;250000;2;162;297;3,78;2,54;9,36;9,36;0;25;25;0;234;234;0;15
2020;05;01;HOTEL;TT;TODAS CONSOLIDADAS;AMAZONAS;010000;35;920;1466;3,32;2,28;11,65;11,65;0;89;89;0;1037;1037;0;56
2020;05;01;HOTEL;TT;TODAS CONSOLIDADAS;ÁNCASH;020000;65;1939;3401;15,49;9,06;2,9;2,9;0;3296;3296;0;9547;9547;0;318
2020;05;01;HOTEL;TT;TODAS CONSOLIDADAS;APURÍMAC;030000;4;120;212;9,49;5,54;3,87;3,87;0;94;94;0;364;364;0;20
2020;05;01;HOTEL;TT;TODAS CONSOLIDADAS;AREQUIPA;040000;91;3026;5395;30,86;19,35;4,89;4,86;12,86;6620;6598;22;32357;32074;283;733
2020;05;01;HOTEL;TT;TODAS CONSOLIDADAS;CAJAMARCA;060000;78;2404;4014;9,72;4,42;7,66;7,66;0;718;718;0;5499;5499;0;391
2020;05;01;HOTEL;TT;TODAS CONSOLIDADAS;CALLAO;070000;4;487;844;53,28;50,67;16,65;18,48;4,23;796;694;102;13256;12825;431;251
2020;05;01;HOTEL;TT;TODAS CONSOLIDADAS;CUSCO;080000;100;3555;6700;12,94;9,06;5,52;5,51;10,5;3410;3404;6;18808;18745;63;703
2020;05;01;HOTEL;TT;TODAS CONSOLIDADAS;HUANCAVELICA;090000;3;84;141;5,15;3,25;5,92;5,92;0;24;24;0;142;142;0;18
2020;05;01;HOTEL;TT;TODAS CONSOLIDADAS;ICA;110000;93;2919;5323;26,21;20,02;4,1;4,1;4,31;8063;8018;45;33043;32849;194;323
2020;05;01;HOTEL;TT;TODAS CONSOLIDADAS;JUNÍN;120000;30;976;1798;14,82;9,28;8,59;8,59;0;602;602;0;5171;5171;0;200
2020;05;01;HOTEL;TT;TODAS CONSOLIDADAS;LA LIBERTAD;130000;96;2903;5501;21,09;20,03;10,21;10,2;14,17;3344;3338;6;34149;34064;85;450
2020;05;01;HOTEL;TT;TODAS CONSOLIDADAS;LIMA;150000;226;15226;27343;40,21;28,81;8,65;8,53;10,33;32615;30481;2133;282075;260032;22043;7017
2020;05;01;HOTEL;TT;TODAS CONSOLIDADAS;LORETO;160000;32;1012;1671;34,7;22,08;7,39;7,32;10,08;1548;1510;38;11436;11053;383;219
2020;05;01;HOTEL;TT;TODAS CONSOLIDADAS;MADRE DE DIOS;170000;3;116;233;21,61;22,1;12,57;12,57;0;127;127;0;1596;1596;0;23
2020;05;01;HOTEL;TT;TODAS CONSOLIDADAS;MOQUEGUA;180000;19;610;1050;16,31;11,97;8,36;8,47;6,54;466;438;28;3895;3712;183;102
2020;05;01;HOTEL;TT;TODAS CONSOLIDADAS;PASCO;190000;8;243;428;0;0;0;0;0;0;0;0;0;0;0;0
2020;05;01;HOTEL;TT;TODAS CONSOLIDADAS;PIURA;200000;25;868;1524;11,96;8,63;7,86;7,64;65;519;517;2;4078;3948;130;155
2020;05;01;HOTEL;TT;TODAS CONSOLIDADAS;PUNO;210000;41;1314;2446;20,96;23,64;5,31;5,31;0;3373;3373;0;17927;17927;0;271
2020;05;01;HOTEL;TT;TODAS CONSOLIDADAS;SAN MARTÍN;220000;42;1287;2170;3,35;3,08;2,58;2,04;5,25;804;670;134;2073;1369;704;193
2020;05;01;HOTEL;TT;TODAS CONSOLIDADAS;TACNA;230000;47;1506;3076;11;7,27;8,83;8,75;71;785;784;1;6929;6858;71;281
2020;05;01;HOTEL;TT;TODAS CONSOLIDADAS;TUMBES;240000;7;284;533;0;0;0;0;0;0;0;0;0;0;0;0
2020;05;01;HOTEL;TT;TODAS CONSOLIDADAS;UCAYALI;250000;16;759;1308;10,77;8,21;10,05;9,52;15,19;331;300;31;3327;2856;471;169
2020;05;02;APART HOTEL;03;3 ESTRELLAS;AREQUIPA;040000;1;18;36;3,58;1,79;10;10;0;2;2;0;20;20;0;2
2020;05;02;APART HOTEL;03;3 ESTRELLAS;ICA;110000;1;17;34;,38;,19;1;1;0;2;2;0;2;2;0;4
2020;05;02;APART HOTEL;03;3 ESTRELLAS;LIMA;150000;7;177;327;23,02;25,88;9,61;9,55;13,25;273;269;4;2623;2570;53;49
2020;05;02;APART HOTEL;03;3 ESTRELLAS;LORETO;160000;1;45;94;2,65;1,27;5,29;5,29;0;7;7;0;37;37;0;12
2020;05;02;APART HOTEL;04;4 ESTRELLAS;LIMA;150000;8;453;902;45,97;40,55;8,79;8,71;10,61;1290;1234;56;11338;10744;594;217
2020;05;02;APART HOTEL;04;4 ESTRELLAS;SAN MARTÍN;220000;1;20;49;5;2,04;31;31;0;1;1;0;31;31;0;8
2020;05;02;APART HOTEL;05;5 ESTRELLAS;LIMA;150000;4;264;428;54,48;48,12;11,12;10,93;13,08;574;522;52;6384;5704;680;112
2020;05;02;APART HOTEL;TT;TODAS CONSOLIDADAS;AREQUIPA;040000;2;37;72;27,9;18,15;8,44;8,44;0;48;48;0;405;405;0;7
2020;05;02;APART HOTEL;TT;TODAS CONSOLIDADAS;LIMA;150000;19;894;1657;43,94;39,61;9,52;9,39;11,85;2137;2025;112;20345;19018;1327;378
2020;05;02;APART HOTEL;TT;TODAS CONSOLIDADAS;LORETO;160000;1;45;94;2,65;1,27;5,29;5,29;0;7;7;0;37;37;0;12
2020;05;02;APART HOTEL;TT;TODAS CONSOLIDADAS;SAN MARTÍN;220000;1;20;49;5;2,04;31;31;0;1;1;0;31;31;0;8
2020;05;03;HOSTAL;01;1 ESTRELLA;AMAZONAS;010000;2;20;21;0;0;0;0;0;0;0;0;0;0;0;0
2020;05;03;HOSTAL;01;1 ESTRELLA;AYACUCHO;050000;1;21;33;54,99;44,77;5,87;5,87;0;78;78;0;458;458;0;4
2020;05;03;HOSTAL;01;1 ESTRELLA;CALLAO;070000;4;63;126;0;0;0;0;0;0;0;0;0;0;0;0
2020;05;03;HOSTAL;01;1 ESTRELLA;HUANCAVELICA;090000;1;21;34;3,99;2,56;1,23;1,23;0;22;22;0;27;27;0;3
2020;05;03;HOSTAL;01;1 ESTRELLA;JUNÍN;120000;1;16;27;7,66;4,54;1,27;1,27;0;30;30;0;38;38;0;4
2020;05;03;HOSTAL;01;1 ESTRELLA;LA LIBERTAD;130000;1;16;25;2,42;2,19;1;1;0;17;17;0;17;17;0;3
2020;05;03;HOSTAL;01;1 ESTRELLA;MOQUEGUA;180000;1;8;15;,4;,22;1;1;0;1;1;0;1;1;0;1
2020;05;03;HOSTAL;02;2 ESTRELLAS;AMAZONAS;010000;13;194;291;7,72;8,08;1;1;0;729;729;0;729;729;0;29
2020;05;03;HOSTAL;02;2 ESTRELLAS;ÁNCASH;020000;5;152;299;26,4;26,84;1,11;1,11;0;2250;2250;0;2488;2488;0;24
2020;05;03;HOSTAL;02;2 ESTRELLAS;AREQUIPA;040000;6;95;154;7,81;5,32;1,36;1,32;5;187;185;2;254;244;10;12
2020;05;03;HOSTAL;02;2 ESTRELLAS;CAJAMARCA;060000;2;62;96;0;0;0;0;0;0;0;0;0;0;0;0
2020;05;03;HOSTAL;02;2 ESTRELLAS;CALLAO;070000;2;48;96;0;0;0;0;0;0;0;0;0;0;0;0
2020;05;03;HOSTAL;02;2 ESTRELLAS;CUSCO;080000;3;46;76;,77;,42;1,11;1,11;0;9;9;0;10;10;0;8
2020;05;03;HOSTAL;02;2 ESTRELLAS;JUNÍN;120000;1;27;38;2,75;2,72;1,39;1,39;0;23;23;0;32;32;0;2
2020;05;03;HOSTAL;02;2 ESTRELLAS;LAMBAYEQUE;140000;4;103;146;33,17;26,18;35,91;35,91;0;33;33;0;1185;1185;0;20
2020;05;03;HOSTAL;02;2 ESTRELLAS;LIMA;150000;92;1905;3553;9,62;5,3;3,97;3,94;4,33;1945;1827;118;7715;7202;513;368
2020;05;03;HOSTAL;02;2 ESTRELLAS;MOQUEGUA;180000;5;72;143;5,2;2,59;8,21;8,21;0;14;14;0;115;115;0;11
2020;05;03;HOSTAL;02;2 ESTRELLAS;PIURA;200000;2;29;54;82,65;44,09;9,11;9,19;3;81;80;1;738;735;3;7
2020;05;03;HOSTAL;02;2 ESTRELLAS;PUNO;210000;2;45;77;34,27;25,35;13,44;13,44;0;45;45;0;605;605;0;11
2020;05;03;HOSTAL;02;2 ESTRELLAS;TACNA;230000;1;14;26;0;0;0;0;0;0;0;0;0;0;0;0
2020;05;03;HOSTAL;03;3 ESTRELLAS;APURÍMAC;030000;1;24;43;2,42;1,35;2,25;2,25;0;8;8;0;18;18;0;7
2020;05;03;HOSTAL;03;3 ESTRELLAS;AREQUIPA;040000;6;132;202;48,61;37,86;3,77;3,77;0;629;629;0;2371;2371;0;29
2020;05;03;HOSTAL;03;3 ESTRELLAS;CAJAMARCA;060000;1;10;20;0;0;0;0;0;0;0;0;0;0;0;0
2020;05;03;HOSTAL;03;3 ESTRELLAS;CUSCO;080000;2;55;110;23,34;17,77;20,2;19,43;31;30;28;2;606;544;62;14
2020;05;03;HOSTAL;03;3 ESTRELLAS;ICA;110000;5;140;263;16,38;8,57;3,41;3,41;0;205;205;0;699;699;0;41
2020;05;03;HOSTAL;03;3 ESTRELLAS;LA LIBERTAD;130000;2;40;78;31,94;34,95;7,35;7,4;1;115;114;1;845;844;1;10
2020;05;03;HOSTAL;03;3 ESTRELLAS;LAMBAYEQUE;140000;1;14;24;5,53;4,7;1,67;1,74;1;21;19;2;35;33;2;12
2020;05;03;HOSTAL;03;3 ESTRELLAS;LIMA;150000;9;158;317;6,72;6,72;1;1;1;682;668;14;682;668;14;30
2020;05;03;HOSTAL;TT;TODAS CONSOLIDADAS;AMAZONAS;010000;15;214;312;6,99;7,54;1;1;0;729;729;0;729;729;0;29
2020;05;03;HOSTAL;TT;TODAS CONSOLIDADAS;ÁNCASH;020000;5;152;299;26,4;26,84;1,11;1,11;0;2250;2250;0;2488;2488;0;24
2020;05;03;HOSTAL;TT;TODAS CONSOLIDADAS;APURÍMAC;030000;1;24;43;2,42;1,35;2,25;2,25;0;8;8;0;18;18;0;7
2020;05;03;HOSTAL;TT;TODAS CONSOLIDADAS;AREQUIPA;040000;15;283;431;27,76;21,28;3,14;3,14;5;905;903;2;2843;2833;10;50
2020;05;03;HOSTAL;TT;TODAS CONSOLIDADAS;AYACUCHO;050000;1;21;33;54,99;44,77;5,87;5,87;0;78;78;0;458;458;0;4
2020;05;03;HOSTAL;TT;TODAS CONSOLIDADAS;CAJAMARCA;060000;3;72;116;0;0;0;0;0;0;0;0;0;0;0;0
2020;05;03;HOSTAL;TT;TODAS CONSOLIDADAS;CALLAO;070000;6;111;222;0;0;0;0;0;0;0;0;0;0;0;0
2020;05;03;HOSTAL;TT;TODAS CONSOLIDADAS;CUSCO;080000;5;101;186;13,06;10,68;15,79;14,97;31;39;37;2;616;554;62;22
2020;05;03;HOSTAL;TT;TODAS CONSOLIDADAS;HUANCAVELICA;090000;1;21;34;3,99;2,56;1,23;1,23;0;22;22;0;27;27;0;3
2020;05;03;HOSTAL;TT;TODAS CONSOLIDADAS;ICA;110000;5;140;263;16,38;8,57;3,41;3,41;0;205;205;0;699;699;0;41
2020;05;03;HOSTAL;TT;TODAS CONSOLIDADAS;JUNÍN;120000;2;43;65;4,58;3,47;1,32;1,32;0;53;53;0;70;70;0;6
2020;05;03;HOSTAL;TT;TODAS CONSOLIDADAS;LA LIBERTAD;130000;3;56;103;23,5;27;6,53;6,57;1;132;131;1;862;861;1;13
2020;05;03;HOSTAL;TT;TODAS CONSOLIDADAS;LAMBAYEQUE;140000;5;117;170;29,86;23,15;22,59;23,42;1;54;52;2;1220;1218;2;32
2020;05;03;HOSTAL;TT;TODAS CONSOLIDADAS;MOQUEGUA;180000;6;80;158;4,72;2,37;7,73;7,73;0;15;15;0;116;116;0;12
2020;05;03;HOSTAL;TT;TODAS CONSOLIDADAS;PIURA;200000;2;29;54;82,65;44,09;9,11;9,19;3;81;80;1;738;735;3;7
2020;05;03;HOSTAL;TT;TODAS CONSOLIDADAS;PUNO;210000;2;45;77;34,27;25,35;13,44;13,44;0;45;45;0;605;605;0;11
2020;05;03;HOSTAL;TT;TODAS CONSOLIDADAS;TACNA;230000;1;14;26;0;0;0;0;0;0;0;0;0;0;0;0
2020;05;05;ALBERGUE;12;ALBERGUE;LIMA;150000;7;125;401;41,94;36,36;1,03;1,01;2,32;4387;4328;59;4520;4383;137;32
2020;05;05;ALBERGUE;12;ALBERGUE;UCAYALI;250000;1;15;46;13,33;6,52;31;0;31;3;0;3;93;0;93;8
2020;05;05;ALBERGUE;TT;TODAS CONSOLIDADAS;LIMA;150000;7;125;401;41,94;36,36;1,03;1,01;2,32;4387;4328;59;4520;4383;137;32
2020;05;05;ALBERGUE;TT;TODAS CONSOLIDADAS;UCAYALI;250000;1;15;46;13,33;6,52;31;0;31;3;0;3;93;0;93;8
2020;05;14;RESORT;05;5 ESTRELLAS;ICA;110000;1;120;240;6,29;4,29;3,75;3,39;0;85;85;0;319;288;31;204
2020;05;TT;TODAS CONSOLIDADAS;00;NO CATEGORIZADO;AMAZONAS;010000;5;83;120;,62;,7;1,37;1,37;0;19;19;0;26;26;0;11
2020;05;TT;TODAS CONSOLIDADAS;00;NO CATEGORIZADO;ÁNCASH;020000;8;165;302;1,88;1,86;2,95;2,95;0;59;59;0;174;174;0;17
2020;05;TT;TODAS CONSOLIDADAS;00;NO CATEGORIZADO;AREQUIPA;040000;20;325;605;12,27;9,12;2,68;2,58;0;638;638;0;1711;1649;62;64
2020;05;01;HOTEL;05;5 ESTRELLAS;AREQUIPA;040000;3;241;346;39,99;28,16;6,16;6,08;19,67;490;487;3;3020;2961;59;126
2020;05;02;APART HOTEL;04;4 ESTRELLAS;AREQUIPA;040000;1;19;36;50,93;34,5;8,37;8,37;0;46;46;0;385;385;0;5
2020;05;03;HOSTAL;01;1 ESTRELLA;AREQUIPA;040000;3;56;75;12,44;9,38;2,45;2,45;0;89;89;0;218;218;0;9
2020;05;01;HOTEL;TT;TODAS CONSOLIDADAS;AYACUCHO;050000;16;494;922;1,15;,74;6,42;5,52;0;33;33;0;212;182;30;65
2020;05;01;HOTEL;TT;TODAS CONSOLIDADAS;HUÁNUCO;100000;41;1333;2129;1,29;1,13;1;1;0;744;744;0;744;744;0;185
2020;05;01;HOTEL;TT;TODAS CONSOLIDADAS;LAMBAYEQUE;140000;78;2597;4062;14,13;10,39;2,19;2,12;4,46;5977;5804;173;13086;12315;771;601
2020;05;02;APART HOTEL;TT;TODAS CONSOLIDADAS;ICA;110000;1;17;34;,38;,19;1;1;0;2;2;0;2;2;0;4
2020;05;14;RESORT;TT;TODAS CONSOLIDADAS;ICA;110000;1;120;240;6,29;4,29;3,75;3,39;0;85;85;0;319;288;31;204
2020;05;03;HOSTAL;01;1 ESTRELLA;LIMA;150000;51;1023;2098;13,93;13,73;1,13;1,13;0;9211;9211;0;10439;10439;0;228
2020;05;03;HOSTAL;TT;TODAS CONSOLIDADAS;LIMA;150000;152;3086;5968;11,18;9,77;1,24;1,23;2,43;16839;16725;114;20922;20645;277;613
2020;05;TT;TODAS CONSOLIDADAS;00;NO CATEGORIZADO;APURÍMAC;030000;8;146;235;10,36;6,67;2,34;2,34;0;208;208;0;486;486;0;25
2020;05;TT;TODAS CONSOLIDADAS;00;NO CATEGORIZADO;AYACUCHO;050000;1;6;8;0;0;0;0;0;0;0;0;0;0;0;0
2020;05;TT;TODAS CONSOLIDADAS;00;NO CATEGORIZADO;CALLAO;070000;236;3156;5791;9,12;8,08;1;1;0;30107;30107;0;30107;30107;0;624
2020;05;TT;TODAS CONSOLIDADAS;00;NO CATEGORIZADO;CUSCO;080000;25;479;754;7,21;5,13;1,42;1,31;9,45;845;834;11;1199;1095;104;63
2020;05;TT;TODAS CONSOLIDADAS;00;NO CATEGORIZADO;HUANCAVELICA;090000;5;183;278;22,76;20,13;1,88;1,88;0;922;922;0;1735;1735;0;29
2020;05;TT;TODAS CONSOLIDADAS;00;NO CATEGORIZADO;HUÁNUCO;100000;13;251;330;4,06;5,59;1,81;1,66;25;316;314;2;572;522;50;48
2020;05;TT;TODAS CONSOLIDADAS;00;NO CATEGORIZADO;ICA;110000;7;162;305;11,07;6,24;4,34;4,34;0;136;136;0;590;590;0;23
2020;05;TT;TODAS CONSOLIDADAS;00;NO CATEGORIZADO;JUNÍN;120000;24;461;825;6,68;3,81;3,02;3,02;0;323;323;0;975;975;0;76
2020;05;TT;TODAS CONSOLIDADAS;00;NO CATEGORIZADO;LA LIBERTAD;130000;4;81;145;0;0;0;0;0;0;0;0;0;0;0;0
2020;05;TT;TODAS CONSOLIDADAS;00;NO CATEGORIZADO;LAMBAYEQUE;140000;2;40;63;12,26;7,78;3,9;3,9;0;39;39;0;152;152;0;4
2020;05;TT;TODAS CONSOLIDADAS;00;NO CATEGORIZADO;LIMA;150000;6074;51850;89787;17;19,72;5,19;5,25;2,32;491760;481294;10466;2551828;2527532;24296;28221
2020;05;TT;TODAS CONSOLIDADAS;00;NO CATEGORIZADO;LORETO;160000;7;120;202;11,45;11,59;2,25;1,92;3,98;322;270;52;726;519;207;24
2020;05;TT;TODAS CONSOLIDADAS;00;NO CATEGORIZADO;MADRE DE DIOS;170000;19;434;700;18,93;14,93;1,55;1,54;3,5;2093;2089;4;3239;3225;14;71
2020;05;TT;TODAS CONSOLIDADAS;00;NO CATEGORIZADO;MOQUEGUA;180000;5;105;183;5,41;3,1;3,45;3,45;0;51;51;0;176;176;0;21
2020;05;TT;TODAS CONSOLIDADAS;00;NO CATEGORIZADO;PASCO;190000;1;28;56;6,8;3,4;9,83;9,83;0;6;6;0;59;59;0;2
2020;05;TT;TODAS CONSOLIDADAS;00;NO CATEGORIZADO;PIURA;200000;17;338;507;33,88;24,53;9,16;6,22;29,55;421;368;53;3856;2290;1566;93
2020;05;TT;TODAS CONSOLIDADAS;00;NO CATEGORIZADO;PUNO;210000;10;159;250;7,73;7,59;3,11;3,11;0;189;189;0;588;588;0;29
2020;05;TT;TODAS CONSOLIDADAS;00;NO CATEGORIZADO;SAN MARTÍN;220000;10;110;155;41,44;46,89;30,04;30,04;0;75;75;0;2253;2253;0;10
2020;05;TT;TODAS CONSOLIDADAS;00;NO CATEGORIZADO;TUMBES;240000;6;92;173;48,56;51,5;1,04;2,64;1;2648;69;2579;2762;182;2580;12
2020;05;TT;TODAS CONSOLIDADAS;00;NO CATEGORIZADO;UCAYALI;250000;5;79;122;16,5;10,84;10,25;10,14;11,25;40;36;4;410;365;45;12
2020;05;TT;TODAS CONSOLIDADAS;01;1 ESTRELLA;AMAZONAS;010000;2;20;21;0;0;0;0;0;0;0;0;0;0;0;0
2020;05;TT;TODAS CONSOLIDADAS;01;1 ESTRELLA;ÁNCASH;020000;3;82;112;0;0;0;0;0;0;0;0;0;0;0;0
2020;05;TT;TODAS CONSOLIDADAS;01;1 ESTRELLA;AYACUCHO;050000;6;151;249;7,65;5,93;5,87;5,87;0;78;78;0;458;458;0;4
2020;05;TT;TODAS CONSOLIDADAS;01;1 ESTRELLA;CUSCO;080000;5;101;197;0;0;0;0;0;0;0;0;0;0;0;0
2020;05;TT;TODAS CONSOLIDADAS;01;1 ESTRELLA;HUANCAVELICA;090000;1;21;34;3,99;2,56;1,23;1,23;0;22;22;0;27;27;0;3
2020;05;TT;TODAS CONSOLIDADAS;01;1 ESTRELLA;HUÁNUCO;100000;7;220;330;0;0;0;0;0;0;0;0;0;0;0;0
2020;05;TT;TODAS CONSOLIDADAS;01;1 ESTRELLA;ICA;110000;4;82;108;0;0;0;0;0;0;0;0;0;0;0;0
2020;05;TT;TODAS CONSOLIDADAS;01;1 ESTRELLA;JUNÍN;120000;3;55;95;2,23;1,29;1,27;1,27;0;30;30;0;38;38;0;4
2020;05;TT;TODAS CONSOLIDADAS;01;1 ESTRELLA;LAMBAYEQUE;140000;4;124;188;0;0;0;0;0;0;0;0;0;0;0;0
2020;05;TT;TODAS CONSOLIDADAS;01;1 ESTRELLA;LIMA;150000;55;1188;2411;13,93;13,73;1,13;1,13;0;9934;9934;0;11258;11258;0;245
2020;05;TT;TODAS CONSOLIDADAS;01;1 ESTRELLA;MADRE DE DIOS;170000;1;20;34;19,35;11,39;30;30;0;4;4;0;120;120;0;3
2020;05;TT;TODAS CONSOLIDADAS;01;1 ESTRELLA;MOQUEGUA;180000;2;28;56;,12;,06;1;1;0;1;1;0;1;1;0;1
2020;05;TT;TODAS CONSOLIDADAS;01;1 ESTRELLA;PASCO;190000;2;72;131;0;0;0;0;0;0;0;0;0;0;0;0
2020;05;TT;TODAS CONSOLIDADAS;01;1 ESTRELLA;PIURA;200000;2;53;83;0;0;0;0;0;0;0;0;0;0;0;0
2020;05;TT;TODAS CONSOLIDADAS;01;1 ESTRELLA;PUNO;210000;4;101;178;3,51;26,79;13,08;13,08;0;113;113;0;1478;1478;0;16
2020;05;TT;TODAS CONSOLIDADAS;01;1 ESTRELLA;SAN MARTÍN;220000;6;126;199;0;0;0;0;0;0;0;0;0;0;0;0
2020;05;TT;TODAS CONSOLIDADAS;01;1 ESTRELLA;TACNA;230000;1;20;40;0;0;0;0;0;0;0;0;0;0;0;0
2020;05;TT;TODAS CONSOLIDADAS;02;2 ESTRELLAS;AMAZONAS;010000;34;771;1167;1,94;2,02;1;1;0;729;729;0;729;729;0;29
2020;05;TT;TODAS CONSOLIDADAS;02;2 ESTRELLAS;ÁNCASH;020000;39;1076;1982;25,18;16,58;2,16;2,16;0;4708;4708;0;10188;10188;0;174
2020;05;TT;TODAS CONSOLIDADAS;02;2 ESTRELLAS;APURÍMAC;030000;1;22;40;0;0;0;0;0;0;0;0;0;0;0;0
2020;05;TT;TODAS CONSOLIDADAS;02;2 ESTRELLAS;AYACUCHO;050000;7;213;426;0;0;0;0;0;0;0;0;0;0;0;0
2020;05;TT;TODAS CONSOLIDADAS;02;2 ESTRELLAS;CAJAMARCA;060000;32;945;1488;,76;,77;1,92;1,92;0;185;185;0;355;355;0;145
2020;05;TT;TODAS CONSOLIDADAS;02;2 ESTRELLAS;CALLAO;070000;2;48;96;0;0;0;0;0;0;0;0;0;0;0;0
2020;05;TT;TODAS CONSOLIDADAS;02;2 ESTRELLAS;CUSCO;080000;43;1047;1857;9,98;5,5;5,21;5,21;0;608;608;0;3167;3167;0;162
2020;05;TT;TODAS CONSOLIDADAS;02;2 ESTRELLAS;HUANCAVELICA;090000;2;42;73;2,76;1,94;4,4;4,4;0;10;10;0;44;44;0;11
2020;05;TT;TODAS CONSOLIDADAS;02;2 ESTRELLAS;HUÁNUCO;100000;27;820;1266;1,73;1,55;1;1;0;610;610;0;610;610;0;133
2020;05;TT;TODAS CONSOLIDADAS;02;2 ESTRELLAS;ICA;110000;46;1274;2199;0;0;0;0;0;0;0;0;0;0;0;0
2020;05;TT;TODAS CONSOLIDADAS;02;2 ESTRELLAS;JUNÍN;120000;15;447;816;2,62;1,42;2,75;2,75;0;131;131;0;360;360;0;69
2020;05;TT;TODAS CONSOLIDADAS;02;2 ESTRELLAS;LA LIBERTAD;130000;21;589;1073;0;0;0;0;0;0;0;0;0;0;0;0
2020;05;TT;TODAS CONSOLIDADAS;02;2 ESTRELLAS;LAMBAYEQUE;140000;52;1510;2241;4,62;4,09;3,87;3,89;3,75;734;600;134;2839;2336;503;258
2020;05;TT;TODAS CONSOLIDADAS;02;2 ESTRELLAS;LIMA;150000;159;4602;8306;7,21;4,75;2,86;2,76;5,18;5795;5547;247;16589;15308;1281;1078
2020;05;TT;TODAS CONSOLIDADAS;02;2 ESTRELLAS;LORETO;160000;10;257;412;,67;,32;1;1;0;41;41;0;41;41;0;45
2020;05;TT;TODAS CONSOLIDADAS;02;2 ESTRELLAS;MADRE DE DIOS;170000;1;35;70;,28;,14;1;1;0;3;3;0;3;3;0;3
2020;05;TT;TODAS CONSOLIDADAS;02;2 ESTRELLAS;MOQUEGUA;180000;16;366;618;17,14;10,04;6,12;6,27;4,48;314;289;25;1923;1811;112;67
2020;05;TT;TODAS CONSOLIDADAS;02;2 ESTRELLAS;PASCO;190000;3;84;127;0;0;0;0;0;0;0;0;0;0;0;0
2020;05;TT;TODAS CONSOLIDADAS;02;2 ESTRELLAS;PUNO;210000;20;459;828;3,36;2,36;13,44;13,44;0;45;45;0;605;605;0;11
2020;05;TT;TODAS CONSOLIDADAS;02;2 ESTRELLAS;SAN MARTÍN;220000;18;518;847;5,27;5,96;5,07;4,93;5,25;309;175;134;1566;862;704;85
2020;05;TT;TODAS CONSOLIDADAS;02;2 ESTRELLAS;TACNA;230000;33;891;1808;8,8;4,8;21,51;21,51;0;125;125;0;2689;2689;0;149
2020;05;TT;TODAS CONSOLIDADAS;02;2 ESTRELLAS;TUMBES;240000;1;50;68;0;0;0;0;0;0;0;0;0;0;0;0
2020;05;TT;TODAS CONSOLIDADAS;02;2 ESTRELLAS;UCAYALI;250000;2;51;81;0;0;0;0;0;0;0;0;0;0;0;0
2020;05;TT;TODAS CONSOLIDADAS;03;3 ESTRELLAS;AMAZONAS;010000;14;343;590;8,91;5,67;11,65;11,65;0;89;89;0;1037;1037;0;56
2020;05;TT;TODAS CONSOLIDADAS;03;3 ESTRELLAS;ÁNCASH;020000;28;933;1606;7,45;3,71;2,2;2,2;0;838;838;0;1847;1847;0;168
2020;05;TT;TODAS CONSOLIDADAS;00;NO CATEGORIZADO;CAJAMARCA;060000;9;221;327;0;0;0;0;0;0;0;0;0;0;0;0
2020;05;TT;TODAS CONSOLIDADAS;01;1 ESTRELLA;CALLAO;070000;4;63;126;0;0;0;0;0;0;0;0;0;0;0;0
2020;05;TT;TODAS CONSOLIDADAS;01;1 ESTRELLA;LA LIBERTAD;130000;3;62;113;,62;,49;1;1;0;17;17;0;17;17;0;3
2020;05;TT;TODAS CONSOLIDADAS;00;NO CATEGORIZADO;TACNA;230000;2;26;58;0;0;0;0;0;0;0;0;0;0;0;0
2020;05;TT;TODAS CONSOLIDADAS;01;1 ESTRELLA;CAJAMARCA;060000;4;120;193;0;0;0;0;0;0;0;0;0;0;0;0
2020;05;TT;TODAS CONSOLIDADAS;01;1 ESTRELLA;AREQUIPA;040000;8;234;360;2,98;1,95;2,45;2,45;0;89;89;0;218;218;0;9
2020;05;TT;TODAS CONSOLIDADAS;02;2 ESTRELLAS;AREQUIPA;040000;41;1050;1799;33,39;22,63;3,52;3,53;3,33;3580;3574;6;12619;12599;20;183
2020;05;TT;TODAS CONSOLIDADAS;02;2 ESTRELLAS;PIURA;200000;15;339;566;13,97;8,4;5,87;5,88;3;251;250;1;1473;1470;3;61
2020;05;TT;TODAS CONSOLIDADAS;03;3 ESTRELLAS;APURÍMAC;030000;4;122;215;9,81;5,73;3,75;3,75;0;102;102;0;382;382;0;27
2020;05;TT;TODAS CONSOLIDADAS;03;3 ESTRELLAS;AREQUIPA;040000;49;1482;2731;30,41;18,77;5,54;5,51;13;2868;2855;13;15889;15720;169;357
2020;05;TT;TODAS CONSOLIDADAS;03;3 ESTRELLAS;AYACUCHO;050000;4;151;280;3,76;2,44;6,42;5,52;0;33;33;0;212;182;30;65
2020;05;TT;TODAS CONSOLIDADAS;03;3 ESTRELLAS;CAJAMARCA;060000;45;1411;2449;16,06;6,78;9,65;9,65;0;533;533;0;5144;5144;0;246
2020;05;TT;TODAS CONSOLIDADAS;03;3 ESTRELLAS;CALLAO;070000;2;116;212;21,47;15,44;7,81;8,08;5,88;130;114;16;1015;921;94;27
2020;05;TT;TODAS CONSOLIDADAS;03;3 ESTRELLAS;CUSCO;080000;53;2061;3969;13,6;10,95;5,67;5,65;31;2377;2375;2;13476;13414;62;378
2020;05;TT;TODAS CONSOLIDADAS;03;3 ESTRELLAS;HUANCAVELICA;090000;1;42;68;7,53;4,65;7;7;0;14;14;0;98;98;0;7
2020;05;TT;TODAS CONSOLIDADAS;03;3 ESTRELLAS;HUÁNUCO;100000;7;293;533;1,06;,81;1;1;0;134;134;0;134;134;0;52
2020;05;TT;TODAS CONSOLIDADAS;03;3 ESTRELLAS;ICA;110000;46;1454;2831;42,7;31,93;3,72;3,72;3,62;7529;7484;45;28023;27860;163;291
2020;05;TT;TODAS CONSOLIDADAS;03;3 ESTRELLAS;JUNÍN;120000;13;477;886;21,53;14,13;8,49;8,49;0;457;457;0;3881;3881;0;114
2020;05;TT;TODAS CONSOLIDADAS;03;3 ESTRELLAS;LA LIBERTAD;130000;73;2108;4037;24,43;24,44;10,11;10,12;3,5;3025;3023;2;30587;30580;7;350
2020;05;TT;TODAS CONSOLIDADAS;03;3 ESTRELLAS;LAMBAYEQUE;140000;23;793;1348;31,02;21,18;1,77;1,78;1;4987;4985;2;8851;8849;2;145
2020;05;TT;TODAS CONSOLIDADAS;03;3 ESTRELLAS;LIMA;150000;118;5740;10677;32,84;23,61;7,97;7,96;8,24;9861;9252;608;78631;73619;5012;1241
2020;05;TT;TODAS CONSOLIDADAS;03;3 ESTRELLAS;LORETO;160000;22;740;1265;43,25;25,87;7,15;7,18;5,2;1418;1398;20;10144;10040;104;145
2020;05;TT;TODAS CONSOLIDADAS;03;3 ESTRELLAS;MADRE DE DIOS;170000;1;61;129;34,58;36,83;12,28;12,28;0;120;120;0;1473;1473;0;17
2020;05;TT;TODAS CONSOLIDADAS;03;3 ESTRELLAS;MOQUEGUA;180000;5;173;302;14,28;11,23;7,62;7,62;0;138;138;0;1051;1051;0;31
2020;05;TT;TODAS CONSOLIDADAS;03;3 ESTRELLAS;PASCO;190000;3;87;170;0;0;0;0;0;0;0;0;0;0;0;0
2020;05;TT;TODAS CONSOLIDADAS;03;3 ESTRELLAS;PIURA;200000;7;241;408;5,58;6,84;9,51;9,51;0;91;91;0;865;865;0;33
2020;05;TT;TODAS CONSOLIDADAS;03;3 ESTRELLAS;PUNO;210000;14;401;744;29,13;25,12;17,77;17,77;0;326;326;0;5794;5794;0;79
2020;05;TT;TODAS CONSOLIDADAS;03;3 ESTRELLAS;SAN MARTÍN;220000;18;643;1124;2,46;1,46;1,02;1,02;0;495;495;0;507;507;0;108
2020;05;TT;TODAS CONSOLIDADAS;03;3 ESTRELLAS;TACNA;230000;13;459;954;11,27;9,14;6,98;6,98;0;387;387;0;2702;2702;0;121
2020;05;TT;TODAS CONSOLIDADAS;03;3 ESTRELLAS;TUMBES;240000;5;179;349;0;0;0;0;0;0;0;0;0;0;0;0
2020;05;TT;TODAS CONSOLIDADAS;03;3 ESTRELLAS;UCAYALI;250000;9;349;579;15,45;12,43;10,57;10,25;17,1;211;201;10;2231;2060;171;81
2020;05;TT;TODAS CONSOLIDADAS;04;4 ESTRELLAS;AREQUIPA;040000;7;339;662;34,87;18,8;7,07;7,01;22,5;546;544;2;3859;3814;45;115
2020;05;TT;TODAS CONSOLIDADAS;04;4 ESTRELLAS;CALLAO;070000;2;371;632;63,23;62,48;18,38;20,52;3,92;666;580;86;12241;11904;337;224
2020;05;TT;TODAS CONSOLIDADAS;04;4 ESTRELLAS;CUSCO;080000;3;354;675;13,58;7,19;4,84;4,84;4,5;311;309;2;1505;1496;9;171
2020;05;TT;TODAS CONSOLIDADAS;04;4 ESTRELLAS;ICA;110000;3;266;482;62,85;38,29;7,72;7,68;0;741;741;0;5721;5690;31;77
2020;05;TT;TODAS CONSOLIDADAS;04;4 ESTRELLAS;JUNÍN;120000;1;40;66;77,58;47,02;26;26;0;37;37;0;962;962;0;19
2020;05;TT;TODAS CONSOLIDADAS;04;4 ESTRELLAS;LA LIBERTAD;130000;1;80;141;37,58;21,32;6,43;6,43;0;145;145;0;932;932;0;13
2020;05;TT;TODAS CONSOLIDADAS;04;4 ESTRELLAS;LAMBAYEQUE;140000;4;287;455;29,98;18,55;8,44;8,66;6,87;310;271;39;2616;2348;268;230
2020;05;TT;TODAS CONSOLIDADAS;04;4 ESTRELLAS;LIMA;150000;42;3804;6710;47,6;36,33;6,89;6,86;7,7;10975;10660;315;75579;73153;2426;1557
2020;05;TT;TODAS CONSOLIDADAS;04;4 ESTRELLAS;MOQUEGUA;180000;2;123;232;12,82;14,4;37;38,6;23,67;28;25;3;1036;965;71;15
2020;05;TT;TODAS CONSOLIDADAS;04;4 ESTRELLAS;PIURA;200000;2;181;353;23,51;14,51;8,06;7,43;0;197;197;0;1588;1464;124;21
2020;05;TT;TODAS CONSOLIDADAS;04;4 ESTRELLAS;PUNO;210000;4;275;538;28,93;33,62;9,21;9,21;0;609;609;0;5607;5607;0;93
2020;05;TT;TODAS CONSOLIDADAS;04;4 ESTRELLAS;SAN MARTÍN;220000;1;20;49;5;2,04;31;31;0;1;1;0;31;31;0;8
2020;05;TT;TODAS CONSOLIDADAS;04;4 ESTRELLAS;TACNA;230000;1;150;300;23,7;16,54;5,63;5,39;71;273;272;1;1538;1467;71;11
2020;05;TT;TODAS CONSOLIDADAS;04;4 ESTRELLAS;TUMBES;240000;1;55;116;0;0;0;0;0;0;0;0;0;0;0;0
2020;05;TT;TODAS CONSOLIDADAS;04;4 ESTRELLAS;UCAYALI;250000;3;197;351;10,99;7,92;9,07;7,59;14,29;95;74;21;862;562;300;73
2020;05;TT;TODAS CONSOLIDADAS;05;5 ESTRELLAS;AREQUIPA;040000;3;241;346;39,99;28,16;6,16;6,08;19,67;490;487;3;3020;2961;59;126
2020;05;TT;TODAS CONSOLIDADAS;05;5 ESTRELLAS;CUSCO;080000;1;93;188;43,22;21,89;8,34;8,2;13,5;153;149;4;1276;1222;54;14
2020;05;TT;TODAS CONSOLIDADAS;05;5 ESTRELLAS;ICA;110000;1;120;240;6,29;4,29;3,75;3,39;0;85;85;0;319;288;31;204
2020;05;TT;TODAS CONSOLIDADAS;05;5 ESTRELLAS;LA LIBERTAD;130000;1;120;240;66,59;46,71;12,02;11,96;15,8;289;284;5;3475;3396;79;97
2020;05;TT;TODAS CONSOLIDADAS;05;5 ESTRELLAS;LIMA;150000;23;3872;6864;48,03;34,45;13,48;13,51;13,3;5439;4685;754;73304;63276;10028;2678
2020;05;TT;TODAS CONSOLIDADAS;05;5 ESTRELLAS;LORETO;160000;1;60;88;50,97;47,21;13,42;12,94;15,5;96;78;18;1288;1009;279;41
2020;05;TT;TODAS CONSOLIDADAS;05;5 ESTRELLAS;PIURA;200000;1;83;168;29,38;17,09;14,59;14,98;3;61;59;2;890;884;6;47
2020;05;TT;TODAS CONSOLIDADAS;05;5 ESTRELLAS;PUNO;210000;1;123;235;61,42;69,29;2,17;2,17;0;2325;2325;0;5048;5048;0;83
2020;05;TT;TODAS CONSOLIDADAS;05;5 ESTRELLAS;UCAYALI;250000;2;162;297;3,78;2,54;9,36;9,36;0;25;25;0;234;234;0;15
2020;05;TT;TODAS CONSOLIDADAS;12;ALBERGUE;LIMA;150000;7;125;401;41,94;36,36;1,03;1,01;2,32;4387;4328;59;4520;4383;137;32
2020;05;TT;TODAS CONSOLIDADAS;12;ALBERGUE;UCAYALI;250000;1;15;46;13,33;6,52;31;0;31;3;0;3;93;0;93;8
2020;05;TT;TODAS CONSOLIDADAS;TT;TODAS CONSOLIDADAS;AMAZONAS;010000;55;1217;1898;3,52;2,75;3,71;3,71;0;837;837;0;1792;1792;0;96
2020;05;TT;TODAS CONSOLIDADAS;TT;TODAS CONSOLIDADAS;ÁNCASH;020000;78;2256;4002;15,46;9,81;2,18;2,18;0;5605;5605;0;12209;12209;0;359
2020;05;TT;TODAS CONSOLIDADAS;TT;TODAS CONSOLIDADAS;APURÍMAC;030000;13;290;490;9,4;5,87;2,59;2,59;0;310;310;0;868;868;0;52
2020;05;TT;TODAS CONSOLIDADAS;TT;TODAS CONSOLIDADAS;AREQUIPA;040000;128;3671;6503;27,28;17,67;4,35;4,32;7,74;8211;8187;24;37316;36961;355;854
2020;05;TT;TODAS CONSOLIDADAS;TT;TODAS CONSOLIDADAS;AYACUCHO;050000;18;521;963;3,38;2,52;3,38;3,18;0;111;111;0;670;640;30;69
2020;05;TT;TODAS CONSOLIDADAS;TT;TODAS CONSOLIDADAS;CAJAMARCA;060000;90;2697;4457;8,3;3,66;5,51;5,51;0;718;718;0;5499;5499;0;391
2020;05;TT;TODAS CONSOLIDADAS;TT;TODAS CONSOLIDADAS;CALLAO;070000;246;3754;6857;9,44;8,39;1,17;1,19;,08;30903;30801;102;43363;42932;431;875
2020;05;TT;TODAS CONSOLIDADAS;TT;TODAS CONSOLIDADAS;CUSCO;080000;130;4135;7640;10,88;7,61;4,48;4,45;14,66;4294;4275;19;20623;20394;229;788
2020;05;TT;TODAS CONSOLIDADAS;TT;TODAS CONSOLIDADAS;HUANCAVELICA;090000;9;288;453;14,54;12,42;2,94;2,94;0;968;968;0;1904;1904;0;50
2020;05;TT;TODAS CONSOLIDADAS;TT;TODAS CONSOLIDADAS;HUÁNUCO;100000;54;1584;2459;1,98;2,23;1,07;1,03;6,02;1060;1058;2;1316;1266;50;233
2020;05;TT;TODAS CONSOLIDADAS;TT;TODAS CONSOLIDADAS;ICA;110000;107;3358;6165;20,9;15,25;2,14;2,13;1,56;8491;8446;45;34653;34428;225;595
2020;05;TT;TODAS CONSOLIDADAS;TT;TODAS CONSOLIDADAS;JUNÍN;120000;56;1480;2688;10,07;6,2;4,53;4,53;0;978;978;0;6216;6216;0;282
2020;05;TT;TODAS CONSOLIDADAS;TT;TODAS CONSOLIDADAS;LA LIBERTAD;130000;103;3040;5749;18,34;18;7,37;7,38;2,63;3476;3469;7;35011;34925;86;463
2020;05;TT;TODAS CONSOLIDADAS;TT;TODAS CONSOLIDADAS;LAMBAYEQUE;140000;85;2754;4295;12,92;9,29;3,34;3,36;2,89;6070;5895;175;14458;13685;773;637
2020;05;TT;TODAS CONSOLIDADAS;TT;TODAS CONSOLIDADAS;LIMA;150000;6478;71181;125156;17,35;19,55;5,18;5,24;2,55;538150;525701;12449;2811709;2768529;43180;35051
2020;05;TT;TODAS CONSOLIDADAS;TT;TODAS CONSOLIDADAS;MADRE DE DIOS;170000;22;550;933;18,81;15,09;3,3;3,3;3,02;2220;2216;4;4835;4821;14;94
2020;05;TT;TODAS CONSOLIDADAS;TT;TODAS CONSOLIDADAS;MOQUEGUA;180000;30;795;1391;13,29;8,71;7,64;7,83;3,97;532;504;28;4187;4004;183;135
2020;05;TT;TODAS CONSOLIDADAS;TT;TODAS CONSOLIDADAS;PASCO;190000;9;271;484;,76;,38;1,09;1,09;0;6;6;0;59;59;0;2
2020;05;TT;TODAS CONSOLIDADAS;TT;TODAS CONSOLIDADAS;PIURA;200000;44;1235;2085;20,48;14,48;7,75;6,6;12,51;1021;965;56;8672;6973;1699;255
2020;05;TT;TODAS CONSOLIDADAS;TT;TODAS CONSOLIDADAS;PUNO;210000;53;1518;2773;14,03;14,82;12,08;12,08;0;3607;3607;0;19120;19120;0;311
2020;05;TT;TODAS CONSOLIDADAS;TT;TODAS CONSOLIDADAS;SAN MARTÍN;220000;53;1417;2374;10,54;11,41;8,32;8,27;1,78;880;746;134;4357;3653;704;211
2020;05;TT;TODAS CONSOLIDADAS;TT;TODAS CONSOLIDADAS;TACNA;230000;50;1546;3160;9,21;5,87;16,13;16,12;1,42;785;784;1;6929;6858;71;281
2020;05;TT;TODAS CONSOLIDADAS;TT;TODAS CONSOLIDADAS;TUMBES;240000;13;376;706;22,41;23,77;,48;1,22;,46;2648;69;2579;2762;182;2580;12
2020;06;00;NO CLASIFICADO;00;NO CATEGORIZADO;APURÍMAC;030000;14;270;440;5,64;3,86;1,34;1,34;0;380;380;0;510;510;0;44
2020;06;00;NO CLASIFICADO;00;NO CATEGORIZADO;CALLAO;070000;235;3083;5643;9,4;9,16;1;1;0;28055;28055;0;28055;28055;0;181
2020;06;00;NO CLASIFICADO;00;NO CATEGORIZADO;CUSCO;080000;33;653;1061;11,48;7,48;1,2;1,17;8,5;1980;1970;10;2381;2296;85;101
2020;06;00;NO CLASIFICADO;00;NO CATEGORIZADO;HUANCAVELICA;090000;5;183;278;20,66;19,59;2,37;2,37;0;689;689;0;1634;1634;0;29
2020;06;00;NO CLASIFICADO;00;NO CATEGORIZADO;JUNÍN;120000;24;456;832;8,41;4,99;2,22;2,22;0;561;561;0;1246;1246;0;84
2020;06;00;NO CLASIFICADO;00;NO CATEGORIZADO;LA LIBERTAD;130000;4;81;145;0;0;0;0;0;0;0;0;0;0;0;0
2020;06;00;NO CLASIFICADO;00;NO CATEGORIZADO;MADRE DE DIOS;170000;16;367;590;18,96;14,9;1,69;1,48;12,23;1560;1529;31;2637;2258;379;56
2020;06;00;NO CLASIFICADO;00;NO CATEGORIZADO;PUNO;210000;15;247;391;13,2;9,36;1,72;1,72;1;640;639;1;1098;1097;1;44
2020;06;00;NO CLASIFICADO;00;NO CATEGORIZADO;SAN MARTÍN;220000;10;110;155;42,73;48,39;30;30;0;75;75;0;2250;2250;0;10
2020;06;00;NO CLASIFICADO;00;NO CATEGORIZADO;TACNA;230000;4;63;120;,42;,19;1;1;0;7;7;0;7;7;0;7
2020;06;00;NO CLASIFICADO;00;NO CATEGORIZADO;TUMBES;240000;7;99;187;39,29;42,42;1,11;4,4;1,03;2140;53;2087;2380;233;2147;22
2020;05;TT;TODAS CONSOLIDADAS;TT;TODAS CONSOLIDADAS;LORETO;160000;40;1177;1967;27,23;17,52;4,91;4,86;3,94;1877;1787;90;12199;11609;590;255
2020;05;TT;TODAS CONSOLIDADAS;TT;TODAS CONSOLIDADAS;UCAYALI;250000;22;853;1476;12,52;9,16;10,15;8,38;12,91;374;336;38;3830;3221;609;189
2020;06;00;NO CLASIFICADO;00;NO CATEGORIZADO;AMAZONAS;010000;4;58;90;,52;,56;1,67;1,67;0;9;9;0;15;15;0;2
2020;06;00;NO CLASIFICADO;00;NO CATEGORIZADO;LAMBAYEQUE;140000;3;50;80;11,07;7,54;2,66;2,66;0;68;68;0;181;181;0;6
2020;06;00;NO CLASIFICADO;00;NO CATEGORIZADO;ÁNCASH;020000;8;165;302;1,01;,96;1,23;1,23;0;71;71;0;87;87;0;17
2020;06;00;NO CLASIFICADO;00;NO CATEGORIZADO;CAJAMARCA;060000;6;136;211;5,15;3,57;1;1;0;226;226;0;226;226;0;5
2020;06;00;NO CLASIFICADO;00;NO CATEGORIZADO;MOQUEGUA;180000;5;105;183;5,37;3,21;1,56;1,56;1;113;112;1;176;175;1;19
2020;06;00;NO CLASIFICADO;00;NO CATEGORIZADO;AREQUIPA;040000;18;320;586;16,01;12,28;3,37;3,28;0;640;640;0;2158;2098;60;66
2020;06;00;NO CLASIFICADO;00;NO CATEGORIZADO;AYACUCHO;050000;2;13;16;4,87;4,17;1;1;0;20;20;0;20;20;0;3
2020;06;00;NO CLASIFICADO;00;NO CATEGORIZADO;HUÁNUCO;100000;14;314;400;11,13;9,95;1,16;1,16;1,89;1027;1018;9;1194;1177;17;51
2020;06;00;NO CLASIFICADO;00;NO CATEGORIZADO;PASCO;190000;4;69;147;44,3;21,25;10,18;10,26;8;92;89;3;937;913;24;8
2020;06;00;NO CLASIFICADO;00;NO CATEGORIZADO;PIURA;200000;18;358;542;28,66;21,01;6,01;4,48;36,74;568;541;27;3416;2424;992;89
2020;06;00;NO CLASIFICADO;00;NO CATEGORIZADO;ICA;110000;8;187;359;12,44;8,7;4,88;4,88;0;192;192;0;937;937;0;27
2020;06;00;NO CLASIFICADO;00;NO CATEGORIZADO;LIMA;150000;6078;52066;90287;15,41;16,48;1,87;1,89;1,13;1127852;1089673;38179;2106410;2063098;43311;40610
2020;06;00;NO CLASIFICADO;00;NO CATEGORIZADO;LORETO;160000;4;64;114;2,45;1,37;5,22;2,25;29;9;8;1;47;18;29;12
2020;06;00;NO CLASIFICADO;00;NO CATEGORIZADO;UCAYALI;250000;9;132;193;17,05;12,73;2,35;2,23;9,8;314;309;5;737;688;49;23
2020;06;00;NO CLASIFICADO;TT;TODAS CONSOLIDADAS;AMAZONAS;010000;4;58;90;,52;,56;1,67;1,67;0;9;9;0;15;15;0;2
2020;06;00;NO CLASIFICADO;TT;TODAS CONSOLIDADAS;ÁNCASH;020000;8;165;302;1,01;,96;1,23;1,23;0;71;71;0;87;87;0;17
2020;06;00;NO CLASIFICADO;TT;TODAS CONSOLIDADAS;APURÍMAC;030000;14;270;440;5,64;3,86;1,34;1,34;0;380;380;0;510;510;0;44
2020;06;00;NO CLASIFICADO;TT;TODAS CONSOLIDADAS;AYACUCHO;050000;2;13;16;4,87;4,17;1;1;0;20;20;0;20;20;0;3
2020;06;00;NO CLASIFICADO;TT;TODAS CONSOLIDADAS;CAJAMARCA;060000;6;136;211;5,15;3,57;1;1;0;226;226;0;226;226;0;5
2020;06;00;NO CLASIFICADO;TT;TODAS CONSOLIDADAS;ICA;110000;8;187;359;12,44;8,7;4,88;4,88;0;192;192;0;937;937;0;27
2020;06;00;NO CLASIFICADO;TT;TODAS CONSOLIDADAS;LIMA;150000;6078;52066;90287;15,41;16,48;1,87;1,89;1,13;1127852;1089673;38179;2106410;2063098;43311;40610
2020;06;00;NO CLASIFICADO;TT;TODAS CONSOLIDADAS;LORETO;160000;4;64;114;2,45;1,37;5,22;2,25;29;9;8;1;47;18;29;12
2020;06;00;NO CLASIFICADO;TT;TODAS CONSOLIDADAS;PASCO;190000;4;69;147;44,3;21,25;10,18;10,26;8;92;89;3;937;913;24;8
2020;06;00;NO CLASIFICADO;TT;TODAS CONSOLIDADAS;PIURA;200000;18;358;542;28,66;21,01;6,01;4,48;36,74;568;541;27;3416;2424;992;89
2020;06;00;NO CLASIFICADO;TT;TODAS CONSOLIDADAS;SAN MARTÍN;220000;10;110;155;42,73;48,39;30;30;0;75;75;0;2250;2250;0;10
2020;06;00;NO CLASIFICADO;TT;TODAS CONSOLIDADAS;AREQUIPA;040000;18;320;586;16,01;12,28;3,37;3,28;0;640;640;0;2158;2098;60;66
2020;06;00;NO CLASIFICADO;TT;TODAS CONSOLIDADAS;CALLAO;070000;235;3083;5643;9,4;9,16;1;1;0;28055;28055;0;28055;28055;0;181
2020;06;00;NO CLASIFICADO;TT;TODAS CONSOLIDADAS;HUANCAVELICA;090000;5;183;278;20,66;19,59;2,37;2,37;0;689;689;0;1634;1634;0;29
2020;06;00;NO CLASIFICADO;TT;TODAS CONSOLIDADAS;HUÁNUCO;100000;14;314;400;11,13;9,95;1,16;1,16;1,89;1027;1018;9;1194;1177;17;51
2020;06;00;NO CLASIFICADO;TT;TODAS CONSOLIDADAS;JUNÍN;120000;24;456;832;8,41;4,99;2,22;2,22;0;561;561;0;1246;1246;0;84
2020;06;00;NO CLASIFICADO;TT;TODAS CONSOLIDADAS;LAMBAYEQUE;140000;3;50;80;11,07;7,54;2,66;2,66;0;68;68;0;181;181;0;6
2020;06;00;NO CLASIFICADO;TT;TODAS CONSOLIDADAS;MOQUEGUA;180000;5;105;183;5,37;3,21;1,56;1,56;1;113;112;1;176;175;1;19
2020;06;00;NO CLASIFICADO;TT;TODAS CONSOLIDADAS;CUSCO;080000;33;653;1061;11,48;7,48;1,2;1,17;8,5;1980;1970;10;2381;2296;85;101
2020;06;00;NO CLASIFICADO;TT;TODAS CONSOLIDADAS;LA LIBERTAD;130000;4;81;145;0;0;0;0;0;0;0;0;0;0;0;0
2020;06;00;NO CLASIFICADO;TT;TODAS CONSOLIDADAS;PUNO;210000;15;247;391;13,2;9,36;1,72;1,72;1;640;639;1;1098;1097;1;44
2020;06;00;NO CLASIFICADO;TT;TODAS CONSOLIDADAS;MADRE DE DIOS;170000;16;367;590;18,96;14,9;1,69;1,48;12,23;1560;1529;31;2637;2258;379;56
2020;06;00;NO CLASIFICADO;TT;TODAS CONSOLIDADAS;TACNA;230000;4;63;120;,42;,19;1;1;0;7;7;0;7;7;0;7
2020;06;00;NO CLASIFICADO;TT;TODAS CONSOLIDADAS;TUMBES;240000;7;99;187;39,29;42,42;1,11;4,4;1,03;2140;53;2087;2380;233;2147;22
2020;06;00;NO CLASIFICADO;TT;TODAS CONSOLIDADAS;UCAYALI;250000;9;132;193;17,05;12,73;2,35;2,23;9,8;314;309;5;737;688;49;23
2020;06;01;HOTEL;01;1 ESTRELLA;ÁNCASH;020000;3;82;112;0;0;0;0;0;0;0;0;0;0;0;0
2020;06;01;HOTEL;01;1 ESTRELLA;AREQUIPA;040000;5;178;285;0;0;0;0;0;0;0;0;0;0;0;0
2020;06;01;HOTEL;01;1 ESTRELLA;AYACUCHO;050000;5;130;216;0;0;0;0;0;0;0;0;0;0;0;0
2020;06;01;HOTEL;01;1 ESTRELLA;CAJAMARCA;060000;4;120;193;0;0;0;0;0;0;0;0;0;0;0;0
2020;06;01;HOTEL;01;1 ESTRELLA;CUSCO;080000;5;101;197;0;0;0;0;0;0;0;0;0;0;0;0
2020;06;01;HOTEL;01;1 ESTRELLA;HUÁNUCO;100000;8;240;357;11,33;8,4;22,5;22,5;0;40;40;0;900;900;0;40
2020;06;01;HOTEL;01;1 ESTRELLA;JUNÍN;120000;1;16;24;0;0;0;0;0;0;0;0;0;0;0;0
2020;06;01;HOTEL;01;1 ESTRELLA;LA LIBERTAD;130000;2;46;88;0;0;0;0;0;0;0;0;0;0;0;0
2020;06;01;HOTEL;01;1 ESTRELLA;LAMBAYEQUE;140000;4;124;188;0;0;0;0;0;0;0;0;0;0;0;0
2020;06;01;HOTEL;01;1 ESTRELLA;MOQUEGUA;180000;1;20;41;0;0;0;0;0;0;0;0;0;0;0;0
2020;06;01;HOTEL;01;1 ESTRELLA;PASCO;190000;2;72;131;0;0;0;0;0;0;0;0;0;0;0;0
2020;06;01;HOTEL;01;1 ESTRELLA;PIURA;200000;2;53;83;0;0;0;0;0;0;0;0;0;0;0;0
2020;06;01;HOTEL;01;1 ESTRELLA;PUNO;210000;4;101;178;39,7;46,29;9,97;9,97;0;248;248;0;2472;2472;0;16
2020;06;01;HOTEL;01;1 ESTRELLA;SAN MARTÍN;220000;6;126;199;0;0;0;0;0;0;0;0;0;0;0;0
2020;06;01;HOTEL;01;1 ESTRELLA;TACNA;230000;2;57;112;3,98;2,17;6,64;6,64;0;11;11;0;73;73;0;5
2020;06;01;HOTEL;02;2 ESTRELLAS;AMAZONAS;010000;22;598;918;,65;,32;1,8;1,8;0;49;49;0;88;88;0;99
2020;06;01;HOTEL;02;2 ESTRELLAS;ÁNCASH;020000;34;924;1683;18,12;14,34;3,72;3,72;0;1944;1944;0;7239;7239;0;150
2020;06;01;HOTEL;02;2 ESTRELLAS;APURÍMAC;030000;2;53;94;23,21;13,33;1;1;0;376;376;0;376;376;0;8
2020;06;01;HOTEL;02;2 ESTRELLAS;AREQUIPA;040000;36;975;1694;39,72;25,24;3,95;3,95;0;3245;3245;0;12829;12829;0;173
2020;06;01;HOTEL;02;2 ESTRELLAS;AYACUCHO;050000;7;213;426;0;0;0;0;0;0;0;0;0;0;0;0
2020;06;01;HOTEL;02;2 ESTRELLAS;CAJAMARCA;060000;28;816;1273;4,33;2,99;1;1;1;1141;263;878;1141;263;878;136
2020;06;01;HOTEL;02;2 ESTRELLAS;CUSCO;080000;40;1002;1758;17,1;8,83;6,07;6,07;0;767;767;0;4657;4657;0;151
2020;06;01;HOTEL;02;2 ESTRELLAS;HUANCAVELICA;090000;2;42;73;22,54;17,26;2,33;2,33;0;162;162;0;378;378;0;11
2020;06;01;HOTEL;02;2 ESTRELLAS;HUÁNUCO;100000;29;859;1337;3,93;3,19;1,1;1,1;0;1159;1159;0;1280;1280;0;146
2020;06;01;HOTEL;02;2 ESTRELLAS;ICA;110000;47;1264;2181;32,69;28,41;18,68;18,68;0;995;995;0;18588;18588;0;218
2020;06;01;HOTEL;02;2 ESTRELLAS;JUNÍN;120000;15;415;736;6,49;4,13;2,17;2,17;4;420;419;1;912;908;4;66
2020;06;01;HOTEL;02;2 ESTRELLAS;LA LIBERTAD;130000;21;589;1073;0;0;0;0;0;0;0;0;0;0;0;0
2020;06;01;HOTEL;02;2 ESTRELLAS;LAMBAYEQUE;140000;48;1387;2069;12,37;9,71;1;1;1;6027;6001;26;6027;6001;26;231
2020;06;01;HOTEL;02;2 ESTRELLAS;LORETO;160000;10;257;412;2,33;1,7;1;1;0;210;210;0;210;210;0;45
2020;06;01;HOTEL;02;2 ESTRELLAS;MADRE DE DIOS;170000;1;35;70;,1;,05;1;1;0;1;1;0;1;1;0;3
2020;06;01;HOTEL;02;2 ESTRELLAS;MOQUEGUA;180000;11;294;467;4,2;3,28;2,57;2,59;2,48;179;152;27;460;393;67;55
2020;06;01;HOTEL;02;2 ESTRELLAS;PASCO;190000;3;84;127;0;0;0;0;0;0;0;0;0;0;0;0
2020;06;01;HOTEL;02;2 ESTRELLAS;PIURA;200000;14;345;576;15;8,91;3,38;3,38;0;456;456;0;1539;1539;0;64
2020;06;01;HOTEL;02;2 ESTRELLAS;PUNO;210000;19;438;787;2,52;2,86;1,82;1,82;0;372;372;0;676;676;0;75
2020;06;01;HOTEL;02;2 ESTRELLAS;SAN MARTÍN;220000;17;480;781;0;0;0;0;0;0;0;0;0;0;0;0
2020;06;01;HOTEL;02;2 ESTRELLAS;TACNA;230000;32;877;1782;11,84;6,43;10,91;10,91;0;315;315;0;3438;3438;0;149
2020;06;01;HOTEL;02;2 ESTRELLAS;TUMBES;240000;2;100;168;,13;,06;1;1;0;3;3;0;3;3;0;12
2020;06;01;HOTEL;02;2 ESTRELLAS;UCAYALI;250000;2;51;81;0;0;0;0;0;0;0;0;0;0;0;0
2020;06;01;HOTEL;03;3 ESTRELLAS;AMAZONAS;010000;15;365;629;6,77;5,9;1,01;1,01;1;1106;1093;13;1114;1101;13;59
2020;06;01;HOTEL;03;3 ESTRELLAS;ÁNCASH;020000;31;1019;1754;14,42;9,76;3,03;3,05;1,48;1694;1671;23;5137;5103;34;192
2020;06;01;HOTEL;03;3 ESTRELLAS;APURÍMAC;030000;3;98;172;24,46;18,66;3,31;3,31;2;291;290;1;963;961;2;20
2020;06;01;HOTEL;03;3 ESTRELLAS;AREQUIPA;040000;47;1499;2809;29,78;17,14;5,67;5,67;6,14;2547;2533;14;14448;14362;86;344
2020;06;01;HOTEL;03;3 ESTRELLAS;AYACUCHO;050000;4;151;280;10,51;6,67;8,62;3,35;23,47;65;48;17;560;161;399;65
2020;06;01;HOTEL;03;3 ESTRELLAS;CAJAMARCA;060000;49;1540;2625;37,95;16,02;9,53;9,53;0;1324;1324;0;12613;12613;0;269
2020;06;01;HOTEL;03;3 ESTRELLAS;CALLAO;070000;2;119;220;16,95;12,02;4,15;3,73;15,29;191;184;7;793;686;107;30
2020;06;01;HOTEL;03;3 ESTRELLAS;CUSCO;080000;51;2005;3867;26,32;15,9;7,6;7,6;0;2428;2428;0;18443;18443;0;366
2020;06;01;HOTEL;03;3 ESTRELLAS;HUANCAVELICA;090000;1;42;68;11,11;6,86;7;7;0;20;20;0;140;140;0;7
2020;06;01;HOTEL;03;3 ESTRELLAS;HUÁNUCO;100000;8;349;635;1,13;,95;1,17;1,17;1;155;152;3;181;178;3;78
2020;06;01;HOTEL;03;3 ESTRELLAS;ICA;110000;44;1525;3057;31,59;23,52;6,38;6,38;7;3382;3380;2;21569;21555;14;310
2020;06;01;HOTEL;03;3 ESTRELLAS;JUNÍN;120000;15;552;1053;29,1;14,77;4,58;4,59;1,33;1020;1017;3;4667;4663;4;160
2020;06;01;HOTEL;03;3 ESTRELLAS;LAMBAYEQUE;140000;21;757;1297;12,45;8,14;1,04;1,04;1,05;3048;3028;20;3168;3147;21;150
2020;06;01;HOTEL;03;3 ESTRELLAS;LORETO;160000;21;695;1171;17,06;9,85;6,1;6,08;7,09;567;556;11;3460;3382;78;126
2020;06;01;HOTEL;03;3 ESTRELLAS;MOQUEGUA;180000;6;206;367;16,67;13,62;1,69;1,69;0;885;885;0;1500;1500;0;38
2020;06;01;HOTEL;03;3 ESTRELLAS;PASCO;190000;3;87;170;0;0;0;0;0;0;0;0;0;0;0;0
2020;06;01;HOTEL;03;3 ESTRELLAS;PIURA;200000;8;273;461;4,2;4,56;4,67;4,67;0;135;135;0;631;631;0;40
2020;06;01;HOTEL;03;3 ESTRELLAS;PUNO;210000;20;614;1164;50,31;29,23;9,33;9,33;0;1094;1094;0;10206;10206;0;152
2020;06;01;HOTEL;03;3 ESTRELLAS;SAN MARTÍN;220000;18;643;1124;4,6;6,52;2,7;2,71;1,67;813;810;3;2198;2193;5;109
2020;06;01;HOTEL;03;3 ESTRELLAS;TUMBES;240000;5;179;349;0;0;0;0;0;0;0;0;0;0;0;0
2020;06;01;HOTEL;03;3 ESTRELLAS;UCAYALI;250000;11;419;684;18,62;13,54;9,96;9,58;22,63;279;271;8;2778;2597;181;96
2020;06;01;HOTEL;04;4 ESTRELLAS;AREQUIPA;040000;8;408;794;40,9;21,56;6,83;6,79;22;752;750;2;5136;5092;44;169
2020;06;01;HOTEL;04;4 ESTRELLAS;CALLAO;070000;2;371;632;60,66;49,54;9,5;12,41;1,85;989;716;273;9392;8886;506;139
2020;06;01;HOTEL;04;4 ESTRELLAS;CUSCO;080000;3;354;675;12,34;6,51;11,37;11,37;0;116;116;0;1319;1319;0;163
2020;06;01;HOTEL;04;4 ESTRELLAS;ICA;110000;3;266;482;81,08;50,79;13,73;13,77;9;535;530;5;7344;7299;45;76
2020;06;01;HOTEL;04;4 ESTRELLAS;JUNÍN;120000;1;40;66;96,67;58,59;14,5;14,5;0;80;80;0;1160;1160;0;19
2020;06;01;HOTEL;01;1 ESTRELLA;ICA;110000;4;82;108;0;0;0;0;0;0;0;0;0;0;0;0
2020;06;01;HOTEL;01;1 ESTRELLA;LIMA;150000;4;165;313;0;0;0;0;0;0;0;0;0;0;0;0
2020;06;01;HOTEL;02;2 ESTRELLAS;LIMA;150000;76;3121;5660;12,72;9,28;1,71;1,7;2,49;11275;11096;179;19315;18871;445;631
2020;06;01;HOTEL;03;3 ESTRELLAS;LIMA;150000;110;5844;10844;38,42;27,17;5,49;5,36;8,87;16107;15518;589;88402;83178;5224;1262
2020;06;01;HOTEL;01;1 ESTRELLA;MADRE DE DIOS;170000;1;20;34;50;29,41;30;30;0;10;10;0;300;300;0;3
2020;06;01;HOTEL;03;3 ESTRELLAS;MADRE DE DIOS;170000;1;61;122;29,23;32,24;11,8;11,9;2;100;99;1;1180;1178;2;11
2020;06;01;HOTEL;03;3 ESTRELLAS;LA LIBERTAD;130000;72;2105;4033;15,56;14,33;2,7;2,7;2,65;6416;6293;123;17340;17014;326;359
2020;06;01;HOTEL;03;3 ESTRELLAS;TACNA;230000;13;459;954;42,74;32,09;12,56;12,56;0;731;731;0;9184;9184;0;121
2020;06;01;HOTEL;04;4 ESTRELLAS;LA LIBERTAD;130000;2;134;231;29,33;17,95;3,84;4,06;1,63;324;294;30;1244;1195;49;24
2020;06;01;HOTEL;04;4 ESTRELLAS;LAMBAYEQUE;140000;4;287;455;16,45;10,4;5,52;5,74;3,75;257;229;28;1419;1314;105;230
2020;06;01;HOTEL;04;4 ESTRELLAS;LIMA;150000;35;3484;6074;56,39;39,01;5,04;5,02;5,61;14099;13587;512;71078;68204;2874;1247
2020;06;01;HOTEL;04;4 ESTRELLAS;LORETO;160000;2;90;150;29,78;20;7,56;7,56;0;119;119;0;900;900;0;32
2020;06;01;HOTEL;04;4 ESTRELLAS;MOQUEGUA;180000;2;123;232;14,74;13,36;11,34;11,38;8;82;81;1;930;922;8;15
2020;06;01;HOTEL;04;4 ESTRELLAS;PIURA;200000;2;181;340;11,64;6,5;7,71;6,94;29;86;83;3;663;576;87;26
2020;06;01;HOTEL;04;4 ESTRELLAS;PUNO;210000;5;338;650;42,72;35,51;11,62;11,62;0;596;596;0;6924;6924;0;106
2020;06;01;HOTEL;04;4 ESTRELLAS;TACNA;230000;1;150;300;32,96;19,21;4,59;4,41;0;377;377;0;1729;1664;65;13
2020;06;01;HOTEL;04;4 ESTRELLAS;TUMBES;240000;1;55;116;0;0;0;0;0;0;0;0;0;0;0;0
2020;06;01;HOTEL;04;4 ESTRELLAS;UCAYALI;250000;3;197;351;23,81;15,86;9,28;7,49;43,22;180;171;9;1670;1281;389;73
2020;06;01;HOTEL;05;5 ESTRELLAS;AREQUIPA;040000;3;241;346;67,39;47,08;7,7;7,7;0;635;635;0;4887;4887;0;116
2020;06;01;HOTEL;05;5 ESTRELLAS;LA LIBERTAD;130000;1;120;240;18,25;11,13;5,89;5,78;9,5;136;132;4;801;763;38;97
2020;06;01;HOTEL;05;5 ESTRELLAS;LIMA;150000;19;3602;6497;60,96;39,72;5,74;5,95;4,02;13488;12040;1448;77415;71592;5823;2407
2020;06;01;HOTEL;05;5 ESTRELLAS;LORETO;160000;1;60;88;36,06;44,51;36,72;36,8;36,58;32;20;12;1175;736;439;41
2020;06;01;HOTEL;05;5 ESTRELLAS;PIURA;200000;1;83;168;34,78;19,03;8,2;9,04;1,46;117;104;13;959;940;19;47
2020;06;01;HOTEL;05;5 ESTRELLAS;PUNO;210000;1;123;235;99,16;93,73;3,09;3,23;2,29;2138;1818;320;6608;5876;732;83
2020;06;01;HOTEL;05;5 ESTRELLAS;UCAYALI;250000;2;162;297;3,07;2,22;5,21;5,21;0;38;38;0;198;198;0;11
2020;06;01;HOTEL;TT;TODAS CONSOLIDADAS;AMAZONAS;010000;37;963;1547;2,97;2,59;1,04;1,04;1;1155;1142;13;1202;1189;13;158
2020;06;01;HOTEL;TT;TODAS CONSOLIDADAS;ÁNCASH;020000;68;2025;3549;15,52;11,62;3,4;3,41;1,48;3638;3615;23;12376;12342;34;342
2020;06;01;HOTEL;TT;TODAS CONSOLIDADAS;APURÍMAC;030000;5;151;266;24,02;16,78;2,01;2,01;2;667;666;1;1339;1337;2;28
2020;06;01;HOTEL;TT;TODAS CONSOLIDADAS;AREQUIPA;040000;99;3301;5928;35,23;20,97;5,2;5,19;8,13;7179;7163;16;37300;37170;130;802
2020;06;01;HOTEL;TT;TODAS CONSOLIDADAS;AYACUCHO;050000;16;494;922;3,21;2,02;8,62;3,35;23,47;65;48;17;560;161;399;65
2020;06;01;HOTEL;TT;TODAS CONSOLIDADAS;CAJAMARCA;060000;81;2476;4091;25,03;11,21;5,58;8,11;1;2465;1587;878;13754;12876;878;405
2020;06;01;HOTEL;TT;TODAS CONSOLIDADAS;CUSCO;080000;100;3555;6685;21,81;12,66;7,38;7,39;1;3439;3437;2;25396;25394;2;694
2020;06;01;HOTEL;TT;TODAS CONSOLIDADAS;HUANCAVELICA;090000;3;84;141;16,83;12,25;2,85;2,85;0;182;182;0;518;518;0;18
2020;06;01;HOTEL;TT;TODAS CONSOLIDADAS;HUÁNUCO;100000;45;1448;2329;4,48;3,38;1,74;1,75;1;1354;1351;3;2361;2358;3;264
2020;06;01;HOTEL;TT;TODAS CONSOLIDADAS;ICA;110000;98;3137;5828;35,4;27,17;9,67;9,67;8,43;4912;4905;7;47501;47442;59;604
2020;06;01;HOTEL;TT;TODAS CONSOLIDADAS;JUNÍN;120000;32;1023;1879;22,11;11,95;4,43;4,44;2;1520;1516;4;6739;6731;8;245
2020;06;01;HOTEL;TT;TODAS CONSOLIDADAS;LA LIBERTAD;130000;98;2994;5665;12,98;11,41;2,82;2,82;2,63;6876;6719;157;19385;18972;413;480
2020;06;01;HOTEL;TT;TODAS CONSOLIDADAS;LAMBAYEQUE;140000;77;2555;4009;12,25;8,83;1,14;1,13;2,05;9332;9258;74;10614;10462;152;611
2020;06;01;HOTEL;TT;TODAS CONSOLIDADAS;LIMA;150000;244;16216;29388;47,02;31,96;5,19;5,17;5,41;61877;58434;3443;320884;302268;18616;6739
2020;06;01;HOTEL;TT;TODAS CONSOLIDADAS;MADRE DE DIOS;170000;3;116;226;24,02;21,84;13,34;13,45;2;111;110;1;1481;1479;2;17
2020;06;01;HOTEL;TT;TODAS CONSOLIDADAS;MOQUEGUA;180000;20;643;1107;10,08;8,7;2,52;2,52;2,68;1146;1118;28;2890;2815;75;108
2020;06;01;HOTEL;TT;TODAS CONSOLIDADAS;PIURA;200000;27;935;1628;12,1;7,76;4,78;4,74;6,63;794;778;16;3792;3686;106;177
2020;06;01;HOTEL;TT;TODAS CONSOLIDADAS;TACNA;230000;48;1543;3148;22,79;15,27;10,06;10,01;0;1434;1434;0;14424;14359;65;288
2020;06;01;HOTEL;TT;TODAS CONSOLIDADAS;TUMBES;240000;8;334;633;,04;,02;1;1;0;3;3;0;3;3;0;12
2020;06;01;HOTEL;TT;TODAS CONSOLIDADAS;UCAYALI;250000;18;829;1413;15,67;10,96;9,35;8,49;33,53;497;480;17;4646;4076;570;180
2020;06;02;APART HOTEL;03;3 ESTRELLAS;ICA;110000;1;17;34;11,37;7,65;1;1;0;78;78;0;78;78;0;4
2020;06;02;APART HOTEL;03;3 ESTRELLAS;LIMA;150000;7;177;324;32,09;38,62;12,35;12,47;11,2;304;274;30;3754;3418;336;49
2020;06;02;APART HOTEL;03;3 ESTRELLAS;LORETO;160000;1;45;94;,59;,35;1;1;0;10;10;0;10;10;0;12
2020;06;02;APART HOTEL;04;4 ESTRELLAS;AREQUIPA;040000;1;19;36;5,96;3,15;3,4;2,67;10;10;9;1;34;24;10;5
2020;06;02;APART HOTEL;04;4 ESTRELLAS;LIMA;150000;8;453;902;60,38;47,12;8,16;7,99;31;1562;1550;12;12751;12379;372;217
2020;06;02;APART HOTEL;04;4 ESTRELLAS;SAN MARTÍN;220000;1;20;49;5;2,04;30;30;0;1;1;0;30;30;0;8
2020;06;02;APART HOTEL;05;5 ESTRELLAS;LIMA;150000;4;264;428;46,46;39,42;5,18;5,18;0;978;978;0;5062;5062;0;112
2020;06;02;APART HOTEL;TT;TODAS CONSOLIDADAS;AREQUIPA;040000;1;19;36;5,96;3,15;3,4;2,67;10;10;9;1;34;24;10;5
2020;06;02;APART HOTEL;TT;TODAS CONSOLIDADAS;ICA;110000;1;17;34;11,37;7,65;1;1;0;78;78;0;78;78;0;4
2020;06;02;APART HOTEL;TT;TODAS CONSOLIDADAS;LIMA;150000;19;894;1654;50,67;43,46;7,58;7,44;16,86;2844;2802;42;21567;20859;708;378
2020;06;02;APART HOTEL;TT;TODAS CONSOLIDADAS;SAN MARTÍN;220000;1;20;49;5;2,04;30;30;0;1;1;0;30;30;0;8
2020;06;03;HOSTAL;01;1 ESTRELLA;AMAZONAS;010000;2;20;21;0;0;0;0;0;0;0;0;0;0;0;0
2020;06;03;HOSTAL;01;1 ESTRELLA;AYACUCHO;050000;1;21;33;38,41;38,79;9,14;9,14;0;42;42;0;384;384;0;4
2020;06;03;HOSTAL;01;1 ESTRELLA;CALLAO;070000;4;63;126;0;0;0;0;0;0;0;0;0;0;0;0
2020;06;03;HOSTAL;01;1 ESTRELLA;CUSCO;080000;1;32;53;1,98;1,51;1,41;1,41;0;17;17;0;24;24;0;3
2020;06;03;HOSTAL;01;1 ESTRELLA;HUANCAVELICA;090000;1;21;34;15,24;9,61;1,04;1,04;0;94;94;0;98;98;0;3
2020;06;03;HOSTAL;01;1 ESTRELLA;JUNÍN;120000;1;16;27;16,67;9,88;1,36;1,36;0;59;59;0;80;80;0;4
2020;06;03;HOSTAL;01;1 ESTRELLA;LA LIBERTAD;130000;1;16;25;2,92;2,67;1;1;0;20;20;0;20;20;0;3
2020;06;03;HOSTAL;01;1 ESTRELLA;LIMA;150000;52;1028;2108;2,53;1,27;1;1;0;916;916;0;916;916;0;212
2020;06;03;HOSTAL;01;1 ESTRELLA;MOQUEGUA;180000;1;8;15;2,5;1,33;3;3;0;2;2;0;6;6;0;1
2020;06;03;HOSTAL;01;1 ESTRELLA;PASCO;190000;1;13;22;,26;,15;1;1;0;1;1;0;1;1;0;2
2020;06;03;HOSTAL;02;2 ESTRELLAS;AMAZONAS;010000;12;167;237;21,72;10,82;1;1;0;769;769;0;769;769;0;27
2020;06;03;HOSTAL;02;2 ESTRELLAS;APURÍMAC;030000;1;28;42;18,81;12,54;1;1;0;158;158;0;158;158;0;4
2020;06;03;HOSTAL;02;2 ESTRELLAS;CUSCO;080000;4;63;93;17,35;12,37;2,02;1,94;5,25;171;167;4;345;324;21;10
2020;06;03;HOSTAL;02;2 ESTRELLAS;HUÁNUCO;100000;1;31;39;0;0;0;0;0;0;0;0;0;0;0;0
2020;06;03;HOSTAL;02;2 ESTRELLAS;LA LIBERTAD;130000;2;56;92;34,88;24,78;1;1;1;684;669;15;684;669;15;9
2020;06;03;HOSTAL;02;2 ESTRELLAS;LAMBAYEQUE;140000;2;65;104;3,23;2,05;10,67;10,67;0;6;6;0;64;64;0;12
2020;06;03;HOSTAL;02;2 ESTRELLAS;LIMA;150000;95;2070;3883;14,48;12,59;2,54;2,53;2,81;9700;9453;247;24653;23959;694;513
2020;06;03;HOSTAL;02;2 ESTRELLAS;MOQUEGUA;180000;5;72;143;6,57;5,48;4,61;4,76;1;51;49;2;235;233;2;11
2020;06;03;HOSTAL;02;2 ESTRELLAS;PUNO;210000;2;48;86;15,07;10,19;1,23;1,23;0;214;214;0;263;263;0;8
2020;06;03;HOSTAL;02;2 ESTRELLAS;TACNA;230000;1;14;26;0;0;0;0;0;0;0;0;0;0;0;0
2020;06;03;HOSTAL;02;2 ESTRELLAS;UCAYALI;250000;1;37;59;7,12;5,37;1,4;1,4;0;68;68;0;95;95;0;4
2020;06;03;HOSTAL;03;3 ESTRELLAS;APURÍMAC;030000;1;24;43;6,25;3,49;2,37;2,37;0;19;19;0;45;45;0;7
2020;06;03;HOSTAL;03;3 ESTRELLAS;CAJAMARCA;060000;2;22;40;0;0;0;0;0;0;0;0;0;0;0;0
2020;06;03;HOSTAL;03;3 ESTRELLAS;ICA;110000;5;140;263;26,57;14,3;4,41;4,41;0;256;256;0;1128;1128;0;41
2020;06;03;HOSTAL;03;3 ESTRELLAS;LA LIBERTAD;130000;2;40;78;16,33;8,46;1,37;1,37;1;145;143;2;198;196;2;10
2020;06;03;HOSTAL;03;3 ESTRELLAS;LAMBAYEQUE;140000;1;14;24;13,33;11,11;1,45;1,5;1;55;50;5;80;75;5;12
2020;06;03;HOSTAL;03;3 ESTRELLAS;LIMA;150000;10;184;366;32,67;21,13;2,33;2,34;1,86;1027;1019;8;2394;2380;14;37
2020;06;03;HOSTAL;03;3 ESTRELLAS;MADRE DE DIOS;170000;1;22;29;2,12;3,33;2,07;2,07;0;14;14;0;29;29;0;2
2020;06;03;HOSTAL;03;3 ESTRELLAS;TACNA;230000;1;20;42;3,83;1,9;3;3;0;8;8;0;24;24;0;3
2020;06;01;HOTEL;05;5 ESTRELLAS;CUSCO;080000;1;93;188;35,02;17,32;7,63;7,74;1;128;126;2;977;975;2;14
2020;06;03;HOSTAL;03;3 ESTRELLAS;CUSCO;080000;2;55;110;15,15;11,15;10,51;10,51;0;35;35;0;368;368;0;14
2020;06;01;HOTEL;TT;TODAS CONSOLIDADAS;CALLAO;070000;4;490;852;50,05;39,85;8,63;10,64;2,19;1180;900;280;10185;9572;613;169
2020;06;01;HOTEL;TT;TODAS CONSOLIDADAS;PUNO;210000;49;1614;3014;38,81;29,73;6,04;6,34;2,29;4448;4128;320;26886;26154;732;432
2020;06;01;HOTEL;TT;TODAS CONSOLIDADAS;SAN MARTÍN;220000;41;1249;2104;2,37;3,48;2,7;2,71;1,67;813;810;3;2198;2193;5;109
2020;06;01;HOTEL;TT;TODAS CONSOLIDADAS;LORETO;160000;34;1102;1821;15,7;10,52;6,19;5,78;22,48;928;905;23;5745;5228;517;244
2020;06;02;APART HOTEL;TT;TODAS CONSOLIDADAS;LORETO;160000;1;45;94;,59;,35;1;1;0;10;10;0;10;10;0;12
2020;06;01;HOTEL;TT;TODAS CONSOLIDADAS;PASCO;190000;8;243;428;0;0;0;0;0;0;0;0;0;0;0;0
2020;06;03;HOSTAL;01;1 ESTRELLA;AREQUIPA;040000;4;68;97;11,42;9,28;1,73;1,73;0;156;156;0;270;270;0;11
2020;06;03;HOSTAL;02;2 ESTRELLAS;ÁNCASH;020000;7;176;339;18,88;17,52;1,25;1,14;7;1428;1402;26;1782;1600;182;28
2020;06;03;HOSTAL;02;2 ESTRELLAS;CAJAMARCA;060000;1;38;63;0;0;0;0;0;0;0;0;0;0;0;0
2020;06;03;HOSTAL;02;2 ESTRELLAS;CALLAO;070000;3;80;160;87,9;87,9;1;1;1;4905;4877;29;4905;4877;29;26
2020;06;03;HOSTAL;02;2 ESTRELLAS;JUNÍN;120000;1;27;38;3,58;8,6;3,38;3,38;0;29;29;0;98;98;0;2
2020;06;03;HOSTAL;02;2 ESTRELLAS;PIURA;200000;3;64;112;18,44;17,02;1,79;1,76;3;320;314;6;572;554;18;14
2020;06;03;HOSTAL;03;3 ESTRELLAS;SAN MARTÍN;220000;2;38;63;1,75;1,43;1,93;1,93;0;14;14;0;27;27;0;14
2020;06;03;HOSTAL;02;2 ESTRELLAS;AREQUIPA;040000;9;132;214;9,49;7,38;1,35;1,33;5;352;350;2;474;464;10;22
2020;06;03;HOSTAL;03;3 ESTRELLAS;AREQUIPA;040000;6;132;202;34,02;24,79;3,22;3,22;0;466;466;0;1502;1502;0;29
2020;06;03;HOSTAL;TT;TODAS CONSOLIDADAS;AMAZONAS;010000;14;187;258;19,39;9,94;1;1;0;769;769;0;769;769;0;27
2020;06;03;HOSTAL;TT;TODAS CONSOLIDADAS;ÁNCASH;020000;7;176;339;18,88;17,52;1,25;1,14;7;1428;1402;26;1782;1600;182;28
2020;06;03;HOSTAL;TT;TODAS CONSOLIDADAS;APURÍMAC;030000;2;52;85;13,01;7,96;1,15;1,15;0;177;177;0;203;203;0;11
2020;06;03;HOSTAL;TT;TODAS CONSOLIDADAS;AREQUIPA;040000;19;332;513;19,64;14,59;2,31;2,3;5;974;972;2;2246;2236;10;62
2020;06;03;HOSTAL;TT;TODAS CONSOLIDADAS;AYACUCHO;050000;1;21;33;38,41;38,79;9,14;9,14;0;42;42;0;384;384;0;4
2020;06;03;HOSTAL;TT;TODAS CONSOLIDADAS;CAJAMARCA;060000;3;60;103;0;0;0;0;0;0;0;0;0;0;0;0
2020;06;03;HOSTAL;TT;TODAS CONSOLIDADAS;CALLAO;070000;7;143;286;62,64;62,64;1;1;1;5723;5689;33;5723;5689;33;30
2020;06;03;HOSTAL;TT;TODAS CONSOLIDADAS;CUSCO;080000;7;150;256;13,27;9,6;3,3;3,27;5,25;223;219;4;737;716;21;27
2020;06;03;HOSTAL;TT;TODAS CONSOLIDADAS;HUANCAVELICA;090000;1;21;34;15,24;9,61;1,04;1,04;0;94;94;0;98;98;0;3
2020;06;03;HOSTAL;TT;TODAS CONSOLIDADAS;HUÁNUCO;100000;1;31;39;0;0;0;0;0;0;0;0;0;0;0;0
2020;06;03;HOSTAL;TT;TODAS CONSOLIDADAS;ICA;110000;5;140;263;26,57;14,3;4,41;4,41;0;256;256;0;1128;1128;0;41
2020;06;03;HOSTAL;TT;TODAS CONSOLIDADAS;JUNÍN;120000;2;43;65;8,45;9,13;2,02;2,02;0;88;88;0;178;178;0;6
2020;06;03;HOSTAL;TT;TODAS CONSOLIDADAS;LA LIBERTAD;130000;5;112;195;23,69;15,42;1,06;1,06;1;849;832;17;902;885;17;22
2020;06;03;HOSTAL;TT;TODAS CONSOLIDADAS;LAMBAYEQUE;140000;3;79;128;5,02;3,75;2,36;2,48;1;61;56;5;144;139;5;24
2020;06;03;HOSTAL;TT;TODAS CONSOLIDADAS;LIMA;150000;157;3282;6357;13,67;10,18;2,29;2,29;2,61;10666;10504;162;24428;24006;422;687
2020;06;03;HOSTAL;TT;TODAS CONSOLIDADAS;MADRE DE DIOS;170000;1;22;29;2,12;3,33;2,07;2,07;0;14;14;0;29;29;0;2
2020;06;03;HOSTAL;TT;TODAS CONSOLIDADAS;MOQUEGUA;180000;6;80;158;6,17;5,08;4,55;4,69;1;53;51;2;241;239;2;12
2020;06;03;HOSTAL;TT;TODAS CONSOLIDADAS;PASCO;190000;1;13;22;,26;,15;1;1;0;1;1;0;1;1;0;2
2020;06;03;HOSTAL;TT;TODAS CONSOLIDADAS;PIURA;200000;3;64;112;18,44;17,02;1,79;1,76;3;320;314;6;572;554;18;14
2020;06;03;HOSTAL;TT;TODAS CONSOLIDADAS;PUNO;210000;2;48;86;15,07;10,19;1,23;1,23;0;214;214;0;263;263;0;8
2020;06;03;HOSTAL;TT;TODAS CONSOLIDADAS;SAN MARTÍN;220000;2;38;63;1,75;1,43;1,93;1,93;0;14;14;0;27;27;0;14
2020;06;03;HOSTAL;TT;TODAS CONSOLIDADAS;TACNA;230000;2;34;68;2,25;1,18;3;3;0;8;8;0;24;24;0;3
2020;06;03;HOSTAL;TT;TODAS CONSOLIDADAS;UCAYALI;250000;1;37;59;7,12;5,37;1,4;1,4;0;68;68;0;95;95;0;4
2020;06;05;ALBERGUE;12;ALBERGUE;LIMA;150000;7;125;401;5,2;6,44;55,36;55,92;52;14;12;2;775;671;104;33
2020;06;05;ALBERGUE;12;ALBERGUE;UCAYALI;250000;1;15;46;1,11;,58;0;0;0;0;0;0;8;0;8;8
2020;06;05;ALBERGUE;TT;TODAS CONSOLIDADAS;LIMA;150000;7;125;401;5,2;6,44;55,36;55,92;52;14;12;2;775;671;104;33
2020;06;05;ALBERGUE;TT;TODAS CONSOLIDADAS;UCAYALI;250000;1;15;46;1,11;,58;0;0;0;0;0;0;8;0;8;8
2020;06;14;RESORT;05;5 ESTRELLAS;ICA;110000;2;235;490;15,23;7,99;4,79;4,58;30;245;243;2;1174;1114;60;293
2020;06;14;RESORT;TT;TODAS CONSOLIDADAS;ICA;110000;2;235;490;15,23;7,99;4,79;4,58;30;245;243;2;1174;1114;60;293
2020;06;TT;TODAS CONSOLIDADAS;00;NO CATEGORIZADO;AMAZONAS;010000;4;58;90;,52;,56;1,67;1,67;0;9;9;0;15;15;0;2
2020;06;TT;TODAS CONSOLIDADAS;00;NO CATEGORIZADO;ÁNCASH;020000;8;165;302;1,01;,96;1,23;1,23;0;71;71;0;87;87;0;17
2020;06;TT;TODAS CONSOLIDADAS;00;NO CATEGORIZADO;APURÍMAC;030000;14;270;440;5,64;3,86;1,34;1,34;0;380;380;0;510;510;0;44
2020;06;TT;TODAS CONSOLIDADAS;00;NO CATEGORIZADO;AREQUIPA;040000;18;320;586;16,01;12,28;3,37;3,28;0;640;640;0;2158;2098;60;66
2020;06;TT;TODAS CONSOLIDADAS;00;NO CATEGORIZADO;AYACUCHO;050000;2;13;16;4,87;4,17;1;1;0;20;20;0;20;20;0;3
2020;06;TT;TODAS CONSOLIDADAS;00;NO CATEGORIZADO;CALLAO;070000;235;3083;5643;9,4;9,16;1;1;0;28055;28055;0;28055;28055;0;181
2020;06;TT;TODAS CONSOLIDADAS;00;NO CATEGORIZADO;CUSCO;080000;33;653;1061;11,48;7,48;1,2;1,17;8,5;1980;1970;10;2381;2296;85;101
2020;06;TT;TODAS CONSOLIDADAS;00;NO CATEGORIZADO;HUANCAVELICA;090000;5;183;278;20,66;19,59;2,37;2,37;0;689;689;0;1634;1634;0;29
2020;06;TT;TODAS CONSOLIDADAS;00;NO CATEGORIZADO;ICA;110000;8;187;359;12,44;8,7;4,88;4,88;0;192;192;0;937;937;0;27
2020;06;TT;TODAS CONSOLIDADAS;00;NO CATEGORIZADO;JUNÍN;120000;24;456;832;8,41;4,99;2,22;2,22;0;561;561;0;1246;1246;0;84
2020;06;TT;TODAS CONSOLIDADAS;00;NO CATEGORIZADO;LA LIBERTAD;130000;4;81;145;0;0;0;0;0;0;0;0;0;0;0;0
2020;06;TT;TODAS CONSOLIDADAS;00;NO CATEGORIZADO;LAMBAYEQUE;140000;3;50;80;11,07;7,54;2,66;2,66;0;68;68;0;181;181;0;6
2020;06;TT;TODAS CONSOLIDADAS;00;NO CATEGORIZADO;LIMA;150000;6078;52066;90287;15,41;16,48;1,87;1,89;1,13;1127852;1089673;38179;2106410;2063098;43311;40610
2020;06;TT;TODAS CONSOLIDADAS;00;NO CATEGORIZADO;LORETO;160000;4;64;114;2,45;1,37;5,22;2,25;29;9;8;1;47;18;29;12
2020;06;TT;TODAS CONSOLIDADAS;00;NO CATEGORIZADO;MADRE DE DIOS;170000;16;367;590;18,96;14,9;1,69;1,48;12,23;1560;1529;31;2637;2258;379;56
2020;06;TT;TODAS CONSOLIDADAS;00;NO CATEGORIZADO;MOQUEGUA;180000;5;105;183;5,37;3,21;1,56;1,56;1;113;112;1;176;175;1;19
2020;06;TT;TODAS CONSOLIDADAS;00;NO CATEGORIZADO;PIURA;200000;18;358;542;28,66;21,01;6,01;4,48;36,74;568;541;27;3416;2424;992;89
2020;06;TT;TODAS CONSOLIDADAS;00;NO CATEGORIZADO;PUNO;210000;15;247;391;13,2;9,36;1,72;1,72;1;640;639;1;1098;1097;1;44
2020;06;TT;TODAS CONSOLIDADAS;00;NO CATEGORIZADO;TACNA;230000;4;63;120;,42;,19;1;1;0;7;7;0;7;7;0;7
2020;06;TT;TODAS CONSOLIDADAS;00;NO CATEGORIZADO;UCAYALI;250000;9;132;193;17,05;12,73;2,35;2,23;9,8;314;309;5;737;688;49;23
2020;06;TT;TODAS CONSOLIDADAS;01;1 ESTRELLA;ÁNCASH;020000;3;82;112;0;0;0;0;0;0;0;0;0;0;0;0
2020;06;TT;TODAS CONSOLIDADAS;01;1 ESTRELLA;AREQUIPA;040000;9;246;382;3,16;2,36;1,73;1,73;0;156;156;0;270;270;0;11
2020;06;TT;TODAS CONSOLIDADAS;01;1 ESTRELLA;CAJAMARCA;060000;4;120;193;0;0;0;0;0;0;0;0;0;0;0;0
2020;06;TT;TODAS CONSOLIDADAS;00;NO CATEGORIZADO;CAJAMARCA;060000;6;136;211;5,15;3,57;1;1;0;226;226;0;226;226;0;5
2020;06;TT;TODAS CONSOLIDADAS;00;NO CATEGORIZADO;PASCO;190000;4;69;147;44,3;21,25;10,18;10,26;8;92;89;3;937;913;24;8
2020;06;TT;TODAS CONSOLIDADAS;00;NO CATEGORIZADO;TUMBES;240000;7;99;187;39,29;42,42;1,11;4,4;1,03;2140;53;2087;2380;233;2147;22
2020;06;TT;TODAS CONSOLIDADAS;01;1 ESTRELLA;AYACUCHO;050000;6;151;249;5,34;5,14;9,14;9,14;0;42;42;0;384;384;0;4
2020;06;TT;TODAS CONSOLIDADAS;00;NO CATEGORIZADO;HUÁNUCO;100000;14;314;400;11,13;9,95;1,16;1,16;1,89;1027;1018;9;1194;1177;17;51
2020;06;TT;TODAS CONSOLIDADAS;00;NO CATEGORIZADO;SAN MARTÍN;220000;10;110;155;42,73;48,39;30;30;0;75;75;0;2250;2250;0;10
2020;06;TT;TODAS CONSOLIDADAS;01;1 ESTRELLA;AMAZONAS;010000;2;20;21;0;0;0;0;0;0;0;0;0;0;0;0
2020;06;TT;TODAS CONSOLIDADAS;01;1 ESTRELLA;CALLAO;070000;4;63;126;0;0;0;0;0;0;0;0;0;0;0;0
2020;06;TT;TODAS CONSOLIDADAS;01;1 ESTRELLA;CUSCO;080000;6;133;250;,48;,32;1,41;1,41;0;17;17;0;24;24;0;3
2020;06;TT;TODAS CONSOLIDADAS;01;1 ESTRELLA;HUANCAVELICA;090000;1;21;34;15,24;9,61;1,04;1,04;0;94;94;0;98;98;0;3
2020;06;TT;TODAS CONSOLIDADAS;01;1 ESTRELLA;HUÁNUCO;100000;8;240;357;11,33;8,4;22,5;22,5;0;40;40;0;900;900;0;40
2020;06;TT;TODAS CONSOLIDADAS;01;1 ESTRELLA;ICA;110000;4;82;108;0;0;0;0;0;0;0;0;0;0;0;0
2020;06;TT;TODAS CONSOLIDADAS;01;1 ESTRELLA;JUNÍN;120000;2;32;51;8,33;5,23;1,36;1,36;0;59;59;0;80;80;0;4
2020;06;TT;TODAS CONSOLIDADAS;01;1 ESTRELLA;LA LIBERTAD;130000;3;62;113;,75;,59;1;1;0;20;20;0;20;20;0;3
2020;06;TT;TODAS CONSOLIDADAS;01;1 ESTRELLA;LAMBAYEQUE;140000;4;124;188;0;0;0;0;0;0;0;0;0;0;0;0
2020;06;TT;TODAS CONSOLIDADAS;01;1 ESTRELLA;LIMA;150000;56;1193;2421;2,53;1,27;1;1;0;986;986;0;986;986;0;228
2020;06;TT;TODAS CONSOLIDADAS;01;1 ESTRELLA;MADRE DE DIOS;170000;1;20;34;50;29,41;30;30;0;10;10;0;300;300;0;3
2020;06;TT;TODAS CONSOLIDADAS;01;1 ESTRELLA;MOQUEGUA;180000;2;28;56;,71;,36;3;3;0;2;2;0;6;6;0;1
2020;06;TT;TODAS CONSOLIDADAS;01;1 ESTRELLA;PASCO;190000;3;85;153;,04;,02;1;1;0;1;1;0;1;1;0;2
2020;06;TT;TODAS CONSOLIDADAS;01;1 ESTRELLA;PIURA;200000;2;53;83;0;0;0;0;0;0;0;0;0;0;0;0
2020;06;TT;TODAS CONSOLIDADAS;01;1 ESTRELLA;PUNO;210000;4;101;178;39,7;46,29;9,97;9,97;0;248;248;0;2472;2472;0;16
2020;06;TT;TODAS CONSOLIDADAS;01;1 ESTRELLA;SAN MARTÍN;220000;6;126;199;0;0;0;0;0;0;0;0;0;0;0;0
2020;06;TT;TODAS CONSOLIDADAS;01;1 ESTRELLA;TACNA;230000;2;57;112;3,98;2,17;6,64;6,64;0;11;11;0;73;73;0;5
2020;06;TT;TODAS CONSOLIDADAS;02;2 ESTRELLAS;AMAZONAS;010000;34;765;1155;5,25;2,47;1,05;1,05;0;818;818;0;857;857;0;126
2020;06;TT;TODAS CONSOLIDADAS;02;2 ESTRELLAS;ÁNCASH;020000;41;1100;2022;18,24;14,87;2,68;2,64;7;3372;3346;26;9021;8839;182;178
2020;06;TT;TODAS CONSOLIDADAS;02;2 ESTRELLAS;APURÍMAC;030000;3;81;136;21,69;13,09;1;1;0;534;534;0;534;534;0;12
2020;06;TT;TODAS CONSOLIDADAS;02;2 ESTRELLAS;AYACUCHO;050000;7;213;426;0;0;0;0;0;0;0;0;0;0;0;0
2020;06;TT;TODAS CONSOLIDADAS;02;2 ESTRELLAS;CAJAMARCA;060000;29;854;1336;4,13;2,85;1;1;1;1141;263;878;1141;263;878;136
2020;06;TT;TODAS CONSOLIDADAS;02;2 ESTRELLAS;CALLAO;070000;3;80;160;87,9;87,9;1;1;1;4905;4877;29;4905;4877;29;26
2020;06;TT;TODAS CONSOLIDADAS;02;2 ESTRELLAS;CUSCO;080000;44;1065;1851;17,11;9,01;5,33;5,33;5,25;938;934;4;5002;4981;21;161
2020;06;TT;TODAS CONSOLIDADAS;02;2 ESTRELLAS;HUANCAVELICA;090000;2;42;73;22,54;17,26;2,33;2,33;0;162;162;0;378;378;0;11
2020;06;TT;TODAS CONSOLIDADAS;02;2 ESTRELLAS;HUÁNUCO;100000;30;890;1376;3,8;3,1;1,1;1,1;0;1159;1159;0;1280;1280;0;146
2020;06;TT;TODAS CONSOLIDADAS;02;2 ESTRELLAS;ICA;110000;47;1264;2181;32,69;28,41;18,68;18,68;0;995;995;0;18588;18588;0;218
2020;06;TT;TODAS CONSOLIDADAS;02;2 ESTRELLAS;JUNÍN;120000;16;442;774;6,31;4,35;2,25;2,25;4;449;448;1;1010;1006;4;68
2020;06;TT;TODAS CONSOLIDADAS;02;2 ESTRELLAS;LA LIBERTAD;130000;23;645;1165;3,03;1,96;1;1;1;684;669;15;684;669;15;9
2020;06;TT;TODAS CONSOLIDADAS;02;2 ESTRELLAS;LAMBAYEQUE;140000;50;1452;2173;11,96;9,34;1,01;1,01;1;6033;6007;26;6091;6065;26;243
2020;06;TT;TODAS CONSOLIDADAS;02;2 ESTRELLAS;LORETO;160000;10;257;412;2,33;1,7;1;1;0;210;210;0;210;210;0;45
2020;06;TT;TODAS CONSOLIDADAS;02;2 ESTRELLAS;MADRE DE DIOS;170000;1;35;70;,1;,05;1;1;0;1;1;0;1;1;0;3
2020;06;TT;TODAS CONSOLIDADAS;02;2 ESTRELLAS;MOQUEGUA;180000;16;366;610;4,66;3,8;3,02;3,11;2,38;230;201;29;695;626;69;66
2020;06;TT;TODAS CONSOLIDADAS;02;2 ESTRELLAS;PASCO;190000;3;84;127;0;0;0;0;0;0;0;0;0;0;0;0
2020;06;TT;TODAS CONSOLIDADAS;02;2 ESTRELLAS;PIURA;200000;17;409;688;15,53;10,23;2,72;2,72;3;776;770;6;2111;2093;18;78
2020;06;TT;TODAS CONSOLIDADAS;02;2 ESTRELLAS;PUNO;210000;21;486;873;3,76;3,59;1,6;1,6;0;586;586;0;939;939;0;83
2020;06;TT;TODAS CONSOLIDADAS;02;2 ESTRELLAS;SAN MARTÍN;220000;17;480;781;0;0;0;0;0;0;0;0;0;0;0;0
2020;06;TT;TODAS CONSOLIDADAS;02;2 ESTRELLAS;TACNA;230000;33;891;1808;11,65;6,34;10,91;10,91;0;315;315;0;3438;3438;0;149
2020;06;TT;TODAS CONSOLIDADAS;02;2 ESTRELLAS;TUMBES;240000;2;100;168;,13;,06;1;1;0;3;3;0;3;3;0;12
2020;06;TT;TODAS CONSOLIDADAS;02;2 ESTRELLAS;UCAYALI;250000;3;88;140;2,99;2,26;1,4;1,4;0;68;68;0;95;95;0;4
2020;06;TT;TODAS CONSOLIDADAS;03;3 ESTRELLAS;AMAZONAS;010000;15;365;629;6,77;5,9;1,01;1,01;1;1106;1093;13;1114;1101;13;59
2020;06;TT;TODAS CONSOLIDADAS;03;3 ESTRELLAS;ÁNCASH;020000;31;1019;1754;14,42;9,76;3,03;3,05;1,48;1694;1671;23;5137;5103;34;192
2020;06;TT;TODAS CONSOLIDADAS;03;3 ESTRELLAS;APURÍMAC;030000;4;122;215;20,87;15,63;3,25;3,26;2;310;309;1;1008;1006;2;27
2020;06;TT;TODAS CONSOLIDADAS;03;3 ESTRELLAS;AYACUCHO;050000;4;151;280;10,51;6,67;8,62;3,35;23,47;65;48;17;560;161;399;65
2020;06;TT;TODAS CONSOLIDADAS;03;3 ESTRELLAS;CAJAMARCA;060000;51;1562;2665;37,42;15,78;9,53;9,53;0;1324;1324;0;12613;12613;0;269
2020;06;TT;TODAS CONSOLIDADAS;03;3 ESTRELLAS;CALLAO;070000;2;119;220;16,95;12,02;4,15;3,73;15,29;191;184;7;793;686;107;30
2020;06;TT;TODAS CONSOLIDADAS;03;3 ESTRELLAS;CUSCO;080000;53;2060;3977;26,02;15,77;7,64;7,64;0;2463;2463;0;18811;18811;0;380
2020;06;TT;TODAS CONSOLIDADAS;03;3 ESTRELLAS;HUANCAVELICA;090000;1;42;68;11,11;6,86;7;7;0;20;20;0;140;140;0;7
2020;06;TT;TODAS CONSOLIDADAS;03;3 ESTRELLAS;HUÁNUCO;100000;8;349;635;1,13;,95;1,17;1,17;1;155;152;3;181;178;3;78
2020;06;TT;TODAS CONSOLIDADAS;03;3 ESTRELLAS;ICA;110000;50;1682;3354;30,97;22,63;6,13;6,13;7;3716;3714;2;22775;22761;14;355
2020;06;TT;TODAS CONSOLIDADAS;03;3 ESTRELLAS;JUNÍN;120000;15;552;1053;29,1;14,77;4,58;4,59;1,33;1020;1017;3;4667;4663;4;160
2020;06;TT;TODAS CONSOLIDADAS;03;3 ESTRELLAS;LA LIBERTAD;130000;74;2145;4111;15,58;14,22;2,67;2,67;2,62;6561;6436;125;17538;17210;328;369
2020;06;TT;TODAS CONSOLIDADAS;03;3 ESTRELLAS;LAMBAYEQUE;140000;22;771;1321;12,47;8,2;1,05;1,05;1,04;3103;3078;25;3248;3222;26;162
2020;06;TT;TODAS CONSOLIDADAS;03;3 ESTRELLAS;LIMA;150000;127;6205;11534;38,08;27,32;5,44;5,31;8,9;17473;16842;631;95060;89442;5617;1355
2020;06;TT;TODAS CONSOLIDADAS;03;3 ESTRELLAS;LORETO;160000;22;740;1265;16,05;9,14;6,01;5,99;7,09;577;566;11;3470;3392;78;138
2020;06;TT;TODAS CONSOLIDADAS;03;3 ESTRELLAS;MADRE DE DIOS;170000;2;83;151;22,05;26,69;10,61;10,68;2;114;113;1;1209;1207;2;13
2020;06;TT;TODAS CONSOLIDADAS;03;3 ESTRELLAS;MOQUEGUA;180000;6;206;367;16,67;13,62;1,69;1,69;0;885;885;0;1500;1500;0;38
2020;06;TT;TODAS CONSOLIDADAS;03;3 ESTRELLAS;PASCO;190000;3;87;170;0;0;0;0;0;0;0;0;0;0;0;0
2020;06;TT;TODAS CONSOLIDADAS;03;3 ESTRELLAS;PIURA;200000;8;273;461;4,2;4,56;4,67;4,67;0;135;135;0;631;631;0;40
2020;06;TT;TODAS CONSOLIDADAS;03;3 ESTRELLAS;PUNO;210000;20;614;1164;50,31;29,23;9,33;9,33;0;1094;1094;0;10206;10206;0;152
2020;06;TT;TODAS CONSOLIDADAS;03;3 ESTRELLAS;SAN MARTÍN;220000;20;681;1187;4,44;6,25;2,69;2,69;1,67;827;824;3;2225;2220;5;123
2020;06;TT;TODAS CONSOLIDADAS;03;3 ESTRELLAS;TUMBES;240000;5;179;349;0;0;0;0;0;0;0;0;0;0;0;0
2020;06;TT;TODAS CONSOLIDADAS;03;3 ESTRELLAS;UCAYALI;250000;11;419;684;18,62;13,54;9,96;9,58;22,63;279;271;8;2778;2597;181;96
2020;06;TT;TODAS CONSOLIDADAS;04;4 ESTRELLAS;CALLAO;070000;2;371;632;60,66;49,54;9,5;12,41;1,85;989;716;273;9392;8886;506;139
2020;06;TT;TODAS CONSOLIDADAS;04;4 ESTRELLAS;CUSCO;080000;3;354;675;12,34;6,51;11,37;11,37;0;116;116;0;1319;1319;0;163
2020;06;TT;TODAS CONSOLIDADAS;04;4 ESTRELLAS;ICA;110000;3;266;482;81,08;50,79;13,73;13,77;9;535;530;5;7344;7299;45;76
2020;06;TT;TODAS CONSOLIDADAS;04;4 ESTRELLAS;JUNÍN;120000;1;40;66;96,67;58,59;14,5;14,5;0;80;80;0;1160;1160;0;19
2020;06;TT;TODAS CONSOLIDADAS;04;4 ESTRELLAS;LAMBAYEQUE;140000;4;287;455;16,45;10,4;5,52;5,74;3,75;257;229;28;1419;1314;105;230
2020;06;TT;TODAS CONSOLIDADAS;04;4 ESTRELLAS;LIMA;150000;43;3937;6976;56,85;40,06;5,35;5,32;6,19;15661;15137;524;83829;80583;3246;1464
2020;06;TT;TODAS CONSOLIDADAS;04;4 ESTRELLAS;LORETO;160000;2;90;150;29,78;20;7,56;7,56;0;119;119;0;900;900;0;32
2020;06;TT;TODAS CONSOLIDADAS;04;4 ESTRELLAS;PIURA;200000;2;181;340;11,64;6,5;7,71;6,94;29;86;83;3;663;576;87;26
2020;06;TT;TODAS CONSOLIDADAS;04;4 ESTRELLAS;PUNO;210000;5;338;650;42,72;35,51;11,62;11,62;0;596;596;0;6924;6924;0;106
2020;06;TT;TODAS CONSOLIDADAS;04;4 ESTRELLAS;SAN MARTÍN;220000;1;20;49;5;2,04;30;30;0;1;1;0;30;30;0;8
2020;06;TT;TODAS CONSOLIDADAS;04;4 ESTRELLAS;TUMBES;240000;1;55;116;0;0;0;0;0;0;0;0;0;0;0;0
2020;06;TT;TODAS CONSOLIDADAS;04;4 ESTRELLAS;UCAYALI;250000;3;197;351;23,81;15,86;9,28;7,49;43,22;180;171;9;1670;1281;389;73
2020;06;TT;TODAS CONSOLIDADAS;05;5 ESTRELLAS;AREQUIPA;040000;3;241;346;67,39;47,08;7,7;7,7;0;635;635;0;4887;4887;0;116
2020;06;TT;TODAS CONSOLIDADAS;05;5 ESTRELLAS;CUSCO;080000;1;93;188;35,02;17,32;7,63;7,74;1;128;126;2;977;975;2;14
2020;06;TT;TODAS CONSOLIDADAS;05;5 ESTRELLAS;ICA;110000;2;235;490;15,23;7,99;4,79;4,58;30;245;243;2;1174;1114;60;293
2020;06;TT;TODAS CONSOLIDADAS;05;5 ESTRELLAS;LA LIBERTAD;130000;1;120;240;18,25;11,13;5,89;5,78;9,5;136;132;4;801;763;38;97
2020;06;TT;TODAS CONSOLIDADAS;05;5 ESTRELLAS;LORETO;160000;1;60;88;36,06;44,51;36,72;36,8;36,58;32;20;12;1175;736;439;41
2020;06;TT;TODAS CONSOLIDADAS;05;5 ESTRELLAS;PUNO;210000;1;123;235;99,16;93,73;3,09;3,23;2,29;2138;1818;320;6608;5876;732;83
2020;06;TT;TODAS CONSOLIDADAS;12;ALBERGUE;LIMA;150000;7;125;401;5,2;6,44;55,36;55,92;52;14;12;2;775;671;104;33
2020;06;TT;TODAS CONSOLIDADAS;12;ALBERGUE;UCAYALI;250000;1;15;46;1,11;,58;0;0;0;0;0;0;8;0;8;8
2020;06;TT;TODAS CONSOLIDADAS;TT;TODAS CONSOLIDADAS;AMAZONAS;010000;55;1208;1895;5,13;3,18;1,04;1,04;,27;1933;1920;13;1986;1973;13;187
2020;06;TT;TODAS CONSOLIDADAS;TT;TODAS CONSOLIDADAS;ÁNCASH;020000;83;2366;4190;14,49;11,08;2,57;2,56;4,01;5137;5088;49;14245;14029;216;387
2020;06;TT;TODAS CONSOLIDADAS;TT;TODAS CONSOLIDADAS;APURÍMAC;030000;21;473;791;10,84;7,42;1,66;1,66;,38;1224;1223;1;2052;2050;2;83
2020;06;TT;TODAS CONSOLIDADAS;TT;TODAS CONSOLIDADAS;AYACUCHO;050000;19;528;971;4,41;3,47;4,81;3,7;4,94;127;110;17;964;565;399;72
2020;06;TT;TODAS CONSOLIDADAS;TT;TODAS CONSOLIDADAS;CAJAMARCA;060000;90;2672;4405;22,88;10,1;5,79;5,79;,32;2691;1813;878;13980;13102;878;410
2020;06;TT;TODAS CONSOLIDADAS;TT;TODAS CONSOLIDADAS;CALLAO;070000;246;3716;6781;10,68;10,32;1,08;1,1;,15;34140;33832;309;43145;42504;642;375
2020;06;TT;TODAS CONSOLIDADAS;TT;TODAS CONSOLIDADAS;CUSCO;080000;140;4358;8002;18,47;10,84;5,21;5,2;3,66;5642;5626;16;28514;28406;108;822
2020;06;TT;TODAS CONSOLIDADAS;TT;TODAS CONSOLIDADAS;HUANCAVELICA;090000;9;288;453;19,41;16,55;2,73;2,73;0;965;965;0;2250;2250;0;50
2020;06;TT;TODAS CONSOLIDADAS;TT;TODAS CONSOLIDADAS;HUÁNUCO;100000;60;1793;2768;6,16;5,12;3,98;3,98;,57;2381;2369;12;3555;3535;20;315
2020;06;TT;TODAS CONSOLIDADAS;TT;TODAS CONSOLIDADAS;ICA;110000;114;3716;6974;30,33;23,73;11,18;11,18;3,83;5683;5674;9;50818;50699;119;969
2020;06;TT;TODAS CONSOLIDADAS;TT;TODAS CONSOLIDADAS;JUNÍN;120000;58;1522;2776;14,7;8,28;3,02;3,02;1,45;2169;2165;4;8163;8155;8;335
2020;06;TT;TODAS CONSOLIDADAS;TT;TODAS CONSOLIDADAS;LAMBAYEQUE;140000;83;2684;4217;11,7;8,57;1,25;1,26;1,06;9461;9382;79;10939;10782;157;641
2020;06;TT;TODAS CONSOLIDADAS;TT;TODAS CONSOLIDADAS;LIMA;150000;6505;72583;128087;16,11;16,62;2,03;2,05;1,41;1199183;1157983;41200;2413301;2354117;59185;47463
2020;06;TT;TODAS CONSOLIDADAS;TT;TODAS CONSOLIDADAS;LORETO;160000;39;1211;2029;12,36;7,9;5,51;5,2;7,91;947;923;24;5802;5256;546;268
2020;06;TT;TODAS CONSOLIDADAS;TT;TODAS CONSOLIDADAS;MADRE DE DIOS;170000;20;505;845;19,88;16,06;3,96;3,8;9,98;1685;1653;32;4147;3766;381;75
2020;06;TT;TODAS CONSOLIDADAS;TT;TODAS CONSOLIDADAS;MOQUEGUA;180000;31;828;1448;7,5;6;3,06;3,12;1,91;1312;1281;31;3307;3229;78;139
2020;06;TT;TODAS CONSOLIDADAS;TT;TODAS CONSOLIDADAS;PASCO;190000;13;325;597;13,64;6,54;3,36;3,39;2,46;93;90;3;938;914;24;10
2020;06;TT;TODAS CONSOLIDADAS;TT;TODAS CONSOLIDADAS;PIURA;200000;48;1357;2282;18,16;12,93;4,49;3,9;16,08;1682;1633;49;7780;6664;1116;280
2020;06;TT;TODAS CONSOLIDADAS;02;2 ESTRELLAS;AREQUIPA;040000;45;1107;1908;36,12;23,24;3,7;3,7;5;3597;3595;2;13303;13293;10;195
2020;06;TT;TODAS CONSOLIDADAS;02;2 ESTRELLAS;LIMA;150000;171;5191;9543;13,17;10,18;1,93;1,91;2,6;22732;22316;416;43765;42682;1083;1254
2020;06;TT;TODAS CONSOLIDADAS;05;5 ESTRELLAS;LIMA;150000;23;3866;6925;59,97;39,7;5,7;5,89;4,02;14466;13018;1448;82477;76654;5823;2519
2020;06;TT;TODAS CONSOLIDADAS;03;3 ESTRELLAS;AREQUIPA;040000;53;1631;3011;30,12;17,66;5,29;5,29;6,14;3013;2999;14;15950;15864;86;373
2020;06;TT;TODAS CONSOLIDADAS;03;3 ESTRELLAS;TACNA;230000;14;479;996;41,11;30,82;12,46;12,46;0;739;739;0;9208;9208;0;124
2020;06;TT;TODAS CONSOLIDADAS;04;4 ESTRELLAS;LA LIBERTAD;130000;2;134;231;29,33;17,95;3,84;4,06;1,63;324;294;30;1244;1195;49;24
2020;06;TT;TODAS CONSOLIDADAS;04;4 ESTRELLAS;MOQUEGUA;180000;2;123;232;14,74;13,36;11,34;11,38;8;82;81;1;930;922;8;15
2020;06;TT;TODAS CONSOLIDADAS;04;4 ESTRELLAS;TACNA;230000;1;150;300;32,96;19,21;4,59;4,41;0;377;377;0;1729;1664;65;13
2020;06;TT;TODAS CONSOLIDADAS;05;5 ESTRELLAS;PIURA;200000;1;83;168;34,78;19,03;8,2;9,04;1,46;117;104;13;959;940;19;47
2020;06;TT;TODAS CONSOLIDADAS;05;5 ESTRELLAS;UCAYALI;250000;2;162;297;3,07;2,22;5,21;5,21;0;38;38;0;198;198;0;11
2020;06;TT;TODAS CONSOLIDADAS;TT;TODAS CONSOLIDADAS;LA LIBERTAD;130000;107;3187;6005;12,16;10,71;2,22;2,22;2,15;7725;7551;174;20287;19857;430;502
2020;06;TT;TODAS CONSOLIDADAS;04;4 ESTRELLAS;AREQUIPA;040000;9;427;830;39,34;20,76;6,78;6,74;18;762;759;3;5170;5116;54;174
2020;06;TT;TODAS CONSOLIDADAS;TT;TODAS CONSOLIDADAS;AREQUIPA;040000;137;3972;7063;29,89;18,63;4,43;4,42;5,2;8803;8784;19;41738;41528;210;935
2020;06;TT;TODAS CONSOLIDADAS;TT;TODAS CONSOLIDADAS;PUNO;210000;66;1909;3491;26,59;19,04;5,26;5,26;,26;5302;4981;321;28247;27514;733;484
2020;06;TT;TODAS CONSOLIDADAS;TT;TODAS CONSOLIDADAS;SAN MARTÍN;220000;54;1417;2371;9,65;11,31;7,11;7,11;,62;903;900;3;4505;4500;5;141
2020;06;TT;TODAS CONSOLIDADAS;TT;TODAS CONSOLIDADAS;TACNA;230000;54;1640;3336;18,57;12,31;10,31;10,3;0;1449;1449;0;14455;14390;65;298
2020;06;TT;TODAS CONSOLIDADAS;TT;TODAS CONSOLIDADAS;TUMBES;240000;15;433;820;18,35;19,81;,65;2,18;,48;2143;56;2087;2383;236;2147;34
2020;06;TT;TODAS CONSOLIDADAS;TT;TODAS CONSOLIDADAS;UCAYALI;250000;29;1013;1711;15,37;11,13;5,97;5,6;16,09;879;857;22;5486;4859;627;215
2020;07;00;NO CLASIFICADO;00;NO CATEGORIZADO;CALLAO;070000;247;3400;6278;21,91;22,02;1;1;1;79196;78958;238;79196;78958;238;942
2020;07;00;NO CLASIFICADO;00;NO CATEGORIZADO;ICA;110000;418;6317;11101;26,52;15,95;2,79;2,83;1;19656;19269;387;54896;54509;387;1051
2020;07;00;NO CLASIFICADO;00;NO CATEGORIZADO;MOQUEGUA;180000;108;1401;2480;14,09;11,03;2,01;1,85;7,75;4218;4104;114;8481;7598;883;239
2020;07;00;NO CLASIFICADO;00;NO CATEGORIZADO;PASCO;190000;206;3025;4598;1,9;1,32;1,26;1,26;0;1495;1495;0;1886;1886;0;439
2020;07;00;NO CLASIFICADO;00;NO CATEGORIZADO;PIURA;200000;435;5995;10500;14,73;11,37;2,36;2,28;6,88;15692;15409;283;37012;35066;1946;972
2020;07;00;NO CLASIFICADO;00;NO CATEGORIZADO;TUMBES;240000;107;1340;2633;9,58;9,25;2,48;3,69;1,94;3040;948;2092;7554;3499;4055;180
2020;07;00;NO CLASIFICADO;00;NO CATEGORIZADO;UCAYALI;250000;206;3744;5609;20,05;17,75;1,99;1,99;2,04;15487;15409;78;30860;30701;159;617
2020;07;00;NO CLASIFICADO;TT;TODAS CONSOLIDADAS;APURÍMAC;030000;116;2096;3151;10,82;8,48;1,22;1,22;1;6771;6758;13;8280;8267;13;356
2020;07;00;NO CLASIFICADO;00;NO CATEGORIZADO;AMAZONAS;010000;12;152;267;15,83;12,13;1,12;1,12;0;898;898;0;1004;1004;0;19
2020;07;00;NO CLASIFICADO;00;NO CATEGORIZADO;PUNO;210000;364;4717;8268;17,8;15,04;1,31;1,31;1,69;29477;29425;52;38548;38460;88;781
2020;07;00;NO CLASIFICADO;00;NO CATEGORIZADO;ÁNCASH;020000;330;4704;8330;4,14;4,34;1,25;1,25;0;8934;8934;0;11212;11212;0;640
2020;07;00;NO CLASIFICADO;00;NO CATEGORIZADO;AYACUCHO;050000;333;4622;7400;2,81;2,79;1,2;1,2;0;5328;5328;0;6395;6395;0;278
2020;07;00;NO CLASIFICADO;00;NO CATEGORIZADO;APURÍMAC;030000;116;2096;3151;10,82;8,48;1,22;1,22;1;6771;6758;13;8280;8267;13;356
2020;07;00;NO CLASIFICADO;00;NO CATEGORIZADO;CAJAMARCA;060000;324;4698;7381;13,85;9,71;1;1;1;22221;21339;882;22221;21339;882;231
2020;07;00;NO CLASIFICADO;00;NO CATEGORIZADO;HUANCAVELICA;090000;86;1487;2214;7,5;6,69;2,48;2,48;0;1856;1856;0;4594;4594;0;169
2020;07;00;NO CLASIFICADO;00;NO CATEGORIZADO;HUÁNUCO;100000;254;4126;5972;8,47;6,92;1,22;1,22;1,38;10479;10286;193;12820;12553;267;443
2020;07;00;NO CLASIFICADO;00;NO CATEGORIZADO;JUNÍN;120000;538;8063;13005;7,1;4,72;1,35;1,35;0;14068;14068;0;19016;19016;0;1277
2020;07;00;NO CLASIFICADO;00;NO CATEGORIZADO;MADRE DE DIOS;170000;125;2532;4184;27,74;21,72;1,96;1,88;2,45;14346;12286;2060;28174;23132;5042;405
2020;07;00;NO CLASIFICADO;00;NO CATEGORIZADO;TACNA;230000;240;3242;6069;1,8;1,15;1;1;1;2162;2128;34;2167;2133;34;351
2020;07;00;NO CLASIFICADO;00;NO CATEGORIZADO;AREQUIPA;040000;531;7128;12439;20,81;15,49;3,52;3,48;5,65;16958;16625;333;59750;57867;1883;1068
2020;07;00;NO CLASIFICADO;00;NO CATEGORIZADO;CUSCO;080000;978;12861;24861;9,13;7,06;1,61;1,57;4,34;33722;33183;539;54378;52037;2341;2178
2020;07;00;NO CLASIFICADO;00;NO CATEGORIZADO;LA LIBERTAD;130000;410;5166;8708;,3;,21;1;1;0;564;564;0;564;564;0;267
2020;07;00;NO CLASIFICADO;00;NO CATEGORIZADO;SAN MARTÍN;220000;410;6394;10064;11,14;9,22;4,97;4,98;4,38;5788;5724;64;28774;28494;280;600
2020;07;00;NO CLASIFICADO;00;NO CATEGORIZADO;LAMBAYEQUE;140000;243;3007;4264;17,3;14,22;1,12;1,13;1;16758;16244;514;18794;18279;515;505
2020;07;00;NO CLASIFICADO;00;NO CATEGORIZADO;LIMA;150000;6102;52888;91883;18,76;17,42;1,28;1,28;1,18;1795868;1758758;37111;2292548;2248606;43942;41141
2020;07;00;NO CLASIFICADO;00;NO CATEGORIZADO;LORETO;160000;349;5359;8357;12,89;7,4;5,24;4,67;12,39;3660;3391;269;19171;15837;3334;499
2020;07;00;NO CLASIFICADO;TT;TODAS CONSOLIDADAS;AMAZONAS;010000;12;152;267;15,83;12,13;1,12;1,12;0;898;898;0;1004;1004;0;19
2020;07;00;NO CLASIFICADO;TT;TODAS CONSOLIDADAS;ÁNCASH;020000;330;4704;8330;4,14;4,34;1,25;1,25;0;8934;8934;0;11212;11212;0;640
2020;07;00;NO CLASIFICADO;TT;TODAS CONSOLIDADAS;CUSCO;080000;978;12861;24861;9,13;7,06;1,61;1,57;4,34;33722;33183;539;54378;52037;2341;2178
2020;07;00;NO CLASIFICADO;TT;TODAS CONSOLIDADAS;HUÁNUCO;100000;254;4126;5972;8,47;6,92;1,22;1,22;1,38;10479;10286;193;12820;12553;267;443
2020;07;00;NO CLASIFICADO;TT;TODAS CONSOLIDADAS;ICA;110000;418;6317;11101;26,52;15,95;2,79;2,83;1;19656;19269;387;54896;54509;387;1051
2020;07;00;NO CLASIFICADO;TT;TODAS CONSOLIDADAS;LA LIBERTAD;130000;410;5166;8708;,3;,21;1;1;0;564;564;0;564;564;0;267
2020;07;00;NO CLASIFICADO;TT;TODAS CONSOLIDADAS;LIMA;150000;6102;52888;91883;18,76;17,42;1,28;1,28;1,18;1795868;1758758;37111;2292548;2248606;43942;41141
2020;07;00;NO CLASIFICADO;TT;TODAS CONSOLIDADAS;LORETO;160000;349;5359;8357;12,89;7,4;5,24;4,67;12,39;3660;3391;269;19171;15837;3334;499
2020;07;00;NO CLASIFICADO;TT;TODAS CONSOLIDADAS;PASCO;190000;206;3025;4598;1,9;1,32;1,26;1,26;0;1495;1495;0;1886;1886;0;439
2020;07;00;NO CLASIFICADO;TT;TODAS CONSOLIDADAS;PIURA;200000;435;5995;10500;14,73;11,37;2,36;2,28;6,88;15692;15409;283;37012;35066;1946;972
2020;07;00;NO CLASIFICADO;TT;TODAS CONSOLIDADAS;SAN MARTÍN;220000;410;6394;10064;11,14;9,22;4,97;4,98;4,38;5788;5724;64;28774;28494;280;600
2020;07;00;NO CLASIFICADO;TT;TODAS CONSOLIDADAS;TACNA;230000;240;3242;6069;1,8;1,15;1;1;1;2162;2128;34;2167;2133;34;351
2020;07;00;NO CLASIFICADO;TT;TODAS CONSOLIDADAS;TUMBES;240000;107;1340;2633;9,58;9,25;2,48;3,69;1,94;3040;948;2092;7554;3499;4055;180
2020;07;01;HOTEL;01;1 ESTRELLA;ÁNCASH;020000;5;148;243;0;0;0;0;0;0;0;0;0;0;0;0
2020;07;01;HOTEL;01;1 ESTRELLA;APURÍMAC;030000;2;80;115;10,16;7,55;1;1;0;269;269;0;269;269;0;8
2020;07;01;HOTEL;01;1 ESTRELLA;CAJAMARCA;060000;4;120;193;0;0;0;0;0;0;0;0;0;0;0;0
2020;07;01;HOTEL;01;1 ESTRELLA;HUÁNUCO;100000;8;240;357;6,6;4,91;2,55;2,55;0;213;213;0;543;543;0;40
2020;07;01;HOTEL;01;1 ESTRELLA;ICA;110000;4;82;108;0;0;0;0;0;0;0;0;0;0;0;0
2020;07;01;HOTEL;01;1 ESTRELLA;JUNÍN;120000;2;124;241;7;4,43;1,41;1,41;0;235;235;0;331;331;0;12
2020;07;01;HOTEL;01;1 ESTRELLA;LAMBAYEQUE;140000;4;124;188;0;0;0;0;0;0;0;0;0;0;0;0
2020;07;01;HOTEL;01;1 ESTRELLA;LIMA;150000;6;235;453;22,63;22,21;1,04;1,04;1;2778;2772;6;2892;2886;6;36
2020;07;01;HOTEL;01;1 ESTRELLA;MADRE DE DIOS;170000;1;20;34;4,35;3,98;1,17;1,17;0;36;36;0;42;42;0;3
2020;07;01;HOTEL;01;1 ESTRELLA;MOQUEGUA;180000;1;20;41;0;0;0;0;0;0;0;0;0;0;0;0
2020;07;01;HOTEL;01;1 ESTRELLA;PASCO;190000;2;72;131;0;0;0;0;0;0;0;0;0;0;0;0
2020;07;01;HOTEL;01;1 ESTRELLA;PIURA;200000;2;53;83;0;0;0;0;0;0;0;0;0;0;0;0
2020;07;01;HOTEL;01;1 ESTRELLA;PUNO;210000;5;131;234;53,61;48,15;4,26;4,29;1,63;820;812;8;3493;3480;13;18
2020;07;01;HOTEL;01;1 ESTRELLA;SAN MARTÍN;220000;6;126;199;0;0;0;0;0;0;0;0;0;0;0;0
2020;07;00;NO CLASIFICADO;TT;TODAS CONSOLIDADAS;AREQUIPA;040000;531;7128;12439;20,81;15,49;3,52;3,48;5,65;16958;16625;333;59750;57867;1883;1068
2020;07;00;NO CLASIFICADO;TT;TODAS CONSOLIDADAS;AYACUCHO;050000;333;4622;7400;2,81;2,79;1,2;1,2;0;5328;5328;0;6395;6395;0;278
2020;07;00;NO CLASIFICADO;TT;TODAS CONSOLIDADAS;CAJAMARCA;060000;324;4698;7381;13,85;9,71;1;1;1;22221;21339;882;22221;21339;882;231
2020;07;00;NO CLASIFICADO;TT;TODAS CONSOLIDADAS;JUNÍN;120000;538;8063;13005;7,1;4,72;1,35;1,35;0;14068;14068;0;19016;19016;0;1277
2020;07;00;NO CLASIFICADO;TT;TODAS CONSOLIDADAS;LAMBAYEQUE;140000;243;3007;4264;17,3;14,22;1,12;1,13;1;16758;16244;514;18794;18279;515;505
2020;07;00;NO CLASIFICADO;TT;TODAS CONSOLIDADAS;CALLAO;070000;247;3400;6278;21,91;22,02;1;1;1;79196;78958;238;79196;78958;238;942
2020;07;00;NO CLASIFICADO;TT;TODAS CONSOLIDADAS;MADRE DE DIOS;170000;125;2532;4184;27,74;21,72;1,96;1,88;2,45;14346;12286;2060;28174;23132;5042;405
2020;07;00;NO CLASIFICADO;TT;TODAS CONSOLIDADAS;PUNO;210000;364;4717;8268;17,8;15,04;1,31;1,31;1,69;29477;29425;52;38548;38460;88;781
2020;07;01;HOTEL;01;1 ESTRELLA;CUSCO;080000;6;145;272;1,16;,69;1;1;0;58;58;0;58;58;0;20
2020;07;00;NO CLASIFICADO;TT;TODAS CONSOLIDADAS;HUANCAVELICA;090000;86;1487;2214;7,5;6,69;2,48;2,48;0;1856;1856;0;4594;4594;0;169
2020;07;00;NO CLASIFICADO;TT;TODAS CONSOLIDADAS;UCAYALI;250000;206;3744;5609;20,05;17,75;1,99;1,99;2,04;15487;15409;78;30860;30701;159;617
2020;07;00;NO CLASIFICADO;TT;TODAS CONSOLIDADAS;MOQUEGUA;180000;108;1401;2480;14,09;11,03;2,01;1,85;7,75;4218;4104;114;8481;7598;883;239
2020;07;01;HOTEL;01;1 ESTRELLA;AREQUIPA;040000;5;178;285;0;0;0;0;0;0;0;0;0;0;0;0
2020;07;01;HOTEL;01;1 ESTRELLA;AYACUCHO;050000;5;130;216;0;0;0;0;0;0;0;0;0;0;0;0
2020;07;01;HOTEL;01;1 ESTRELLA;LA LIBERTAD;130000;2;46;88;0;0;0;0;0;0;0;0;0;0;0;0
2020;07;01;HOTEL;01;1 ESTRELLA;TACNA;230000;2;57;112;30,33;20,39;9,83;9,83;0;72;72;0;708;708;0;5
2020;07;01;HOTEL;02;2 ESTRELLAS;AMAZONAS;010000;25;693;1067;13,68;8,97;1,73;1,73;0;1718;1718;0;2967;2967;0;117
2020;07;01;HOTEL;02;2 ESTRELLAS;ÁNCASH;020000;35;945;1716;7,49;4,85;1,15;1,15;0;2239;2239;0;2581;2581;0;154
2020;07;01;HOTEL;02;2 ESTRELLAS;APURÍMAC;030000;2;56;100;3,97;2,26;1;1;0;70;70;0;70;70;0;8
2020;07;01;HOTEL;02;2 ESTRELLAS;AYACUCHO;050000;8;235;463;0;0;0;0;0;0;0;0;0;0;0;0
2020;07;01;HOTEL;02;2 ESTRELLAS;CAJAMARCA;060000;31;905;1428;4,37;2,51;1,31;1,31;0;850;850;0;1112;1112;0;150
2020;07;01;HOTEL;02;2 ESTRELLAS;CALLAO;070000;2;64;115;,97;,63;1,08;1;2;24;22;2;26;22;4;10
2020;07;01;HOTEL;02;2 ESTRELLAS;CUSCO;080000;43;1093;1943;25,65;13,79;4,13;4,13;4,67;2012;2009;3;8304;8290;14;167
2020;07;01;HOTEL;02;2 ESTRELLAS;HUÁNUCO;100000;32;940;1459;6,77;5,35;1,03;1,03;0;2343;2343;0;2418;2418;0;160
2020;07;01;HOTEL;02;2 ESTRELLAS;ICA;110000;46;1243;2136;32,57;28,37;12,12;12,12;0;1550;1550;0;18783;18783;0;214
2020;07;01;HOTEL;02;2 ESTRELLAS;JUNÍN;120000;15;409;715;10,81;6,64;1,39;1,4;1;1055;1053;2;1471;1469;2;65
2020;07;01;HOTEL;02;2 ESTRELLAS;LA LIBERTAD;130000;21;589;1073;0;0;0;0;0;0;0;0;0;0;0;0
2020;07;01;HOTEL;02;2 ESTRELLAS;LAMBAYEQUE;140000;60;1701;2573;14,62;11,51;1,28;1,28;1,1;7190;7169;21;9183;9160;23;294
2020;07;01;HOTEL;02;2 ESTRELLAS;LIMA;150000;93;3899;7105;24,88;21,46;1,58;1,57;2,14;34707;34242;465;54824;53826;997;703
2020;07;01;HOTEL;02;2 ESTRELLAS;LORETO;160000;11;287;466;4,47;3,41;1,18;1,18;1,07;418;403;15;492;476;16;50
2020;07;01;HOTEL;02;2 ESTRELLAS;MADRE DE DIOS;170000;1;35;70;0;0;0;0;0;0;0;0;0;0;0;0
2020;07;01;HOTEL;02;2 ESTRELLAS;MOQUEGUA;180000;12;318;496;13,31;9,55;2,13;2,06;3,56;690;658;32;1469;1355;114;66
2020;07;01;HOTEL;02;2 ESTRELLAS;PASCO;190000;3;84;127;0;0;0;0;0;0;0;0;0;0;0;0
2020;07;01;HOTEL;02;2 ESTRELLAS;PIURA;200000;17;420;703;12,32;9,01;1,81;1,81;2;1087;1085;2;1964;1960;4;80
2020;07;01;HOTEL;02;2 ESTRELLAS;PUNO;210000;20;500;914;2,68;2,52;1,49;1,49;0;480;480;0;714;714;0;79
2020;07;01;HOTEL;02;2 ESTRELLAS;SAN MARTÍN;220000;17;480;781;0;0;0;0;0;0;0;0;0;0;0;0
2020;07;01;HOTEL;02;2 ESTRELLAS;TACNA;230000;33;887;1771;4,89;2,63;4,37;4,37;0;330;330;0;1442;1442;0;145
2020;07;01;HOTEL;02;2 ESTRELLAS;TUMBES;240000;4;150;264;1,35;1,27;1,6;1,6;0;65;65;0;104;104;0;20
2020;07;01;HOTEL;02;2 ESTRELLAS;UCAYALI;250000;2;51;81;0;0;0;0;0;0;0;0;0;0;0;0
2020;07;01;HOTEL;03;3 ESTRELLAS;ÁNCASH;020000;32;1087;1866;17,92;10,93;2,38;2,37;3,25;2652;2597;55;6321;6142;179;217
2020;07;01;HOTEL;03;3 ESTRELLAS;APURÍMAC;030000;3;98;172;49,74;34,4;2,48;2,51;1,33;739;724;15;1834;1814;20;20
2020;07;01;HOTEL;03;3 ESTRELLAS;AYACUCHO;050000;4;151;280;15,66;9,23;5,76;2,24;31,06;139;122;17;801;273;528;65
2020;07;01;HOTEL;03;3 ESTRELLAS;CAJAMARCA;060000;52;1618;2778;48,08;21,03;9,45;9,45;0;1917;1917;0;18114;18114;0;279
2020;07;01;HOTEL;03;3 ESTRELLAS;CALLAO;070000;2;119;220;14,39;11,77;4,16;3,92;10,43;193;186;7;803;730;73;29
2020;07;01;HOTEL;03;3 ESTRELLAS;HUANCAVELICA;090000;2;65;108;13,8;9,59;3,09;3,22;1,29;104;97;7;321;312;9;18
2020;07;01;HOTEL;03;3 ESTRELLAS;ICA;110000;44;1466;2933;33,12;24,75;3,92;3,93;2,06;5747;5711;36;22501;22427;74;263
2020;07;01;HOTEL;03;3 ESTRELLAS;JUNÍN;120000;17;620;1190;35,27;18,46;3,51;3,52;1,33;1941;1929;12;6809;6793;16;185
2020;07;01;HOTEL;03;3 ESTRELLAS;LAMBAYEQUE;140000;23;780;1284;6,89;5,42;1,92;1,9;2,41;1123;1069;54;2156;2026;130;185
2020;07;01;HOTEL;03;3 ESTRELLAS;LIMA;150000;127;6438;12082;34,4;24,13;3,07;3,07;2,86;29476;28738;738;90374;88263;2111;1358
2020;07;01;HOTEL;03;3 ESTRELLAS;MADRE DE DIOS;170000;1;61;122;11,85;7,14;3,29;3,29;0;82;82;0;270;270;0;23
2020;07;01;HOTEL;03;3 ESTRELLAS;MOQUEGUA;180000;7;249;454;32,4;19,89;2,72;2,72;5;1028;1026;2;2800;2790;10;54
2020;07;01;HOTEL;03;3 ESTRELLAS;PASCO;190000;3;87;170;0;0;0;0;0;0;0;0;0;0;0;0
2020;07;01;HOTEL;03;3 ESTRELLAS;PIURA;200000;10;321;531;4,25;3,43;1,35;1,35;2;419;418;1;565;563;2;57
2020;07;01;HOTEL;03;3 ESTRELLAS;PUNO;210000;20;653;1160;40,46;24,21;4,62;4,62;0;1883;1883;0;8707;8707;0;158
2020;07;01;HOTEL;03;3 ESTRELLAS;SAN MARTÍN;220000;18;643;1124;13,88;8,74;1,24;1,24;0;2448;2448;0;3047;3047;0;107
2020;07;01;HOTEL;03;3 ESTRELLAS;TACNA;230000;12;428;889;30,03;16,34;7,09;7,09;0;635;635;0;4504;4504;0;103
2020;07;01;HOTEL;03;3 ESTRELLAS;TUMBES;240000;5;179;349;0;0;0;0;0;0;0;0;0;0;0;0
2020;07;01;HOTEL;04;4 ESTRELLAS;CALLAO;070000;2;371;632;23,89;18,58;3,74;4,66;1,39;972;699;273;3640;3260;380;114
2020;07;01;HOTEL;04;4 ESTRELLAS;CUSCO;080000;3;354;675;29,93;16,13;6,22;6,34;3,27;543;521;22;3375;3303;72;146
2020;07;01;HOTEL;04;4 ESTRELLAS;HUÁNUCO;100000;1;52;90;46,71;27,96;7,88;7,88;0;99;99;0;780;780;0;25
2020;07;01;HOTEL;04;4 ESTRELLAS;ICA;110000;5;460;912;46,14;28,83;10,46;10,47;9,5;779;773;6;8151;8094;57;147
2020;07;01;HOTEL;04;4 ESTRELLAS;JUNÍN;120000;1;40;66;90,32;54,74;14;14;0;80;80;0;1120;1120;0;19
2020;07;01;HOTEL;04;4 ESTRELLAS;LA LIBERTAD;130000;2;134;231;67,79;40,23;5,58;5,95;2,02;516;468;48;2881;2784;97;24
2020;07;01;HOTEL;04;4 ESTRELLAS;LAMBAYEQUE;140000;3;242;386;18,38;13,45;2,43;2,47;1,45;663;634;29;1609;1567;42;220
2020;07;01;HOTEL;04;4 ESTRELLAS;LIMA;150000;38;3793;6648;52,77;34,08;4,99;5,09;3,03;14065;13398;667;70226;68204;2022;1304
2020;07;01;HOTEL;04;4 ESTRELLAS;LORETO;160000;2;90;150;18,92;14,26;4,51;4,52;4;147;143;4;663;647;16;20
2020;07;01;HOTEL;04;4 ESTRELLAS;MOQUEGUA;180000;2;123;232;46,53;28,49;9,03;9,06;7,83;227;221;6;2049;2002;47;18
2020;07;01;HOTEL;04;4 ESTRELLAS;PIURA;200000;2;181;340;17,84;10,2;4,3;4,13;7,58;250;238;12;1075;984;91;26
2020;07;01;HOTEL;04;4 ESTRELLAS;PUNO;210000;4;275;538;51,79;27,38;8,2;8,2;0;557;557;0;4567;4567;0;94
2020;07;01;HOTEL;04;4 ESTRELLAS;TACNA;230000;1;150;300;41,78;21,59;3,49;3,4;20,67;576;573;3;2008;1946;62;17
2020;07;01;HOTEL;04;4 ESTRELLAS;TUMBES;240000;2;113;229;0;0;0;0;0;0;0;0;0;0;0;0
2020;07;01;HOTEL;04;4 ESTRELLAS;UCAYALI;250000;5;288;506;10,17;6,85;3,06;2,9;8,4;351;341;10;1074;990;84;126
2020;07;01;HOTEL;05;5 ESTRELLAS;AREQUIPA;040000;3;241;346;77,83;54,23;6,66;6,66;0;873;873;0;5817;5817;0;104
2020;07;01;HOTEL;05;5 ESTRELLAS;CUSCO;080000;1;93;188;52,93;26,84;4,89;4,97;1,14;320;313;7;1564;1556;8;14
2020;07;01;HOTEL;05;5 ESTRELLAS;ICA;110000;1;124;396;9,55;7;1,9;1,91;1,79;452;428;24;859;816;43;67
2020;07;01;HOTEL;05;5 ESTRELLAS;LA LIBERTAD;130000;1;120;240;52,88;28,72;3,35;3,38;2,8;637;612;25;2137;2067;70;97
2020;07;01;HOTEL;05;5 ESTRELLAS;LIMA;150000;20;3722;6762;56,45;33,84;4,53;4,59;4,04;15643;14092;1551;70927;64667;6260;2348
2020;07;01;HOTEL;05;5 ESTRELLAS;LORETO;160000;1;60;88;6,29;7;1,87;1,93;1,56;102;86;16;191;166;25;41
2020;07;01;HOTEL;05;5 ESTRELLAS;PIURA;200000;1;83;167;25,77;14,99;3,7;3,86;1,94;210;192;18;776;741;35;47
2020;07;01;HOTEL;05;5 ESTRELLAS;PUNO;210000;1;123;235;64,07;62,43;1,74;1,65;2,64;2612;2377;235;4548;3928;620;83
2020;07;01;HOTEL;05;5 ESTRELLAS;UCAYALI;250000;2;162;297;5,75;3,52;3,52;3,64;1;92;88;4;324;320;4;15
2020;07;01;HOTEL;TT;TODAS CONSOLIDADAS;AMAZONAS;010000;41;1079;1724;13,05;10,34;1,99;1,97;2,8;2771;2691;80;5526;5302;224;181
2020;07;01;HOTEL;TT;TODAS CONSOLIDADAS;ÁNCASH;020000;72;2180;3825;12,18;7,51;1,82;1,8;3,25;4891;4836;55;8902;8723;179;371
2020;07;01;HOTEL;TT;TODAS CONSOLIDADAS;APURÍMAC;030000;7;234;387;25,26;18,11;2,02;2,03;1,33;1078;1063;15;2173;2153;20;36
2020;07;01;HOTEL;TT;TODAS CONSOLIDADAS;AYACUCHO;050000;17;516;959;4,58;2,69;5,76;2,24;31,06;139;122;17;801;273;528;65
2020;07;01;HOTEL;TT;TODAS CONSOLIDADAS;CAJAMARCA;060000;87;2643;4399;30,93;14,1;6,95;6,95;0;2767;2767;0;19226;19226;0;429
2020;07;01;HOTEL;TT;TODAS CONSOLIDADAS;CALLAO;070000;6;554;967;20,03;15,64;3,79;4,47;1,62;1412;1075;337;5347;4801;546;178
2020;07;01;HOTEL;TT;TODAS CONSOLIDADAS;CUSCO;080000;107;3846;7239;27,38;15,19;5,47;5,48;3,38;6234;6200;34;34082;33967;115;805
2020;07;01;HOTEL;TT;TODAS CONSOLIDADAS;HUANCAVELICA;090000;4;107;181;17,12;13,38;3,35;3,42;1,29;224;217;7;751;742;9;29
2020;07;01;HOTEL;TT;TODAS CONSOLIDADAS;HUÁNUCO;100000;49;1581;2541;7,35;5,52;1,38;1,39;1,2;3141;3100;41;4346;4297;49;296
2020;07;01;HOTEL;TT;TODAS CONSOLIDADAS;ICA;110000;100;3375;6485;33,02;25,02;5,9;5,92;2,64;8528;8462;66;50294;50120;174;691
2020;07;01;HOTEL;TT;TODAS CONSOLIDADAS;LA LIBERTAD;130000;104;3152;5985;19,8;14,75;1,87;1,88;1,76;14602;14433;169;27371;27074;297;538
2020;07;01;HOTEL;TT;TODAS CONSOLIDADAS;LAMBAYEQUE;140000;90;2847;4431;12,18;9,43;1,44;1,44;1,88;8976;8872;104;12948;12753;195;699
2020;07;01;HOTEL;TT;TODAS CONSOLIDADAS;LIMA;150000;284;18087;33050;43,03;28,4;3,45;3,45;3,44;93663;89666;3996;323114;309384;13730;6742
2020;07;01;HOTEL;TT;TODAS CONSOLIDADAS;MADRE DE DIOS;170000;3;116;226;6,98;4,45;2,64;2,64;0;118;118;0;312;312;0;26
2020;07;01;HOTEL;TT;TODAS CONSOLIDADAS;PASCO;190000;8;243;428;0;0;0;0;0;0;0;0;0;0;0;0
2020;07;01;HOTEL;TT;TODAS CONSOLIDADAS;PIURA;200000;32;1058;1824;11,25;7,75;2,23;2,2;4;1966;1933;33;4380;4248;132;210
2020;07;01;HOTEL;TT;TODAS CONSOLIDADAS;SAN MARTÍN;220000;41;1249;2104;7,15;4,67;1,24;1,24;0;2448;2448;0;3047;3047;0;107
2020;07;01;HOTEL;TT;TODAS CONSOLIDADAS;TACNA;230000;48;1522;3072;16,55;9,1;5,37;5,34;20,67;1613;1610;3;8662;8600;62;270
2020;07;01;HOTEL;TT;TODAS CONSOLIDADAS;TUMBES;240000;11;442;842;,46;,4;1,6;1,6;0;65;65;0;104;104;0;20
2020;07;02;APART HOTEL;03;3 ESTRELLAS;ÁNCASH;020000;2;16;52;0;0;0;0;0;0;0;0;0;0;0;0
2020;07;02;APART HOTEL;03;3 ESTRELLAS;ICA;110000;1;17;34;12,33;7,31;1;1;0;77;77;0;77;77;0;4
2020;07;02;APART HOTEL;03;3 ESTRELLAS;LIMA;150000;7;177;310;22,96;27,89;4,75;4,55;5,69;564;464;100;2680;2111;569;40
2020;07;02;APART HOTEL;03;3 ESTRELLAS;LORETO;160000;1;45;94;,86;,41;1;1;0;12;12;0;12;12;0;12
2020;07;02;APART HOTEL;03;3 ESTRELLAS;PASCO;190000;1;15;17;0;0;0;0;0;0;0;0;0;0;0;0
2020;07;02;APART HOTEL;04;4 ESTRELLAS;AREQUIPA;040000;1;19;36;31,75;26,43;11,35;11,76;1;26;25;1;295;294;1;5
2020;07;02;APART HOTEL;04;4 ESTRELLAS;LA LIBERTAD;130000;1;27;57;0;0;0;0;0;0;0;0;0;0;0;0
2020;07;02;APART HOTEL;05;5 ESTRELLAS;LIMA;150000;5;303;501;29,75;26,12;4,31;4,31;1,5;942;940;2;4056;4053;3;157
2020;07;02;APART HOTEL;TT;TODAS CONSOLIDADAS;ÁNCASH;020000;2;16;52;0;0;0;0;0;0;0;0;0;0;0;0
2020;07;02;APART HOTEL;TT;TODAS CONSOLIDADAS;ICA;110000;1;17;34;12,33;7,31;1;1;0;77;77;0;77;77;0;4
2020;07;02;APART HOTEL;TT;TODAS CONSOLIDADAS;LA LIBERTAD;130000;2;38;81;0;0;0;0;0;0;0;0;0;0;0;0
2020;07;02;APART HOTEL;TT;TODAS CONSOLIDADAS;LIMA;150000;20;933;1713;35,71;26,43;4,78;4,71;6,38;2937;2809;128;14036;13220;816;405
2020;07;02;APART HOTEL;TT;TODAS CONSOLIDADAS;LORETO;160000;1;45;94;,86;,41;1;1;0;12;12;0;12;12;0;12
2020;07;02;APART HOTEL;TT;TODAS CONSOLIDADAS;PASCO;190000;1;15;17;0;0;0;0;0;0;0;0;0;0;0;0
2020;07;02;APART HOTEL;TT;TODAS CONSOLIDADAS;SAN MARTÍN;220000;1;20;49;5;2,04;31;31;0;1;1;0;31;31;0;8
2020;07;03;HOSTAL;01;1 ESTRELLA;AMAZONAS;010000;15;219;316;0;0;0;0;0;0;0;0;0;0;0;0
2020;07;03;HOSTAL;01;1 ESTRELLA;ÁNCASH;020000;33;416;694;0;0;0;0;0;0;0;0;0;0;0;0
2020;07;03;HOSTAL;01;1 ESTRELLA;APURÍMAC;030000;1;14;19;0;0;0;0;0;0;0;0;0;0;0;0
2020;07;03;HOSTAL;01;1 ESTRELLA;AREQUIPA;040000;50;699;1109;7,91;6,63;1,95;1,95;0;1168;1168;0;2279;2279;0;117
2020;07;01;HOTEL;02;2 ESTRELLAS;AREQUIPA;040000;38;1039;1799;37,09;24,01;3,72;3,72;0;3600;3600;0;13390;13390;0;181
2020;07;01;HOTEL;04;4 ESTRELLAS;AREQUIPA;040000;8;408;803;50,84;26,28;6,37;6,37;6,22;1027;1018;9;6542;6486;56;147
2020;07;01;HOTEL;02;2 ESTRELLAS;HUANCAVELICA;090000;2;42;73;22,27;19;3,58;3,58;0;120;120;0;430;430;0;11
2020;07;01;HOTEL;03;3 ESTRELLAS;LA LIBERTAD;130000;78;2263;4353;20,76;16,56;1,66;1,66;1,35;13449;13353;96;22353;22223;130;417
2020;07;01;HOTEL;TT;TODAS CONSOLIDADAS;JUNÍN;120000;35;1193;2212;25,79;14,19;2,94;2,95;1,29;3311;3297;14;9731;9713;18;281
2020;07;01;HOTEL;TT;TODAS CONSOLIDADAS;PUNO;210000;50;1682;3081;33,83;23,06;3,47;3,5;2,6;6352;6109;243;22029;21396;633;432
2020;07;01;HOTEL;TT;TODAS CONSOLIDADAS;UCAYALI;250000;21;984;1670;10,06;7,43;2,97;2,87;5,23;1297;1244;53;3849;3572;277;269
2020;07;02;APART HOTEL;03;3 ESTRELLAS;LA LIBERTAD;130000;1;11;24;0;0;0;0;0;0;0;0;0;0;0;0
2020;07;02;APART HOTEL;04;4 ESTRELLAS;SAN MARTÍN;220000;1;20;49;5;2,04;31;31;0;1;1;0;31;31;0;8
2020;07;01;HOTEL;03;3 ESTRELLAS;AMAZONAS;010000;16;386;657;11,92;12,56;2,43;2,4;2,8;1053;973;80;2559;2335;224;64
2020;07;01;HOTEL;03;3 ESTRELLAS;CUSCO;080000;54;2161;4161;28,5;16,11;6,3;6,29;10,5;3301;3299;2;20781;20760;21;458
2020;07;01;HOTEL;03;3 ESTRELLAS;HUÁNUCO;100000;8;349;635;3,56;3,07;1,24;1,25;1,2;486;445;41;605;556;49;71
2020;07;01;HOTEL;03;3 ESTRELLAS;UCAYALI;250000;12;483;786;12,5;10,06;2,87;2,78;4,85;854;815;39;2451;2262;189;128
2020;07;01;HOTEL;03;3 ESTRELLAS;AREQUIPA;040000;54;1652;3075;39,66;24,52;7,45;7,45;10,29;3136;3129;7;23370;23298;72;377
2020;07;01;HOTEL;03;3 ESTRELLAS;LORETO;160000;23;754;1269;7,09;5,23;2,16;2,15;2,31;953;908;45;2057;1953;104;146
2020;07;01;HOTEL;TT;TODAS CONSOLIDADAS;AREQUIPA;040000;108;3518;6308;40,81;25,12;5,69;5,68;8;8636;8620;16;49119;48991;128;809
2020;07;02;APART HOTEL;TT;TODAS CONSOLIDADAS;AREQUIPA;040000;1;19;36;31,75;26,43;11,35;11,76;1;26;25;1;295;294;1;5
2020;07;01;HOTEL;TT;TODAS CONSOLIDADAS;LORETO;160000;37;1191;1973;7,31;5,56;2,1;2,11;2,01;1620;1540;80;3403;3242;161;257
2020;07;01;HOTEL;TT;TODAS CONSOLIDADAS;MOQUEGUA;180000;22;710;1223;25,38;16,66;3,25;3,23;4,28;1945;1905;40;6318;6147;171;138
2020;07;02;APART HOTEL;04;4 ESTRELLAS;LIMA;150000;8;453;902;44,68;26,11;5,1;5,02;9,38;1431;1405;26;7300;7056;244;208
2020;07;03;HOSTAL;01;1 ESTRELLA;AYACUCHO;050000;3;83;144;29,19;31,65;3,6;3,6;0;392;392;0;1413;1413;0;14
2020;07;03;HOSTAL;01;1 ESTRELLA;CAJAMARCA;060000;23;403;665;0;0;0;0;0;0;0;0;0;0;0;0
2020;07;03;HOSTAL;01;1 ESTRELLA;CALLAO;070000;7;118;238;15,53;15,08;1;1;1;1162;1157;5;1162;1157;5;19
2020;07;03;HOSTAL;01;1 ESTRELLA;CUSCO;080000;23;309;533;4,2;2,55;1,2;1,2;0;351;351;0;421;421;0;49
2020;07;03;HOSTAL;01;1 ESTRELLA;HUANCAVELICA;090000;2;29;45;36,93;24,01;1,02;1,02;0;329;329;0;335;335;0;5
2020;07;03;HOSTAL;01;1 ESTRELLA;HUÁNUCO;100000;12;191;281;0;0;0;0;0;0;0;0;0;0;0;0
2020;07;03;HOSTAL;01;1 ESTRELLA;ICA;110000;11;161;255;0;0;0;0;0;0;0;0;0;0;0;0
2020;07;03;HOSTAL;01;1 ESTRELLA;JUNÍN;120000;7;114;188;20,97;12,44;1,16;1,16;0;627;627;0;725;725;0;20
2020;07;03;HOSTAL;01;1 ESTRELLA;LA LIBERTAD;130000;35;493;863;3,82;4;1;1;0;1071;1071;0;1071;1071;0;85
2020;07;03;HOSTAL;01;1 ESTRELLA;LAMBAYEQUE;140000;18;229;301;27,89;25,38;1;1;1;2368;2339;29;2368;2339;29;41
2020;07;03;HOSTAL;01;1 ESTRELLA;LIMA;150000;59;1217;2476;15,63;14,72;1,29;1,29;1,37;10139;9894;245;13074;12738;336;263
2020;07;03;HOSTAL;01;1 ESTRELLA;LORETO;160000;4;58;76;0;0;0;0;0;0;0;0;0;0;0;0
2020;07;03;HOSTAL;01;1 ESTRELLA;MADRE DE DIOS;170000;1;18;33;0;0;0;0;0;0;0;0;0;0;0;0
2020;07;03;HOSTAL;01;1 ESTRELLA;MOQUEGUA;180000;14;205;365;1,26;,89;1;1;0;101;101;0;101;101;0;35
2020;07;03;HOSTAL;01;1 ESTRELLA;PASCO;190000;16;259;376;0;0;0;0;0;0;0;0;0;0;0;0
2020;07;03;HOSTAL;01;1 ESTRELLA;PIURA;200000;3;69;107;0;0;0;0;0;0;0;0;0;0;0;0
2020;07;03;HOSTAL;01;1 ESTRELLA;PUNO;210000;13;249;438;9,68;6,09;1,01;1,01;0;821;821;0;827;827;0;38
2020;07;03;HOSTAL;01;1 ESTRELLA;SAN MARTÍN;220000;1;20;33;0;0;0;0;0;0;0;0;0;0;0;0
2020;07;03;HOSTAL;01;1 ESTRELLA;TACNA;230000;8;155;275;4,25;2,96;1;1;1;252;225;27;252;225;27;21
2020;07;03;HOSTAL;02;2 ESTRELLAS;AMAZONAS;010000;48;849;1301;4,12;2,4;1;1;0;967;967;0;967;967;0;140
2020;07;03;HOSTAL;02;2 ESTRELLAS;ÁNCASH;020000;109;1766;3007;15,23;14,21;1,05;1,05;1,25;12552;12139;413;13242;12725;517;295
2020;07;03;HOSTAL;02;2 ESTRELLAS;APURÍMAC;030000;3;60;92;15,11;13,67;1,39;1,39;0;281;281;0;390;390;0;10
2020;07;03;HOSTAL;02;2 ESTRELLAS;AREQUIPA;040000;115;1851;3309;9,98;10,3;1,44;1,43;1,61;7357;7274;83;10562;10428;134;318
2020;07;03;HOSTAL;02;2 ESTRELLAS;AYACUCHO;050000;4;43;82;0;0;0;0;0;0;0;0;0;0;0;0
2020;07;03;HOSTAL;02;2 ESTRELLAS;CAJAMARCA;060000;94;1756;2851;8,11;6,19;1;1;0;5469;5469;0;5469;5469;0;292
2020;07;03;HOSTAL;02;2 ESTRELLAS;CALLAO;070000;4;120;240;73,88;73,89;1;1;1;6231;6220;11;6231;6220;11;29
2020;07;03;HOSTAL;02;2 ESTRELLAS;CUSCO;080000;58;873;1543;20,25;15,43;1,93;1,92;2,15;3830;3768;62;7379;7246;133;152
2020;07;03;HOSTAL;02;2 ESTRELLAS;HUANCAVELICA;090000;1;10;10;0;0;0;0;0;0;0;0;0;0;0;0
2020;07;03;HOSTAL;02;2 ESTRELLAS;HUÁNUCO;100000;15;204;322;0;0;0;0;0;0;0;0;0;0;0;0
2020;07;03;HOSTAL;02;2 ESTRELLAS;ICA;110000;55;815;1375;0;0;0;0;0;0;0;0;0;0;0;0
2020;07;03;HOSTAL;02;2 ESTRELLAS;JUNÍN;120000;14;311;569;8,31;5,64;1,81;1,81;0;550;550;0;994;994;0;55
2020;07;03;HOSTAL;02;2 ESTRELLAS;LA LIBERTAD;130000;141;2301;4215;10,06;7,11;1,06;1,06;0;8733;8733;0;9290;9290;0;403
2020;07;03;HOSTAL;02;2 ESTRELLAS;LAMBAYEQUE;140000;135;1937;2678;10,99;8,48;1,22;1,23;1,02;5762;5663;99;7039;6938;101;345
2020;07;03;HOSTAL;02;2 ESTRELLAS;LIMA;150000;101;2327;4378;22,99;21,16;1,73;1,71;2,45;28362;27567;795;48953;47003;1951;776
2020;07;03;HOSTAL;02;2 ESTRELLAS;LORETO;160000;5;76;115;0;0;0;0;0;0;0;0;0;0;0;0
2020;07;03;HOSTAL;02;2 ESTRELLAS;MADRE DE DIOS;170000;1;18;32;0;0;0;0;0;0;0;0;0;0;0;0
2020;07;03;HOSTAL;02;2 ESTRELLAS;MOQUEGUA;180000;28;358;578;13,43;10,84;3,13;3,14;2,29;620;613;7;1942;1926;16;59
2020;07;03;HOSTAL;02;2 ESTRELLAS;PASCO;190000;11;183;349;4,51;2,76;1,08;1,08;0;276;276;0;299;299;0;30
2020;07;03;HOSTAL;02;2 ESTRELLAS;PIURA;200000;25;508;793;23,73;18,2;1,92;1,93;1,55;2335;2251;84;4475;4345;130;97
2020;07;03;HOSTAL;02;2 ESTRELLAS;PUNO;210000;35;500;964;15,8;12,55;3,27;3,28;1,43;1148;1141;7;3751;3741;10;92
2020;07;03;HOSTAL;02;2 ESTRELLAS;SAN MARTÍN;220000;15;225;388;8,73;5,89;1,39;1,39;0;510;510;0;708;708;0;35
2020;07;03;HOSTAL;02;2 ESTRELLAS;TACNA;230000;28;448;836;0;0;0;0;0;0;0;0;0;0;0;0
2020;07;03;HOSTAL;02;2 ESTRELLAS;TUMBES;240000;5;64;133;7,36;4,27;1;1;0;176;176;0;176;176;0;13
2020;07;03;HOSTAL;02;2 ESTRELLAS;UCAYALI;250000;2;70;121;11,89;8,64;1,45;1,45;1;224;222;2;324;322;2;13
2020;07;03;HOSTAL;03;3 ESTRELLAS;AMAZONAS;010000;4;49;113;0;0;0;0;0;0;0;0;0;0;0;0
2020;07;03;HOSTAL;03;3 ESTRELLAS;ÁNCASH;020000;19;294;511;0;0;0;0;0;0;0;0;0;0;0;0
2020;07;03;HOSTAL;03;3 ESTRELLAS;APURÍMAC;030000;1;24;43;15,32;8,55;1,68;1,68;0;68;68;0;114;114;0;7
2020;07;03;HOSTAL;03;3 ESTRELLAS;AREQUIPA;040000;33;566;1048;31,6;22,7;7,55;7,55;0;977;977;0;7376;7376;0;99
2020;07;03;HOSTAL;03;3 ESTRELLAS;AYACUCHO;050000;1;20;44;0;0;0;0;0;0;0;0;0;0;0;0
2020;07;03;HOSTAL;03;3 ESTRELLAS;CAJAMARCA;060000;40;619;1057;0;0;0;0;0;0;0;0;0;0;0;0
2020;07;03;HOSTAL;03;3 ESTRELLAS;CUSCO;080000;19;321;584;2,24;8,23;7,53;7,53;0;198;198;0;1490;1490;0;51
2020;07;03;HOSTAL;03;3 ESTRELLAS;HUANCAVELICA;090000;3;59;94;10,22;7,55;1,08;1,08;0;204;204;0;220;220;0;7
2020;07;03;HOSTAL;03;3 ESTRELLAS;HUÁNUCO;100000;1;14;24;0;0;0;0;0;0;0;0;0;0;0;0
2020;07;03;HOSTAL;03;3 ESTRELLAS;ICA;110000;30;549;1005;28,7;20,54;4,99;5,04;3,81;1282;1228;54;6400;6194;206;115
2020;07;03;HOSTAL;03;3 ESTRELLAS;JUNÍN;120000;2;41;75;0;0;0;0;0;0;0;0;0;0;0;0
2020;07;03;HOSTAL;03;3 ESTRELLAS;LA LIBERTAD;130000;63;1040;1900;10,26;6,6;1,37;1,38;1,09;2827;2816;11;3886;3874;12;177
2020;07;03;HOSTAL;03;3 ESTRELLAS;LAMBAYEQUE;140000;25;384;560;17,23;12,79;1,81;1,79;1,96;1227;1113;114;2220;1996;224;79
2020;07;03;HOSTAL;03;3 ESTRELLAS;LIMA;150000;11;222;442;15,64;15,28;1,13;1,13;1,09;1921;1871;50;2168;2114;54;43
2020;07;03;HOSTAL;03;3 ESTRELLAS;LORETO;160000;6;93;148;7,32;8,96;2,38;2,38;0;173;173;0;411;411;0;21
2020;07;03;HOSTAL;03;3 ESTRELLAS;MADRE DE DIOS;170000;1;22;29;,73;,56;1;1;0;5;5;0;5;5;0;2
2020;07;03;HOSTAL;03;3 ESTRELLAS;MOQUEGUA;180000;3;41;67;0;0;0;0;0;0;0;0;0;0;0;0
2020;07;03;HOSTAL;03;3 ESTRELLAS;PASCO;190000;1;9;18;0;0;0;0;0;0;0;0;0;0;0;0
2020;07;03;HOSTAL;03;3 ESTRELLAS;PIURA;200000;2;30;58;0;0;0;0;0;0;0;0;0;0;0;0
2020;07;03;HOSTAL;03;3 ESTRELLAS;PUNO;210000;7;145;282;6,83;4,4;1,72;1,72;1,69;224;211;13;385;363;22;32
2020;07;03;HOSTAL;03;3 ESTRELLAS;SAN MARTÍN;220000;5;95;174;1,94;2,13;1,07;1,08;1;107;105;2;115;113;2;22
2020;07;03;HOSTAL;03;3 ESTRELLAS;TACNA;230000;7;125;249;27,9;13,28;6,17;6,17;0;166;166;0;1025;1025;0;21
2020;07;03;HOSTAL;03;3 ESTRELLAS;TUMBES;240000;3;44;95;0;0;0;0;0;0;0;0;0;0;0;0
2020;07;03;HOSTAL;03;3 ESTRELLAS;UCAYALI;250000;1;10;15;,32;,22;1;1;0;1;1;0;1;1;0;1
2020;07;03;HOSTAL;TT;TODAS CONSOLIDADAS;AMAZONAS;010000;67;1117;1730;3,13;1,8;1;1;0;967;967;0;967;967;0;140
2020;07;03;HOSTAL;TT;TODAS CONSOLIDADAS;ÁNCASH;020000;161;2476;4212;10,87;10,14;1,05;1,05;1,25;12552;12139;413;13242;12725;517;295
2020;07;03;HOSTAL;TT;TODAS CONSOLIDADAS;APURÍMAC;030000;5;98;154;13;10,56;1,44;1,44;0;349;349;0;504;504;0;17
2020;07;03;HOSTAL;TT;TODAS CONSOLIDADAS;AREQUIPA;040000;198;3116;5466;13,44;11,93;2,13;2,13;1,61;9502;9419;83;20217;20083;134;534
2020;07;03;HOSTAL;TT;TODAS CONSOLIDADAS;AYACUCHO;050000;8;146;270;16,59;16,88;3,6;3,6;0;392;392;0;1413;1413;0;14
2020;07;03;HOSTAL;TT;TODAS CONSOLIDADAS;CAJAMARCA;060000;157;2778;4573;5,13;3,86;1;1;0;5469;5469;0;5469;5469;0;292
2020;07;03;HOSTAL;TT;TODAS CONSOLIDADAS;CALLAO;070000;11;238;478;50,13;49,76;1;1;1;8387;8369;17;8387;8369;17;52
2020;07;03;HOSTAL;TT;TODAS CONSOLIDADAS;HUANCAVELICA;090000;6;98;149;17,08;12,02;1,04;1,04;0;533;533;0;555;555;0;12
2020;07;03;HOSTAL;TT;TODAS CONSOLIDADAS;HUÁNUCO;100000;28;409;627;0;0;0;0;0;0;0;0;0;0;0;0
2020;07;03;HOSTAL;TT;TODAS CONSOLIDADAS;ICA;110000;96;1525;2635;10,33;7,83;4,99;5,04;3,81;1282;1228;54;6400;6194;206;115
2020;07;03;HOSTAL;TT;TODAS CONSOLIDADAS;JUNÍN;120000;23;466;832;10,67;6,66;1,46;1,46;0;1177;1177;0;1719;1719;0;75
2020;07;03;HOSTAL;TT;TODAS CONSOLIDADAS;LA LIBERTAD;130000;239;3834;6978;9,31;6,59;1,13;1,13;1,09;12631;12620;11;14247;14235;12;665
2020;07;03;HOSTAL;TT;TODAS CONSOLIDADAS;LAMBAYEQUE;140000;178;2550;3539;13,45;10,6;1,24;1,24;1,46;9357;9115;242;11627;11273;354;465
2020;07;03;HOSTAL;TT;TODAS CONSOLIDADAS;LIMA;150000;171;3766;7296;18,94;17,78;1,46;1,45;1,86;35969;35025;944;52631;50876;1755;933
2020;07;03;HOSTAL;TT;TODAS CONSOLIDADAS;LORETO;160000;15;227;339;3;3,91;2,38;2,38;0;173;173;0;411;411;0;21
2020;07;03;HOSTAL;TT;TODAS CONSOLIDADAS;MADRE DE DIOS;170000;3;58;94;,28;,17;1;1;0;5;5;0;5;5;0;2
2020;07;03;HOSTAL;TT;TODAS CONSOLIDADAS;MOQUEGUA;180000;45;604;1010;8,38;6,53;2,83;2,84;2,29;721;714;7;2043;2027;16;94
2020;07;03;HOSTAL;TT;TODAS CONSOLIDADAS;PASCO;190000;28;451;743;1,83;1,3;1,08;1,08;0;276;276;0;299;299;0;30
2020;07;03;HOSTAL;TT;TODAS CONSOLIDADAS;PIURA;200000;30;607;958;19,86;15,07;1,92;1,93;1,55;2335;2251;84;4475;4345;130;97
2020;07;03;HOSTAL;TT;TODAS CONSOLIDADAS;PUNO;210000;55;894;1684;12,64;9,51;2,26;2,27;1,6;2193;2173;20;4963;4931;32;162
2020;07;03;HOSTAL;TT;TODAS CONSOLIDADAS;TACNA;230000;43;728;1360;5,69;3,03;3,06;3,2;1;418;391;27;1277;1250;27;42
2020;07;03;HOSTAL;TT;TODAS CONSOLIDADAS;TUMBES;240000;8;108;228;4,36;2,49;1;1;0;176;176;0;176;176;0;13
2020;07;05;ALBERGUE;12;ALBERGUE;ÁNCASH;020000;5;48;106;0;0;0;0;0;0;0;0;0;0;0;0
2020;07;05;ALBERGUE;12;ALBERGUE;AREQUIPA;040000;2;34;76;0;0;0;0;0;0;0;0;0;0;0;0
2020;07;05;ALBERGUE;12;ALBERGUE;CUSCO;080000;17;253;773;0;0;0;0;0;0;0;0;0;0;0;0
2020;07;05;ALBERGUE;12;ALBERGUE;ICA;110000;1;8;15;0;0;0;0;0;0;0;0;0;0;0;0
2020;07;05;ALBERGUE;12;ALBERGUE;LIMA;150000;6;84;227;16,13;6,45;11,64;3,83;13,06;39;6;33;454;23;431;16
2020;07;05;ALBERGUE;12;ALBERGUE;LORETO;160000;43;670;1294;,35;,28;1,65;1,65;0;68;68;0;112;112;0;114
2020;07;05;ALBERGUE;12;ALBERGUE;MADRE DE DIOS;170000;3;94;229;0;0;0;0;0;0;0;0;0;0;0;0
2020;07;05;ALBERGUE;12;ALBERGUE;PASCO;190000;8;160;412;,3;,41;3,06;3,06;0;17;17;0;52;52;0;24
2020;07;05;ALBERGUE;12;ALBERGUE;PUNO;210000;1;13;35;0;0;0;0;0;0;0;0;0;0;0;0
2020;07;05;ALBERGUE;12;ALBERGUE;SAN MARTÍN;220000;7;87;197;0;0;0;0;0;0;0;0;0;0;0;0
2020;07;05;ALBERGUE;12;ALBERGUE;UCAYALI;250000;1;16;37;0;0;0;0;0;0;0;0;0;0;0;0
2020;07;05;ALBERGUE;TT;TODAS CONSOLIDADAS;ÁNCASH;020000;5;48;106;0;0;0;0;0;0;0;0;0;0;0;0
2020;07;05;ALBERGUE;TT;TODAS CONSOLIDADAS;CUSCO;080000;17;253;773;0;0;0;0;0;0;0;0;0;0;0;0
2020;07;05;ALBERGUE;TT;TODAS CONSOLIDADAS;ICA;110000;1;8;15;0;0;0;0;0;0;0;0;0;0;0;0
2020;07;05;ALBERGUE;TT;TODAS CONSOLIDADAS;JUNÍN;120000;1;32;104;0;0;0;0;0;0;0;0;0;0;0;0
2020;07;05;ALBERGUE;TT;TODAS CONSOLIDADAS;LIMA;150000;6;84;227;16,13;6,45;11,64;3,83;13,06;39;6;33;454;23;431;16
2020;07;05;ALBERGUE;TT;TODAS CONSOLIDADAS;LORETO;160000;43;670;1294;,35;,28;1,65;1,65;0;68;68;0;112;112;0;114
2020;07;05;ALBERGUE;TT;TODAS CONSOLIDADAS;MADRE DE DIOS;170000;3;94;229;0;0;0;0;0;0;0;0;0;0;0;0
2020;07;05;ALBERGUE;TT;TODAS CONSOLIDADAS;PASCO;190000;8;160;412;,3;,41;3,06;3,06;0;17;17;0;52;52;0;24
2020;07;05;ALBERGUE;TT;TODAS CONSOLIDADAS;PUNO;210000;1;13;35;0;0;0;0;0;0;0;0;0;0;0;0
2020;07;05;ALBERGUE;TT;TODAS CONSOLIDADAS;SAN MARTÍN;220000;7;87;197;0;0;0;0;0;0;0;0;0;0;0;0
2020;07;05;ALBERGUE;TT;TODAS CONSOLIDADAS;UCAYALI;250000;1;16;37;0;0;0;0;0;0;0;0;0;0;0;0
2020;07;14;RESORT;03;3 ESTRELLAS;ICA;110000;1;51;86;0;0;0;0;0;0;0;0;0;0;0;0
2020;07;14;RESORT;05;5 ESTRELLAS;ICA;110000;2;235;490;34,76;19,01;6,2;6,18;6,64;466;452;14;2888;2795;93;291
2020;07;14;RESORT;TT;TODAS CONSOLIDADAS;ICA;110000;3;286;576;28,56;16,17;6,2;6,18;6,64;466;452;14;2888;2795;93;291
2020;07;16;ECOLODGE;13;ECOLODGE;AREQUIPA;040000;1;13;28;0;0;0;0;0;0;0;0;0;0;0;0
2020;07;16;ECOLODGE;TT;TODAS CONSOLIDADAS;AREQUIPA;040000;1;13;28;0;0;0;0;0;0;0;0;0;0;0;0
2020;07;16;ECOLODGE;TT;TODAS CONSOLIDADAS;SAN MARTÍN;220000;1;12;24;0;0;0;0;0;0;0;0;0;0;0;0
2020;07;TT;TODAS CONSOLIDADAS;00;NO CATEGORIZADO;ÁNCASH;020000;330;4704;8330;4,14;4,34;1,25;1,25;0;8934;8934;0;11212;11212;0;640
2020;07;TT;TODAS CONSOLIDADAS;00;NO CATEGORIZADO;AREQUIPA;040000;531;7128;12439;20,81;15,49;3,52;3,48;5,65;16958;16625;333;59750;57867;1883;1068
2020;07;TT;TODAS CONSOLIDADAS;00;NO CATEGORIZADO;CAJAMARCA;060000;324;4698;7381;13,85;9,71;1;1;1;22221;21339;882;22221;21339;882;231
2020;07;03;HOSTAL;TT;TODAS CONSOLIDADAS;CUSCO;080000;100;1503;2660;13,1;11,27;2,12;2,12;2,15;4379;4317;62;9290;9157;133;252
2020;07;TT;TODAS CONSOLIDADAS;00;NO CATEGORIZADO;AMAZONAS;010000;12;152;267;15,83;12,13;1,12;1,12;0;898;898;0;1004;1004;0;19
2020;07;03;HOSTAL;TT;TODAS CONSOLIDADAS;SAN MARTÍN;220000;21;340;595;6,32;4,46;1,33;1,33;1;617;615;2;823;821;2;57
2020;07;03;HOSTAL;TT;TODAS CONSOLIDADAS;UCAYALI;250000;3;80;136;10,44;7,71;1,44;1,45;1;225;223;2;325;323;2;14
2020;07;05;ALBERGUE;12;ALBERGUE;JUNÍN;120000;1;32;104;0;0;0;0;0;0;0;0;0;0;0;0
2020;07;16;ECOLODGE;13;ECOLODGE;SAN MARTÍN;220000;1;12;24;0;0;0;0;0;0;0;0;0;0;0;0
2020;07;05;ALBERGUE;TT;TODAS CONSOLIDADAS;AREQUIPA;040000;2;34;76;0;0;0;0;0;0;0;0;0;0;0;0
2020;07;TT;TODAS CONSOLIDADAS;00;NO CATEGORIZADO;APURÍMAC;030000;116;2096;3151;10,82;8,48;1,22;1,22;1;6771;6758;13;8280;8267;13;356
2020;07;TT;TODAS CONSOLIDADAS;00;NO CATEGORIZADO;AYACUCHO;050000;333;4622;7400;2,81;2,79;1,2;1,2;0;5328;5328;0;6395;6395;0;278
2020;07;TT;TODAS CONSOLIDADAS;00;NO CATEGORIZADO;CALLAO;070000;247;3400;6278;21,91;22,02;1;1;1;79196;78958;238;79196;78958;238;942
2020;07;TT;TODAS CONSOLIDADAS;00;NO CATEGORIZADO;CUSCO;080000;978;12861;24861;9,13;7,06;1,61;1,57;4,34;33722;33183;539;54378;52037;2341;2178
2020;07;TT;TODAS CONSOLIDADAS;00;NO CATEGORIZADO;HUANCAVELICA;090000;86;1487;2214;7,5;6,69;2,48;2,48;0;1856;1856;0;4594;4594;0;169
2020;07;TT;TODAS CONSOLIDADAS;00;NO CATEGORIZADO;HUÁNUCO;100000;254;4126;5972;8,47;6,92;1,22;1,22;1,38;10479;10286;193;12820;12553;267;443
2020;07;TT;TODAS CONSOLIDADAS;00;NO CATEGORIZADO;ICA;110000;418;6317;11101;26,52;15,95;2,79;2,83;1;19656;19269;387;54896;54509;387;1051
2020;07;TT;TODAS CONSOLIDADAS;00;NO CATEGORIZADO;JUNÍN;120000;538;8063;13005;7,1;4,72;1,35;1,35;0;14068;14068;0;19016;19016;0;1277
2020;07;TT;TODAS CONSOLIDADAS;00;NO CATEGORIZADO;LA LIBERTAD;130000;410;5166;8708;,3;,21;1;1;0;564;564;0;564;564;0;267
2020;07;TT;TODAS CONSOLIDADAS;00;NO CATEGORIZADO;LAMBAYEQUE;140000;243;3007;4264;17,3;14,22;1,12;1,13;1;16758;16244;514;18794;18279;515;505
2020;07;TT;TODAS CONSOLIDADAS;00;NO CATEGORIZADO;LIMA;150000;6102;52888;91883;18,76;17,42;1,28;1,28;1,18;1795868;1758758;37111;2292548;2248606;43942;41141
2020;07;TT;TODAS CONSOLIDADAS;00;NO CATEGORIZADO;LORETO;160000;349;5359;8357;12,89;7,4;5,24;4,67;12,39;3660;3391;269;19171;15837;3334;499
2020;07;TT;TODAS CONSOLIDADAS;00;NO CATEGORIZADO;MADRE DE DIOS;170000;125;2532;4184;27,74;21,72;1,96;1,88;2,45;14346;12286;2060;28174;23132;5042;405
2020;07;TT;TODAS CONSOLIDADAS;00;NO CATEGORIZADO;PASCO;190000;206;3025;4598;1,9;1,32;1,26;1,26;0;1495;1495;0;1886;1886;0;439
2020;07;TT;TODAS CONSOLIDADAS;00;NO CATEGORIZADO;PIURA;200000;435;5995;10500;14,73;11,37;2,36;2,28;6,88;15692;15409;283;37012;35066;1946;972
2020;07;TT;TODAS CONSOLIDADAS;00;NO CATEGORIZADO;PUNO;210000;364;4717;8268;17,8;15,04;1,31;1,31;1,69;29477;29425;52;38548;38460;88;781
2020;07;TT;TODAS CONSOLIDADAS;00;NO CATEGORIZADO;SAN MARTÍN;220000;410;6394;10064;11,14;9,22;4,97;4,98;4,38;5788;5724;64;28774;28494;280;600
2020;07;TT;TODAS CONSOLIDADAS;00;NO CATEGORIZADO;TACNA;230000;240;3242;6069;1,8;1,15;1;1;1;2162;2128;34;2167;2133;34;351
2020;07;TT;TODAS CONSOLIDADAS;00;NO CATEGORIZADO;TUMBES;240000;107;1340;2633;9,58;9,25;2,48;3,69;1,94;3040;948;2092;7554;3499;4055;180
2020;07;TT;TODAS CONSOLIDADAS;00;NO CATEGORIZADO;UCAYALI;250000;206;3744;5609;20,05;17,75;1,99;1,99;2,04;15487;15409;78;30860;30701;159;617
2020;07;TT;TODAS CONSOLIDADAS;01;1 ESTRELLA;AMAZONAS;010000;15;219;316;0;0;0;0;0;0;0;0;0;0;0;0
2020;07;TT;TODAS CONSOLIDADAS;01;1 ESTRELLA;ÁNCASH;020000;38;564;937;0;0;0;0;0;0;0;0;0;0;0;0
2020;07;TT;TODAS CONSOLIDADAS;01;1 ESTRELLA;APURÍMAC;030000;3;94;134;8,65;6,48;1;1;0;269;269;0;269;269;0;8
2020;07;TT;TODAS CONSOLIDADAS;01;1 ESTRELLA;AREQUIPA;040000;55;877;1394;6,31;5,27;1,95;1,95;0;1168;1168;0;2279;2279;0;117
2020;07;TT;TODAS CONSOLIDADAS;01;1 ESTRELLA;AYACUCHO;050000;8;213;360;11,37;12,66;3,6;3,6;0;392;392;0;1413;1413;0;14
2020;07;TT;TODAS CONSOLIDADAS;01;1 ESTRELLA;CAJAMARCA;060000;27;523;858;0;0;0;0;0;0;0;0;0;0;0;0
2020;07;TT;TODAS CONSOLIDADAS;01;1 ESTRELLA;CALLAO;070000;7;118;238;15,53;15,08;1;1;1;1162;1157;5;1162;1157;5;19
2020;07;TT;TODAS CONSOLIDADAS;01;1 ESTRELLA;CUSCO;080000;29;454;805;3,23;1,92;1,17;1,17;0;409;409;0;479;479;0;69
2020;07;TT;TODAS CONSOLIDADAS;01;1 ESTRELLA;HUANCAVELICA;090000;2;29;45;36,93;24,01;1,02;1,02;0;329;329;0;335;335;0;5
2020;07;TT;TODAS CONSOLIDADAS;01;1 ESTRELLA;HUÁNUCO;100000;20;431;638;3,67;2,75;2,55;2,55;0;213;213;0;543;543;0;40
2020;07;TT;TODAS CONSOLIDADAS;01;1 ESTRELLA;ICA;110000;15;243;363;0;0;0;0;0;0;0;0;0;0;0;0
2020;07;TT;TODAS CONSOLIDADAS;01;1 ESTRELLA;JUNÍN;120000;9;238;429;13,69;7,94;1,23;1,23;0;862;862;0;1056;1056;0;32
2020;07;TT;TODAS CONSOLIDADAS;01;1 ESTRELLA;LA LIBERTAD;130000;37;539;951;3,5;3,63;1;1;0;1071;1071;0;1071;1071;0;85
2020;07;TT;TODAS CONSOLIDADAS;01;1 ESTRELLA;LAMBAYEQUE;140000;22;353;489;18,09;15,62;1;1;1;2368;2339;29;2368;2339;29;41
2020;07;TT;TODAS CONSOLIDADAS;01;1 ESTRELLA;LIMA;150000;65;1452;2929;16,48;15,67;1,24;1,23;1,36;12891;12640;251;15943;15600;343;298
2020;07;TT;TODAS CONSOLIDADAS;01;1 ESTRELLA;LORETO;160000;4;58;76;0;0;0;0;0;0;0;0;0;0;0;0
2020;07;TT;TODAS CONSOLIDADAS;01;1 ESTRELLA;MADRE DE DIOS;170000;2;38;67;2,29;2,02;1,17;1,17;0;36;36;0;42;42;0;3
2020;07;TT;TODAS CONSOLIDADAS;01;1 ESTRELLA;PASCO;190000;18;331;507;0;0;0;0;0;0;0;0;0;0;0;0
2020;07;TT;TODAS CONSOLIDADAS;01;1 ESTRELLA;PIURA;200000;5;122;190;0;0;0;0;0;0;0;0;0;0;0;0
2020;07;TT;TODAS CONSOLIDADAS;01;1 ESTRELLA;PUNO;210000;18;380;672;24,82;20,74;2,63;2,64;1,63;1641;1633;8;4320;4307;13;56
2020;07;TT;TODAS CONSOLIDADAS;01;1 ESTRELLA;SAN MARTÍN;220000;7;146;232;0;0;0;0;0;0;0;0;0;0;0;0
2020;07;TT;TODAS CONSOLIDADAS;01;1 ESTRELLA;TACNA;230000;10;212;387;11,26;8;2,96;3,14;1;324;297;27;960;933;27;26
2020;07;TT;TODAS CONSOLIDADAS;02;2 ESTRELLAS;AMAZONAS;010000;73;1542;2368;8,42;5,36;1,47;1,47;0;2685;2685;0;3934;3934;0;257
2020;07;TT;TODAS CONSOLIDADAS;02;2 ESTRELLAS;ÁNCASH;020000;144;2711;4723;12,54;10,81;1,07;1,06;1,25;14791;14378;413;15823;15306;517;449
2020;07;TT;TODAS CONSOLIDADAS;02;2 ESTRELLAS;APURÍMAC;030000;5;116;192;9,73;7,73;1,31;1,31;0;351;351;0;460;460;0;18
2020;07;TT;TODAS CONSOLIDADAS;02;2 ESTRELLAS;AREQUIPA;040000;153;2890;5108;19,73;15,13;2,19;2,19;1,61;10957;10874;83;23952;23818;134;499
2020;07;TT;TODAS CONSOLIDADAS;02;2 ESTRELLAS;AYACUCHO;050000;12;278;545;0;0;0;0;0;0;0;0;0;0;0;0
2020;07;TT;TODAS CONSOLIDADAS;02;2 ESTRELLAS;CAJAMARCA;060000;125;2661;4279;6,84;4,96;1,04;1,04;0;6319;6319;0;6581;6581;0;442
2020;07;TT;TODAS CONSOLIDADAS;02;2 ESTRELLAS;CALLAO;070000;6;184;355;53,34;55,78;1;1;1,11;7028;7014;14;7029;7014;15;41
2020;07;TT;TODAS CONSOLIDADAS;02;2 ESTRELLAS;CUSCO;080000;101;1966;3486;23,25;14,51;2,68;2,69;2,26;5842;5777;65;15683;15536;147;319
2020;07;TT;TODAS CONSOLIDADAS;02;2 ESTRELLAS;HUANCAVELICA;090000;3;52;83;17,99;16,71;3,58;3,58;0;120;120;0;430;430;0;11
2020;07;TT;TODAS CONSOLIDADAS;02;2 ESTRELLAS;HUÁNUCO;100000;47;1144;1781;5,57;4,38;1,03;1,03;0;2343;2343;0;2418;2418;0;160
2020;07;TT;TODAS CONSOLIDADAS;02;2 ESTRELLAS;ICA;110000;101;2058;3511;19,67;17,26;12,12;12,12;0;1550;1550;0;18783;18783;0;214
2020;07;TT;TODAS CONSOLIDADAS;02;2 ESTRELLAS;JUNÍN;120000;29;720;1284;9,73;6,19;1,54;1,54;1;1605;1603;2;2465;2463;2;120
2020;07;TT;TODAS CONSOLIDADAS;02;2 ESTRELLAS;LA LIBERTAD;130000;162;2890;5288;8,01;5,67;1,06;1,06;0;8733;8733;0;9290;9290;0;403
2020;07;TT;TODAS CONSOLIDADAS;02;2 ESTRELLAS;LAMBAYEQUE;140000;195;3638;5251;12,69;9,97;1,25;1,25;1,03;12952;12832;120;16222;16098;124;639
2020;07;TT;TODAS CONSOLIDADAS;02;2 ESTRELLAS;LIMA;150000;194;6226;11483;24,38;21,38;1,62;1,6;2,27;66885;65744;1142;108107;105514;2593;1474
2020;07;TT;TODAS CONSOLIDADAS;02;2 ESTRELLAS;LORETO;160000;16;363;581;3,54;2,73;1,18;1,18;1,07;418;403;15;492;476;16;50
2020;07;TT;TODAS CONSOLIDADAS;02;2 ESTRELLAS;MADRE DE DIOS;170000;2;53;102;0;0;0;0;0;0;0;0;0;0;0;0
2020;07;TT;TODAS CONSOLIDADAS;02;2 ESTRELLAS;PASCO;190000;14;267;476;3,09;2,03;1,08;1,08;0;276;276;0;299;299;0;30
2020;07;TT;TODAS CONSOLIDADAS;02;2 ESTRELLAS;PIURA;200000;42;928;1496;18,57;13,88;1,88;1,89;1,56;3422;3336;86;6439;6305;134;177
2020;07;TT;TODAS CONSOLIDADAS;02;2 ESTRELLAS;PUNO;210000;55;1000;1878;9,24;7,67;2,74;2,75;1,43;1628;1621;7;4465;4455;10;171
2020;07;TT;TODAS CONSOLIDADAS;02;2 ESTRELLAS;SAN MARTÍN;220000;32;705;1169;2,79;1,95;1,39;1,39;0;510;510;0;708;708;0;35
2020;07;TT;TODAS CONSOLIDADAS;02;2 ESTRELLAS;TACNA;230000;61;1335;2607;3,25;1,78;4,37;4,37;0;330;330;0;1442;1442;0;145
2020;07;TT;TODAS CONSOLIDADAS;02;2 ESTRELLAS;TUMBES;240000;9;214;397;3,15;2,28;1,16;1,16;0;241;241;0;280;280;0;33
2020;07;TT;TODAS CONSOLIDADAS;02;2 ESTRELLAS;UCAYALI;250000;4;121;202;6,88;5,17;1,45;1,45;1;224;222;2;324;322;2;13
2020;07;TT;TODAS CONSOLIDADAS;03;3 ESTRELLAS;AMAZONAS;010000;20;435;770;10,57;10,72;2,43;2,4;2,8;1053;973;80;2559;2335;224;64
2020;07;TT;TODAS CONSOLIDADAS;03;3 ESTRELLAS;ÁNCASH;020000;53;1397;2429;13,94;8,39;2,38;2,37;3,25;2652;2597;55;6321;6142;179;217
2020;07;TT;TODAS CONSOLIDADAS;03;3 ESTRELLAS;APURÍMAC;030000;4;122;215;42,97;29,23;2,41;2,43;1,33;807;792;15;1948;1928;20;27
2020;07;TT;TODAS CONSOLIDADAS;03;3 ESTRELLAS;AREQUIPA;040000;87;2218;4123;37,6;24,06;7,48;7,47;10,29;4113;4106;7;30746;30674;72;476
2020;07;TT;TODAS CONSOLIDADAS;03;3 ESTRELLAS;AYACUCHO;050000;5;171;324;13,83;7,97;5,76;2,24;31,06;139;122;17;801;273;528;65
2020;07;TT;TODAS CONSOLIDADAS;03;3 ESTRELLAS;CAJAMARCA;060000;92;2237;3835;34,78;15,24;9,45;9,45;0;1917;1917;0;18114;18114;0;279
2020;07;TT;TODAS CONSOLIDADAS;03;3 ESTRELLAS;CALLAO;070000;2;119;220;14,39;11,77;4,16;3,92;10,43;193;186;7;803;730;73;29
2020;07;TT;TODAS CONSOLIDADAS;03;3 ESTRELLAS;CUSCO;080000;73;2482;4745;25,1;15,14;6,36;6,36;10,5;3499;3497;2;22271;22250;21;509
2020;07;TT;TODAS CONSOLIDADAS;03;3 ESTRELLAS;HUANCAVELICA;090000;5;124;202;12,1;8,64;1,76;1,77;1,29;308;301;7;541;532;9;25
2020;07;TT;TODAS CONSOLIDADAS;03;3 ESTRELLAS;HUÁNUCO;100000;9;363;659;3,42;2,96;1,24;1,25;1,2;486;445;41;605;556;49;71
2020;07;TT;TODAS CONSOLIDADAS;03;3 ESTRELLAS;ICA;110000;76;2083;4058;30,98;23,04;4,08;4,09;3,11;7106;7016;90;28978;28698;280;382
2020;07;TT;TODAS CONSOLIDADAS;03;3 ESTRELLAS;JUNÍN;120000;19;661;1265;33,08;17,36;3,51;3,52;1,33;1941;1929;12;6809;6793;16;185
2020;07;TT;TODAS CONSOLIDADAS;03;3 ESTRELLAS;LA LIBERTAD;130000;142;3314;6277;17,4;13,48;1,61;1,61;1,33;16276;16169;107;26239;26097;142;594
2020;07;TT;TODAS CONSOLIDADAS;03;3 ESTRELLAS;LAMBAYEQUE;140000;48;1164;1844;10,3;7,66;1,86;1,84;2,11;2350;2182;168;4376;4022;354;264
2020;07;TT;TODAS CONSOLIDADAS;03;3 ESTRELLAS;LIMA;150000;145;6837;12834;33,53;23,93;2,99;2,99;3,09;32007;31118;889;95685;92937;2748;1447
2020;07;TT;TODAS CONSOLIDADAS;03;3 ESTRELLAS;LORETO;160000;30;892;1511;6,8;5,29;2,18;2,17;2,31;1138;1093;45;2480;2376;104;179
2020;07;TT;TODAS CONSOLIDADAS;03;3 ESTRELLAS;MADRE DE DIOS;170000;2;83;151;8,9;5,87;3,16;3,16;0;87;87;0;275;275;0;25
2020;07;TT;TODAS CONSOLIDADAS;03;3 ESTRELLAS;PASCO;190000;5;111;205;0;0;0;0;0;0;0;0;0;0;0;0
2020;07;TT;TODAS CONSOLIDADAS;03;3 ESTRELLAS;PIURA;200000;12;351;589;3,89;3,09;1,35;1,35;2;419;418;1;565;563;2;57
2020;07;TT;TODAS CONSOLIDADAS;03;3 ESTRELLAS;PUNO;210000;27;798;1442;34,35;20,34;4,32;4,33;1,69;2107;2094;13;9092;9070;22;190
2020;07;TT;TODAS CONSOLIDADAS;03;3 ESTRELLAS;SAN MARTÍN;220000;23;738;1298;12,34;7,86;1,24;1,24;1;2555;2553;2;3162;3160;2;129
2020;07;TT;TODAS CONSOLIDADAS;03;3 ESTRELLAS;TACNA;230000;19;553;1138;29,55;15,67;6,9;6,9;0;801;801;0;5529;5529;0;124
2020;07;TT;TODAS CONSOLIDADAS;03;3 ESTRELLAS;TUMBES;240000;8;223;444;0;0;0;0;0;0;0;0;0;0;0;0
2020;07;TT;TODAS CONSOLIDADAS;03;3 ESTRELLAS;UCAYALI;250000;13;493;801;12,25;9,87;2,87;2,77;4,85;855;816;39;2452;2263;189;129
2020;07;TT;TODAS CONSOLIDADAS;04;4 ESTRELLAS;AREQUIPA;040000;9;427;839;49,99;26,29;6,49;6,5;5,7;1053;1043;10;6837;6780;57;152
2020;07;TT;TODAS CONSOLIDADAS;04;4 ESTRELLAS;CALLAO;070000;2;371;632;23,89;18,58;3,74;4,66;1,39;972;699;273;3640;3260;380;114
2020;07;TT;TODAS CONSOLIDADAS;04;4 ESTRELLAS;CUSCO;080000;3;354;675;29,93;16,13;6,22;6,34;3,27;543;521;22;3375;3303;72;146
2020;07;TT;TODAS CONSOLIDADAS;04;4 ESTRELLAS;HUÁNUCO;100000;1;52;90;46,71;27,96;7,88;7,88;0;99;99;0;780;780;0;25
2020;07;TT;TODAS CONSOLIDADAS;04;4 ESTRELLAS;ICA;110000;5;460;912;46,14;28,83;10,46;10,47;9,5;779;773;6;8151;8094;57;147
2020;07;TT;TODAS CONSOLIDADAS;04;4 ESTRELLAS;JUNÍN;120000;1;40;66;90,32;54,74;14;14;0;80;80;0;1120;1120;0;19
2020;07;TT;TODAS CONSOLIDADAS;04;4 ESTRELLAS;LA LIBERTAD;130000;3;161;288;56,42;32,27;5,58;5,95;2,02;516;468;48;2881;2784;97;24
2020;07;TT;TODAS CONSOLIDADAS;04;4 ESTRELLAS;LAMBAYEQUE;140000;3;242;386;18,38;13,45;2,43;2,47;1,45;663;634;29;1609;1567;42;220
2020;07;TT;TODAS CONSOLIDADAS;04;4 ESTRELLAS;LIMA;150000;46;4246;7550;51,9;33,12;5;5,08;3,27;15496;14803;693;77526;75260;2266;1512
2020;07;TT;TODAS CONSOLIDADAS;04;4 ESTRELLAS;LORETO;160000;2;90;150;18,92;14,26;4,51;4,52;4;147;143;4;663;647;16;20
2020;07;TT;TODAS CONSOLIDADAS;04;4 ESTRELLAS;PIURA;200000;2;181;340;17,84;10,2;4,3;4,13;7,58;250;238;12;1075;984;91;26
2020;07;TT;TODAS CONSOLIDADAS;04;4 ESTRELLAS;PUNO;210000;4;275;538;51,79;27,38;8,2;8,2;0;557;557;0;4567;4567;0;94
2020;07;TT;TODAS CONSOLIDADAS;04;4 ESTRELLAS;SAN MARTÍN;220000;1;20;49;5;2,04;31;31;0;1;1;0;31;31;0;8
2020;07;TT;TODAS CONSOLIDADAS;04;4 ESTRELLAS;TACNA;230000;1;150;300;41,78;21,59;3,49;3,4;20,67;576;573;3;2008;1946;62;17
2020;07;TT;TODAS CONSOLIDADAS;04;4 ESTRELLAS;TUMBES;240000;2;113;229;0;0;0;0;0;0;0;0;0;0;0;0
2020;07;TT;TODAS CONSOLIDADAS;04;4 ESTRELLAS;UCAYALI;250000;5;288;506;10,17;6,85;3,06;2,9;8,4;351;341;10;1074;990;84;126
2020;07;TT;TODAS CONSOLIDADAS;05;5 ESTRELLAS;AREQUIPA;040000;3;241;346;77,83;54,23;6,66;6,66;0;873;873;0;5817;5817;0;104
2020;07;TT;TODAS CONSOLIDADAS;05;5 ESTRELLAS;CUSCO;080000;1;93;188;52,93;26,84;4,89;4,97;1,14;320;313;7;1564;1556;8;14
2020;07;TT;TODAS CONSOLIDADAS;05;5 ESTRELLAS;ICA;110000;3;359;886;26,05;13,64;4,08;4,1;3,58;918;880;38;3747;3611;136;358
2020;07;TT;TODAS CONSOLIDADAS;05;5 ESTRELLAS;LA LIBERTAD;130000;1;120;240;52,88;28,72;3,35;3,38;2,8;637;612;25;2137;2067;70;97
2020;07;TT;TODAS CONSOLIDADAS;05;5 ESTRELLAS;LIMA;150000;25;4025;7263;54,44;33,3;4,52;4,57;4,03;16585;15032;1553;74983;68720;6263;2505
2020;07;TT;TODAS CONSOLIDADAS;05;5 ESTRELLAS;LORETO;160000;1;60;88;6,29;7;1,87;1,93;1,56;102;86;16;191;166;25;41
2020;07;TT;TODAS CONSOLIDADAS;05;5 ESTRELLAS;PIURA;200000;1;83;167;25,77;14,99;3,7;3,86;1,94;210;192;18;776;741;35;47
2020;07;TT;TODAS CONSOLIDADAS;12;ALBERGUE;ÁNCASH;020000;5;48;106;0;0;0;0;0;0;0;0;0;0;0;0
2020;07;TT;TODAS CONSOLIDADAS;12;ALBERGUE;AREQUIPA;040000;2;34;76;0;0;0;0;0;0;0;0;0;0;0;0
2020;07;TT;TODAS CONSOLIDADAS;12;ALBERGUE;CUSCO;080000;17;253;773;0;0;0;0;0;0;0;0;0;0;0;0
2020;07;TT;TODAS CONSOLIDADAS;12;ALBERGUE;ICA;110000;1;8;15;0;0;0;0;0;0;0;0;0;0;0;0
2020;07;TT;TODAS CONSOLIDADAS;12;ALBERGUE;JUNÍN;120000;1;32;104;0;0;0;0;0;0;0;0;0;0;0;0
2020;07;TT;TODAS CONSOLIDADAS;12;ALBERGUE;LIMA;150000;6;84;227;16,13;6,45;11,64;3,83;13,06;39;6;33;454;23;431;16
2020;07;TT;TODAS CONSOLIDADAS;12;ALBERGUE;LORETO;160000;43;670;1294;,35;,28;1,65;1,65;0;68;68;0;112;112;0;114
2020;07;TT;TODAS CONSOLIDADAS;12;ALBERGUE;MADRE DE DIOS;170000;3;94;229;0;0;0;0;0;0;0;0;0;0;0;0
2020;07;TT;TODAS CONSOLIDADAS;12;ALBERGUE;PASCO;190000;8;160;412;,3;,41;3,06;3,06;0;17;17;0;52;52;0;24
2020;07;TT;TODAS CONSOLIDADAS;12;ALBERGUE;PUNO;210000;1;13;35;0;0;0;0;0;0;0;0;0;0;0;0
2020;07;TT;TODAS CONSOLIDADAS;12;ALBERGUE;SAN MARTÍN;220000;7;87;197;0;0;0;0;0;0;0;0;0;0;0;0
2020;07;TT;TODAS CONSOLIDADAS;12;ALBERGUE;UCAYALI;250000;1;16;37;0;0;0;0;0;0;0;0;0;0;0;0
2020;07;TT;TODAS CONSOLIDADAS;13;ECOLODGE;AREQUIPA;040000;1;13;28;0;0;0;0;0;0;0;0;0;0;0;0
2020;07;TT;TODAS CONSOLIDADAS;13;ECOLODGE;SAN MARTÍN;220000;1;12;24;0;0;0;0;0;0;0;0;0;0;0;0
2020;07;TT;TODAS CONSOLIDADAS;TT;TODAS CONSOLIDADAS;APURÍMAC;030000;128;2428;3692;11,73;9,05;1,26;1,26;,95;8198;8170;28;10957;10924;33;409
2020;07;TT;TODAS CONSOLIDADAS;TT;TODAS CONSOLIDADAS;AREQUIPA;040000;841;13828;24353;21,85;15,84;3,62;3,59;4,99;35122;34689;433;129381;127235;2146;2416
2020;07;TT;TODAS CONSOLIDADAS;TT;TODAS CONSOLIDADAS;CALLAO;070000;264;4192;7723;22,41;22,5;1,04;1,05;1,08;88550;88013;537;91830;91118;711;1145
2020;07;TT;TODAS CONSOLIDADAS;00;NO CATEGORIZADO;MOQUEGUA;180000;108;1401;2480;14,09;11,03;2,01;1,85;7,75;4218;4104;114;8481;7598;883;239
2020;07;TT;TODAS CONSOLIDADAS;02;2 ESTRELLAS;MOQUEGUA;180000;40;676;1074;13,37;10,25;2,6;2,58;3,33;1310;1271;39;3411;3281;130;125
2020;07;TT;TODAS CONSOLIDADAS;03;3 ESTRELLAS;MOQUEGUA;180000;10;290;521;27,82;17,34;2,72;2,72;5;1028;1026;2;2800;2790;10;54
2020;07;TT;TODAS CONSOLIDADAS;04;4 ESTRELLAS;MOQUEGUA;180000;2;123;232;46,53;28,49;9,03;9,06;7,83;227;221;6;2049;2002;47;18
2020;07;TT;TODAS CONSOLIDADAS;01;1 ESTRELLA;MOQUEGUA;180000;15;225;406;1,15;,8;1;1;0;101;101;0;101;101;0;35
2020;07;TT;TODAS CONSOLIDADAS;05;5 ESTRELLAS;PUNO;210000;1;123;235;64,07;62,43;1,74;1,65;2,64;2612;2377;235;4548;3928;620;83
2020;07;TT;TODAS CONSOLIDADAS;05;5 ESTRELLAS;UCAYALI;250000;2;162;297;5,75;3,52;3,52;3,64;1;92;88;4;324;320;4;15
2020;07;TT;TODAS CONSOLIDADAS;TT;TODAS CONSOLIDADAS;AMAZONAS;010000;120;2348;3721;8,47;6,26;1,41;1,4;,47;4636;4556;80;7497;7273;224;340
2020;07;TT;TODAS CONSOLIDADAS;TT;TODAS CONSOLIDADAS;ÁNCASH;020000;570;9424;16525;6,86;6,02;1,22;1,22;,62;26377;25909;468;33356;32660;696;1306
2020;07;TT;TODAS CONSOLIDADAS;TT;TODAS CONSOLIDADAS;AYACUCHO;050000;358;5284;8629;3,07;2,99;1,28;1,23;,43;5859;5842;17;8609;8081;528;357
2020;07;TT;TODAS CONSOLIDADAS;TT;TODAS CONSOLIDADAS;CAJAMARCA;060000;568;10119;16353;15,04;9,1;2,33;2,33;,57;30457;29575;882;46916;46034;882;952
2020;07;TT;TODAS CONSOLIDADAS;TT;TODAS CONSOLIDADAS;CUSCO;080000;1202;18463;35533;11,1;7,99;1,97;1,94;4,37;44335;43700;635;97750;95161;2589;3235
2020;07;TT;TODAS CONSOLIDADAS;TT;TODAS CONSOLIDADAS;HUANCAVELICA;090000;96;1692;2544;8,68;7,47;2,44;2,44;,07;2613;2606;7;5900;5891;9;210
2020;07;TT;TODAS CONSOLIDADAS;TT;TODAS CONSOLIDADAS;HUÁNUCO;100000;331;6116;9140;7,75;6,27;1,3;1,29;1,09;13620;13386;234;17166;16850;316;739
2020;07;TT;TODAS CONSOLIDADAS;TT;TODAS CONSOLIDADAS;ICA;110000;619;11528;20846;25,42;16,72;4,47;4,49;1,15;30009;29488;521;114555;113695;860;2152
2020;07;TT;TODAS CONSOLIDADAS;TT;TODAS CONSOLIDADAS;JUNÍN;120000;597;9754;16153;8,28;5,32;1,45;1,45;,09;18556;18542;14;30466;30448;18;1633
2020;07;TT;TODAS CONSOLIDADAS;TT;TODAS CONSOLIDADAS;LA LIBERTAD;130000;755;12190;21752;5,62;4,21;1,15;1,15;,26;27797;27617;180;42182;41873;309;1470
2020;07;TT;TODAS CONSOLIDADAS;TT;TODAS CONSOLIDADAS;LAMBAYEQUE;140000;511;8404;12234;14,92;12,03;1,24;1,24;1,12;35091;34231;860;43369;42305;1064;1669
2020;07;TT;TODAS CONSOLIDADAS;TT;TODAS CONSOLIDADAS;LIMA;150000;6583;75758;134169;19,59;17,83;1,37;1,37;1,3;1939771;1898099;41672;2665245;2606660;58586;48393
2020;07;TT;TODAS CONSOLIDADAS;TT;TODAS CONSOLIDADAS;LORETO;160000;445;7492;12057;10,83;6,37;4,48;4,04;9,94;5533;5184;349;23109;19614;3495;903
2020;07;TT;TODAS CONSOLIDADAS;TT;TODAS CONSOLIDADAS;MADRE DE DIOS;170000;134;2800;4733;26,04;20,38;1,9;1,82;2,28;14469;12409;2060;28491;23449;5042;433
2020;07;TT;TODAS CONSOLIDADAS;TT;TODAS CONSOLIDADAS;PASCO;190000;251;3894;6198;1,74;1,21;1,19;1,19;0;1788;1788;0;2237;2237;0;493
2020;07;TT;TODAS CONSOLIDADAS;TT;TODAS CONSOLIDADAS;PIURA;200000;497;7660;13282;14,68;11,27;2,28;2,21;6,23;19993;19593;400;45867;43659;2208;1279
2020;07;TT;TODAS CONSOLIDADAS;TT;TODAS CONSOLIDADAS;PUNO;210000;470;7306;13068;18,37;14,87;1,76;1,76;1,64;38022;37707;315;65540;64787;753;1375
2020;07;TT;TODAS CONSOLIDADAS;TT;TODAS CONSOLIDADAS;SAN MARTÍN;220000;481;8102;13033;10,28;8,37;4,45;4,46;3,78;8854;8788;66;32675;32393;282;772
2020;07;TT;TODAS CONSOLIDADAS;TT;TODAS CONSOLIDADAS;TUMBES;240000;126;1890;3703;8,36;8,02;2,19;3,22;1,65;3281;1189;2092;7834;3779;4055;213
2020;07;TT;TODAS CONSOLIDADAS;TT;TODAS CONSOLIDADAS;UCAYALI;250000;231;4824;7452;18,96;16,65;2,06;2,05;2,3;17009;16876;133;35034;34596;438;900
2020;08;00;NO CLASIFICADO;00;NO CATEGORIZADO;AMAZONAS;010000;21;338;569;14,21;9,64;1,04;1,04;0;1635;1635;0;1700;1700;0;51
2020;08;00;NO CLASIFICADO;00;NO CATEGORIZADO;ÁNCASH;020000;332;4732;8378;3,17;2,86;1,59;1,59;0;4677;4677;0;7428;7428;0;650
2020;08;00;NO CLASIFICADO;00;NO CATEGORIZADO;AYACUCHO;050000;334;4630;7411;3,04;2,71;1,21;1,21;0;5125;5125;0;6222;6222;0;278
2020;08;00;NO CLASIFICADO;00;NO CATEGORIZADO;CAJAMARCA;060000;328;4780;7489;21,3;17,15;1;1;0;39813;39813;0;39813;39813;0;728
2020;08;00;NO CLASIFICADO;00;NO CATEGORIZADO;HUANCAVELICA;090000;88;1501;2227;9,41;7,99;1,79;1,79;0;3074;3074;0;5513;5513;0;157
2020;08;00;NO CLASIFICADO;00;NO CATEGORIZADO;ICA;110000;420;6340;11123;14,71;9,3;1,98;1,98;2,24;16223;16161;62;32067;31928;139;930
2020;08;00;NO CLASIFICADO;00;NO CATEGORIZADO;JUNÍN;120000;558;8532;13797;12,24;8,21;1,49;1,49;2,11;23604;23595;9;35108;35089;19;1390
2020;08;00;NO CLASIFICADO;00;NO CATEGORIZADO;LA LIBERTAD;130000;411;5155;8703;3,55;2,36;2,93;1,76;3,83;2173;946;1227;6362;1665;4697;592
2020;08;00;NO CLASIFICADO;00;NO CATEGORIZADO;LAMBAYEQUE;140000;252;3197;4551;20,92;17,4;1,09;1,1;1;22435;21687;748;24543;23794;749;548
2020;08;00;NO CLASIFICADO;00;NO CATEGORIZADO;LORETO;160000;350;5367;8396;8,86;6,19;2,12;2,11;2,84;7592;7503;89;16114;15861;253;615
2020;08;00;NO CLASIFICADO;00;NO CATEGORIZADO;MOQUEGUA;180000;109;1450;2558;6,96;8,05;2,76;2,76;1;2317;2306;11;6384;6373;11;243
2020;08;00;NO CLASIFICADO;00;NO CATEGORIZADO;PASCO;190000;210;3086;4715;9,75;9,83;1,57;1,57;0;9141;9141;0;14367;14367;0;524
2020;08;00;NO CLASIFICADO;00;NO CATEGORIZADO;PIURA;200000;449;6256;10970;18,28;13,81;1,37;1,34;3,07;34265;33622;643;46966;44989;1977;1104
2020;08;00;NO CLASIFICADO;00;NO CATEGORIZADO;PUNO;210000;365;4744;8308;16,33;13,83;1,38;1,38;1,79;25738;25598;140;35613;35362;251;804
2020;08;00;NO CLASIFICADO;00;NO CATEGORIZADO;SAN MARTÍN;220000;411;6464;10175;10,92;8,24;2,53;2,54;1,85;10273;10137;136;25996;25745;251;627
2020;08;00;NO CLASIFICADO;00;NO CATEGORIZADO;TACNA;230000;241;3259;6108;2,94;2,05;1,5;1,49;1,59;2587;2412;175;3878;3599;279;306
2020;08;00;NO CLASIFICADO;00;NO CATEGORIZADO;TUMBES;240000;110;1380;2706;18,58;16,95;3,5;5,42;2;4066;1773;2293;14215;9618;4597;186
2020;08;00;NO CLASIFICADO;TT;TODAS CONSOLIDADAS;AMAZONAS;010000;21;338;569;14,21;9,64;1,04;1,04;0;1635;1635;0;1700;1700;0;51
2020;08;00;NO CLASIFICADO;TT;TODAS CONSOLIDADAS;APURÍMAC;030000;124;2228;3350;10,11;9,12;1,29;1,29;1;7331;7325;6;9476;9470;6;387
2020;08;00;NO CLASIFICADO;TT;TODAS CONSOLIDADAS;AYACUCHO;050000;334;4630;7411;3,04;2,71;1,21;1,21;0;5125;5125;0;6222;6222;0;278
2020;08;00;NO CLASIFICADO;TT;TODAS CONSOLIDADAS;CAJAMARCA;060000;328;4780;7489;21,3;17,15;1;1;0;39813;39813;0;39813;39813;0;728
2020;08;00;NO CLASIFICADO;TT;TODAS CONSOLIDADAS;CUSCO;080000;993;13069;25215;11,47;8,39;1,52;1,51;2;43030;41620;1410;65569;62749;2820;2113
2020;08;00;NO CLASIFICADO;TT;TODAS CONSOLIDADAS;HUANCAVELICA;090000;88;1501;2227;9,41;7,99;1,79;1,79;0;3074;3074;0;5513;5513;0;157
2020;08;00;NO CLASIFICADO;TT;TODAS CONSOLIDADAS;HUÁNUCO;100000;253;4109;5947;10,51;8,51;1,29;1,25;2,61;12150;11800;350;15688;14773;915;439
2020;08;00;NO CLASIFICADO;TT;TODAS CONSOLIDADAS;ICA;110000;420;6340;11123;14,71;9,3;1,98;1,98;2,24;16223;16161;62;32067;31928;139;930
2020;08;00;NO CLASIFICADO;TT;TODAS CONSOLIDADAS;JUNÍN;120000;558;8532;13797;12,24;8,21;1,49;1,49;2,11;23604;23595;9;35108;35089;19;1390
2020;08;00;NO CLASIFICADO;TT;TODAS CONSOLIDADAS;MOQUEGUA;180000;109;1450;2558;6,96;8,05;2,76;2,76;1;2317;2306;11;6384;6373;11;243
2020;08;00;NO CLASIFICADO;TT;TODAS CONSOLIDADAS;TUMBES;240000;110;1380;2706;18,58;16,95;3,5;5,42;2;4066;1773;2293;14215;9618;4597;186
2020;08;00;NO CLASIFICADO;TT;TODAS CONSOLIDADAS;UCAYALI;250000;212;3893;5822;21,04;17,89;1,66;1,66;1,76;19467;18962;505;32289;31401;888;650
2020;08;01;HOTEL;01;1 ESTRELLA;AMAZONAS;010000;1;20;43;8,39;3,9;1;1;0;52;52;0;52;52;0;6
2020;08;01;HOTEL;01;1 ESTRELLA;ÁNCASH;020000;7;191;304;5,66;3,31;1;1;0;312;312;0;312;312;0;31
2020;07;TT;TODAS CONSOLIDADAS;TT;TODAS CONSOLIDADAS;MOQUEGUA;180000;175;2715;4713;13,97;10,53;2,18;2,08;5,92;6884;6723;161;16842;15772;1070;471
2020;07;TT;TODAS CONSOLIDADAS;TT;TODAS CONSOLIDADAS;TACNA;230000;331;5492;10501;4,06;2,37;2,03;2,03;,82;4193;4129;64;12106;11983;123;663
2020;08;00;NO CLASIFICADO;00;NO CATEGORIZADO;APURÍMAC;030000;124;2228;3350;10,11;9,12;1,29;1,29;1;7331;7325;6;9476;9470;6;387
2020;08;00;NO CLASIFICADO;00;NO CATEGORIZADO;AREQUIPA;040000;531;7116;12427;20,81;13,86;2,37;2,37;1;22567;22556;11;53411;53400;11;1065
2020;08;00;NO CLASIFICADO;00;NO CATEGORIZADO;CALLAO;070000;252;3533;6540;22,34;21,9;1,01;1,01;1;82373;82007;367;83145;82778;367;993
2020;08;00;NO CLASIFICADO;TT;TODAS CONSOLIDADAS;CALLAO;070000;252;3533;6540;22,34;21,9;1,01;1,01;1;82373;82007;367;83145;82778;367;993
2020;08;00;NO CLASIFICADO;00;NO CATEGORIZADO;CUSCO;080000;993;13069;25215;11,47;8,39;1,52;1,51;2;43030;41620;1410;65569;62749;2820;2113
2020;08;00;NO CLASIFICADO;00;NO CATEGORIZADO;HUÁNUCO;100000;253;4109;5947;10,51;8,51;1,29;1,25;2,61;12150;11800;350;15688;14773;915;439
2020;08;00;NO CLASIFICADO;00;NO CATEGORIZADO;UCAYALI;250000;212;3893;5822;21,04;17,89;1,66;1,66;1,76;19467;18962;505;32289;31401;888;650
2020;08;00;NO CLASIFICADO;00;NO CATEGORIZADO;LIMA;150000;6108;52720;91508;17,66;16,05;1,08;1,08;1,15;1817667;1794530;23136;1967442;1940826;26616;34131
2020;08;00;NO CLASIFICADO;TT;TODAS CONSOLIDADAS;LIMA;150000;6108;52720;91508;17,66;16,05;1,08;1,08;1,15;1817667;1794530;23136;1967442;1940826;26616;34131
2020;08;00;NO CLASIFICADO;00;NO CATEGORIZADO;MADRE DE DIOS;170000;126;2544;4194;27,44;21,98;1,76;1,69;2,29;16264;14426;1838;28579;24367;4212;414
2020;08;00;NO CLASIFICADO;TT;TODAS CONSOLIDADAS;ÁNCASH;020000;332;4732;8378;3,17;2,86;1,59;1,59;0;4677;4677;0;7428;7428;0;650
2020;08;00;NO CLASIFICADO;TT;TODAS CONSOLIDADAS;LA LIBERTAD;130000;411;5155;8703;3,55;2,36;2,93;1,76;3,83;2173;946;1227;6362;1665;4697;592
2020;08;00;NO CLASIFICADO;TT;TODAS CONSOLIDADAS;LAMBAYEQUE;140000;252;3197;4551;20,92;17,4;1,09;1,1;1;22435;21687;748;24543;23794;749;548
2020;08;00;NO CLASIFICADO;TT;TODAS CONSOLIDADAS;PASCO;190000;210;3086;4715;9,75;9,83;1,57;1,57;0;9141;9141;0;14367;14367;0;524
2020;08;00;NO CLASIFICADO;TT;TODAS CONSOLIDADAS;PUNO;210000;365;4744;8308;16,33;13,83;1,38;1,38;1,79;25738;25598;140;35613;35362;251;804
2020;08;00;NO CLASIFICADO;TT;TODAS CONSOLIDADAS;SAN MARTÍN;220000;411;6464;10175;10,92;8,24;2,53;2,54;1,85;10273;10137;136;25996;25745;251;627
2020;08;00;NO CLASIFICADO;TT;TODAS CONSOLIDADAS;AREQUIPA;040000;531;7116;12427;20,81;13,86;2,37;2,37;1;22567;22556;11;53411;53400;11;1065
2020;08;00;NO CLASIFICADO;TT;TODAS CONSOLIDADAS;LORETO;160000;350;5367;8396;8,86;6,19;2,12;2,11;2,84;7592;7503;89;16114;15861;253;615
2020;08;00;NO CLASIFICADO;TT;TODAS CONSOLIDADAS;MADRE DE DIOS;170000;126;2544;4194;27,44;21,98;1,76;1,69;2,29;16264;14426;1838;28579;24367;4212;414
2020;08;00;NO CLASIFICADO;TT;TODAS CONSOLIDADAS;PIURA;200000;449;6256;10970;18,28;13,81;1,37;1,34;3,07;34265;33622;643;46966;44989;1977;1104
2020;08;00;NO CLASIFICADO;TT;TODAS CONSOLIDADAS;TACNA;230000;241;3259;6108;2,94;2,05;1,5;1,49;1,59;2587;2412;175;3878;3599;279;306
2020;08;01;HOTEL;01;1 ESTRELLA;APURÍMAC;030000;2;80;115;11,61;9,93;1;1;0;354;354;0;354;354;0;8
2020;08;01;HOTEL;01;1 ESTRELLA;AYACUCHO;050000;5;130;216;0;0;0;0;0;0;0;0;0;0;0;0
2020;08;01;HOTEL;01;1 ESTRELLA;CAJAMARCA;060000;4;120;193;0;0;0;0;0;0;0;0;0;0;0;0
2020;08;01;HOTEL;01;1 ESTRELLA;CALLAO;070000;1;37;74;0;0;0;0;0;0;0;0;0;0;0;0
2020;08;01;HOTEL;01;1 ESTRELLA;CUSCO;080000;6;145;272;7,85;4,6;1;1;0;388;388;0;388;388;0;20
2020;08;01;HOTEL;01;1 ESTRELLA;HUÁNUCO;100000;8;240;357;23,87;17,67;2,9;2,9;0;674;674;0;1956;1956;0;40
2020;08;01;HOTEL;01;1 ESTRELLA;ICA;110000;4;82;108;0;0;0;0;0;0;0;0;0;0;0;0
2020;08;01;HOTEL;01;1 ESTRELLA;JUNÍN;120000;2;124;241;10,41;6,57;1,41;1,41;0;348;348;0;491;491;0;12
2020;08;01;HOTEL;01;1 ESTRELLA;LA LIBERTAD;130000;2;46;88;0;0;0;0;0;0;0;0;0;0;0;0
2020;08;01;HOTEL;01;1 ESTRELLA;LAMBAYEQUE;140000;4;124;188;0;0;0;0;0;0;0;0;0;0;0;0
2020;08;01;HOTEL;01;1 ESTRELLA;LIMA;150000;6;235;453;28,16;27,1;1,04;1,04;1;3387;3363;24;3528;3504;24;39
2020;08;01;HOTEL;01;1 ESTRELLA;MADRE DE DIOS;170000;1;20;34;3,71;3,61;1,36;1,36;0;28;28;0;38;38;0;3
2020;08;01;HOTEL;01;1 ESTRELLA;MOQUEGUA;180000;1;20;41;0;0;0;0;0;0;0;0;0;0;0;0
2020;08;01;HOTEL;01;1 ESTRELLA;PASCO;190000;2;72;131;0;0;0;0;0;0;0;0;0;0;0;0
2020;08;01;HOTEL;01;1 ESTRELLA;PIURA;200000;2;53;83;0;0;0;0;0;0;0;0;0;0;0;0
2020;08;01;HOTEL;01;1 ESTRELLA;PUNO;210000;5;131;234;29,87;20,69;3,2;3,22;1,33;469;463;6;1501;1493;8;18
2020;08;01;HOTEL;01;1 ESTRELLA;SAN MARTÍN;220000;6;126;199;0;0;0;0;0;0;0;0;0;0;0;0
2020;08;01;HOTEL;01;1 ESTRELLA;TACNA;230000;2;57;112;12,05;7,4;7,56;7,56;0;34;34;0;257;257;0;5
2020;08;01;HOTEL;02;2 ESTRELLAS;AMAZONAS;010000;30;797;1255;19,04;14,79;1,94;1,91;2,73;2970;2888;82;5754;5530;224;130
2020;08;01;HOTEL;02;2 ESTRELLAS;ÁNCASH;020000;37;988;1796;11;8,1;1,14;1,14;0;3975;3975;0;4512;4512;0;162
2020;08;01;HOTEL;02;2 ESTRELLAS;APURÍMAC;030000;2;53;94;5,11;2,92;1;1;0;85;85;0;85;85;0;8
2020;08;01;HOTEL;02;2 ESTRELLAS;AYACUCHO;050000;9;286;544;24,52;18,13;1,35;1,35;1,31;2265;2162;103;3058;2923;135;43
2020;08;01;HOTEL;02;2 ESTRELLAS;CAJAMARCA;060000;31;923;1450;9,68;5,58;1,74;1,74;0;1443;1443;0;2508;2508;0;149
2020;08;01;HOTEL;02;2 ESTRELLAS;CALLAO;070000;1;24;48;0;0;0;0;0;0;0;0;0;0;0;0
2020;08;01;HOTEL;02;2 ESTRELLAS;CUSCO;080000;43;1113;1969;3,66;2,42;1,21;1,21;1;1221;1219;2;1475;1473;2;177
2020;08;01;HOTEL;02;2 ESTRELLAS;HUANCAVELICA;090000;2;42;73;25,04;20,64;7,18;7,18;0;65;65;0;467;467;0;11
2020;08;01;HOTEL;02;2 ESTRELLAS;HUÁNUCO;100000;31;917;1413;5,36;4,33;1,1;1,1;0;1720;1720;0;1896;1896;0;153
2020;08;01;HOTEL;02;2 ESTRELLAS;ICA;110000;47;1279;2205;25,84;19,81;3,93;3,93;0;3449;3449;0;13541;13541;0;218
2020;08;01;HOTEL;02;2 ESTRELLAS;JUNÍN;120000;20;607;1072;17,73;10,29;2,36;2,35;3;1450;1443;7;3418;3397;21;89
2020;08;01;HOTEL;02;2 ESTRELLAS;LA LIBERTAD;130000;21;589;1073;0;0;0;0;0;0;0;0;0;0;0;0
2020;08;01;HOTEL;02;2 ESTRELLAS;LAMBAYEQUE;140000;66;1865;2831;13,87;10,77;1,41;1,41;1,6;6696;6610;86;9451;9313;138;320
2020;08;01;HOTEL;02;2 ESTRELLAS;LIMA;150000;97;4082;7458;24,25;21,23;1,51;1,5;1,75;37503;37044;458;56551;55748;803;730
2020;08;01;HOTEL;02;2 ESTRELLAS;LORETO;160000;12;310;506;,98;,73;1;1;0;115;115;0;115;115;0;51
2020;08;01;HOTEL;02;2 ESTRELLAS;MOQUEGUA;180000;13;334;526;22,59;16,37;2,74;2,66;3,54;975;892;83;2669;2375;294;69
2020;08;01;HOTEL;02;2 ESTRELLAS;PASCO;190000;3;84;127;0;0;0;0;0;0;0;0;0;0;0;0
2020;08;01;HOTEL;02;2 ESTRELLAS;PIURA;200000;17;420;702;15,88;10,18;2,2;2,2;0;1006;1006;0;2215;2215;0;77
2020;08;01;HOTEL;02;2 ESTRELLAS;PUNO;210000;23;562;1022;10,37;8,4;2,29;1,92;3,51;1160;885;275;2661;1695;966;89
2020;08;01;HOTEL;02;2 ESTRELLAS;SAN MARTÍN;220000;17;480;781;0;0;0;0;0;0;0;0;0;0;0;0
2020;08;01;HOTEL;02;2 ESTRELLAS;TACNA;230000;33;887;1771;5,63;3,19;2,54;2,54;5;690;689;1;1752;1747;5;152
2020;08;01;HOTEL;02;2 ESTRELLAS;TUMBES;240000;6;210;389;2,49;5,37;2,86;2,86;0;226;226;0;647;647;0;36
2020;08;01;HOTEL;02;2 ESTRELLAS;UCAYALI;250000;2;51;81;0;0;0;0;0;0;0;0;0;0;0;0
2020;08;01;HOTEL;03;3 ESTRELLAS;AMAZONAS;010000;16;388;650;32,51;23,99;2,76;2,73;2,94;1751;1528;223;4833;4178;655;64
2020;08;01;HOTEL;03;3 ESTRELLAS;ÁNCASH;020000;32;1087;1866;19,89;12,49;2,27;2,25;3,47;3184;3137;47;7226;7063;163;217
2020;08;01;HOTEL;03;3 ESTRELLAS;APURÍMAC;030000;3;98;172;49,34;33,78;3,01;3,05;1,38;598;585;13;1801;1783;18;20
2020;08;01;HOTEL;03;3 ESTRELLAS;AYACUCHO;050000;5;189;354;15,6;10,48;5,2;3,05;31,06;221;204;17;1150;622;528;63
2020;08;01;HOTEL;03;3 ESTRELLAS;CAJAMARCA;060000;55;1728;2958;43,86;20,59;7,18;7,18;0;2629;2629;0;18878;18878;0;301
2020;08;01;HOTEL;03;3 ESTRELLAS;CALLAO;070000;3;163;296;14,29;11,07;1,45;1,44;1,65;700;677;23;1016;978;38;37
2020;08;01;HOTEL;03;3 ESTRELLAS;HUANCAVELICA;090000;2;65;108;18,51;15,41;3,29;3,3;1;157;156;1;516;515;1;18
2020;08;01;HOTEL;03;3 ESTRELLAS;HUÁNUCO;100000;9;375;682;5,3;4,55;1,59;1,57;1,86;606;569;37;962;893;69;77
2020;08;01;HOTEL;03;3 ESTRELLAS;ICA;110000;46;1520;3019;37,09;29,02;3,57;3,57;3,17;7618;7600;18;27164;27107;57;273
2020;08;01;HOTEL;03;3 ESTRELLAS;JUNÍN;120000;19;695;1330;26,7;15,66;3,26;3,27;2,08;1978;1965;13;6458;6431;27;209
2020;08;01;HOTEL;03;3 ESTRELLAS;LAMBAYEQUE;140000;28;974;1640;8,64;5,9;1,72;1,71;2,14;1741;1682;59;3002;2876;126;222
2020;08;01;HOTEL;03;3 ESTRELLAS;LIMA;150000;129;6716;12477;31,05;21,13;2,69;2,7;2,29;30434;29441;993;81741;79471;2270;1386
2020;08;01;HOTEL;03;3 ESTRELLAS;LORETO;160000;24;771;1292;11,79;10,81;2,53;2,53;2,32;1713;1666;47;4329;4220;109;156
2020;08;01;HOTEL;03;3 ESTRELLAS;MADRE DE DIOS;170000;1;57;115;11,43;8,44;2,59;2,56;3;116;108;8;301;277;24;11
2020;08;01;HOTEL;03;3 ESTRELLAS;MOQUEGUA;180000;7;249;455;52,14;28,35;4,54;4,54;0;880;880;0;3999;3999;0;54
2020;08;01;HOTEL;03;3 ESTRELLAS;PASCO;190000;3;87;170;0;0;0;0;0;0;0;0;0;0;0;0
2020;08;01;HOTEL;03;3 ESTRELLAS;PIURA;200000;10;321;531;9,36;7,33;1,46;1,46;1,58;825;813;12;1207;1188;19;61
2020;08;01;HOTEL;03;3 ESTRELLAS;PUNO;210000;22;705;1263;49,24;29,15;4,95;4,97;3,41;2307;2280;27;11414;11322;92;150
2020;08;01;HOTEL;03;3 ESTRELLAS;SAN MARTÍN;220000;19;663;1155;14,57;9,01;2,16;2,15;6,67;1497;1494;3;3227;3207;20;113
2020;08;01;HOTEL;03;3 ESTRELLAS;TACNA;230000;13;503;1036;37,24;24,38;10,6;10,66;3,57;739;732;7;7831;7806;25;117
2020;08;01;HOTEL;03;3 ESTRELLAS;TUMBES;240000;5;179;349;0;0;0;0;0;0;0;0;0;0;0;0
2020;08;01;HOTEL;03;3 ESTRELLAS;UCAYALI;250000;15;557;932;17,23;13,11;2,61;2,58;3,7;1452;1419;33;3789;3667;122;108
2020;08;01;HOTEL;04;4 ESTRELLAS;CALLAO;070000;2;371;599;5,72;4,17;1,99;2,18;1,82;389;179;210;774;391;383;114
2020;08;01;HOTEL;04;4 ESTRELLAS;CUSCO;080000;3;354;675;35,18;18,5;6,89;6,97;3,25;562;550;12;3871;3832;39;128
2020;08;01;HOTEL;04;4 ESTRELLAS;HUÁNUCO;100000;1;52;90;28,16;16,77;6,69;6,69;0;70;70;0;468;468;0;25
2020;08;01;HOTEL;04;4 ESTRELLAS;ICA;110000;5;460;912;53,04;31,14;10,51;10,53;7,83;838;832;6;8804;8757;47;125
2020;08;01;HOTEL;04;4 ESTRELLAS;JUNÍN;120000;1;40;66;91,21;55,28;9,67;9,67;0;117;117;0;1131;1131;0;19
2020;08;01;HOTEL;04;4 ESTRELLAS;LAMBAYEQUE;140000;4;335;521;25,52;18,64;2,22;2,24;1,89;1356;1284;72;3011;2875;136;236
2020;08;01;HOTEL;04;4 ESTRELLAS;LIMA;150000;39;3843;6804;43,16;29,26;5,38;5,6;2,19;11477;10740;737;61719;60108;1611;1299
2020;08;01;HOTEL;04;4 ESTRELLAS;LORETO;160000;2;90;150;12,47;9,96;1,87;1,87;0;247;247;0;463;463;0;32
2020;08;01;HOTEL;04;4 ESTRELLAS;MOQUEGUA;180000;2;123;232;70,78;43,66;22,11;22,14;21;142;139;3;3140;3077;63;19
2020;08;01;HOTEL;04;4 ESTRELLAS;PIURA;200000;2;181;353;16,09;9,94;3,19;2,86;11,54;341;328;13;1088;938;150;27
2020;08;01;HOTEL;04;4 ESTRELLAS;PUNO;210000;7;447;843;42,64;23,47;6,77;6,74;15,67;906;903;3;6133;6086;47;123
2020;08;01;HOTEL;04;4 ESTRELLAS;TACNA;230000;1;150;300;50,04;26;3,8;3,81;2;636;634;2;2418;2414;4;18
2020;08;01;HOTEL;04;4 ESTRELLAS;TUMBES;240000;3;156;302;,74;1,86;3;3;0;58;58;0;174;174;0;23
2020;08;01;HOTEL;04;4 ESTRELLAS;UCAYALI;250000;5;288;506;14,58;11,75;2,6;2,53;4,17;710;680;30;1843;1718;125;106
2020;08;01;HOTEL;05;5 ESTRELLAS;ICA;110000;1;124;396;7,83;5,37;2,44;2,43;2,7;270;260;10;659;632;27;67
2020;08;01;HOTEL;05;5 ESTRELLAS;LA LIBERTAD;130000;1;120;240;56,26;31,3;4,1;4,23;1,72;568;539;29;2329;2279;50;97
2020;08;01;HOTEL;05;5 ESTRELLAS;LIMA;150000;20;3676;6670;54,44;31,51;4,42;4,5;3,22;14726;13846;880;65153;62319;2834;2061
2020;08;01;HOTEL;05;5 ESTRELLAS;LORETO;160000;1;60;88;18,28;19,94;1,55;1,5;1,97;351;312;39;544;467;77;25
2020;08;01;HOTEL;05;5 ESTRELLAS;PIURA;200000;1;83;167;27,17;15,9;2,94;2,99;2,52;280;251;29;823;750;73;47
2020;08;01;HOTEL;05;5 ESTRELLAS;PUNO;210000;1;123;235;91,95;71,87;1,85;1,85;0;2836;2836;0;5236;5236;0;83
2020;08;01;HOTEL;05;5 ESTRELLAS;UCAYALI;250000;2;165;306;8,35;5,13;3,43;3,44;3;142;139;3;487;478;9;15
2020;08;01;HOTEL;TT;TODAS CONSOLIDADAS;AMAZONAS;010000;47;1205;1948;23,2;17,62;2,23;2,18;2,88;4773;4468;305;10639;9760;879;200
2020;08;01;HOTEL;TT;TODAS CONSOLIDADAS;ÁNCASH;020000;76;2266;3966;14,81;9,8;1,61;1,6;3,47;7471;7424;47;12050;11887;163;410
2020;08;01;HOTEL;TT;TODAS CONSOLIDADAS;APURÍMAC;030000;7;231;381;26,13;18,97;2,16;2,17;1,38;1037;1024;13;2240;2222;18;36
2020;08;01;HOTEL;TT;TODAS CONSOLIDADAS;AREQUIPA;040000;108;3518;6304;37,4;23,02;4,65;4,65;4,71;9672;9651;21;44977;44878;99;824
2020;08;01;HOTEL;01;1 ESTRELLA;AREQUIPA;040000;5;178;285;0;0;0;0;0;0;0;0;0;0;0;0
2020;08;01;HOTEL;02;2 ESTRELLAS;AREQUIPA;040000;38;1039;1799;31,63;20,43;3,73;3,73;0;3052;3052;0;11391;11391;0;181
2020;08;01;HOTEL;03;3 ESTRELLAS;AREQUIPA;040000;54;1652;3071;38,05;23,45;4,86;4,86;5,5;4594;4592;2;22328;22317;11;375
2020;08;01;HOTEL;03;3 ESTRELLAS;CUSCO;080000;55;2130;4094;29,31;17,29;8,14;8,14;0;2696;2696;0;21940;21940;0;384
2020;08;01;HOTEL;03;3 ESTRELLAS;LA LIBERTAD;130000;81;2343;4520;14,45;10,43;1,41;1,41;1,36;10393;10302;91;14608;14484;124;441
2020;08;01;HOTEL;04;4 ESTRELLAS;LA LIBERTAD;130000;2;134;231;46,34;26,88;4,76;4,82;3,74;404;385;19;1925;1854;71;22
2020;08;01;HOTEL;04;4 ESTRELLAS;AREQUIPA;040000;8;408;803;48,17;24,67;6,02;6;16,5;1020;1018;2;6141;6108;33;147
2020;08;01;HOTEL;05;5 ESTRELLAS;AREQUIPA;040000;3;241;346;67,27;47,71;5,09;5,12;3,24;1006;989;17;5117;5062;55;121
2020;08;01;HOTEL;05;5 ESTRELLAS;CUSCO;080000;1;93;188;45,3;22,67;6,64;6,77;1,4;199;194;5;1321;1314;7;14
2020;08;01;HOTEL;TT;TODAS CONSOLIDADAS;AYACUCHO;050000;19;605;1114;16,46;12,19;1,69;1,5;5,53;2486;2366;120;4208;3545;663;106
2020;08;01;HOTEL;TT;TODAS CONSOLIDADAS;CAJAMARCA;060000;90;2771;4601;30,57;14,99;5,25;5,25;0;4072;4072;0;21386;21386;0;450
2020;08;01;HOTEL;TT;TODAS CONSOLIDADAS;CALLAO;070000;7;595;1017;8,34;6,45;1,64;1,6;1,81;1525;1198;326;2506;1917;589;211
2020;08;01;HOTEL;TT;TODAS CONSOLIDADAS;CUSCO;080000;108;3835;7198;21,98;12,99;5,72;5,74;2,53;5066;5047;19;28995;28947;48;723
2020;08;01;HOTEL;TT;TODAS CONSOLIDADAS;HUANCAVELICA;090000;4;107;181;21,07;17,52;4,43;4,44;1;222;221;1;983;982;1;29
2020;08;01;HOTEL;TT;TODAS CONSOLIDADAS;HUÁNUCO;100000;49;1584;2542;8,9;6,7;1,72;1,72;1,86;3070;3033;37;5282;5213;69;295
2020;08;01;HOTEL;TT;TODAS CONSOLIDADAS;ICA;110000;103;3465;6640;33,13;24,37;4,12;4,12;3,85;12175;12141;34;50168;50037;131;683
2020;08;01;HOTEL;TT;TODAS CONSOLIDADAS;JUNÍN;120000;42;1466;2709;23,37;13,69;2,95;2,96;2,4;3893;3873;20;11498;11450;48;329
2020;08;01;HOTEL;TT;TODAS CONSOLIDADAS;LA LIBERTAD;130000;107;3232;6152;14,48;9,89;1,66;1,66;1,76;11365;11226;139;18862;18617;245;560
2020;08;01;HOTEL;TT;TODAS CONSOLIDADAS;LAMBAYEQUE;140000;102;3298;5180;12,99;9,63;1,58;1,57;1,84;9793;9576;217;15464;15064;400;778
2020;08;01;HOTEL;TT;TODAS CONSOLIDADAS;LIMA;150000;291;18552;33862;38,48;25,38;3,18;3,21;2,51;92653;89102;3551;294934;286009;8925;6402
2020;08;01;HOTEL;TT;TODAS CONSOLIDADAS;LORETO;160000;39;1231;2036;9,43;8,64;2,25;2,25;2,16;2426;2340;86;5451;5265;186;264
2020;08;01;HOTEL;TT;TODAS CONSOLIDADAS;MOQUEGUA;180000;23;726;1254;40,27;25,23;4,91;4,95;4,15;1997;1911;86;9808;9451;357;142
2020;08;01;HOTEL;TT;TODAS CONSOLIDADAS;PASCO;190000;8;243;428;0;0;0;0;0;0;0;0;0;0;0;0
2020;08;01;HOTEL;TT;TODAS CONSOLIDADAS;PIURA;200000;32;1058;1836;14,03;9,37;2,17;2,12;4,48;2452;2398;54;5333;5091;242;212
2020;08;01;HOTEL;TT;TODAS CONSOLIDADAS;PUNO;210000;58;1968;3597;38,02;24,16;3,51;3,51;3,58;7678;7367;311;26945;25832;1113;463
2020;08;01;HOTEL;TT;TODAS CONSOLIDADAS;SAN MARTÍN;220000;42;1269;2135;7,61;4,88;2,16;2,15;6,67;1497;1494;3;3227;3207;20;113
2020;08;01;HOTEL;TT;TODAS CONSOLIDADAS;TACNA;230000;49;1597;3219;19,99;12,28;5,84;5,85;3,4;2099;2089;10;12258;12224;34;292
2020;08;01;HOTEL;TT;TODAS CONSOLIDADAS;TUMBES;240000;14;545;1040;1,17;2,55;2,89;2,89;0;284;284;0;821;821;0;59
2020;08;01;HOTEL;TT;TODAS CONSOLIDADAS;UCAYALI;250000;24;1061;1825;14,3;10,82;2,66;2,62;3,88;2304;2238;66;6119;5863;256;229
2020;08;02;APART HOTEL;03;3 ESTRELLAS;ÁNCASH;020000;2;16;52;0;0;0;0;0;0;0;0;0;0;0;0
2020;08;02;APART HOTEL;03;3 ESTRELLAS;ICA;110000;1;17;34;12,14;6,64;1;1;0;70;70;0;70;70;0;4
2020;08;02;APART HOTEL;03;3 ESTRELLAS;LA LIBERTAD;130000;1;11;24;0;0;0;0;0;0;0;0;0;0;0;0
2020;08;02;APART HOTEL;03;3 ESTRELLAS;LIMA;150000;7;177;310;24,48;22,75;9,46;9,26;10,22;231;182;49;2186;1685;501;40
2020;08;02;APART HOTEL;03;3 ESTRELLAS;LORETO;160000;1;45;94;6,81;3,29;2,67;2,67;0;36;36;0;96;96;0;12
2020;08;02;APART HOTEL;03;3 ESTRELLAS;PASCO;190000;1;15;17;0;0;0;0;0;0;0;0;0;0;0;0
2020;08;02;APART HOTEL;04;4 ESTRELLAS;AREQUIPA;040000;1;19;36;25,3;21,42;13,28;13,28;0;18;18;0;239;239;0;5
2020;08;02;APART HOTEL;04;4 ESTRELLAS;LA LIBERTAD;130000;1;27;57;0;0;0;0;0;0;0;0;0;0;0;0
2020;08;02;APART HOTEL;04;4 ESTRELLAS;LIMA;150000;9;684;1425;31,34;23,04;2,97;2,92;7,97;3425;3391;34;10179;9908;271;277
2020;08;02;APART HOTEL;04;4 ESTRELLAS;SAN MARTÍN;220000;1;20;49;5,97;2,44;37;0;6;1;0;1;37;31;6;8
2020;08;02;APART HOTEL;05;5 ESTRELLAS;LIMA;150000;6;341;557;33,91;27,94;4,3;4,3;1;1122;1121;1;4825;4824;1;207
2020;08;02;APART HOTEL;TT;TODAS CONSOLIDADAS;ÁNCASH;020000;2;16;52;0;0;0;0;0;0;0;0;0;0;0;0
2020;08;02;APART HOTEL;TT;TODAS CONSOLIDADAS;ICA;110000;1;17;34;12,14;6,64;1;1;0;70;70;0;70;70;0;4
2020;08;02;APART HOTEL;TT;TODAS CONSOLIDADAS;LA LIBERTAD;130000;2;38;81;0;0;0;0;0;0;0;0;0;0;0;0
2020;08;02;APART HOTEL;TT;TODAS CONSOLIDADAS;LORETO;160000;1;45;94;6,81;3,29;2,67;2,67;0;36;36;0;96;96;0;12
2020;08;02;APART HOTEL;TT;TODAS CONSOLIDADAS;PASCO;190000;1;15;17;0;0;0;0;0;0;0;0;0;0;0;0
2020;08;02;APART HOTEL;TT;TODAS CONSOLIDADAS;SAN MARTÍN;220000;1;20;49;5,97;2,44;37;0;6;1;0;1;37;31;6;8
2020;08;03;HOSTAL;01;1 ESTRELLA;AMAZONAS;010000;15;219;316;0;0;0;0;0;0;0;0;0;0;0;0
2020;08;03;HOSTAL;01;1 ESTRELLA;ÁNCASH;020000;33;416;694;0;0;0;0;0;0;0;0;0;0;0;0
2020;08;03;HOSTAL;01;1 ESTRELLA;APURÍMAC;030000;1;14;19;0;0;0;0;0;0;0;0;0;0;0;0
2020;08;03;HOSTAL;01;1 ESTRELLA;AREQUIPA;040000;50;699;1109;19,03;20,24;1,62;1,62;0;4305;4305;0;6960;6960;0;117
2020;08;03;HOSTAL;01;1 ESTRELLA;AYACUCHO;050000;3;83;144;7,97;13,51;2,66;2,66;0;227;227;0;603;603;0;14
2020;08;03;HOSTAL;01;1 ESTRELLA;CAJAMARCA;060000;23;403;665;0;0;0;0;0;0;0;0;0;0;0;0
2020;08;03;HOSTAL;01;1 ESTRELLA;CALLAO;070000;9;161;324;10,79;10,44;1;1;1;1107;1106;2;1107;1106;2;30
2020;08;03;HOSTAL;01;1 ESTRELLA;CUSCO;080000;22;277;480;5,52;3,72;1,1;1,1;0;504;504;0;554;554;0;46
2020;08;03;HOSTAL;01;1 ESTRELLA;HUANCAVELICA;090000;2;29;45;37,93;25,02;1,02;1,02;0;342;342;0;349;349;0;5
2020;08;03;HOSTAL;01;1 ESTRELLA;HUÁNUCO;100000;12;191;281;0;0;0;0;0;0;0;0;0;0;0;0
2020;08;03;HOSTAL;01;1 ESTRELLA;ICA;110000;11;161;255;0;0;0;0;0;0;0;0;0;0;0;0
2020;08;03;HOSTAL;01;1 ESTRELLA;JUNÍN;120000;7;114;188;25,41;15,07;1,17;1,17;0;752;752;0;878;878;0;20
2020;08;03;HOSTAL;01;1 ESTRELLA;LA LIBERTAD;130000;35;493;863;0;0;0;0;0;0;0;0;0;0;0;0
2020;08;03;HOSTAL;01;1 ESTRELLA;LAMBAYEQUE;140000;21;271;364;23,54;21,29;1;1;1;2402;2388;14;2402;2388;14;48
2020;08;03;HOSTAL;01;1 ESTRELLA;LIMA;150000;62;1279;2600;24,76;23,31;1,15;1,15;1,19;18476;18153;323;21328;20943;385;259
2020;08;03;HOSTAL;01;1 ESTRELLA;LORETO;160000;6;91;134;,43;1,04;4,3;4,3;0;10;10;0;43;43;0;15
2020;08;03;HOSTAL;01;1 ESTRELLA;MADRE DE DIOS;170000;1;18;33;0;0;0;0;0;0;0;0;0;0;0;0
2020;08;03;HOSTAL;01;1 ESTRELLA;MOQUEGUA;180000;14;205;365;3,87;2,11;1,1;1,1;0;217;217;0;239;239;0;35
2020;08;03;HOSTAL;01;1 ESTRELLA;PASCO;190000;17;269;398;18,25;12,71;1,07;1,07;1;1468;1455;13;1568;1555;13;47
2020;08;03;HOSTAL;01;1 ESTRELLA;PIURA;200000;3;69;107;0;0;0;0;0;0;0;0;0;0;0;0
2020;08;03;HOSTAL;01;1 ESTRELLA;PUNO;210000;14;240;412;10,43;6,93;1;1;1;885;884;1;885;884;1;40
2020;08;03;HOSTAL;01;1 ESTRELLA;SAN MARTÍN;220000;1;20;33;0;0;0;0;0;0;0;0;0;0;0;0
2020;08;03;HOSTAL;01;1 ESTRELLA;TACNA;230000;8;155;275;2;1,58;1;1;1;135;106;29;135;106;29;21
2020;08;03;HOSTAL;02;2 ESTRELLAS;AMAZONAS;010000;52;907;1395;19,93;16,36;1,33;1,33;1;5317;5309;8;7073;7065;8;148
2020;08;03;HOSTAL;02;2 ESTRELLAS;ÁNCASH;020000;110;1784;3039;17,14;16,34;1,07;1,07;1,07;14443;14376;67;15390;15318;72;298
2020;08;03;HOSTAL;02;2 ESTRELLAS;APURÍMAC;030000;4;88;134;22,07;16,39;1,13;1,13;1;602;601;1;681;680;1;14
2020;08;03;HOSTAL;02;2 ESTRELLAS;AREQUIPA;040000;115;1853;3322;12,91;12,41;1,38;1,37;1,46;9249;8274;975;12776;11352;1424;325
2020;08;03;HOSTAL;02;2 ESTRELLAS;AYACUCHO;050000;4;43;82;0;0;0;0;0;0;0;0;0;0;0;0
2020;08;03;HOSTAL;02;2 ESTRELLAS;CAJAMARCA;060000;99;1814;2931;16,12;15,9;1,01;1,01;1;14278;13993;285;14447;14162;285;303
2020;08;03;HOSTAL;02;2 ESTRELLAS;CALLAO;070000;4;120;240;68,09;68,11;1;1;1;5743;5729;13;5743;5729;13;29
2020;08;03;HOSTAL;02;2 ESTRELLAS;CUSCO;080000;57;863;1531;15,74;12,37;1,94;1,94;2,15;3025;2992;33;5871;5800;71;146
2020;08;03;HOSTAL;02;2 ESTRELLAS;HUANCAVELICA;090000;1;10;10;0;0;0;0;0;0;0;0;0;0;0;0
2020;08;03;HOSTAL;02;2 ESTRELLAS;HUÁNUCO;100000;17;230;350;29,64;30,26;1;1;0;3283;3283;0;3283;3283;0;38
2020;08;03;HOSTAL;02;2 ESTRELLAS;ICA;110000;56;853;1441;5,6;3,34;1,05;1,05;0;1423;1423;0;1491;1491;0;143
2020;08;03;HOSTAL;02;2 ESTRELLAS;JUNÍN;120000;15;339;617;13,26;8,22;2,11;2,11;0;745;745;0;1572;1572;0;59
2020;08;03;HOSTAL;02;2 ESTRELLAS;LA LIBERTAD;130000;143;2332;4275;16,34;14,08;1,27;1,27;0;14685;14685;0;18661;18661;0;412
2020;08;03;HOSTAL;02;2 ESTRELLAS;LAMBAYEQUE;140000;148;2199;3080;14,96;11,8;1,14;1,14;1;9926;9803;123;11268;11145;123;393
2020;08;03;HOSTAL;02;2 ESTRELLAS;LORETO;160000;5;76;115;0;0;0;0;0;0;0;0;0;0;0;0
2020;08;03;HOSTAL;02;2 ESTRELLAS;MADRE DE DIOS;170000;1;18;32;0;0;0;0;0;0;0;0;0;0;0;0
2020;08;03;HOSTAL;02;2 ESTRELLAS;MOQUEGUA;180000;28;358;578;19;15,68;5,02;5,03;1;560;558;2;2810;2808;2;59
2020;08;03;HOSTAL;02;2 ESTRELLAS;PASCO;190000;11;179;346;2,29;1,45;1,28;1,28;0;121;121;0;155;155;0;29
2020;08;03;HOSTAL;02;2 ESTRELLAS;PIURA;200000;26;526;815;26,06;23,17;1,91;1,91;1,54;3070;3029;41;5854;5791;63;99
2020;08;03;HOSTAL;02;2 ESTRELLAS;PUNO;210000;35;500;964;17,89;23,58;6,37;6,38;1;1107;1105;2;7047;7045;2;92
2020;08;03;HOSTAL;02;2 ESTRELLAS;SAN MARTÍN;220000;15;225;388;12,72;8,82;1,36;1,36;0;778;778;0;1061;1061;0;35
2020;08;03;HOSTAL;02;2 ESTRELLAS;TACNA;230000;27;434;810;0;0;0;0;0;0;0;0;0;0;0;0
2020;08;03;HOSTAL;02;2 ESTRELLAS;TUMBES;240000;5;64;133;6,96;4,07;1;1;0;168;168;0;168;168;0;13
2020;08;03;HOSTAL;02;2 ESTRELLAS;UCAYALI;250000;2;70;121;15,35;10,88;1,43;1,43;1,67;285;282;3;408;403;5;13
2020;08;03;HOSTAL;03;3 ESTRELLAS;AMAZONAS;010000;5;66;163;14,22;4,85;1;1;0;245;245;0;245;245;0;14
2020;08;03;HOSTAL;03;3 ESTRELLAS;ÁNCASH;020000;19;294;511;0;0;0;0;0;0;0;0;0;0;0;0
2020;08;03;HOSTAL;03;3 ESTRELLAS;APURÍMAC;030000;1;24;43;19,89;11,1;2,31;2,31;0;64;64;0;148;148;0;7
2020;08;03;HOSTAL;03;3 ESTRELLAS;AREQUIPA;040000;35;598;1112;25,91;17,99;5,27;5,27;0;1177;1177;0;6203;6203;0;115
2020;08;03;HOSTAL;03;3 ESTRELLAS;AYACUCHO;050000;1;20;44;0;0;0;0;0;0;0;0;0;0;0;0
2020;08;03;HOSTAL;03;3 ESTRELLAS;CAJAMARCA;060000;41;650;1093;12,05;10,39;1,32;1,32;0;2670;2670;0;3519;3519;0;112
2020;08;03;HOSTAL;03;3 ESTRELLAS;CUSCO;080000;21;413;761;4,98;4,44;7,07;5,67;13,65;148;122;26;1047;692;355;67
2020;08;03;HOSTAL;03;3 ESTRELLAS;HUANCAVELICA;090000;3;59;94;10,33;7,69;1,35;1,35;0;166;166;0;224;224;0;7
2020;08;03;HOSTAL;03;3 ESTRELLAS;HUÁNUCO;100000;1;14;24;0;0;0;0;0;0;0;0;0;0;0;0
2020;08;03;HOSTAL;03;3 ESTRELLAS;ICA;110000;30;549;1005;26,77;15,64;2,9;2,9;0;1678;1678;0;4872;4872;0;114
2020;08;03;HOSTAL;03;3 ESTRELLAS;JUNÍN;120000;2;41;75;0;0;0;0;0;0;0;0;0;0;0;0
2020;08;03;HOSTAL;03;3 ESTRELLAS;LA LIBERTAD;130000;63;1040;1900;28,98;16,58;2,2;2,19;3,2;4447;4442;5;9763;9747;16;178
2020;08;03;HOSTAL;03;3 ESTRELLAS;LAMBAYEQUE;140000;29;435;625;22,57;16,73;1,65;1,6;1,96;1962;1688;274;3242;2705;537;96
2020;08;03;HOSTAL;03;3 ESTRELLAS;LIMA;150000;14;298;594;9,59;9,5;1,04;1,04;1;1733;1711;22;1801;1779;22;46
2020;08;03;HOSTAL;03;3 ESTRELLAS;LORETO;160000;7;124;199;11,32;10,42;3,55;3,55;0;181;181;0;643;643;0;26
2020;08;03;HOSTAL;03;3 ESTRELLAS;MOQUEGUA;180000;3;41;67;0;0;0;0;0;0;0;0;0;0;0;0
2020;08;03;HOSTAL;03;3 ESTRELLAS;PASCO;190000;1;9;18;0;0;0;0;0;0;0;0;0;0;0;0
2020;08;03;HOSTAL;03;3 ESTRELLAS;PIURA;200000;2;30;58;0;0;0;0;0;0;0;0;0;0;0;0
2020;08;03;HOSTAL;03;3 ESTRELLAS;PUNO;210000;7;145;282;11,68;8,36;2,05;2;2,24;356;274;82;731;547;184;32
2020;08;03;HOSTAL;03;3 ESTRELLAS;SAN MARTÍN;220000;5;95;174;5,09;8,29;1,76;1,76;0;254;254;0;447;447;0;23
2020;08;03;HOSTAL;03;3 ESTRELLAS;TACNA;230000;7;125;249;49,68;23,66;12,42;12,42;0;147;147;0;1826;1826;0;21
2020;08;03;HOSTAL;03;3 ESTRELLAS;TUMBES;240000;4;68;145;3,65;3,16;1,48;1,48;0;96;96;0;142;142;0;12
2020;08;03;HOSTAL;TT;TODAS CONSOLIDADAS;AMAZONAS;010000;72;1192;1874;15,96;12,6;1,32;1,32;1;5562;5554;8;7318;7310;8;162
2020;08;03;HOSTAL;TT;TODAS CONSOLIDADAS;ÁNCASH;020000;162;2494;4244;12,26;11,7;1,07;1,07;1,07;14443;14376;67;15390;15318;72;298
2020;08;03;HOSTAL;TT;TODAS CONSOLIDADAS;APURÍMAC;030000;6;126;196;19,2;13,64;1,24;1,25;1;666;665;1;829;828;1;21
2020;08;03;HOSTAL;TT;TODAS CONSOLIDADAS;AREQUIPA;040000;200;3150;5543;16,74;15,1;1,76;1,78;1,46;14731;13756;975;25939;24515;1424;557
2020;08;03;HOSTAL;TT;TODAS CONSOLIDADAS;CAJAMARCA;060000;163;2867;4689;12,93;12,36;1,06;1,06;1;16948;16663;285;17966;17681;285;415
2020;08;03;HOSTAL;TT;TODAS CONSOLIDADAS;CALLAO;070000;13;281;564;37,97;37,67;1;1;1;7287;7271;16;7287;7271;16;61
2020;08;03;HOSTAL;TT;TODAS CONSOLIDADAS;CUSCO;080000;100;1553;2772;11,05;8,7;2,03;1,95;7,22;3677;3618;59;7472;7046;426;259
2020;08;03;HOSTAL;TT;TODAS CONSOLIDADAS;HUANCAVELICA;090000;6;98;149;17,45;12,41;1,13;1,13;0;508;508;0;573;573;0;12
2020;08;03;HOSTAL;TT;TODAS CONSOLIDADAS;HUÁNUCO;100000;30;435;655;15,67;16,17;1;1;0;3283;3283;0;3283;3283;0;38
2020;08;03;HOSTAL;TT;TODAS CONSOLIDADAS;ICA;110000;97;1563;2701;12,46;7,6;2,05;2,05;0;3101;3101;0;6363;6363;0;257
2020;08;03;HOSTAL;TT;TODAS CONSOLIDADAS;JUNÍN;120000;24;494;880;14,97;8,98;1,64;1,64;0;1497;1497;0;2450;2450;0;79
2020;08;03;HOSTAL;TT;TODAS CONSOLIDADAS;LAMBAYEQUE;140000;198;2905;4069;16,9;13,41;1,18;1,17;1,64;14290;13879;411;16912;16238;674;537
2020;08;03;HOSTAL;TT;TODAS CONSOLIDADAS;LIMA;150000;184;4151;8067;19,59;18,36;1,37;1,35;2,35;43150;42292;858;59289;57274;2015;895
2020;08;03;HOSTAL;TT;TODAS CONSOLIDADAS;LORETO;160000;18;291;448;4,96;4,94;3,59;3,59;0;191;191;0;686;686;0;41
2020;08;03;HOSTAL;TT;TODAS CONSOLIDADAS;MOQUEGUA;180000;45;604;1010;12,58;9,74;3,92;3,93;1;777;775;2;3049;3047;2;94
2020;08;03;HOSTAL;TT;TODAS CONSOLIDADAS;PASCO;190000;29;457;762;11,64;7,29;1,08;1,09;1;1589;1576;13;1723;1710;13;76
2020;08;03;HOSTAL;TT;TODAS CONSOLIDADAS;PIURA;200000;31;625;980;21,94;19,27;1,91;1,91;1,54;3070;3029;41;5854;5791;63;99
2020;08;03;HOSTAL;TT;TODAS CONSOLIDADAS;PUNO;210000;56;885;1658;14,85;16,85;3,69;3,75;2,2;2348;2263;85;8663;8476;187;164
2020;08;03;HOSTAL;TT;TODAS CONSOLIDADAS;SAN MARTÍN;220000;21;340;595;9,84;8,18;1,46;1,46;0;1032;1032;0;1508;1508;0;58
2020;08;03;HOSTAL;TT;TODAS CONSOLIDADAS;TACNA;230000;42;714;1334;9,13;4,74;6,95;7,64;1;282;253;29;1961;1932;29;42
2020;08;03;HOSTAL;TT;TODAS CONSOLIDADAS;TUMBES;240000;9;132;278;5,25;3,6;1,17;1,17;0;264;264;0;310;310;0;25
2020;08;03;HOSTAL;TT;TODAS CONSOLIDADAS;UCAYALI;250000;4;115;188;9,54;7,12;1,44;1,44;1,67;288;285;3;415;410;5;17
2020;08;05;ALBERGUE;12;ALBERGUE;AREQUIPA;040000;2;34;76;0;0;0;0;0;0;0;0;0;0;0;0
2020;08;05;ALBERGUE;12;ALBERGUE;CUSCO;080000;17;253;773;0;0;0;0;0;0;0;0;0;0;0;0
2020;08;05;ALBERGUE;12;ALBERGUE;ICA;110000;1;8;15;0;0;0;0;0;0;0;0;0;0;0;0
2020;08;05;ALBERGUE;12;ALBERGUE;JUNÍN;120000;1;32;104;4,03;1,89;1,39;1,39;0;44;44;0;61;61;0;10
2020;08;05;ALBERGUE;12;ALBERGUE;LIMA;150000;7;125;401;10,3;6,38;6,2;6,11;9,67;128;125;3;793;764;29;33
2020;08;05;ALBERGUE;12;ALBERGUE;LORETO;160000;45;710;1389;5,28;5,89;1,56;1,56;1,1;1627;1607;20;2536;2514;22;120
2020;08;05;ALBERGUE;12;ALBERGUE;MADRE DE DIOS;170000;3;94;229;0;0;0;0;0;0;0;0;0;0;0;0
2020;08;05;ALBERGUE;12;ALBERGUE;PASCO;190000;8;160;412;1,13;,68;1,53;1,53;0;57;57;0;87;87;0;24
2020;08;05;ALBERGUE;12;ALBERGUE;PUNO;210000;1;13;35;0;0;0;0;0;0;0;0;0;0;0;0
2020;08;05;ALBERGUE;12;ALBERGUE;SAN MARTÍN;220000;7;87;197;0;0;0;0;0;0;0;0;0;0;0;0
2020;08;05;ALBERGUE;12;ALBERGUE;UCAYALI;250000;2;31;83;4,06;2,45;2,74;2,22;3,07;23;9;14;63;20;43;5
2020;08;05;ALBERGUE;TT;TODAS CONSOLIDADAS;ÁNCASH;020000;5;48;106;0;0;0;0;0;0;0;0;0;0;0;0
2020;08;05;ALBERGUE;TT;TODAS CONSOLIDADAS;CUSCO;080000;17;253;773;0;0;0;0;0;0;0;0;0;0;0;0
2020;08;05;ALBERGUE;TT;TODAS CONSOLIDADAS;ICA;110000;1;8;15;0;0;0;0;0;0;0;0;0;0;0;0
2020;08;05;ALBERGUE;TT;TODAS CONSOLIDADAS;JUNÍN;120000;1;32;104;4,03;1,89;1,39;1,39;0;44;44;0;61;61;0;10
2020;08;05;ALBERGUE;TT;TODAS CONSOLIDADAS;LIMA;150000;7;125;401;10,3;6,38;6,2;6,11;9,67;128;125;3;793;764;29;33
2020;08;01;HOTEL;TT;TODAS CONSOLIDADAS;MADRE DE DIOS;170000;2;77;149;9,43;7,34;2,35;2,32;3;144;136;8;339;315;24;14
2020;08;03;HOSTAL;TT;TODAS CONSOLIDADAS;MADRE DE DIOS;170000;2;36;65;0;0;0;0;0;0;0;0;0;0;0;0
2020;08;02;APART HOTEL;TT;TODAS CONSOLIDADAS;AREQUIPA;040000;1;19;36;25,3;21,42;13,28;13,28;0;18;18;0;239;239;0;5
2020;08;05;ALBERGUE;TT;TODAS CONSOLIDADAS;AREQUIPA;040000;2;34;76;0;0;0;0;0;0;0;0;0;0;0;0
2020;08;02;APART HOTEL;TT;TODAS CONSOLIDADAS;LIMA;150000;22;1202;2292;31,06;24,19;3,6;3,5;9,2;4778;4694;84;17190;16417;773;524
2020;08;03;HOSTAL;02;2 ESTRELLAS;LIMA;150000;108;2574;4873;19,51;18,13;1,75;1,71;3,58;25230;24596;634;44266;41998;2268;695
2020;08;03;HOSTAL;03;3 ESTRELLAS;UCAYALI;250000;2;45;67;,5;,34;2,33;2,33;0;3;3;0;7;7;0;4
2020;08;03;HOSTAL;TT;TODAS CONSOLIDADAS;AYACUCHO;050000;8;146;270;4,53;7,2;2,66;2,66;0;227;227;0;603;603;0;14
2020;08;03;HOSTAL;TT;TODAS CONSOLIDADAS;LA LIBERTAD;130000;241;3865;7038;17,66;13,03;1,49;1,49;3,2;19132;19127;5;28424;28408;16;590
2020;08;05;ALBERGUE;12;ALBERGUE;ÁNCASH;020000;5;48;106;0;0;0;0;0;0;0;0;0;0;0;0
2020;08;05;ALBERGUE;TT;TODAS CONSOLIDADAS;LORETO;160000;45;710;1389;5,28;5,89;1,56;1,56;1,1;1627;1607;20;2536;2514;22;120
2020;08;05;ALBERGUE;TT;TODAS CONSOLIDADAS;MADRE DE DIOS;170000;3;94;229;0;0;0;0;0;0;0;0;0;0;0;0
2020;08;05;ALBERGUE;TT;TODAS CONSOLIDADAS;PASCO;190000;8;160;412;1,13;,68;1,53;1,53;0;57;57;0;87;87;0;24
2020;08;05;ALBERGUE;TT;TODAS CONSOLIDADAS;PUNO;210000;1;13;35;0;0;0;0;0;0;0;0;0;0;0;0
2020;08;05;ALBERGUE;TT;TODAS CONSOLIDADAS;SAN MARTÍN;220000;7;87;197;0;0;0;0;0;0;0;0;0;0;0;0
2020;08;05;ALBERGUE;TT;TODAS CONSOLIDADAS;UCAYALI;250000;2;31;83;4,06;2,45;2,74;2,22;3,07;23;9;14;63;20;43;5
2020;08;14;RESORT;03;3 ESTRELLAS;ICA;110000;1;51;86;0;0;0;0;0;0;0;0;0;0;0;0
2020;08;14;RESORT;05;5 ESTRELLAS;ICA;110000;2;235;474;40,59;23,18;5,88;5,84;8,67;579;570;9;3406;3328;78;287
2020;08;14;RESORT;TT;TODAS CONSOLIDADAS;ICA;110000;3;286;560;33,35;19,62;5,88;5,84;8,67;579;570;9;3406;3328;78;287
2020;08;16;ECOLODGE;13;ECOLODGE;AREQUIPA;040000;1;13;28;0;0;0;0;0;0;0;0;0;0;0;0
2020;08;16;ECOLODGE;13;ECOLODGE;SAN MARTÍN;220000;1;12;24;0;0;0;0;0;0;0;0;0;0;0;0
2020;08;16;ECOLODGE;TT;TODAS CONSOLIDADAS;AREQUIPA;040000;1;13;28;0;0;0;0;0;0;0;0;0;0;0;0
2020;08;16;ECOLODGE;TT;TODAS CONSOLIDADAS;SAN MARTÍN;220000;1;12;24;0;0;0;0;0;0;0;0;0;0;0;0
2020;08;TT;TODAS CONSOLIDADAS;00;NO CATEGORIZADO;AMAZONAS;010000;21;338;569;14,21;9,64;1,04;1,04;0;1635;1635;0;1700;1700;0;51
2020;08;TT;TODAS CONSOLIDADAS;00;NO CATEGORIZADO;ÁNCASH;020000;332;4732;8378;3,17;2,86;1,59;1,59;0;4677;4677;0;7428;7428;0;650
2020;08;TT;TODAS CONSOLIDADAS;00;NO CATEGORIZADO;APURÍMAC;030000;124;2228;3350;10,11;9,12;1,29;1,29;1;7331;7325;6;9476;9470;6;387
2020;08;TT;TODAS CONSOLIDADAS;00;NO CATEGORIZADO;AREQUIPA;040000;531;7116;12427;20,81;13,86;2,37;2,37;1;22567;22556;11;53411;53400;11;1065
2020;08;TT;TODAS CONSOLIDADAS;00;NO CATEGORIZADO;CAJAMARCA;060000;328;4780;7489;21,3;17,15;1;1;0;39813;39813;0;39813;39813;0;728
2020;08;TT;TODAS CONSOLIDADAS;00;NO CATEGORIZADO;CALLAO;070000;252;3533;6540;22,34;21,9;1,01;1,01;1;82373;82007;367;83145;82778;367;993
2020;08;TT;TODAS CONSOLIDADAS;00;NO CATEGORIZADO;CUSCO;080000;993;13069;25215;11,47;8,39;1,52;1,51;2;43030;41620;1410;65569;62749;2820;2113
2020;08;TT;TODAS CONSOLIDADAS;00;NO CATEGORIZADO;HUANCAVELICA;090000;88;1501;2227;9,41;7,99;1,79;1,79;0;3074;3074;0;5513;5513;0;157
2020;08;TT;TODAS CONSOLIDADAS;00;NO CATEGORIZADO;HUÁNUCO;100000;253;4109;5947;10,51;8,51;1,29;1,25;2,61;12150;11800;350;15688;14773;915;439
2020;08;TT;TODAS CONSOLIDADAS;00;NO CATEGORIZADO;ICA;110000;420;6340;11123;14,71;9,3;1,98;1,98;2,24;16223;16161;62;32067;31928;139;930
2020;08;TT;TODAS CONSOLIDADAS;00;NO CATEGORIZADO;JUNÍN;120000;558;8532;13797;12,24;8,21;1,49;1,49;2,11;23604;23595;9;35108;35089;19;1390
2020;08;TT;TODAS CONSOLIDADAS;00;NO CATEGORIZADO;LA LIBERTAD;130000;411;5155;8703;3,55;2,36;2,93;1,76;3,83;2173;946;1227;6362;1665;4697;592
2020;08;TT;TODAS CONSOLIDADAS;00;NO CATEGORIZADO;LAMBAYEQUE;140000;252;3197;4551;20,92;17,4;1,09;1,1;1;22435;21687;748;24543;23794;749;548
2020;08;TT;TODAS CONSOLIDADAS;00;NO CATEGORIZADO;LIMA;150000;6108;52720;91508;17,66;16,05;1,08;1,08;1,15;1817667;1794530;23136;1967442;1940826;26616;34131
2020;08;TT;TODAS CONSOLIDADAS;00;NO CATEGORIZADO;LORETO;160000;350;5367;8396;8,86;6,19;2,12;2,11;2,84;7592;7503;89;16114;15861;253;615
2020;08;TT;TODAS CONSOLIDADAS;00;NO CATEGORIZADO;MADRE DE DIOS;170000;126;2544;4194;27,44;21,98;1,76;1,69;2,29;16264;14426;1838;28579;24367;4212;414
2020;08;TT;TODAS CONSOLIDADAS;00;NO CATEGORIZADO;MOQUEGUA;180000;109;1450;2558;6,96;8,05;2,76;2,76;1;2317;2306;11;6384;6373;11;243
2020;08;TT;TODAS CONSOLIDADAS;00;NO CATEGORIZADO;PASCO;190000;210;3086;4715;9,75;9,83;1,57;1,57;0;9141;9141;0;14367;14367;0;524
2020;08;TT;TODAS CONSOLIDADAS;00;NO CATEGORIZADO;PIURA;200000;449;6256;10970;18,28;13,81;1,37;1,34;3,07;34265;33622;643;46966;44989;1977;1104
2020;08;TT;TODAS CONSOLIDADAS;00;NO CATEGORIZADO;PUNO;210000;365;4744;8308;16,33;13,83;1,38;1,38;1,79;25738;25598;140;35613;35362;251;804
2020;08;TT;TODAS CONSOLIDADAS;00;NO CATEGORIZADO;SAN MARTÍN;220000;411;6464;10175;10,92;8,24;2,53;2,54;1,85;10273;10137;136;25996;25745;251;627
2020;08;TT;TODAS CONSOLIDADAS;00;NO CATEGORIZADO;TACNA;230000;241;3259;6108;2,94;2,05;1,5;1,49;1,59;2587;2412;175;3878;3599;279;306
2020;08;TT;TODAS CONSOLIDADAS;00;NO CATEGORIZADO;TUMBES;240000;110;1380;2706;18,58;16,95;3,5;5,42;2;4066;1773;2293;14215;9618;4597;186
2020;08;TT;TODAS CONSOLIDADAS;00;NO CATEGORIZADO;UCAYALI;250000;212;3893;5822;21,04;17,89;1,66;1,66;1,76;19467;18962;505;32289;31401;888;650
2020;08;TT;TODAS CONSOLIDADAS;01;1 ESTRELLA;AMAZONAS;010000;16;239;359;,7;,47;1;1;0;52;52;0;52;52;0;6
2020;08;TT;TODAS CONSOLIDADAS;01;1 ESTRELLA;ÁNCASH;020000;40;607;998;1,78;1,01;1;1;0;312;312;0;312;312;0;31
2020;08;TT;TODAS CONSOLIDADAS;01;1 ESTRELLA;APURÍMAC;030000;3;94;134;9,88;8,52;1;1;0;354;354;0;354;354;0;8
2020;08;TT;TODAS CONSOLIDADAS;01;1 ESTRELLA;AREQUIPA;040000;55;877;1394;15,17;16,11;1,62;1,62;0;4305;4305;0;6960;6960;0;117
2020;08;TT;TODAS CONSOLIDADAS;01;1 ESTRELLA;AYACUCHO;050000;8;213;360;3,1;5,4;2,66;2,66;0;227;227;0;603;603;0;14
2020;08;TT;TODAS CONSOLIDADAS;01;1 ESTRELLA;CAJAMARCA;060000;27;523;858;0;0;0;0;0;0;0;0;0;0;0;0
2020;08;TT;TODAS CONSOLIDADAS;01;1 ESTRELLA;CALLAO;070000;10;198;398;10,79;10,44;1;1;1;1230;1228;2;1230;1228;2;33
2020;08;TT;TODAS CONSOLIDADAS;01;1 ESTRELLA;CUSCO;080000;28;422;752;6,32;4,04;1,06;1,06;0;892;892;0;942;942;0;66
2020;08;TT;TODAS CONSOLIDADAS;01;1 ESTRELLA;HUANCAVELICA;090000;2;29;45;37,93;25,02;1,02;1,02;0;342;342;0;349;349;0;5
2020;08;TT;TODAS CONSOLIDADAS;01;1 ESTRELLA;HUÁNUCO;100000;20;431;638;13,29;9,89;2,9;2,9;0;674;674;0;1956;1956;0;40
2020;08;TT;TODAS CONSOLIDADAS;01;1 ESTRELLA;ICA;110000;15;243;363;0;0;0;0;0;0;0;0;0;0;0;0
2020;08;TT;TODAS CONSOLIDADAS;01;1 ESTRELLA;LA LIBERTAD;130000;37;539;951;0;0;0;0;0;0;0;0;0;0;0;0
2020;08;TT;TODAS CONSOLIDADAS;01;1 ESTRELLA;LAMBAYEQUE;140000;25;395;552;16,15;14,04;1;1;1;2402;2388;14;2402;2388;14;48
2020;08;TT;TODAS CONSOLIDADAS;01;1 ESTRELLA;LIMA;150000;68;1514;3053;25,13;23,74;1,14;1,14;1,18;21714;21366;348;24719;24309;411;296
2020;08;TT;TODAS CONSOLIDADAS;01;1 ESTRELLA;LORETO;160000;6;91;134;,43;1,04;4,3;4,3;0;10;10;0;43;43;0;15
2020;08;TT;TODAS CONSOLIDADAS;01;1 ESTRELLA;MADRE DE DIOS;170000;2;38;67;1,95;1,83;1,36;1,36;0;28;28;0;38;38;0;3
2020;08;TT;TODAS CONSOLIDADAS;01;1 ESTRELLA;MOQUEGUA;180000;15;225;406;3,53;1,9;1,1;1,1;0;217;217;0;239;239;0;35
2020;08;TT;TODAS CONSOLIDADAS;01;1 ESTRELLA;PASCO;190000;19;341;529;14,4;9,56;1,07;1,07;1;1468;1455;13;1568;1555;13;47
2020;08;TT;TODAS CONSOLIDADAS;01;1 ESTRELLA;PIURA;200000;5;122;190;0;0;0;0;0;0;0;0;0;0;0;0
2020;08;TT;TODAS CONSOLIDADAS;01;1 ESTRELLA;PUNO;210000;19;371;646;17,29;11,91;1,76;1,76;1,29;1354;1347;7;2386;2377;9;58
2020;08;TT;TODAS CONSOLIDADAS;01;1 ESTRELLA;SAN MARTÍN;220000;7;146;232;0;0;0;0;0;0;0;0;0;0;0;0
2020;08;TT;TODAS CONSOLIDADAS;01;1 ESTRELLA;TACNA;230000;10;212;387;4,7;3,27;2,32;2,59;1;169;140;29;392;363;29;26
2020;08;TT;TODAS CONSOLIDADAS;02;2 ESTRELLAS;AMAZONAS;010000;82;1704;2650;19,52;15,61;1,55;1,54;2,58;8287;8197;90;12827;12595;232;278
2020;08;TT;TODAS CONSOLIDADAS;02;2 ESTRELLAS;ÁNCASH;020000;147;2772;4835;14,95;13,28;1,08;1,08;1,07;18418;18351;67;19902;19830;72;460
2020;08;TT;TODAS CONSOLIDADAS;02;2 ESTRELLAS;APURÍMAC;030000;6;141;228;15,69;10,84;1,11;1,12;1;687;686;1;766;765;1;22
2020;08;TT;TODAS CONSOLIDADAS;02;2 ESTRELLAS;AYACUCHO;050000;13;329;626;21,32;15,76;1,35;1,35;1,31;2265;2162;103;3058;2923;135;43
2020;08;TT;TODAS CONSOLIDADAS;02;2 ESTRELLAS;CAJAMARCA;060000;130;2737;4381;13,95;12,48;1,08;1,08;1;15721;15436;285;16955;16670;285;452
2020;08;TT;TODAS CONSOLIDADAS;02;2 ESTRELLAS;CALLAO;070000;5;144;288;68,09;68,11;1;1;1;7178;7162;17;7178;7162;17;37
2020;08;TT;TODAS CONSOLIDADAS;02;2 ESTRELLAS;CUSCO;080000;100;1976;3500;8,93;6,77;1,73;1,73;2,09;4246;4211;35;7346;7273;73;323
2020;08;TT;TODAS CONSOLIDADAS;02;2 ESTRELLAS;HUANCAVELICA;090000;3;52;83;20,22;18,15;7,18;7,18;0;65;65;0;467;467;0;11
2020;08;TT;TODAS CONSOLIDADAS;02;2 ESTRELLAS;HUÁNUCO;100000;48;1147;1763;10,23;9,48;1,04;1,04;0;5003;5003;0;5179;5179;0;191
2020;08;TT;TODAS CONSOLIDADAS;02;2 ESTRELLAS;ICA;110000;103;2132;3646;17,74;13,3;3,09;3,09;0;4872;4872;0;15032;15032;0;361
2020;08;TT;TODAS CONSOLIDADAS;02;2 ESTRELLAS;JUNÍN;120000;35;946;1689;16,13;9,53;2,27;2,27;3;2195;2188;7;4990;4969;21;148
2020;08;TT;TODAS CONSOLIDADAS;02;2 ESTRELLAS;LA LIBERTAD;130000;164;2921;5348;13,04;11,26;1,27;1,27;0;14685;14685;0;18661;18661;0;412
2020;08;TT;TODAS CONSOLIDADAS;02;2 ESTRELLAS;LAMBAYEQUE;140000;214;4064;5911;14,46;11,31;1,25;1,25;1,25;16622;16413;209;20719;20458;261;713
2020;08;TT;TODAS CONSOLIDADAS;02;2 ESTRELLAS;LIMA;150000;205;6656;12331;22,77;20,24;1,57;1,56;2,51;67806;66752;1054;106558;103909;2649;1461
2020;08;TT;TODAS CONSOLIDADAS;02;2 ESTRELLAS;LORETO;160000;17;386;621;,79;,6;1;1;0;115;115;0;115;115;0;51
2020;08;TT;TODAS CONSOLIDADAS;02;2 ESTRELLAS;MADRE DE DIOS;170000;1;18;32;0;0;0;0;0;0;0;0;0;0;0;0
2020;08;TT;TODAS CONSOLIDADAS;02;2 ESTRELLAS;MOQUEGUA;180000;41;692;1104;20,73;16,01;3,57;3,57;3,48;1535;1450;85;5479;5183;296;128
2020;08;TT;TODAS CONSOLIDADAS;02;2 ESTRELLAS;PASCO;190000;14;263;473;1,56;1,06;1,28;1,28;0;121;121;0;155;155;0;29
2020;08;TT;TODAS CONSOLIDADAS;02;2 ESTRELLAS;PIURA;200000;43;946;1517;21,54;17,16;1,98;1,98;1,54;4076;4035;41;8069;8006;63;176
2020;08;TT;TODAS CONSOLIDADAS;02;2 ESTRELLAS;PUNO;210000;58;1062;1986;13,91;15,77;4,28;4,39;3,49;2267;1990;277;9708;8740;968;181
2020;08;TT;TODAS CONSOLIDADAS;02;2 ESTRELLAS;SAN MARTÍN;220000;32;705;1169;4,06;2,93;1,36;1,36;0;778;778;0;1061;1061;0;35
2020;08;TT;TODAS CONSOLIDADAS;02;2 ESTRELLAS;TACNA;230000;60;1321;2581;3,78;2,19;2,54;2,54;5;690;689;1;1752;1747;5;152
2020;08;TT;TODAS CONSOLIDADAS;02;2 ESTRELLAS;TUMBES;240000;11;274;522;3,53;5,04;2,07;2,07;0;394;394;0;815;815;0;49
2020;08;TT;TODAS CONSOLIDADAS;02;2 ESTRELLAS;UCAYALI;250000;4;121;202;8,88;6,52;1,43;1,43;1,67;285;282;3;408;403;5;13
2020;08;TT;TODAS CONSOLIDADAS;03;3 ESTRELLAS;AMAZONAS;010000;21;454;813;29,85;20,15;2,54;2,49;2,94;1996;1773;223;5078;4423;655;78
2020;08;TT;TODAS CONSOLIDADAS;03;3 ESTRELLAS;ÁNCASH;020000;53;1397;2429;15,48;9,6;2,27;2,25;3,47;3184;3137;47;7226;7063;163;217
2020;08;TT;TODAS CONSOLIDADAS;03;3 ESTRELLAS;APURÍMAC;030000;4;122;215;43,55;29,24;2,94;2,98;1,38;662;649;13;1949;1931;18;27
2020;08;TT;TODAS CONSOLIDADAS;03;3 ESTRELLAS;AREQUIPA;040000;89;2250;4183;34,82;22;4,94;4,94;5,5;5771;5769;2;28531;28520;11;490
2020;08;TT;TODAS CONSOLIDADAS;03;3 ESTRELLAS;CAJAMARCA;060000;96;2378;4051;35,16;17,83;4,23;4,23;0;5299;5299;0;22397;22397;0;413
2020;08;TT;TODAS CONSOLIDADAS;03;3 ESTRELLAS;CALLAO;070000;3;163;296;14,29;11,07;1,45;1,44;1,65;700;677;23;1016;978;38;37
2020;08;TT;TODAS CONSOLIDADAS;03;3 ESTRELLAS;CUSCO;080000;76;2543;4855;25,36;15,27;8,08;8,03;13,65;2844;2818;26;22987;22632;355;451
2020;08;TT;TODAS CONSOLIDADAS;03;3 ESTRELLAS;HUANCAVELICA;090000;5;124;202;14,62;11,82;2,29;2,3;1;323;322;1;740;739;1;25
2020;08;TT;TODAS CONSOLIDADAS;03;3 ESTRELLAS;HUÁNUCO;100000;10;389;706;5,11;4,4;1,59;1,57;1,86;606;569;37;962;893;69;77
2020;08;TT;TODAS CONSOLIDADAS;03;3 ESTRELLAS;ICA;110000;78;2137;4144;33,35;24,99;3,43;3,43;3,17;9366;9348;18;32106;32049;57;391
2020;08;TT;TODAS CONSOLIDADAS;03;3 ESTRELLAS;JUNÍN;120000;21;736;1405;25,21;14,83;3,26;3,27;2,08;1978;1965;13;6458;6431;27;209
2020;08;TT;TODAS CONSOLIDADAS;03;3 ESTRELLAS;LA LIBERTAD;130000;145;3394;6444;18,85;12,2;1,64;1,64;1,46;14840;14744;96;24371;24231;140;619
2020;08;TT;TODAS CONSOLIDADAS;03;3 ESTRELLAS;LAMBAYEQUE;140000;57;1409;2265;12,94;8,89;1,69;1,66;1,99;3703;3370;333;6244;5581;663;318
2020;08;TT;TODAS CONSOLIDADAS;03;3 ESTRELLAS;LIMA;150000;150;7191;13381;30,03;20,68;2,65;2,65;2,63;32491;31421;1069;86173;83364;2810;1479
2020;08;TT;TODAS CONSOLIDADAS;03;3 ESTRELLAS;LORETO;160000;32;940;1585;11,49;10,31;2,63;2,63;2,32;1930;1883;47;5068;4959;109;194
2020;08;TT;TODAS CONSOLIDADAS;03;3 ESTRELLAS;MADRE DE DIOS;170000;1;57;115;11,43;8,44;2,59;2,56;3;116;108;8;301;277;24;11
2020;08;TT;TODAS CONSOLIDADAS;03;3 ESTRELLAS;MOQUEGUA;180000;10;290;522;44,77;24,71;4,54;4,54;0;880;880;0;3999;3999;0;54
2020;08;TT;TODAS CONSOLIDADAS;03;3 ESTRELLAS;PASCO;190000;5;111;205;0;0;0;0;0;0;0;0;0;0;0;0
2020;08;TT;TODAS CONSOLIDADAS;03;3 ESTRELLAS;PIURA;200000;12;351;589;8,56;6,61;1,46;1,46;1,58;825;813;12;1207;1188;19;61
2020;08;TT;TODAS CONSOLIDADAS;03;3 ESTRELLAS;PUNO;210000;29;850;1545;42,83;25,36;4,56;4,65;2,53;2663;2554;109;12145;11869;276;182
2020;08;TT;TODAS CONSOLIDADAS;03;3 ESTRELLAS;SAN MARTÍN;220000;24;758;1329;13,38;8,92;2,1;2,09;6,67;1751;1748;3;3674;3654;20;136
2020;08;TT;TODAS CONSOLIDADAS;03;3 ESTRELLAS;TACNA;230000;20;628;1285;39,72;24,24;10,9;10,96;3,57;886;879;7;9657;9632;25;138
2020;08;TT;TODAS CONSOLIDADAS;03;3 ESTRELLAS;TUMBES;240000;9;247;494;1,01;,93;1,48;1,48;0;96;96;0;142;142;0;12
2020;08;TT;TODAS CONSOLIDADAS;03;3 ESTRELLAS;UCAYALI;250000;17;602;999;15,98;12,26;2,61;2,58;3,7;1455;1422;33;3796;3674;122;112
2020;08;TT;TODAS CONSOLIDADAS;04;4 ESTRELLAS;AREQUIPA;040000;9;427;839;47,15;24,53;6,15;6,13;16,5;1038;1036;2;6380;6347;33;152
2020;08;TT;TODAS CONSOLIDADAS;04;4 ESTRELLAS;CALLAO;070000;2;371;599;5,72;4,17;1,99;2,18;1,82;389;179;210;774;391;383;114
2020;08;TT;TODAS CONSOLIDADAS;04;4 ESTRELLAS;CUSCO;080000;3;354;675;35,18;18,5;6,89;6,97;3,25;562;550;12;3871;3832;39;128
2020;08;TT;TODAS CONSOLIDADAS;04;4 ESTRELLAS;HUÁNUCO;100000;1;52;90;28,16;16,77;6,69;6,69;0;70;70;0;468;468;0;25
2020;08;TT;TODAS CONSOLIDADAS;04;4 ESTRELLAS;ICA;110000;5;460;912;53,04;31,14;10,51;10,53;7,83;838;832;6;8804;8757;47;125
2020;08;TT;TODAS CONSOLIDADAS;04;4 ESTRELLAS;JUNÍN;120000;1;40;66;91,21;55,28;9,67;9,67;0;117;117;0;1131;1131;0;19
2020;08;TT;TODAS CONSOLIDADAS;04;4 ESTRELLAS;LA LIBERTAD;130000;3;161;288;38,57;21,56;4,76;4,82;3,74;404;385;19;1925;1854;71;22
2020;08;TT;TODAS CONSOLIDADAS;04;4 ESTRELLAS;LIMA;150000;48;4527;8229;41,37;28,18;4,82;4,95;2,44;14902;14131;771;71898;70016;1882;1576
2020;08;TT;TODAS CONSOLIDADAS;04;4 ESTRELLAS;LORETO;160000;2;90;150;12,47;9,96;1,87;1,87;0;247;247;0;463;463;0;32
2020;08;TT;TODAS CONSOLIDADAS;04;4 ESTRELLAS;MOQUEGUA;180000;2;123;232;70,78;43,66;22,11;22,14;21;142;139;3;3140;3077;63;19
2020;08;TT;TODAS CONSOLIDADAS;04;4 ESTRELLAS;PIURA;200000;2;181;353;16,09;9,94;3,19;2,86;11,54;341;328;13;1088;938;150;27
2020;08;TT;TODAS CONSOLIDADAS;04;4 ESTRELLAS;PUNO;210000;7;447;843;42,64;23,47;6,77;6,74;15,67;906;903;3;6133;6086;47;123
2020;08;TT;TODAS CONSOLIDADAS;04;4 ESTRELLAS;SAN MARTÍN;220000;1;20;49;5,97;2,44;37;0;6;1;0;1;37;31;6;8
2020;08;TT;TODAS CONSOLIDADAS;04;4 ESTRELLAS;TUMBES;240000;3;156;302;,74;1,86;3;3;0;58;58;0;174;174;0;23
2020;08;TT;TODAS CONSOLIDADAS;05;5 ESTRELLAS;CUSCO;080000;1;93;188;45,3;22,67;6,64;6,77;1,4;199;194;5;1321;1314;7;14
2020;08;TT;TODAS CONSOLIDADAS;05;5 ESTRELLAS;ICA;110000;3;359;870;29,27;15,07;4,79;4,77;5,53;849;830;19;4065;3960;105;354
2020;08;TT;TODAS CONSOLIDADAS;05;5 ESTRELLAS;LIMA;150000;26;4017;7227;52,7;31,24;4,42;4,49;3,22;15848;14967;881;69978;67143;2835;2268
2020;08;TT;TODAS CONSOLIDADAS;05;5 ESTRELLAS;LORETO;160000;1;60;88;18,28;19,94;1,55;1,5;1,97;351;312;39;544;467;77;25
2020;08;TT;TODAS CONSOLIDADAS;05;5 ESTRELLAS;PIURA;200000;1;83;167;27,17;15,9;2,94;2,99;2,52;280;251;29;823;750;73;47
2020;08;TT;TODAS CONSOLIDADAS;00;NO CATEGORIZADO;AYACUCHO;050000;334;4630;7411;3,04;2,71;1,21;1,21;0;5125;5125;0;6222;6222;0;278
2020;08;TT;TODAS CONSOLIDADAS;01;1 ESTRELLA;JUNÍN;120000;9;238;429;17,59;10,29;1,24;1,24;0;1100;1100;0;1369;1369;0;32
2020;08;TT;TODAS CONSOLIDADAS;03;3 ESTRELLAS;AYACUCHO;050000;6;209;398;14,11;9,32;5,2;3,05;31,06;221;204;17;1150;622;528;63
2020;08;TT;TODAS CONSOLIDADAS;02;2 ESTRELLAS;AREQUIPA;040000;153;2892;5121;19,64;15,22;1,96;2,01;1,46;12301;11326;975;24167;22743;1424;506
2020;08;TT;TODAS CONSOLIDADAS;05;5 ESTRELLAS;AREQUIPA;040000;3;241;346;67,27;47,71;5,09;5,12;3,24;1006;989;17;5117;5062;55;121
2020;08;TT;TODAS CONSOLIDADAS;04;4 ESTRELLAS;LAMBAYEQUE;140000;4;335;521;25,52;18,64;2,22;2,24;1,89;1356;1284;72;3011;2875;136;236
2020;08;TT;TODAS CONSOLIDADAS;04;4 ESTRELLAS;UCAYALI;250000;5;288;506;14,58;11,75;2,6;2,53;4,17;710;680;30;1843;1718;125;106
2020;08;TT;TODAS CONSOLIDADAS;05;5 ESTRELLAS;LA LIBERTAD;130000;1;120;240;56,26;31,3;4,1;4,23;1,72;568;539;29;2329;2279;50;97
2020;08;TT;TODAS CONSOLIDADAS;04;4 ESTRELLAS;TACNA;230000;1;150;300;50,04;26;3,8;3,81;2;636;634;2;2418;2414;4;18
2020;08;TT;TODAS CONSOLIDADAS;05;5 ESTRELLAS;PUNO;210000;1;123;235;91,95;71,87;1,85;1,85;0;2836;2836;0;5236;5236;0;83
2020;08;TT;TODAS CONSOLIDADAS;12;ALBERGUE;ÁNCASH;020000;5;48;106;0;0;0;0;0;0;0;0;0;0;0;0
2020;08;TT;TODAS CONSOLIDADAS;12;ALBERGUE;AREQUIPA;040000;2;34;76;0;0;0;0;0;0;0;0;0;0;0;0
2020;08;TT;TODAS CONSOLIDADAS;12;ALBERGUE;CUSCO;080000;17;253;773;0;0;0;0;0;0;0;0;0;0;0;0
2020;08;TT;TODAS CONSOLIDADAS;12;ALBERGUE;ICA;110000;1;8;15;0;0;0;0;0;0;0;0;0;0;0;0
2020;08;TT;TODAS CONSOLIDADAS;12;ALBERGUE;JUNÍN;120000;1;32;104;4,03;1,89;1,39;1,39;0;44;44;0;61;61;0;10
2020;08;TT;TODAS CONSOLIDADAS;12;ALBERGUE;LIMA;150000;7;125;401;10,3;6,38;6,2;6,11;9,67;128;125;3;793;764;29;33
2020;08;TT;TODAS CONSOLIDADAS;12;ALBERGUE;LORETO;160000;45;710;1389;5,28;5,89;1,56;1,56;1,1;1627;1607;20;2536;2514;22;120
2020;08;TT;TODAS CONSOLIDADAS;12;ALBERGUE;MADRE DE DIOS;170000;3;94;229;0;0;0;0;0;0;0;0;0;0;0;0
2020;08;TT;TODAS CONSOLIDADAS;12;ALBERGUE;PASCO;190000;8;160;412;1,13;,68;1,53;1,53;0;57;57;0;87;87;0;24
2020;08;TT;TODAS CONSOLIDADAS;12;ALBERGUE;PUNO;210000;1;13;35;0;0;0;0;0;0;0;0;0;0;0;0
2020;08;TT;TODAS CONSOLIDADAS;12;ALBERGUE;SAN MARTÍN;220000;7;87;197;0;0;0;0;0;0;0;0;0;0;0;0
2020;08;TT;TODAS CONSOLIDADAS;12;ALBERGUE;UCAYALI;250000;2;31;83;4,06;2,45;2,74;2,22;3,07;23;9;14;63;20;43;5
2020;08;TT;TODAS CONSOLIDADAS;13;ECOLODGE;AREQUIPA;040000;1;13;28;0;0;0;0;0;0;0;0;0;0;0;0
2020;08;TT;TODAS CONSOLIDADAS;13;ECOLODGE;SAN MARTÍN;220000;1;12;24;0;0;0;0;0;0;0;0;0;0;0;0
2020;08;TT;TODAS CONSOLIDADAS;TT;TODAS CONSOLIDADAS;AMAZONAS;010000;140;2735;4391;18,12;13,67;1,56;1,54;1,95;11970;11657;313;19657;18770;887;413
2020;08;TT;TODAS CONSOLIDADAS;TT;TODAS CONSOLIDADAS;ÁNCASH;020000;577;9556;16746;7,18;5,98;1,47;1,47;,59;26591;26477;114;34868;34633;235;1358
2020;08;TT;TODAS CONSOLIDADAS;TT;TODAS CONSOLIDADAS;APURÍMAC;030000;137;2585;3927;11,33;9,77;1,33;1,33;,99;9034;9014;20;12545;12520;25;444
2020;08;TT;TODAS CONSOLIDADAS;TT;TODAS CONSOLIDADAS;AREQUIPA;040000;843;13850;24414;22,08;15,3;2,56;2,57;1,66;46988;45981;1007;124566;123032;1534;2451
2020;08;TT;TODAS CONSOLIDADAS;TT;TODAS CONSOLIDADAS;AYACUCHO;050000;361;5381;8795;3,89;3,35;1,32;1,28;,56;7838;7718;120;11033;10370;663;398
2020;08;TT;TODAS CONSOLIDADAS;TT;TODAS CONSOLIDADAS;CAJAMARCA;060000;581;10418;16779;20,96;15,42;1,5;1,5;,22;60833;60548;285;79165;78880;285;1593
2020;08;TT;TODAS CONSOLIDADAS;TT;TODAS CONSOLIDADAS;CALLAO;070000;272;4409;8121;22,55;22,08;1,02;1,02;1,01;91871;91253;618;93343;92537;806;1214
2020;08;TT;TODAS CONSOLIDADAS;TT;TODAS CONSOLIDADAS;CUSCO;080000;1218;18710;35958;11,93;8,5;1,94;1,92;2,66;51773;50285;1488;102036;98742;3294;3095
2020;08;TT;TODAS CONSOLIDADAS;TT;TODAS CONSOLIDADAS;HUANCAVELICA;090000;98;1706;2557;10,59;8,84;1,97;1,97;,05;3804;3803;1;7069;7068;1;198
2020;08;TT;TODAS CONSOLIDADAS;TT;TODAS CONSOLIDADAS;HUÁNUCO;100000;332;6128;9144;10,53;8,63;1,38;1,35;2,05;18503;18116;387;24253;23269;984;772
2020;08;TT;TODAS CONSOLIDADAS;TT;TODAS CONSOLIDADAS;ICA;110000;625;11679;21073;17,54;11,88;2,37;2,37;1,99;32148;32043;105;92074;91726;348;2161
2020;08;TT;TODAS CONSOLIDADAS;TT;TODAS CONSOLIDADAS;JUNÍN;120000;625;10524;17490;13,09;8,6;1,6;1,6;2,12;29038;29009;29;49117;49050;67;1808
2020;08;TT;TODAS CONSOLIDADAS;TT;TODAS CONSOLIDADAS;LA LIBERTAD;130000;761;12290;21974;8,54;6,15;2,19;1,56;2,36;32670;31299;1371;53648;48690;4958;1742
2020;08;TT;TODAS CONSOLIDADAS;TT;TODAS CONSOLIDADAS;LAMBAYEQUE;140000;552;9400;13800;17,41;14,01;1,22;1,22;1,21;46518;45142;1376;56919;55096;1823;1863
2020;08;TT;TODAS CONSOLIDADAS;TT;TODAS CONSOLIDADAS;LIMA;150000;6612;76750;136130;18,48;16,5;1,18;1,18;1,25;1970555;1943292;27263;2327562;2290331;37231;41244
2020;08;TT;TODAS CONSOLIDADAS;TT;TODAS CONSOLIDADAS;LORETO;160000;453;7644;12363;8,32;6,22;2,09;2,08;2,47;11872;11677;195;24883;24422;461;1052
2020;08;TT;TODAS CONSOLIDADAS;TT;TODAS CONSOLIDADAS;MADRE DE DIOS;170000;133;2751;4637;26,11;20,92;1,7;1,64;2,19;16408;14562;1846;28918;24682;4236;428
2020;08;TT;TODAS CONSOLIDADAS;TT;TODAS CONSOLIDADAS;MOQUEGUA;180000;177;2780;4822;12,72;10,72;3,12;3,13;1,66;5091;4992;99;19241;18871;370;479
2020;08;TT;TODAS CONSOLIDADAS;TT;TODAS CONSOLIDADAS;PASCO;190000;256;3961;6334;9,19;8,85;1,49;1,49;,07;10787;10774;13;16177;16164;13;624
2020;08;TT;TODAS CONSOLIDADAS;TT;TODAS CONSOLIDADAS;PIURA;200000;512;7939;13786;18,16;13,78;1,42;1,39;2,91;39787;39049;738;58153;55871;2282;1415
2020;08;TT;TODAS CONSOLIDADAS;TT;TODAS CONSOLIDADAS;PUNO;210000;480;7610;13598;18,18;14,92;2,02;2,03;2,22;35764;35228;536;71221;69670;1551;1431
2020;08;TT;TODAS CONSOLIDADAS;TT;TODAS CONSOLIDADAS;SAN MARTÍN;220000;483;8192;13175;10,24;7,66;2,42;2,36;1,91;12803;12663;140;30768;30491;277;806
2020;08;TT;TODAS CONSOLIDADAS;TT;TODAS CONSOLIDADAS;TACNA;230000;332;5570;10661;5,5;3,52;2,28;2,29;2,31;4968;4754;214;18097;17755;342;640
2020;08;TT;TODAS CONSOLIDADAS;TT;TODAS CONSOLIDADAS;TUMBES;240000;133;2057;4024;15,74;14,54;3,23;4,83;1,66;4614;2321;2293;15346;10749;4597;270
2020;08;TT;TODAS CONSOLIDADAS;TT;TODAS CONSOLIDADAS;UCAYALI;250000;242;5100;7918;20,1;16,95;1,76;1,75;1,96;22082;21494;588;38886;37694;1192;901
2020;09;00;NO CLASIFICADO;00;NO CATEGORIZADO;AMAZONAS;010000;21;376;623;15,1;10,39;1,04;1,04;0;1861;1861;0;1942;1942;0;59
2020;09;00;NO CLASIFICADO;00;NO CATEGORIZADO;APURÍMAC;030000;129;2361;3560;18,19;13,86;1,24;1,24;1,27;11936;11910;26;14800;14767;33;418
2020;09;00;NO CLASIFICADO;00;NO CATEGORIZADO;AREQUIPA;040000;546;7313;12784;14,03;10,47;1,63;1,67;1,07;24640;23080;1560;40161;38493;1668;1108
2020;09;00;NO CLASIFICADO;00;NO CATEGORIZADO;CAJAMARCA;060000;326;4759;7454;22,45;20,21;1,19;1,19;1;38071;38009;62;45184;45122;62;736
2020;09;00;NO CLASIFICADO;00;NO CATEGORIZADO;CALLAO;070000;255;3584;6632;27,2;26,25;1;1;1,05;94244;94088;156;94591;94428;163;978
2020;09;00;NO CLASIFICADO;00;NO CATEGORIZADO;LA LIBERTAD;130000;411;5162;8711;7,24;7,19;1,1;1,1;0;17047;17047;0;18786;18786;0;593
2020;09;00;NO CLASIFICADO;00;NO CATEGORIZADO;MOQUEGUA;180000;112;1489;2630;10,13;7,09;1,14;1,14;1;4915;4909;6;5595;5589;6;254
2020;09;00;NO CLASIFICADO;00;NO CATEGORIZADO;SAN MARTÍN;220000;465;7354;11556;17,42;14,28;1,39;1,39;1,05;35634;35453;181;49491;49301;190;1193
2020;09;00;NO CLASIFICADO;00;NO CATEGORIZADO;UCAYALI;250000;217;3967;5937;24,02;21,75;1,83;1,82;2,2;21218;20677;541;38733;37541;1192;669
2020;09;00;NO CLASIFICADO;TT;TODAS CONSOLIDADAS;AMAZONAS;010000;21;376;623;15,1;10,39;1,04;1,04;0;1861;1861;0;1942;1942;0;59
2020;09;00;NO CLASIFICADO;TT;TODAS CONSOLIDADAS;APURÍMAC;030000;129;2361;3560;18,19;13,86;1,24;1,24;1,27;11936;11910;26;14800;14767;33;418
2020;09;00;NO CLASIFICADO;TT;TODAS CONSOLIDADAS;CAJAMARCA;060000;326;4759;7454;22,45;20,21;1,19;1,19;1;38071;38009;62;45184;45122;62;736
2020;09;00;NO CLASIFICADO;TT;TODAS CONSOLIDADAS;CALLAO;070000;255;3584;6632;27,2;26,25;1;1;1,05;94244;94088;156;94591;94428;163;978
2020;09;00;NO CLASIFICADO;TT;TODAS CONSOLIDADAS;PASCO;190000;210;3105;4678;17,6;17,17;1,43;1,43;0;16849;16849;0;24099;24099;0;467
2020;09;00;NO CLASIFICADO;TT;TODAS CONSOLIDADAS;PUNO;210000;381;4959;8692;26,87;20,78;1,49;1,49;1,53;36259;36126;133;54195;53992;203;850
2020;09;00;NO CLASIFICADO;TT;TODAS CONSOLIDADAS;SAN MARTÍN;220000;465;7354;11556;17,42;14,28;1,39;1,39;1,05;35634;35453;181;49491;49301;190;1193
2020;09;00;NO CLASIFICADO;TT;TODAS CONSOLIDADAS;UCAYALI;250000;217;3967;5937;24,02;21,75;1,83;1,82;2,2;21218;20677;541;38733;37541;1192;669
2020;09;01;HOTEL;01;1 ESTRELLA;AMAZONAS;010000;1;20;43;9,17;5,66;1;1;0;73;73;0;73;73;0;6
2020;09;01;HOTEL;01;1 ESTRELLA;ÁNCASH;020000;7;191;304;8,52;5,01;1;1;0;457;457;0;457;457;0;31
2020;09;01;HOTEL;01;1 ESTRELLA;APURÍMAC;030000;2;80;115;13,38;11,45;1;1;0;395;395;0;395;395;0;8
2020;09;01;HOTEL;01;1 ESTRELLA;CALLAO;070000;1;37;74;0;0;0;0;0;0;0;0;0;0;0;0
2020;09;01;HOTEL;01;1 ESTRELLA;MOQUEGUA;180000;1;20;41;0;0;0;0;0;0;0;0;0;0;0;0
2020;09;01;HOTEL;01;1 ESTRELLA;SAN MARTÍN;220000;6;126;199;0;0;0;0;0;0;0;0;0;0;0;0
2020;08;TT;TODAS CONSOLIDADAS;05;5 ESTRELLAS;UCAYALI;250000;2;165;306;8,35;5,13;3,43;3,44;3;142;139;3;487;478;9;15
2020;09;00;NO CLASIFICADO;00;NO CATEGORIZADO;PUNO;210000;381;4959;8692;26,87;20,78;1,49;1,49;1,53;36259;36126;133;54195;53992;203;850
2020;09;00;NO CLASIFICADO;00;NO CATEGORIZADO;ÁNCASH;020000;333;4741;8402;6,44;6,46;1,33;1,33;0;12289;12289;0;16295;16295;0;657
2020;09;00;NO CLASIFICADO;00;NO CATEGORIZADO;HUANCAVELICA;090000;91;1563;2329;14,62;13,28;1,41;1,41;0;6578;6578;0;9276;9276;0;241
2020;09;00;NO CLASIFICADO;00;NO CATEGORIZADO;PASCO;190000;210;3105;4678;17,6;17,17;1,43;1,43;0;16849;16849;0;24099;24099;0;467
2020;09;00;NO CLASIFICADO;00;NO CATEGORIZADO;AYACUCHO;050000;335;4651;7452;2,86;3,32;1,23;1,23;0;6021;6021;0;7422;7422;0;278
2020;09;00;NO CLASIFICADO;00;NO CATEGORIZADO;HUÁNUCO;100000;257;4205;6083;20,36;17,49;1,16;1,13;2;27432;26477;955;31925;30012;1913;625
2020;09;01;HOTEL;01;1 ESTRELLA;AYACUCHO;050000;5;130;216;0;0;0;0;0;0;0;0;0;0;0;0
2020;09;01;HOTEL;01;1 ESTRELLA;PUNO;210000;5;131;234;16,28;25,61;2,55;2,55;2;705;703;2;1798;1794;4;18
2020;09;00;NO CLASIFICADO;00;NO CATEGORIZADO;CUSCO;080000;1002;13269;25569;13,65;10,1;1,37;1,34;2,22;56689;55192;1497;77459;74142;3317;2144
2020;09;00;NO CLASIFICADO;00;NO CATEGORIZADO;ICA;110000;435;6604;11544;25,43;17,96;1,47;1,47;1,33;42341;42220;121;62200;62039;161;1098
2020;09;00;NO CLASIFICADO;TT;TODAS CONSOLIDADAS;PIURA;200000;455;6359;11166;19,66;16,56;1,38;1,35;2,55;40315;39415;900;55461;53170;2291;1147
2020;09;01;HOTEL;01;1 ESTRELLA;ICA;110000;4;82;108;0;0;0;0;0;0;0;0;0;0;0;0
2020;09;00;NO CLASIFICADO;00;NO CATEGORIZADO;JUNÍN;120000;576;8872;14260;15,7;11,17;1,33;1,33;1,04;35928;35902;26;47802;47775;27;1425
2020;09;01;HOTEL;01;1 ESTRELLA;JUNÍN;120000;2;124;241;9,84;6,21;1,36;1,36;0;331;331;0;449;449;0;12
2020;09;00;NO CLASIFICADO;00;NO CATEGORIZADO;LAMBAYEQUE;140000;261;3335;4734;21,05;17,89;1,04;1,04;1;24344;23655;689;25408;24719;689;568
2020;09;00;NO CLASIFICADO;00;NO CATEGORIZADO;TUMBES;240000;121;1606;3143;13,42;8,63;1,53;1,56;1,42;5306;4379;927;8135;6816;1319;167
2020;09;01;HOTEL;01;1 ESTRELLA;HUÁNUCO;100000;8;240;357;27,53;22,86;1;1;0;2448;2448;0;2448;2448;0;40
2020;09;00;NO CLASIFICADO;00;NO CATEGORIZADO;LIMA;150000;6107;52659;91394;21,23;20,05;1,09;1,09;1,09;2175980;2145704;30276;2364223;2331282;32941;33385
2020;09;00;NO CLASIFICADO;TT;TODAS CONSOLIDADAS;LIMA;150000;6107;52659;91394;21,23;20,05;1,09;1,09;1,09;2175980;2145704;30276;2364223;2331282;32941;33385
2020;09;01;HOTEL;01;1 ESTRELLA;LIMA;150000;6;235;453;31,43;31,24;1,01;1,01;1;3906;3894;12;3936;3924;12;39
2020;09;00;NO CLASIFICADO;00;NO CATEGORIZADO;LORETO;160000;349;5363;8390;13,08;10,51;1,92;1,92;7,33;13795;13789;6;26454;26410;44;610
2020;09;00;NO CLASIFICADO;00;NO CATEGORIZADO;MADRE DE DIOS;170000;133;2705;4456;28,39;21,83;1,32;1,28;1,98;22079;20815;1264;29177;26670;2507;437
2020;09;01;HOTEL;01;1 ESTRELLA;MADRE DE DIOS;170000;1;20;34;13,5;9,02;1,07;1,07;0;86;86;0;92;92;0;3
2020;09;00;NO CLASIFICADO;00;NO CATEGORIZADO;PIURA;200000;455;6359;11166;19,66;16,56;1,38;1,35;2,55;40315;39415;900;55461;53170;2291;1147
2020;09;01;HOTEL;01;1 ESTRELLA;PIURA;200000;2;53;83;0;0;0;0;0;0;0;0;0;0;0;0
2020;09;00;NO CLASIFICADO;00;NO CATEGORIZADO;TACNA;230000;240;3248;6081;2,99;1,88;1,25;1,26;1;2729;2695;34;3421;3387;34;305
2020;09;00;NO CLASIFICADO;TT;TODAS CONSOLIDADAS;ÁNCASH;020000;333;4741;8402;6,44;6,46;1,33;1,33;0;12289;12289;0;16295;16295;0;657
2020;09;00;NO CLASIFICADO;TT;TODAS CONSOLIDADAS;AYACUCHO;050000;335;4651;7452;2,86;3,32;1,23;1,23;0;6021;6021;0;7422;7422;0;278
2020;09;00;NO CLASIFICADO;TT;TODAS CONSOLIDADAS;HUANCAVELICA;090000;91;1563;2329;14,62;13,28;1,41;1,41;0;6578;6578;0;9276;9276;0;241
2020;09;00;NO CLASIFICADO;TT;TODAS CONSOLIDADAS;LA LIBERTAD;130000;411;5162;8711;7,24;7,19;1,1;1,1;0;17047;17047;0;18786;18786;0;593
2020;09;00;NO CLASIFICADO;TT;TODAS CONSOLIDADAS;LAMBAYEQUE;140000;261;3335;4734;21,05;17,89;1,04;1,04;1;24344;23655;689;25408;24719;689;568
2020;09;00;NO CLASIFICADO;TT;TODAS CONSOLIDADAS;TUMBES;240000;121;1606;3143;13,42;8,63;1,53;1,56;1,42;5306;4379;927;8135;6816;1319;167
2020;09;00;NO CLASIFICADO;TT;TODAS CONSOLIDADAS;AREQUIPA;040000;546;7313;12784;14,03;10,47;1,63;1,67;1,07;24640;23080;1560;40161;38493;1668;1108
2020;09;00;NO CLASIFICADO;TT;TODAS CONSOLIDADAS;CUSCO;080000;1002;13269;25569;13,65;10,1;1,37;1,34;2,22;56689;55192;1497;77459;74142;3317;2144
2020;09;00;NO CLASIFICADO;TT;TODAS CONSOLIDADAS;HUÁNUCO;100000;257;4205;6083;20,36;17,49;1,16;1,13;2;27432;26477;955;31925;30012;1913;625
2020;09;00;NO CLASIFICADO;TT;TODAS CONSOLIDADAS;ICA;110000;435;6604;11544;25,43;17,96;1,47;1,47;1,33;42341;42220;121;62200;62039;161;1098
2020;09;00;NO CLASIFICADO;TT;TODAS CONSOLIDADAS;JUNÍN;120000;576;8872;14260;15,7;11,17;1,33;1,33;1,04;35928;35902;26;47802;47775;27;1425
2020;09;00;NO CLASIFICADO;TT;TODAS CONSOLIDADAS;LORETO;160000;349;5363;8390;13,08;10,51;1,92;1,92;7,33;13795;13789;6;26454;26410;44;610
2020;09;00;NO CLASIFICADO;TT;TODAS CONSOLIDADAS;MADRE DE DIOS;170000;133;2705;4456;28,39;21,83;1,32;1,28;1,98;22079;20815;1264;29177;26670;2507;437
2020;09;00;NO CLASIFICADO;TT;TODAS CONSOLIDADAS;MOQUEGUA;180000;112;1489;2630;10,13;7,09;1,14;1,14;1;4915;4909;6;5595;5589;6;254
2020;09;00;NO CLASIFICADO;TT;TODAS CONSOLIDADAS;TACNA;230000;240;3248;6081;2,99;1,88;1,25;1,26;1;2729;2695;34;3421;3387;34;305
2020;09;01;HOTEL;01;1 ESTRELLA;AREQUIPA;040000;5;178;285;0;0;0;0;0;0;0;0;0;0;0;0
2020;09;01;HOTEL;01;1 ESTRELLA;CAJAMARCA;060000;4;120;193;0;0;0;0;0;0;0;0;0;0;0;0
2020;09;01;HOTEL;01;1 ESTRELLA;LA LIBERTAD;130000;2;46;88;0;0;0;0;0;0;0;0;0;0;0;0
2020;09;01;HOTEL;01;1 ESTRELLA;PASCO;190000;2;72;131;0;0;0;0;0;0;0;0;0;0;0;0
2020;09;01;HOTEL;01;1 ESTRELLA;CUSCO;080000;6;145;272;8,02;4,72;1;1;0;385;385;0;385;385;0;20
2020;09;01;HOTEL;01;1 ESTRELLA;LAMBAYEQUE;140000;4;124;188;0;0;0;0;0;0;0;0;0;0;0;0
2020;09;01;HOTEL;01;1 ESTRELLA;TACNA;230000;2;57;112;1,81;1,4;1,74;1,74;0;27;27;0;47;47;0;5
2020;09;01;HOTEL;02;2 ESTRELLAS;AMAZONAS;010000;30;797;1251;23,91;17,63;1,66;1,66;1,72;3991;3917;74;6615;6488;127;133
2020;09;01;HOTEL;02;2 ESTRELLAS;ÁNCASH;020000;39;1043;1904;26,35;16,08;2,24;1,65;3,43;4098;2745;1353;9183;4536;4647;171
2020;09;01;HOTEL;02;2 ESTRELLAS;APURÍMAC;030000;4;176;304;19,85;17,58;3,96;3,96;0;405;405;0;1603;1603;0;17
2020;09;01;HOTEL;02;2 ESTRELLAS;AREQUIPA;040000;40;1133;1963;19,99;13,48;2,32;2,31;3,41;3422;3405;17;7939;7881;58;195
2020;09;01;HOTEL;02;2 ESTRELLAS;AYACUCHO;050000;8;264;507;36,26;25,39;1,24;1,24;1,28;3104;2971;133;3862;3692;170;39
2020;09;01;HOTEL;02;2 ESTRELLAS;CAJAMARCA;060000;34;975;1513;10,15;6,98;1,18;1,18;0;2689;2689;0;3170;3170;0;154
2020;09;01;HOTEL;02;2 ESTRELLAS;CALLAO;070000;1;24;48;0;0;0;0;0;0;0;0;0;0;0;0
2020;09;01;HOTEL;02;2 ESTRELLAS;CUSCO;080000;41;1053;1850;23,98;13,26;3,2;3,2;3;2298;2297;1;7359;7356;3;166
2020;09;01;HOTEL;02;2 ESTRELLAS;HUANCAVELICA;090000;2;42;73;5,32;4,06;1;1;0;89;89;0;89;89;0;11
2020;09;01;HOTEL;02;2 ESTRELLAS;HUÁNUCO;100000;33;968;1517;7,28;7,07;1,28;1,28;1;2524;2520;4;3219;3215;4;163
2020;09;01;HOTEL;02;2 ESTRELLAS;ICA;110000;49;1337;2304;23,6;17,4;2,48;2,48;1,94;4852;4803;49;12027;11932;95;225
2020;09;01;HOTEL;02;2 ESTRELLAS;LA LIBERTAD;130000;21;589;1073;0;0;0;0;0;0;0;0;0;0;0;0
2020;09;01;HOTEL;02;2 ESTRELLAS;LAMBAYEQUE;140000;67;1894;2856;17,31;14,38;1,43;1,42;1,91;8603;8434;169;12320;11998;322;323
2020;09;01;HOTEL;02;2 ESTRELLAS;LIMA;150000;98;4106;7463;27,77;26,35;1,44;1,43;1,63;46717;46070;648;67051;65992;1059;734
2020;09;01;HOTEL;02;2 ESTRELLAS;LORETO;160000;12;310;508;12,47;9,33;1,87;1,87;1,7;762;739;23;1422;1383;39;51
2020;09;01;HOTEL;02;2 ESTRELLAS;MADRE DE DIOS;170000;1;24;40;20,97;22,42;2,42;2,42;0;111;111;0;269;269;0;4
2020;09;01;HOTEL;02;2 ESTRELLAS;PIURA;200000;19;474;801;19,99;15,71;2,37;2,37;1,8;1593;1588;5;3775;3766;9;88
2020;09;01;HOTEL;02;2 ESTRELLAS;PUNO;210000;25;652;1174;9,27;5,94;1,63;1,54;3,19;1282;1209;73;2093;1860;233;96
2020;09;01;HOTEL;02;2 ESTRELLAS;SAN MARTÍN;220000;21;596;984;10,56;8,61;1,85;1,85;1,4;1378;1368;10;2543;2529;14;98
2020;09;01;HOTEL;02;2 ESTRELLAS;TACNA;230000;34;929;1886;6,68;4;1,4;1,4;1;1623;1620;3;2265;2262;3;154
2020;09;01;HOTEL;02;2 ESTRELLAS;TUMBES;240000;6;180;331;11,63;15,05;3,16;3,16;0;473;473;0;1494;1494;0;33
2020;09;01;HOTEL;02;2 ESTRELLAS;UCAYALI;250000;2;51;81;0;0;0;0;0;0;0;0;0;0;0;0
2020;09;01;HOTEL;03;3 ESTRELLAS;AMAZONAS;010000;16;388;650;36,92;27,16;2,85;2,86;2,77;1857;1775;82;5297;5070;227;63
2020;09;01;HOTEL;03;3 ESTRELLAS;ÁNCASH;020000;34;1156;1975;18,15;11,65;2,07;2,05;3,51;3336;3293;43;6904;6753;151;234
2020;09;01;HOTEL;03;3 ESTRELLAS;APURÍMAC;030000;3;98;172;52,45;39,71;3,61;3,61;3;568;563;5;2049;2034;15;20
2020;09;01;HOTEL;03;3 ESTRELLAS;AYACUCHO;050000;5;189;354;19,75;12,72;4,03;2,64;30,06;335;318;17;1351;840;511;63
2020;09;01;HOTEL;03;3 ESTRELLAS;CAJAMARCA;060000;58;1815;3099;37,42;18,64;4,78;4,78;0;3628;3628;0;17332;17332;0;315
2020;09;01;HOTEL;03;3 ESTRELLAS;CALLAO;070000;3;163;296;20,02;17,45;1,66;1,63;2,38;935;903;32;1550;1474;76;37
2020;09;01;HOTEL;03;3 ESTRELLAS;CUSCO;080000;50;2035;3904;31,35;17,86;5,45;5,45;0;3839;3839;0;20912;20912;0;353
2020;09;01;HOTEL;03;3 ESTRELLAS;HUANCAVELICA;090000;2;65;108;24,77;27,01;2,22;2,22;0;394;394;0;875;875;0;18
2020;09;01;HOTEL;03;3 ESTRELLAS;HUÁNUCO;100000;10;412;744;7,82;6,21;1,46;1,46;1,38;948;935;13;1387;1369;18;82
2020;09;01;HOTEL;03;3 ESTRELLAS;ICA;110000;46;1520;2983;42,63;34,43;3,9;3,91;2,9;7893;7809;84;30807;30563;244;272
2020;09;01;HOTEL;03;3 ESTRELLAS;JUNÍN;120000;18;672;1284;33,35;17,19;3,17;3,18;1,8;2090;2080;10;6622;6604;18;192
2020;09;01;HOTEL;03;3 ESTRELLAS;LA LIBERTAD;130000;83;2391;4610;20,1;13,52;1,63;1,63;1,43;11446;11354;92;18692;18560;132;457
2020;09;01;HOTEL;03;3 ESTRELLAS;LAMBAYEQUE;140000;32;1120;1909;13,38;9,02;1,7;1,7;1,72;3037;2984;53;5166;5075;91;244
2020;09;01;HOTEL;03;3 ESTRELLAS;LIMA;150000;135;6937;12940;30,14;21,11;2,44;2,45;2,12;33628;32007;1621;81958;78523;3435;1371
2020;09;01;HOTEL;03;3 ESTRELLAS;LORETO;160000;25;795;1328;16,03;12,66;2,28;2,27;2,52;2210;2125;85;5044;4830;214;150
2020;09;01;HOTEL;03;3 ESTRELLAS;MADRE DE DIOS;170000;1;58;119;14,6;10,06;2,24;2,25;2;160;158;2;359;355;4;11
2020;09;01;HOTEL;03;3 ESTRELLAS;MOQUEGUA;180000;7;249;455;53,78;29,69;3,18;3,19;1,25;1276;1268;8;4053;4043;10;50
2020;09;01;HOTEL;03;3 ESTRELLAS;PASCO;190000;4;114;220;93,86;50,65;1;1;0;3343;3343;0;3343;3343;0;19
2020;09;01;HOTEL;03;3 ESTRELLAS;PIURA;200000;10;321;531;9,91;8,35;1,38;1,38;2;965;961;4;1330;1322;8;63
2020;09;01;HOTEL;03;3 ESTRELLAS;PUNO;210000;24;792;1441;45,35;26,39;5,04;4,98;7,48;2262;2206;56;11407;10988;419;168
2020;09;01;HOTEL;03;3 ESTRELLAS;SAN MARTÍN;220000;20;683;1185;17,8;12,27;1,43;1,43;1,29;3049;3042;7;4363;4354;9;118
2020;09;01;HOTEL;03;3 ESTRELLAS;TACNA;230000;13;503;1036;22,96;17,02;4,27;4,26;14;1240;1239;1;5291;5277;14;116
2020;09;01;HOTEL;03;3 ESTRELLAS;TUMBES;240000;6;211;413;0;0;0;0;0;0;0;0;0;0;0;0
2020;09;01;HOTEL;03;3 ESTRELLAS;UCAYALI;250000;15;547;923;21,68;17,52;2,27;2,25;3,63;2134;2099;35;4850;4723;127;115
2020;09;01;HOTEL;04;4 ESTRELLAS;AREQUIPA;040000;7;367;721;58,37;29,85;5,17;5,15;11,33;1249;1246;3;6456;6422;34;137
2020;09;01;HOTEL;04;4 ESTRELLAS;CAJAMARCA;060000;1;71;156;68,22;32,31;5,09;5,14;1,25;297;293;4;1512;1507;5;32
2020;09;01;HOTEL;04;4 ESTRELLAS;CALLAO;070000;2;371;632;32,95;20,26;1,97;1,99;1,84;1948;1719;229;3842;3420;422;100
2020;09;01;HOTEL;04;4 ESTRELLAS;CUSCO;080000;4;480;896;9,81;5,42;2,99;2,99;2,91;488;465;23;1458;1391;67;207
2020;09;01;HOTEL;04;4 ESTRELLAS;HUÁNUCO;100000;1;52;90;10,58;7,33;1,47;1,47;0;135;135;0;198;198;0;25
2020;09;01;HOTEL;04;4 ESTRELLAS;ICA;110000;5;460;894;40,63;25,57;6,98;6,99;5,83;982;976;6;6857;6822;35;142
2020;09;01;HOTEL;04;4 ESTRELLAS;JUNÍN;120000;1;40;66;78;47,27;9,85;9,85;0;95;95;0;936;936;0;19
2020;09;01;HOTEL;04;4 ESTRELLAS;LA LIBERTAD;130000;2;134;231;35,3;21,39;3,31;3,35;2,26;448;429;19;1482;1439;43;26
2020;09;01;HOTEL;04;4 ESTRELLAS;LAMBAYEQUE;140000;4;336;546;25,71;19,41;1,77;1,78;1,64;1792;1733;59;3179;3082;97;241
2020;09;01;HOTEL;04;4 ESTRELLAS;LIMA;150000;40;3926;6941;43,44;29,53;4,77;4,9;3,46;12877;11757;1120;61482;57604;3878;1254
2020;09;01;HOTEL;04;4 ESTRELLAS;MOQUEGUA;180000;2;123;232;71,76;44,44;4,44;4,47;1,17;697;691;6;3093;3086;7;20
2020;09;01;HOTEL;04;4 ESTRELLAS;PIURA;200000;2;181;353;15,75;10,49;2,34;2,34;2,25;475;463;12;1111;1084;27;27
2020;09;01;HOTEL;04;4 ESTRELLAS;PUNO;210000;6;373;707;57,63;30,64;8,13;8,05;30;799;796;3;6498;6408;90;112
2020;09;01;HOTEL;04;4 ESTRELLAS;SAN MARTÍN;220000;1;50;108;26,8;12,41;1,4;1,39;2;288;286;2;402;398;4;23
2020;09;01;HOTEL;04;4 ESTRELLAS;TACNA;230000;1;150;300;54,04;27,73;2,92;2,93;1,33;856;850;6;2496;2488;8;18
2020;09;01;HOTEL;04;4 ESTRELLAS;TUMBES;240000;3;156;302;2,71;14,19;6,24;6,24;0;206;206;0;1286;1286;0;23
2020;09;01;HOTEL;04;4 ESTRELLAS;UCAYALI;250000;5;288;506;18,56;15,96;2,4;2,34;4,28;1010;978;32;2423;2286;137;122
2020;09;01;HOTEL;05;5 ESTRELLAS;AREQUIPA;040000;3;241;346;63,17;45,08;3,44;3,47;1,83;1362;1333;29;4679;4626;53;118
2020;09;01;HOTEL;05;5 ESTRELLAS;CUSCO;080000;1;93;188;6,42;3,48;2,8;2,8;0;70;70;0;196;196;0;23
2020;09;01;HOTEL;05;5 ESTRELLAS;ICA;110000;1;124;396;55,43;23,64;3,55;3,56;2,33;792;783;9;2809;2788;21;67
2020;09;01;HOTEL;05;5 ESTRELLAS;LIMA;150000;21;3759;6839;50,95;30,52;4,08;4,12;3,48;15351;14279;1072;62626;58899;3727;2019
2020;09;01;HOTEL;05;5 ESTRELLAS;LORETO;160000;1;60;88;40,83;48,6;1,66;1,63;1,89;771;657;114;1283;1068;215;25
2020;09;01;HOTEL;05;5 ESTRELLAS;PIURA;200000;1;83;166;34,46;21,06;2,57;2,68;1,87;408;353;55;1049;946;103;47
2020;09;01;HOTEL;05;5 ESTRELLAS;PUNO;210000;1;123;235;76,8;79,21;1,93;1,93;0;2893;2893;0;5584;5584;0;83
2020;09;01;HOTEL;05;5 ESTRELLAS;UCAYALI;250000;2;165;306;10;6,99;3,96;3,87;5,75;162;154;8;642;596;46;15
2020;09;01;HOTEL;TT;TODAS CONSOLIDADAS;ÁNCASH;020000;80;2390;4183;20,96;13,18;2,1;1,81;3,44;7891;6495;1396;16544;11746;4798;436
2020;09;01;HOTEL;TT;TODAS CONSOLIDADAS;APURÍMAC;030000;9;354;591;27,41;22,83;2,96;2,96;3;1368;1363;5;4047;4032;15;45
2020;09;01;HOTEL;TT;TODAS CONSOLIDADAS;AREQUIPA;040000;113;3673;6589;31,61;19,66;3,31;3,31;2,59;11749;11654;95;38861;38615;246;851
2020;09;01;HOTEL;TT;TODAS CONSOLIDADAS;AYACUCHO;050000;18;583;1077;22,82;16,13;1,52;1,38;4,54;3439;3289;150;5213;4532;681;102
2020;09;01;HOTEL;TT;TODAS CONSOLIDADAS;CAJAMARCA;060000;97;2981;4961;27,73;14,79;3,33;3,33;1,25;6614;6610;4;22014;22009;5;501
2020;09;01;HOTEL;TT;TODAS CONSOLIDADAS;CALLAO;070000;7;595;1050;29;19,37;1,87;1,87;1,91;4036;3671;365;7549;6852;697;192
2020;09;01;HOTEL;TT;TODAS CONSOLIDADAS;CUSCO;080000;102;3806;7110;25,09;14,21;4,28;4,29;2,92;7080;7056;24;30310;30240;70;769
2020;09;01;HOTEL;TT;TODAS CONSOLIDADAS;HUANCAVELICA;090000;4;107;181;17,13;17,75;2;2;0;483;483;0;964;964;0;29
2020;09;01;HOTEL;TT;TODAS CONSOLIDADAS;HUÁNUCO;100000;52;1672;2708;10,42;8,93;1,2;1,2;1,29;6055;6038;17;7252;7230;22;310
2020;09;01;HOTEL;TT;TODAS CONSOLIDADAS;ICA;110000;105;3523;6685;34,6;26,18;3,62;3,63;2,67;14519;14371;148;52500;52105;395;706
2020;09;01;HOTEL;TT;TODAS CONSOLIDADAS;LA LIBERTAD;130000;109;3280;6242;17,8;11,77;1,77;1,77;1,66;12485;12346;139;22048;21817;231;580
2020;09;01;HOTEL;TT;TODAS CONSOLIDADAS;LIMA;150000;300;18963;34636;37,76;25,81;2,85;2,85;2,81;103811;98680;5131;295519;281100;14419;6231
2020;09;01;HOTEL;TT;TODAS CONSOLIDADAS;LORETO;160000;40;1255;2074;16,12;13,24;2,05;2,05;2,11;4015;3793;222;8240;7772;468;249
2020;09;01;HOTEL;TT;TODAS CONSOLIDADAS;MADRE DE DIOS;170000;3;102;193;15,88;12,44;2,02;2,02;2;357;355;2;720;716;4;18
2020;09;01;HOTEL;TT;TODAS CONSOLIDADAS;MOQUEGUA;180000;23;726;1254;40,45;25,49;3,1;3,19;2;3096;2861;235;9588;9117;471;139
2020;09;01;HOTEL;TT;TODAS CONSOLIDADAS;PIURA;200000;34;1112;1934;16,52;12,52;2,11;2,12;1,93;3441;3365;76;7265;7118;147;225
2020;09;01;HOTEL;TT;TODAS CONSOLIDADAS;SAN MARTÍN;220000;48;1455;2476;13,6;9,84;1,55;1,55;1,42;4715;4696;19;7308;7281;27;239
2020;09;01;HOTEL;TT;TODAS CONSOLIDADAS;TACNA;230000;50;1639;3334;15,84;10,1;2,7;2,7;2,5;3746;3736;10;10099;10074;25;293
2020;09;01;HOTEL;TT;TODAS CONSOLIDADAS;TUMBES;240000;15;547;1046;4,6;8,86;4,09;4,09;0;679;679;0;2780;2780;0;56
2020;09;01;HOTEL;TT;TODAS CONSOLIDADAS;UCAYALI;250000;24;1051;1816;17,94;14,53;2,39;2,35;4,13;3306;3231;75;7915;7605;310;252
2020;09;01;HOTEL;02;2 ESTRELLAS;JUNÍN;120000;20;607;1072;18,85;12,53;1,76;1,76;0;2289;2289;0;4030;4030;0;93
2020;09;01;HOTEL;02;2 ESTRELLAS;MOQUEGUA;180000;13;334;526;21,42;15,48;2,17;2,2;2,05;1123;902;221;2442;1988;454;69
2020;09;01;HOTEL;02;2 ESTRELLAS;PASCO;190000;3;84;127;0;0;0;0;0;0;0;0;0;0;0;0
2020;09;01;HOTEL;05;5 ESTRELLAS;LA LIBERTAD;130000;1;120;240;46,83;26,03;3,17;3,23;2;591;563;28;1874;1818;56;97
2020;09;01;HOTEL;TT;TODAS CONSOLIDADAS;AMAZONAS;010000;47;1205;1944;27,86;20,55;2,02;2,02;2,27;5921;5765;156;11985;11631;354;202
2020;09;01;HOTEL;TT;TODAS CONSOLIDADAS;PASCO;190000;9;270;478;39,63;23,31;1;1;0;3343;3343;0;3343;3343;0;19
2020;09;01;HOTEL;TT;TODAS CONSOLIDADAS;PUNO;210000;61;2071;3791;36,24;24,07;3,45;3,41;5,57;7941;7807;134;27380;26634;746;477
2020;09;01;HOTEL;03;3 ESTRELLAS;AREQUIPA;040000;58;1754;3274;32,38;20,15;3,46;3,47;2,2;5716;5670;46;19787;19686;101;401
2020;09;01;HOTEL;04;4 ESTRELLAS;LORETO;160000;2;90;150;13;10,91;1,81;1,81;0;272;272;0;491;491;0;23
2020;09;01;HOTEL;TT;TODAS CONSOLIDADAS;JUNÍN;120000;41;1443;2663;26,47;15,07;2,51;2,51;1,8;4805;4795;10;12037;12019;18;316
2020;09;01;HOTEL;TT;TODAS CONSOLIDADAS;LAMBAYEQUE;140000;107;3474;5499;16,24;12,53;1,54;1,53;1,81;13432;13151;281;20665;20155;510;808
2020;09;02;APART HOTEL;03;3 ESTRELLAS;ÁNCASH;020000;2;16;52;0;0;0;0;0;0;0;0;0;0;0;0
2020;09;02;APART HOTEL;03;3 ESTRELLAS;AREQUIPA;040000;1;18;36;0;0;0;0;0;0;0;0;0;0;0;0
2020;09;02;APART HOTEL;03;3 ESTRELLAS;ICA;110000;2;27;58;12,72;6,67;1;1;0;116;116;0;116;116;0;6
2020;09;02;APART HOTEL;03;3 ESTRELLAS;LA LIBERTAD;130000;1;11;24;0;0;0;0;0;0;0;0;0;0;0;0
2020;09;02;APART HOTEL;03;3 ESTRELLAS;LORETO;160000;1;45;94;5,7;2,98;2,71;2,71;0;31;31;0;84;84;0;12
2020;09;02;APART HOTEL;03;3 ESTRELLAS;PASCO;190000;1;15;17;0;0;0;0;0;0;0;0;0;0;0;0
2020;09;02;APART HOTEL;03;3 ESTRELLAS;TUMBES;240000;1;6;26;0;0;0;0;0;0;0;0;0;0;0;0
2020;09;02;APART HOTEL;04;4 ESTRELLAS;AREQUIPA;040000;1;19;36;16,49;31,85;4,1;4,1;4;84;83;1;344;340;4;5
2020;09;02;APART HOTEL;04;4 ESTRELLAS;LA LIBERTAD;130000;1;27;57;0;0;0;0;0;0;0;0;0;0;0;0
2020;09;02;APART HOTEL;04;4 ESTRELLAS;LIMA;150000;9;684;1425;30,37;27,57;3,35;3,31;15,45;3523;3512;11;11786;11616;170;271
2020;09;02;APART HOTEL;04;4 ESTRELLAS;SAN MARTÍN;220000;1;20;49;18;10,68;2,28;2,23;3,33;69;66;3;157;147;10;8
2020;09;02;APART HOTEL;TT;TODAS CONSOLIDADAS;ÁNCASH;020000;2;16;52;0;0;0;0;0;0;0;0;0;0;0;0
2020;09;02;APART HOTEL;TT;TODAS CONSOLIDADAS;AREQUIPA;040000;2;37;72;8,47;15,93;4,1;4,1;4;84;83;1;344;340;4;5
2020;09;02;APART HOTEL;TT;TODAS CONSOLIDADAS;ICA;110000;2;27;58;12,72;6,67;1;1;0;116;116;0;116;116;0;6
2020;09;02;APART HOTEL;TT;TODAS CONSOLIDADAS;LA LIBERTAD;130000;2;38;81;0;0;0;0;0;0;0;0;0;0;0;0
2020;09;02;APART HOTEL;TT;TODAS CONSOLIDADAS;LIMA;150000;23;1288;2483;28,69;25,21;3,75;3,61;9,83;5012;4902;110;18777;17696;1081;489
2020;09;02;APART HOTEL;TT;TODAS CONSOLIDADAS;LORETO;160000;1;45;94;5,7;2,98;2,71;2,71;0;31;31;0;84;84;0;12
2020;09;02;APART HOTEL;TT;TODAS CONSOLIDADAS;PASCO;190000;1;15;17;0;0;0;0;0;0;0;0;0;0;0;0
2020;09;02;APART HOTEL;TT;TODAS CONSOLIDADAS;SAN MARTÍN;220000;1;20;49;18;10,68;2,28;2,23;3,33;69;66;3;157;147;10;8
2020;09;02;APART HOTEL;TT;TODAS CONSOLIDADAS;TUMBES;240000;1;6;26;0;0;0;0;0;0;0;0;0;0;0;0
2020;09;03;HOSTAL;01;1 ESTRELLA;AMAZONAS;010000;15;219;316;0;0;0;0;0;0;0;0;0;0;0;0
2020;09;03;HOSTAL;01;1 ESTRELLA;ÁNCASH;020000;37;474;787;28,36;28,34;1,13;1,13;1,17;5927;5532;395;6692;6230;462;80
2020;09;03;HOSTAL;01;1 ESTRELLA;APURÍMAC;030000;1;14;19;0;0;0;0;0;0;0;0;0;0;0;0
2020;09;03;HOSTAL;01;1 ESTRELLA;AYACUCHO;050000;3;83;144;28,59;30,9;3,06;3,06;0;436;436;0;1335;1335;0;14
2020;09;03;HOSTAL;01;1 ESTRELLA;CAJAMARCA;060000;23;403;665;0;0;0;0;0;0;0;0;0;0;0;0
2020;09;03;HOSTAL;01;1 ESTRELLA;CALLAO;070000;9;180;360;18,28;18,26;1;1;1;2169;2159;11;2169;2159;11;32
2020;09;03;HOSTAL;01;1 ESTRELLA;CUSCO;080000;25;365;608;18,24;14,27;1,07;1,07;1,33;2426;2417;9;2602;2590;12;55
2020;09;03;HOSTAL;01;1 ESTRELLA;HUANCAVELICA;090000;2;29;45;45,63;33,7;1;1;0;455;455;0;455;455;0;5
2020;09;03;HOSTAL;01;1 ESTRELLA;HUÁNUCO;100000;14;225;324;62,13;51,47;1,08;1,08;0;4626;4626;0;5003;5003;0;38
2020;09;03;HOSTAL;01;1 ESTRELLA;ICA;110000;11;161;255;0;0;0;0;0;0;0;0;0;0;0;0
2020;09;03;HOSTAL;01;1 ESTRELLA;JUNÍN;120000;8;124;203;23,31;16,54;1,23;1,23;0;819;819;0;1007;1007;0;25
2020;09;03;HOSTAL;01;1 ESTRELLA;LA LIBERTAD;130000;35;493;863;0;0;0;0;0;0;0;0;0;0;0;0
2020;09;03;HOSTAL;01;1 ESTRELLA;LAMBAYEQUE;140000;24;314;439;15,62;12,37;1,05;1,04;1,35;1555;1515;40;1629;1575;54;58
2020;09;03;HOSTAL;01;1 ESTRELLA;MADRE DE DIOS;170000;1;18;33;0;0;0;0;0;0;0;0;0;0;0;0
2020;09;03;HOSTAL;01;1 ESTRELLA;MOQUEGUA;180000;14;205;365;7,97;4,87;1,06;1,06;0;504;504;0;533;533;0;35
2020;09;03;HOSTAL;01;1 ESTRELLA;PIURA;200000;3;69;107;0;0;0;0;0;0;0;0;0;0;0;0
2020;09;03;HOSTAL;01;1 ESTRELLA;PUNO;210000;17;307;534;13,14;10,29;1,06;1,06;1;1561;1399;162;1648;1486;162;47
2020;09;03;HOSTAL;01;1 ESTRELLA;SAN MARTÍN;220000;1;20;33;0;0;0;0;0;0;0;0;0;0;0;0
2020;09;03;HOSTAL;01;1 ESTRELLA;TACNA;230000;8;155;275;1,61;1,28;1;1;1;106;97;9;106;97;9;21
2020;09;03;HOSTAL;02;2 ESTRELLAS;AMAZONAS;010000;56;991;1543;15,02;9,89;1,01;1,01;1;4529;4528;1;4580;4579;1;156
2020;09;03;HOSTAL;02;2 ESTRELLAS;ÁNCASH;020000;111;1795;3053;26,18;24,79;1,05;1,05;1;21641;21592;49;22706;22657;49;300
2020;09;03;HOSTAL;02;2 ESTRELLAS;APURÍMAC;030000;5;99;151;26,26;19,78;1,11;1,11;1;806;794;12;896;884;12;20
2020;09;03;HOSTAL;02;2 ESTRELLAS;AYACUCHO;050000;4;43;82;0;0;0;0;0;0;0;0;0;0;0;0
2020;09;03;HOSTAL;02;2 ESTRELLAS;CAJAMARCA;060000;101;1853;2988;11,48;9,82;1,07;1,07;1;8189;8184;5;8802;8797;5;305
2020;09;03;HOSTAL;02;2 ESTRELLAS;CALLAO;070000;4;120;240;79,64;79,66;1;1;1;6500;6487;13;6500;6487;13;29
2020;09;03;HOSTAL;02;2 ESTRELLAS;CUSCO;080000;60;929;1627;20,45;15,56;1,97;1,96;2,4;3859;3804;55;7596;7464;132;157
2020;09;03;HOSTAL;02;2 ESTRELLAS;HUANCAVELICA;090000;1;10;10;0;0;0;0;0;0;0;0;0;0;0;0
2020;09;03;HOSTAL;02;2 ESTRELLAS;HUÁNUCO;100000;17;230;350;45,36;45,5;1;1;0;4777;4777;0;4777;4777;0;38
2020;09;03;HOSTAL;02;2 ESTRELLAS;ICA;110000;57;871;1462;4,64;7,47;1;1;0;3275;3275;0;3275;3275;0;147
2020;09;03;HOSTAL;02;2 ESTRELLAS;JUNÍN;120000;18;392;730;7,85;6,59;1,1;1,1;0;1314;1314;0;1443;1443;0;63
2020;09;03;HOSTAL;02;2 ESTRELLAS;LORETO;160000;5;76;115;0;0;0;0;0;0;0;0;0;0;0;0
2020;09;03;HOSTAL;02;2 ESTRELLAS;MADRE DE DIOS;170000;1;18;32;0;0;0;0;0;0;0;0;0;0;0;0
2020;09;03;HOSTAL;02;2 ESTRELLAS;MOQUEGUA;180000;28;358;578;26,27;20,98;5,43;5,43;0;670;670;0;3638;3638;0;58
2020;09;03;HOSTAL;02;2 ESTRELLAS;PASCO;190000;11;185;342;1,35;,99;1,5;1,5;0;68;68;0;102;102;0;30
2020;09;03;HOSTAL;02;2 ESTRELLAS;PIURA;200000;28;558;880;21,62;19,44;1,85;1,85;1,87;2767;2692;75;5132;4992;140;111
2020;09;03;HOSTAL;02;2 ESTRELLAS;SAN MARTÍN;220000;17;262;453;27,3;19,7;1,54;1,54;1,2;1743;1738;5;2677;2671;6;45
2020;09;03;HOSTAL;02;2 ESTRELLAS;TACNA;230000;27;434;810;0;0;0;0;0;0;0;0;0;0;0;0
2020;09;03;HOSTAL;02;2 ESTRELLAS;TUMBES;240000;5;64;133;7,4;4,31;1;1;0;172;172;0;172;172;0;13
2020;09;03;HOSTAL;02;2 ESTRELLAS;UCAYALI;250000;2;70;121;17,19;12,53;1,42;1,42;1,67;321;318;3;455;450;5;13
2020;09;03;HOSTAL;03;3 ESTRELLAS;AMAZONAS;010000;5;66;163;27,07;9,2;1;1;0;450;450;0;450;450;0;14
2020;09;03;HOSTAL;03;3 ESTRELLAS;ÁNCASH;020000;19;294;511;0;0;0;0;0;0;0;0;0;0;0;0
2020;09;03;HOSTAL;03;3 ESTRELLAS;APURÍMAC;030000;1;24;43;21,81;12,17;1,85;1,85;0;85;85;0;157;157;0;7
2020;09;03;HOSTAL;03;3 ESTRELLAS;AREQUIPA;040000;36;630;1152;41,96;29,81;3,87;3,87;4,33;2659;2650;9;10303;10264;39;122
2020;09;03;HOSTAL;03;3 ESTRELLAS;AYACUCHO;050000;1;20;44;0;0;0;0;0;0;0;0;0;0;0;0
2020;09;03;HOSTAL;03;3 ESTRELLAS;CAJAMARCA;060000;43;674;1125;34,51;29,73;1,26;1,26;0;7971;7971;0;10035;10035;0;116
2020;09;03;HOSTAL;03;3 ESTRELLAS;CUSCO;080000;20;369;670;8,32;18,46;4,97;4,92;5,85;747;708;39;3710;3482;228;57
2020;09;03;HOSTAL;03;3 ESTRELLAS;HUANCAVELICA;090000;3;59;94;52,32;38,62;4,71;4,71;0;231;231;0;1089;1089;0;7
2020;09;03;HOSTAL;03;3 ESTRELLAS;HUÁNUCO;100000;1;14;24;0;0;0;0;0;0;0;0;0;0;0;0
2020;09;03;HOSTAL;03;3 ESTRELLAS;ICA;110000;31;568;1039;19,19;12,14;1,99;1,99;2,13;1901;1878;23;3785;3736;49;115
2020;09;03;HOSTAL;03;3 ESTRELLAS;JUNÍN;120000;3;60;113;6,5;6,58;1;1;0;223;223;0;223;223;0;10
2020;09;03;HOSTAL;03;3 ESTRELLAS;LA LIBERTAD;130000;64;1053;1925;17,62;11,39;1,69;1,68;2,37;3886;3827;59;6579;6439;140;182
2020;09;03;HOSTAL;03;3 ESTRELLAS;LAMBAYEQUE;140000;29;435;625;22,61;16,18;1,4;1,4;1,49;2163;2102;61;3034;2943;91;96
2020;09;03;HOSTAL;03;3 ESTRELLAS;LIMA;150000;14;298;594;6,67;6,56;1,1;1,1;0;1093;1093;0;1203;1203;0;45
2020;09;03;HOSTAL;03;3 ESTRELLAS;MOQUEGUA;180000;3;41;67;0;0;0;0;0;0;0;0;0;0;0;0
2020;09;03;HOSTAL;03;3 ESTRELLAS;PASCO;190000;1;9;18;0;0;0;0;0;0;0;0;0;0;0;0
2020;09;03;HOSTAL;03;3 ESTRELLAS;PIURA;200000;2;30;58;0;0;0;0;0;0;0;0;0;0;0;0
2020;09;03;HOSTAL;03;3 ESTRELLAS;PUNO;210000;7;145;282;0;0;0;0;0;0;0;0;0;0;0;0
2020;09;03;HOSTAL;03;3 ESTRELLAS;SAN MARTÍN;220000;5;95;174;0;0;0;0;0;0;0;0;0;0;0;0
2020;09;03;HOSTAL;03;3 ESTRELLAS;TACNA;230000;7;125;249;15,49;8,26;5,18;5,18;0;119;119;0;617;617;0;21
2020;09;03;HOSTAL;03;3 ESTRELLAS;TUMBES;240000;5;83;174;7,35;7,87;1,44;1,44;0;286;286;0;411;411;0;15
2020;09;03;HOSTAL;03;3 ESTRELLAS;UCAYALI;250000;2;45;67;2;2,04;2,41;2,41;0;17;17;0;41;41;0;4
2020;09;03;HOSTAL;TT;TODAS CONSOLIDADAS;ÁNCASH;020000;167;2563;4351;23,58;22,52;1,07;1,06;1,15;27568;27124;444;29398;28887;511;380
2020;09;03;HOSTAL;TT;TODAS CONSOLIDADAS;APURÍMAC;030000;7;137;213;22,8;16,48;1,18;1,18;1;891;879;12;1053;1041;12;27
2020;09;03;HOSTAL;TT;TODAS CONSOLIDADAS;AREQUIPA;040000;213;3356;5867;21,06;18,38;1,7;1,71;1,38;19001;18734;267;32350;31981;369;604
2020;09;03;HOSTAL;TT;TODAS CONSOLIDADAS;AYACUCHO;050000;8;146;270;16,26;16,48;3,06;3,06;0;436;436;0;1335;1335;0;14
2020;09;03;HOSTAL;TT;TODAS CONSOLIDADAS;CAJAMARCA;060000;167;2930;4778;15,2;13,14;1,17;1,17;1;16160;16155;5;18837;18832;5;421
2020;09;03;HOSTAL;TT;TODAS CONSOLIDADAS;CALLAO;070000;13;300;600;45,03;45,02;1;1;1;9130;9106;25;9130;9106;25;62
2020;09;03;HOSTAL;TT;TODAS CONSOLIDADAS;CUSCO;080000;105;1663;2905;17,27;15,96;1,98;1,95;3,61;7032;6929;103;13908;13536;372;269
2020;09;03;HOSTAL;TT;TODAS CONSOLIDADAS;HUANCAVELICA;090000;6;98;149;45;34,54;2,25;2,25;0;686;686;0;1544;1544;0;12
2020;09;03;HOSTAL;TT;TODAS CONSOLIDADAS;HUÁNUCO;100000;32;469;698;52,05;46,7;1,04;1,04;0;9403;9403;0;9780;9780;0;76
2020;09;03;HOSTAL;TT;TODAS CONSOLIDADAS;ICA;110000;99;1600;2756;9,34;8,54;1,36;1,36;2,13;5176;5153;23;7060;7011;49;262
2020;09;03;HOSTAL;TT;TODAS CONSOLIDADAS;JUNÍN;120000;29;576;1046;11,04;8,52;1,13;1,13;0;2356;2356;0;2673;2673;0;98
2020;09;02;APART HOTEL;03;3 ESTRELLAS;LIMA;150000;8;206;386;31,49;23;8,76;8,53;9,26;304;208;96;2663;1774;889;41
2020;09;02;APART HOTEL;05;5 ESTRELLAS;LIMA;150000;6;398;672;24,34;21,47;3,65;3,64;7,33;1185;1182;3;4328;4306;22;177
2020;09;03;HOSTAL;01;1 ESTRELLA;LIMA;150000;62;1279;2600;21,17;21,9;1,09;1,09;1,26;17751;17107;644;19395;18581;814;259
2020;09;03;HOSTAL;01;1 ESTRELLA;AREQUIPA;040000;53;748;1177;18,3;17,04;1,32;1,32;1;4555;4531;24;6017;5993;24;124
2020;09;03;HOSTAL;02;2 ESTRELLAS;AREQUIPA;040000;124;1978;3538;15,45;15,1;1,36;1,36;1,31;11787;11553;234;16030;15724;306;358
2020;09;03;HOSTAL;01;1 ESTRELLA;LORETO;160000;5;74;108;,45;,22;1;1;0;7;7;0;7;7;0;12
2020;09;03;HOSTAL;03;3 ESTRELLAS;LORETO;160000;7;124;199;10,05;8,39;2,68;2,68;2;187;186;1;501;499;2;26
2020;09;03;HOSTAL;01;1 ESTRELLA;PASCO;190000;18;289;436;37,99;25,63;1,21;1,21;0;2775;2775;0;3353;3353;0;50
2020;09;03;HOSTAL;02;2 ESTRELLAS;LA LIBERTAD;130000;145;2392;4395;17,84;11,89;1,06;1,06;1;14767;14763;4;15675;15671;4;419
2020;09;03;HOSTAL;02;2 ESTRELLAS;LAMBAYEQUE;140000;152;2256;3162;17,22;13,53;1,14;1,15;1,02;11228;11066;162;12838;12673;165;405
2020;09;03;HOSTAL;02;2 ESTRELLAS;PUNO;210000;35;500;964;55,52;32,54;3,26;3,26;0;2884;2884;0;9410;9410;0;93
2020;09;03;HOSTAL;TT;TODAS CONSOLIDADAS;AMAZONAS;010000;76;1276;2022;13,06;8,29;1,01;1,01;1;4979;4978;1;5030;5029;1;170
2020;09;03;HOSTAL;02;2 ESTRELLAS;LIMA;150000;111;2645;4996;23,02;20,69;1,66;1,63;3,26;28664;28015;649;47704;45591;2113;683
2020;09;03;HOSTAL;TT;TODAS CONSOLIDADAS;LA LIBERTAD;130000;244;3938;7183;15,55;10,33;1,19;1,19;2,29;18653;18590;63;22254;22110;144;601
2020;09;03;HOSTAL;TT;TODAS CONSOLIDADAS;LAMBAYEQUE;140000;205;3005;4226;17,83;13,8;1,17;1,17;1,18;14946;14683;263;17501;17191;310;559
2020;09;03;HOSTAL;TT;TODAS CONSOLIDADAS;LIMA;150000;187;4222;8190;19,76;18,76;1,36;1,34;2,04;43173;41994;1179;58772;56368;2404;899
2020;09;03;HOSTAL;TT;TODAS CONSOLIDADAS;LORETO;160000;17;274;422;4,67;4,01;2,62;2,62;2;194;193;1;508;506;2;38
2020;09;03;HOSTAL;TT;TODAS CONSOLIDADAS;MADRE DE DIOS;170000;2;36;65;0;0;0;0;0;0;0;0;0;0;0;0
2020;09;03;HOSTAL;TT;TODAS CONSOLIDADAS;MOQUEGUA;180000;45;604;1010;18,27;13,77;3,55;3,55;0;1174;1174;0;4171;4171;0;93
2020;09;03;HOSTAL;TT;TODAS CONSOLIDADAS;PASCO;190000;30;483;796;23,25;14,47;1,22;1,22;0;2843;2843;0;3455;3455;0;80
2020;09;03;HOSTAL;TT;TODAS CONSOLIDADAS;PIURA;200000;33;657;1045;18,37;16,37;1,85;1,85;1,87;2767;2692;75;5132;4992;140;111
2020;09;03;HOSTAL;TT;TODAS CONSOLIDADAS;PUNO;210000;59;952;1780;33,4;20,71;2,49;2,54;1;4445;4283;162;11058;10896;162;140
2020;09;03;HOSTAL;TT;TODAS CONSOLIDADAS;SAN MARTÍN;220000;23;377;660;18,97;13,52;1,54;1,54;1,2;1743;1738;5;2677;2671;6;45
2020;09;03;HOSTAL;TT;TODAS CONSOLIDADAS;TACNA;230000;42;714;1334;3,06;1,81;3,21;3,31;1;225;216;9;723;714;9;42
2020;09;03;HOSTAL;TT;TODAS CONSOLIDADAS;TUMBES;240000;10;147;307;7,37;6,33;1,27;1,27;0;458;458;0;583;583;0;28
2020;09;03;HOSTAL;TT;TODAS CONSOLIDADAS;UCAYALI;250000;4;115;188;11,25;8,79;1,47;1,47;1,67;338;335;3;496;491;5;17
2020;09;05;ALBERGUE;12;ALBERGUE;ÁNCASH;020000;5;48;106;0;0;0;0;0;0;0;0;0;0;0;0
2020;09;05;ALBERGUE;12;ALBERGUE;AREQUIPA;040000;2;34;76;0;0;0;0;0;0;0;0;0;0;0;0
2020;09;05;ALBERGUE;12;ALBERGUE;CUSCO;080000;17;253;773;0;0;0;0;0;0;0;0;0;0;0;0
2020;09;05;ALBERGUE;12;ALBERGUE;ICA;110000;2;18;43;8,7;6,43;1,8;1,8;0;46;46;0;83;83;0;5
2020;09;05;ALBERGUE;12;ALBERGUE;LIMA;150000;6;84;227;12,42;5,64;6,86;5,14;8,57;56;28;28;384;144;240;16
2020;09;05;ALBERGUE;12;ALBERGUE;LORETO;160000;47;723;1460;2,1;,86;1,48;1,48;0;254;254;0;376;376;0;146
2020;09;05;ALBERGUE;12;ALBERGUE;MADRE DE DIOS;170000;3;94;229;0;0;0;0;0;0;0;0;0;0;0;0
2020;09;05;ALBERGUE;12;ALBERGUE;PASCO;190000;8;160;411;2,38;1,52;1,57;1,57;0;120;120;0;188;188;0;24
2020;09;05;ALBERGUE;12;ALBERGUE;PUNO;210000;1;13;35;0;0;0;0;0;0;0;0;0;0;0;0
2020;09;05;ALBERGUE;12;ALBERGUE;SAN MARTÍN;220000;7;87;197;0;0;0;0;0;0;0;0;0;0;0;0
2020;09;05;ALBERGUE;12;ALBERGUE;UCAYALI;250000;2;31;87;1,51;,84;1,57;1,58;1,5;14;12;2;22;19;3;5
2020;09;05;ALBERGUE;TT;TODAS CONSOLIDADAS;ÁNCASH;020000;5;48;106;0;0;0;0;0;0;0;0;0;0;0;0
2020;09;05;ALBERGUE;TT;TODAS CONSOLIDADAS;CUSCO;080000;17;253;773;0;0;0;0;0;0;0;0;0;0;0;0
2020;09;05;ALBERGUE;TT;TODAS CONSOLIDADAS;ICA;110000;2;18;43;8,7;6,43;1,8;1,8;0;46;46;0;83;83;0;5
2020;09;05;ALBERGUE;TT;TODAS CONSOLIDADAS;JUNÍN;120000;1;32;104;6,35;3,4;1,31;1,31;0;81;81;0;106;106;0;12
2020;09;05;ALBERGUE;TT;TODAS CONSOLIDADAS;LIMA;150000;6;84;227;12,42;5,64;6,86;5,14;8,57;56;28;28;384;144;240;16
2020;09;05;ALBERGUE;TT;TODAS CONSOLIDADAS;LORETO;160000;47;723;1460;2,1;,86;1,48;1,48;0;254;254;0;376;376;0;146
2020;09;05;ALBERGUE;TT;TODAS CONSOLIDADAS;MADRE DE DIOS;170000;3;94;229;0;0;0;0;0;0;0;0;0;0;0;0
2020;09;05;ALBERGUE;TT;TODAS CONSOLIDADAS;PASCO;190000;8;160;411;2,38;1,52;1,57;1,57;0;120;120;0;188;188;0;24
2020;09;05;ALBERGUE;TT;TODAS CONSOLIDADAS;PUNO;210000;1;13;35;0;0;0;0;0;0;0;0;0;0;0;0
2020;09;05;ALBERGUE;TT;TODAS CONSOLIDADAS;SAN MARTÍN;220000;7;87;197;0;0;0;0;0;0;0;0;0;0;0;0
2020;09;05;ALBERGUE;TT;TODAS CONSOLIDADAS;UCAYALI;250000;2;31;87;1,51;,84;1,57;1,58;1,5;14;12;2;22;19;3;5
2020;09;14;RESORT;03;3 ESTRELLAS;ICA;110000;1;51;86;0;0;0;0;0;0;0;0;0;0;0;0
2020;09;14;RESORT;05;5 ESTRELLAS;ICA;110000;2;235;490;52,52;31,1;4,38;4,43;3;1045;1005;40;4572;4452;120;278
2020;09;14;RESORT;TT;TODAS CONSOLIDADAS;ICA;110000;3;286;576;43,16;26,46;4,38;4,43;3;1045;1005;40;4572;4452;120;278
2020;09;16;ECOLODGE;13;ECOLODGE;AREQUIPA;040000;1;13;28;0;0;0;0;0;0;0;0;0;0;0;0
2020;09;16;ECOLODGE;13;ECOLODGE;SAN MARTÍN;220000;1;12;24;0;0;0;0;0;0;0;0;0;0;0;0
2020;09;16;ECOLODGE;TT;TODAS CONSOLIDADAS;AREQUIPA;040000;1;13;28;0;0;0;0;0;0;0;0;0;0;0;0
2020;09;16;ECOLODGE;TT;TODAS CONSOLIDADAS;SAN MARTÍN;220000;1;12;24;0;0;0;0;0;0;0;0;0;0;0;0
2020;09;TT;TODAS CONSOLIDADAS;00;NO CATEGORIZADO;APURÍMAC;030000;129;2361;3560;18,19;13,86;1,24;1,24;1,27;11936;11910;26;14800;14767;33;418
2020;09;TT;TODAS CONSOLIDADAS;00;NO CATEGORIZADO;AREQUIPA;040000;546;7313;12784;14,03;10,47;1,63;1,67;1,07;24640;23080;1560;40161;38493;1668;1108
2020;09;TT;TODAS CONSOLIDADAS;00;NO CATEGORIZADO;CALLAO;070000;255;3584;6632;27,2;26,25;1;1;1,05;94244;94088;156;94591;94428;163;978
2020;09;TT;TODAS CONSOLIDADAS;00;NO CATEGORIZADO;CUSCO;080000;1002;13269;25569;13,65;10,1;1,37;1,34;2,22;56689;55192;1497;77459;74142;3317;2144
2020;09;TT;TODAS CONSOLIDADAS;00;NO CATEGORIZADO;ICA;110000;435;6604;11544;25,43;17,96;1,47;1,47;1,33;42341;42220;121;62200;62039;161;1098
2020;09;TT;TODAS CONSOLIDADAS;00;NO CATEGORIZADO;LIMA;150000;6107;52659;91394;21,23;20,05;1,09;1,09;1,09;2175980;2145704;30276;2364223;2331282;32941;33385
2020;09;TT;TODAS CONSOLIDADAS;00;NO CATEGORIZADO;MADRE DE DIOS;170000;133;2705;4456;28,39;21,83;1,32;1,28;1,98;22079;20815;1264;29177;26670;2507;437
2020;09;TT;TODAS CONSOLIDADAS;00;NO CATEGORIZADO;MOQUEGUA;180000;112;1489;2630;10,13;7,09;1,14;1,14;1;4915;4909;6;5595;5589;6;254
2020;09;TT;TODAS CONSOLIDADAS;00;NO CATEGORIZADO;PIURA;200000;455;6359;11166;19,66;16,56;1,38;1,35;2,55;40315;39415;900;55461;53170;2291;1147
2020;09;TT;TODAS CONSOLIDADAS;00;NO CATEGORIZADO;PUNO;210000;381;4959;8692;26,87;20,78;1,49;1,49;1,53;36259;36126;133;54195;53992;203;850
2020;09;TT;TODAS CONSOLIDADAS;00;NO CATEGORIZADO;TACNA;230000;240;3248;6081;2,99;1,88;1,25;1,26;1;2729;2695;34;3421;3387;34;305
2020;09;TT;TODAS CONSOLIDADAS;01;1 ESTRELLA;ÁNCASH;020000;44;665;1091;22,66;21,84;1,12;1,12;1,17;6384;5989;395;7149;6687;462;111
2020;09;05;ALBERGUE;12;ALBERGUE;JUNÍN;120000;1;32;104;6,35;3,4;1,31;1,31;0;81;81;0;106;106;0;12
2020;09;TT;TODAS CONSOLIDADAS;00;NO CATEGORIZADO;JUNÍN;120000;576;8872;14260;15,7;11,17;1,33;1,33;1,04;35928;35902;26;47802;47775;27;1425
2020;09;05;ALBERGUE;TT;TODAS CONSOLIDADAS;AREQUIPA;040000;2;34;76;0;0;0;0;0;0;0;0;0;0;0;0
2020;09;TT;TODAS CONSOLIDADAS;00;NO CATEGORIZADO;AMAZONAS;010000;21;376;623;15,1;10,39;1,04;1,04;0;1861;1861;0;1942;1942;0;59
2020;09;TT;TODAS CONSOLIDADAS;00;NO CATEGORIZADO;ÁNCASH;020000;333;4741;8402;6,44;6,46;1,33;1,33;0;12289;12289;0;16295;16295;0;657
2020;09;TT;TODAS CONSOLIDADAS;00;NO CATEGORIZADO;AYACUCHO;050000;335;4651;7452;2,86;3,32;1,23;1,23;0;6021;6021;0;7422;7422;0;278
2020;09;TT;TODAS CONSOLIDADAS;00;NO CATEGORIZADO;CAJAMARCA;060000;326;4759;7454;22,45;20,21;1,19;1,19;1;38071;38009;62;45184;45122;62;736
2020;09;TT;TODAS CONSOLIDADAS;00;NO CATEGORIZADO;LAMBAYEQUE;140000;261;3335;4734;21,05;17,89;1,04;1,04;1;24344;23655;689;25408;24719;689;568
2020;09;TT;TODAS CONSOLIDADAS;00;NO CATEGORIZADO;TUMBES;240000;121;1606;3143;13,42;8,63;1,53;1,56;1,42;5306;4379;927;8135;6816;1319;167
2020;09;TT;TODAS CONSOLIDADAS;00;NO CATEGORIZADO;HUANCAVELICA;090000;91;1563;2329;14,62;13,28;1,41;1,41;0;6578;6578;0;9276;9276;0;241
2020;09;TT;TODAS CONSOLIDADAS;00;NO CATEGORIZADO;SAN MARTÍN;220000;465;7354;11556;17,42;14,28;1,39;1,39;1,05;35634;35453;181;49491;49301;190;1193
2020;09;TT;TODAS CONSOLIDADAS;00;NO CATEGORIZADO;HUÁNUCO;100000;257;4205;6083;20,36;17,49;1,16;1,13;2;27432;26477;955;31925;30012;1913;625
2020;09;TT;TODAS CONSOLIDADAS;00;NO CATEGORIZADO;PASCO;190000;210;3105;4678;17,6;17,17;1,43;1,43;0;16849;16849;0;24099;24099;0;467
2020;09;TT;TODAS CONSOLIDADAS;00;NO CATEGORIZADO;UCAYALI;250000;217;3967;5937;24,02;21,75;1,83;1,82;2,2;21218;20677;541;38733;37541;1192;669
2020;09;TT;TODAS CONSOLIDADAS;01;1 ESTRELLA;AMAZONAS;010000;16;239;359;,77;,68;1;1;0;73;73;0;73;73;0;6
2020;09;TT;TODAS CONSOLIDADAS;00;NO CATEGORIZADO;LA LIBERTAD;130000;411;5162;8711;7,24;7,19;1,1;1,1;0;17047;17047;0;18786;18786;0;593
2020;09;TT;TODAS CONSOLIDADAS;00;NO CATEGORIZADO;LORETO;160000;349;5363;8390;13,08;10,51;1,92;1,92;7,33;13795;13789;6;26454;26410;44;610
2020;09;TT;TODAS CONSOLIDADAS;01;1 ESTRELLA;APURÍMAC;030000;3;94;134;11,38;9,83;1;1;0;395;395;0;395;395;0;8
2020;09;TT;TODAS CONSOLIDADAS;01;1 ESTRELLA;AREQUIPA;040000;58;926;1462;14,78;13,72;1,32;1,32;1;4555;4531;24;6017;5993;24;124
2020;09;TT;TODAS CONSOLIDADAS;01;1 ESTRELLA;CAJAMARCA;060000;27;523;858;0;0;0;0;0;0;0;0;0;0;0;0
2020;09;TT;TODAS CONSOLIDADAS;01;1 ESTRELLA;CALLAO;070000;10;217;434;18,28;18,26;1;1;1;2410;2398;12;2410;2398;12;35
2020;09;TT;TODAS CONSOLIDADAS;01;1 ESTRELLA;CUSCO;080000;31;510;880;15,33;11,31;1,06;1,06;1,33;2811;2802;9;2987;2975;12;75
2020;09;TT;TODAS CONSOLIDADAS;01;1 ESTRELLA;HUANCAVELICA;090000;2;29;45;45,63;33,7;1;1;0;455;455;0;455;455;0;5
2020;09;TT;TODAS CONSOLIDADAS;01;1 ESTRELLA;HUÁNUCO;100000;22;465;681;44,27;36,47;1,05;1,05;0;7074;7074;0;7451;7451;0;78
2020;09;TT;TODAS CONSOLIDADAS;01;1 ESTRELLA;ICA;110000;15;243;363;0;0;0;0;0;0;0;0;0;0;0;0
2020;09;TT;TODAS CONSOLIDADAS;01;1 ESTRELLA;JUNÍN;120000;10;248;444;16,57;10,93;1,27;1,27;0;1150;1150;0;1456;1456;0;37
2020;09;TT;TODAS CONSOLIDADAS;01;1 ESTRELLA;LA LIBERTAD;130000;37;539;951;0;0;0;0;0;0;0;0;0;0;0;0
2020;09;TT;TODAS CONSOLIDADAS;01;1 ESTRELLA;LAMBAYEQUE;140000;28;438;627;11,19;8,66;1,05;1,04;1,35;1555;1515;40;1629;1575;54;58
2020;09;TT;TODAS CONSOLIDADAS;01;1 ESTRELLA;LIMA;150000;68;1514;3053;22,3;22,96;1,08;1,07;1,26;21453;20792;661;23139;22307;832;296
2020;09;TT;TODAS CONSOLIDADAS;01;1 ESTRELLA;LORETO;160000;5;74;108;,45;,22;1;1;0;7;7;0;7;7;0;12
2020;09;TT;TODAS CONSOLIDADAS;01;1 ESTRELLA;MADRE DE DIOS;170000;2;38;67;7,11;4,58;1,07;1,07;0;86;86;0;92;92;0;3
2020;09;TT;TODAS CONSOLIDADAS;01;1 ESTRELLA;MOQUEGUA;180000;15;225;406;7,26;4,38;1,06;1,06;0;504;504;0;533;533;0;35
2020;09;TT;TODAS CONSOLIDADAS;01;1 ESTRELLA;PASCO;190000;20;361;567;30,42;19,71;1,21;1,21;0;2775;2775;0;3353;3353;0;50
2020;09;TT;TODAS CONSOLIDADAS;01;1 ESTRELLA;PIURA;200000;5;122;190;0;0;0;0;0;0;0;0;0;0;0;0
2020;09;TT;TODAS CONSOLIDADAS;01;1 ESTRELLA;PUNO;210000;22;438;768;14,08;14,96;1,52;1,56;1,01;2266;2102;164;3446;3280;166;65
2020;09;TT;TODAS CONSOLIDADAS;01;1 ESTRELLA;TACNA;230000;10;212;387;1,67;1,32;1,15;1,16;1;133;124;9;153;144;9;26
2020;09;TT;TODAS CONSOLIDADAS;02;2 ESTRELLAS;AMAZONAS;010000;86;1788;2794;18,98;13,36;1,31;1,31;1,71;8520;8445;75;11195;11067;128;289
2020;09;TT;TODAS CONSOLIDADAS;02;2 ESTRELLAS;ÁNCASH;020000;150;2838;4957;26,25;21,44;1,24;1,12;3,35;25739;24337;1402;31889;27193;4696;471
2020;09;TT;TODAS CONSOLIDADAS;01;1 ESTRELLA;AYACUCHO;050000;8;213;360;11,14;12,36;3,06;3,06;0;436;436;0;1335;1335;0;14
2020;09;TT;TODAS CONSOLIDADAS;01;1 ESTRELLA;SAN MARTÍN;220000;7;146;232;0;0;0;0;0;0;0;0;0;0;0;0
2020;09;TT;TODAS CONSOLIDADAS;02;2 ESTRELLAS;APURÍMAC;030000;9;275;455;22,16;18,31;2,06;2,07;1;1211;1199;12;2499;2487;12;37
2020;09;TT;TODAS CONSOLIDADAS;02;2 ESTRELLAS;AREQUIPA;040000;164;3111;5501;17,1;14,52;1,58;1,58;1,45;15209;14958;251;23969;23605;364;553
2020;09;TT;TODAS CONSOLIDADAS;02;2 ESTRELLAS;AYACUCHO;050000;12;307;589;31,18;21,86;1,24;1,24;1,28;3104;2971;133;3862;3692;170;39
2020;09;TT;TODAS CONSOLIDADAS;02;2 ESTRELLAS;CAJAMARCA;060000;135;2828;4501;11,02;8,87;1,1;1,1;1;10878;10873;5;11972;11967;5;459
2020;09;TT;TODAS CONSOLIDADAS;02;2 ESTRELLAS;CALLAO;070000;5;144;288;79,64;79,66;1;1;1;8125;8108;17;8125;8108;17;37
2020;09;TT;TODAS CONSOLIDADAS;02;2 ESTRELLAS;CUSCO;080000;101;1982;3477;22,32;14,34;2,43;2,43;2,41;6157;6101;56;14955;14820;135;323
2020;09;TT;TODAS CONSOLIDADAS;02;2 ESTRELLAS;HUANCAVELICA;090000;3;52;83;4,29;3,57;1;1;0;89;89;0;89;89;0;11
2020;09;TT;TODAS CONSOLIDADAS;02;2 ESTRELLAS;HUÁNUCO;100000;50;1198;1867;14,59;14,28;1,1;1,1;1;7301;7297;4;7996;7992;4;201
2020;09;TT;TODAS CONSOLIDADAS;02;2 ESTRELLAS;ICA;110000;106;2208;3766;16,12;13,54;1,88;1,88;1,94;8127;8078;49;15302;15207;95;372
2020;09;TT;TODAS CONSOLIDADAS;02;2 ESTRELLAS;LA LIBERTAD;130000;166;2981;5468;14,32;9,56;1,06;1,06;1;14767;14763;4;15675;15671;4;419
2020;09;TT;TODAS CONSOLIDADAS;02;2 ESTRELLAS;LAMBAYEQUE;140000;219;4150;6018;17,26;13,93;1,27;1,27;1,47;19831;19500;331;25158;24671;487;728
2020;09;TT;TODAS CONSOLIDADAS;02;2 ESTRELLAS;LIMA;150000;209;6751;12459;26,22;24,45;1,49;1,48;2,22;81912;80593;1320;122362;119436;2926;1457
2020;09;TT;TODAS CONSOLIDADAS;02;2 ESTRELLAS;LORETO;160000;17;386;623;10,02;7,61;1,87;1,87;1,7;762;739;23;1422;1383;39;51
2020;09;TT;TODAS CONSOLIDADAS;02;2 ESTRELLAS;MADRE DE DIOS;170000;2;42;72;11,98;12,45;2,42;2,42;0;111;111;0;269;269;0;4
2020;09;TT;TODAS CONSOLIDADAS;02;2 ESTRELLAS;MOQUEGUA;180000;41;692;1104;23,93;18,36;3,39;3,58;2,05;1793;1572;221;6080;5626;454;127
2020;09;TT;TODAS CONSOLIDADAS;02;2 ESTRELLAS;PASCO;190000;14;269;469;,93;,72;1,5;1,5;0;68;68;0;102;102;0;30
2020;09;TT;TODAS CONSOLIDADAS;02;2 ESTRELLAS;PIURA;200000;47;1032;1681;20,88;17,66;2,04;2,05;1,86;4360;4280;80;8907;8758;149;199
2020;09;TT;TODAS CONSOLIDADAS;02;2 ESTRELLAS;PUNO;210000;60;1152;2138;29,35;17,93;2,76;2,75;3,19;4166;4093;73;11503;11270;233;189
2020;09;TT;TODAS CONSOLIDADAS;02;2 ESTRELLAS;SAN MARTÍN;220000;38;858;1437;15,67;12,11;1,67;1,67;1,33;3121;3106;15;5220;5200;20;143
2020;09;TT;TODAS CONSOLIDADAS;02;2 ESTRELLAS;TACNA;230000;61;1363;2696;4,55;2,8;1,4;1,4;1;1623;1620;3;2265;2262;3;154
2020;09;TT;TODAS CONSOLIDADAS;02;2 ESTRELLAS;TUMBES;240000;11;244;464;10,52;11,97;2,58;2,58;0;645;645;0;1666;1666;0;46
2020;09;TT;TODAS CONSOLIDADAS;03;3 ESTRELLAS;AMAZONAS;010000;21;454;813;35,48;23,56;2,49;2,48;2,77;2307;2225;82;5747;5520;227;77
2020;09;TT;TODAS CONSOLIDADAS;03;3 ESTRELLAS;ÁNCASH;020000;55;1466;2538;14,32;9,07;2,07;2,05;3,51;3336;3293;43;6904;6753;151;234
2020;09;TT;TODAS CONSOLIDADAS;03;3 ESTRELLAS;APURÍMAC;030000;4;122;215;46,42;34,2;3,38;3,38;3;653;648;5;2206;2191;15;27
2020;09;TT;TODAS CONSOLIDADAS;03;3 ESTRELLAS;AREQUIPA;040000;95;2402;4462;34,65;22,48;3,59;3,6;2,55;8375;8320;55;30090;29950;140;523
2020;09;TT;TODAS CONSOLIDADAS;03;3 ESTRELLAS;AYACUCHO;050000;6;209;398;17,86;11,31;4,03;2,64;30,06;335;318;17;1351;840;511;63
2020;09;TT;TODAS CONSOLIDADAS;03;3 ESTRELLAS;CAJAMARCA;060000;101;2489;4224;36,63;21,6;2,36;2,36;0;11599;11599;0;27367;27367;0;431
2020;09;TT;TODAS CONSOLIDADAS;03;3 ESTRELLAS;CALLAO;070000;3;163;296;20,02;17,45;1,66;1,63;2,38;935;903;32;1550;1474;76;37
2020;09;TT;TODAS CONSOLIDADAS;03;3 ESTRELLAS;CUSCO;080000;70;2404;4574;27,81;17,94;5,37;5,36;5,85;4586;4547;39;24622;24394;228;410
2020;09;TT;TODAS CONSOLIDADAS;03;3 ESTRELLAS;HUANCAVELICA;090000;5;124;202;37,88;32,41;3,14;3,14;0;625;625;0;1964;1964;0;25
2020;09;TT;TODAS CONSOLIDADAS;03;3 ESTRELLAS;HUÁNUCO;100000;11;426;768;7,56;6,02;1,46;1,46;1,38;948;935;13;1387;1369;18;82
2020;09;TT;TODAS CONSOLIDADAS;03;3 ESTRELLAS;ICA;110000;80;2166;4166;35,1;27,77;3,5;3,51;2,74;9910;9803;107;34708;34415;293;393
2020;09;TT;TODAS CONSOLIDADAS;03;3 ESTRELLAS;JUNÍN;120000;21;732;1397;31,15;16,33;2,96;2,96;1,8;2313;2303;10;6845;6827;18;202
2020;09;TT;TODAS CONSOLIDADAS;03;3 ESTRELLAS;LA LIBERTAD;130000;148;3455;6559;19,28;12,84;1,65;1,65;1,8;15332;15181;151;25271;24999;272;639
2020;09;TT;TODAS CONSOLIDADAS;03;3 ESTRELLAS;LAMBAYEQUE;140000;61;1555;2534;15,97;10,79;1,58;1,58;1,6;5200;5086;114;8200;8018;182;340
2020;09;TT;TODAS CONSOLIDADAS;03;3 ESTRELLAS;LIMA;150000;157;7441;13920;29,28;20,57;2,45;2,45;2,52;35171;33443;1728;86288;81936;4352;1463
2020;09;TT;TODAS CONSOLIDADAS;03;3 ESTRELLAS;LORETO;160000;33;964;1621;14,78;11,58;2,32;2,31;2,51;2428;2342;86;5629;5413;216;188
2020;09;TT;TODAS CONSOLIDADAS;03;3 ESTRELLAS;MADRE DE DIOS;170000;1;58;119;14,6;10,06;2,24;2,25;2;160;158;2;359;355;4;11
2020;09;TT;TODAS CONSOLIDADAS;03;3 ESTRELLAS;PASCO;190000;6;138;255;77,54;43,7;1;1;0;3343;3343;0;3343;3343;0;19
2020;09;TT;TODAS CONSOLIDADAS;03;3 ESTRELLAS;PIURA;200000;12;351;589;9,06;7,53;1,38;1,38;2;965;961;4;1330;1322;8;63
2020;09;TT;TODAS CONSOLIDADAS;03;3 ESTRELLAS;SAN MARTÍN;220000;25;778;1359;15,63;10,7;1,43;1,43;1,29;3049;3042;7;4363;4354;9;118
2020;09;TT;TODAS CONSOLIDADAS;03;3 ESTRELLAS;TACNA;230000;20;628;1285;21,47;15,33;4,35;4,34;14;1359;1358;1;5908;5894;14;137
2020;09;TT;TODAS CONSOLIDADAS;03;3 ESTRELLAS;TUMBES;240000;12;300;613;2,03;2,23;1,44;1,44;0;286;286;0;411;411;0;15
2020;09;TT;TODAS CONSOLIDADAS;03;3 ESTRELLAS;UCAYALI;250000;17;592;990;20,18;16,47;2,27;2,25;3,63;2151;2116;35;4891;4764;127;119
2020;09;TT;TODAS CONSOLIDADAS;04;4 ESTRELLAS;AREQUIPA;040000;8;386;757;56,3;29,94;5,1;5,09;9,5;1333;1329;4;6800;6762;38;142
2020;09;TT;TODAS CONSOLIDADAS;04;4 ESTRELLAS;CALLAO;070000;2;371;632;32,95;20,26;1,97;1,99;1,84;1948;1719;229;3842;3420;422;100
2020;09;TT;TODAS CONSOLIDADAS;04;4 ESTRELLAS;CUSCO;080000;4;480;896;9,81;5,42;2,99;2,99;2,91;488;465;23;1458;1391;67;207
2020;09;TT;TODAS CONSOLIDADAS;04;4 ESTRELLAS;HUÁNUCO;100000;1;52;90;10,58;7,33;1,47;1,47;0;135;135;0;198;198;0;25
2020;09;TT;TODAS CONSOLIDADAS;04;4 ESTRELLAS;ICA;110000;5;460;894;40,63;25,57;6,98;6,99;5,83;982;976;6;6857;6822;35;142
2020;09;TT;TODAS CONSOLIDADAS;04;4 ESTRELLAS;JUNÍN;120000;1;40;66;78;47,27;9,85;9,85;0;95;95;0;936;936;0;19
2020;09;TT;TODAS CONSOLIDADAS;04;4 ESTRELLAS;LA LIBERTAD;130000;3;161;288;29,38;17,15;3,31;3,35;2,26;448;429;19;1482;1439;43;26
2020;09;TT;TODAS CONSOLIDADAS;04;4 ESTRELLAS;LIMA;150000;49;4610;8366;41,5;29,19;4,47;4,53;3,58;16400;15269;1131;73268;69220;4048;1525
2020;09;TT;TODAS CONSOLIDADAS;04;4 ESTRELLAS;LORETO;160000;2;90;150;13;10,91;1,81;1,81;0;272;272;0;491;491;0;23
2020;09;TT;TODAS CONSOLIDADAS;04;4 ESTRELLAS;PIURA;200000;2;181;353;15,75;10,49;2,34;2,34;2,25;475;463;12;1111;1084;27;27
2020;09;TT;TODAS CONSOLIDADAS;04;4 ESTRELLAS;SAN MARTÍN;220000;2;70;157;24,29;11,87;1,57;1,55;2,8;357;352;5;559;545;14;31
2020;09;TT;TODAS CONSOLIDADAS;04;4 ESTRELLAS;TACNA;230000;1;150;300;54,04;27,73;2,92;2,93;1,33;856;850;6;2496;2488;8;18
2020;09;TT;TODAS CONSOLIDADAS;04;4 ESTRELLAS;TUMBES;240000;3;156;302;2,71;14,19;6,24;6,24;0;206;206;0;1286;1286;0;23
2020;09;TT;TODAS CONSOLIDADAS;05;5 ESTRELLAS;AREQUIPA;040000;3;241;346;63,17;45,08;3,44;3,47;1,83;1362;1333;29;4679;4626;53;118
2020;09;TT;TODAS CONSOLIDADAS;05;5 ESTRELLAS;CUSCO;080000;1;93;188;6,42;3,48;2,8;2,8;0;70;70;0;196;196;0;23
2020;09;TT;TODAS CONSOLIDADAS;05;5 ESTRELLAS;ICA;110000;3;359;886;53,53;27,77;4,02;4,05;2,88;1837;1788;49;7381;7240;141;345
2020;09;TT;TODAS CONSOLIDADAS;05;5 ESTRELLAS;LA LIBERTAD;130000;1;120;240;46,83;26,03;3,17;3,23;2;591;563;28;1874;1818;56;97
2020;09;TT;TODAS CONSOLIDADAS;05;5 ESTRELLAS;LIMA;150000;27;4157;7511;48,4;29,71;4,05;4,09;3,49;16536;15461;1075;66954;63205;3749;2196
2020;09;TT;TODAS CONSOLIDADAS;05;5 ESTRELLAS;LORETO;160000;1;60;88;40,83;48,6;1,66;1,63;1,89;771;657;114;1283;1068;215;25
2020;09;TT;TODAS CONSOLIDADAS;05;5 ESTRELLAS;PIURA;200000;1;83;166;34,46;21,06;2,57;2,68;1,87;408;353;55;1049;946;103;47
2020;09;TT;TODAS CONSOLIDADAS;05;5 ESTRELLAS;PUNO;210000;1;123;235;76,8;79,21;1,93;1,93;0;2893;2893;0;5584;5584;0;83
2020;09;TT;TODAS CONSOLIDADAS;05;5 ESTRELLAS;UCAYALI;250000;2;165;306;10;6,99;3,96;3,87;5,75;162;154;8;642;596;46;15
2020;09;TT;TODAS CONSOLIDADAS;02;2 ESTRELLAS;JUNÍN;120000;38;999;1802;14,53;10,12;1,52;1,52;0;3603;3603;0;5473;5473;0;156
2020;09;TT;TODAS CONSOLIDADAS;02;2 ESTRELLAS;UCAYALI;250000;4;121;202;9,94;7,51;1,42;1,42;1,67;321;318;3;455;450;5;13
2020;09;TT;TODAS CONSOLIDADAS;04;4 ESTRELLAS;CAJAMARCA;060000;1;71;156;68,22;32,31;5,09;5,14;1,25;297;293;4;1512;1507;5;32
2020;09;TT;TODAS CONSOLIDADAS;03;3 ESTRELLAS;MOQUEGUA;180000;10;290;522;46,17;25,88;3,18;3,19;1,25;1276;1268;8;4053;4043;10;50
2020;09;TT;TODAS CONSOLIDADAS;04;4 ESTRELLAS;MOQUEGUA;180000;2;123;232;71,76;44,44;4,44;4,47;1,17;697;691;6;3093;3086;7;20
2020;09;TT;TODAS CONSOLIDADAS;03;3 ESTRELLAS;PUNO;210000;31;937;1723;38,34;22,07;5,04;4,98;7,48;2262;2206;56;11407;10988;419;168
2020;09;TT;TODAS CONSOLIDADAS;04;4 ESTRELLAS;LAMBAYEQUE;140000;4;336;546;25,71;19,41;1,77;1,78;1,64;1792;1733;59;3179;3082;97;241
2020;09;TT;TODAS CONSOLIDADAS;04;4 ESTRELLAS;PUNO;210000;6;373;707;57,63;30,64;8,13;8,05;30;799;796;3;6498;6408;90;112
2020;09;TT;TODAS CONSOLIDADAS;04;4 ESTRELLAS;UCAYALI;250000;5;288;506;18,56;15,96;2,4;2,34;4,28;1010;978;32;2423;2286;137;122
2020;09;TT;TODAS CONSOLIDADAS;12;ALBERGUE;ÁNCASH;020000;5;48;106;0;0;0;0;0;0;0;0;0;0;0;0
2020;09;TT;TODAS CONSOLIDADAS;12;ALBERGUE;AREQUIPA;040000;2;34;76;0;0;0;0;0;0;0;0;0;0;0;0
2020;09;TT;TODAS CONSOLIDADAS;12;ALBERGUE;CUSCO;080000;17;253;773;0;0;0;0;0;0;0;0;0;0;0;0
2020;09;TT;TODAS CONSOLIDADAS;12;ALBERGUE;ICA;110000;2;18;43;8,7;6,43;1,8;1,8;0;46;46;0;83;83;0;5
2020;09;TT;TODAS CONSOLIDADAS;12;ALBERGUE;JUNÍN;120000;1;32;104;6,35;3,4;1,31;1,31;0;81;81;0;106;106;0;12
2020;09;TT;TODAS CONSOLIDADAS;12;ALBERGUE;LIMA;150000;6;84;227;12,42;5,64;6,86;5,14;8,57;56;28;28;384;144;240;16
2020;09;TT;TODAS CONSOLIDADAS;12;ALBERGUE;LORETO;160000;47;723;1460;2,1;,86;1,48;1,48;0;254;254;0;376;376;0;146
2020;09;TT;TODAS CONSOLIDADAS;12;ALBERGUE;MADRE DE DIOS;170000;3;94;229;0;0;0;0;0;0;0;0;0;0;0;0
2020;09;TT;TODAS CONSOLIDADAS;12;ALBERGUE;PASCO;190000;8;160;411;2,38;1,52;1,57;1,57;0;120;120;0;188;188;0;24
2020;09;TT;TODAS CONSOLIDADAS;12;ALBERGUE;PUNO;210000;1;13;35;0;0;0;0;0;0;0;0;0;0;0;0
2020;09;TT;TODAS CONSOLIDADAS;12;ALBERGUE;SAN MARTÍN;220000;7;87;197;0;0;0;0;0;0;0;0;0;0;0;0
2020;09;TT;TODAS CONSOLIDADAS;12;ALBERGUE;UCAYALI;250000;2;31;87;1,51;,84;1,57;1,58;1,5;14;12;2;22;19;3;5
2020;09;TT;TODAS CONSOLIDADAS;13;ECOLODGE;AREQUIPA;040000;1;13;28;0;0;0;0;0;0;0;0;0;0;0;0
2020;09;TT;TODAS CONSOLIDADAS;13;ECOLODGE;SAN MARTÍN;220000;1;12;24;0;0;0;0;0;0;0;0;0;0;0;0
2020;09;TT;TODAS CONSOLIDADAS;TT;TODAS CONSOLIDADAS;AMAZONAS;010000;144;2857;4589;18,8;13;1,41;1,41;1,42;12761;12604;157;18957;18602;355;431
2020;09;TT;TODAS CONSOLIDADAS;TT;TODAS CONSOLIDADAS;APURÍMAC;030000;145;2852;4364;19,08;14,61;1,35;1,35;1,27;14195;14152;43;19900;19840;60;490
2020;09;TT;TODAS CONSOLIDADAS;TT;TODAS CONSOLIDADAS;AREQUIPA;040000;877;14426;25416;17,39;13,01;1,84;1,87;1,37;55474;53551;1923;111716;109429;2287;2568
2020;09;TT;TODAS CONSOLIDADAS;TT;TODAS CONSOLIDADAS;CALLAO;070000;275;4479;8282;27,79;26,79;1,02;1,02;1,06;107662;107217;445;110518;109829;689;1186
2020;09;TT;TODAS CONSOLIDADAS;TT;TODAS CONSOLIDADAS;HUANCAVELICA;090000;101;1768;2659;16,07;14,34;1,48;1,48;0;7747;7747;0;11784;11784;0;282
2020;09;TT;TODAS CONSOLIDADAS;TT;TODAS CONSOLIDADAS;HUÁNUCO;100000;341;6346;9489;20,62;17,85;1,16;1,13;1,7;42890;41918;972;48957;47022;1935;1011
2020;09;TT;TODAS CONSOLIDADAS;TT;TODAS CONSOLIDADAS;ÁNCASH;020000;587;9758;17094;13,4;11,63;1,35;1,31;1,27;47748;45908;1840;62237;56928;5309;1473
2020;09;TT;TODAS CONSOLIDADAS;TT;TODAS CONSOLIDADAS;AYACUCHO;050000;361;5380;8799;4,24;4,27;1,32;1,3;,54;9896;9746;150;13970;13289;681;394
2020;09;TT;TODAS CONSOLIDADAS;TT;TODAS CONSOLIDADAS;CAJAMARCA;060000;590;10670;17193;21,32;16,94;1,32;1,32;,78;60845;60774;71;86035;85963;72;1658
2020;09;TT;TODAS CONSOLIDADAS;TT;TODAS CONSOLIDADAS;CUSCO;080000;1226;18991;36357;15,01;10,77;1,66;1,64;2,39;70801;69177;1624;121677;117918;3759;3182
2020;09;TT;TODAS CONSOLIDADAS;TT;TODAS CONSOLIDADAS;ICA;110000;646;12058;21662;24,71;18,1;1,81;1,81;1,61;63243;62911;332;126531;125806;725;2355
2020;09;TT;TODAS CONSOLIDADAS;TT;TODAS CONSOLIDADAS;JUNÍN;120000;647;10923;18073;16,22;11,32;1,41;1,41;,98;43170;43134;36;62618;62573;45;1851
2020;09;TT;TODAS CONSOLIDADAS;TT;TODAS CONSOLIDADAS;LA LIBERTAD;130000;766;12418;22217;10,89;8,51;1,16;1,16;,58;48185;47983;202;63088;62713;375;1774
2020;09;TT;TODAS CONSOLIDADAS;TT;TODAS CONSOLIDADAS;LAMBAYEQUE;140000;573;9814;14459;18,61;15,18;1,19;1,19;1,27;52722;51489;1233;63574;62065;1509;1935
2020;09;TT;TODAS CONSOLIDADAS;TT;TODAS CONSOLIDADAS;LIMA;150000;6623;77216;136930;21,84;20,32;1,17;1,17;1,19;2347508;2311289;36218;2736618;2687530;49088;40338
2020;09;TT;TODAS CONSOLIDADAS;TT;TODAS CONSOLIDADAS;LORETO;160000;454;7660;12440;11,88;9,45;1,89;1,89;5,89;18289;18060;229;35662;35148;514;1055
2020;09;TT;TODAS CONSOLIDADAS;TT;TODAS CONSOLIDADAS;MADRE DE DIOS;170000;141;2937;4943;27,15;20,9;1,31;1,27;1,89;22436;21170;1266;29897;27386;2511;455
2020;09;TT;TODAS CONSOLIDADAS;TT;TODAS CONSOLIDADAS;MOQUEGUA;180000;180;2819;4894;15,72;10,89;1,79;1,84;1,17;9185;8944;241;19354;18877;477;486
2020;09;TT;TODAS CONSOLIDADAS;TT;TODAS CONSOLIDADAS;PASCO;190000;258;4033;6380;18,61;16,61;1,41;1,41;0;23155;23155;0;31085;31085;0;590
2020;09;TT;TODAS CONSOLIDADAS;TT;TODAS CONSOLIDADAS;PUNO;210000;502;7995;14298;27,73;20,46;1,94;1,94;2,4;48645;48216;429;92633;91522;1111;1467
2020;09;TT;TODAS CONSOLIDADAS;TT;TODAS CONSOLIDADAS;SAN MARTÍN;220000;545;9305;14962;16,76;13,56;1,37;1,37;1,06;42161;41953;208;59633;59400;233;1485
2020;09;TT;TODAS CONSOLIDADAS;TT;TODAS CONSOLIDADAS;TACNA;230000;332;5601;10749;4,51;2,92;1,47;1,47;1,78;6700;6647;53;14243;14175;68;640
2020;09;TT;TODAS CONSOLIDADAS;TT;TODAS CONSOLIDADAS;TUMBES;240000;147;2306;4522;12,05;8,47;1,7;1,72;1,17;6443;5516;927;11498;10179;1319;251
2020;09;TT;TODAS CONSOLIDADAS;TT;TODAS CONSOLIDADAS;UCAYALI;250000;247;5164;8028;23,12;20,75;1,88;1,86;2,36;24876;24255;621;47166;45656;1510;943
2020;10;00;NO CLASIFICADO;00;NO CATEGORIZADO;AMAZONAS;010000;35;562;964;9,99;7,72;1,14;1,14;0;2022;2022;0;2308;2308;0;50
2020;10;00;NO CLASIFICADO;00;NO CATEGORIZADO;ÁNCASH;020000;312;4244;7487;8,6;7,63;1,41;1,41;1,21;12581;12548;33;17715;17675;40;635
2020;10;00;NO CLASIFICADO;00;NO CATEGORIZADO;AYACUCHO;050000;332;4627;7430;11,57;8,54;1,19;1,19;1,3;16568;16518;50;19680;19615;65;763
2020;10;00;NO CLASIFICADO;00;NO CATEGORIZADO;CAJAMARCA;060000;330;4885;7572;17,84;15,23;1,19;1,19;1;30076;29966;110;35743;35633;110;813
2020;10;00;NO CLASIFICADO;00;NO CATEGORIZADO;HUÁNUCO;100000;256;4296;6167;21,62;19,66;1,06;1,06;1,08;35470;35352;118;37582;37454;128;652
2020;10;00;NO CLASIFICADO;00;NO CATEGORIZADO;LA LIBERTAD;130000;396;4945;8356;14,37;11,88;1,19;1,18;1,86;25756;25048;708;30773;29458;1315;572
2020;10;00;NO CLASIFICADO;TT;TODAS CONSOLIDADAS;AMAZONAS;010000;35;562;964;9,99;7,72;1,14;1,14;0;2022;2022;0;2308;2308;0;50
2020;10;00;NO CLASIFICADO;TT;TODAS CONSOLIDADAS;ÁNCASH;020000;312;4244;7487;8,6;7,63;1,41;1,41;1,21;12581;12548;33;17715;17675;40;635
2020;10;00;NO CLASIFICADO;TT;TODAS CONSOLIDADAS;AYACUCHO;050000;332;4627;7430;11,57;8,54;1,19;1,19;1,3;16568;16518;50;19680;19615;65;763
2020;10;00;NO CLASIFICADO;TT;TODAS CONSOLIDADAS;CAJAMARCA;060000;330;4885;7572;17,84;15,23;1,19;1,19;1;30076;29966;110;35743;35633;110;813
2020;10;00;NO CLASIFICADO;TT;TODAS CONSOLIDADAS;HUÁNUCO;100000;256;4296;6167;21,62;19,66;1,06;1,06;1,08;35470;35352;118;37582;37454;128;652
2020;10;00;NO CLASIFICADO;TT;TODAS CONSOLIDADAS;LA LIBERTAD;130000;396;4945;8356;14,37;11,88;1,19;1,18;1,86;25756;25048;708;30773;29458;1315;572
2020;10;00;NO CLASIFICADO;TT;TODAS CONSOLIDADAS;SAN MARTÍN;220000;451;7155;11253;26,88;21,02;1,34;1,34;1,47;54568;54087;481;73328;72622;706;1171
2020;10;01;HOTEL;01;1 ESTRELLA;AMAZONAS;010000;1;20;43;0;0;0;0;0;0;0;0;0;0;0;0
2020;10;01;HOTEL;01;1 ESTRELLA;ÁNCASH;020000;9;290;454;10,97;6,45;1;1;0;908;908;0;908;908;0;47
2020;10;01;HOTEL;01;1 ESTRELLA;AYACUCHO;050000;7;175;300;7,37;7,96;2,11;2,11;0;350;350;0;740;740;0;31
2020;10;01;HOTEL;01;1 ESTRELLA;CAJAMARCA;060000;6;170;284;4,55;3,82;1,16;1,16;0;289;289;0;336;336;0;27
2020;10;01;HOTEL;01;1 ESTRELLA;HUÁNUCO;100000;8;240;357;41,79;39,55;1,1;1,1;0;3980;3980;0;4377;4377;0;40
2020;10;01;HOTEL;01;1 ESTRELLA;ICA;110000;4;82;108;0;0;0;0;0;0;0;0;0;0;0;0
2020;10;01;HOTEL;01;1 ESTRELLA;LA LIBERTAD;130000;2;46;88;0;0;0;0;0;0;0;0;0;0;0;0
2020;10;01;HOTEL;02;2 ESTRELLAS;AMAZONAS;010000;28;742;1141;24,26;21,35;1,79;1,77;2,39;4210;4069;141;7553;7216;337;122
2020;10;01;HOTEL;02;2 ESTRELLAS;ÁNCASH;020000;35;966;1751;18,2;12,53;1,16;1,16;1;5868;5863;5;6802;6797;5;151
2020;10;01;HOTEL;02;2 ESTRELLAS;AYACUCHO;050000;7;204;385;4,19;5,09;2,1;2,1;0;289;289;0;607;607;0;34
2020;10;01;HOTEL;02;2 ESTRELLAS;CAJAMARCA;060000;36;1046;1630;9,37;8,46;1,29;1,3;1;3309;3263;46;4274;4228;46;166
2020;10;01;HOTEL;02;2 ESTRELLAS;HUÁNUCO;100000;38;1164;1835;15,28;12,18;1,11;1,11;1;6227;6205;22;6930;6908;22;187
2020;10;01;HOTEL;02;2 ESTRELLAS;LA LIBERTAD;130000;21;588;1053;25,49;27,55;1,41;1,41;0;6397;6397;0;8992;8992;0;97
2020;10;01;HOTEL;02;2 ESTRELLAS;LAMBAYEQUE;140000;70;1989;2993;15,33;13,11;1,23;1,22;1,86;9857;9617;240;12165;11718;447;334
2020;09;TT;TODAS CONSOLIDADAS;TT;TODAS CONSOLIDADAS;PIURA;200000;522;8128;14145;19,35;16,28;1,43;1,41;2,44;46523;45472;1051;67858;65280;2578;1483
2020;10;00;NO CLASIFICADO;00;NO CATEGORIZADO;APURÍMAC;030000;132;2425;3653;25,67;19,63;1,21;1,21;1,16;18332;18246;86;22224;22124;100;438
2020;10;00;NO CLASIFICADO;TT;TODAS CONSOLIDADAS;APURÍMAC;030000;132;2425;3653;25,67;19,63;1,21;1,21;1,16;18332;18246;86;22224;22124;100;438
2020;10;01;HOTEL;01;1 ESTRELLA;APURÍMAC;030000;2;80;115;13,99;12,43;1;1;0;441;441;0;443;443;0;8
2020;10;01;HOTEL;01;1 ESTRELLA;AREQUIPA;040000;5;178;285;0;0;0;0;0;0;0;0;0;0;0;0
2020;10;01;HOTEL;02;2 ESTRELLAS;APURÍMAC;030000;3;160;274;26,98;24,62;3,43;3,43;0;610;610;0;2091;2091;0;13
2020;10;01;HOTEL;02;2 ESTRELLAS;AREQUIPA;040000;39;1135;1995;19,01;13,14;2,27;2,27;1,91;3585;3550;35;8128;8061;67;192
2020;10;00;NO CLASIFICADO;00;NO CATEGORIZADO;AREQUIPA;040000;546;7299;12722;18,14;14,46;1,51;1,52;1,08;37797;37159;638;57044;56358;686;1238
2020;10;00;NO CLASIFICADO;00;NO CATEGORIZADO;CALLAO;070000;256;3600;6649;30,06;28,95;1,01;1,01;1;105410;105244;166;106351;106185;166;976
2020;10;00;NO CLASIFICADO;TT;TODAS CONSOLIDADAS;CALLAO;070000;256;3600;6649;30,06;28,95;1,01;1,01;1;105410;105244;166;106351;106185;166;976
2020;10;01;HOTEL;01;1 ESTRELLA;CALLAO;070000;1;37;74;0;0;0;0;0;0;0;0;0;0;0;0
2020;10;00;NO CLASIFICADO;00;NO CATEGORIZADO;CUSCO;080000;967;12874;24516;16,24;12,05;1,26;1,25;2,08;72518;71851;667;91550;90160;1390;2120
2020;10;01;HOTEL;01;1 ESTRELLA;CUSCO;080000;5;122;235;18,32;11,83;1;1;0;862;862;0;862;862;0;16
2020;10;00;NO CLASIFICADO;00;NO CATEGORIZADO;HUANCAVELICA;090000;97;1726;2614;17,23;13,92;1,24;1,25;1;9062;9053;9;11281;11272;9;281
2020;10;00;NO CLASIFICADO;TT;TODAS CONSOLIDADAS;HUANCAVELICA;090000;97;1726;2614;17,23;13,92;1,24;1,25;1;9062;9053;9;11281;11272;9;281
2020;10;01;HOTEL;02;2 ESTRELLAS;HUANCAVELICA;090000;2;42;73;6,61;5,08;1;1;0;115;115;0;115;115;0;11
2020;10;00;NO CLASIFICADO;00;NO CATEGORIZADO;ICA;110000;436;6947;12276;25,25;18,06;1,64;1,64;1,65;41823;41487;336;68730;68175;555;1340
2020;10;00;NO CLASIFICADO;TT;TODAS CONSOLIDADAS;ICA;110000;436;6947;12276;25,25;18,06;1,64;1,64;1,65;41823;41487;336;68730;68175;555;1340
2020;10;01;HOTEL;02;2 ESTRELLAS;ICA;110000;49;1320;2251;14,19;10,31;2,26;2,27;1;3186;3166;20;7196;7176;20;226
2020;10;00;NO CLASIFICADO;00;NO CATEGORIZADO;JUNÍN;120000;624;9684;15636;15,62;11,94;1,22;1,22;1,76;47482;47233;249;57861;57422;439;1570
2020;10;00;NO CLASIFICADO;TT;TODAS CONSOLIDADAS;JUNÍN;120000;624;9684;15636;15,62;11,94;1,22;1,22;1,76;47482;47233;249;57861;57422;439;1570
2020;10;01;HOTEL;02;2 ESTRELLAS;JUNÍN;120000;25;743;1334;21,58;14,09;1,42;1,42;1,44;4102;4075;27;5826;5787;39;113
2020;10;00;NO CLASIFICADO;00;NO CATEGORIZADO;LAMBAYEQUE;140000;253;3294;4701;20,86;17,32;1,02;1,02;1;24677;24385;292;25243;24950;293;568
2020;10;01;HOTEL;01;1 ESTRELLA;LAMBAYEQUE;140000;4;124;188;0;0;0;0;0;0;0;0;0;0;0;0
2020;10;00;NO CLASIFICADO;00;NO CATEGORIZADO;LIMA;150000;6097;52846;92070;23,3;21,28;1,12;1,12;1,12;2393904;2347936;45968;2673294;2621599;51695;33589
2020;10;00;NO CLASIFICADO;TT;TODAS CONSOLIDADAS;LIMA;150000;6097;52846;92070;23,3;21,28;1,12;1,12;1,12;2393904;2347936;45968;2673294;2621599;51695;33589
2020;10;01;HOTEL;01;1 ESTRELLA;LIMA;150000;6;235;453;37,56;36,18;1,05;1,05;1,33;4476;4440;36;4710;4662;48;36
2020;10;00;NO CLASIFICADO;00;NO CATEGORIZADO;LORETO;160000;349;5150;7998;15,62;12,46;2,02;2,03;1,68;15266;15038;228;30886;30504;382;823
2020;10;00;NO CLASIFICADO;TT;TODAS CONSOLIDADAS;LORETO;160000;349;5150;7998;15,62;12,46;2,02;2,03;1,68;15266;15038;228;30886;30504;382;823
2020;10;00;NO CLASIFICADO;00;NO CATEGORIZADO;MADRE DE DIOS;170000;141;2908;4721;26,68;20,96;1,26;1,23;1,89;24414;23561;853;30682;29067;1615;463
2020;10;00;NO CLASIFICADO;TT;TODAS CONSOLIDADAS;MADRE DE DIOS;170000;141;2908;4721;26,68;20,96;1,26;1,23;1,89;24414;23561;853;30682;29067;1615;463
2020;10;00;NO CLASIFICADO;00;NO CATEGORIZADO;MOQUEGUA;180000;112;1469;2608;11,49;7,79;1,5;1,49;2,6;4211;4201;10;6297;6271;26;247
2020;10;00;NO CLASIFICADO;TT;TODAS CONSOLIDADAS;MOQUEGUA;180000;112;1469;2608;11,49;7,79;1,5;1,49;2,6;4211;4201;10;6297;6271;26;247
2020;10;01;HOTEL;01;1 ESTRELLA;MOQUEGUA;180000;1;20;41;0;0;0;0;0;0;0;0;0;0;0;0
2020;10;00;NO CLASIFICADO;00;NO CATEGORIZADO;PASCO;190000;211;3093;4759;25,26;18,37;1,3;1,3;1;20840;20837;3;27096;27093;3;517
2020;10;00;NO CLASIFICADO;TT;TODAS CONSOLIDADAS;PASCO;190000;211;3093;4759;25,26;18,37;1,3;1,3;1;20840;20837;3;27096;27093;3;517
2020;10;01;HOTEL;01;1 ESTRELLA;PASCO;190000;2;72;131;0;0;0;0;0;0;0;0;0;0;0;0
2020;10;00;NO CLASIFICADO;00;NO CATEGORIZADO;PIURA;200000;455;6506;11500;25,29;21,39;1,61;1,54;4,68;47453;46441;1012;76273;71540;4733;1141
2020;10;00;NO CLASIFICADO;TT;TODAS CONSOLIDADAS;PIURA;200000;455;6506;11500;25,29;21,39;1,61;1,54;4,68;47453;46441;1012;76273;71540;4733;1141
2020;10;01;HOTEL;01;1 ESTRELLA;PIURA;200000;2;53;83;0;0;0;0;0;0;0;0;0;0;0;0
2020;10;00;NO CLASIFICADO;00;NO CATEGORIZADO;PUNO;210000;384;5060;8815;19,37;16,67;1,24;1,25;1,03;36745;35792;953;45551;44570;981;868
2020;10;00;NO CLASIFICADO;00;NO CATEGORIZADO;SAN MARTÍN;220000;451;7155;11253;26,88;21,02;1,34;1,34;1,47;54568;54087;481;73328;72622;706;1171
2020;10;01;HOTEL;01;1 ESTRELLA;SAN MARTÍN;220000;6;126;199;0;0;0;0;0;0;0;0;0;0;0;0
2020;10;00;NO CLASIFICADO;00;NO CATEGORIZADO;TACNA;230000;233;3148;5910;7,64;5,25;1,44;1,44;1,33;6681;6483;198;9620;9356;264;354
2020;10;01;HOTEL;01;1 ESTRELLA;TACNA;230000;2;57;112;9,85;6,57;1,87;1,81;3,2;122;117;5;228;212;16;5
2020;10;00;NO CLASIFICADO;00;NO CATEGORIZADO;TUMBES;240000;120;1650;3236;18,92;15,71;1,71;1,72;1,65;9222;8040;1182;15762;13817;1945;239
2020;10;00;NO CLASIFICADO;00;NO CATEGORIZADO;UCAYALI;250000;211;3908;5871;28,19;24,73;1,71;1,7;2,17;26318;25759;559;45008;43795;1213;650
2020;10;00;NO CLASIFICADO;TT;TODAS CONSOLIDADAS;UCAYALI;250000;211;3908;5871;28,19;24,73;1,71;1,7;2,17;26318;25759;559;45008;43795;1213;650
2020;10;00;NO CLASIFICADO;TT;TODAS CONSOLIDADAS;AREQUIPA;040000;546;7299;12722;18,14;14,46;1,51;1,52;1,08;37797;37159;638;57044;56358;686;1238
2020;10;00;NO CLASIFICADO;TT;TODAS CONSOLIDADAS;CUSCO;080000;967;12874;24516;16,24;12,05;1,26;1,25;2,08;72518;71851;667;91550;90160;1390;2120
2020;10;01;HOTEL;02;2 ESTRELLAS;CUSCO;080000;42;1070;1897;13,8;11,3;2,11;2,11;2,39;3144;3121;23;6643;6588;55;197
2020;10;00;NO CLASIFICADO;TT;TODAS CONSOLIDADAS;LAMBAYEQUE;140000;253;3294;4701;20,86;17,32;1,02;1,02;1;24677;24385;292;25243;24950;293;568
2020;10;00;NO CLASIFICADO;TT;TODAS CONSOLIDADAS;PUNO;210000;384;5060;8815;19,37;16,67;1,24;1,25;1,03;36745;35792;953;45551;44570;981;868
2020;10;00;NO CLASIFICADO;TT;TODAS CONSOLIDADAS;TACNA;230000;233;3148;5910;7,64;5,25;1,44;1,44;1,33;6681;6483;198;9620;9356;264;354
2020;10;00;NO CLASIFICADO;TT;TODAS CONSOLIDADAS;TUMBES;240000;120;1650;3236;18,92;15,71;1,71;1,72;1,65;9222;8040;1182;15762;13817;1945;239
2020;10;01;HOTEL;01;1 ESTRELLA;JUNÍN;120000;3;153;296;15,07;10,3;1,55;1,55;0;608;608;0;945;945;0;14
2020;10;01;HOTEL;01;1 ESTRELLA;MADRE DE DIOS;170000;1;20;34;7,1;6,45;2;2;0;34;34;0;68;68;0;3
2020;10;01;HOTEL;01;1 ESTRELLA;PUNO;210000;5;131;234;14,8;12,09;1,48;1,48;1;593;589;4;877;873;4;18
2020;10;01;HOTEL;02;2 ESTRELLAS;LIMA;150000;102;4338;7878;31,54;28,59;1,46;1,44;2,14;54645;53618;1027;79626;77432;2194;759
2020;10;01;HOTEL;02;2 ESTRELLAS;LORETO;160000;15;381;623;10,92;8,04;2,11;2,11;4;734;731;3;1552;1540;12;63
2020;10;01;HOTEL;02;2 ESTRELLAS;MADRE DE DIOS;170000;1;23;37;29,45;32,26;2;2;2;185;183;2;370;366;4;4
2020;10;01;HOTEL;02;2 ESTRELLAS;MOQUEGUA;180000;13;346;546;26,91;18,06;3,74;2,57;8,86;817;665;152;3056;1709;1347;70
2020;10;01;HOTEL;02;2 ESTRELLAS;PASCO;190000;3;84;127;0;0;0;0;0;0;0;0;0;0;0;0
2020;10;01;HOTEL;02;2 ESTRELLAS;PIURA;200000;19;474;800;28,03;20,5;2,63;2,63;1;1931;1929;2;5084;5082;2;88
2020;10;01;HOTEL;02;2 ESTRELLAS;PUNO;210000;24;592;1071;15,64;9,39;1,49;1,47;2,44;2098;2073;25;3116;3055;61;94
2020;10;01;HOTEL;02;2 ESTRELLAS;SAN MARTÍN;220000;22;622;1043;13,54;12,32;1,45;1,45;1,19;2755;2734;21;3984;3959;25;106
2020;10;01;HOTEL;02;2 ESTRELLAS;TACNA;230000;32;895;1824;9,18;5,66;1,6;1,6;0;2004;2004;0;3202;3202;0;149
2020;10;01;HOTEL;02;2 ESTRELLAS;TUMBES;240000;6;180;331;27,87;18,89;3,36;3,36;3,33;577;571;6;1938;1918;20;34
2020;10;01;HOTEL;02;2 ESTRELLAS;UCAYALI;250000;2;51;81;0;0;0;0;0;0;0;0;0;0;0;0
2020;10;01;HOTEL;03;3 ESTRELLAS;AMAZONAS;010000;18;435;763;33,82;28,04;2,16;2,16;2,25;3067;3039;28;6632;6569;63;76
2020;10;01;HOTEL;03;3 ESTRELLAS;ÁNCASH;020000;37;1280;2207;23,03;15,32;1,69;1,68;2,6;6218;6156;62;10480;10319;161;263
2020;10;01;HOTEL;03;3 ESTRELLAS;APURÍMAC;030000;3;98;172;50,23;33,66;2,88;2,89;1,4;624;619;5;1795;1788;7;20
2020;10;01;HOTEL;03;3 ESTRELLAS;AREQUIPA;040000;60;1816;3392;16,29;10,62;2,05;2,04;2,34;5456;5418;38;11167;11078;89;398
2020;10;01;HOTEL;03;3 ESTRELLAS;AYACUCHO;050000;5;189;354;13,33;9,16;2,5;2,44;6,17;402;396;6;1005;968;37;63
2020;10;01;HOTEL;03;3 ESTRELLAS;CAJAMARCA;060000;58;1845;3107;23,4;14,2;3,55;3,57;1,89;3850;3822;28;13680;13627;53;322
2020;10;01;HOTEL;03;3 ESTRELLAS;CALLAO;070000;3;163;296;24,3;19,74;1,49;1,4;2,75;1212;1129;83;1811;1583;228;34
2020;10;01;HOTEL;03;3 ESTRELLAS;CUSCO;080000;51;2062;3964;16,32;9,34;4,19;4,18;5,5;2740;2732;8;11476;11432;44;378
2020;10;01;HOTEL;03;3 ESTRELLAS;HUANCAVELICA;090000;2;65;108;10,97;10,96;2,07;2,07;0;177;177;0;367;367;0;18
2020;10;01;HOTEL;03;3 ESTRELLAS;HUÁNUCO;100000;10;412;744;12,27;10,93;1,3;1,3;1,18;1939;1917;22;2522;2496;26;82
2020;10;01;HOTEL;03;3 ESTRELLAS;ICA;110000;45;1521;3025;31,86;24,16;3,31;3,33;1,41;6854;6771;83;22655;22538;117;292
2020;10;01;HOTEL;03;3 ESTRELLAS;JUNÍN;120000;20;729;1404;29,73;16,52;2,55;2,56;1,67;2819;2789;30;7191;7141;50;212
2020;10;01;HOTEL;03;3 ESTRELLAS;LA LIBERTAD;130000;79;2236;4311;21,5;15,56;1,53;1,53;1,63;13557;13451;106;20794;20621;173;448
2020;10;01;HOTEL;03;3 ESTRELLAS;LAMBAYEQUE;140000;33;1140;1943;19,54;13,36;1,62;1,62;1,77;4966;4838;128;8046;7820;226;223
2020;10;01;HOTEL;03;3 ESTRELLAS;LIMA;150000;142;7127;13258;29,93;22,27;2,14;2,13;2,27;42780;41159;1621;91534;87856;3678;1419
2020;10;01;HOTEL;03;3 ESTRELLAS;LORETO;160000;25;795;1324;16,84;13,61;2,38;2,38;2,17;2352;2293;59;5587;5459;128;154
2020;10;01;HOTEL;03;3 ESTRELLAS;MOQUEGUA;180000;6;223;420;32,79;20,97;2,61;2,61;1,5;1046;1042;4;2730;2724;6;43
2020;10;01;HOTEL;03;3 ESTRELLAS;PIURA;200000;10;341;549;20,28;15,33;1,82;1,59;3,5;1437;1266;171;2609;2011;598;83
2020;10;01;HOTEL;03;3 ESTRELLAS;PUNO;210000;23;751;1353;23,47;14,49;3,03;3,04;2,86;2004;1969;35;6078;5978;100;170
2020;10;01;HOTEL;03;3 ESTRELLAS;SAN MARTÍN;220000;18;628;1108;23,7;19,65;2,12;2,12;0;3184;3184;0;6750;6750;0;109
2020;10;01;HOTEL;03;3 ESTRELLAS;TACNA;230000;13;504;1065;17,17;11,68;2,07;2,07;2,27;1866;1851;15;3857;3823;34;117
2020;10;01;HOTEL;03;3 ESTRELLAS;TUMBES;240000;8;256;502;1,08;,57;1;1;0;89;89;0;89;89;0;43
2020;10;01;HOTEL;03;3 ESTRELLAS;UCAYALI;250000;14;516;848;29,09;24,06;2,9;2,84;5,98;2177;2133;44;6324;6061;263;110
2020;10;01;HOTEL;04;4 ESTRELLAS;AREQUIPA;040000;8;398;774;39,03;21,87;4,4;4,37;10,4;1193;1188;5;5247;5195;52;140
2020;10;01;HOTEL;04;4 ESTRELLAS;CAJAMARCA;060000;2;101;204;52,89;30,34;3,2;3,21;2,46;600;587;13;1919;1887;32;44
2020;10;01;HOTEL;04;4 ESTRELLAS;CALLAO;070000;2;371;632;30,96;21,81;1,5;1,55;1,27;2852;2350;502;4273;3637;636;107
2020;10;01;HOTEL;04;4 ESTRELLAS;CUSCO;080000;5;458;884;17,63;9,91;2,07;2,08;1,88;1311;1277;34;2717;2653;64;172
2020;10;01;HOTEL;04;4 ESTRELLAS;HUÁNUCO;100000;1;52;90;16;11,9;1,79;1,79;0;185;185;0;332;332;0;18
2020;10;01;HOTEL;04;4 ESTRELLAS;ICA;110000;5;460;894;40,37;31,09;5,3;5,33;2,86;1626;1604;22;8617;8554;63;133
2020;10;01;HOTEL;04;4 ESTRELLAS;JUNÍN;120000;1;40;66;32,1;19,45;2,47;2,47;0;161;161;0;398;398;0;19
2020;10;01;HOTEL;04;4 ESTRELLAS;LA LIBERTAD;130000;2;134;231;37,48;26,49;3,04;3,13;1,17;624;595;29;1897;1863;34;22
2020;10;01;HOTEL;04;4 ESTRELLAS;LAMBAYEQUE;140000;4;336;546;34,64;28,03;1,72;1,72;1,72;2760;2659;101;4745;4571;174;241
2020;10;01;HOTEL;04;4 ESTRELLAS;LIMA;150000;39;3846;6806;37,49;27,27;3,57;3,65;2,96;16131;14117;2014;57526;51555;5971;1268
2020;10;01;HOTEL;04;4 ESTRELLAS;LORETO;160000;2;90;150;20,86;18,28;1,86;1,86;2;456;442;14;850;822;28;23
2020;10;01;HOTEL;04;4 ESTRELLAS;MOQUEGUA;180000;2;123;232;68,48;41,31;5,69;5,72;1;522;519;3;2971;2968;3;20
2020;10;01;HOTEL;04;4 ESTRELLAS;PIURA;200000;2;181;361;24,35;16,91;2,27;2,2;3,44;834;786;48;1892;1727;165;28
2020;10;01;HOTEL;04;4 ESTRELLAS;PUNO;210000;6;373;707;38,39;21,12;4,7;4,59;10,15;984;964;20;4628;4425;203;112
2020;10;01;HOTEL;04;4 ESTRELLAS;SAN MARTÍN;220000;1;51;110;100,57;46,63;1,4;1,4;1,3;1135;1115;20;1590;1564;26;23
2020;10;01;HOTEL;04;4 ESTRELLAS;TACNA;230000;1;150;300;50,69;26,95;2,7;2,71;1,75;927;919;8;2506;2492;14;19
2020;10;01;HOTEL;04;4 ESTRELLAS;TUMBES;240000;4;231;452;,45;3,36;12,73;12,73;0;37;37;0;471;471;0;36
2020;10;01;HOTEL;04;4 ESTRELLAS;UCAYALI;250000;5;288;506;26,72;22,41;2,33;2,3;3,37;1506;1463;43;3516;3371;145;90
2020;10;01;HOTEL;05;5 ESTRELLAS;AREQUIPA;040000;3;241;346;60,06;44,6;3,17;3,19;2,22;1510;1473;37;4784;4702;82;119
2020;10;01;HOTEL;05;5 ESTRELLAS;CUSCO;080000;4;354;710;7,75;4,78;2,38;2,39;2;443;429;14;1053;1025;28;180
2020;10;01;HOTEL;05;5 ESTRELLAS;ICA;110000;2;225;556;77,91;41,93;3,07;3,08;2,37;2357;2303;54;7227;7099;128;131
2020;10;01;HOTEL;05;5 ESTRELLAS;LA LIBERTAD;130000;1;120;240;58,23;37,42;2,41;2,45;1,71;1157;1084;73;2784;2659;125;97
2020;10;01;HOTEL;05;5 ESTRELLAS;LIMA;150000;19;3440;6198;50,94;31,67;3,58;3,56;3,81;16986;15616;1370;60851;55629;5222;1976
2020;10;01;HOTEL;05;5 ESTRELLAS;LORETO;160000;1;60;88;47,74;55,94;2,11;2,16;1,78;722;628;94;1526;1359;167;25
2020;10;01;HOTEL;05;5 ESTRELLAS;PIURA;200000;1;83;166;52,86;34,38;2,45;2,27;3,38;723;608;115;1769;1380;389;47
2020;10;01;HOTEL;05;5 ESTRELLAS;PUNO;210000;1;123;235;84,71;80,01;2,55;2,55;0;2283;2283;0;5829;5829;0;83
2020;10;01;HOTEL;05;5 ESTRELLAS;UCAYALI;250000;2;165;306;14,04;9,78;3,12;3,04;15;297;295;2;928;898;30;15
2020;10;01;HOTEL;TT;TODAS CONSOLIDADAS;AMAZONAS;010000;47;1197;1947;27,33;23,5;1,95;1,94;2,37;7277;7108;169;14185;13785;400;198
2020;10;01;HOTEL;TT;TODAS CONSOLIDADAS;ÁNCASH;020000;81;2536;4412;19,81;13,3;1,4;1,39;2,48;12994;12927;67;18190;18024;166;461
2020;10;01;HOTEL;TT;TODAS CONSOLIDADAS;APURÍMAC;030000;8;338;561;30,65;24,89;2,58;2,59;1,4;1675;1670;5;4329;4322;7;41
2020;10;01;HOTEL;TT;TODAS CONSOLIDADAS;AREQUIPA;040000;115;3768;6792;21,54;13,93;2,5;2,5;2,52;11744;11629;115;29326;29036;290;849
2020;10;01;HOTEL;TT;TODAS CONSOLIDADAS;AYACUCHO;050000;19;568;1039;8,21;7,3;2,26;2,24;6,17;1041;1035;6;2352;2315;37;128
2020;10;01;HOTEL;TT;TODAS CONSOLIDADAS;CAJAMARCA;060000;102;3162;5225;18,69;12,48;2,51;2,52;1,51;8048;7961;87;20209;20078;131;559
2020;10;01;HOTEL;TT;TODAS CONSOLIDADAS;CALLAO;070000;6;571;1002;28,93;21,15;1,5;1,5;1,48;4877;4175;702;7301;6264;1037;169
2020;10;01;HOTEL;TT;TODAS CONSOLIDADAS;CUSCO;080000;107;4066;7690;15,12;9,54;2,68;2,68;2,42;8500;8421;79;22751;22560;191;943
2020;10;01;HOTEL;TT;TODAS CONSOLIDADAS;HUANCAVELICA;090000;4;107;181;9,26;8,59;1,65;1,65;0;292;292;0;482;482;0;29
2020;10;01;HOTEL;TT;TODAS CONSOLIDADAS;HUÁNUCO;100000;57;1868;3026;18,04;15,1;1,15;1,15;1,09;12331;12287;44;14161;14113;48;327
2020;10;01;HOTEL;TT;TODAS CONSOLIDADAS;ICA;110000;105;3608;6834;28,63;21,57;3,26;3,28;1,83;14023;13844;179;45695;45367;328;782
2020;10;01;HOTEL;TT;TODAS CONSOLIDADAS;JUNÍN;120000;49;1665;3100;24,8;14,94;1,87;1,87;1,56;7690;7633;57;14360;14271;89;358
2020;10;01;HOTEL;TT;TODAS CONSOLIDADAS;LA LIBERTAD;130000;105;3124;5923;24,03;18,77;1,59;1,59;1,6;21735;21527;208;34467;34135;332;664
2020;10;01;HOTEL;TT;TODAS CONSOLIDADAS;LIMA;150000;308;18986;34593;36,29;26,2;2,43;2,4;2,9;126563;119742;6821;307514;287743;19771;6247
2020;10;01;HOTEL;TT;TODAS CONSOLIDADAS;LORETO;160000;43;1326;2185;16,81;14,05;2,23;2,24;1,97;4264;4094;170;9515;9180;335;265
2020;10;01;HOTEL;TT;TODAS CONSOLIDADAS;MADRE DE DIOS;170000;5;177;318;24,59;19,59;2,26;2,27;1,85;855;829;26;1931;1883;48;36
2020;10;01;HOTEL;TT;TODAS CONSOLIDADAS;PASCO;190000;9;270;478;35,91;21,14;1;1;0;3133;3133;0;3133;3133;0;19
2020;10;01;HOTEL;TT;TODAS CONSOLIDADAS;PIURA;200000;34;1132;1959;25,61;18,7;2,31;2,22;3,43;4925;4589;336;11354;10200;1154;246
2020;10;01;HOTEL;TT;TODAS CONSOLIDADAS;PUNO;210000;59;1970;3600;27,19;18,39;2,58;2,56;4,38;7962;7878;84;20528;20160;368;477
2020;10;01;HOTEL;TT;TODAS CONSOLIDADAS;SAN MARTÍN;220000;47;1427;2460;19,92;16,16;1,74;1,75;1,24;7074;7033;41;12324;12273;51;238
2020;10;01;HOTEL;TT;TODAS CONSOLIDADAS;TACNA;230000;48;1606;3301;15,59;9,57;1,99;1,99;2,29;4919;4891;28;9793;9729;64;290
2020;10;01;HOTEL;TT;TODAS CONSOLIDADAS;TUMBES;240000;18;667;1285;8,09;6,27;3,55;3,56;3,33;703;697;6;2498;2478;20;113
2020;10;01;HOTEL;TT;TODAS CONSOLIDADAS;UCAYALI;250000;23;1020;1741;24,54;19,95;2,71;2,65;4,92;3980;3891;89;10768;10330;438;215
2020;10;02;APART HOTEL;03;3 ESTRELLAS;ÁNCASH;020000;2;16;44;10,89;10,85;1,2;1,2;0;123;123;0;148;148;0;4
2020;10;02;APART HOTEL;03;3 ESTRELLAS;APURÍMAC;030000;1;23;31;16,55;22,48;1,62;1,64;1;133;130;3;216;213;3;5
2020;10;02;APART HOTEL;03;3 ESTRELLAS;AREQUIPA;040000;1;18;36;,36;,36;2;2;0;2;2;0;4;4;0;2
2020;10;02;APART HOTEL;03;3 ESTRELLAS;ICA;110000;2;27;58;0;0;0;0;0;0;0;0;0;0;0;0
2020;10;02;APART HOTEL;03;3 ESTRELLAS;LA LIBERTAD;130000;1;11;24;0;0;0;0;0;0;0;0;0;0;0;0
2020;10;02;APART HOTEL;03;3 ESTRELLAS;LIMA;150000;8;206;386;30,96;21,18;6,3;5,89;7,34;402;287;115;2534;1690;844;46
2020;10;02;APART HOTEL;03;3 ESTRELLAS;LORETO;160000;1;16;40;17,74;9,19;2,04;2,04;0;56;56;0;114;114;0;12
2020;10;02;APART HOTEL;03;3 ESTRELLAS;PASCO;190000;1;15;17;0;0;0;0;0;0;0;0;0;0;0;0
2020;10;02;APART HOTEL;03;3 ESTRELLAS;TUMBES;240000;1;6;26;84,41;57,07;3,33;3,33;0;138;138;0;460;460;0;13
2020;10;02;APART HOTEL;04;4 ESTRELLAS;AREQUIPA;040000;1;19;36;16,47;18,55;2,65;2,71;1,33;78;75;3;207;203;4;5
2020;10;02;APART HOTEL;04;4 ESTRELLAS;LA LIBERTAD;130000;1;27;57;0;0;0;0;0;0;0;0;0;0;0;0
2020;10;02;APART HOTEL;04;4 ESTRELLAS;LIMA;150000;8;661;1392;31,27;21,12;5,26;5,21;6,52;1733;1664;69;9115;8665;450;266
2020;10;02;APART HOTEL;04;4 ESTRELLAS;SAN MARTÍN;220000;1;20;49;48,71;33,05;2,11;2,13;1,73;238;227;11;502;483;19;8
2020;10;02;APART HOTEL;05;5 ESTRELLAS;LIMA;150000;6;399;674;28,01;22,64;2,68;2,65;5,05;1767;1747;20;4731;4630;101;177
2020;10;01;HOTEL;03;3 ESTRELLAS;MADRE DE DIOS;170000;3;134;247;26,36;19,5;2,35;2,37;1,83;636;612;24;1493;1449;44;29
2020;10;01;HOTEL;03;3 ESTRELLAS;PASCO;190000;4;114;220;85,06;45,94;1;1;0;3133;3133;0;3133;3133;0;19
2020;10;01;HOTEL;TT;TODAS CONSOLIDADAS;LAMBAYEQUE;140000;111;3589;5670;17,95;14,2;1,42;1,41;1,81;17583;17114;469;24956;24109;847;798
2020;10;01;HOTEL;TT;TODAS CONSOLIDADAS;MOQUEGUA;180000;22;712;1239;35,18;22,8;3,67;3,32;8,53;2385;2226;159;8757;7401;1356;133
2020;10;02;APART HOTEL;TT;TODAS CONSOLIDADAS;ÁNCASH;020000;2;16;44;10,89;10,85;1,2;1,2;0;123;123;0;148;148;0;4
2020;10;02;APART HOTEL;TT;TODAS CONSOLIDADAS;APURÍMAC;030000;1;23;31;16,55;22,48;1,62;1,64;1;133;130;3;216;213;3;5
2020;10;02;APART HOTEL;TT;TODAS CONSOLIDADAS;AREQUIPA;040000;2;37;72;8,63;9,45;2,64;2,69;1,33;80;77;3;211;207;4;7
2020;10;02;APART HOTEL;TT;TODAS CONSOLIDADAS;ICA;110000;2;27;58;0;0;0;0;0;0;0;0;0;0;0;0
2020;10;02;APART HOTEL;TT;TODAS CONSOLIDADAS;LA LIBERTAD;130000;2;38;81;0;0;0;0;0;0;0;0;0;0;0;0
2020;10;02;APART HOTEL;TT;TODAS CONSOLIDADAS;LIMA;150000;22;1266;2452;30,19;21,55;4,2;4,05;6,84;3902;3698;204;16380;14985;1395;489
2020;10;02;APART HOTEL;TT;TODAS CONSOLIDADAS;LORETO;160000;1;16;40;17,74;9,19;2,04;2,04;0;56;56;0;114;114;0;12
2020;10;02;APART HOTEL;TT;TODAS CONSOLIDADAS;PASCO;190000;1;15;17;0;0;0;0;0;0;0;0;0;0;0;0
2020;10;02;APART HOTEL;TT;TODAS CONSOLIDADAS;SAN MARTÍN;220000;1;20;49;48,71;33,05;2,11;2,13;1,73;238;227;11;502;483;19;8
2020;10;02;APART HOTEL;TT;TODAS CONSOLIDADAS;TUMBES;240000;1;6;26;84,41;57,07;3,33;3,33;0;138;138;0;460;460;0;13
2020;10;03;HOSTAL;01;1 ESTRELLA;AMAZONAS;010000;15;201;300;0;0;0;0;0;0;0;0;0;0;0;0
2020;10;03;HOSTAL;01;1 ESTRELLA;ÁNCASH;020000;39;511;845;27,26;26,74;1,08;1,08;1;6488;6483;5;7005;7000;5;86
2020;10;03;HOSTAL;01;1 ESTRELLA;APURÍMAC;030000;1;14;19;0;0;0;0;0;0;0;0;0;0;0;0
2020;10;03;HOSTAL;01;1 ESTRELLA;AREQUIPA;040000;48;711;1135;33,5;26,48;1,86;1,86;1;5016;5005;11;9316;9305;11;119
2020;10;03;HOSTAL;01;1 ESTRELLA;AYACUCHO;050000;3;83;144;8,16;5,29;1,02;1,02;0;232;232;0;236;236;0;14
2020;10;03;HOSTAL;01;1 ESTRELLA;CAJAMARCA;060000;22;392;651;0;0;0;0;0;0;0;0;0;0;0;0
2020;10;03;HOSTAL;01;1 ESTRELLA;CALLAO;070000;10;197;396;22,73;22,41;1;1;1;2977;2976;1;2977;2976;1;33
2020;10;03;HOSTAL;01;1 ESTRELLA;CUSCO;080000;23;348;578;25,93;19,97;1,06;1,06;1,5;3363;3359;4;3579;3573;6;51
2020;10;03;HOSTAL;01;1 ESTRELLA;HUANCAVELICA;090000;2;29;45;49,5;30,9;1,02;1,02;0;422;422;0;431;431;0;4
2020;10;03;HOSTAL;01;1 ESTRELLA;HUÁNUCO;100000;13;215;313;68,31;55,52;1,06;1,06;0;5096;5096;0;5387;5387;0;36
2020;10;03;HOSTAL;01;1 ESTRELLA;ICA;110000;11;157;237;,31;,34;1;1;0;25;25;0;25;25;0;26
2020;10;03;HOSTAL;01;1 ESTRELLA;JUNÍN;120000;9;146;242;31,79;24,57;1,24;1,24;0;1492;1492;0;1843;1843;0;28
2020;10;03;HOSTAL;01;1 ESTRELLA;LA LIBERTAD;130000;34;483;843;5,46;6,07;1;1;0;1586;1586;0;1586;1586;0;83
2020;10;03;HOSTAL;01;1 ESTRELLA;LAMBAYEQUE;140000;23;302;422;20,34;20,07;1,19;1,18;1,49;2211;2129;82;2625;2503;122;54
2020;10;03;HOSTAL;01;1 ESTRELLA;LIMA;150000;63;1291;2624;25,58;24,63;1,14;1,14;1,17;19635;19115;520;22431;21822;609;263
2020;10;03;HOSTAL;01;1 ESTRELLA;LORETO;160000;5;74;108;1,39;1,52;7,29;7,29;0;7;7;0;51;51;0;12
2020;10;03;HOSTAL;01;1 ESTRELLA;MOQUEGUA;180000;13;181;314;11,23;7,65;1,1;1,09;1,6;676;656;20;745;713;32;32
2020;10;03;HOSTAL;01;1 ESTRELLA;PASCO;190000;16;251;374;46,92;27,18;1,84;1,84;1,25;1717;1701;16;3151;3131;20;45
2020;10;03;HOSTAL;01;1 ESTRELLA;PIURA;200000;3;69;107;0;0;0;0;0;0;0;0;0;0;0;0
2020;10;03;HOSTAL;01;1 ESTRELLA;PUNO;210000;17;310;536;13,51;9,05;1;1;1;1502;1495;7;1503;1496;7;49
2020;10;03;HOSTAL;01;1 ESTRELLA;SAN MARTÍN;220000;1;20;33;0;0;0;0;0;0;0;0;0;0;0;0
2020;10;03;HOSTAL;01;1 ESTRELLA;TACNA;230000;8;155;275;3,62;2,53;1;1;1;216;213;3;216;213;3;21
2020;10;03;HOSTAL;02;2 ESTRELLAS;AMAZONAS;010000;54;936;1470;15,33;12,24;1,02;1,02;0;5466;5466;0;5579;5579;0;152
2020;10;03;HOSTAL;02;2 ESTRELLAS;ÁNCASH;020000;119;1928;3255;32,31;30,98;1,07;1,07;1,03;29142;28999;143;31257;31110;147;324
2020;10;03;HOSTAL;02;2 ESTRELLAS;APURÍMAC;030000;5;99;151;40,99;29,22;1,07;1,07;1;1276;1268;8;1368;1360;8;18
2020;10;03;HOSTAL;02;2 ESTRELLAS;AREQUIPA;040000;122;1974;3527;15,41;17,54;1,45;1,45;1,55;13249;13073;176;19173;18901;272;353
2020;10;03;HOSTAL;02;2 ESTRELLAS;AYACUCHO;050000;4;43;82;0;0;0;0;0;0;0;0;0;0;0;0
2020;10;03;HOSTAL;02;2 ESTRELLAS;CAJAMARCA;060000;108;2044;3290;10,27;9,95;1,36;1,37;1,04;7436;7413;23;10150;10126;24;327
2020;10;03;HOSTAL;02;2 ESTRELLAS;CALLAO;070000;4;120;240;79,79;79,79;1;1;1;6728;6703;25;6728;6703;25;29
2020;10;03;HOSTAL;02;2 ESTRELLAS;CUSCO;080000;56;893;1549;21,81;16,35;1,98;1,98;2,43;3960;3916;44;7851;7744;107;155
2020;10;03;HOSTAL;02;2 ESTRELLAS;HUANCAVELICA;090000;1;10;10;0;0;0;0;0;0;0;0;0;0;0;0
2020;10;03;HOSTAL;02;2 ESTRELLAS;HUÁNUCO;100000;16;199;307;24,64;20,01;1,1;1,1;0;1732;1732;0;1904;1904;0;32
2020;10;03;HOSTAL;02;2 ESTRELLAS;ICA;110000;60;894;1498;30,49;23,64;1,72;1,72;0;6385;6385;0;10980;10980;0;148
2020;10;03;HOSTAL;02;2 ESTRELLAS;JUNÍN;120000;22;440;845;21,51;13,34;1,69;1,69;0;2073;2073;0;3494;3494;0;80
2020;10;03;HOSTAL;02;2 ESTRELLAS;LA LIBERTAD;130000;136;2279;4194;19,44;13,49;1,05;1,04;3,1;16732;16684;48;17537;17388;149;397
2020;10;03;HOSTAL;02;2 ESTRELLAS;LAMBAYEQUE;140000;150;2237;3150;20,59;15,84;1,18;1,18;1,08;13145;12968;177;15466;15274;192;404
2020;10;03;HOSTAL;02;2 ESTRELLAS;LIMA;150000;113;2660;5007;26,93;25,21;1,79;1,74;3,54;31931;31087;843;57117;54131;2986;670
2020;10;03;HOSTAL;02;2 ESTRELLAS;LORETO;160000;5;76;115;0;0;0;0;0;0;0;0;0;0;0;0
2020;10;03;HOSTAL;02;2 ESTRELLAS;MADRE DE DIOS;170000;2;35;62;71,15;40,32;1,64;1,62;1,95;473;451;22;775;732;43;6
2020;10;03;HOSTAL;02;2 ESTRELLAS;MOQUEGUA;180000;27;362;583;18,45;16,98;4;4,08;1,38;768;744;24;3069;3036;33;57
2020;10;03;HOSTAL;02;2 ESTRELLAS;PASCO;190000;11;183;349;40,97;24,05;1,59;1,59;0;1636;1636;0;2602;2602;0;30
2020;10;03;HOSTAL;02;2 ESTRELLAS;PIURA;200000;28;559;897;37,58;27,79;2,53;2,46;3,54;3050;2830;220;7728;6949;779;104
2020;10;03;HOSTAL;02;2 ESTRELLAS;PUNO;210000;34;521;1010;28,64;17,46;2,54;2,54;0;2150;2150;0;5467;5467;0;90
2020;10;03;HOSTAL;02;2 ESTRELLAS;SAN MARTÍN;220000;16;254;429;31,74;23,87;1,5;1,49;2,43;2121;2107;14;3174;3140;34;43
2020;10;03;HOSTAL;02;2 ESTRELLAS;TACNA;230000;20;323;579;0;0;0;0;0;0;0;0;0;0;0;0
2020;10;03;HOSTAL;02;2 ESTRELLAS;TUMBES;240000;5;65;130;13,7;15,06;1,65;1,65;0;367;367;0;607;607;0;21
2020;10;03;HOSTAL;02;2 ESTRELLAS;UCAYALI;250000;2;70;127;19,45;13,64;1,31;1,32;1,14;409;402;7;537;529;8;13
2020;10;03;HOSTAL;03;3 ESTRELLAS;AMAZONAS;010000;5;66;163;0;0;0;0;0;0;0;0;0;0;0;0
2020;10;03;HOSTAL;03;3 ESTRELLAS;ÁNCASH;020000;19;297;544;22,07;19,93;2,79;2,79;0;1205;1205;0;3361;3361;0;50
2020;10;03;HOSTAL;03;3 ESTRELLAS;APURÍMAC;030000;1;24;43;40,19;22,43;2,01;2,01;0;149;149;0;299;299;0;7
2020;10;03;HOSTAL;03;3 ESTRELLAS;AREQUIPA;040000;35;609;1095;27,51;20,32;2,44;2,44;2,55;2824;2813;11;6897;6869;28;120
2020;10;03;HOSTAL;03;3 ESTRELLAS;AYACUCHO;050000;2;40;83;18,55;13,41;1,47;1,47;1,44;235;217;18;345;319;26;22
2020;10;03;HOSTAL;03;3 ESTRELLAS;CAJAMARCA;060000;43;679;1145;19,17;12,35;1,45;1,45;1,14;3030;2995;35;4384;4344;40;120
2020;10;03;HOSTAL;03;3 ESTRELLAS;CUSCO;080000;22;435;819;4,81;2,73;1,81;1,8;2,57;383;376;7;694;676;18;72
2020;10;03;HOSTAL;03;3 ESTRELLAS;HUANCAVELICA;090000;3;59;94;19,3;15,44;1,43;1,43;0;315;315;0;450;450;0;7
2020;10;03;HOSTAL;03;3 ESTRELLAS;HUÁNUCO;100000;1;14;24;12,21;10,48;1;1;0;78;78;0;78;78;0;4
2020;10;03;HOSTAL;03;3 ESTRELLAS;ICA;110000;31;587;1071;20,27;14,09;1,57;1,58;1,21;2972;2943;29;4677;4642;35;141
2020;10;03;HOSTAL;03;3 ESTRELLAS;JUNÍN;120000;3;60;103;56,29;41,68;1,78;1,78;2;747;746;1;1331;1329;2;38
2020;10;03;HOSTAL;03;3 ESTRELLAS;LA LIBERTAD;130000;63;1020;1883;34,08;28,84;1,16;1,16;1,35;14520;14390;130;16833;16658;175;179
2020;10;03;HOSTAL;03;3 ESTRELLAS;LAMBAYEQUE;140000;27;399;575;24,88;17,88;1,43;1,42;1,66;2228;2097;131;3188;2971;217;97
2020;10;03;HOSTAL;03;3 ESTRELLAS;LIMA;150000;16;327;659;7,49;7,48;1,05;1,05;0;1492;1492;0;1565;1565;0;52
2020;10;03;HOSTAL;03;3 ESTRELLAS;LORETO;160000;6;103;156;13,44;11,81;2,29;2,27;7;249;248;1;571;564;7;22
2020;10;03;HOSTAL;03;3 ESTRELLAS;MADRE DE DIOS;170000;1;22;29;2,93;3,23;1,45;1,45;0;20;20;0;29;29;0;2
2020;10;03;HOSTAL;03;3 ESTRELLAS;MOQUEGUA;180000;3;41;67;0;0;0;0;0;0;0;0;0;0;0;0
2020;10;03;HOSTAL;03;3 ESTRELLAS;PASCO;190000;1;9;18;39,43;20,43;1,09;1,09;0;105;105;0;114;114;0;3
2020;10;03;HOSTAL;03;3 ESTRELLAS;PIURA;200000;3;46;99;34,85;29,42;2,69;2,7;2,2;336;326;10;903;881;22;11
2020;10;03;HOSTAL;03;3 ESTRELLAS;PUNO;210000;7;147;287;27,25;15,62;2,35;2,36;1,25;592;588;4;1390;1385;5;33
2020;10;03;HOSTAL;03;3 ESTRELLAS;SAN MARTÍN;220000;5;93;174;19,35;23,77;1,27;1,27;1,07;1012;998;14;1282;1267;15;19
2020;10;03;HOSTAL;03;3 ESTRELLAS;TACNA;230000;6;105;205;19,54;13,36;2,21;2,21;0;385;385;0;849;849;0;18
2020;10;03;HOSTAL;03;3 ESTRELLAS;TUMBES;240000;5;83;174;12,05;8,77;1,2;1,2;0;393;393;0;473;473;0;15
2020;10;03;HOSTAL;03;3 ESTRELLAS;UCAYALI;250000;2;45;67;3,51;3,03;1,97;1,97;0;32;32;0;63;63;0;4
2020;10;03;HOSTAL;TT;TODAS CONSOLIDADAS;AMAZONAS;010000;74;1203;1933;11,93;9,31;1,02;1,02;0;5466;5466;0;5579;5579;0;152
2020;10;03;HOSTAL;TT;TODAS CONSOLIDADAS;ÁNCASH;020000;177;2736;4644;30,26;28,91;1,13;1,13;1,03;36835;36687;148;41623;41471;152;460
2020;10;03;HOSTAL;TT;TODAS CONSOLIDADAS;AREQUIPA;040000;205;3294;5757;21,55;19,83;1,68;1,68;1,57;21089;20891;198;35386;35075;311;592
2020;10;03;HOSTAL;TT;TODAS CONSOLIDADAS;AYACUCHO;050000;9;166;309;8,55;6,07;1,24;1,24;1,44;467;449;18;581;555;26;36
2020;10;03;HOSTAL;TT;TODAS CONSOLIDADAS;CAJAMARCA;060000;173;3115;5086;10,92;9,22;1,39;1,39;1,1;10466;10408;58;14534;14470;64;447
2020;10;03;HOSTAL;TT;TODAS CONSOLIDADAS;CALLAO;070000;14;317;636;45,92;45,63;1;1;1;9982;9954;28;9982;9954;28;63
2020;10;03;HOSTAL;TT;TODAS CONSOLIDADAS;CUSCO;080000;101;1676;2946;18,25;13,28;1,57;1,57;2,38;7706;7651;55;12124;11993;131;278
2020;10;03;HOSTAL;TT;TODAS CONSOLIDADAS;HUANCAVELICA;090000;6;98;149;26,27;19,07;1,2;1,2;0;737;737;0;881;881;0;11
2020;10;03;HOSTAL;TT;TODAS CONSOLIDADAS;HUÁNUCO;100000;30;428;644;46,17;36,91;1,07;1,07;0;6906;6906;0;7369;7369;0;72
2020;10;03;HOSTAL;TT;TODAS CONSOLIDADAS;ICA;110000;102;1638;2806;23,94;18,03;1,67;1,67;1,21;9382;9353;29;15682;15647;35;315
2020;10;03;HOSTAL;TT;TODAS CONSOLIDADAS;JUNÍN;120000;34;646;1190;27,06;18,08;1,55;1,55;2;4312;4311;1;6668;6666;2;146
2020;10;03;HOSTAL;TT;TODAS CONSOLIDADAS;LA LIBERTAD;130000;233;3782;6920;21,6;16,76;1,09;1,09;1,82;32838;32660;178;35956;35632;324;659
2020;10;03;HOSTAL;TT;TODAS CONSOLIDADAS;LAMBAYEQUE;140000;200;2938;4147;21,15;16,55;1,21;1,21;1,36;17584;17194;390;21279;20748;531;555
2020;10;03;HOSTAL;TT;TODAS CONSOLIDADAS;LIMA;150000;192;4278;8290;23,12;21,88;1,44;1,42;2,39;48117;46951;1166;69249;66464;2785;903
2020;10;03;HOSTAL;TT;TODAS CONSOLIDADAS;LORETO;160000;16;253;379;5,88;5,29;2,43;2,41;7;256;255;1;622;615;7;34
2020;10;03;HOSTAL;TT;TODAS CONSOLIDADAS;MADRE DE DIOS;170000;3;57;91;44,82;28,5;1,63;1,62;1,95;493;471;22;804;761;43;8
2020;10;03;HOSTAL;TT;TODAS CONSOLIDADAS;MOQUEGUA;180000;43;584;964;14,92;12,76;2,64;2,68;1,48;1444;1400;44;3814;3749;65;89
2020;10;03;HOSTAL;TT;TODAS CONSOLIDADAS;PASCO;190000;28;443;741;44,31;25,54;1,7;1,7;1,25;3458;3442;16;5867;5847;20;78
2020;10;03;HOSTAL;TT;TODAS CONSOLIDADAS;PIURA;200000;34;674;1103;33,55;25,24;2,55;2,48;3,48;3386;3156;230;8631;7830;801;115
2020;10;03;HOSTAL;TT;TODAS CONSOLIDADAS;PUNO;210000;58;978;1833;23,64;14,71;1,97;1,97;1,09;4244;4233;11;8360;8348;12;172
2020;10;03;HOSTAL;TT;TODAS CONSOLIDADAS;SAN MARTÍN;220000;22;367;636;26,87;22,6;1,42;1,42;1,75;3133;3105;28;4456;4407;49;62
2020;10;03;HOSTAL;TT;TODAS CONSOLIDADAS;TACNA;230000;34;583;1059;4,48;3,24;1,77;1,78;1;601;598;3;1065;1062;3;39
2020;10;03;HOSTAL;TT;TODAS CONSOLIDADAS;TUMBES;240000;10;148;304;12,77;11,46;1,42;1,42;0;760;760;0;1080;1080;0;36
2020;10;03;HOSTAL;TT;TODAS CONSOLIDADAS;UCAYALI;250000;4;115;194;13,21;9,98;1,36;1,36;1,14;441;434;7;600;592;8;17
2020;10;05;ALBERGUE;12;ALBERGUE;ÁNCASH;020000;5;48;106;0;0;0;0;0;0;0;0;0;0;0;0
2020;10;05;ALBERGUE;12;ALBERGUE;APURÍMAC;030000;1;8;21;0;0;0;0;0;0;0;0;0;0;0;0
2020;10;05;ALBERGUE;12;ALBERGUE;AREQUIPA;040000;1;12;24;0;0;0;0;0;0;0;0;0;0;0;0
2020;10;05;ALBERGUE;12;ALBERGUE;CAJAMARCA;060000;1;11;22;0;0;0;0;0;0;0;0;0;0;0;0
2020;10;05;ALBERGUE;12;ALBERGUE;CUSCO;080000;17;253;773;0;0;0;0;0;0;0;0;0;0;0;0
2020;10;05;ALBERGUE;12;ALBERGUE;ICA;110000;2;18;43;20,07;17,25;1,77;1,77;0;130;130;0;230;230;0;5
2020;10;05;ALBERGUE;12;ALBERGUE;JUNÍN;120000;1;32;104;35,18;27,26;1,52;1,53;1,15;578;558;20;879;856;23;12
2020;10;05;ALBERGUE;12;ALBERGUE;LIMA;150000;6;84;227;25,38;11,27;8,35;7,55;10;95;64;31;793;483;310;16
2020;10;05;ALBERGUE;12;ALBERGUE;LORETO;160000;46;719;1502;5,5;3,81;1,52;1,51;1,62;1169;1067;102;1774;1609;165;149
2020;10;05;ALBERGUE;12;ALBERGUE;MADRE DE DIOS;170000;3;94;229;0;0;0;0;0;0;0;0;0;0;0;0
2020;10;05;ALBERGUE;12;ALBERGUE;PASCO;190000;7;149;389;0;0;0;0;0;0;0;0;0;0;0;0
2020;10;05;ALBERGUE;12;ALBERGUE;PUNO;210000;1;13;35;0;0;0;0;0;0;0;0;0;0;0;0
2020;10;05;ALBERGUE;12;ALBERGUE;SAN MARTÍN;220000;7;87;197;0;0;0;0;0;0;0;0;0;0;0;0
2020;10;05;ALBERGUE;12;ALBERGUE;UCAYALI;250000;2;31;87;1,46;,89;1,71;1,71;0;14;14;0;24;24;0;5
2020;10;05;ALBERGUE;TT;TODAS CONSOLIDADAS;ÁNCASH;020000;5;48;106;0;0;0;0;0;0;0;0;0;0;0;0
2020;10;05;ALBERGUE;TT;TODAS CONSOLIDADAS;APURÍMAC;030000;1;8;21;0;0;0;0;0;0;0;0;0;0;0;0
2020;10;05;ALBERGUE;TT;TODAS CONSOLIDADAS;AREQUIPA;040000;1;12;24;0;0;0;0;0;0;0;0;0;0;0;0
2020;10;05;ALBERGUE;TT;TODAS CONSOLIDADAS;CAJAMARCA;060000;1;11;22;0;0;0;0;0;0;0;0;0;0;0;0
2020;10;05;ALBERGUE;TT;TODAS CONSOLIDADAS;CUSCO;080000;17;253;773;0;0;0;0;0;0;0;0;0;0;0;0
2020;10;05;ALBERGUE;TT;TODAS CONSOLIDADAS;ICA;110000;2;18;43;20,07;17,25;1,77;1,77;0;130;130;0;230;230;0;5
2020;10;05;ALBERGUE;TT;TODAS CONSOLIDADAS;JUNÍN;120000;1;32;104;35,18;27,26;1,52;1,53;1,15;578;558;20;879;856;23;12
2020;10;05;ALBERGUE;TT;TODAS CONSOLIDADAS;LIMA;150000;6;84;227;25,38;11,27;8,35;7,55;10;95;64;31;793;483;310;16
2020;10;05;ALBERGUE;TT;TODAS CONSOLIDADAS;LORETO;160000;46;719;1502;5,5;3,81;1,52;1,51;1,62;1169;1067;102;1774;1609;165;149
2020;10;05;ALBERGUE;TT;TODAS CONSOLIDADAS;MADRE DE DIOS;170000;3;94;229;0;0;0;0;0;0;0;0;0;0;0;0
2020;10;05;ALBERGUE;TT;TODAS CONSOLIDADAS;PASCO;190000;7;149;389;0;0;0;0;0;0;0;0;0;0;0;0
2020;10;05;ALBERGUE;TT;TODAS CONSOLIDADAS;PUNO;210000;1;13;35;0;0;0;0;0;0;0;0;0;0;0;0
2020;10;05;ALBERGUE;TT;TODAS CONSOLIDADAS;SAN MARTÍN;220000;7;87;197;0;0;0;0;0;0;0;0;0;0;0;0
2020;10;05;ALBERGUE;TT;TODAS CONSOLIDADAS;UCAYALI;250000;2;31;87;1,46;,89;1,71;1,71;0;14;14;0;24;24;0;5
2020;10;14;RESORT;03;3 ESTRELLAS;ICA;110000;1;51;86;0;0;0;0;0;0;0;0;0;0;0;0
2020;10;14;RESORT;05;5 ESTRELLAS;ICA;110000;2;235;490;71,2;48,58;3,22;3,19;3,84;2295;2221;74;7379;7095;284;278
2020;10;14;RESORT;TT;TODAS CONSOLIDADAS;ICA;110000;3;286;576;58,5;41,33;3,22;3,19;3,84;2295;2221;74;7379;7095;284;278
2020;10;16;ECOLODGE;13;ECOLODGE;AREQUIPA;040000;2;58;148;36,93;35,18;1,64;1,63;1,95;986;966;20;1614;1575;39;67
2020;10;16;ECOLODGE;13;ECOLODGE;SAN MARTÍN;220000;1;12;24;0;0;0;0;0;0;0;0;0;0;0;0
2020;10;16;ECOLODGE;TT;TODAS CONSOLIDADAS;AREQUIPA;040000;2;58;148;36,93;35,18;1,64;1,63;1,95;986;966;20;1614;1575;39;67
2020;10;16;ECOLODGE;TT;TODAS CONSOLIDADAS;SAN MARTÍN;220000;1;12;24;0;0;0;0;0;0;0;0;0;0;0;0
2020;10;TT;TODAS CONSOLIDADAS;00;NO CATEGORIZADO;AMAZONAS;010000;35;562;964;9,99;7,72;1,14;1,14;0;2022;2022;0;2308;2308;0;50
2020;10;TT;TODAS CONSOLIDADAS;00;NO CATEGORIZADO;ÁNCASH;020000;312;4244;7487;8,6;7,63;1,41;1,41;1,21;12581;12548;33;17715;17675;40;635
2020;10;TT;TODAS CONSOLIDADAS;00;NO CATEGORIZADO;APURÍMAC;030000;132;2425;3653;25,67;19,63;1,21;1,21;1,16;18332;18246;86;22224;22124;100;438
2020;10;TT;TODAS CONSOLIDADAS;00;NO CATEGORIZADO;AREQUIPA;040000;546;7299;12722;18,14;14,46;1,51;1,52;1,08;37797;37159;638;57044;56358;686;1238
2020;10;TT;TODAS CONSOLIDADAS;00;NO CATEGORIZADO;AYACUCHO;050000;332;4627;7430;11,57;8,54;1,19;1,19;1,3;16568;16518;50;19680;19615;65;763
2020;10;TT;TODAS CONSOLIDADAS;00;NO CATEGORIZADO;CAJAMARCA;060000;330;4885;7572;17,84;15,23;1,19;1,19;1;30076;29966;110;35743;35633;110;813
2020;10;TT;TODAS CONSOLIDADAS;00;NO CATEGORIZADO;CALLAO;070000;256;3600;6649;30,06;28,95;1,01;1,01;1;105410;105244;166;106351;106185;166;976
2020;10;TT;TODAS CONSOLIDADAS;00;NO CATEGORIZADO;CUSCO;080000;967;12874;24516;16,24;12,05;1,26;1,25;2,08;72518;71851;667;91550;90160;1390;2120
2020;10;TT;TODAS CONSOLIDADAS;00;NO CATEGORIZADO;HUANCAVELICA;090000;97;1726;2614;17,23;13,92;1,24;1,25;1;9062;9053;9;11281;11272;9;281
2020;10;TT;TODAS CONSOLIDADAS;00;NO CATEGORIZADO;HUÁNUCO;100000;256;4296;6167;21,62;19,66;1,06;1,06;1,08;35470;35352;118;37582;37454;128;652
2020;10;TT;TODAS CONSOLIDADAS;00;NO CATEGORIZADO;JUNÍN;120000;624;9684;15636;15,62;11,94;1,22;1,22;1,76;47482;47233;249;57861;57422;439;1570
2020;10;TT;TODAS CONSOLIDADAS;00;NO CATEGORIZADO;LAMBAYEQUE;140000;253;3294;4701;20,86;17,32;1,02;1,02;1;24677;24385;292;25243;24950;293;568
2020;10;TT;TODAS CONSOLIDADAS;00;NO CATEGORIZADO;LIMA;150000;6097;52846;92070;23,3;21,28;1,12;1,12;1,12;2393904;2347936;45968;2673294;2621599;51695;33589
2020;10;TT;TODAS CONSOLIDADAS;00;NO CATEGORIZADO;LORETO;160000;349;5150;7998;15,62;12,46;2,02;2,03;1,68;15266;15038;228;30886;30504;382;823
2020;10;TT;TODAS CONSOLIDADAS;00;NO CATEGORIZADO;MADRE DE DIOS;170000;141;2908;4721;26,68;20,96;1,26;1,23;1,89;24414;23561;853;30682;29067;1615;463
2020;10;TT;TODAS CONSOLIDADAS;00;NO CATEGORIZADO;MOQUEGUA;180000;112;1469;2608;11,49;7,79;1,5;1,49;2,6;4211;4201;10;6297;6271;26;247
2020;10;TT;TODAS CONSOLIDADAS;00;NO CATEGORIZADO;PASCO;190000;211;3093;4759;25,26;18,37;1,3;1,3;1;20840;20837;3;27096;27093;3;517
2020;10;TT;TODAS CONSOLIDADAS;00;NO CATEGORIZADO;PIURA;200000;455;6506;11500;25,29;21,39;1,61;1,54;4,68;47453;46441;1012;76273;71540;4733;1141
2020;10;TT;TODAS CONSOLIDADAS;00;NO CATEGORIZADO;PUNO;210000;384;5060;8815;19,37;16,67;1,24;1,25;1,03;36745;35792;953;45551;44570;981;868
2020;10;TT;TODAS CONSOLIDADAS;00;NO CATEGORIZADO;SAN MARTÍN;220000;451;7155;11253;26,88;21,02;1,34;1,34;1,47;54568;54087;481;73328;72622;706;1171
2020;10;TT;TODAS CONSOLIDADAS;00;NO CATEGORIZADO;TACNA;230000;233;3148;5910;7,64;5,25;1,44;1,44;1,33;6681;6483;198;9620;9356;264;354
2020;10;TT;TODAS CONSOLIDADAS;00;NO CATEGORIZADO;TUMBES;240000;120;1650;3236;18,92;15,71;1,71;1,72;1,65;9222;8040;1182;15762;13817;1945;239
2020;10;TT;TODAS CONSOLIDADAS;00;NO CATEGORIZADO;UCAYALI;250000;211;3908;5871;28,19;24,73;1,71;1,7;2,17;26318;25759;559;45008;43795;1213;650
2020;10;TT;TODAS CONSOLIDADAS;01;1 ESTRELLA;AMAZONAS;010000;16;221;343;0;0;0;0;0;0;0;0;0;0;0;0
2020;10;TT;TODAS CONSOLIDADAS;01;1 ESTRELLA;ÁNCASH;020000;48;801;1299;21,36;19,65;1,07;1,07;1;7396;7391;5;7913;7908;5;133
2020;10;TT;TODAS CONSOLIDADAS;01;1 ESTRELLA;APURÍMAC;030000;3;94;134;11,91;10,66;1;1;0;441;441;0;443;443;0;8
2020;10;TT;TODAS CONSOLIDADAS;01;1 ESTRELLA;AREQUIPA;040000;53;889;1420;26,79;21,16;1,86;1,86;1;5016;5005;11;9316;9305;11;119
2020;10;TT;TODAS CONSOLIDADAS;01;1 ESTRELLA;AYACUCHO;050000;10;258;444;7,63;7,09;1,68;1,68;0;582;582;0;976;976;0;45
2020;10;TT;TODAS CONSOLIDADAS;01;1 ESTRELLA;CAJAMARCA;060000;28;562;935;1,38;1,16;1,16;1,16;0;289;289;0;336;336;0;27
2020;10;TT;TODAS CONSOLIDADAS;01;1 ESTRELLA;CALLAO;070000;11;234;470;22,73;22,41;1;1;1;3275;3273;2;3275;3273;2;36
2020;10;TT;TODAS CONSOLIDADAS;01;1 ESTRELLA;CUSCO;080000;28;470;813;23,95;17,62;1,05;1,05;1,5;4225;4221;4;4441;4435;6;67
2020;10;TT;TODAS CONSOLIDADAS;01;1 ESTRELLA;HUANCAVELICA;090000;2;29;45;49,5;30,9;1,02;1,02;0;422;422;0;431;431;0;4
2020;10;TT;TODAS CONSOLIDADAS;01;1 ESTRELLA;HUÁNUCO;100000;21;455;670;54,32;47,01;1,08;1,08;0;9076;9076;0;9764;9764;0;76
2020;10;TT;TODAS CONSOLIDADAS;01;1 ESTRELLA;ICA;110000;15;239;345;,2;,23;1;1;0;25;25;0;25;25;0;26
2020;10;TT;TODAS CONSOLIDADAS;01;1 ESTRELLA;JUNÍN;120000;12;299;538;23,24;16,72;1,33;1,33;0;2100;2100;0;2788;2788;0;42
2020;10;TT;TODAS CONSOLIDADAS;01;1 ESTRELLA;LA LIBERTAD;130000;36;529;931;4,98;5,5;1;1;0;1586;1586;0;1586;1586;0;83
2020;10;TT;TODAS CONSOLIDADAS;01;1 ESTRELLA;LAMBAYEQUE;140000;27;426;610;14,42;13,88;1,19;1,18;1,49;2211;2129;82;2625;2503;122;54
2020;10;TT;TODAS CONSOLIDADAS;01;1 ESTRELLA;LIMA;150000;69;1526;3077;26,87;25,92;1,13;1,13;1,18;23810;23253;557;26844;26186;658;297
2020;10;TT;TODAS CONSOLIDADAS;01;1 ESTRELLA;MADRE DE DIOS;170000;1;20;34;7,1;6,45;2;2;0;34;34;0;68;68;0;3
2020;10;TT;TODAS CONSOLIDADAS;01;1 ESTRELLA;MOQUEGUA;180000;14;201;355;10,11;6,77;1,1;1,09;1,6;676;656;20;745;713;32;32
2020;10;TT;TODAS CONSOLIDADAS;01;1 ESTRELLA;PASCO;190000;18;323;505;36,46;20,13;1,84;1,84;1,25;1717;1701;16;3151;3131;20;45
2020;10;TT;TODAS CONSOLIDADAS;01;1 ESTRELLA;PIURA;200000;5;122;190;0;0;0;0;0;0;0;0;0;0;0;0
2020;10;TT;TODAS CONSOLIDADAS;01;1 ESTRELLA;PUNO;210000;22;441;770;13,89;9,97;1,14;1,14;1;2095;2084;11;2380;2369;11;67
2020;10;TT;TODAS CONSOLIDADAS;01;1 ESTRELLA;SAN MARTÍN;220000;7;146;232;0;0;0;0;0;0;0;0;0;0;0;0
2020;10;TT;TODAS CONSOLIDADAS;01;1 ESTRELLA;TACNA;230000;10;212;387;5,3;3,7;1,31;1,29;2,38;338;330;8;444;425;19;26
2020;10;TT;TODAS CONSOLIDADAS;02;2 ESTRELLAS;AMAZONAS;010000;82;1678;2611;19,28;16,22;1,36;1,34;2,39;9676;9535;141;13132;12795;337;274
2020;10;TT;TODAS CONSOLIDADAS;02;2 ESTRELLAS;ÁNCASH;020000;154;2894;5006;27,6;24,52;1,09;1,09;1,03;35010;34862;148;38059;37907;152;475
2020;10;TT;TODAS CONSOLIDADAS;02;2 ESTRELLAS;APURÍMAC;030000;8;259;425;32,33;26,25;1,83;1,84;1;1886;1878;8;3459;3451;8;31
2020;10;TT;TODAS CONSOLIDADAS;02;2 ESTRELLAS;AREQUIPA;040000;161;3109;5522;16,72;15,95;1,62;1,62;1,61;16834;16623;211;27301;26962;339;545
2020;10;TT;TODAS CONSOLIDADAS;02;2 ESTRELLAS;AYACUCHO;050000;11;247;467;3,46;4,19;2,1;2,1;0;289;289;0;607;607;0;34
2020;10;TT;TODAS CONSOLIDADAS;02;2 ESTRELLAS;CAJAMARCA;060000;144;3090;4920;9,97;9,46;1,34;1,34;1,01;10745;10676;69;14424;14354;70;493
2020;10;TT;TODAS CONSOLIDADAS;02;2 ESTRELLAS;CALLAO;070000;4;120;240;79,79;79,79;1;1;1;6728;6703;25;6728;6703;25;29
2020;10;TT;TODAS CONSOLIDADAS;02;2 ESTRELLAS;CUSCO;080000;98;1963;3446;17,45;13,57;2,04;2,04;2,42;7104;7037;67;14494;14332;162;352
2020;10;TT;TODAS CONSOLIDADAS;02;2 ESTRELLAS;HUANCAVELICA;090000;3;52;83;5,33;4,47;1;1;0;115;115;0;115;115;0;11
2020;10;TT;TODAS CONSOLIDADAS;02;2 ESTRELLAS;HUÁNUCO;100000;54;1363;2142;16,65;13,3;1,11;1,11;1;7959;7937;22;8834;8812;22;219
2020;10;TT;TODAS CONSOLIDADAS;02;2 ESTRELLAS;ICA;110000;109;2214;3749;20,78;15,64;1,9;1,9;1;9571;9551;20;18176;18156;20;374
2020;10;TT;TODAS CONSOLIDADAS;02;2 ESTRELLAS;JUNÍN;120000;47;1183;2179;21,55;13,8;1,51;1,51;1,44;6175;6148;27;9320;9281;39;193
2020;10;TT;TODAS CONSOLIDADAS;02;2 ESTRELLAS;LA LIBERTAD;130000;157;2867;5247;20,68;16,31;1,15;1,14;3,1;23129;23081;48;26529;26380;149;494
2020;10;TT;TODAS CONSOLIDADAS;02;2 ESTRELLAS;LAMBAYEQUE;140000;220;4226;6143;18,12;14,51;1,2;1,2;1,53;23002;22585;417;27631;26992;639;738
2020;10;TT;TODAS CONSOLIDADAS;02;2 ESTRELLAS;LIMA;150000;215;6998;12885;30,14;27,53;1,54;1,52;2,58;94305;92356;1950;145146;140115;5030;1476
2020;10;TT;TODAS CONSOLIDADAS;02;2 ESTRELLAS;LORETO;160000;20;457;738;9,11;6,78;2,11;2,11;4;734;731;3;1552;1540;12;63
2020;10;TT;TODAS CONSOLIDADAS;02;2 ESTRELLAS;MADRE DE DIOS;170000;3;58;99;54,62;37,31;1,74;1,73;1,96;658;634;24;1145;1098;47;10
2020;10;TT;TODAS CONSOLIDADAS;02;2 ESTRELLAS;MOQUEGUA;180000;40;708;1129;22,59;17,5;3,86;3,37;7,84;1585;1409;176;6125;4745;1380;127
2020;10;TT;TODAS CONSOLIDADAS;02;2 ESTRELLAS;PASCO;190000;14;267;476;28,08;17,63;1,59;1,59;0;1636;1636;0;2602;2602;0;30
2020;10;TT;TODAS CONSOLIDADAS;02;2 ESTRELLAS;PIURA;200000;47;1033;1697;33,2;24,35;2,57;2,53;3,52;4981;4759;222;12812;12031;781;192
2020;10;TT;TODAS CONSOLIDADAS;02;2 ESTRELLAS;PUNO;210000;58;1113;2081;21,73;13,3;2,02;2,02;2,44;4248;4223;25;8583;8522;61;184
2020;10;TT;TODAS CONSOLIDADAS;02;2 ESTRELLAS;TACNA;230000;52;1218;2403;6,74;4,3;1,6;1,6;0;2004;2004;0;3202;3202;0;149
2020;10;TT;TODAS CONSOLIDADAS;02;2 ESTRELLAS;TUMBES;240000;11;245;461;24,11;17,81;2,7;2,69;3,33;944;938;6;2545;2525;20;55
2020;10;TT;TODAS CONSOLIDADAS;03;3 ESTRELLAS;AMAZONAS;010000;23;501;926;29,37;23,1;2,16;2,16;2,25;3067;3039;28;6632;6569;63;76
2020;10;TT;TODAS CONSOLIDADAS;03;3 ESTRELLAS;ÁNCASH;020000;58;1593;2795;22,73;16,15;1,85;1,85;2,6;7546;7484;62;13989;13828;161;317
2020;10;TT;TODAS CONSOLIDADAS;03;3 ESTRELLAS;AREQUIPA;040000;96;2443;4523;18,97;12,89;2,18;2,18;2,39;8282;8233;49;18068;17951;117;520
2020;10;TT;TODAS CONSOLIDADAS;03;3 ESTRELLAS;AYACUCHO;050000;7;229;437;14,24;9,97;2,12;2,1;2,63;637;613;24;1350;1287;63;85
2020;10;TT;TODAS CONSOLIDADAS;03;3 ESTRELLAS;CAJAMARCA;060000;101;2524;4252;22,26;13,7;2,63;2,64;1,48;6880;6817;63;18064;17971;93;442
2020;10;TT;TODAS CONSOLIDADAS;03;3 ESTRELLAS;CALLAO;070000;3;163;296;24,3;19,74;1,49;1,4;2,75;1212;1129;83;1811;1583;228;34
2020;10;TT;TODAS CONSOLIDADAS;03;3 ESTRELLAS;CUSCO;080000;73;2497;4783;14,31;8,21;3,9;3,9;4,13;3123;3108;15;12170;12108;62;450
2020;10;TT;TODAS CONSOLIDADAS;03;3 ESTRELLAS;HUANCAVELICA;090000;5;124;202;14,93;13,05;1,66;1,66;0;492;492;0;817;817;0;25
2020;10;TT;TODAS CONSOLIDADAS;03;3 ESTRELLAS;HUÁNUCO;100000;11;426;768;12,27;10,92;1,29;1,29;1,18;2017;1995;22;2600;2574;26;86
2020;10;TT;TODAS CONSOLIDADAS;03;3 ESTRELLAS;ICA;110000;79;2186;4240;27,61;20,79;2,78;2,8;1,36;9826;9714;112;27332;27180;152;433
2020;10;TT;TODAS CONSOLIDADAS;03;3 ESTRELLAS;JUNÍN;120000;23;789;1507;31,75;18,24;2,39;2,4;1,68;3566;3535;31;8522;8470;52;250
2020;10;TT;TODAS CONSOLIDADAS;03;3 ESTRELLAS;LA LIBERTAD;130000;143;3267;6218;25,36;19,52;1,34;1,34;1,47;28077;27841;236;37627;37279;348;627
2020;10;TT;TODAS CONSOLIDADAS;03;3 ESTRELLAS;LAMBAYEQUE;140000;60;1539;2518;20,92;14,39;1,56;1,56;1,71;7194;6935;259;11234;10791;443;320
2020;10;TT;TODAS CONSOLIDADAS;03;3 ESTRELLAS;LIMA;150000;166;7660;14303;29,04;21,59;2,14;2,12;2,6;44851;43105;1747;96114;91565;4549;1523
2020;10;TT;TODAS CONSOLIDADAS;03;3 ESTRELLAS;LORETO;160000;32;914;1520;16,47;13,31;2,36;2,36;2,25;2657;2597;60;6272;6137;135;188
2020;10;TT;TODAS CONSOLIDADAS;03;3 ESTRELLAS;MADRE DE DIOS;170000;4;156;276;23,06;17,79;2,32;2,34;1,83;656;632;24;1522;1478;44;31
2020;10;TT;TODAS CONSOLIDADAS;03;3 ESTRELLAS;MOQUEGUA;180000;9;264;487;27,7;18,08;2,61;2,61;1,5;1046;1042;4;2730;2724;6;43
2020;10;TT;TODAS CONSOLIDADAS;03;3 ESTRELLAS;PASCO;190000;6;138;255;72,84;41,08;1;1;0;3238;3238;0;3247;3247;0;22
2020;10;TT;TODAS CONSOLIDADAS;03;3 ESTRELLAS;PIURA;200000;13;387;648;22,01;17,48;1,98;1,82;3,43;1773;1592;181;3512;2892;620;94
2020;10;TT;TODAS CONSOLIDADAS;03;3 ESTRELLAS;SAN MARTÍN;220000;23;721;1282;23,14;20,21;1,91;1,92;1,07;4196;4182;14;8032;8017;15;128
2020;10;TT;TODAS CONSOLIDADAS;03;3 ESTRELLAS;TACNA;230000;19;609;1270;17,58;11,95;2,09;2,09;2,27;2251;2236;15;4706;4672;34;135
2020;10;TT;TODAS CONSOLIDADAS;03;3 ESTRELLAS;TUMBES;240000;14;345;702;5,17;4,7;1,65;1,65;0;620;620;0;1022;1022;0;71
2020;10;TT;TODAS CONSOLIDADAS;04;4 ESTRELLAS;AREQUIPA;040000;9;417;810;38;21,72;4,29;4,27;7;1271;1263;8;5454;5398;56;145
2020;10;TT;TODAS CONSOLIDADAS;04;4 ESTRELLAS;CAJAMARCA;060000;2;101;204;52,89;30,34;3,2;3,21;2,46;600;587;13;1919;1887;32;44
2020;10;TT;TODAS CONSOLIDADAS;04;4 ESTRELLAS;CALLAO;070000;2;371;632;30,96;21,81;1,5;1,55;1,27;2852;2350;502;4273;3637;636;107
2020;10;TT;TODAS CONSOLIDADAS;04;4 ESTRELLAS;CUSCO;080000;5;458;884;17,63;9,91;2,07;2,08;1,88;1311;1277;34;2717;2653;64;172
2020;10;TT;TODAS CONSOLIDADAS;04;4 ESTRELLAS;HUÁNUCO;100000;1;52;90;16;11,9;1,79;1,79;0;185;185;0;332;332;0;18
2020;10;TT;TODAS CONSOLIDADAS;04;4 ESTRELLAS;ICA;110000;5;460;894;40,37;31,09;5,3;5,33;2,86;1626;1604;22;8617;8554;63;133
2020;10;TT;TODAS CONSOLIDADAS;04;4 ESTRELLAS;JUNÍN;120000;1;40;66;32,1;19,45;2,47;2,47;0;161;161;0;398;398;0;19
2020;10;TT;TODAS CONSOLIDADAS;04;4 ESTRELLAS;LA LIBERTAD;130000;3;161;288;31,2;21,25;3,04;3,13;1,17;624;595;29;1897;1863;34;22
2020;10;TT;TODAS CONSOLIDADAS;04;4 ESTRELLAS;LAMBAYEQUE;140000;4;336;546;34,64;28,03;1,72;1,72;1,72;2760;2659;101;4745;4571;174;241
2020;10;TT;TODAS CONSOLIDADAS;04;4 ESTRELLAS;LIMA;150000;47;4507;8198;36,58;26,22;3,73;3,82;3,08;17864;15781;2083;66641;60220;6421;1534
2020;10;TT;TODAS CONSOLIDADAS;04;4 ESTRELLAS;LORETO;160000;2;90;150;20,86;18,28;1,86;1,86;2;456;442;14;850;822;28;23
2020;10;TT;TODAS CONSOLIDADAS;04;4 ESTRELLAS;MOQUEGUA;180000;2;123;232;68,48;41,31;5,69;5,72;1;522;519;3;2971;2968;3;20
2020;10;TT;TODAS CONSOLIDADAS;04;4 ESTRELLAS;PUNO;210000;6;373;707;38,39;21,12;4,7;4,59;10,15;984;964;20;4628;4425;203;112
2020;10;TT;TODAS CONSOLIDADAS;04;4 ESTRELLAS;SAN MARTÍN;220000;2;71;159;85,96;42,44;1,52;1,53;1,45;1373;1342;31;2092;2047;45;31
2020;10;TT;TODAS CONSOLIDADAS;04;4 ESTRELLAS;TACNA;230000;1;150;300;50,69;26,95;2,7;2,71;1,75;927;919;8;2506;2492;14;19
2020;10;TT;TODAS CONSOLIDADAS;04;4 ESTRELLAS;TUMBES;240000;4;231;452;,45;3,36;12,73;12,73;0;37;37;0;471;471;0;36
2020;10;TT;TODAS CONSOLIDADAS;04;4 ESTRELLAS;UCAYALI;250000;5;288;506;26,72;22,41;2,33;2,3;3,37;1506;1463;43;3516;3371;145;90
2020;10;TT;TODAS CONSOLIDADAS;05;5 ESTRELLAS;AREQUIPA;040000;3;241;346;60,06;44,6;3,17;3,19;2,22;1510;1473;37;4784;4702;82;119
2020;10;TT;TODAS CONSOLIDADAS;05;5 ESTRELLAS;CUSCO;080000;4;354;710;7,75;4,78;2,38;2,39;2;443;429;14;1053;1025;28;180
2020;10;TT;TODAS CONSOLIDADAS;05;5 ESTRELLAS;LIMA;150000;25;3839;6872;48,56;30,79;3,5;3,47;3,83;18753;17363;1390;65582;60259;5323;2153
2020;10;TT;TODAS CONSOLIDADAS;05;5 ESTRELLAS;PIURA;200000;1;83;166;52,86;34,38;2,45;2,27;3,38;723;608;115;1769;1380;389;47
2020;10;TT;TODAS CONSOLIDADAS;05;5 ESTRELLAS;PUNO;210000;1;123;235;84,71;80,01;2,55;2,55;0;2283;2283;0;5829;5829;0;83
2020;10;TT;TODAS CONSOLIDADAS;12;ALBERGUE;ÁNCASH;020000;5;48;106;0;0;0;0;0;0;0;0;0;0;0;0
2020;10;TT;TODAS CONSOLIDADAS;12;ALBERGUE;APURÍMAC;030000;1;8;21;0;0;0;0;0;0;0;0;0;0;0;0
2020;10;TT;TODAS CONSOLIDADAS;12;ALBERGUE;AREQUIPA;040000;1;12;24;0;0;0;0;0;0;0;0;0;0;0;0
2020;10;TT;TODAS CONSOLIDADAS;12;ALBERGUE;CAJAMARCA;060000;1;11;22;0;0;0;0;0;0;0;0;0;0;0;0
2020;10;TT;TODAS CONSOLIDADAS;12;ALBERGUE;ICA;110000;2;18;43;20,07;17,25;1,77;1,77;0;130;130;0;230;230;0;5
2020;10;TT;TODAS CONSOLIDADAS;12;ALBERGUE;LIMA;150000;6;84;227;25,38;11,27;8,35;7,55;10;95;64;31;793;483;310;16
2020;10;TT;TODAS CONSOLIDADAS;12;ALBERGUE;LORETO;160000;46;719;1502;5,5;3,81;1,52;1,51;1,62;1169;1067;102;1774;1609;165;149
2020;10;TT;TODAS CONSOLIDADAS;12;ALBERGUE;MADRE DE DIOS;170000;3;94;229;0;0;0;0;0;0;0;0;0;0;0;0
2020;10;TT;TODAS CONSOLIDADAS;12;ALBERGUE;PASCO;190000;7;149;389;0;0;0;0;0;0;0;0;0;0;0;0
2020;10;TT;TODAS CONSOLIDADAS;12;ALBERGUE;PUNO;210000;1;13;35;0;0;0;0;0;0;0;0;0;0;0;0
2020;10;TT;TODAS CONSOLIDADAS;12;ALBERGUE;SAN MARTÍN;220000;7;87;197;0;0;0;0;0;0;0;0;0;0;0;0
2020;10;TT;TODAS CONSOLIDADAS;13;ECOLODGE;AREQUIPA;040000;2;58;148;36,93;35,18;1,64;1,63;1,95;986;966;20;1614;1575;39;67
2020;10;TT;TODAS CONSOLIDADAS;13;ECOLODGE;SAN MARTÍN;220000;1;12;24;0;0;0;0;0;0;0;0;0;0;0;0
2020;10;TT;TODAS CONSOLIDADAS;TT;TODAS CONSOLIDADAS;AMAZONAS;010000;156;2962;4844;16,7;13,67;1,29;1,28;1,59;14765;14596;169;22072;21672;400;400
2020;10;TT;TODAS CONSOLIDADAS;TT;TODAS CONSOLIDADAS;ÁNCASH;020000;577;9580;16693;16,08;13,93;1,33;1,33;1,27;62533;62285;248;77676;77318;358;1560
2020;10;TT;TODAS CONSOLIDADAS;TT;TODAS CONSOLIDADAS;AYACUCHO;050000;360;5361;8778;11,26;8,4;1,25;1,25;1,25;18076;18002;74;22613;22485;128;927
2020;10;TT;TODAS CONSOLIDADAS;TT;TODAS CONSOLIDADAS;CAJAMARCA;060000;606;11173;17905;16,03;12,98;1,47;1,47;1,04;48590;48335;255;70486;70181;305;1819
2020;10;TT;TODAS CONSOLIDADAS;TT;TODAS CONSOLIDADAS;CALLAO;070000;276;4488;8287;30,43;29,27;1,02;1,02;1,02;119477;118699;778;122438;121381;1057;1182
2020;10;TT;TODAS CONSOLIDADAS;TT;TODAS CONSOLIDADAS;CUSCO;080000;1192;18869;35925;16,15;11,86;1,47;1,47;2,19;88724;87923;801;126425;124713;1712;3341
2020;10;TT;TODAS CONSOLIDADAS;TT;TODAS CONSOLIDADAS;HUANCAVELICA;090000;107;1931;2944;17,4;13,93;1,25;1,25;,91;10091;10082;9;12644;12635;9;321
2020;10;TT;TODAS CONSOLIDADAS;TT;TODAS CONSOLIDADAS;HUÁNUCO;100000;343;6592;9837;22,52;20,03;1,08;1,08;1;54707;54545;162;59112;58936;176;1051
2020;10;TT;TODAS CONSOLIDADAS;TT;TODAS CONSOLIDADAS;ICA;110000;650;12524;22593;24,61;17,84;1,85;1,85;1,48;67653;67035;618;137716;136514;1202;2720
2020;10;TT;TODAS CONSOLIDADAS;TT;TODAS CONSOLIDADAS;JUNÍN;120000;708;12027;20030;16,72;12,38;1,28;1,28;1,71;60062;59735;327;79768;79215;553;2086
2020;10;TT;TODAS CONSOLIDADAS;TT;TODAS CONSOLIDADAS;LA LIBERTAD;130000;736;11889;21280;17,52;14,07;1,21;1,2;1,96;80329;79235;1094;101196;99225;1971;1895
2020;10;TT;TODAS CONSOLIDADAS;TT;TODAS CONSOLIDADAS;LAMBAYEQUE;140000;564;9821;14518;19,58;15,82;1,16;1,16;1,31;59844;58693;1151;71478;69807;1671;1921
2020;10;TT;TODAS CONSOLIDADAS;TT;TODAS CONSOLIDADAS;LIMA;150000;6625;77460;137632;23,9;21,6;1,19;1,19;1,24;2593583;2539858;53725;3074414;3000426;73987;40588
2020;10;TT;TODAS CONSOLIDADAS;TT;TODAS CONSOLIDADAS;LORETO;160000;455;7464;12104;14,31;11,39;2,06;2,06;1,8;21011;20510;501;42911;42022;889;1283
2020;10;TT;TODAS CONSOLIDADAS;TT;TODAS CONSOLIDADAS;MADRE DE DIOS;170000;152;3236;5359;26,48;20,69;1,27;1,25;1,84;25762;24861;901;33417;31711;1706;507
2020;10;TT;TODAS CONSOLIDADAS;TT;TODAS CONSOLIDADAS;MOQUEGUA;180000;177;2765;4811;15,36;10,81;2,1;1,99;3,63;8040;7827;213;18868;17421;1447;469
2020;10;TT;TODAS CONSOLIDADAS;TT;TODAS CONSOLIDADAS;PASCO;190000;256;3970;6384;26,63;18,48;1,31;1,31;,91;27431;27412;19;36096;36073;23;614
2020;10;TT;TODAS CONSOLIDADAS;TT;TODAS CONSOLIDADAS;PIURA;200000;523;8312;14562;25,72;21,37;1,69;1,63;4,49;55764;54186;1578;96258;89570;6688;1502
2020;10;TT;TODAS CONSOLIDADAS;TT;TODAS CONSOLIDADAS;PUNO;210000;502;8021;14283;20,01;16,01;1,46;1,47;1,4;48951;47903;1048;74439;73078;1361;1517
2020;10;TT;TODAS CONSOLIDADAS;TT;TODAS CONSOLIDADAS;SAN MARTÍN;220000;529;9068;14619;25,6;20,09;1,34;1,34;1,42;65013;64452;561;90610;89785;825;1479
2020;10;03;HOSTAL;TT;TODAS CONSOLIDADAS;APURÍMAC;030000;7;137;213;36,66;25,25;1,17;1,17;1;1425;1417;8;1667;1659;8;25
2020;10;TT;TODAS CONSOLIDADAS;TT;TODAS CONSOLIDADAS;APURÍMAC;030000;149;2931;4479;26,17;20,03;1,28;1,28;1,13;21565;21463;102;28436;28318;118;509
2020;10;TT;TODAS CONSOLIDADAS;00;NO CATEGORIZADO;ICA;110000;436;6947;12276;25,25;18,06;1,64;1,64;1,65;41823;41487;336;68730;68175;555;1340
2020;10;TT;TODAS CONSOLIDADAS;05;5 ESTRELLAS;ICA;110000;4;460;1046;74,48;45,04;3,14;3,14;3,22;4652;4524;128;14606;14194;412;409
2020;10;TT;TODAS CONSOLIDADAS;00;NO CATEGORIZADO;LA LIBERTAD;130000;396;4945;8356;14,37;11,88;1,19;1,18;1,86;25756;25048;708;30773;29458;1315;572
2020;10;TT;TODAS CONSOLIDADAS;05;5 ESTRELLAS;LA LIBERTAD;130000;1;120;240;58,23;37,42;2,41;2,45;1,71;1157;1084;73;2784;2659;125;97
2020;10;TT;TODAS CONSOLIDADAS;01;1 ESTRELLA;LORETO;160000;5;74;108;1,39;1,52;7,29;7,29;0;7;7;0;51;51;0;12
2020;10;TT;TODAS CONSOLIDADAS;05;5 ESTRELLAS;LORETO;160000;1;60;88;47,74;55,94;2,11;2,16;1,78;722;628;94;1526;1359;167;25
2020;10;TT;TODAS CONSOLIDADAS;02;2 ESTRELLAS;SAN MARTÍN;220000;38;876;1472;18,81;15,69;1,47;1,47;1,69;4876;4841;35;7158;7099;59;149
2020;10;TT;TODAS CONSOLIDADAS;02;2 ESTRELLAS;UCAYALI;250000;4;121;208;11,25;8,33;1,31;1,32;1,14;409;402;7;537;529;8;13
2020;10;TT;TODAS CONSOLIDADAS;05;5 ESTRELLAS;UCAYALI;250000;2;165;306;14,04;9,78;3,12;3,04;15;297;295;2;928;898;30;15
2020;10;TT;TODAS CONSOLIDADAS;12;ALBERGUE;UCAYALI;250000;2;31;87;1,46;,89;1,71;1,71;0;14;14;0;24;24;0;5
2020;10;TT;TODAS CONSOLIDADAS;03;3 ESTRELLAS;APURÍMAC;030000;5;145;246;43,23;30,29;2,55;2,56;1,25;906;898;8;2310;2300;10;32
2020;10;TT;TODAS CONSOLIDADAS;03;3 ESTRELLAS;PUNO;210000;30;898;1640;24,09;14,69;2,88;2,88;2,69;2596;2557;39;7468;7363;105;203
2020;10;TT;TODAS CONSOLIDADAS;03;3 ESTRELLAS;UCAYALI;250000;16;561;915;27,04;22,52;2,89;2,83;5,98;2209;2165;44;6387;6124;263;114
2020;10;TT;TODAS CONSOLIDADAS;04;4 ESTRELLAS;PIURA;200000;2;181;361;24,35;16,91;2,27;2,2;3,44;834;786;48;1892;1727;165;28
2020;10;TT;TODAS CONSOLIDADAS;12;ALBERGUE;CUSCO;080000;17;253;773;0;0;0;0;0;0;0;0;0;0;0;0
2020;10;TT;TODAS CONSOLIDADAS;12;ALBERGUE;JUNÍN;120000;1;32;104;35,18;27,26;1,52;1,53;1,15;578;558;20;879;856;23;12
2020;10;TT;TODAS CONSOLIDADAS;TT;TODAS CONSOLIDADAS;AREQUIPA;040000;871;14468;25515;18,87;15,18;1,66;1,66;1,38;71696;70722;974;123581;122251;1330;2753
2020;10;TT;TODAS CONSOLIDADAS;TT;TODAS CONSOLIDADAS;TACNA;230000;315;5337;10270;8,15;5,52;1,51;1,51;1,2;12201;11972;229;20478;20147;331;683
2020;10;TT;TODAS CONSOLIDADAS;TT;TODAS CONSOLIDADAS;TUMBES;240000;149;2471;4851;17,52;14,5;2,07;2,08;1,57;10823;9635;1188;19800;17835;1965;401
2020;10;TT;TODAS CONSOLIDADAS;TT;TODAS CONSOLIDADAS;UCAYALI;250000;240;5074;7893;27,46;23,94;1,81;1,79;2,52;30753;30098;655;56400;54741;1659;887
2020;11;00;NO CLASIFICADO;00;NO CATEGORIZADO;CUSCO;080000;988;13195;25195;18,72;13,63;1,28;1,27;1,58;80553;79149;1404;102985;100766;2219;2247
2020;11;00;NO CLASIFICADO;00;NO CATEGORIZADO;ICA;110000;445;7141;12612;25,8;19,42;1,46;1,46;1,41;50370;49645;725;73472;72447;1025;1375
2020;11;00;NO CLASIFICADO;00;NO CATEGORIZADO;LA LIBERTAD;130000;396;4960;8390;17,6;15,76;1,37;1,37;0;29028;29028;0;39670;39670;0;766
2020;11;00;NO CLASIFICADO;00;NO CATEGORIZADO;PASCO;190000;211;3120;4778;22,05;14,74;1,34;1,35;1,05;15726;15644;82;21134;21048;86;517
2020;11;00;NO CLASIFICADO;00;NO CATEGORIZADO;SAN MARTÍN;220000;458;7352;11597;26,29;21,08;1,45;1,45;1,35;50745;50311;434;73330;72746;584;1223
2020;11;00;NO CLASIFICADO;00;NO CATEGORIZADO;TUMBES;240000;120;1650;3234;20,2;15,52;1,59;1,6;1,45;9496;8356;1140;15053;13404;1649;239
2020;11;00;NO CLASIFICADO;00;NO CATEGORIZADO;UCAYALI;250000;211;3908;5871;26,76;23,89;1,68;1,67;2;25011;24202;809;42083;40463;1620;656
2020;11;00;NO CLASIFICADO;TT;TODAS CONSOLIDADAS;JUNÍN;120000;654;10144;16406;15,73;12,15;1,2;1,2;1,41;49778;49532;246;59794;59448;346;1642
2020;11;00;NO CLASIFICADO;TT;TODAS CONSOLIDADAS;LA LIBERTAD;130000;396;4960;8390;17,6;15,76;1,37;1,37;0;29028;29028;0;39670;39670;0;766
2020;11;00;NO CLASIFICADO;TT;TODAS CONSOLIDADAS;MADRE DE DIOS;170000;151;3253;5331;25,48;20,57;1,19;1,18;1,58;27629;27086;543;32890;32032;858;528
2020;11;00;NO CLASIFICADO;TT;TODAS CONSOLIDADAS;TUMBES;240000;120;1650;3234;20,2;15,52;1,59;1,6;1,45;9496;8356;1140;15053;13404;1649;239
2020;11;01;HOTEL;01;1 ESTRELLA;CUSCO;080000;5;122;235;23,11;14,89;1;1;0;1050;1050;0;1050;1050;0;16
2020;11;01;HOTEL;01;1 ESTRELLA;ICA;110000;4;82;108;0;0;0;0;0;0;0;0;0;0;0;0
2020;11;01;HOTEL;01;1 ESTRELLA;LA LIBERTAD;130000;2;46;88;0;0;0;0;0;0;0;0;0;0;0;0
2020;11;01;HOTEL;01;1 ESTRELLA;PASCO;190000;2;72;131;0;0;0;0;0;0;0;0;0;0;0;0
2020;11;01;HOTEL;01;1 ESTRELLA;SAN MARTÍN;220000;6;126;199;0;0;0;0;0;0;0;0;0;0;0;0
2020;11;01;HOTEL;02;2 ESTRELLAS;APURÍMAC;030000;3;160;274;33,02;28,76;3,25;3,25;0;727;727;0;2364;2364;0;17
2020;11;00;NO CLASIFICADO;00;NO CATEGORIZADO;AMAZONAS;010000;83;1093;1768;12,47;9,06;1,14;1,14;0;4201;4201;0;4804;4804;0;108
2020;11;00;NO CLASIFICADO;TT;TODAS CONSOLIDADAS;AMAZONAS;010000;83;1093;1768;12,47;9,06;1,14;1,14;0;4201;4201;0;4804;4804;0;108
2020;11;01;HOTEL;01;1 ESTRELLA;AMAZONAS;010000;1;20;35;0;0;0;0;0;0;0;0;0;0;0;0
2020;11;01;HOTEL;02;2 ESTRELLAS;AMAZONAS;010000;29;763;1200;31,17;23,24;1,91;1,9;2,15;4391;4248;143;8365;8058;307;128
2020;11;00;NO CLASIFICADO;00;NO CATEGORIZADO;ÁNCASH;020000;312;4247;7490;10,81;7,75;1,8;1,8;2,2;9683;9639;44;17412;17315;97;632
2020;11;00;NO CLASIFICADO;TT;TODAS CONSOLIDADAS;ÁNCASH;020000;312;4247;7490;10,81;7,75;1,8;1,8;2,2;9683;9639;44;17412;17315;97;632
2020;11;01;HOTEL;01;1 ESTRELLA;ÁNCASH;020000;9;290;454;9,34;5,48;1;1;0;747;747;0;747;747;0;47
2020;11;01;HOTEL;02;2 ESTRELLAS;ÁNCASH;020000;35;966;1752;17,15;12,07;1,12;1,12;1;5653;5637;16;6342;6326;16;151
2020;11;00;NO CLASIFICADO;00;NO CATEGORIZADO;APURÍMAC;030000;140;2565;3868;24,83;19,11;1,21;1,21;1,28;18357;18193;164;22170;21960;210;461
2020;11;01;HOTEL;01;1 ESTRELLA;APURÍMAC;030000;2;80;115;12,58;9,68;1,01;1,01;0;332;332;0;334;334;0;8
2020;11;00;NO CLASIFICADO;00;NO CATEGORIZADO;AREQUIPA;040000;550;7388;12866;19,98;15,72;1,49;1,5;1,21;40626;39824;802;60681;59707;974;1269
2020;11;00;NO CLASIFICADO;TT;TODAS CONSOLIDADAS;AREQUIPA;040000;550;7388;12866;19,98;15,72;1,49;1,5;1,21;40626;39824;802;60681;59707;974;1269
2020;11;01;HOTEL;01;1 ESTRELLA;AREQUIPA;040000;5;178;285;0;0;0;0;0;0;0;0;0;0;0;0
2020;11;00;NO CLASIFICADO;00;NO CATEGORIZADO;AYACUCHO;050000;336;4676;7504;13,77;11,32;1,14;1,14;1,2;22343;21475;868;25479;24439;1040;770
2020;11;01;HOTEL;01;1 ESTRELLA;AYACUCHO;050000;7;175;300;13,24;15,01;2,23;2,23;0;607;607;0;1351;1351;0;31
2020;11;00;NO CLASIFICADO;00;NO CATEGORIZADO;CAJAMARCA;060000;331;4943;7653;19,14;17,56;1,24;1,24;1;32606;32517;89;40309;40220;89;804
2020;11;00;NO CLASIFICADO;TT;TODAS CONSOLIDADAS;CAJAMARCA;060000;331;4943;7653;19,14;17,56;1,24;1,24;1;32606;32517;89;40309;40220;89;804
2020;11;01;HOTEL;01;1 ESTRELLA;CAJAMARCA;060000;6;170;284;5,06;4,11;1,17;1,17;0;298;298;0;350;350;0;27
2020;11;00;NO CLASIFICADO;00;NO CATEGORIZADO;CALLAO;070000;257;3625;6697;30,82;29,29;1,01;1,01;1,13;103370;102988;382;104668;104238;431;965
2020;11;00;NO CLASIFICADO;TT;TODAS CONSOLIDADAS;CALLAO;070000;257;3625;6697;30,82;29,29;1,01;1,01;1,13;103370;102988;382;104668;104238;431;965
2020;11;01;HOTEL;01;1 ESTRELLA;CALLAO;070000;1;37;74;0;0;0;0;0;0;0;0;0;0;0;0
2020;11;00;NO CLASIFICADO;00;NO CATEGORIZADO;HUANCAVELICA;090000;98;1741;2637;14,88;12,81;1,13;1,13;1,11;8968;8906;62;10134;10065;69;265
2020;11;00;NO CLASIFICADO;TT;TODAS CONSOLIDADAS;HUANCAVELICA;090000;98;1741;2637;14,88;12,81;1,13;1,13;1,11;8968;8906;62;10134;10065;69;265
2020;11;00;NO CLASIFICADO;00;NO CATEGORIZADO;HUÁNUCO;100000;260;4366;6276;21,31;18,46;1,11;1,11;1,08;31416;31127;289;34765;34452;313;667
2020;11;01;HOTEL;01;1 ESTRELLA;HUÁNUCO;100000;8;240;357;48,18;39,88;1;1;0;4271;4271;0;4271;4271;0;40
2020;11;00;NO CLASIFICADO;00;NO CATEGORIZADO;JUNÍN;120000;654;10144;16406;15,73;12,15;1,2;1,2;1,41;49778;49532;246;59794;59448;346;1642
2020;11;01;HOTEL;01;1 ESTRELLA;JUNÍN;120000;3;153;296;14,55;9,59;1,45;1,45;0;586;586;0;852;852;0;14
2020;11;00;NO CLASIFICADO;00;NO CATEGORIZADO;LAMBAYEQUE;140000;251;3266;4659;21,18;18,66;1,03;1,03;1;25431;25293;138;26088;25950;138;566
2020;11;00;NO CLASIFICADO;TT;TODAS CONSOLIDADAS;LAMBAYEQUE;140000;251;3266;4659;21,18;18,66;1,03;1,03;1;25431;25293;138;26088;25950;138;566
2020;11;01;HOTEL;01;1 ESTRELLA;LAMBAYEQUE;140000;4;124;188;0;0;0;0;0;0;0;0;0;0;0;0
2020;11;00;NO CLASIFICADO;00;NO CATEGORIZADO;LIMA;150000;6099;52903;92193;22,72;20,22;1,11;1,11;1,16;2213718;2182858;30860;2456582;2420938;35644;31006
2020;11;00;NO CLASIFICADO;TT;TODAS CONSOLIDADAS;LIMA;150000;6099;52903;92193;22,72;20,22;1,11;1,11;1,16;2213718;2182858;30860;2456582;2420938;35644;31006
2020;11;01;HOTEL;01;1 ESTRELLA;LIMA;150000;7;256;484;33,11;34,35;1,08;1,08;2,33;3792;3764;28;4111;4046;65;35
2020;11;00;NO CLASIFICADO;00;NO CATEGORIZADO;LORETO;160000;346;5120;7961;19,4;16,92;2,14;2,15;2,04;18847;17349;1498;40410;37361;3049;817
2020;11;00;NO CLASIFICADO;TT;TODAS CONSOLIDADAS;LORETO;160000;346;5120;7961;19,4;16,92;2,14;2,15;2,04;18847;17349;1498;40410;37361;3049;817
2020;11;00;NO CLASIFICADO;00;NO CATEGORIZADO;MADRE DE DIOS;170000;151;3253;5331;25,48;20,57;1,19;1,18;1,58;27629;27086;543;32890;32032;858;528
2020;11;01;HOTEL;01;1 ESTRELLA;MADRE DE DIOS;170000;1;23;37;7,54;7,57;1,83;1,83;0;46;46;0;84;84;0;3
2020;11;00;NO CLASIFICADO;00;NO CATEGORIZADO;MOQUEGUA;180000;115;1517;2675;13,55;9,47;1,41;1,41;2,78;5372;5363;9;7600;7575;25;254
2020;11;00;NO CLASIFICADO;TT;TODAS CONSOLIDADAS;MOQUEGUA;180000;115;1517;2675;13,55;9,47;1,41;1,41;2,78;5372;5363;9;7600;7575;25;254
2020;11;01;HOTEL;01;1 ESTRELLA;MOQUEGUA;180000;1;20;41;0;0;0;0;0;0;0;0;0;0;0;0
2020;11;00;NO CLASIFICADO;00;NO CATEGORIZADO;PIURA;200000;463;6616;11777;31,41;24,44;1,6;1,59;2,02;54071;53046;1025;86337;84267;2070;1139
2020;11;00;NO CLASIFICADO;00;NO CATEGORIZADO;PUNO;210000;404;5365;9356;19,87;16,14;1,1;1,1;1,08;41231;39992;1239;45301;43963;1338;932
2020;11;00;NO CLASIFICADO;TT;TODAS CONSOLIDADAS;PUNO;210000;404;5365;9356;19,87;16,14;1,1;1,1;1,08;41231;39992;1239;45301;43963;1338;932
2020;11;01;HOTEL;01;1 ESTRELLA;PUNO;210000;5;131;234;20,1;17,21;1;1;1;1208;1206;2;1208;1206;2;18
2020;11;00;NO CLASIFICADO;00;NO CATEGORIZADO;TACNA;230000;233;3159;5928;11,23;7,88;1,28;1,28;1,01;10937;10846;91;14014;13922;92;527
2020;11;01;HOTEL;01;1 ESTRELLA;TACNA;230000;2;57;112;13,86;9,73;2,12;2,15;1,25;154;150;4;327;322;5;5
2020;11;00;NO CLASIFICADO;TT;TODAS CONSOLIDADAS;APURÍMAC;030000;140;2565;3868;24,83;19,11;1,21;1,21;1,28;18357;18193;164;22170;21960;210;461
2020;11;00;NO CLASIFICADO;TT;TODAS CONSOLIDADAS;AYACUCHO;050000;336;4676;7504;13,77;11,32;1,14;1,14;1,2;22343;21475;868;25479;24439;1040;770
2020;11;00;NO CLASIFICADO;TT;TODAS CONSOLIDADAS;CUSCO;080000;988;13195;25195;18,72;13,63;1,28;1,27;1,58;80553;79149;1404;102985;100766;2219;2247
2020;11;00;NO CLASIFICADO;TT;TODAS CONSOLIDADAS;HUÁNUCO;100000;260;4366;6276;21,31;18,46;1,11;1,11;1,08;31416;31127;289;34765;34452;313;667
2020;11;00;NO CLASIFICADO;TT;TODAS CONSOLIDADAS;ICA;110000;445;7141;12612;25,8;19,42;1,46;1,46;1,41;50370;49645;725;73472;72447;1025;1375
2020;11;00;NO CLASIFICADO;TT;TODAS CONSOLIDADAS;PASCO;190000;211;3120;4778;22,05;14,74;1,34;1,35;1,05;15726;15644;82;21134;21048;86;517
2020;11;00;NO CLASIFICADO;TT;TODAS CONSOLIDADAS;PIURA;200000;463;6616;11777;31,41;24,44;1,6;1,59;2,02;54071;53046;1025;86337;84267;2070;1139
2020;11;01;HOTEL;01;1 ESTRELLA;PIURA;200000;2;53;83;0;0;0;0;0;0;0;0;0;0;0;0
2020;11;00;NO CLASIFICADO;TT;TODAS CONSOLIDADAS;SAN MARTÍN;220000;458;7352;11597;26,29;21,08;1,45;1,45;1,35;50745;50311;434;73330;72746;584;1223
2020;11;00;NO CLASIFICADO;TT;TODAS CONSOLIDADAS;TACNA;230000;233;3159;5928;11,23;7,88;1,28;1,28;1,01;10937;10846;91;14014;13922;92;527
2020;11;00;NO CLASIFICADO;TT;TODAS CONSOLIDADAS;UCAYALI;250000;211;3908;5871;26,76;23,89;1,68;1,67;2;25011;24202;809;42083;40463;1620;656
2020;11;01;HOTEL;02;2 ESTRELLAS;AREQUIPA;040000;39;1135;1995;23,15;15,81;2,49;2,48;3,4;3805;3763;42;9465;9322;143;196
2020;11;01;HOTEL;02;2 ESTRELLAS;AYACUCHO;050000;7;198;367;15,45;15,8;1,71;1,71;0;1016;1016;0;1740;1740;0;34
2020;11;01;HOTEL;02;2 ESTRELLAS;CAJAMARCA;060000;39;1119;1772;13,99;11,22;1,24;1,24;1;4794;4782;12;5962;5950;12;176
2020;11;01;HOTEL;02;2 ESTRELLAS;CUSCO;080000;42;1066;1891;13,91;15,57;1,83;1,83;1,98;4832;4746;86;8835;8665;170;198
2020;11;01;HOTEL;02;2 ESTRELLAS;HUANCAVELICA;090000;2;42;73;46,98;39,27;2,13;2,15;1,5;404;392;12;860;842;18;11
2020;11;01;HOTEL;02;2 ESTRELLAS;HUÁNUCO;100000;40;1207;1893;16,99;13,97;1,14;1,14;1,06;6962;6946;16;7933;7916;17;185
2020;11;01;HOTEL;02;2 ESTRELLAS;ICA;110000;51;1371;2363;23,9;18,29;1,72;1,73;1,37;7516;7411;105;12963;12819;144;240
2020;11;01;HOTEL;02;2 ESTRELLAS;JUNÍN;120000;23;692;1223;25,17;17,59;1,33;1,32;2,29;4844;4799;45;6455;6352;103;102
2020;11;01;HOTEL;02;2 ESTRELLAS;LAMBAYEQUE;140000;69;1941;2907;17,31;13,42;1,21;1,2;1,79;9652;9491;161;11704;11416;288;323
2020;11;01;HOTEL;02;2 ESTRELLAS;LIMA;150000;104;4403;8053;32,88;29,06;1,4;1,39;1,76;57215;56421;794;79839;78443;1396;757
2020;11;01;HOTEL;02;2 ESTRELLAS;LORETO;160000;15;381;623;12,63;9,18;2,33;2,32;2,35;738;704;34;1716;1636;80;64
2020;11;01;HOTEL;02;2 ESTRELLAS;MADRE DE DIOS;170000;2;48;87;34,03;28,47;2;2;1,75;372;368;4;743;736;7;7
2020;11;01;HOTEL;02;2 ESTRELLAS;MOQUEGUA;180000;12;320;528;31,21;20,66;3;2,01;7,1;1089;876;213;3272;1759;1513;66
2020;11;01;HOTEL;02;2 ESTRELLAS;PIURA;200000;19;474;800;28,38;20,08;2,19;2,19;1,25;2201;2193;8;4818;4808;10;88
2020;11;01;HOTEL;02;2 ESTRELLAS;PUNO;210000;24;592;1071;14,14;9,04;1,66;1,65;2,41;1752;1725;27;2903;2838;65;94
2020;11;01;HOTEL;02;2 ESTRELLAS;SAN MARTÍN;220000;22;622;1043;14,82;12,36;1,53;1,53;1,35;2531;2497;34;3866;3820;46;106
2020;11;01;HOTEL;02;2 ESTRELLAS;TACNA;230000;32;895;1824;10,57;6,51;1,52;1,52;0;2342;2342;0;3563;3563;0;151
2020;11;01;HOTEL;02;2 ESTRELLAS;TUMBES;240000;6;180;331;31,85;19,12;1,84;1,83;2,09;1032;1009;23;1899;1851;48;35
2020;11;01;HOTEL;02;2 ESTRELLAS;UCAYALI;250000;2;51;81;0;0;0;0;0;0;0;0;0;0;0;0
2020;11;01;HOTEL;03;3 ESTRELLAS;AMAZONAS;010000;20;478;852;31,76;26,21;2,55;2,56;2,11;2626;2590;36;6700;6624;76;88
2020;11;01;HOTEL;03;3 ESTRELLAS;ÁNCASH;020000;38;1315;2286;23,98;17,44;1,89;1,88;2,42;6332;6249;83;11959;11758;201;268
2020;11;01;HOTEL;03;3 ESTRELLAS;APURÍMAC;030000;3;98;172;48,4;34,01;2,34;2,36;1,25;750;738;12;1755;1740;15;20
2020;11;01;HOTEL;03;3 ESTRELLAS;AREQUIPA;040000;61;1847;3428;21,35;14,92;2,21;2,2;2,75;6938;6786;152;15340;14922;418;399
2020;11;01;HOTEL;03;3 ESTRELLAS;AYACUCHO;050000;5;189;354;11,22;9,59;2,28;2,29;1,79;447;433;14;1018;993;25;58
2020;11;01;HOTEL;03;3 ESTRELLAS;CAJAMARCA;060000;59;1865;3129;22,92;14,22;2,59;2,59;1,32;5160;5141;19;13352;13327;25;331
2020;11;01;HOTEL;03;3 ESTRELLAS;CALLAO;070000;3;163;296;22,9;19,63;1,33;1,19;2,65;1309;1179;130;1743;1398;345;33
2020;11;01;HOTEL;03;3 ESTRELLAS;CUSCO;080000;58;2313;4466;14,03;9,88;2,5;2,7;1,51;5286;4428;858;13237;11944;1293;432
2020;11;01;HOTEL;03;3 ESTRELLAS;HUANCAVELICA;090000;2;65;108;13,38;11,08;1,63;1,63;0;220;220;0;359;359;0;18
2020;11;01;HOTEL;03;3 ESTRELLAS;HUÁNUCO;100000;12;463;829;14,63;12,03;1,38;1,38;1,29;2174;2160;14;2993;2975;18;96
2020;11;01;HOTEL;03;3 ESTRELLAS;ICA;110000;45;1558;3083;45,8;32,21;3,6;3,63;2;8286;8103;183;29795;29429;366;303
2020;11;01;HOTEL;03;3 ESTRELLAS;JUNÍN;120000;21;767;1446;24,92;14,21;2,16;2,18;1,52;2849;2778;71;6164;6056;108;218
2020;11;01;HOTEL;03;3 ESTRELLAS;LAMBAYEQUE;140000;36;1236;2145;20,45;14,23;1,58;1,58;1,75;5794;5628;166;9158;8868;290;224
2020;11;01;HOTEL;03;3 ESTRELLAS;LIMA;150000;144;7244;13460;34,03;25,26;2,14;2,13;2,32;47549;44677;2872;101990;95319;6671;1429
2020;11;01;HOTEL;03;3 ESTRELLAS;LORETO;160000;26;827;1383;17,9;15,1;2,62;2,63;2,41;2396;2237;159;6266;5883;383;157
2020;11;01;HOTEL;03;3 ESTRELLAS;MADRE DE DIOS;170000;3;135;245;34,59;24,22;2,03;2,01;2,53;877;847;30;1780;1704;76;29
2020;11;01;HOTEL;03;3 ESTRELLAS;MOQUEGUA;180000;6;223;420;52,05;31,2;2,4;2,4;1,75;1639;1627;12;3931;3910;21;45
2020;11;01;HOTEL;03;3 ESTRELLAS;PIURA;200000;10;341;549;23,85;18,53;1,63;1,52;2,38;1875;1633;242;3052;2475;577;86
2020;11;01;HOTEL;03;3 ESTRELLAS;PUNO;210000;27;880;1590;33,79;20,14;3,48;3,49;2,43;2764;2734;30;9609;9536;73;192
2020;11;01;HOTEL;03;3 ESTRELLAS;SAN MARTÍN;220000;19;648;1138;22,81;21,12;1,86;1,86;1;3886;3883;3;7209;7206;3;118
2020;11;01;HOTEL;03;3 ESTRELLAS;TACNA;230000;13;504;1065;16,3;9,76;1,61;1,61;0;1940;1940;0;3118;3118;0;118
2020;11;01;HOTEL;03;3 ESTRELLAS;TUMBES;240000;8;256;502;2,7;1,41;1;1;0;213;213;0;213;213;0;43
2020;11;01;HOTEL;03;3 ESTRELLAS;UCAYALI;250000;15;541;889;31,67;26,61;2,76;2,69;3,78;2575;2427;148;7096;6536;560;109
2020;11;01;HOTEL;04;4 ESTRELLAS;AREQUIPA;040000;9;439;856;35,45;20,85;2,8;2,8;2,58;1914;1878;36;5353;5260;93;147
2020;11;01;HOTEL;04;4 ESTRELLAS;CAJAMARCA;060000;2;101;204;73,33;37,19;4,55;4,57;2,67;500;494;6;2276;2260;16;44
2020;11;01;HOTEL;04;4 ESTRELLAS;CALLAO;070000;2;371;632;33,85;25,26;1,42;1,46;1,31;3380;2368;1012;4789;3464;1325;108
2020;11;01;HOTEL;04;4 ESTRELLAS;CUSCO;080000;9;823;1579;14,03;9,58;2,02;1,97;2,47;2247;2032;215;4539;4007;532;224
2020;11;01;HOTEL;04;4 ESTRELLAS;HUÁNUCO;100000;1;52;90;21,41;14,89;1,52;1,52;0;265;265;0;402;402;0;18
2020;11;01;HOTEL;04;4 ESTRELLAS;ICA;110000;5;460;894;47;37,96;3,21;3,2;3,52;3172;3070;102;10180;9821;359;136
2020;11;01;HOTEL;04;4 ESTRELLAS;JUNÍN;120000;1;40;66;38,83;23,54;4,61;4,61;0;101;101;0;466;466;0;19
2020;11;01;HOTEL;04;4 ESTRELLAS;LAMBAYEQUE;140000;4;336;546;39,82;32,21;1,6;1,57;2,01;3302;3127;175;5276;4924;352;241
2020;11;01;HOTEL;04;4 ESTRELLAS;LIMA;150000;40;3876;6881;36,41;24,29;3,11;3,15;2,87;16142;13800;2342;50137;43422;6715;1213
2020;11;01;HOTEL;04;4 ESTRELLAS;LORETO;160000;2;90;150;22,56;16,73;3,59;3,6;3,17;210;204;6;753;734;19;23
2020;11;01;HOTEL;04;4 ESTRELLAS;MOQUEGUA;180000;2;123;232;29,89;21,97;2,69;2,71;1,83;568;556;12;1529;1507;22;23
2020;11;01;HOTEL;04;4 ESTRELLAS;PIURA;200000;2;181;361;33,28;24,51;2,15;2,1;2,58;1235;1118;117;2654;2352;302;34
2020;11;01;HOTEL;04;4 ESTRELLAS;PUNO;210000;6;373;707;42,02;23,49;4,19;4,15;6,45;1189;1169;20;4983;4854;129;107
2020;11;01;HOTEL;04;4 ESTRELLAS;SAN MARTÍN;220000;1;50;108;96,13;44,51;1,39;1,39;1,59;1034;1007;27;1442;1399;43;23
2020;11;01;HOTEL;04;4 ESTRELLAS;TACNA;230000;1;150;300;21;13,33;1,83;1,84;1,64;655;633;22;1200;1164;36;21
2020;11;01;HOTEL;04;4 ESTRELLAS;TUMBES;240000;4;231;452;0;0;0;0;0;0;0;0;0;0;0;0
2020;11;01;HOTEL;04;4 ESTRELLAS;UCAYALI;250000;5;289;508;29,02;23,37;2,68;2,66;3,33;1327;1275;52;3561;3388;173;94
2020;11;01;HOTEL;05;5 ESTRELLAS;AREQUIPA;040000;3;241;346;62,68;47,53;3,16;3,21;2,24;1562;1477;85;4934;4744;190;119
2020;11;01;HOTEL;05;5 ESTRELLAS;CUSCO;080000;9;939;1784;7,14;6,49;1,77;1,78;1,69;1963;1628;335;3471;2905;566;497
2020;11;01;HOTEL;05;5 ESTRELLAS;ICA;110000;2;225;556;82,64;41,2;3,29;3,28;3,56;2089;2017;72;6872;6616;256;131
2020;11;01;HOTEL;05;5 ESTRELLAS;LA LIBERTAD;130000;1;120;240;62,17;40,96;2,36;2,36;2,28;1252;1163;89;2949;2746;203;97
2020;11;01;HOTEL;05;5 ESTRELLAS;LIMA;150000;20;3694;6706;50,76;31,19;2,89;2,78;3,65;21699;18915;2784;62743;52576;10167;1915
2020;11;01;HOTEL;05;5 ESTRELLAS;LORETO;160000;1;60;122;41,5;32,13;1,93;1,91;2,05;609;514;95;1176;981;195;24
2020;11;01;HOTEL;05;5 ESTRELLAS;PIURA;200000;1;83;166;59,44;40,58;2,09;1,75;4,2;969;836;133;2021;1462;559;47
2020;11;01;HOTEL;05;5 ESTRELLAS;PUNO;210000;1;123;231;62,38;57,86;1,81;1,81;0;2214;2214;0;4010;4010;0;45
2020;11;01;HOTEL;05;5 ESTRELLAS;UCAYALI;250000;2;165;306;16,83;11,71;3,19;3,12;7,8;337;332;5;1075;1036;39;15
2020;11;01;HOTEL;TT;TODAS CONSOLIDADAS;AMAZONAS;010000;50;1261;2087;30,9;24,06;2,15;2,15;2,14;7017;6838;179;15065;14682;383;216
2020;11;01;HOTEL;TT;TODAS CONSOLIDADAS;ÁNCASH;020000;82;2571;4492;19,77;14,13;1,5;1,49;2,19;12732;12633;99;19048;18831;217;466
2020;11;01;HOTEL;TT;TODAS CONSOLIDADAS;APURÍMAC;030000;8;338;561;32,64;26,46;2,46;2,47;1,25;1809;1797;12;4453;4438;15;45
2020;11;01;HOTEL;TT;TODAS CONSOLIDADAS;AREQUIPA;040000;117;3840;6910;25,1;16,93;2,47;2,46;2,68;14219;13904;315;35092;34248;844;861
2020;11;01;HOTEL;TT;TODAS CONSOLIDADAS;AYACUCHO;050000;19;562;1021;13,34;13,41;1,99;1,99;1,79;2070;2056;14;4109;4084;25;123
2020;11;01;HOTEL;TT;TODAS CONSOLIDADAS;CALLAO;070000;6;571;1002;30,51;23,46;1,39;1,37;1,46;5627;4256;1370;7838;5834;2004;169
2020;11;01;HOTEL;TT;TODAS CONSOLIDADAS;CUSCO;080000;123;5263;9955;12,99;10,42;2,02;2,06;1,71;15378;13884;1494;31132;28571;2561;1367
2020;11;01;HOTEL;TT;TODAS CONSOLIDADAS;HUANCAVELICA;090000;4;107;181;26,57;22,45;1,95;1,96;1,5;624;612;12;1219;1201;18;29
2020;11;01;HOTEL;TT;TODAS CONSOLIDADAS;HUÁNUCO;100000;61;1962;3169;20,37;16,41;1,14;1,14;1,17;13672;13642;30;15599;15564;35;339
2020;11;01;HOTEL;TT;TODAS CONSOLIDADAS;ICA;110000;107;3696;7004;39,05;28,46;2,84;2,85;2,44;21063;20601;462;59810;58685;1125;810
2020;11;01;HOTEL;TT;TODAS CONSOLIDADAS;JUNÍN;120000;48;1652;3031;24,4;15,33;1,66;1,66;1,82;8380;8264;116;13937;13726;211;353
2020;11;01;HOTEL;TT;TODAS CONSOLIDADAS;LA LIBERTAD;130000;112;3324;6315;26,54;18,8;1,55;1,55;1,68;22978;22331;647;35616;34532;1084;715
2020;11;01;HOTEL;TT;TODAS CONSOLIDADAS;LAMBAYEQUE;140000;113;3637;5786;19,87;15,06;1,39;1,38;1,85;18748;18246;502;26138;25208;930;788
2020;11;01;HOTEL;TT;TODAS CONSOLIDADAS;LIMA;150000;315;19473;35584;38,05;26,86;2,24;2,19;2,89;139979;129600;10379;313404;283377;30027;6094
2020;11;01;HOTEL;TT;TODAS CONSOLIDADAS;LORETO;160000;44;1358;2278;17,77;14,5;2,51;2,52;2,3;3953;3659;294;9911;9234;677;268
2020;11;01;HOTEL;TT;TODAS CONSOLIDADAS;MADRE DE DIOS;170000;6;206;369;31,44;23,55;2,01;2;2,44;1295;1261;34;2607;2524;83;39
2020;11;01;HOTEL;TT;TODAS CONSOLIDADAS;MOQUEGUA;180000;21;686;1221;36,84;23,84;2,65;2,35;6,57;3296;3059;237;8732;7176;1556;134
2020;11;01;HOTEL;TT;TODAS CONSOLIDADAS;PASCO;190000;9;270;478;0;0;0;0;0;0;0;0;0;0;0;0
2020;11;01;HOTEL;TT;TODAS CONSOLIDADAS;PIURA;200000;34;1132;1959;28,75;21,35;2;1,92;2,9;6280;5780;500;12545;11097;1448;255
2020;11;01;HOTEL;TT;TODAS CONSOLIDADAS;PUNO;210000;63;2099;3833;30,53;19,75;2,49;2,48;3,41;9127;9048;79;22713;22444;269;456
2020;11;01;HOTEL;TT;TODAS CONSOLIDADAS;SAN MARTÍN;220000;48;1446;2488;19,92;16,77;1,68;1,68;1,44;7451;7387;64;12517;12425;92;247
2020;11;01;HOTEL;TT;TODAS CONSOLIDADAS;TACNA;230000;48;1606;3301;13,46;8,29;1,61;1,61;1,58;5091;5065;26;8208;8167;41;295
2020;11;01;HOTEL;TT;TODAS CONSOLIDADAS;TUMBES;240000;18;667;1285;9,63;5,48;1,7;1,69;2,09;1245;1222;23;2112;2064;48;78
2020;11;01;HOTEL;TT;TODAS CONSOLIDADAS;UCAYALI;250000;24;1046;1784;27,05;21,92;2,77;2,72;3,77;4239;4034;205;11732;10960;772;218
2020;11;02;APART HOTEL;03;3 ESTRELLAS;ÁNCASH;020000;2;16;44;15,83;15,61;1,79;1,79;0;115;115;0;206;206;0;4
2020;11;02;APART HOTEL;03;3 ESTRELLAS;APURÍMAC;030000;1;23;31;35,65;34,3;2,01;2,01;1,89;159;150;9;319;302;17;6
2020;11;02;APART HOTEL;03;3 ESTRELLAS;AREQUIPA;040000;1;18;36;1,48;,74;2,67;1;6;3;2;1;8;2;6;2
2020;11;02;APART HOTEL;03;3 ESTRELLAS;ICA;110000;2;26;56;0;0;0;0;0;0;0;0;0;0;0;0
2020;11;02;APART HOTEL;03;3 ESTRELLAS;LIMA;150000;8;206;386;31,12;22,32;4,09;3,62;4,75;632;369;263;2585;1337;1248;46
2020;11;02;APART HOTEL;03;3 ESTRELLAS;LORETO;160000;1;20;36;14,17;8,43;1,57;1,57;0;58;58;0;91;91;0;12
2020;11;02;APART HOTEL;03;3 ESTRELLAS;PASCO;190000;1;15;17;0;0;0;0;0;0;0;0;0;0;0;0
2020;11;02;APART HOTEL;03;3 ESTRELLAS;TUMBES;240000;1;6;26;88,33;74,74;2,87;2,87;0;203;203;0;583;583;0;13
2020;11;02;APART HOTEL;04;4 ESTRELLAS;AREQUIPA;040000;1;19;36;13,51;18,43;1,97;1,98;1,88;101;93;8;199;184;15;5
2020;11;02;APART HOTEL;04;4 ESTRELLAS;LA LIBERTAD;130000;1;27;57;0;0;0;0;0;0;0;0;0;0;0;0
2020;11;01;HOTEL;02;2 ESTRELLAS;LA LIBERTAD;130000;21;588;1053;20,85;16,8;1,05;1,05;0;5063;5063;0;5306;5306;0;97
2020;11;01;HOTEL;03;3 ESTRELLAS;LA LIBERTAD;130000;86;2436;4703;25,89;18,07;1,61;1,61;1,61;15812;15325;487;25502;24719;783;499
2020;11;01;HOTEL;04;4 ESTRELLAS;LA LIBERTAD;130000;2;134;231;40,52;26,83;2,18;2,26;1,38;851;780;71;1859;1761;98;22
2020;11;02;APART HOTEL;03;3 ESTRELLAS;LA LIBERTAD;130000;1;11;24;0;0;0;0;0;0;0;0;0;0;0;0
2020;11;01;HOTEL;02;2 ESTRELLAS;PASCO;190000;3;84;127;0;0;0;0;0;0;0;0;0;0;0;0
2020;11;01;HOTEL;03;3 ESTRELLAS;PASCO;190000;4;114;220;0;0;0;0;0;0;0;0;0;0;0;0
2020;11;01;HOTEL;TT;TODAS CONSOLIDADAS;CAJAMARCA;060000;106;3255;5389;20,48;13,57;2,04;2,04;1,43;10752;10715;37;21940;21887;53;578
2020;11;02;APART HOTEL;04;4 ESTRELLAS;SAN MARTÍN;220000;1;20;49;64,83;48,78;2,17;2,13;2,68;330;305;25;717;650;67;8
2020;11;02;APART HOTEL;05;5 ESTRELLAS;LIMA;150000;6;399;674;33,75;23,85;2,06;1,98;3,18;2343;2191;152;4823;4339;484;177
2020;11;02;APART HOTEL;TT;TODAS CONSOLIDADAS;ÁNCASH;020000;2;16;44;15,83;15,61;1,79;1,79;0;115;115;0;206;206;0;4
2020;11;02;APART HOTEL;TT;TODAS CONSOLIDADAS;APURÍMAC;030000;1;23;31;35,65;34,3;2,01;2,01;1,89;159;150;9;319;302;17;6
2020;11;02;APART HOTEL;TT;TODAS CONSOLIDADAS;ICA;110000;2;26;56;0;0;0;0;0;0;0;0;0;0;0;0
2020;11;02;APART HOTEL;TT;TODAS CONSOLIDADAS;LA LIBERTAD;130000;2;38;81;0;0;0;0;0;0;0;0;0;0;0;0
2020;11;02;APART HOTEL;TT;TODAS CONSOLIDADAS;LIMA;150000;22;1266;2452;29,74;19,7;2,62;2,38;4,26;5532;4820;712;14494;11464;3030;707
2020;11;02;APART HOTEL;04;4 ESTRELLAS;LIMA;150000;8;661;1392;26,89;16,97;2,77;2,56;4,37;2557;2260;297;7086;5788;1298;484
2020;11;02;APART HOTEL;TT;TODAS CONSOLIDADAS;AREQUIPA;040000;2;37;72;7,66;9,58;1,99;1,96;2,33;104;95;9;207;186;21;7
2020;11;02;APART HOTEL;TT;TODAS CONSOLIDADAS;LORETO;160000;1;20;36;14,17;8,43;1,57;1,57;0;58;58;0;91;91;0;12
2020;11;02;APART HOTEL;TT;TODAS CONSOLIDADAS;PASCO;190000;1;15;17;0;0;0;0;0;0;0;0;0;0;0;0
2020;11;02;APART HOTEL;TT;TODAS CONSOLIDADAS;SAN MARTÍN;220000;1;20;49;64,83;48,78;2,17;2,13;2,68;330;305;25;717;650;67;8
2020;11;02;APART HOTEL;TT;TODAS CONSOLIDADAS;TUMBES;240000;1;6;26;88,33;74,74;2,87;2,87;0;203;203;0;583;583;0;13
2020;11;03;HOSTAL;01;1 ESTRELLA;AMAZONAS;010000;16;223;326;0;0;0;0;0;0;0;0;0;0;0;0
2020;11;03;HOSTAL;01;1 ESTRELLA;ÁNCASH;020000;43;550;909;24,61;24,9;1,09;1,09;1;6213;6194;19;6789;6770;19;94
2020;11;03;HOSTAL;01;1 ESTRELLA;APURÍMAC;030000;1;14;19;0;0;0;0;0;0;0;0;0;0;0;0
2020;11;03;HOSTAL;01;1 ESTRELLA;AREQUIPA;040000;49;734;1169;24,58;21,88;1,63;1,63;0;4717;4717;0;7674;7674;0;123
2020;11;03;HOSTAL;01;1 ESTRELLA;AYACUCHO;050000;3;83;144;43,17;47,48;6,53;6,53;0;314;314;0;2051;2051;0;14
2020;11;03;HOSTAL;01;1 ESTRELLA;CAJAMARCA;060000;22;392;651;0;0;0;0;0;0;0;0;0;0;0;0
2020;11;03;HOSTAL;01;1 ESTRELLA;CALLAO;070000;11;204;408;28,57;28,35;1;1;1;3649;3619;30;3649;3619;30;36
2020;11;03;HOSTAL;01;1 ESTRELLA;CUSCO;080000;23;348;578;31,08;25,14;1,13;1,13;0;3860;3860;0;4359;4359;0;51
2020;11;03;HOSTAL;01;1 ESTRELLA;HUANCAVELICA;090000;2;29;46;55,4;34,64;1,01;1,01;0;471;471;0;478;478;0;4
2020;11;03;HOSTAL;01;1 ESTRELLA;ICA;110000;13;180;268;17;15,73;1,02;1,02;0;1243;1243;0;1265;1265;0;32
2020;11;03;HOSTAL;01;1 ESTRELLA;JUNÍN;120000;10;160;265;32,5;23,03;1,23;1,23;0;1487;1487;0;1831;1831;0;31
2020;11;03;HOSTAL;01;1 ESTRELLA;LA LIBERTAD;130000;34;483;843;6,87;7,86;1;1;0;1988;1988;0;1988;1988;0;83
2020;11;03;HOSTAL;01;1 ESTRELLA;LAMBAYEQUE;140000;23;302;428;21,1;19,14;1,16;1,15;1,44;2122;2063;59;2458;2373;85;52
2020;11;03;HOSTAL;01;1 ESTRELLA;LIMA;150000;63;1291;2624;33,27;32,03;1,06;1,06;1,09;26599;25872;727;28227;27434;793;276
2020;11;03;HOSTAL;01;1 ESTRELLA;LORETO;160000;5;75;102;3,2;2,81;2,46;2,46;0;35;35;0;86;86;0;12
2020;11;03;HOSTAL;01;1 ESTRELLA;MOQUEGUA;180000;13;181;314;12,93;8,34;1,04;1,04;0;754;754;0;786;786;0;31
2020;11;03;HOSTAL;01;1 ESTRELLA;PASCO;190000;17;270;411;24,06;11,33;1,09;1,09;1;1284;1280;4;1397;1393;4;46
2020;11;03;HOSTAL;01;1 ESTRELLA;PIURA;200000;3;69;107;0;0;0;0;0;0;0;0;0;0;0;0
2020;11;03;HOSTAL;01;1 ESTRELLA;PUNO;210000;19;345;601;13,72;10,34;1;1;1;1863;1440;423;1864;1441;423;53
2020;11;03;HOSTAL;01;1 ESTRELLA;SAN MARTÍN;220000;1;20;33;0;0;0;0;0;0;0;0;0;0;0;0
2020;11;03;HOSTAL;01;1 ESTRELLA;TACNA;230000;8;155;275;3,53;2,45;1;1;1;202;199;3;202;199;3;21
2020;11;03;HOSTAL;02;2 ESTRELLAS;AMAZONAS;010000;54;937;1442;16,66;12,8;1,02;1,02;0;5426;5426;0;5537;5537;0;152
2020;11;03;HOSTAL;02;2 ESTRELLAS;ÁNCASH;020000;122;1995;3381;33,2;32,56;1,06;1,06;1,05;31288;31156;132;33022;32883;139;335
2020;11;03;HOSTAL;02;2 ESTRELLAS;AREQUIPA;040000;126;2041;3666;16,33;16,91;1,41;1,41;1,5;13170;13014;156;18593;18359;234;356
2020;11;03;HOSTAL;02;2 ESTRELLAS;AYACUCHO;050000;4;43;82;0;0;0;0;0;0;0;0;0;0;0;0
2020;11;03;HOSTAL;02;2 ESTRELLAS;CAJAMARCA;060000;108;2050;3294;12,76;11,48;1,35;1,36;1;8374;8343;31;11342;11311;31;325
2020;11;03;HOSTAL;02;2 ESTRELLAS;CALLAO;070000;5;158;302;65,81;68,33;1;1;1;6798;6783;15;6816;6801;15;31
2020;11;03;HOSTAL;02;2 ESTRELLAS;CUSCO;080000;57;924;1602;26,3;21,01;1,9;1,89;2,34;5304;5153;151;10098;9744;354;156
2020;11;03;HOSTAL;02;2 ESTRELLAS;HUANCAVELICA;090000;1;10;10;0;0;0;0;0;0;0;0;0;0;0;0
2020;11;03;HOSTAL;02;2 ESTRELLAS;ICA;110000;61;920;1535;31,57;27,19;1,8;1,8;1,45;6957;6893;64;12519;12426;93;150
2020;11;03;HOSTAL;02;2 ESTRELLAS;JUNÍN;120000;23;448;859;21,76;15,06;1,57;1,57;0;2464;2464;0;3880;3880;0;79
2020;11;03;HOSTAL;02;2 ESTRELLAS;LA LIBERTAD;130000;137;2289;4204;21,85;16,13;1,07;1,07;1;19094;18959;135;20348;20213;135;401
2020;11;03;HOSTAL;02;2 ESTRELLAS;LAMBAYEQUE;140000;156;2334;3272;24,51;18,77;1,34;1,34;1,08;13760;13558;202;18421;18202;219;430
2020;11;03;HOSTAL;02;2 ESTRELLAS;LIMA;150000;114;2684;5052;28,66;24,65;1,5;1,46;2,74;35922;34684;1238;53961;50573;3389;668
2020;11;03;HOSTAL;02;2 ESTRELLAS;LORETO;160000;5;76;115;0;0;0;0;0;0;0;0;0;0;0;0
2020;11;03;HOSTAL;02;2 ESTRELLAS;MADRE DE DIOS;170000;2;35;62;79,62;53,82;1,7;1,7;1,7;589;579;10;1001;984;17;6
2020;11;03;HOSTAL;02;2 ESTRELLAS;MOQUEGUA;180000;28;362;575;19,41;16,58;2,39;2,39;2,44;1195;1118;77;2860;2672;188;59
2020;11;03;HOSTAL;02;2 ESTRELLAS;PASCO;190000;12;191;367;45,08;35,35;2,2;2,2;0;1769;1769;0;3892;3892;0;31
2020;11;03;HOSTAL;02;2 ESTRELLAS;PIURA;200000;28;554;866;41,61;32,11;2,54;2,34;3,65;3283;2778;505;8343;6499;1844;108
2020;11;03;HOSTAL;02;2 ESTRELLAS;PUNO;210000;37;556;1071;22,54;16,65;1,84;1,84;1;2904;2896;8;5351;5343;8;99
2020;11;03;HOSTAL;02;2 ESTRELLAS;SAN MARTÍN;220000;15;246;419;33,73;25,96;1,87;1,87;2,07;1744;1729;15;3263;3232;31;42
2020;11;03;HOSTAL;02;2 ESTRELLAS;TACNA;230000;21;341;609;0;0;0;0;0;0;0;0;0;0;0;0
2020;11;03;HOSTAL;02;2 ESTRELLAS;TUMBES;240000;5;65;130;17,08;13,1;1,21;1,21;0;421;421;0;511;511;0;21
2020;11;03;HOSTAL;02;2 ESTRELLAS;UCAYALI;250000;2;70;127;22,9;15,51;1,45;1,45;1;408;406;2;591;589;2;13
2020;11;03;HOSTAL;03;3 ESTRELLAS;AMAZONAS;010000;6;84;189;0;0;0;0;0;0;0;0;0;0;0;0
2020;11;03;HOSTAL;03;3 ESTRELLAS;ÁNCASH;020000;20;318;583;21,83;17,24;1,93;1,93;2,11;1560;1525;35;3015;2941;74;56
2020;11;03;HOSTAL;03;3 ESTRELLAS;APURÍMAC;030000;1;24;43;25,56;26,28;1,8;1,8;0;188;188;0;339;339;0;7
2020;11;03;HOSTAL;03;3 ESTRELLAS;AREQUIPA;040000;36;626;1131;29,25;21,18;2,2;2,2;1,88;3269;3211;58;7188;7079;109;128
2020;11;03;HOSTAL;03;3 ESTRELLAS;AYACUCHO;050000;2;40;83;32,5;22,25;1,67;1,67;1,63;332;316;16;554;528;26;22
2020;11;03;HOSTAL;03;3 ESTRELLAS;CAJAMARCA;060000;44;716;1202;16,63;13,3;1,44;1,43;1,64;3331;3246;85;4795;4656;139;122
2020;11;03;HOSTAL;03;3 ESTRELLAS;CUSCO;080000;24;476;867;4,6;5,04;1,96;1,91;2,42;670;605;65;1310;1153;157;79
2020;11;03;HOSTAL;03;3 ESTRELLAS;HUANCAVELICA;090000;3;59;94;0;0;0;0;0;0;0;0;0;0;0;0
2020;11;03;HOSTAL;03;3 ESTRELLAS;ICA;110000;31;590;1064;39,15;26,82;1,64;1,64;1,39;5234;5198;36;8561;8511;50;141
2020;11;03;HOSTAL;03;3 ESTRELLAS;JUNÍN;120000;3;60;113;53,17;38,11;1,49;1,49;1,56;866;857;9;1292;1278;14;42
2020;11;03;HOSTAL;03;3 ESTRELLAS;LA LIBERTAD;130000;65;1053;1952;42,24;37,49;1,12;1,12;1,11;19548;19328;220;21957;21712;245;191
2020;11;03;HOSTAL;03;3 ESTRELLAS;LAMBAYEQUE;140000;27;399;575;27,54;22,14;1,34;1,33;1,63;2845;2712;133;3819;3602;217;95
2020;11;03;HOSTAL;03;3 ESTRELLAS;LIMA;150000;17;360;721;18,72;14,38;1,26;1,26;0;2529;2529;0;3185;3185;0;63
2020;11;03;HOSTAL;03;3 ESTRELLAS;LORETO;160000;6;103;156;0;0;0;0;0;0;0;0;0;0;0;0
2020;11;03;HOSTAL;03;3 ESTRELLAS;MADRE DE DIOS;170000;1;22;29;4,55;7,13;2,07;2,07;0;30;30;0;62;62;0;2
2020;11;03;HOSTAL;03;3 ESTRELLAS;MOQUEGUA;180000;3;41;62;20,81;14,14;2,66;2,66;0;99;99;0;263;263;0;8
2020;11;03;HOSTAL;03;3 ESTRELLAS;PASCO;190000;1;9;18;0;0;0;0;0;0;0;0;0;0;0;0
2020;11;03;HOSTAL;03;3 ESTRELLAS;PIURA;200000;3;52;110;19,29;43,91;2,36;2,31;3,17;615;585;30;1449;1354;95;12
2020;11;03;HOSTAL;03;3 ESTRELLAS;PUNO;210000;7;147;283;31,13;18,03;2,32;2,33;1,36;661;650;11;1531;1516;15;33
2020;11;03;HOSTAL;03;3 ESTRELLAS;SAN MARTÍN;220000;5;93;174;22,15;27,07;1,52;1,52;1,69;928;899;29;1413;1364;49;19
2020;11;03;HOSTAL;03;3 ESTRELLAS;TACNA;230000;7;128;260;14,95;9,45;2,16;2,16;0;341;341;0;737;737;0;23
2020;11;03;HOSTAL;03;3 ESTRELLAS;TUMBES;240000;5;83;174;18,07;17,13;1,39;1,39;0;644;644;0;894;894;0;15
2020;11;03;HOSTAL;03;3 ESTRELLAS;UCAYALI;250000;2;45;67;7,93;8,56;3,13;3,13;0;55;55;0;172;172;0;4
2020;11;03;HOSTAL;TT;TODAS CONSOLIDADAS;AMAZONAS;010000;76;1244;1957;12,55;9,43;1,02;1,02;0;5426;5426;0;5537;5537;0;152
2020;11;03;HOSTAL;TT;TODAS CONSOLIDADAS;ÁNCASH;020000;185;2863;4873;30,29;29,29;1,1;1,1;1,25;39061;38875;186;42826;42594;232;485
2020;11;03;HOSTAL;TT;TODAS CONSOLIDADAS;APURÍMAC;030000;8;179;270;24,9;20,47;1,23;1,23;1;1347;1343;4;1658;1654;4;29
2020;11;03;HOSTAL;TT;TODAS CONSOLIDADAS;AREQUIPA;040000;211;3401;5966;20,49;18,69;1,58;1,58;1,6;21156;20942;214;33455;33112;343;607
2020;11;03;HOSTAL;TT;TODAS CONSOLIDADAS;AYACUCHO;050000;9;166;309;29,42;28,1;4,03;4,09;1,63;646;630;16;2605;2579;26;36
2020;11;03;HOSTAL;TT;TODAS CONSOLIDADAS;CAJAMARCA;060000;174;3158;5147;12,05;10,45;1,38;1,38;1,47;11705;11589;116;16137;15967;170;447
2020;11;03;HOSTAL;TT;TODAS CONSOLIDADAS;CALLAO;070000;16;362;710;46,18;46,75;1;1;1;10789;10744;45;10809;10764;45;68
2020;11;03;HOSTAL;TT;TODAS CONSOLIDADAS;CUSCO;080000;104;1748;3047;21,34;17,25;1,6;1,59;2,37;9834;9618;216;15767;15256;511;286
2020;11;03;HOSTAL;TT;TODAS CONSOLIDADAS;HUANCAVELICA;090000;6;98;150;16,39;10,62;1,01;1,01;0;471;471;0;478;478;0;4
2020;11;03;HOSTAL;TT;TODAS CONSOLIDADAS;HUÁNUCO;100000;30;428;644;60,65;53,33;1,05;1,05;0;9860;9860;0;10304;10304;0;73
2020;11;03;HOSTAL;TT;TODAS CONSOLIDADAS;ICA;110000;105;1690;2867;32,66;25,98;1,66;1,67;1,43;13434;13334;100;22345;22202;143;323
2020;11;03;HOSTAL;TT;TODAS CONSOLIDADAS;JUNÍN;120000;36;668;1237;27,16;18,87;1,45;1,45;1,56;4817;4808;9;7003;6989;14;152
2020;11;03;HOSTAL;TT;TODAS CONSOLIDADAS;LA LIBERTAD;130000;236;3825;6999;25,57;21,09;1,09;1,09;1,07;40630;40275;355;44293;43913;380;675
2020;11;03;HOSTAL;TT;TODAS CONSOLIDADAS;LAMBAYEQUE;140000;206;3035;4275;24,57;19,26;1,32;1,32;1,32;18727;18333;394;24698;24177;521;577
2020;11;03;HOSTAL;TT;TODAS CONSOLIDADAS;LIMA;150000;194;4335;8397;28,24;24,96;1,27;1,25;1,97;60874;59209;1664;77257;73984;3273;939
2020;11;03;HOSTAL;TT;TODAS CONSOLIDADAS;LORETO;160000;16;254;373;,94;,77;2,46;2,46;0;35;35;0;86;86;0;12
2020;11;03;HOSTAL;TT;TODAS CONSOLIDADAS;MADRE DE DIOS;170000;3;57;91;50,64;38,94;1,72;1,72;1,7;619;609;10;1063;1046;17;8
2020;11;03;HOSTAL;TT;TODAS CONSOLIDADAS;MOQUEGUA;180000;44;584;951;17,5;13,7;1,91;1,89;2,44;2048;1971;77;3909;3721;188;98
2020;11;03;HOSTAL;TT;TODAS CONSOLIDADAS;PASCO;190000;30;470;796;32,14;22,15;1,73;1,73;1;3053;3049;4;5289;5285;4;77
2020;11;03;HOSTAL;TT;TODAS CONSOLIDADAS;PIURA;200000;34;675;1083;35,63;30,14;2,51;2,34;3,62;3898;3363;535;9792;7853;1939;120
2020;11;03;HOSTAL;TT;TODAS CONSOLIDADAS;PUNO;210000;63;1048;1955;20,84;14,91;1,61;1,66;1,01;5428;4986;442;8746;8300;446;185
2020;11;03;HOSTAL;TT;TODAS CONSOLIDADAS;SAN MARTÍN;220000;21;359;626;28,85;24,9;1,75;1,75;1,82;2672;2628;44;4676;4596;80;61
2020;11;03;HOSTAL;TT;TODAS CONSOLIDADAS;TACNA;230000;36;624;1144;3,94;2,74;1,73;1,73;1;543;540;3;939;936;3;44
2020;11;03;HOSTAL;TT;TODAS CONSOLIDADAS;TUMBES;240000;10;148;304;17,64;15,41;1,32;1,32;0;1065;1065;0;1405;1405;0;36
2020;11;03;HOSTAL;TT;TODAS CONSOLIDADAS;UCAYALI;250000;4;115;194;17,04;13,11;1,65;1,65;1;463;461;2;763;761;2;17
2020;11;05;ALBERGUE;12;ALBERGUE;ÁNCASH;020000;5;48;106;0;0;0;0;0;0;0;0;0;0;0;0
2020;11;05;ALBERGUE;12;ALBERGUE;APURÍMAC;030000;1;8;21;0;0;0;0;0;0;0;0;0;0;0;0
2020;11;05;ALBERGUE;12;ALBERGUE;AREQUIPA;040000;2;14;28;3,33;6,67;1;1;0;56;56;0;56;56;0;4
2020;11;05;ALBERGUE;12;ALBERGUE;CAJAMARCA;060000;1;11;22;0;0;0;0;0;0;0;0;0;0;0;0
2020;11;05;ALBERGUE;12;ALBERGUE;ICA;110000;2;18;43;23,7;20,23;1,99;1,99;0;131;131;0;261;261;0;5
2020;11;05;ALBERGUE;12;ALBERGUE;JUNÍN;120000;1;32;104;42,08;31,83;1,58;1,58;1,6;629;609;20;993;961;32;12
2020;11;05;ALBERGUE;12;ALBERGUE;LIMA;150000;6;84;227;11,15;5,57;2,71;2,75;2,39;140;122;18;379;336;43;16
2020;11;05;ALBERGUE;12;ALBERGUE;LORETO;160000;47;740;1510;20,04;16,55;1,11;1,1;1,53;6784;6748;36;7498;7443;55;183
2020;11;05;ALBERGUE;12;ALBERGUE;MADRE DE DIOS;170000;3;94;229;0;0;0;0;0;0;0;0;0;0;0;0
2020;11;05;ALBERGUE;12;ALBERGUE;PASCO;190000;6;138;367;1,09;1,28;1,55;1,55;0;91;91;0;141;141;0;20
2020;11;05;ALBERGUE;12;ALBERGUE;PUNO;210000;1;13;35;0;0;0;0;0;0;0;0;0;0;0;0
2020;11;05;ALBERGUE;12;ALBERGUE;SAN MARTÍN;220000;8;93;213;10,54;7,29;2,33;2,33;0;200;200;0;466;466;0;19
2020;11;05;ALBERGUE;12;ALBERGUE;UCAYALI;250000;2;31;87;1,83;1,07;1,56;1,56;0;18;18;0;28;28;0;5
2020;11;05;ALBERGUE;TT;TODAS CONSOLIDADAS;ÁNCASH;020000;5;48;106;0;0;0;0;0;0;0;0;0;0;0;0
2020;11;05;ALBERGUE;TT;TODAS CONSOLIDADAS;APURÍMAC;030000;1;8;21;0;0;0;0;0;0;0;0;0;0;0;0
2020;11;05;ALBERGUE;TT;TODAS CONSOLIDADAS;AREQUIPA;040000;2;14;28;3,33;6,67;1;1;0;56;56;0;56;56;0;4
2020;11;05;ALBERGUE;TT;TODAS CONSOLIDADAS;CAJAMARCA;060000;1;11;22;0;0;0;0;0;0;0;0;0;0;0;0
2020;11;05;ALBERGUE;TT;TODAS CONSOLIDADAS;CUSCO;080000;17;253;773;0;0;0;0;0;0;0;0;0;0;0;0
2020;11;05;ALBERGUE;TT;TODAS CONSOLIDADAS;ICA;110000;2;18;43;23,7;20,23;1,99;1,99;0;131;131;0;261;261;0;5
2020;11;05;ALBERGUE;TT;TODAS CONSOLIDADAS;JUNÍN;120000;1;32;104;42,08;31,83;1,58;1,58;1,6;629;609;20;993;961;32;12
2020;11;05;ALBERGUE;TT;TODAS CONSOLIDADAS;LIMA;150000;6;84;227;11,15;5,57;2,71;2,75;2,39;140;122;18;379;336;43;16
2020;11;05;ALBERGUE;TT;TODAS CONSOLIDADAS;LORETO;160000;47;740;1510;20,04;16,55;1,11;1,1;1,53;6784;6748;36;7498;7443;55;183
2020;11;05;ALBERGUE;TT;TODAS CONSOLIDADAS;MADRE DE DIOS;170000;3;94;229;0;0;0;0;0;0;0;0;0;0;0;0
2020;11;05;ALBERGUE;TT;TODAS CONSOLIDADAS;PASCO;190000;6;138;367;1,09;1,28;1,55;1,55;0;91;91;0;141;141;0;20
2020;11;05;ALBERGUE;TT;TODAS CONSOLIDADAS;PUNO;210000;1;13;35;0;0;0;0;0;0;0;0;0;0;0;0
2020;11;05;ALBERGUE;TT;TODAS CONSOLIDADAS;SAN MARTÍN;220000;8;93;213;10,54;7,29;2,33;2,33;0;200;200;0;466;466;0;19
2020;11;05;ALBERGUE;TT;TODAS CONSOLIDADAS;UCAYALI;250000;2;31;87;1,83;1,07;1,56;1,56;0;18;18;0;28;28;0;5
2020;11;14;RESORT;03;3 ESTRELLAS;ICA;110000;1;51;86;0;0;0;0;0;0;0;0;0;0;0;0
2020;11;14;RESORT;03;3 ESTRELLAS;TUMBES;240000;1;31;60;0;0;0;0;0;0;0;0;0;0;0;0
2020;11;14;RESORT;04;4 ESTRELLAS;TUMBES;240000;1;401;1058;53,25;47,83;2,52;2,52;2,52;6026;5972;54;15181;15045;136;390
2020;11;14;RESORT;TT;TODAS CONSOLIDADAS;ICA;110000;3;286;576;52,11;44,87;2,41;2,41;2,6;3212;3072;140;7753;7389;364;278
2020;11;14;RESORT;TT;TODAS CONSOLIDADAS;TUMBES;240000;2;432;1118;49,43;45,26;2,52;2,52;2,52;6026;5972;54;15181;15045;136;390
2020;11;16;ECOLODGE;13;ECOLODGE;AREQUIPA;040000;2;58;148;33,1;31,8;1,62;1,63;1,17;871;853;18;1412;1391;21;71
2020;11;16;ECOLODGE;13;ECOLODGE;SAN MARTÍN;220000;1;12;24;0;0;0;0;0;0;0;0;0;0;0;0
2020;11;16;ECOLODGE;TT;TODAS CONSOLIDADAS;AREQUIPA;040000;2;58;148;33,1;31,8;1,62;1,63;1,17;871;853;18;1412;1391;21;71
2020;11;16;ECOLODGE;TT;TODAS CONSOLIDADAS;SAN MARTÍN;220000;1;12;24;0;0;0;0;0;0;0;0;0;0;0;0
2020;11;TT;TODAS CONSOLIDADAS;00;NO CATEGORIZADO;AMAZONAS;010000;83;1093;1768;12,47;9,06;1,14;1,14;0;4201;4201;0;4804;4804;0;108
2020;11;TT;TODAS CONSOLIDADAS;00;NO CATEGORIZADO;ÁNCASH;020000;312;4247;7490;10,81;7,75;1,8;1,8;2,2;9683;9639;44;17412;17315;97;632
2020;11;TT;TODAS CONSOLIDADAS;00;NO CATEGORIZADO;APURÍMAC;030000;140;2565;3868;24,83;19,11;1,21;1,21;1,28;18357;18193;164;22170;21960;210;461
2020;11;TT;TODAS CONSOLIDADAS;00;NO CATEGORIZADO;AREQUIPA;040000;550;7388;12866;19,98;15,72;1,49;1,5;1,21;40626;39824;802;60681;59707;974;1269
2020;11;TT;TODAS CONSOLIDADAS;00;NO CATEGORIZADO;AYACUCHO;050000;336;4676;7504;13,77;11,32;1,14;1,14;1,2;22343;21475;868;25479;24439;1040;770
2020;11;TT;TODAS CONSOLIDADAS;00;NO CATEGORIZADO;CAJAMARCA;060000;331;4943;7653;19,14;17,56;1,24;1,24;1;32606;32517;89;40309;40220;89;804
2020;11;TT;TODAS CONSOLIDADAS;00;NO CATEGORIZADO;CALLAO;070000;257;3625;6697;30,82;29,29;1,01;1,01;1,13;103370;102988;382;104668;104238;431;965
2020;11;TT;TODAS CONSOLIDADAS;00;NO CATEGORIZADO;CUSCO;080000;988;13195;25195;18,72;13,63;1,28;1,27;1,58;80553;79149;1404;102985;100766;2219;2247
2020;11;TT;TODAS CONSOLIDADAS;00;NO CATEGORIZADO;HUANCAVELICA;090000;98;1741;2637;14,88;12,81;1,13;1,13;1,11;8968;8906;62;10134;10065;69;265
2020;11;TT;TODAS CONSOLIDADAS;00;NO CATEGORIZADO;HUÁNUCO;100000;260;4366;6276;21,31;18,46;1,11;1,11;1,08;31416;31127;289;34765;34452;313;667
2020;11;TT;TODAS CONSOLIDADAS;00;NO CATEGORIZADO;ICA;110000;445;7141;12612;25,8;19,42;1,46;1,46;1,41;50370;49645;725;73472;72447;1025;1375
2020;11;TT;TODAS CONSOLIDADAS;00;NO CATEGORIZADO;JUNÍN;120000;654;10144;16406;15,73;12,15;1,2;1,2;1,41;49778;49532;246;59794;59448;346;1642
2020;11;TT;TODAS CONSOLIDADAS;00;NO CATEGORIZADO;LA LIBERTAD;130000;396;4960;8390;17,6;15,76;1,37;1,37;0;29028;29028;0;39670;39670;0;766
2020;11;TT;TODAS CONSOLIDADAS;00;NO CATEGORIZADO;LAMBAYEQUE;140000;251;3266;4659;21,18;18,66;1,03;1,03;1;25431;25293;138;26088;25950;138;566
2020;11;TT;TODAS CONSOLIDADAS;00;NO CATEGORIZADO;LIMA;150000;6099;52903;92193;22,72;20,22;1,11;1,11;1,16;2213718;2182858;30860;2456582;2420938;35644;31006
2020;11;TT;TODAS CONSOLIDADAS;00;NO CATEGORIZADO;LORETO;160000;346;5120;7961;19,4;16,92;2,14;2,15;2,04;18847;17349;1498;40410;37361;3049;817
2020;11;TT;TODAS CONSOLIDADAS;00;NO CATEGORIZADO;MADRE DE DIOS;170000;151;3253;5331;25,48;20,57;1,19;1,18;1,58;27629;27086;543;32890;32032;858;528
2020;11;TT;TODAS CONSOLIDADAS;00;NO CATEGORIZADO;MOQUEGUA;180000;115;1517;2675;13,55;9,47;1,41;1,41;2,78;5372;5363;9;7600;7575;25;254
2020;11;TT;TODAS CONSOLIDADAS;00;NO CATEGORIZADO;PASCO;190000;211;3120;4778;22,05;14,74;1,34;1,35;1,05;15726;15644;82;21134;21048;86;517
2020;11;TT;TODAS CONSOLIDADAS;00;NO CATEGORIZADO;PIURA;200000;463;6616;11777;31,41;24,44;1,6;1,59;2,02;54071;53046;1025;86337;84267;2070;1139
2020;11;TT;TODAS CONSOLIDADAS;00;NO CATEGORIZADO;PUNO;210000;404;5365;9356;19,87;16,14;1,1;1,1;1,08;41231;39992;1239;45301;43963;1338;932
2020;11;TT;TODAS CONSOLIDADAS;00;NO CATEGORIZADO;SAN MARTÍN;220000;458;7352;11597;26,29;21,08;1,45;1,45;1,35;50745;50311;434;73330;72746;584;1223
2020;11;TT;TODAS CONSOLIDADAS;00;NO CATEGORIZADO;TACNA;230000;233;3159;5928;11,23;7,88;1,28;1,28;1,01;10937;10846;91;14014;13922;92;527
2020;11;TT;TODAS CONSOLIDADAS;00;NO CATEGORIZADO;TUMBES;240000;120;1650;3234;20,2;15,52;1,59;1,6;1,45;9496;8356;1140;15053;13404;1649;239
2020;11;TT;TODAS CONSOLIDADAS;00;NO CATEGORIZADO;UCAYALI;250000;211;3908;5871;26,76;23,89;1,68;1,67;2;25011;24202;809;42083;40463;1620;656
2020;11;TT;TODAS CONSOLIDADAS;01;1 ESTRELLA;AMAZONAS;010000;17;243;361;0;0;0;0;0;0;0;0;0;0;0;0
2020;11;TT;TODAS CONSOLIDADAS;01;1 ESTRELLA;ÁNCASH;020000;52;840;1363;19,34;18,43;1,08;1,08;1;6960;6941;19;7536;7517;19;141
2020;11;TT;TODAS CONSOLIDADAS;01;1 ESTRELLA;APURÍMAC;030000;3;94;134;10,71;8,31;1,01;1,01;0;332;332;0;334;334;0;8
2020;11;TT;TODAS CONSOLIDADAS;01;1 ESTRELLA;AYACUCHO;050000;10;258;444;22,87;25,54;3,69;3,69;0;921;921;0;3402;3402;0;45
2020;11;TT;TODAS CONSOLIDADAS;01;1 ESTRELLA;CAJAMARCA;060000;28;562;935;1,53;1,25;1,17;1,17;0;298;298;0;350;350;0;27
2020;11;TT;TODAS CONSOLIDADAS;01;1 ESTRELLA;CALLAO;070000;12;241;482;28,57;28,35;1;1;1;3981;3948;33;3981;3948;33;39
2020;11;TT;TODAS CONSOLIDADAS;01;1 ESTRELLA;HUANCAVELICA;090000;2;29;46;55,4;34,64;1,01;1,01;0;471;471;0;478;478;0;4
2020;11;TT;TODAS CONSOLIDADAS;01;1 ESTRELLA;ICA;110000;17;262;376;11,68;11,21;1,02;1,02;0;1243;1243;0;1265;1265;0;32
2020;11;TT;TODAS CONSOLIDADAS;01;1 ESTRELLA;JUNÍN;120000;13;313;561;23,73;15,94;1,29;1,29;0;2073;2073;0;2683;2683;0;45
2020;11;TT;TODAS CONSOLIDADAS;01;1 ESTRELLA;LA LIBERTAD;130000;36;529;931;6,28;7,12;1;1;0;1988;1988;0;1988;1988;0;83
2020;11;TT;TODAS CONSOLIDADAS;01;1 ESTRELLA;LAMBAYEQUE;140000;27;426;616;14,96;13,3;1,16;1,15;1,44;2122;2063;59;2458;2373;85;52
2020;11;TT;TODAS CONSOLIDADAS;01;1 ESTRELLA;LIMA;150000;70;1547;3108;33,25;32,34;1,06;1,06;1,14;30484;29734;749;32446;31591;856;311
2020;11;TT;TODAS CONSOLIDADAS;01;1 ESTRELLA;LORETO;160000;5;75;102;3,2;2,81;2,46;2,46;0;35;35;0;86;86;0;12
2020;11;TT;TODAS CONSOLIDADAS;01;1 ESTRELLA;MADRE DE DIOS;170000;1;23;37;7,54;7,57;1,83;1,83;0;46;46;0;84;84;0;3
2020;11;TT;TODAS CONSOLIDADAS;01;1 ESTRELLA;MOQUEGUA;180000;14;201;355;11,64;7,38;1,04;1,04;0;754;754;0;786;786;0;31
2020;11;TT;TODAS CONSOLIDADAS;01;1 ESTRELLA;PASCO;190000;19;342;542;19;8,59;1,09;1,09;1;1284;1280;4;1397;1393;4;46
2020;11;TT;TODAS CONSOLIDADAS;01;1 ESTRELLA;PIURA;200000;5;122;190;0;0;0;0;0;0;0;0;0;0;0;0
2020;11;TT;TODAS CONSOLIDADAS;01;1 ESTRELLA;PUNO;210000;24;476;835;15,48;12,26;1;1;1;3071;2646;425;3072;2647;425;71
2020;11;TT;TODAS CONSOLIDADAS;01;1 ESTRELLA;SAN MARTÍN;220000;7;146;232;0;0;0;0;0;0;0;0;0;0;0;0
2020;11;TT;TODAS CONSOLIDADAS;01;1 ESTRELLA;TACNA;230000;10;212;387;6,31;4,56;1,49;1,49;1,14;356;349;7;529;521;8;26
2020;11;TT;TODAS CONSOLIDADAS;02;2 ESTRELLAS;AMAZONAS;010000;83;1700;2642;23,17;17,54;1,42;1,41;2,15;9817;9674;143;13902;13595;307;280
2020;11;TT;TODAS CONSOLIDADAS;02;2 ESTRELLAS;ÁNCASH;020000;157;2961;5133;27,97;25,56;1,07;1,07;1,05;36941;36793;148;39364;39209;155;486
2020;11;TT;TODAS CONSOLIDADAS;02;2 ESTRELLAS;APURÍMAC;030000;9;301;482;30,32;25,47;1,95;1,95;1;1886;1882;4;3683;3679;4;39
2020;11;TT;TODAS CONSOLIDADAS;02;2 ESTRELLAS;AREQUIPA;040000;165;3176;5661;18,77;16,52;1,65;1,65;1,9;16975;16777;198;28058;27681;377;552
2020;11;TT;TODAS CONSOLIDADAS;02;2 ESTRELLAS;AYACUCHO;050000;11;241;449;12,7;12,92;1,71;1,71;0;1016;1016;0;1740;1740;0;34
2020;11;TT;TODAS CONSOLIDADAS;02;2 ESTRELLAS;CAJAMARCA;060000;147;3169;5066;13,19;11,39;1,31;1,32;1;13168;13125;43;17304;17261;43;501
2020;11;TT;TODAS CONSOLIDADAS;02;2 ESTRELLAS;CALLAO;070000;5;158;302;65,81;68,33;1;1;1;6798;6783;15;6816;6801;15;31
2020;11;TT;TODAS CONSOLIDADAS;02;2 ESTRELLAS;HUANCAVELICA;090000;3;52;83;37,95;34,54;2,13;2,15;1,5;404;392;12;860;842;18;11
2020;11;TT;TODAS CONSOLIDADAS;02;2 ESTRELLAS;JUNÍN;120000;46;1140;2082;23,83;16,55;1,41;1,41;2,29;7308;7263;45;10335;10232;103;181
2020;11;TT;TODAS CONSOLIDADAS;02;2 ESTRELLAS;LA LIBERTAD;130000;158;2877;5257;21,64;16,27;1,06;1,06;1;24157;24022;135;25654;25519;135;498
2020;11;TT;TODAS CONSOLIDADAS;02;2 ESTRELLAS;LAMBAYEQUE;140000;225;4275;6179;21,24;16,25;1,29;1,29;1,4;23412;23049;363;30125;29618;507;753
2020;11;TT;TODAS CONSOLIDADAS;02;2 ESTRELLAS;LIMA;150000;218;7087;13105;31,6;27,7;1,42;1,41;2,22;100380;98447;1933;142870;138588;4283;1469
2020;11;TT;TODAS CONSOLIDADAS;02;2 ESTRELLAS;LORETO;160000;20;457;738;10,53;7,75;2,33;2,32;2,35;738;704;34;1716;1636;80;64
2020;11;TT;TODAS CONSOLIDADAS;02;2 ESTRELLAS;MADRE DE DIOS;170000;4;83;149;53,25;39,02;1,81;1,82;1,71;961;947;14;1744;1720;24;13
2020;11;TT;TODAS CONSOLIDADAS;02;2 ESTRELLAS;MOQUEGUA;180000;40;682;1103;24,95;18,53;2,68;2,22;5,87;2284;1994;290;6132;4431;1701;125
2020;11;TT;TODAS CONSOLIDADAS;02;2 ESTRELLAS;PASCO;190000;15;275;494;31,31;26,26;2,2;2,2;0;1769;1769;0;3892;3892;0;31
2020;11;TT;TODAS CONSOLIDADAS;02;2 ESTRELLAS;PIURA;200000;47;1028;1666;35,51;26,33;2,4;2,27;3,61;5484;4971;513;13161;11307;1854;196
2020;11;TT;TODAS CONSOLIDADAS;02;2 ESTRELLAS;PUNO;210000;61;1148;2142;18,21;12,84;1,77;1,77;2,09;4656;4621;35;8254;8181;73;193
2020;11;TT;TODAS CONSOLIDADAS;02;2 ESTRELLAS;SAN MARTÍN;220000;37;868;1462;20,18;16,25;1,67;1,67;1,57;4275;4226;49;7129;7052;77;148
2020;11;TT;TODAS CONSOLIDADAS;02;2 ESTRELLAS;TACNA;230000;53;1236;2433;7,65;4,88;1,52;1,52;0;2342;2342;0;3563;3563;0;151
2020;11;TT;TODAS CONSOLIDADAS;02;2 ESTRELLAS;TUMBES;240000;11;245;461;27,93;17,43;1,66;1,65;2,09;1453;1430;23;2410;2362;48;56
2020;11;TT;TODAS CONSOLIDADAS;02;2 ESTRELLAS;UCAYALI;250000;4;121;208;13,25;9,47;1,45;1,45;1;408;406;2;591;589;2;13
2020;11;TT;TODAS CONSOLIDADAS;03;3 ESTRELLAS;AMAZONAS;010000;26;562;1041;27,01;21,45;2,55;2,56;2,11;2626;2590;36;6700;6624;76;88
2020;11;TT;TODAS CONSOLIDADAS;03;3 ESTRELLAS;ÁNCASH;020000;60;1649;2913;23,49;17,37;1,9;1,89;2,33;8007;7889;118;15180;14905;275;328
2020;11;TT;TODAS CONSOLIDADAS;03;3 ESTRELLAS;APURÍMAC;030000;5;145;246;42,6;32,7;2,2;2,21;1,52;1097;1076;21;2413;2381;32;33
2020;11;TT;TODAS CONSOLIDADAS;03;3 ESTRELLAS;AREQUIPA;040000;98;2491;4595;23,19;16,35;2,21;2,2;2,53;10210;9999;211;22536;22003;533;529
2020;11;TT;TODAS CONSOLIDADAS;03;3 ESTRELLAS;AYACUCHO;050000;7;229;437;14,93;11,99;2,02;2,03;1,7;779;749;30;1572;1521;51;80
2020;11;TT;TODAS CONSOLIDADAS;03;3 ESTRELLAS;CAJAMARCA;060000;103;2581;4331;21,17;13,97;2,14;2,14;1,58;8491;8387;104;18147;17983;164;453
2020;11;TT;TODAS CONSOLIDADAS;03;3 ESTRELLAS;CALLAO;070000;3;163;296;22,9;19,63;1,33;1,19;2,65;1309;1179;130;1743;1398;345;33
2020;11;TT;TODAS CONSOLIDADAS;03;3 ESTRELLAS;CUSCO;080000;82;2789;5333;12,42;9,09;2,44;2,6;1,57;5956;5033;923;14547;13097;1450;511
2020;11;TT;TODAS CONSOLIDADAS;03;3 ESTRELLAS;HUANCAVELICA;090000;5;124;202;7,02;5,92;1,63;1,63;0;220;220;0;359;359;0;18
2020;11;TT;TODAS CONSOLIDADAS;03;3 ESTRELLAS;HUÁNUCO;100000;13;477;853;14,54;11,97;1,36;1,37;1,29;2245;2231;14;3064;3046;18;100
2020;11;03;HOSTAL;01;1 ESTRELLA;HUÁNUCO;100000;13;215;313;69,91;56,82;1,04;1,04;0;5118;5118;0;5335;5335;0;36
2020;11;03;HOSTAL;02;2 ESTRELLAS;HUÁNUCO;100000;16;199;307;54,09;53,18;1,05;1,05;0;4671;4671;0;4898;4898;0;33
2020;11;03;HOSTAL;03;3 ESTRELLAS;HUÁNUCO;100000;1;14;24;11,67;9,86;1;1;0;71;71;0;71;71;0;4
2020;11;TT;TODAS CONSOLIDADAS;01;1 ESTRELLA;HUÁNUCO;100000;21;455;670;58,45;47,79;1,02;1,02;0;9389;9389;0;9606;9606;0;76
2020;11;TT;TODAS CONSOLIDADAS;02;2 ESTRELLAS;HUÁNUCO;100000;56;1406;2200;22,24;19,44;1,1;1,1;1,06;11633;11617;16;12831;12814;17;218
2020;11;03;HOSTAL;02;2 ESTRELLAS;APURÍMAC;030000;6;141;208;27,26;21,14;1,14;1,14;1;1159;1155;4;1319;1315;4;22
2020;11;05;ALBERGUE;12;ALBERGUE;CUSCO;080000;17;253;773;0;0;0;0;0;0;0;0;0;0;0;0
2020;11;TT;TODAS CONSOLIDADAS;01;1 ESTRELLA;CUSCO;080000;28;470;813;29,01;22,18;1,1;1,1;0;4910;4910;0;5409;5409;0;67
2020;11;TT;TODAS CONSOLIDADAS;02;2 ESTRELLAS;CUSCO;080000;99;1990;3493;19,66;18,07;1,87;1,86;2,21;10136;9899;237;18933;18409;524;354
2020;11;14;RESORT;05;5 ESTRELLAS;ICA;110000;2;235;490;63,42;52,74;2,41;2,41;2,6;3212;3072;140;7753;7389;364;278
2020;11;TT;TODAS CONSOLIDADAS;02;2 ESTRELLAS;ICA;110000;112;2291;3898;26,98;21,79;1,76;1,76;1,4;14473;14304;169;25482;25245;237;390
2020;11;TT;TODAS CONSOLIDADAS;01;1 ESTRELLA;AREQUIPA;040000;54;912;1454;19,78;17,59;1,63;1,63;0;4717;4717;0;7674;7674;0;123
2020;11;TT;TODAS CONSOLIDADAS;03;3 ESTRELLAS;ICA;110000;79;2225;4289;42,45;29,81;2,84;2,85;1,9;13520;13301;219;38356;37940;416;444
2020;11;TT;TODAS CONSOLIDADAS;03;3 ESTRELLAS;JUNÍN;120000;24;827;1559;26,96;15,94;2,01;2,02;1,53;3715;3635;80;7456;7334;122;260
2020;11;TT;TODAS CONSOLIDADAS;03;3 ESTRELLAS;LA LIBERTAD;130000;152;3500;6679;30,73;23,69;1,34;1,34;1,45;35360;34653;707;47459;46431;1028;690
2020;11;TT;TODAS CONSOLIDADAS;03;3 ESTRELLAS;LAMBAYEQUE;140000;63;1635;2720;22,18;15,9;1,5;1,5;1,7;8639;8340;299;12977;12470;507;319
2020;11;TT;TODAS CONSOLIDADAS;03;3 ESTRELLAS;LIMA;150000;169;7810;14567;33,27;24,66;2,13;2,1;2,53;50862;47708;3154;108213;100247;7966;1543
2020;11;TT;TODAS CONSOLIDADAS;03;3 ESTRELLAS;MADRE DE DIOS;170000;4;157;274;30,38;22,41;2,03;2,01;2,53;907;877;30;1842;1766;76;31
2020;11;TT;TODAS CONSOLIDADAS;03;3 ESTRELLAS;MOQUEGUA;180000;9;264;482;47,2;29;2,41;2,42;1,75;1738;1726;12;4194;4173;21;53
2020;11;TT;TODAS CONSOLIDADAS;03;3 ESTRELLAS;PASCO;190000;6;138;255;0;0;0;0;0;0;0;0;0;0;0;0
2020;11;TT;TODAS CONSOLIDADAS;03;3 ESTRELLAS;PIURA;200000;13;393;659;23,25;22,77;1,81;1,73;2,47;2490;2218;272;4501;3829;672;98
2020;11;TT;TODAS CONSOLIDADAS;03;3 ESTRELLAS;SAN MARTÍN;220000;24;741;1312;22,73;21,91;1,79;1,79;1,63;4814;4782;32;8622;8570;52;137
2020;11;TT;TODAS CONSOLIDADAS;03;3 ESTRELLAS;TACNA;230000;20;632;1325;16,02;9,7;1,69;1,69;0;2281;2281;0;3855;3855;0;141
2020;11;TT;TODAS CONSOLIDADAS;03;3 ESTRELLAS;UCAYALI;250000;17;586;956;29,85;25,34;2,76;2,7;3,78;2630;2482;148;7268;6708;560;113
2020;11;TT;TODAS CONSOLIDADAS;04;4 ESTRELLAS;AREQUIPA;040000;10;458;892;34,54;20,75;2,76;2,76;2,45;2015;1971;44;5552;5444;108;152
2020;11;TT;TODAS CONSOLIDADAS;04;4 ESTRELLAS;CAJAMARCA;060000;2;101;204;73,33;37,19;4,55;4,57;2,67;500;494;6;2276;2260;16;44
2020;11;TT;TODAS CONSOLIDADAS;04;4 ESTRELLAS;CALLAO;070000;2;371;632;33,85;25,26;1,42;1,46;1,31;3380;2368;1012;4789;3464;1325;108
2020;11;TT;TODAS CONSOLIDADAS;04;4 ESTRELLAS;CUSCO;080000;9;823;1579;14,03;9,58;2,02;1,97;2,47;2247;2032;215;4539;4007;532;224
2020;11;TT;TODAS CONSOLIDADAS;04;4 ESTRELLAS;HUÁNUCO;100000;1;52;90;21,41;14,89;1,52;1,52;0;265;265;0;402;402;0;18
2020;11;TT;TODAS CONSOLIDADAS;04;4 ESTRELLAS;ICA;110000;5;460;894;47;37,96;3,21;3,2;3,52;3172;3070;102;10180;9821;359;136
2020;11;TT;TODAS CONSOLIDADAS;04;4 ESTRELLAS;JUNÍN;120000;1;40;66;38,83;23,54;4,61;4,61;0;101;101;0;466;466;0;19
2020;11;TT;TODAS CONSOLIDADAS;04;4 ESTRELLAS;LA LIBERTAD;130000;3;161;288;33,73;21,52;2,18;2,26;1,38;851;780;71;1859;1761;98;22
2020;11;TT;TODAS CONSOLIDADAS;04;4 ESTRELLAS;LAMBAYEQUE;140000;4;336;546;39,82;32,21;1,6;1,57;2,01;3302;3127;175;5276;4924;352;241
2020;11;TT;TODAS CONSOLIDADAS;04;4 ESTRELLAS;LIMA;150000;48;4537;8273;35,03;23,06;3,06;3,06;3,04;18699;16060;2639;57223;49210;8013;1697
2020;11;TT;TODAS CONSOLIDADAS;04;4 ESTRELLAS;LORETO;160000;2;90;150;22,56;16,73;3,59;3,6;3,17;210;204;6;753;734;19;23
2020;11;TT;TODAS CONSOLIDADAS;04;4 ESTRELLAS;MOQUEGUA;180000;2;123;232;29,89;21,97;2,69;2,71;1,83;568;556;12;1529;1507;22;23
2020;11;TT;TODAS CONSOLIDADAS;04;4 ESTRELLAS;PIURA;200000;2;181;361;33,28;24,51;2,15;2,1;2,58;1235;1118;117;2654;2352;302;34
2020;11;TT;TODAS CONSOLIDADAS;04;4 ESTRELLAS;PUNO;210000;6;373;707;42,02;23,49;4,19;4,15;6,45;1189;1169;20;4983;4854;129;107
2020;11;TT;TODAS CONSOLIDADAS;04;4 ESTRELLAS;SAN MARTÍN;220000;2;70;157;87,19;45,84;1,58;1,56;2,12;1364;1312;52;2159;2049;110;31
2020;11;TT;TODAS CONSOLIDADAS;04;4 ESTRELLAS;TACNA;230000;1;150;300;21;13,33;1,83;1,84;1,64;655;633;22;1200;1164;36;21
2020;11;TT;TODAS CONSOLIDADAS;04;4 ESTRELLAS;TUMBES;240000;5;632;1510;33,79;33,51;2,52;2,52;2,52;6026;5972;54;15181;15045;136;390
2020;11;TT;TODAS CONSOLIDADAS;04;4 ESTRELLAS;UCAYALI;250000;5;289;508;29,02;23,37;2,68;2,66;3,33;1327;1275;52;3561;3388;173;94
2020;11;TT;TODAS CONSOLIDADAS;05;5 ESTRELLAS;AREQUIPA;040000;3;241;346;62,68;47,53;3,16;3,21;2,24;1562;1477;85;4934;4744;190;119
2020;11;TT;TODAS CONSOLIDADAS;05;5 ESTRELLAS;CUSCO;080000;9;939;1784;7,14;6,49;1,77;1,78;1,69;1963;1628;335;3471;2905;566;497
2020;11;TT;TODAS CONSOLIDADAS;05;5 ESTRELLAS;ICA;110000;4;460;1046;72,82;46,61;2,76;2,75;2,92;5301;5089;212;14625;14005;620;409
2020;11;TT;TODAS CONSOLIDADAS;05;5 ESTRELLAS;LA LIBERTAD;130000;1;120;240;62,17;40,96;2,36;2,36;2,28;1252;1163;89;2949;2746;203;97
2020;11;TT;TODAS CONSOLIDADAS;05;5 ESTRELLAS;LIMA;150000;26;4093;7380;49,11;30,52;2,81;2,7;3,63;24042;21106;2936;67566;56915;10651;2092
2020;11;TT;TODAS CONSOLIDADAS;05;5 ESTRELLAS;LORETO;160000;1;60;122;41,5;32,13;1,93;1,91;2,05;609;514;95;1176;981;195;24
2020;11;TT;TODAS CONSOLIDADAS;05;5 ESTRELLAS;PIURA;200000;1;83;166;59,44;40,58;2,09;1,75;4,2;969;836;133;2021;1462;559;47
2020;11;TT;TODAS CONSOLIDADAS;05;5 ESTRELLAS;PUNO;210000;1;123;231;62,38;57,86;1,81;1,81;0;2214;2214;0;4010;4010;0;45
2020;11;TT;TODAS CONSOLIDADAS;05;5 ESTRELLAS;UCAYALI;250000;2;165;306;16,83;11,71;3,19;3,12;7,8;337;332;5;1075;1036;39;15
2020;11;TT;TODAS CONSOLIDADAS;12;ALBERGUE;ÁNCASH;020000;5;48;106;0;0;0;0;0;0;0;0;0;0;0;0
2020;11;TT;TODAS CONSOLIDADAS;12;ALBERGUE;AREQUIPA;040000;2;14;28;3,33;6,67;1;1;0;56;56;0;56;56;0;4
2020;11;TT;TODAS CONSOLIDADAS;12;ALBERGUE;CUSCO;080000;17;253;773;0;0;0;0;0;0;0;0;0;0;0;0
2020;11;TT;TODAS CONSOLIDADAS;12;ALBERGUE;ICA;110000;2;18;43;23,7;20,23;1,99;1,99;0;131;131;0;261;261;0;5
2020;11;TT;TODAS CONSOLIDADAS;12;ALBERGUE;JUNÍN;120000;1;32;104;42,08;31,83;1,58;1,58;1,6;629;609;20;993;961;32;12
2020;11;TT;TODAS CONSOLIDADAS;12;ALBERGUE;LIMA;150000;6;84;227;11,15;5,57;2,71;2,75;2,39;140;122;18;379;336;43;16
2020;11;TT;TODAS CONSOLIDADAS;12;ALBERGUE;LORETO;160000;47;740;1510;20,04;16,55;1,11;1,1;1,53;6784;6748;36;7498;7443;55;183
2020;11;TT;TODAS CONSOLIDADAS;12;ALBERGUE;MADRE DE DIOS;170000;3;94;229;0;0;0;0;0;0;0;0;0;0;0;0
2020;11;TT;TODAS CONSOLIDADAS;12;ALBERGUE;PASCO;190000;6;138;367;1,09;1,28;1,55;1,55;0;91;91;0;141;141;0;20
2020;11;TT;TODAS CONSOLIDADAS;12;ALBERGUE;PUNO;210000;1;13;35;0;0;0;0;0;0;0;0;0;0;0;0
2020;11;TT;TODAS CONSOLIDADAS;12;ALBERGUE;SAN MARTÍN;220000;8;93;213;10,54;7,29;2,33;2,33;0;200;200;0;466;466;0;19
2020;11;TT;TODAS CONSOLIDADAS;12;ALBERGUE;UCAYALI;250000;2;31;87;1,83;1,07;1,56;1,56;0;18;18;0;28;28;0;5
2020;11;TT;TODAS CONSOLIDADAS;13;ECOLODGE;AREQUIPA;040000;2;58;148;33,1;31,8;1,62;1,63;1,17;871;853;18;1412;1391;21;71
2020;11;TT;TODAS CONSOLIDADAS;13;ECOLODGE;SAN MARTÍN;220000;1;12;24;0;0;0;0;0;0;0;0;0;0;0;0
2020;11;TT;TODAS CONSOLIDADAS;TT;TODAS CONSOLIDADAS;ÁNCASH;020000;586;9745;17005;17,37;14,39;1,53;1,53;1,78;61591;61262;329;79492;78946;546;1587
2020;11;TT;TODAS CONSOLIDADAS;TT;TODAS CONSOLIDADAS;APURÍMAC;030000;158;3113;4751;25,28;19,57;1,27;1,27;1,24;21672;21483;189;28600;28354;246;541
2020;11;TT;TODAS CONSOLIDADAS;TT;TODAS CONSOLIDADAS;AREQUIPA;040000;884;14738;25990;20,4;16,24;1,63;1,63;1,43;77032;75674;1358;130903;128700;2203;2819
2020;11;TT;TODAS CONSOLIDADAS;TT;TODAS CONSOLIDADAS;AYACUCHO;050000;364;5404;8834;14,01;11,77;1,24;1,24;1,14;25059;24161;898;32193;31102;1091;929
2020;11;TT;TODAS CONSOLIDADAS;TT;TODAS CONSOLIDADAS;CAJAMARCA;060000;612;11367;18211;17,39;14,76;1,41;1,41;1,06;55063;54821;242;78386;78074;312;1829
2020;11;TT;TODAS CONSOLIDADAS;TT;TODAS CONSOLIDADAS;CALLAO;070000;279;4558;8409;31,29;29,82;1,02;1,02;1,14;118837;117265;1572;121998;119849;2149;1177
2020;11;TT;TODAS CONSOLIDADAS;TT;TODAS CONSOLIDADAS;CUSCO;080000;1232;20459;38970;18,24;13,61;1,39;1,4;1,58;105765;102651;3114;149884;144593;5291;3900
2020;11;TT;TODAS CONSOLIDADAS;TT;TODAS CONSOLIDADAS;HUANCAVELICA;090000;108;1946;2968;15,91;13,5;1,18;1,18;1,05;10063;9989;74;11831;11744;87;298
2020;11;TT;TODAS CONSOLIDADAS;TT;TODAS CONSOLIDADAS;HUÁNUCO;100000;351;6756;10089;23,43;20,12;1,11;1,11;1,02;54948;54629;319;60668;60320;348;1079
2020;11;TT;TODAS CONSOLIDADAS;TT;TODAS CONSOLIDADAS;ICA;110000;664;12857;23158;28,05;21,15;1,68;1,69;1,45;88210;86783;1427;163641;160984;2657;2791
2020;11;TT;TODAS CONSOLIDADAS;TT;TODAS CONSOLIDADAS;JUNÍN;120000;739;12496;20778;16,81;12,65;1,25;1,25;1,44;63604;63213;391;81727;81124;603;2159
2020;11;TT;TODAS CONSOLIDADAS;TT;TODAS CONSOLIDADAS;LAMBAYEQUE;140000;570;9938;14720;21,15;17,25;1,19;1,19;1,26;62906;61872;1034;76924;75335;1589;1931
2020;11;TT;TODAS CONSOLIDADAS;TT;TODAS CONSOLIDADAS;LIMA;150000;6636;78061;138853;23,57;20,75;1,17;1,17;1,25;2438325;2396035;42289;2865280;2797824;67456;38134
2020;11;TT;TODAS CONSOLIDADAS;TT;TODAS CONSOLIDADAS;MOQUEGUA;180000;180;2787;4847;17,8;12,44;1,73;1,63;3,19;10716;10393;323;20241;18472;1769;486
2020;11;TT;TODAS CONSOLIDADAS;TT;TODAS CONSOLIDADAS;PASCO;190000;257;4013;6436;21,36;14,3;1,35;1,35;,93;18870;18784;86;26564;26474;90;614
2020;11;TT;TODAS CONSOLIDADAS;TT;TODAS CONSOLIDADAS;PIURA;200000;531;8423;14819;31,34;24,36;1,66;1,64;2,16;64249;62189;2060;108674;103217;5457;1514
2020;11;TT;TODAS CONSOLIDADAS;TT;TODAS CONSOLIDADAS;PUNO;210000;531;8525;15179;20,64;15,95;1,34;1,34;1,32;55786;54026;1760;76760;74707;2053;1573
2020;11;TT;TODAS CONSOLIDADAS;TT;TODAS CONSOLIDADAS;SAN MARTÍN;220000;537;9282;14997;25,31;20,35;1,47;1,47;1,34;61398;60831;567;91706;90883;823;1558
2020;11;TT;TODAS CONSOLIDADAS;03;3 ESTRELLAS;LORETO;160000;33;950;1575;15,88;13,45;2,59;2,6;2,41;2454;2295;159;6357;5974;383;169
2020;11;TT;TODAS CONSOLIDADAS;03;3 ESTRELLAS;PUNO;210000;34;1027;1873;33,41;19,83;3,25;3,27;2,15;3425;3384;41;11140;11052;88;225
2020;11;TT;TODAS CONSOLIDADAS;03;3 ESTRELLAS;TUMBES;240000;15;376;762;7,23;7,39;1,59;1,59;0;1060;1060;0;1690;1690;0;71
2020;11;TT;TODAS CONSOLIDADAS;12;ALBERGUE;APURÍMAC;030000;1;8;21;0;0;0;0;0;0;0;0;0;0;0;0
2020;11;TT;TODAS CONSOLIDADAS;12;ALBERGUE;CAJAMARCA;060000;1;11;22;0;0;0;0;0;0;0;0;0;0;0;0
2020;11;TT;TODAS CONSOLIDADAS;TT;TODAS CONSOLIDADAS;AMAZONAS;010000;209;3598;5812;17,51;13,23;1,33;1,33;1,12;16644;16465;179;25406;25023;383;476
2020;11;TT;TODAS CONSOLIDADAS;TT;TODAS CONSOLIDADAS;LA LIBERTAD;130000;746;12147;21785;20,71;17,12;1,28;1,28;,52;92636;91634;1002;119579;118115;1464;2156
2020;11;TT;TODAS CONSOLIDADAS;TT;TODAS CONSOLIDADAS;LORETO;160000;454;7492;12158;18,7;16,1;2,09;2,09;2,01;29677;27849;1828;57996;54215;3781;1292
2020;11;TT;TODAS CONSOLIDADAS;TT;TODAS CONSOLIDADAS;MADRE DE DIOS;170000;163;3610;6020;25,7;20,61;1,21;1,2;1,57;29543;28956;587;36560;35602;958;575
2020;11;TT;TODAS CONSOLIDADAS;TT;TODAS CONSOLIDADAS;TUMBES;240000;151;2903;5967;19,93;15,44;1,62;1,64;1,38;18035;16818;1217;34334;32501;1833;756
2020;11;TT;TODAS CONSOLIDADAS;TT;TODAS CONSOLIDADAS;UCAYALI;250000;241;5100;7936;26,51;23,45;1,79;1,77;2,17;29731;28715;1016;54606;52212;2394;896
2020;12;00;NO CLASIFICADO;00;NO CATEGORIZADO;AMAZONAS;010000;134;1693;2681;15,65;11,48;1,19;1,19;0;8030;8030;0;9541;9541;0;272
2020;12;00;NO CLASIFICADO;00;NO CATEGORIZADO;ICA;110000;445;7118;12555;21,71;18,76;1,27;1,27;1,33;57589;57066;523;72996;72298;698;1365
2020;12;00;NO CLASIFICADO;00;NO CATEGORIZADO;LA LIBERTAD;130000;397;4964;8399;27,01;24;1,33;1,33;1,36;47024;46842;182;62499;62252;247;768
2020;12;00;NO CLASIFICADO;00;NO CATEGORIZADO;PUNO;210000;411;5437;9532;21,96;17,87;1,12;1,12;1,1;47153;44999;2154;52818;50446;2372;944
2020;12;00;NO CLASIFICADO;00;NO CATEGORIZADO;TUMBES;240000;123;1688;3323;24,08;19,76;1,83;1,86;1,49;11118;10282;836;20360;19117;1243;248
2020;12;00;NO CLASIFICADO;TT;TODAS CONSOLIDADAS;AMAZONAS;010000;134;1693;2681;15,65;11,48;1,19;1,19;0;8030;8030;0;9541;9541;0;272
2020;12;00;NO CLASIFICADO;TT;TODAS CONSOLIDADAS;TUMBES;240000;123;1688;3323;24,08;19,76;1,83;1,86;1,49;11118;10282;836;20360;19117;1243;248
2020;12;01;HOTEL;01;1 ESTRELLA;AMAZONAS;010000;1;20;35;0;0;0;0;0;0;0;0;0;0;0;0
2020;12;01;HOTEL;01;1 ESTRELLA;AREQUIPA;040000;5;178;285;0;0;0;0;0;0;0;0;0;0;0;0
2020;12;01;HOTEL;01;1 ESTRELLA;ICA;110000;4;82;108;0;0;0;0;0;0;0;0;0;0;0;0
2020;12;01;HOTEL;01;1 ESTRELLA;LA LIBERTAD;130000;2;46;88;0;0;0;0;0;0;0;0;0;0;0;0
2020;12;01;HOTEL;02;2 ESTRELLAS;AMAZONAS;010000;28;740;1152;31,38;26,08;1,8;1,8;1,79;5166;5095;71;9315;9188;127;127
2020;12;01;HOTEL;02;2 ESTRELLAS;CAJAMARCA;060000;38;1075;1707;13,12;10,07;1,33;1,34;1,17;3993;3912;81;5327;5232;95;171
2020;11;TT;TODAS CONSOLIDADAS;TT;TODAS CONSOLIDADAS;TACNA;230000;317;5389;10373;10,81;7,41;1,36;1,36;,78;16571;16451;120;23161;23025;136;866
2020;12;01;HOTEL;01;1 ESTRELLA;TACNA;230000;2;57;112;6,56;5,62;1,13;1,13;1;173;171;2;195;193;2;5
2020;12;00;NO CLASIFICADO;00;NO CATEGORIZADO;ÁNCASH;020000;315;4317;7626;10,71;10,17;1,31;1,31;2,53;18306;18289;17;24035;23992;43;664
2020;12;01;HOTEL;01;1 ESTRELLA;ÁNCASH;020000;9;290;454;16,13;9,48;1;1;0;1334;1334;0;1334;1334;0;47
2020;12;01;HOTEL;02;2 ESTRELLAS;ÁNCASH;020000;35;966;1752;24,7;18,01;1,18;1,18;1,18;8301;8219;82;9784;9687;97;151
2020;12;00;NO CLASIFICADO;00;NO CATEGORIZADO;APURÍMAC;030000;140;2581;3882;22,15;18,33;1,27;1,27;1,07;17327;17215;112;22060;21940;120;455
2020;12;01;HOTEL;01;1 ESTRELLA;APURÍMAC;030000;2;80;115;21,57;17,17;1;1;0;612;612;0;612;612;0;11
2020;12;01;HOTEL;02;2 ESTRELLAS;APURÍMAC;030000;3;160;274;11,79;8,49;1,21;1,21;0;598;598;0;721;721;0;14
2020;12;00;NO CLASIFICADO;00;NO CATEGORIZADO;AREQUIPA;040000;552;7447;12974;18,23;15,57;1,35;1,35;1,53;46275;45338;937;62634;61197;1437;1267
2020;12;00;NO CLASIFICADO;TT;TODAS CONSOLIDADAS;AREQUIPA;040000;552;7447;12974;18,23;15,57;1,35;1,35;1,53;46275;45338;937;62634;61197;1437;1267
2020;12;01;HOTEL;02;2 ESTRELLAS;AREQUIPA;040000;39;1135;1995;23,87;17,49;2,09;2,09;1,84;5175;5143;32;10818;10759;59;197
2020;12;00;NO CLASIFICADO;00;NO CATEGORIZADO;AYACUCHO;050000;337;4703;7543;15,83;16,38;1,14;1,14;1,15;33455;32363;1092;38295;37034;1261;772
2020;12;01;HOTEL;01;1 ESTRELLA;AYACUCHO;050000;7;175;300;6,45;5,47;1,41;1,41;0;362;362;0;509;509;0;31
2020;12;01;HOTEL;02;2 ESTRELLAS;AYACUCHO;050000;7;198;367;19,88;16,46;1,47;1,47;0;1277;1277;0;1873;1873;0;34
2020;12;00;NO CLASIFICADO;00;NO CATEGORIZADO;CAJAMARCA;060000;333;4979;7717;15,28;12,92;1,18;1,18;1;26141;26068;73;30915;30842;73;735
2020;12;00;NO CLASIFICADO;TT;TODAS CONSOLIDADAS;CAJAMARCA;060000;333;4979;7717;15,28;12,92;1,18;1,18;1;26141;26068;73;30915;30842;73;735
2020;12;01;HOTEL;01;1 ESTRELLA;CAJAMARCA;060000;6;170;284;0;0;0;0;0;0;0;0;0;0;0;0
2020;12;00;NO CLASIFICADO;00;NO CATEGORIZADO;CALLAO;070000;257;3625;6697;35,57;34,44;1,02;1,02;1,15;125215;124839;375;127194;126764;431;959
2020;12;00;NO CLASIFICADO;TT;TODAS CONSOLIDADAS;CALLAO;070000;257;3625;6697;35,57;34,44;1,02;1,02;1,15;125215;124839;375;127194;126764;431;959
2020;12;01;HOTEL;01;1 ESTRELLA;CALLAO;070000;1;37;74;0;0;0;0;0;0;0;0;0;0;0;0
2020;12;00;NO CLASIFICADO;00;NO CATEGORIZADO;CUSCO;080000;1005;13390;25608;19,42;15,49;1,38;1,35;2,03;88872;83968;4904;122937;112983;9954;2311
2020;12;01;HOTEL;01;1 ESTRELLA;CUSCO;080000;5;122;235;17,08;11,97;1;1;0;872;872;0;872;872;0;16
2020;12;00;NO CLASIFICADO;00;NO CATEGORIZADO;HUANCAVELICA;090000;100;1772;2671;12,36;10,86;1,09;1,09;1,17;8232;8163;69;8994;8913;81;251
2020;12;00;NO CLASIFICADO;00;NO CATEGORIZADO;HUÁNUCO;100000;262;4394;6304;20,42;18,33;1,07;1,07;1,13;33527;33257;270;35816;35512;304;667
2020;12;01;HOTEL;01;1 ESTRELLA;HUÁNUCO;100000;8;240;357;0;0;0;0;0;0;0;0;0;0;0;0
2020;12;00;NO CLASIFICADO;00;NO CATEGORIZADO;JUNÍN;120000;676;10373;16796;16,89;13,18;1,16;1,16;1,26;59346;58837;509;68628;67986;642;1684
2020;12;01;HOTEL;01;1 ESTRELLA;JUNÍN;120000;4;176;334;9,38;6,52;1,53;1,53;0;441;441;0;675;675;0;18
2020;12;00;NO CLASIFICADO;00;NO CATEGORIZADO;LAMBAYEQUE;140000;253;3299;4703;25,74;21,75;1,01;1,01;1,04;31333;30703;630;31704;31048;656;571
2020;12;00;NO CLASIFICADO;TT;TODAS CONSOLIDADAS;LAMBAYEQUE;140000;253;3299;4703;25,74;21,75;1,01;1,01;1,04;31333;30703;630;31704;31048;656;571
2020;12;01;HOTEL;01;1 ESTRELLA;LAMBAYEQUE;140000;4;124;188;0;0;0;0;0;0;0;0;0;0;0;0
2020;12;00;NO CLASIFICADO;00;NO CATEGORIZADO;LIMA;150000;6101;52958;92336;22,61;20,14;1,13;1,12;1,5;2245637;2193003;52635;2532312;2453144;79169;33971
2020;12;00;NO CLASIFICADO;TT;TODAS CONSOLIDADAS;LIMA;150000;6101;52958;92336;22,61;20,14;1,13;1,12;1,5;2245637;2193003;52635;2532312;2453144;79169;33971
2020;12;01;HOTEL;01;1 ESTRELLA;LIMA;150000;7;256;484;37,26;35,14;1,33;1,34;1,22;3262;3115;147;4347;4167;180;40
2020;12;00;NO CLASIFICADO;00;NO CATEGORIZADO;LORETO;160000;346;5120;7945;19,31;15,31;2,11;2,14;1,8;17895;16184;1711;37700;34626;3074;698
2020;12;00;NO CLASIFICADO;00;NO CATEGORIZADO;MADRE DE DIOS;170000;159;3421;5615;27,07;22,21;1,15;1,14;1,45;33731;33255;476;38665;37975;690;544
2020;12;00;NO CLASIFICADO;TT;TODAS CONSOLIDADAS;MADRE DE DIOS;170000;159;3421;5615;27,07;22,21;1,15;1,14;1,45;33731;33255;476;38665;37975;690;544
2020;12;01;HOTEL;01;1 ESTRELLA;MADRE DE DIOS;170000;1;23;37;6,73;6,28;1,38;1,38;0;52;52;0;72;72;0;3
2020;12;00;NO CLASIFICADO;00;NO CATEGORIZADO;MOQUEGUA;180000;118;1556;2736;11,95;8,73;1,32;1,32;1,57;5587;5564;23;7402;7366;36;261
2020;12;00;NO CLASIFICADO;TT;TODAS CONSOLIDADAS;MOQUEGUA;180000;118;1556;2736;11,95;8,73;1,32;1,32;1,57;5587;5564;23;7402;7366;36;261
2020;12;01;HOTEL;01;1 ESTRELLA;MOQUEGUA;180000;1;20;41;0;0;0;0;0;0;0;0;0;0;0;0
2020;12;00;NO CLASIFICADO;00;NO CATEGORIZADO;PASCO;190000;213;3131;4847;15,07;11,67;1,48;1,48;1,33;11813;11807;6;17530;17522;8;518
2020;12;00;NO CLASIFICADO;TT;TODAS CONSOLIDADAS;PASCO;190000;213;3131;4847;15,07;11,67;1,48;1,48;1,33;11813;11807;6;17530;17522;8;518
2020;12;01;HOTEL;01;1 ESTRELLA;PASCO;190000;2;72;131;0;0;0;0;0;0;0;0;0;0;0;0
2020;12;00;NO CLASIFICADO;00;NO CATEGORIZADO;PIURA;200000;481;7038;12748;32,78;26,69;1,64;1,64;1,91;64273;63121;1152;105470;103272;2198;1206
2020;12;00;NO CLASIFICADO;TT;TODAS CONSOLIDADAS;PIURA;200000;481;7038;12748;32,78;26,69;1,64;1,64;1,91;64273;63121;1152;105470;103272;2198;1206
2020;12;01;HOTEL;01;1 ESTRELLA;PIURA;200000;2;53;83;0;0;0;0;0;0;0;0;0;0;0;0
2020;12;00;NO CLASIFICADO;00;NO CATEGORIZADO;SAN MARTÍN;220000;473;7624;12004;31,06;26,23;1,35;1,35;1,23;72537;72184;353;97616;97183;433;1267
2020;12;00;NO CLASIFICADO;TT;TODAS CONSOLIDADAS;SAN MARTÍN;220000;473;7624;12004;31,06;26,23;1,35;1,35;1,23;72537;72184;353;97616;97183;433;1267
2020;12;01;HOTEL;01;1 ESTRELLA;SAN MARTÍN;220000;6;126;199;0;0;0;0;0;0;0;0;0;0;0;0
2020;12;00;NO CLASIFICADO;00;NO CATEGORIZADO;TACNA;230000;235;3180;5960;12,5;9,66;1,4;1,4;1,33;12767;12456;311;17849;17434;415;532
2020;12;00;NO CLASIFICADO;TT;TODAS CONSOLIDADAS;TACNA;230000;235;3180;5960;12,5;9,66;1,4;1,4;1,33;12767;12456;311;17849;17434;415;532
2020;12;00;NO CLASIFICADO;00;NO CATEGORIZADO;UCAYALI;250000;215;4033;6080;25,26;22,83;1,61;1,6;1,91;26714;25693;1021;43022;41071;1951;678
2020;12;00;NO CLASIFICADO;TT;TODAS CONSOLIDADAS;UCAYALI;250000;215;4033;6080;25,26;22,83;1,61;1,6;1,91;26714;25693;1021;43022;41071;1951;678
2020;12;00;NO CLASIFICADO;TT;TODAS CONSOLIDADAS;ÁNCASH;020000;315;4317;7626;10,71;10,17;1,31;1,31;2,53;18306;18289;17;24035;23992;43;664
2020;12;00;NO CLASIFICADO;TT;TODAS CONSOLIDADAS;APURÍMAC;030000;140;2581;3882;22,15;18,33;1,27;1,27;1,07;17327;17215;112;22060;21940;120;455
2020;12;00;NO CLASIFICADO;TT;TODAS CONSOLIDADAS;AYACUCHO;050000;337;4703;7543;15,83;16,38;1,14;1,14;1,15;33455;32363;1092;38295;37034;1261;772
2020;12;00;NO CLASIFICADO;TT;TODAS CONSOLIDADAS;CUSCO;080000;1005;13390;25608;19,42;15,49;1,38;1,35;2,03;88872;83968;4904;122937;112983;9954;2311
2020;12;00;NO CLASIFICADO;TT;TODAS CONSOLIDADAS;HUANCAVELICA;090000;100;1772;2671;12,36;10,86;1,09;1,09;1,17;8232;8163;69;8994;8913;81;251
2020;12;00;NO CLASIFICADO;TT;TODAS CONSOLIDADAS;HUÁNUCO;100000;262;4394;6304;20,42;18,33;1,07;1,07;1,13;33527;33257;270;35816;35512;304;667
2020;12;00;NO CLASIFICADO;TT;TODAS CONSOLIDADAS;ICA;110000;445;7118;12555;21,71;18,76;1,27;1,27;1,33;57589;57066;523;72996;72298;698;1365
2020;12;00;NO CLASIFICADO;TT;TODAS CONSOLIDADAS;JUNÍN;120000;676;10373;16796;16,89;13,18;1,16;1,16;1,26;59346;58837;509;68628;67986;642;1684
2020;12;00;NO CLASIFICADO;TT;TODAS CONSOLIDADAS;LA LIBERTAD;130000;397;4964;8399;27,01;24;1,33;1,33;1,36;47024;46842;182;62499;62252;247;768
2020;12;00;NO CLASIFICADO;TT;TODAS CONSOLIDADAS;LORETO;160000;346;5120;7945;19,31;15,31;2,11;2,14;1,8;17895;16184;1711;37700;34626;3074;698
2020;12;00;NO CLASIFICADO;TT;TODAS CONSOLIDADAS;PUNO;210000;411;5437;9532;21,96;17,87;1,12;1,12;1,1;47153;44999;2154;52818;50446;2372;944
2020;12;01;HOTEL;01;1 ESTRELLA;PUNO;210000;5;131;234;11,06;9,98;1;1;0;724;724;0;724;724;0;18
2020;12;01;HOTEL;02;2 ESTRELLAS;CALLAO;070000;1;40;67;2,98;2,6;1,23;1,24;1,18;44;33;11;54;41;13;3
2020;12;01;HOTEL;02;2 ESTRELLAS;HUANCAVELICA;090000;2;42;73;26,65;22,93;2,01;2,02;1,67;258;255;3;519;514;5;11
2020;12;01;HOTEL;02;2 ESTRELLAS;HUÁNUCO;100000;39;1183;1867;19,26;16,35;1,16;1,16;1;8164;8157;7;9463;9456;7;180
2020;12;01;HOTEL;02;2 ESTRELLAS;ICA;110000;51;1371;2363;14,97;12;2,25;2,22;3,57;3905;3811;94;8791;8455;336;239
2020;12;01;HOTEL;02;2 ESTRELLAS;JUNÍN;120000;25;742;1336;21,8;15,09;1,24;1,24;1,37;5044;5006;38;6250;6198;52;111
2020;12;01;HOTEL;02;2 ESTRELLAS;LAMBAYEQUE;140000;69;1965;2920;14,47;12,14;1,14;1,14;1,22;9623;9572;51;10986;10924;62;325
2020;12;01;HOTEL;02;2 ESTRELLAS;MADRE DE DIOS;170000;2;48;87;35,62;27,77;2;2;2;375;345;30;749;689;60;7
2020;12;01;HOTEL;02;2 ESTRELLAS;MOQUEGUA;180000;12;326;538;30,4;22,9;2,87;2,74;3,51;1329;1096;233;3819;3001;818;66
2020;12;01;HOTEL;02;2 ESTRELLAS;PASCO;190000;3;84;127;0;0;0;0;0;0;0;0;0;0;0;0
2020;12;01;HOTEL;02;2 ESTRELLAS;PIURA;200000;19;474;800;26,79;20,52;2,22;2,21;4;2297;2290;7;5090;5062;28;88
2020;12;01;HOTEL;02;2 ESTRELLAS;PUNO;210000;24;592;1071;15,16;9,92;1,24;1,25;1,04;2649;2622;27;3293;3265;28;96
2020;12;01;HOTEL;02;2 ESTRELLAS;SAN MARTÍN;220000;25;700;1190;20,23;16,34;1,59;1,58;2,15;3790;3688;102;6029;5810;219;128
2020;12;01;HOTEL;02;2 ESTRELLAS;TUMBES;240000;6;179;330;31,79;20,88;2,32;2,32;2,14;920;906;14;2136;2106;30;34
2020;12;01;HOTEL;02;2 ESTRELLAS;UCAYALI;250000;2;51;81;0;0;0;0;0;0;0;0;0;0;0;0
2020;12;01;HOTEL;03;3 ESTRELLAS;AMAZONAS;010000;20;478;854;25,3;24,62;2,18;2,18;2,09;2996;2938;58;6517;6396;121;94
2020;12;01;HOTEL;03;3 ESTRELLAS;ÁNCASH;020000;38;1315;2286;27,9;19,04;1,91;1,9;2,3;7081;6970;111;13495;13240;255;269
2020;12;01;HOTEL;03;3 ESTRELLAS;APURÍMAC;030000;3;98;172;41,71;33,2;2,41;2,44;1,29;733;716;17;1770;1748;22;20
2020;12;01;HOTEL;03;3 ESTRELLAS;AREQUIPA;040000;61;1847;3434;18,11;13,46;2,11;2,11;2,25;6780;6561;219;14330;13838;492;392
2020;12;01;HOTEL;03;3 ESTRELLAS;AYACUCHO;050000;5;189;366;13,13;10,9;1,79;1,79;1,85;691;651;40;1237;1163;74;58
2020;12;01;HOTEL;03;3 ESTRELLAS;CAJAMARCA;060000;58;1846;3095;24,83;15,04;3,41;3,42;1,11;4227;4218;9;14433;14423;10;329
2020;12;01;HOTEL;03;3 ESTRELLAS;CALLAO;070000;4;233;436;15,46;12,69;1,2;1,08;2,05;1431;1262;169;1715;1368;347;44
2020;12;01;HOTEL;03;3 ESTRELLAS;CUSCO;080000;63;2424;4599;15,56;12,07;1,95;2,17;1,49;8801;6028;2773;17205;13087;4118;450
2020;12;01;HOTEL;03;3 ESTRELLAS;HUANCAVELICA;090000;2;65;108;4,02;3,91;1,6;1,6;0;82;82;0;131;131;0;18
2020;12;01;HOTEL;03;3 ESTRELLAS;HUÁNUCO;100000;13;493;876;14,47;12,19;1,38;1,38;1,73;2394;2364;30;3310;3258;52;119
2020;12;01;HOTEL;03;3 ESTRELLAS;ICA;110000;45;1521;3023;28,63;22,18;2,72;2,79;1,42;7633;7275;358;20787;20279;508;307
2020;12;01;HOTEL;03;3 ESTRELLAS;JUNÍN;120000;22;783;1473;25,22;14,64;2,16;2,15;2,71;3097;3069;28;6687;6611;76;203
2020;12;01;HOTEL;03;3 ESTRELLAS;LAMBAYEQUE;140000;37;1257;2166;17,45;12,49;1,48;1,46;1,99;5681;5516;165;8389;8060;329;224
2020;12;01;HOTEL;03;3 ESTRELLAS;LIMA;150000;145;7177;13365;27,68;22,28;1,89;1,86;2,17;48853;44232;4621;92306;82273;10033;1422
2020;12;01;HOTEL;03;3 ESTRELLAS;MADRE DE DIOS;170000;3;135;245;29,41;20,7;2,06;2,07;2,03;762;723;39;1572;1493;79;29
2020;12;01;HOTEL;03;3 ESTRELLAS;MOQUEGUA;180000;6;223;420;48,05;32,07;1,91;1,91;1,91;2182;2160;22;4176;4134;42;49
2020;12;01;HOTEL;03;3 ESTRELLAS;PASCO;190000;4;114;220;96,26;52,01;1;1;0;3547;3547;0;3547;3547;0;19
2020;12;01;HOTEL;03;3 ESTRELLAS;PIURA;200000;11;371;613;21,72;20,69;1,5;1,44;1,92;2617;2295;322;3931;3314;617;79
2020;12;01;HOTEL;03;3 ESTRELLAS;SAN MARTÍN;220000;19;642;1105;18,94;17,8;1,47;1,47;1,59;4134;4030;104;6096;5931;165;134
2020;12;01;HOTEL;03;3 ESTRELLAS;TACNA;230000;13;504;1065;19,79;11,99;1,67;1,67;1,53;2366;2349;17;3957;3931;26;118
2020;12;01;HOTEL;03;3 ESTRELLAS;TUMBES;240000;8;256;502;1,83;,96;1;1;0;150;150;0;150;150;0;43
2020;12;01;HOTEL;03;3 ESTRELLAS;UCAYALI;250000;16;592;984;23,35;19,6;2,13;2,1;2,71;2807;2664;143;5980;5592;388;104
2020;12;01;HOTEL;04;4 ESTRELLAS;AREQUIPA;040000;9;439;860;31,31;21,03;2,38;2,39;2,17;2357;2268;89;5606;5413;193;146
2020;12;01;HOTEL;04;4 ESTRELLAS;CAJAMARCA;060000;2;101;204;73,36;37,95;5,02;5,1;1;478;469;9;2400;2391;9;44
2020;12;01;HOTEL;04;4 ESTRELLAS;CALLAO;070000;2;371;632;37,98;29,46;1,39;1,39;1,39;4150;2169;1981;5771;3011;2760;109
2020;12;01;HOTEL;04;4 ESTRELLAS;CUSCO;080000;8;787;1503;17,22;13,16;1,59;1,48;2,31;3850;3330;520;6130;4930;1200;201
2020;12;01;HOTEL;04;4 ESTRELLAS;HUÁNUCO;100000;1;52;90;24,94;19,07;1,67;1,67;0;318;318;0;532;532;0;20
2020;12;01;HOTEL;04;4 ESTRELLAS;JUNÍN;120000;1;40;66;64,68;39,2;4,95;4,95;0;162;162;0;802;802;0;19
2020;12;01;HOTEL;04;4 ESTRELLAS;LAMBAYEQUE;140000;4;336;546;34,81;29,65;1,23;1,23;1,34;4064;3900;164;5019;4799;220;173
2020;12;01;HOTEL;04;4 ESTRELLAS;LIMA;150000;39;3771;6715;33;23,17;2,62;2,68;2,42;18379;14388;3991;48240;38571;9669;1054
2020;12;01;HOTEL;04;4 ESTRELLAS;MOQUEGUA;180000;2;123;232;41,2;30,02;2,29;2,31;1,89;941;905;36;2159;2091;68;23
2020;12;01;HOTEL;04;4 ESTRELLAS;PIURA;200000;1;95;189;32,12;23,67;1,81;1,77;2,68;768;737;31;1387;1304;83;15
2020;12;01;HOTEL;04;4 ESTRELLAS;SAN MARTÍN;220000;1;50;108;65,42;60,57;1,54;1,53;2,47;1314;1295;19;2028;1981;47;23
2020;12;01;HOTEL;04;4 ESTRELLAS;TACNA;230000;1;150;300;25,55;16,47;1,65;1,61;3,22;929;906;23;1532;1458;74;21
2020;12;01;HOTEL;04;4 ESTRELLAS;TUMBES;240000;5;261;517;19,35;18,09;1,77;1,77;1,6;1640;1620;20;2899;2867;32;54
2020;12;01;HOTEL;04;4 ESTRELLAS;UCAYALI;250000;5;289;508;27,2;23,63;2,31;2,32;2,25;1608;1498;110;3721;3473;248;94
2020;12;01;HOTEL;05;5 ESTRELLAS;AREQUIPA;040000;3;241;346;57,68;47,39;2,87;2,87;2,89;1771;1654;117;5083;4745;338;120
2020;12;01;HOTEL;05;5 ESTRELLAS;CUSCO;080000;9;939;1784;16,44;16,19;1,98;2,17;1,59;4512;3083;1429;8953;6677;2276;508
2020;12;01;HOTEL;05;5 ESTRELLAS;ICA;110000;2;225;556;72,24;45,24;3,28;3,27;3,31;2379;2184;195;7797;7151;646;131
2020;12;01;HOTEL;05;5 ESTRELLAS;LA LIBERTAD;130000;1;120;240;43,6;38,21;1,83;1,79;2,3;1552;1411;141;2843;2519;324;97
2020;12;01;HOTEL;05;5 ESTRELLAS;LIMA;150000;20;3682;6682;40,91;26,03;2,17;2,02;2,96;24839;20945;3894;53929;42406;11523;1739
2020;12;01;HOTEL;05;5 ESTRELLAS;PIURA;200000;1;83;166;52,35;41,24;2,04;1,77;3,66;1038;889;149;2122;1576;546;47
2020;12;01;HOTEL;05;5 ESTRELLAS;UCAYALI;250000;2;165;306;15;11,33;2,79;2,74;4,15;385;372;13;1075;1021;54;16
2020;12;01;HOTEL;TT;TODAS CONSOLIDADAS;AMAZONAS;010000;49;1238;2041;28,53;25,02;1,94;1,94;1,92;8162;8033;129;15832;15584;248;221
2020;12;01;HOTEL;TT;TODAS CONSOLIDADAS;ÁNCASH;020000;82;2571;4492;25,37;17,68;1,47;1,47;1,82;16716;16523;193;24613;24261;352;467
2020;12;01;HOTEL;TT;TODAS CONSOLIDADAS;APURÍMAC;030000;8;338;561;22,78;17,84;1,6;1,6;1,29;1943;1926;17;3103;3081;22;45
2020;12;01;HOTEL;TT;TODAS CONSOLIDADAS;AREQUIPA;040000;117;3840;6920;22,97;16,71;2,23;2,22;2,37;16083;15626;457;35837;34755;1082;855
2020;12;01;HOTEL;TT;TODAS CONSOLIDADAS;AYACUCHO;050000;19;562;1033;13,43;11,3;1,55;1,55;1,85;2330;2290;40;3619;3545;74;123
2020;12;01;HOTEL;TT;TODAS CONSOLIDADAS;CAJAMARCA;060000;104;3192;5290;21,1;13,51;2,55;2,56;1,15;8698;8599;99;22160;22046;114;544
2020;12;01;HOTEL;TT;TODAS CONSOLIDADAS;CALLAO;070000;8;681;1209;27,66;21,43;1,34;1,28;1,44;6429;3959;2470;8617;5051;3566;178
2020;12;01;HOTEL;TT;TODAS CONSOLIDADAS;CUSCO;080000;131;5440;10189;14,96;12,99;1,83;1,89;1,62;22439;17417;5022;41037;32890;8147;1391
2020;12;01;HOTEL;TT;TODAS CONSOLIDADAS;HUANCAVELICA;090000;4;107;181;12,9;11,58;1,91;1,91;1,67;340;337;3;650;645;5;29
2020;12;01;HOTEL;TT;TODAS CONSOLIDADAS;HUÁNUCO;100000;61;1968;3190;15,86;13,45;1,22;1,22;1,59;10876;10839;37;13305;13246;59;319
2020;12;01;HOTEL;TT;TODAS CONSOLIDADAS;ICA;110000;107;3659;6944;27,73;21,83;2,82;2,84;2,43;16637;15853;784;46989;45087;1902;818
2020;12;01;HOTEL;TT;TODAS CONSOLIDADAS;JUNÍN;120000;52;1741;3209;23,07;14,49;1,65;1,65;1,94;8744;8678;66;14414;14286;128;351
2020;12;01;HOTEL;TT;TODAS CONSOLIDADAS;LA LIBERTAD;130000;111;3298;6259;23,34;17,1;1,36;1,36;1,66;24312;23665;647;33173;32101;1072;706
2020;12;01;HOTEL;TT;TODAS CONSOLIDADAS;LAMBAYEQUE;140000;114;3682;5820;16,85;13,52;1,26;1,25;1,61;19368;18988;380;24394;23783;611;722
2020;12;01;HOTEL;TT;TODAS CONSOLIDADAS;LIMA;150000;315;19289;35265;32,45;24,27;1,92;1,86;2,46;150501;134302;16199;289593;249758;39835;5672
2020;12;01;HOTEL;TT;TODAS CONSOLIDADAS;LORETO;160000;44;1361;2283;19,59;15,61;2,22;2,23;2,13;4982;4520;462;11047;10061;986;255
2020;12;01;HOTEL;TT;TODAS CONSOLIDADAS;MADRE DE DIOS;170000;6;206;369;28,33;20,92;2,01;2,01;2,01;1189;1120;69;2393;2254;139;39
2020;12;01;HOTEL;TT;TODAS CONSOLIDADAS;MOQUEGUA;180000;21;692;1231;37,13;26,61;2,28;2,22;3,19;4452;4161;291;10154;9226;928;138
2020;12;01;HOTEL;TT;TODAS CONSOLIDADAS;PASCO;190000;9;270;478;40,65;23,94;1;1;0;3547;3547;0;3547;3547;0;19
2020;12;01;HOTEL;TT;TODAS CONSOLIDADAS;PIURA;200000;34;1076;1851;26,16;21,84;1,86;1,81;2,5;6720;6211;509;12530;11256;1274;229
2020;12;01;HOTEL;TT;TODAS CONSOLIDADAS;PUNO;210000;65;2196;4026;23,73;15,86;1,9;1,9;1,98;10400;10053;347;19789;19102;687;464
2020;12;01;HOTEL;TT;TODAS CONSOLIDADAS;SAN MARTÍN;220000;51;1518;2602;19,49;17,55;1,53;1,52;1,92;9238;9013;225;14153;13722;431;285
2020;12;01;HOTEL;TT;TODAS CONSOLIDADAS;TACNA;230000;49;1636;3357;13,47;8,58;1,59;1,59;2,18;5600;5549;51;8927;8816;111;300
2020;12;01;HOTEL;TT;TODAS CONSOLIDADAS;TUMBES;240000;19;696;1349;16,11;12,4;1,91;1,91;1,82;2710;2676;34;5185;5123;62;131
2020;12;01;HOTEL;TT;TODAS CONSOLIDADAS;UCAYALI;250000;25;1097;1879;22,02;18,5;2,25;2,22;2,59;4800;4534;266;10776;10086;690;214
2020;12;02;APART HOTEL;03;3 ESTRELLAS;ÁNCASH;020000;2;16;44;51,21;51,25;7,06;7,06;0;99;99;0;699;699;0;4
2020;12;02;APART HOTEL;03;3 ESTRELLAS;APURÍMAC;030000;1;23;31;31,84;35,17;1,83;1,82;2;185;179;6;338;326;12;6
2020;12;02;APART HOTEL;03;3 ESTRELLAS;AREQUIPA;040000;1;18;36;1,97;,99;3,67;2,5;6;3;2;1;11;5;6;2
2020;12;02;APART HOTEL;03;3 ESTRELLAS;ICA;110000;2;26;56;0;0;0;0;0;0;0;0;0;0;0;0
2020;12;02;APART HOTEL;03;3 ESTRELLAS;LA LIBERTAD;130000;1;11;24;0;0;0;0;0;0;0;0;0;0;0;0
2020;12;02;APART HOTEL;03;3 ESTRELLAS;LIMA;150000;8;206;386;33,76;27,94;3,69;3,55;3,9;905;543;362;3343;1930;1413;41
2020;12;02;APART HOTEL;03;3 ESTRELLAS;PASCO;190000;1;15;17;0;0;0;0;0;0;0;0;0;0;0;0
2020;12;02;APART HOTEL;03;3 ESTRELLAS;TUMBES;240000;1;6;26;85,48;61,54;3,01;2,99;4;165;163;2;496;488;8;13
2020;12;02;APART HOTEL;04;4 ESTRELLAS;AREQUIPA;040000;1;19;32;26,99;23,49;2,4;2,44;2,15;97;84;13;233;205;28;5
2020;12;02;APART HOTEL;04;4 ESTRELLAS;LA LIBERTAD;130000;1;27;57;0;0;0;0;0;0;0;0;0;0;0;0
2020;12;02;APART HOTEL;04;4 ESTRELLAS;SAN MARTÍN;220000;1;20;49;66,13;54,64;2,14;2,14;0;387;387;0;830;830;0;8
2020;12;02;APART HOTEL;TT;TODAS CONSOLIDADAS;ÁNCASH;020000;2;16;44;51,21;51,25;7,06;7,06;0;99;99;0;699;699;0;4
2020;12;02;APART HOTEL;TT;TODAS CONSOLIDADAS;APURÍMAC;030000;1;23;31;31,84;35,17;1,83;1,82;2;185;179;6;338;326;12;6
2020;12;02;APART HOTEL;TT;TODAS CONSOLIDADAS;AREQUIPA;040000;2;37;68;14,82;11,57;2,44;2,44;2,43;100;86;14;244;210;34;7
2020;12;02;APART HOTEL;TT;TODAS CONSOLIDADAS;ICA;110000;2;26;56;0;0;0;0;0;0;0;0;0;0;0;0
2020;12;02;APART HOTEL;TT;TODAS CONSOLIDADAS;LA LIBERTAD;130000;2;38;81;0;0;0;0;0;0;0;0;0;0;0;0
2020;12;02;APART HOTEL;TT;TODAS CONSOLIDADAS;LIMA;150000;22;1266;2452;38,67;35,96;2,32;2,2;3,53;11802;10771;1031;27331;23687;3644;713
2020;12;02;APART HOTEL;TT;TODAS CONSOLIDADAS;LORETO;160000;1;20;36;30,16;30,2;2,74;2,74;0;123;123;0;337;337;0;12
2020;12;02;APART HOTEL;TT;TODAS CONSOLIDADAS;PASCO;190000;1;15;17;0;0;0;0;0;0;0;0;0;0;0;0
2020;12;02;APART HOTEL;TT;TODAS CONSOLIDADAS;SAN MARTÍN;220000;1;20;49;66,13;54,64;2,14;2,14;0;387;387;0;830;830;0;8
2020;12;02;APART HOTEL;TT;TODAS CONSOLIDADAS;TUMBES;240000;1;6;26;85,48;61,54;3,01;2,99;4;165;163;2;496;488;8;13
2020;12;03;HOSTAL;01;1 ESTRELLA;AMAZONAS;010000;16;223;326;0;0;0;0;0;0;0;0;0;0;0;0
2020;12;03;HOSTAL;01;1 ESTRELLA;ÁNCASH;020000;44;555;917;29,33;26,5;1,12;1,12;1;6729;6685;44;7532;7488;44;94
2020;12;03;HOSTAL;01;1 ESTRELLA;APURÍMAC;030000;1;14;19;0;0;0;0;0;0;0;0;0;0;0;0
2020;12;03;HOSTAL;01;1 ESTRELLA;AREQUIPA;040000;51;770;1220;20,23;20,36;1,39;1,39;0;5540;5540;0;7702;7702;0;129
2020;12;03;HOSTAL;01;1 ESTRELLA;AYACUCHO;050000;3;83;144;0;0;0;0;0;0;0;0;0;0;0;0
2020;12;03;HOSTAL;01;1 ESTRELLA;CAJAMARCA;060000;22;392;651;0;0;0;0;0;0;0;0;0;0;0;0
2020;12;03;HOSTAL;01;1 ESTRELLA;CALLAO;070000;11;204;408;31,37;30,89;1;1;1;4109;4106;3;4109;4106;3;33
2020;12;03;HOSTAL;01;1 ESTRELLA;CUSCO;080000;23;348;578;24,81;22,91;1,16;1,16;0;3538;3538;0;4105;4105;0;51
2020;12;03;HOSTAL;01;1 ESTRELLA;HUANCAVELICA;090000;2;29;46;43,6;27,21;1,01;1,01;0;384;384;0;388;388;0;4
2020;12;03;HOSTAL;01;1 ESTRELLA;HUÁNUCO;100000;14;222;324;62,12;58,87;1,28;1,28;0;4620;4620;0;5913;5913;0;39
2020;12;03;HOSTAL;01;1 ESTRELLA;ICA;110000;13;180;268;22,62;20,94;1,01;1,01;0;1724;1724;0;1740;1740;0;32
2020;12;03;HOSTAL;01;1 ESTRELLA;JUNÍN;120000;11;158;257;31,79;23,05;1,28;1,28;0;1432;1432;0;1836;1836;0;31
2020;12;03;HOSTAL;01;1 ESTRELLA;LA LIBERTAD;130000;34;483;843;13,5;16,25;1;1;0;4247;4247;0;4247;4247;0;83
2020;12;01;HOTEL;02;2 ESTRELLAS;CUSCO;080000;46;1168;2068;10,79;12,29;1,79;1,78;1,84;4404;4104;300;7877;7324;553;216
2020;12;01;HOTEL;02;2 ESTRELLAS;LA LIBERTAD;130000;21;588;1053;25,01;20,34;1,06;1,06;0;6273;6273;0;6639;6639;0;97
2020;12;01;HOTEL;03;3 ESTRELLAS;LA LIBERTAD;130000;85;2410;4647;21,84;15,23;1,41;1,41;1,47;15563;15148;415;21938;21330;608;490
2020;12;01;HOTEL;04;4 ESTRELLAS;LA LIBERTAD;130000;2;134;231;32,88;24,48;1,9;1,94;1,54;924;833;91;1753;1613;140;22
2020;12;01;HOTEL;02;2 ESTRELLAS;LIMA;150000;104;4403;8019;32,69;29,22;1,33;1,33;1,66;61707;60617;1091;82260;80447;1812;757
2020;12;02;APART HOTEL;05;5 ESTRELLAS;LIMA;150000;6;399;674;26,31;19,58;2,04;1,97;2,99;2003;1851;152;4092;3638;454;175
2020;12;01;HOTEL;02;2 ESTRELLAS;LORETO;160000;15;381;623;11,57;9,09;1,98;1,97;2,25;887;855;32;1755;1683;72;63
2020;12;01;HOTEL;03;3 ESTRELLAS;LORETO;160000;26;830;1388;23,18;17,97;2,41;2,42;2,37;3204;2941;263;7730;7108;622;145
2020;12;01;HOTEL;04;4 ESTRELLAS;LORETO;160000;2;90;150;6,77;4,97;1,39;1,39;1,5;166;162;4;231;225;6;23
2020;12;01;HOTEL;05;5 ESTRELLAS;LORETO;160000;1;60;122;40,11;35,19;1,84;1,86;1,75;725;562;163;1331;1045;286;24
2020;12;02;APART HOTEL;03;3 ESTRELLAS;LORETO;160000;1;20;36;30,16;30,2;2,74;2,74;0;123;123;0;337;337;0;12
2020;12;01;HOTEL;02;2 ESTRELLAS;TACNA;230000;33;925;1880;8,5;5,56;1,52;1,52;1;2132;2123;9;3243;3234;9;156
2020;12;01;HOTEL;03;3 ESTRELLAS;PUNO;210000;28;900;1627;22,38;13,72;2,19;2,2;2,08;3156;2925;231;6921;6440;481;187
2020;12;01;HOTEL;04;4 ESTRELLAS;PUNO;210000;7;450;863;32,86;19,11;2,75;2,79;2;1856;1767;89;5112;4934;178;118
2020;12;01;HOTEL;05;5 ESTRELLAS;PUNO;210000;1;123;231;54,94;52,21;1,86;1,86;0;2015;2015;0;3739;3739;0;45
2020;12;01;HOTEL;04;4 ESTRELLAS;ICA;110000;5;460;894;45,93;34,69;3,53;3,56;3,01;2720;2583;137;9614;9202;412;141
2020;12;02;APART HOTEL;04;4 ESTRELLAS;LIMA;150000;8;661;1392;47,67;46,11;2,24;2,16;3,44;8894;8377;517;19896;18119;1777;497
2020;12;03;HOSTAL;01;1 ESTRELLA;LAMBAYEQUE;140000;23;302;428;27,72;22,87;1,1;1,1;1,15;2756;2743;13;3035;3020;15;55
2020;12;03;HOSTAL;01;1 ESTRELLA;LIMA;150000;63;1291;2624;32,49;32,07;1,08;1,08;1,1;26917;26284;633;29203;28510;693;278
2020;12;03;HOSTAL;01;1 ESTRELLA;LORETO;160000;6;91;134;0;0;0;0;0;0;0;0;0;0;0;0
2020;12;03;HOSTAL;01;1 ESTRELLA;MOQUEGUA;180000;13;179;317;24,53;17,73;1,3;1,3;0;1342;1342;0;1742;1742;0;30
2020;12;03;HOSTAL;01;1 ESTRELLA;PASCO;190000;16;249;378;25,63;11,77;1,05;1,05;1,06;1318;1284;34;1379;1343;36;42
2020;12;03;HOSTAL;01;1 ESTRELLA;PIURA;200000;3;69;107;0;0;0;0;0;0;0;0;0;0;0;0
2020;12;03;HOSTAL;01;1 ESTRELLA;PUNO;210000;19;361;651;13,36;9,37;1;1;1;1889;1485;404;1890;1486;404;55
2020;12;03;HOSTAL;01;1 ESTRELLA;SAN MARTÍN;220000;1;20;33;0;0;0;0;0;0;0;0;0;0;0;0
2020;12;03;HOSTAL;01;1 ESTRELLA;TACNA;230000;8;155;275;3,54;2,99;1;1;1;255;246;9;255;246;9;21
2020;12;03;HOSTAL;02;2 ESTRELLAS;AMAZONAS;010000;54;943;1446;20,6;16,08;1;1;0;7208;7208;0;7208;7208;0;157
2020;12;03;HOSTAL;02;2 ESTRELLAS;ÁNCASH;020000;123;2005;3387;37,21;36,59;1,11;1,11;1,02;34588;34467;121;38416;38292;124;337
2020;12;03;HOSTAL;02;2 ESTRELLAS;APURÍMAC;030000;6;141;208;19,9;14,22;1,14;1,14;0;807;807;0;917;917;0;24
2020;12;03;HOSTAL;02;2 ESTRELLAS;AREQUIPA;040000;126;2041;3674;22,69;23,65;1,72;1,73;1,56;15630;15279;351;26938;26389;549;363
2020;12;03;HOSTAL;02;2 ESTRELLAS;AYACUCHO;050000;4;43;82;0;0;0;0;0;0;0;0;0;0;0;0
2020;12;03;HOSTAL;02;2 ESTRELLAS;CAJAMARCA;060000;110;2084;3351;12,76;12,81;1,41;1,41;0;9430;9430;0;13303;13303;0;336
2020;12;03;HOSTAL;02;2 ESTRELLAS;CALLAO;070000;5;158;302;68,55;71,02;1;1;1;7304;7226;78;7320;7243;78;30
2020;12;03;HOSTAL;02;2 ESTRELLAS;CUSCO;080000;59;963;1675;19,85;15,91;1,71;1,7;1,91;4839;4729;110;8262;8052;210;160
2020;12;03;HOSTAL;02;2 ESTRELLAS;HUANCAVELICA;090000;1;10;10;0;0;0;0;0;0;0;0;0;0;0;0
2020;12;03;HOSTAL;02;2 ESTRELLAS;HUÁNUCO;100000;16;199;307;58,31;56,39;1,01;1,01;0;5336;5336;0;5367;5367;0;33
2020;12;03;HOSTAL;02;2 ESTRELLAS;ICA;110000;62;926;1541;22,62;26,65;1,79;1,79;1,45;7125;6979;146;12731;12519;212;154
2020;12;03;HOSTAL;02;2 ESTRELLAS;JUNÍN;120000;24;456;875;33,45;17,96;2,8;2,81;1;1739;1735;4;4872;4868;4;76
2020;12;03;HOSTAL;02;2 ESTRELLAS;LA LIBERTAD;130000;138;2302;4229;21,95;16,21;1,07;1,07;1;19913;19800;113;21254;21141;113;403
2020;12;03;HOSTAL;02;2 ESTRELLAS;LAMBAYEQUE;140000;159;2375;3316;20,7;16;1,18;1,18;1,03;13952;13735;217;16452;16229;223;434
2020;12;03;HOSTAL;02;2 ESTRELLAS;LIMA;150000;113;2665;5020;29,82;25,15;1,45;1,41;2,49;39522;37972;1550;57380;53514;3866;682
2020;12;03;HOSTAL;02;2 ESTRELLAS;LORETO;160000;5;76;121;10,53;9,54;1,4;1,4;0;255;255;0;358;358;0;15
2020;12;03;HOSTAL;02;2 ESTRELLAS;MADRE DE DIOS;170000;2;35;60;46,45;35,86;1,84;1,91;1,47;362;305;57;667;583;84;6
2020;12;03;HOSTAL;02;2 ESTRELLAS;MOQUEGUA;180000;30;387;617;11,36;7,74;2,04;2,01;2,9;725;695;30;1481;1394;87;59
2020;12;03;HOSTAL;02;2 ESTRELLAS;PASCO;190000;12;191;367;24,91;20,33;1,87;1,87;0;1237;1237;0;2313;2313;0;32
2020;12;03;HOSTAL;02;2 ESTRELLAS;PIURA;200000;28;554;866;33,18;27,75;2,28;2,13;3,29;3267;2842;425;7449;6052;1397;108
2020;12;03;HOSTAL;02;2 ESTRELLAS;PUNO;210000;38;564;1059;26,3;17,72;1,65;1,66;1,14;3518;3504;14;5816;5800;16;101
2020;12;03;HOSTAL;02;2 ESTRELLAS;SAN MARTÍN;220000;15;249;427;24,61;25,03;1,26;1,26;1,53;2623;2608;15;3313;3290;23;48
2020;12;03;HOSTAL;02;2 ESTRELLAS;TACNA;230000;24;393;710;2,01;1,08;1,2;1,2;0;198;198;0;237;237;0;68
2020;12;03;HOSTAL;02;2 ESTRELLAS;TUMBES;240000;5;65;130;9,63;9,35;1,46;1,46;0;259;259;0;377;377;0;21
2020;12;03;HOSTAL;02;2 ESTRELLAS;UCAYALI;250000;2;70;127;18,71;12,67;1,32;1,33;1,17;377;371;6;499;492;7;13
2020;12;03;HOSTAL;03;3 ESTRELLAS;AMAZONAS;010000;7;102;211;0;0;0;0;0;0;0;0;0;0;0;0
2020;12;03;HOSTAL;03;3 ESTRELLAS;ÁNCASH;020000;20;318;583;15,02;13,22;1,78;1,78;1,09;1345;1334;11;2390;2378;12;56
2020;12;03;HOSTAL;03;3 ESTRELLAS;APURÍMAC;030000;1;24;43;16,53;22,58;2,37;2,37;0;127;127;0;301;301;0;7
2020;12;03;HOSTAL;03;3 ESTRELLAS;AREQUIPA;040000;36;626;1147;28,43;20,18;2,51;2,52;2,4;2854;2824;30;7177;7105;72;128
2020;12;03;HOSTAL;03;3 ESTRELLAS;AYACUCHO;050000;2;40;83;52,42;39,68;1,77;1,78;1,68;577;504;73;1021;898;123;22
2020;12;03;HOSTAL;03;3 ESTRELLAS;CAJAMARCA;060000;44;714;1198;18,43;12,14;1,4;1,4;1,28;3230;3191;39;4508;4458;50;121
2020;12;03;HOSTAL;03;3 ESTRELLAS;CUSCO;080000;26;482;897;7,89;11,1;2,19;2,25;1,92;1409;1156;253;3087;2602;485;87
2020;12;03;HOSTAL;03;3 ESTRELLAS;HUANCAVELICA;090000;3;57;90;0;0;0;0;0;0;0;0;0;0;0;0
2020;12;03;HOSTAL;03;3 ESTRELLAS;HUÁNUCO;100000;1;14;24;13,59;10,22;1;1;0;76;76;0;76;76;0;4
2020;12;03;HOSTAL;03;3 ESTRELLAS;ICA;110000;32;608;1104;26,05;18,41;1,47;1,46;1,59;4297;4229;68;6299;6191;108;144
2020;12;03;HOSTAL;03;3 ESTRELLAS;JUNÍN;120000;3;60;113;28,87;27,78;1;1;1;973;955;18;973;955;18;29
2020;12;03;HOSTAL;03;3 ESTRELLAS;LA LIBERTAD;130000;65;1053;1955;45,8;41,49;1,08;1,08;1,06;23392;23238;154;25147;24983;164;192
2020;12;03;HOSTAL;03;3 ESTRELLAS;LAMBAYEQUE;140000;29;422;619;27,56;21,31;1,23;1,23;1,39;3316;3223;93;4089;3960;129;93
2020;12;03;HOSTAL;03;3 ESTRELLAS;LIMA;150000;17;360;721;28,34;20,71;1,16;1,16;1,08;4093;4067;26;4741;4713;28;70
2020;12;03;HOSTAL;03;3 ESTRELLAS;LORETO;160000;6;103;156;0;0;0;0;0;0;0;0;0;0;0;0
2020;12;03;HOSTAL;03;3 ESTRELLAS;MADRE DE DIOS;170000;1;22;29;0;0;0;0;0;0;0;0;0;0;0;0
2020;12;03;HOSTAL;03;3 ESTRELLAS;MOQUEGUA;180000;3;41;62;17,62;12,02;2,33;2,33;0;99;99;0;231;231;0;8
2020;12;03;HOSTAL;03;3 ESTRELLAS;PASCO;190000;1;9;18;0;0;0;0;0;0;0;0;0;0;0;0
2020;12;03;HOSTAL;03;3 ESTRELLAS;PIURA;200000;3;52;110;19,6;38,59;2,33;2,3;2,94;564;533;31;1316;1225;91;12
2020;12;03;HOSTAL;03;3 ESTRELLAS;PUNO;210000;7;147;283;17,97;11,01;1,63;1,63;1,58;592;580;12;966;947;19;33
2020;12;03;HOSTAL;03;3 ESTRELLAS;SAN MARTÍN;220000;6;111;235;15,66;20,74;1,38;1,37;1,57;1098;1075;23;1511;1475;36;30
2020;12;03;HOSTAL;03;3 ESTRELLAS;TACNA;230000;7;128;260;14,47;9,03;1,89;1,89;0;386;386;0;728;728;0;22
2020;12;03;HOSTAL;03;3 ESTRELLAS;TUMBES;240000;5;83;174;12,05;8,77;1,2;1,2;0;393;393;0;473;473;0;15
2020;12;03;HOSTAL;03;3 ESTRELLAS;UCAYALI;250000;2;45;71;4,09;3,27;2,57;2,57;0;28;28;0;72;72;0;6
2020;12;03;HOSTAL;TT;TODAS CONSOLIDADAS;AMAZONAS;010000;77;1268;1983;15,32;11,73;1;1;0;7208;7208;0;7208;7208;0;157
2020;12;03;HOSTAL;TT;TODAS CONSOLIDADAS;ÁNCASH;020000;187;2878;4887;33,24;31,91;1,13;1,13;1,02;42662;42486;176;48338;48158;180;487
2020;12;03;HOSTAL;TT;TODAS CONSOLIDADAS;APURÍMAC;030000;8;179;270;17,9;14,55;1,3;1,3;0;934;934;0;1218;1218;0;31
2020;12;03;HOSTAL;TT;TODAS CONSOLIDADAS;AREQUIPA;040000;213;3437;6041;23,19;22,33;1,74;1,74;1,63;24024;23643;381;41817;41196;621;620
2020;12;03;HOSTAL;TT;TODAS CONSOLIDADAS;AYACUCHO;050000;9;166;309;12,63;10,66;1,77;1,78;1,68;577;504;73;1021;898;123;22
2020;12;03;HOSTAL;TT;TODAS CONSOLIDADAS;CAJAMARCA;060000;176;3190;5200;12,46;11,05;1,41;1,41;1,28;12660;12621;39;17811;17761;50;457
2020;12;03;HOSTAL;TT;TODAS CONSOLIDADAS;CALLAO;070000;16;362;710;48,95;49,36;1;1;1;11775;11689;85;11792;11707;85;64
2020;12;03;HOSTAL;TT;TODAS CONSOLIDADAS;CUSCO;080000;108;1793;3150;17,6;15,83;1,58;1,57;1,91;9786;9423;363;15454;14759;695;298
2020;12;03;HOSTAL;TT;TODAS CONSOLIDADAS;HUANCAVELICA;090000;6;96;146;13,17;8,57;1,01;1,01;0;384;384;0;388;388;0;4
2020;12;03;HOSTAL;TT;TODAS CONSOLIDADAS;HUÁNUCO;100000;31;435;655;58,81;55,93;1,13;1,13;0;10032;10032;0;11356;11356;0;76
2020;12;03;HOSTAL;TT;TODAS CONSOLIDADAS;ICA;110000;107;1714;2913;23,83;23;1,58;1,58;1,5;13146;12932;214;20770;20450;320;330
2020;12;03;HOSTAL;TT;TODAS CONSOLIDADAS;JUNÍN;120000;38;674;1245;32,65;19,9;1,85;1,86;1;4144;4122;22;7681;7659;22;136
2020;12;03;HOSTAL;TT;TODAS CONSOLIDADAS;LA LIBERTAD;130000;237;3838;7027;27,43;23,25;1,07;1,07;1,04;47552;47285;267;50648;50371;277;678
2020;12;03;HOSTAL;TT;TODAS CONSOLIDADAS;LAMBAYEQUE;140000;211;3099;4363;22,32;17,43;1,18;1,18;1,14;20024;19701;323;23576;23209;367;582
2020;12;03;HOSTAL;TT;TODAS CONSOLIDADAS;LIMA;150000;193;4316;8365;30,38;26,43;1,25;1,23;1,92;67831;65989;1842;84594;81051;3542;968
2020;12;03;HOSTAL;TT;TODAS CONSOLIDADAS;LORETO;160000;17;270;411;2,96;2,81;1,4;1,4;0;255;255;0;358;358;0;15
2020;12;03;HOSTAL;TT;TODAS CONSOLIDADAS;MADRE DE DIOS;170000;3;57;89;28,52;24,18;1,84;1,91;1,47;362;305;57;667;583;84;6
2020;12;03;HOSTAL;TT;TODAS CONSOLIDADAS;MOQUEGUA;180000;46;607;996;15,67;11,19;1,59;1,58;2,9;2166;2136;30;3454;3367;87;97
2020;12;03;HOSTAL;TT;TODAS CONSOLIDADAS;PASCO;190000;29;449;763;24,81;15,61;1,45;1,45;1,06;2555;2521;34;3692;3656;36;74
2020;12;03;HOSTAL;TT;TODAS CONSOLIDADAS;PIURA;200000;34;675;1083;28,75;26,11;2,29;2,16;3,26;3831;3375;456;8765;7277;1488;120
2020;12;03;HOSTAL;TT;TODAS CONSOLIDADAS;PUNO;210000;64;1072;1993;20,8;14,04;1,45;1,48;1,02;5999;5569;430;8672;8233;439;189
2020;12;03;HOSTAL;TT;TODAS CONSOLIDADAS;SAN MARTÍN;220000;22;380;695;20,7;22,39;1,3;1,29;1,55;3721;3683;38;4824;4765;59;78
2020;12;03;HOSTAL;TT;TODAS CONSOLIDADAS;TACNA;230000;39;676;1245;4,72;3,16;1,45;1,46;1;839;830;9;1220;1211;9;111
2020;12;03;HOSTAL;TT;TODAS CONSOLIDADAS;UCAYALI;250000;4;115;198;12,99;9,3;1,41;1,41;1,17;405;399;6;571;564;7;19
2020;12;05;ALBERGUE;12;ALBERGUE;ÁNCASH;020000;5;48;106;0;0;0;0;0;0;0;0;0;0;0;0
2020;12;05;ALBERGUE;12;ALBERGUE;APURÍMAC;030000;1;8;21;0;0;0;0;0;0;0;0;0;0;0;0
2020;12;05;ALBERGUE;12;ALBERGUE;AREQUIPA;040000;3;22;52;3,23;12,9;4;4;0;52;52;0;208;208;0;5
2020;12;05;ALBERGUE;12;ALBERGUE;CAJAMARCA;060000;1;11;22;0;0;0;0;0;0;0;0;0;0;0;0
2020;12;05;ALBERGUE;12;ALBERGUE;CUSCO;080000;17;253;773;0;0;0;0;0;0;0;0;0;0;0;0
2020;12;05;ALBERGUE;12;ALBERGUE;ICA;110000;2;18;43;32,26;27,91;3,1;3,1;0;120;120;0;372;372;0;5
2020;12;05;ALBERGUE;12;ALBERGUE;JUNÍN;120000;1;32;104;35,89;27,39;1,71;1,71;2,25;516;512;4;883;874;9;12
2020;12;05;ALBERGUE;12;ALBERGUE;LIMA;150000;6;84;227;13,56;6,24;6,1;5,64;8,15;72;59;13;439;333;106;16
2020;12;05;ALBERGUE;12;ALBERGUE;LORETO;160000;49;757;1557;3,52;4,48;1,83;1,72;2,13;1182;875;307;2161;1508;653;185
2020;12;05;ALBERGUE;12;ALBERGUE;MADRE DE DIOS;170000;4;129;299;2,85;2,4;2,71;2,75;2,61;82;59;23;222;162;60;97
2020;12;05;ALBERGUE;12;ALBERGUE;PASCO;190000;8;156;411;1,03;1,99;4,7;4,7;0;54;54;0;254;254;0;24
2020;12;05;ALBERGUE;12;ALBERGUE;PUNO;210000;1;13;35;0;0;0;0;0;0;0;0;0;0;0;0
2020;12;05;ALBERGUE;12;ALBERGUE;SAN MARTÍN;220000;9;137;318;21,85;22,26;2,01;1,98;2,48;1094;1032;62;2194;2040;154;62
2020;12;05;ALBERGUE;12;ALBERGUE;UCAYALI;250000;2;31;87;6,24;3,34;1,91;1,59;3,1;47;37;10;90;59;31;5
2020;12;05;ALBERGUE;TT;TODAS CONSOLIDADAS;ÁNCASH;020000;5;48;106;0;0;0;0;0;0;0;0;0;0;0;0
2020;12;05;ALBERGUE;TT;TODAS CONSOLIDADAS;APURÍMAC;030000;1;8;21;0;0;0;0;0;0;0;0;0;0;0;0
2020;12;05;ALBERGUE;TT;TODAS CONSOLIDADAS;CAJAMARCA;060000;1;11;22;0;0;0;0;0;0;0;0;0;0;0;0
2020;12;05;ALBERGUE;TT;TODAS CONSOLIDADAS;CUSCO;080000;17;253;773;0;0;0;0;0;0;0;0;0;0;0;0
2020;12;05;ALBERGUE;TT;TODAS CONSOLIDADAS;ICA;110000;2;18;43;32,26;27,91;3,1;3,1;0;120;120;0;372;372;0;5
2020;12;05;ALBERGUE;TT;TODAS CONSOLIDADAS;JUNÍN;120000;1;32;104;35,89;27,39;1,71;1,71;2,25;516;512;4;883;874;9;12
2020;12;05;ALBERGUE;TT;TODAS CONSOLIDADAS;LIMA;150000;6;84;227;13,56;6,24;6,1;5,64;8,15;72;59;13;439;333;106;16
2020;12;05;ALBERGUE;TT;TODAS CONSOLIDADAS;LORETO;160000;49;757;1557;3,52;4,48;1,83;1,72;2,13;1182;875;307;2161;1508;653;185
2020;12;05;ALBERGUE;TT;TODAS CONSOLIDADAS;MADRE DE DIOS;170000;4;129;299;2,85;2,4;2,71;2,75;2,61;82;59;23;222;162;60;97
2020;12;05;ALBERGUE;TT;TODAS CONSOLIDADAS;PASCO;190000;8;156;411;1,03;1,99;4,7;4,7;0;54;54;0;254;254;0;24
2020;12;05;ALBERGUE;TT;TODAS CONSOLIDADAS;PUNO;210000;1;13;35;0;0;0;0;0;0;0;0;0;0;0;0
2020;12;05;ALBERGUE;TT;TODAS CONSOLIDADAS;SAN MARTÍN;220000;9;137;318;21,85;22,26;2,01;1,98;2,48;1094;1032;62;2194;2040;154;62
2020;12;05;ALBERGUE;TT;TODAS CONSOLIDADAS;UCAYALI;250000;2;31;87;6,24;3,34;1,91;1,59;3,1;47;37;10;90;59;31;5
2020;12;14;RESORT;03;3 ESTRELLAS;ICA;110000;1;51;86;0;0;0;0;0;0;0;0;0;0;0;0
2020;12;14;RESORT;03;3 ESTRELLAS;TUMBES;240000;1;31;60;0;0;0;0;0;0;0;0;0;0;0;0
2020;12;14;RESORT;04;4 ESTRELLAS;TUMBES;240000;1;402;804;54,97;68,04;2,62;2,61;3,89;6480;6425;55;16958;16744;214;403
2020;12;14;RESORT;05;5 ESTRELLAS;ICA;110000;2;235;490;82,25;58,95;3,32;3,32;3,37;2695;2591;104;8955;8605;350;278
2020;12;14;RESORT;TT;TODAS CONSOLIDADAS;ICA;110000;3;286;576;67,58;50,15;3,32;3,32;3,37;2695;2591;104;8955;8605;350;278
2020;12;14;RESORT;TT;TODAS CONSOLIDADAS;TUMBES;240000;2;433;864;51,03;63,31;2,62;2,61;3,89;6480;6425;55;16958;16744;214;403
2020;12;16;ECOLODGE;13;ECOLODGE;AREQUIPA;040000;2;58;148;37,54;34,72;1,65;1,64;1,81;966;902;64;1593;1477;116;73
2020;12;16;ECOLODGE;13;ECOLODGE;SAN MARTÍN;220000;1;12;24;0;0;0;0;0;0;0;0;0;0;0;0
2020;12;16;ECOLODGE;TT;TODAS CONSOLIDADAS;AREQUIPA;040000;2;58;148;37,54;34,72;1,65;1,64;1,81;966;902;64;1593;1477;116;73
2020;12;16;ECOLODGE;TT;TODAS CONSOLIDADAS;SAN MARTÍN;220000;1;12;24;0;0;0;0;0;0;0;0;0;0;0;0
2020;12;TT;TODAS CONSOLIDADAS;00;NO CATEGORIZADO;AMAZONAS;010000;134;1693;2681;15,65;11,48;1,19;1,19;0;8030;8030;0;9541;9541;0;272
2020;12;TT;TODAS CONSOLIDADAS;00;NO CATEGORIZADO;ÁNCASH;020000;315;4317;7626;10,71;10,17;1,31;1,31;2,53;18306;18289;17;24035;23992;43;664
2020;12;TT;TODAS CONSOLIDADAS;00;NO CATEGORIZADO;APURÍMAC;030000;140;2581;3882;22,15;18,33;1,27;1,27;1,07;17327;17215;112;22060;21940;120;455
2020;12;TT;TODAS CONSOLIDADAS;00;NO CATEGORIZADO;AREQUIPA;040000;552;7447;12974;18,23;15,57;1,35;1,35;1,53;46275;45338;937;62634;61197;1437;1267
2020;12;TT;TODAS CONSOLIDADAS;00;NO CATEGORIZADO;AYACUCHO;050000;337;4703;7543;15,83;16,38;1,14;1,14;1,15;33455;32363;1092;38295;37034;1261;772
2020;12;TT;TODAS CONSOLIDADAS;00;NO CATEGORIZADO;CAJAMARCA;060000;333;4979;7717;15,28;12,92;1,18;1,18;1;26141;26068;73;30915;30842;73;735
2020;12;TT;TODAS CONSOLIDADAS;00;NO CATEGORIZADO;CUSCO;080000;1005;13390;25608;19,42;15,49;1,38;1,35;2,03;88872;83968;4904;122937;112983;9954;2311
2020;12;TT;TODAS CONSOLIDADAS;00;NO CATEGORIZADO;HUANCAVELICA;090000;100;1772;2671;12,36;10,86;1,09;1,09;1,17;8232;8163;69;8994;8913;81;251
2020;12;TT;TODAS CONSOLIDADAS;00;NO CATEGORIZADO;HUÁNUCO;100000;262;4394;6304;20,42;18,33;1,07;1,07;1,13;33527;33257;270;35816;35512;304;667
2020;12;TT;TODAS CONSOLIDADAS;00;NO CATEGORIZADO;ICA;110000;445;7118;12555;21,71;18,76;1,27;1,27;1,33;57589;57066;523;72996;72298;698;1365
2020;12;TT;TODAS CONSOLIDADAS;00;NO CATEGORIZADO;JUNÍN;120000;676;10373;16796;16,89;13,18;1,16;1,16;1,26;59346;58837;509;68628;67986;642;1684
2020;12;TT;TODAS CONSOLIDADAS;00;NO CATEGORIZADO;LA LIBERTAD;130000;397;4964;8399;27,01;24;1,33;1,33;1,36;47024;46842;182;62499;62252;247;768
2020;12;TT;TODAS CONSOLIDADAS;00;NO CATEGORIZADO;LAMBAYEQUE;140000;253;3299;4703;25,74;21,75;1,01;1,01;1,04;31333;30703;630;31704;31048;656;571
2020;12;TT;TODAS CONSOLIDADAS;00;NO CATEGORIZADO;LIMA;150000;6101;52958;92336;22,61;20,14;1,13;1,12;1,5;2245637;2193003;52635;2532312;2453144;79169;33971
2020;12;TT;TODAS CONSOLIDADAS;00;NO CATEGORIZADO;LORETO;160000;346;5120;7945;19,31;15,31;2,11;2,14;1,8;17895;16184;1711;37700;34626;3074;698
2020;12;TT;TODAS CONSOLIDADAS;00;NO CATEGORIZADO;MADRE DE DIOS;170000;159;3421;5615;27,07;22,21;1,15;1,14;1,45;33731;33255;476;38665;37975;690;544
2020;12;TT;TODAS CONSOLIDADAS;00;NO CATEGORIZADO;MOQUEGUA;180000;118;1556;2736;11,95;8,73;1,32;1,32;1,57;5587;5564;23;7402;7366;36;261
2020;12;TT;TODAS CONSOLIDADAS;00;NO CATEGORIZADO;PASCO;190000;213;3131;4847;15,07;11,67;1,48;1,48;1,33;11813;11807;6;17530;17522;8;518
2020;12;TT;TODAS CONSOLIDADAS;00;NO CATEGORIZADO;PIURA;200000;481;7038;12748;32,78;26,69;1,64;1,64;1,91;64273;63121;1152;105470;103272;2198;1206
2020;12;TT;TODAS CONSOLIDADAS;00;NO CATEGORIZADO;PUNO;210000;411;5437;9532;21,96;17,87;1,12;1,12;1,1;47153;44999;2154;52818;50446;2372;944
2020;12;TT;TODAS CONSOLIDADAS;00;NO CATEGORIZADO;SAN MARTÍN;220000;473;7624;12004;31,06;26,23;1,35;1,35;1,23;72537;72184;353;97616;97183;433;1267
2020;12;TT;TODAS CONSOLIDADAS;00;NO CATEGORIZADO;TACNA;230000;235;3180;5960;12,5;9,66;1,4;1,4;1,33;12767;12456;311;17849;17434;415;532
2020;12;TT;TODAS CONSOLIDADAS;00;NO CATEGORIZADO;TUMBES;240000;123;1688;3323;24,08;19,76;1,83;1,86;1,49;11118;10282;836;20360;19117;1243;248
2020;12;TT;TODAS CONSOLIDADAS;00;NO CATEGORIZADO;UCAYALI;250000;215;4033;6080;25,26;22,83;1,61;1,6;1,91;26714;25693;1021;43022;41071;1951;678
2020;12;TT;TODAS CONSOLIDADAS;01;1 ESTRELLA;AMAZONAS;010000;17;243;361;0;0;0;0;0;0;0;0;0;0;0;0
2020;12;TT;TODAS CONSOLIDADAS;01;1 ESTRELLA;ÁNCASH;020000;53;845;1371;24,8;20,86;1,1;1,1;1;8063;8019;44;8866;8822;44;141
2020;12;TT;TODAS CONSOLIDADAS;01;1 ESTRELLA;APURÍMAC;030000;3;94;134;18,36;14,73;1;1;0;612;612;0;612;612;0;11
2020;12;TT;TODAS CONSOLIDADAS;01;1 ESTRELLA;CAJAMARCA;060000;28;562;935;0;0;0;0;0;0;0;0;0;0;0;0
2020;12;TT;TODAS CONSOLIDADAS;01;1 ESTRELLA;CALLAO;070000;12;241;482;31,37;30,89;1;1;1;4482;4479;3;4482;4479;3;36
2020;12;TT;TODAS CONSOLIDADAS;01;1 ESTRELLA;CUSCO;080000;28;470;813;22,81;19,75;1,13;1,13;0;4410;4410;0;4977;4977;0;67
2020;12;TT;TODAS CONSOLIDADAS;01;1 ESTRELLA;HUANCAVELICA;090000;2;29;46;43,6;27,21;1,01;1,01;0;384;384;0;388;388;0;4
2020;12;TT;TODAS CONSOLIDADAS;01;1 ESTRELLA;HUÁNUCO;100000;22;462;681;29,85;28,01;1,28;1,28;0;4620;4620;0;5913;5913;0;39
2020;12;TT;TODAS CONSOLIDADAS;01;1 ESTRELLA;ICA;110000;17;262;376;15,54;14,93;1,01;1,01;0;1724;1724;0;1740;1740;0;32
2020;12;TT;TODAS CONSOLIDADAS;01;1 ESTRELLA;JUNÍN;120000;15;334;591;19,98;13,71;1,34;1,34;0;1873;1873;0;2511;2511;0;49
2020;12;TT;TODAS CONSOLIDADAS;01;1 ESTRELLA;LAMBAYEQUE;140000;27;426;616;19,65;15,89;1,1;1,1;1,15;2756;2743;13;3035;3020;15;55
2020;12;TT;TODAS CONSOLIDADAS;01;1 ESTRELLA;LIMA;150000;70;1547;3108;33,14;32,48;1,11;1,11;1,12;30209;29421;788;33673;32789;884;319
2020;12;TT;TODAS CONSOLIDADAS;01;1 ESTRELLA;LORETO;160000;6;91;134;0;0;0;0;0;0;0;0;0;0;0;0
2020;12;TT;TODAS CONSOLIDADAS;01;1 ESTRELLA;MADRE DE DIOS;170000;1;23;37;6,73;6,28;1,38;1,38;0;52;52;0;72;72;0;3
2020;12;TT;TODAS CONSOLIDADAS;01;1 ESTRELLA;MOQUEGUA;180000;14;199;358;22,06;15,7;1,3;1,3;0;1342;1342;0;1742;1742;0;30
2020;12;TT;TODAS CONSOLIDADAS;01;1 ESTRELLA;PASCO;190000;18;321;509;19,88;8,74;1,05;1,05;1,06;1318;1284;34;1379;1343;36;42
2020;12;TT;TODAS CONSOLIDADAS;01;1 ESTRELLA;PIURA;200000;5;122;190;0;0;0;0;0;0;0;0;0;0;0;0
2020;12;TT;TODAS CONSOLIDADAS;01;1 ESTRELLA;PUNO;210000;24;492;885;12,75;9,53;1;1;1;2613;2209;404;2614;2210;404;73
2020;12;TT;TODAS CONSOLIDADAS;01;1 ESTRELLA;SAN MARTÍN;220000;7;146;232;0;0;0;0;0;0;0;0;0;0;0;0
2020;12;TT;TODAS CONSOLIDADAS;01;1 ESTRELLA;TACNA;230000;10;212;387;4,35;3,75;1,05;1,05;1;428;417;11;450;439;11;26
2020;12;TT;TODAS CONSOLIDADAS;02;2 ESTRELLAS;AMAZONAS;010000;82;1683;2598;25,34;20,52;1,34;1,33;1,79;12374;12303;71;16523;16396;127;284
2020;12;TT;TODAS CONSOLIDADAS;02;2 ESTRELLAS;ÁNCASH;020000;158;2971;5139;33,14;30,26;1,12;1,12;1,09;42889;42686;203;48200;47979;221;488
2020;12;TT;TODAS CONSOLIDADAS;02;2 ESTRELLAS;APURÍMAC;030000;9;301;482;15,59;10,96;1,17;1,17;0;1405;1405;0;1638;1638;0;38
2020;12;TT;TODAS CONSOLIDADAS;02;2 ESTRELLAS;AREQUIPA;040000;165;3176;5669;23,12;21,48;1,81;1,82;1,59;20805;20422;383;37756;37148;608;560
2020;12;TT;TODAS CONSOLIDADAS;02;2 ESTRELLAS;CAJAMARCA;060000;148;3159;5058;12,88;11,88;1,39;1,39;1,17;13423;13342;81;18630;18535;95;507
2020;12;TT;TODAS CONSOLIDADAS;02;2 ESTRELLAS;CALLAO;070000;6;198;369;53,98;57,25;1;1;1,03;7064;6977;88;7092;7002;90;32
2020;12;TT;TODAS CONSOLIDADAS;02;2 ESTRELLAS;CUSCO;080000;105;2131;3743;14,88;13,91;1,75;1,74;1,86;9243;8833;410;16139;15376;763;376
2020;12;TT;TODAS CONSOLIDADAS;02;2 ESTRELLAS;HUANCAVELICA;090000;3;52;83;21,53;20,17;2,01;2,02;1,67;258;255;3;519;514;5;11
2020;12;TT;TODAS CONSOLIDADAS;02;2 ESTRELLAS;HUÁNUCO;100000;55;1382;2174;24,88;22;1,1;1,1;1;13500;13493;7;14830;14823;7;213
2020;12;TT;TODAS CONSOLIDADAS;02;2 ESTRELLAS;ICA;110000;113;2297;3904;18,05;17,78;1,95;1,94;2,28;11030;10790;240;21522;20974;548;393
2020;12;TT;TODAS CONSOLIDADAS;02;2 ESTRELLAS;JUNÍN;120000;49;1198;2211;26,23;16,23;1,64;1,64;1,33;6783;6741;42;11122;11066;56;187
2020;12;TT;TODAS CONSOLIDADAS;02;2 ESTRELLAS;LA LIBERTAD;130000;159;2890;5282;22,57;17,03;1,07;1,07;1;26186;26073;113;27893;27780;113;500
2020;12;TT;TODAS CONSOLIDADAS;02;2 ESTRELLAS;LAMBAYEQUE;140000;228;4340;6236;17,88;14,19;1,16;1,17;1,06;23575;23307;268;27438;27153;285;759
2020;12;TT;TODAS CONSOLIDADAS;02;2 ESTRELLAS;LIMA;150000;217;7068;13039;31,83;27,97;1,36;1,35;2,03;109021;106483;2537;148697;143556;5141;1478
2020;12;TT;TODAS CONSOLIDADAS;02;2 ESTRELLAS;LORETO;160000;20;457;744;11,39;9,16;1,85;1,84;2,25;1142;1110;32;2113;2041;72;78
2020;12;TT;TODAS CONSOLIDADAS;02;2 ESTRELLAS;MADRE DE DIOS;170000;4;83;147;40,19;31,07;1,92;1,96;1,66;737;650;87;1416;1272;144;13
2020;12;TT;TODAS CONSOLIDADAS;02;2 ESTRELLAS;MOQUEGUA;180000;42;713;1155;20,07;14,8;2,58;2,45;3,44;2054;1791;263;5300;4395;905;125
2020;12;TT;TODAS CONSOLIDADAS;02;2 ESTRELLAS;PASCO;190000;15;275;494;17,3;15,1;1,87;1,87;0;1237;1237;0;2313;2313;0;32
2020;12;TT;TODAS CONSOLIDADAS;02;2 ESTRELLAS;PIURA;200000;47;1028;1666;30,23;24,28;2,25;2,17;3,3;5564;5132;432;12539;11114;1425;196
2020;12;TT;TODAS CONSOLIDADAS;02;2 ESTRELLAS;PUNO;210000;62;1156;2130;20,6;13,8;1,48;1,48;1,07;6167;6126;41;9109;9065;44;197
2020;12;TT;TODAS CONSOLIDADAS;02;2 ESTRELLAS;SAN MARTÍN;220000;40;949;1617;21,38;18,64;1,46;1,45;2,07;6413;6296;117;9342;9100;242;176
2020;12;TT;TODAS CONSOLIDADAS;02;2 ESTRELLAS;TACNA;230000;57;1318;2590;6,56;4,33;1,49;1,5;1;2330;2321;9;3480;3471;9;224
2020;12;TT;TODAS CONSOLIDADAS;02;2 ESTRELLAS;TUMBES;240000;11;244;460;25,89;17,62;2,13;2,13;2,14;1179;1165;14;2513;2483;30;55
2020;12;TT;TODAS CONSOLIDADAS;02;2 ESTRELLAS;UCAYALI;250000;4;121;208;10,82;7,74;1,32;1,33;1,17;377;371;6;499;492;7;13
2020;12;TT;TODAS CONSOLIDADAS;03;3 ESTRELLAS;AMAZONAS;010000;27;580;1065;20,85;19,74;2,18;2,18;2,09;2996;2938;58;6517;6396;121;94
2020;12;TT;TODAS CONSOLIDADAS;03;3 ESTRELLAS;ÁNCASH;020000;60;1649;2913;25,64;18,36;1,95;1,94;2,19;8525;8403;122;16584;16317;267;329
2020;12;TT;TODAS CONSOLIDADAS;03;3 ESTRELLAS;APURÍMAC;030000;5;145;246;35,97;31,59;2,31;2,32;1,48;1045;1022;23;2409;2375;34;33
2020;12;TT;TODAS CONSOLIDADAS;03;3 ESTRELLAS;AREQUIPA;040000;98;2491;4617;20,59;15,03;2,23;2,23;2,28;9637;9387;250;21518;20948;570;522
2020;12;TT;TODAS CONSOLIDADAS;03;3 ESTRELLAS;AYACUCHO;050000;7;229;449;19,99;16,22;1,78;1,78;1,74;1268;1155;113;2258;2061;197;80
2020;12;TT;TODAS CONSOLIDADAS;03;3 ESTRELLAS;CAJAMARCA;060000;102;2560;4293;23,05;14,23;2,54;2,55;1,25;7457;7409;48;18941;18881;60;450
2020;12;TT;TODAS CONSOLIDADAS;03;3 ESTRELLAS;CALLAO;070000;4;233;436;15,46;12,69;1,2;1,08;2,05;1431;1262;169;1715;1368;347;44
2020;12;TT;TODAS CONSOLIDADAS;03;3 ESTRELLAS;CUSCO;080000;89;2906;5496;14,29;11,91;1,99;2,18;1,52;10210;7184;3026;20292;15689;4603;537
2020;12;TT;TODAS CONSOLIDADAS;03;3 ESTRELLAS;HUANCAVELICA;090000;5;122;198;2,14;2,13;1,6;1,6;0;82;82;0;131;131;0;18
2020;12;TT;TODAS CONSOLIDADAS;03;3 ESTRELLAS;HUÁNUCO;100000;14;507;900;14,44;12,14;1,37;1,37;1,73;2470;2440;30;3386;3334;52;123
2020;12;TT;TODAS CONSOLIDADAS;03;3 ESTRELLAS;ICA;110000;80;2206;4269;26,92;20,47;2,27;2,3;1,45;11930;11504;426;27086;26470;616;451
2020;12;TT;TODAS CONSOLIDADAS;03;3 ESTRELLAS;JUNÍN;120000;25;843;1586;25,48;15,58;1,88;1,88;2,04;4070;4024;46;7660;7566;94;232
2020;12;TT;TODAS CONSOLIDADAS;03;3 ESTRELLAS;LAMBAYEQUE;140000;66;1679;2785;19,99;14,45;1,39;1,38;1,78;8997;8739;258;12478;12020;458;317
2020;12;TT;TODAS CONSOLIDADAS;03;3 ESTRELLAS;LIMA;150000;170;7743;14472;27,87;22,35;1,87;1,82;2,29;53927;48891;5037;100703;89163;11540;1538
2020;12;TT;TODAS CONSOLIDADAS;03;3 ESTRELLAS;LORETO;160000;33;953;1580;20,82;16,47;2,42;2,43;2,37;3327;3064;263;8067;7445;622;157
2020;12;TT;TODAS CONSOLIDADAS;03;3 ESTRELLAS;MADRE DE DIOS;170000;4;157;274;25,29;18,51;2,06;2,07;2,03;762;723;39;1572;1493;79;29
2020;12;TT;TODAS CONSOLIDADAS;03;3 ESTRELLAS;MOQUEGUA;180000;9;264;482;43,33;29,49;1,93;1,93;1,91;2281;2259;22;4407;4365;42;57
2020;12;TT;TODAS CONSOLIDADAS;03;3 ESTRELLAS;PASCO;190000;6;138;255;79,52;44,87;1;1;0;3547;3547;0;3547;3547;0;19
2020;12;TT;TODAS CONSOLIDADAS;03;3 ESTRELLAS;PIURA;200000;14;423;723;21,46;23,41;1,65;1,61;2,01;3181;2828;353;5247;4539;708;91
2020;12;TT;TODAS CONSOLIDADAS;03;3 ESTRELLAS;PUNO;210000;35;1047;1910;21,76;13,32;2,1;2,11;2,06;3748;3505;243;7887;7387;500;220
2020;12;TT;TODAS CONSOLIDADAS;03;3 ESTRELLAS;SAN MARTÍN;220000;25;753;1340;18,46;18,31;1,45;1,45;1,58;5232;5105;127;7607;7406;201;164
2020;12;TT;TODAS CONSOLIDADAS;03;3 ESTRELLAS;TACNA;230000;20;632;1325;18,71;11,41;1,7;1,7;1,53;2752;2735;17;4685;4659;26;140
2020;12;TT;TODAS CONSOLIDADAS;03;3 ESTRELLAS;TUMBES;240000;15;376;762;5,27;4,74;1,58;1,57;4;708;706;2;1119;1111;8;71
2020;12;TT;TODAS CONSOLIDADAS;03;3 ESTRELLAS;UCAYALI;250000;18;637;1055;21,99;18,5;2,13;2,1;2,71;2835;2692;143;6052;5664;388;110
2020;12;TT;TODAS CONSOLIDADAS;04;4 ESTRELLAS;AREQUIPA;040000;10;458;892;31,13;21,12;2,38;2,39;2,17;2454;2352;102;5839;5618;221;151
2020;12;TT;TODAS CONSOLIDADAS;04;4 ESTRELLAS;CAJAMARCA;060000;2;101;204;73,36;37,95;5,02;5,1;1;478;469;9;2400;2391;9;44
2020;12;TT;TODAS CONSOLIDADAS;04;4 ESTRELLAS;CALLAO;070000;2;371;632;37,98;29,46;1,39;1,39;1,39;4150;2169;1981;5771;3011;2760;109
2020;12;TT;TODAS CONSOLIDADAS;04;4 ESTRELLAS;CUSCO;080000;8;787;1503;17,22;13,16;1,59;1,48;2,31;3850;3330;520;6130;4930;1200;201
2020;12;TT;TODAS CONSOLIDADAS;04;4 ESTRELLAS;HUÁNUCO;100000;1;52;90;24,94;19,07;1,67;1,67;0;318;318;0;532;532;0;20
2020;12;TT;TODAS CONSOLIDADAS;04;4 ESTRELLAS;ICA;110000;5;460;894;45,93;34,69;3,53;3,56;3,01;2720;2583;137;9614;9202;412;141
2020;12;TT;TODAS CONSOLIDADAS;04;4 ESTRELLAS;JUNÍN;120000;1;40;66;64,68;39,2;4,95;4,95;0;162;162;0;802;802;0;19
2020;12;TT;TODAS CONSOLIDADAS;04;4 ESTRELLAS;LAMBAYEQUE;140000;4;336;546;34,81;29,65;1,23;1,23;1,34;4064;3900;164;5019;4799;220;173
2020;12;TT;TODAS CONSOLIDADAS;04;4 ESTRELLAS;LIMA;150000;47;4432;8107;35,18;27,11;2,5;2,49;2,54;27273;22765;4508;68136;56690;11446;1551
2020;12;TT;TODAS CONSOLIDADAS;04;4 ESTRELLAS;LORETO;160000;2;90;150;6,77;4,97;1,39;1,39;1,5;166;162;4;231;225;6;23
2020;12;TT;TODAS CONSOLIDADAS;04;4 ESTRELLAS;MOQUEGUA;180000;2;123;232;41,2;30,02;2,29;2,31;1,89;941;905;36;2159;2091;68;23
2020;12;TT;TODAS CONSOLIDADAS;04;4 ESTRELLAS;PIURA;200000;1;95;189;32,12;23,67;1,81;1,77;2,68;768;737;31;1387;1304;83;15
2020;12;TT;TODAS CONSOLIDADAS;04;4 ESTRELLAS;PUNO;210000;7;450;863;32,86;19,11;2,75;2,79;2;1856;1767;89;5112;4934;178;118
2020;12;TT;TODAS CONSOLIDADAS;04;4 ESTRELLAS;SAN MARTÍN;220000;2;70;157;65,62;58,72;1,68;1,67;2,47;1701;1682;19;2858;2811;47;31
2020;12;TT;TODAS CONSOLIDADAS;04;4 ESTRELLAS;TACNA;230000;1;150;300;25,55;16,47;1,65;1,61;3,22;929;906;23;1532;1458;74;21
2020;12;TT;TODAS CONSOLIDADAS;04;4 ESTRELLAS;TUMBES;240000;6;663;1321;40,95;48,49;2,45;2,44;3,28;8120;8045;75;19857;19611;246;457
2020;12;TT;TODAS CONSOLIDADAS;04;4 ESTRELLAS;UCAYALI;250000;5;289;508;27,2;23,63;2,31;2,32;2,25;1608;1498;110;3721;3473;248;94
2020;12;TT;TODAS CONSOLIDADAS;05;5 ESTRELLAS;CUSCO;080000;9;939;1784;16,44;16,19;1,98;2,17;1,59;4512;3083;1429;8953;6677;2276;508
2020;12;TT;TODAS CONSOLIDADAS;05;5 ESTRELLAS;ICA;110000;4;460;1046;77,36;51,66;3,3;3,3;3,33;5074;4775;299;16752;15756;996;409
2020;12;TT;TODAS CONSOLIDADAS;05;5 ESTRELLAS;LIMA;150000;26;4081;7356;39,48;25,44;2,16;2,02;2,96;26842;22796;4046;58021;46044;11977;1914
2020;12;TT;TODAS CONSOLIDADAS;05;5 ESTRELLAS;LORETO;160000;1;60;122;40,11;35,19;1,84;1,86;1,75;725;562;163;1331;1045;286;24
2020;12;TT;TODAS CONSOLIDADAS;05;5 ESTRELLAS;PIURA;200000;1;83;166;52,35;41,24;2,04;1,77;3,66;1038;889;149;2122;1576;546;47
2020;12;TT;TODAS CONSOLIDADAS;05;5 ESTRELLAS;PUNO;210000;1;123;231;54,94;52,21;1,86;1,86;0;2015;2015;0;3739;3739;0;45
2020;12;TT;TODAS CONSOLIDADAS;05;5 ESTRELLAS;UCAYALI;250000;2;165;306;15;11,33;2,79;2,74;4,15;385;372;13;1075;1021;54;16
2020;12;TT;TODAS CONSOLIDADAS;12;ALBERGUE;ÁNCASH;020000;5;48;106;0;0;0;0;0;0;0;0;0;0;0;0
2020;12;TT;TODAS CONSOLIDADAS;12;ALBERGUE;APURÍMAC;030000;1;8;21;0;0;0;0;0;0;0;0;0;0;0;0
2020;12;TT;TODAS CONSOLIDADAS;12;ALBERGUE;AREQUIPA;040000;3;22;52;3,23;12,9;4;4;0;52;52;0;208;208;0;5
2020;12;TT;TODAS CONSOLIDADAS;12;ALBERGUE;CAJAMARCA;060000;1;11;22;0;0;0;0;0;0;0;0;0;0;0;0
2020;12;TT;TODAS CONSOLIDADAS;12;ALBERGUE;CUSCO;080000;17;253;773;0;0;0;0;0;0;0;0;0;0;0;0
2020;12;TT;TODAS CONSOLIDADAS;12;ALBERGUE;ICA;110000;2;18;43;32,26;27,91;3,1;3,1;0;120;120;0;372;372;0;5
2020;12;TT;TODAS CONSOLIDADAS;12;ALBERGUE;JUNÍN;120000;1;32;104;35,89;27,39;1,71;1,71;2,25;516;512;4;883;874;9;12
2020;12;TT;TODAS CONSOLIDADAS;12;ALBERGUE;LIMA;150000;6;84;227;13,56;6,24;6,1;5,64;8,15;72;59;13;439;333;106;16
2020;12;TT;TODAS CONSOLIDADAS;12;ALBERGUE;PASCO;190000;8;156;411;1,03;1,99;4,7;4,7;0;54;54;0;254;254;0;24
2020;12;TT;TODAS CONSOLIDADAS;12;ALBERGUE;PUNO;210000;1;13;35;0;0;0;0;0;0;0;0;0;0;0;0
2020;12;TT;TODAS CONSOLIDADAS;12;ALBERGUE;SAN MARTÍN;220000;9;137;318;21,85;22,26;2,01;1,98;2,48;1094;1032;62;2194;2040;154;62
2020;12;TT;TODAS CONSOLIDADAS;12;ALBERGUE;UCAYALI;250000;2;31;87;6,24;3,34;1,91;1,59;3,1;47;37;10;90;59;31;5
2020;12;TT;TODAS CONSOLIDADAS;13;ECOLODGE;AREQUIPA;040000;2;58;148;37,54;34,72;1,65;1,64;1,81;966;902;64;1593;1477;116;73
2020;12;TT;TODAS CONSOLIDADAS;13;ECOLODGE;SAN MARTÍN;220000;1;12;24;0;0;0;0;0;0;0;0;0;0;0;0
2020;12;TT;TODAS CONSOLIDADAS;TT;TODAS CONSOLIDADAS;AMAZONAS;010000;260;4199;6705;18,22;14,44;1,26;1,26;,78;23400;23271;129;32581;32333;248;650
2020;12;TT;TODAS CONSOLIDADAS;TT;TODAS CONSOLIDADAS;ÁNCASH;020000;591;9830;17155;19,4;17,24;1,3;1,3;1,95;77783;77397;386;97685;97110;575;1622
2020;12;TT;TODAS CONSOLIDADAS;TT;TODAS CONSOLIDADAS;APURÍMAC;030000;158;3129;4765;22;18,15;1,29;1,29;1;20389;20254;135;26719;26565;154;537
2020;12;TT;TODAS CONSOLIDADAS;TT;TODAS CONSOLIDADAS;AREQUIPA;040000;889;14841;26203;19,55;16,87;1,56;1,56;1,54;87500;85647;1853;142333;139043;3290;2827
2020;12;TT;TODAS CONSOLIDADAS;TT;TODAS CONSOLIDADAS;AYACUCHO;050000;365;5431;8885;15,61;15,94;1,17;1,17;1,1;36362;35157;1205;42935;41477;1458;917
2020;12;TT;TODAS CONSOLIDADAS;TT;TODAS CONSOLIDADAS;CAJAMARCA;060000;614;11372;18229;15,46;12,36;1,41;1,42;1,04;47499;47288;211;70886;70649;237;1736
2020;12;TT;TODAS CONSOLIDADAS;TT;TODAS CONSOLIDADAS;CUSCO;080000;1261;20876;39720;18,46;14,98;1,44;1,42;1,91;121097;110808;10289;179428;160632;18796;4000
2020;12;TT;TODAS CONSOLIDADAS;TT;TODAS CONSOLIDADAS;HUANCAVELICA;090000;110;1975;2998;12,71;11,02;1,14;1,14;1,11;8956;8884;72;10032;9946;86;284
2020;12;TT;TODAS CONSOLIDADAS;TT;TODAS CONSOLIDADAS;HUÁNUCO;100000;354;6797;10149;21,47;19,26;1,1;1,1;1,06;54435;54128;307;60477;60114;363;1062
2020;12;TT;TODAS CONSOLIDADAS;TT;TODAS CONSOLIDADAS;JUNÍN;120000;767;12820;21354;17,91;13,52;1,22;1,22;1,27;72750;72149;601;91606;90805;801;2183
2020;12;TT;TODAS CONSOLIDADAS;TT;TODAS CONSOLIDADAS;LA LIBERTAD;130000;747;12138;21766;25,79;21,86;1,24;1,24;1,22;118888;117792;1096;146320;144724;1596;2152
2020;12;TT;TODAS CONSOLIDADAS;TT;TODAS CONSOLIDADAS;LAMBAYEQUE;140000;578;10080;14886;21,76;17,72;1,12;1,12;1,14;70725;69392;1333;79674;78040;1634;1875
2020;12;TT;TODAS CONSOLIDADAS;TT;TODAS CONSOLIDADAS;LIMA;150000;6637;77913;138645;23,31;20,64;1,17;1,16;1,56;2492981;2423417;69564;2941981;2821718;120263;40787
2020;12;TT;TODAS CONSOLIDADAS;TT;TODAS CONSOLIDADAS;LORETO;160000;457;7528;12232;17,12;13,76;2,06;2,07;1,87;24437;21957;2480;51603;46890;4713;1165
2020;12;TT;TODAS CONSOLIDADAS;TT;TODAS CONSOLIDADAS;MADRE DE DIOS;170000;172;3813;6372;26,66;21,78;1,22;1,22;1,49;35364;34739;625;41947;40974;973;686
2020;12;TT;TODAS CONSOLIDADAS;TT;TODAS CONSOLIDADAS;MOQUEGUA;180000;185;2855;4963;16,4;11,87;1,65;1,62;1,89;12205;11861;344;21010;19959;1051;496
2020;12;TT;TODAS CONSOLIDADAS;TT;TODAS CONSOLIDADAS;PIURA;200000;549;8789;15682;32,01;26,18;1,68;1,67;2,02;74824;72707;2117;126765;121805;4960;1555
2020;12;TT;TODAS CONSOLIDADAS;TT;TODAS CONSOLIDADAS;PUNO;210000;541;8718;15586;21,54;16,79;1,24;1,24;1,16;63552;60621;2931;81279;77781;3498;1597
2020;12;TT;TODAS CONSOLIDADAS;TT;TODAS CONSOLIDADAS;SAN MARTÍN;220000;557;9691;15692;29,33;25,01;1,35;1,35;1,31;86977;86299;678;119617;118540;1077;1700
2020;12;TT;TODAS CONSOLIDADAS;TT;TODAS CONSOLIDADAS;TACNA;230000;323;5492;10562;11,62;8,67;1,42;1,43;1,28;19206;18835;371;27996;27461;535;943
2020;12;TT;TODAS CONSOLIDADAS;TT;TODAS CONSOLIDADAS;TUMBES;240000;155;2971;5866;23,04;19,27;1,85;1,87;1,85;21125;20198;927;43849;42322;1527;831
2020;12;03;HOSTAL;TT;TODAS CONSOLIDADAS;TUMBES;240000;10;148;304;10,99;9,02;1,3;1,3;0;652;652;0;850;850;0;36
2020;12;05;ALBERGUE;TT;TODAS CONSOLIDADAS;AREQUIPA;040000;3;22;52;3,23;12,9;4;4;0;52;52;0;208;208;0;5
2020;12;TT;TODAS CONSOLIDADAS;01;1 ESTRELLA;AREQUIPA;040000;56;948;1505;16,43;16,51;1,39;1,39;0;5540;5540;0;7702;7702;0;129
2020;12;TT;TODAS CONSOLIDADAS;05;5 ESTRELLAS;AREQUIPA;040000;3;241;346;57,68;47,39;2,87;2,87;2,89;1771;1654;117;5083;4745;338;120
2020;12;TT;TODAS CONSOLIDADAS;00;NO CATEGORIZADO;CALLAO;070000;257;3625;6697;35,57;34,44;1,02;1,02;1,15;125215;124839;375;127194;126764;431;959
2020;12;TT;TODAS CONSOLIDADAS;TT;TODAS CONSOLIDADAS;CALLAO;070000;281;4668;8616;35,51;34,43;1,02;1,02;1,15;142342;139726;2616;146254;142624;3631;1180
2020;12;TT;TODAS CONSOLIDADAS;01;1 ESTRELLA;AYACUCHO;050000;10;258;444;4,38;3,7;1,41;1,41;0;362;362;0;509;509;0;31
2020;12;TT;TODAS CONSOLIDADAS;02;2 ESTRELLAS;AYACUCHO;050000;11;241;449;16,33;13,46;1,47;1,47;0;1277;1277;0;1873;1873;0;34
2020;12;TT;TODAS CONSOLIDADAS;01;1 ESTRELLA;LA LIBERTAD;130000;36;529;931;12,33;14,72;1;1;0;4247;4247;0;4247;4247;0;83
2020;12;TT;TODAS CONSOLIDADAS;03;3 ESTRELLAS;LA LIBERTAD;130000;151;3474;6626;29,03;22,92;1,21;1,21;1,36;38955;38386;569;47085;46313;772;682
2020;12;TT;TODAS CONSOLIDADAS;04;4 ESTRELLAS;LA LIBERTAD;130000;3;161;288;27,37;19,63;1,9;1,94;1,54;924;833;91;1753;1613;140;22
2020;12;TT;TODAS CONSOLIDADAS;05;5 ESTRELLAS;LA LIBERTAD;130000;1;120;240;43,6;38,21;1,83;1,79;2,3;1552;1411;141;2843;2519;324;97
2020;12;TT;TODAS CONSOLIDADAS;12;ALBERGUE;LORETO;160000;49;757;1557;3,52;4,48;1,83;1,72;2,13;1182;875;307;2161;1508;653;185
2020;12;TT;TODAS CONSOLIDADAS;12;ALBERGUE;MADRE DE DIOS;170000;4;129;299;2,85;2,4;2,71;2,75;2,61;82;59;23;222;162;60;97
2020;12;TT;TODAS CONSOLIDADAS;TT;TODAS CONSOLIDADAS;ICA;110000;666;12821;23087;22,1;19,04;1,53;1,53;1,5;90187;88562;1625;150082;146812;3270;2796
2020;12;TT;TODAS CONSOLIDADAS;TT;TODAS CONSOLIDADAS;PASCO;190000;260;4021;6516;16,59;12,13;1,56;1,56;1,17;17969;17929;40;25023;24979;44;635
2020;12;TT;TODAS CONSOLIDADAS;TT;TODAS CONSOLIDADAS;UCAYALI;250000;246;5276;8244;24,58;22,03;1,67;1,66;1,99;31966;30663;1303;54459;51780;2679;916
