AÑO;MES;CLASE;DESCRIPCIÓN CLASE;CATEGORÍA;DESCRIPCIÓN CATEGORÍA;DEPARTAMENTO;UBIGEO;NÚMERO DE ESTABLECIMIENTO;NÚMERO DE HABITACIONES;NÚMERO DE PLAZAS-CAMA;TNOH EN EL MES(%);TNOC EN EL MES(%);PROM PERMANENCIA(DÍAS);PROM PERMANENCIA - NAC (DÍAS);PROM PERMANENCIA - EXT (DÍAS);TOTAL DE ARRIBOS EN EL MES;TOTAL DE ARRIBOS MES - NAC;TOTAL DE ARRIBOS MES - EXT;TOTAL PERNOCT MES;TOTAL PERNOCT MES - NAC (DÍAS);TOTAL PERNOCT MES - EXT (DÍAS);TOTAL EMPLEO EN EL MES
2022;01;00;NO CLASIFICADO;00;NO CATEGORIZADO;AMAZONAS;010000;264;2442;3962;17,98;13,89;1,12;1,12;1,21;15236;15012;224;17063;16793;270;460
2022;01;00;NO CLASIFICADO;00;NO CATEGORIZADO;ÁNCASH;020000;602;5684;9832;15,88;16,36;1,12;1,12;1,13;44669;43098;1571;49874;48104;1770;998
2022;01;00;NO CLASIFICADO;00;NO CATEGORIZADO;APURÍMAC;030000;485;4399;6762;15,47;12,06;1,14;1,14;1,19;22166;22035;131;25282;25126;156;458
2022;01;00;NO CLASIFICADO;00;NO CATEGORIZADO;AREQUIPA;040000;1135;10106;17067;24,95;21,66;1,47;1,43;1,96;77745;71477;6268;114597;102286;12311;1928
2022;01;00;NO CLASIFICADO;00;NO CATEGORIZADO;CAJAMARCA;060000;625;6086;9449;14,69;12,66;1,15;1,15;1;32306;32060;246;37076;36829;247;1080
2022;01;00;NO CLASIFICADO;TT;TODAS CONSOLIDADAS;AMAZONAS;010000;264;2442;3962;17,98;13,89;1,12;1,12;1,21;15236;15012;224;17063;16793;270;460
2022;01;00;NO CLASIFICADO;TT;TODAS CONSOLIDADAS;ÁNCASH;020000;602;5684;9832;15,88;16,36;1,12;1,12;1,13;44669;43098;1571;49874;48104;1770;998
2022;01;00;NO CLASIFICADO;TT;TODAS CONSOLIDADAS;APURÍMAC;030000;485;4399;6762;15,47;12,06;1,14;1,14;1,19;22166;22035;131;25282;25126;156;458
2022;01;00;NO CLASIFICADO;TT;TODAS CONSOLIDADAS;AYACUCHO;050000;537;5189;8232;13,5;10,54;1,22;1,22;1,11;22053;21933;120;26888;26755;133;573
2022;01;00;NO CLASIFICADO;TT;TODAS CONSOLIDADAS;CAJAMARCA;060000;625;6086;9449;14,69;12,66;1,15;1,15;1;32306;32060;246;37076;36829;247;1080
2022;01;01;HOTEL;01;1 ESTRELLA;AMAZONAS;010000;1;20;42;17,26;8,22;1;1;0;107;107;0;107;107;0;6
2022;01;01;HOTEL;01;1 ESTRELLA;ÁNCASH;020000;13;382;595;14,03;14,37;1,26;1,26;0;2102;2102;0;2651;2651;0;53
2022;01;01;HOTEL;01;1 ESTRELLA;APURÍMAC;030000;2;80;115;21,33;16,41;1,07;1,07;0;546;546;0;585;585;0;10
2022;01;01;HOTEL;01;1 ESTRELLA;CAJAMARCA;060000;6;170;278;10,72;9,72;1,17;1,17;1;717;715;2;838;836;2;27
2022;01;01;HOTEL;02;2 ESTRELLAS;AMAZONAS;010000;30;789;1248;20,37;18,44;1,33;1,33;1,42;5372;5341;31;7134;7090;44;126
2022;01;01;HOTEL;02;2 ESTRELLAS;ÁNCASH;020000;44;1182;2145;21,12;15,46;1,31;1,31;1,39;7840;7776;64;10283;10194;89;189
2022;01;01;HOTEL;02;2 ESTRELLAS;APURÍMAC;030000;4;180;307;11,77;8,79;1,25;1,25;1;668;665;3;837;834;3;14
2022;01;01;HOTEL;02;2 ESTRELLAS;CAJAMARCA;060000;37;1027;1546;18,39;14,8;1,14;1,14;1,2;6194;6153;41;7092;7043;49;161
2022;01;01;HOTEL;02;2 ESTRELLAS;ICA;110000;49;1353;2346;21,83;19,47;1,48;1,49;1,1;9541;9474;67;14159;14085;74;229
2022;01;00;NO CLASIFICADO;00;NO CATEGORIZADO;AYACUCHO;050000;537;5189;8232;13,5;10,54;1,22;1,22;1,11;22053;21933;120;26888;26755;133;573
2022;01;01;HOTEL;01;1 ESTRELLA;AYACUCHO;050000;7;178;309;13,75;13,14;2,11;2,11;2,33;596;593;3;1259;1252;7;29
2022;01;01;HOTEL;02;2 ESTRELLAS;AYACUCHO;050000;8;254;457;19,25;17,44;1,33;1,33;1,48;1858;1810;48;2471;2400;71;39
2022;01;00;NO CLASIFICADO;00;NO CATEGORIZADO;CALLAO;070000;255;3604;6672;31,51;28,92;1,01;1,01;1,09;106329;105309;1020;107330;106214;1116;956
2022;01;01;HOTEL;01;1 ESTRELLA;CALLAO;070000;1;34;68;24,57;24,57;1,01;1;2;514;512;2;518;514;4;3
2022;01;01;HOTEL;02;2 ESTRELLAS;CALLAO;070000;2;60;107;35,05;28,4;1,01;1,01;1,07;931;890;41;942;898;44;7
2022;01;00;NO CLASIFICADO;00;NO CATEGORIZADO;CUSCO;080000;1823;17659;31699;17,85;14,35;1,56;1,42;1,92;90352;64826;25526;140997;91919;49078;3357
2022;01;01;HOTEL;02;2 ESTRELLAS;CUSCO;080000;47;1225;2292;10,64;9,37;1,51;1,38;1,84;4406;3133;1273;6656;4309;2347;292
2022;01;00;NO CLASIFICADO;00;NO CATEGORIZADO;HUANCAVELICA;090000;190;2229;3441;15,5;12,69;1,08;1,08;0;12516;12516;0;13536;13536;0;270
2022;01;00;NO CLASIFICADO;TT;TODAS CONSOLIDADAS;HUANCAVELICA;090000;190;2229;3441;15,5;12,69;1,08;1,08;0;12516;12516;0;13536;13536;0;270
2022;01;01;HOTEL;02;2 ESTRELLAS;HUANCAVELICA;090000;2;46;85;28,12;22,28;1;1;0;587;587;0;587;587;0;9
2022;01;00;NO CLASIFICADO;00;NO CATEGORIZADO;HUÁNUCO;100000;475;5275;7814;19,54;16,85;1,14;1,14;1,04;35780;35616;164;40818;40647;171;683
2022;01;01;HOTEL;01;1 ESTRELLA;HUÁNUCO;100000;9;272;405;39,14;39,16;1,09;1,09;0;4522;4522;0;4917;4917;0;46
2022;01;01;HOTEL;02;2 ESTRELLAS;HUÁNUCO;100000;41;1239;1948;31,56;28,01;1,15;1,14;1,56;14758;14678;80;16912;16787;125;203
2022;01;00;NO CLASIFICADO;00;NO CATEGORIZADO;ICA;110000;751;8226;14069;20,32;16,98;1,25;1,25;1,22;59331;52880;6451;74078;66176;7902;1467
2022;01;01;HOTEL;01;1 ESTRELLA;ICA;110000;4;82;108;0;0;0;0;0;0;0;0;0;0;0;0
2022;01;00;NO CLASIFICADO;00;NO CATEGORIZADO;JUNÍN;120000;1296;13892;22380;17,32;13,82;1,16;1,16;1,74;82825;82507;318;95882;95330;552;2401
2022;01;00;NO CLASIFICADO;00;NO CATEGORIZADO;LA LIBERTAD;130000;848;6854;11497;19,82;17,89;1,17;1,17;1,5;54358;53639;719;63764;62686;1078;764
2022;01;00;NO CLASIFICADO;TT;TODAS CONSOLIDADAS;LA LIBERTAD;130000;848;6854;11497;19,82;17,89;1,17;1,17;1,5;54358;53639;719;63764;62686;1078;764
2022;01;01;HOTEL;01;1 ESTRELLA;LA LIBERTAD;130000;5;116;201;18,24;12,58;1;1;0;784;784;0;784;784;0;19
2022;01;00;NO CLASIFICADO;00;NO CATEGORIZADO;LAMBAYEQUE;140000;384;3963;5709;31,43;23,51;1,03;1,03;1,09;40373;38071;2302;41606;39101;2505;696
2022;01;01;HOTEL;01;1 ESTRELLA;LAMBAYEQUE;140000;2;63;70;2,92;2,35;1;1;0;51;51;0;51;51;0;11
2022;01;00;NO CLASIFICADO;00;NO CATEGORIZADO;LIMA;150000;6207;52740;91607;23,1;20,85;1,18;1,17;1,31;2271322;2165705;105617;2675852;2537930;137922;37486
2022;01;00;NO CLASIFICADO;TT;TODAS CONSOLIDADAS;LIMA;150000;6207;52740;91607;23,1;20,85;1,18;1,17;1,31;2271322;2165705;105617;2675852;2537930;137922;37486
2022;01;01;HOTEL;01;1 ESTRELLA;LIMA;150000;10;375;641;46,69;45,39;1,06;1,06;1;7983;7940;43;8490;8447;43;53
2022;01;00;NO CLASIFICADO;00;NO CATEGORIZADO;LORETO;160000;724;6583;10319;18,04;15,23;1,65;1,55;1,93;29584;22330;7254;48722;34687;14035;728
2022;01;00;NO CLASIFICADO;TT;TODAS CONSOLIDADAS;LORETO;160000;724;6583;10319;18,04;15,23;1,65;1,55;1,93;29584;22330;7254;48722;34687;14035;728
2022;01;00;NO CLASIFICADO;00;NO CATEGORIZADO;MADRE DE DIOS;170000;307;4153;6858;20,94;16,43;1,18;1,17;1,39;29701;28599;1102;34924;33396;1528;691
2022;01;01;HOTEL;01;1 ESTRELLA;MADRE DE DIOS;170000;5;137;232;32,99;25,75;1,08;1,08;1,02;1715;1660;55;1852;1796;56;26
2022;01;00;NO CLASIFICADO;00;NO CATEGORIZADO;MOQUEGUA;180000;190;1763;3002;18,68;14,67;1,81;1,81;1,35;7559;7522;37;13655;13605;50;219
2022;01;00;NO CLASIFICADO;TT;TODAS CONSOLIDADAS;MOQUEGUA;180000;190;1763;3002;18,68;14,67;1,81;1,81;1,35;7559;7522;37;13655;13605;50;219
2022;01;01;HOTEL;01;1 ESTRELLA;MOQUEGUA;180000;1;21;42;4,3;4,38;1,63;1,63;0;35;35;0;57;57;0;4
2022;01;00;NO CLASIFICADO;00;NO CATEGORIZADO;PASCO;190000;307;3334;5183;18,52;14,77;1,11;1,11;1,06;21441;21379;62;23730;23664;66;589
2022;01;00;NO CLASIFICADO;TT;TODAS CONSOLIDADAS;PASCO;190000;307;3334;5183;18,52;14,77;1,11;1,11;1,06;21441;21379;62;23730;23664;66;589
2022;01;01;HOTEL;01;1 ESTRELLA;PASCO;190000;6;168;272;21,04;16,54;1,18;1,18;0;1180;1180;0;1395;1395;0;31
2022;01;00;NO CLASIFICADO;00;NO CATEGORIZADO;PIURA;200000;1016;10422;18998;46,89;39,71;1,85;1,85;2,02;126084;121129;4955;233839;223840;9999;2057
2022;01;00;NO CLASIFICADO;TT;TODAS CONSOLIDADAS;PIURA;200000;1016;10422;18998;46,89;39,71;1,85;1,85;2,02;126084;121129;4955;233839;223840;9999;2057
2022;01;01;HOTEL;01;1 ESTRELLA;PIURA;200000;2;40;77;5;16,13;1,23;1,23;0;312;312;0;385;385;0;6
2022;01;00;NO CLASIFICADO;00;NO CATEGORIZADO;PUNO;210000;699;6619;11236;22,07;18,8;1,15;1,15;1,14;56775;53071;3704;65491;61262;4229;1199
2022;01;00;NO CLASIFICADO;TT;TODAS CONSOLIDADAS;PUNO;210000;699;6619;11236;22,07;18,8;1,15;1,15;1,14;56775;53071;3704;65491;61262;4229;1199
2022;01;01;HOTEL;01;1 ESTRELLA;PUNO;210000;5;128;230;13,38;8,79;1,13;1,13;1;557;541;16;627;611;16;18
2022;01;00;NO CLASIFICADO;00;NO CATEGORIZADO;SAN MARTÍN;220000;765;8583;13326;29,08;23,86;1,27;1,27;1,59;77422;75982;1440;98577;96285;2292;1132
2022;01;00;NO CLASIFICADO;TT;TODAS CONSOLIDADAS;SAN MARTÍN;220000;765;8583;13326;29,08;23,86;1,27;1,27;1,59;77422;75982;1440;98577;96285;2292;1132
2022;01;01;HOTEL;01;1 ESTRELLA;SAN MARTÍN;220000;6;126;195;45,65;46,77;1,26;1,25;1,66;2242;2204;38;2827;2764;63;24
2022;01;00;NO CLASIFICADO;00;NO CATEGORIZADO;TACNA;230000;414;3935;7096;9,32;7,52;1,14;1,14;1,25;14456;13608;848;16541;15484;1057;482
2022;01;00;NO CLASIFICADO;TT;TODAS CONSOLIDADAS;TACNA;230000;414;3935;7096;9,32;7,52;1,14;1,14;1,25;14456;13608;848;16541;15484;1057;482
2022;01;01;HOTEL;01;1 ESTRELLA;TACNA;230000;2;57;112;8,04;7,09;2,93;2,93;0;84;84;0;246;246;0;5
2022;01;00;NO CLASIFICADO;00;NO CATEGORIZADO;TUMBES;240000;216;2237;4377;20,14;15,58;1,86;1,86;2,13;11354;11199;155;21135;20805;330;382
2022;01;00;NO CLASIFICADO;TT;TODAS CONSOLIDADAS;TUMBES;240000;216;2237;4377;20,14;15,58;1,86;1,86;2,13;11354;11199;155;21135;20805;330;382
2022;01;00;NO CLASIFICADO;00;NO CATEGORIZADO;UCAYALI;250000;477;5042;7789;21,68;18,63;1,61;1,61;2;27898;27559;339;44994;44315;679;912
2022;01;00;NO CLASIFICADO;TT;TODAS CONSOLIDADAS;AREQUIPA;040000;1135;10106;17067;24,95;21,66;1,47;1,43;1,96;77745;71477;6268;114597;102286;12311;1928
2022;01;00;NO CLASIFICADO;TT;TODAS CONSOLIDADAS;CALLAO;070000;255;3604;6672;31,51;28,92;1,01;1,01;1,09;106329;105309;1020;107330;106214;1116;956
2022;01;00;NO CLASIFICADO;TT;TODAS CONSOLIDADAS;CUSCO;080000;1823;17659;31699;17,85;14,35;1,56;1,42;1,92;90352;64826;25526;140997;91919;49078;3357
2022;01;01;HOTEL;01;1 ESTRELLA;CUSCO;080000;5;140;236;9,56;6,78;1,03;1,03;1,33;481;478;3;496;492;4;19
2022;01;00;NO CLASIFICADO;TT;TODAS CONSOLIDADAS;HUÁNUCO;100000;475;5275;7814;19,54;16,85;1,14;1,14;1,04;35780;35616;164;40818;40647;171;683
2022;01;00;NO CLASIFICADO;TT;TODAS CONSOLIDADAS;ICA;110000;751;8226;14069;20,32;16,98;1,25;1,25;1,22;59331;52880;6451;74078;66176;7902;1467
2022;01;00;NO CLASIFICADO;TT;TODAS CONSOLIDADAS;JUNÍN;120000;1296;13892;22380;17,32;13,82;1,16;1,16;1,74;82825;82507;318;95882;95330;552;2401
2022;01;00;NO CLASIFICADO;TT;TODAS CONSOLIDADAS;LAMBAYEQUE;140000;384;3963;5709;31,43;23,51;1,03;1,03;1,09;40373;38071;2302;41606;39101;2505;696
2022;01;00;NO CLASIFICADO;TT;TODAS CONSOLIDADAS;MADRE DE DIOS;170000;307;4153;6858;20,94;16,43;1,18;1,17;1,39;29701;28599;1102;34924;33396;1528;691
2022;01;00;NO CLASIFICADO;TT;TODAS CONSOLIDADAS;UCAYALI;250000;477;5042;7789;21,68;18,63;1,61;1,61;2;27898;27559;339;44994;44315;679;912
2022;01;01;HOTEL;01;1 ESTRELLA;AREQUIPA;040000;6;210;367;45,67;26,13;1,61;1,48;3,75;1844;1738;106;2973;2576;397;32
2022;01;01;HOTEL;02;2 ESTRELLAS;AREQUIPA;040000;39;1099;1931;17,03;16,05;1,42;1,41;1,58;6780;6637;143;9608;9382;226;165
2022;01;01;HOTEL;01;1 ESTRELLA;JUNÍN;120000;6;246;511;13,73;9,58;1,43;1,43;0;1058;1058;0;1517;1517;0;28
2022;01;01;HOTEL;02;2 ESTRELLAS;JUNÍN;120000;26;789;1387;23,36;17,54;1,4;1,39;1,68;5397;5328;69;7542;7426;116;122
2022;01;01;HOTEL;02;2 ESTRELLAS;LA LIBERTAD;130000;20;472;863;24,78;26,4;1,29;1,28;1,7;5491;5421;70;7063;6944;119;97
2022;01;01;HOTEL;02;2 ESTRELLAS;LAMBAYEQUE;140000;70;1965;2968;20,5;15,92;1,18;1,18;1,65;12396;12284;112;14647;14462;185;298
2022;01;01;HOTEL;02;2 ESTRELLAS;LIMA;150000;121;5107;9042;39,33;34,55;1,28;1,27;1,63;86035;83286;2749;110193;105709;4484;872
2022;01;01;HOTEL;02;2 ESTRELLAS;LORETO;160000;14;340;550;18,86;14,19;1,72;1,73;1,72;1403;1137;266;2420;1963;457;60
2022;01;01;HOTEL;02;2 ESTRELLAS;MADRE DE DIOS;170000;7;227;382;28,53;22,02;1,34;1,3;5,6;1953;1938;15;2608;2524;84;32
2022;01;01;HOTEL;02;2 ESTRELLAS;MOQUEGUA;180000;16;404;684;46,59;32,01;3,81;3,8;6,43;1782;1775;7;6788;6743;45;74
2022;01;01;HOTEL;02;2 ESTRELLAS;PASCO;190000;5;146;250;46,44;36,89;2,47;2,47;0;1157;1157;0;2859;2859;0;28
2022;01;01;HOTEL;02;2 ESTRELLAS;PIURA;200000;20;479;790;26,35;24,71;1,75;1,75;1,48;3462;3418;44;6051;5986;65;95
2022;01;01;HOTEL;02;2 ESTRELLAS;PUNO;210000;20;486;862;13,79;10,85;1,32;1,33;1,23;2192;2126;66;2899;2818;81;66
2022;01;01;HOTEL;02;2 ESTRELLAS;SAN MARTÍN;220000;30;849;1455;43,19;39,27;2,35;2,35;1,95;7551;7455;96;17713;17526;187;180
2022;01;01;HOTEL;02;2 ESTRELLAS;TACNA;230000;33;925;1885;16,22;12,33;1,74;1,74;1,84;4132;4081;51;7206;7112;94;170
2022;01;01;HOTEL;02;2 ESTRELLAS;TUMBES;240000;8;258;549;66,64;31,86;20,46;20,46;0;265;265;0;5422;5422;0;49
2022;01;01;HOTEL;02;2 ESTRELLAS;UCAYALI;250000;2;58;93;2,56;2,6;3,57;3,57;0;21;21;0;75;75;0;11
2022;01;01;HOTEL;03;3 ESTRELLAS;AMAZONAS;010000;18;424;741;22,48;19,23;1,48;1,53;1,28;2975;2402;573;4417;3686;731;113
2022;01;01;HOTEL;03;3 ESTRELLAS;ÁNCASH;020000;39;1247;2244;28,15;21,15;1,33;1,35;1,17;11081;9879;1202;14713;13304;1409;271
2022;01;01;HOTEL;03;3 ESTRELLAS;APURÍMAC;030000;3;98;172;42,76;26,46;1,23;1,23;1,24;1150;1095;55;1411;1343;68;19
2022;01;01;HOTEL;03;3 ESTRELLAS;AREQUIPA;040000;61;1728;3166;31,71;24,11;2,51;2,5;2,58;9446;8646;800;23667;21602;2065;459
2022;01;01;HOTEL;03;3 ESTRELLAS;AYACUCHO;050000;9;302;575;13,63;13,71;2,2;2,2;2,24;1111;1040;71;2444;2285;159;91
2022;01;01;HOTEL;03;3 ESTRELLAS;CAJAMARCA;060000;65;2041;3369;16,93;13,39;1,46;1,46;1,56;9554;9419;135;13988;13777;211;438
2022;01;01;HOTEL;03;3 ESTRELLAS;CALLAO;070000;4;233;392;32,96;31,38;1,65;1,61;1,81;2314;1860;454;3813;2990;823;48
2022;01;01;HOTEL;03;3 ESTRELLAS;CUSCO;080000;74;2784;5497;16,9;13,74;2,14;2,36;1,93;10948;5233;5715;23410;12362;11048;762
2022;01;01;HOTEL;03;3 ESTRELLAS;HUANCAVELICA;090000;2;65;108;7,74;5,47;1,43;1,43;1;128;127;1;183;182;1;14
2022;01;01;HOTEL;03;3 ESTRELLAS;HUÁNUCO;100000;13;490;892;21,79;18,9;1,54;1,54;1,43;3399;3323;76;5225;5116;109;119
2022;01;01;HOTEL;03;3 ESTRELLAS;ICA;110000;50;1843;3704;36,58;33,96;1,56;1,56;1,54;25042;22166;2876;38994;34551;4443;452
2022;01;01;HOTEL;03;3 ESTRELLAS;JUNÍN;120000;20;765;1413;19,7;13,83;1,55;1,55;1,56;3906;3772;134;6059;5850;209;180
2022;01;01;HOTEL;03;3 ESTRELLAS;LA LIBERTAD;130000;83;2490;4641;30,64;25,97;1,6;1,57;2,04;23364;22124;1240;37370;34841;2529;577
2022;01;01;HOTEL;03;3 ESTRELLAS;LAMBAYEQUE;140000;38;1290;2184;22,13;18,92;1,42;1,42;1,57;9017;8795;222;12810;12462;348;245
2022;01;01;HOTEL;03;3 ESTRELLAS;LIMA;150000;157;7849;15073;34,72;28,05;1,72;1,54;2,47;76052;61173;14879;131081;94399;36682;1724
2022;01;01;HOTEL;03;3 ESTRELLAS;LORETO;160000;21;641;1101;29,66;24,85;2,47;2,5;2,31;3433;2984;449;8482;7447;1035;181
2022;01;01;HOTEL;03;3 ESTRELLAS;MADRE DE DIOS;170000;5;191;348;33,29;26,93;1,91;1,94;1,46;1523;1416;107;2905;2749;156;70
2022;01;01;HOTEL;03;3 ESTRELLAS;MOQUEGUA;180000;8;270;500;45,56;39,57;2,43;2,44;1,97;2527;2468;59;6133;6017;116;66
2022;01;01;HOTEL;03;3 ESTRELLAS;PASCO;190000;4;114;217;38,31;39,32;1,58;1,56;1,93;1676;1606;70;2645;2510;135;17
2022;01;01;HOTEL;03;3 ESTRELLAS;PIURA;200000;15;582;970;28,7;25,67;1,8;1,72;2,51;4281;3854;427;7719;6647;1072;183
2022;01;01;HOTEL;03;3 ESTRELLAS;PUNO;210000;25;848;1655;18,11;14,68;1,92;2,08;1,56;3921;2699;1222;7534;5624;1910;160
2022;01;01;HOTEL;03;3 ESTRELLAS;SAN MARTÍN;220000;22;752;1329;28,17;25,18;1,6;1,6;1,73;6473;6370;103;10375;10197;178;208
2022;01;01;HOTEL;03;3 ESTRELLAS;TACNA;230000;14;501;1052;23,72;16,14;2,25;2,23;2,57;2342;2220;122;5265;4951;314;122
2022;01;01;HOTEL;03;3 ESTRELLAS;TUMBES;240000;10;312;672;35,85;39,53;2,57;2,47;3,56;3210;2942;268;8234;7281;953;149
2022;01;01;HOTEL;03;3 ESTRELLAS;UCAYALI;250000;15;537;887;32,84;25,45;2,01;2,03;1,72;3483;3227;256;6999;6559;440;128
2022;01;01;HOTEL;04;4 ESTRELLAS;AREQUIPA;040000;10;454;910;34,1;26,68;2,15;2,31;1,79;3500;2456;1044;7527;5662;1865;157
2022;01;01;HOTEL;04;4 ESTRELLAS;CAJAMARCA;060000;3;142;228;49,66;55,32;2,13;2,11;2,35;1833;1684;149;3910;3560;350;72
2022;01;01;HOTEL;04;4 ESTRELLAS;CUSCO;080000;11;881;1687;39,17;36,49;2,39;2,26;2,49;7973;3420;4553;19085;7743;11342;360
2022;01;01;HOTEL;04;4 ESTRELLAS;HUÁNUCO;100000;1;61;104;27,39;23,6;1,88;1,88;2;404;387;17;761;727;34;23
2022;01;01;HOTEL;04;4 ESTRELLAS;ICA;110000;6;588;1296;37,23;42,14;2,01;2,02;1,93;8417;7598;819;16930;15353;1577;340
2022;01;01;HOTEL;04;4 ESTRELLAS;JUNÍN;120000;1;40;66;25,56;26,54;1,49;1,49;0;365;365;0;543;543;0;21
2022;01;01;HOTEL;04;4 ESTRELLAS;LA LIBERTAD;130000;3;206;326;53,01;66,35;2,36;2,39;2,18;2840;2427;413;6705;5804;901;78
2022;01;01;HOTEL;04;4 ESTRELLAS;LAMBAYEQUE;140000;5;352;577;52,73;59,3;1,67;1,63;2,07;6347;5781;566;10607;9437;1170;239
2022;01;01;HOTEL;04;4 ESTRELLAS;LORETO;160000;2;90;150;17,74;14,73;2,05;2,05;2,2;334;324;10;685;663;22;27
2022;01;01;HOTEL;04;4 ESTRELLAS;MOQUEGUA;180000;2;123;232;73,91;80,56;12,76;13,34;5,36;454;421;33;5794;5617;177;40
2022;01;01;HOTEL;04;4 ESTRELLAS;PIURA;200000;3;298;549;33,09;34,36;1,87;1,82;2,34;3130;2857;273;5847;5208;639;49
2022;01;01;HOTEL;04;4 ESTRELLAS;PUNO;210000;7;447;843;31,33;21,59;2,46;3,05;1,6;2297;1353;944;5642;4129;1513;108
2022;01;01;HOTEL;04;4 ESTRELLAS;TACNA;230000;1;150;300;14,17;12,01;2,09;2,12;1,54;535;507;28;1117;1074;43;32
2022;01;01;HOTEL;04;4 ESTRELLAS;TUMBES;240000;5;265;522;51,28;56,17;2,23;2,2;2,58;4079;3774;305;9089;8302;787;120
2022;01;01;HOTEL;04;4 ESTRELLAS;UCAYALI;250000;5;289;515;32,72;31,21;2,67;2,75;2,23;1869;1566;303;4983;4307;676;77
2022;01;01;HOTEL;05;5 ESTRELLAS;AREQUIPA;040000;3;241;352;62;63,4;2,68;2,72;2,54;2586;1981;605;6918;5381;1537;120
2022;01;01;HOTEL;05;5 ESTRELLAS;CUSCO;080000;14;1246;2441;20,8;20,87;1,91;2,43;1,73;8270;2151;6119;15789;5225;10564;796
2022;01;01;HOTEL;05;5 ESTRELLAS;ICA;110000;3;345;796;76,76;63,29;2,2;2,15;2,39;7096;5639;1457;15618;12142;3476;312
2022;01;01;HOTEL;05;5 ESTRELLAS;LA LIBERTAD;130000;1;120;240;64,17;58,86;2,1;1,99;2,74;2087;1795;292;4379;3579;800;67
2022;01;01;HOTEL;05;5 ESTRELLAS;LIMA;150000;22;3983;8018;40,29;25,84;2,01;1,68;2,58;31962;20178;11784;64228;33850;30378;2336
2022;01;01;HOTEL;05;5 ESTRELLAS;LORETO;160000;1;60;91;86,34;89,68;2,52;2,76;2;1004;685;319;2530;1891;639;49
2022;01;01;HOTEL;05;5 ESTRELLAS;PIURA;200000;1;83;168;71,9;63,36;2,13;1,9;3,41;1546;1306;240;3300;2481;819;60
2022;01;01;HOTEL;05;5 ESTRELLAS;PUNO;210000;1;123;231;95,57;78,03;1,74;1,69;2;3220;2773;447;5588;4694;894;45
2022;01;01;HOTEL;05;5 ESTRELLAS;SAN MARTÍN;220000;1;50;108;44,84;57,65;1,69;1,69;1,57;1145;1077;68;1930;1823;107;61
2022;01;01;HOTEL;05;5 ESTRELLAS;UCAYALI;250000;2;162;300;24,21;23,12;2,74;2,75;2,71;784;705;79;2150;1936;214;57
2022;01;01;HOTEL;TT;TODAS CONSOLIDADAS;AMAZONAS;010000;49;1233;2031;21,05;18,52;1,38;1,39;1,28;8454;7850;604;11658;10883;775;245
2022;01;01;HOTEL;TT;TODAS CONSOLIDADAS;ÁNCASH;020000;96;2811;4984;23,27;17,89;1,32;1,32;1,18;21023;19757;1266;27647;26149;1498;513
2022;01;01;HOTEL;TT;TODAS CONSOLIDADAS;APURÍMAC;030000;9;358;594;22,39;15,39;1,2;1,2;1,22;2364;2306;58;2833;2762;71;43
2022;01;01;HOTEL;TT;TODAS CONSOLIDADAS;AREQUIPA;040000;119;3732;6726;30,42;24,31;2,1;2,08;2,26;24156;21458;2698;50693;44603;6090;933
2022;01;01;HOTEL;TT;TODAS CONSOLIDADAS;AYACUCHO;050000;24;734;1341;15,61;14,85;1,73;1,72;1,94;3565;3443;122;6174;5937;237;159
2022;01;01;HOTEL;TT;TODAS CONSOLIDADAS;CAJAMARCA;060000;111;3380;5421;18,44;15,37;1,41;1,4;1,87;18298;17971;327;25828;25216;612;698
2022;01;01;HOTEL;TT;TODAS CONSOLIDADAS;CALLAO;070000;9;698;1166;57,21;50,98;1,42;1,45;1,4;12952;6330;6622;18426;9155;9271;163
2022;01;01;HOTEL;TT;TODAS CONSOLIDADAS;CUSCO;080000;151;6276;12153;19,42;17,37;2,04;2,09;2;32078;14415;17663;65436;30131;35305;2229
2022;01;01;HOTEL;TT;TODAS CONSOLIDADAS;HUANCAVELICA;090000;4;111;193;16,19;12,87;1,08;1,08;1;715;714;1;770;769;1;23
2022;01;01;HOTEL;TT;TODAS CONSOLIDADAS;HUÁNUCO;100000;64;2062;3349;30,11;26,79;1,2;1,2;1,55;23083;22910;173;27815;27547;268;391
2022;01;01;HOTEL;TT;TODAS CONSOLIDADAS;ICA;110000;112;4211;8250;34,51;33,51;1,71;1,7;1,83;50096;44877;5219;85701;76131;9570;1333
2022;01;01;HOTEL;TT;TODAS CONSOLIDADAS;JUNÍN;120000;53;1840;3377;20,6;14,96;1,46;1,46;1,6;10726;10523;203;15661;15336;325;351
2022;01;01;HOTEL;TT;TODAS CONSOLIDADAS;LAMBAYEQUE;140000;115;3670;5799;23,86;21,2;1,37;1,35;1,89;27811;26911;900;38115;36412;1703;793
2022;01;01;HOTEL;TT;TODAS CONSOLIDADAS;LIMA;150000;352;21519;40154;36,23;28,54;1,71;1,52;2,5;230356;184364;45992;394855;279710;115146;7587
2022;01;01;HOTEL;TT;TODAS CONSOLIDADAS;LORETO;160000;38;1131;1892;28,47;24,07;2,29;2,33;2,06;6174;5130;1044;14117;11964;2153;317
2022;01;01;HOTEL;TT;TODAS CONSOLIDADAS;MADRE DE DIOS;170000;17;555;962;31,27;24,7;1,42;1,41;1,67;5191;5014;177;7365;7069;296;128
2022;01;01;HOTEL;TT;TODAS CONSOLIDADAS;MOQUEGUA;180000;27;818;1458;49,27;41,53;3,91;3,92;3,41;4798;4699;99;18772;18434;338;184
2022;01;01;HOTEL;TT;TODAS CONSOLIDADAS;PASCO;190000;15;428;739;34,31;30,11;1,72;1,72;1,93;4013;3943;70;6899;6764;135;76
2022;01;01;HOTEL;TT;TODAS CONSOLIDADAS;PIURA;200000;41;1482;2554;30,6;29,43;1,83;1,76;2,64;12731;11747;984;23302;20707;2595;393
2022;01;01;HOTEL;TT;TODAS CONSOLIDADAS;PUNO;210000;58;2032;3821;24,38;18,82;1,83;1,88;1,64;12187;9492;2695;22290;17876;4414;397
2022;01;01;HOTEL;TT;TODAS CONSOLIDADAS;SAN MARTÍN;220000;59;1777;3087;37,06;34,32;1,89;1,89;1,75;17411;17106;305;32845;32310;535;473
2022;01;01;HOTEL;TT;TODAS CONSOLIDADAS;TACNA;230000;50;1633;3349;18,05;13,33;1,95;1,94;2,24;7093;6892;201;13834;13383;451;329
2022;01;01;HOTEL;TT;TODAS CONSOLIDADAS;TUMBES;240000;23;835;1743;50,26;42,09;3,01;3,01;3,04;7554;6981;573;22745;21005;1740;318
2022;01;01;HOTEL;TT;TODAS CONSOLIDADAS;UCAYALI;250000;24;1046;1795;29,79;25,53;2,31;2,33;2,08;6157;5519;638;14207;12877;1330;273
2022;01;02;APART HOTEL;03;3 ESTRELLAS;ÁNCASH;020000;2;16;44;7,66;7,62;1,41;1,41;0;74;74;0;104;104;0;4
2022;01;02;APART HOTEL;03;3 ESTRELLAS;APURÍMAC;030000;1;21;30;55,45;60,75;1,92;1,91;1,94;295;278;17;565;532;33;8
2022;01;02;APART HOTEL;03;3 ESTRELLAS;AREQUIPA;040000;1;18;36;8,24;8,24;5,11;5,11;0;18;18;0;92;92;0;2
2022;01;02;APART HOTEL;03;3 ESTRELLAS;CAJAMARCA;060000;2;13;24;0;0;0;0;0;0;0;0;0;0;0;0
2022;01;02;APART HOTEL;03;3 ESTRELLAS;ICA;110000;1;10;20;3,87;3,87;2;2;0;12;12;0;24;24;0;5
2022;01;02;APART HOTEL;03;3 ESTRELLAS;LA LIBERTAD;130000;1;11;24;0;0;0;0;0;0;0;0;0;0;0;0
2022;01;02;APART HOTEL;03;3 ESTRELLAS;LIMA;150000;8;206;366;44,74;37,02;4,81;4,22;5,45;874;457;417;4200;1929;2271;53
2022;01;02;APART HOTEL;03;3 ESTRELLAS;LORETO;160000;1;45;94;0;0;0;0;0;0;0;0;0;0;0;0
2022;01;02;APART HOTEL;03;3 ESTRELLAS;PASCO;190000;1;10;15;2,58;3,23;1,88;1,88;0;8;8;0;15;15;0;4
2022;01;02;APART HOTEL;03;3 ESTRELLAS;TUMBES;240000;2;18;50;87,63;56,84;2,84;2,86;2;310;304;6;881;869;12;15
2022;01;02;APART HOTEL;04;4 ESTRELLAS;AREQUIPA;040000;1;19;32;10,19;20,56;2,58;2,16;4,4;79;64;15;204;138;66;6
2022;01;02;APART HOTEL;04;4 ESTRELLAS;LORETO;160000;1;13;23;84,86;47,97;1,38;1,22;1,54;247;121;126;342;148;194;6
2022;01;02;APART HOTEL;04;4 ESTRELLAS;SAN MARTÍN;220000;1;24;49;47,72;47,27;2,1;2,13;1,61;342;319;23;718;681;37;17
2022;01;02;APART HOTEL;05;5 ESTRELLAS;LIMA;150000;6;399;674;57,69;38,59;3,56;3,11;4,95;2263;1702;561;8062;5285;2777;163
2022;01;02;APART HOTEL;TT;TODAS CONSOLIDADAS;ÁNCASH;020000;2;16;44;7,66;7,62;1,41;1,41;0;74;74;0;104;104;0;4
2022;01;02;APART HOTEL;TT;TODAS CONSOLIDADAS;APURÍMAC;030000;1;21;30;55,45;60,75;1,92;1,91;1,94;295;278;17;565;532;33;8
2022;01;02;APART HOTEL;TT;TODAS CONSOLIDADAS;AREQUIPA;040000;2;37;68;9,24;14,04;3,05;2,8;4,4;97;82;15;296;230;66;8
2022;01;02;APART HOTEL;TT;TODAS CONSOLIDADAS;CAJAMARCA;060000;2;13;24;0;0;0;0;0;0;0;0;0;0;0;0
2022;01;02;APART HOTEL;TT;TODAS CONSOLIDADAS;ICA;110000;1;10;20;3,87;3,87;2;2;0;12;12;0;24;24;0;5
2022;01;02;APART HOTEL;TT;TODAS CONSOLIDADAS;LA LIBERTAD;130000;1;11;24;0;0;0;0;0;0;0;0;0;0;0;0
2022;01;02;APART HOTEL;TT;TODAS CONSOLIDADAS;LIMA;150000;22;1215;2248;54,85;48,85;2,27;1,75;4,8;15025;12470;2555;34044;21775;12269;646
2022;01;02;APART HOTEL;TT;TODAS CONSOLIDADAS;LORETO;160000;2;58;117;19,02;9,43;1,38;1,22;1,54;247;121;126;342;148;194;6
2022;01;02;APART HOTEL;TT;TODAS CONSOLIDADAS;PASCO;190000;1;10;15;2,58;3,23;1,88;1,88;0;8;8;0;15;15;0;4
2022;01;02;APART HOTEL;TT;TODAS CONSOLIDADAS;SAN MARTÍN;220000;1;24;49;47,72;47,27;2,1;2,13;1,61;342;319;23;718;681;37;17
2022;01;02;APART HOTEL;TT;TODAS CONSOLIDADAS;TUMBES;240000;2;18;50;87,63;56,84;2,84;2,86;2;310;304;6;881;869;12;15
2022;01;03;HOSTAL;01;1 ESTRELLA;AMAZONAS;010000;18;268;410;40,89;43,12;1,42;1,42;1,4;3867;3862;5;5480;5473;7;42
2022;01;03;HOSTAL;01;1 ESTRELLA;ÁNCASH;020000;37;495;810;29,85;29,79;1,06;1,06;1;7035;6999;36;7481;7445;36;80
2022;01;03;HOSTAL;01;1 ESTRELLA;APURÍMAC;030000;1;10;20;0;0;0;0;0;0;0;0;0;0;0;0
2022;01;03;HOSTAL;01;1 ESTRELLA;AREQUIPA;040000;52;772;1200;29,7;22,4;1,13;1,13;0;7397;7397;0;8331;8331;0;126
2022;01;03;HOSTAL;01;1 ESTRELLA;AYACUCHO;050000;4;91;161;10,46;9,48;1,6;1,61;1,43;295;288;7;473;463;10;15
2022;01;03;HOSTAL;01;1 ESTRELLA;CAJAMARCA;060000;23;393;604;7,96;5,51;1;1;0;1031;1031;0;1031;1031;0;69
2022;01;03;HOSTAL;01;1 ESTRELLA;CALLAO;070000;11;204;406;42,96;39,95;1,09;1,09;1,04;4833;4685;148;5268;5114;154;44
2022;01;03;HOSTAL;01;1 ESTRELLA;CUSCO;080000;22;368;603;22,62;20,2;1,08;1,08;1,33;3490;3466;24;3776;3744;32;49
2022;01;03;HOSTAL;01;1 ESTRELLA;HUANCAVELICA;090000;2;29;45;32,48;23,01;1;1;1;321;320;1;321;320;1;5
2022;01;03;HOSTAL;01;1 ESTRELLA;HUÁNUCO;100000;16;240;360;65,78;60,08;1,16;1,16;1;5776;5771;5;6705;6700;5;50
2022;01;03;HOSTAL;01;1 ESTRELLA;ICA;110000;11;151;218;43,54;40,38;1;1;1;2729;2723;6;2729;2723;6;26
2022;01;03;HOSTAL;01;1 ESTRELLA;JUNÍN;120000;12;170;288;23,49;16,51;1,15;1,15;1,17;1285;1279;6;1474;1467;7;31
2022;01;03;HOSTAL;01;1 ESTRELLA;LA LIBERTAD;130000;33;465;822;51,13;30,9;1,57;1,57;0;5005;5005;0;7873;7873;0;81
2022;01;03;HOSTAL;01;1 ESTRELLA;LAMBAYEQUE;140000;17;210;277;23,92;20,41;1,15;1,15;1,38;1519;1506;13;1753;1735;18;38
2022;01;03;HOSTAL;01;1 ESTRELLA;LIMA;150000;82;1686;3018;28,51;25,03;1,09;1,09;1,21;27460;27128;331;29855;29455;400;345
2022;01;03;HOSTAL;01;1 ESTRELLA;LORETO;160000;6;91;134;16,59;11,17;1,54;1,53;1,78;301;292;9;464;448;16;19
2022;01;03;HOSTAL;01;1 ESTRELLA;MADRE DE DIOS;170000;1;35;68;19,35;15,18;2;2;0;160;160;0;320;320;0;4
2022;01;03;HOSTAL;01;1 ESTRELLA;MOQUEGUA;180000;14;201;365;18,09;12,65;1,2;1,2;1,07;1195;1180;15;1431;1415;16;33
2022;01;03;HOSTAL;01;1 ESTRELLA;PASCO;190000;18;313;455;57,56;35,72;1,3;1,3;1;3876;3849;27;5038;5011;27;51
2022;01;03;HOSTAL;01;1 ESTRELLA;PIURA;200000;2;36;51;35,48;24,48;2,3;2,3;2,33;168;159;9;387;366;21;8
2022;01;03;HOSTAL;01;1 ESTRELLA;PUNO;210000;26;412;676;22,65;18,01;1,04;1,05;1,03;3613;3346;267;3775;3499;276;57
2022;01;03;HOSTAL;01;1 ESTRELLA;SAN MARTÍN;220000;1;20;30;15,81;12,15;1,31;1,31;0;86;86;0;113;113;0;8
2022;01;03;HOSTAL;01;1 ESTRELLA;TACNA;230000;9;170;301;12,6;10,94;1;1;0;1021;1021;0;1021;1021;0;24
2022;01;03;HOSTAL;02;2 ESTRELLAS;AMAZONAS;010000;52;974;1516;23,2;21,36;1,27;1,26;2,1;7890;7745;145;10036;9731;305;158
2022;01;03;HOSTAL;02;2 ESTRELLAS;ÁNCASH;020000;128;2087;3582;32,49;31,33;1,07;1,07;1,03;32473;32359;114;34785;34668;117;358
2022;01;03;HOSTAL;02;2 ESTRELLAS;APURÍMAC;030000;5;127;199;22;20,26;1,2;1,2;1;1043;1033;10;1250;1240;10;21
2022;01;03;HOSTAL;02;2 ESTRELLAS;AREQUIPA;040000;123;1953;3534;29,28;25,23;1,24;1,23;1,66;22202;21265;937;27641;26081;1560;345
2022;01;03;HOSTAL;02;2 ESTRELLAS;AYACUCHO;050000;5;62;102;4,06;3,32;1,38;1,29;1,62;76;55;21;105;71;34;16
2022;01;03;HOSTAL;02;2 ESTRELLAS;CAJAMARCA;060000;113;2097;3332;15,99;13,41;1,3;1,3;1,05;10687;10623;64;13847;13780;67;325
2022;01;03;HOSTAL;02;2 ESTRELLAS;CALLAO;070000;6;178;342;52,21;52,73;1,01;1,01;1;5555;5535;20;5590;5570;20;32
2022;01;03;HOSTAL;02;2 ESTRELLAS;CUSCO;080000;54;936;1706;24,13;21,64;1,82;1,66;2,25;6289;4565;1724;11442;7567;3875;168
2022;01;03;HOSTAL;02;2 ESTRELLAS;HUANCAVELICA;090000;1;39;71;11,5;8,18;1,38;1,4;1;130;126;4;180;176;4;4
2022;01;03;HOSTAL;02;2 ESTRELLAS;HUÁNUCO;100000;23;304;511;35,13;30,61;1,01;1,01;1;4801;4800;1;4849;4848;1;63
2022;01;03;HOSTAL;02;2 ESTRELLAS;ICA;110000;61;862;1435;20,91;19,67;1,16;1,16;1,02;7538;7492;46;8748;8701;47;142
2022;01;03;HOSTAL;02;2 ESTRELLAS;LA LIBERTAD;130000;136;2289;4095;23,5;23,75;1,09;1,09;1,1;27695;27266;429;30144;29671;473;401
2022;01;03;HOSTAL;02;2 ESTRELLAS;LAMBAYEQUE;140000;154;2305;3244;20,83;15,27;1,07;1,07;1,08;14347;14179;168;15360;15179;181;413
2022;01;03;HOSTAL;02;2 ESTRELLAS;LORETO;160000;5;72;112;27,78;28,43;1,85;1,85;0;534;534;0;987;987;0;14
2022;01;03;HOSTAL;02;2 ESTRELLAS;MADRE DE DIOS;170000;5;130;195;40,52;33,9;1,32;1,32;1,2;1555;1515;40;2049;2001;48;23
2022;01;03;HOSTAL;02;2 ESTRELLAS;MOQUEGUA;180000;58;825;1331;26,8;20,25;1,53;1,53;1;5458;5429;29;8356;8327;29;150
2022;01;03;HOSTAL;02;2 ESTRELLAS;PASCO;190000;13;234;446;29,14;19,89;1,38;1,38;2;1990;1988;2;2750;2746;4;38
2022;01;03;HOSTAL;02;2 ESTRELLAS;PIURA;200000;28;552;905;29,38;28,76;1,78;1,77;2,12;4533;4364;169;8068;7709;359;106
2022;01;03;HOSTAL;02;2 ESTRELLAS;PUNO;210000;40;621;1168;18,95;13,88;1,3;1,29;1,32;3879;3744;135;5024;4846;178;102
2022;01;03;HOSTAL;02;2 ESTRELLAS;SAN MARTÍN;220000;18;276;439;26,79;26,14;1,71;1,7;2,36;2084;2056;28;3558;3492;66;62
2022;01;03;HOSTAL;02;2 ESTRELLAS;TACNA;230000;23;397;753;18,43;13,73;1,18;1,18;1,09;2714;2681;33;3205;3169;36;69
2022;01;03;HOSTAL;02;2 ESTRELLAS;TUMBES;240000;5;66;131;12,27;12,88;1,76;1,76;0;298;298;0;523;523;0;22
2022;01;03;HOSTAL;02;2 ESTRELLAS;UCAYALI;250000;2;71;136;24,99;15,2;1,57;1,57;2;408;404;4;641;633;8;21
2022;01;03;HOSTAL;03;3 ESTRELLAS;AMAZONAS;010000;10;149;301;11,63;10,46;1,4;1,37;1,87;698;659;39;976;903;73;31
2022;01;03;HOSTAL;03;3 ESTRELLAS;ÁNCASH;020000;19;279;543;18,01;14,5;1,71;1,67;2,02;1426;1261;165;2441;2107;334;65
2022;01;03;HOSTAL;03;3 ESTRELLAS;APURÍMAC;030000;1;24;43;29,7;16,58;1,56;1,56;0;142;142;0;221;221;0;7
2022;01;03;HOSTAL;03;3 ESTRELLAS;AREQUIPA;040000;37;628;1167;31,03;24,27;1,99;1,95;2,25;4402;3755;647;8780;7325;1455;164
2022;01;03;HOSTAL;03;3 ESTRELLAS;AYACUCHO;050000;2;38;77;24,02;20,03;1,86;1,89;1,75;257;205;52;478;387;91;19
2022;01;03;HOSTAL;03;3 ESTRELLAS;CAJAMARCA;060000;50;780;1272;23,4;16,73;1,38;1,38;1,43;4786;4721;65;6596;6503;93;156
2022;01;03;HOSTAL;03;3 ESTRELLAS;CUSCO;080000;18;319;606;12,92;10,67;1,93;1,77;2,18;1041;654;387;2004;1160;844;54
2022;01;03;HOSTAL;03;3 ESTRELLAS;HUÁNUCO;100000;2;27;50;18,88;18,84;1;1;0;292;292;0;292;292;0;6
2022;01;03;HOSTAL;03;3 ESTRELLAS;ICA;110000;30;532;1007;42,49;29,08;1,37;1,36;1,42;6642;6093;549;9079;8301;778;111
2022;01;03;HOSTAL;03;3 ESTRELLAS;JUNÍN;120000;2;47;88;38,71;33,65;1,47;1,47;1,25;623;619;4;918;913;5;30
2022;01;03;HOSTAL;03;3 ESTRELLAS;LA LIBERTAD;130000;55;916;1763;40,36;35,4;1,07;1,07;1,04;18016;17934;82;19345;19260;85;171
2022;01;03;HOSTAL;03;3 ESTRELLAS;LAMBAYEQUE;140000;20;284;437;36,54;28,24;1,32;1,32;1,47;2902;2866;36;3826;3773;53;70
2022;01;03;HOSTAL;03;3 ESTRELLAS;LIMA;150000;16;335;658;17,31;14,83;1,1;1,09;1,39;2753;2639;114;3026;2868;158;68
2022;01;03;HOSTAL;03;3 ESTRELLAS;LORETO;160000;8;133;229;30,97;20,02;2,45;2,48;1,52;581;558;23;1421;1386;35;48
2022;01;03;HOSTAL;03;3 ESTRELLAS;MADRE DE DIOS;170000;1;22;29;45,89;34,82;1,86;1,83;4,5;168;166;2;313;304;9;4
2022;01;03;HOSTAL;03;3 ESTRELLAS;MOQUEGUA;180000;3;45;74;0;0;0;0;0;0;0;0;0;0;0;0
2022;01;03;HOSTAL;03;3 ESTRELLAS;PASCO;190000;1;9;18;32,26;32,26;1,08;1,08;0;166;166;0;180;180;0;3
2022;01;03;HOSTAL;03;3 ESTRELLAS;PIURA;200000;2;36;76;44,53;43,38;2,52;2,25;5,4;405;370;35;1022;833;189;30
2022;01;03;HOSTAL;03;3 ESTRELLAS;PUNO;210000;7;152;264;27,7;19,88;1,69;1,69;1,58;962;936;26;1627;1586;41;35
2022;01;03;HOSTAL;03;3 ESTRELLAS;SAN MARTÍN;220000;6;112;245;37,15;39,95;2,01;1,99;2,36;1513;1449;64;3034;2883;151;36
2022;01;03;HOSTAL;03;3 ESTRELLAS;TACNA;230000;6;109;226;7,04;6,65;2,3;2,3;0;203;203;0;466;466;0;19
2022;01;03;HOSTAL;03;3 ESTRELLAS;TUMBES;240000;5;83;174;16,36;18,71;1,77;1,78;1,71;570;460;110;1009;821;188;15
2022;01;03;HOSTAL;03;3 ESTRELLAS;UCAYALI;250000;1;35;52;10,23;11,1;1,75;1,75;0;102;102;0;179;179;0;5
2022;01;03;HOSTAL;TT;TODAS CONSOLIDADAS;AMAZONAS;010000;80;1391;2227;25,37;23,89;1,32;1,31;2,04;12455;12266;189;16492;16107;385;231
2022;01;03;HOSTAL;TT;TODAS CONSOLIDADAS;ÁNCASH;020000;184;2861;4935;30,62;29,22;1,09;1,09;1,55;40934;40619;315;44707;44220;487;503
2022;01;03;HOSTAL;TT;TODAS CONSOLIDADAS;APURÍMAC;030000;7;161;262;21,78;18,11;1,24;1,24;1;1185;1175;10;1471;1461;10;28
2022;01;03;HOSTAL;TT;TODAS CONSOLIDADAS;AYACUCHO;050000;11;191;340;11,08;10,02;1,68;1,68;1,69;628;548;80;1056;921;135;50
2022;01;03;HOSTAL;TT;TODAS CONSOLIDADAS;CAJAMARCA;060000;186;3270;5208;16,79;13,3;1,3;1,3;1,24;16504;16375;129;21474;21314;160;550
2022;01;03;HOSTAL;TT;TODAS CONSOLIDADAS;CALLAO;070000;17;382;748;47,61;46,28;1,04;1,04;1,04;10777;10617;160;11220;11055;165;77
2022;01;03;HOSTAL;TT;TODAS CONSOLIDADAS;CUSCO;080000;94;1623;2915;21,59;19,06;1,59;1,44;2,23;10820;8685;2135;17222;12471;4751;271
2022;01;03;HOSTAL;TT;TODAS CONSOLIDADAS;HUANCAVELICA;090000;3;68;116;20,45;13,93;1,11;1,11;1;451;446;5;501;496;5;9
2022;01;03;HOSTAL;TT;TODAS CONSOLIDADAS;HUÁNUCO;100000;41;571;921;47,25;41,49;1,09;1,09;1;10869;10863;6;11846;11840;6;119
2022;01;03;HOSTAL;TT;TODAS CONSOLIDADAS;ICA;110000;102;1545;2660;30,55;24,93;1,22;1,21;1,38;16909;16308;601;20556;19725;831;279
2022;01;03;HOSTAL;TT;TODAS CONSOLIDADAS;JUNÍN;120000;38;604;1134;24,24;21,76;1,25;1,25;1,45;6112;6074;38;7651;7596;55;135
2022;01;03;HOSTAL;TT;TODAS CONSOLIDADAS;LAMBAYEQUE;140000;191;2799;3958;22,66;17,07;1,12;1,12;1,16;18768;18551;217;20939;20687;252;521
2022;01;03;HOSTAL;TT;TODAS CONSOLIDADAS;LIMA;150000;232;5186;9416;30,28;27,42;1,25;1,2;2,28;80338;76247;4092;100486;91164;9322;1124
2022;01;03;HOSTAL;TT;TODAS CONSOLIDADAS;MADRE DE DIOS;170000;7;187;292;37,19;29,63;1,42;1,43;1,36;1883;1841;42;2682;2625;57;31
2022;01;03;HOSTAL;TT;TODAS CONSOLIDADAS;MOQUEGUA;180000;75;1071;1770;24,04;17,84;1,47;1,47;1,02;6653;6609;44;9787;9742;45;183
2022;01;03;HOSTAL;TT;TODAS CONSOLIDADAS;PASCO;190000;32;556;919;45,19;27,97;1,32;1,32;1,07;6032;6003;29;7968;7937;31;92
2022;01;03;HOSTAL;TT;TODAS CONSOLIDADAS;PIURA;200000;32;624;1032;30,6;29,62;1,86;1,82;2,67;5106;4893;213;9477;8908;569;144
2022;01;03;HOSTAL;TT;TODAS CONSOLIDADAS;PUNO;210000;73;1185;2108;21,36;15,95;1,23;1,24;1,16;8454;8026;428;10426;9931;495;194
2022;01;03;HOSTAL;TT;TODAS CONSOLIDADAS;SAN MARTÍN;220000;25;408;714;29,1;30,29;1,82;1,81;2,36;3683;3591;92;6705;6488;217;106
2022;01;03;HOSTAL;TT;TODAS CONSOLIDADAS;TACNA;230000;38;676;1280;15,13;11,82;1,19;1,19;1,09;3938;3905;33;4692;4656;36;112
2022;01;03;HOSTAL;TT;TODAS CONSOLIDADAS;TUMBES;240000;10;149;305;14,55;16,2;1,76;1,77;1,71;868;758;110;1532;1344;188;37
2022;01;03;HOSTAL;TT;TODAS CONSOLIDADAS;UCAYALI;250000;3;106;188;20,12;14,07;1,61;1,6;2;510;506;4;820;812;8;26
2022;01;05;ALBERGUE;12;ALBERGUE;AMAZONAS;010000;1;6;11;0;0;0;0;0;0;0;0;0;0;0;0
2022;01;05;ALBERGUE;12;ALBERGUE;ÁNCASH;020000;7;76;162;3,23;1,49;1,74;1,74;0;43;43;0;75;75;0;15
2022;01;05;ALBERGUE;12;ALBERGUE;AREQUIPA;040000;5;102;248;21,06;18,87;1,64;1,64;1,64;883;610;273;1451;1003;448;98
2022;01;05;ALBERGUE;12;ALBERGUE;CAJAMARCA;060000;1;11;22;0;0;0;0;0;0;0;0;0;0;0;0
2022;01;05;ALBERGUE;12;ALBERGUE;CUSCO;080000;9;152;559;19,97;16,9;2,12;2,15;2,12;1378;261;1117;2928;560;2368;67
2022;01;05;ALBERGUE;12;ALBERGUE;ICA;110000;2;18;43;20,25;21,16;1,51;1,51;1;187;185;2;282;280;2;5
2022;01;05;ALBERGUE;12;ALBERGUE;JUNÍN;120000;1;32;104;23,89;17,49;1,84;1,83;2,29;307;300;7;564;548;16;16
2022;01;05;ALBERGUE;12;ALBERGUE;LIMA;150000;8;125;342;31,92;21,01;1,8;1,65;1,87;1241;430;811;2228;708;1520;44
2022;01;01;HOTEL;04;4 ESTRELLAS;CALLAO;070000;2;371;599;79,02;70,83;1,43;1,55;1,37;9193;3068;6125;13153;4753;8400;105
2022;01;01;HOTEL;04;4 ESTRELLAS;LIMA;150000;42;4205;7380;33,2;28,33;1,96;1,74;2,6;33124;24704;8420;64813;42948;21865;1527
2022;01;01;HOTEL;TT;TODAS CONSOLIDADAS;LA LIBERTAD;130000;112;3404;6271;31,94;28,96;1,63;1,6;2,16;34566;32551;2015;56301;51952;4349;838
2022;01;03;HOSTAL;TT;TODAS CONSOLIDADAS;LA LIBERTAD;130000;224;3670;6680;31,21;27,7;1,13;1,13;1,09;50716;50205;511;57362;56804;558;653
2022;01;02;APART HOTEL;04;4 ESTRELLAS;LIMA;150000;8;610;1208;56,41;58,17;1,83;1,41;4,58;11888;10311;1577;21782;14561;7221;430
2022;01;03;HOSTAL;02;2 ESTRELLAS;LIMA;150000;134;3165;5740;35,32;32,56;1,36;1,27;2,46;57490;53336;4154;78180;67971;10209;739
2022;01;03;HOSTAL;02;2 ESTRELLAS;JUNÍN;120000;24;387;758;22,81;22,38;1,25;1,25;1,54;4204;4176;28;5259;5216;43;74
2022;01;03;HOSTAL;TT;TODAS CONSOLIDADAS;AREQUIPA;040000;212;3353;5901;29,7;24,46;1,32;1,29;1,9;34001;32417;1584;44752;41737;3015;635
2022;01;03;HOSTAL;TT;TODAS CONSOLIDADAS;LORETO;160000;19;296;475;25,77;19,5;2,03;2,04;1,59;1416;1384;32;2872;2821;51;81
2022;01;05;ALBERGUE;12;ALBERGUE;LORETO;160000;56;728;1579;12,6;12,46;1,97;1,71;2,49;3100;2073;1027;6097;3544;2553;219
2022;01;05;ALBERGUE;12;ALBERGUE;MADRE DE DIOS;170000;8;235;411;8,59;10,77;3,34;3,55;3,3;411;67;344;1372;238;1134;211
2022;01;05;ALBERGUE;12;ALBERGUE;PASCO;190000;11;188;558;10,91;9,15;1,39;1,39;1,72;1136;1118;18;1582;1551;31;35
2022;01;05;ALBERGUE;12;ALBERGUE;PUNO;210000;1;13;35;0;0;0;0;0;0;0;0;0;0;0;0
2022;01;05;ALBERGUE;12;ALBERGUE;UCAYALI;250000;4;47;122;9,81;11,08;1,85;1,68;3,16;227;202;25;419;340;79;21
2022;01;05;ALBERGUE;TT;TODAS CONSOLIDADAS;AMAZONAS;010000;1;6;11;0;0;0;0;0;0;0;0;0;0;0;0
2022;01;05;ALBERGUE;TT;TODAS CONSOLIDADAS;ÁNCASH;020000;7;76;162;3,23;1,49;1,74;1,74;0;43;43;0;75;75;0;15
2022;01;05;ALBERGUE;TT;TODAS CONSOLIDADAS;AREQUIPA;040000;5;102;248;21,06;18,87;1,64;1,64;1,64;883;610;273;1451;1003;448;98
2022;01;05;ALBERGUE;TT;TODAS CONSOLIDADAS;CAJAMARCA;060000;1;11;22;0;0;0;0;0;0;0;0;0;0;0;0
2022;01;05;ALBERGUE;TT;TODAS CONSOLIDADAS;CUSCO;080000;9;152;559;19,97;16,9;2,12;2,15;2,12;1378;261;1117;2928;560;2368;67
2022;01;05;ALBERGUE;TT;TODAS CONSOLIDADAS;ICA;110000;2;18;43;20,25;21,16;1,51;1,51;1;187;185;2;282;280;2;5
2022;01;05;ALBERGUE;TT;TODAS CONSOLIDADAS;JUNÍN;120000;1;32;104;23,89;17,49;1,84;1,83;2,29;307;300;7;564;548;16;16
2022;01;05;ALBERGUE;TT;TODAS CONSOLIDADAS;LIMA;150000;8;125;342;31,92;21,01;1,8;1,65;1,87;1241;430;811;2228;708;1520;44
2022;01;05;ALBERGUE;TT;TODAS CONSOLIDADAS;LORETO;160000;56;728;1579;12,6;12,46;1,97;1,71;2,49;3100;2073;1027;6097;3544;2553;219
2022;01;05;ALBERGUE;TT;TODAS CONSOLIDADAS;MADRE DE DIOS;170000;8;235;411;8,59;10,77;3,34;3,55;3,3;411;67;344;1372;238;1134;211
2022;01;05;ALBERGUE;TT;TODAS CONSOLIDADAS;PASCO;190000;11;188;558;10,91;9,15;1,39;1,39;1,72;1136;1118;18;1582;1551;31;35
2022;01;05;ALBERGUE;TT;TODAS CONSOLIDADAS;PUNO;210000;1;13;35;0;0;0;0;0;0;0;0;0;0;0;0
2022;01;05;ALBERGUE;TT;TODAS CONSOLIDADAS;SAN MARTÍN;220000;9;177;408;21,25;21,88;2,35;2,36;2,26;1178;1084;94;2767;2555;212;59
2022;01;05;ALBERGUE;TT;TODAS CONSOLIDADAS;UCAYALI;250000;4;47;122;9,81;11,08;1,85;1,68;3,16;227;202;25;419;340;79;21
2022;01;14;RESORT;03;3 ESTRELLAS;ICA;110000;1;51;86;0;0;0;0;0;0;0;0;0;0;0;0
2022;01;14;RESORT;04;4 ESTRELLAS;TUMBES;240000;1;402;1101;78,54;71,76;2,48;2,45;3,77;9873;9646;227;24493;23638;855;506
2022;01;14;RESORT;05;5 ESTRELLAS;ICA;110000;1;115;250;66,93;83,94;1,94;1,97;1,63;3350;3064;286;6505;6039;466;90
2022;01;14;RESORT;TT;TODAS CONSOLIDADAS;ICA;110000;2;166;336;46,37;62,45;1,94;1,97;1,63;3350;3064;286;6505;6039;466;90
2022;01;14;RESORT;TT;TODAS CONSOLIDADAS;TUMBES;240000;1;402;1101;78,54;71,76;2,48;2,45;3,77;9873;9646;227;24493;23638;855;506
2022;01;16;ECOLODGE;13;ECOLODGE;AREQUIPA;040000;1;23;51;8,84;11,01;1,38;1,31;1,54;126;89;37;174;117;57;8
2022;01;16;ECOLODGE;13;ECOLODGE;SAN MARTÍN;220000;1;12;24;0;0;0;0;0;0;0;0;0;0;0;0
2022;01;16;ECOLODGE;TT;TODAS CONSOLIDADAS;AREQUIPA;040000;1;23;51;8,84;11,01;1,38;1,31;1,54;126;89;37;174;117;57;8
2022;01;16;ECOLODGE;TT;TODAS CONSOLIDADAS;SAN MARTÍN;220000;1;12;24;0;0;0;0;0;0;0;0;0;0;0;0
2022;01;TT;TODAS CONSOLIDADAS;00;NO CATEGORIZADO;AMAZONAS;010000;264;2442;3962;17,98;13,89;1,12;1,12;1,21;15236;15012;224;17063;16793;270;460
2022;01;TT;TODAS CONSOLIDADAS;00;NO CATEGORIZADO;ÁNCASH;020000;602;5684;9832;15,88;16,36;1,12;1,12;1,13;44669;43098;1571;49874;48104;1770;998
2022;01;TT;TODAS CONSOLIDADAS;00;NO CATEGORIZADO;APURÍMAC;030000;485;4399;6762;15,47;12,06;1,14;1,14;1,19;22166;22035;131;25282;25126;156;458
2022;01;TT;TODAS CONSOLIDADAS;00;NO CATEGORIZADO;AREQUIPA;040000;1135;10106;17067;24,95;21,66;1,47;1,43;1,96;77745;71477;6268;114597;102286;12311;1928
2022;01;TT;TODAS CONSOLIDADAS;00;NO CATEGORIZADO;AYACUCHO;050000;537;5189;8232;13,5;10,54;1,22;1,22;1,11;22053;21933;120;26888;26755;133;573
2022;01;TT;TODAS CONSOLIDADAS;00;NO CATEGORIZADO;CAJAMARCA;060000;625;6086;9449;14,69;12,66;1,15;1,15;1;32306;32060;246;37076;36829;247;1080
2022;01;TT;TODAS CONSOLIDADAS;00;NO CATEGORIZADO;CALLAO;070000;255;3604;6672;31,51;28,92;1,01;1,01;1,09;106329;105309;1020;107330;106214;1116;956
2022;01;TT;TODAS CONSOLIDADAS;00;NO CATEGORIZADO;CUSCO;080000;1823;17659;31699;17,85;14,35;1,56;1,42;1,92;90352;64826;25526;140997;91919;49078;3357
2022;01;TT;TODAS CONSOLIDADAS;00;NO CATEGORIZADO;HUANCAVELICA;090000;190;2229;3441;15,5;12,69;1,08;1,08;0;12516;12516;0;13536;13536;0;270
2022;01;TT;TODAS CONSOLIDADAS;00;NO CATEGORIZADO;HUÁNUCO;100000;475;5275;7814;19,54;16,85;1,14;1,14;1,04;35780;35616;164;40818;40647;171;683
2022;01;TT;TODAS CONSOLIDADAS;00;NO CATEGORIZADO;JUNÍN;120000;1296;13892;22380;17,32;13,82;1,16;1,16;1,74;82825;82507;318;95882;95330;552;2401
2022;01;TT;TODAS CONSOLIDADAS;00;NO CATEGORIZADO;LA LIBERTAD;130000;848;6854;11497;19,82;17,89;1,17;1,17;1,5;54358;53639;719;63764;62686;1078;764
2022;01;TT;TODAS CONSOLIDADAS;00;NO CATEGORIZADO;LAMBAYEQUE;140000;384;3963;5709;31,43;23,51;1,03;1,03;1,09;40373;38071;2302;41606;39101;2505;696
2022;01;TT;TODAS CONSOLIDADAS;00;NO CATEGORIZADO;LIMA;150000;6207;52740;91607;23,1;20,85;1,18;1,17;1,31;2271322;2165705;105617;2675852;2537930;137922;37486
2022;01;TT;TODAS CONSOLIDADAS;00;NO CATEGORIZADO;LORETO;160000;724;6583;10319;18,04;15,23;1,65;1,55;1,93;29584;22330;7254;48722;34687;14035;728
2022;01;TT;TODAS CONSOLIDADAS;00;NO CATEGORIZADO;MADRE DE DIOS;170000;307;4153;6858;20,94;16,43;1,18;1,17;1,39;29701;28599;1102;34924;33396;1528;691
2022;01;TT;TODAS CONSOLIDADAS;00;NO CATEGORIZADO;MOQUEGUA;180000;190;1763;3002;18,68;14,67;1,81;1,81;1,35;7559;7522;37;13655;13605;50;219
2022;01;TT;TODAS CONSOLIDADAS;00;NO CATEGORIZADO;PASCO;190000;307;3334;5183;18,52;14,77;1,11;1,11;1,06;21441;21379;62;23730;23664;66;589
2022;01;TT;TODAS CONSOLIDADAS;00;NO CATEGORIZADO;PIURA;200000;1016;10422;18998;46,89;39,71;1,85;1,85;2,02;126084;121129;4955;233839;223840;9999;2057
2022;01;TT;TODAS CONSOLIDADAS;00;NO CATEGORIZADO;SAN MARTÍN;220000;765;8583;13326;29,08;23,86;1,27;1,27;1,59;77422;75982;1440;98577;96285;2292;1132
2022;01;TT;TODAS CONSOLIDADAS;00;NO CATEGORIZADO;TACNA;230000;414;3935;7096;9,32;7,52;1,14;1,14;1,25;14456;13608;848;16541;15484;1057;482
2022;01;TT;TODAS CONSOLIDADAS;00;NO CATEGORIZADO;TUMBES;240000;216;2237;4377;20,14;15,58;1,86;1,86;2,13;11354;11199;155;21135;20805;330;382
2022;01;TT;TODAS CONSOLIDADAS;00;NO CATEGORIZADO;UCAYALI;250000;477;5042;7789;21,68;18,63;1,61;1,61;2;27898;27559;339;44994;44315;679;912
2022;01;TT;TODAS CONSOLIDADAS;01;1 ESTRELLA;AMAZONAS;010000;19;288;452;39,25;39,87;1,41;1,41;1,4;3974;3969;5;5587;5580;7;48
2022;01;TT;TODAS CONSOLIDADAS;01;1 ESTRELLA;APURÍMAC;030000;3;90;135;18,96;13,98;1,07;1,07;0;546;546;0;585;585;0;10
2022;01;TT;TODAS CONSOLIDADAS;01;1 ESTRELLA;AREQUIPA;040000;58;982;1567;33,11;23,27;1,22;1,19;3,75;9241;9135;106;11304;10907;397;158
2022;01;TT;TODAS CONSOLIDADAS;01;1 ESTRELLA;AYACUCHO;050000;11;269;470;12,64;11,89;1,94;1,95;1,7;891;881;10;1732;1715;17;44
2022;01;TT;TODAS CONSOLIDADAS;01;1 ESTRELLA;CAJAMARCA;060000;29;563;882;8,8;6,84;1,07;1,07;1;1748;1746;2;1869;1867;2;96
2022;01;TT;TODAS CONSOLIDADAS;01;1 ESTRELLA;CALLAO;070000;12;238;474;39,98;37,44;1,08;1,08;1,06;5362;5214;148;5794;5638;156;47
2022;01;TT;TODAS CONSOLIDADAS;01;1 ESTRELLA;HUANCAVELICA;090000;2;29;45;32,48;23,01;1;1;1;321;320;1;321;320;1;5
2022;01;TT;TODAS CONSOLIDADAS;01;1 ESTRELLA;HUÁNUCO;100000;25;512;765;51,63;49,01;1,13;1,13;1;10298;10293;5;11622;11617;5;96
2022;01;TT;TODAS CONSOLIDADAS;01;1 ESTRELLA;ICA;110000;15;233;326;28,22;27;1;1;1;2729;2723;6;2729;2723;6;26
2022;01;TT;TODAS CONSOLIDADAS;01;1 ESTRELLA;JUNÍN;120000;18;416;799;17,72;12,08;1,28;1,28;1,17;2343;2337;6;2991;2984;7;59
2022;01;TT;TODAS CONSOLIDADAS;01;1 ESTRELLA;LA LIBERTAD;130000;38;581;1023;44,57;27,3;1,5;1,5;0;5789;5789;0;8657;8657;0;100
2022;01;TT;TODAS CONSOLIDADAS;01;1 ESTRELLA;LAMBAYEQUE;140000;19;273;347;19,07;16,77;1,15;1,15;1,38;1570;1557;13;1804;1786;18;49
2022;01;TT;TODAS CONSOLIDADAS;01;1 ESTRELLA;LIMA;150000;92;2061;3659;31,04;27,85;1,08;1,08;1,18;35546;35171;375;38453;38010;443;399
2022;01;TT;TODAS CONSOLIDADAS;01;1 ESTRELLA;LORETO;160000;6;91;134;16,59;11,17;1,54;1,53;1,78;301;292;9;464;448;16;19
2022;01;TT;TODAS CONSOLIDADAS;01;1 ESTRELLA;MADRE DE DIOS;170000;6;172;300;30,21;23,35;1,16;1,16;1,02;1875;1820;55;2172;2116;56;30
2022;01;TT;TODAS CONSOLIDADAS;01;1 ESTRELLA;MOQUEGUA;180000;15;222;407;16,78;11,79;1,21;1,21;1,07;1230;1215;15;1488;1472;16;37
2022;01;TT;TODAS CONSOLIDADAS;01;1 ESTRELLA;PASCO;190000;24;481;727;44,81;28,54;1,27;1,27;1;5056;5029;27;6433;6406;27;82
2022;01;TT;TODAS CONSOLIDADAS;01;1 ESTRELLA;PIURA;200000;4;76;128;19,44;19,46;1,61;1,59;2,33;480;471;9;772;751;21;14
2022;01;TT;TODAS CONSOLIDADAS;01;1 ESTRELLA;PUNO;210000;31;540;906;20,45;15,67;1,06;1,06;1,03;4170;3887;283;4402;4110;292;75
2022;01;TT;TODAS CONSOLIDADAS;01;1 ESTRELLA;TACNA;230000;11;227;413;11,45;9,9;1,15;1,15;0;1105;1105;0;1267;1267;0;29
2022;01;TT;TODAS CONSOLIDADAS;02;2 ESTRELLAS;AMAZONAS;010000;82;1763;2764;21,93;20,04;1,29;1,29;1,98;13262;13086;176;17170;16821;349;284
2022;01;TT;TODAS CONSOLIDADAS;02;2 ESTRELLAS;ÁNCASH;020000;172;3269;5727;28,38;25,39;1,12;1,12;1,16;40313;40135;178;45068;44862;206;547
2022;01;TT;TODAS CONSOLIDADAS;02;2 ESTRELLAS;APURÍMAC;030000;9;307;506;16;13,3;1,22;1,22;1;1711;1698;13;2087;2074;13;35
2022;01;TT;TODAS CONSOLIDADAS;02;2 ESTRELLAS;AREQUIPA;040000;162;3052;5465;24,87;21,99;1,29;1,27;1,65;28982;27902;1080;37249;35463;1786;510
2022;01;TT;TODAS CONSOLIDADAS;02;2 ESTRELLAS;AYACUCHO;050000;13;316;559;16,27;14,87;1,33;1,32;1,52;1934;1865;69;2576;2471;105;55
2022;01;TT;TODAS CONSOLIDADAS;02;2 ESTRELLAS;CAJAMARCA;060000;150;3124;4878;16,78;13,85;1,24;1,24;1,1;16881;16776;105;20939;20823;116;486
2022;01;TT;TODAS CONSOLIDADAS;02;2 ESTRELLAS;CALLAO;070000;8;238;449;47,89;46,93;1,01;1,01;1,05;6486;6425;61;6532;6468;64;39
2022;01;TT;TODAS CONSOLIDADAS;02;2 ESTRELLAS;CUSCO;080000;101;2161;3998;16,49;14,6;1,69;1,54;2,08;10695;7698;2997;18098;11876;6222;460
2022;01;TT;TODAS CONSOLIDADAS;02;2 ESTRELLAS;HUANCAVELICA;090000;3;85;156;20,49;15,86;1,07;1,07;1;717;713;4;767;763;4;13
2022;01;TT;TODAS CONSOLIDADAS;02;2 ESTRELLAS;HUÁNUCO;100000;64;1543;2459;32,26;28,55;1,11;1,11;1,56;19559;19478;81;21761;21635;126;266
2022;01;TT;TODAS CONSOLIDADAS;02;2 ESTRELLAS;ICA;110000;110;2215;3781;21,47;19,54;1,34;1,34;1,07;17079;16966;113;22907;22786;121;371
2022;01;TT;TODAS CONSOLIDADAS;02;2 ESTRELLAS;JUNÍN;120000;50;1176;2145;23,18;19,25;1,33;1,33;1,64;9601;9504;97;12801;12642;159;196
2022;01;TT;TODAS CONSOLIDADAS;02;2 ESTRELLAS;LAMBAYEQUE;140000;224;4270;6212;20,68;15,58;1,12;1,12;1,31;26743;26463;280;30007;29641;366;711
2022;01;TT;TODAS CONSOLIDADAS;02;2 ESTRELLAS;LIMA;150000;255;8272;14782;38,08;33,91;1,3;1,27;2,03;152075;145423;6652;198295;184788;13507;1662
2022;01;TT;TODAS CONSOLIDADAS;02;2 ESTRELLAS;LORETO;160000;19;412;662;20,42;16,6;1,76;1,77;1,72;1937;1671;266;3407;2950;457;74
2022;01;TT;TODAS CONSOLIDADAS;02;2 ESTRELLAS;MADRE DE DIOS;170000;12;357;577;32,9;26,04;1,33;1,31;2,4;3508;3453;55;4657;4525;132;55
2022;01;TT;TODAS CONSOLIDADAS;02;2 ESTRELLAS;MOQUEGUA;180000;74;1229;2015;33,3;24,24;2,09;2,09;2,06;7240;7204;36;15144;15070;74;224
2022;01;TT;TODAS CONSOLIDADAS;02;2 ESTRELLAS;PIURA;200000;48;1031;1695;27,97;26,87;1,77;1,76;1,99;7995;7782;213;14119;13695;424;201
2022;01;TT;TODAS CONSOLIDADAS;02;2 ESTRELLAS;PUNO;210000;60;1107;2030;16,69;12,59;1,31;1,31;1,29;6071;5870;201;7923;7664;259;168
2022;01;TT;TODAS CONSOLIDADAS;02;2 ESTRELLAS;SAN MARTÍN;220000;48;1125;1894;39,17;36,23;2,21;2,21;2,04;9635;9511;124;21271;21018;253;242
2022;01;TT;TODAS CONSOLIDADAS;02;2 ESTRELLAS;TACNA;230000;56;1322;2638;16,89;12,73;1,52;1,52;1,55;6846;6762;84;10411;10281;130;239
2022;01;TT;TODAS CONSOLIDADAS;02;2 ESTRELLAS;TUMBES;240000;13;324;680;55,57;28,2;10,56;10,56;0;563;563;0;5945;5945;0;71
2022;01;05;ALBERGUE;12;ALBERGUE;SAN MARTÍN;220000;9;177;408;21,25;21,88;2,35;2,36;2,26;1178;1084;94;2767;2555;212;59
2022;01;TT;TODAS CONSOLIDADAS;01;1 ESTRELLA;SAN MARTÍN;220000;7;146;225;41,56;42,15;1,26;1,26;1,66;2328;2290;38;2940;2877;63;32
2022;01;TT;TODAS CONSOLIDADAS;00;NO CATEGORIZADO;ICA;110000;751;8226;14069;20,32;16,98;1,25;1,25;1,22;59331;52880;6451;74078;66176;7902;1467
2022;01;TT;TODAS CONSOLIDADAS;00;NO CATEGORIZADO;PUNO;210000;699;6619;11236;22,07;18,8;1,15;1,15;1,14;56775;53071;3704;65491;61262;4229;1199
2022;01;TT;TODAS CONSOLIDADAS;01;1 ESTRELLA;ÁNCASH;020000;50;877;1405;22,96;23,26;1,11;1,11;1;9137;9101;36;10132;10096;36;133
2022;01;TT;TODAS CONSOLIDADAS;01;1 ESTRELLA;CUSCO;080000;27;508;839;19,02;16,43;1,08;1,07;1,33;3971;3944;27;4272;4236;36;68
2022;01;TT;TODAS CONSOLIDADAS;02;2 ESTRELLAS;LA LIBERTAD;130000;156;2761;4958;23,72;24,21;1,12;1,12;1,19;33186;32687;499;37207;36615;592;498
2022;01;TT;TODAS CONSOLIDADAS;02;2 ESTRELLAS;PASCO;190000;18;380;696;35,79;26;1,78;1,78;2;3147;3145;2;5609;5605;4;66
2022;01;TT;TODAS CONSOLIDADAS;02;2 ESTRELLAS;UCAYALI;250000;4;129;229;14,9;10,09;1,67;1,67;2;429;425;4;716;708;8;32
2022;01;TT;TODAS CONSOLIDADAS;03;3 ESTRELLAS;ÁNCASH;020000;60;1542;2831;26,1;19,66;1,37;1,38;1,28;12581;11214;1367;17258;15515;1743;340
2022;01;TT;TODAS CONSOLIDADAS;03;3 ESTRELLAS;AREQUIPA;040000;99;2374;4369;31,35;24,02;2,35;2,34;2,43;13866;12419;1447;32539;29019;3520;625
2022;01;TT;TODAS CONSOLIDADAS;03;3 ESTRELLAS;AYACUCHO;050000;11;340;652;14,79;14,46;2,14;2,15;2,03;1368;1245;123;2922;2672;250;110
2022;01;TT;TODAS CONSOLIDADAS;03;3 ESTRELLAS;CAJAMARCA;060000;117;2834;4665;18,63;14,23;1,44;1,43;1,52;14340;14140;200;20584;20280;304;594
2022;01;TT;TODAS CONSOLIDADAS;03;3 ESTRELLAS;CALLAO;070000;4;233;392;32,96;31,38;1,65;1,61;1,81;2314;1860;454;3813;2990;823;48
2022;01;TT;TODAS CONSOLIDADAS;03;3 ESTRELLAS;CUSCO;080000;92;3103;6103;16,49;13,43;2,12;2,3;1,95;11989;5887;6102;25414;13522;11892;816
2022;01;TT;TODAS CONSOLIDADAS;03;3 ESTRELLAS;HUANCAVELICA;090000;2;65;108;7,74;5,47;1,43;1,43;1;128;127;1;183;182;1;14
2022;01;TT;TODAS CONSOLIDADAS;03;3 ESTRELLAS;HUÁNUCO;100000;15;517;942;21,64;18,89;1,49;1,5;1,43;3691;3615;76;5517;5408;109;125
2022;01;TT;TODAS CONSOLIDADAS;03;3 ESTRELLAS;ICA;110000;82;2436;4817;36,97;32,21;1,52;1,52;1,52;31696;28271;3425;48097;42876;5221;568
2022;01;TT;TODAS CONSOLIDADAS;03;3 ESTRELLAS;JUNÍN;120000;22;812;1501;20,8;14,99;1,54;1,54;1,55;4529;4391;138;6977;6763;214;210
2022;01;TT;TODAS CONSOLIDADAS;03;3 ESTRELLAS;LA LIBERTAD;130000;139;3417;6428;33,15;28,46;1,37;1,35;1,98;41380;40058;1322;56715;54101;2614;748
2022;01;TT;TODAS CONSOLIDADAS;03;3 ESTRELLAS;LAMBAYEQUE;140000;58;1574;2621;24,73;20,47;1,4;1,39;1,55;11919;11661;258;16636;16235;401;315
2022;01;TT;TODAS CONSOLIDADAS;03;3 ESTRELLAS;LIMA;150000;181;8390;16097;34,27;27,72;1,74;1,54;2,54;79679;64269;15410;138307;99196;39111;1845
2022;01;TT;TODAS CONSOLIDADAS;03;3 ESTRELLAS;LORETO;160000;30;819;1424;28,24;22,43;2,47;2,49;2,27;4014;3542;472;9903;8833;1070;229
2022;01;TT;TODAS CONSOLIDADAS;03;3 ESTRELLAS;MADRE DE DIOS;170000;6;213;377;34,59;27,53;1,9;1,93;1,51;1691;1582;109;3218;3053;165;74
2022;01;TT;TODAS CONSOLIDADAS;03;3 ESTRELLAS;MOQUEGUA;180000;11;315;574;39,05;34,47;2,43;2,44;1,97;2527;2468;59;6133;6017;116;66
2022;01;TT;TODAS CONSOLIDADAS;03;3 ESTRELLAS;PASCO;190000;6;133;250;35,22;36,65;1,54;1,52;1,93;1850;1780;70;2840;2705;135;24
2022;01;TT;TODAS CONSOLIDADAS;03;3 ESTRELLAS;PIURA;200000;17;618;1046;29,62;26,96;1,87;1,77;2,73;4686;4224;462;8741;7480;1261;213
2022;01;TT;TODAS CONSOLIDADAS;03;3 ESTRELLAS;PUNO;210000;32;1000;1919;19,57;15,4;1,88;1,98;1,56;4883;3635;1248;9161;7210;1951;195
2022;01;TT;TODAS CONSOLIDADAS;03;3 ESTRELLAS;SAN MARTÍN;220000;28;864;1574;29,34;27,48;1,68;1,67;1,97;7986;7819;167;13409;13080;329;244
2022;01;TT;TODAS CONSOLIDADAS;03;3 ESTRELLAS;TUMBES;240000;17;413;896;34,19;36,45;2,48;2,42;3;4090;3706;384;10124;8971;1153;179
2022;01;TT;TODAS CONSOLIDADAS;03;3 ESTRELLAS;UCAYALI;250000;16;572;939;31,46;24,66;2;2,02;1,72;3585;3329;256;7178;6738;440;133
2022;01;TT;TODAS CONSOLIDADAS;04;4 ESTRELLAS;AREQUIPA;040000;11;473;942;33,14;26,47;2,16;2,3;1,82;3579;2520;1059;7731;5800;1931;163
2022;01;TT;TODAS CONSOLIDADAS;04;4 ESTRELLAS;CAJAMARCA;060000;3;142;228;49,66;55,32;2,13;2,11;2,35;1833;1684;149;3910;3560;350;72
2022;01;TT;TODAS CONSOLIDADAS;04;4 ESTRELLAS;CALLAO;070000;2;371;599;79,02;70,83;1,43;1,55;1,37;9193;3068;6125;13153;4753;8400;105
2022;01;TT;TODAS CONSOLIDADAS;04;4 ESTRELLAS;CUSCO;080000;11;881;1687;39,17;36,49;2,39;2,26;2,49;7973;3420;4553;19085;7743;11342;360
2022;01;TT;TODAS CONSOLIDADAS;04;4 ESTRELLAS;HUÁNUCO;100000;1;61;104;27,39;23,6;1,88;1,88;2;404;387;17;761;727;34;23
2022;01;TT;TODAS CONSOLIDADAS;04;4 ESTRELLAS;ICA;110000;6;588;1296;37,23;42,14;2,01;2,02;1,93;8417;7598;819;16930;15353;1577;340
2022;01;TT;TODAS CONSOLIDADAS;04;4 ESTRELLAS;JUNÍN;120000;1;40;66;25,56;26,54;1,49;1,49;0;365;365;0;543;543;0;21
2022;01;TT;TODAS CONSOLIDADAS;04;4 ESTRELLAS;LA LIBERTAD;130000;3;206;326;53,01;66,35;2,36;2,39;2,18;2840;2427;413;6705;5804;901;78
2022;01;TT;TODAS CONSOLIDADAS;04;4 ESTRELLAS;LIMA;150000;50;4815;8588;36,14;32,53;1,92;1,64;2,91;45012;35015;9997;86595;57509;29086;1957
2022;01;TT;TODAS CONSOLIDADAS;04;4 ESTRELLAS;LORETO;160000;3;103;173;26,21;19,15;1,77;1,82;1,59;581;445;136;1027;811;216;33
2022;01;TT;TODAS CONSOLIDADAS;04;4 ESTRELLAS;PUNO;210000;7;447;843;31,33;21,59;2,46;3,05;1,6;2297;1353;944;5642;4129;1513;108
2022;01;TT;TODAS CONSOLIDADAS;04;4 ESTRELLAS;SAN MARTÍN;220000;1;24;49;47,72;47,27;2,1;2,13;1,61;342;319;23;718;681;37;17
2022;01;TT;TODAS CONSOLIDADAS;04;4 ESTRELLAS;TACNA;230000;1;150;300;14,17;12,01;2,09;2,12;1,54;535;507;28;1117;1074;43;32
2022;01;TT;TODAS CONSOLIDADAS;04;4 ESTRELLAS;TUMBES;240000;6;667;1623;67,71;66,75;2,41;2,38;3,09;13952;13420;532;33582;31940;1642;626
2022;01;TT;TODAS CONSOLIDADAS;05;5 ESTRELLAS;AREQUIPA;040000;3;241;352;62;63,4;2,68;2,72;2,54;2586;1981;605;6918;5381;1537;120
2022;01;TT;TODAS CONSOLIDADAS;05;5 ESTRELLAS;CUSCO;080000;14;1246;2441;20,8;20,87;1,91;2,43;1,73;8270;2151;6119;15789;5225;10564;796
2022;01;TT;TODAS CONSOLIDADAS;05;5 ESTRELLAS;ICA;110000;4;460;1046;74,3;68,23;2,12;2,09;2,26;10446;8703;1743;22123;18181;3942;402
2022;01;TT;TODAS CONSOLIDADAS;05;5 ESTRELLAS;LA LIBERTAD;130000;1;120;240;64,17;58,86;2,1;1,99;2,74;2087;1795;292;4379;3579;800;67
2022;01;TT;TODAS CONSOLIDADAS;05;5 ESTRELLAS;LIMA;150000;28;4382;8692;41,88;26,83;2,11;1,79;2,69;34225;21880;12345;72290;39135;33155;2499
2022;01;TT;TODAS CONSOLIDADAS;05;5 ESTRELLAS;LORETO;160000;1;60;91;86,34;89,68;2,52;2,76;2;1004;685;319;2530;1891;639;49
2022;01;TT;TODAS CONSOLIDADAS;05;5 ESTRELLAS;PIURA;200000;1;83;168;71,9;63,36;2,13;1,9;3,41;1546;1306;240;3300;2481;819;60
2022;01;TT;TODAS CONSOLIDADAS;05;5 ESTRELLAS;PUNO;210000;1;123;231;95,57;78,03;1,74;1,69;2;3220;2773;447;5588;4694;894;45
2022;01;TT;TODAS CONSOLIDADAS;05;5 ESTRELLAS;SAN MARTÍN;220000;1;50;108;44,84;57,65;1,69;1,69;1,57;1145;1077;68;1930;1823;107;61
2022;01;TT;TODAS CONSOLIDADAS;05;5 ESTRELLAS;UCAYALI;250000;2;162;300;24,21;23,12;2,74;2,75;2,71;784;705;79;2150;1936;214;57
2022;01;TT;TODAS CONSOLIDADAS;12;ALBERGUE;AMAZONAS;010000;1;6;11;0;0;0;0;0;0;0;0;0;0;0;0
2022;01;TT;TODAS CONSOLIDADAS;12;ALBERGUE;ÁNCASH;020000;7;76;162;3,23;1,49;1,74;1,74;0;43;43;0;75;75;0;15
2022;01;TT;TODAS CONSOLIDADAS;12;ALBERGUE;AREQUIPA;040000;5;102;248;21,06;18,87;1,64;1,64;1,64;883;610;273;1451;1003;448;98
2022;01;TT;TODAS CONSOLIDADAS;12;ALBERGUE;CAJAMARCA;060000;1;11;22;0;0;0;0;0;0;0;0;0;0;0;0
2022;01;TT;TODAS CONSOLIDADAS;12;ALBERGUE;CUSCO;080000;9;152;559;19,97;16,9;2,12;2,15;2,12;1378;261;1117;2928;560;2368;67
2022;01;TT;TODAS CONSOLIDADAS;12;ALBERGUE;ICA;110000;2;18;43;20,25;21,16;1,51;1,51;1;187;185;2;282;280;2;5
2022;01;TT;TODAS CONSOLIDADAS;12;ALBERGUE;JUNÍN;120000;1;32;104;23,89;17,49;1,84;1,83;2,29;307;300;7;564;548;16;16
2022;01;TT;TODAS CONSOLIDADAS;12;ALBERGUE;LIMA;150000;8;125;342;31,92;21,01;1,8;1,65;1,87;1241;430;811;2228;708;1520;44
2022;01;TT;TODAS CONSOLIDADAS;12;ALBERGUE;LORETO;160000;56;728;1579;12,6;12,46;1,97;1,71;2,49;3100;2073;1027;6097;3544;2553;219
2022;01;TT;TODAS CONSOLIDADAS;12;ALBERGUE;MADRE DE DIOS;170000;8;235;411;8,59;10,77;3,34;3,55;3,3;411;67;344;1372;238;1134;211
2022;01;TT;TODAS CONSOLIDADAS;12;ALBERGUE;PASCO;190000;11;188;558;10,91;9,15;1,39;1,39;1,72;1136;1118;18;1582;1551;31;35
2022;01;TT;TODAS CONSOLIDADAS;12;ALBERGUE;PUNO;210000;1;13;35;0;0;0;0;0;0;0;0;0;0;0;0
2022;01;TT;TODAS CONSOLIDADAS;12;ALBERGUE;SAN MARTÍN;220000;9;177;408;21,25;21,88;2,35;2,36;2,26;1178;1084;94;2767;2555;212;59
2022;01;TT;TODAS CONSOLIDADAS;12;ALBERGUE;UCAYALI;250000;4;47;122;9,81;11,08;1,85;1,68;3,16;227;202;25;419;340;79;21
2022;01;TT;TODAS CONSOLIDADAS;13;ECOLODGE;AREQUIPA;040000;1;23;51;8,84;11,01;1,38;1,31;1,54;126;89;37;174;117;57;8
2022;01;TT;TODAS CONSOLIDADAS;13;ECOLODGE;SAN MARTÍN;220000;1;12;24;0;0;0;0;0;0;0;0;0;0;0;0
2022;01;TT;TODAS CONSOLIDADAS;TT;TODAS CONSOLIDADAS;AMAZONAS;010000;394;5072;8231;19,9;16,59;1,19;1,19;1,38;36145;35128;1017;45213;43783;1430;936
2022;01;TT;TODAS CONSOLIDADAS;TT;TODAS CONSOLIDADAS;ÁNCASH;020000;891;11448;19957;19,28;18,6;1,14;1,14;1,13;106743;103591;3152;122407;118652;3755;2033
2022;01;TT;TODAS CONSOLIDADAS;TT;TODAS CONSOLIDADAS;APURÍMAC;030000;502;4939;7648;15,76;12,26;1,14;1,14;1,18;26010;25794;216;30151;29881;270;537
2022;01;TT;TODAS CONSOLIDADAS;TT;TODAS CONSOLIDADAS;AREQUIPA;040000;1474;17353;30061;25,8;22,02;1,51;1,47;2,03;137008;126133;10875;211963;189976;21987;3610
2022;01;TT;TODAS CONSOLIDADAS;TT;TODAS CONSOLIDADAS;AYACUCHO;050000;572;6114;9913;13,57;10,74;1,25;1,25;1,15;26246;25924;322;34118;33613;505;782
2022;01;TT;TODAS CONSOLIDADAS;TT;TODAS CONSOLIDADAS;CAJAMARCA;060000;925;12760;20124;15,44;12,99;1,2;1,2;1,09;67108;66406;702;84378;83359;1019;2328
2022;01;TT;TODAS CONSOLIDADAS;TT;TODAS CONSOLIDADAS;CALLAO;070000;281;4684;8586;32,7;30,13;1,02;1,02;1,1;129683;121876;7808;136621;126062;10559;1195
2022;01;TT;TODAS CONSOLIDADAS;TT;TODAS CONSOLIDADAS;CUSCO;080000;2077;25710;47326;17,88;14,52;1,59;1,47;1,93;134628;88187;46441;226583;135081;91502;5924
2022;01;TT;TODAS CONSOLIDADAS;TT;TODAS CONSOLIDADAS;HUANCAVELICA;090000;197;2408;3750;15,67;12,77;1,08;1,08;,04;13682;13676;6;14807;14801;6;302
2022;01;TT;TODAS CONSOLIDADAS;TT;TODAS CONSOLIDADAS;HUÁNUCO;100000;580;7908;12084;22,4;19,59;1,15;1,15;1,11;69732;69389;343;80479;80034;445;1193
2022;01;TT;TODAS CONSOLIDADAS;TT;TODAS CONSOLIDADAS;ICA;110000;970;14176;25378;22,31;19,09;1,29;1,29;1,24;129885;117326;12559;187146;168375;18771;3179
2022;01;TT;TODAS CONSOLIDADAS;TT;TODAS CONSOLIDADAS;LA LIBERTAD;130000;1185;13939;24472;22,81;20,42;1,2;1,2;1,47;139640;136395;3245;177427;171442;5985;2255
2022;01;TT;TODAS CONSOLIDADAS;TT;TODAS CONSOLIDADAS;LAMBAYEQUE;140000;690;10432;15466;27,19;20,75;1,1;1,1;1,21;86952;83533;3419;100660;96200;4460;2010
2022;01;TT;TODAS CONSOLIDADAS;TT;TODAS CONSOLIDADAS;LIMA;150000;6821;80785;143767;24,24;21,72;1,21;1,19;1,38;2619100;2467894;151207;3212020;2957276;254744;45892
2022;01;TT;TODAS CONSOLIDADAS;TT;TODAS CONSOLIDADAS;LORETO;160000;839;8796;14382;18,2;15,41;1,7;1,6;1,98;40521;31038;9483;72150;53164;18986;1351
2022;01;TT;TODAS CONSOLIDADAS;TT;TODAS CONSOLIDADAS;MADRE DE DIOS;170000;339;5130;8523;21,48;16,95;1,24;1,24;1,46;37186;35521;1665;46343;43328;3015;1061
2022;01;TT;TODAS CONSOLIDADAS;TT;TODAS CONSOLIDADAS;MOQUEGUA;180000;292;3652;6230;23,43;18,15;1,95;1,95;1,57;19010;18830;180;42214;41781;433;586
2022;01;TT;TODAS CONSOLIDADAS;TT;TODAS CONSOLIDADAS;PASCO;190000;366;4516;7414;21,13;16,41;1,17;1,17;1,14;32630;32451;179;40194;39931;263;796
2022;01;TT;TODAS CONSOLIDADAS;TT;TODAS CONSOLIDADAS;PIURA;200000;1089;12528;22584;45,67;38,87;1,85;1,84;2,03;143921;137769;6152;266618;253455;13163;2594
2022;01;TT;TODAS CONSOLIDADAS;TT;TODAS CONSOLIDADAS;PUNO;210000;831;9849;17200;21,67;18,18;1,2;1,21;1,17;77416;70589;6827;98207;89069;9138;1790
2022;01;TT;TODAS CONSOLIDADAS;TT;TODAS CONSOLIDADAS;SAN MARTÍN;220000;860;10981;17608;29,67;24,84;1,35;1,34;1,63;100036;98082;1954;141612;138319;3293;1787
2022;01;TT;TODAS CONSOLIDADAS;TT;TODAS CONSOLIDADAS;TACNA;230000;502;6244;11725;10,68;8,44;1,23;1,23;1,31;25487;24405;1082;35067;33523;1544;923
2022;01;TT;TODAS CONSOLIDADAS;TT;TODAS CONSOLIDADAS;TUMBES;240000;252;3641;7576;24,05;18,85;2,36;2,36;2,1;29959;28888;1071;70786;67661;3125;1258
2022;01;TT;TODAS CONSOLIDADAS;TT;TODAS CONSOLIDADAS;UCAYALI;250000;508;6241;9894;21,96;18,84;1,64;1,64;2,01;34792;33786;1006;60440;58344;2096;1232
2022;02;00;NO CLASIFICADO;00;NO CATEGORIZADO;AMAZONAS;010000;266;2472;4006;19,07;15,08;1,18;1,18;1,07;14314;14172;142;16919;16767;152;464
2022;01;TT;TODAS CONSOLIDADAS;03;3 ESTRELLAS;AMAZONAS;010000;28;573;1042;19,66;16,7;1,47;1,5;1,31;3673;3061;612;5393;4589;804;144
2022;01;TT;TODAS CONSOLIDADAS;03;3 ESTRELLAS;APURÍMAC;030000;5;143;245;42,43;28,93;1,38;1,38;1,4;1587;1515;72;2197;2096;101;34
2022;01;TT;TODAS CONSOLIDADAS;03;3 ESTRELLAS;TACNA;230000;20;610;1278;20,74;14,47;2,25;2,24;2,57;2545;2423;122;5731;5417;314;141
2022;01;TT;TODAS CONSOLIDADAS;04;4 ESTRELLAS;LAMBAYEQUE;140000;5;352;577;52,73;59,3;1,67;1,63;2,07;6347;5781;566;10607;9437;1170;239
2022;01;TT;TODAS CONSOLIDADAS;04;4 ESTRELLAS;MOQUEGUA;180000;2;123;232;73,91;80,56;12,76;13,34;5,36;454;421;33;5794;5617;177;40
2022;01;TT;TODAS CONSOLIDADAS;04;4 ESTRELLAS;PIURA;200000;3;298;549;33,09;34,36;1,87;1,82;2,34;3130;2857;273;5847;5208;639;49
2022;01;TT;TODAS CONSOLIDADAS;04;4 ESTRELLAS;UCAYALI;250000;5;289;515;32,72;31,21;2,67;2,75;2,23;1869;1566;303;4983;4307;676;77
2022;01;TT;TODAS CONSOLIDADAS;TT;TODAS CONSOLIDADAS;JUNÍN;120000;1388;16368;26995;17,61;14,02;1,17;1,17;1,72;99970;99404;566;119758;118810;948;2903
2022;02;00;NO CLASIFICADO;00;NO CATEGORIZADO;CAJAMARCA;060000;627;6125;9521;16,02;14,33;1,16;1,16;1;33052;33016;36;38201;38165;36;1097
2022;02;00;NO CLASIFICADO;00;NO CATEGORIZADO;LA LIBERTAD;130000;843;6824;11438;21,9;21,75;1,17;1,16;1,84;59703;59223;480;69665;68781;884;766
2022;02;00;NO CLASIFICADO;TT;TODAS CONSOLIDADAS;AMAZONAS;010000;266;2472;4006;19,07;15,08;1,18;1,18;1,07;14314;14172;142;16919;16767;152;464
2022;02;00;NO CLASIFICADO;TT;TODAS CONSOLIDADAS;CAJAMARCA;060000;627;6125;9521;16,02;14,33;1,16;1,16;1;33052;33016;36;38201;38165;36;1097
2022;02;00;NO CLASIFICADO;TT;TODAS CONSOLIDADAS;LA LIBERTAD;130000;843;6824;11438;21,9;21,75;1,17;1,16;1,84;59703;59223;480;69665;68781;884;766
2022;02;01;HOTEL;01;1 ESTRELLA;AMAZONAS;010000;1;20;42;15,89;7,57;1,01;1,01;1;88;87;1;89;88;1;6
2022;02;01;HOTEL;01;1 ESTRELLA;CAJAMARCA;060000;6;170;278;12,63;10,25;1,12;1,13;1;710;703;7;798;791;7;27
2022;02;01;HOTEL;01;1 ESTRELLA;LA LIBERTAD;130000;5;116;201;21,58;14,89;1;1;1;838;824;14;838;824;14;19
2022;02;01;HOTEL;01;1 ESTRELLA;TACNA;230000;2;57;112;8,21;6,44;1,8;1,79;2;112;106;6;202;190;12;5
2022;02;00;NO CLASIFICADO;00;NO CATEGORIZADO;ÁNCASH;020000;601;5661;9808;20,54;17,86;1,13;1,13;1,43;43272;42920;352;49060;48558;502;988
2022;02;01;HOTEL;01;1 ESTRELLA;ÁNCASH;020000;13;381;589;21,49;18,55;1,25;1,25;0;2449;2449;0;3059;3059;0;53
2022;02;00;NO CLASIFICADO;00;NO CATEGORIZADO;APURÍMAC;030000;482;4391;6755;16,99;13,02;1,15;1,15;1,52;21437;21284;153;24625;24392;233;460
2022;02;00;NO CLASIFICADO;TT;TODAS CONSOLIDADAS;APURÍMAC;030000;482;4391;6755;16,99;13,02;1,15;1,15;1,52;21437;21284;153;24625;24392;233;460
2022;02;01;HOTEL;01;1 ESTRELLA;APURÍMAC;030000;2;79;112;22,97;17,22;1,05;1,05;0;515;515;0;540;540;0;10
2022;02;00;NO CLASIFICADO;00;NO CATEGORIZADO;AREQUIPA;040000;1123;9974;16820;22,71;21,32;1,38;1,32;1,91;72567;64809;7758;100423;85598;14825;1883
2022;02;00;NO CLASIFICADO;TT;TODAS CONSOLIDADAS;AREQUIPA;040000;1123;9974;16820;22,71;21,32;1,38;1,32;1,91;72567;64809;7758;100423;85598;14825;1883
2022;02;01;HOTEL;01;1 ESTRELLA;AREQUIPA;040000;6;210;367;37,16;22,12;1,55;1,49;3,18;1469;1420;49;2273;2117;156;32
2022;02;00;NO CLASIFICADO;00;NO CATEGORIZADO;AYACUCHO;050000;536;5184;8224;16,62;13,32;1,21;1,21;1,25;25272;25071;201;30665;30414;251;575
2022;02;00;NO CLASIFICADO;TT;TODAS CONSOLIDADAS;AYACUCHO;050000;536;5184;8224;16,62;13,32;1,21;1,21;1,25;25272;25071;201;30665;30414;251;575
2022;02;01;HOTEL;01;1 ESTRELLA;AYACUCHO;050000;7;178;309;20,33;21,65;3,92;3,92;0;478;478;0;1873;1873;0;28
2022;02;00;NO CLASIFICADO;00;NO CATEGORIZADO;CALLAO;070000;253;3600;6670;35,16;32,25;1,01;1;1,25;105742;104810;932;106439;105279;1160;944
2022;02;01;HOTEL;01;1 ESTRELLA;CALLAO;070000;1;34;68;26,68;26,68;1,01;1,01;1;504;502;2;508;506;2;3
2022;02;00;NO CLASIFICADO;00;NO CATEGORIZADO;CUSCO;080000;1821;17642;31607;17,26;14,45;1,56;1,37;2,04;82129;59318;22811;127899;81387;46512;3315
2022;02;00;NO CLASIFICADO;TT;TODAS CONSOLIDADAS;CUSCO;080000;1821;17642;31607;17,26;14,45;1,56;1,37;2,04;82129;59318;22811;127899;81387;46512;3315
2022;02;01;HOTEL;01;1 ESTRELLA;CUSCO;080000;5;140;236;10,18;7,37;1,01;1,01;0;481;481;0;487;487;0;19
2022;02;00;NO CLASIFICADO;00;NO CATEGORIZADO;HUANCAVELICA;090000;190;2229;3441;18,22;13,74;1,07;1,07;1;12403;12400;3;13241;13238;3;269
2022;02;00;NO CLASIFICADO;00;NO CATEGORIZADO;HUÁNUCO;100000;474;5278;7808;19,9;16,85;1,1;1,1;1,05;33456;33181;275;36832;36543;289;685
2022;02;00;NO CLASIFICADO;TT;TODAS CONSOLIDADAS;HUÁNUCO;100000;474;5278;7808;19,9;16,85;1,1;1,1;1,05;33456;33181;275;36832;36543;289;685
2022;02;01;HOTEL;01;1 ESTRELLA;HUÁNUCO;100000;9;272;405;48,17;43,74;1,03;1,03;0;4803;4803;0;4960;4960;0;46
2022;02;00;NO CLASIFICADO;00;NO CATEGORIZADO;ICA;110000;748;8182;13980;24,7;20,95;1,18;1,18;1,24;69300;62037;7263;82001;73018;8983;1458
2022;02;00;NO CLASIFICADO;TT;TODAS CONSOLIDADAS;ICA;110000;748;8182;13980;24,7;20,95;1,18;1,18;1,24;69300;62037;7263;82001;73018;8983;1458
2022;02;01;HOTEL;01;1 ESTRELLA;ICA;110000;4;82;108;0;0;0;0;0;0;0;0;0;0;0;0
2022;02;00;NO CLASIFICADO;00;NO CATEGORIZADO;JUNÍN;120000;1292;13803;22248;18,36;14,09;1,17;1,17;1,72;74730;74409;321;87791;87240;551;2383
2022;02;00;NO CLASIFICADO;TT;TODAS CONSOLIDADAS;JUNÍN;120000;1292;13803;22248;18,36;14,09;1,17;1,17;1,72;74730;74409;321;87791;87240;551;2383
2022;02;00;NO CLASIFICADO;00;NO CATEGORIZADO;LAMBAYEQUE;140000;384;3964;5711;20,57;16,34;1,03;1,03;1,1;25352;24700;652;26122;25407;715;540
2022;02;01;HOTEL;01;1 ESTRELLA;LAMBAYEQUE;140000;2;63;70;4,08;3,32;1;1;0;65;65;0;65;65;0;11
2022;02;00;NO CLASIFICADO;00;NO CATEGORIZADO;LIMA;150000;6205;52700;91607;26,54;23,93;1,15;1,14;1,35;2444428;2343145;101283;2800654;2664290;136363;37572
2022;02;01;HOTEL;01;1 ESTRELLA;LIMA;150000;10;375;641;54,95;59,55;1,16;1,16;1;8637;8627;10;10060;10050;10;53
2022;02;00;NO CLASIFICADO;00;NO CATEGORIZADO;LORETO;160000;724;6586;10320;17,72;14,95;1,55;1,51;1,69;27795;21150;6645;43194;31954;11240;731
2022;02;00;NO CLASIFICADO;TT;TODAS CONSOLIDADAS;LORETO;160000;724;6586;10320;17,72;14,95;1,55;1,51;1,69;27795;21150;6645;43194;31954;11240;731
2022;02;00;NO CLASIFICADO;00;NO CATEGORIZADO;MADRE DE DIOS;170000;307;4223;6964;21,73;17,01;1,17;1,16;1,39;28416;27303;1113;33161;31610;1551;517
2022;02;00;NO CLASIFICADO;TT;TODAS CONSOLIDADAS;MADRE DE DIOS;170000;307;4223;6964;21,73;17,01;1,17;1,16;1,39;28416;27303;1113;33161;31610;1551;517
2022;02;01;HOTEL;01;1 ESTRELLA;MADRE DE DIOS;170000;5;146;250;42,69;35,17;1,02;1,02;1;2416;2399;17;2462;2445;17;24
2022;02;00;NO CLASIFICADO;00;NO CATEGORIZADO;MOQUEGUA;180000;189;1796;3077;17;12,05;1,43;1,43;1,44;7273;7203;70;10378;10277;101;218
2022;02;00;NO CLASIFICADO;TT;TODAS CONSOLIDADAS;MOQUEGUA;180000;189;1796;3077;17;12,05;1,43;1,43;1,44;7273;7203;70;10378;10277;101;218
2022;02;01;HOTEL;01;1 ESTRELLA;MOQUEGUA;180000;1;21;42;8,16;8,33;1,58;1,59;1;62;61;1;98;97;1;4
2022;02;00;NO CLASIFICADO;00;NO CATEGORIZADO;PASCO;190000;306;3328;5179;19,26;14,87;1,2;1,2;1,11;17956;17901;55;21565;21504;61;573
2022;02;00;NO CLASIFICADO;TT;TODAS CONSOLIDADAS;PASCO;190000;306;3328;5179;19,26;14,87;1,2;1,2;1,11;17956;17901;55;21565;21504;61;573
2022;02;01;HOTEL;01;1 ESTRELLA;PASCO;190000;6;168;272;14,52;9,07;1;1;0;691;691;0;691;691;0;30
2022;02;00;NO CLASIFICADO;00;NO CATEGORIZADO;PIURA;200000;1015;10456;19071;47,95;37,45;1,72;1,71;1,93;116093;111454;4639;199969;191013;8956;2058
2022;02;01;HOTEL;01;1 ESTRELLA;PIURA;200000;2;40;77;5;14,8;1,2;1,2;0;265;265;0;319;319;0;6
2022;02;00;NO CLASIFICADO;00;NO CATEGORIZADO;PUNO;210000;697;6580;11182;22,93;19,14;1,16;1,16;1,07;51793;48906;2887;59923;56835;3088;1194
2022;02;00;NO CLASIFICADO;00;NO CATEGORIZADO;SAN MARTÍN;220000;766;8612;13373;30,71;25,79;1,32;1,31;1,62;73237;71987;1250;96569;94545;2024;1137
2022;02;00;NO CLASIFICADO;TT;TODAS CONSOLIDADAS;SAN MARTÍN;220000;766;8612;13373;30,71;25,79;1,32;1,31;1,62;73237;71987;1250;96569;94545;2024;1137
2022;02;01;HOTEL;01;1 ESTRELLA;SAN MARTÍN;220000;6;126;195;55,87;58,53;1,26;1,26;1,34;2527;2450;77;3196;3093;103;24
2022;02;00;NO CLASIFICADO;00;NO CATEGORIZADO;TACNA;230000;412;3918;7069;10,58;7,9;1,19;1,19;1,22;13120;11309;1811;15638;13432;2206;480
2022;02;00;NO CLASIFICADO;TT;TODAS CONSOLIDADAS;TACNA;230000;412;3918;7069;10,58;7,9;1,19;1,19;1,22;13120;11309;1811;15638;13432;2206;480
2022;02;00;NO CLASIFICADO;00;NO CATEGORIZADO;TUMBES;240000;216;2236;4380;27,97;21,4;2,07;2,07;2,15;12655;12380;275;26246;25656;590;377
2022;02;00;NO CLASIFICADO;TT;TODAS CONSOLIDADAS;TUMBES;240000;216;2236;4380;27,97;21,4;2,07;2,07;2,15;12655;12380;275;26246;25656;590;377
2022;02;00;NO CLASIFICADO;00;NO CATEGORIZADO;UCAYALI;250000;474;5027;7765;20,94;17,09;1,7;1,7;2,02;21842;21474;368;37154;36412;742;912
2022;02;00;NO CLASIFICADO;TT;TODAS CONSOLIDADAS;UCAYALI;250000;474;5027;7765;20,94;17,09;1,7;1,7;2,02;21842;21474;368;37154;36412;742;912
2022;02;00;NO CLASIFICADO;TT;TODAS CONSOLIDADAS;ÁNCASH;020000;601;5661;9808;20,54;17,86;1,13;1,13;1,43;43272;42920;352;49060;48558;502;988
2022;02;00;NO CLASIFICADO;TT;TODAS CONSOLIDADAS;CALLAO;070000;253;3600;6670;35,16;32,25;1,01;1;1,25;105742;104810;932;106439;105279;1160;944
2022;02;00;NO CLASIFICADO;TT;TODAS CONSOLIDADAS;HUANCAVELICA;090000;190;2229;3441;18,22;13,74;1,07;1,07;1;12403;12400;3;13241;13238;3;269
2022;02;00;NO CLASIFICADO;TT;TODAS CONSOLIDADAS;LAMBAYEQUE;140000;384;3964;5711;20,57;16,34;1,03;1,03;1,1;25352;24700;652;26122;25407;715;540
2022;02;00;NO CLASIFICADO;TT;TODAS CONSOLIDADAS;LIMA;150000;6205;52700;91607;26,54;23,93;1,15;1,14;1,35;2444428;2343145;101283;2800654;2664290;136363;37572
2022;02;00;NO CLASIFICADO;TT;TODAS CONSOLIDADAS;PIURA;200000;1015;10456;19071;47,95;37,45;1,72;1,71;1,93;116093;111454;4639;199969;191013;8956;2058
2022;02;00;NO CLASIFICADO;TT;TODAS CONSOLIDADAS;PUNO;210000;697;6580;11182;22,93;19,14;1,16;1,16;1,07;51793;48906;2887;59923;56835;3088;1194
2022;02;01;HOTEL;01;1 ESTRELLA;PUNO;210000;5;128;230;18;11,16;1,22;1,24;1,08;588;527;61;719;653;66;18
2022;02;01;HOTEL;01;1 ESTRELLA;JUNÍN;120000;6;246;511;13,72;9,47;1,41;1,41;0;960;960;0;1355;1355;0;28
2022;02;01;HOTEL;02;2 ESTRELLAS;AMAZONAS;010000;29;769;1212;21,64;19,07;1,23;1,23;1,76;5245;5199;46;6473;6392;81;125
2022;02;01;HOTEL;02;2 ESTRELLAS;ÁNCASH;020000;43;1157;2083;25,31;19,92;1,29;1,29;1,37;8978;8894;84;11620;11505;115;186
2022;02;01;HOTEL;02;2 ESTRELLAS;APURÍMAC;030000;4;180;307;10,63;9,1;1,16;1,15;3;674;672;2;782;776;6;14
2022;02;01;HOTEL;02;2 ESTRELLAS;AREQUIPA;040000;39;1094;1943;17,78;15,78;1,3;1,28;1,76;6604;6370;234;8587;8176;411;177
2022;02;01;HOTEL;02;2 ESTRELLAS;AYACUCHO;050000;8;244;437;18,49;21,63;1,67;1,68;1,47;1581;1528;53;2647;2569;78;39
2022;02;01;HOTEL;02;2 ESTRELLAS;CAJAMARCA;060000;38;1059;1598;17,75;14,05;1,18;1,18;1,16;5316;5255;61;6285;6214;71;168
2022;02;01;HOTEL;02;2 ESTRELLAS;CALLAO;070000;2;60;107;29,11;30,84;1,02;1,01;1,08;909;869;40;924;881;43;7
2022;02;01;HOTEL;02;2 ESTRELLAS;CUSCO;080000;48;1260;2321;8,71;7,69;1,58;1,5;1,72;3169;2115;1054;4998;3182;1816;294
2022;02;01;HOTEL;02;2 ESTRELLAS;HUANCAVELICA;090000;2;46;85;33,15;26,09;1;1;0;621;621;0;621;621;0;9
2022;02;01;HOTEL;02;2 ESTRELLAS;HUÁNUCO;100000;41;1239;1948;33,57;31,19;1,21;1,21;1,5;14088;14072;16;17015;16991;24;204
2022;02;01;HOTEL;02;2 ESTRELLAS;ICA;110000;49;1353;2346;25,23;21,61;1,41;1,41;1,19;10072;9969;103;14198;14075;123;229
2022;02;01;HOTEL;02;2 ESTRELLAS;JUNÍN;120000;26;791;1391;24,69;18,44;1,41;1,4;2,09;5099;5032;67;7183;7043;140;118
2022;02;01;HOTEL;02;2 ESTRELLAS;LA LIBERTAD;130000;20;472;863;26,84;28,58;1,29;1,29;1,57;5348;5269;79;6906;6782;124;97
2022;02;01;HOTEL;02;2 ESTRELLAS;LAMBAYEQUE;140000;70;1973;2976;21,91;16,74;1,23;1,22;2,04;11331;11189;142;13945;13656;289;302
2022;02;01;HOTEL;02;2 ESTRELLAS;LORETO;160000;14;340;550;25,77;18,43;1,71;1,7;1,74;1661;1333;328;2838;2266;572;60
2022;02;01;HOTEL;02;2 ESTRELLAS;MADRE DE DIOS;170000;8;227;398;31,43;21,66;1,31;1,31;1,34;1843;1811;32;2414;2371;43;40
2022;02;01;HOTEL;02;2 ESTRELLAS;MOQUEGUA;180000;16;413;703;49,2;33,32;2,91;2,94;1,78;2256;2191;65;6558;6442;116;75
2022;02;01;HOTEL;02;2 ESTRELLAS;PIURA;200000;20;479;790;28,65;26,78;1,86;1,87;1,62;3183;3070;113;5923;5740;183;88
2022;02;01;HOTEL;02;2 ESTRELLAS;PUNO;210000;20;484;857;13,05;10,7;1,37;1,38;1,1;1872;1833;39;2568;2525;43;65
2022;02;01;HOTEL;02;2 ESTRELLAS;SAN MARTÍN;220000;30;849;1451;43,32;37,72;2,04;2,04;1,92;7504;7369;135;15323;15064;259;183
2022;02;01;HOTEL;02;2 ESTRELLAS;TACNA;230000;33;925;1885;19,82;13,75;1,63;1,63;1,36;4453;4420;33;7257;7212;45;171
2022;02;01;HOTEL;02;2 ESTRELLAS;TUMBES;240000;8;258;549;67,46;34,14;17,15;17,15;0;306;306;0;5248;5248;0;49
2022;02;01;HOTEL;02;2 ESTRELLAS;UCAYALI;250000;2;58;93;12,13;8,6;5,89;5,89;0;38;38;0;224;224;0;11
2022;02;01;HOTEL;03;3 ESTRELLAS;AMAZONAS;010000;18;424;741;26,57;22,45;1,39;1,42;1,24;3358;2798;560;4658;3961;697;113
2022;02;01;HOTEL;03;3 ESTRELLAS;ÁNCASH;020000;41;1300;2337;32,05;24,82;1,34;1,37;1,13;12096;10700;1396;16243;14661;1582;287
2022;02;01;HOTEL;03;3 ESTRELLAS;APURÍMAC;030000;3;98;172;60,06;36,94;1,29;1,3;1,21;1376;1315;61;1779;1705;74;19
2022;02;01;HOTEL;03;3 ESTRELLAS;AREQUIPA;040000;64;1815;3316;24,91;21,36;1,88;1,8;2,61;10553;9490;1063;19835;17060;2775;479
2022;02;01;HOTEL;03;3 ESTRELLAS;AYACUCHO;050000;9;302;575;14,56;15,73;2,22;2,22;2,22;1143;1062;81;2533;2353;180;91
2022;02;01;HOTEL;03;3 ESTRELLAS;CAJAMARCA;060000;65;2042;3371;22,53;19,14;1,51;1,51;1,6;11958;11809;149;18066;17827;239;437
2022;02;01;HOTEL;03;3 ESTRELLAS;CALLAO;070000;4;233;392;39,13;35,4;1,61;1,56;1,84;2414;1959;455;3886;3051;835;47
2022;02;01;HOTEL;03;3 ESTRELLAS;CUSCO;080000;72;2723;5376;14,85;12,11;1,89;1,92;1,86;9657;4869;4788;18232;9334;8898;756
2022;02;01;HOTEL;03;3 ESTRELLAS;HUANCAVELICA;090000;2;65;108;8,63;6,45;1,39;1,39;0;140;140;0;195;195;0;20
2022;02;01;HOTEL;03;3 ESTRELLAS;HUÁNUCO;100000;13;504;947;23,26;19,27;1,43;1,42;1,6;3583;3459;124;5110;4912;198;106
2022;02;01;HOTEL;03;3 ESTRELLAS;ICA;110000;50;1844;3707;47,94;44,38;1,56;1,56;1,54;29500;25902;3598;46063;40505;5558;454
2022;02;01;HOTEL;03;3 ESTRELLAS;JUNÍN;120000;19;745;1386;18,37;13,95;1,59;1,59;1,74;3403;3353;50;5412;5325;87;164
2022;02;01;HOTEL;03;3 ESTRELLAS;LA LIBERTAD;130000;84;2523;4687;37,78;30,83;1,74;1,72;2,09;23291;22244;1047;40456;38265;2191;590
2022;02;01;HOTEL;03;3 ESTRELLAS;LAMBAYEQUE;140000;39;1312;2207;31,23;27,26;1,49;1,48;1,72;11303;10803;500;16846;15988;858;253
2022;02;01;HOTEL;03;3 ESTRELLAS;LORETO;160000;21;643;1111;35,98;27,88;2,52;2,55;2,32;3439;2990;449;8673;7630;1043;181
2022;02;01;HOTEL;03;3 ESTRELLAS;MADRE DE DIOS;170000;5;192;353;32,37;28,33;1,76;1,8;1,46;1594;1389;205;2800;2501;299;65
2022;02;01;HOTEL;03;3 ESTRELLAS;MOQUEGUA;180000;8;270;500;51,26;52,7;2,23;2,23;2,22;3309;3244;65;7378;7234;144;66
2022;02;01;HOTEL;03;3 ESTRELLAS;PIURA;200000;15;582;970;37,13;34,51;1,7;1,66;2,12;5524;5101;423;9374;8476;898;208
2022;02;01;HOTEL;03;3 ESTRELLAS;PUNO;210000;25;850;1646;19,76;17,1;1,89;1,97;1,63;4177;3138;1039;7880;6187;1693;166
2022;02;01;HOTEL;03;3 ESTRELLAS;SAN MARTÍN;220000;22;752;1334;29,18;25,15;1,57;1,57;1,86;5981;5881;100;9393;9207;186;208
2022;02;01;HOTEL;03;3 ESTRELLAS;TACNA;230000;14;501;1052;23,55;17,82;1,94;1,92;2,29;2701;2514;187;5250;4822;428;121
2022;02;01;HOTEL;03;3 ESTRELLAS;TUMBES;240000;10;312;672;55,78;50,88;2,81;2,94;2,16;3406;2858;548;9573;8391;1182;127
2022;02;01;HOTEL;03;3 ESTRELLAS;UCAYALI;250000;15;537;887;34,23;25,73;1,91;1,93;1,68;3349;3059;290;6390;5904;486;128
2022;02;01;HOTEL;04;4 ESTRELLAS;AREQUIPA;040000;10;454;910;37,41;28,6;1,84;1,89;1,65;3964;3152;812;7288;5950;1338;157
2022;02;01;HOTEL;04;4 ESTRELLAS;CAJAMARCA;060000;3;142;228;57,97;58,87;1,85;1,82;2,23;2036;1922;114;3758;3504;254;72
2022;02;01;HOTEL;04;4 ESTRELLAS;CALLAO;070000;2;371;599;77,77;69,15;1,33;1,38;1,31;8690;2888;5802;11598;3975;7623;105
2022;02;01;HOTEL;04;4 ESTRELLAS;CUSCO;080000;12;920;1751;38,61;31,84;2,02;1,82;2,21;7713;3655;4058;15611;6648;8963;427
2022;02;01;HOTEL;04;4 ESTRELLAS;HUÁNUCO;100000;1;61;104;34,19;27,3;1,66;1,68;1,37;480;450;30;795;754;41;23
2022;02;01;HOTEL;04;4 ESTRELLAS;ICA;110000;7;744;1550;48,56;58,87;2,05;2,06;1,95;12452;11719;733;25549;24118;1431;396
2022;02;01;HOTEL;04;4 ESTRELLAS;JUNÍN;120000;1;40;66;45,89;27,81;1,53;1,54;1;335;333;2;514;512;2;21
2022;02;01;HOTEL;04;4 ESTRELLAS;LA LIBERTAD;130000;3;206;326;53,95;61,21;1,78;1,74;2,06;3130;2698;432;5587;4698;889;79
2022;02;01;HOTEL;04;4 ESTRELLAS;LAMBAYEQUE;140000;5;352;577;61,94;66,79;1,54;1,49;2,13;6990;6444;546;10791;9627;1164;239
2022;02;01;HOTEL;04;4 ESTRELLAS;LORETO;160000;2;90;150;18,57;17,93;2,08;2,07;2,21;362;338;24;753;700;53;27
2022;02;01;HOTEL;04;4 ESTRELLAS;MOQUEGUA;180000;2;123;232;80,63;72,08;8,85;9,06;5;529;502;27;4682;4547;135;43
2022;02;01;HOTEL;04;4 ESTRELLAS;PIURA;200000;3;299;552;46,64;46,85;1,79;1,72;2,3;4037;3507;530;7241;6022;1219;49
2022;02;01;HOTEL;04;4 ESTRELLAS;PUNO;210000;7;447;842;17,58;14,54;2,08;2,25;1,85;1647;966;681;3427;2169;1258;110
2022;02;01;HOTEL;04;4 ESTRELLAS;TACNA;230000;1;150;300;19,21;16,7;1,96;1,95;2,21;714;662;52;1403;1288;115;32
2022;02;01;HOTEL;04;4 ESTRELLAS;TUMBES;240000;5;265;522;57,24;56,47;1,97;1,96;2,03;4194;3818;376;8253;7489;764;120
2022;02;01;HOTEL;04;4 ESTRELLAS;UCAYALI;250000;5;289;515;39,31;36,26;2,54;2,51;2,67;2060;1750;310;5228;4401;827;88
2022;02;01;HOTEL;05;5 ESTRELLAS;AREQUIPA;040000;3;241;352;51,02;47,99;2,22;2,04;3,03;2128;1733;395;4730;3535;1195;120
2022;02;01;HOTEL;05;5 ESTRELLAS;CUSCO;080000;14;1246;2441;20,45;19,78;1,8;1,99;1,74;7525;1712;5813;13517;3415;10102;791
2022;02;01;HOTEL;05;5 ESTRELLAS;ICA;110000;3;345;814;92,62;80,07;2,1;2,09;2,21;8680;7627;1053;18250;15918;2332;295
2022;02;01;HOTEL;05;5 ESTRELLAS;LA LIBERTAD;130000;1;120;240;73,87;73,75;2,11;2,01;2,84;2349;2075;274;4956;4177;779;67
2022;02;01;HOTEL;05;5 ESTRELLAS;LORETO;160000;1;60;91;81,37;91,6;2,43;2,53;2,18;959;686;273;2334;1738;596;49
2022;02;01;HOTEL;05;5 ESTRELLAS;PIURA;200000;1;83;168;73,32;65,48;1,9;1,83;2,36;1619;1407;212;3080;2580;500;60
2022;02;01;HOTEL;05;5 ESTRELLAS;PUNO;210000;1;123;231;60,16;54,55;1,89;1,89;1,88;1868;1650;218;3528;3118;410;45
2022;02;01;HOTEL;05;5 ESTRELLAS;SAN MARTÍN;220000;1;50;108;42,57;55,89;1,67;1,68;1,29;1011;994;17;1690;1668;22;63
2022;02;01;HOTEL;05;5 ESTRELLAS;UCAYALI;250000;2;162;300;31,5;27,6;2,4;2,35;2,84;966;876;90;2318;2062;256;60
2022;02;01;HOTEL;TT;TODAS CONSOLIDADAS;AMAZONAS;010000;48;1213;1995;23,27;20,09;1,29;1,29;1,28;8691;8084;607;11220;10441;779;244
2022;02;01;HOTEL;TT;TODAS CONSOLIDADAS;ÁNCASH;020000;97;2838;5009;27,88;22,05;1,31;1,33;1,15;23523;22043;1480;30922;29225;1697;526
2022;02;01;HOTEL;TT;TODAS CONSOLIDADAS;APURÍMAC;030000;9;357;591;26,93;18,74;1,21;1,21;1,27;2565;2502;63;3101;3021;80;43
2022;02;01;HOTEL;TT;TODAS CONSOLIDADAS;AREQUIPA;040000;122;3814;6888;26,68;22,15;1,73;1,66;2,3;24718;22165;2553;42713;36838;5875;965
2022;02;01;HOTEL;TT;TODAS CONSOLIDADAS;AYACUCHO;050000;24;724;1321;17,3;19,07;2,2;2,21;1,93;3202;3068;134;7053;6795;258;158
2022;02;01;HOTEL;TT;TODAS CONSOLIDADAS;CAJAMARCA;060000;112;3413;5475;22,03;18,86;1,44;1,44;1,73;20020;19689;331;28907;28336;571;704
2022;02;01;HOTEL;TT;TODAS CONSOLIDADAS;HUANCAVELICA;090000;4;111;193;18,79;15,1;1,07;1,07;0;761;761;0;816;816;0;29
2022;02;01;HOTEL;TT;TODAS CONSOLIDADAS;HUÁNUCO;100000;64;2076;3404;33;29,25;1,21;1,21;1,55;22954;22784;170;27880;27617;263;379
2022;02;01;HOTEL;TT;TODAS CONSOLIDADAS;JUNÍN;120000;52;1822;3354;21,09;15,4;1,48;1,47;1,92;9797;9678;119;14464;14235;229;331
2022;02;01;HOTEL;TT;TODAS CONSOLIDADAS;LA LIBERTAD;130000;113;3437;6317;37,96;33,21;1,68;1,65;2,17;34956;33110;1846;58743;54746;3997;852
2022;02;01;HOTEL;TT;TODAS CONSOLIDADAS;LAMBAYEQUE;140000;116;3700;5830;28,72;25,51;1,4;1,38;1,95;29689;28501;1188;41647;39336;2311;805
2022;02;01;HOTEL;TT;TODAS CONSOLIDADAS;LORETO;160000;38;1133;1902;33,93;27,41;2,27;2,31;2,11;6421;5347;1074;14598;12334;2264;317
2022;02;01;HOTEL;TT;TODAS CONSOLIDADAS;MADRE DE DIOS;170000;18;565;1001;34,66;27,39;1,31;1,31;1,41;5853;5599;254;7676;7317;359;129
2022;02;01;HOTEL;TT;TODAS CONSOLIDADAS;MOQUEGUA;180000;27;827;1477;53,51;45,26;3,04;3,05;2,51;6156;5998;158;18716;18320;396;188
2022;02;01;HOTEL;TT;TODAS CONSOLIDADAS;PASCO;190000;15;428;739;28,55;30,06;1,41;1,34;3,47;4426;4289;137;6221;5746;475;75
2022;02;01;HOTEL;TT;TODAS CONSOLIDADAS;PIURA;200000;41;1483;2557;37,47;36,23;1,77;1,73;2,19;14628;13350;1278;25937;23137;2800;411
2022;02;01;HOTEL;TT;TODAS CONSOLIDADAS;PUNO;210000;58;2032;3806;20,01;17,01;1,79;1,81;1,7;10152;8114;2038;18122;14652;3470;404
2022;02;01;HOTEL;TT;TODAS CONSOLIDADAS;SAN MARTÍN;220000;59;1777;3088;38,2;34,24;1,74;1,74;1,73;17023;16694;329;29602;29032;570;478
2022;02;01;HOTEL;TT;TODAS CONSOLIDADAS;TACNA;230000;50;1633;3349;20,5;15,05;1,77;1,75;2,16;7980;7702;278;14112;13512;600;329
2022;02;01;HOTEL;TT;TODAS CONSOLIDADAS;TUMBES;240000;23;835;1743;59,85;47,28;2,92;3,03;2,11;7906;6982;924;23074;21128;1946;296
2022;02;01;HOTEL;TT;TODAS CONSOLIDADAS;UCAYALI;250000;24;1046;1795;33,99;28,17;2,21;2,2;2,27;6413;5723;690;14160;12591;1569;287
2022;02;02;APART HOTEL;03;3 ESTRELLAS;ÁNCASH;020000;2;16;44;13,39;13,39;1,4;1,4;0;118;118;0;165;165;0;4
2022;02;02;APART HOTEL;03;3 ESTRELLAS;APURÍMAC;030000;1;21;30;60,03;82,14;2,16;2,1;2,96;319;294;25;690;616;74;8
2022;02;02;APART HOTEL;03;3 ESTRELLAS;AREQUIPA;040000;1;18;36;7,14;7,14;7,2;7,2;0;10;10;0;72;72;0;2
2022;02;02;APART HOTEL;03;3 ESTRELLAS;CAJAMARCA;060000;2;13;24;0;0;0;0;0;0;0;0;0;0;0;0
2022;02;02;APART HOTEL;03;3 ESTRELLAS;ICA;110000;1;10;20;4,29;4,29;2;2;0;12;12;0;24;24;0;5
2022;02;02;APART HOTEL;03;3 ESTRELLAS;LA LIBERTAD;130000;1;11;24;0;0;0;0;0;0;0;0;0;0;0;0
2022;02;02;APART HOTEL;03;3 ESTRELLAS;LORETO;160000;1;45;94;0;0;0;0;0;0;0;0;0;0;0;0
2022;02;02;APART HOTEL;03;3 ESTRELLAS;TUMBES;240000;2;18;50;92,86;75,14;3,28;3,27;3,75;321;317;4;1052;1037;15;15
2022;02;02;APART HOTEL;04;4 ESTRELLAS;AREQUIPA;040000;1;19;32;9,96;23,77;3,61;3,62;3,58;59;47;12;213;170;43;6
2022;02;02;APART HOTEL;04;4 ESTRELLAS;LORETO;160000;1;13;23;79,95;45,19;1,37;1,41;1,36;212;41;171;291;58;233;6
2022;02;02;APART HOTEL;04;4 ESTRELLAS;SAN MARTÍN;220000;1;24;49;59,97;60,13;2,12;2,13;2;389;374;15;825;795;30;16
2022;02;02;APART HOTEL;TT;TODAS CONSOLIDADAS;ÁNCASH;020000;2;16;44;13,39;13,39;1,4;1,4;0;118;118;0;165;165;0;4
2022;02;02;APART HOTEL;TT;TODAS CONSOLIDADAS;APURÍMAC;030000;1;21;30;60,03;82,14;2,16;2,1;2,96;319;294;25;690;616;74;8
2022;02;02;APART HOTEL;TT;TODAS CONSOLIDADAS;AREQUIPA;040000;2;37;68;8,59;14,97;4,13;4,25;3,58;69;57;12;285;242;43;8
2022;02;02;APART HOTEL;TT;TODAS CONSOLIDADAS;CAJAMARCA;060000;2;13;24;0;0;0;0;0;0;0;0;0;0;0;0
2022;02;02;APART HOTEL;TT;TODAS CONSOLIDADAS;ICA;110000;1;10;20;4,29;4,29;2;2;0;12;12;0;24;24;0;5
2022;02;02;APART HOTEL;TT;TODAS CONSOLIDADAS;LA LIBERTAD;130000;1;11;24;0;0;0;0;0;0;0;0;0;0;0;0
2022;02;02;APART HOTEL;TT;TODAS CONSOLIDADAS;LIMA;150000;22;1215;2283;52,82;51,87;2,08;1,62;4,64;15916;13483;2433;33155;21871;11284;652
2022;02;02;APART HOTEL;TT;TODAS CONSOLIDADAS;LORETO;160000;2;58;117;17,92;8,88;1,37;1,41;1,36;212;41;171;291;58;233;6
2022;02;02;APART HOTEL;TT;TODAS CONSOLIDADAS;PASCO;190000;1;10;15;9,29;7,38;1,94;1,93;2;16;15;1;31;29;2;4
2022;02;02;APART HOTEL;TT;TODAS CONSOLIDADAS;SAN MARTÍN;220000;1;24;49;59,97;60,13;2,12;2,13;2;389;374;15;825;795;30;16
2022;02;03;HOSTAL;01;1 ESTRELLA;AMAZONAS;010000;18;268;410;40,79;39,56;1,31;1,31;1,83;3464;3440;24;4541;4497;44;42
2022;02;03;HOSTAL;01;1 ESTRELLA;ÁNCASH;020000;37;495;810;36,55;33,51;1,06;1,07;1;7137;7097;40;7599;7559;40;80
2022;02;03;HOSTAL;01;1 ESTRELLA;APURÍMAC;030000;1;10;20;0;0;0;0;0;0;0;0;0;0;0;0
2022;02;03;HOSTAL;01;1 ESTRELLA;AREQUIPA;040000;52;772;1182;28,19;23,63;1,12;1,12;1,83;6988;6982;6;7820;7809;11;124
2022;02;03;HOSTAL;01;1 ESTRELLA;AYACUCHO;050000;4;91;161;17,54;13,58;1,42;1,42;0;430;430;0;612;612;0;15
2022;02;03;HOSTAL;01;1 ESTRELLA;CAJAMARCA;060000;23;393;604;12,96;9,66;1,33;1,34;1;1225;1206;19;1634;1615;19;68
2022;02;03;HOSTAL;01;1 ESTRELLA;CALLAO;070000;11;204;406;44,74;38,41;1,05;1,05;1,02;4371;4203;167;4575;4404;171;44
2022;02;01;HOTEL;02;2 ESTRELLAS;LIMA;150000;120;5084;9001;44,33;40,45;1,26;1,24;1,88;92518;89534;2984;116706;111104;5602;885
2022;02;01;HOTEL;03;3 ESTRELLAS;LIMA;150000;155;7656;14694;37,23;31,99;1,65;1,46;2,54;79828;66071;13757;131618;96721;34897;1705
2022;02;01;HOTEL;05;5 ESTRELLAS;LIMA;150000;23;4074;8202;42,37;28,28;1,96;1,48;2,84;33072;21349;11723;64937;31674;33263;2438
2022;02;02;APART HOTEL;03;3 ESTRELLAS;LIMA;150000;8;206;366;54,7;44,5;5,22;4,28;6,29;874;465;409;4560;1989;2571;53
2022;02;01;HOTEL;02;2 ESTRELLAS;PASCO;190000;5;146;250;38,92;45,07;1,28;1,28;0;2471;2471;0;3155;3155;0;28
2022;02;01;HOTEL;03;3 ESTRELLAS;PASCO;190000;4;114;217;35,93;39,09;1,88;1,69;3,47;1264;1127;137;2375;1900;475;17
2022;02;02;APART HOTEL;03;3 ESTRELLAS;PASCO;190000;1;10;15;9,29;7,38;1,94;1,93;2;16;15;1;31;29;2;4
2022;02;01;HOTEL;04;4 ESTRELLAS;LIMA;150000;42;4200;7378;30,31;27,54;1,76;1,46;2,65;32417;24319;8098;56899;35440;21459;1533
2022;02;02;APART HOTEL;04;4 ESTRELLAS;LIMA;150000;8;610;1244;63,92;65,14;1,77;1,45;4,52;12786;11437;1349;22688;16594;6094;433
2022;02;02;APART HOTEL;05;5 ESTRELLAS;LIMA;150000;6;399;673;34,9;31,35;2,62;2,08;3,88;2256;1581;675;5907;3288;2619;166
2022;02;01;HOTEL;TT;TODAS CONSOLIDADAS;CALLAO;070000;9;698;1166;58,2;51,81;1,35;1,35;1,35;12517;6218;6299;16916;8413;8503;162
2022;02;01;HOTEL;TT;TODAS CONSOLIDADAS;CUSCO;080000;151;6289;12125;18,1;15,57;1,85;1,8;1,9;28545;12832;15713;52845;23066;29779;2287
2022;02;01;HOTEL;TT;TODAS CONSOLIDADAS;ICA;110000;113;4368;8525;43,64;43,59;1,71;1,71;1,72;60704;55217;5487;104060;94616;9444;1374
2022;02;01;HOTEL;TT;TODAS CONSOLIDADAS;LIMA;150000;350;21389;39916;37,8;31,42;1,63;1,4;2,64;239382;195126;44256;390601;273813;116788;7714
2022;02;02;APART HOTEL;TT;TODAS CONSOLIDADAS;TUMBES;240000;2;18;50;92,86;75,14;3,28;3,27;3,75;321;317;4;1052;1037;15;15
2022;02;03;HOSTAL;01;1 ESTRELLA;CUSCO;080000;22;368;603;21,42;19,62;1,09;1,08;1,33;3039;2908;131;3313;3139;174;49
2022;02;03;HOSTAL;01;1 ESTRELLA;HUANCAVELICA;090000;2;29;45;49,51;33,57;1;1;0;423;423;0;423;423;0;5
2022;02;03;HOSTAL;01;1 ESTRELLA;HUÁNUCO;100000;16;240;360;59,3;67,26;1,25;1,25;0;5416;5416;0;6780;6780;0;45
2022;02;03;HOSTAL;01;1 ESTRELLA;ICA;110000;11;151;218;43,31;39,48;1;1;0;2410;2410;0;2410;2410;0;26
2022;02;03;HOSTAL;01;1 ESTRELLA;JUNÍN;120000;12;170;288;27;19,89;1,26;1,27;1,17;1268;1262;6;1604;1597;7;31
2022;02;03;HOSTAL;01;1 ESTRELLA;LA LIBERTAD;130000;31;439;770;27,12;28,4;1,66;1,66;0;3687;3687;0;6124;6124;0;76
2022;02;03;HOSTAL;01;1 ESTRELLA;LAMBAYEQUE;140000;17;210;270;25,71;22,69;1,15;1,15;1,18;1488;1477;11;1715;1702;13;38
2022;02;03;HOSTAL;01;1 ESTRELLA;LIMA;150000;82;1693;3007;34,55;28,57;1,07;1,06;1,24;28661;28176;485;30604;30001;603;353
2022;02;03;HOSTAL;01;1 ESTRELLA;LORETO;160000;6;91;134;12,87;9,01;2,05;2,02;2,63;165;157;8;338;317;21;19
2022;02;03;HOSTAL;01;1 ESTRELLA;MADRE DE DIOS;170000;1;35;68;24,69;21,01;2;2;0;200;200;0;400;400;0;4
2022;02;03;HOSTAL;01;1 ESTRELLA;MOQUEGUA;180000;14;201;360;18,32;14,79;1,14;1,14;1;1309;1294;15;1491;1476;15;33
2022;02;03;HOSTAL;01;1 ESTRELLA;PASCO;190000;18;336;501;35;30,59;2,89;2,89;0;1487;1487;0;4291;4291;0;49
2022;02;03;HOSTAL;01;1 ESTRELLA;PIURA;200000;2;36;51;24,31;16,95;1,88;1,88;0;129;129;0;242;242;0;8
2022;02;03;HOSTAL;01;1 ESTRELLA;PUNO;210000;27;421;692;24,36;19,82;1,04;1,05;1,01;3684;3333;351;3841;3485;356;59
2022;02;03;HOSTAL;01;1 ESTRELLA;SAN MARTÍN;220000;1;20;34;15;10,71;1,42;1,42;0;72;72;0;102;102;0;8
2022;02;03;HOSTAL;01;1 ESTRELLA;TACNA;230000;9;170;301;11,55;8,96;1;1;0;755;755;0;755;755;0;24
2022;02;03;HOSTAL;02;2 ESTRELLAS;AMAZONAS;010000;52;952;1484;25,3;21,69;1,13;1,12;1,74;7951;7834;117;9012;8808;204;153
2022;02;03;HOSTAL;02;2 ESTRELLAS;ÁNCASH;020000;128;2087;3582;35,82;33,67;1,09;1,09;1,08;31037;30961;76;33769;33687;82;359
2022;02;03;HOSTAL;02;2 ESTRELLAS;APURÍMAC;030000;5;127;199;35,46;29,5;1,13;1,13;2,33;1457;1454;3;1644;1637;7;21
2022;02;03;HOSTAL;02;2 ESTRELLAS;AREQUIPA;040000;123;1953;3534;31,42;27,52;1,23;1,21;1,61;22122;21204;918;27235;25759;1476;344
2022;02;03;HOSTAL;02;2 ESTRELLAS;AYACUCHO;050000;5;62;101;5,13;4,92;2,32;2,2;2,9;60;50;10;139;110;29;16
2022;02;03;HOSTAL;02;2 ESTRELLAS;CAJAMARCA;060000;114;2119;3347;18,06;15,53;1,27;1,27;1,17;11468;11327;141;14557;14392;165;329
2022;02;03;HOSTAL;02;2 ESTRELLAS;CALLAO;070000;6;186;358;56,36;57,06;1,01;1,01;1;5685;5649;36;5720;5684;36;32
2022;02;03;HOSTAL;02;2 ESTRELLAS;CUSCO;080000;52;899;1652;20,55;17,61;1,65;1,48;2,29;4935;3907;1028;8146;5792;2354;154
2022;02;03;HOSTAL;02;2 ESTRELLAS;HUANCAVELICA;090000;1;39;71;11,26;9,51;1,58;1,52;8;120;119;1;189;181;8;4
2022;02;03;HOSTAL;02;2 ESTRELLAS;HUÁNUCO;100000;23;298;499;35,59;31,68;1,01;1,01;1;4362;4351;11;4426;4415;11;62
2022;02;03;HOSTAL;02;2 ESTRELLAS;ICA;110000;61;862;1435;24,95;21,96;1,2;1,2;1,08;7360;7288;72;8823;8745;78;143
2022;02;03;HOSTAL;02;2 ESTRELLAS;JUNÍN;120000;24;386;761;30,19;27,84;1,22;1,22;0;4848;4848;0;5932;5932;0;74
2022;02;03;HOSTAL;02;2 ESTRELLAS;LA LIBERTAD;130000;136;2293;4096;25,49;26,65;1,16;1,16;1,17;26336;26083;253;30561;30266;295;400
2022;02;03;HOSTAL;02;2 ESTRELLAS;LAMBAYEQUE;140000;158;2349;3284;24,01;18,29;1,08;1,08;1,03;15557;15397;160;16818;16653;165;422
2022;02;03;HOSTAL;02;2 ESTRELLAS;MADRE DE DIOS;170000;5;130;195;37,58;32,66;1,26;1,27;1,09;1410;1375;35;1783;1745;38;23
2022;02;03;HOSTAL;02;2 ESTRELLAS;MOQUEGUA;180000;58;824;1326;25,81;20,77;1,59;1,59;1,14;4857;4808;49;7710;7654;56;153
2022;02;03;HOSTAL;02;2 ESTRELLAS;PASCO;190000;14;247;471;29,71;20,58;1,32;1,32;1,38;2051;2043;8;2714;2703;11;39
2022;02;03;HOSTAL;02;2 ESTRELLAS;PIURA;200000;28;552;905;39,53;36,82;1,72;1,72;1,77;5424;5130;294;9330;8810;520;110
2022;02;03;HOSTAL;02;2 ESTRELLAS;PUNO;210000;41;633;1191;22,14;15,87;1,36;1,36;1,48;3886;3714;172;5293;5038;255;105
2022;02;03;HOSTAL;02;2 ESTRELLAS;SAN MARTÍN;220000;18;276;439;29,54;29,8;1,64;1,63;2,6;2228;2188;40;3663;3559;104;62
2022;02;03;HOSTAL;02;2 ESTRELLAS;TACNA;230000;23;397;753;19,39;13,63;1,29;1,29;1,17;2229;2205;24;2874;2846;28;69
2022;02;03;HOSTAL;02;2 ESTRELLAS;TUMBES;240000;5;66;131;13,8;14,89;1,62;1,62;0;337;337;0;546;546;0;22
2022;02;03;HOSTAL;02;2 ESTRELLAS;UCAYALI;250000;2;71;136;29,43;15,91;1,63;1,63;1,2;372;367;5;606;600;6;21
2022;02;03;HOSTAL;03;3 ESTRELLAS;AMAZONAS;010000;10;149;301;18,91;15,64;1,33;1,29;1,98;993;938;55;1318;1209;109;31
2022;02;03;HOSTAL;03;3 ESTRELLAS;ÁNCASH;020000;18;271;537;22,19;16,29;1,76;1,73;2,15;1394;1320;74;2449;2290;159;61
2022;02;03;HOSTAL;03;3 ESTRELLAS;APURÍMAC;030000;1;24;43;39,88;22,26;1,76;1,76;0;152;152;0;268;268;0;7
2022;02;03;HOSTAL;03;3 ESTRELLAS;AREQUIPA;040000;38;644;1198;24,59;19,66;1,73;1,69;1,97;3820;3350;470;6595;5669;926;167
2022;02;03;HOSTAL;03;3 ESTRELLAS;AYACUCHO;050000;2;38;77;41,64;31,12;2,17;2,05;2,95;309;266;43;671;544;127;19
2022;02;03;HOSTAL;03;3 ESTRELLAS;CAJAMARCA;060000;50;780;1272;26;21,77;1,4;1,39;1,83;5540;5464;76;7755;7616;139;154
2022;02;03;HOSTAL;03;3 ESTRELLAS;CUSCO;080000;18;322;611;16,13;11,42;2,1;1,98;2,92;930;807;123;1953;1594;359;57
2022;02;03;HOSTAL;03;3 ESTRELLAS;HUÁNUCO;100000;2;27;50;0;0;0;0;0;0;0;0;0;0;0;0
2022;02;03;HOSTAL;03;3 ESTRELLAS;ICA;110000;31;550;1047;56,84;38,58;1,38;1,37;1,45;8202;7485;717;11309;10269;1040;117
2022;02;03;HOSTAL;03;3 ESTRELLAS;JUNÍN;120000;2;47;88;46,73;37,62;1,85;1,84;2,5;501;495;6;927;912;15;30
2022;02;03;HOSTAL;03;3 ESTRELLAS;LA LIBERTAD;130000;55;914;1754;41,85;37,49;1,08;1,08;1,07;17113;16977;136;18410;18264;146;169
2022;02;03;HOSTAL;03;3 ESTRELLAS;LAMBAYEQUE;140000;22;313;481;32,42;27,72;1,23;1,23;1,33;3039;2994;45;3733;3673;60;74
2022;02;03;HOSTAL;03;3 ESTRELLAS;LIMA;150000;16;335;658;18,6;17,06;1,08;1,08;1,57;2900;2858;42;3143;3077;66;67
2022;02;03;HOSTAL;03;3 ESTRELLAS;LORETO;160000;8;133;229;33,73;22,16;2,4;1,97;3,99;593;468;125;1421;922;499;47
2022;02;03;HOSTAL;03;3 ESTRELLAS;MADRE DE DIOS;170000;1;22;29;33,12;38,67;1,54;1,54;1;204;203;1;314;313;1;4
2022;02;03;HOSTAL;03;3 ESTRELLAS;MOQUEGUA;180000;3;45;74;0;0;0;0;0;0;0;0;0;0;0;0
2022;02;03;HOSTAL;03;3 ESTRELLAS;PASCO;190000;1;9;18;60,71;34,72;1,14;1,14;0;153;153;0;175;175;0;3
2022;02;03;HOSTAL;03;3 ESTRELLAS;PIURA;200000;2;36;76;37,5;40,27;2,11;2,06;3,27;407;392;15;857;808;49;36
2022;02;03;HOSTAL;03;3 ESTRELLAS;PUNO;210000;7;152;265;34,54;26,73;1,83;1,83;1,85;1085;1003;82;1983;1831;152;33
2022;02;03;HOSTAL;03;3 ESTRELLAS;SAN MARTÍN;220000;6;112;245;43,91;42,49;2,2;2,19;2,42;1323;1251;72;2915;2741;174;36
2022;02;03;HOSTAL;03;3 ESTRELLAS;TACNA;230000;6;109;226;16,02;12,12;1,99;1,99;0;386;386;0;767;767;0;19
2022;02;03;HOSTAL;03;3 ESTRELLAS;TUMBES;240000;5;83;174;27,07;20,81;2,49;2,51;2,3;408;358;50;1014;899;115;15
2022;02;03;HOSTAL;03;3 ESTRELLAS;UCAYALI;250000;1;35;52;16,63;15,8;1,98;1,98;0;116;116;0;230;230;0;5
2022;02;03;HOSTAL;TT;TODAS CONSOLIDADAS;AMAZONAS;010000;80;1369;2195;27,64;24,2;1,2;1,19;1,82;12408;12212;196;14871;14514;357;226
2022;02;03;HOSTAL;TT;TODAS CONSOLIDADAS;ÁNCASH;020000;183;2853;4929;34,65;31,75;1,11;1,11;1,48;39568;39378;190;43817;43536;281;500
2022;02;03;HOSTAL;TT;TODAS CONSOLIDADAS;APURÍMAC;030000;7;161;262;33,92;26,06;1,19;1,19;2,33;1609;1606;3;1912;1905;7;28
2022;02;03;HOSTAL;TT;TODAS CONSOLIDADAS;AREQUIPA;040000;213;3369;5914;29,37;25,15;1,26;1,24;1,73;32930;31536;1394;41650;39237;2413;635
2022;02;03;HOSTAL;TT;TODAS CONSOLIDADAS;AYACUCHO;050000;11;191;339;18,31;14,98;1,78;1,7;2,94;799;746;53;1422;1266;156;50
2022;02;03;HOSTAL;TT;TODAS CONSOLIDADAS;CAJAMARCA;060000;187;3292;5223;19,33;16,37;1,31;1,31;1,37;18233;17997;236;23946;23623;323;551
2022;02;03;HOSTAL;TT;TODAS CONSOLIDADAS;CALLAO;070000;17;390;764;50,71;47,87;1,02;1,02;1,02;10496;10300;196;10725;10525;199;77
2022;02;03;HOSTAL;TT;TODAS CONSOLIDADAS;CUSCO;080000;92;1589;2866;19,86;16,71;1,51;1,38;2,25;8904;7622;1282;13412;10525;2887;260
2022;02;03;HOSTAL;TT;TODAS CONSOLIDADAS;HUANCAVELICA;090000;3;68;116;27,57;18,84;1,13;1,11;8;543;542;1;612;604;8;9
2022;02;03;HOSTAL;TT;TODAS CONSOLIDADAS;HUÁNUCO;100000;41;565;909;43,96;44,03;1,15;1,15;1;9778;9767;11;11206;11195;11;107
2022;02;03;HOSTAL;TT;TODAS CONSOLIDADAS;ICA;110000;103;1563;2700;37,94;29,82;1,25;1,25;1,42;17972;17183;789;22542;21424;1118;286
2022;02;03;HOSTAL;TT;TODAS CONSOLIDADAS;JUNÍN;120000;38;603;1137;30,58;26,58;1,28;1,28;1,83;6617;6605;12;8463;8441;22;135
2022;02;03;HOSTAL;TT;TODAS CONSOLIDADAS;LA LIBERTAD;130000;222;3646;6620;29,79;29,72;1,17;1,17;1,13;47136;46747;389;55095;54654;441;645
2022;02;03;HOSTAL;TT;TODAS CONSOLIDADAS;LAMBAYEQUE;140000;197;2872;4035;25,05;19,71;1,11;1,11;1,1;20084;19868;216;22266;22028;238;534
2022;02;03;HOSTAL;TT;TODAS CONSOLIDADAS;LIMA;150000;234;5233;9481;35,32;31,67;1,22;1,17;2,4;85954;82271;3683;105206;96359;8846;1137
2022;02;03;HOSTAL;TT;TODAS CONSOLIDADAS;LORETO;160000;19;296;475;24,66;18,63;1,99;1,77;3,29;1244;1064;180;2478;1885;593;80
2022;02;03;HOSTAL;TT;TODAS CONSOLIDADAS;MADRE DE DIOS;170000;7;187;292;34,64;30,54;1,38;1,38;1,08;1814;1778;36;2497;2458;39;31
2022;02;03;HOSTAL;TT;TODAS CONSOLIDADAS;MOQUEGUA;180000;75;1070;1760;23,32;18,67;1,49;1,5;1,11;6166;6102;64;9201;9130;71;186
2022;02;03;HOSTAL;TT;TODAS CONSOLIDADAS;PASCO;190000;33;592;990;33,19;25,9;1,95;1,95;1,38;3691;3683;8;7180;7169;11;91
2022;02;03;HOSTAL;TT;TODAS CONSOLIDADAS;PIURA;200000;32;624;1032;38,53;36,09;1,75;1,74;1,84;5960;5651;309;10429;9860;569;154
2022;02;03;HOSTAL;TT;TODAS CONSOLIDADAS;PUNO;210000;75;1206;2148;24,48;18,48;1,28;1,29;1,26;8655;8050;605;11117;10354;763;197
2022;02;03;HOSTAL;TT;TODAS CONSOLIDADAS;SAN MARTÍN;220000;25;408;718;32,77;33,23;1,84;1,82;2,48;3623;3511;112;6680;6402;278;106
2022;02;03;HOSTAL;TT;TODAS CONSOLIDADAS;TACNA;230000;38;676;1280;16,87;12,27;1,3;1,31;1,17;3370;3346;24;4396;4368;28;112
2022;02;03;HOSTAL;TT;TODAS CONSOLIDADAS;TUMBES;240000;10;149;305;21,19;18,27;2,09;2,08;2,3;745;695;50;1560;1445;115;37
2022;02;03;HOSTAL;TT;TODAS CONSOLIDADAS;UCAYALI;250000;3;106;188;25,2;15,88;1,71;1,72;1,2;488;483;5;836;830;6;26
2022;02;05;ALBERGUE;12;ALBERGUE;AMAZONAS;010000;1;6;11;0;0;0;0;0;0;0;0;0;0;0;0
2022;02;05;ALBERGUE;12;ALBERGUE;ÁNCASH;020000;7;76;162;3,57;2,03;1;1;0;92;92;0;92;92;0;15
2022;02;05;ALBERGUE;12;ALBERGUE;AREQUIPA;040000;4;94;225;28,23;24,13;1,47;1,5;1,4;1036;738;298;1520;1104;416;83
2022;02;05;ALBERGUE;12;ALBERGUE;CAJAMARCA;060000;1;11;22;0;0;0;0;0;0;0;0;0;0;0;0
2022;02;05;ALBERGUE;12;ALBERGUE;CUSCO;080000;9;152;559;23,64;16,66;1,9;1,89;1,91;1370;284;1086;2608;538;2070;67
2022;02;05;ALBERGUE;12;ALBERGUE;ICA;110000;1;10;28;21,07;21,56;1,52;1,51;1,8;111;106;5;169;160;9;4
2022;02;05;ALBERGUE;12;ALBERGUE;JUNÍN;120000;1;32;104;28,35;22,97;1,75;1,76;1,5;382;372;10;669;654;15;16
2022;02;05;ALBERGUE;12;ALBERGUE;LIMA;150000;8;128;346;32,87;26,93;1,54;1,28;1,71;1698;688;1010;2609;883;1726;44
2022;02;05;ALBERGUE;12;ALBERGUE;LORETO;160000;55;730;1562;13,61;13;1,76;1,56;2,23;3227;2234;993;5687;3476;2211;219
2022;02;05;ALBERGUE;12;ALBERGUE;MADRE DE DIOS;170000;9;267;475;7,72;6,8;2,99;2,84;3,05;303;90;213;905;256;649;241
2022;02;05;ALBERGUE;12;ALBERGUE;PASCO;190000;12;206;599;7,84;8,42;1,56;1,49;3,86;903;875;28;1413;1305;108;37
2022;02;05;ALBERGUE;12;ALBERGUE;PUNO;210000;1;13;35;0;0;0;0;0;0;0;0;0;0;0;0
2022;02;05;ALBERGUE;12;ALBERGUE;SAN MARTÍN;220000;9;177;408;24,48;20,89;1,88;1,88;1,94;1268;1185;83;2386;2225;161;59
2022;02;05;ALBERGUE;12;ALBERGUE;UCAYALI;250000;4;47;122;18,01;15,28;1,94;1,73;3,07;269;226;43;522;390;132;21
2022;02;05;ALBERGUE;TT;TODAS CONSOLIDADAS;AMAZONAS;010000;1;6;11;0;0;0;0;0;0;0;0;0;0;0;0
2022;02;05;ALBERGUE;TT;TODAS CONSOLIDADAS;ÁNCASH;020000;7;76;162;3,57;2,03;1;1;0;92;92;0;92;92;0;15
2022;02;05;ALBERGUE;TT;TODAS CONSOLIDADAS;AREQUIPA;040000;4;94;225;28,23;24,13;1,47;1,5;1,4;1036;738;298;1520;1104;416;83
2022;02;05;ALBERGUE;TT;TODAS CONSOLIDADAS;CAJAMARCA;060000;1;11;22;0;0;0;0;0;0;0;0;0;0;0;0
2022;02;05;ALBERGUE;TT;TODAS CONSOLIDADAS;CUSCO;080000;9;152;559;23,64;16,66;1,9;1,89;1,91;1370;284;1086;2608;538;2070;67
2022;02;05;ALBERGUE;TT;TODAS CONSOLIDADAS;JUNÍN;120000;1;32;104;28,35;22,97;1,75;1,76;1,5;382;372;10;669;654;15;16
2022;02;05;ALBERGUE;TT;TODAS CONSOLIDADAS;LIMA;150000;8;128;346;32,87;26,93;1,54;1,28;1,71;1698;688;1010;2609;883;1726;44
2022;02;05;ALBERGUE;TT;TODAS CONSOLIDADAS;LORETO;160000;55;730;1562;13,61;13;1,76;1,56;2,23;3227;2234;993;5687;3476;2211;219
2022;02;05;ALBERGUE;TT;TODAS CONSOLIDADAS;MADRE DE DIOS;170000;9;267;475;7,72;6,8;2,99;2,84;3,05;303;90;213;905;256;649;241
2022;02;05;ALBERGUE;TT;TODAS CONSOLIDADAS;PASCO;190000;12;206;599;7,84;8,42;1,56;1,49;3,86;903;875;28;1413;1305;108;37
2022;02;05;ALBERGUE;TT;TODAS CONSOLIDADAS;PUNO;210000;1;13;35;0;0;0;0;0;0;0;0;0;0;0;0
2022;02;05;ALBERGUE;TT;TODAS CONSOLIDADAS;SAN MARTÍN;220000;9;177;408;24,48;20,89;1,88;1,88;1,94;1268;1185;83;2386;2225;161;59
2022;02;05;ALBERGUE;TT;TODAS CONSOLIDADAS;UCAYALI;250000;4;47;122;18,01;15,28;1,94;1,73;3,07;269;226;43;522;390;132;21
2022;02;14;RESORT;03;3 ESTRELLAS;ICA;110000;1;51;86;0;0;0;0;0;0;0;0;0;0;0;0
2022;02;14;RESORT;04;4 ESTRELLAS;TUMBES;240000;1;402;1101;87,22;80,33;2,43;2,41;3,67;10201;10069;132;24763;24278;485;508
2022;02;14;RESORT;05;5 ESTRELLAS;ICA;110000;1;115;252;84,44;109,65;1,9;1,9;1,85;4077;3905;172;7737;7418;319;90
2022;02;14;RESORT;TT;TODAS CONSOLIDADAS;ICA;110000;2;166;338;58,5;81,75;1,9;1,9;1,85;4077;3905;172;7737;7418;319;90
2022;02;14;RESORT;TT;TODAS CONSOLIDADAS;TUMBES;240000;1;402;1101;87,22;80,33;2,43;2,41;3,67;10201;10069;132;24763;24278;485;508
2022;02;16;ECOLODGE;13;ECOLODGE;AREQUIPA;040000;1;23;51;6,06;7,56;1,5;1,49;1,51;72;35;37;108;52;56;8
2022;02;16;ECOLODGE;TT;TODAS CONSOLIDADAS;AREQUIPA;040000;1;23;51;6,06;7,56;1,5;1,49;1,51;72;35;37;108;52;56;8
2022;02;16;ECOLODGE;TT;TODAS CONSOLIDADAS;SAN MARTÍN;220000;1;12;24;0;0;0;0;0;0;0;0;0;0;0;0
2022;02;TT;TODAS CONSOLIDADAS;00;NO CATEGORIZADO;AMAZONAS;010000;266;2472;4006;19,07;15,08;1,18;1,18;1,07;14314;14172;142;16919;16767;152;464
2022;02;TT;TODAS CONSOLIDADAS;00;NO CATEGORIZADO;ÁNCASH;020000;601;5661;9808;20,54;17,86;1,13;1,13;1,43;43272;42920;352;49060;48558;502;988
2022;02;TT;TODAS CONSOLIDADAS;00;NO CATEGORIZADO;APURÍMAC;030000;482;4391;6755;16,99;13,02;1,15;1,15;1,52;21437;21284;153;24625;24392;233;460
2022;02;TT;TODAS CONSOLIDADAS;00;NO CATEGORIZADO;AYACUCHO;050000;536;5184;8224;16,62;13,32;1,21;1,21;1,25;25272;25071;201;30665;30414;251;575
2022;02;TT;TODAS CONSOLIDADAS;00;NO CATEGORIZADO;CAJAMARCA;060000;627;6125;9521;16,02;14,33;1,16;1,16;1;33052;33016;36;38201;38165;36;1097
2022;02;TT;TODAS CONSOLIDADAS;00;NO CATEGORIZADO;CALLAO;070000;253;3600;6670;35,16;32,25;1,01;1;1,25;105742;104810;932;106439;105279;1160;944
2022;02;TT;TODAS CONSOLIDADAS;00;NO CATEGORIZADO;CUSCO;080000;1821;17642;31607;17,26;14,45;1,56;1,37;2,04;82129;59318;22811;127899;81387;46512;3315
2022;02;TT;TODAS CONSOLIDADAS;00;NO CATEGORIZADO;HUANCAVELICA;090000;190;2229;3441;18,22;13,74;1,07;1,07;1;12403;12400;3;13241;13238;3;269
2022;02;TT;TODAS CONSOLIDADAS;00;NO CATEGORIZADO;HUÁNUCO;100000;474;5278;7808;19,9;16,85;1,1;1,1;1,05;33456;33181;275;36832;36543;289;685
2022;02;TT;TODAS CONSOLIDADAS;00;NO CATEGORIZADO;JUNÍN;120000;1292;13803;22248;18,36;14,09;1,17;1,17;1,72;74730;74409;321;87791;87240;551;2383
2022;02;TT;TODAS CONSOLIDADAS;00;NO CATEGORIZADO;LAMBAYEQUE;140000;384;3964;5711;20,57;16,34;1,03;1,03;1,1;25352;24700;652;26122;25407;715;540
2022;02;TT;TODAS CONSOLIDADAS;00;NO CATEGORIZADO;MADRE DE DIOS;170000;307;4223;6964;21,73;17,01;1,17;1,16;1,39;28416;27303;1113;33161;31610;1551;517
2022;02;TT;TODAS CONSOLIDADAS;00;NO CATEGORIZADO;MOQUEGUA;180000;189;1796;3077;17;12,05;1,43;1,43;1,44;7273;7203;70;10378;10277;101;218
2022;02;TT;TODAS CONSOLIDADAS;00;NO CATEGORIZADO;PASCO;190000;306;3328;5179;19,26;14,87;1,2;1,2;1,11;17956;17901;55;21565;21504;61;573
2022;02;TT;TODAS CONSOLIDADAS;00;NO CATEGORIZADO;PIURA;200000;1015;10456;19071;47,95;37,45;1,72;1,71;1,93;116093;111454;4639;199969;191013;8956;2058
2022;02;TT;TODAS CONSOLIDADAS;00;NO CATEGORIZADO;PUNO;210000;697;6580;11182;22,93;19,14;1,16;1,16;1,07;51793;48906;2887;59923;56835;3088;1194
2022;02;TT;TODAS CONSOLIDADAS;00;NO CATEGORIZADO;SAN MARTÍN;220000;766;8612;13373;30,71;25,79;1,32;1,31;1,62;73237;71987;1250;96569;94545;2024;1137
2022;02;TT;TODAS CONSOLIDADAS;00;NO CATEGORIZADO;TACNA;230000;412;3918;7069;10,58;7,9;1,19;1,19;1,22;13120;11309;1811;15638;13432;2206;480
2022;02;TT;TODAS CONSOLIDADAS;00;NO CATEGORIZADO;TUMBES;240000;216;2236;4380;27,97;21,4;2,07;2,07;2,15;12655;12380;275;26246;25656;590;377
2022;02;TT;TODAS CONSOLIDADAS;00;NO CATEGORIZADO;UCAYALI;250000;474;5027;7765;20,94;17,09;1,7;1,7;2,02;21842;21474;368;37154;36412;742;912
2022;02;TT;TODAS CONSOLIDADAS;01;1 ESTRELLA;AMAZONAS;010000;19;288;452;39,06;36,58;1,3;1,3;1,8;3552;3527;25;4630;4585;45;48
2022;02;TT;TODAS CONSOLIDADAS;01;1 ESTRELLA;ÁNCASH;020000;50;876;1399;30;27,21;1,11;1,11;1;9586;9546;40;10658;10618;40;133
2022;02;TT;TODAS CONSOLIDADAS;01;1 ESTRELLA;APURÍMAC;030000;3;89;132;20,39;14,61;1,05;1,05;0;515;515;0;540;540;0;10
2022;02;TT;TODAS CONSOLIDADAS;01;1 ESTRELLA;AREQUIPA;040000;58;982;1549;30,11;23,27;1,19;1,18;3,04;8457;8402;55;10093;9926;167;156
2022;02;TT;TODAS CONSOLIDADAS;01;1 ESTRELLA;AYACUCHO;050000;11;269;470;19,38;18,88;2,74;2,74;0;908;908;0;2485;2485;0;43
2022;02;TT;TODAS CONSOLIDADAS;01;1 ESTRELLA;CAJAMARCA;060000;29;563;882;12,86;9,85;1,26;1,26;1;1935;1909;26;2432;2406;26;95
2022;02;TT;TODAS CONSOLIDADAS;01;1 ESTRELLA;CALLAO;070000;12;238;474;41,82;36,5;1,04;1,04;1,02;4896;4729;167;5101;4931;170;47
2022;02;TT;TODAS CONSOLIDADAS;01;1 ESTRELLA;HUANCAVELICA;090000;2;29;45;49,51;33,57;1;1;0;423;423;0;423;423;0;5
2022;02;TT;TODAS CONSOLIDADAS;01;1 ESTRELLA;HUÁNUCO;100000;25;512;765;53,39;54,81;1,15;1,15;0;10219;10219;0;11740;11740;0;91
2022;02;TT;TODAS CONSOLIDADAS;01;1 ESTRELLA;ICA;110000;15;233;326;28,07;26,4;1;1;0;2410;2410;0;2410;2410;0;26
2022;02;TT;TODAS CONSOLIDADAS;01;1 ESTRELLA;JUNÍN;120000;18;416;799;19,14;13,23;1,33;1,33;1,17;2228;2222;6;2959;2952;7;59
2022;02;TT;TODAS CONSOLIDADAS;01;1 ESTRELLA;LAMBAYEQUE;140000;19;273;340;20,72;18,7;1,15;1,15;1,18;1553;1542;11;1780;1767;13;49
2022;02;TT;TODAS CONSOLIDADAS;01;1 ESTRELLA;LORETO;160000;6;91;134;12,87;9,01;2,05;2,02;2,63;165;157;8;338;317;21;19
2022;02;TT;TODAS CONSOLIDADAS;01;1 ESTRELLA;MADRE DE DIOS;170000;6;181;318;39,21;32,14;1,09;1,09;1;2616;2599;17;2862;2845;17;28
2022;02;TT;TODAS CONSOLIDADAS;01;1 ESTRELLA;MOQUEGUA;180000;15;222;402;17,36;14,12;1,16;1,16;1;1371;1355;16;1589;1573;16;37
2022;02;TT;TODAS CONSOLIDADAS;01;1 ESTRELLA;PASCO;190000;24;504;773;28,17;23,02;2,29;2,29;0;2178;2178;0;4982;4982;0;79
2022;02;TT;TODAS CONSOLIDADAS;01;1 ESTRELLA;PIURA;200000;4;76;128;14,14;15,65;1,42;1,42;0;394;394;0;561;561;0;14
2022;02;TT;TODAS CONSOLIDADAS;01;1 ESTRELLA;PUNO;210000;32;549;922;22,87;17,66;1,07;1,07;1,02;4272;3860;412;4560;4138;422;77
2022;02;TT;TODAS CONSOLIDADAS;01;1 ESTRELLA;SAN MARTÍN;220000;7;146;229;50,27;51,43;1,27;1,27;1,34;2599;2522;77;3298;3195;103;32
2022;02;TT;TODAS CONSOLIDADAS;01;1 ESTRELLA;TACNA;230000;11;227;413;10,71;8,28;1,1;1,1;2;867;861;6;957;945;12;29
2022;02;TT;TODAS CONSOLIDADAS;02;2 ESTRELLAS;AMAZONAS;010000;81;1721;2696;23,67;20,51;1,17;1,17;1,75;13196;13033;163;15485;15200;285;278
2022;02;TT;TODAS CONSOLIDADAS;02;2 ESTRELLAS;ÁNCASH;020000;171;3244;5665;32,07;28,61;1,13;1,13;1,23;40015;39855;160;45389;45192;197;545
2022;02;TT;TODAS CONSOLIDADAS;02;2 ESTRELLAS;APURÍMAC;030000;9;307;506;20,91;17,12;1,14;1,13;2,6;2131;2126;5;2426;2413;13;35
2022;02;TT;TODAS CONSOLIDADAS;02;2 ESTRELLAS;AREQUIPA;040000;162;3047;5477;26,52;23,36;1,25;1,23;1,64;28726;27574;1152;35822;33935;1887;521
2022;02;TT;TODAS CONSOLIDADAS;02;2 ESTRELLAS;AYACUCHO;050000;13;306;538;15,78;18,49;1,7;1,7;1,7;1641;1578;63;2786;2679;107;55
2022;02;TT;TODAS CONSOLIDADAS;02;2 ESTRELLAS;CAJAMARCA;060000;152;3178;4945;17,96;15,05;1,24;1,24;1,17;16784;16582;202;20842;20606;236;497
2022;02;TT;TODAS CONSOLIDADAS;02;2 ESTRELLAS;CALLAO;070000;8;246;465;49,71;51,03;1,01;1,01;1,04;6594;6518;76;6644;6565;79;39
2022;02;TT;TODAS CONSOLIDADAS;02;2 ESTRELLAS;CUSCO;080000;100;2159;3973;13,64;11,82;1,62;1,49;2;8104;6022;2082;13144;8974;4170;448
2022;02;TT;TODAS CONSOLIDADAS;02;2 ESTRELLAS;HUANCAVELICA;090000;3;85;156;23,11;18,54;1,09;1,08;8;741;740;1;810;802;8;13
2022;02;TT;TODAS CONSOLIDADAS;02;2 ESTRELLAS;HUÁNUCO;100000;64;1537;2447;33,96;31,29;1,16;1,16;1,3;18450;18423;27;21441;21406;35;266
2022;02;TT;TODAS CONSOLIDADAS;02;2 ESTRELLAS;ICA;110000;110;2215;3781;25,12;21,75;1,32;1,32;1,15;17432;17257;175;23021;22820;201;372
2022;02;TT;TODAS CONSOLIDADAS;02;2 ESTRELLAS;JUNÍN;120000;50;1177;2152;26,5;21,77;1,32;1,31;2,09;9947;9880;67;13115;12975;140;192
2022;02;TT;TODAS CONSOLIDADAS;02;2 ESTRELLAS;LA LIBERTAD;130000;156;2765;4959;25,72;26,98;1,18;1,18;1,26;31684;31352;332;37467;37048;419;497
2022;02;TT;TODAS CONSOLIDADAS;02;2 ESTRELLAS;LAMBAYEQUE;140000;228;4322;6260;23,05;17,55;1,14;1,14;1,5;26888;26586;302;30763;30309;454;724
2022;02;TT;TODAS CONSOLIDADAS;02;2 ESTRELLAS;LIMA;150000;256;8289;14817;43,22;39,54;1,28;1,24;2,19;163747;157131;6617;209405;194917;14488;1685
2022;02;TT;TODAS CONSOLIDADAS;02;2 ESTRELLAS;LORETO;160000;19;412;662;25,25;19,19;1,66;1,64;1,72;2147;1772;375;3557;2912;645;74
2022;02;TT;TODAS CONSOLIDADAS;02;2 ESTRELLAS;MADRE DE DIOS;170000;13;357;593;33,67;25,28;1,29;1,29;1,21;3253;3186;67;4197;4116;81;63
2022;02;TT;TODAS CONSOLIDADAS;02;2 ESTRELLAS;MOQUEGUA;180000;74;1237;2029;33,62;25,11;2,01;2,01;1,51;7113;6999;114;14268;14096;172;228
2022;02;TT;TODAS CONSOLIDADAS;02;2 ESTRELLAS;PASCO;190000;19;393;721;33,13;29,07;1,3;1,3;1,38;4522;4514;8;5869;5858;11;67
2022;02;TT;TODAS CONSOLIDADAS;02;2 ESTRELLAS;PIURA;200000;48;1031;1695;34,47;32,14;1,77;1,77;1,73;8607;8200;407;15253;14550;703;198
2022;02;TT;TODAS CONSOLIDADAS;02;2 ESTRELLAS;PUNO;210000;61;1117;2048;18,2;13,71;1,37;1,36;1,41;5758;5547;211;7861;7563;298;170
2022;02;TT;TODAS CONSOLIDADAS;02;2 ESTRELLAS;SAN MARTÍN;220000;48;1125;1890;39,94;35,88;1,95;1,95;2,07;9732;9557;175;18986;18623;363;245
2022;02;03;HOSTAL;02;2 ESTRELLAS;LIMA;150000;136;3205;5816;40,83;37,62;1,32;1,24;2,59;62077;58376;3701;81929;72352;9577;744
2022;02;TT;TODAS CONSOLIDADAS;00;NO CATEGORIZADO;LIMA;150000;6205;52700;91607;26,54;23,93;1,15;1,14;1,35;2444428;2343145;101283;2800654;2664290;136363;37572
2022;02;03;HOSTAL;02;2 ESTRELLAS;LORETO;160000;5;72;112;22,82;22,93;1,48;1,47;1,55;486;439;47;719;646;73;14
2022;02;05;ALBERGUE;TT;TODAS CONSOLIDADAS;ICA;110000;1;10;28;21,07;21,56;1,52;1,51;1,8;111;106;5;169;160;9;4
2022;02;TT;TODAS CONSOLIDADAS;00;NO CATEGORIZADO;ICA;110000;748;8182;13980;24,7;20,95;1,18;1,18;1,24;69300;62037;7263;82001;73018;8983;1458
2022;02;16;ECOLODGE;13;ECOLODGE;SAN MARTÍN;220000;1;12;24;0;0;0;0;0;0;0;0;0;0;0;0
2022;02;TT;TODAS CONSOLIDADAS;00;NO CATEGORIZADO;AREQUIPA;040000;1123;9974;16820;22,71;21,32;1,38;1,32;1,91;72567;64809;7758;100423;85598;14825;1883
2022;02;TT;TODAS CONSOLIDADAS;00;NO CATEGORIZADO;LA LIBERTAD;130000;843;6824;11438;21,9;21,75;1,17;1,16;1,84;59703;59223;480;69665;68781;884;766
2022;02;TT;TODAS CONSOLIDADAS;01;1 ESTRELLA;LA LIBERTAD;130000;36;555;971;25,97;25,61;1,54;1,54;1;4525;4511;14;6962;6948;14;95
2022;02;TT;TODAS CONSOLIDADAS;00;NO CATEGORIZADO;LORETO;160000;724;6586;10320;17,72;14,95;1,55;1,51;1,69;27795;21150;6645;43194;31954;11240;731
2022;02;TT;TODAS CONSOLIDADAS;01;1 ESTRELLA;CUSCO;080000;27;508;839;18,32;16,18;1,08;1,07;1,33;3520;3389;131;3800;3626;174;68
2022;02;TT;TODAS CONSOLIDADAS;01;1 ESTRELLA;LIMA;150000;92;2068;3648;37,49;33,04;1,09;1,09;1,24;37614;37122;492;41053;40445;609;407
2022;02;TT;TODAS CONSOLIDADAS;02;2 ESTRELLAS;TACNA;230000;56;1322;2638;19,69;13,72;1,52;1,52;1,28;6682;6625;57;10131;10058;73;240
2022;02;TT;TODAS CONSOLIDADAS;02;2 ESTRELLAS;TUMBES;240000;13;324;680;56,53;30,43;9,01;9,01;0;643;643;0;5794;5794;0;71
2022;02;TT;TODAS CONSOLIDADAS;02;2 ESTRELLAS;UCAYALI;250000;4;129;229;21,65;12,94;2,02;2,03;1,2;410;405;5;830;824;6;32
2022;02;TT;TODAS CONSOLIDADAS;03;3 ESTRELLAS;AMAZONAS;010000;28;573;1042;24,58;20,48;1,37;1,38;1,31;4351;3736;615;5976;5170;806;144
2022;02;TT;TODAS CONSOLIDADAS;03;3 ESTRELLAS;ÁNCASH;020000;61;1587;2918;30,18;23,08;1,39;1,41;1,18;13608;12138;1470;18857;17116;1741;352
2022;02;TT;TODAS CONSOLIDADAS;03;3 ESTRELLAS;APURÍMAC;030000;5;143;245;56,67;39,9;1,48;1,47;1,72;1847;1761;86;2737;2589;148;34
2022;02;TT;TODAS CONSOLIDADAS;03;3 ESTRELLAS;AREQUIPA;040000;103;2477;4550;24,7;20,8;1,84;1,77;2,41;14383;12850;1533;26502;22801;3701;648
2022;02;TT;TODAS CONSOLIDADAS;03;3 ESTRELLAS;AYACUCHO;050000;11;340;652;17,58;17,55;2,21;2,18;2,48;1452;1328;124;3204;2897;307;110
2022;02;TT;TODAS CONSOLIDADAS;03;3 ESTRELLAS;CAJAMARCA;060000;117;2835;4667;23,38;19,76;1,48;1,47;1,68;17498;17273;225;25821;25443;378;591
2022;02;TT;TODAS CONSOLIDADAS;03;3 ESTRELLAS;CALLAO;070000;4;233;392;39,13;35,4;1,61;1,56;1,84;2414;1959;455;3886;3051;835;47
2022;02;TT;TODAS CONSOLIDADAS;03;3 ESTRELLAS;CUSCO;080000;90;3045;5987;14,98;12,04;1,91;1,93;1,88;10587;5676;4911;20185;10928;9257;813
2022;02;TT;TODAS CONSOLIDADAS;03;3 ESTRELLAS;HUANCAVELICA;090000;2;65;108;8,63;6,45;1,39;1,39;0;140;140;0;195;195;0;20
2022;02;TT;TODAS CONSOLIDADAS;03;3 ESTRELLAS;HUÁNUCO;100000;15;531;997;22,07;18,3;1,43;1,42;1,6;3583;3459;124;5110;4912;198;106
2022;02;TT;TODAS CONSOLIDADAS;03;3 ESTRELLAS;ICA;110000;83;2455;4860;48,76;42,18;1,52;1,52;1,53;37714;33399;4315;57396;50798;6598;576
2022;02;TT;TODAS CONSOLIDADAS;03;3 ESTRELLAS;JUNÍN;120000;21;792;1474;20,05;15,36;1,62;1,62;1,82;3904;3848;56;6339;6237;102;194
2022;02;TT;TODAS CONSOLIDADAS;03;3 ESTRELLAS;LA LIBERTAD;130000;140;3448;6465;38,74;32,52;1,46;1,44;1,98;40404;39221;1183;58866;56529;2337;759
2022;02;TT;TODAS CONSOLIDADAS;03;3 ESTRELLAS;LAMBAYEQUE;140000;61;1625;2688;31,46;27,34;1,43;1,43;1,68;14342;13797;545;20579;19661;918;327
2022;02;TT;TODAS CONSOLIDADAS;03;3 ESTRELLAS;LIMA;150000;179;8197;15718;36,9;31,66;1,67;1,47;2,64;83602;69394;14208;139321;101787;37534;1825
2022;02;TT;TODAS CONSOLIDADAS;03;3 ESTRELLAS;LORETO;160000;30;821;1434;33,64;25,14;2,5;2,47;2,69;4032;3458;574;10094;8552;1542;228
2022;02;TT;TODAS CONSOLIDADAS;03;3 ESTRELLAS;MOQUEGUA;180000;11;315;574;43,93;45,91;2,23;2,23;2,22;3309;3244;65;7378;7234;144;66
2022;02;TT;TODAS CONSOLIDADAS;03;3 ESTRELLAS;PUNO;210000;32;1002;1911;22;18,43;1,87;1,94;1,65;5262;4141;1121;9863;8018;1845;199
2022;02;TT;TODAS CONSOLIDADAS;03;3 ESTRELLAS;SAN MARTÍN;220000;28;864;1579;31,09;27,84;1,69;1,68;2,09;7304;7132;172;12308;11948;360;244
2022;02;TT;TODAS CONSOLIDADAS;03;3 ESTRELLAS;UCAYALI;250000;16;572;939;33,15;25,18;1,91;1,93;1,68;3465;3175;290;6620;6134;486;133
2022;02;TT;TODAS CONSOLIDADAS;04;4 ESTRELLAS;AREQUIPA;040000;11;473;942;36,31;28,44;1,86;1,91;1,68;4023;3199;824;7501;6120;1381;163
2022;02;TT;TODAS CONSOLIDADAS;04;4 ESTRELLAS;CAJAMARCA;060000;3;142;228;57,97;58,87;1,85;1,82;2,23;2036;1922;114;3758;3504;254;72
2022;02;TT;TODAS CONSOLIDADAS;04;4 ESTRELLAS;CALLAO;070000;2;371;599;77,77;69,15;1,33;1,38;1,31;8690;2888;5802;11598;3975;7623;105
2022;02;TT;TODAS CONSOLIDADAS;04;4 ESTRELLAS;CUSCO;080000;12;920;1751;38,61;31,84;2,02;1,82;2,21;7713;3655;4058;15611;6648;8963;427
2022;02;TT;TODAS CONSOLIDADAS;04;4 ESTRELLAS;HUÁNUCO;100000;1;61;104;34,19;27,3;1,66;1,68;1,37;480;450;30;795;754;41;23
2022;02;TT;TODAS CONSOLIDADAS;04;4 ESTRELLAS;ICA;110000;7;744;1550;48,56;58,87;2,05;2,06;1,95;12452;11719;733;25549;24118;1431;396
2022;02;TT;TODAS CONSOLIDADAS;04;4 ESTRELLAS;JUNÍN;120000;1;40;66;45,89;27,81;1,53;1,54;1;335;333;2;514;512;2;21
2022;02;TT;TODAS CONSOLIDADAS;04;4 ESTRELLAS;LA LIBERTAD;130000;3;206;326;53,95;61,21;1,78;1,74;2,06;3130;2698;432;5587;4698;889;79
2022;02;TT;TODAS CONSOLIDADAS;04;4 ESTRELLAS;LAMBAYEQUE;140000;5;352;577;61,94;66,79;1,54;1,49;2,13;6990;6444;546;10791;9627;1164;239
2022;02;TT;TODAS CONSOLIDADAS;04;4 ESTRELLAS;LIMA;150000;50;4810;8622;34,57;32,97;1,76;1,46;2,92;45203;35756;9447;79587;52034;27553;1966
2022;02;TT;TODAS CONSOLIDADAS;04;4 ESTRELLAS;LORETO;160000;3;103;173;26,32;21,55;1,82;2;1,47;574;379;195;1044;758;286;33
2022;02;TT;TODAS CONSOLIDADAS;04;4 ESTRELLAS;PIURA;200000;3;299;552;46,64;46,85;1,79;1,72;2,3;4037;3507;530;7241;6022;1219;49
2022;02;TT;TODAS CONSOLIDADAS;04;4 ESTRELLAS;PUNO;210000;7;447;842;17,58;14,54;2,08;2,25;1,85;1647;966;681;3427;2169;1258;110
2022;02;TT;TODAS CONSOLIDADAS;04;4 ESTRELLAS;SAN MARTÍN;220000;1;24;49;59,97;60,13;2,12;2,13;2;389;374;15;825;795;30;16
2022;02;TT;TODAS CONSOLIDADAS;04;4 ESTRELLAS;TACNA;230000;1;150;300;19,21;16,7;1,96;1,95;2,21;714;662;52;1403;1288;115;32
2022;02;TT;TODAS CONSOLIDADAS;04;4 ESTRELLAS;TUMBES;240000;6;667;1623;75,31;72,65;2,29;2,29;2,46;14395;13887;508;33016;31767;1249;628
2022;02;TT;TODAS CONSOLIDADAS;05;5 ESTRELLAS;AREQUIPA;040000;3;241;352;51,02;47,99;2,22;2,04;3,03;2128;1733;395;4730;3535;1195;120
2022;02;TT;TODAS CONSOLIDADAS;05;5 ESTRELLAS;CUSCO;080000;14;1246;2441;20,45;19,78;1,8;1,99;1,74;7525;1712;5813;13517;3415;10102;791
2022;02;TT;TODAS CONSOLIDADAS;05;5 ESTRELLAS;ICA;110000;4;460;1066;90,57;87,06;2,04;2,02;2,16;12757;11532;1225;25987;23336;2651;385
2022;02;TT;TODAS CONSOLIDADAS;05;5 ESTRELLAS;LORETO;160000;1;60;91;81,37;91,6;2,43;2,53;2,18;959;686;273;2334;1738;596;49
2022;02;TT;TODAS CONSOLIDADAS;05;5 ESTRELLAS;PIURA;200000;1;83;168;73,32;65,48;1,9;1,83;2,36;1619;1407;212;3080;2580;500;60
2022;02;TT;TODAS CONSOLIDADAS;05;5 ESTRELLAS;PUNO;210000;1;123;231;60,16;54,55;1,89;1,89;1,88;1868;1650;218;3528;3118;410;45
2022;02;TT;TODAS CONSOLIDADAS;05;5 ESTRELLAS;SAN MARTÍN;220000;1;50;108;42,57;55,89;1,67;1,68;1,29;1011;994;17;1690;1668;22;63
2022;02;TT;TODAS CONSOLIDADAS;05;5 ESTRELLAS;UCAYALI;250000;2;162;300;31,5;27,6;2,4;2,35;2,84;966;876;90;2318;2062;256;60
2022;02;TT;TODAS CONSOLIDADAS;12;ALBERGUE;AMAZONAS;010000;1;6;11;0;0;0;0;0;0;0;0;0;0;0;0
2022;02;TT;TODAS CONSOLIDADAS;12;ALBERGUE;ÁNCASH;020000;7;76;162;3,57;2,03;1;1;0;92;92;0;92;92;0;15
2022;02;TT;TODAS CONSOLIDADAS;12;ALBERGUE;AREQUIPA;040000;4;94;225;28,23;24,13;1,47;1,5;1,4;1036;738;298;1520;1104;416;83
2022;02;TT;TODAS CONSOLIDADAS;12;ALBERGUE;CAJAMARCA;060000;1;11;22;0;0;0;0;0;0;0;0;0;0;0;0
2022;02;TT;TODAS CONSOLIDADAS;12;ALBERGUE;CUSCO;080000;9;152;559;23,64;16,66;1,9;1,89;1,91;1370;284;1086;2608;538;2070;67
2022;02;TT;TODAS CONSOLIDADAS;12;ALBERGUE;ICA;110000;1;10;28;21,07;21,56;1,52;1,51;1,8;111;106;5;169;160;9;4
2022;02;TT;TODAS CONSOLIDADAS;12;ALBERGUE;JUNÍN;120000;1;32;104;28,35;22,97;1,75;1,76;1,5;382;372;10;669;654;15;16
2022;02;TT;TODAS CONSOLIDADAS;12;ALBERGUE;LIMA;150000;8;128;346;32,87;26,93;1,54;1,28;1,71;1698;688;1010;2609;883;1726;44
2022;02;TT;TODAS CONSOLIDADAS;12;ALBERGUE;LORETO;160000;55;730;1562;13,61;13;1,76;1,56;2,23;3227;2234;993;5687;3476;2211;219
2022;02;TT;TODAS CONSOLIDADAS;12;ALBERGUE;MADRE DE DIOS;170000;9;267;475;7,72;6,8;2,99;2,84;3,05;303;90;213;905;256;649;241
2022;02;TT;TODAS CONSOLIDADAS;12;ALBERGUE;PASCO;190000;12;206;599;7,84;8,42;1,56;1,49;3,86;903;875;28;1413;1305;108;37
2022;02;TT;TODAS CONSOLIDADAS;12;ALBERGUE;PUNO;210000;1;13;35;0;0;0;0;0;0;0;0;0;0;0;0
2022;02;TT;TODAS CONSOLIDADAS;12;ALBERGUE;SAN MARTÍN;220000;9;177;408;24,48;20,89;1,88;1,88;1,94;1268;1185;83;2386;2225;161;59
2022;02;TT;TODAS CONSOLIDADAS;12;ALBERGUE;UCAYALI;250000;4;47;122;18,01;15,28;1,94;1,73;3,07;269;226;43;522;390;132;21
2022;02;TT;TODAS CONSOLIDADAS;13;ECOLODGE;AREQUIPA;040000;1;23;51;6,06;7,56;1,5;1,49;1,51;72;35;37;108;52;56;8
2022;02;TT;TODAS CONSOLIDADAS;13;ECOLODGE;SAN MARTÍN;220000;1;12;24;0;0;0;0;0;0;0;0;0;0;0;0
2022;02;TT;TODAS CONSOLIDADAS;TT;TODAS CONSOLIDADAS;AMAZONAS;010000;395;5060;8207;21,32;17,58;1,2;1,2;1,26;35413;34468;945;43010;41722;1288;934
2022;02;TT;TODAS CONSOLIDADAS;TT;TODAS CONSOLIDADAS;ÁNCASH;020000;890;11444;19952;23,81;20,69;1,15;1,15;1,34;106573;104551;2022;124056;121576;2480;2033
2022;02;TT;TODAS CONSOLIDADAS;TT;TODAS CONSOLIDADAS;AREQUIPA;040000;1465;17311;29966;23,73;21,69;1,4;1,34;1,96;131392;119340;12052;186699;163071;23628;3582
2022;02;TT;TODAS CONSOLIDADAS;TT;TODAS CONSOLIDADAS;AYACUCHO;050000;571;6099;9884;16,68;13,62;1,27;1,27;1,26;29273;28885;388;39140;38475;665;783
2022;02;TT;TODAS CONSOLIDADAS;TT;TODAS CONSOLIDADAS;CAJAMARCA;060000;929;12854;20265;17,28;15,12;1,21;1,21;1,12;71305;70702;603;91054;90124;930;2352
2022;02;TT;TODAS CONSOLIDADAS;TT;TODAS CONSOLIDADAS;CALLAO;070000;279;4688;8600;36,23;33,28;1,02;1,02;1,24;128336;120904;7432;133668;123801;9867;1182
2022;02;TT;TODAS CONSOLIDADAS;TT;TODAS CONSOLIDADAS;CUSCO;080000;2073;25672;47157;17,17;14,39;1,58;1,41;2,02;120948;80056;40892;196764;115516;81248;5929
2022;02;TT;TODAS CONSOLIDADAS;TT;TODAS CONSOLIDADAS;HUANCAVELICA;090000;197;2408;3750;18,51;13,94;1,07;1,07;1,09;13707;13703;4;14669;14658;11;307
2022;02;TT;TODAS CONSOLIDADAS;TT;TODAS CONSOLIDADAS;LA LIBERTAD;130000;1179;13918;24399;24,66;23,99;1,22;1,21;1,76;141795;139080;2715;183503;178181;5322;2263
2022;02;TT;TODAS CONSOLIDADAS;TT;TODAS CONSOLIDADAS;LAMBAYEQUE;140000;697;10536;15576;22,64;18,12;1,11;1,11;1,29;75125;73069;2056;90035;86771;3264;1879
2022;02;TT;TODAS CONSOLIDADAS;TT;TODAS CONSOLIDADAS;LIMA;150000;6819;80665;143633;27,71;24,93;1,17;1,15;1,43;2811620;2666165;145455;3343473;3089318;254155;46103
2022;02;TT;TODAS CONSOLIDADAS;TT;TODAS CONSOLIDADAS;LORETO;160000;838;8803;14376;18,26;15,35;1,61;1,56;1,77;38899;29836;9063;66248;49707;16541;1353
2022;02;TT;TODAS CONSOLIDADAS;TT;TODAS CONSOLIDADAS;MADRE DE DIOS;170000;341;5242;8732;22,31;17,53;1,23;1,22;1,42;36386;34770;1616;44239;41641;2598;918
2022;02;TT;TODAS CONSOLIDADAS;TT;TODAS CONSOLIDADAS;MOQUEGUA;180000;291;3693;6314;22,7;17,17;1,64;1,65;1,49;19595;19303;292;38295;37727;568;592
2022;02;TT;TODAS CONSOLIDADAS;TT;TODAS CONSOLIDADAS;PASCO;190000;367;4564;7522;20,46;16,29;1,3;1,29;1,18;26992;26763;229;36410;35753;657;780
2022;02;TT;TODAS CONSOLIDADAS;TT;TODAS CONSOLIDADAS;PIURA;200000;1088;12563;22660;47,08;37,15;1,72;1,72;1,92;136681;130455;6226;236335;224010;12325;2623
2022;02;TT;TODAS CONSOLIDADAS;TT;TODAS CONSOLIDADAS;PUNO;210000;831;9831;17171;22,52;18,64;1,2;1,21;1,12;70600;65070;5530;89162;81841;7321;1795
2022;02;TT;TODAS CONSOLIDADAS;TT;TODAS CONSOLIDADAS;SAN MARTÍN;220000;861;11010;17660;31,34;26,62;1,37;1,37;1,66;95540;93751;1789;136062;132999;3063;1796
2022;02;TT;TODAS CONSOLIDADAS;TT;TODAS CONSOLIDADAS;TACNA;230000;500;6227;11698;12,09;8,93;1,26;1,25;1,29;24470;22357;2113;34146;31312;2834;921
2022;02;TT;TODAS CONSOLIDADAS;TT;TODAS CONSOLIDADAS;TUMBES;240000;252;3640;7579;32,17;24,77;2,49;2,49;2,04;31828;30443;1385;76695;73544;3151;1233
2022;03;00;NO CLASIFICADO;00;NO CATEGORIZADO;AMAZONAS;010000;269;2543;4119;17,27;13,73;1,13;1,13;1,28;15524;15138;386;17532;17036;496;482
2022;03;00;NO CLASIFICADO;00;NO CATEGORIZADO;ÁNCASH;020000;597;5546;9595;16,45;14,3;1,13;1,13;1,25;37473;37363;110;42520;42382;138;971
2022;02;TT;TODAS CONSOLIDADAS;03;3 ESTRELLAS;MADRE DE DIOS;170000;6;214;382;32,44;29,11;1,73;1,77;1,46;1798;1592;206;3114;2814;300;69
2022;02;TT;TODAS CONSOLIDADAS;03;3 ESTRELLAS;PASCO;190000;6;133;250;35,61;36,87;1,8;1,62;3,46;1433;1295;138;2581;2104;477;24
2022;02;TT;TODAS CONSOLIDADAS;03;3 ESTRELLAS;PIURA;200000;17;618;1046;37,15;34,93;1,73;1,69;2,16;5931;5493;438;10231;9284;947;244
2022;02;TT;TODAS CONSOLIDADAS;03;3 ESTRELLAS;TACNA;230000;20;610;1278;22,2;16,81;1,95;1,93;2,29;3087;2900;187;6017;5589;428;140
2022;02;TT;TODAS CONSOLIDADAS;03;3 ESTRELLAS;TUMBES;240000;17;413;896;51,63;46,39;2,81;2,92;2,18;4135;3533;602;11639;10327;1312;157
2022;02;TT;TODAS CONSOLIDADAS;04;4 ESTRELLAS;MOQUEGUA;180000;2;123;232;80,63;72,08;8,85;9,06;5;529;502;27;4682;4547;135;43
2022;02;TT;TODAS CONSOLIDADAS;04;4 ESTRELLAS;UCAYALI;250000;5;289;515;39,31;36,26;2,54;2,51;2,67;2060;1750;310;5228;4401;827;88
2022;02;TT;TODAS CONSOLIDADAS;05;5 ESTRELLAS;LA LIBERTAD;130000;1;120;240;73,87;73,75;2,11;2,01;2,84;2349;2075;274;4956;4177;779;67
2022;02;TT;TODAS CONSOLIDADAS;05;5 ESTRELLAS;LIMA;150000;29;4473;8875;41,7;28,51;2,01;1,52;2,89;35328;22930;12398;70844;34962;35882;2604
2022;02;TT;TODAS CONSOLIDADAS;TT;TODAS CONSOLIDADAS;APURÍMAC;030000;499;4930;7638;17,48;13,37;1,15;1,15;1,54;25930;25686;244;30328;29934;394;539
2022;02;TT;TODAS CONSOLIDADAS;TT;TODAS CONSOLIDADAS;HUÁNUCO;100000;579;7919;12121;22,98;20,14;1,12;1,12;1,05;66188;65732;456;75918;75355;563;1171
2022;02;TT;TODAS CONSOLIDADAS;TT;TODAS CONSOLIDADAS;ICA;110000;968;14299;25591;27,31;23,49;1,24;1,23;1,24;152176;138460;13716;216533;196660;19873;3217
2022;02;TT;TODAS CONSOLIDADAS;TT;TODAS CONSOLIDADAS;JUNÍN;120000;1383;16260;26843;18,72;14,39;1,19;1,19;1,72;91526;91064;462;111387;110570;817;2865
2022;02;TT;TODAS CONSOLIDADAS;TT;TODAS CONSOLIDADAS;UCAYALI;250000;505;6226;9870;21,53;17,53;1,72;1,72;2,02;29012;27906;1106;52672;50223;2449;1246
2022;03;00;NO CLASIFICADO;00;NO CATEGORIZADO;LA LIBERTAD;130000;840;6807;11409;19,83;17,69;1,11;1,11;1,17;56499;55374;1125;62583;61268;1315;761
2022;03;00;NO CLASIFICADO;00;NO CATEGORIZADO;PASCO;190000;308;3361;5226;16,82;13,17;1,15;1,15;1,07;18488;18430;58;21330;21268;62;589
2022;03;00;NO CLASIFICADO;00;NO CATEGORIZADO;TUMBES;240000;216;2226;4335;18,33;15,14;1,82;1,81;2,22;11189;10858;331;20347;19612;735;379
2022;03;00;NO CLASIFICADO;00;NO CATEGORIZADO;UCAYALI;250000;472;5018;7741;22,54;21,83;2,01;2,02;1,66;26039;25489;550;52391;51479;912;910
2022;03;00;NO CLASIFICADO;TT;TODAS CONSOLIDADAS;AMAZONAS;010000;269;2543;4119;17,27;13,73;1,13;1,13;1,28;15524;15138;386;17532;17036;496;482
2022;03;00;NO CLASIFICADO;TT;TODAS CONSOLIDADAS;PASCO;190000;308;3361;5226;16,82;13,17;1,15;1,15;1,07;18488;18430;58;21330;21268;62;589
2022;03;00;NO CLASIFICADO;TT;TODAS CONSOLIDADAS;TUMBES;240000;216;2226;4335;18,33;15,14;1,82;1,81;2,22;11189;10858;331;20347;19612;735;379
2022;03;00;NO CLASIFICADO;TT;TODAS CONSOLIDADAS;UCAYALI;250000;472;5018;7741;22,54;21,83;2,01;2,02;1,66;26039;25489;550;52391;51479;912;910
2022;03;01;HOTEL;01;1 ESTRELLA;AMAZONAS;010000;1;20;42;14,35;6,84;1,03;1,04;1;86;85;1;89;88;1;6
2022;03;01;HOTEL;01;1 ESTRELLA;ÁNCASH;020000;14;421;664;25,04;22,26;1,09;1,09;0;4189;4189;0;4581;4581;0;59
2022;03;01;HOTEL;01;1 ESTRELLA;LA LIBERTAD;130000;5;116;201;14,15;9,79;1;1;1;610;603;7;610;603;7;19
2022;03;01;HOTEL;01;1 ESTRELLA;MOQUEGUA;180000;1;21;42;5,38;6,22;1,35;1,35;0;60;60;0;81;81;0;4
2022;03;01;HOTEL;01;1 ESTRELLA;PASCO;190000;6;168;270;21,58;17,08;1,16;1,16;0;1234;1234;0;1430;1430;0;31
2022;03;01;HOTEL;02;2 ESTRELLAS;AMAZONAS;010000;29;767;1195;18,71;16,68;1,18;1,18;1,35;5215;5158;57;6179;6102;77;124
2022;03;01;HOTEL;02;2 ESTRELLAS;ÁNCASH;020000;48;1269;2329;21,31;15,48;1,21;1,22;1,11;9209;8959;250;11176;10899;277;205
2022;03;01;HOTEL;02;2 ESTRELLAS;LA LIBERTAD;130000;20;472;863;21,44;21,46;1,28;1,27;1,39;4499;4433;66;5742;5650;92;98
2022;03;01;HOTEL;02;2 ESTRELLAS;PASCO;190000;5;146;250;37,38;76,63;2,23;2,23;0;2662;2662;0;5939;5939;0;28
2022;03;01;HOTEL;02;2 ESTRELLAS;PIURA;200000;20;479;801;31,89;26,91;2,17;2,14;2,73;3073;2878;195;6681;6148;533;89
2022;03;00;NO CLASIFICADO;00;NO CATEGORIZADO;APURÍMAC;030000;477;4358;6705;15,4;11,89;1,14;1,13;1,51;21740;21632;108;24709;24546;163;456
2022;03;01;HOTEL;01;1 ESTRELLA;APURÍMAC;030000;2;79;112;24,91;20,71;1,07;1,06;2;675;673;2;719;715;4;10
2022;03;01;HOTEL;02;2 ESTRELLAS;APURÍMAC;030000;4;180;307;12,63;9,44;1,19;1,19;1;755;754;1;898;897;1;15
2022;03;00;NO CLASIFICADO;00;NO CATEGORIZADO;AREQUIPA;040000;1118;9937;16761;21,23;19,39;1,48;1,39;2,05;68148;58683;9465;100746;81317;19429;1867
2022;03;00;NO CLASIFICADO;00;NO CATEGORIZADO;AYACUCHO;050000;535;5159;8186;14,2;11,66;1,21;1,21;1,36;24412;24296;116;29583;29425;158;567
2022;03;00;NO CLASIFICADO;TT;TODAS CONSOLIDADAS;AYACUCHO;050000;535;5159;8186;14,2;11,66;1,21;1,21;1,36;24412;24296;116;29583;29425;158;567
2022;03;01;HOTEL;01;1 ESTRELLA;AYACUCHO;050000;7;177;307;12,74;11,95;2,46;2,46;0;463;463;0;1137;1137;0;28
2022;03;01;HOTEL;02;2 ESTRELLAS;AYACUCHO;050000;8;254;457;27,01;23,33;2,05;2,05;1,91;1615;1582;33;3305;3242;63;40
2022;03;00;NO CLASIFICADO;00;NO CATEGORIZADO;CAJAMARCA;060000;625;6107;9480;14,77;12,89;1,17;1,17;1,1;32361;32206;155;37887;37717;170;1081
2022;03;01;HOTEL;01;1 ESTRELLA;CAJAMARCA;060000;6;170;278;14,38;11,3;1,41;1,41;0;691;691;0;974;974;0;27
2022;03;01;HOTEL;02;2 ESTRELLAS;CAJAMARCA;060000;39;1079;1618;16,26;12,77;1,2;1,2;1,12;5335;5293;42;6404;6357;47;171
2022;03;00;NO CLASIFICADO;00;NO CATEGORIZADO;CALLAO;070000;256;3638;6742;32,59;30,11;1,01;1,01;1,25;110836;109586;1250;111860;110299;1560;957
2022;03;01;HOTEL;01;1 ESTRELLA;CALLAO;070000;1;34;68;12,62;12,62;1,02;1,02;0;260;260;0;266;266;0;3
2022;03;01;HOTEL;02;2 ESTRELLAS;CALLAO;070000;2;60;107;26,02;27,49;1,02;1,01;1,08;890;745;145;912;756;156;7
2022;03;00;NO CLASIFICADO;00;NO CATEGORIZADO;CUSCO;080000;1824;17798;31956;20,13;17,32;1,71;1,46;2,14;100075;62935;37140;171583;92034;79549;3357
2022;03;00;NO CLASIFICADO;TT;TODAS CONSOLIDADAS;CUSCO;080000;1824;17798;31956;20,13;17,32;1,71;1,46;2,14;100075;62935;37140;171583;92034;79549;3357
2022;03;01;HOTEL;01;1 ESTRELLA;CUSCO;080000;5;140;236;9,54;6,52;1,03;1,03;0;461;461;0;477;477;0;19
2022;03;01;HOTEL;02;2 ESTRELLAS;CUSCO;080000;47;1225;2298;15,37;12,71;1,49;1,36;1,66;6084;3541;2543;9057;4825;4232;313
2022;03;00;NO CLASIFICADO;00;NO CATEGORIZADO;HUANCAVELICA;090000;190;2226;3434;16,5;13,12;1,05;1,05;1,29;13258;13251;7;13963;13954;9;275
2022;03;01;HOTEL;02;2 ESTRELLAS;HUANCAVELICA;090000;2;46;85;24,61;19,58;1;1;0;516;516;0;516;516;0;9
2022;03;00;NO CLASIFICADO;00;NO CATEGORIZADO;HUÁNUCO;100000;471;5244;7754;17,35;14,66;1,11;1,11;1,08;31731;31645;86;35244;35151;93;681
2022;03;01;HOTEL;01;1 ESTRELLA;HUÁNUCO;100000;9;272;405;47,17;42,09;1,02;1,02;0;5206;5206;0;5285;5285;0;46
2022;03;01;HOTEL;02;2 ESTRELLAS;HUÁNUCO;100000;41;1247;1956;26,7;21,56;1,17;1,17;1,14;11185;11156;29;13074;13041;33;205
2022;03;00;NO CLASIFICADO;00;NO CATEGORIZADO;ICA;110000;740;8134;13899;22,1;16,67;1,21;1,19;1,29;59323;47628;11695;71831;56758;15073;1456
2022;03;00;NO CLASIFICADO;TT;TODAS CONSOLIDADAS;ICA;110000;740;8134;13899;22,1;16,67;1,21;1,19;1,29;59323;47628;11695;71831;56758;15073;1456
2022;03;01;HOTEL;01;1 ESTRELLA;ICA;110000;4;82;108;0;0;0;0;0;0;0;0;0;0;0;0
2022;03;01;HOTEL;02;2 ESTRELLAS;ICA;110000;49;1353;2346;22,91;17,92;1,56;1,57;1,2;8328;8178;150;13030;12850;180;228
2022;03;00;NO CLASIFICADO;00;NO CATEGORIZADO;JUNÍN;120000;1291;13821;22287;16,55;12,94;1,17;1,17;1,38;76365;75979;386;89414;88882;532;2398
2022;03;00;NO CLASIFICADO;TT;TODAS CONSOLIDADAS;JUNÍN;120000;1291;13821;22287;16,55;12,94;1,17;1,17;1,38;76365;75979;386;89414;88882;532;2398
2022;03;01;HOTEL;02;2 ESTRELLAS;JUNÍN;120000;27;835;1460;19,5;14,51;1,42;1,42;1,6;4616;4556;60;6566;6470;96;121
2022;03;00;NO CLASIFICADO;00;NO CATEGORIZADO;LAMBAYEQUE;140000;381;3947;5690;19,54;15,31;1,08;1,08;1,18;24981;24414;567;27004;26337;667;549
2022;03;01;HOTEL;01;1 ESTRELLA;LAMBAYEQUE;140000;2;63;70;2,15;1,75;1;1;0;38;38;0;38;38;0;11
2022;03;01;HOTEL;02;2 ESTRELLAS;LAMBAYEQUE;140000;70;1979;2979;19,51;14,92;1,15;1,15;1,19;12007;11883;124;13777;13629;148;305
2022;03;00;NO CLASIFICADO;00;NO CATEGORIZADO;LIMA;150000;6204;52735;91677;23,27;19,89;1,12;1,1;1,4;2307161;2203777;103384;2577229;2432501;144728;37418
2022;03;01;HOTEL;02;2 ESTRELLAS;LIMA;150000;122;5139;9103;44,46;38,71;1,29;1,27;1,88;96412;92910;3502;124573;117981;6593;899
2022;03;00;NO CLASIFICADO;00;NO CATEGORIZADO;LORETO;160000;724;6608;10358;17,03;16,71;1,71;1,58;2,01;31415;21948;9467;53649;34582;19067;754
2022;03;00;NO CLASIFICADO;TT;TODAS CONSOLIDADAS;LORETO;160000;724;6608;10358;17,03;16,71;1,71;1,58;2,01;31415;21948;9467;53649;34582;19067;754
2022;03;01;HOTEL;02;2 ESTRELLAS;LORETO;160000;14;340;548;26,99;19,6;1,86;1,85;1,86;1793;1432;361;3329;2656;673;60
2022;03;00;NO CLASIFICADO;00;NO CATEGORIZADO;MADRE DE DIOS;170000;310;4280;7052;20,87;16,44;1,22;1,2;1,49;29558;27687;1871;35933;33153;2780;538
2022;03;00;NO CLASIFICADO;TT;TODAS CONSOLIDADAS;MADRE DE DIOS;170000;310;4280;7052;20,87;16,44;1,22;1,2;1,49;29558;27687;1871;35933;33153;2780;538
2022;03;01;HOTEL;01;1 ESTRELLA;MADRE DE DIOS;170000;5;193;344;42,25;24,57;1,05;1,05;1;2504;2424;80;2620;2540;80;23
2022;03;01;HOTEL;02;2 ESTRELLAS;MADRE DE DIOS;170000;8;227;398;29,13;21,02;1,32;1,32;1,21;1969;1935;34;2593;2552;41;39
2022;03;00;NO CLASIFICADO;00;NO CATEGORIZADO;MOQUEGUA;180000;189;1790;3060;14,71;10,05;1,26;1,26;1,04;7580;7534;46;9530;9482;48;220
2022;03;00;NO CLASIFICADO;TT;TODAS CONSOLIDADAS;MOQUEGUA;180000;189;1790;3060;14,71;10,05;1,26;1,26;1,04;7580;7534;46;9530;9482;48;220
2022;03;01;HOTEL;02;2 ESTRELLAS;MOQUEGUA;180000;16;413;703;41,91;27,25;3,71;3,72;2,81;1602;1586;16;5938;5893;45;75
2022;03;00;NO CLASIFICADO;00;NO CATEGORIZADO;PIURA;200000;1015;10435;19010;36,16;28,8;1,68;1,67;1,94;101114;96544;4570;169736;160861;8875;2065
2022;03;01;HOTEL;01;1 ESTRELLA;PIURA;200000;2;40;77;5;15,12;1,13;1,13;0;319;319;0;361;361;0;6
2022;03;00;NO CLASIFICADO;00;NO CATEGORIZADO;PUNO;210000;699;6660;11343;21,3;17,94;1,15;1,15;1,08;54890;52264;2626;63092;60251;2841;1199
2022;03;00;NO CLASIFICADO;00;NO CATEGORIZADO;SAN MARTÍN;220000;758;8546;13253;28,31;23,15;1,28;1,28;1,4;74362;73380;982;95124;93753;1371;1125
2022;03;00;NO CLASIFICADO;TT;TODAS CONSOLIDADAS;SAN MARTÍN;220000;758;8546;13253;28,31;23,15;1,28;1,28;1,4;74362;73380;982;95124;93753;1371;1125
2022;03;01;HOTEL;01;1 ESTRELLA;SAN MARTÍN;220000;6;126;195;34,13;38,49;1,2;1,19;1,39;1945;1917;28;2327;2288;39;24
2022;03;00;NO CLASIFICADO;00;NO CATEGORIZADO;TACNA;230000;409;3886;7022;8,38;6,58;1,18;1,17;1,29;12160;11394;766;14328;13343;985;476
2022;03;00;NO CLASIFICADO;TT;TODAS CONSOLIDADAS;TACNA;230000;409;3886;7022;8,38;6,58;1,18;1,17;1,29;12160;11394;766;14328;13343;985;476
2022;03;01;HOTEL;01;1 ESTRELLA;TACNA;230000;2;57;112;9;5,7;2,44;2,44;0;81;81;0;198;198;0;5
2022;03;00;NO CLASIFICADO;TT;TODAS CONSOLIDADAS;ÁNCASH;020000;597;5546;9595;16,45;14,3;1,13;1,13;1,25;37473;37363;110;42520;42382;138;971
2022;03;00;NO CLASIFICADO;TT;TODAS CONSOLIDADAS;APURÍMAC;030000;477;4358;6705;15,4;11,89;1,14;1,13;1,51;21740;21632;108;24709;24546;163;456
2022;03;00;NO CLASIFICADO;TT;TODAS CONSOLIDADAS;AREQUIPA;040000;1118;9937;16761;21,23;19,39;1,48;1,39;2,05;68148;58683;9465;100746;81317;19429;1867
2022;03;00;NO CLASIFICADO;TT;TODAS CONSOLIDADAS;CAJAMARCA;060000;625;6107;9480;14,77;12,89;1,17;1,17;1,1;32361;32206;155;37887;37717;170;1081
2022;03;00;NO CLASIFICADO;TT;TODAS CONSOLIDADAS;CALLAO;070000;256;3638;6742;32,59;30,11;1,01;1,01;1,25;110836;109586;1250;111860;110299;1560;957
2022;03;00;NO CLASIFICADO;TT;TODAS CONSOLIDADAS;HUANCAVELICA;090000;190;2226;3434;16,5;13,12;1,05;1,05;1,29;13258;13251;7;13963;13954;9;275
2022;03;00;NO CLASIFICADO;TT;TODAS CONSOLIDADAS;HUÁNUCO;100000;471;5244;7754;17,35;14,66;1,11;1,11;1,08;31731;31645;86;35244;35151;93;681
2022;03;00;NO CLASIFICADO;TT;TODAS CONSOLIDADAS;LA LIBERTAD;130000;840;6807;11409;19,83;17,69;1,11;1,11;1,17;56499;55374;1125;62583;61268;1315;761
2022;03;00;NO CLASIFICADO;TT;TODAS CONSOLIDADAS;LAMBAYEQUE;140000;381;3947;5690;19,54;15,31;1,08;1,08;1,18;24981;24414;567;27004;26337;667;549
2022;03;00;NO CLASIFICADO;TT;TODAS CONSOLIDADAS;LIMA;150000;6204;52735;91677;23,27;19,89;1,12;1,1;1,4;2307161;2203777;103384;2577229;2432501;144728;37418
2022;03;00;NO CLASIFICADO;TT;TODAS CONSOLIDADAS;PIURA;200000;1015;10435;19010;36,16;28,8;1,68;1,67;1,94;101114;96544;4570;169736;160861;8875;2065
2022;03;00;NO CLASIFICADO;TT;TODAS CONSOLIDADAS;PUNO;210000;699;6660;11343;21,3;17,94;1,15;1,15;1,08;54890;52264;2626;63092;60251;2841;1199
2022;03;01;HOTEL;01;1 ESTRELLA;PUNO;210000;5;128;230;17,97;11,4;1,26;1,27;1,1;643;633;10;813;802;11;18
2022;03;01;HOTEL;01;1 ESTRELLA;AREQUIPA;040000;6;210;367;31,47;19,18;1,52;1,46;2,44;1439;1352;87;2182;1970;212;32
2022;03;01;HOTEL;01;1 ESTRELLA;JUNÍN;120000;6;246;511;16,35;11,59;1,41;1,41;0;1302;1302;0;1836;1836;0;28
2022;03;01;HOTEL;01;1 ESTRELLA;LIMA;150000;9;323;541;46,44;45,27;1,06;1,06;1,12;7203;7128;75;7620;7536;84;48
2022;03;01;HOTEL;02;2 ESTRELLAS;AREQUIPA;040000;40;1136;2000;20,89;17,2;1,4;1,39;1,72;7627;7358;269;10665;10202;463;180
2022;03;01;HOTEL;02;2 ESTRELLAS;PUNO;210000;20;485;859;13,81;11,56;1,29;1,27;1,68;2386;2243;143;3079;2839;240;70
2022;03;01;HOTEL;02;2 ESTRELLAS;SAN MARTÍN;220000;30;836;1412;34,19;30,31;2,1;2,11;1,72;6309;6129;180;13268;12958;310;178
2022;03;01;HOTEL;02;2 ESTRELLAS;TACNA;230000;33;925;1885;16,54;12,08;1,69;1,69;1,68;4168;4083;85;7058;6915;143;171
2022;03;01;HOTEL;02;2 ESTRELLAS;TUMBES;240000;8;258;545;67,29;33,86;9,85;9,85;0;581;581;0;5720;5720;0;49
2022;03;01;HOTEL;02;2 ESTRELLAS;UCAYALI;250000;2;58;93;5,84;4,41;3,1;3,08;3,33;41;38;3;127;117;10;11
2022;03;01;HOTEL;03;3 ESTRELLAS;AMAZONAS;010000;19;446;780;22,54;17,52;1,42;1,44;1,25;2990;2578;412;4236;3720;516;116
2022;03;01;HOTEL;03;3 ESTRELLAS;ÁNCASH;020000;39;1256;2258;32,06;23;1,39;1,41;1,27;11596;10193;1403;16103;14326;1777;279
2022;03;01;HOTEL;03;3 ESTRELLAS;APURÍMAC;030000;3;98;172;56,55;34,45;1,4;1,42;1,24;1309;1165;144;1837;1659;178;19
2022;03;01;HOTEL;03;3 ESTRELLAS;AYACUCHO;050000;9;302;575;16;14,08;2,08;2,11;1,87;1206;1055;151;2510;2228;282;89
2022;03;01;HOTEL;03;3 ESTRELLAS;CAJAMARCA;060000;64;1992;3291;20,24;15,32;1,69;1,69;1,97;9234;9059;175;15633;15289;344;430
2022;03;01;HOTEL;03;3 ESTRELLAS;CALLAO;070000;4;233;392;32,48;28,48;1,54;1,48;1,8;2248;1856;392;3461;2755;706;51
2022;03;01;HOTEL;03;3 ESTRELLAS;CUSCO;080000;76;2788;5498;22,56;17,9;1,7;1,76;1,67;17974;5871;12103;30512;10312;20200;803
2022;03;01;HOTEL;03;3 ESTRELLAS;HUANCAVELICA;090000;2;65;108;6,25;4,54;1,17;1,17;0;130;130;0;152;152;0;20
2022;03;01;HOTEL;03;3 ESTRELLAS;HUÁNUCO;100000;13;504;947;20,1;16,2;1,48;1,49;1,37;3207;3070;137;4756;4568;188;106
2022;03;01;HOTEL;03;3 ESTRELLAS;ICA;110000;49;1809;3617;35,24;30,31;1,54;1,55;1,49;22026;18896;3130;33987;29321;4666;447
2022;03;01;HOTEL;03;3 ESTRELLAS;JUNÍN;120000;18;700;1317;17,03;11,69;1,59;1,58;2,07;3002;2960;42;4772;4685;87;156
2022;03;01;HOTEL;03;3 ESTRELLAS;LA LIBERTAD;130000;84;2523;4685;26,87;21,39;1,59;1,55;2,08;19474;17955;1519;31061;27904;3157;591
2022;03;01;HOTEL;03;3 ESTRELLAS;LAMBAYEQUE;140000;39;1314;2217;25,76;20,49;1,59;1,58;1,72;8885;8525;360;14084;13464;620;260
2022;03;01;HOTEL;03;3 ESTRELLAS;LIMA;150000;158;7972;15273;36,39;30,68;1,7;1,5;2,36;85385;65174;20211;145255;97617;47638;1759
2022;03;01;HOTEL;03;3 ESTRELLAS;LORETO;160000;21;643;1109;37,22;28,32;2,76;2,9;2,07;3526;2930;596;9737;8502;1235;165
2022;03;01;HOTEL;03;3 ESTRELLAS;MADRE DE DIOS;170000;5;192;354;40,68;30,14;2,16;2,23;1,8;1535;1280;255;3308;2848;460;65
2022;03;01;HOTEL;03;3 ESTRELLAS;MOQUEGUA;180000;9;290;531;25,68;27,93;2,43;2,43;2,03;1895;1860;35;4598;4527;71;70
2022;03;01;HOTEL;03;3 ESTRELLAS;PASCO;190000;4;114;217;38,94;38,41;1,76;1,76;0;1472;1472;0;2584;2584;0;17
2022;03;01;HOTEL;03;3 ESTRELLAS;PIURA;200000;15;582;970;32,32;27,43;1,83;1,75;2,54;4500;4041;459;8249;7085;1164;207
2022;03;01;HOTEL;03;3 ESTRELLAS;PUNO;210000;26;869;1673;22,83;18,41;1,74;1,9;1,55;5486;3002;2484;9547;5705;3842;168
2022;03;01;HOTEL;03;3 ESTRELLAS;TACNA;230000;14;501;1052;19,7;12,06;2,01;1,98;2,19;1957;1718;239;3932;3409;523;121
2022;03;01;HOTEL;03;3 ESTRELLAS;TUMBES;240000;10;312;672;31,94;28,9;2,53;2,54;2,45;2378;2113;265;6020;5370;650;138
2022;03;01;HOTEL;03;3 ESTRELLAS;UCAYALI;250000;15;537;887;28,3;22,06;2,13;2,13;2,05;2852;2672;180;6066;5697;369;125
2022;03;01;HOTEL;04;4 ESTRELLAS;AREQUIPA;040000;10;454;910;28,93;23,65;1,89;1,91;1,84;3534;2275;1259;6673;4353;2320;158
2022;03;01;HOTEL;04;4 ESTRELLAS;CAJAMARCA;060000;3;142;228;52,43;48,15;2,02;1,96;2,43;1687;1472;215;3403;2880;523;72
2022;03;01;HOTEL;04;4 ESTRELLAS;CALLAO;070000;2;371;599;89,19;79,76;1,39;1,38;1,4;10637;2874;7763;14811;3957;10854;107
2022;03;01;HOTEL;04;4 ESTRELLAS;CUSCO;080000;13;957;1830;52,59;43,05;1,88;1,53;2,12;13013;5377;7636;24423;8223;16200;442
2022;03;01;HOTEL;04;4 ESTRELLAS;HUÁNUCO;100000;1;61;104;35,22;25,03;2,2;2,23;1,25;367;355;12;807;792;15;23
2022;03;01;HOTEL;04;4 ESTRELLAS;ICA;110000;7;744;1550;31,56;34,22;1,86;1,89;1,67;8832;7641;1191;16444;14451;1993;422
2022;03;01;HOTEL;04;4 ESTRELLAS;JUNÍN;120000;1;40;66;27,02;16,37;1;1;1;335;289;46;335;289;46;21
2022;03;01;HOTEL;04;4 ESTRELLAS;LA LIBERTAD;130000;3;206;326;49,67;47,42;2,29;2,26;2,42;2096;1734;362;4792;3917;875;79
2022;03;01;HOTEL;04;4 ESTRELLAS;LAMBAYEQUE;140000;5;352;577;55,42;51,18;1,51;1,47;1,89;6077;5511;566;9155;8084;1071;239
2022;03;01;HOTEL;04;4 ESTRELLAS;LIMA;150000;42;4200;7371;34,52;29,39;1,91;1,51;2,65;35098;22765;12333;67148;34468;32680;1532
2022;03;01;HOTEL;04;4 ESTRELLAS;LORETO;160000;2;90;150;28,92;27,42;3,02;3,06;2,41;422;400;22;1275;1222;53;27
2022;03;01;HOTEL;04;4 ESTRELLAS;MOQUEGUA;180000;2;123;232;63,94;75,96;10,53;11,03;3,32;519;485;34;5463;5350;113;42
2022;03;01;HOTEL;04;4 ESTRELLAS;PIURA;200000;3;299;552;46,96;37,37;2,15;2,06;2,55;2981;2480;501;6395;5115;1280;49
2022;03;01;HOTEL;04;4 ESTRELLAS;PUNO;210000;7;447;842;19,88;16,76;1,72;1,81;1,66;2543;991;1552;4374;1796;2578;103
2022;03;01;HOTEL;04;4 ESTRELLAS;TACNA;230000;1;150;300;17,2;12,41;1,91;1,94;1,62;605;540;65;1154;1049;105;32
2022;03;01;HOTEL;04;4 ESTRELLAS;TUMBES;240000;5;265;523;47,38;48,86;2,25;2,3;1,99;3516;2998;518;7922;6891;1031;120
2022;03;01;HOTEL;04;4 ESTRELLAS;UCAYALI;250000;5;289;515;36,64;30,42;2,26;2,21;2,43;2149;1686;463;4856;3733;1123;88
2022;03;01;HOTEL;05;5 ESTRELLAS;AREQUIPA;040000;3;241;352;55,35;49,04;2,65;2,65;2,66;2017;1281;736;5351;3391;1960;157
2022;03;01;HOTEL;05;5 ESTRELLAS;CUSCO;080000;15;1288;2527;34,42;33,66;1,68;1,79;1,66;15738;2274;13464;26370;4060;22310;833
2022;03;01;HOTEL;05;5 ESTRELLAS;ICA;110000;3;345;796;60,14;49,56;1,95;1,91;2,11;6261;4770;1491;12229;9089;3140;340
2022;03;01;HOTEL;05;5 ESTRELLAS;LA LIBERTAD;130000;2;267;450;39,08;39,58;2,1;2,02;2,51;2631;2230;401;5522;4514;1008;172
2022;03;01;HOTEL;05;5 ESTRELLAS;LIMA;150000;24;4197;8388;48,79;32,23;2,19;1,56;2,83;38278;19211;19067;83797;29910;53887;2517
2022;03;01;HOTEL;05;5 ESTRELLAS;LORETO;160000;1;60;91;74,68;72,6;2,02;2,24;1,66;1016;625;391;2048;1400;648;49
2022;03;01;HOTEL;05;5 ESTRELLAS;PIURA;200000;1;83;168;58,03;44,78;1,94;1,89;2,12;1201;943;258;2332;1784;548;60
2022;03;01;HOTEL;05;5 ESTRELLAS;PUNO;210000;1;123;231;65,67;51,58;1,58;1,51;1,92;2342;1938;404;3694;2920;774;45
2022;03;01;HOTEL;05;5 ESTRELLAS;SAN MARTÍN;220000;1;50;108;34,06;35,99;1,73;1,75;1,35;697;666;31;1205;1163;42;63
2022;03;01;HOTEL;05;5 ESTRELLAS;UCAYALI;250000;2;162;300;35,21;26,37;2,26;2,2;2,81;1083;970;113;2452;2135;317;61
2022;03;01;HOTEL;TT;TODAS CONSOLIDADAS;ÁNCASH;020000;101;2946;5251;26,43;19,57;1,27;1,28;1,24;24994;23341;1653;31860;29806;2054;543
2022;03;01;HOTEL;TT;TODAS CONSOLIDADAS;APURÍMAC;030000;9;357;591;27,41;18,85;1,26;1,26;1,24;2739;2592;147;3454;3271;183;44
2022;03;01;HOTEL;TT;TODAS CONSOLIDADAS;AREQUIPA;040000;124;3893;7030;25,23;20,16;1,79;1,72;2,11;24524;20128;4396;43937;34667;9270;1012
2022;03;01;HOTEL;TT;TODAS CONSOLIDADAS;AYACUCHO;050000;24;733;1339;19,03;16,75;2,12;2,13;1,88;3284;3100;184;6952;6607;345;157
2022;03;01;HOTEL;TT;TODAS CONSOLIDADAS;CAJAMARCA;060000;112;3383;5415;20,03;15,74;1,56;1,54;2,12;16947;16515;432;26414;25500;914;700
2022;03;01;HOTEL;TT;TODAS CONSOLIDADAS;CALLAO;070000;9;698;1166;61,1;53,81;1,39;1,35;1,41;14035;5735;8300;19450;7734;11716;168
2022;03;01;HOTEL;TT;TODAS CONSOLIDADAS;CUSCO;080000;156;6398;12389;27,78;23,65;1,71;1,59;1,76;53270;17524;35746;90839;27897;62942;2410
2022;03;01;HOTEL;TT;TODAS CONSOLIDADAS;HUANCAVELICA;090000;4;111;193;13,86;11,16;1,03;1,03;0;646;646;0;668;668;0;29
2022;03;01;HOTEL;TT;TODAS CONSOLIDADAS;HUÁNUCO;100000;64;2084;3412;28,02;22,62;1,2;1,2;1,33;19965;19787;178;23922;23686;236;380
2022;03;01;HOTEL;TT;TODAS CONSOLIDADAS;ICA;110000;112;4333;8417;32,08;29,01;1,67;1,66;1,67;45447;39485;5962;75690;65711;9979;1437
2022;03;01;HOTEL;TT;TODAS CONSOLIDADAS;JUNÍN;120000;52;1821;3354;18,29;12,99;1,46;1,46;1,55;9255;9107;148;13509;13280;229;326
2022;03;01;HOTEL;TT;TODAS CONSOLIDADAS;LA LIBERTAD;130000;114;3584;6525;27,97;23,6;1,63;1,58;2,18;29310;26955;2355;47727;42588;5139;959
2022;03;01;HOTEL;TT;TODAS CONSOLIDADAS;LAMBAYEQUE;140000;116;3708;5843;24,84;20,46;1,37;1,36;1,75;27007;25957;1050;37054;35215;1839;815
2022;03;01;HOTEL;TT;TODAS CONSOLIDADAS;LIMA;150000;355;21831;40676;39,81;31,88;1,74;1,44;2,58;257515;190323;67192;447071;273802;173269;7861
2022;03;01;HOTEL;TT;TODAS CONSOLIDADAS;LORETO;160000;38;1133;1898;35,48;27,85;2,43;2,56;1,9;6757;5387;1370;16389;13780;2609;301
2022;03;01;HOTEL;TT;TODAS CONSOLIDADAS;MADRE DE DIOS;170000;18;612;1096;36,89;25,08;1,42;1,41;1,57;6008;5639;369;8521;7940;581;127
2022;03;01;HOTEL;TT;TODAS CONSOLIDADAS;MOQUEGUA;180000;28;847;1508;38,65;34,4;3,95;3,97;2,69;4076;3991;85;16080;15851;229;191
2022;03;01;HOTEL;TT;TODAS CONSOLIDADAS;PASCO;190000;15;428;737;31,59;43,56;1,85;1,85;0;5368;5368;0;9953;9953;0;76
2022;03;01;HOTEL;TT;TODAS CONSOLIDADAS;PUNO;210000;59;2052;3835;22,32;18,09;1,61;1,6;1,62;13400;8807;4593;21507;14062;7445;404
2022;03;01;HOTEL;TT;TODAS CONSOLIDADAS;SAN MARTÍN;220000;59;1766;3051;28,62;25,74;1,8;1,81;1,77;13493;13094;399;24345;23638;707;478
2022;03;01;HOTEL;TT;TODAS CONSOLIDADAS;TACNA;230000;50;1633;3349;17,31;11,89;1,81;1,8;1,98;6811;6422;389;12342;11571;771;329
2022;03;01;HOTEL;TT;TODAS CONSOLIDADAS;TUMBES;240000;23;835;1740;47,76;36,45;3,04;3,16;2,15;6475;5692;783;19662;17981;1681;307
2022;03;01;HOTEL;TT;TODAS CONSOLIDADAS;UCAYALI;250000;24;1046;1795;30,43;24,26;2,2;2,18;2,4;6125;5366;759;13501;11682;1819;285
2022;03;02;APART HOTEL;03;3 ESTRELLAS;ÁNCASH;020000;2;16;44;13,71;13,71;1,48;1,48;0;126;126;0;187;187;0;4
2022;03;02;APART HOTEL;03;3 ESTRELLAS;APURÍMAC;030000;1;21;30;55,3;52,9;2,12;2,09;2,36;232;207;25;492;433;59;8
2022;03;02;APART HOTEL;03;3 ESTRELLAS;AREQUIPA;040000;1;18;36;3,76;3,76;5,25;5,25;0;8;8;0;42;42;0;2
2022;03;02;APART HOTEL;03;3 ESTRELLAS;CAJAMARCA;060000;2;13;24;0;0;0;0;0;0;0;0;0;0;0;0
2022;03;02;APART HOTEL;03;3 ESTRELLAS;ICA;110000;1;10;20;6,45;6,45;2;2;0;20;20;0;40;40;0;5
2022;03;02;APART HOTEL;03;3 ESTRELLAS;LA LIBERTAD;130000;1;11;24;0;0;0;0;0;0;0;0;0;0;0;0
2022;03;02;APART HOTEL;03;3 ESTRELLAS;LIMA;150000;8;206;366;49,7;39,53;4,54;3,92;5,15;987;488;499;4485;1914;2571;53
2022;03;02;APART HOTEL;03;3 ESTRELLAS;LORETO;160000;1;45;94;0;0;0;0;0;0;0;0;0;0;0;0
2022;03;02;APART HOTEL;03;3 ESTRELLAS;MOQUEGUA;180000;1;8;14;3,63;2,07;1,5;2;1;6;3;3;9;6;3;3
2022;03;02;APART HOTEL;03;3 ESTRELLAS;PASCO;190000;1;10;15;7,1;6,02;1,56;1,56;0;18;18;0;28;28;0;4
2022;03;02;APART HOTEL;03;3 ESTRELLAS;TUMBES;240000;2;18;50;69,35;39,16;2,65;2,62;2,95;229;207;22;607;542;65;15
2022;03;02;APART HOTEL;04;4 ESTRELLAS;AREQUIPA;040000;1;19;32;12,9;25,6;2,89;2,14;4,26;88;57;31;254;122;132;6
2022;03;02;APART HOTEL;04;4 ESTRELLAS;LIMA;150000;8;610;1244;60,22;55,79;1,82;1,38;4,46;11822;10137;1685;21516;14004;7512;437
2022;03;02;APART HOTEL;04;4 ESTRELLAS;LORETO;160000;1;13;23;109,43;77,28;1,46;1,35;1,59;378;210;168;551;284;267;6
2022;03;02;APART HOTEL;05;5 ESTRELLAS;LIMA;150000;6;399;673;36,71;31,97;2,73;2,33;3,42;2443;1545;898;6669;3596;3073;164
2022;03;02;APART HOTEL;TT;TODAS CONSOLIDADAS;ÁNCASH;020000;2;16;44;13,71;13,71;1,48;1,48;0;126;126;0;187;187;0;4
2022;03;02;APART HOTEL;TT;TODAS CONSOLIDADAS;APURÍMAC;030000;1;21;30;55,3;52,9;2,12;2,09;2,36;232;207;25;492;433;59;8
2022;03;02;APART HOTEL;TT;TODAS CONSOLIDADAS;AREQUIPA;040000;2;37;68;8,46;14,04;3,08;2,52;4,26;96;65;31;296;164;132;8
2022;03;02;APART HOTEL;TT;TODAS CONSOLIDADAS;CAJAMARCA;060000;2;13;24;0;0;0;0;0;0;0;0;0;0;0;0
2022;03;02;APART HOTEL;TT;TODAS CONSOLIDADAS;ICA;110000;1;10;20;6,45;6,45;2;2;0;20;20;0;40;40;0;5
2022;03;02;APART HOTEL;TT;TODAS CONSOLIDADAS;LA LIBERTAD;130000;1;11;24;0;0;0;0;0;0;0;0;0;0;0;0
2022;03;02;APART HOTEL;TT;TODAS CONSOLIDADAS;LIMA;150000;22;1215;2283;50,72;46,16;2,14;1,6;4,27;15252;12170;3082;32670;19514;13156;654
2022;03;02;APART HOTEL;TT;TODAS CONSOLIDADAS;LORETO;160000;2;58;117;24,53;15,19;1,46;1,35;1,59;378;210;168;551;284;267;6
2022;03;02;APART HOTEL;TT;TODAS CONSOLIDADAS;MOQUEGUA;180000;1;8;14;3,63;2,07;1,5;2;1;6;3;3;9;6;3;3
2022;03;02;APART HOTEL;TT;TODAS CONSOLIDADAS;PASCO;190000;1;10;15;7,1;6,02;1,56;1,56;0;18;18;0;28;28;0;4
2022;03;02;APART HOTEL;TT;TODAS CONSOLIDADAS;SAN MARTÍN;220000;1;24;49;60,48;49,84;2,72;2,63;3,13;278;224;54;757;588;169;16
2022;03;02;APART HOTEL;TT;TODAS CONSOLIDADAS;TUMBES;240000;2;18;50;69,35;39,16;2,65;2,62;2,95;229;207;22;607;542;65;15
2022;03;03;HOSTAL;01;1 ESTRELLA;AMAZONAS;010000;18;268;410;40,77;40,47;1,33;1,33;1,26;3857;3823;34;5144;5101;43;42
2022;03;03;HOSTAL;01;1 ESTRELLA;ÁNCASH;020000;38;513;848;31,13;26,94;1,07;1,07;1;6640;6622;18;7083;7065;18;83
2022;03;03;HOSTAL;01;1 ESTRELLA;APURÍMAC;030000;1;10;20;0;0;0;0;0;0;0;0;0;0;0;0
2022;03;03;HOSTAL;01;1 ESTRELLA;AREQUIPA;040000;51;770;1172;24,42;20,46;1,1;1,1;0;6765;6765;0;7435;7435;0;123
2022;03;03;HOSTAL;01;1 ESTRELLA;AYACUCHO;050000;4;91;161;11,1;10,02;1,59;1,59;0;314;314;0;500;500;0;15
2022;03;03;HOSTAL;01;1 ESTRELLA;CAJAMARCA;060000;23;393;604;5,74;5,84;1,51;1,51;0;726;726;0;1093;1093;0;69
2022;03;03;HOSTAL;01;1 ESTRELLA;CALLAO;070000;11;204;406;45,29;40,4;1,09;1,09;1,04;4902;4728;175;5326;5144;182;44
2022;03;03;HOSTAL;01;1 ESTRELLA;CUSCO;080000;23;400;656;22,38;19,52;1,05;1,05;1,47;3764;3719;45;3970;3904;66;52
2022;03;03;HOSTAL;01;1 ESTRELLA;HUANCAVELICA;090000;2;29;45;38,26;24,8;1;1;0;346;346;0;346;346;0;5
2022;03;03;HOSTAL;01;1 ESTRELLA;HUÁNUCO;100000;16;236;352;65,77;67,19;1,39;1,39;0;5285;5285;0;7332;7332;0;44
2022;03;03;HOSTAL;01;1 ESTRELLA;ICA;110000;11;157;230;42,55;39,42;1;1;1;2811;2642;169;2811;2642;169;28
2022;03;03;HOSTAL;01;1 ESTRELLA;JUNÍN;120000;12;170;288;27,29;17,8;1,25;1,25;0;1271;1271;0;1589;1589;0;31
2022;03;03;HOSTAL;01;1 ESTRELLA;LA LIBERTAD;130000;31;439;770;25,53;26,79;1,65;1,65;0;3865;3865;0;6395;6395;0;76
2022;03;03;HOSTAL;01;1 ESTRELLA;LAMBAYEQUE;140000;16;201;261;22,32;21,22;1,19;1,19;1,14;1438;1424;14;1717;1701;16;36
2022;03;03;HOSTAL;01;1 ESTRELLA;LIMA;150000;83;1701;3019;30,83;25,61;1,08;1,08;1,29;28357;27888;469;30739;30133;606;357
2022;03;03;HOSTAL;01;1 ESTRELLA;LORETO;160000;5;75;102;20,73;16,03;1,63;1,63;0;312;312;0;507;507;0;16
2022;03;03;HOSTAL;01;1 ESTRELLA;MADRE DE DIOS;170000;1;35;68;21,2;17,08;2;2;0;180;180;0;360;360;0;4
2022;03;03;HOSTAL;01;1 ESTRELLA;MOQUEGUA;180000;14;201;360;12,73;9,32;1,2;1,2;1,35;867;847;20;1040;1013;27;33
2022;03;03;HOSTAL;01;1 ESTRELLA;PASCO;190000;18;333;491;21,68;17,09;1,37;1,37;0;1897;1897;0;2602;2602;0;48
2022;03;03;HOSTAL;01;1 ESTRELLA;PIURA;200000;2;36;51;23,21;15,62;2,15;2,16;1,8;115;110;5;247;238;9;8
2022;03;03;HOSTAL;01;1 ESTRELLA;PUNO;210000;26;395;649;24,63;20,19;1,07;1,07;1,03;3814;3456;358;4062;3693;369;62
2022;03;03;HOSTAL;01;1 ESTRELLA;SAN MARTÍN;220000;1;20;34;19,84;14,61;1,71;1,71;0;90;90;0;154;154;0;8
2022;03;03;HOSTAL;01;1 ESTRELLA;TACNA;230000;9;170;301;7,31;5,87;1;1;1;548;529;19;548;529;19;24
2022;03;03;HOSTAL;02;2 ESTRELLAS;AMAZONAS;010000;52;936;1465;21,19;18,15;1,09;1,08;1,52;7564;7442;122;8244;8058;186;153
2022;03;03;HOSTAL;02;2 ESTRELLAS;ÁNCASH;020000;127;2071;3558;32,8;30,9;1,06;1,06;1,08;32053;31925;128;34087;33949;138;355
2022;03;03;HOSTAL;02;2 ESTRELLAS;APURÍMAC;030000;5;127;199;33,1;26,99;1,15;1,15;1;1453;1451;2;1665;1663;2;20
2022;03;03;HOSTAL;02;2 ESTRELLAS;AREQUIPA;040000;123;1935;3498;29,82;26,37;1,23;1,21;1,51;23260;22063;1197;28592;26779;1813;346
2022;03;03;HOSTAL;02;2 ESTRELLAS;AYACUCHO;050000;5;62;101;4,37;4,5;1,72;1,73;1,57;82;75;7;141;130;11;13
2022;03;03;HOSTAL;02;2 ESTRELLAS;CAJAMARCA;060000;114;2104;3345;17,64;14,6;1,32;1,32;1,1;11511;11433;78;15139;15053;86;328
2022;03;03;HOSTAL;02;2 ESTRELLAS;CALLAO;070000;6;182;350;53,23;54,02;1,01;1,01;1;5819;5789;30;5861;5831;30;32
2022;03;03;HOSTAL;02;2 ESTRELLAS;CUSCO;080000;52;898;1654;21,39;18,73;1,74;1,58;2,1;5526;3869;1657;9602;6126;3476;154
2022;03;03;HOSTAL;02;2 ESTRELLAS;HUANCAVELICA;090000;1;39;71;11,41;8,45;1,54;1,54;0;121;121;0;186;186;0;4
2022;03;03;HOSTAL;02;2 ESTRELLAS;HUÁNUCO;100000;23;298;499;23,07;19,39;1,03;1,03;0;2916;2916;0;2999;2999;0;62
2022;03;03;HOSTAL;02;2 ESTRELLAS;ICA;110000;63;905;1510;23,07;21,69;1,25;1,25;1,08;8142;7897;245;10151;9887;264;151
2022;03;03;HOSTAL;02;2 ESTRELLAS;JUNÍN;120000;25;406;791;23,45;21,23;1,2;1,2;1,45;4322;4289;33;5207;5159;48;80
2022;03;03;HOSTAL;02;2 ESTRELLAS;LA LIBERTAD;130000;137;2307;4124;24,16;24,25;1,11;1,11;1,13;28049;27676;373;31007;30586;421;402
2022;03;03;HOSTAL;02;2 ESTRELLAS;LAMBAYEQUE;140000;158;2329;3280;21,24;15,95;1,07;1,07;1,07;15160;14949;211;16220;15995;225;422
2022;03;03;HOSTAL;02;2 ESTRELLAS;LIMA;150000;138;3231;5868;31,6;29,28;1,3;1,19;2,51;55116;50519;4598;71618;60092;11527;755
2022;03;03;HOSTAL;02;2 ESTRELLAS;LORETO;160000;5;72;112;13,75;16,39;1,54;1,51;1,66;370;297;73;569;448;121;14
2022;03;03;HOSTAL;02;2 ESTRELLAS;MADRE DE DIOS;170000;5;130;195;42,8;35,37;1,22;1,22;1,14;1753;1716;37;2138;2096;42;23
2022;03;03;HOSTAL;02;2 ESTRELLAS;MOQUEGUA;180000;60;839;1358;28,31;21,34;1,58;1,58;1,18;5697;5637;60;8983;8912;71;150
2022;03;03;HOSTAL;02;2 ESTRELLAS;PASCO;190000;14;247;471;21,17;20,76;1,39;1,39;1,65;2181;2164;17;3031;3003;28;40
2022;03;03;HOSTAL;02;2 ESTRELLAS;PIURA;200000;28;552;899;33,16;28,22;1,75;1,73;1,9;4486;3817;669;7865;6591;1274;110
2022;03;03;HOSTAL;02;2 ESTRELLAS;PUNO;210000;42;643;1194;23,99;17,09;1,73;1,75;1,48;3657;3357;300;6326;5883;443;109
2022;03;03;HOSTAL;02;2 ESTRELLAS;SAN MARTÍN;220000;20;300;478;24,35;22,07;1,56;1,53;2,32;2093;2019;74;3271;3099;172;67
2022;03;03;HOSTAL;02;2 ESTRELLAS;TACNA;230000;23;397;753;13,2;9,69;1,15;1,15;1,2;1961;1917;44;2261;2208;53;69
2022;03;03;HOSTAL;02;2 ESTRELLAS;TUMBES;240000;5;66;131;9,09;7,73;1,64;1,64;0;191;191;0;314;314;0;22
2022;03;03;HOSTAL;02;2 ESTRELLAS;UCAYALI;250000;2;71;136;24,72;13,97;1,6;1,61;1,23;368;355;13;589;573;16;18
2022;03;03;HOSTAL;03;3 ESTRELLAS;AMAZONAS;010000;10;149;301;26,56;17,21;1,28;1,27;1,68;1250;1206;44;1606;1532;74;31
2022;03;03;HOSTAL;03;3 ESTRELLAS;ÁNCASH;020000;18;271;537;19,69;13,33;1,72;1,7;1,93;1291;1181;110;2219;2007;212;61
2022;03;03;HOSTAL;03;3 ESTRELLAS;APURÍMAC;030000;1;24;43;39,92;22,28;1,55;1,55;0;192;192;0;297;297;0;7
2022;03;03;HOSTAL;03;3 ESTRELLAS;AREQUIPA;040000;39;658;1226;23,72;20,21;1,8;1,74;2,05;4269;3473;796;7681;6048;1633;172
2022;03;03;HOSTAL;03;3 ESTRELLAS;AYACUCHO;050000;2;38;77;30,14;20,95;2,09;1,99;2,96;239;213;26;500;423;77;19
2022;03;03;HOSTAL;03;3 ESTRELLAS;CAJAMARCA;060000;51;793;1295;19,4;15,45;1,46;1,45;2,26;4258;4215;43;6203;6106;97;168
2022;03;03;HOSTAL;03;3 ESTRELLAS;CUSCO;080000;21;367;713;13,07;9,74;1,74;1,61;1,95;1239;764;475;2152;1227;925;68
2022;03;03;HOSTAL;03;3 ESTRELLAS;HUÁNUCO;100000;2;45;63;0;0;0;0;0;0;0;0;0;0;0;0
2022;03;03;HOSTAL;03;3 ESTRELLAS;ICA;110000;31;550;1047;42,25;27,34;1,33;1,32;1,43;6661;5771;890;8874;7603;1271;116
2022;03;03;HOSTAL;03;3 ESTRELLAS;JUNÍN;120000;3;60;108;31,29;25,66;1,63;1,63;1;528;526;2;859;857;2;32
2022;03;03;HOSTAL;03;3 ESTRELLAS;LA LIBERTAD;130000;55;916;1758;49,54;41,35;1,19;1,19;1,31;18880;18761;119;22537;22381;156;171
2022;03;03;HOSTAL;03;3 ESTRELLAS;LAMBAYEQUE;140000;23;324;498;31,82;25,17;1,38;1,37;1,87;2807;2716;91;3886;3716;170;76
2022;03;03;HOSTAL;03;3 ESTRELLAS;LIMA;150000;16;335;658;19,31;17,91;1,11;1,1;1,27;3283;3054;229;3653;3362;291;67
2022;03;03;HOSTAL;03;3 ESTRELLAS;LORETO;160000;8;133;229;32,82;21,85;2,3;2,26;3,03;674;635;39;1551;1433;118;47
2022;03;03;HOSTAL;03;3 ESTRELLAS;MADRE DE DIOS;170000;1;22;29;32,26;46,05;1,85;1,86;1,33;224;221;3;414;410;4;4
2022;03;03;HOSTAL;03;3 ESTRELLAS;MOQUEGUA;180000;3;45;74;0;0;0;0;0;0;0;0;0;0;0;0
2022;03;03;HOSTAL;03;3 ESTRELLAS;PASCO;190000;1;9;18;22,22;15,59;1,38;1,38;0;63;63;0;87;87;0;3
2022;03;03;HOSTAL;03;3 ESTRELLAS;PIURA;200000;3;68;152;12,1;14,94;2,23;2,1;2,94;316;267;49;704;560;144;38
2022;03;03;HOSTAL;03;3 ESTRELLAS;PUNO;210000;7;152;265;41,11;29,85;1,87;1,87;1,85;1309;1248;61;2452;2339;113;33
2022;03;03;HOSTAL;03;3 ESTRELLAS;TACNA;230000;6;109;226;19,06;11,3;2,29;2,29;2,38;346;338;8;792;773;19;19
2022;03;03;HOSTAL;03;3 ESTRELLAS;TUMBES;240000;5;83;174;13,76;8,9;1,11;1,1;1,11;434;312;122;480;344;136;15
2022;03;03;HOSTAL;03;3 ESTRELLAS;UCAYALI;250000;1;35;52;11,52;14,39;1,98;1,98;0;117;117;0;232;232;0;5
2022;03;03;HOSTAL;TT;TODAS CONSOLIDADAS;AMAZONAS;010000;80;1353;2176;25,66;22,23;1,18;1,18;1,52;12671;12471;200;14994;14691;303;226
2022;03;03;HOSTAL;TT;TODAS CONSOLIDADAS;ÁNCASH;020000;183;2855;4943;31,26;28,32;1,09;1,08;1,44;39984;39728;256;43389;43021;368;499
2022;03;03;HOSTAL;TT;TODAS CONSOLIDADAS;APURÍMAC;030000;7;161;262;32,06;24,16;1,19;1,19;1;1645;1643;2;1962;1960;2;27
2022;03;03;HOSTAL;TT;TODAS CONSOLIDADAS;AREQUIPA;040000;213;3363;5896;27,39;23,91;1,27;1,25;1,73;34294;32301;1993;43708;40262;3446;641
2022;03;03;HOSTAL;TT;TODAS CONSOLIDADAS;AYACUCHO;050000;11;191;339;12,7;10,86;1,8;1,75;2,67;635;602;33;1141;1053;88;47
2022;03;03;HOSTAL;TT;TODAS CONSOLIDADAS;CAJAMARCA;060000;188;3290;5244;16,64;13,8;1,36;1,36;1,51;16495;16374;121;22435;22252;183;565
2022;03;03;HOSTAL;TT;TODAS CONSOLIDADAS;CALLAO;070000;17;386;756;49,32;47,23;1,04;1,04;1,03;11141;10945;196;11582;11379;203;77
2022;03;03;HOSTAL;TT;TODAS CONSOLIDADAS;CUSCO;080000;96;1665;3023;19,79;16,78;1,49;1,35;2,05;10529;8352;2177;15724;11257;4467;274
2022;03;03;HOSTAL;TT;TODAS CONSOLIDADAS;HUANCAVELICA;090000;3;68;116;22,87;14,79;1,14;1,14;0;467;467;0;532;532;0;9
2022;03;03;HOSTAL;TT;TODAS CONSOLIDADAS;HUÁNUCO;100000;41;579;914;38,68;36,46;1,26;1,26;0;8201;8201;0;10331;10331;0;106
2022;03;03;HOSTAL;TT;TODAS CONSOLIDADAS;ICA;110000;105;1612;2787;31,51;25,27;1,24;1,23;1,31;17614;16310;1304;21836;20132;1704;295
2022;03;03;HOSTAL;TT;TODAS CONSOLIDADAS;JUNÍN;120000;40;636;1187;25,21;20,8;1,25;1,25;1,43;6121;6086;35;7655;7605;50;143
2022;03;03;HOSTAL;TT;TODAS CONSOLIDADAS;LA LIBERTAD;130000;223;3662;6652;30,67;29,07;1,18;1,18;1,17;50794;50302;492;59939;59362;577;649
2022;03;03;HOSTAL;TT;TODAS CONSOLIDADAS;LAMBAYEQUE;140000;197;2854;4039;22,51;17,43;1,12;1,12;1,3;19405;19089;316;21823;21412;411;534
2022;03;03;HOSTAL;TT;TODAS CONSOLIDADAS;LIMA;150000;237;5267;9545;29,35;26,35;1,21;1,14;2,24;81005;76003;5002;98161;86979;11182;1151
2022;03;03;HOSTAL;TT;TODAS CONSOLIDADAS;LORETO;160000;18;280;443;24,68;19,13;1,94;1,92;2,13;1356;1244;112;2627;2388;239;77
2022;03;03;HOSTAL;TT;TODAS CONSOLIDADAS;MADRE DE DIOS;170000;7;187;292;37,52;32,17;1,35;1,35;1,15;2157;2117;40;2912;2866;46;31
2022;03;03;HOSTAL;TT;TODAS CONSOLIDADAS;MOQUEGUA;180000;77;1085;1792;24,25;18,04;1,53;1,53;1,23;6564;6484;80;10023;9925;98;183
2022;03;03;HOSTAL;TT;TODAS CONSOLIDADAS;PASCO;190000;33;589;980;21,47;18,83;1,38;1,38;1,65;4141;4124;17;5720;5692;28;91
2022;03;03;HOSTAL;TT;TODAS CONSOLIDADAS;PIURA;200000;33;656;1102;30,43;25,81;1,79;1,76;1,97;4917;4194;723;8816;7389;1427;156
2022;03;03;HOSTAL;TT;TODAS CONSOLIDADAS;SAN MARTÍN;220000;27;432;757;26,4;23,2;1,73;1,69;2,48;3144;2983;161;5445;5046;399;111
2022;03;03;HOSTAL;TT;TODAS CONSOLIDADAS;TACNA;230000;38;676;1280;12,66;9,08;1,26;1,26;1,28;2855;2784;71;3601;3510;91;112
2022;03;03;HOSTAL;TT;TODAS CONSOLIDADAS;TUMBES;240000;10;149;305;11,69;8,4;1,27;1,31;1,11;625;503;122;794;658;136;37
2022;03;03;HOSTAL;TT;TODAS CONSOLIDADAS;UCAYALI;250000;3;106;188;20,36;14,09;1,69;1,71;1,23;485;472;13;821;805;16;23
2022;03;05;ALBERGUE;12;ALBERGUE;AMAZONAS;010000;1;6;11;0;0;0;0;0;0;0;0;0;0;0;0
2022;03;05;ALBERGUE;12;ALBERGUE;ÁNCASH;020000;7;76;158;5,35;2,84;1,1;1,11;1,09;126;82;44;139;91;48;15
2022;03;05;ALBERGUE;12;ALBERGUE;AREQUIPA;040000;4;94;225;19,35;16,5;1,46;1,52;1,37;788;467;321;1151;710;441;91
2022;03;05;ALBERGUE;12;ALBERGUE;CAJAMARCA;060000;1;11;22;0;0;0;0;0;0;0;0;0;0;0;0
2022;03;05;ALBERGUE;12;ALBERGUE;CUSCO;080000;14;195;643;34,72;32,6;1,58;1,59;1,58;4107;103;4004;6499;164;6335;123
2022;03;05;ALBERGUE;12;ALBERGUE;ICA;110000;1;10;30;20,65;18,71;1,66;1,67;1,25;105;101;4;174;169;5;4
2022;03;05;ALBERGUE;12;ALBERGUE;JUNÍN;120000;1;32;104;8,06;6,14;1,87;1,87;0;106;106;0;198;198;0;19
2022;03;05;ALBERGUE;12;ALBERGUE;LIMA;150000;8;128;346;29,41;25,79;1,73;1,6;1,77;1603;385;1218;2766;615;2151;44
2022;03;05;ALBERGUE;12;ALBERGUE;LORETO;160000;56;736;1579;18,22;13,13;2,02;1,61;2,42;3179;1570;1609;6425;2524;3901;214
2022;03;05;ALBERGUE;12;ALBERGUE;MADRE DE DIOS;170000;10;314;582;10,22;12,21;2,53;2,17;2,57;870;72;798;2203;156;2047;244
2022;03;05;ALBERGUE;12;ALBERGUE;PASCO;190000;12;194;610;7,38;5,8;2,07;2,07;2,67;530;527;3;1097;1089;8;37
2022;03;05;ALBERGUE;12;ALBERGUE;PUNO;210000;1;13;35;0;0;0;0;0;0;0;0;0;0;0;0
2022;03;05;ALBERGUE;12;ALBERGUE;SAN MARTÍN;220000;9;185;416;13,27;14,31;2,5;2,53;2,36;739;608;131;1845;1536;309;55
2022;03;05;ALBERGUE;12;ALBERGUE;UCAYALI;250000;4;47;122;8,44;6,69;1,86;1,65;3,53;136;121;15;253;200;53;21
2022;03;05;ALBERGUE;TT;TODAS CONSOLIDADAS;ÁNCASH;020000;7;76;158;5,35;2,84;1,1;1,11;1,09;126;82;44;139;91;48;15
2022;03;05;ALBERGUE;TT;TODAS CONSOLIDADAS;AREQUIPA;040000;4;94;225;19,35;16,5;1,46;1,52;1,37;788;467;321;1151;710;441;91
2022;03;05;ALBERGUE;TT;TODAS CONSOLIDADAS;CAJAMARCA;060000;1;11;22;0;0;0;0;0;0;0;0;0;0;0;0
2022;03;05;ALBERGUE;TT;TODAS CONSOLIDADAS;CUSCO;080000;14;195;643;34,72;32,6;1,58;1,59;1,58;4107;103;4004;6499;164;6335;123
2022;03;05;ALBERGUE;TT;TODAS CONSOLIDADAS;ICA;110000;1;10;30;20,65;18,71;1,66;1,67;1,25;105;101;4;174;169;5;4
2022;03;05;ALBERGUE;TT;TODAS CONSOLIDADAS;JUNÍN;120000;1;32;104;8,06;6,14;1,87;1,87;0;106;106;0;198;198;0;19
2022;03;05;ALBERGUE;TT;TODAS CONSOLIDADAS;LIMA;150000;8;128;346;29,41;25,79;1,73;1,6;1,77;1603;385;1218;2766;615;2151;44
2022;03;05;ALBERGUE;TT;TODAS CONSOLIDADAS;LORETO;160000;56;736;1579;18,22;13,13;2,02;1,61;2,42;3179;1570;1609;6425;2524;3901;214
2022;03;05;ALBERGUE;TT;TODAS CONSOLIDADAS;MADRE DE DIOS;170000;10;314;582;10,22;12,21;2,53;2,17;2,57;870;72;798;2203;156;2047;244
2022;03;05;ALBERGUE;TT;TODAS CONSOLIDADAS;PASCO;190000;12;194;610;7,38;5,8;2,07;2,07;2,67;530;527;3;1097;1089;8;37
2022;03;05;ALBERGUE;TT;TODAS CONSOLIDADAS;PUNO;210000;1;13;35;0;0;0;0;0;0;0;0;0;0;0;0
2022;03;05;ALBERGUE;TT;TODAS CONSOLIDADAS;SAN MARTÍN;220000;9;185;416;13,27;14,31;2,5;2,53;2,36;739;608;131;1845;1536;309;55
2022;03;05;ALBERGUE;TT;TODAS CONSOLIDADAS;UCAYALI;250000;4;47;122;8,44;6,69;1,86;1,65;3,53;136;121;15;253;200;53;21
2022;03;14;RESORT;03;3 ESTRELLAS;ICA;110000;1;51;86;0;0;0;0;0;0;0;0;0;0;0;0
2022;03;14;RESORT;03;3 ESTRELLAS;TUMBES;240000;1;31;60;0;0;0;0;0;0;0;0;0;0;0;0
2022;03;14;RESORT;04;4 ESTRELLAS;TUMBES;240000;1;402;1101;80,4;69,35;2,36;2,35;2,59;10018;9582;436;23669;22539;1130;497
2022;03;14;RESORT;TT;TODAS CONSOLIDADAS;ICA;110000;2;166;336;42,5;52,89;1,83;1,85;1,68;3016;2643;373;5509;4882;627;90
2022;03;14;RESORT;TT;TODAS CONSOLIDADAS;TUMBES;240000;2;433;1161;74,65;65,76;2,36;2,35;2,59;10018;9582;436;23669;22539;1130;497
2022;03;16;ECOLODGE;13;ECOLODGE;AREQUIPA;040000;1;23;51;4,35;4,74;1,21;1,12;1,28;62;26;36;75;29;46;8
2022;03;16;ECOLODGE;TT;TODAS CONSOLIDADAS;AREQUIPA;040000;1;23;51;4,35;4,74;1,21;1,12;1,28;62;26;36;75;29;46;8
2022;03;16;ECOLODGE;TT;TODAS CONSOLIDADAS;SAN MARTÍN;220000;1;12;24;0;0;0;0;0;0;0;0;0;0;0;0
2022;03;TT;TODAS CONSOLIDADAS;00;NO CATEGORIZADO;AMAZONAS;010000;269;2543;4119;17,27;13,73;1,13;1,13;1,28;15524;15138;386;17532;17036;496;482
2022;03;TT;TODAS CONSOLIDADAS;00;NO CATEGORIZADO;ÁNCASH;020000;597;5546;9595;16,45;14,3;1,13;1,13;1,25;37473;37363;110;42520;42382;138;971
2022;03;TT;TODAS CONSOLIDADAS;00;NO CATEGORIZADO;APURÍMAC;030000;477;4358;6705;15,4;11,89;1,14;1,13;1,51;21740;21632;108;24709;24546;163;456
2022;03;TT;TODAS CONSOLIDADAS;00;NO CATEGORIZADO;AREQUIPA;040000;1118;9937;16761;21,23;19,39;1,48;1,39;2,05;68148;58683;9465;100746;81317;19429;1867
2022;03;TT;TODAS CONSOLIDADAS;00;NO CATEGORIZADO;AYACUCHO;050000;535;5159;8186;14,2;11,66;1,21;1,21;1,36;24412;24296;116;29583;29425;158;567
2022;03;TT;TODAS CONSOLIDADAS;00;NO CATEGORIZADO;CAJAMARCA;060000;625;6107;9480;14,77;12,89;1,17;1,17;1,1;32361;32206;155;37887;37717;170;1081
2022;03;TT;TODAS CONSOLIDADAS;00;NO CATEGORIZADO;CALLAO;070000;256;3638;6742;32,59;30,11;1,01;1,01;1,25;110836;109586;1250;111860;110299;1560;957
2022;03;TT;TODAS CONSOLIDADAS;00;NO CATEGORIZADO;CUSCO;080000;1824;17798;31956;20,13;17,32;1,71;1,46;2,14;100075;62935;37140;171583;92034;79549;3357
2022;03;TT;TODAS CONSOLIDADAS;00;NO CATEGORIZADO;HUANCAVELICA;090000;190;2226;3434;16,5;13,12;1,05;1,05;1,29;13258;13251;7;13963;13954;9;275
2022;03;TT;TODAS CONSOLIDADAS;00;NO CATEGORIZADO;HUÁNUCO;100000;471;5244;7754;17,35;14,66;1,11;1,11;1,08;31731;31645;86;35244;35151;93;681
2022;03;TT;TODAS CONSOLIDADAS;00;NO CATEGORIZADO;ICA;110000;740;8134;13899;22,1;16,67;1,21;1,19;1,29;59323;47628;11695;71831;56758;15073;1456
2022;03;TT;TODAS CONSOLIDADAS;00;NO CATEGORIZADO;JUNÍN;120000;1291;13821;22287;16,55;12,94;1,17;1,17;1,38;76365;75979;386;89414;88882;532;2398
2022;03;TT;TODAS CONSOLIDADAS;00;NO CATEGORIZADO;LA LIBERTAD;130000;840;6807;11409;19,83;17,69;1,11;1,11;1,17;56499;55374;1125;62583;61268;1315;761
2022;03;TT;TODAS CONSOLIDADAS;00;NO CATEGORIZADO;LAMBAYEQUE;140000;381;3947;5690;19,54;15,31;1,08;1,08;1,18;24981;24414;567;27004;26337;667;549
2022;03;TT;TODAS CONSOLIDADAS;00;NO CATEGORIZADO;LIMA;150000;6204;52735;91677;23,27;19,89;1,12;1,1;1,4;2307161;2203777;103384;2577229;2432501;144728;37418
2022;03;TT;TODAS CONSOLIDADAS;00;NO CATEGORIZADO;LORETO;160000;724;6608;10358;17,03;16,71;1,71;1,58;2,01;31415;21948;9467;53649;34582;19067;754
2022;03;TT;TODAS CONSOLIDADAS;00;NO CATEGORIZADO;MOQUEGUA;180000;189;1790;3060;14,71;10,05;1,26;1,26;1,04;7580;7534;46;9530;9482;48;220
2022;03;TT;TODAS CONSOLIDADAS;00;NO CATEGORIZADO;PASCO;190000;308;3361;5226;16,82;13,17;1,15;1,15;1,07;18488;18430;58;21330;21268;62;589
2022;03;TT;TODAS CONSOLIDADAS;00;NO CATEGORIZADO;PUNO;210000;699;6660;11343;21,3;17,94;1,15;1,15;1,08;54890;52264;2626;63092;60251;2841;1199
2022;03;TT;TODAS CONSOLIDADAS;00;NO CATEGORIZADO;SAN MARTÍN;220000;758;8546;13253;28,31;23,15;1,28;1,28;1,4;74362;73380;982;95124;93753;1371;1125
2022;03;TT;TODAS CONSOLIDADAS;00;NO CATEGORIZADO;TACNA;230000;409;3886;7022;8,38;6,58;1,18;1,17;1,29;12160;11394;766;14328;13343;985;476
2022;03;TT;TODAS CONSOLIDADAS;00;NO CATEGORIZADO;TUMBES;240000;216;2226;4335;18,33;15,14;1,82;1,81;2,22;11189;10858;331;20347;19612;735;379
2022;03;TT;TODAS CONSOLIDADAS;00;NO CATEGORIZADO;UCAYALI;250000;472;5018;7741;22,54;21,83;2,01;2,02;1,66;26039;25489;550;52391;51479;912;910
2022;03;TT;TODAS CONSOLIDADAS;01;1 ESTRELLA;AMAZONAS;010000;19;288;452;38,93;37,35;1,33;1,33;1,26;3943;3908;35;5233;5189;44;48
2022;03;TT;TODAS CONSOLIDADAS;01;1 ESTRELLA;ÁNCASH;020000;52;934;1512;28,39;24,88;1,08;1,08;1;10829;10811;18;11664;11646;18;142
2022;03;TT;TODAS CONSOLIDADAS;01;1 ESTRELLA;APURÍMAC;030000;3;89;132;22,11;17,57;1,07;1,06;2;675;673;2;719;715;4;10
2022;03;TT;TODAS CONSOLIDADAS;01;1 ESTRELLA;AREQUIPA;040000;57;980;1539;25,93;20,16;1,17;1,16;2,44;8204;8117;87;9617;9405;212;155
2022;03;TT;TODAS CONSOLIDADAS;01;1 ESTRELLA;AYACUCHO;050000;11;268;468;12,18;11,28;2,11;2,11;0;777;777;0;1637;1637;0;43
2022;03;TT;TODAS CONSOLIDADAS;01;1 ESTRELLA;CAJAMARCA;060000;29;563;882;8,35;7,56;1,46;1,46;0;1417;1417;0;2067;2067;0;96
2022;03;TT;TODAS CONSOLIDADAS;01;1 ESTRELLA;CALLAO;070000;12;238;474;40;35,86;1,08;1,08;1,04;5125;4954;172;5549;5370;179;47
2022;03;TT;TODAS CONSOLIDADAS;01;1 ESTRELLA;HUANCAVELICA;090000;2;29;45;38,26;24,8;1;1;0;346;346;0;346;346;0;5
2022;03;TT;TODAS CONSOLIDADAS;01;1 ESTRELLA;JUNÍN;120000;18;416;799;20,82;13,83;1,33;1,33;0;2573;2573;0;3425;3425;0;59
2022;03;TT;TODAS CONSOLIDADAS;01;1 ESTRELLA;LA LIBERTAD;130000;36;555;971;23,16;23,27;1,57;1,57;1;4475;4468;7;7005;6998;7;95
2022;03;TT;TODAS CONSOLIDADAS;01;1 ESTRELLA;LAMBAYEQUE;140000;18;264;331;17,51;17,1;1,19;1,19;1,14;1476;1462;14;1755;1739;16;47
2022;03;TT;TODAS CONSOLIDADAS;01;1 ESTRELLA;LIMA;150000;92;2024;3560;33,08;28,45;1,08;1,08;1,26;36301;35753;548;39128;38435;694;407
2022;03;TT;TODAS CONSOLIDADAS;01;1 ESTRELLA;MADRE DE DIOS;170000;6;228;412;39,02;23,33;1,11;1,11;1;2684;2604;80;2980;2900;80;27
2022;03;TT;TODAS CONSOLIDADAS;01;1 ESTRELLA;MOQUEGUA;180000;15;222;402;12,03;9;1,21;1,21;1,35;927;907;20;1121;1094;27;37
2022;03;TT;TODAS CONSOLIDADAS;01;1 ESTRELLA;PASCO;190000;24;501;761;21,65;17,09;1,29;1,29;0;3131;3131;0;4032;4032;0;79
2022;03;TT;TODAS CONSOLIDADAS;01;1 ESTRELLA;PIURA;200000;4;76;128;13,62;15,32;1,4;1,4;1,8;434;429;5;608;599;9;14
2022;03;TT;TODAS CONSOLIDADAS;01;1 ESTRELLA;PUNO;210000;31;523;879;23;17,89;1,09;1,1;1,03;4457;4089;368;4875;4495;380;80
2022;03;TT;TODAS CONSOLIDADAS;01;1 ESTRELLA;TACNA;230000;11;227;413;7,73;5,83;1,19;1,19;1;629;610;19;746;727;19;29
2022;03;TT;TODAS CONSOLIDADAS;02;2 ESTRELLAS;AMAZONAS;010000;81;1703;2660;20,07;17,49;1,13;1,12;1,47;12779;12600;179;14423;14160;263;277
2022;03;TT;TODAS CONSOLIDADAS;02;2 ESTRELLAS;ÁNCASH;020000;175;3340;5887;28,44;24,8;1,1;1,1;1,1;41262;40884;378;45263;44848;415;560
2022;03;TT;TODAS CONSOLIDADAS;02;2 ESTRELLAS;APURÍMAC;030000;9;307;506;21,1;16,34;1,16;1,16;1;2208;2205;3;2563;2560;3;35
2022;03;TT;TODAS CONSOLIDADAS;02;2 ESTRELLAS;AREQUIPA;040000;163;3071;5498;26,52;23,03;1,27;1,26;1,55;30887;29421;1466;39257;36981;2276;526
2022;03;TT;TODAS CONSOLIDADAS;02;2 ESTRELLAS;AYACUCHO;050000;13;316;558;22,57;19,92;2,03;2,04;1,85;1697;1657;40;3446;3372;74;53
2022;03;TT;TODAS CONSOLIDADAS;02;2 ESTRELLAS;CAJAMARCA;060000;153;3183;4963;17,17;14;1,28;1,28;1,11;16846;16726;120;21543;21410;133;499
2022;03;TT;TODAS CONSOLIDADAS;02;2 ESTRELLAS;CALLAO;070000;8;242;457;46,48;47,81;1,01;1,01;1,06;6709;6534;175;6773;6587;186;39
2022;03;TT;TODAS CONSOLIDADAS;02;2 ESTRELLAS;CUSCO;080000;99;2123;3952;17,92;15,23;1,61;1,48;1,84;11610;7410;4200;18659;10951;7708;467
2022;03;TT;TODAS CONSOLIDADAS;02;2 ESTRELLAS;HUANCAVELICA;090000;3;85;156;18,56;14,52;1,1;1,1;0;637;637;0;702;702;0;13
2022;03;TT;TODAS CONSOLIDADAS;02;2 ESTRELLAS;HUÁNUCO;100000;64;1545;2455;26;21,12;1,14;1,14;1,14;14101;14072;29;16073;16040;33;267
2022;03;TT;TODAS CONSOLIDADAS;02;2 ESTRELLAS;ICA;110000;112;2258;3856;22,97;19,39;1,41;1,41;1,12;16470;16075;395;23181;22737;444;379
2022;03;TT;TODAS CONSOLIDADAS;02;2 ESTRELLAS;LA LIBERTAD;130000;157;2779;4987;23,69;23,77;1,13;1,13;1,17;32548;32109;439;36749;36236;513;500
2022;03;TT;TODAS CONSOLIDADAS;02;2 ESTRELLAS;LAMBAYEQUE;140000;228;4308;6259;20,45;15,46;1,1;1,1;1,11;27167;26832;335;29997;29624;373;727
2022;03;TT;TODAS CONSOLIDADAS;02;2 ESTRELLAS;LIMA;150000;260;8370;14971;40,4;35,68;1,29;1,25;2,16;163492;155534;7958;211561;194344;17217;1713
2022;03;TT;TODAS CONSOLIDADAS;02;2 ESTRELLAS;LORETO;160000;19;412;660;24,68;19,05;1,8;1,8;1,83;2163;1729;434;3898;3104;794;74
2022;03;TT;TODAS CONSOLIDADAS;02;2 ESTRELLAS;MOQUEGUA;180000;76;1252;2061;32,8;23,35;2,04;2,05;1,53;7299;7223;76;14921;14805;116;225
2022;03;TT;TODAS CONSOLIDADAS;02;2 ESTRELLAS;PASCO;190000;19;393;721;27,19;40,13;1,85;1,85;1,65;4843;4826;17;8970;8942;28;68
2022;03;TT;TODAS CONSOLIDADAS;02;2 ESTRELLAS;PIURA;200000;48;1031;1700;32,57;27,6;1,92;1,9;2,09;7559;6695;864;14546;12739;1807;199
2022;03;01;HOTEL;03;3 ESTRELLAS;AREQUIPA;040000;65;1852;3401;22,37;18,08;1,92;1,88;2,11;9907;7862;2045;19066;14751;4315;485
2022;03;01;HOTEL;03;3 ESTRELLAS;SAN MARTÍN;220000;22;754;1336;21,16;18,22;1,66;1,65;1,98;4542;4382;160;7545;7229;316;213
2022;03;02;APART HOTEL;04;4 ESTRELLAS;SAN MARTÍN;220000;1;24;49;60,48;49,84;2,72;2,63;3,13;278;224;54;757;588;169;16
2022;03;03;HOSTAL;03;3 ESTRELLAS;SAN MARTÍN;220000;6;112;245;33,06;26,6;2,1;2,05;2,61;961;874;87;2020;1793;227;36
2022;03;16;ECOLODGE;13;ECOLODGE;SAN MARTÍN;220000;1;12;24;0;0;0;0;0;0;0;0;0;0;0;0
2022;03;01;HOTEL;TT;TODAS CONSOLIDADAS;AMAZONAS;010000;49;1233;2017;20,02;16,8;1,27;1,27;1,26;8291;7821;470;10504;9910;594;246
2022;03;05;ALBERGUE;TT;TODAS CONSOLIDADAS;AMAZONAS;010000;1;6;11;0;0;0;0;0;0;0;0;0;0;0;0
2022;03;01;HOTEL;TT;TODAS CONSOLIDADAS;PIURA;200000;41;1483;2568;35,84;30,17;1,99;1,92;2,49;12074;10661;1413;24018;20493;3525;411
2022;03;TT;TODAS CONSOLIDADAS;00;NO CATEGORIZADO;PIURA;200000;1015;10435;19010;36,16;28,8;1,68;1,67;1,94;101114;96544;4570;169736;160861;8875;2065
2022;03;03;HOSTAL;TT;TODAS CONSOLIDADAS;PUNO;210000;75;1190;2108;26,39;19,65;1,46;1,48;1,29;8780;8061;719;12840;11915;925;204
2022;03;14;RESORT;05;5 ESTRELLAS;ICA;110000;1;115;250;61,35;71,08;1,83;1,85;1,68;3016;2643;373;5509;4882;627;90
2022;03;TT;TODAS CONSOLIDADAS;01;1 ESTRELLA;ICA;110000;15;239;338;27,95;26,83;1;1;1;2811;2642;169;2811;2642;169;28
2022;03;TT;TODAS CONSOLIDADAS;00;NO CATEGORIZADO;MADRE DE DIOS;170000;310;4280;7052;20,87;16,44;1,22;1,2;1,49;29558;27687;1871;35933;33153;2780;538
2022;03;TT;TODAS CONSOLIDADAS;01;1 ESTRELLA;CUSCO;080000;28;540;892;19,05;16,08;1,05;1,05;1,47;4225;4180;45;4447;4381;66;71
2022;03;TT;TODAS CONSOLIDADAS;01;1 ESTRELLA;HUÁNUCO;100000;25;508;757;55,81;53,76;1,2;1,2;0;10491;10491;0;12617;12617;0;90
2022;03;TT;TODAS CONSOLIDADAS;01;1 ESTRELLA;LORETO;160000;5;75;102;20,73;16,03;1,63;1,63;0;312;312;0;507;507;0;16
2022;03;TT;TODAS CONSOLIDADAS;01;1 ESTRELLA;SAN MARTÍN;220000;7;146;229;32,17;34,95;1,22;1,22;1,39;2035;2007;28;2481;2442;39;32
2022;03;TT;TODAS CONSOLIDADAS;02;2 ESTRELLAS;JUNÍN;120000;52;1241;2251;20,79;16,87;1,32;1,31;1,55;8938;8845;93;11773;11629;144;201
2022;03;TT;TODAS CONSOLIDADAS;02;2 ESTRELLAS;MADRE DE DIOS;170000;13;357;593;34,11;25,74;1,27;1,27;1,17;3722;3651;71;4731;4648;83;62
2022;03;TT;TODAS CONSOLIDADAS;02;2 ESTRELLAS;PUNO;210000;62;1128;2053;19,61;14,78;1,56;1,56;1,54;6043;5600;443;9405;8722;683;179
2022;03;TT;TODAS CONSOLIDADAS;02;2 ESTRELLAS;SAN MARTÍN;220000;50;1136;1890;31,59;28,23;1,97;1,97;1,9;8402;8148;254;16539;16057;482;245
2022;03;TT;TODAS CONSOLIDADAS;02;2 ESTRELLAS;TACNA;230000;56;1322;2638;15,54;11,4;1,52;1,52;1,52;6129;6000;129;9319;9123;196;240
2022;03;TT;TODAS CONSOLIDADAS;02;2 ESTRELLAS;TUMBES;240000;13;324;676;55,44;28,79;7,82;7,82;0;772;772;0;6034;6034;0;71
2022;03;TT;TODAS CONSOLIDADAS;02;2 ESTRELLAS;UCAYALI;250000;4;129;229;16,23;10,09;1,75;1,76;1,63;409;393;16;716;690;26;29
2022;03;TT;TODAS CONSOLIDADAS;03;3 ESTRELLAS;AMAZONAS;010000;29;595;1081;23,55;17,43;1,38;1,39;1,29;4240;3784;456;5842;5252;590;147
2022;03;TT;TODAS CONSOLIDADAS;03;3 ESTRELLAS;ÁNCASH;020000;59;1543;2839;29,69;21,03;1,42;1,44;1,31;13013;11500;1513;18509;16520;1989;344
2022;03;TT;TODAS CONSOLIDADAS;03;3 ESTRELLAS;APURÍMAC;030000;5;143;245;53,58;34,58;1,52;1,53;1,4;1733;1564;169;2626;2389;237;34
2022;03;TT;TODAS CONSOLIDADAS;03;3 ESTRELLAS;AREQUIPA;040000;105;2528;4663;22,59;18,53;1,89;1,84;2,09;14184;11343;2841;26789;20841;5948;659
2022;03;TT;TODAS CONSOLIDADAS;03;3 ESTRELLAS;AYACUCHO;050000;11;340;652;17,58;14,89;2,08;2,09;2,03;1445;1268;177;3010;2651;359;108
2022;03;TT;TODAS CONSOLIDADAS;03;3 ESTRELLAS;CAJAMARCA;060000;117;2798;4610;19,91;15,28;1,62;1,61;2,02;13492;13274;218;21836;21395;441;598
2022;03;TT;TODAS CONSOLIDADAS;03;3 ESTRELLAS;CALLAO;070000;4;233;392;32,48;28,48;1,54;1,48;1,8;2248;1856;392;3461;2755;706;51
2022;03;TT;TODAS CONSOLIDADAS;03;3 ESTRELLAS;CUSCO;080000;97;3155;6211;21,45;16,96;1,7;1,74;1,68;19213;6635;12578;32664;11539;21125;871
2022;03;TT;TODAS CONSOLIDADAS;03;3 ESTRELLAS;HUANCAVELICA;090000;2;65;108;6,25;4,54;1,17;1,17;0;130;130;0;152;152;0;20
2022;03;TT;TODAS CONSOLIDADAS;03;3 ESTRELLAS;HUÁNUCO;100000;15;549;1010;18,45;15,19;1,48;1,49;1,37;3207;3070;137;4756;4568;188;106
2022;03;TT;TODAS CONSOLIDADAS;03;3 ESTRELLAS;ICA;110000;82;2420;4770;35,97;29,01;1,49;1,5;1,48;28707;24687;4020;42901;36964;5937;568
2022;03;TT;TODAS CONSOLIDADAS;03;3 ESTRELLAS;JUNÍN;120000;21;760;1425;18,15;12,75;1,6;1,59;2,02;3530;3486;44;5631;5542;89;188
2022;03;TT;TODAS CONSOLIDADAS;03;3 ESTRELLAS;LA LIBERTAD;130000;140;3450;6467;32,81;26,74;1,4;1,37;2,02;38354;36716;1638;53598;50285;3313;762
2022;03;TT;TODAS CONSOLIDADAS;03;3 ESTRELLAS;LAMBAYEQUE;140000;62;1638;2715;26,96;21,35;1,54;1,53;1,75;11692;11241;451;17970;17180;790;336
2022;03;TT;TODAS CONSOLIDADAS;03;3 ESTRELLAS;LIMA;150000;182;8513;16297;36,04;30,36;1,71;1,5;2,41;89655;68716;20939;153393;102893;50500;1879
2022;03;TT;TODAS CONSOLIDADAS;03;3 ESTRELLAS;LORETO;160000;30;821;1432;34,47;25,43;2,69;2,79;2,13;4200;3565;635;11288;9935;1353;212
2022;03;TT;TODAS CONSOLIDADAS;03;3 ESTRELLAS;MADRE DE DIOS;170000;6;214;383;39,81;31,35;2,12;2,17;1,8;1759;1501;258;3722;3258;464;69
2022;03;TT;TODAS CONSOLIDADAS;03;3 ESTRELLAS;MOQUEGUA;180000;13;343;619;21,8;24,01;2,42;2,43;1,95;1901;1863;38;4607;4533;74;73
2022;03;TT;TODAS CONSOLIDADAS;03;3 ESTRELLAS;PIURA;200000;18;650;1122;30,21;25,74;1,86;1,77;2,57;4816;4308;508;8953;7645;1308;245
2022;03;TT;TODAS CONSOLIDADAS;03;3 ESTRELLAS;SAN MARTÍN;220000;28;866;1581;22,7;19,52;1,74;1,72;2,2;5503;5256;247;9565;9022;543;249
2022;03;TT;TODAS CONSOLIDADAS;03;3 ESTRELLAS;TACNA;230000;20;610;1278;19,59;11,92;2,05;2,03;2,19;2303;2056;247;4724;4182;542;140
2022;03;TT;TODAS CONSOLIDADAS;03;3 ESTRELLAS;TUMBES;240000;18;444;956;27,83;23,98;2,34;2,38;2,08;3041;2632;409;7107;6256;851;168
2022;03;TT;TODAS CONSOLIDADAS;03;3 ESTRELLAS;UCAYALI;250000;16;572;939;27,27;21,64;2,12;2,13;2,05;2969;2789;180;6298;5929;369;130
2022;03;TT;TODAS CONSOLIDADAS;04;4 ESTRELLAS;AREQUIPA;040000;11;473;942;28,28;23,72;1,91;1,92;1,9;3622;2332;1290;6927;4475;2452;164
2022;03;TT;TODAS CONSOLIDADAS;04;4 ESTRELLAS;CAJAMARCA;060000;3;142;228;52,43;48,15;2,02;1,96;2,43;1687;1472;215;3403;2880;523;72
2022;03;TT;TODAS CONSOLIDADAS;04;4 ESTRELLAS;CALLAO;070000;2;371;599;89,19;79,76;1,39;1,38;1,4;10637;2874;7763;14811;3957;10854;107
2022;03;TT;TODAS CONSOLIDADAS;04;4 ESTRELLAS;CUSCO;080000;13;957;1830;52,59;43,05;1,88;1,53;2,12;13013;5377;7636;24423;8223;16200;442
2022;03;TT;TODAS CONSOLIDADAS;04;4 ESTRELLAS;HUÁNUCO;100000;1;61;104;35,22;25,03;2,2;2,23;1,25;367;355;12;807;792;15;23
2022;03;TT;TODAS CONSOLIDADAS;04;4 ESTRELLAS;ICA;110000;7;744;1550;31,56;34,22;1,86;1,89;1,67;8832;7641;1191;16444;14451;1993;422
2022;03;TT;TODAS CONSOLIDADAS;04;4 ESTRELLAS;JUNÍN;120000;1;40;66;27,02;16,37;1;1;1;335;289;46;335;289;46;21
2022;03;TT;TODAS CONSOLIDADAS;04;4 ESTRELLAS;LA LIBERTAD;130000;3;206;326;49,67;47,42;2,29;2,26;2,42;2096;1734;362;4792;3917;875;79
2022;03;TT;TODAS CONSOLIDADAS;04;4 ESTRELLAS;LAMBAYEQUE;140000;5;352;577;55,42;51,18;1,51;1,47;1,89;6077;5511;566;9155;8084;1071;239
2022;03;TT;TODAS CONSOLIDADAS;04;4 ESTRELLAS;LIMA;150000;50;4810;8615;37,78;33,2;1,89;1,47;2,87;46920;32902;14018;88664;48472;40192;1969
2022;03;TT;TODAS CONSOLIDADAS;04;4 ESTRELLAS;LORETO;160000;3;103;173;39,09;34,05;2,28;2,47;1,68;800;610;190;1826;1506;320;33
2022;03;TT;TODAS CONSOLIDADAS;04;4 ESTRELLAS;MOQUEGUA;180000;2;123;232;63,94;75,96;10,53;11,03;3,32;519;485;34;5463;5350;113;42
2022;03;TT;TODAS CONSOLIDADAS;04;4 ESTRELLAS;PIURA;200000;3;299;552;46,96;37,37;2,15;2,06;2,55;2981;2480;501;6395;5115;1280;49
2022;03;TT;TODAS CONSOLIDADAS;04;4 ESTRELLAS;PUNO;210000;7;447;842;19,88;16,76;1,72;1,81;1,66;2543;991;1552;4374;1796;2578;103
2022;03;TT;TODAS CONSOLIDADAS;04;4 ESTRELLAS;SAN MARTÍN;220000;1;24;49;60,48;49,84;2,72;2,63;3,13;278;224;54;757;588;169;16
2022;03;TT;TODAS CONSOLIDADAS;04;4 ESTRELLAS;TACNA;230000;1;150;300;17,2;12,41;1,91;1,94;1,62;605;540;65;1154;1049;105;32
2022;03;TT;TODAS CONSOLIDADAS;04;4 ESTRELLAS;TUMBES;240000;6;667;1624;67,28;62,75;2,33;2,34;2,27;13534;12580;954;31591;29430;2161;617
2022;03;TT;TODAS CONSOLIDADAS;04;4 ESTRELLAS;UCAYALI;250000;5;289;515;36,64;30,42;2,26;2,21;2,43;2149;1686;463;4856;3733;1123;88
2022;03;TT;TODAS CONSOLIDADAS;05;5 ESTRELLAS;AREQUIPA;040000;3;241;352;55,35;49,04;2,65;2,65;2,66;2017;1281;736;5351;3391;1960;157
2022;03;TT;TODAS CONSOLIDADAS;05;5 ESTRELLAS;CUSCO;080000;15;1288;2527;34,42;33,66;1,68;1,79;1,66;15738;2274;13464;26370;4060;22310;833
2022;03;TT;TODAS CONSOLIDADAS;05;5 ESTRELLAS;ICA;110000;4;460;1046;60,44;54,7;1,91;1,88;2,02;9277;7413;1864;17738;13971;3767;430
2022;03;TT;TODAS CONSOLIDADAS;05;5 ESTRELLAS;LA LIBERTAD;130000;2;267;450;39,08;39,58;2,1;2,02;2,51;2631;2230;401;5522;4514;1008;172
2022;03;TT;TODAS CONSOLIDADAS;05;5 ESTRELLAS;LIMA;150000;30;4596;9061;47,74;32,21;2,22;1,61;2,85;40721;20756;19965;90466;33506;56960;2681
2022;03;TT;TODAS CONSOLIDADAS;05;5 ESTRELLAS;LORETO;160000;1;60;91;74,68;72,6;2,02;2,24;1,66;1016;625;391;2048;1400;648;49
2022;03;TT;TODAS CONSOLIDADAS;05;5 ESTRELLAS;PUNO;210000;1;123;231;65,67;51,58;1,58;1,51;1,92;2342;1938;404;3694;2920;774;45
2022;03;TT;TODAS CONSOLIDADAS;05;5 ESTRELLAS;SAN MARTÍN;220000;1;50;108;34,06;35,99;1,73;1,75;1,35;697;666;31;1205;1163;42;63
2022;03;TT;TODAS CONSOLIDADAS;05;5 ESTRELLAS;UCAYALI;250000;2;162;300;35,21;26,37;2,26;2,2;2,81;1083;970;113;2452;2135;317;61
2022;03;TT;TODAS CONSOLIDADAS;12;ALBERGUE;AMAZONAS;010000;1;6;11;0;0;0;0;0;0;0;0;0;0;0;0
2022;03;TT;TODAS CONSOLIDADAS;12;ALBERGUE;ÁNCASH;020000;7;76;158;5,35;2,84;1,1;1,11;1,09;126;82;44;139;91;48;15
2022;03;TT;TODAS CONSOLIDADAS;12;ALBERGUE;AREQUIPA;040000;4;94;225;19,35;16,5;1,46;1,52;1,37;788;467;321;1151;710;441;91
2022;03;TT;TODAS CONSOLIDADAS;12;ALBERGUE;CAJAMARCA;060000;1;11;22;0;0;0;0;0;0;0;0;0;0;0;0
2022;03;TT;TODAS CONSOLIDADAS;12;ALBERGUE;CUSCO;080000;14;195;643;34,72;32,6;1,58;1,59;1,58;4107;103;4004;6499;164;6335;123
2022;03;TT;TODAS CONSOLIDADAS;12;ALBERGUE;ICA;110000;1;10;30;20,65;18,71;1,66;1,67;1,25;105;101;4;174;169;5;4
2022;03;TT;TODAS CONSOLIDADAS;12;ALBERGUE;JUNÍN;120000;1;32;104;8,06;6,14;1,87;1,87;0;106;106;0;198;198;0;19
2022;03;TT;TODAS CONSOLIDADAS;12;ALBERGUE;LIMA;150000;8;128;346;29,41;25,79;1,73;1,6;1,77;1603;385;1218;2766;615;2151;44
2022;03;TT;TODAS CONSOLIDADAS;12;ALBERGUE;LORETO;160000;56;736;1579;18,22;13,13;2,02;1,61;2,42;3179;1570;1609;6425;2524;3901;214
2022;03;TT;TODAS CONSOLIDADAS;12;ALBERGUE;MADRE DE DIOS;170000;10;314;582;10,22;12,21;2,53;2,17;2,57;870;72;798;2203;156;2047;244
2022;03;TT;TODAS CONSOLIDADAS;12;ALBERGUE;PASCO;190000;12;194;610;7,38;5,8;2,07;2,07;2,67;530;527;3;1097;1089;8;37
2022;03;TT;TODAS CONSOLIDADAS;12;ALBERGUE;PUNO;210000;1;13;35;0;0;0;0;0;0;0;0;0;0;0;0
2022;03;TT;TODAS CONSOLIDADAS;12;ALBERGUE;SAN MARTÍN;220000;9;185;416;13,27;14,31;2,5;2,53;2,36;739;608;131;1845;1536;309;55
2022;03;TT;TODAS CONSOLIDADAS;12;ALBERGUE;UCAYALI;250000;4;47;122;8,44;6,69;1,86;1,65;3,53;136;121;15;253;200;53;21
2022;03;TT;TODAS CONSOLIDADAS;13;ECOLODGE;AREQUIPA;040000;1;23;51;4,35;4,74;1,21;1,12;1,28;62;26;36;75;29;46;8
2022;03;TT;TODAS CONSOLIDADAS;13;ECOLODGE;SAN MARTÍN;220000;1;12;24;0;0;0;0;0;0;0;0;0;0;0;0
2022;03;TT;TODAS CONSOLIDADAS;TT;TODAS CONSOLIDADAS;AMAZONAS;010000;399;5135;8323;19,28;15,85;1,15;1,15;1,32;36486;35430;1056;43030;41637;1393;954
2022;03;TT;TODAS CONSOLIDADAS;TT;TODAS CONSOLIDADAS;ÁNCASH;020000;890;11439;19991;20,29;17,34;1,14;1,14;1,21;102703;100640;2063;118095;115487;2608;2032
2022;03;TT;TODAS CONSOLIDADAS;TT;TODAS CONSOLIDADAS;APURÍMAC;030000;494;4897;7588;15,93;12,23;1,14;1,14;1,5;26356;26074;282;30617;30210;407;535
2022;03;TT;TODAS CONSOLIDADAS;TT;TODAS CONSOLIDADAS;AREQUIPA;040000;1462;17347;30031;22,2;19,84;1,48;1,4;2,01;127912;111670;16242;189913;157149;32764;3627
2022;03;TT;TODAS CONSOLIDADAS;TT;TODAS CONSOLIDADAS;AYACUCHO;050000;570;6083;9864;14,42;11,9;1,26;1,26;1,36;28331;27998;333;37676;37085;591;771
2022;03;TT;TODAS CONSOLIDADAS;TT;TODAS CONSOLIDADAS;CAJAMARCA;060000;928;12804;20185;15,72;13,31;1,26;1,25;1,18;65803;65095;708;86736;85469;1267;2346
2022;03;TT;TODAS CONSOLIDADAS;TT;TODAS CONSOLIDADAS;CALLAO;070000;282;4722;8664;33,7;31,19;1,02;1,02;1,24;135555;125804;9751;142454;128968;13485;1201
2022;03;TT;TODAS CONSOLIDADAS;TT;TODAS CONSOLIDADAS;CUSCO;080000;2090;26056;48011;20,47;17,57;1,7;1,47;2,09;167981;88914;79067;284645;131352;153293;6164
2022;03;TT;TODAS CONSOLIDADAS;TT;TODAS CONSOLIDADAS;HUANCAVELICA;090000;197;2405;3743;16,65;13,17;1,05;1,05;1,24;14371;14364;7;15163;15154;9;313
2022;03;TT;TODAS CONSOLIDADAS;TT;TODAS CONSOLIDADAS;HUÁNUCO;100000;576;7907;12080;20,04;17,11;1,13;1,13;1,05;59897;59633;264;69497;69168;329;1167
2022;03;TT;TODAS CONSOLIDADAS;TT;TODAS CONSOLIDADAS;ICA;110000;961;14265;25489;23,7;18,49;1,26;1,25;1,29;125525;106187;19338;175080;147692;27388;3287
2022;03;TT;TODAS CONSOLIDADAS;TT;TODAS CONSOLIDADAS;JUNÍN;120000;1384;16310;26932;16,79;13,1;1,19;1,18;1,38;91847;91278;569;110776;109965;811;2886
2022;03;TT;TODAS CONSOLIDADAS;TT;TODAS CONSOLIDADAS;LA LIBERTAD;130000;1178;14064;24610;22,09;19,86;1,16;1,16;1,27;136603;132631;3972;170249;163218;7031;2369
2022;03;TT;TODAS CONSOLIDADAS;TT;TODAS CONSOLIDADAS;LAMBAYEQUE;140000;694;10509;15572;20,71;16,2;1,14;1,13;1,21;71393;69460;1933;85881;82964;2917;1898
2022;03;TT;TODAS CONSOLIDADAS;TT;TODAS CONSOLIDADAS;LORETO;160000;838;8815;14395;18,08;16,96;1,77;1,63;2,03;43085;30359;12726;79641;53558;26083;1352
2022;03;TT;TODAS CONSOLIDADAS;TT;TODAS CONSOLIDADAS;MADRE DE DIOS;170000;345;5393;9022;21,7;17,04;1,27;1,24;1,5;38593;35515;3078;49569;44115;5454;940
2022;03;TT;TODAS CONSOLIDADAS;TT;TODAS CONSOLIDADAS;MOQUEGUA;180000;295;3730;6374;19,88;14,48;1,57;1,58;1,24;18226;18012;214;35642;35264;378;597
2022;03;TT;TODAS CONSOLIDADAS;TT;TODAS CONSOLIDADAS;PASCO;190000;369;4582;7568;17,66;14,92;1,24;1,24;1,06;28545;28467;78;38128;38030;98;797
2022;03;TT;TODAS CONSOLIDADAS;TT;TODAS CONSOLIDADAS;PIURA;200000;1089;12574;22680;35,87;28,69;1,69;1,68;1,96;118105;111399;6706;202570;188743;13827;2632
2022;03;TT;TODAS CONSOLIDADAS;TT;TODAS CONSOLIDADAS;PUNO;210000;834;9915;17321;21,42;17,79;1,21;1,21;1,14;77070;69132;7938;97439;86228;11211;1807
2022;03;TT;TODAS CONSOLIDADAS;TT;TODAS CONSOLIDADAS;SAN MARTÍN;220000;855;10965;17550;28,2;23,35;1,35;1,35;1,46;92016;90289;1727;127516;124561;2955;1785
2022;03;TT;TODAS CONSOLIDADAS;TT;TODAS CONSOLIDADAS;TUMBES;240000;253;3661;7591;22,08;17,6;2,18;2,17;2,1;28536;26842;1694;65079;61332;3747;1235
2022;03;TT;TODAS CONSOLIDADAS;TT;TODAS CONSOLIDADAS;UCAYALI;250000;503;6217;9846;22,71;21,72;2,02;2,02;1,7;32785;31448;1337;66966;64166;2800;1239
2022;04;00;NO CLASIFICADO;00;NO CATEGORIZADO;AMAZONAS;010000;269;2567;4176;20,39;16,5;1,13;1,13;1,15;18239;17662;577;20672;20011;661;480
2022;03;TT;TODAS CONSOLIDADAS;03;3 ESTRELLAS;PASCO;190000;6;133;250;35,41;34,83;1,74;1,74;0;1553;1553;0;2699;2699;0;24
2022;03;TT;TODAS CONSOLIDADAS;03;3 ESTRELLAS;PUNO;210000;33;1021;1938;25,55;19,97;1,77;1,89;1,55;6795;4250;2545;11999;8044;3955;201
2022;03;TT;TODAS CONSOLIDADAS;05;5 ESTRELLAS;PIURA;200000;1;83;168;58,03;44,78;1,94;1,89;2,12;1201;943;258;2332;1784;548;60
2022;03;TT;TODAS CONSOLIDADAS;TT;TODAS CONSOLIDADAS;LIMA;150000;6826;81176;144527;24,62;21,04;1,15;1,12;1,47;2685853;2517822;168031;3163207;2850766;312441;46110
2022;03;TT;TODAS CONSOLIDADAS;TT;TODAS CONSOLIDADAS;TACNA;230000;497;6195;11651;9,64;7,33;1,25;1,25;1,34;21826;20600;1226;30271;28424;1847;917
2022;04;00;NO CLASIFICADO;00;NO CATEGORIZADO;LIMA;150000;6202;52723;91651;21,58;18,97;1,15;1,14;1,33;2058635;1946188;112447;2360147;2210918;149230;37737
2022;04;00;NO CLASIFICADO;00;NO CATEGORIZADO;TUMBES;240000;217;2237;4342;18,18;12,83;1,78;1,75;2,43;9408;9071;337;16715;15895;820;385
2022;04;00;NO CLASIFICADO;00;NO CATEGORIZADO;UCAYALI;250000;470;5004;7715;25,08;22,48;1,96;1,96;2,01;26479;26142;337;52027;51350;677;903
2022;04;00;NO CLASIFICADO;TT;TODAS CONSOLIDADAS;AMAZONAS;010000;269;2567;4176;20,39;16,5;1,13;1,13;1,15;18239;17662;577;20672;20011;661;480
2022;04;00;NO CLASIFICADO;TT;TODAS CONSOLIDADAS;LA LIBERTAD;130000;838;6764;11326;21,03;15,8;1,16;1,11;2,16;46331;44124;2207;53691;48928;4763;744
2022;04;00;NO CLASIFICADO;TT;TODAS CONSOLIDADAS;PUNO;210000;698;6737;11509;24,93;21,29;1,33;1,34;1,18;55382;52390;2992;73499;69974;3525;1211
2022;04;00;NO CLASIFICADO;TT;TODAS CONSOLIDADAS;TUMBES;240000;217;2237;4342;18,18;12,83;1,78;1,75;2,43;9408;9071;337;16715;15895;820;385
2022;04;00;NO CLASIFICADO;TT;TODAS CONSOLIDADAS;UCAYALI;250000;470;5004;7715;25,08;22,48;1,96;1,96;2,01;26479;26142;337;52027;51350;677;903
2022;04;01;HOTEL;01;1 ESTRELLA;AMAZONAS;010000;1;20;42;17,33;8,25;1,89;1,89;0;55;55;0;104;104;0;6
2022;04;01;HOTEL;01;1 ESTRELLA;LA LIBERTAD;130000;5;116;201;18,36;12,62;1;1;1;761;741;20;761;741;20;19
2022;04;01;HOTEL;02;2 ESTRELLAS;AMAZONAS;010000;30;800;1233;20,84;17,96;1,23;1,23;1,51;5379;5293;86;6643;6513;130;127
2022;04;01;HOTEL;02;2 ESTRELLAS;CUSCO;080000;47;1225;2298;20,78;18,13;1,61;1,33;1,84;7777;3604;4173;12496;4810;7686;332
2022;04;01;HOTEL;02;2 ESTRELLAS;HUÁNUCO;100000;40;1248;1950;27,31;22,91;1,24;1,24;1,33;10772;10754;18;13404;13380;24;198
2022;04;00;NO CLASIFICADO;00;NO CATEGORIZADO;ÁNCASH;020000;598;5596;9725;16,35;12,87;1,22;1,22;1,06;30856;29549;1307;37536;36156;1380;975
2022;04;00;NO CLASIFICADO;TT;TODAS CONSOLIDADAS;ÁNCASH;020000;598;5596;9725;16,35;12,87;1,22;1,22;1,06;30856;29549;1307;37536;36156;1380;975
2022;04;01;HOTEL;01;1 ESTRELLA;ÁNCASH;020000;14;421;664;28,64;23,76;1,11;1,11;0;4274;4274;0;4732;4732;0;59
2022;04;01;HOTEL;02;2 ESTRELLAS;ÁNCASH;020000;50;1318;2440;22,12;16,11;1,29;1,29;1,23;9137;8902;235;11790;11501;289;210
2022;04;00;NO CLASIFICADO;00;NO CATEGORIZADO;APURÍMAC;030000;477;4364;6710;14,45;11,2;1,13;1,13;1,2;20013;19849;164;22555;22358;197;455
2022;04;00;NO CLASIFICADO;TT;TODAS CONSOLIDADAS;APURÍMAC;030000;477;4364;6710;14,45;11,2;1,13;1,13;1,2;20013;19849;164;22555;22358;197;455
2022;04;01;HOTEL;01;1 ESTRELLA;APURÍMAC;030000;2;79;112;21,22;16,46;1,06;1,06;0;523;523;0;553;553;0;10
2022;04;01;HOTEL;02;2 ESTRELLAS;APURÍMAC;030000;4;175;295;13,33;10,72;1,21;1,21;1;785;783;2;949;947;2;15
2022;04;00;NO CLASIFICADO;00;NO CATEGORIZADO;AREQUIPA;040000;1117;9938;16762;18,53;17,3;1,54;1,42;1,91;56343;42160;14183;86990;59962;27028;1210
2022;04;00;NO CLASIFICADO;TT;TODAS CONSOLIDADAS;AREQUIPA;040000;1117;9938;16762;18,53;17,3;1,54;1,42;1,91;56343;42160;14183;86990;59962;27028;1210
2022;04;01;HOTEL;01;1 ESTRELLA;AREQUIPA;040000;6;210;367;35,65;20,83;1,73;1,69;2,4;1324;1252;72;2293;2120;173;32
2022;04;01;HOTEL;02;2 ESTRELLAS;AREQUIPA;040000;40;1136;2000;19,82;16,7;1,42;1,4;1,81;7041;6673;368;10017;9351;666;185
2022;04;00;NO CLASIFICADO;00;NO CATEGORIZADO;AYACUCHO;050000;538;5221;8292;16,84;13,4;1,2;1,2;1,17;27752;27524;228;33324;33058;266;576
2022;04;00;NO CLASIFICADO;TT;TODAS CONSOLIDADAS;AYACUCHO;050000;538;5221;8292;16,84;13,4;1,2;1,2;1,17;27752;27524;228;33324;33058;266;576
2022;04;01;HOTEL;01;1 ESTRELLA;AYACUCHO;050000;7;177;307;11,37;13,68;2,38;2,38;0;530;530;0;1260;1260;0;28
2022;04;01;HOTEL;02;2 ESTRELLAS;AYACUCHO;050000;8;260;475;37,63;32,81;1,65;1,66;1,29;2834;2776;58;4676;4601;75;38
2022;04;00;NO CLASIFICADO;00;NO CATEGORIZADO;CAJAMARCA;060000;627;6168;9586;14,69;13,14;1,17;1,17;1,03;32260;32020;240;37779;37531;248;1104
2022;04;01;HOTEL;01;1 ESTRELLA;CAJAMARCA;060000;6;170;278;13,27;10,19;1,06;1,06;1,11;800;791;9;850;840;10;27
2022;04;01;HOTEL;02;2 ESTRELLAS;CAJAMARCA;060000;39;1079;1618;18,96;14,22;1,23;1,23;1,5;5628;5608;20;6904;6874;30;176
2022;04;00;NO CLASIFICADO;00;NO CATEGORIZADO;CALLAO;070000;256;3638;6742;32,69;30,24;1,01;1,01;1,15;107386;105460;1926;108702;106490;2213;981
2022;04;01;HOTEL;02;2 ESTRELLAS;CALLAO;070000;2;60;107;29,06;25,36;1,05;1,02;1,19;774;639;135;814;653;161;7
2022;04;00;NO CLASIFICADO;00;NO CATEGORIZADO;CUSCO;080000;1828;17887;32145;25,13;21,33;1,7;1,43;2;121271;64794;56477;205664;92710;112954;3421
2022;04;01;HOTEL;01;1 ESTRELLA;CUSCO;080000;5;140;236;12,36;11,41;1,04;1,04;1,29;776;769;7;808;799;9;19
2022;04;00;NO CLASIFICADO;00;NO CATEGORIZADO;HUANCAVELICA;090000;191;2250;3477;17,9;14,16;1,09;1,09;1,4;13611;13606;5;14774;14767;7;281
2022;04;00;NO CLASIFICADO;TT;TODAS CONSOLIDADAS;HUANCAVELICA;090000;191;2250;3477;17,9;14,16;1,09;1,09;1,4;13611;13606;5;14774;14767;7;281
2022;04;01;HOTEL;02;2 ESTRELLAS;HUANCAVELICA;090000;2;46;85;36,09;25,65;2,35;2,35;2,33;278;269;9;654;633;21;9
2022;04;00;NO CLASIFICADO;00;NO CATEGORIZADO;HUÁNUCO;100000;471;5244;7754;18,27;15,17;1,14;1,14;1,06;30953;30832;121;35286;35158;128;684
2022;04;01;HOTEL;01;1 ESTRELLA;HUÁNUCO;100000;9;272;405;42,11;39,51;1;1;0;4801;4801;0;4801;4801;0;48
2022;04;00;NO CLASIFICADO;00;NO CATEGORIZADO;ICA;110000;732;8077;13813;21,74;17,15;1,22;1,2;1,28;58199;45982;12217;71060;55369;15691;1124
2022;04;01;HOTEL;01;1 ESTRELLA;ICA;110000;4;82;108;0;0;0;0;0;0;0;0;0;0;0;0
2022;04;00;NO CLASIFICADO;00;NO CATEGORIZADO;JUNÍN;120000;1288;13817;22270;19,06;15,06;1,15;1,15;1,64;87506;87125;381;100586;99963;623;2392
2022;04;01;HOTEL;01;1 ESTRELLA;JUNÍN;120000;6;246;511;15,62;10,8;1,53;1,53;0;1081;1081;0;1656;1656;0;28
2022;04;00;NO CLASIFICADO;00;NO CATEGORIZADO;LA LIBERTAD;130000;838;6764;11326;21,03;15,8;1,16;1,11;2,16;46331;44124;2207;53691;48928;4763;744
2022;04;00;NO CLASIFICADO;00;NO CATEGORIZADO;LAMBAYEQUE;140000;377;3880;5596;19,4;15,49;1,07;1,07;1,02;24254;23740;514;26000;25474;526;534
2022;04;00;NO CLASIFICADO;00;NO CATEGORIZADO;LORETO;160000;721;6574;10318;16,77;16,39;1,72;1,64;1,92;29519;21154;8365;50727;34669;16058;731
2022;04;00;NO CLASIFICADO;TT;TODAS CONSOLIDADAS;LORETO;160000;721;6574;10318;16,77;16,39;1,72;1,64;1,92;29519;21154;8365;50727;34669;16058;731
2022;04;00;NO CLASIFICADO;00;NO CATEGORIZADO;MADRE DE DIOS;170000;312;4306;7154;20,94;17,12;1,22;1,18;1,66;30163;27577;2586;36750;32467;4283;557
2022;04;00;NO CLASIFICADO;TT;TODAS CONSOLIDADAS;MADRE DE DIOS;170000;312;4306;7154;20,94;17,12;1,22;1,18;1,66;30163;27577;2586;36750;32467;4283;557
2022;04;01;HOTEL;01;1 ESTRELLA;MADRE DE DIOS;170000;5;133;234;29,1;23,97;1,05;1,05;1;1606;1554;52;1683;1631;52;23
2022;04;00;NO CLASIFICADO;00;NO CATEGORIZADO;MOQUEGUA;180000;191;1819;3091;13,21;9,35;1,27;1,27;1,05;6852;6793;59;8672;8610;62;227
2022;04;00;NO CLASIFICADO;TT;TODAS CONSOLIDADAS;MOQUEGUA;180000;191;1819;3091;13,21;9,35;1,27;1,27;1,05;6852;6793;59;8672;8610;62;227
2022;04;00;NO CLASIFICADO;00;NO CATEGORIZADO;PASCO;190000;317;3461;5446;18,64;15,63;1,21;1,21;1,1;21114;21054;60;25541;25475;66;611
2022;04;00;NO CLASIFICADO;TT;TODAS CONSOLIDADAS;PASCO;190000;317;3461;5446;18,64;15,63;1,21;1,21;1,1;21114;21054;60;25541;25475;66;611
2022;04;01;HOTEL;01;1 ESTRELLA;PASCO;190000;6;168;270;20,67;16;1,13;1,13;0;1142;1142;0;1296;1296;0;31
2022;04;00;NO CLASIFICADO;00;NO CATEGORIZADO;PIURA;200000;1012;10416;18970;31,82;24,91;1,72;1,69;2,13;82373;76787;5586;141765;129860;11905;2054
2022;04;00;NO CLASIFICADO;TT;TODAS CONSOLIDADAS;PIURA;200000;1012;10416;18970;31,82;24,91;1,72;1,69;2,13;82373;76787;5586;141765;129860;11905;2054
2022;04;01;HOTEL;01;1 ESTRELLA;PIURA;200000;2;40;77;5;15,76;1,17;1,17;0;312;312;0;364;364;0;6
2022;04;00;NO CLASIFICADO;00;NO CATEGORIZADO;PUNO;210000;698;6737;11509;24,93;21,29;1,33;1,34;1,18;55382;52390;2992;73499;69974;3525;1211
2022;04;01;HOTEL;01;1 ESTRELLA;PUNO;210000;5;128;230;22,79;14,75;1,21;1,21;1,22;840;777;63;1018;941;77;16
2022;04;00;NO CLASIFICADO;00;NO CATEGORIZADO;SAN MARTÍN;220000;756;8554;13269;28,78;23,18;1,25;1,25;1,43;73735;72836;899;92273;90984;1289;1130
2022;04;01;HOTEL;01;1 ESTRELLA;SAN MARTÍN;220000;6;126;195;39,71;43,45;1,38;1,38;1,36;1839;1828;11;2542;2527;15;24
2022;04;00;NO CLASIFICADO;00;NO CATEGORIZADO;TACNA;230000;406;3841;6952;8,45;6,57;1,15;1,16;1,1;11884;10997;887;13703;12731;972;470
2022;04;00;NO CLASIFICADO;TT;TODAS CONSOLIDADAS;TACNA;230000;406;3841;6952;8,45;6,57;1,15;1,16;1,1;11884;10997;887;13703;12731;972;470
2022;04;01;HOTEL;01;1 ESTRELLA;TACNA;230000;2;57;112;4,85;3,27;1,51;1,51;0;73;73;0;110;110;0;5
2022;04;00;NO CLASIFICADO;TT;TODAS CONSOLIDADAS;CAJAMARCA;060000;627;6168;9586;14,69;13,14;1,17;1,17;1,03;32260;32020;240;37779;37531;248;1104
2022;04;00;NO CLASIFICADO;TT;TODAS CONSOLIDADAS;CALLAO;070000;256;3638;6742;32,69;30,24;1,01;1,01;1,15;107386;105460;1926;108702;106490;2213;981
2022;04;00;NO CLASIFICADO;TT;TODAS CONSOLIDADAS;CUSCO;080000;1828;17887;32145;25,13;21,33;1,7;1,43;2;121271;64794;56477;205664;92710;112954;3421
2022;04;00;NO CLASIFICADO;TT;TODAS CONSOLIDADAS;HUÁNUCO;100000;471;5244;7754;18,27;15,17;1,14;1,14;1,06;30953;30832;121;35286;35158;128;684
2022;04;00;NO CLASIFICADO;TT;TODAS CONSOLIDADAS;ICA;110000;732;8077;13813;21,74;17,15;1,22;1,2;1,28;58199;45982;12217;71060;55369;15691;1124
2022;04;00;NO CLASIFICADO;TT;TODAS CONSOLIDADAS;JUNÍN;120000;1288;13817;22270;19,06;15,06;1,15;1,15;1,64;87506;87125;381;100586;99963;623;2392
2022;04;00;NO CLASIFICADO;TT;TODAS CONSOLIDADAS;LAMBAYEQUE;140000;377;3880;5596;19,4;15,49;1,07;1,07;1,02;24254;23740;514;26000;25474;526;534
2022;04;00;NO CLASIFICADO;TT;TODAS CONSOLIDADAS;LIMA;150000;6202;52723;91651;21,58;18,97;1,15;1,14;1,33;2058635;1946188;112447;2360147;2210918;149230;37737
2022;04;01;HOTEL;01;1 ESTRELLA;LIMA;150000;9;323;541;44,92;44,03;1,06;1,06;1,33;6762;6744;18;7173;7149;24;48
2022;04;00;NO CLASIFICADO;TT;TODAS CONSOLIDADAS;SAN MARTÍN;220000;756;8554;13269;28,78;23,18;1,25;1,25;1,43;73735;72836;899;92273;90984;1289;1130
2022;04;01;HOTEL;01;1 ESTRELLA;CALLAO;070000;1;34;68;18,63;18,63;1,05;1,05;0;362;362;0;380;380;0;3
2022;04;01;HOTEL;01;1 ESTRELLA;LAMBAYEQUE;140000;2;63;70;2,06;1,67;1;1;0;35;35;0;35;35;0;11
2022;04;01;HOTEL;01;1 ESTRELLA;MOQUEGUA;180000;1;21;42;6,67;7,14;1,61;1,55;2;56;49;7;90;76;14;4
2022;04;01;HOTEL;02;2 ESTRELLAS;ICA;110000;49;1374;2403;19,62;14,89;1,36;1,35;1,7;7895;7662;233;10731;10334;397;218
2022;04;01;HOTEL;02;2 ESTRELLAS;JUNÍN;120000;27;836;1471;22,15;17,05;1,34;1,34;1,91;5604;5537;67;7526;7398;128;121
2022;04;01;HOTEL;02;2 ESTRELLAS;LA LIBERTAD;130000;20;472;863;23,21;23,32;1,45;1,39;2,14;4170;3863;307;6037;5381;656;96
2022;04;01;HOTEL;02;2 ESTRELLAS;LAMBAYEQUE;140000;73;2040;3074;20,17;16,49;1,18;1,18;1,5;12885;12775;110;15204;15039;165;320
2022;04;01;HOTEL;02;2 ESTRELLAS;LIMA;150000;124;5210;9195;43,23;37,81;1,28;1,26;1,81;93175;89303;3872;119683;112670;7013;914
2022;04;01;HOTEL;02;2 ESTRELLAS;LORETO;160000;14;340;548;12,52;12,48;1;1;0;2052;2052;0;2052;2052;0;61
2022;04;01;HOTEL;02;2 ESTRELLAS;MADRE DE DIOS;170000;8;232;413;30,03;21,75;1,33;1,3;1,72;2029;1910;119;2695;2490;205;39
2022;04;01;HOTEL;02;2 ESTRELLAS;MOQUEGUA;180000;16;413;703;41,52;26,09;4,57;4,61;2,41;1203;1181;22;5502;5449;53;77
2022;04;01;HOTEL;02;2 ESTRELLAS;PASCO;190000;5;171;323;43,31;51,6;1,64;1,64;0;3045;3045;0;5000;5000;0;28
2022;04;01;HOTEL;02;2 ESTRELLAS;PIURA;200000;20;478;791;29,27;23,51;1,66;1,66;1,73;3358;3270;88;5578;5426;152;105
2022;04;01;HOTEL;02;2 ESTRELLAS;PUNO;210000;20;479;847;16,06;11,39;1,26;1,25;1,49;2292;2209;83;2895;2771;124;70
2022;04;01;HOTEL;02;2 ESTRELLAS;SAN MARTÍN;220000;30;835;1406;37,75;29,74;1,91;1,91;1,82;6572;6363;209;12543;12162;381;181
2022;04;01;HOTEL;02;2 ESTRELLAS;TACNA;230000;33;925;1885;17,24;12,97;1,7;1,7;1,74;4318;4271;47;7332;7250;82;169
2022;04;01;HOTEL;02;2 ESTRELLAS;TUMBES;240000;8;258;549;63,13;30,54;19,73;19,73;0;255;255;0;5030;5030;0;49
2022;04;01;HOTEL;02;2 ESTRELLAS;UCAYALI;250000;2;58;93;5,23;5,38;3,95;3,91;4,33;38;35;3;150;137;13;11
2022;04;01;HOTEL;03;3 ESTRELLAS;AMAZONAS;010000;17;393;679;26,23;20,9;1,61;1,64;1,42;2650;2231;419;4258;3665;593;108
2022;04;01;HOTEL;03;3 ESTRELLAS;ÁNCASH;020000;40;1275;2298;29,65;22,45;1,54;1,57;1,4;10019;8647;1372;15478;13557;1921;285
2022;04;01;HOTEL;03;3 ESTRELLAS;APURÍMAC;030000;3;100;170;38,13;24,59;1,43;1,46;1,09;875;810;65;1254;1183;71;18
2022;04;01;HOTEL;03;3 ESTRELLAS;AREQUIPA;040000;65;1938;3581;25,1;22,36;1,85;1,96;1,67;12961;8229;4732;24026;16147;7879;500
2022;04;01;HOTEL;03;3 ESTRELLAS;AYACUCHO;050000;9;302;575;21,92;21,38;2,43;2,43;2,48;1518;1402;116;3688;3400;288;89
2022;04;01;HOTEL;03;3 ESTRELLAS;CAJAMARCA;060000;64;1992;3291;24,24;19,82;1,68;1,67;2,16;11659;11397;262;19572;19006;566;429
2022;04;01;HOTEL;03;3 ESTRELLAS;CALLAO;070000;4;233;392;35,35;32,17;1,46;1,46;1,47;2585;2017;568;3783;2947;836;50
2022;04;01;HOTEL;03;3 ESTRELLAS;CUSCO;080000;83;3062;6069;35,62;31,44;1,77;1,88;1,74;32370;6463;25907;57237;12156;45081;921
2022;04;01;HOTEL;03;3 ESTRELLAS;HUANCAVELICA;090000;2;65;108;12;8,21;1,36;1,37;1;195;194;1;266;265;1;20
2022;04;01;HOTEL;03;3 ESTRELLAS;HUÁNUCO;100000;13;504;947;25,79;20,64;1,52;1,51;1,64;3863;3713;150;5863;5617;246;106
2022;04;01;HOTEL;03;3 ESTRELLAS;ICA;110000;49;1810;3666;33,31;29,3;1,54;1,57;1,43;20963;15934;5029;32228;25046;7182;450
2022;04;01;HOTEL;03;3 ESTRELLAS;JUNÍN;120000;18;700;1317;14,98;10,66;1,54;1,54;1,65;2739;2716;23;4211;4173;38;148
2022;04;01;HOTEL;03;3 ESTRELLAS;LA LIBERTAD;130000;85;2564;4777;26,05;20,68;1,54;1,49;2,2;19195;17767;1428;29638;26503;3135;608
2022;04;01;HOTEL;03;3 ESTRELLAS;LAMBAYEQUE;140000;39;1312;2198;21,36;18,52;1,35;1,34;1,47;9069;8479;590;12211;11346;865;259
2022;04;01;HOTEL;03;3 ESTRELLAS;LORETO;160000;21;640;1100;32,4;26,95;2,03;2,02;2,06;4387;3528;859;8893;7127;1766;161
2022;04;01;HOTEL;03;3 ESTRELLAS;MADRE DE DIOS;170000;5;191;350;36,49;28,98;1,79;1,89;1,56;1698;1209;489;3043;2281;762;65
2022;04;01;HOTEL;03;3 ESTRELLAS;MOQUEGUA;180000;9;290;531;21,06;16,89;1,83;1,84;1,49;1467;1424;43;2691;2627;64;64
2022;04;01;HOTEL;03;3 ESTRELLAS;PASCO;190000;4;114;217;45,15;42,78;1,95;1,83;4,64;1425;1364;61;2785;2502;283;17
2022;04;01;HOTEL;03;3 ESTRELLAS;PUNO;210000;26;877;1690;30,07;27,12;1,62;1,85;1,48;8485;3208;5277;13750;5941;7809;171
2022;04;01;HOTEL;03;3 ESTRELLAS;SAN MARTÍN;220000;22;760;1361;24,92;21,1;1,82;1,79;2,35;4740;4489;251;8615;8026;589;219
2022;04;01;HOTEL;03;3 ESTRELLAS;TACNA;230000;14;501;1052;21,63;14,46;2,03;2,01;2,14;2253;1988;265;4565;3998;567;119
2022;04;01;HOTEL;03;3 ESTRELLAS;TUMBES;240000;10;312;672;27,4;28,8;3,04;3,08;2,79;1910;1647;263;5806;5073;733;125
2022;04;01;HOTEL;03;3 ESTRELLAS;UCAYALI;250000;15;537;887;26,39;22,04;1,81;1,8;1,99;3232;3009;223;5865;5422;443;125
2022;04;01;HOTEL;04;4 ESTRELLAS;AREQUIPA;040000;10;454;911;36,78;33,86;1,91;1,99;1,81;4839;2736;2103;9253;5452;3801;140
2022;04;01;HOTEL;04;4 ESTRELLAS;CAJAMARCA;060000;4;214;355;42,49;40,3;2,1;2,01;2,91;2046;1855;191;4292;3737;555;117
2022;04;01;HOTEL;04;4 ESTRELLAS;CALLAO;070000;2;371;599;99,21;92,58;1,37;1,36;1,37;12173;2040;10133;16637;2775;13862;107
2022;04;01;HOTEL;04;4 ESTRELLAS;CUSCO;080000;13;959;1836;67,53;63,44;2,01;1,82;2,05;17417;3083;14334;34940;5609;29331;470
2022;04;01;HOTEL;04;4 ESTRELLAS;HUÁNUCO;100000;1;61;104;44,26;36,89;2,08;2,15;1,11;553;517;36;1151;1111;40;23
2022;04;01;HOTEL;04;4 ESTRELLAS;ICA;110000;7;744;1550;26,95;28,92;1,89;1,97;1,56;7098;5786;1312;13446;11395;2051;368
2022;04;01;HOTEL;04;4 ESTRELLAS;JUNÍN;120000;1;40;66;43,83;26,57;1,37;1,38;1,13;384;376;8;526;517;9;21
2022;04;01;HOTEL;04;4 ESTRELLAS;LA LIBERTAD;130000;3;206;326;47,18;45,53;1,98;1,94;2,15;2245;1777;468;4453;3445;1008;79
2022;04;01;HOTEL;04;4 ESTRELLAS;LAMBAYEQUE;140000;5;352;577;53,66;52,46;1,66;1,61;2,06;5477;4883;594;9080;7854;1226;239
2022;04;01;HOTEL;04;4 ESTRELLAS;LIMA;150000;43;4260;7476;39,88;34,91;1,95;1,56;2,44;40066;22188;17878;78298;34670;43628;1664
2022;04;01;HOTEL;04;4 ESTRELLAS;LORETO;160000;2;90;150;26,89;22,44;2,53;2,53;2,48;400;371;29;1010;938;72;27
2022;04;01;HOTEL;04;4 ESTRELLAS;MOQUEGUA;180000;2;123;232;61,52;73,68;10,6;11,09;2,5;484;456;28;5128;5058;70;42
2022;04;01;HOTEL;04;4 ESTRELLAS;PIURA;200000;3;299;552;44,27;36,3;2,17;2,13;2,28;2776;2090;686;6011;4444;1567;49
2022;04;01;HOTEL;04;4 ESTRELLAS;PUNO;210000;7;447;842;32,55;29,7;1,79;1,98;1,71;4196;1166;3030;7501;2308;5193;113
2022;04;01;HOTEL;04;4 ESTRELLAS;TACNA;230000;1;150;300;25,13;19,92;2,15;2,12;2,38;835;751;84;1793;1593;200;32
2022;04;01;HOTEL;04;4 ESTRELLAS;TUMBES;240000;5;265;523;41,25;44,93;2,23;2,36;1,84;3158;2401;757;7050;5655;1395;120
2022;04;01;HOTEL;04;4 ESTRELLAS;UCAYALI;250000;5;289;515;35,16;31,35;2,35;2,35;2,33;2062;1766;296;4843;4152;691;85
2022;04;01;HOTEL;05;5 ESTRELLAS;AREQUIPA;040000;3;241;352;51,2;54,21;2,06;2,11;1,99;2774;1700;1074;5725;3585;2140;157
2022;04;01;HOTEL;05;5 ESTRELLAS;CUSCO;080000;15;1288;2527;54,61;52,72;1,71;1,82;1,7;23349;2869;20480;39967;5221;34746;921
2022;04;01;HOTEL;05;5 ESTRELLAS;ICA;110000;3;345;796;52,28;44,07;1,97;1,99;1,92;5345;3861;1484;10525;7676;2849;340
2022;04;01;HOTEL;05;5 ESTRELLAS;LA LIBERTAD;130000;2;267;450;31,71;32,57;1,87;1,79;2,16;2356;1884;472;4397;3378;1019;165
2022;04;01;HOTEL;05;5 ESTRELLAS;LORETO;160000;1;60;91;81,33;83,44;2,25;2,3;2,2;1012;484;528;2278;1114;1164;49
2022;04;01;HOTEL;05;5 ESTRELLAS;PUNO;210000;1;123;231;75,91;51;1,4;1,2;1,6;2532;1279;1253;3534;1532;2002;45
2022;04;01;HOTEL;05;5 ESTRELLAS;SAN MARTÍN;220000;1;50;108;44,6;53,27;2,01;1,98;2,37;859;800;59;1726;1586;140;63
2022;04;01;HOTEL;05;5 ESTRELLAS;UCAYALI;250000;2;162;300;31,13;23,76;2,23;2,15;3;958;867;91;2138;1865;273;62
2022;04;01;HOTEL;TT;TODAS CONSOLIDADAS;AMAZONAS;010000;48;1213;1954;22,53;18,77;1,36;1,36;1,43;8084;7579;505;11005;10282;723;241
2022;04;01;HOTEL;TT;TODAS CONSOLIDADAS;ÁNCASH;020000;104;3014;5402;26,22;19,75;1,37;1,37;1,38;23430;21823;1607;32000;29790;2210;554
2022;04;01;HOTEL;TT;TODAS CONSOLIDADAS;APURÍMAC;030000;9;354;577;22,1;15,92;1,26;1,27;1,09;2183;2116;67;2756;2683;73;43
2022;04;01;HOTEL;TT;TODAS CONSOLIDADAS;AYACUCHO;050000;24;739;1357;24,92;23,64;1,97;1,97;2,09;4882;4708;174;9624;9261;363;155
2022;04;01;HOTEL;TT;TODAS CONSOLIDADAS;CAJAMARCA;060000;113;3455;5542;23,18;19,02;1,57;1,55;2,41;20133;19651;482;31618;30457;1161;749
2022;04;01;HOTEL;TT;TODAS CONSOLIDADAS;CALLAO;070000;9;698;1166;67,94;61,79;1,36;1,34;1,37;15894;5058;10836;21614;6755;14859;167
2022;04;01;HOTEL;TT;TODAS CONSOLIDADAS;CUSCO;080000;163;6674;12966;40,66;37,39;1,78;1,7;1,8;81689;16788;64901;145448;28595;116853;2663
2022;04;01;HOTEL;TT;TODAS CONSOLIDADAS;HUANCAVELICA;090000;4;111;193;21,98;15,89;1,95;1,94;2,2;473;463;10;920;898;22;29
2022;04;01;HOTEL;TT;TODAS CONSOLIDADAS;HUÁNUCO;100000;63;2085;3406;29,37;24,68;1,26;1,26;1,52;19989;19785;204;25219;24909;310;375
2022;04;01;HOTEL;TT;TODAS CONSOLIDADAS;ICA;110000;112;4355;8523;28,78;26,18;1,62;1,64;1,55;41301;33243;8058;66930;54451;12479;1376
2022;04;01;HOTEL;TT;TODAS CONSOLIDADAS;LA LIBERTAD;130000;115;3625;6617;27,06;22,81;1,58;1,52;2,17;28727;26032;2695;45286;39448;5838;967
2022;04;01;HOTEL;TT;TODAS CONSOLIDADAS;LAMBAYEQUE;140000;119;3767;5919;23,41;20,57;1,33;1,31;1,74;27466;26172;1294;36530;34274;2256;829
2022;04;01;HOTEL;TT;TODAS CONSOLIDADAS;LIMA;150000;358;21966;40158;41,84;34,99;1,75;1,44;2,38;267837;178738;89099;469008;257212;211796;8115
2022;04;01;HOTEL;TT;TODAS CONSOLIDADAS;LORETO;160000;38;1130;1889;28,58;25,12;1,81;1,75;2,12;7851;6435;1416;14233;11231;3002;298
2022;04;01;HOTEL;TT;TODAS CONSOLIDADAS;MADRE DE DIOS;170000;18;556;997;32,03;24,81;1,39;1,37;1,54;5333;4673;660;7421;6402;1019;127
2022;04;01;HOTEL;TT;TODAS CONSOLIDADAS;MOQUEGUA;180000;28;847;1508;36,55;29,64;4,18;4,25;2,01;3210;3110;100;13411;13210;201;187
2022;04;01;HOTEL;TT;TODAS CONSOLIDADAS;PASCO;190000;15;453;810;35,38;37,37;1,62;1,58;4,64;5612;5551;61;9081;8798;283;76
2022;04;01;HOTEL;TT;TODAS CONSOLIDADAS;PIURA;200000;41;1482;2560;34,04;28,32;1,9;1,84;2,3;11448;9855;1593;21750;18088;3662;425
2022;04;01;HOTEL;TT;TODAS CONSOLIDADAS;PUNO;210000;59;2054;3840;29,63;24,91;1,56;1,56;1,57;18345;8639;9706;28698;13493;15205;415
2022;04;01;HOTEL;TT;TODAS CONSOLIDADAS;SAN MARTÍN;220000;59;1771;3070;32,58;27,61;1,81;1,8;2,12;14010;13480;530;25426;24301;1125;487
2022;04;01;HOTEL;TT;TODAS CONSOLIDADAS;TACNA;230000;50;1633;3349;18,88;13,74;1,85;1,83;2,14;7479;7083;396;13800;12951;849;325
2022;04;01;HOTEL;TT;TODAS CONSOLIDADAS;TUMBES;240000;23;835;1744;42,83;34,19;3,36;3,66;2,09;5323;4303;1020;17886;15758;2128;294
2022;04;01;HOTEL;TT;TODAS CONSOLIDADAS;UCAYALI;250000;24;1046;1795;28,37;24,13;2,07;2,04;2,32;6290;5677;613;12996;11576;1420;283
2022;04;02;APART HOTEL;03;3 ESTRELLAS;ÁNCASH;020000;2;16;44;10,83;10,83;1,57;1,57;0;91;91;0;143;143;0;4
2022;04;02;APART HOTEL;03;3 ESTRELLAS;APURÍMAC;030000;1;21;30;58,89;62,33;1,95;2,1;1,05;287;248;39;561;520;41;8
2022;04;02;APART HOTEL;03;3 ESTRELLAS;AREQUIPA;040000;1;18;36;2,78;2,78;3;3;0;10;10;0;30;30;0;2
2022;04;02;APART HOTEL;03;3 ESTRELLAS;CAJAMARCA;060000;2;13;24;0;0;0;0;0;0;0;0;0;0;0;0
2022;04;02;APART HOTEL;03;3 ESTRELLAS;ICA;110000;1;10;20;10;10;2;2;0;30;30;0;60;60;0;5
2022;04;02;APART HOTEL;03;3 ESTRELLAS;LA LIBERTAD;130000;1;11;24;0;0;0;0;0;0;0;0;0;0;0;0
2022;04;02;APART HOTEL;03;3 ESTRELLAS;LIMA;150000;8;206;375;51,08;41,02;3,64;2,98;4,24;1267;603;664;4615;1798;2817;53
2022;04;02;APART HOTEL;03;3 ESTRELLAS;LORETO;160000;1;45;94;0;0;0;0;0;0;0;0;0;0;0;0
2022;04;02;APART HOTEL;03;3 ESTRELLAS;MOQUEGUA;180000;1;8;14;3,75;2,14;1,29;1,5;1;7;4;3;9;6;3;3
2022;04;02;APART HOTEL;03;3 ESTRELLAS;PASCO;190000;1;10;15;9;8,22;1,61;1,61;0;23;23;0;37;37;0;4
2022;04;02;APART HOTEL;03;3 ESTRELLAS;TUMBES;240000;2;18;50;31,67;20,73;2,61;2,63;2,53;119;104;15;311;273;38;15
2022;04;02;APART HOTEL;04;4 ESTRELLAS;AREQUIPA;040000;1;19;32;19,12;28,75;2,01;2,24;1,75;137;74;63;276;166;110;6
2022;04;02;APART HOTEL;04;4 ESTRELLAS;LORETO;160000;1;13;23;93,85;64,06;1,32;1,45;1,24;334;134;200;442;194;248;6
2022;04;02;APART HOTEL;04;4 ESTRELLAS;SAN MARTÍN;220000;1;24;49;41,25;43,06;2,41;2,39;2,69;263;250;13;633;598;35;16
2022;04;02;APART HOTEL;TT;TODAS CONSOLIDADAS;APURÍMAC;030000;1;21;30;58,89;62,33;1,95;2,1;1,05;287;248;39;561;520;41;8
2022;04;02;APART HOTEL;TT;TODAS CONSOLIDADAS;CAJAMARCA;060000;2;13;24;0;0;0;0;0;0;0;0;0;0;0;0
2022;04;02;APART HOTEL;TT;TODAS CONSOLIDADAS;ICA;110000;1;10;20;10;10;2;2;0;30;30;0;60;60;0;5
2022;04;02;APART HOTEL;TT;TODAS CONSOLIDADAS;LA LIBERTAD;130000;1;11;24;0;0;0;0;0;0;0;0;0;0;0;0
2022;04;02;APART HOTEL;TT;TODAS CONSOLIDADAS;LIMA;150000;22;1215;2292;59,03;46,72;2,57;2,11;3,68;12505;8832;3673;32127;18619;13508;655
2022;04;02;APART HOTEL;TT;TODAS CONSOLIDADAS;LORETO;160000;2;58;117;21,03;12,59;1,32;1,45;1,24;334;134;200;442;194;248;6
2022;04;02;APART HOTEL;TT;TODAS CONSOLIDADAS;MOQUEGUA;180000;1;8;14;3,75;2,14;1,29;1,5;1;7;4;3;9;6;3;3
2022;04;02;APART HOTEL;TT;TODAS CONSOLIDADAS;PASCO;190000;1;10;15;9;8,22;1,61;1,61;0;23;23;0;37;37;0;4
2022;04;02;APART HOTEL;TT;TODAS CONSOLIDADAS;SAN MARTÍN;220000;1;24;49;41,25;43,06;2,41;2,39;2,69;263;250;13;633;598;35;16
2022;04;02;APART HOTEL;TT;TODAS CONSOLIDADAS;TUMBES;240000;2;18;50;31,67;20,73;2,61;2,63;2,53;119;104;15;311;273;38;15
2022;04;03;HOSTAL;01;1 ESTRELLA;AMAZONAS;010000;17;258;390;37,71;36,66;1,26;1,26;1,05;3406;3385;21;4289;4267;22;40
2022;04;03;HOSTAL;01;1 ESTRELLA;ÁNCASH;020000;38;516;856;24,4;22,11;1,07;1,07;1;5305;5279;26;5677;5651;26;85
2022;04;03;HOSTAL;01;1 ESTRELLA;APURÍMAC;030000;1;10;20;0;0;0;0;0;0;0;0;0;0;0;0
2022;04;03;HOSTAL;01;1 ESTRELLA;AREQUIPA;040000;51;770;1172;20,42;16,91;1,13;1,13;0;5271;5271;0;5946;5946;0;123
2022;04;03;HOSTAL;01;1 ESTRELLA;AYACUCHO;050000;4;91;161;16,96;14,74;1,58;1,58;2;450;444;6;712;700;12;15
2022;04;03;HOSTAL;01;1 ESTRELLA;CAJAMARCA;060000;23;393;604;9,55;7,22;1,36;1,37;1;963;944;19;1309;1290;19;68
2022;04;03;HOSTAL;01;1 ESTRELLA;CALLAO;070000;11;204;406;48,45;44,08;1,06;1,07;1,05;5286;4978;308;5625;5302;323;44
2022;04;03;HOSTAL;01;1 ESTRELLA;CUSCO;080000;23;400;656;18,74;15,67;1,08;1,06;1,9;2861;2792;69;3083;2952;131;53
2022;04;03;HOSTAL;01;1 ESTRELLA;HUANCAVELICA;090000;2;29;45;60,46;37,63;1,01;1,01;0;503;503;0;508;508;0;4
2022;04;03;HOSTAL;01;1 ESTRELLA;HUÁNUCO;100000;16;236;352;52,37;53,44;1,03;1,03;0;5489;5489;0;5643;5643;0;45
2022;04;03;HOSTAL;01;1 ESTRELLA;ICA;110000;10;141;201;44,28;40,98;1;1;0;2471;2471;0;2471;2471;0;25
2022;04;03;HOSTAL;01;1 ESTRELLA;JUNÍN;120000;12;170;288;23,25;15,89;1,34;1,34;0;1028;1028;0;1373;1373;0;31
2022;04;03;HOSTAL;01;1 ESTRELLA;LA LIBERTAD;130000;31;439;770;29,36;30,76;1,68;1,68;0;4228;4228;0;7105;7105;0;76
2022;04;03;HOSTAL;01;1 ESTRELLA;LAMBAYEQUE;140000;16;201;261;21,46;20,51;1,18;1,18;1;1357;1353;4;1606;1602;4;36
2022;04;03;HOSTAL;01;1 ESTRELLA;LIMA;150000;85;1741;3090;38,26;30,6;1,08;1,08;1,26;33834;33012;822;36610;35576;1034;379
2022;04;03;HOSTAL;01;1 ESTRELLA;LORETO;160000;6;91;134;15,35;10,1;1,96;1,96;0;207;207;0;406;406;0;19
2022;04;03;HOSTAL;01;1 ESTRELLA;MADRE DE DIOS;170000;1;35;68;15,43;13,33;2;2;0;136;136;0;272;272;0;4
2022;04;03;HOSTAL;01;1 ESTRELLA;MOQUEGUA;180000;12;173;303;11,23;8,54;1,18;1,16;1,85;656;636;20;776;739;37;28
2022;04;03;HOSTAL;01;1 ESTRELLA;PASCO;190000;18;333;491;31,22;16,37;1,03;1,03;0;2348;2348;0;2412;2412;0;50
2022;04;03;HOSTAL;01;1 ESTRELLA;PIURA;200000;2;36;51;11,76;7,52;1,64;1,64;0;70;70;0;115;115;0;8
2022;04;03;HOSTAL;01;1 ESTRELLA;PUNO;210000;26;395;649;21,39;17,26;1,05;1,05;1,02;3199;2949;250;3360;3105;255;57
2022;04;03;HOSTAL;01;1 ESTRELLA;SAN MARTÍN;220000;1;20;34;19;15;1,76;1,76;0;87;87;0;153;153;0;8
2022;04;03;HOSTAL;01;1 ESTRELLA;TACNA;230000;9;170;301;9,78;7,52;1;1;1;679;666;13;679;666;13;24
2022;04;03;HOSTAL;02;2 ESTRELLAS;AMAZONAS;010000;53;944;1474;20,77;18,36;1,09;1,08;1,66;7469;7370;99;8120;7956;164;152
2022;04;03;HOSTAL;02;2 ESTRELLAS;ÁNCASH;020000;129;2098;3596;33,36;31,2;1,07;1,07;1;31554;31486;68;33663;33595;68;361
2022;04;03;HOSTAL;02;2 ESTRELLAS;APURÍMAC;030000;5;127;199;36,75;29,4;1,13;1,13;1;1552;1550;2;1755;1753;2;20
2022;04;03;HOSTAL;02;2 ESTRELLAS;AREQUIPA;040000;122;1929;3486;29,97;26,6;1,26;1,24;1,57;22043;20564;1479;27814;25493;2321;344
2022;04;03;HOSTAL;02;2 ESTRELLAS;AYACUCHO;050000;5;62;101;13,92;10,69;2,13;2,11;2,19;152;115;37;324;243;81;13
2022;04;03;HOSTAL;02;2 ESTRELLAS;CAJAMARCA;060000;114;2105;3345;15,52;13,11;1,44;1,45;1,22;9114;9033;81;13157;13058;99;333
2022;04;03;HOSTAL;02;2 ESTRELLAS;CALLAO;070000;6;182;350;52,09;52,93;1,01;1,01;1;5530;5491;39;5558;5519;39;29
2022;04;03;HOSTAL;02;2 ESTRELLAS;CUSCO;080000;55;932;1727;22,5;20,72;1,51;1,37;1,62;7125;3199;3926;10737;4395;6342;164
2022;04;03;HOSTAL;02;2 ESTRELLAS;HUANCAVELICA;090000;1;39;71;11,97;10,23;1,34;1,34;0;163;163;0;218;218;0;4
2022;04;03;HOSTAL;02;2 ESTRELLAS;HUÁNUCO;100000;23;298;499;24,42;20,01;1,02;1,02;1;2940;2933;7;2995;2988;7;61
2022;04;03;HOSTAL;02;2 ESTRELLAS;ICA;110000;64;911;1520;21,68;20,96;1,33;1,34;1,03;7170;6951;219;9556;9330;226;151
2022;04;03;HOSTAL;02;2 ESTRELLAS;JUNÍN;120000;25;406;791;24,66;22,45;1,25;1,25;1,73;4254;4239;15;5327;5301;26;80
2022;04;03;HOSTAL;02;2 ESTRELLAS;LA LIBERTAD;130000;137;2311;4124;21,64;24,16;1,2;1,2;1,17;24910;24701;209;29894;29649;245;402
2022;04;03;HOSTAL;02;2 ESTRELLAS;LAMBAYEQUE;140000;157;2312;3264;22,24;16,79;1,1;1,1;1,11;15001;14814;187;16442;16234;208;425
2022;04;03;HOSTAL;02;2 ESTRELLAS;LORETO;160000;5;72;112;9,58;22,05;2,53;2,53;0;293;293;0;741;741;0;14
2022;04;03;HOSTAL;02;2 ESTRELLAS;MADRE DE DIOS;170000;5;130;195;44,41;35,4;1,18;1,18;1,14;1762;1682;80;2071;1980;91;23
2022;04;03;HOSTAL;02;2 ESTRELLAS;MOQUEGUA;180000;60;845;1366;21,53;16,21;1,37;1,37;1,41;4846;4764;82;6644;6528;116;150
2022;04;03;HOSTAL;02;2 ESTRELLAS;PASCO;190000;14;247;471;31,46;21,51;1,42;1,42;2,25;2138;2130;8;3039;3021;18;40
2022;04;03;HOSTAL;02;2 ESTRELLAS;PIURA;200000;27;543;888;30,2;26,43;1,58;1,57;1,71;4453;3964;489;7042;6204;838;108
2022;04;03;HOSTAL;02;2 ESTRELLAS;PUNO;210000;40;603;1112;22,82;16,74;1,63;1,68;1,29;3423;3009;414;5584;5048;536;106
2022;04;03;HOSTAL;02;2 ESTRELLAS;SAN MARTÍN;220000;21;308;493;28,67;26,27;1,66;1,64;2,22;2337;2264;73;3886;3724;162;65
2022;04;03;HOSTAL;02;2 ESTRELLAS;TACNA;230000;23;397;753;18,27;14,08;1,07;1,07;1,02;2974;2928;46;3180;3133;47;70
2022;04;03;HOSTAL;02;2 ESTRELLAS;TUMBES;240000;5;66;131;11,46;9,13;1,6;1,61;1,14;225;218;7;359;351;8;22
2022;04;03;HOSTAL;02;2 ESTRELLAS;UCAYALI;250000;2;71;136;24,6;13,53;1,65;1,65;1,5;335;327;8;552;540;12;18
2022;04;03;HOSTAL;03;3 ESTRELLAS;AMAZONAS;010000;10;149;301;26,24;20,92;1,24;1,22;1,34;1529;1375;154;1889;1682;207;30
2022;04;03;HOSTAL;03;3 ESTRELLAS;ÁNCASH;020000;18;271;537;26,63;18,08;1,93;1,92;2,03;1507;1331;176;2912;2555;357;61
2022;04;03;HOSTAL;03;3 ESTRELLAS;APURÍMAC;030000;1;24;43;47,5;26,51;1,81;1,78;2,36;189;178;11;342;316;26;7
2022;04;03;HOSTAL;03;3 ESTRELLAS;AREQUIPA;040000;40;670;1241;26,07;24,01;1,86;1,77;2,06;4808;3305;1503;8939;5839;3100;175
2022;04;03;HOSTAL;03;3 ESTRELLAS;AYACUCHO;050000;2;38;77;41,67;34,37;2,49;2,57;2,09;319;263;56;794;677;117;19
2022;04;03;HOSTAL;03;3 ESTRELLAS;CAJAMARCA;060000;52;808;1332;26,19;18,84;1,54;1,55;1,51;4874;4823;51;7529;7452;77;177
2022;04;03;HOSTAL;03;3 ESTRELLAS;CUSCO;080000;20;351;679;17,23;15,5;2,06;1,66;2,41;1529;702;827;3157;1164;1993;65
2022;04;03;HOSTAL;03;3 ESTRELLAS;HUÁNUCO;100000;2;45;63;0;0;0;0;0;0;0;0;0;0;0;0
2022;04;03;HOSTAL;03;3 ESTRELLAS;ICA;110000;31;548;1037;42,06;28,46;1,49;1,47;1,6;5932;5047;885;8853;7440;1413;114
2022;04;03;HOSTAL;03;3 ESTRELLAS;JUNÍN;120000;3;60;114;28,11;22,11;1,69;1,69;1,5;447;441;6;756;747;9;35
2022;04;03;HOSTAL;03;3 ESTRELLAS;LA LIBERTAD;130000;56;932;1784;38,14;33,3;1,07;1,07;1,25;16641;16448;193;17823;17581;242;171
2022;04;03;HOSTAL;03;3 ESTRELLAS;LAMBAYEQUE;140000;23;328;502;31,72;25,41;1,37;1,34;1,93;2803;2696;107;3827;3621;206;75
2022;04;03;HOSTAL;03;3 ESTRELLAS;LIMA;150000;16;335;658;19,15;17;1,12;1,11;1,23;2992;2661;331;3355;2949;406;67
2022;04;01;HOTEL;03;3 ESTRELLAS;LIMA;150000;158;7976;15298;40,21;33,92;1,72;1,49;2,21;90434;61493;28941;155665;91747;63918;1783
2022;04;01;HOTEL;05;5 ESTRELLAS;LIMA;150000;24;4197;7648;46,07;35,29;2,15;1,55;2,59;37648;15975;21673;80968;24742;56226;2531
2022;04;02;APART HOTEL;04;4 ESTRELLAS;LIMA;150000;8;610;1244;70,78;52,45;2,29;1,92;3,71;8555;6810;1745;19574;13097;6477;438
2022;04;02;APART HOTEL;05;5 ESTRELLAS;LIMA;150000;6;399;673;45,17;39,32;2,96;2,62;3,33;2683;1419;1264;7938;3724;4214;164
2022;04;03;HOSTAL;02;2 ESTRELLAS;LIMA;150000;138;3193;5842;31,33;29,21;1,34;1,25;2,03;51441;45271;6170;69156;56649;12507;752
2022;04;01;HOTEL;03;3 ESTRELLAS;PIURA;200000;15;582;972;30,76;25;1,96;1,86;2,56;3726;3209;517;7290;5966;1324;205
2022;04;01;HOTEL;05;5 ESTRELLAS;PIURA;200000;1;83;168;61,73;49,74;1,96;1,94;2,05;1276;974;302;2507;1888;619;60
2022;04;01;HOTEL;TT;TODAS CONSOLIDADAS;AREQUIPA;040000;124;3979;7211;27,07;23,72;1,77;1,78;1,76;28939;20590;8349;51314;36655;14659;1014
2022;04;02;APART HOTEL;TT;TODAS CONSOLIDADAS;AREQUIPA;040000;2;37;68;11,17;15;2,08;2,33;1,75;147;84;63;306;196;110;8
2022;04;01;HOTEL;TT;TODAS CONSOLIDADAS;JUNÍN;120000;52;1822;3365;18,99;13,79;1,42;1,42;1,79;9808;9710;98;13919;13744;175;318
2022;04;02;APART HOTEL;TT;TODAS CONSOLIDADAS;ÁNCASH;020000;2;16;44;10,83;10,83;1,57;1,57;0;91;91;0;143;143;0;4
2022;04;03;HOSTAL;03;3 ESTRELLAS;LORETO;160000;8;133;229;29,47;19,42;2,29;2,24;3,13;583;553;30;1334;1240;94;47
2022;04;03;HOSTAL;03;3 ESTRELLAS;MADRE DE DIOS;170000;1;22;29;26,36;43,33;2,12;2,11;2,33;178;172;6;377;363;14;4
2022;04;03;HOSTAL;03;3 ESTRELLAS;MOQUEGUA;180000;3;45;74;0;0;0;0;0;0;0;0;0;0;0;0
2022;04;03;HOSTAL;03;3 ESTRELLAS;PASCO;190000;1;9;18;17,41;12,04;1,35;1,35;0;48;48;0;65;65;0;3
2022;04;03;HOSTAL;03;3 ESTRELLAS;PIURA;200000;3;68;152;9,56;11,4;2,44;2,33;2,85;213;167;46;520;389;131;33
2022;04;03;HOSTAL;03;3 ESTRELLAS;PUNO;210000;6;137;234;37,45;28,73;1,9;1,92;1,6;1060;997;63;2017;1916;101;30
2022;04;03;HOSTAL;03;3 ESTRELLAS;SAN MARTÍN;220000;6;112;245;35,57;28,71;2,13;2,13;2,22;990;949;41;2110;2019;91;36
2022;04;03;HOSTAL;03;3 ESTRELLAS;TACNA;230000;6;110;230;12,42;7,88;2,17;2,17;0;251;251;0;544;544;0;17
2022;04;03;HOSTAL;03;3 ESTRELLAS;TUMBES;240000;5;83;174;12,65;10,33;1,2;1,21;1,13;449;397;52;539;480;59;15
2022;04;03;HOSTAL;03;3 ESTRELLAS;UCAYALI;250000;1;35;52;8,38;8,97;1,17;1,17;0;120;120;0;140;140;0;5
2022;04;03;HOSTAL;TT;TODAS CONSOLIDADAS;AMAZONAS;010000;80;1351;2165;24,61;22,01;1,15;1,15;1,43;12404;12130;274;14298;13905;393;222
2022;04;03;HOSTAL;TT;TODAS CONSOLIDADAS;ÁNCASH;020000;185;2885;4989;31,13;28,23;1,1;1,1;1,67;38366;38096;270;42252;41801;451;507
2022;04;03;HOSTAL;TT;TODAS CONSOLIDADAS;APURÍMAC;030000;7;161;262;36,07;26,68;1,2;1,2;2,15;1741;1728;13;2097;2069;28;27
2022;04;03;HOSTAL;TT;TODAS CONSOLIDADAS;AREQUIPA;040000;213;3369;5899;27,01;24,13;1,33;1,28;1,82;32122;29140;2982;42699;37278;5421;642
2022;04;03;HOSTAL;TT;TODAS CONSOLIDADAS;AYACUCHO;050000;11;191;339;20,89;17,99;1,99;1,97;2,12;921;822;99;1830;1620;210;47
2022;04;03;HOSTAL;TT;TODAS CONSOLIDADAS;CAJAMARCA;060000;189;3306;5281;17,42;13,88;1,47;1,47;1,29;14951;14800;151;21995;21800;195;578
2022;04;03;HOSTAL;TT;TODAS CONSOLIDADAS;CALLAO;070000;17;386;756;50,3;48,52;1,03;1,03;1,04;11169;10839;330;11515;11171;343;74
2022;04;03;HOSTAL;TT;TODAS CONSOLIDADAS;CUSCO;080000;98;1683;3062;20,51;18,48;1,47;1,27;1,76;11515;6693;4822;16977;8511;8466;282
2022;04;03;HOSTAL;TT;TODAS CONSOLIDADAS;HUANCAVELICA;090000;3;68;116;32,65;20,86;1,09;1,09;0;666;666;0;726;726;0;8
2022;04;03;HOSTAL;TT;TODAS CONSOLIDADAS;HUÁNUCO;100000;41;579;914;33,91;31,5;1,02;1,02;1;8429;8422;7;8638;8631;7;106
2022;04;03;HOSTAL;TT;TODAS CONSOLIDADAS;ICA;110000;105;1600;2758;30,65;25,24;1,34;1,33;1,48;15573;14469;1104;20880;19241;1639;290
2022;04;03;HOSTAL;TT;TODAS CONSOLIDADAS;JUNÍN;120000;40;636;1193;24,61;20,83;1,3;1,3;1,67;5729;5708;21;7456;7421;35;146
2022;04;03;HOSTAL;TT;TODAS CONSOLIDADAS;LA LIBERTAD;130000;224;3682;6678;26,74;27,36;1,2;1,2;1,21;45779;45377;402;54822;54335;487;649
2022;04;03;HOSTAL;TT;TODAS CONSOLIDADAS;LAMBAYEQUE;140000;196;2841;4027;23,28;18,11;1,14;1,14;1,4;19161;18863;298;21875;21457;418;536
2022;04;03;HOSTAL;TT;TODAS CONSOLIDADAS;LIMA;150000;239;5269;9590;31,45;27,58;1,23;1,17;1,83;81842;74911;6931;100303;87612;12692;1167
2022;04;03;HOSTAL;TT;TODAS CONSOLIDADAS;LORETO;160000;19;296;475;20,29;17,41;2,29;2,27;3,13;1083;1053;30;2481;2387;94;80
2022;04;03;HOSTAL;TT;TODAS CONSOLIDADAS;MADRE DE DIOS;170000;7;187;292;36,86;31,05;1,31;1,31;1,22;2076;1990;86;2720;2615;105;31
2022;04;03;HOSTAL;TT;TODAS CONSOLIDADAS;MOQUEGUA;180000;75;1063;1743;18,94;14,19;1,35;1,35;1,5;5502;5400;102;7420;7267;153;178
2022;04;03;HOSTAL;TT;TODAS CONSOLIDADAS;PASCO;190000;33;589;980;31,11;18,76;1,22;1,21;2,25;4534;4526;8;5516;5498;18;93
2022;04;03;HOSTAL;TT;TODAS CONSOLIDADAS;PIURA;200000;32;647;1091;27,01;23,46;1,62;1,6;1,81;4736;4201;535;7677;6708;969;149
2022;04;03;HOSTAL;TT;TODAS CONSOLIDADAS;PUNO;210000;72;1135;1995;24,09;18,31;1,43;1,45;1,23;7682;6955;727;10961;10069;892;193
2022;04;03;HOSTAL;TT;TODAS CONSOLIDADAS;SAN MARTÍN;220000;28;440;772;29,98;26,55;1,8;1,79;2,22;3414;3300;114;6149;5896;253;109
2022;04;03;HOSTAL;TT;TODAS CONSOLIDADAS;TACNA;230000;38;677;1284;15,19;11,43;1,13;1,13;1,02;3904;3845;59;4403;4343;60;111
2022;04;03;HOSTAL;TT;TODAS CONSOLIDADAS;TUMBES;240000;10;149;305;12,13;9,81;1,33;1,35;1,14;674;615;59;898;831;67;37
2022;04;03;HOSTAL;TT;TODAS CONSOLIDADAS;UCAYALI;250000;3;106;188;19,25;12,27;1,52;1,52;1,5;455;447;8;692;680;12;23
2022;04;05;ALBERGUE;12;ALBERGUE;AMAZONAS;010000;1;6;11;0;0;0;0;0;0;0;0;0;0;0;0
2022;04;05;ALBERGUE;12;ALBERGUE;ÁNCASH;020000;8;80;175;10,75;10,78;3,23;3,23;0;175;175;0;566;566;0;16
2022;04;05;ALBERGUE;12;ALBERGUE;AREQUIPA;040000;5;100;241;35,5;30,41;1,49;1,5;1,49;1472;589;883;2199;886;1313;96
2022;04;05;ALBERGUE;12;ALBERGUE;CAJAMARCA;060000;1;11;22;0;0;0;0;0;0;0;0;0;0;0;0
2022;04;05;ALBERGUE;12;ALBERGUE;CUSCO;080000;14;195;644;55,09;47,04;1,39;1,25;1,39;6543;135;6408;9089;169;8920;123
2022;04;05;ALBERGUE;12;ALBERGUE;ICA;110000;1;10;30;22,33;21,78;2,25;2,21;3;87;82;5;196;181;15;4
2022;04;05;ALBERGUE;12;ALBERGUE;JUNÍN;120000;1;32;104;25,83;22,47;1,96;1,92;2,92;358;345;13;701;663;38;19
2022;04;05;ALBERGUE;12;ALBERGUE;LIMA;150000;8;128;346;30,96;27,5;1,42;1,25;1,51;2010;703;1307;2854;881;1973;44
2022;04;05;ALBERGUE;12;ALBERGUE;MADRE DE DIOS;170000;10;270;536;22;23,22;2,52;2,52;2,51;1484;124;1360;3733;313;3420;244
2022;04;05;ALBERGUE;12;ALBERGUE;PASCO;190000;14;228;650;12,44;11,1;1,55;1,55;2,05;1392;1372;20;2164;2123;41;42
2022;04;05;ALBERGUE;12;ALBERGUE;PUNO;210000;1;13;35;0;0;0;0;0;0;0;0;0;0;0;0
2022;04;05;ALBERGUE;12;ALBERGUE;SAN MARTÍN;220000;9;185;416;21,3;20,93;2,51;2,41;2,87;1042;814;228;2612;1958;654;57
2022;04;05;ALBERGUE;12;ALBERGUE;UCAYALI;250000;3;32;72;25,63;37,82;3,8;3,82;2;215;213;2;817;813;4;19
2022;04;05;ALBERGUE;TT;TODAS CONSOLIDADAS;AMAZONAS;010000;1;6;11;0;0;0;0;0;0;0;0;0;0;0;0
2022;04;05;ALBERGUE;TT;TODAS CONSOLIDADAS;ÁNCASH;020000;8;80;175;10,75;10,78;3,23;3,23;0;175;175;0;566;566;0;16
2022;04;05;ALBERGUE;TT;TODAS CONSOLIDADAS;CAJAMARCA;060000;1;11;22;0;0;0;0;0;0;0;0;0;0;0;0
2022;04;05;ALBERGUE;TT;TODAS CONSOLIDADAS;CUSCO;080000;14;195;644;55,09;47,04;1,39;1,25;1,39;6543;135;6408;9089;169;8920;123
2022;04;05;ALBERGUE;TT;TODAS CONSOLIDADAS;ICA;110000;1;10;30;22,33;21,78;2,25;2,21;3;87;82;5;196;181;15;4
2022;04;05;ALBERGUE;TT;TODAS CONSOLIDADAS;JUNÍN;120000;1;32;104;25,83;22,47;1,96;1,92;2,92;358;345;13;701;663;38;19
2022;04;05;ALBERGUE;TT;TODAS CONSOLIDADAS;LIMA;150000;8;128;346;30,96;27,5;1,42;1,25;1,51;2010;703;1307;2854;881;1973;44
2022;04;05;ALBERGUE;TT;TODAS CONSOLIDADAS;LORETO;160000;56;738;1584;23,84;20,09;2,13;1,77;2,47;4471;2148;2323;9545;3809;5736;221
2022;04;05;ALBERGUE;TT;TODAS CONSOLIDADAS;MADRE DE DIOS;170000;10;270;536;22;23,22;2,52;2,52;2,51;1484;124;1360;3733;313;3420;244
2022;04;05;ALBERGUE;TT;TODAS CONSOLIDADAS;PASCO;190000;14;228;650;12,44;11,1;1,55;1,55;2,05;1392;1372;20;2164;2123;41;42
2022;04;05;ALBERGUE;TT;TODAS CONSOLIDADAS;PUNO;210000;1;13;35;0;0;0;0;0;0;0;0;0;0;0;0
2022;04;05;ALBERGUE;TT;TODAS CONSOLIDADAS;SAN MARTÍN;220000;9;185;416;21,3;20,93;2,51;2,41;2,87;1042;814;228;2612;1958;654;57
2022;04;05;ALBERGUE;TT;TODAS CONSOLIDADAS;UCAYALI;250000;3;32;72;25,63;37,82;3,8;3,82;2;215;213;2;817;813;4;19
2022;04;14;RESORT;03;3 ESTRELLAS;ICA;110000;1;51;86;0;0;0;0;0;0;0;0;0;0;0;0
2022;04;14;RESORT;03;3 ESTRELLAS;TUMBES;240000;1;31;60;0;0;0;0;0;0;0;0;0;0;0;0
2022;04;14;RESORT;04;4 ESTRELLAS;TUMBES;240000;1;402;1101;65,75;57,11;2,51;2,52;2,43;7525;6315;1210;18862;15918;2944;461
2022;04;14;RESORT;05;5 ESTRELLAS;ICA;110000;1;115;250;50,26;59,53;1,83;1,88;1,61;2443;1981;462;4465;3720;745;90
2022;04;14;RESORT;TT;TODAS CONSOLIDADAS;ICA;110000;2;166;336;34,82;44,3;1,83;1,88;1,61;2443;1981;462;4465;3720;745;90
2022;04;14;RESORT;TT;TODAS CONSOLIDADAS;TUMBES;240000;2;433;1161;61,05;54,15;2,51;2,52;2,43;7525;6315;1210;18862;15918;2944;461
2022;04;16;ECOLODGE;13;ECOLODGE;AREQUIPA;040000;1;23;51;12,75;13,79;1,51;1,47;1,53;140;53;87;211;78;133;8
2022;04;16;ECOLODGE;13;ECOLODGE;SAN MARTÍN;220000;1;12;24;0;0;0;0;0;0;0;0;0;0;0;0
2022;04;16;ECOLODGE;TT;TODAS CONSOLIDADAS;AREQUIPA;040000;1;23;51;12,75;13,79;1,51;1,47;1,53;140;53;87;211;78;133;8
2022;04;16;ECOLODGE;TT;TODAS CONSOLIDADAS;SAN MARTÍN;220000;1;12;24;0;0;0;0;0;0;0;0;0;0;0;0
2022;04;TT;TODAS CONSOLIDADAS;00;NO CATEGORIZADO;AMAZONAS;010000;269;2567;4176;20,39;16,5;1,13;1,13;1,15;18239;17662;577;20672;20011;661;480
2022;04;TT;TODAS CONSOLIDADAS;00;NO CATEGORIZADO;ÁNCASH;020000;598;5596;9725;16,35;12,87;1,22;1,22;1,06;30856;29549;1307;37536;36156;1380;975
2022;04;TT;TODAS CONSOLIDADAS;00;NO CATEGORIZADO;APURÍMAC;030000;477;4364;6710;14,45;11,2;1,13;1,13;1,2;20013;19849;164;22555;22358;197;455
2022;04;TT;TODAS CONSOLIDADAS;00;NO CATEGORIZADO;AREQUIPA;040000;1117;9938;16762;18,53;17,3;1,54;1,42;1,91;56343;42160;14183;86990;59962;27028;1210
2022;04;TT;TODAS CONSOLIDADAS;00;NO CATEGORIZADO;AYACUCHO;050000;538;5221;8292;16,84;13,4;1,2;1,2;1,17;27752;27524;228;33324;33058;266;576
2022;04;TT;TODAS CONSOLIDADAS;00;NO CATEGORIZADO;CAJAMARCA;060000;627;6168;9586;14,69;13,14;1,17;1,17;1,03;32260;32020;240;37779;37531;248;1104
2022;04;TT;TODAS CONSOLIDADAS;00;NO CATEGORIZADO;CALLAO;070000;256;3638;6742;32,69;30,24;1,01;1,01;1,15;107386;105460;1926;108702;106490;2213;981
2022;04;TT;TODAS CONSOLIDADAS;00;NO CATEGORIZADO;CUSCO;080000;1828;17887;32145;25,13;21,33;1,7;1,43;2;121271;64794;56477;205664;92710;112954;3421
2022;04;TT;TODAS CONSOLIDADAS;00;NO CATEGORIZADO;HUANCAVELICA;090000;191;2250;3477;17,9;14,16;1,09;1,09;1,4;13611;13606;5;14774;14767;7;281
2022;04;TT;TODAS CONSOLIDADAS;00;NO CATEGORIZADO;HUÁNUCO;100000;471;5244;7754;18,27;15,17;1,14;1,14;1,06;30953;30832;121;35286;35158;128;684
2022;04;TT;TODAS CONSOLIDADAS;00;NO CATEGORIZADO;JUNÍN;120000;1288;13817;22270;19,06;15,06;1,15;1,15;1,64;87506;87125;381;100586;99963;623;2392
2022;04;TT;TODAS CONSOLIDADAS;00;NO CATEGORIZADO;LA LIBERTAD;130000;838;6764;11326;21,03;15,8;1,16;1,11;2,16;46331;44124;2207;53691;48928;4763;744
2022;04;TT;TODAS CONSOLIDADAS;00;NO CATEGORIZADO;LAMBAYEQUE;140000;377;3880;5596;19,4;15,49;1,07;1,07;1,02;24254;23740;514;26000;25474;526;534
2022;04;TT;TODAS CONSOLIDADAS;00;NO CATEGORIZADO;LIMA;150000;6202;52723;91651;21,58;18,97;1,15;1,14;1,33;2058635;1946188;112447;2360147;2210918;149230;37737
2022;04;TT;TODAS CONSOLIDADAS;00;NO CATEGORIZADO;LORETO;160000;721;6574;10318;16,77;16,39;1,72;1,64;1,92;29519;21154;8365;50727;34669;16058;731
2022;04;TT;TODAS CONSOLIDADAS;00;NO CATEGORIZADO;MADRE DE DIOS;170000;312;4306;7154;20,94;17,12;1,22;1,18;1,66;30163;27577;2586;36750;32467;4283;557
2022;04;TT;TODAS CONSOLIDADAS;00;NO CATEGORIZADO;MOQUEGUA;180000;191;1819;3091;13,21;9,35;1,27;1,27;1,05;6852;6793;59;8672;8610;62;227
2022;04;TT;TODAS CONSOLIDADAS;00;NO CATEGORIZADO;PASCO;190000;317;3461;5446;18,64;15,63;1,21;1,21;1,1;21114;21054;60;25541;25475;66;611
2022;04;TT;TODAS CONSOLIDADAS;00;NO CATEGORIZADO;PIURA;200000;1012;10416;18970;31,82;24,91;1,72;1,69;2,13;82373;76787;5586;141765;129860;11905;2054
2022;04;TT;TODAS CONSOLIDADAS;00;NO CATEGORIZADO;PUNO;210000;698;6737;11509;24,93;21,29;1,33;1,34;1,18;55382;52390;2992;73499;69974;3525;1211
2022;04;TT;TODAS CONSOLIDADAS;00;NO CATEGORIZADO;SAN MARTÍN;220000;756;8554;13269;28,78;23,18;1,25;1,25;1,43;73735;72836;899;92273;90984;1289;1130
2022;04;TT;TODAS CONSOLIDADAS;00;NO CATEGORIZADO;TACNA;230000;406;3841;6952;8,45;6,57;1,15;1,16;1,1;11884;10997;887;13703;12731;972;470
2022;04;TT;TODAS CONSOLIDADAS;00;NO CATEGORIZADO;UCAYALI;250000;470;5004;7715;25,08;22,48;1,96;1,96;2,01;26479;26142;337;52027;51350;677;903
2022;04;TT;TODAS CONSOLIDADAS;01;1 ESTRELLA;AMAZONAS;010000;18;278;432;36,25;33,9;1,27;1,27;1,05;3461;3440;21;4393;4371;22;46
2022;04;TT;TODAS CONSOLIDADAS;01;1 ESTRELLA;ÁNCASH;020000;52;937;1520;26,3;22,83;1,09;1,09;1;9579;9553;26;10409;10383;26;144
2022;04;TT;TODAS CONSOLIDADAS;01;1 ESTRELLA;APURÍMAC;030000;3;89;132;18,84;13,96;1,06;1,06;0;523;523;0;553;553;0;10
2022;04;TT;TODAS CONSOLIDADAS;01;1 ESTRELLA;AYACUCHO;050000;11;268;468;13,27;14,05;2,01;2,01;2;980;974;6;1972;1960;12;43
2022;04;TT;TODAS CONSOLIDADAS;01;1 ESTRELLA;CAJAMARCA;060000;29;563;882;10,67;8,16;1,22;1,23;1,04;1763;1735;28;2159;2130;29;95
2022;04;TT;TODAS CONSOLIDADAS;01;1 ESTRELLA;CALLAO;070000;12;238;474;43,62;39,92;1,06;1,06;1,05;5624;5322;302;5978;5662;317;47
2022;04;TT;TODAS CONSOLIDADAS;01;1 ESTRELLA;CUSCO;080000;28;540;892;17,09;14,54;1,07;1,05;1,84;3637;3561;76;3891;3751;140;72
2022;04;TT;TODAS CONSOLIDADAS;01;1 ESTRELLA;HUANCAVELICA;090000;2;29;45;60,46;37,63;1,01;1,01;0;503;503;0;508;508;0;4
2022;04;TT;TODAS CONSOLIDADAS;01;1 ESTRELLA;HUÁNUCO;100000;25;508;757;46,88;45,99;1,01;1,01;0;10290;10290;0;10444;10444;0;93
2022;04;TT;TODAS CONSOLIDADAS;01;1 ESTRELLA;ICA;110000;14;223;309;28;26,66;1;1;0;2471;2471;0;2471;2471;0;25
2022;04;TT;TODAS CONSOLIDADAS;01;1 ESTRELLA;JUNÍN;120000;18;416;799;18,74;12,64;1,44;1,44;0;2109;2109;0;3029;3029;0;59
2022;04;TT;TODAS CONSOLIDADAS;01;1 ESTRELLA;LA LIBERTAD;130000;36;555;971;27,06;27;1,58;1,58;1;4989;4969;20;7866;7846;20;95
2022;04;TT;TODAS CONSOLIDADAS;01;1 ESTRELLA;LAMBAYEQUE;140000;18;264;331;16,83;16,53;1,18;1,18;1;1392;1388;4;1641;1637;4;47
2022;04;TT;TODAS CONSOLIDADAS;01;1 ESTRELLA;LIMA;150000;94;2064;3631;39,19;32,46;1,08;1,07;1,26;41106;40277;829;44312;43268;1044;428
2022;04;TT;TODAS CONSOLIDADAS;01;1 ESTRELLA;LORETO;160000;6;91;134;15,35;10,1;1,96;1,96;0;207;207;0;406;406;0;19
2022;04;TT;TODAS CONSOLIDADAS;01;1 ESTRELLA;MADRE DE DIOS;170000;6;168;302;26,25;21,58;1,12;1,13;1;1742;1690;52;1955;1903;52;27
2022;04;TT;TODAS CONSOLIDADAS;01;1 ESTRELLA;MOQUEGUA;180000;13;194;345;10,74;8,37;1,22;1,19;1,89;712;685;27;866;815;51;32
2022;04;TT;TODAS CONSOLIDADAS;01;1 ESTRELLA;PASCO;190000;24;501;761;27,68;16,24;1,06;1,06;0;3490;3490;0;3708;3708;0;81
2022;04;TT;TODAS CONSOLIDADAS;01;1 ESTRELLA;PIURA;200000;4;76;128;8,2;12,47;1,25;1,25;0;382;382;0;479;479;0;14
2022;04;TT;TODAS CONSOLIDADAS;01;1 ESTRELLA;PUNO;210000;31;523;879;21,73;16,6;1,08;1,09;1,06;4039;3726;313;4378;4046;332;73
2022;04;TT;TODAS CONSOLIDADAS;01;1 ESTRELLA;SAN MARTÍN;220000;7;146;229;36,87;39,23;1,4;1,4;1,36;1926;1915;11;2695;2680;15;32
2022;04;TT;TODAS CONSOLIDADAS;01;1 ESTRELLA;TACNA;230000;11;227;413;8,55;6,37;1,05;1,05;1;752;739;13;789;776;13;29
2022;04;TT;TODAS CONSOLIDADAS;02;2 ESTRELLAS;AMAZONAS;010000;83;1744;2707;20,8;18,18;1,15;1,14;1,59;12848;12663;185;14763;14469;294;279
2022;04;TT;TODAS CONSOLIDADAS;02;2 ESTRELLAS;ÁNCASH;020000;179;3416;6036;29,03;25,1;1,12;1,12;1,18;40691;40388;303;45453;45096;357;571
2022;04;TT;TODAS CONSOLIDADAS;02;2 ESTRELLAS;APURÍMAC;030000;9;302;494;23,18;18,25;1,16;1,16;1;2337;2333;4;2704;2700;4;35
2022;04;TT;TODAS CONSOLIDADAS;02;2 ESTRELLAS;AREQUIPA;040000;162;3065;5486;26,21;22,99;1,3;1,28;1,62;29084;27237;1847;37831;34844;2987;529
2022;04;TT;TODAS CONSOLIDADAS;02;2 ESTRELLAS;AYACUCHO;050000;13;322;576;33,06;28,94;1,67;1,68;1,64;2986;2891;95;5000;4844;156;51
2022;04;TT;TODAS CONSOLIDADAS;02;2 ESTRELLAS;CAJAMARCA;060000;153;3184;4963;16,68;13,47;1,36;1,36;1,28;14742;14641;101;20061;19932;129;509
2022;04;TT;TODAS CONSOLIDADAS;02;2 ESTRELLAS;CALLAO;070000;8;242;457;46,38;46,48;1,01;1,01;1,15;6304;6130;174;6372;6172;200;36
2022;04;TT;TODAS CONSOLIDADAS;02;2 ESTRELLAS;HUANCAVELICA;090000;3;85;156;25,02;18,63;1,98;1,97;2,33;441;432;9;872;851;21;13
2022;04;TT;TODAS CONSOLIDADAS;02;2 ESTRELLAS;HUÁNUCO;100000;63;1546;2449;26,75;22,32;1,2;1,2;1,24;13712;13687;25;16399;16368;31;259
2022;04;TT;TODAS CONSOLIDADAS;02;2 ESTRELLAS;ICA;110000;113;2285;3923;20,44;17,24;1,35;1,35;1,38;15065;14613;452;20287;19664;623;369
2022;04;TT;TODAS CONSOLIDADAS;02;2 ESTRELLAS;JUNÍN;120000;52;1242;2262;22,97;18,94;1,3;1,3;1,88;9858;9776;82;12853;12699;154;201
2022;04;TT;TODAS CONSOLIDADAS;02;2 ESTRELLAS;LA LIBERTAD;130000;157;2783;4987;21,91;24,02;1,24;1,23;1,75;29080;28564;516;35931;35030;901;498
2022;04;TT;TODAS CONSOLIDADAS;02;2 ESTRELLAS;LAMBAYEQUE;140000;230;4352;6338;21,27;16,64;1,13;1,13;1,26;27886;27589;297;31646;31273;373;745
2022;04;TT;TODAS CONSOLIDADAS;02;2 ESTRELLAS;LIMA;150000;262;8403;15037;39,48;35,05;1,3;1,26;1,92;155893;146253;9640;202660;184155;18505;1723
2022;04;TT;TODAS CONSOLIDADAS;02;2 ESTRELLAS;MADRE DE DIOS;170000;13;362;608;35,19;26,13;1,26;1,24;1,49;3791;3592;199;4766;4470;296;62
2022;04;TT;TODAS CONSOLIDADAS;02;2 ESTRELLAS;MOQUEGUA;180000;76;1258;2069;28,09;19,57;2,01;2,01;1,63;6049;5945;104;12146;11977;169;227
2022;04;TT;TODAS CONSOLIDADAS;02;2 ESTRELLAS;PASCO;190000;19;418;794;36,31;33,75;1,55;1,55;2,25;5183;5175;8;8039;8021;18;68
2022;04;TT;TODAS CONSOLIDADAS;02;2 ESTRELLAS;PIURA;200000;47;1021;1679;29,76;25,05;1,62;1,61;1,72;7811;7234;577;12620;11630;990;213
2022;04;TT;TODAS CONSOLIDADAS;02;2 ESTRELLAS;PUNO;210000;60;1082;1959;19,83;14,43;1,48;1,5;1,33;5715;5218;497;8479;7819;660;176
2022;04;TT;TODAS CONSOLIDADAS;02;2 ESTRELLAS;SAN MARTÍN;220000;51;1143;1899;35,3;28,84;1,84;1,84;1,93;8909;8627;282;16429;15886;543;246
2022;04;TT;TODAS CONSOLIDADAS;02;2 ESTRELLAS;TACNA;230000;56;1322;2638;17,55;13,28;1,44;1,44;1,39;7292;7199;93;10512;10383;129;239
2022;04;TT;TODAS CONSOLIDADAS;02;2 ESTRELLAS;TUMBES;240000;13;324;680;52,6;26,42;11,23;11,38;1,14;480;473;7;5389;5381;8;71
2022;04;TT;TODAS CONSOLIDADAS;02;2 ESTRELLAS;UCAYALI;250000;4;129;229;15,89;10,22;1,88;1,87;2,27;373;362;11;702;677;25;29
2022;04;TT;TODAS CONSOLIDADAS;03;3 ESTRELLAS;AMAZONAS;010000;27;542;980;26,23;20,91;1,47;1,48;1,4;4179;3606;573;6147;5347;800;138
2022;04;TT;TODAS CONSOLIDADAS;03;3 ESTRELLAS;ÁNCASH;020000;60;1562;2879;28,94;21,46;1,6;1,61;1,47;11617;10069;1548;18533;16255;2278;350
2022;04;TT;TODAS CONSOLIDADAS;03;3 ESTRELLAS;AREQUIPA;040000;106;2626;4858;25,2;22,64;1,86;1,91;1,76;17779;11544;6235;32995;22016;10979;677
2022;04;TT;TODAS CONSOLIDADAS;03;3 ESTRELLAS;AYACUCHO;050000;11;340;652;24,13;22,91;2,44;2,45;2,35;1837;1665;172;4482;4077;405;108
2022;04;TT;TODAS CONSOLIDADAS;03;3 ESTRELLAS;CAJAMARCA;060000;118;2813;4647;24,69;19,44;1,64;1,63;2,05;16533;16220;313;27101;26458;643;606
2022;04;TT;TODAS CONSOLIDADAS;03;3 ESTRELLAS;CALLAO;070000;4;233;392;35,35;32,17;1,46;1,46;1,47;2585;2017;568;3783;2947;836;50
2022;04;TT;TODAS CONSOLIDADAS;03;3 ESTRELLAS;CUSCO;080000;103;3413;6748;33,73;29,83;1,78;1,86;1,76;33899;7165;26734;60394;13320;47074;986
2022;04;TT;TODAS CONSOLIDADAS;03;3 ESTRELLAS;HUANCAVELICA;090000;2;65;108;12;8,21;1,36;1,37;1;195;194;1;266;265;1;20
2022;04;TT;TODAS CONSOLIDADAS;03;3 ESTRELLAS;ICA;110000;82;2419;4809;34,5;28,52;1,53;1,55;1,45;26925;21011;5914;41141;32546;8595;569
2022;04;TT;TODAS CONSOLIDADAS;03;3 ESTRELLAS;JUNÍN;120000;21;760;1431;16,01;11,57;1,56;1,56;1,62;3186;3157;29;4967;4920;47;183
2022;04;TT;TODAS CONSOLIDADAS;03;3 ESTRELLAS;LA LIBERTAD;130000;142;3507;6585;29,18;24,02;1,32;1,29;2,08;35836;34215;1621;47461;44084;3377;779
2022;04;TT;TODAS CONSOLIDADAS;03;3 ESTRELLAS;LAMBAYEQUE;140000;62;1640;2700;23,43;19,8;1,35;1,34;1,54;11872;11175;697;16038;14967;1071;334
2022;04;TT;TODAS CONSOLIDADAS;03;3 ESTRELLAS;LIMA;150000;182;8517;16331;39,65;33,4;1,73;1,49;2,24;94693;64757;29936;163635;96494;67141;1903
2022;04;TT;TODAS CONSOLIDADAS;03;3 ESTRELLAS;LORETO;160000;30;818;1423;30,14;23,96;2,06;2,05;2,09;4970;4081;889;10227;8367;1860;208
2022;04;TT;TODAS CONSOLIDADAS;03;3 ESTRELLAS;MOQUEGUA;180000;13;343;619;17,89;14,54;1,83;1,84;1,46;1474;1428;46;2700;2633;67;67
2022;04;TT;TODAS CONSOLIDADAS;03;3 ESTRELLAS;PASCO;190000;6;133;250;40,55;38,49;1,93;1,81;4,64;1496;1435;61;2887;2604;283;24
2022;04;TT;TODAS CONSOLIDADAS;03;3 ESTRELLAS;PIURA;200000;18;650;1124;28,54;23,16;1,98;1,88;2,58;3939;3376;563;7810;6355;1455;238
2022;04;TT;TODAS CONSOLIDADAS;03;3 ESTRELLAS;PUNO;210000;32;1014;1924;31,07;27,32;1,65;1,87;1,48;9545;4205;5340;15767;7857;7910;201
2022;04;TT;TODAS CONSOLIDADAS;03;3 ESTRELLAS;TUMBES;240000;18;444;956;22,91;23,21;2,69;2,71;2,52;2478;2148;330;6656;5826;830;155
2022;04;TT;TODAS CONSOLIDADAS;03;3 ESTRELLAS;UCAYALI;250000;16;572;939;25,29;21,32;1,79;1,78;1,99;3352;3129;223;6005;5562;443;130
2022;04;TT;TODAS CONSOLIDADAS;04;4 ESTRELLAS;AREQUIPA;040000;11;473;943;36,07;33,68;1,91;2;1,81;4976;2810;2166;9529;5618;3911;146
2022;04;TT;TODAS CONSOLIDADAS;04;4 ESTRELLAS;CAJAMARCA;060000;4;214;355;42,49;40,3;2,1;2,01;2,91;2046;1855;191;4292;3737;555;117
2022;04;TT;TODAS CONSOLIDADAS;04;4 ESTRELLAS;CALLAO;070000;2;371;599;99,21;92,58;1,37;1,36;1,37;12173;2040;10133;16637;2775;13862;107
2022;04;TT;TODAS CONSOLIDADAS;04;4 ESTRELLAS;CUSCO;080000;13;959;1836;67,53;63,44;2,01;1,82;2,05;17417;3083;14334;34940;5609;29331;470
2022;04;TT;TODAS CONSOLIDADAS;04;4 ESTRELLAS;HUÁNUCO;100000;1;61;104;44,26;36,89;2,08;2,15;1,11;553;517;36;1151;1111;40;23
2022;04;TT;TODAS CONSOLIDADAS;04;4 ESTRELLAS;ICA;110000;7;744;1550;26,95;28,92;1,89;1,97;1,56;7098;5786;1312;13446;11395;2051;368
2022;04;TT;TODAS CONSOLIDADAS;04;4 ESTRELLAS;JUNÍN;120000;1;40;66;43,83;26,57;1,37;1,38;1,13;384;376;8;526;517;9;21
2022;04;TT;TODAS CONSOLIDADAS;04;4 ESTRELLAS;LA LIBERTAD;130000;3;206;326;47,18;45,53;1,98;1,94;2,15;2245;1777;468;4453;3445;1008;79
2022;04;TT;TODAS CONSOLIDADAS;04;4 ESTRELLAS;LAMBAYEQUE;140000;5;352;577;53,66;52,46;1,66;1,61;2,06;5477;4883;594;9080;7854;1226;239
2022;04;TT;TODAS CONSOLIDADAS;04;4 ESTRELLAS;LIMA;150000;51;4870;8720;43,75;37,41;2,01;1,65;2,55;48621;28998;19623;97872;47767;50105;2102
2022;04;TT;TODAS CONSOLIDADAS;04;4 ESTRELLAS;LORETO;160000;3;103;173;35,34;27,98;1,98;2,24;1,4;734;505;229;1452;1132;320;33
2022;04;TT;TODAS CONSOLIDADAS;04;4 ESTRELLAS;MOQUEGUA;180000;2;123;232;61,52;73,68;10,6;11,09;2,5;484;456;28;5128;5058;70;42
2022;04;TT;TODAS CONSOLIDADAS;04;4 ESTRELLAS;PIURA;200000;3;299;552;44,27;36,3;2,17;2,13;2,28;2776;2090;686;6011;4444;1567;49
2022;04;TT;TODAS CONSOLIDADAS;04;4 ESTRELLAS;PUNO;210000;7;447;842;32,55;29,7;1,79;1,98;1,71;4196;1166;3030;7501;2308;5193;113
2022;04;TT;TODAS CONSOLIDADAS;04;4 ESTRELLAS;SAN MARTÍN;220000;1;24;49;41,25;43,06;2,41;2,39;2,69;263;250;13;633;598;35;16
2022;04;TT;TODAS CONSOLIDADAS;04;4 ESTRELLAS;TACNA;230000;1;150;300;25,13;19,92;2,15;2,12;2,38;835;751;84;1793;1593;200;32
2022;04;TT;TODAS CONSOLIDADAS;04;4 ESTRELLAS;TUMBES;240000;6;667;1624;56,02;53,19;2,43;2,48;2,21;10683;8716;1967;25912;21573;4339;581
2022;04;TT;TODAS CONSOLIDADAS;04;4 ESTRELLAS;UCAYALI;250000;5;289;515;35,16;31,35;2,35;2,35;2,33;2062;1766;296;4843;4152;691;85
2022;04;TT;TODAS CONSOLIDADAS;05;5 ESTRELLAS;CUSCO;080000;15;1288;2527;54,61;52,72;1,71;1,82;1,7;23349;2869;20480;39967;5221;34746;921
2022;04;TT;TODAS CONSOLIDADAS;05;5 ESTRELLAS;LA LIBERTAD;130000;2;267;450;31,71;32,57;1,87;1,79;2,16;2356;1884;472;4397;3378;1019;165
2022;04;TT;TODAS CONSOLIDADAS;05;5 ESTRELLAS;LIMA;150000;30;4596;8321;45,99;35,62;2,2;1,64;2,64;40331;17394;22937;88906;28466;60440;2695
2022;04;TT;TODAS CONSOLIDADAS;05;5 ESTRELLAS;LORETO;160000;1;60;91;81,33;83,44;2,25;2,3;2,2;1012;484;528;2278;1114;1164;49
2022;04;TT;TODAS CONSOLIDADAS;05;5 ESTRELLAS;PUNO;210000;1;123;231;75,91;51;1,4;1,2;1,6;2532;1279;1253;3534;1532;2002;45
2022;04;TT;TODAS CONSOLIDADAS;05;5 ESTRELLAS;SAN MARTÍN;220000;1;50;108;44,6;53,27;2,01;1,98;2,37;859;800;59;1726;1586;140;63
2022;04;TT;TODAS CONSOLIDADAS;05;5 ESTRELLAS;UCAYALI;250000;2;162;300;31,13;23,76;2,23;2,15;3;958;867;91;2138;1865;273;62
2022;04;TT;TODAS CONSOLIDADAS;12;ALBERGUE;AMAZONAS;010000;1;6;11;0;0;0;0;0;0;0;0;0;0;0;0
2022;04;TT;TODAS CONSOLIDADAS;12;ALBERGUE;AREQUIPA;040000;5;100;241;35,5;30,41;1,49;1,5;1,49;1472;589;883;2199;886;1313;96
2022;04;TT;TODAS CONSOLIDADAS;12;ALBERGUE;CAJAMARCA;060000;1;11;22;0;0;0;0;0;0;0;0;0;0;0;0
2022;04;TT;TODAS CONSOLIDADAS;12;ALBERGUE;ICA;110000;1;10;30;22,33;21,78;2,25;2,21;3;87;82;5;196;181;15;4
2022;04;TT;TODAS CONSOLIDADAS;12;ALBERGUE;JUNÍN;120000;1;32;104;25,83;22,47;1,96;1,92;2,92;358;345;13;701;663;38;19
2022;04;TT;TODAS CONSOLIDADAS;12;ALBERGUE;LIMA;150000;8;128;346;30,96;27,5;1,42;1,25;1,51;2010;703;1307;2854;881;1973;44
2022;04;TT;TODAS CONSOLIDADAS;12;ALBERGUE;MADRE DE DIOS;170000;10;270;536;22;23,22;2,52;2,52;2,51;1484;124;1360;3733;313;3420;244
2022;04;TT;TODAS CONSOLIDADAS;12;ALBERGUE;PASCO;190000;14;228;650;12,44;11,1;1,55;1,55;2,05;1392;1372;20;2164;2123;41;42
2022;04;TT;TODAS CONSOLIDADAS;12;ALBERGUE;PUNO;210000;1;13;35;0;0;0;0;0;0;0;0;0;0;0;0
2022;04;TT;TODAS CONSOLIDADAS;12;ALBERGUE;SAN MARTÍN;220000;9;185;416;21,3;20,93;2,51;2,41;2,87;1042;814;228;2612;1958;654;57
2022;04;TT;TODAS CONSOLIDADAS;12;ALBERGUE;UCAYALI;250000;3;32;72;25,63;37,82;3,8;3,82;2;215;213;2;817;813;4;19
2022;04;TT;TODAS CONSOLIDADAS;13;ECOLODGE;AREQUIPA;040000;1;23;51;12,75;13,79;1,51;1,47;1,53;140;53;87;211;78;133;8
2022;04;TT;TODAS CONSOLIDADAS;13;ECOLODGE;SAN MARTÍN;220000;1;12;24;0;0;0;0;0;0;0;0;0;0;0;0
2022;04;TT;TODAS CONSOLIDADAS;TT;TODAS CONSOLIDADAS;ÁNCASH;020000;897;11591;20335;20,25;16,44;1,23;1,24;1,1;92918;89734;3184;112497;108456;4041;2056
2022;04;TT;TODAS CONSOLIDADAS;TT;TODAS CONSOLIDADAS;APURÍMAC;030000;494;4900;7579;14,92;11,54;1,13;1,13;1,19;24224;23941;283;27969;27630;339;533
2022;04;TT;TODAS CONSOLIDADAS;TT;TODAS CONSOLIDADAS;AREQUIPA;040000;1462;17446;30232;20,32;18,58;1,53;1,44;1,88;119163;92616;26547;183719;135055;48664;2978
2022;04;TT;TODAS CONSOLIDADAS;TT;TODAS CONSOLIDADAS;CAJAMARCA;060000;932;12953;20455;16,26;13,94;1,27;1,27;1,21;67344;66471;873;91392;89788;1604;2431
2022;04;TT;TODAS CONSOLIDADAS;TT;TODAS CONSOLIDADAS;CALLAO;070000;282;4722;8664;34,05;31,58;1,02;1,02;1,15;134072;120969;13103;141473;124046;17427;1221
2022;04;TT;TODAS CONSOLIDADAS;TT;TODAS CONSOLIDADAS;CUSCO;080000;2103;26439;48817;25,94;22,21;1,69;1,45;1,97;221018;88410;132608;377178;129985;247193;6489
2022;04;TT;TODAS CONSOLIDADAS;TT;TODAS CONSOLIDADAS;HUANCAVELICA;090000;198;2429;3786;18,37;14,41;1,1;1,1;1,4;14750;14735;15;16420;16391;29;318
2022;04;TT;TODAS CONSOLIDADAS;TT;TODAS CONSOLIDADAS;HUÁNUCO;100000;575;7908;12074;20,63;17,44;1,15;1,15;1,05;59371;59039;332;69143;68698;445;1165
2022;04;TT;TODAS CONSOLIDADAS;TT;TODAS CONSOLIDADAS;ICA;110000;953;14218;25480;22,94;18,5;1,27;1,26;1,3;117633;95787;21846;163591;133022;30569;2889
2022;04;TT;TODAS CONSOLIDADAS;TT;TODAS CONSOLIDADAS;JUNÍN;120000;1381;16307;26932;19,18;15,13;1,17;1,16;1,62;103401;102888;513;122662;121791;871;2875
2022;04;TT;TODAS CONSOLIDADAS;TT;TODAS CONSOLIDADAS;LA LIBERTAD;130000;1178;14082;24645;22,4;18,33;1,21;1,16;2,06;120837;115533;5304;153799;142711;11088;2360
2022;04;TT;TODAS CONSOLIDADAS;TT;TODAS CONSOLIDADAS;LAMBAYEQUE;140000;692;10488;15542;20,56;16,55;1,12;1,12;1,15;70881;68775;2106;84405;81205;3200;1899
2022;04;TT;TODAS CONSOLIDADAS;TT;TODAS CONSOLIDADAS;LIMA;150000;6829;81301;144037;23,27;20,38;1,18;1,16;1,39;2441288;2244570;196719;2960386;2611948;348438;46632
2022;04;TT;TODAS CONSOLIDADAS;TT;TODAS CONSOLIDADAS;LORETO;160000;836;8796;14383;17,75;16,93;1,75;1,66;1,9;43258;30924;12334;77428;52290;25138;1336
2022;04;TT;TODAS CONSOLIDADAS;TT;TODAS CONSOLIDADAS;MADRE DE DIOS;170000;347;5319;8979;21,85;17,94;1,27;1,23;1,66;39056;34364;4692;50624;41797;8827;959
2022;04;TT;TODAS CONSOLIDADAS;TT;TODAS CONSOLIDADAS;MOQUEGUA;180000;295;3737;6356;17,47;12,61;1,54;1,55;1,26;15571;15307;264;29512;29093;419;595
2022;04;TT;TODAS CONSOLIDADAS;TT;TODAS CONSOLIDADAS;PIURA;200000;1085;12545;22621;31,65;24,9;1,72;1,69;2,11;98557;90843;7714;171192;154656;16536;2628
2022;04;TT;TODAS CONSOLIDADAS;TT;TODAS CONSOLIDADAS;PUNO;210000;830;9939;17379;24,78;20,93;1,34;1,36;1,2;81409;67984;13425;113158;93536;19622;1819
2022;04;TT;TODAS CONSOLIDADAS;TT;TODAS CONSOLIDADAS;SAN MARTÍN;220000;854;10986;17600;29,08;23,63;1,32;1,32;1,51;92464;90680;1784;127093;123737;3356;1799
2022;04;TT;TODAS CONSOLIDADAS;TT;TODAS CONSOLIDADAS;TACNA;230000;494;6151;11585;9,99;7,63;1,22;1,22;1,17;23267;21925;1342;31906;30025;1881;906
2022;04;TT;TODAS CONSOLIDADAS;TT;TODAS CONSOLIDADAS;TUMBES;240000;254;3672;7602;21,17;15,22;2,34;2,33;2,37;23049;20408;2641;54672;48675;5997;1192
2022;04;05;ALBERGUE;12;ALBERGUE;LORETO;160000;56;738;1584;23,84;20,09;2,13;1,77;2,47;4471;2148;2323;9545;3809;5736;221
2022;04;TT;TODAS CONSOLIDADAS;02;2 ESTRELLAS;LORETO;160000;19;412;660;12,01;14,11;1,19;1,19;0;2345;2345;0;2793;2793;0;75
2022;04;TT;TODAS CONSOLIDADAS;12;ALBERGUE;LORETO;160000;56;738;1584;23,84;20,09;2,13;1,77;2,47;4471;2148;2323;9545;3809;5736;221
2022;04;05;ALBERGUE;TT;TODAS CONSOLIDADAS;AREQUIPA;040000;5;100;241;35,5;30,41;1,49;1,5;1,49;1472;589;883;2199;886;1313;96
2022;04;TT;TODAS CONSOLIDADAS;01;1 ESTRELLA;AREQUIPA;040000;57;980;1539;23,68;17,84;1,25;1,24;2,4;6595;6523;72;8239;8066;173;155
2022;04;TT;TODAS CONSOLIDADAS;05;5 ESTRELLAS;AREQUIPA;040000;3;241;352;51,2;54,21;2,06;2,11;1,99;2774;1700;1074;5725;3585;2140;157
2022;04;TT;TODAS CONSOLIDADAS;00;NO CATEGORIZADO;ICA;110000;732;8077;13813;21,74;17,15;1,22;1,2;1,28;58199;45982;12217;71060;55369;15691;1124
2022;04;TT;TODAS CONSOLIDADAS;05;5 ESTRELLAS;ICA;110000;4;460;1046;51,78;47,77;1,92;1,95;1,85;7788;5842;1946;14990;11396;3594;430
2022;04;TT;TODAS CONSOLIDADAS;00;NO CATEGORIZADO;TUMBES;240000;217;2237;4342;18,18;12,83;1,78;1,75;2,43;9408;9071;337;16715;15895;820;385
2022;04;TT;TODAS CONSOLIDADAS;02;2 ESTRELLAS;CUSCO;080000;102;2157;4025;21,53;19,24;1,56;1,35;1,73;14902;6803;8099;23233;9205;14028;496
2022;04;TT;TODAS CONSOLIDADAS;12;ALBERGUE;CUSCO;080000;14;195;644;55,09;47,04;1,39;1,25;1,39;6543;135;6408;9089;169;8920;123
2022;04;TT;TODAS CONSOLIDADAS;03;3 ESTRELLAS;APURÍMAC;030000;5;145;243;42,69;29,59;1,6;1,63;1,2;1351;1236;115;2157;2019;138;33
2022;04;TT;TODAS CONSOLIDADAS;03;3 ESTRELLAS;HUÁNUCO;100000;15;549;1010;23,68;19,35;1,52;1,51;1,64;3863;3713;150;5863;5617;246;106
2022;04;TT;TODAS CONSOLIDADAS;03;3 ESTRELLAS;MADRE DE DIOS;170000;6;213;379;35,45;30,08;1,82;1,91;1,57;1876;1381;495;3420;2644;776;69
2022;04;TT;TODAS CONSOLIDADAS;03;3 ESTRELLAS;SAN MARTÍN;220000;28;872;1606;26,29;22,26;1,87;1,85;2,33;5730;5438;292;10725;10045;680;255
2022;04;TT;TODAS CONSOLIDADAS;03;3 ESTRELLAS;TACNA;230000;20;611;1282;19,97;13,28;2,04;2,03;2,14;2504;2239;265;5109;4542;567;136
2022;04;TT;TODAS CONSOLIDADAS;05;5 ESTRELLAS;PIURA;200000;1;83;168;61,73;49,74;1,96;1,94;2,05;1276;974;302;2507;1888;619;60
2022;04;TT;TODAS CONSOLIDADAS;12;ALBERGUE;ÁNCASH;020000;8;80;175;10,75;10,78;3,23;3,23;0;175;175;0;566;566;0;16
2022;04;TT;TODAS CONSOLIDADAS;TT;TODAS CONSOLIDADAS;AMAZONAS;010000;398;5137;8306;21,54;17,89;1,16;1,16;1,25;38727;37371;1356;45975;44198;1777;943
2022;04;TT;TODAS CONSOLIDADAS;TT;TODAS CONSOLIDADAS;AYACUCHO;050000;573;6151;9988;17,28;13,94;1,25;1,25;1,22;33555;33054;501;44778;43939;839;778
2022;04;TT;TODAS CONSOLIDADAS;TT;TODAS CONSOLIDADAS;PASCO;190000;380;4741;7901;20,21;16,77;1,24;1,24;1,18;32675;32526;149;42339;41931;408;826
2022;04;TT;TODAS CONSOLIDADAS;TT;TODAS CONSOLIDADAS;UCAYALI;250000;500;6188;9770;25,14;22,53;1,97;1,97;2,02;33439;32479;960;66532;64419;2113;1228
2022;05;00;NO CLASIFICADO;00;NO CATEGORIZADO;AREQUIPA;040000;1119;9996;16865;19,58;18,07;1,5;1,43;1,72;63130;48468;14662;94471;69207;25264;1859
2022;05;00;NO CLASIFICADO;00;NO CATEGORIZADO;AYACUCHO;050000;538;5221;8292;14,56;11,03;1,17;1,17;1,1;24218;24061;157;28365;28192;173;579
2022;05;00;NO CLASIFICADO;00;NO CATEGORIZADO;JUNÍN;120000;1290;13825;22279;19,36;15,46;1,27;1,27;1,52;84215;83651;564;106803;105948;855;2395
2022;05;00;NO CLASIFICADO;00;NO CATEGORIZADO;LIMA;150000;6193;52473;91123;20,74;18,17;1,11;1,1;1,36;2076445;1985292;91153;2307521;2183129;124392;37884
2022;05;00;NO CLASIFICADO;TT;TODAS CONSOLIDADAS;AREQUIPA;040000;1119;9996;16865;19,58;18,07;1,5;1,43;1,72;63130;48468;14662;94471;69207;25264;1859
2022;05;00;NO CLASIFICADO;TT;TODAS CONSOLIDADAS;JUNÍN;120000;1290;13825;22279;19,36;15,46;1,27;1,27;1,52;84215;83651;564;106803;105948;855;2395
2022;05;00;NO CLASIFICADO;TT;TODAS CONSOLIDADAS;LIMA;150000;6193;52473;91123;20,74;18,17;1,11;1,1;1,36;2076445;1985292;91153;2307521;2183129;124392;37884
2022;05;00;NO CLASIFICADO;TT;TODAS CONSOLIDADAS;SAN MARTÍN;220000;753;8571;13288;29,02;23,72;1,3;1,29;1,5;75336;73939;1397;97724;95631;2093;1126
2022;05;01;HOTEL;01;1 ESTRELLA;AREQUIPA;040000;6;210;367;49,91;29,12;1,76;1,68;2,41;1884;1691;193;3313;2848;465;34
2022;05;01;HOTEL;01;1 ESTRELLA;AYACUCHO;050000;7;226;388;8,72;8,01;1,59;1,6;1;605;603;2;964;962;2;26
2022;05;01;HOTEL;01;1 ESTRELLA;JUNÍN;120000;6;246;511;21,07;14,59;1,5;1,5;0;1538;1538;0;2311;2311;0;28
2022;05;01;HOTEL;01;1 ESTRELLA;LIMA;150000;10;375;641;44,62;43,61;1,05;1,05;1;7760;7707;53;8157;8103;53;53
2022;05;01;HOTEL;01;1 ESTRELLA;MADRE DE DIOS;170000;5;133;234;32,91;26,5;1;1;1;1913;1850;63;1922;1859;63;22
2022;05;01;HOTEL;02;2 ESTRELLAS;AREQUIPA;040000;40;1136;2000;18,71;15,76;1,38;1,37;1,68;7060;6696;364;9774;9163;611;181
2022;05;01;HOTEL;02;2 ESTRELLAS;CALLAO;070000;1;40;67;8,15;7,32;1,14;1,17;1,13;133;47;86;152;55;97;3
2022;05;00;NO CLASIFICADO;00;NO CATEGORIZADO;AMAZONAS;010000;266;2579;4190;21,8;17,68;1,12;1,12;1,22;20426;19778;648;22968;22180;788;473
2022;05;01;HOTEL;01;1 ESTRELLA;AMAZONAS;010000;1;20;42;16,77;7,99;2,97;2,97;0;35;35;0;104;104;0;6
2022;05;00;NO CLASIFICADO;00;NO CATEGORIZADO;ÁNCASH;020000;599;5633;9775;14,9;12,6;1,22;1,17;1,72;31198;28020;3178;38187;32719;5468;980
2022;05;01;HOTEL;01;1 ESTRELLA;ÁNCASH;020000;14;421;664;24,2;21,69;1,12;1,12;0;3998;3998;0;4465;4465;0;59
2022;05;01;HOTEL;02;2 ESTRELLAS;ÁNCASH;020000;50;1318;2440;24,66;16,52;1,33;1,33;1,39;9379;9235;144;12499;12299;200;210
2022;05;00;NO CLASIFICADO;00;NO CATEGORIZADO;APURÍMAC;030000;475;4362;6696;15,16;11,44;1,12;1,12;1,28;21172;20890;282;23740;23380;360;463
2022;05;00;NO CLASIFICADO;TT;TODAS CONSOLIDADAS;APURÍMAC;030000;475;4362;6696;15,16;11,44;1,12;1,12;1,28;21172;20890;282;23740;23380;360;463
2022;05;01;HOTEL;01;1 ESTRELLA;APURÍMAC;030000;2;79;112;21,48;16,3;1,05;1,05;0;538;538;0;566;566;0;10
2022;05;01;HOTEL;02;2 ESTRELLAS;APURÍMAC;030000;4;175;295;14,89;14,01;1,1;1,1;1;1162;1157;5;1281;1276;5;15
2022;05;00;NO CLASIFICADO;00;NO CATEGORIZADO;CAJAMARCA;060000;626;6163;9578;14,94;12,69;1,15;1,14;1,2;32908;32747;161;37685;37492;193;1096
2022;05;01;HOTEL;01;1 ESTRELLA;CAJAMARCA;060000;6;170;278;12,64;9,27;1,13;1,13;0;704;704;0;799;799;0;27
2022;05;01;HOTEL;02;2 ESTRELLAS;CAJAMARCA;060000;39;1079;1618;19,08;13,9;1,24;1,24;1,13;5607;5552;55;6971;6909;62;176
2022;05;00;NO CLASIFICADO;00;NO CATEGORIZADO;CALLAO;070000;256;3630;6734;32,3;29,7;1,01;1,01;1,22;108568;107324;1244;109729;108205;1524;953
2022;05;01;HOTEL;01;1 ESTRELLA;CALLAO;070000;1;34;68;4,93;4,93;1,04;1,04;1;100;98;2;104;102;2;2
2022;05;00;NO CLASIFICADO;00;NO CATEGORIZADO;CUSCO;080000;1820;17911;32225;25,25;23,28;1,68;1,39;1,95;138341;67304;71037;232521;93827;138694;3449
2022;05;00;NO CLASIFICADO;TT;TODAS CONSOLIDADAS;CUSCO;080000;1820;17911;32225;25,25;23,28;1,68;1,39;1,95;138341;67304;71037;232521;93827;138694;3449
2022;05;01;HOTEL;01;1 ESTRELLA;CUSCO;080000;5;140;236;13,71;11,63;1,05;1,05;0;814;814;0;851;851;0;19
2022;05;00;NO CLASIFICADO;00;NO CATEGORIZADO;HUANCAVELICA;090000;191;2250;3477;18,62;15,07;1,09;1,09;1,14;14937;14916;21;16241;16217;24;281
2022;05;00;NO CLASIFICADO;TT;TODAS CONSOLIDADAS;HUANCAVELICA;090000;191;2250;3477;18,62;15,07;1,09;1,09;1,14;14937;14916;21;16241;16217;24;281
2022;05;00;NO CLASIFICADO;00;NO CATEGORIZADO;HUÁNUCO;100000;470;5218;7720;18;15,09;1,15;1,15;1,03;31502;31326;176;36107;35926;181;678
2022;05;00;NO CLASIFICADO;00;NO CATEGORIZADO;ICA;110000;735;8101;13827;22,6;16,85;1,33;1,35;1,27;54328;41711;12617;72235;56208;16027;1460
2022;05;00;NO CLASIFICADO;TT;TODAS CONSOLIDADAS;ICA;110000;735;8101;13827;22,6;16,85;1,33;1,35;1,27;54328;41711;12617;72235;56208;16027;1460
2022;05;01;HOTEL;01;1 ESTRELLA;ICA;110000;4;82;108;0;0;0;0;0;0;0;0;0;0;0;0
2022;05;00;NO CLASIFICADO;00;NO CATEGORIZADO;LA LIBERTAD;130000;835;6744;11300;25,52;18,77;1,27;1,14;2,6;51588;46740;4848;65751;53123;12628;698
2022;05;01;HOTEL;01;1 ESTRELLA;LA LIBERTAD;130000;5;116;201;15,02;10,35;1;1;1;645;617;28;645;617;28;19
2022;05;00;NO CLASIFICADO;00;NO CATEGORIZADO;LAMBAYEQUE;140000;379;3909;5636;18,76;14,68;1,05;1,05;1;24407;23805;602;25657;25053;604;539
2022;05;01;HOTEL;01;1 ESTRELLA;LAMBAYEQUE;140000;2;63;70;2,3;1,84;1;1;0;40;40;0;40;40;0;11
2022;05;00;NO CLASIFICADO;00;NO CATEGORIZADO;LORETO;160000;720;6544;10258;17,39;16,94;1,75;1,69;1,9;30721;21592;9129;53884;36497;17387;722
2022;05;00;NO CLASIFICADO;TT;TODAS CONSOLIDADAS;LORETO;160000;720;6544;10258;17,39;16,94;1,75;1,69;1,9;30721;21592;9129;53884;36497;17387;722
2022;05;00;NO CLASIFICADO;00;NO CATEGORIZADO;MADRE DE DIOS;170000;311;4295;7165;23,6;19,97;1,27;1,18;1,77;35023;29950;5073;44359;35362;8997;727
2022;05;00;NO CLASIFICADO;TT;TODAS CONSOLIDADAS;MADRE DE DIOS;170000;311;4295;7165;23,6;19,97;1,27;1,18;1,77;35023;29950;5073;44359;35362;8997;727
2022;05;00;NO CLASIFICADO;00;NO CATEGORIZADO;MOQUEGUA;180000;188;1779;3027;13,05;8,56;1,14;1,14;1,07;7040;6983;57;8031;7970;61;220
2022;05;00;NO CLASIFICADO;TT;TODAS CONSOLIDADAS;MOQUEGUA;180000;188;1779;3027;13,05;8,56;1,14;1,14;1,07;7040;6983;57;8031;7970;61;220
2022;05;01;HOTEL;01;1 ESTRELLA;MOQUEGUA;180000;1;21;42;3,84;2,76;1,44;1,44;0;25;25;0;36;36;0;4
2022;05;00;NO CLASIFICADO;00;NO CATEGORIZADO;PASCO;190000;317;3491;5456;19,15;15,71;1,21;1,21;1,06;21883;21832;51;26570;26516;54;613
2022;05;00;NO CLASIFICADO;TT;TODAS CONSOLIDADAS;PASCO;190000;317;3491;5456;19,15;15,71;1,21;1,21;1,06;21883;21832;51;26570;26516;54;613
2022;05;01;HOTEL;01;1 ESTRELLA;PASCO;190000;6;168;270;22,83;27,17;1,74;1,74;0;1306;1306;0;2274;2274;0;31
2022;05;00;NO CLASIFICADO;00;NO CATEGORIZADO;PIURA;200000;1013;10420;18975;28,88;22,13;1,56;1,5;1,95;83524;72099;11425;130187;107934;22253;2055
2022;05;00;NO CLASIFICADO;TT;TODAS CONSOLIDADAS;PIURA;200000;1013;10420;18975;28,88;22,13;1,56;1,5;1,95;83524;72099;11425;130187;107934;22253;2055
2022;05;01;HOTEL;01;1 ESTRELLA;PIURA;200000;2;40;77;5;14,58;1,1;1,1;0;315;315;0;348;348;0;6
2022;05;00;NO CLASIFICADO;00;NO CATEGORIZADO;PUNO;210000;700;6753;11521;22,28;18,93;1,13;1,13;1,13;59680;56047;3633;67598;63481;4117;1218
2022;05;00;NO CLASIFICADO;TT;TODAS CONSOLIDADAS;PUNO;210000;700;6753;11521;22,28;18,93;1,13;1,13;1,13;59680;56047;3633;67598;63481;4117;1218
2022;05;00;NO CLASIFICADO;00;NO CATEGORIZADO;SAN MARTÍN;220000;753;8571;13288;29,02;23,72;1,3;1,29;1,5;75336;73939;1397;97724;95631;2093;1126
2022;05;01;HOTEL;01;1 ESTRELLA;SAN MARTÍN;220000;6;126;195;37,3;37,77;1,21;1,21;1,13;1884;1876;8;2283;2274;9;24
2022;05;00;NO CLASIFICADO;00;NO CATEGORIZADO;TACNA;230000;403;3825;6924;9,47;7,43;1,14;1,12;1,25;13973;12080;1893;15945;13584;2361;469
2022;05;01;HOTEL;01;1 ESTRELLA;TACNA;230000;2;57;112;5,04;3,17;1,57;1,57;0;70;70;0;110;110;0;5
2022;05;00;NO CLASIFICADO;00;NO CATEGORIZADO;TUMBES;240000;216;2234;4335;10,13;7,45;1,78;1,79;1,76;5608;4897;711;10008;8754;1254;374
2022;05;00;NO CLASIFICADO;TT;TODAS CONSOLIDADAS;TUMBES;240000;216;2234;4335;10,13;7,45;1,78;1,79;1,76;5608;4897;711;10008;8754;1254;374
2022;05;00;NO CLASIFICADO;00;NO CATEGORIZADO;UCAYALI;250000;467;4975;7665;26,65;23,85;2,02;2,02;1,78;28102;27491;611;56662;55576;1086;898
2022;05;00;NO CLASIFICADO;TT;TODAS CONSOLIDADAS;UCAYALI;250000;467;4975;7665;26,65;23,85;2,02;2,02;1,78;28102;27491;611;56662;55576;1086;898
2022;05;00;NO CLASIFICADO;TT;TODAS CONSOLIDADAS;AMAZONAS;010000;266;2579;4190;21,8;17,68;1,12;1,12;1,22;20426;19778;648;22968;22180;788;473
2022;05;01;HOTEL;02;2 ESTRELLAS;AMAZONAS;010000;30;809;1256;18,41;16,61;1,24;1,24;1,34;5215;5147;68;6466;6375;91;124
2022;05;00;NO CLASIFICADO;TT;TODAS CONSOLIDADAS;ÁNCASH;020000;599;5633;9775;14,9;12,6;1,22;1,17;1,72;31198;28020;3178;38187;32719;5468;980
2022;05;00;NO CLASIFICADO;TT;TODAS CONSOLIDADAS;AYACUCHO;050000;538;5221;8292;14,56;11,03;1,17;1,17;1,1;24218;24061;157;28365;28192;173;579
2022;05;01;HOTEL;02;2 ESTRELLAS;AYACUCHO;050000;9;265;483;26,61;24,25;2;2;1,74;1820;1758;62;3631;3523;108;39
2022;05;00;NO CLASIFICADO;TT;TODAS CONSOLIDADAS;CAJAMARCA;060000;626;6163;9578;14,94;12,69;1,15;1,14;1,2;32908;32747;161;37685;37492;193;1096
2022;05;00;NO CLASIFICADO;TT;TODAS CONSOLIDADAS;CALLAO;070000;256;3630;6734;32,3;29,7;1,01;1,01;1,22;108568;107324;1244;109729;108205;1524;953
2022;05;00;NO CLASIFICADO;TT;TODAS CONSOLIDADAS;HUÁNUCO;100000;470;5218;7720;18;15,09;1,15;1,15;1,03;31502;31326;176;36107;35926;181;678
2022;05;01;HOTEL;01;1 ESTRELLA;HUÁNUCO;100000;9;272;405;42,08;39,12;1;1;1;4911;4896;15;4911;4896;15;48
2022;05;00;NO CLASIFICADO;TT;TODAS CONSOLIDADAS;LA LIBERTAD;130000;835;6744;11300;25,52;18,77;1,27;1,14;2,6;51588;46740;4848;65751;53123;12628;698
2022;05;00;NO CLASIFICADO;TT;TODAS CONSOLIDADAS;LAMBAYEQUE;140000;379;3909;5636;18,76;14,68;1,05;1,05;1;24407;23805;602;25657;25053;604;539
2022;05;00;NO CLASIFICADO;TT;TODAS CONSOLIDADAS;TACNA;230000;403;3825;6924;9,47;7,43;1,14;1,12;1,25;13973;12080;1893;15945;13584;2361;469
2022;05;01;HOTEL;01;1 ESTRELLA;PUNO;210000;5;128;230;35,08;19,33;1,92;1,92;0;718;718;0;1378;1378;0;19
2022;05;01;HOTEL;02;2 ESTRELLAS;HUANCAVELICA;090000;2;46;85;42,08;28,77;2,24;2,23;2,35;339;322;17;758;718;40;9
2022;05;01;HOTEL;02;2 ESTRELLAS;HUÁNUCO;100000;40;1248;1949;27,5;22,26;1,19;1,19;1,2;11297;11292;5;13451;13445;6;198
2022;05;01;HOTEL;02;2 ESTRELLAS;ICA;110000;49;1374;2403;24,66;16,1;1,5;1,51;1,18;8006;7769;237;11992;11713;279;217
2022;05;01;HOTEL;02;2 ESTRELLAS;JUNÍN;120000;27;836;1471;23,44;16,82;1,31;1,3;1,88;5869;5765;104;7669;7473;196;120
2022;05;01;HOTEL;02;2 ESTRELLAS;LAMBAYEQUE;140000;72;2018;3042;19,3;15,76;1,13;1,12;1,49;13169;13050;119;14858;14681;177;319
2022;05;01;HOTEL;02;2 ESTRELLAS;LIMA;150000;125;5275;9326;41,98;37,57;1,25;1,23;1,68;100977;97377;3600;125900;119845;6056;949
2022;05;01;HOTEL;02;2 ESTRELLAS;LORETO;160000;14;341;550;25,27;18,23;1,61;1,61;1,64;1928;1494;434;3109;2398;711;61
2022;05;01;HOTEL;02;2 ESTRELLAS;MADRE DE DIOS;170000;8;232;413;29,91;20,86;1,25;1,25;1,21;2135;2072;63;2671;2595;76;37
2022;05;01;HOTEL;02;2 ESTRELLAS;MOQUEGUA;180000;17;443;757;34,35;20,63;3,89;3,94;1,52;1243;1220;23;4841;4806;35;79
2022;05;01;HOTEL;02;2 ESTRELLAS;PASCO;190000;5;171;320;53,2;55,97;1,57;1,57;0;3541;3541;0;5552;5552;0;28
2022;05;01;HOTEL;02;2 ESTRELLAS;PIURA;200000;20;479;788;30,35;24,64;1,81;1,78;2,49;3322;3182;140;6019;5670;349;104
2022;05;01;HOTEL;02;2 ESTRELLAS;PUNO;210000;20;479;847;12,92;9,59;1,15;1,14;1,51;2186;2109;77;2519;2403;116;73
2022;05;01;HOTEL;02;2 ESTRELLAS;SAN MARTÍN;220000;30;835;1406;35,42;26,59;1,96;1,95;2,38;5922;5859;63;11590;11440;150;180
2022;05;01;HOTEL;02;2 ESTRELLAS;TACNA;230000;33;928;1894;19,97;15,68;1,76;1,77;1,74;5221;3879;1342;9205;6869;2336;169
2022;05;01;HOTEL;02;2 ESTRELLAS;TUMBES;240000;8;258;538;69,82;37,31;15,64;15,64;0;398;398;0;6223;6223;0;49
2022;05;01;HOTEL;03;3 ESTRELLAS;AMAZONAS;010000;18;421;722;23,46;18,68;1,6;1,58;1,72;2610;2114;496;4182;3331;851;114
2022;05;01;HOTEL;03;3 ESTRELLAS;ÁNCASH;020000;40;1284;2308;27,8;19,68;1,53;1,58;1,34;9199;7434;1765;14080;11711;2369;285
2022;05;01;HOTEL;03;3 ESTRELLAS;APURÍMAC;030000;3;96;164;35,28;22,8;1,57;1,6;1,22;736;691;45;1159;1104;55;18
2022;05;01;HOTEL;03;3 ESTRELLAS;AREQUIPA;040000;64;1908;3503;26,11;23,29;1,77;1,9;1,56;14315;8616;5699;25286;16399;8887;493
2022;05;01;HOTEL;03;3 ESTRELLAS;AYACUCHO;050000;9;302;575;19,33;17,77;2,18;2,23;1,65;1454;1317;137;3167;2941;226;89
2022;05;01;HOTEL;03;3 ESTRELLAS;CAJAMARCA;060000;65;2042;3357;23,02;17,88;1,54;1,54;1,57;12064;11787;277;18602;18166;436;441
2022;05;01;HOTEL;03;3 ESTRELLAS;CALLAO;070000;4;233;392;35,41;30,68;1,47;1,48;1,43;2542;1953;589;3728;2887;841;54
2022;05;01;HOTEL;03;3 ESTRELLAS;CUSCO;080000;86;3163;6235;38,26;33,57;1,76;1,99;1,7;36945;7337;29608;64892;14573;50319;956
2022;05;01;HOTEL;03;3 ESTRELLAS;HUANCAVELICA;090000;2;65;108;9,98;6,54;1,43;1,43;1;153;152;1;219;218;1;20
2022;05;01;HOTEL;03;3 ESTRELLAS;HUÁNUCO;100000;13;504;944;26,59;20,61;1,48;1,47;1,7;4081;3876;205;6032;5683;349;105
2022;05;01;HOTEL;03;3 ESTRELLAS;JUNÍN;120000;18;709;1339;23,37;16,5;1,6;1,59;1,98;4281;4155;126;6851;6602;249;155
2022;05;01;HOTEL;03;3 ESTRELLAS;LA LIBERTAD;130000;85;2565;4774;25,29;19,32;1,48;1,44;1,99;19292;17952;1340;28590;25923;2667;601
2022;05;01;HOTEL;03;3 ESTRELLAS;LAMBAYEQUE;140000;38;1276;2133;22,81;18,97;1,38;1,38;1,44;9063;8648;415;12542;11945;597;253
2022;05;01;HOTEL;03;3 ESTRELLAS;LIMA;150000;160;8044;15415;38,28;32;1,66;1,45;2,13;92189;63690;28499;152937;92124;60813;1820
2022;05;01;HOTEL;03;3 ESTRELLAS;LORETO;160000;21;641;1102;33,79;28,6;2,06;2,16;1,7;4736;3727;1009;9772;8054;1718;164
2022;05;01;HOTEL;03;3 ESTRELLAS;MADRE DE DIOS;170000;5;196;361;33,84;28,74;1,71;1,78;1,51;1878;1428;450;3216;2535;681;70
2022;05;01;HOTEL;03;3 ESTRELLAS;MOQUEGUA;180000;9;292;533;16,87;13,4;1,57;1,57;1,63;1410;1359;51;2214;2131;83;62
2022;05;01;HOTEL;03;3 ESTRELLAS;PASCO;190000;4;114;217;56,11;40,14;1,4;1,4;1,84;1926;1901;25;2700;2654;46;17
2022;05;01;HOTEL;03;3 ESTRELLAS;PIURA;200000;15;582;974;29,05;24,74;2;1,93;2,56;3744;3332;412;7470;6416;1054;190
2022;05;01;HOTEL;03;3 ESTRELLAS;PUNO;210000;26;877;1697;30,52;26,37;1,59;1,83;1,48;8715;2802;5913;13874;5132;8742;174
2022;05;01;HOTEL;03;3 ESTRELLAS;SAN MARTÍN;220000;23;784;1390;22,88;19,59;1,77;1,77;1,82;4758;4633;125;8442;8215;227;223
2022;05;01;HOTEL;03;3 ESTRELLAS;TACNA;230000;14;515;1084;25,94;18,75;1,83;1,88;1,76;3439;2086;1353;6300;3924;2376;125
2022;05;01;HOTEL;03;3 ESTRELLAS;TUMBES;240000;9;282;585;32,56;35,01;3,1;3,08;3,22;2051;1885;166;6349;5814;535;121
2022;05;01;HOTEL;04;4 ESTRELLAS;AREQUIPA;040000;10;454;911;40,73;36,42;1,93;2,15;1,72;5325;2582;2743;10286;5564;4722;146
2022;05;01;HOTEL;04;4 ESTRELLAS;CAJAMARCA;060000;4;214;355;43,17;43,48;2,07;1,99;2,85;2312;2092;220;4785;4157;628;125
2022;05;01;HOTEL;04;4 ESTRELLAS;HUÁNUCO;100000;1;61;104;46,32;33,75;1,81;1,82;1,52;601;578;23;1088;1053;35;23
2022;05;01;HOTEL;04;4 ESTRELLAS;ICA;110000;7;744;1550;28,76;32,68;1,9;2,02;1,48;8259;6462;1797;15703;13039;2664;363
2022;05;01;HOTEL;04;4 ESTRELLAS;JUNÍN;120000;1;40;66;49,44;36,27;1,37;1,36;2,6;540;535;5;742;729;13;21
2022;05;01;HOTEL;04;4 ESTRELLAS;LAMBAYEQUE;140000;5;352;638;56,03;46,14;1,61;1,58;1,91;5654;4997;657;9125;7873;1252;249
2022;05;01;HOTEL;04;4 ESTRELLAS;LIMA;150000;43;4260;7482;34,7;30,84;1,95;1,51;2,41;36741;18856;17885;71531;28494;43037;1684
2022;05;01;HOTEL;04;4 ESTRELLAS;LORETO;160000;2;90;150;40,86;33,01;2,66;2,59;3,13;578;507;71;1535;1313;222;27
2022;05;01;HOTEL;04;4 ESTRELLAS;MOQUEGUA;180000;2;123;232;73,64;66,13;14,77;15,74;7,27;322;285;37;4756;4487;269;45
2022;05;01;HOTEL;04;4 ESTRELLAS;PIURA;200000;3;299;552;48,15;35,57;2,23;2,12;2,65;2735;2206;529;6087;4686;1401;49
2022;05;01;HOTEL;04;4 ESTRELLAS;PUNO;210000;7;447;842;31,54;28,55;1,7;1,65;1,71;4391;937;3454;7453;1544;5909;128
2022;05;01;HOTEL;04;4 ESTRELLAS;TACNA;230000;1;150;300;27,35;22,9;1,76;1,84;1,66;1212;632;580;2130;1165;965;32
2022;05;01;HOTEL;04;4 ESTRELLAS;TUMBES;240000;5;265;523;42,59;41,18;2,29;2,39;1,78;2913;2439;474;6677;5831;846;120
2022;05;01;HOTEL;05;5 ESTRELLAS;AREQUIPA;040000;3;241;352;52,5;56,06;1,98;1,94;2,03;3088;1747;1341;6117;3393;2724;162
2022;05;01;HOTEL;05;5 ESTRELLAS;CUSCO;080000;15;1288;2527;64,08;61,61;1,8;2,08;1,75;26789;4225;22564;48262;8771;39491;1005
2022;05;01;HOTEL;05;5 ESTRELLAS;ICA;110000;3;345;796;50;40,7;1,85;1,95;1,59;5427;3902;1525;10044;7618;2426;332
2022;05;01;HOTEL;05;5 ESTRELLAS;LA LIBERTAD;130000;2;267;450;36,33;32,02;1,73;1,65;2,13;2582;2133;449;4467;3511;956;173
2022;05;01;HOTEL;05;5 ESTRELLAS;LIMA;150000;24;4197;7678;43,81;33,74;2,39;1,85;2,67;33604;11401;22203;80315;21058;59257;2586
2022;05;01;HOTEL;05;5 ESTRELLAS;LORETO;160000;1;60;91;78,06;86,46;1,96;2,23;1,65;1242;669;573;2439;1495;944;54
2022;05;01;HOTEL;05;5 ESTRELLAS;PIURA;200000;1;83;168;67,63;49,54;2,09;1,94;2,5;1236;911;325;2580;1768;812;60
2022;05;01;HOTEL;05;5 ESTRELLAS;PUNO;210000;1;123;231;49,86;48,08;1,19;1,13;1,25;2897;1503;1394;3443;1695;1748;45
2022;05;01;HOTEL;05;5 ESTRELLAS;SAN MARTÍN;220000;1;50;108;43,48;52,06;1,93;1,92;2,23;905;874;31;1743;1674;69;63
2022;05;01;HOTEL;05;5 ESTRELLAS;UCAYALI;250000;2;162;300;42,07;29,02;2,53;2,53;2,59;1065;932;133;2699;2355;344;64
2022;05;01;HOTEL;TT;TODAS CONSOLIDADAS;AMAZONAS;010000;49;1250;2020;20,08;17,17;1,37;1,34;1,67;7860;7296;564;10752;9810;942;244
2022;05;01;HOTEL;TT;TODAS CONSOLIDADAS;ÁNCASH;020000;104;3023;5412;25,93;18,5;1,38;1,38;1,35;22576;20667;1909;31044;28475;2569;554
2022;05;01;HOTEL;TT;TODAS CONSOLIDADAS;APURÍMAC;030000;9;350;571;21,97;16,98;1,23;1,23;1,2;2436;2386;50;3006;2946;60;43
2022;05;01;HOTEL;TT;TODAS CONSOLIDADAS;AREQUIPA;040000;123;3949;7133;28,54;24,77;1,73;1,75;1,68;31672;21332;10340;54776;37367;17409;1016
2022;05;01;HOTEL;TT;TODAS CONSOLIDADAS;AYACUCHO;050000;25;793;1446;18,74;17,32;2;2,02;1,67;3879;3678;201;7762;7426;336;154
2022;05;01;HOTEL;TT;TODAS CONSOLIDADAS;CAJAMARCA;060000;114;3505;5608;22,53;17,92;1,51;1,49;2,04;20687;20135;552;31157;30031;1126;769
2022;05;01;HOTEL;TT;TODAS CONSOLIDADAS;CUSCO;080000;165;6762;13136;43,83;40,32;1,82;1,89;1,81;90014;18819;71195;164179;35517;128662;2837
2022;05;01;HOTEL;TT;TODAS CONSOLIDADAS;HUANCAVELICA;090000;4;111;193;23,28;16,33;1,99;1,97;2,28;492;474;18;977;936;41;29
2022;05;01;HOTEL;TT;TODAS CONSOLIDADAS;HUÁNUCO;100000;63;2085;3402;29,73;24,16;1,22;1,21;1,63;20890;20642;248;25482;25077;405;374
2022;05;01;HOTEL;TT;TODAS CONSOLIDADAS;ICA;110000;113;4369;8559;31,44;27,33;1,66;1,71;1,46;43780;34320;9460;72521;58690;13831;1367
2022;05;01;HOTEL;TT;TODAS CONSOLIDADAS;JUNÍN;120000;52;1831;3387;23,66;16,74;1,44;1,43;1,95;12228;11993;235;17573;17115;458;324
2022;05;01;HOTEL;TT;TODAS CONSOLIDADAS;LA LIBERTAD;130000;115;3626;6614;27,65;21,81;1,53;1,48;2,09;29195;26644;2551;44716;39394;5322;966
2022;05;01;HOTEL;TT;TODAS CONSOLIDADAS;LAMBAYEQUE;140000;117;3709;5883;23,71;20,05;1,31;1,29;1,7;27926;26735;1191;36565;34539;2026;832
2022;05;01;HOTEL;TT;TODAS CONSOLIDADAS;LIMA;150000;362;22151;40542;39,2;32,93;1,73;1,42;2,36;265744;176317;89427;460937;249678;211259;8306
2022;05;01;HOTEL;TT;TODAS CONSOLIDADAS;LORETO;160000;38;1132;1893;34,13;28,72;1,99;2,07;1,72;8484;6397;2087;16855;13260;3595;306
2022;05;01;HOTEL;TT;TODAS CONSOLIDADAS;MADRE DE DIOS;170000;18;561;1008;31,99;24,99;1,32;1,31;1,42;5926;5350;576;7809;6989;820;129
2022;05;01;HOTEL;TT;TODAS CONSOLIDADAS;MOQUEGUA;180000;29;879;1564;33,31;24,43;3,95;3,97;3,49;3000;2889;111;11847;11460;387;190
2022;05;01;HOTEL;TT;TODAS CONSOLIDADAS;PASCO;190000;15;453;807;42,67;42,08;1,55;1,55;1,84;6773;6748;25;10526;10480;46;76
2022;05;01;HOTEL;TT;TODAS CONSOLIDADAS;PIURA;200000;41;1483;2559;34,83;28,37;1,98;1,9;2,57;11352;9946;1406;22504;18888;3616;409
2022;05;01;HOTEL;TT;TODAS CONSOLIDADAS;PUNO;210000;59;2054;3847;28,08;24,04;1,52;1,51;1,52;18907;8069;10838;28667;12152;16515;439
2022;05;01;HOTEL;TT;TODAS CONSOLIDADAS;SAN MARTÍN;220000;60;1795;3099;30,3;25,04;1,79;1,78;2;13469;13242;227;24058;23603;455;490
2022;05;01;HOTEL;TT;TODAS CONSOLIDADAS;TACNA;230000;50;1650;3390;21,99;16,89;1,78;1,81;1,73;9942;6667;3275;17745;12068;5677;331
2022;05;01;HOTEL;TT;TODAS CONSOLIDADAS;TUMBES;240000;22;805;1646;47,8;37,72;3,59;3,78;2,16;5362;4722;640;19249;17868;1381;290
2022;05;02;APART HOTEL;03;3 ESTRELLAS;ÁNCASH;020000;2;16;44;11,29;11,07;1,48;1,48;0;102;102;0;151;151;0;4
2022;05;02;APART HOTEL;03;3 ESTRELLAS;AREQUIPA;040000;1;18;36;1,08;1,08;2;2;0;6;6;0;12;12;0;2
2022;05;02;APART HOTEL;03;3 ESTRELLAS;CAJAMARCA;060000;2;13;24;0;0;0;0;0;0;0;0;0;0;0;0
2022;05;02;APART HOTEL;03;3 ESTRELLAS;ICA;110000;1;10;20;3,87;3,87;2;2;0;12;12;0;24;24;0;5
2022;05;02;APART HOTEL;03;3 ESTRELLAS;LA LIBERTAD;130000;1;11;24;0;0;0;0;0;0;0;0;0;0;0;0
2022;05;02;APART HOTEL;03;3 ESTRELLAS;LIMA;150000;8;192;361;57,26;44,29;3,03;2,84;3,18;1634;717;917;4956;2036;2920;53
2022;05;02;APART HOTEL;03;3 ESTRELLAS;LORETO;160000;1;45;94;0;0;0;0;0;0;0;0;0;0;0;0
2022;05;02;APART HOTEL;03;3 ESTRELLAS;MOQUEGUA;180000;1;8;14;4,44;4,84;1,75;1,2;2,14;12;5;7;21;6;15;3
2022;05;02;APART HOTEL;03;3 ESTRELLAS;PASCO;190000;1;10;15;30,97;21,94;1,42;1,42;1,43;72;65;7;102;92;10;4
2022;05;02;APART HOTEL;03;3 ESTRELLAS;TUMBES;240000;2;18;50;43,01;25,61;3,23;3,24;3;123;119;4;397;385;12;15
2022;05;02;APART HOTEL;04;4 ESTRELLAS;AREQUIPA;040000;1;19;32;13,07;23,08;2,29;2,54;1,98;100;56;44;229;142;87;6
2022;05;02;APART HOTEL;04;4 ESTRELLAS;LIMA;150000;8;610;1234;70,47;53,79;2,36;1,98;3,72;8704;6794;1910;20575;13465;7110;411
2022;05;02;APART HOTEL;04;4 ESTRELLAS;LORETO;160000;1;13;23;77,42;44,46;1,31;1,39;1,26;242;92;150;317;128;189;6
2022;05;02;APART HOTEL;04;4 ESTRELLAS;SAN MARTÍN;220000;1;24;49;54,17;48,85;1,94;1,95;1,88;383;318;65;742;620;122;17
2022;05;02;APART HOTEL;TT;TODAS CONSOLIDADAS;ÁNCASH;020000;2;16;44;11,29;11,07;1,48;1,48;0;102;102;0;151;151;0;4
2022;05;02;APART HOTEL;TT;TODAS CONSOLIDADAS;APURÍMAC;030000;1;21;30;66,36;63,87;1,99;2,03;1,61;299;268;31;594;544;50;8
2022;05;02;APART HOTEL;TT;TODAS CONSOLIDADAS;AREQUIPA;040000;2;37;68;7,24;11,43;2,27;2,48;1,98;106;62;44;241;154;87;8
2022;05;02;APART HOTEL;TT;TODAS CONSOLIDADAS;CAJAMARCA;060000;2;13;24;0;0;0;0;0;0;0;0;0;0;0;0
2022;05;02;APART HOTEL;TT;TODAS CONSOLIDADAS;LA LIBERTAD;130000;1;11;24;0;0;0;0;0;0;0;0;0;0;0;0
2022;05;02;APART HOTEL;TT;TODAS CONSOLIDADAS;LIMA;150000;22;1201;2268;56,08;44,26;2,58;2,07;3,65;12082;8228;3854;31120;17052;14068;629
2022;05;02;APART HOTEL;TT;TODAS CONSOLIDADAS;LORETO;160000;2;58;117;17,35;8,74;1,31;1,39;1,26;242;92;150;317;128;189;6
2022;05;02;APART HOTEL;TT;TODAS CONSOLIDADAS;MOQUEGUA;180000;1;8;14;4,44;4,84;1,75;1,2;2,14;12;5;7;21;6;15;3
2022;05;02;APART HOTEL;TT;TODAS CONSOLIDADAS;PASCO;190000;1;10;15;30,97;21,94;1,42;1,42;1,43;72;65;7;102;92;10;4
2022;05;02;APART HOTEL;TT;TODAS CONSOLIDADAS;SAN MARTÍN;220000;1;24;49;54,17;48,85;1,94;1,95;1,88;383;318;65;742;620;122;17
2022;05;02;APART HOTEL;TT;TODAS CONSOLIDADAS;TUMBES;240000;2;18;50;43,01;25,61;3,23;3,24;3;123;119;4;397;385;12;15
2022;05;03;HOSTAL;01;1 ESTRELLA;AMAZONAS;010000;17;258;390;37,47;37,01;1,3;1,31;1,09;3433;3399;34;4475;4438;37;40
2022;05;03;HOSTAL;01;1 ESTRELLA;ÁNCASH;020000;39;538;883;27,01;24,94;1,07;1,07;1;6386;6371;15;6828;6813;15;89
2022;05;03;HOSTAL;01;1 ESTRELLA;APURÍMAC;030000;1;10;20;0;0;0;0;0;0;0;0;0;0;0;0
2022;05;01;HOTEL;02;2 ESTRELLAS;CUSCO;080000;46;1213;2274;21,84;19,05;1,66;1,48;1,82;8070;3678;4392;13431;5427;8004;342
2022;05;01;HOTEL;04;4 ESTRELLAS;CUSCO;080000;13;958;1864;67,27;63,59;2,11;2,13;2,11;17396;2765;14631;36743;5895;30848;515
2022;05;01;HOTEL;02;2 ESTRELLAS;LA LIBERTAD;130000;20;472;863;26,09;22,45;1,5;1,45;2,29;3998;3732;266;6006;5396;610;94
2022;05;01;HOTEL;04;4 ESTRELLAS;LA LIBERTAD;130000;3;206;326;56,36;49,55;1,87;1,79;2,27;2678;2210;468;5008;3947;1061;79
2022;05;01;HOTEL;02;2 ESTRELLAS;UCAYALI;250000;2;58;93;15,74;11,34;2,95;2,96;2,33;111;108;3;327;320;7;11
2022;05;01;HOTEL;03;3 ESTRELLAS;UCAYALI;250000;15;537;887;31,28;26,11;1,93;1,91;2,17;3724;3453;271;7179;6591;588;125
2022;05;01;HOTEL;04;4 ESTRELLAS;UCAYALI;250000;5;289;515;39,79;33,77;2,25;2,24;2,33;2393;2026;367;5392;4537;855;85
2022;05;01;HOTEL;03;3 ESTRELLAS;ICA;110000;50;1824;3702;35,55;30,31;1,57;1,63;1,43;22088;16187;5901;34782;26320;8462;455
2022;05;01;HOTEL;04;4 ESTRELLAS;CALLAO;070000;2;385;627;99,67;86,09;1,41;1,2;1,44;11908;1799;10109;16733;2153;14580;107
2022;05;01;HOTEL;TT;TODAS CONSOLIDADAS;CALLAO;070000;8;692;1154;68,09;57,91;1,41;1,33;1,44;14683;3897;10786;20717;5197;15520;166
2022;05;01;HOTEL;TT;TODAS CONSOLIDADAS;UCAYALI;250000;24;1046;1795;34,44;28,03;2,14;2,12;2,32;7293;6519;774;15597;13803;1794;285
2022;05;02;APART HOTEL;03;3 ESTRELLAS;APURÍMAC;030000;1;21;30;66,36;63,87;1,99;2,03;1,61;299;268;31;594;544;50;8
2022;05;02;APART HOTEL;05;5 ESTRELLAS;LIMA;150000;6;399;673;33,52;26,79;3,2;2,16;3,93;1744;717;1027;5589;1551;4038;165
2022;05;02;APART HOTEL;TT;TODAS CONSOLIDADAS;ICA;110000;1;10;20;3,87;3,87;2;2;0;12;12;0;24;24;0;5
2022;05;03;HOSTAL;01;1 ESTRELLA;AREQUIPA;040000;51;768;1175;22,32;18,39;1,12;1,12;1,12;5963;5946;17;6698;6679;19;123
2022;05;03;HOSTAL;01;1 ESTRELLA;AYACUCHO;050000;4;91;149;13,33;14,57;1,76;1,76;0;382;382;0;673;673;0;14
2022;05;03;HOSTAL;01;1 ESTRELLA;CAJAMARCA;060000;23;393;604;10,28;7,85;1,29;1,29;1;1141;1122;19;1469;1450;19;68
2022;05;03;HOSTAL;01;1 ESTRELLA;CALLAO;070000;12;230;450;44,15;40,28;1,06;1,06;1,02;5489;5143;347;5793;5439;355;48
2022;05;03;HOSTAL;01;1 ESTRELLA;CUSCO;080000;23;400;656;23,78;19,24;1,04;1,04;1,17;3752;3722;30;3912;3877;35;52
2022;05;03;HOSTAL;01;1 ESTRELLA;HUANCAVELICA;090000;2;29;45;39,49;26,24;1,02;1,02;1;360;357;3;366;363;3;5
2022;05;03;HOSTAL;01;1 ESTRELLA;HUÁNUCO;100000;16;236;352;52,57;59,42;1,2;1,2;1,27;5409;5240;169;6484;6269;215;46
2022;05;03;HOSTAL;01;1 ESTRELLA;ICA;110000;11;155;224;36,5;35,08;1;1;0;2436;2436;0;2436;2436;0;27
2022;05;03;HOSTAL;01;1 ESTRELLA;JUNÍN;120000;12;170;288;26,6;16,87;1,22;1,22;1,11;1235;1226;9;1506;1496;10;31
2022;05;03;HOSTAL;01;1 ESTRELLA;LA LIBERTAD;130000;31;439;770;39,82;25,35;2,26;2,27;1,82;2672;2644;28;6052;6001;51;75
2022;05;03;HOSTAL;01;1 ESTRELLA;LAMBAYEQUE;140000;17;217;282;22,64;20,54;1,33;1,33;1,18;1350;1339;11;1796;1783;13;39
2022;05;03;HOSTAL;01;1 ESTRELLA;LIMA;150000;86;1756;3115;39,28;31,34;1,08;1,08;1,29;36094;35634;460;38977;38382;595;393
2022;05;03;HOSTAL;01;1 ESTRELLA;LORETO;160000;5;75;102;24,6;19,54;1,79;1,8;1,59;345;328;17;618;591;27;16
2022;05;03;HOSTAL;01;1 ESTRELLA;MADRE DE DIOS;170000;1;35;68;16,59;14,23;2;2;0;150;150;0;300;300;0;4
2022;05;03;HOSTAL;01;1 ESTRELLA;MOQUEGUA;180000;14;204;359;9,82;6,51;1,16;1,16;1;625;617;8;725;717;8;34
2022;05;03;HOSTAL;01;1 ESTRELLA;PASCO;190000;19;345;508;31,54;18,19;1,03;1,03;1;2786;2785;1;2865;2864;1;50
2022;05;03;HOSTAL;01;1 ESTRELLA;PIURA;200000;2;36;51;25,18;16,13;1,78;1,79;1,5;143;139;4;255;249;6;8
2022;05;03;HOSTAL;01;1 ESTRELLA;PUNO;210000;26;395;649;23,97;18,99;1,06;1,07;1;3610;3188;422;3821;3397;424;58
2022;05;03;HOSTAL;01;1 ESTRELLA;SAN MARTÍN;220000;1;20;34;20,48;14,52;1,34;1,34;0;114;114;0;153;153;0;8
2022;05;03;HOSTAL;01;1 ESTRELLA;TACNA;230000;9;170;301;9,49;8,51;1;1;1;794;781;13;794;781;13;24
2022;05;03;HOSTAL;02;2 ESTRELLAS;AMAZONAS;010000;53;944;1474;24,84;19,85;1,1;1,08;1,8;8269;8024;245;9068;8626;442;152
2022;05;03;HOSTAL;02;2 ESTRELLAS;ÁNCASH;020000;129;2095;3590;34,8;32,28;1,06;1,06;1,07;33927;33752;175;35922;35734;188;361
2022;05;03;HOSTAL;02;2 ESTRELLAS;APURÍMAC;030000;5;127;199;30,71;26,03;1,13;1,13;1;1416;1412;4;1606;1602;4;20
2022;05;03;HOSTAL;02;2 ESTRELLAS;AREQUIPA;040000;121;1910;3459;30,46;26,74;1,28;1,26;1,51;22465;20853;1612;28670;26237;2433;339
2022;05;03;HOSTAL;02;2 ESTRELLAS;AYACUCHO;050000;5;62;102;5,36;3,86;1,18;1,16;1,2;103;44;59;122;51;71;13
2022;05;03;HOSTAL;02;2 ESTRELLAS;CAJAMARCA;060000;114;2100;3325;17,6;14,51;1,25;1,25;1,04;11986;11851;135;14957;14816;141;329
2022;05;03;HOSTAL;02;2 ESTRELLAS;CALLAO;070000;6;184;354;58,05;58,94;1,01;1,01;1;6422;6405;17;6468;6451;17;29
2022;05;03;HOSTAL;02;2 ESTRELLAS;CUSCO;080000;55;924;1710;21,7;19,76;1,36;1,34;1,39;7683;3523;4160;10473;4710;5763;165
2022;05;03;HOSTAL;02;2 ESTRELLAS;HUANCAVELICA;090000;1;39;71;9,51;7,72;1,36;1,36;0;125;125;0;170;170;0;4
2022;05;03;HOSTAL;02;2 ESTRELLAS;HUÁNUCO;100000;23;298;499;25,64;21,26;1,02;1,02;1;3210;3207;3;3288;3285;3;61
2022;05;03;HOSTAL;02;2 ESTRELLAS;ICA;110000;65;917;1525;23,43;21,12;1,32;1,33;1,11;7556;7119;437;9984;9500;484;153
2022;05;03;HOSTAL;02;2 ESTRELLAS;LA LIBERTAD;130000;137;2303;4116;26,45;26,43;1,26;1,26;1,13;26814;26624;190;33720;33506;214;399
2022;05;03;HOSTAL;02;2 ESTRELLAS;LAMBAYEQUE;140000;158;2328;3296;22,36;17,7;1,1;1,1;1,09;16397;16196;201;18081;17862;219;425
2022;05;03;HOSTAL;02;2 ESTRELLAS;LIMA;150000;139;3202;5840;29,57;27,64;1,28;1,18;2,01;53601;47418;6184;68343;55893;12450;766
2022;05;03;HOSTAL;02;2 ESTRELLAS;LORETO;160000;5;72;112;10,53;18,72;2,22;2,21;2,26;293;236;57;650;521;129;14
2022;05;03;HOSTAL;02;2 ESTRELLAS;MADRE DE DIOS;170000;5;130;195;44,96;33,98;1,38;1,38;1,39;1490;1408;82;2054;1940;114;23
2022;05;03;HOSTAL;02;2 ESTRELLAS;MOQUEGUA;180000;62;869;1412;18,69;15,25;1,32;1,33;1,03;5055;4981;74;6676;6600;76;159
2022;05;03;HOSTAL;02;2 ESTRELLAS;PASCO;190000;15;259;487;27,82;20,59;1,27;1,27;1,33;2440;2437;3;3109;3105;4;42
2022;05;03;HOSTAL;02;2 ESTRELLAS;PIURA;200000;27;543;888;29,56;25,65;1,69;1,65;2,02;4184;3724;460;7061;6134;927;109
2022;05;03;HOSTAL;02;2 ESTRELLAS;PUNO;210000;42;654;1209;23,2;16,97;1,7;1,79;1,18;3745;3172;573;6360;5685;675;106
2022;05;03;HOSTAL;02;2 ESTRELLAS;SAN MARTÍN;220000;22;319;518;27,28;24,64;1,63;1,6;2,38;2435;2355;80;3957;3767;190;68
2022;05;03;HOSTAL;02;2 ESTRELLAS;TACNA;230000;23;403;766;27,46;21,48;1,2;1,18;1,29;4253;3346;907;5101;3932;1169;76
2022;05;03;HOSTAL;02;2 ESTRELLAS;TUMBES;240000;5;66;131;9,38;8,08;1,62;1,62;0;202;202;0;328;328;0;22
2022;05;03;HOSTAL;02;2 ESTRELLAS;UCAYALI;250000;2;71;136;24,94;13,52;1,64;1,65;1;348;340;8;570;562;8;15
2022;05;03;HOSTAL;03;3 ESTRELLAS;AMAZONAS;010000;10;151;295;41,64;27,69;1,29;1,27;1,61;1970;1868;102;2532;2368;164;30
2022;05;03;HOSTAL;03;3 ESTRELLAS;ÁNCASH;020000;19;279;546;39,46;26,82;2,6;2,46;3,07;1743;1318;425;4540;3236;1304;63
2022;05;03;HOSTAL;03;3 ESTRELLAS;APURÍMAC;030000;1;24;43;40,86;22,81;1,81;1,81;0;168;168;0;304;304;0;7
2022;05;03;HOSTAL;03;3 ESTRELLAS;AREQUIPA;040000;40;670;1241;26,37;23,23;1,84;1,77;2;4843;3285;1558;8935;5823;3112;175
2022;05;03;HOSTAL;03;3 ESTRELLAS;AYACUCHO;050000;2;38;77;42,02;32,93;2,18;2,14;2,5;360;316;44;786;676;110;19
2022;05;03;HOSTAL;03;3 ESTRELLAS;CAJAMARCA;060000;52;814;1340;26,63;18,37;1,51;1,51;1,68;5047;5006;41;7632;7563;69;183
2022;05;03;HOSTAL;03;3 ESTRELLAS;CUSCO;080000;21;363;704;22,01;18,01;1,76;1,61;1,91;2239;1137;1102;3931;1831;2100;67
2022;05;03;HOSTAL;03;3 ESTRELLAS;HUÁNUCO;100000;2;45;63;0;0;0;0;0;0;0;0;0;0;0;0
2022;05;03;HOSTAL;03;3 ESTRELLAS;ICA;110000;31;548;1035;41,46;27,32;1,25;1,25;1,22;7040;6257;783;8766;7814;952;110
2022;05;03;HOSTAL;03;3 ESTRELLAS;LA LIBERTAD;130000;56;925;1788;36,8;33,42;1,1;1,1;1,23;16845;16593;252;18526;18217;309;172
2022;05;03;HOSTAL;03;3 ESTRELLAS;LAMBAYEQUE;140000;23;328;502;29,27;23,81;1,29;1,28;1,65;2866;2746;120;3706;3508;198;76
2022;05;03;HOSTAL;03;3 ESTRELLAS;LIMA;150000;17;345;678;20,58;17,57;1,14;1,14;1,13;3252;2950;302;3693;3352;341;69
2022;05;03;HOSTAL;03;3 ESTRELLAS;LORETO;160000;8;134;230;32,19;21,36;2,16;2,16;2,09;706;673;33;1523;1454;69;48
2022;05;03;HOSTAL;03;3 ESTRELLAS;MADRE DE DIOS;170000;1;22;29;25,07;44,72;2,28;2,29;1,5;176;174;2;402;399;3;4
2022;05;03;HOSTAL;03;3 ESTRELLAS;MOQUEGUA;180000;3;45;74;0;0;0;0;0;0;0;0;0;0;0;0
2022;05;03;HOSTAL;03;3 ESTRELLAS;PASCO;190000;1;9;18;40,86;23,3;1,13;1,12;1,4;115;110;5;130;123;7;3
2022;05;03;HOSTAL;03;3 ESTRELLAS;PIURA;200000;3;68;152;7,83;8,81;2,21;2,04;2,72;188;141;47;415;287;128;34
2022;05;03;HOSTAL;03;3 ESTRELLAS;PUNO;210000;6;137;234;20,13;13,07;1,04;1,04;1,31;909;893;16;948;927;21;29
2022;05;03;HOSTAL;03;3 ESTRELLAS;SAN MARTÍN;220000;6;112;245;34,85;30,45;2,3;2,24;3,5;1004;950;54;2313;2124;189;36
2022;05;03;HOSTAL;03;3 ESTRELLAS;TACNA;230000;6;110;230;25,81;16,27;2,76;2,57;3,12;421;276;145;1160;708;452;19
2022;05;03;HOSTAL;03;3 ESTRELLAS;TUMBES;240000;5;83;174;16,56;10,85;1,14;1,14;1,15;512;473;39;585;540;45;15
2022;05;03;HOSTAL;03;3 ESTRELLAS;UCAYALI;250000;2;45;71;7,17;7,04;1,19;1,19;0;130;130;0;155;155;0;6
2022;05;03;HOSTAL;TT;TODAS CONSOLIDADAS;AMAZONAS;010000;80;1353;2159;29,13;24,02;1,18;1,16;1,69;13672;13291;381;16075;15432;643;222
2022;05;03;HOSTAL;TT;TODAS CONSOLIDADAS;ÁNCASH;020000;187;2912;5019;33,81;30,39;1,12;1,1;2,45;42056;41441;615;47290;45783;1507;513
2022;05;03;HOSTAL;TT;TODAS CONSOLIDADAS;APURÍMAC;030000;7;161;262;30,31;23,52;1,21;1,21;1;1584;1580;4;1910;1906;4;27
2022;05;03;HOSTAL;TT;TODAS CONSOLIDADAS;AYACUCHO;050000;11;191;328;16,45;15,55;1,87;1,89;1,76;845;742;103;1581;1400;181;46
2022;05;03;HOSTAL;TT;TODAS CONSOLIDADAS;CAJAMARCA;060000;189;3307;5269;18,95;14,73;1,32;1,33;1,17;18174;17979;195;24058;23829;229;580
2022;05;03;HOSTAL;TT;TODAS CONSOLIDADAS;CALLAO;070000;18;414;804;51,25;49,69;1,03;1,03;1,02;12647;12314;332;12976;12636;340;78
2022;05;03;HOSTAL;TT;TODAS CONSOLIDADAS;CUSCO;080000;99;1687;3070;22,26;19,25;1,34;1,24;1,49;13674;8382;5292;18316;10418;7898;284
2022;05;03;HOSTAL;TT;TODAS CONSOLIDADAS;HUANCAVELICA;090000;3;68;116;22,3;14,91;1,11;1,11;1;485;482;3;536;533;3;9
2022;05;03;HOSTAL;TT;TODAS CONSOLIDADAS;HUÁNUCO;100000;41;579;914;34,63;34,49;1,13;1,13;1,27;8619;8447;172;9772;9554;218;107
2022;05;03;HOSTAL;TT;TODAS CONSOLIDADAS;ICA;110000;107;1620;2784;30,78;24,55;1,24;1,25;1,18;17032;15812;1220;21186;19750;1436;290
2022;05;03;HOSTAL;TT;TODAS CONSOLIDADAS;JUNÍN;120000;40;641;1203;27,23;23,23;1,27;1,27;1,32;6827;6805;22;8665;8636;29;149
2022;05;03;HOSTAL;TT;TODAS CONSOLIDADAS;LA LIBERTAD;130000;224;3667;6674;30,66;28,18;1,26;1,26;1,22;46331;45861;470;58298;57724;574;646
2022;05;03;HOSTAL;TT;TODAS CONSOLIDADAS;LAMBAYEQUE;140000;198;2873;4080;23,17;18,65;1,14;1,14;1,3;20613;20281;332;23583;23153;430;540
2022;05;03;HOSTAL;TT;TODAS CONSOLIDADAS;LIMA;150000;242;5303;9633;30,92;26,9;1,19;1,14;1,84;85401;78892;6509;101543;89556;11987;1188
2022;05;03;HOSTAL;TT;TODAS CONSOLIDADAS;LORETO;160000;18;281;444;24,61;20,28;2,08;2,07;2,1;1344;1237;107;2791;2566;225;78
2022;05;03;HOSTAL;TT;TODAS CONSOLIDADAS;MADRE DE DIOS;170000;7;187;292;37,31;30,45;1,52;1,52;1,39;1816;1732;84;2756;2639;117;31
2022;05;03;HOSTAL;TT;TODAS CONSOLIDADAS;MOQUEGUA;180000;79;1118;1845;16,32;12,94;1,3;1,31;1,02;5680;5598;82;7401;7317;84;193
2022;05;03;HOSTAL;TT;TODAS CONSOLIDADAS;PASCO;190000;35;613;1013;30,11;19,44;1,14;1,14;1,33;5341;5332;9;6104;6092;12;95
2022;05;03;HOSTAL;TT;TODAS CONSOLIDADAS;PIURA;200000;32;647;1091;27,03;22,86;1,71;1,67;2,08;4515;4004;511;7731;6670;1061;151
2022;05;03;HOSTAL;TT;TODAS CONSOLIDADAS;PUNO;210000;74;1186;2092;23,1;17,16;1,35;1,38;1,11;8264;7253;1011;11129;10009;1120;193
2022;05;03;HOSTAL;TT;TODAS CONSOLIDADAS;SAN MARTÍN;220000;29;451;797;28,86;26;1,81;1,77;2,83;3553;3419;134;6423;6044;379;112
2022;05;03;HOSTAL;TT;TODAS CONSOLIDADAS;TACNA;230000;38;683;1297;22,72;17,55;1,29;1,23;1,53;5468;4403;1065;7055;5421;1634;119
2022;05;03;HOSTAL;TT;TODAS CONSOLIDADAS;TUMBES;240000;10;149;305;13,38;9,66;1,28;1,29;1,15;714;675;39;913;868;45;37
2022;05;03;HOSTAL;TT;TODAS CONSOLIDADAS;UCAYALI;250000;4;116;207;18,05;11,3;1,52;1,53;1;478;470;8;725;717;8;21
2022;05;05;ALBERGUE;12;ALBERGUE;AMAZONAS;010000;1;6;11;0;0;0;0;0;0;0;0;0;0;0;0
2022;05;05;ALBERGUE;12;ALBERGUE;ÁNCASH;020000;8;76;172;3,23;3,04;3,95;3,95;0;41;41;0;162;162;0;16
2022;05;05;ALBERGUE;12;ALBERGUE;AREQUIPA;040000;5;107;254;39,43;32,18;1,48;1,42;1,51;1715;670;1045;2534;951;1583;110
2022;05;03;HOSTAL;02;2 ESTRELLAS;JUNÍN;120000;25;411;801;26,03;24,37;1,23;1,23;1,6;4905;4895;10;6052;6036;16;83
2022;05;03;HOSTAL;03;3 ESTRELLAS;JUNÍN;120000;3;60;114;37,2;31,32;1,61;1,61;1;687;684;3;1107;1104;3;35
2022;05;03;HOSTAL;TT;TODAS CONSOLIDADAS;AREQUIPA;040000;212;3348;5875;27,77;24,33;1,33;1,29;1,75;33271;30084;3187;44303;38739;5564;637
2022;05;05;ALBERGUE;12;ALBERGUE;CAJAMARCA;060000;1;11;22;0;0;0;0;0;0;0;0;0;0;0;0
2022;05;05;ALBERGUE;12;ALBERGUE;CUSCO;080000;14;197;649;66,87;57,88;1,62;1,51;1,62;7203;173;7030;11645;262;11383;124
2022;05;05;ALBERGUE;12;ALBERGUE;ICA;110000;1;10;30;14,84;11,94;1,59;1,59;0;70;70;0;111;111;0;4
2022;05;05;ALBERGUE;12;ALBERGUE;JUNÍN;120000;1;32;104;32,66;29,87;2,14;2,17;1,38;449;433;16;963;941;22;19
2022;05;05;ALBERGUE;12;ALBERGUE;LIMA;150000;8;128;346;21,55;22,55;1,36;1,25;1,39;1781;372;1409;2419;465;1954;44
2022;05;05;ALBERGUE;12;ALBERGUE;MADRE DE DIOS;170000;10;270;536;26,52;27,68;2,62;3,02;2,57;1757;173;1584;4600;522;4078;170
2022;05;05;ALBERGUE;12;ALBERGUE;PASCO;190000;14;225;672;18,22;12,89;1,63;1,6;2,89;1644;1600;44;2686;2559;127;45
2022;05;05;ALBERGUE;12;ALBERGUE;PUNO;210000;1;13;35;0;0;0;0;0;0;0;0;0;0;0;0
2022;05;05;ALBERGUE;12;ALBERGUE;SAN MARTÍN;220000;9;185;365;19,27;23,11;2,45;2,56;1,9;1067;885;182;2615;2270;345;57
2022;05;05;ALBERGUE;12;ALBERGUE;UCAYALI;250000;2;27;70;37,51;35,12;3,1;3,17;2,64;246;213;33;762;675;87;15
2022;05;05;ALBERGUE;TT;TODAS CONSOLIDADAS;AMAZONAS;010000;1;6;11;0;0;0;0;0;0;0;0;0;0;0;0
2022;05;05;ALBERGUE;TT;TODAS CONSOLIDADAS;ÁNCASH;020000;8;76;172;3,23;3,04;3,95;3,95;0;41;41;0;162;162;0;16
2022;05;05;ALBERGUE;TT;TODAS CONSOLIDADAS;AREQUIPA;040000;5;107;254;39,43;32,18;1,48;1,42;1,51;1715;670;1045;2534;951;1583;110
2022;05;05;ALBERGUE;TT;TODAS CONSOLIDADAS;CAJAMARCA;060000;1;11;22;0;0;0;0;0;0;0;0;0;0;0;0
2022;05;05;ALBERGUE;TT;TODAS CONSOLIDADAS;CUSCO;080000;14;197;649;66,87;57,88;1,62;1,51;1,62;7203;173;7030;11645;262;11383;124
2022;05;05;ALBERGUE;TT;TODAS CONSOLIDADAS;ICA;110000;1;10;30;14,84;11,94;1,59;1,59;0;70;70;0;111;111;0;4
2022;05;05;ALBERGUE;TT;TODAS CONSOLIDADAS;JUNÍN;120000;1;32;104;32,66;29,87;2,14;2,17;1,38;449;433;16;963;941;22;19
2022;05;05;ALBERGUE;TT;TODAS CONSOLIDADAS;LIMA;150000;8;128;346;21,55;22,55;1,36;1,25;1,39;1781;372;1409;2419;465;1954;44
2022;05;05;ALBERGUE;TT;TODAS CONSOLIDADAS;LORETO;160000;54;683;1478;24,37;22,28;2,22;1,8;2,52;4606;1970;2636;10206;3552;6654;203
2022;05;05;ALBERGUE;TT;TODAS CONSOLIDADAS;MADRE DE DIOS;170000;10;270;536;26,52;27,68;2,62;3,02;2,57;1757;173;1584;4600;522;4078;170
2022;05;05;ALBERGUE;TT;TODAS CONSOLIDADAS;PASCO;190000;14;225;672;18,22;12,89;1,63;1,6;2,89;1644;1600;44;2686;2559;127;45
2022;05;05;ALBERGUE;TT;TODAS CONSOLIDADAS;PUNO;210000;1;13;35;0;0;0;0;0;0;0;0;0;0;0;0
2022;05;05;ALBERGUE;TT;TODAS CONSOLIDADAS;SAN MARTÍN;220000;9;185;365;19,27;23,11;2,45;2,56;1,9;1067;885;182;2615;2270;345;57
2022;05;05;ALBERGUE;TT;TODAS CONSOLIDADAS;UCAYALI;250000;2;27;70;37,51;35,12;3,1;3,17;2,64;246;213;33;762;675;87;15
2022;05;14;RESORT;03;3 ESTRELLAS;ICA;110000;1;51;86;0;0;0;0;0;0;0;0;0;0;0;0
2022;05;14;RESORT;03;3 ESTRELLAS;TUMBES;240000;1;31;60;0;0;0;0;0;0;0;0;0;0;0;0
2022;05;14;RESORT;04;4 ESTRELLAS;TUMBES;240000;1;402;1101;63,63;58,06;2,63;2,66;2,4;7526;6763;763;19817;17982;1835;431
2022;05;14;RESORT;05;5 ESTRELLAS;ICA;110000;1;115;250;41,68;48,36;1,76;1,8;1,57;2135;1721;414;3748;3100;648;90
2022;05;14;RESORT;TT;TODAS CONSOLIDADAS;ICA;110000;2;166;336;28,88;35,98;1,76;1,8;1,57;2135;1721;414;3748;3100;648;90
2022;05;14;RESORT;TT;TODAS CONSOLIDADAS;TUMBES;240000;2;433;1161;59,08;55,06;2,63;2,66;2,4;7526;6763;763;19817;17982;1835;431
2022;05;16;ECOLODGE;13;ECOLODGE;AREQUIPA;040000;1;23;51;13,32;16,64;1,7;2,13;1,55;155;39;116;263;83;180;8
2022;05;16;ECOLODGE;13;ECOLODGE;SAN MARTÍN;220000;1;12;24;0;0;0;0;0;0;0;0;0;0;0;0
2022;05;16;ECOLODGE;TT;TODAS CONSOLIDADAS;AREQUIPA;040000;1;23;51;13,32;16,64;1,7;2,13;1,55;155;39;116;263;83;180;8
2022;05;16;ECOLODGE;TT;TODAS CONSOLIDADAS;SAN MARTÍN;220000;1;12;24;0;0;0;0;0;0;0;0;0;0;0;0
2022;05;TT;TODAS CONSOLIDADAS;00;NO CATEGORIZADO;AMAZONAS;010000;266;2579;4190;21,8;17,68;1,12;1,12;1,22;20426;19778;648;22968;22180;788;473
2022;05;TT;TODAS CONSOLIDADAS;00;NO CATEGORIZADO;ÁNCASH;020000;599;5633;9775;14,9;12,6;1,22;1,17;1,72;31198;28020;3178;38187;32719;5468;980
2022;05;TT;TODAS CONSOLIDADAS;00;NO CATEGORIZADO;APURÍMAC;030000;475;4362;6696;15,16;11,44;1,12;1,12;1,28;21172;20890;282;23740;23380;360;463
2022;05;TT;TODAS CONSOLIDADAS;00;NO CATEGORIZADO;AREQUIPA;040000;1119;9996;16865;19,58;18,07;1,5;1,43;1,72;63130;48468;14662;94471;69207;25264;1859
2022;05;TT;TODAS CONSOLIDADAS;00;NO CATEGORIZADO;AYACUCHO;050000;538;5221;8292;14,56;11,03;1,17;1,17;1,1;24218;24061;157;28365;28192;173;579
2022;05;TT;TODAS CONSOLIDADAS;00;NO CATEGORIZADO;CAJAMARCA;060000;626;6163;9578;14,94;12,69;1,15;1,14;1,2;32908;32747;161;37685;37492;193;1096
2022;05;TT;TODAS CONSOLIDADAS;00;NO CATEGORIZADO;CALLAO;070000;256;3630;6734;32,3;29,7;1,01;1,01;1,22;108568;107324;1244;109729;108205;1524;953
2022;05;TT;TODAS CONSOLIDADAS;00;NO CATEGORIZADO;CUSCO;080000;1820;17911;32225;25,25;23,28;1,68;1,39;1,95;138341;67304;71037;232521;93827;138694;3449
2022;05;TT;TODAS CONSOLIDADAS;00;NO CATEGORIZADO;HUANCAVELICA;090000;191;2250;3477;18,62;15,07;1,09;1,09;1,14;14937;14916;21;16241;16217;24;281
2022;05;TT;TODAS CONSOLIDADAS;00;NO CATEGORIZADO;HUÁNUCO;100000;470;5218;7720;18;15,09;1,15;1,15;1,03;31502;31326;176;36107;35926;181;678
2022;05;TT;TODAS CONSOLIDADAS;00;NO CATEGORIZADO;ICA;110000;735;8101;13827;22,6;16,85;1,33;1,35;1,27;54328;41711;12617;72235;56208;16027;1460
2022;05;TT;TODAS CONSOLIDADAS;00;NO CATEGORIZADO;LA LIBERTAD;130000;835;6744;11300;25,52;18,77;1,27;1,14;2,6;51588;46740;4848;65751;53123;12628;698
2022;05;TT;TODAS CONSOLIDADAS;00;NO CATEGORIZADO;LAMBAYEQUE;140000;379;3909;5636;18,76;14,68;1,05;1,05;1;24407;23805;602;25657;25053;604;539
2022;05;TT;TODAS CONSOLIDADAS;00;NO CATEGORIZADO;LORETO;160000;720;6544;10258;17,39;16,94;1,75;1,69;1,9;30721;21592;9129;53884;36497;17387;722
2022;05;TT;TODAS CONSOLIDADAS;00;NO CATEGORIZADO;MADRE DE DIOS;170000;311;4295;7165;23,6;19,97;1,27;1,18;1,77;35023;29950;5073;44359;35362;8997;727
2022;05;TT;TODAS CONSOLIDADAS;00;NO CATEGORIZADO;MOQUEGUA;180000;188;1779;3027;13,05;8,56;1,14;1,14;1,07;7040;6983;57;8031;7970;61;220
2022;05;TT;TODAS CONSOLIDADAS;00;NO CATEGORIZADO;PASCO;190000;317;3491;5456;19,15;15,71;1,21;1,21;1,06;21883;21832;51;26570;26516;54;613
2022;05;TT;TODAS CONSOLIDADAS;00;NO CATEGORIZADO;PIURA;200000;1013;10420;18975;28,88;22,13;1,56;1,5;1,95;83524;72099;11425;130187;107934;22253;2055
2022;05;TT;TODAS CONSOLIDADAS;00;NO CATEGORIZADO;PUNO;210000;700;6753;11521;22,28;18,93;1,13;1,13;1,13;59680;56047;3633;67598;63481;4117;1218
2022;05;TT;TODAS CONSOLIDADAS;00;NO CATEGORIZADO;SAN MARTÍN;220000;753;8571;13288;29,02;23,72;1,3;1,29;1,5;75336;73939;1397;97724;95631;2093;1126
2022;05;TT;TODAS CONSOLIDADAS;00;NO CATEGORIZADO;TACNA;230000;403;3825;6924;9,47;7,43;1,14;1,12;1,25;13973;12080;1893;15945;13584;2361;469
2022;05;TT;TODAS CONSOLIDADAS;00;NO CATEGORIZADO;TUMBES;240000;216;2234;4335;10,13;7,45;1,78;1,79;1,76;5608;4897;711;10008;8754;1254;374
2022;05;TT;TODAS CONSOLIDADAS;00;NO CATEGORIZADO;UCAYALI;250000;467;4975;7665;26,65;23,85;2,02;2,02;1,78;28102;27491;611;56662;55576;1086;898
2022;05;TT;TODAS CONSOLIDADAS;01;1 ESTRELLA;AMAZONAS;010000;18;278;432;35,98;34,19;1,32;1,32;1,09;3468;3434;34;4579;4542;37;46
2022;05;TT;TODAS CONSOLIDADAS;01;1 ESTRELLA;ÁNCASH;020000;53;959;1547;25,78;23,55;1,09;1,09;1;10384;10369;15;11293;11278;15;148
2022;05;TT;TODAS CONSOLIDADAS;01;1 ESTRELLA;APURÍMAC;030000;3;89;132;19,06;13,83;1,05;1,05;0;538;538;0;566;566;0;10
2022;05;TT;TODAS CONSOLIDADAS;01;1 ESTRELLA;AREQUIPA;040000;57;978;1542;28,24;20,94;1,28;1,25;2,3;7847;7637;210;10011;9527;484;157
2022;05;TT;TODAS CONSOLIDADAS;01;1 ESTRELLA;AYACUCHO;050000;11;317;537;10,04;9,83;1,66;1,66;1;987;985;2;1637;1635;2;40
2022;05;TT;TODAS CONSOLIDADAS;01;1 ESTRELLA;CAJAMARCA;060000;29;563;882;10,99;8,29;1,23;1,23;1;1845;1826;19;2268;2249;19;95
2022;05;TT;TODAS CONSOLIDADAS;01;1 ESTRELLA;CALLAO;070000;13;264;518;37,8;34,5;1,06;1,06;1,02;5482;5142;341;5784;5435;348;49
2022;05;TT;TODAS CONSOLIDADAS;01;1 ESTRELLA;CUSCO;080000;28;540;892;21,17;17,22;1,04;1,04;1,17;4566;4536;30;4763;4728;35;71
2022;05;TT;TODAS CONSOLIDADAS;01;1 ESTRELLA;HUANCAVELICA;090000;2;29;45;39,49;26,24;1,02;1,02;1;360;357;3;366;363;3;5
2022;05;TT;TODAS CONSOLIDADAS;01;1 ESTRELLA;HUÁNUCO;100000;25;508;757;46,95;48,56;1,1;1,1;1,25;10320;10136;184;11395;11165;230;94
2022;05;TT;TODAS CONSOLIDADAS;01;1 ESTRELLA;ICA;110000;15;237;332;23,87;23,67;1;1;0;2436;2436;0;2436;2436;0;27
2022;05;TT;TODAS CONSOLIDADAS;01;1 ESTRELLA;JUNÍN;120000;18;416;799;23,33;15,41;1,38;1,38;1,11;2773;2764;9;3817;3807;10;59
2022;05;TT;TODAS CONSOLIDADAS;01;1 ESTRELLA;LA LIBERTAD;130000;36;555;971;34,64;22,25;2,02;2,03;1,41;3317;3261;56;6697;6618;79;94
2022;05;TT;TODAS CONSOLIDADAS;01;1 ESTRELLA;LAMBAYEQUE;140000;19;280;352;18,06;16,83;1,32;1,32;1,18;1390;1379;11;1836;1823;13;50
2022;05;TT;TODAS CONSOLIDADAS;01;1 ESTRELLA;LIMA;150000;96;2131;3756;40,05;33,11;1,07;1,07;1,26;44238;43724;513;47524;46878;646;447
2022;05;TT;TODAS CONSOLIDADAS;01;1 ESTRELLA;LORETO;160000;5;75;102;24,6;19,54;1,79;1,8;1,59;345;328;17;618;591;27;16
2022;05;TT;TODAS CONSOLIDADAS;01;1 ESTRELLA;MADRE DE DIOS;170000;6;168;302;29,51;23,73;1,08;1,08;1;2063;2000;63;2222;2159;63;26
2022;05;TT;TODAS CONSOLIDADAS;01;1 ESTRELLA;MOQUEGUA;180000;15;225;401;9,26;6,12;1,17;1,17;1;650;642;8;761;753;8;38
2022;05;TT;TODAS CONSOLIDADAS;01;1 ESTRELLA;PIURA;200000;4;76;128;14,56;15,2;1,32;1,31;1,5;458;454;4;603;597;6;14
2022;05;TT;TODAS CONSOLIDADAS;01;1 ESTRELLA;PUNO;210000;31;523;879;26,69;19,08;1,2;1,22;1;4328;3906;422;5199;4775;424;77
2022;05;TT;TODAS CONSOLIDADAS;01;1 ESTRELLA;SAN MARTÍN;220000;7;146;229;35;34,31;1,22;1,22;1,13;1998;1990;8;2436;2427;9;32
2022;05;TT;TODAS CONSOLIDADAS;01;1 ESTRELLA;TACNA;230000;11;227;413;8,37;7,06;1,05;1,05;1;864;851;13;904;891;13;29
2022;05;TT;TODAS CONSOLIDADAS;02;2 ESTRELLAS;AMAZONAS;010000;83;1753;2730;21,87;18,36;1,15;1,14;1,7;13484;13171;313;15534;15001;533;276
2022;05;TT;TODAS CONSOLIDADAS;02;2 ESTRELLAS;ÁNCASH;020000;179;3413;6030;30,88;25,9;1,12;1,12;1,22;43306;42987;319;48421;48033;388;571
2022;05;TT;TODAS CONSOLIDADAS;02;2 ESTRELLAS;APURÍMAC;030000;9;302;494;21,54;18,85;1,12;1,12;1;2578;2569;9;2887;2878;9;35
2022;05;TT;TODAS CONSOLIDADAS;02;2 ESTRELLAS;AREQUIPA;040000;161;3046;5459;26,08;22,72;1,3;1,28;1,54;29525;27549;1976;38444;35400;3044;520
2022;05;TT;TODAS CONSOLIDADAS;02;2 ESTRELLAS;AYACUCHO;050000;14;327;585;22,58;20,69;1,95;1,98;1,48;1923;1802;121;3753;3574;179;52
2022;05;TT;TODAS CONSOLIDADAS;02;2 ESTRELLAS;CAJAMARCA;060000;153;3179;4943;18,1;14,31;1,25;1,25;1,07;17593;17403;190;21928;21725;203;505
2022;05;TT;TODAS CONSOLIDADAS;02;2 ESTRELLAS;CALLAO;070000;7;224;421;49,14;50,72;1,01;1,01;1,11;6555;6452;103;6620;6506;114;32
2022;05;TT;TODAS CONSOLIDADAS;02;2 ESTRELLAS;CUSCO;080000;101;2137;3984;21,78;19,35;1,52;1,41;1,61;15753;7201;8552;23904;10137;13767;507
2022;05;TT;TODAS CONSOLIDADAS;02;2 ESTRELLAS;HUANCAVELICA;090000;3;85;156;27,13;19,19;2;1,99;2,35;464;447;17;928;888;40;13
2022;05;TT;TODAS CONSOLIDADAS;02;2 ESTRELLAS;HUÁNUCO;100000;63;1546;2448;27,14;22,06;1,15;1,15;1,13;14507;14499;8;16739;16730;9;259
2022;05;TT;TODAS CONSOLIDADAS;02;2 ESTRELLAS;ICA;110000;114;2291;3928;24,17;18,05;1,41;1,42;1,13;15562;14888;674;21976;21213;763;370
2022;05;TT;TODAS CONSOLIDADAS;02;2 ESTRELLAS;JUNÍN;120000;52;1247;2272;24,3;19,48;1,27;1,27;1,86;10774;10660;114;13721;13509;212;203
2022;05;TT;TODAS CONSOLIDADAS;02;2 ESTRELLAS;LA LIBERTAD;130000;157;2775;4979;26,39;25,74;1,29;1,28;1,81;30812;30356;456;39726;38902;824;493
2022;05;TT;TODAS CONSOLIDADAS;02;2 ESTRELLAS;LAMBAYEQUE;140000;230;4346;6338;20,94;16,76;1,11;1,11;1,24;29566;29246;320;32939;32543;396;744
2022;05;TT;TODAS CONSOLIDADAS;02;2 ESTRELLAS;LIMA;150000;264;8477;15166;38,15;34,47;1,25;1,22;1,85;167945;158658;9286;210565;193361;17204;1781
2022;05;TT;TODAS CONSOLIDADAS;02;2 ESTRELLAS;LORETO;160000;19;413;662;22,7;18,32;1,69;1,69;1,71;2221;1730;491;3759;2919;840;75
2022;05;05;ALBERGUE;12;ALBERGUE;LORETO;160000;54;683;1478;24,37;22,28;2,22;1,8;2,52;4606;1970;2636;10206;3552;6654;203
2022;05;TT;TODAS CONSOLIDADAS;00;NO CATEGORIZADO;JUNÍN;120000;1290;13825;22279;19,36;15,46;1,27;1,27;1,52;84215;83651;564;106803;105948;855;2395
2022;05;TT;TODAS CONSOLIDADAS;00;NO CATEGORIZADO;LIMA;150000;6193;52473;91123;20,74;18,17;1,11;1,1;1,36;2076445;1985292;91153;2307521;2183129;124392;37884
2022;05;TT;TODAS CONSOLIDADAS;01;1 ESTRELLA;PASCO;190000;25;513;778;28,69;21,31;1,26;1,26;1;4092;4091;1;5139;5138;1;81
2022;05;TT;TODAS CONSOLIDADAS;02;2 ESTRELLAS;MADRE DE DIOS;170000;13;362;608;35,31;25,07;1,3;1,3;1,31;3625;3480;145;4725;4535;190;60
2022;05;TT;TODAS CONSOLIDADAS;02;2 ESTRELLAS;MOQUEGUA;180000;79;1312;2169;23,97;17,13;1,83;1,84;1,14;6298;6201;97;11517;11406;111;238
2022;05;TT;TODAS CONSOLIDADAS;02;2 ESTRELLAS;PASCO;190000;20;430;807;37,91;34,62;1,45;1,45;1,33;5981;5978;3;8661;8657;4;70
2022;05;TT;TODAS CONSOLIDADAS;02;2 ESTRELLAS;SAN MARTÍN;220000;52;1154;1924;33,17;26,07;1,86;1,85;2,38;8357;8214;143;15547;15207;340;248
2022;05;TT;TODAS CONSOLIDADAS;02;2 ESTRELLAS;TACNA;230000;56;1331;2660;22,24;17,35;1,51;1,49;1,56;9474;7225;2249;14306;10801;3505;245
2022;05;TT;TODAS CONSOLIDADAS;02;2 ESTRELLAS;UCAYALI;250000;4;129;229;20,81;12,64;1,95;1,97;1,36;459;448;11;897;882;15;26
2022;05;TT;TODAS CONSOLIDADAS;03;3 ESTRELLAS;AMAZONAS;010000;28;572;1017;28,26;21,3;1,47;1,43;1,7;4580;3982;598;6714;5699;1015;144
2022;05;TT;TODAS CONSOLIDADAS;03;3 ESTRELLAS;ÁNCASH;020000;61;1579;2898;29,69;20,89;1,7;1,71;1,68;11044;8854;2190;18771;15098;3673;352
2022;05;TT;TODAS CONSOLIDADAS;03;3 ESTRELLAS;AREQUIPA;040000;105;2596;4780;26;23,1;1,79;1,87;1,65;19164;11907;7257;34233;22234;11999;670
2022;05;TT;TODAS CONSOLIDADAS;03;3 ESTRELLAS;AYACUCHO;050000;11;340;652;21,87;19,56;2,18;2,21;1,86;1814;1633;181;3953;3617;336;108
2022;05;TT;TODAS CONSOLIDADAS;03;3 ESTRELLAS;CAJAMARCA;060000;119;2869;4721;23,94;17,93;1,53;1,53;1,59;17111;16793;318;26234;25729;505;624
2022;05;TT;TODAS CONSOLIDADAS;03;3 ESTRELLAS;CALLAO;070000;4;233;392;35,41;30,68;1,47;1,48;1,43;2542;1953;589;3728;2887;841;54
2022;05;TT;TODAS CONSOLIDADAS;03;3 ESTRELLAS;CUSCO;080000;107;3526;6939;36,59;31,99;1,76;1,94;1,71;39184;8474;30710;68823;16404;52419;1023
2022;05;TT;TODAS CONSOLIDADAS;03;3 ESTRELLAS;HUANCAVELICA;090000;2;65;108;9,98;6,54;1,43;1,43;1;153;152;1;219;218;1;20
2022;05;TT;TODAS CONSOLIDADAS;03;3 ESTRELLAS;HUÁNUCO;100000;15;549;1007;24,41;19,32;1,48;1,47;1,7;4081;3876;205;6032;5683;349;105
2022;05;TT;TODAS CONSOLIDADAS;03;3 ESTRELLAS;ICA;110000;83;2433;4843;36,01;29,02;1,5;1,52;1,41;29140;22456;6684;43572;34158;9414;570
2022;05;TT;TODAS CONSOLIDADAS;03;3 ESTRELLAS;JUNÍN;120000;21;769;1453;24,45;17,67;1,6;1,59;1,95;4968;4839;129;7958;7706;252;190
2022;05;TT;TODAS CONSOLIDADAS;03;3 ESTRELLAS;LAMBAYEQUE;140000;61;1604;2635;24,13;19,89;1,36;1,36;1,49;11929;11394;535;16248;15453;795;329
2022;05;TT;TODAS CONSOLIDADAS;03;3 ESTRELLAS;LIMA;150000;185;8581;16454;37,99;31,68;1,66;1,45;2,16;97075;67357;29718;161586;97512;64074;1942
2022;05;TT;TODAS CONSOLIDADAS;03;3 ESTRELLAS;LORETO;160000;30;820;1426;31,67;25,55;2,08;2,16;1,71;5442;4400;1042;11295;9508;1787;212
2022;05;TT;TODAS CONSOLIDADAS;03;3 ESTRELLAS;MADRE DE DIOS;170000;6;218;390;32,95;29,93;1,76;1,83;1,51;2054;1602;452;3618;2934;684;74
2022;05;TT;TODAS CONSOLIDADAS;03;3 ESTRELLAS;MOQUEGUA;180000;13;345;621;14,38;11,61;1,57;1,57;1,69;1422;1364;58;2235;2137;98;65
2022;05;TT;TODAS CONSOLIDADAS;03;3 ESTRELLAS;PASCO;190000;6;133;250;53,19;37,83;1,39;1,38;1,7;2113;2076;37;2932;2869;63;24
2022;05;TT;TODAS CONSOLIDADAS;03;3 ESTRELLAS;PIURA;200000;18;650;1126;26,83;22,59;2,01;1,93;2,58;3932;3473;459;7885;6703;1182;224
2022;05;TT;TODAS CONSOLIDADAS;03;3 ESTRELLAS;PUNO;210000;32;1014;1931;29,12;24,76;1,54;1,64;1,48;9624;3695;5929;14822;6059;8763;203
2022;05;TT;TODAS CONSOLIDADAS;03;3 ESTRELLAS;SAN MARTÍN;220000;29;896;1635;24,38;21,22;1,87;1,85;2,32;5762;5583;179;10755;10339;416;259
2022;05;TT;TODAS CONSOLIDADAS;03;3 ESTRELLAS;TACNA;230000;20;625;1314;25,91;18,31;1,93;1,96;1,89;3860;2362;1498;7460;4632;2828;144
2022;05;TT;TODAS CONSOLIDADAS;03;3 ESTRELLAS;TUMBES;240000;17;414;869;27,36;27,21;2,73;2,72;2,83;2686;2477;209;7331;6739;592;151
2022;05;TT;TODAS CONSOLIDADAS;03;3 ESTRELLAS;UCAYALI;250000;17;582;958;29,42;24,7;1,9;1,88;2,17;3854;3583;271;7334;6746;588;131
2022;05;TT;TODAS CONSOLIDADAS;04;4 ESTRELLAS;AREQUIPA;040000;11;473;943;39,62;35,97;1,94;2,16;1,73;5425;2638;2787;10515;5706;4809;152
2022;05;TT;TODAS CONSOLIDADAS;04;4 ESTRELLAS;CAJAMARCA;060000;4;214;355;43,17;43,48;2,07;1,99;2,85;2312;2092;220;4785;4157;628;125
2022;05;TT;TODAS CONSOLIDADAS;04;4 ESTRELLAS;CALLAO;070000;2;385;627;99,67;86,09;1,41;1,2;1,44;11908;1799;10109;16733;2153;14580;107
2022;05;TT;TODAS CONSOLIDADAS;04;4 ESTRELLAS;HUÁNUCO;100000;1;61;104;46,32;33,75;1,81;1,82;1,52;601;578;23;1088;1053;35;23
2022;05;TT;TODAS CONSOLIDADAS;04;4 ESTRELLAS;ICA;110000;7;744;1550;28,76;32,68;1,9;2,02;1,48;8259;6462;1797;15703;13039;2664;363
2022;05;TT;TODAS CONSOLIDADAS;04;4 ESTRELLAS;JUNÍN;120000;1;40;66;49,44;36,27;1,37;1,36;2,6;540;535;5;742;729;13;21
2022;05;TT;TODAS CONSOLIDADAS;04;4 ESTRELLAS;LA LIBERTAD;130000;3;206;326;56,36;49,55;1,87;1,79;2,27;2678;2210;468;5008;3947;1061;79
2022;05;TT;TODAS CONSOLIDADAS;04;4 ESTRELLAS;LAMBAYEQUE;140000;5;352;638;56,03;46,14;1,61;1,58;1,91;5654;4997;657;9125;7873;1252;249
2022;05;TT;TODAS CONSOLIDADAS;04;4 ESTRELLAS;LIMA;150000;51;4870;8716;39,18;34,09;2,03;1,64;2,53;45445;25650;19795;92106;41959;50147;2095
2022;05;TT;TODAS CONSOLIDADAS;04;4 ESTRELLAS;LORETO;160000;3;103;173;45,47;34,53;2,26;2,41;1,86;820;599;221;1852;1441;411;33
2022;05;TT;TODAS CONSOLIDADAS;04;4 ESTRELLAS;PIURA;200000;3;299;552;48,15;35,57;2,23;2,12;2,65;2735;2206;529;6087;4686;1401;49
2022;05;TT;TODAS CONSOLIDADAS;04;4 ESTRELLAS;PUNO;210000;7;447;842;31,54;28,55;1,7;1,65;1,71;4391;937;3454;7453;1544;5909;128
2022;05;TT;TODAS CONSOLIDADAS;04;4 ESTRELLAS;SAN MARTÍN;220000;1;24;49;54,17;48,85;1,94;1,95;1,88;383;318;65;742;620;122;17
2022;05;TT;TODAS CONSOLIDADAS;04;4 ESTRELLAS;TUMBES;240000;6;667;1624;55,27;52,63;2,54;2,59;2,17;10439;9202;1237;26494;23813;2681;551
2022;05;TT;TODAS CONSOLIDADAS;04;4 ESTRELLAS;UCAYALI;250000;5;289;515;39,79;33,77;2,25;2,24;2,33;2393;2026;367;5392;4537;855;85
2022;05;TT;TODAS CONSOLIDADAS;05;5 ESTRELLAS;AREQUIPA;040000;3;241;352;52,5;56,06;1,98;1,94;2,03;3088;1747;1341;6117;3393;2724;162
2022;05;TT;TODAS CONSOLIDADAS;05;5 ESTRELLAS;CUSCO;080000;15;1288;2527;64,08;61,61;1,8;2,08;1,75;26789;4225;22564;48262;8771;39491;1005
2022;05;TT;TODAS CONSOLIDADAS;05;5 ESTRELLAS;ICA;110000;4;460;1046;47,92;42,53;1,82;1,91;1,59;7562;5623;1939;13792;10718;3074;422
2022;05;TT;TODAS CONSOLIDADAS;05;5 ESTRELLAS;LA LIBERTAD;130000;2;267;450;36,33;32,02;1,73;1,65;2,13;2582;2133;449;4467;3511;956;173
2022;05;TT;TODAS CONSOLIDADAS;05;5 ESTRELLAS;LIMA;150000;30;4596;8351;42,92;33,18;2,43;1,87;2,72;35348;12118;23230;85904;22609;63295;2751
2022;05;TT;TODAS CONSOLIDADAS;05;5 ESTRELLAS;LORETO;160000;1;60;91;78,06;86,46;1,96;2,23;1,65;1242;669;573;2439;1495;944;54
2022;05;TT;TODAS CONSOLIDADAS;05;5 ESTRELLAS;PIURA;200000;1;83;168;67,63;49,54;2,09;1,94;2,5;1236;911;325;2580;1768;812;60
2022;05;TT;TODAS CONSOLIDADAS;05;5 ESTRELLAS;PUNO;210000;1;123;231;49,86;48,08;1,19;1,13;1,25;2897;1503;1394;3443;1695;1748;45
2022;05;TT;TODAS CONSOLIDADAS;05;5 ESTRELLAS;SAN MARTÍN;220000;1;50;108;43,48;52,06;1,93;1,92;2,23;905;874;31;1743;1674;69;63
2022;05;TT;TODAS CONSOLIDADAS;05;5 ESTRELLAS;UCAYALI;250000;2;162;300;42,07;29,02;2,53;2,53;2,59;1065;932;133;2699;2355;344;64
2022;05;TT;TODAS CONSOLIDADAS;12;ALBERGUE;AMAZONAS;010000;1;6;11;0;0;0;0;0;0;0;0;0;0;0;0
2022;05;TT;TODAS CONSOLIDADAS;12;ALBERGUE;ÁNCASH;020000;8;76;172;3,23;3,04;3,95;3,95;0;41;41;0;162;162;0;16
2022;05;TT;TODAS CONSOLIDADAS;12;ALBERGUE;AREQUIPA;040000;5;107;254;39,43;32,18;1,48;1,42;1,51;1715;670;1045;2534;951;1583;110
2022;05;TT;TODAS CONSOLIDADAS;12;ALBERGUE;CAJAMARCA;060000;1;11;22;0;0;0;0;0;0;0;0;0;0;0;0
2022;05;TT;TODAS CONSOLIDADAS;12;ALBERGUE;CUSCO;080000;14;197;649;66,87;57,88;1,62;1,51;1,62;7203;173;7030;11645;262;11383;124
2022;05;TT;TODAS CONSOLIDADAS;12;ALBERGUE;ICA;110000;1;10;30;14,84;11,94;1,59;1,59;0;70;70;0;111;111;0;4
2022;05;TT;TODAS CONSOLIDADAS;12;ALBERGUE;JUNÍN;120000;1;32;104;32,66;29,87;2,14;2,17;1,38;449;433;16;963;941;22;19
2022;05;TT;TODAS CONSOLIDADAS;12;ALBERGUE;LIMA;150000;8;128;346;21,55;22,55;1,36;1,25;1,39;1781;372;1409;2419;465;1954;44
2022;05;TT;TODAS CONSOLIDADAS;12;ALBERGUE;LORETO;160000;54;683;1478;24,37;22,28;2,22;1,8;2,52;4606;1970;2636;10206;3552;6654;203
2022;05;TT;TODAS CONSOLIDADAS;12;ALBERGUE;MADRE DE DIOS;170000;10;270;536;26,52;27,68;2,62;3,02;2,57;1757;173;1584;4600;522;4078;170
2022;05;TT;TODAS CONSOLIDADAS;12;ALBERGUE;PASCO;190000;14;225;672;18,22;12,89;1,63;1,6;2,89;1644;1600;44;2686;2559;127;45
2022;05;TT;TODAS CONSOLIDADAS;12;ALBERGUE;SAN MARTÍN;220000;9;185;365;19,27;23,11;2,45;2,56;1,9;1067;885;182;2615;2270;345;57
2022;05;TT;TODAS CONSOLIDADAS;12;ALBERGUE;UCAYALI;250000;2;27;70;37,51;35,12;3,1;3,17;2,64;246;213;33;762;675;87;15
2022;05;TT;TODAS CONSOLIDADAS;13;ECOLODGE;AREQUIPA;040000;1;23;51;13,32;16,64;1,7;2,13;1,55;155;39;116;263;83;180;8
2022;05;TT;TODAS CONSOLIDADAS;13;ECOLODGE;SAN MARTÍN;220000;1;12;24;0;0;0;0;0;0;0;0;0;0;0;0
2022;05;TT;TODAS CONSOLIDADAS;TT;TODAS CONSOLIDADAS;AMAZONAS;010000;396;5188;8380;22,86;18,78;1,16;1,15;1,34;41958;40365;1593;49795;47422;2373;939
2022;05;TT;TODAS CONSOLIDADAS;TT;TODAS CONSOLIDADAS;ÁNCASH;020000;900;11660;20422;19,62;16,37;1,25;1,21;1,56;95973;90271;5702;116834;107290;9544;2067
2022;05;TT;TODAS CONSOLIDADAS;TT;TODAS CONSOLIDADAS;APURÍMAC;030000;492;4894;7559;15,57;11,76;1,13;1,13;1,26;25491;25124;367;29250;28776;474;541
2022;05;TT;TODAS CONSOLIDADAS;TT;TODAS CONSOLIDADAS;AREQUIPA;040000;1462;17460;30246;21,37;19,31;1,49;1,44;1,72;130049;100655;29394;196588;146501;50087;3638
2022;05;TT;TODAS CONSOLIDADAS;TT;TODAS CONSOLIDADAS;AYACUCHO;050000;574;6205;10066;14,81;11,41;1,22;1,22;1,12;28942;28481;461;37708;37018;690;779
2022;05;TT;TODAS CONSOLIDADAS;TT;TODAS CONSOLIDADAS;CAJAMARCA;060000;932;12999;20501;16,59;13,61;1,22;1,22;1,23;71769;70861;908;92900;91352;1548;2445
2022;05;TT;TODAS CONSOLIDADAS;TT;TODAS CONSOLIDADAS;CUSCO;080000;2098;26557;49080;26,43;24,21;1,67;1,43;1,91;249232;94678;154554;426661;140024;286637;6694
2022;05;TT;TODAS CONSOLIDADAS;TT;TODAS CONSOLIDADAS;HUANCAVELICA;090000;198;2429;3786;18,87;15,16;1,1;1,1;1,16;15914;15872;42;17754;17686;68;319
2022;05;TT;TODAS CONSOLIDADAS;TT;TODAS CONSOLIDADAS;HUÁNUCO;100000;574;7882;12036;20,48;17,45;1,16;1,16;1,07;61011;60415;596;71361;70557;804;1159
2022;05;TT;TODAS CONSOLIDADAS;TT;TODAS CONSOLIDADAS;ICA;110000;959;14276;25556;24,11;18,37;1,36;1,37;1,25;117357;93646;23711;169825;137883;31942;3216
2022;05;TT;TODAS CONSOLIDADAS;TT;TODAS CONSOLIDADAS;JUNÍN;120000;1383;16329;26973;19,71;15,67;1,28;1,27;1,53;103719;102882;837;134004;132640;1364;2887
2022;05;TT;TODAS CONSOLIDADAS;TT;TODAS CONSOLIDADAS;LA LIBERTAD;130000;1175;14048;24612;26,34;20,43;1,31;1,2;2,37;127114;119245;7869;168765;150241;18524;2310
2022;05;TT;TODAS CONSOLIDADAS;TT;TODAS CONSOLIDADAS;LAMBAYEQUE;140000;694;10491;15599;20,2;16,12;1,11;1,11;1,13;72946;70821;2125;85805;82745;3060;1911
2022;05;TT;TODAS CONSOLIDADAS;TT;TODAS CONSOLIDADAS;LIMA;150000;6827;81256;143912;22,38;19,57;1,14;1,12;1,42;2468276;2293171;175105;2907625;2585913;321712;46944
2022;05;TT;TODAS CONSOLIDADAS;TT;TODAS CONSOLIDADAS;LORETO;160000;832;8698;14190;18,7;17,79;1,8;1,72;1,93;45397;31288;14109;84053;56003;28050;1315
2022;05;TT;TODAS CONSOLIDADAS;TT;TODAS CONSOLIDADAS;MADRE DE DIOS;170000;346;5313;9001;24,39;20,62;1,31;1,25;1,76;44522;37205;7317;59524;45512;14012;1057
2022;05;TT;TODAS CONSOLIDADAS;TT;TODAS CONSOLIDADAS;MOQUEGUA;180000;297;3784;6450;16,23;11,24;1,44;1,45;1,16;15732;15475;257;27300;26753;547;606
2022;05;TT;TODAS CONSOLIDADAS;TT;TODAS CONSOLIDADAS;PUNO;210000;834;10006;17495;22,53;18,88;1,18;1,19;1,15;86851;71369;15482;107394;85642;21752;1850
2022;05;TT;TODAS CONSOLIDADAS;TT;TODAS CONSOLIDADAS;SAN MARTÍN;220000;853;11038;17622;29,07;23,9;1,36;1,36;1,58;93808;91803;2005;131562;128168;3394;1802
2022;05;TT;TODAS CONSOLIDADAS;TT;TODAS CONSOLIDADAS;TACNA;230000;491;6158;11611;11,61;9,03;1,21;1,2;1,3;29383;23150;6233;40745;31073;9672;919
2022;05;TT;TODAS CONSOLIDADAS;TT;TODAS CONSOLIDADAS;TUMBES;240000;252;3639;7497;14,81;11,1;2,34;2,34;1,75;19333;17176;2157;50384;45857;4527;1147
2022;05;TT;TODAS CONSOLIDADAS;TT;TODAS CONSOLIDADAS;UCAYALI;250000;497;6164;9737;26,94;23,95;2,02;2,03;1,8;36119;34693;1426;73746;70771;2975;1219
2022;06;00;NO CLASIFICADO;00;NO CATEGORIZADO;AMAZONAS;010000;268;2535;4132;19,68;15,71;1,12;1,11;1,41;17439;17017;422;19480;18887;593;475
2022;05;TT;TODAS CONSOLIDADAS;02;2 ESTRELLAS;PIURA;200000;47;1022;1676;29,93;25,18;1,74;1,71;2,13;7506;6906;600;13080;11804;1276;213
2022;05;TT;TODAS CONSOLIDADAS;02;2 ESTRELLAS;PUNO;210000;62;1133;2056;18,85;13,93;1,5;1,53;1,22;5931;5281;650;8879;8088;791;179
2022;05;TT;TODAS CONSOLIDADAS;12;ALBERGUE;PUNO;210000;1;13;35;0;0;0;0;0;0;0;0;0;0;0;0
2022;05;TT;TODAS CONSOLIDADAS;02;2 ESTRELLAS;TUMBES;240000;13;324;669;57,51;31,59;10,92;10,92;0;600;600;0;6551;6551;0;71
2022;05;TT;TODAS CONSOLIDADAS;03;3 ESTRELLAS;APURÍMAC;030000;5;141;237;40,86;28;1,71;1,73;1,38;1203;1127;76;2057;1952;105;33
2022;05;TT;TODAS CONSOLIDADAS;03;3 ESTRELLAS;LA LIBERTAD;130000;142;3501;6586;28,25;23,08;1,3;1,28;1,87;36137;34545;1592;47116;44140;2976;773
2022;05;TT;TODAS CONSOLIDADAS;04;4 ESTRELLAS;CUSCO;080000;13;958;1864;67,27;63,59;2,11;2,13;2,11;17396;2765;14631;36743;5895;30848;515
2022;05;TT;TODAS CONSOLIDADAS;04;4 ESTRELLAS;MOQUEGUA;180000;2;123;232;73,64;66,13;14,77;15,74;7,27;322;285;37;4756;4487;269;45
2022;05;TT;TODAS CONSOLIDADAS;04;4 ESTRELLAS;TACNA;230000;1;150;300;27,35;22,9;1,76;1,84;1,66;1212;632;580;2130;1165;965;32
2022;05;TT;TODAS CONSOLIDADAS;TT;TODAS CONSOLIDADAS;CALLAO;070000;282;4736;8692;33,5;30,85;1,02;1,02;1,22;135055;122669;12386;142593;125186;17407;1195
2022;05;TT;TODAS CONSOLIDADAS;TT;TODAS CONSOLIDADAS;PASCO;190000;382;4792;7963;21,25;17,31;1,25;1,25;1,15;35713;35577;136;45988;45739;249;833
2022;05;TT;TODAS CONSOLIDADAS;TT;TODAS CONSOLIDADAS;PIURA;200000;1086;12550;22625;28,93;22,31;1,58;1,51;1,97;99391;86049;13342;160422;133492;26930;2615
2022;06;00;NO CLASIFICADO;00;NO CATEGORIZADO;MADRE DE DIOS;170000;313;4319;7219;23,17;18,73;1,2;1,15;1,51;33757;29160;4597;40562;33639;6923;731
2022;06;00;NO CLASIFICADO;00;NO CATEGORIZADO;PIURA;200000;1010;10364;18829;28,74;22,41;1,62;1,58;2,15;77998;71977;6021;126590;113639;12951;2040
2022;06;00;NO CLASIFICADO;00;NO CATEGORIZADO;TACNA;230000;403;3822;6909;10,85;9,1;1,27;1,24;1,44;14807;12264;2543;18855;15196;3659;470
2022;06;00;NO CLASIFICADO;00;NO CATEGORIZADO;UCAYALI;250000;460;4942;7619;22,46;18,92;1,61;1,6;2,19;26845;26322;523;43246;42099;1147;884
2022;06;00;NO CLASIFICADO;TT;TODAS CONSOLIDADAS;CAJAMARCA;060000;626;6162;9578;16,79;14,91;1,15;1,15;1,2;37275;36947;328;42839;42446;393;1094
2022;06;00;NO CLASIFICADO;TT;TODAS CONSOLIDADAS;PIURA;200000;1010;10364;18829;28,74;22,41;1,62;1,58;2,15;77998;71977;6021;126590;113639;12951;2040
2022;06;00;NO CLASIFICADO;TT;TODAS CONSOLIDADAS;TACNA;230000;403;3822;6909;10,85;9,1;1,27;1,24;1,44;14807;12264;2543;18855;15196;3659;470
2022;06;00;NO CLASIFICADO;TT;TODAS CONSOLIDADAS;UCAYALI;250000;460;4942;7619;22,46;18,92;1,61;1,6;2,19;26845;26322;523;43246;42099;1147;884
2022;06;01;HOTEL;01;1 ESTRELLA;AMAZONAS;010000;1;20;42;18,83;8,97;1,14;1,14;0;99;99;0;113;113;0;6
2022;06;01;HOTEL;01;1 ESTRELLA;PIURA;200000;2;40;77;5;19,61;1,19;1,19;0;381;381;0;453;453;0;6
2022;06;01;HOTEL;01;1 ESTRELLA;TACNA;230000;2;57;112;4,15;3,13;1,46;1,43;2,5;72;70;2;105;100;5;5
2022;06;01;HOTEL;02;2 ESTRELLAS;AMAZONAS;010000;31;829;1309;20,41;18;1,23;1,22;1,53;5753;5652;101;7068;6913;155;133
2022;06;01;HOTEL;02;2 ESTRELLAS;LAMBAYEQUE;140000;73;2046;3065;19,33;15,22;1,13;1,13;1,42;12373;12230;143;13993;13790;203;323
2022;06;00;NO CLASIFICADO;00;NO CATEGORIZADO;ÁNCASH;020000;599;5641;9782;18,57;14,18;1,24;1,23;1,27;33559;27408;6151;41615;33798;7817;991
2022;06;00;NO CLASIFICADO;TT;TODAS CONSOLIDADAS;ÁNCASH;020000;599;5641;9782;18,57;14,18;1,24;1,23;1,27;33559;27408;6151;41615;33798;7817;991
2022;06;00;NO CLASIFICADO;00;NO CATEGORIZADO;APURÍMAC;030000;474;4367;6714;15,59;11,97;1,15;1,15;1,5;20892;20680;212;24111;23793;318;467
2022;06;00;NO CLASIFICADO;00;NO CATEGORIZADO;AREQUIPA;040000;1102;9843;16602;19,23;17,39;1,48;1,43;1,62;58657;44202;14455;86624;63145;23479;1216
2022;06;01;HOTEL;01;1 ESTRELLA;AREQUIPA;040000;6;210;367;54,08;31,34;1,86;1,76;2,61;1860;1645;215;3451;2890;561;34
2022;06;01;HOTEL;02;2 ESTRELLAS;AREQUIPA;040000;41;1163;2068;19,8;17,5;1,42;1,4;1,69;7646;7194;452;10859;10095;764;189
2022;06;00;NO CLASIFICADO;00;NO CATEGORIZADO;AYACUCHO;050000;537;5201;8259;15,99;12,61;1,18;1,18;1,18;26530;26063;467;31252;30701;551;573
2022;06;00;NO CLASIFICADO;TT;TODAS CONSOLIDADAS;AYACUCHO;050000;537;5201;8259;15,99;12,61;1,18;1,18;1,18;26530;26063;467;31252;30701;551;573
2022;06;00;NO CLASIFICADO;00;NO CATEGORIZADO;CAJAMARCA;060000;626;6162;9578;16,79;14,91;1,15;1,15;1,2;37275;36947;328;42839;42446;393;1094
2022;06;01;HOTEL;02;2 ESTRELLAS;CAJAMARCA;060000;39;1083;1626;18,18;13,02;1,21;1,22;1,14;5230;5129;101;6352;6237;115;177
2022;06;00;NO CLASIFICADO;00;NO CATEGORIZADO;CALLAO;070000;257;3635;6742;33,05;30,57;1,01;1;1,14;109147;108442;705;109721;108920;801;956
2022;06;00;NO CLASIFICADO;TT;TODAS CONSOLIDADAS;CALLAO;070000;257;3635;6742;33,05;30,57;1,01;1;1,14;109147;108442;705;109721;108920;801;956
2022;06;01;HOTEL;01;1 ESTRELLA;CALLAO;070000;1;34;68;14,71;14,66;1,03;1,03;0;290;290;0;299;299;0;2
2022;06;00;NO CLASIFICADO;00;NO CATEGORIZADO;CUSCO;080000;1814;17943;32384;26,39;24,39;1,77;1,49;2,02;134104;64600;69504;236970;96524;140446;3442
2022;06;01;HOTEL;01;1 ESTRELLA;CUSCO;080000;5;140;236;14,14;11,5;1,41;1,41;1,25;578;574;4;814;809;5;19
2022;06;01;HOTEL;02;2 ESTRELLAS;CUSCO;080000;46;1212;2272;23,71;22,25;1,63;1,46;1,73;9331;3646;5685;15167;5327;9840;362
2022;06;00;NO CLASIFICADO;00;NO CATEGORIZADO;HUANCAVELICA;090000;191;2252;3467;19,5;16,09;1,09;1,08;1,42;15423;15399;24;16738;16704;34;272
2022;06;01;HOTEL;02;2 ESTRELLAS;HUANCAVELICA;090000;2;46;85;41,67;28;2,95;2,95;2,91;242;231;11;714;682;32;9
2022;06;00;NO CLASIFICADO;00;NO CATEGORIZADO;HUÁNUCO;100000;469;5215;7716;18,4;15,43;1,14;1,14;1,23;31230;30916;314;35723;35338;385;677
2022;06;01;HOTEL;01;1 ESTRELLA;HUÁNUCO;100000;9;272;405;44,03;40,37;1;1;0;4905;4905;0;4905;4905;0;48
2022;06;01;HOTEL;02;2 ESTRELLAS;HUÁNUCO;100000;40;1248;1949;36,96;31,38;1,21;1,21;0;15110;15110;0;18348;18348;0;205
2022;06;00;NO CLASIFICADO;00;NO CATEGORIZADO;ICA;110000;733;8073;13778;19,82;14,99;1,22;1,2;1,31;50951;41257;9694;61965;49313;12652;1457
2022;06;01;HOTEL;01;1 ESTRELLA;ICA;110000;4;82;108;0;0;0;0;0;0;0;0;0;0;0;0
2022;06;01;HOTEL;02;2 ESTRELLAS;ICA;110000;49;1374;2402;24,23;17,31;1,7;1,7;1,27;7340;7266;74;12470;12376;94;222
2022;06;00;NO CLASIFICADO;00;NO CATEGORIZADO;JUNÍN;120000;1295;13835;22253;20,11;15,54;1,24;1,24;1,79;83379;82954;425;103744;102985;759;2417
2022;06;01;HOTEL;01;1 ESTRELLA;JUNÍN;120000;6;246;511;20,08;14,53;1,42;1,42;1;1567;1565;2;2227;2225;2;28
2022;06;01;HOTEL;02;2 ESTRELLAS;JUNÍN;120000;26;793;1406;25,38;18,33;1,3;1,3;1,58;5952;5868;84;7733;7600;133;119
2022;06;00;NO CLASIFICADO;00;NO CATEGORIZADO;LA LIBERTAD;130000;837;6764;11328;20,26;15,23;1,17;1,17;1,35;44342;43761;581;51771;50984;787;744
2022;06;00;NO CLASIFICADO;TT;TODAS CONSOLIDADAS;LA LIBERTAD;130000;837;6764;11328;20,26;15,23;1,17;1,17;1,35;44342;43761;581;51771;50984;787;744
2022;06;01;HOTEL;01;1 ESTRELLA;LA LIBERTAD;130000;5;116;201;10,98;7,6;1;1;1;458;451;7;458;451;7;19
2022;06;01;HOTEL;02;2 ESTRELLAS;LA LIBERTAD;130000;22;512;943;20,45;18,29;1,24;1,18;1,82;4183;3839;344;5173;4546;627;98
2022;06;00;NO CLASIFICADO;00;NO CATEGORIZADO;LAMBAYEQUE;140000;377;3892;5619;19,52;15,74;1,07;1,07;1,01;24899;24312;587;26539;25949;590;526
2022;06;00;NO CLASIFICADO;TT;TODAS CONSOLIDADAS;LAMBAYEQUE;140000;377;3892;5619;19,52;15,74;1,07;1,07;1,01;24899;24312;587;26539;25949;590;526
2022;06;01;HOTEL;01;1 ESTRELLA;LAMBAYEQUE;140000;2;63;70;2,7;2,19;1;1;0;46;46;0;46;46;0;11
2022;06;00;NO CLASIFICADO;00;NO CATEGORIZADO;LIMA;150000;6191;52373;91036;21,45;18,24;1,15;1,13;1,32;1957770;1844089;113680;2242312;2092168;150144;37438
2022;06;01;HOTEL;01;1 ESTRELLA;LIMA;150000;10;375;641;45,41;42,39;1,1;1,1;1;6997;6943;53;7673;7620;53;53
2022;06;00;NO CLASIFICADO;00;NO CATEGORIZADO;LORETO;160000;719;6519;10218;17,76;18,02;1,85;1,72;2,12;29886;20375;9511;55232;35076;20156;717
2022;06;00;NO CLASIFICADO;00;NO CATEGORIZADO;MOQUEGUA;180000;188;1784;3038;12,18;7,9;1,19;1,19;1;6077;6006;71;7202;7131;71;225
2022;06;00;NO CLASIFICADO;TT;TODAS CONSOLIDADAS;MOQUEGUA;180000;188;1784;3038;12,18;7,9;1,19;1,19;1;6077;6006;71;7202;7131;71;225
2022;06;01;HOTEL;01;1 ESTRELLA;MOQUEGUA;180000;1;21;42;3,02;1,98;1,25;1,29;1;20;17;3;25;22;3;4
2022;06;00;NO CLASIFICADO;00;NO CATEGORIZADO;PASCO;190000;318;3481;5454;18,2;15,16;1,18;1,18;1,13;20949;20904;45;24797;24746;51;610
2022;06;00;NO CLASIFICADO;TT;TODAS CONSOLIDADAS;PASCO;190000;318;3481;5454;18,2;15,16;1,18;1,18;1,13;20949;20904;45;24797;24746;51;610
2022;06;01;HOTEL;01;1 ESTRELLA;PASCO;190000;6;168;270;23,21;22,43;1,41;1,41;0;1285;1285;0;1817;1817;0;31
2022;06;00;NO CLASIFICADO;00;NO CATEGORIZADO;PUNO;210000;696;6673;11342;21,25;17,26;1,15;1,15;1,13;51245;48547;2698;58741;55698;3043;1213
2022;06;00;NO CLASIFICADO;TT;TODAS CONSOLIDADAS;PUNO;210000;696;6673;11342;21,25;17,26;1,15;1,15;1,13;51245;48547;2698;58741;55698;3043;1213
2022;06;01;HOTEL;01;1 ESTRELLA;PUNO;210000;5;123;224;34,01;18,88;1,81;1,65;3,05;702;622;80;1269;1025;244;18
2022;06;00;NO CLASIFICADO;00;NO CATEGORIZADO;SAN MARTÍN;220000;751;8545;13260;29,31;24,25;1,27;1,27;1,42;76102;74745;1357;96478;94554;1924;1123
2022;06;00;NO CLASIFICADO;TT;TODAS CONSOLIDADAS;SAN MARTÍN;220000;751;8545;13260;29,31;24,25;1,27;1,27;1,42;76102;74745;1357;96478;94554;1924;1123
2022;06;01;HOTEL;01;1 ESTRELLA;SAN MARTÍN;220000;6;126;195;43,44;46,12;1,38;1,38;0;1960;1960;0;2698;2698;0;24
2022;06;00;NO CLASIFICADO;00;NO CATEGORIZADO;TUMBES;240000;217;2238;4341;12,6;9,19;1,84;1,72;2,91;6516;5895;621;11970;10163;1807;381
2022;06;00;NO CLASIFICADO;TT;TODAS CONSOLIDADAS;TUMBES;240000;217;2238;4341;12,6;9,19;1,84;1,72;2,91;6516;5895;621;11970;10163;1807;381
2022;06;00;NO CLASIFICADO;TT;TODAS CONSOLIDADAS;AMAZONAS;010000;268;2535;4132;19,68;15,71;1,12;1,11;1,41;17439;17017;422;19480;18887;593;475
2022;06;00;NO CLASIFICADO;TT;TODAS CONSOLIDADAS;APURÍMAC;030000;474;4367;6714;15,59;11,97;1,15;1,15;1,5;20892;20680;212;24111;23793;318;467
2022;06;01;HOTEL;01;1 ESTRELLA;APURÍMAC;030000;2;79;112;22,7;17,92;1,08;1,08;0;559;559;0;602;602;0;10
2022;06;01;HOTEL;02;2 ESTRELLAS;APURÍMAC;030000;4;175;295;17,92;16,85;1,11;1,11;0;1339;1339;0;1491;1491;0;15
2022;06;00;NO CLASIFICADO;TT;TODAS CONSOLIDADAS;AREQUIPA;040000;1102;9843;16602;19,23;17,39;1,48;1,43;1,62;58657;44202;14455;86624;63145;23479;1216
2022;06;00;NO CLASIFICADO;TT;TODAS CONSOLIDADAS;CUSCO;080000;1814;17943;32384;26,39;24,39;1,77;1,49;2,02;134104;64600;69504;236970;96524;140446;3442
2022;06;00;NO CLASIFICADO;TT;TODAS CONSOLIDADAS;HUANCAVELICA;090000;191;2252;3467;19,5;16,09;1,09;1,08;1,42;15423;15399;24;16738;16704;34;272
2022;06;00;NO CLASIFICADO;TT;TODAS CONSOLIDADAS;HUÁNUCO;100000;469;5215;7716;18,4;15,43;1,14;1,14;1,23;31230;30916;314;35723;35338;385;677
2022;06;00;NO CLASIFICADO;TT;TODAS CONSOLIDADAS;ICA;110000;733;8073;13778;19,82;14,99;1,22;1,2;1,31;50951;41257;9694;61965;49313;12652;1457
2022;06;00;NO CLASIFICADO;TT;TODAS CONSOLIDADAS;JUNÍN;120000;1295;13835;22253;20,11;15,54;1,24;1,24;1,79;83379;82954;425;103744;102985;759;2417
2022;06;00;NO CLASIFICADO;TT;TODAS CONSOLIDADAS;LIMA;150000;6191;52373;91036;21,45;18,24;1,15;1,13;1,32;1957770;1844089;113680;2242312;2092168;150144;37438
2022;06;00;NO CLASIFICADO;TT;TODAS CONSOLIDADAS;LORETO;160000;719;6519;10218;17,76;18,02;1,85;1,72;2,12;29886;20375;9511;55232;35076;20156;717
2022;06;00;NO CLASIFICADO;TT;TODAS CONSOLIDADAS;MADRE DE DIOS;170000;313;4319;7219;23,17;18,73;1,2;1,15;1,51;33757;29160;4597;40562;33639;6923;731
2022;06;01;HOTEL;01;1 ESTRELLA;MADRE DE DIOS;170000;5;137;245;29,54;23,25;1;1;1;1709;1652;57;1709;1652;57;21
2022;06;01;HOTEL;01;1 ESTRELLA;ÁNCASH;020000;14;421;664;27,17;23,44;1,13;1,13;0;4119;4119;0;4670;4670;0;59
2022;06;01;HOTEL;02;2 ESTRELLAS;ÁNCASH;020000;50;1318;2440;23,58;16,53;1,3;1,3;1,36;9314;9086;228;12097;11787;310;210
2022;06;01;HOTEL;01;1 ESTRELLA;AYACUCHO;050000;7;226;388;11,56;11,32;1,92;1,92;1;688;686;2;1318;1316;2;36
2022;06;01;HOTEL;02;2 ESTRELLAS;AYACUCHO;050000;9;325;576;16,89;15,57;1,8;1,81;1,46;1494;1459;35;2691;2640;51;39
2022;06;01;HOTEL;01;1 ESTRELLA;CAJAMARCA;060000;6;170;278;14,12;11,18;1,02;1,02;1;916;896;20;932;912;20;27
2022;06;01;HOTEL;02;2 ESTRELLAS;CALLAO;070000;1;40;67;15,17;13,98;1,23;1;1,43;228;105;123;281;105;176;3
2022;06;01;HOTEL;02;2 ESTRELLAS;LIMA;150000;126;5303;9408;42,31;35,93;1,25;1,24;1,78;93591;90544;3047;117343;111915;5427;960
2022;06;01;HOTEL;02;2 ESTRELLAS;LORETO;160000;14;339;545;21,19;18,38;1,59;1,58;1,65;1889;1636;253;3005;2587;418;61
2022;06;01;HOTEL;02;2 ESTRELLAS;MADRE DE DIOS;170000;8;243;444;33,06;21,84;1,18;1,18;1,19;2465;2248;217;2909;2650;259;39
2022;06;01;HOTEL;02;2 ESTRELLAS;MOQUEGUA;180000;17;443;757;33,74;25,83;4,5;4,6;1,37;1305;1264;41;5866;5810;56;79
2022;06;01;HOTEL;02;2 ESTRELLAS;PASCO;190000;5;171;320;51,83;56,78;1,54;1,54;0;3530;3530;0;5451;5451;0;28
2022;06;01;HOTEL;02;2 ESTRELLAS;PIURA;200000;20;480;791;34,22;26,99;1,78;1,79;1,49;3594;3499;95;6405;6263;142;109
2022;06;01;HOTEL;02;2 ESTRELLAS;PUNO;210000;22;529;931;12,94;9,47;1,29;1,28;1,38;2057;2015;42;2644;2586;58;81
2022;06;01;HOTEL;02;2 ESTRELLAS;SAN MARTÍN;220000;30;834;1405;35,05;26,76;1,99;1,99;2,09;5663;5427;236;11278;10784;494;173
2022;06;01;HOTEL;02;2 ESTRELLAS;TACNA;230000;33;928;1894;19,83;14,31;1,8;1,81;1,78;4520;3179;1341;8132;5740;2392;173
2022;06;01;HOTEL;02;2 ESTRELLAS;TUMBES;240000;8;258;538;74,33;39,72;17,47;17,47;0;367;367;0;6411;6411;0;49
2022;06;01;HOTEL;02;2 ESTRELLAS;UCAYALI;250000;2;58;93;12,53;11,11;4,03;3,93;5,4;77;72;5;310;283;27;11
2022;06;01;HOTEL;03;3 ESTRELLAS;AMAZONAS;010000;19;443;759;18,69;15,77;1,4;1,36;1,74;2566;2300;266;3590;3127;463;117
2022;06;01;HOTEL;03;3 ESTRELLAS;ÁNCASH;020000;41;1367;2452;23,64;18,39;1,72;1,71;1,98;7857;7382;475;13529;12587;942;320
2022;06;01;HOTEL;03;3 ESTRELLAS;APURÍMAC;030000;3;96;164;51,88;42,15;1,56;1,58;1,31;1333;1216;117;2074;1921;153;19
2022;06;01;HOTEL;03;3 ESTRELLAS;AREQUIPA;040000;63;1876;3464;24,83;22,04;1,82;1,94;1,62;12606;7805;4801;22900;15131;7769;492
2022;06;01;HOTEL;03;3 ESTRELLAS;AYACUCHO;050000;9;302;575;18,65;15,89;2,08;2,08;2,04;1319;1182;137;2741;2461;280;89
2022;06;01;HOTEL;03;3 ESTRELLAS;CAJAMARCA;060000;66;2063;3388;17,51;15,14;1,45;1,44;1,7;10606;10308;298;15388;14880;508;431
2022;06;01;HOTEL;03;3 ESTRELLAS;CALLAO;070000;4;233;392;40,13;36,47;1,48;1,6;1,28;2900;1792;1108;4289;2872;1417;54
2022;06;01;HOTEL;03;3 ESTRELLAS;CUSCO;080000;89;3241;6408;40,16;36,69;1,81;2,09;1,76;38886;6604;32282;70537;13823;56714;993
2022;06;01;HOTEL;03;3 ESTRELLAS;HUANCAVELICA;090000;2;65;108;9,59;6,36;1,36;1,36;1,67;151;148;3;206;201;5;20
2022;06;01;HOTEL;03;3 ESTRELLAS;HUÁNUCO;100000;13;504;944;23,51;19,2;1,48;1,47;1,62;3674;3460;214;5438;5092;346;106
2022;06;01;HOTEL;03;3 ESTRELLAS;ICA;110000;50;1828;3713;31,24;25,25;1,49;1,54;1,4;18917;12319;6598;28131;18926;9205;464
2022;06;01;HOTEL;03;3 ESTRELLAS;JUNÍN;120000;18;709;1339;21,6;16,26;1,67;1,66;1,81;3918;3816;102;6532;6347;185;155
2022;06;01;HOTEL;03;3 ESTRELLAS;LA LIBERTAD;130000;85;2560;4810;23,48;19,33;1,52;1,47;2,11;18347;16968;1379;27888;24972;2916;602
2022;06;01;HOTEL;03;3 ESTRELLAS;LAMBAYEQUE;140000;38;1277;2117;25,56;20,83;1,42;1,42;1,46;9333;8891;442;13231;12586;645;262
2022;06;01;HOTEL;03;3 ESTRELLAS;LIMA;150000;164;8212;15669;39,92;33,63;1,66;1,44;2,11;95376;64349;31027;158074;92476;65598;1868
2022;06;01;HOTEL;03;3 ESTRELLAS;LORETO;160000;21;646;1114;33,2;28,2;2,07;2,12;1,89;4542;3664;878;9423;7763;1660;180
2022;06;01;HOTEL;03;3 ESTRELLAS;MADRE DE DIOS;170000;5;196;361;39,95;30,09;1,6;1,72;1,33;2042;1374;668;3259;2370;889;70
2022;06;01;HOTEL;03;3 ESTRELLAS;MOQUEGUA;180000;9;292;533;15,7;11,36;1,56;1,57;1,48;1161;1058;103;1816;1664;152;62
2022;06;01;HOTEL;03;3 ESTRELLAS;PASCO;190000;4;114;217;59,68;42,49;1,59;1,59;1,75;1743;1723;20;2766;2731;35;17
2022;06;01;HOTEL;03;3 ESTRELLAS;PIURA;200000;15;582;1030;39,22;26,6;2,63;1,98;6,04;3129;2630;499;8219;5204;3015;177
2022;06;01;HOTEL;03;3 ESTRELLAS;SAN MARTÍN;220000;23;752;1353;24,65;21,35;1,67;1,66;1,82;5186;4985;201;8664;8298;366;225
2022;06;01;HOTEL;03;3 ESTRELLAS;TACNA;230000;14;501;1052;32,37;23,73;1,86;1,88;1,84;4030;1818;2212;7490;3409;4081;123
2022;06;01;HOTEL;03;3 ESTRELLAS;TUMBES;240000;9;282;585;28,88;29,2;2,91;2,9;2,98;1762;1509;253;5124;4370;754;121
2022;06;01;HOTEL;03;3 ESTRELLAS;UCAYALI;250000;15;537;887;31,97;27;1,89;1,86;2,14;3811;3513;298;7184;6546;638;128
2022;06;01;HOTEL;04;4 ESTRELLAS;AREQUIPA;040000;10;454;911;37,59;32,03;1,88;2,19;1,62;4662;2078;2584;8755;4561;4194;159
2022;06;01;HOTEL;04;4 ESTRELLAS;CAJAMARCA;060000;4;214;355;47,96;45,23;1,96;1,87;2,55;2463;2156;307;4817;4035;782;124
2022;06;01;HOTEL;04;4 ESTRELLAS;CALLAO;070000;2;371;599;100,8;86,96;1,3;1,19;1,32;11994;1599;10395;15627;1902;13725;107
2022;06;01;HOTEL;04;4 ESTRELLAS;CUSCO;080000;14;988;1909;67,84;66,32;2,08;1,91;2,1;18294;2497;15797;37980;4776;33204;550
2022;06;01;HOTEL;04;4 ESTRELLAS;HUÁNUCO;100000;1;61;104;45,9;36,96;1,81;1,85;1,46;637;565;72;1153;1048;105;23
2022;06;01;HOTEL;04;4 ESTRELLAS;ICA;110000;7;744;1550;19,92;19,46;1,72;1,79;1,6;5258;3400;1858;9048;6082;2966;363
2022;06;01;HOTEL;04;4 ESTRELLAS;JUNÍN;120000;1;40;66;40,42;24,49;1,89;1,83;3,18;257;246;11;485;450;35;21
2022;06;01;HOTEL;04;4 ESTRELLAS;LA LIBERTAD;130000;3;206;326;53,11;46,18;2,1;2,04;2,33;2152;1721;431;4516;3510;1006;79
2022;06;01;HOTEL;04;4 ESTRELLAS;LAMBAYEQUE;140000;5;352;592;54,73;47;1,58;1,51;2,03;5275;4571;704;8347;6916;1431;249
2022;06;01;HOTEL;04;4 ESTRELLAS;LIMA;150000;44;4513;7905;35,98;32,5;2,05;1,57;2,46;37548;17210;20338;77062;27028;50034;1726
2022;06;01;HOTEL;04;4 ESTRELLAS;LORETO;160000;2;90;150;32,44;27,29;2,68;2,51;3,28;459;359;100;1228;900;328;27
2022;06;01;HOTEL;04;4 ESTRELLAS;MOQUEGUA;180000;2;123;232;72,66;72,54;12,91;12,25;19,05;391;353;38;5049;4325;724;47
2022;06;01;HOTEL;04;4 ESTRELLAS;PIURA;200000;3;299;552;38,9;29,32;2,19;2,2;2,17;2216;1828;388;4855;4014;841;53
2022;06;01;HOTEL;04;4 ESTRELLAS;PUNO;210000;7;447;842;33,56;30,78;1,75;1,99;1,7;4437;736;3701;7775;1466;6309;131
2022;06;01;HOTEL;04;4 ESTRELLAS;TACNA;230000;1;150;300;33,93;27,8;1,78;1,71;1,82;1408;552;856;2502;945;1557;32
2022;06;01;HOTEL;04;4 ESTRELLAS;TUMBES;240000;5;265;523;30,55;29,75;2,24;2,27;2,07;2082;1748;334;4667;3974;693;120
2022;06;01;HOTEL;04;4 ESTRELLAS;UCAYALI;250000;5;289;515;41,6;34,87;2,27;2,27;2,25;2373;1965;408;5387;4467;920;87
2022;06;01;HOTEL;05;5 ESTRELLAS;AREQUIPA;040000;3;241;352;46,89;49,57;1,99;1,89;2,11;2637;1497;1140;5235;2831;2404;163
2022;06;01;HOTEL;05;5 ESTRELLAS;CUSCO;080000;15;1288;2527;55,2;52,02;1,71;1,95;1,67;23124;2597;20527;39436;5069;34367;1041
2022;06;01;HOTEL;05;5 ESTRELLAS;ICA;110000;3;346;880;26,88;21,41;1,75;1,68;1,89;3237;2182;1055;5653;3656;1997;373
2022;06;01;HOTEL;05;5 ESTRELLAS;LA LIBERTAD;130000;2;267;450;33,06;29,01;1,8;1,65;2,36;2170;1695;475;3916;2793;1123;175
2022;06;01;HOTEL;05;5 ESTRELLAS;LIMA;150000;24;4197;7698;41,85;32,06;2,27;1,58;2,61;32554;10526;22028;74031;16593;57438;2533
2022;06;01;HOTEL;05;5 ESTRELLAS;LORETO;160000;1;60;91;82,72;87,44;1,89;2,04;1,73;1264;655;609;2387;1335;1052;54
2022;06;01;HOTEL;05;5 ESTRELLAS;PIURA;200000;1;83;168;56,87;42,54;1,93;1,9;2,04;1111;840;271;2144;1592;552;60
2022;06;01;HOTEL;05;5 ESTRELLAS;PUNO;210000;1;123;231;44,91;44,68;1,19;1,21;1,18;2593;1009;1584;3096;1225;1871;45
2022;06;01;HOTEL;05;5 ESTRELLAS;SAN MARTÍN;220000;1;50;108;38,13;35,06;1,69;1,68;1,88;673;656;17;1136;1104;32;63
2022;06;01;HOTEL;05;5 ESTRELLAS;UCAYALI;250000;2;162;300;36,23;28,29;2,31;2,31;2,3;1103;906;197;2546;2092;454;69
2022;06;01;HOTEL;TT;TODAS CONSOLIDADAS;AMAZONAS;010000;51;1292;2110;19,8;17,02;1,28;1,26;1,68;8418;8051;367;10771;10153;618;256
2022;06;01;HOTEL;TT;TODAS CONSOLIDADAS;ÁNCASH;020000;105;3106;5556;24,09;18,18;1,42;1,41;1,78;21290;20587;703;30296;29044;1252;589
2022;06;01;HOTEL;TT;TODAS CONSOLIDADAS;APURÍMAC;030000;9;350;571;28,31;24,33;1,29;1,29;1,31;3231;3114;117;4167;4014;153;44
2022;06;01;HOTEL;TT;TODAS CONSOLIDADAS;AYACUCHO;050000;25;853;1539;16,1;14,62;1,93;1,93;1,91;3501;3327;174;6750;6417;333;164
2022;06;01;HOTEL;TT;TODAS CONSOLIDADAS;CAJAMARCA;060000;115;3530;5647;19,4;16,23;1,43;1,41;1,96;19215;18489;726;27489;26064;1425;759
2022;06;01;HOTEL;TT;TODAS CONSOLIDADAS;CALLAO;070000;8;678;1126;70,58;60,67;1,33;1,37;1,32;15412;3786;11626;20496;5178;15318;166
2022;06;01;HOTEL;TT;TODAS CONSOLIDADAS;CUSCO;080000;169;6869;13352;43,53;40,93;1,82;1,87;1,81;90213;15918;74295;163934;29804;134130;2965
2022;06;01;HOTEL;TT;TODAS CONSOLIDADAS;HUANCAVELICA;090000;4;111;193;22,88;15,89;2,34;2,33;2,64;393;379;14;920;883;37;29
2022;06;01;HOTEL;TT;TODAS CONSOLIDADAS;HUÁNUCO;100000;63;2085;3402;34,89;29,24;1,23;1,22;1,58;24326;24040;286;29844;29393;451;382
2022;06;01;HOTEL;TT;TODAS CONSOLIDADAS;ICA;110000;113;4374;8653;26,18;21,3;1,59;1,63;1,49;34752;25167;9585;55302;41040;14262;1422
2022;06;01;HOTEL;TT;TODAS CONSOLIDADAS;JUNÍN;120000;51;1788;3322;23,49;17,03;1,45;1,45;1,78;11694;11495;199;16977;16622;355;323
2022;06;01;HOTEL;TT;TODAS CONSOLIDADAS;LA LIBERTAD;130000;117;3661;6730;25,03;20,78;1,54;1,47;2,15;27310;24674;2636;41951;36272;5679;973
2022;06;01;HOTEL;TT;TODAS CONSOLIDADAS;LAMBAYEQUE;140000;118;3738;5844;24,51;20,32;1,32;1,3;1,77;27027;25738;1289;35617;33338;2279;845
2022;06;01;HOTEL;TT;TODAS CONSOLIDADAS;LIMA;150000;368;22600;41321;39,75;33,39;1,74;1,4;2,35;264490;169649;94841;460241;237595;222646;8327
2022;06;01;HOTEL;TT;TODAS CONSOLIDADAS;LORETO;160000;38;1135;1900;32,17;28,15;1,97;1,99;1,88;8154;6314;1840;16043;12585;3458;322
2022;06;01;HOTEL;TT;TODAS CONSOLIDADAS;MADRE DE DIOS;170000;18;576;1050;34,57;25,01;1,27;1,27;1,28;6216;5274;942;7877;6672;1205;130
2022;06;01;HOTEL;TT;TODAS CONSOLIDADAS;PASCO;190000;15;453;807;43,19;41,45;1,53;1,53;1,75;6558;6538;20;10034;9999;35;76
2022;06;01;HOTEL;TT;TODAS CONSOLIDADAS;PIURA;200000;41;1484;2618;37,6;28,11;2,12;1,91;3,63;10431;9178;1253;22076;17526;4550;405
2022;06;01;HOTEL;TT;TODAS CONSOLIDADAS;PUNO;210000;62;2121;3964;28,24;24,71;1,64;1,77;1,56;17931;6943;10988;29388;12272;17116;449
2022;06;01;HOTEL;TT;TODAS CONSOLIDADAS;SAN MARTÍN;220000;60;1762;3061;31,3;25,89;1,76;1,76;1,96;13482;13028;454;23776;22884;892;485
2022;06;01;HOTEL;TT;TODAS CONSOLIDADAS;TACNA;230000;50;1636;3358;24,42;18,1;1,82;1,81;1,82;10030;5619;4411;18229;10194;8035;333
2022;06;01;HOTEL;TT;TODAS CONSOLIDADAS;TUMBES;240000;22;805;1646;44;32,81;3,85;4,07;2,47;4211;3624;587;16202;14755;1447;290
2022;06;01;HOTEL;TT;TODAS CONSOLIDADAS;UCAYALI;250000;24;1046;1795;34,21;28,65;2,09;2,07;2,25;7364;6456;908;15427;13388;2039;295
2022;06;02;APART HOTEL;03;3 ESTRELLAS;ÁNCASH;020000;2;16;44;0;0;0;0;0;0;0;0;0;0;0;0
2022;06;02;APART HOTEL;03;3 ESTRELLAS;APURÍMAC;030000;1;21;30;61,27;57,78;2,16;2,3;1,54;241;195;46;520;449;71;8
2022;06;02;APART HOTEL;03;3 ESTRELLAS;AREQUIPA;040000;1;18;36;1,3;1,3;2,33;2,33;0;6;6;0;14;14;0;2
2022;06;02;APART HOTEL;03;3 ESTRELLAS;CAJAMARCA;060000;2;13;24;0;0;0;0;0;0;0;0;0;0;0;0
2022;06;02;APART HOTEL;03;3 ESTRELLAS;ICA;110000;1;10;20;6;6;2;2;0;18;18;0;36;36;0;5
2022;06;02;APART HOTEL;03;3 ESTRELLAS;LA LIBERTAD;130000;1;11;24;0;0;0;0;0;0;0;0;0;0;0;0
2022;06;02;APART HOTEL;03;3 ESTRELLAS;LIMA;150000;8;192;352;52,59;43,11;3,06;2,91;3,18;1490;687;803;4552;2000;2552;53
2022;06;02;APART HOTEL;03;3 ESTRELLAS;LORETO;160000;1;45;94;0;0;0;0;0;0;0;0;0;0;0;0
2022;06;02;APART HOTEL;03;3 ESTRELLAS;MOQUEGUA;180000;1;8;8;38,75;38,75;7,75;6,5;9;12;6;6;93;39;54;1
2022;06;02;APART HOTEL;03;3 ESTRELLAS;PASCO;190000;1;10;15;7,33;8,22;1,61;1,61;0;23;23;0;37;37;0;4
2022;06;02;APART HOTEL;03;3 ESTRELLAS;TUMBES;240000;2;18;50;41,67;32,07;2,88;2,87;3,1;167;157;10;481;450;31;15
2022;06;02;APART HOTEL;04;4 ESTRELLAS;AREQUIPA;040000;1;19;32;15,26;26,88;2,17;2,22;2;119;92;27;258;204;54;6
2022;06;02;APART HOTEL;04;4 ESTRELLAS;LIMA;150000;8;610;1266;53,72;45,25;2,32;1,85;3,49;7421;5327;2094;17186;9877;7309;419
2022;06;02;APART HOTEL;04;4 ESTRELLAS;LORETO;160000;1;13;23;72,82;51,88;1,3;1,27;1,33;275;120;155;358;152;206;6
2022;06;02;APART HOTEL;04;4 ESTRELLAS;SAN MARTÍN;220000;1;24;57;63,75;43,74;1,95;2,23;1,53;383;231;152;748;516;232;17
2022;06;02;APART HOTEL;05;5 ESTRELLAS;LIMA;150000;6;399;673;43,86;33,24;3,84;2,96;4,69;1749;860;889;6711;2544;4167;165
2022;06;02;APART HOTEL;TT;TODAS CONSOLIDADAS;ÁNCASH;020000;2;16;44;0;0;0;0;0;0;0;0;0;0;0;0
2022;06;02;APART HOTEL;TT;TODAS CONSOLIDADAS;APURÍMAC;030000;1;21;30;61,27;57,78;2,16;2,3;1,54;241;195;46;520;449;71;8
2022;06;02;APART HOTEL;TT;TODAS CONSOLIDADAS;CAJAMARCA;060000;2;13;24;0;0;0;0;0;0;0;0;0;0;0;0
2022;06;02;APART HOTEL;TT;TODAS CONSOLIDADAS;ICA;110000;1;10;20;6;6;2;2;0;18;18;0;36;36;0;5
2022;06;02;APART HOTEL;TT;TODAS CONSOLIDADAS;LA LIBERTAD;130000;1;11;24;0;0;0;0;0;0;0;0;0;0;0;0
2022;06;02;APART HOTEL;TT;TODAS CONSOLIDADAS;LIMA;150000;22;1201;2291;50,26;41,39;2,67;2,1;3,71;10660;6874;3786;28449;14421;14028;637
2022;06;02;APART HOTEL;TT;TODAS CONSOLIDADAS;LORETO;160000;2;58;117;16,32;10,2;1,3;1,27;1,33;275;120;155;358;152;206;6
2022;06;02;APART HOTEL;TT;TODAS CONSOLIDADAS;MOQUEGUA;180000;1;8;8;38,75;38,75;7,75;6,5;9;12;6;6;93;39;54;1
2022;06;02;APART HOTEL;TT;TODAS CONSOLIDADAS;PASCO;190000;1;10;15;7,33;8,22;1,61;1,61;0;23;23;0;37;37;0;4
2022;06;02;APART HOTEL;TT;TODAS CONSOLIDADAS;SAN MARTÍN;220000;1;24;57;63,75;43,74;1,95;2,23;1,53;383;231;152;748;516;232;17
2022;06;02;APART HOTEL;TT;TODAS CONSOLIDADAS;TUMBES;240000;2;18;50;41,67;32,07;2,88;2,87;3,1;167;157;10;481;450;31;15
2022;06;03;HOSTAL;01;1 ESTRELLA;AMAZONAS;010000;17;258;390;71,8;65,31;1,85;1,85;3;4129;4127;2;7641;7635;6;42
2022;06;03;HOSTAL;01;1 ESTRELLA;ÁNCASH;020000;39;538;883;30,63;29,28;1,06;1,06;1;7349;7334;15;7757;7742;15;89
2022;06;03;HOSTAL;01;1 ESTRELLA;APURÍMAC;030000;1;10;20;0;0;0;0;0;0;0;0;0;0;0;0
2022;06;03;HOSTAL;01;1 ESTRELLA;AREQUIPA;040000;51;755;1153;22,91;20,34;1,24;1,24;1,38;5674;5603;71;7036;6938;98;124
2022;06;03;HOSTAL;01;1 ESTRELLA;AYACUCHO;050000;7;113;203;12,89;11,67;1,59;1,59;0;446;446;0;711;711;0;19
2022;06;03;HOSTAL;01;1 ESTRELLA;CAJAMARCA;060000;22;384;591;9,28;6,85;1,7;1,7;1,17;715;709;6;1215;1208;7;66
2022;06;03;HOSTAL;01;1 ESTRELLA;CALLAO;070000;12;230;450;44,11;41,16;1,06;1,06;1,03;5407;5048;359;5729;5361;368;48
2022;06;03;HOSTAL;01;1 ESTRELLA;CUSCO;080000;22;354;590;25,57;21,76;1,09;1,08;2;3541;3493;48;3852;3756;96;49
2022;06;03;HOSTAL;01;1 ESTRELLA;HUANCAVELICA;090000;2;29;45;45,17;30,22;1,02;1,02;0;400;400;0;408;408;0;5
2022;06;03;HOSTAL;01;1 ESTRELLA;HUÁNUCO;100000;16;236;352;64,18;60,9;1,09;1,09;1,2;5878;5709;169;6431;6228;203;45
2022;06;03;HOSTAL;01;1 ESTRELLA;ICA;110000;11;155;224;38,82;33,48;1;1;0;2250;2250;0;2250;2250;0;27
2022;06;03;HOSTAL;01;1 ESTRELLA;JUNÍN;120000;13;178;310;26,31;17,47;1,27;1,27;0;1278;1278;0;1625;1625;0;32
2022;06;03;HOSTAL;01;1 ESTRELLA;LA LIBERTAD;130000;31;439;770;42,21;27,24;2,03;2,03;2,14;3100;3093;7;6292;6277;15;75
2022;06;03;HOSTAL;01;1 ESTRELLA;LAMBAYEQUE;140000;17;217;282;16,07;13,49;1,06;1,06;1,18;1074;1046;28;1141;1108;33;37
2022;06;03;HOSTAL;01;1 ESTRELLA;LIMA;150000;86;1756;3115;41,02;33,56;1,1;1,09;1,4;36842;36213;628;40398;39515;882;393
2022;06;03;HOSTAL;01;1 ESTRELLA;LORETO;160000;5;75;102;31,64;29,61;2,46;2,47;2,36;369;327;42;906;807;99;16
2022;06;03;HOSTAL;01;1 ESTRELLA;MADRE DE DIOS;170000;1;35;68;8,57;7,84;2;2;0;80;80;0;160;160;0;4
2022;06;03;HOSTAL;01;1 ESTRELLA;MOQUEGUA;180000;15;211;366;14,77;10,42;1,69;1,71;1,29;677;646;31;1144;1104;40;36
2022;06;03;HOSTAL;01;1 ESTRELLA;PASCO;190000;19;345;508;27,9;17,13;1,09;1,09;1,17;2403;2391;12;2611;2597;14;50
2022;06;03;HOSTAL;01;1 ESTRELLA;PIURA;200000;2;36;51;22,04;14,05;1,97;1,99;1;109;107;2;215;213;2;8
2022;06;03;HOSTAL;01;1 ESTRELLA;PUNO;210000;29;448;751;19,81;15,49;1,08;1,08;1,09;3230;3081;149;3489;3326;163;64
2022;06;03;HOSTAL;01;1 ESTRELLA;SAN MARTÍN;220000;1;20;34;19;14,02;1,66;1,66;0;86;86;0;143;143;0;8
2022;06;03;HOSTAL;01;1 ESTRELLA;TACNA;230000;10;179;315;9,27;8,97;1,09;1,06;1,14;779;532;247;848;566;282;28
2022;06;03;HOSTAL;02;2 ESTRELLAS;AMAZONAS;010000;53;936;1467;22,35;17,47;1,11;1,09;1,86;6931;6741;190;7688;7334;354;146
2022;06;03;HOSTAL;02;2 ESTRELLAS;ÁNCASH;020000;130;2100;3604;36,88;34,14;1,07;1,07;1,01;34410;34297;113;36907;36793;114;363
2022;06;03;HOSTAL;02;2 ESTRELLAS;APURÍMAC;030000;5;127;199;33,88;28,64;1,11;1,11;0;1536;1536;0;1710;1710;0;20
2022;06;03;HOSTAL;02;2 ESTRELLAS;AREQUIPA;040000;120;1894;3426;32,29;28,77;1,29;1,28;1,46;22837;21413;1424;29569;27483;2086;337
2022;06;03;HOSTAL;02;2 ESTRELLAS;AYACUCHO;050000;5;62;102;13,92;10,65;2,69;2,67;2,83;121;103;18;326;275;51;13
2022;06;03;HOSTAL;02;2 ESTRELLAS;CAJAMARCA;060000;114;2099;3330;18,94;15,67;1,24;1,25;1,02;12589;12441;148;15656;15505;151;332
2022;06;03;HOSTAL;02;2 ESTRELLAS;CALLAO;070000;6;181;348;51,6;52,67;1;1;1;5481;5455;26;5499;5473;26;29
2022;06;03;HOSTAL;02;2 ESTRELLAS;CUSCO;080000;55;932;1724;27,64;25,62;1,56;1,49;1,63;8509;4551;3958;13250;6789;6461;166
2022;06;03;HOSTAL;02;2 ESTRELLAS;HUANCAVELICA;090000;1;39;71;22,22;15,12;1,24;1,24;0;260;260;0;322;322;0;4
2022;06;03;HOSTAL;02;2 ESTRELLAS;HUÁNUCO;100000;23;298;499;29,44;24,13;1,05;1,05;1;3443;3353;90;3613;3523;90;61
2022;06;03;HOSTAL;02;2 ESTRELLAS;ICA;110000;64;897;1485;21,63;19,02;1,04;1,04;1,04;8125;7794;331;8473;8130;343;147
2022;06;03;HOSTAL;02;2 ESTRELLAS;JUNÍN;120000;25;411;801;28,16;26,11;1,24;1,24;1,29;5048;5041;7;6274;6265;9;82
2022;06;03;HOSTAL;02;2 ESTRELLAS;LA LIBERTAD;130000;136;2312;4125;22,48;22,24;1,23;1,23;1,33;22338;21966;372;27517;27023;494;399
2022;06;03;HOSTAL;02;2 ESTRELLAS;LAMBAYEQUE;140000;157;2313;3268;22,32;17,33;1,14;1,14;1,03;14932;14792;140;16988;16844;144;423
2022;06;03;HOSTAL;02;2 ESTRELLAS;LORETO;160000;5;72;112;12,04;23,33;2,43;2,44;2,33;323;284;39;784;693;91;14
2022;06;03;HOSTAL;02;2 ESTRELLAS;MADRE DE DIOS;170000;5;130;195;37,59;29,08;1,2;1,19;1,41;1415;1361;54;1701;1625;76;23
2022;06;03;HOSTAL;02;2 ESTRELLAS;MOQUEGUA;180000;62;877;1420;18,27;14,77;1,28;1,29;1,07;4900;4825;75;6292;6212;80;159
2022;06;03;HOSTAL;02;2 ESTRELLAS;PASCO;190000;15;259;487;32,54;26,54;1,52;1,52;1,8;2555;2550;5;3878;3869;9;42
2022;06;03;HOSTAL;02;2 ESTRELLAS;PIURA;200000;27;543;888;29,48;26,17;1,6;1,54;2,04;4360;3875;485;6973;5985;988;109
2022;06;03;HOSTAL;02;2 ESTRELLAS;PUNO;210000;42;658;1228;23,45;16,81;1,5;1,56;1,17;4120;3474;646;6192;5433;759;111
2022;06;03;HOSTAL;02;2 ESTRELLAS;SAN MARTÍN;220000;22;319;518;29,2;26,76;1,6;1,58;2,19;2602;2516;86;4159;3971;188;67
2022;06;03;HOSTAL;02;2 ESTRELLAS;TACNA;230000;25;435;848;29,77;23,71;1,37;1,28;1,5;4415;2745;1670;6031;3518;2513;84
2022;06;03;HOSTAL;02;2 ESTRELLAS;TUMBES;240000;5;66;131;7,27;5,37;1,46;1,47;1;145;141;4;211;207;4;22
2022;06;03;HOSTAL;02;2 ESTRELLAS;UCAYALI;250000;2;71;136;25,16;13,38;1,48;1,49;1;368;362;6;546;540;6;15
2022;06;03;HOSTAL;03;3 ESTRELLAS;AMAZONAS;010000;9;140;276;26,86;20,11;1,33;1,3;1,81;1253;1172;81;1665;1518;147;28
2022;06;03;HOSTAL;03;3 ESTRELLAS;ÁNCASH;020000;20;294;573;19,39;15,91;1,74;1,67;1,93;1573;1167;406;2735;1951;784;60
2022;06;03;HOSTAL;03;3 ESTRELLAS;APURÍMAC;030000;1;24;43;51,81;28,91;1,96;1,99;1;190;185;5;373;368;5;7
2022;06;03;HOSTAL;03;3 ESTRELLAS;AREQUIPA;040000;40;670;1241;27,76;23,34;1,83;1,74;2,01;4752;3221;1531;8690;5619;3071;174
2022;06;03;HOSTAL;03;3 ESTRELLAS;AYACUCHO;050000;2;38;77;40,53;29,22;2,05;2,03;2,21;329;286;43;675;580;95;20
2022;06;03;HOSTAL;03;3 ESTRELLAS;CAJAMARCA;060000;52;814;1340;23,19;16,92;1,42;1,42;1,34;4797;4768;29;6801;6762;39;172
2022;06;03;HOSTAL;03;3 ESTRELLAS;CUSCO;080000;21;363;704;20,21;16,67;1,72;1,41;2,03;2047;1015;1032;3520;1427;2093;71
2022;06;03;HOSTAL;03;3 ESTRELLAS;HUÁNUCO;100000;2;45;63;0;0;0;0;0;0;0;0;0;0;0;0
2022;06;03;HOSTAL;03;3 ESTRELLAS;ICA;110000;31;548;1035;31,07;23,96;1,23;1,23;1,22;6038;5270;768;7440;6505;935;107
2022;06;03;HOSTAL;03;3 ESTRELLAS;JUNÍN;120000;3;60;114;36,72;26,73;1,63;1,63;1,63;561;553;8;914;901;13;35
2022;06;03;HOSTAL;03;3 ESTRELLAS;LA LIBERTAD;130000;57;941;1824;38,11;33,35;1,07;1,06;1,15;17125;16860;265;18251;17945;306;174
2022;06;03;HOSTAL;03;3 ESTRELLAS;LAMBAYEQUE;140000;23;330;498;33,01;26,31;1,23;1,22;1,61;3206;3127;79;3930;3803;127;77
2022;06;03;HOSTAL;03;3 ESTRELLAS;LIMA;150000;17;345;678;21,25;17,55;1,25;1,24;1,31;2855;2462;393;3569;3053;516;69
2022;06;03;HOSTAL;03;3 ESTRELLAS;LORETO;160000;8;134;230;35,97;24,09;2,22;2,2;2,52;748;687;61;1662;1508;154;48
2022;06;03;HOSTAL;03;3 ESTRELLAS;MADRE DE DIOS;170000;1;22;29;27,88;39,89;1,85;1,86;1,33;188;182;6;347;339;8;4
2022;06;03;HOSTAL;03;3 ESTRELLAS;MOQUEGUA;180000;3;45;74;0;0;0;0;0;0;0;0;0;0;0;0
2022;06;03;HOSTAL;03;3 ESTRELLAS;PASCO;190000;1;9;18;25,93;15,74;1,25;1,25;0;68;68;0;85;85;0;3
2022;06;03;HOSTAL;03;3 ESTRELLAS;PIURA;200000;3;68;152;5,78;5,88;2,21;2,15;2,36;121;85;36;268;183;85;33
2022;06;03;HOSTAL;03;3 ESTRELLAS;PUNO;210000;8;163;283;43,93;30,04;1,51;1,58;1,34;1690;1181;509;2550;1869;681;39
2022;06;03;HOSTAL;03;3 ESTRELLAS;SAN MARTÍN;220000;6;112;245;35,71;32,69;2,61;2,47;3,39;922;790;132;2403;1955;448;36
2022;06;03;HOSTAL;03;3 ESTRELLAS;TACNA;230000;6;110;230;29,88;21,13;3,14;2,64;3,67;464;237;227;1458;626;832;19
2022;06;03;HOSTAL;03;3 ESTRELLAS;TUMBES;240000;5;83;174;12,89;9,73;1,03;1,03;1;495;432;63;508;445;63;15
2022;06;03;HOSTAL;03;3 ESTRELLAS;UCAYALI;250000;1;35;52;15,24;14,23;1,83;1,82;2,5;121;119;2;222;217;5;5
2022;06;03;HOSTAL;TT;TODAS CONSOLIDADAS;AMAZONAS;010000;79;1334;2133;32,39;26,56;1,38;1,37;1,86;12313;12040;273;16994;16487;507;216
2022;06;03;HOSTAL;TT;TODAS CONSOLIDADAS;ÁNCASH;020000;189;2932;5060;33,98;31,22;1,09;1,09;1,71;43332;42798;534;47399;46486;913;512
2022;06;03;HOSTAL;TT;TODAS CONSOLIDADAS;APURÍMAC;030000;7;161;262;34,45;26,5;1,21;1,21;1;1726;1721;5;2083;2078;5;27
2022;06;03;HOSTAL;TT;TODAS CONSOLIDADAS;CAJAMARCA;060000;188;3297;5261;18,87;15;1,31;1,31;1,08;18101;17918;183;23672;23475;197;570
2022;06;03;HOSTAL;TT;TODAS CONSOLIDADAS;CALLAO;070000;18;411;798;47,91;46,92;1,03;1,03;1,02;11443;11089;354;11755;11393;362;78
2022;06;03;HOSTAL;TT;TODAS CONSOLIDADAS;CUSCO;080000;98;1649;3018;25,56;22,78;1,46;1,32;1,72;14097;9059;5038;20622;11972;8650;286
2022;06;03;HOSTAL;TT;TODAS CONSOLIDADAS;HUANCAVELICA;090000;3;68;116;32,01;20,98;1,11;1,11;0;660;660;0;730;730;0;9
2022;06;03;HOSTAL;TT;TODAS CONSOLIDADAS;HUÁNUCO;100000;41;579;914;41,31;36,63;1,08;1,08;1,13;9321;9062;259;10044;9751;293;106
2022;06;03;HOSTAL;TT;TODAS CONSOLIDADAS;ICA;110000;106;1600;2744;26,53;22,06;1,11;1,1;1,16;16413;15314;1099;18163;16885;1278;281
2022;06;03;HOSTAL;TT;TODAS CONSOLIDADAS;JUNÍN;120000;41;649;1225;28,44;23,98;1,28;1,28;1,47;6887;6872;15;8813;8791;22;149
2022;06;03;HOSTAL;TT;TODAS CONSOLIDADAS;LA LIBERTAD;130000;224;3692;6719;28,81;25,83;1,22;1,22;1,27;42563;41919;644;52060;51245;815;648
2022;06;03;HOSTAL;TT;TODAS CONSOLIDADAS;LAMBAYEQUE;140000;197;2860;4048;23,08;18,16;1,15;1,15;1,23;19212;18965;247;22059;21755;304;537
2022;06;03;HOSTAL;TT;TODAS CONSOLIDADAS;LIMA;150000;244;5388;9772;32,61;30,05;1,25;1,19;1,87;90108;82491;7617;112400;98191;14208;1214
2022;06;03;HOSTAL;TT;TODAS CONSOLIDADAS;LORETO;160000;18;281;444;28,68;25,17;2,33;2,32;2,42;1440;1298;142;3352;3008;344;78
2022;06;03;HOSTAL;TT;TODAS CONSOLIDADAS;MADRE DE DIOS;170000;7;187;292;31,02;25,21;1,31;1,31;1,4;1683;1623;60;2208;2124;84;31
2022;06;03;HOSTAL;TT;TODAS CONSOLIDADAS;PASCO;190000;35;613;1013;29,83;21,63;1,31;1,31;1,35;5026;5009;17;6574;6551;23;95
2022;06;03;HOSTAL;TT;TODAS CONSOLIDADAS;PIURA;200000;32;647;1091;26,58;22,78;1,62;1,57;2,06;4590;4067;523;7456;6381;1075;150
2022;06;03;HOSTAL;TT;TODAS CONSOLIDADAS;PUNO;210000;79;1269;2262;24,79;18,02;1,35;1,37;1,23;9040;7736;1304;12231;10628;1603;214
2022;06;03;HOSTAL;TT;TODAS CONSOLIDADAS;SAN MARTÍN;220000;29;451;797;30,36;28,04;1,86;1,79;2,92;3610;3392;218;6705;6069;636;111
2022;06;03;HOSTAL;TT;TODAS CONSOLIDADAS;TACNA;230000;41;724;1393;24,72;19,95;1,47;1,34;1,69;5658;3514;2144;8337;4710;3627;131
2022;06;03;HOSTAL;TT;TODAS CONSOLIDADAS;TUMBES;240000;10;149;305;10,4;7,86;1,12;1,14;1;640;573;67;719;652;67;37
2022;06;03;HOSTAL;TT;TODAS CONSOLIDADAS;UCAYALI;250000;3;106;188;21,89;13,62;1,57;1,57;1,38;489;481;8;768;757;11;20
2022;06;05;ALBERGUE;12;ALBERGUE;AMAZONAS;010000;1;6;11;0;0;0;0;0;0;0;0;0;0;0;0
2022;06;05;ALBERGUE;12;ALBERGUE;ÁNCASH;020000;8;76;172;1,71;1,57;1,93;1,93;0;42;42;0;81;81;0;16
2022;06;05;ALBERGUE;12;ALBERGUE;AREQUIPA;040000;4;98;237;31,8;27,79;1,43;1,46;1,41;1385;453;932;1976;661;1315;99
2022;06;05;ALBERGUE;12;ALBERGUE;CAJAMARCA;060000;1;11;22;0;0;0;0;0;0;0;0;0;0;0;0
2022;06;05;ALBERGUE;12;ALBERGUE;CUSCO;080000;15;231;709;54,26;47,24;1,51;1,57;1,51;6641;522;6119;10049;822;9227;130
2022;06;05;ALBERGUE;12;ALBERGUE;ICA;110000;1;10;30;9;4,67;1,27;1,24;1,5;33;29;4;42;36;6;3
2022;06;05;ALBERGUE;12;ALBERGUE;JUNÍN;120000;1;32;104;18,85;13,3;1,8;1,83;1,1;231;221;10;415;404;11;19
2022;06;05;ALBERGUE;12;ALBERGUE;LIMA;150000;8;128;346;28,13;24,39;1,47;1,54;1,45;1725;414;1311;2532;636;1896;44
2022;06;05;ALBERGUE;12;ALBERGUE;LORETO;160000;55;723;1554;27,07;23,41;2,23;1,68;2,47;4903;1535;3368;10913;2586;8327;223
2022;06;05;ALBERGUE;12;ALBERGUE;MADRE DE DIOS;170000;9;256;514;31,15;31,98;2,56;2,67;2,55;1928;141;1787;4931;376;4555;146
2022;06;05;ALBERGUE;12;ALBERGUE;PASCO;190000;14;248;730;11,71;10,13;1,6;1,6;1,97;1383;1351;32;2219;2156;63;56
2022;06;05;ALBERGUE;12;ALBERGUE;SAN MARTÍN;220000;9;141;325;25,7;21,91;2,15;2,06;2,49;994;782;212;2136;1609;527;57
2022;06;05;ALBERGUE;12;ALBERGUE;UCAYALI;250000;3;34;86;9,41;8,1;1,26;1,26;1,2;166;151;15;209;191;18;19
2022;06;05;ALBERGUE;TT;TODAS CONSOLIDADAS;AMAZONAS;010000;1;6;11;0;0;0;0;0;0;0;0;0;0;0;0
2022;06;05;ALBERGUE;TT;TODAS CONSOLIDADAS;ÁNCASH;020000;8;76;172;1,71;1,57;1,93;1,93;0;42;42;0;81;81;0;16
2022;06;05;ALBERGUE;TT;TODAS CONSOLIDADAS;CAJAMARCA;060000;1;11;22;0;0;0;0;0;0;0;0;0;0;0;0
2022;06;05;ALBERGUE;TT;TODAS CONSOLIDADAS;ICA;110000;1;10;30;9;4,67;1,27;1,24;1,5;33;29;4;42;36;6;3
2022;06;05;ALBERGUE;TT;TODAS CONSOLIDADAS;JUNÍN;120000;1;32;104;18,85;13,3;1,8;1,83;1,1;231;221;10;415;404;11;19
2022;06;05;ALBERGUE;TT;TODAS CONSOLIDADAS;LIMA;150000;8;128;346;28,13;24,39;1,47;1,54;1,45;1725;414;1311;2532;636;1896;44
2022;06;05;ALBERGUE;TT;TODAS CONSOLIDADAS;LORETO;160000;55;723;1554;27,07;23,41;2,23;1,68;2,47;4903;1535;3368;10913;2586;8327;223
2022;06;05;ALBERGUE;TT;TODAS CONSOLIDADAS;MADRE DE DIOS;170000;9;256;514;31,15;31,98;2,56;2,67;2,55;1928;141;1787;4931;376;4555;146
2022;06;05;ALBERGUE;TT;TODAS CONSOLIDADAS;PASCO;190000;14;248;730;11,71;10,13;1,6;1,6;1,97;1383;1351;32;2219;2156;63;56
2022;06;05;ALBERGUE;TT;TODAS CONSOLIDADAS;PUNO;210000;1;13;35;0;0;0;0;0;0;0;0;0;0;0;0
2022;06;05;ALBERGUE;TT;TODAS CONSOLIDADAS;SAN MARTÍN;220000;9;141;325;25,7;21,91;2,15;2,06;2,49;994;782;212;2136;1609;527;57
2022;06;05;ALBERGUE;TT;TODAS CONSOLIDADAS;UCAYALI;250000;3;34;86;9,41;8,1;1,26;1,26;1,2;166;151;15;209;191;18;19
2022;06;14;RESORT;03;3 ESTRELLAS;ICA;110000;1;51;86;0;0;0;0;0;0;0;0;0;0;0;0
2022;06;14;RESORT;03;3 ESTRELLAS;TUMBES;240000;1;31;60;0;0;0;0;0;0;0;0;0;0;0;0
2022;06;14;RESORT;04;4 ESTRELLAS;TUMBES;240000;1;402;1101;52,77;45,45;2,56;2,55;2,7;5858;5215;643;15011;13273;1738;374
2022;06;14;RESORT;05;5 ESTRELLAS;ICA;110000;1;115;250;24,41;23,43;1,52;1,59;1,35;1159;802;357;1757;1276;481;90
2022;06;14;RESORT;TT;TODAS CONSOLIDADAS;ICA;110000;2;166;336;16,91;17,43;1,52;1,59;1,35;1159;802;357;1757;1276;481;90
2022;06;14;RESORT;TT;TODAS CONSOLIDADAS;TUMBES;240000;2;433;1161;48,99;43,1;2,56;2,55;2,7;5858;5215;643;15011;13273;1738;374
2022;06;16;ECOLODGE;13;ECOLODGE;AREQUIPA;040000;1;23;51;10,58;9,54;1,54;1,38;1,59;95;24;71;146;33;113;8
2022;06;16;ECOLODGE;13;ECOLODGE;SAN MARTÍN;220000;1;12;24;0;0;0;0;0;0;0;0;0;0;0;0
2022;06;16;ECOLODGE;TT;TODAS CONSOLIDADAS;AREQUIPA;040000;1;23;51;10,58;9,54;1,54;1,38;1,59;95;24;71;146;33;113;8
2022;06;TT;TODAS CONSOLIDADAS;00;NO CATEGORIZADO;AMAZONAS;010000;268;2535;4132;19,68;15,71;1,12;1,11;1,41;17439;17017;422;19480;18887;593;475
2022;06;TT;TODAS CONSOLIDADAS;00;NO CATEGORIZADO;ÁNCASH;020000;599;5641;9782;18,57;14,18;1,24;1,23;1,27;33559;27408;6151;41615;33798;7817;991
2022;06;TT;TODAS CONSOLIDADAS;00;NO CATEGORIZADO;APURÍMAC;030000;474;4367;6714;15,59;11,97;1,15;1,15;1,5;20892;20680;212;24111;23793;318;467
2022;06;TT;TODAS CONSOLIDADAS;00;NO CATEGORIZADO;AYACUCHO;050000;537;5201;8259;15,99;12,61;1,18;1,18;1,18;26530;26063;467;31252;30701;551;573
2022;06;TT;TODAS CONSOLIDADAS;00;NO CATEGORIZADO;CAJAMARCA;060000;626;6162;9578;16,79;14,91;1,15;1,15;1,2;37275;36947;328;42839;42446;393;1094
2022;06;TT;TODAS CONSOLIDADAS;00;NO CATEGORIZADO;CUSCO;080000;1814;17943;32384;26,39;24,39;1,77;1,49;2,02;134104;64600;69504;236970;96524;140446;3442
2022;06;TT;TODAS CONSOLIDADAS;00;NO CATEGORIZADO;HUANCAVELICA;090000;191;2252;3467;19,5;16,09;1,09;1,08;1,42;15423;15399;24;16738;16704;34;272
2022;06;TT;TODAS CONSOLIDADAS;00;NO CATEGORIZADO;HUÁNUCO;100000;469;5215;7716;18,4;15,43;1,14;1,14;1,23;31230;30916;314;35723;35338;385;677
2022;06;TT;TODAS CONSOLIDADAS;00;NO CATEGORIZADO;ICA;110000;733;8073;13778;19,82;14,99;1,22;1,2;1,31;50951;41257;9694;61965;49313;12652;1457
2022;06;TT;TODAS CONSOLIDADAS;00;NO CATEGORIZADO;JUNÍN;120000;1295;13835;22253;20,11;15,54;1,24;1,24;1,79;83379;82954;425;103744;102985;759;2417
2022;06;TT;TODAS CONSOLIDADAS;00;NO CATEGORIZADO;LA LIBERTAD;130000;837;6764;11328;20,26;15,23;1,17;1,17;1,35;44342;43761;581;51771;50984;787;744
2022;06;TT;TODAS CONSOLIDADAS;00;NO CATEGORIZADO;LAMBAYEQUE;140000;377;3892;5619;19,52;15,74;1,07;1,07;1,01;24899;24312;587;26539;25949;590;526
2022;06;TT;TODAS CONSOLIDADAS;00;NO CATEGORIZADO;LIMA;150000;6191;52373;91036;21,45;18,24;1,15;1,13;1,32;1957770;1844089;113680;2242312;2092168;150144;37438
2022;06;TT;TODAS CONSOLIDADAS;00;NO CATEGORIZADO;LORETO;160000;719;6519;10218;17,76;18,02;1,85;1,72;2,12;29886;20375;9511;55232;35076;20156;717
2022;06;TT;TODAS CONSOLIDADAS;00;NO CATEGORIZADO;MADRE DE DIOS;170000;313;4319;7219;23,17;18,73;1,2;1,15;1,51;33757;29160;4597;40562;33639;6923;731
2022;06;TT;TODAS CONSOLIDADAS;00;NO CATEGORIZADO;MOQUEGUA;180000;188;1784;3038;12,18;7,9;1,19;1,19;1;6077;6006;71;7202;7131;71;225
2022;06;TT;TODAS CONSOLIDADAS;00;NO CATEGORIZADO;PASCO;190000;318;3481;5454;18,2;15,16;1,18;1,18;1,13;20949;20904;45;24797;24746;51;610
2022;06;TT;TODAS CONSOLIDADAS;00;NO CATEGORIZADO;PIURA;200000;1010;10364;18829;28,74;22,41;1,62;1,58;2,15;77998;71977;6021;126590;113639;12951;2040
2022;06;TT;TODAS CONSOLIDADAS;00;NO CATEGORIZADO;PUNO;210000;696;6673;11342;21,25;17,26;1,15;1,15;1,13;51245;48547;2698;58741;55698;3043;1213
2022;06;TT;TODAS CONSOLIDADAS;00;NO CATEGORIZADO;SAN MARTÍN;220000;751;8545;13260;29,31;24,25;1,27;1,27;1,42;76102;74745;1357;96478;94554;1924;1123
2022;06;TT;TODAS CONSOLIDADAS;00;NO CATEGORIZADO;TACNA;230000;403;3822;6909;10,85;9,1;1,27;1,24;1,44;14807;12264;2543;18855;15196;3659;470
2022;06;TT;TODAS CONSOLIDADAS;00;NO CATEGORIZADO;TUMBES;240000;217;2238;4341;12,6;9,19;1,84;1,72;2,91;6516;5895;621;11970;10163;1807;381
2022;06;TT;TODAS CONSOLIDADAS;00;NO CATEGORIZADO;UCAYALI;250000;460;4942;7619;22,46;18,92;1,61;1,6;2,19;26845;26322;523;43246;42099;1147;884
2022;06;TT;TODAS CONSOLIDADAS;01;1 ESTRELLA;AMAZONAS;010000;18;278;432;67,99;59,83;1,83;1,83;3;4228;4226;2;7754;7748;6;48
2022;06;TT;TODAS CONSOLIDADAS;01;1 ESTRELLA;APURÍMAC;030000;3;89;132;20,15;15,2;1,08;1,08;0;559;559;0;602;602;0;10
2022;06;TT;TODAS CONSOLIDADAS;01;1 ESTRELLA;AYACUCHO;050000;14;339;591;12,01;11,44;1,79;1,79;1;1134;1132;2;2029;2027;2;55
2022;06;TT;TODAS CONSOLIDADAS;01;1 ESTRELLA;CAJAMARCA;060000;28;554;869;10,76;8,24;1,32;1,32;1,04;1631;1605;26;2147;2120;27;93
2022;06;TT;TODAS CONSOLIDADAS;01;1 ESTRELLA;CALLAO;070000;13;264;518;39,35;36,83;1,06;1,06;1,03;5649;5299;350;5975;5616;359;49
2022;06;TT;TODAS CONSOLIDADAS;01;1 ESTRELLA;CUSCO;080000;27;494;826;22,33;18,83;1,13;1,12;1,94;4119;4067;52;4666;4565;101;68
2022;06;TT;TODAS CONSOLIDADAS;01;1 ESTRELLA;HUANCAVELICA;090000;2;29;45;45,17;30,22;1,02;1,02;0;400;400;0;408;408;0;5
2022;06;TT;TODAS CONSOLIDADAS;01;1 ESTRELLA;HUÁNUCO;100000;25;508;757;53,39;49,92;1,05;1,05;1,2;10783;10614;169;11336;11133;203;93
2022;06;TT;TODAS CONSOLIDADAS;01;1 ESTRELLA;ICA;110000;15;237;332;25,39;22,59;1;1;0;2250;2250;0;2250;2250;0;27
2022;06;TT;TODAS CONSOLIDADAS;01;1 ESTRELLA;JUNÍN;120000;19;424;821;22,7;15,64;1,35;1,35;1;2845;2843;2;3852;3850;2;60
2022;06;TT;TODAS CONSOLIDADAS;01;1 ESTRELLA;LA LIBERTAD;130000;36;555;971;35,68;23,17;1,9;1,9;1,57;3558;3544;14;6750;6728;22;94
2022;06;TT;TODAS CONSOLIDADAS;01;1 ESTRELLA;LAMBAYEQUE;140000;19;280;352;13,06;11,24;1,06;1,06;1,18;1120;1092;28;1187;1154;33;48
2022;06;TT;TODAS CONSOLIDADAS;01;1 ESTRELLA;LIMA;150000;96;2131;3756;41,65;34,84;1,1;1,09;1,37;44130;43451;679;48391;47461;930;447
2022;06;TT;TODAS CONSOLIDADAS;01;1 ESTRELLA;LORETO;160000;5;75;102;31,64;29,61;2,46;2,47;2,36;369;327;42;906;807;99;16
2022;06;TT;TODAS CONSOLIDADAS;01;1 ESTRELLA;MADRE DE DIOS;170000;6;172;313;25,27;19,9;1,04;1,05;1;1789;1732;57;1869;1812;57;25
2022;06;TT;TODAS CONSOLIDADAS;01;1 ESTRELLA;MOQUEGUA;180000;16;232;408;13,71;9,55;1,68;1,7;1,26;697;663;34;1169;1126;43;40
2022;06;TT;TODAS CONSOLIDADAS;01;1 ESTRELLA;PASCO;190000;25;513;778;26,37;18,97;1,2;1,2;1,17;3688;3676;12;4428;4414;14;81
2022;06;TT;TODAS CONSOLIDADAS;01;1 ESTRELLA;PIURA;200000;4;76;128;13,07;17,4;1,36;1,36;1;490;488;2;668;666;2;14
2022;06;TT;TODAS CONSOLIDADAS;01;1 ESTRELLA;PUNO;210000;34;571;975;22,87;16,27;1,21;1,17;1,78;3932;3703;229;4758;4351;407;82
2022;06;TT;TODAS CONSOLIDADAS;01;1 ESTRELLA;SAN MARTÍN;220000;7;146;229;40,09;41,35;1,39;1,39;0;2046;2046;0;2841;2841;0;32
2022;06;TT;TODAS CONSOLIDADAS;01;1 ESTRELLA;TACNA;230000;12;236;427;8,04;7,44;1,12;1,11;1,15;851;602;249;953;666;287;33
2022;06;TT;TODAS CONSOLIDADAS;02;2 ESTRELLAS;AMAZONAS;010000;84;1765;2776;21,44;17,72;1,16;1,15;1,75;12684;12393;291;14756;14247;509;279
2022;06;TT;TODAS CONSOLIDADAS;02;2 ESTRELLAS;ÁNCASH;020000;180;3418;6044;31,75;27,03;1,12;1,12;1,24;43724;43383;341;49004;48580;424;573
2022;06;TT;TODAS CONSOLIDADAS;02;2 ESTRELLAS;APURÍMAC;030000;9;302;494;24,64;21,6;1,11;1,11;0;2875;2875;0;3201;3201;0;35
2022;06;TT;TODAS CONSOLIDADAS;02;2 ESTRELLAS;AYACUCHO;050000;14;387;678;16,42;14,83;1,87;1,87;1,92;1615;1562;53;3017;2915;102;52
2022;06;TT;TODAS CONSOLIDADAS;02;2 ESTRELLAS;CAJAMARCA;060000;153;3182;4956;18,68;14,8;1,24;1,24;1,07;17819;17570;249;22008;21742;266;509
2022;06;TT;TODAS CONSOLIDADAS;02;2 ESTRELLAS;CALLAO;070000;7;221;415;45,01;46,43;1,01;1;1,36;5709;5560;149;5780;5578;202;32
2022;06;TT;TODAS CONSOLIDADAS;02;2 ESTRELLAS;CUSCO;080000;101;2144;3996;25,42;23,7;1,59;1,48;1,69;17840;8197;9643;28417;12116;16301;528
2022;06;TT;TODAS CONSOLIDADAS;02;2 ESTRELLAS;HUANCAVELICA;090000;3;85;156;32,75;22,14;2,06;2,04;2,91;502;491;11;1036;1004;32;13
2022;06;TT;TODAS CONSOLIDADAS;02;2 ESTRELLAS;HUÁNUCO;100000;63;1546;2448;35,51;29,9;1,18;1,18;1;18553;18463;90;21961;21871;90;266
2022;06;TT;TODAS CONSOLIDADAS;02;2 ESTRELLAS;ICA;110000;113;2271;3887;23,2;17,96;1,35;1,36;1,08;15465;15060;405;20943;20506;437;369
2022;06;TT;TODAS CONSOLIDADAS;02;2 ESTRELLAS;JUNÍN;120000;51;1204;2207;26,33;21,16;1,27;1,27;1,56;11000;10909;91;14007;13865;142;201
2022;06;TT;TODAS CONSOLIDADAS;02;2 ESTRELLAS;LA LIBERTAD;130000;158;2824;5068;22,11;21,5;1,23;1,22;1,57;26521;25805;716;32690;31569;1121;497
2022;06;01;HOTEL;03;3 ESTRELLAS;PUNO;210000;27;899;1736;31,52;28,04;1,79;2,33;1,55;8142;2561;5581;14604;5970;8634;174
2022;06;05;ALBERGUE;12;ALBERGUE;PUNO;210000;1;13;35;0;0;0;0;0;0;0;0;0;0;0;0
2022;06;01;HOTEL;TT;TODAS CONSOLIDADAS;AREQUIPA;040000;123;3944;7162;27,72;23,83;1,74;1,76;1,71;29411;20219;9192;51200;35508;15692;1037
2022;06;02;APART HOTEL;TT;TODAS CONSOLIDADAS;AREQUIPA;040000;2;37;68;8,47;13,33;2,18;2,22;2;125;98;27;272;218;54;8
2022;06;01;HOTEL;TT;TODAS CONSOLIDADAS;MOQUEGUA;180000;29;879;1564;32,46;27,19;4,43;4,39;5,05;2877;2692;185;12756;11821;935;192
2022;06;03;HOSTAL;TT;TODAS CONSOLIDADAS;MOQUEGUA;180000;80;1133;1860;16,89;13,33;1,33;1,34;1,13;5577;5471;106;7436;7316;120;195
2022;06;03;HOSTAL;02;2 ESTRELLAS;LIMA;150000;141;3287;5979;31,62;32,15;1,34;1,25;2,02;59728;52775;6954;79992;65929;14063;794
2022;06;03;HOSTAL;TT;TODAS CONSOLIDADAS;AREQUIPA;040000;211;3319;5820;29,24;25,94;1,36;1,32;1,74;33263;30237;3026;45295;40040;5255;635
2022;06;05;ALBERGUE;TT;TODAS CONSOLIDADAS;AREQUIPA;040000;4;98;237;31,8;27,79;1,43;1,46;1,41;1385;453;932;1976;661;1315;99
2022;06;TT;TODAS CONSOLIDADAS;02;2 ESTRELLAS;AREQUIPA;040000;161;3057;5494;27,53;24,53;1,33;1,31;1,52;30483;28607;1876;40428;37578;2850;526
2022;06;03;HOSTAL;TT;TODAS CONSOLIDADAS;AYACUCHO;050000;14;213;382;18,12;14,94;1,91;1,88;2,39;896;835;61;1712;1566;146;52
2022;06;05;ALBERGUE;TT;TODAS CONSOLIDADAS;CUSCO;080000;15;231;709;54,26;47,24;1,51;1,57;1,51;6641;522;6119;10049;822;9227;130
2022;06;16;ECOLODGE;TT;TODAS CONSOLIDADAS;SAN MARTÍN;220000;1;12;24;0;0;0;0;0;0;0;0;0;0;0;0
2022;06;TT;TODAS CONSOLIDADAS;00;NO CATEGORIZADO;AREQUIPA;040000;1102;9843;16602;19,23;17,39;1,48;1,43;1,62;58657;44202;14455;86624;63145;23479;1216
2022;06;TT;TODAS CONSOLIDADAS;01;1 ESTRELLA;AREQUIPA;040000;57;965;1520;29,69;23;1,39;1,36;2,3;7534;7248;286;10487;9828;659;158
2022;06;TT;TODAS CONSOLIDADAS;00;NO CATEGORIZADO;CALLAO;070000;257;3635;6742;33,05;30,57;1,01;1;1,14;109147;108442;705;109721;108920;801;956
2022;06;TT;TODAS CONSOLIDADAS;01;1 ESTRELLA;ÁNCASH;020000;53;959;1547;29,11;26,78;1,08;1,08;1;11468;11453;15;12427;12412;15;148
2022;06;TT;TODAS CONSOLIDADAS;02;2 ESTRELLAS;LIMA;150000;267;8590;15387;38,92;34,72;1,28;1,24;1,92;163502;154303;9199;208946;191264;17682;1817
2022;06;TT;TODAS CONSOLIDADAS;02;2 ESTRELLAS;LORETO;160000;19;411;657;19,59;19,22;1,71;1,71;1,74;2212;1920;292;3789;3280;509;75
2022;06;TT;TODAS CONSOLIDADAS;02;2 ESTRELLAS;MADRE DE DIOS;170000;13;373;639;34,64;24,05;1,19;1,18;1,24;3880;3609;271;4610;4275;335;62
2022;06;TT;TODAS CONSOLIDADAS;02;2 ESTRELLAS;MOQUEGUA;180000;79;1320;2177;23,46;18,62;1,96;1,97;1,17;6205;6089;116;12158;12022;136;238
2022;06;TT;TODAS CONSOLIDADAS;02;2 ESTRELLAS;PIURA;200000;47;1023;1679;31,71;26,56;1,68;1,66;1,95;7954;7374;580;13378;12248;1130;218
2022;06;TT;TODAS CONSOLIDADAS;02;2 ESTRELLAS;PUNO;210000;64;1187;2159;18,77;13,64;1,43;1,46;1,19;6177;5489;688;8836;8019;817;192
2022;06;TT;TODAS CONSOLIDADAS;02;2 ESTRELLAS;SAN MARTÍN;220000;52;1153;1923;33,43;26,76;1,87;1,86;2,12;8265;7943;322;15437;14755;682;240
2022;06;TT;TODAS CONSOLIDADAS;02;2 ESTRELLAS;UCAYALI;250000;4;129;229;19,48;12,46;1,92;1,9;3;445;434;11;856;823;33;26
2022;06;TT;TODAS CONSOLIDADAS;03;3 ESTRELLAS;AMAZONAS;010000;28;583;1035;20,65;16,92;1,38;1,34;1,76;3819;3472;347;5255;4645;610;145
2022;06;TT;TODAS CONSOLIDADAS;03;3 ESTRELLAS;ÁNCASH;020000;63;1677;3069;22,67;17,66;1,72;1,7;1,96;9430;8549;881;16264;14538;1726;380
2022;06;TT;TODAS CONSOLIDADAS;03;3 ESTRELLAS;APURÍMAC;030000;5;141;237;53,26;41,73;1,68;1,72;1,36;1764;1596;168;2967;2738;229;34
2022;06;TT;TODAS CONSOLIDADAS;03;3 ESTRELLAS;AREQUIPA;040000;104;2564;4741;25,43;22,22;1,82;1,88;1,71;17364;11032;6332;31604;20764;10840;668
2022;06;TT;TODAS CONSOLIDADAS;03;3 ESTRELLAS;AYACUCHO;050000;11;340;652;21,1;17,46;2,07;2,07;2,08;1648;1468;180;3416;3041;375;109
2022;06;TT;TODAS CONSOLIDADAS;03;3 ESTRELLAS;CAJAMARCA;060000;120;2890;4752;19,04;15,56;1,44;1,44;1,67;15403;15076;327;22189;21642;547;603
2022;06;TT;TODAS CONSOLIDADAS;03;3 ESTRELLAS;CALLAO;070000;4;233;392;40,13;36,47;1,48;1,6;1,28;2900;1792;1108;4289;2872;1417;54
2022;06;TT;TODAS CONSOLIDADAS;03;3 ESTRELLAS;CUSCO;080000;110;3604;7112;38,15;34,71;1,81;2;1,77;40933;7619;33314;74057;15250;58807;1064
2022;06;TT;TODAS CONSOLIDADAS;03;3 ESTRELLAS;HUANCAVELICA;090000;2;65;108;9,59;6,36;1,36;1,36;1,67;151;148;3;206;201;5;20
2022;06;TT;TODAS CONSOLIDADAS;03;3 ESTRELLAS;HUÁNUCO;100000;15;549;1007;21,58;18;1,48;1,47;1,62;3674;3460;214;5438;5092;346;106
2022;06;TT;TODAS CONSOLIDADAS;03;3 ESTRELLAS;ICA;110000;83;2437;4854;30,44;24,45;1,43;1,45;1,38;24973;17607;7366;35607;25467;10140;576
2022;06;TT;TODAS CONSOLIDADAS;03;3 ESTRELLAS;JUNÍN;120000;21;769;1453;22,78;17,08;1,66;1,66;1,8;4479;4369;110;7446;7248;198;190
2022;06;TT;TODAS CONSOLIDADAS;03;3 ESTRELLAS;LA LIBERTAD;130000;143;3512;6658;27,33;23,1;1,3;1,27;1,96;35472;33828;1644;46139;42917;3222;776
2022;06;TT;TODAS CONSOLIDADAS;03;3 ESTRELLAS;LAMBAYEQUE;140000;61;1607;2615;27,09;21,88;1,37;1,36;1,48;12539;12018;521;17161;16389;772;339
2022;06;TT;TODAS CONSOLIDADAS;03;3 ESTRELLAS;LIMA;150000;189;8749;16699;39,46;33,17;1,67;1,44;2,13;99721;67498;32223;166195;97529;68666;1990
2022;06;TT;TODAS CONSOLIDADAS;03;3 ESTRELLAS;LORETO;160000;30;825;1438;31,84;25,7;2,1;2,13;1,93;5290;4351;939;11085;9271;1814;228
2022;06;TT;TODAS CONSOLIDADAS;03;3 ESTRELLAS;MADRE DE DIOS;170000;6;218;390;38,73;30,82;1,62;1,74;1,33;2230;1556;674;3606;2709;897;74
2022;06;TT;TODAS CONSOLIDADAS;03;3 ESTRELLAS;MOQUEGUA;180000;13;345;615;14,18;10,35;1,63;1,6;1,89;1173;1064;109;1909;1703;206;63
2022;06;TT;TODAS CONSOLIDADAS;03;3 ESTRELLAS;PASCO;190000;6;133;250;53,46;38,51;1,57;1,57;1,75;1834;1814;20;2888;2853;35;24
2022;06;TT;TODAS CONSOLIDADAS;03;3 ESTRELLAS;PIURA;200000;18;650;1182;35,72;23,93;2,61;1,98;5,79;3250;2715;535;8487;5387;3100;210
2022;06;TT;TODAS CONSOLIDADAS;03;3 ESTRELLAS;PUNO;210000;35;1062;2019;33,42;28,32;1,74;2,09;1,53;9832;3742;6090;17154;7839;9315;213
2022;06;TT;TODAS CONSOLIDADAS;03;3 ESTRELLAS;SAN MARTÍN;220000;29;864;1598;26,08;23,09;1,81;1,78;2,44;6108;5775;333;11067;10253;814;261
2022;06;TT;TODAS CONSOLIDADAS;03;3 ESTRELLAS;TACNA;230000;20;611;1282;31,92;23,27;1,99;1,96;2,01;4494;2055;2439;8948;4035;4913;142
2022;06;TT;TODAS CONSOLIDADAS;03;3 ESTRELLAS;TUMBES;240000;17;414;869;24,07;23,45;2,52;2,51;2,6;2424;2098;326;6113;5265;848;151
2022;06;TT;TODAS CONSOLIDADAS;03;3 ESTRELLAS;UCAYALI;250000;16;572;939;30,94;26,29;1,88;1,86;2,14;3932;3632;300;7406;6763;643;133
2022;06;TT;TODAS CONSOLIDADAS;04;4 ESTRELLAS;AREQUIPA;040000;11;473;943;36,69;31,86;1,89;2,2;1,63;4781;2170;2611;9013;4765;4248;165
2022;06;TT;TODAS CONSOLIDADAS;04;4 ESTRELLAS;CAJAMARCA;060000;4;214;355;47,96;45,23;1,96;1,87;2,55;2463;2156;307;4817;4035;782;124
2022;06;TT;TODAS CONSOLIDADAS;04;4 ESTRELLAS;CALLAO;070000;2;371;599;100,8;86,96;1,3;1,19;1,32;11994;1599;10395;15627;1902;13725;107
2022;06;TT;TODAS CONSOLIDADAS;04;4 ESTRELLAS;CUSCO;080000;14;988;1909;67,84;66,32;2,08;1,91;2,1;18294;2497;15797;37980;4776;33204;550
2022;06;TT;TODAS CONSOLIDADAS;04;4 ESTRELLAS;ICA;110000;7;744;1550;19,92;19,46;1,72;1,79;1,6;5258;3400;1858;9048;6082;2966;363
2022;06;TT;TODAS CONSOLIDADAS;04;4 ESTRELLAS;JUNÍN;120000;1;40;66;40,42;24,49;1,89;1,83;3,18;257;246;11;485;450;35;21
2022;06;TT;TODAS CONSOLIDADAS;04;4 ESTRELLAS;LA LIBERTAD;130000;3;206;326;53,11;46,18;2,1;2,04;2,33;2152;1721;431;4516;3510;1006;79
2022;06;TT;TODAS CONSOLIDADAS;04;4 ESTRELLAS;LAMBAYEQUE;140000;5;352;592;54,73;47;1,58;1,51;2,03;5275;4571;704;8347;6916;1431;249
2022;06;TT;TODAS CONSOLIDADAS;04;4 ESTRELLAS;LIMA;150000;52;5123;9171;38,1;34,26;2,1;1,64;2,56;44969;22537;22432;94248;36905;57343;2145
2022;06;TT;TODAS CONSOLIDADAS;04;4 ESTRELLAS;LORETO;160000;3;103;173;37,54;30,56;2,16;2,2;2,09;734;479;255;1586;1052;534;33
2022;06;TT;TODAS CONSOLIDADAS;04;4 ESTRELLAS;PIURA;200000;3;299;552;38,9;29,32;2,19;2,2;2,17;2216;1828;388;4855;4014;841;53
2022;06;TT;TODAS CONSOLIDADAS;04;4 ESTRELLAS;SAN MARTÍN;220000;1;24;57;63,75;43,74;1,95;2,23;1,53;383;231;152;748;516;232;17
2022;06;TT;TODAS CONSOLIDADAS;04;4 ESTRELLAS;TACNA;230000;1;150;300;33,93;27,8;1,78;1,71;1,82;1408;552;856;2502;945;1557;32
2022;06;TT;TODAS CONSOLIDADAS;04;4 ESTRELLAS;TUMBES;240000;6;667;1624;43,94;40,39;2,48;2,48;2,49;7940;6963;977;19678;17247;2431;494
2022;06;TT;TODAS CONSOLIDADAS;05;5 ESTRELLAS;AREQUIPA;040000;3;241;352;46,89;49,57;1,99;1,89;2,11;2637;1497;1140;5235;2831;2404;163
2022;06;TT;TODAS CONSOLIDADAS;05;5 ESTRELLAS;CUSCO;080000;15;1288;2527;55,2;52,02;1,71;1,95;1,67;23124;2597;20527;39436;5069;34367;1041
2022;06;TT;TODAS CONSOLIDADAS;05;5 ESTRELLAS;ICA;110000;4;461;1130;26,26;21,86;1,69;1,65;1,75;4396;2984;1412;7410;4932;2478;463
2022;06;TT;TODAS CONSOLIDADAS;05;5 ESTRELLAS;LA LIBERTAD;130000;2;267;450;33,06;29,01;1,8;1,65;2,36;2170;1695;475;3916;2793;1123;175
2022;06;TT;TODAS CONSOLIDADAS;05;5 ESTRELLAS;LIMA;150000;30;4596;8371;42,02;32,15;2,35;1,68;2,69;34303;11386;22917;80742;19137;61605;2698
2022;06;TT;TODAS CONSOLIDADAS;05;5 ESTRELLAS;LORETO;160000;1;60;91;82,72;87,44;1,89;2,04;1,73;1264;655;609;2387;1335;1052;54
2022;06;TT;TODAS CONSOLIDADAS;05;5 ESTRELLAS;PUNO;210000;1;123;231;44,91;44,68;1,19;1,21;1,18;2593;1009;1584;3096;1225;1871;45
2022;06;TT;TODAS CONSOLIDADAS;05;5 ESTRELLAS;SAN MARTÍN;220000;1;50;108;38,13;35,06;1,69;1,68;1,88;673;656;17;1136;1104;32;63
2022;06;TT;TODAS CONSOLIDADAS;05;5 ESTRELLAS;UCAYALI;250000;2;162;300;36,23;28,29;2,31;2,31;2,3;1103;906;197;2546;2092;454;69
2022;06;TT;TODAS CONSOLIDADAS;12;ALBERGUE;AMAZONAS;010000;1;6;11;0;0;0;0;0;0;0;0;0;0;0;0
2022;06;TT;TODAS CONSOLIDADAS;12;ALBERGUE;ÁNCASH;020000;8;76;172;1,71;1,57;1,93;1,93;0;42;42;0;81;81;0;16
2022;06;TT;TODAS CONSOLIDADAS;12;ALBERGUE;AREQUIPA;040000;4;98;237;31,8;27,79;1,43;1,46;1,41;1385;453;932;1976;661;1315;99
2022;06;TT;TODAS CONSOLIDADAS;12;ALBERGUE;CAJAMARCA;060000;1;11;22;0;0;0;0;0;0;0;0;0;0;0;0
2022;06;TT;TODAS CONSOLIDADAS;12;ALBERGUE;CUSCO;080000;15;231;709;54,26;47,24;1,51;1,57;1,51;6641;522;6119;10049;822;9227;130
2022;06;TT;TODAS CONSOLIDADAS;12;ALBERGUE;ICA;110000;1;10;30;9;4,67;1,27;1,24;1,5;33;29;4;42;36;6;3
2022;06;TT;TODAS CONSOLIDADAS;12;ALBERGUE;JUNÍN;120000;1;32;104;18,85;13,3;1,8;1,83;1,1;231;221;10;415;404;11;19
2022;06;TT;TODAS CONSOLIDADAS;12;ALBERGUE;LIMA;150000;8;128;346;28,13;24,39;1,47;1,54;1,45;1725;414;1311;2532;636;1896;44
2022;06;TT;TODAS CONSOLIDADAS;12;ALBERGUE;LORETO;160000;55;723;1554;27,07;23,41;2,23;1,68;2,47;4903;1535;3368;10913;2586;8327;223
2022;06;TT;TODAS CONSOLIDADAS;12;ALBERGUE;MADRE DE DIOS;170000;9;256;514;31,15;31,98;2,56;2,67;2,55;1928;141;1787;4931;376;4555;146
2022;06;TT;TODAS CONSOLIDADAS;12;ALBERGUE;PASCO;190000;14;248;730;11,71;10,13;1,6;1,6;1,97;1383;1351;32;2219;2156;63;56
2022;06;TT;TODAS CONSOLIDADAS;12;ALBERGUE;PUNO;210000;1;13;35;0;0;0;0;0;0;0;0;0;0;0;0
2022;06;TT;TODAS CONSOLIDADAS;12;ALBERGUE;SAN MARTÍN;220000;9;141;325;25,7;21,91;2,15;2,06;2,49;994;782;212;2136;1609;527;57
2022;06;TT;TODAS CONSOLIDADAS;12;ALBERGUE;UCAYALI;250000;3;34;86;9,41;8,1;1,26;1,26;1,2;166;151;15;209;191;18;19
2022;06;TT;TODAS CONSOLIDADAS;13;ECOLODGE;AREQUIPA;040000;1;23;51;10,58;9,54;1,54;1,38;1,59;95;24;71;146;33;113;8
2022;06;TT;TODAS CONSOLIDADAS;13;ECOLODGE;SAN MARTÍN;220000;1;12;24;0;0;0;0;0;0;0;0;0;0;0;0
2022;06;TT;TODAS CONSOLIDADAS;TT;TODAS CONSOLIDADAS;AMAZONAS;010000;399;5167;8386;22,25;18,17;1,17;1,16;1,57;38170;37108;1062;47245;45527;1718;947
2022;06;TT;TODAS CONSOLIDADAS;TT;TODAS CONSOLIDADAS;ÁNCASH;020000;903;11771;20614;21,95;17,61;1,25;1,24;1,29;98223;90835;7388;119391;109409;9982;2108
2022;06;TT;TODAS CONSOLIDADAS;TT;TODAS CONSOLIDADAS;APURÍMAC;030000;491;4899;7577;16,17;12,47;1,16;1,16;1,46;26090;25710;380;30881;30334;547;546
2022;06;TT;TODAS CONSOLIDADAS;TT;TODAS CONSOLIDADAS;AREQUIPA;040000;1443;17264;29940;21,23;18,96;1,49;1,45;1,65;122936;95233;27703;185513;139605;45908;3003
2022;06;TT;TODAS CONSOLIDADAS;TT;TODAS CONSOLIDADAS;AYACUCHO;050000;576;6267;10180;16;12,73;1,23;1,23;1,21;30927;30225;702;39714;38684;1030;789
2022;06;TT;TODAS CONSOLIDADAS;TT;TODAS CONSOLIDADAS;CAJAMARCA;060000;932;13013;20532;17,32;14,89;1,21;1,21;1,24;74591;73354;1237;94000;91985;2015;2423
2022;06;TT;TODAS CONSOLIDADAS;TT;TODAS CONSOLIDADAS;CALLAO;070000;283;4724;8666;34,22;31,73;1,02;1,02;1,14;135399;122692;12707;141392;124888;16504;1199
2022;06;TT;TODAS CONSOLIDADAS;TT;TODAS CONSOLIDADAS;CUSCO;080000;2096;26692;49463;27,59;25,47;1,75;1,52;1,98;245055;90099;154956;431575;139122;292453;6823
2022;06;TT;TODAS CONSOLIDADAS;TT;TODAS CONSOLIDADAS;HUANCAVELICA;090000;198;2431;3776;19,86;16,23;1,1;1,1;1,43;16476;16438;38;18388;18317;71;310
2022;06;TT;TODAS CONSOLIDADAS;TT;TODAS CONSOLIDADAS;HUÁNUCO;100000;573;7879;12032;21,94;18,63;1,15;1,15;1,21;64877;64018;859;75611;74482;1129;1165
2022;06;TT;TODAS CONSOLIDADAS;TT;TODAS CONSOLIDADAS;ICA;110000;956;14233;25561;21,25;16,33;1,25;1,24;1,27;103326;82587;20739;137265;108586;28679;3258
2022;06;TT;TODAS CONSOLIDADAS;TT;TODAS CONSOLIDADAS;LA LIBERTAD;130000;1179;14128;24801;21,94;17,37;1,22;1,21;1,47;114215;110354;3861;145782;138501;7281;2365
2022;06;TT;TODAS CONSOLIDADAS;TT;TODAS CONSOLIDADAS;LAMBAYEQUE;140000;692;10490;15511;20,73;16,57;1,12;1,12;1,13;71138;69015;2123;84215;81042;3173;1908
2022;06;TT;TODAS CONSOLIDADAS;TT;TODAS CONSOLIDADAS;LIMA;150000;6833;81690;144766;23,14;19,72;1,18;1,15;1,38;2346120;2143678;202441;2843366;2485100;358267;46580
2022;06;TT;TODAS CONSOLIDADAS;TT;TODAS CONSOLIDADAS;LORETO;160000;832;8716;14233;19,15;18,88;1,88;1,74;2,13;44658;29642;15016;85898;53407;32491;1346
2022;06;TT;TODAS CONSOLIDADAS;TT;TODAS CONSOLIDADAS;MADRE DE DIOS;170000;347;5338;9075;24,11;19,5;1,24;1,2;1,51;43584;36198;7386;55578;42811;12767;1038
2022;06;TT;TODAS CONSOLIDADAS;TT;TODAS CONSOLIDADAS;MOQUEGUA;180000;298;3804;6470;15,74;11,37;1,51;1,52;1,22;14543;14175;368;27487;26307;1180;613
2022;06;TT;TODAS CONSOLIDADAS;TT;TODAS CONSOLIDADAS;PASCO;190000;383;4805;8019;20,2;16,81;1,22;1,22;1,21;33939;33825;114;43661;43489;172;841
2022;06;TT;TODAS CONSOLIDADAS;TT;TODAS CONSOLIDADAS;PIURA;200000;1083;12495;22538;28,98;22,64;1,64;1,59;2,2;93019;85222;7797;156122;137546;18576;2595
2022;06;TT;TODAS CONSOLIDADAS;TT;TODAS CONSOLIDADAS;PUNO;210000;838;10076;17603;21,74;17,53;1,2;1,22;1,18;78216;63226;14990;100360;78598;21762;1876
2022;06;TT;TODAS CONSOLIDADAS;TT;TODAS CONSOLIDADAS;SAN MARTÍN;220000;851;10935;17524;29,52;24,49;1,33;1,33;1,49;94571;92178;2393;129843;125632;4211;1793
2022;06;TT;TODAS CONSOLIDADAS;TT;TODAS CONSOLIDADAS;TACNA;230000;494;6182;11660;13,11;10,62;1,34;1,3;1,48;30495;21397;9098;45421;30100;15321;934
2022;06;TT;TODAS CONSOLIDADAS;TT;TODAS CONSOLIDADAS;TUMBES;240000;253;3643;7503;16,58;12,11;2,47;2,38;2,78;17392;15464;1928;44383;39293;5090;1097
2022;06;TT;TODAS CONSOLIDADAS;TT;TODAS CONSOLIDADAS;UCAYALI;250000;490;6128;9688;22,88;19,24;1,63;1,62;2,19;34864;33410;1454;59650;56435;3215;1218
2022;07;00;NO CLASIFICADO;00;NO CATEGORIZADO;AMAZONAS;010000;272;2608;4236;22,59;18,35;1,11;1,1;1,38;21733;21364;369;24098;23588;510;477
2022;06;TT;TODAS CONSOLIDADAS;02;2 ESTRELLAS;LAMBAYEQUE;140000;230;4359;6333;20,92;16,31;1,13;1,13;1,23;27305;27022;283;30981;30634;347;746
2022;06;TT;TODAS CONSOLIDADAS;02;2 ESTRELLAS;PASCO;190000;20;430;807;40,21;38,53;1,53;1,53;1,8;6085;6080;5;9329;9320;9;70
2022;06;TT;TODAS CONSOLIDADAS;02;2 ESTRELLAS;TACNA;230000;58;1363;2742;23;17,22;1,59;1,56;1,63;8935;5924;3011;14163;9258;4905;257
2022;06;TT;TODAS CONSOLIDADAS;02;2 ESTRELLAS;TUMBES;240000;13;324;669;60,67;32,99;12,93;13,03;1;512;508;4;6622;6618;4;71
2022;06;TT;TODAS CONSOLIDADAS;04;4 ESTRELLAS;HUÁNUCO;100000;1;61;104;45,9;36,96;1,81;1,85;1,46;637;565;72;1153;1048;105;23
2022;06;TT;TODAS CONSOLIDADAS;04;4 ESTRELLAS;MOQUEGUA;180000;2;123;232;72,66;72,54;12,91;12,25;19,05;391;353;38;5049;4325;724;47
2022;06;TT;TODAS CONSOLIDADAS;04;4 ESTRELLAS;PUNO;210000;7;447;842;33,56;30,78;1,75;1,99;1,7;4437;736;3701;7775;1466;6309;131
2022;06;TT;TODAS CONSOLIDADAS;04;4 ESTRELLAS;UCAYALI;250000;5;289;515;41,6;34,87;2,27;2,27;2,25;2373;1965;408;5387;4467;920;87
2022;06;TT;TODAS CONSOLIDADAS;05;5 ESTRELLAS;PIURA;200000;1;83;168;56,87;42,54;1,93;1,9;2,04;1111;840;271;2144;1592;552;60
2022;06;TT;TODAS CONSOLIDADAS;TT;TODAS CONSOLIDADAS;JUNÍN;120000;1388;16304;26904;20,43;15,78;1,25;1,25;1,77;102191;101542;649;129949;128802;1147;2908
2022;07;00;NO CLASIFICADO;00;NO CATEGORIZADO;AREQUIPA;040000;1104;10007;16845;19,77;18,21;1,57;1,55;1,64;60566;44989;15577;95073;69568;25505;1884
2022;07;00;NO CLASIFICADO;00;NO CATEGORIZADO;CUSCO;080000;1822;18088;32611;27,42;26,27;1,65;1,39;1,91;161078;81920;79158;265587;114121;151466;3544
2022;07;00;NO CLASIFICADO;00;NO CATEGORIZADO;HUANCAVELICA;090000;192;2246;3454;20,55;16,71;1,09;1,09;1,37;16349;16311;38;17888;17836;52;275
2022;07;00;NO CLASIFICADO;TT;TODAS CONSOLIDADAS;ÁNCASH;020000;598;5604;9733;16,53;15,37;1,3;1,26;1,79;35682;33028;2654;46370;41631;4739;671
2022;07;00;NO CLASIFICADO;TT;TODAS CONSOLIDADAS;CUSCO;080000;1822;18088;32611;27,42;26,27;1,65;1,39;1,91;161078;81920;79158;265587;114121;151466;3544
2022;07;00;NO CLASIFICADO;TT;TODAS CONSOLIDADAS;LIMA;150000;6192;52407;91119;20,74;19,27;1,15;1,15;1,21;2132177;2087720;44457;2452226;2398287;53938;33476
2022;07;00;NO CLASIFICADO;TT;TODAS CONSOLIDADAS;TUMBES;240000;217;2235;4333;19,79;14,76;2,17;2,16;2,38;9139;8684;455;19823;18739;1084;378
2022;07;01;HOTEL;01;1 ESTRELLA;AMAZONAS;010000;1;20;42;24,19;11,52;1,61;1,61;0;93;93;0;150;150;0;6
2022;07;01;HOTEL;01;1 ESTRELLA;AREQUIPA;040000;6;210;367;57,02;32,77;1,73;1,65;2,12;2157;1797;360;3728;2966;762;34
2022;07;01;HOTEL;01;1 ESTRELLA;CUSCO;080000;5;140;236;21,41;18,1;1,04;1,04;1,5;1276;1272;4;1324;1318;6;19
2022;07;01;HOTEL;02;2 ESTRELLAS;AMAZONAS;010000;31;829;1309;23,43;20,94;1,24;1,23;1,81;6846;6761;85;8499;8345;154;131
2022;07;01;HOTEL;02;2 ESTRELLAS;AREQUIPA;040000;40;1127;2010;26,46;23,96;1,36;1,34;1,68;10983;10322;661;14931;13818;1113;186
2022;07;01;HOTEL;02;2 ESTRELLAS;CUSCO;080000;45;1183;2217;24,44;24,29;1,66;1,38;1,86;10042;4197;5845;16695;5800;10895;365
2022;07;01;HOTEL;02;2 ESTRELLAS;HUANCAVELICA;090000;2;46;85;28,89;17,34;2,03;2,03;0;225;225;0;457;457;0;9
2022;07;01;HOTEL;02;2 ESTRELLAS;HUÁNUCO;100000;40;1247;1947;37,6;33,07;1,16;1,16;1,54;17223;17188;35;19961;19907;54;203
2022;07;00;NO CLASIFICADO;00;NO CATEGORIZADO;ÁNCASH;020000;598;5604;9733;16,53;15,37;1,3;1,26;1,79;35682;33028;2654;46370;41631;4739;671
2022;07;00;NO CLASIFICADO;00;NO CATEGORIZADO;APURÍMAC;030000;474;4380;6732;17,37;13,93;1,13;1,13;1,27;25681;25323;358;29071;28617;454;459
2022;07;01;HOTEL;01;1 ESTRELLA;APURÍMAC;030000;2;79;112;23,36;20,68;1,06;1,06;1;677;676;1;718;717;1;10
2022;07;01;HOTEL;02;2 ESTRELLAS;APURÍMAC;030000;4;175;295;23,39;18,64;1,14;1,13;1,67;1500;1494;6;1705;1695;10;16
2022;07;00;NO CLASIFICADO;00;NO CATEGORIZADO;AYACUCHO;050000;537;5201;8262;16,86;13,5;1,24;1,24;1,23;27852;27280;572;34569;33864;705;572
2022;07;01;HOTEL;01;1 ESTRELLA;AYACUCHO;050000;7;177;307;14,22;12,34;1,71;1,71;0;688;688;0;1174;1174;0;28
2022;07;01;HOTEL;02;2 ESTRELLAS;AYACUCHO;050000;9;265;483;26,06;24,2;1,6;1,61;1,24;2263;2187;76;3624;3530;94;39
2022;07;00;NO CLASIFICADO;00;NO CATEGORIZADO;CAJAMARCA;060000;627;6172;9597;19,18;17,56;1,34;1,34;1,15;38946;38588;358;52230;51820;410;1096
2022;07;01;HOTEL;01;1 ESTRELLA;CAJAMARCA;060000;6;170;278;11,18;10,03;1,1;1,1;1;785;776;9;864;855;9;27
2022;07;01;HOTEL;02;2 ESTRELLAS;CAJAMARCA;060000;41;1143;1740;17,77;13,48;1,23;1,23;1,25;5916;5805;111;7272;7133;139;187
2022;07;00;NO CLASIFICADO;00;NO CATEGORIZADO;CALLAO;070000;257;3635;6742;30,58;28,76;1,01;1,01;1,12;105448;104276;1171;106673;105358;1315;956
2022;07;00;NO CLASIFICADO;TT;TODAS CONSOLIDADAS;CALLAO;070000;257;3635;6742;30,58;28,76;1,01;1,01;1,12;105448;104276;1171;106673;105358;1315;956
2022;07;01;HOTEL;01;1 ESTRELLA;CALLAO;070000;1;34;68;18,98;18,93;1,03;1,01;5;386;384;2;399;389;10;2
2022;07;01;HOTEL;02;2 ESTRELLAS;CALLAO;070000;1;40;67;20,81;17,77;1,47;1,36;1,51;251;66;185;369;90;279;3
2022;07;00;NO CLASIFICADO;00;NO CATEGORIZADO;HUÁNUCO;100000;468;5200;7702;20,26;17,11;1,17;1,17;1,12;35044;34915;129;40856;40711;145;676
2022;07;00;NO CLASIFICADO;TT;TODAS CONSOLIDADAS;HUÁNUCO;100000;468;5200;7702;20,26;17,11;1,17;1,17;1,12;35044;34915;129;40856;40711;145;676
2022;07;01;HOTEL;01;1 ESTRELLA;HUÁNUCO;100000;9;272;405;50,77;46,59;1;1;0;5850;5850;0;5850;5850;0;48
2022;07;00;NO CLASIFICADO;00;NO CATEGORIZADO;ICA;110000;733;8085;13799;23;18,52;1,29;1,3;1,23;61516;48932;12584;79219;63681;15538;1454
2022;07;00;NO CLASIFICADO;TT;TODAS CONSOLIDADAS;ICA;110000;733;8085;13799;23;18,52;1,29;1,3;1,23;61516;48932;12584;79219;63681;15538;1454
2022;07;01;HOTEL;01;1 ESTRELLA;ICA;110000;4;82;108;0;0;0;0;0;0;0;0;0;0;0;0
2022;07;00;NO CLASIFICADO;00;NO CATEGORIZADO;JUNÍN;120000;1298;13920;22425;28,99;24,53;1,19;1,18;2,02;143765;143234;531;170503;169428;1075;2459
2022;07;00;NO CLASIFICADO;TT;TODAS CONSOLIDADAS;JUNÍN;120000;1298;13920;22425;28,99;24,53;1,19;1,18;2,02;143765;143234;531;170503;169428;1075;2459
2022;07;01;HOTEL;01;1 ESTRELLA;JUNÍN;120000;6;246;511;24,19;17,93;1,56;1,56;1;1822;1820;2;2841;2839;2;28
2022;07;00;NO CLASIFICADO;00;NO CATEGORIZADO;LA LIBERTAD;130000;833;6720;11252;20,63;18,2;1,18;1,17;1,74;53632;52555;1077;63472;61598;1874;736
2022;07;00;NO CLASIFICADO;TT;TODAS CONSOLIDADAS;LA LIBERTAD;130000;833;6720;11252;20,63;18,2;1,18;1,17;1,74;53632;52555;1077;63472;61598;1874;736
2022;07;01;HOTEL;01;1 ESTRELLA;LA LIBERTAD;130000;5;116;201;25,95;17,93;1;1;1;1117;1082;35;1117;1082;35;19
2022;07;00;NO CLASIFICADO;00;NO CATEGORIZADO;LAMBAYEQUE;140000;381;3940;5675;19,6;15,84;1,06;1,06;1,03;26241;25652;589;27859;27252;607;525
2022;07;00;NO CLASIFICADO;TT;TODAS CONSOLIDADAS;LAMBAYEQUE;140000;381;3940;5675;19,6;15,84;1,06;1,06;1,03;26241;25652;589;27859;27252;607;525
2022;07;01;HOTEL;01;1 ESTRELLA;LAMBAYEQUE;140000;3;101;145;1,69;1,38;1;1;0;62;62;0;62;62;0;17
2022;07;00;NO CLASIFICADO;00;NO CATEGORIZADO;LIMA;150000;6192;52407;91119;20,74;19,27;1,15;1,15;1,21;2132177;2087720;44457;2452226;2398287;53938;33476
2022;07;01;HOTEL;01;1 ESTRELLA;LIMA;150000;10;375;641;47,27;44,34;1,12;1,11;1,79;7433;7320;113;8293;8090;203;53
2022;07;00;NO CLASIFICADO;00;NO CATEGORIZADO;LORETO;160000;718;6516;10215;20,66;19,79;1,88;1,82;2,04;33310;23580;9730;62665;42845;19820;717
2022;07;00;NO CLASIFICADO;TT;TODAS CONSOLIDADAS;LORETO;160000;718;6516;10215;20,66;19,79;1,88;1,82;2,04;33310;23580;9730;62665;42845;19820;717
2022;07;00;NO CLASIFICADO;00;NO CATEGORIZADO;MADRE DE DIOS;170000;313;4305;7200;24,36;19,65;1,23;1,16;1,62;35656;30286;5370;43855;35145;8710;746
2022;07;00;NO CLASIFICADO;TT;TODAS CONSOLIDADAS;MADRE DE DIOS;170000;313;4305;7200;24,36;19,65;1,23;1,16;1,62;35656;30286;5370;43855;35145;8710;746
2022;07;01;HOTEL;01;1 ESTRELLA;MADRE DE DIOS;170000;5;137;245;31,53;24,92;1;1;1;1893;1796;97;1893;1796;97;21
2022;07;00;NO CLASIFICADO;00;NO CATEGORIZADO;MOQUEGUA;180000;188;1803;3059;13,02;9;1,16;1,16;1,31;7340;7195;145;8530;8340;190;230
2022;07;00;NO CLASIFICADO;TT;TODAS CONSOLIDADAS;MOQUEGUA;180000;188;1803;3059;13,02;9;1,16;1,16;1,31;7340;7195;145;8530;8340;190;230
2022;07;01;HOTEL;01;1 ESTRELLA;MOQUEGUA;180000;1;21;42;4,76;2,38;1,24;1,24;0;25;25;0;31;31;0;4
2022;07;00;NO CLASIFICADO;00;NO CATEGORIZADO;PASCO;190000;319;3548;5637;23,25;20,21;1,26;1,26;1,02;27943;27878;65;35316;35250;66;620
2022;07;00;NO CLASIFICADO;TT;TODAS CONSOLIDADAS;PASCO;190000;319;3548;5637;23,25;20,21;1,26;1,26;1,02;27943;27878;65;35316;35250;66;620
2022;07;01;HOTEL;01;1 ESTRELLA;PASCO;190000;6;168;270;23,08;23,14;1,47;1,47;0;1314;1314;0;1937;1937;0;31
2022;07;00;NO CLASIFICADO;00;NO CATEGORIZADO;PIURA;200000;1010;10370;18946;34,27;29,89;1,85;1,79;2,55;94891;87069;7822;175549;155622;19927;2026
2022;07;00;NO CLASIFICADO;00;NO CATEGORIZADO;PUNO;210000;699;6649;11348;22,59;19,31;1,1;1,09;1,25;61917;58749;3168;67925;63971;3954;1200
2022;07;00;NO CLASIFICADO;TT;TODAS CONSOLIDADAS;PUNO;210000;699;6649;11348;22,59;19,31;1,1;1,09;1,25;61917;58749;3168;67925;63971;3954;1200
2022;07;00;NO CLASIFICADO;00;NO CATEGORIZADO;SAN MARTÍN;220000;753;8520;13227;29,06;24,33;1,32;1,31;1,59;75767;73893;1874;99748;96773;2975;1115
2022;07;01;HOTEL;01;1 ESTRELLA;SAN MARTÍN;220000;6;126;195;41,99;43,79;1,05;1,05;1,15;2521;2508;13;2647;2632;15;24
2022;07;00;NO CLASIFICADO;00;NO CATEGORIZADO;TACNA;230000;403;3822;6909;11,48;9,73;1,28;1,23;1,45;16311;12729;3582;20845;15661;5184;470
2022;07;00;NO CLASIFICADO;TT;TODAS CONSOLIDADAS;TACNA;230000;403;3822;6909;11,48;9,73;1,28;1,23;1,45;16311;12729;3582;20845;15661;5184;470
2022;07;01;HOTEL;01;1 ESTRELLA;TACNA;230000;2;57;112;3,11;2,42;1,79;1,79;0;47;47;0;84;84;0;5
2022;07;00;NO CLASIFICADO;00;NO CATEGORIZADO;TUMBES;240000;217;2235;4333;19,79;14,76;2,17;2,16;2,38;9139;8684;455;19823;18739;1084;378
2022;07;00;NO CLASIFICADO;00;NO CATEGORIZADO;UCAYALI;250000;459;4939;7627;22,26;20,04;1,57;1,57;1,82;30218;29867;351;47391;46753;638;883
2022;07;00;NO CLASIFICADO;TT;TODAS CONSOLIDADAS;UCAYALI;250000;459;4939;7627;22,26;20,04;1,57;1,57;1,82;30218;29867;351;47391;46753;638;883
2022;07;00;NO CLASIFICADO;TT;TODAS CONSOLIDADAS;AMAZONAS;010000;272;2608;4236;22,59;18,35;1,11;1,1;1,38;21733;21364;369;24098;23588;510;477
2022;07;00;NO CLASIFICADO;TT;TODAS CONSOLIDADAS;APURÍMAC;030000;474;4380;6732;17,37;13,93;1,13;1,13;1,27;25681;25323;358;29071;28617;454;459
2022;07;00;NO CLASIFICADO;TT;TODAS CONSOLIDADAS;AREQUIPA;040000;1104;10007;16845;19,77;18,21;1,57;1,55;1,64;60566;44989;15577;95073;69568;25505;1884
2022;07;00;NO CLASIFICADO;TT;TODAS CONSOLIDADAS;AYACUCHO;050000;537;5201;8262;16,86;13,5;1,24;1,24;1,23;27852;27280;572;34569;33864;705;572
2022;07;00;NO CLASIFICADO;TT;TODAS CONSOLIDADAS;CAJAMARCA;060000;627;6172;9597;19,18;17,56;1,34;1,34;1,15;38946;38588;358;52230;51820;410;1096
2022;07;00;NO CLASIFICADO;TT;TODAS CONSOLIDADAS;HUANCAVELICA;090000;192;2246;3454;20,55;16,71;1,09;1,09;1,37;16349;16311;38;17888;17836;52;275
2022;07;00;NO CLASIFICADO;TT;TODAS CONSOLIDADAS;PIURA;200000;1010;10370;18946;34,27;29,89;1,85;1,79;2,55;94891;87069;7822;175549;155622;19927;2026
2022;07;01;HOTEL;01;1 ESTRELLA;PIURA;200000;2;40;77;5;20,15;1,2;1,2;0;402;402;0;481;481;0;6
2022;07;00;NO CLASIFICADO;TT;TODAS CONSOLIDADAS;SAN MARTÍN;220000;753;8520;13227;29,06;24,33;1,32;1,31;1,59;75767;73893;1874;99748;96773;2975;1115
2022;07;01;HOTEL;01;1 ESTRELLA;ÁNCASH;020000;15;453;704;30,18;25,67;1,11;1,11;0;5058;5058;0;5602;5602;0;64
2022;07;01;HOTEL;01;1 ESTRELLA;PUNO;210000;5;123;224;20,33;12,38;1,23;1,23;0;700;700;0;860;860;0;18
2022;07;01;HOTEL;02;2 ESTRELLAS;ÁNCASH;020000;50;1322;2444;26,15;19,82;1,32;1,31;1,44;11420;11048;372;15019;14483;536;210
2022;07;01;HOTEL;02;2 ESTRELLAS;ICA;110000;49;1374;2381;25,54;19,49;1,44;1,44;1,08;9995;9864;131;14384;14243;141;220
2022;07;01;HOTEL;02;2 ESTRELLAS;JUNÍN;120000;27;840;1468;27,9;22,19;1,34;1,33;1,74;7528;7359;169;10100;9806;294;127
2022;07;01;HOTEL;02;2 ESTRELLAS;LA LIBERTAD;130000;22;512;943;22,71;20,14;1,29;1,24;1,82;4552;4132;420;5888;5123;765;97
2022;07;01;HOTEL;02;2 ESTRELLAS;LAMBAYEQUE;140000;73;2046;3045;22,5;17,3;1,17;1,16;1,56;13967;13825;142;16326;16104;222;321
2022;07;01;HOTEL;02;2 ESTRELLAS;LIMA;150000;125;5276;9308;40,83;36,15;1,26;1,24;1,92;95451;92444;3007;120674;114894;5780;951
2022;07;01;HOTEL;02;2 ESTRELLAS;LORETO;160000;14;338;545;21,24;15,93;1,49;1,45;1,65;1807;1450;357;2691;2102;589;63
2022;07;01;HOTEL;02;2 ESTRELLAS;MADRE DE DIOS;170000;8;243;444;39,09;29,85;1,33;1,33;1,33;3098;2868;230;4108;3803;305;41
2022;07;01;HOTEL;02;2 ESTRELLAS;MOQUEGUA;180000;17;443;757;38,35;26,52;4,76;4,78;1,7;1307;1297;10;6223;6206;17;78
2022;07;01;HOTEL;02;2 ESTRELLAS;PASCO;190000;5;171;320;70,36;90,2;1,17;1,17;0;7652;7652;0;8948;8948;0;28
2022;07;01;HOTEL;02;2 ESTRELLAS;PIURA;200000;20;480;791;42,69;33,19;1,53;1,52;1,85;5314;5093;221;8139;7730;409;109
2022;07;01;HOTEL;02;2 ESTRELLAS;PUNO;210000;22;529;921;11,56;8,8;1,27;1,28;1,17;1973;1904;69;2512;2431;81;81
2022;07;01;HOTEL;02;2 ESTRELLAS;SAN MARTÍN;220000;30;834;1405;40,35;41,35;2,45;2,43;3,31;7353;7224;129;18010;17583;427;168
2022;07;01;HOTEL;02;2 ESTRELLAS;TACNA;230000;33;928;1894;30,66;25,63;2,34;2,29;2,38;6427;2800;3627;15047;6400;8647;171
2022;07;01;HOTEL;02;2 ESTRELLAS;TUMBES;240000;8;258;547;71,67;36,48;17,04;17,04;0;363;363;0;6186;6186;0;49
2022;07;01;HOTEL;02;2 ESTRELLAS;UCAYALI;250000;2;58;93;11,62;8,5;3,06;3,05;3,33;80;77;3;245;235;10;11
2022;07;01;HOTEL;03;3 ESTRELLAS;AMAZONAS;010000;19;443;767;23,59;19,66;1,32;1,29;1,82;3536;3323;213;4675;4288;387;109
2022;07;01;HOTEL;03;3 ESTRELLAS;ÁNCASH;020000;41;1367;2458;34;28,14;2;1,95;2,46;10706;9517;1189;21445;18518;2927;321
2022;07;01;HOTEL;03;3 ESTRELLAS;APURÍMAC;030000;3;98;172;73,01;45,76;1,4;1,41;1,3;1740;1624;116;2440;2289;151;19
2022;07;01;HOTEL;03;3 ESTRELLAS;AREQUIPA;040000;65;1959;3661;33,64;31,23;1,81;1,96;1,62;19539;11190;8349;35448;21930;13518;513
2022;07;01;HOTEL;03;3 ESTRELLAS;AYACUCHO;050000;9;302;575;25,49;25,41;2,26;2,25;2,4;2001;1827;174;4529;4112;417;89
2022;07;01;HOTEL;03;3 ESTRELLAS;CAJAMARCA;060000;66;2066;3393;26,76;22,78;1,55;1,55;1,53;15455;14995;460;23957;23253;704;431
2022;07;01;HOTEL;03;3 ESTRELLAS;CALLAO;070000;4;233;392;36,95;34,66;1,48;1,53;1,37;2843;1956;887;4212;2996;1216;54
2022;07;01;HOTEL;03;3 ESTRELLAS;CUSCO;080000;91;3317;6515;44,14;41,72;1,83;2,06;1,76;45935;11421;34514;84252;23491;60761;1041
2022;07;01;HOTEL;03;3 ESTRELLAS;HUANCAVELICA;090000;2;65;108;12,21;9,29;1,38;1,38;1,38;226;218;8;311;300;11;20
2022;07;01;HOTEL;03;3 ESTRELLAS;HUÁNUCO;100000;13;504;944;33,58;28,68;1,68;1,69;1,53;4993;4779;214;8393;8066;327;107
2022;07;01;HOTEL;03;3 ESTRELLAS;ICA;110000;50;1832;3728;40,83;38,15;1,54;1,59;1,41;28714;20567;8147;44093;32604;11489;461
2022;07;01;HOTEL;03;3 ESTRELLAS;JUNÍN;120000;18;700;1330;27,18;22,4;1,79;1,8;1,75;5146;5035;111;9237;9043;194;155
2022;07;01;HOTEL;03;3 ESTRELLAS;LA LIBERTAD;130000;85;2560;4816;29,8;25,81;1,53;1,5;2,02;25108;23555;1553;38538;35401;3137;596
2022;07;01;HOTEL;03;3 ESTRELLAS;LAMBAYEQUE;140000;37;1233;2058;26,65;25,31;1,45;1,44;1,53;11174;10695;479;16149;15414;735;252
2022;07;01;HOTEL;03;3 ESTRELLAS;LIMA;150000;165;8254;15718;42,57;37,18;1,69;1,5;2,06;107275;70879;36396;181168;106284;74884;1898
2022;07;01;HOTEL;03;3 ESTRELLAS;LORETO;160000;21;646;1114;33,37;31,65;2,13;2,21;1,84;5129;4046;1083;10929;8936;1993;162
2022;07;01;HOTEL;03;3 ESTRELLAS;MADRE DE DIOS;170000;5;196;361;47,05;41,69;1,53;1,75;1,16;3045;1914;1131;4665;3354;1311;70
2022;07;01;HOTEL;03;3 ESTRELLAS;MOQUEGUA;180000;8;261;488;25,27;18,49;1,88;1,9;1,45;1485;1419;66;2797;2701;96;57
2022;07;01;HOTEL;03;3 ESTRELLAS;PASCO;190000;4;114;217;48,67;52,86;1,62;1,62;1,94;2190;2159;31;3556;3496;60;17
2022;07;01;HOTEL;03;3 ESTRELLAS;PIURA;200000;15;582;1050;40,02;29,94;2,56;2,03;5,43;3807;3211;596;9744;6505;3239;176
2022;07;01;HOTEL;03;3 ESTRELLAS;PUNO;210000;27;899;1736;35,37;33,2;1,56;1,7;1,5;11442;3668;7774;17866;6243;11623;175
2022;07;01;HOTEL;03;3 ESTRELLAS;SAN MARTÍN;220000;23;786;1391;34,41;33,99;1,87;1,85;2,15;7852;7535;317;14656;13976;680;226
2022;07;01;HOTEL;03;3 ESTRELLAS;TACNA;230000;15;537;1124;28,68;26,1;1,89;1,83;1,94;4810;2075;2735;9094;3796;5298;128
2022;07;01;HOTEL;03;3 ESTRELLAS;TUMBES;240000;10;312;696;22,83;24,52;2,73;2,68;3;1936;1622;314;5291;4349;942;134
2022;07;01;HOTEL;03;3 ESTRELLAS;UCAYALI;250000;15;537;887;30,91;26,56;1,84;1,83;1,94;3976;3752;224;7304;6870;434;128
2022;07;01;HOTEL;04;4 ESTRELLAS;AREQUIPA;040000;10;454;911;44,78;44,18;1,93;2,15;1,72;6480;3060;3420;12476;6592;5884;160
2022;07;01;HOTEL;04;4 ESTRELLAS;CAJAMARCA;060000;4;214;355;57,94;58,04;1,9;1,84;2,62;3370;3129;241;6387;5756;631;139
2022;07;01;HOTEL;04;4 ESTRELLAS;CALLAO;070000;2;379;615;99,08;87,1;1,36;1,3;1,36;12252;1623;10629;16605;2103;14502;133
2022;07;01;HOTEL;04;4 ESTRELLAS;CUSCO;080000;14;991;1919;75,74;79,21;2,19;2,32;2,16;21506;3931;17575;47120;9108;38012;553
2022;07;01;HOTEL;04;4 ESTRELLAS;HUÁNUCO;100000;1;61;104;51,08;43,86;1,81;1,86;1,46;780;695;85;1414;1290;124;25
2022;07;01;HOTEL;04;4 ESTRELLAS;ICA;110000;7;744;1550;33,69;37,74;1,91;2,04;1,55;9506;6878;2628;18136;14064;4072;363
2022;07;01;HOTEL;04;4 ESTRELLAS;JUNÍN;120000;1;620;1000;2,49;2,23;1,79;1,8;1;386;380;6;690;684;6;19
2022;07;01;HOTEL;04;4 ESTRELLAS;LA LIBERTAD;130000;3;206;326;64,77;65,19;2,07;1,96;2,49;3189;2560;629;6588;5020;1568;79
2022;07;01;HOTEL;04;4 ESTRELLAS;LAMBAYEQUE;140000;5;349;636;71,33;62,68;1,65;1,62;1,86;7494;6635;859;12358;10764;1594;266
2022;07;01;HOTEL;04;4 ESTRELLAS;LIMA;150000;44;4508;7895;37,66;35,37;2,02;1,61;2,43;42849;21267;21582;86573;34165;52408;1641
2022;07;01;HOTEL;04;4 ESTRELLAS;MOQUEGUA;180000;2;123;232;76,19;67,51;13,05;11,69;19,46;372;307;65;4855;3590;1265;47
2022;07;01;HOTEL;04;4 ESTRELLAS;PIURA;200000;3;299;556;51,98;45,16;2,03;2,01;2,12;3836;3163;673;7783;6358;1425;55
2022;07;01;HOTEL;04;4 ESTRELLAS;PUNO;210000;7;447;842;40,3;40,01;1,77;1,99;1,69;5914;1450;4464;10443;2884;7559;134
2022;07;01;HOTEL;04;4 ESTRELLAS;TACNA;230000;1;150;300;36,82;34,25;1,83;1,76;1,89;1744;878;866;3185;1546;1639;32
2022;07;01;HOTEL;04;4 ESTRELLAS;UCAYALI;250000;5;289;515;47,77;44,08;2,58;2,43;3,49;2730;2359;371;7037;5741;1296;97
2022;07;01;HOTEL;05;5 ESTRELLAS;AREQUIPA;040000;3;241;352;56,19;66,6;2,02;2,12;1,89;3603;2004;1599;7267;4240;3027;163
2022;07;01;HOTEL;05;5 ESTRELLAS;CUSCO;080000;15;1288;2527;62,81;65,3;1,8;2,11;1,73;28463;4740;23723;51155;10018;41137;1102
2022;07;01;HOTEL;05;5 ESTRELLAS;ICA;110000;3;346;880;45,44;40,45;2,02;2,13;1,92;5468;2587;2881;11034;5498;5536;373
2022;07;01;HOTEL;05;5 ESTRELLAS;LA LIBERTAD;130000;2;267;450;43,92;46,57;2,01;1,87;2,7;3230;2692;538;6497;5044;1453;169
2022;07;01;HOTEL;05;5 ESTRELLAS;LIMA;150000;24;4197;7678;41,68;34,28;2,22;1,63;2,51;36689;12034;24655;81600;19641;61959;2534
2022;07;01;HOTEL;05;5 ESTRELLAS;PIURA;200000;1;83;168;76,02;70,26;1,99;1,93;2,25;1835;1456;379;3659;2807;852;61
2022;07;01;HOTEL;05;5 ESTRELLAS;PUNO;210000;1;123;231;67,19;64,88;1,1;1,05;1,13;4233;1864;2369;4646;1965;2681;46
2022;07;01;HOTEL;05;5 ESTRELLAS;SAN MARTÍN;220000;1;50;108;70,13;94,35;2,23;2,22;2,48;1416;1343;73;3159;2978;181;63
2022;07;01;HOTEL;05;5 ESTRELLAS;UCAYALI;250000;2;162;300;45,04;37,62;2,49;2,46;2,65;1407;1221;186;3499;3006;493;69
2022;07;01;HOTEL;TT;TODAS CONSOLIDADAS;AMAZONAS;010000;51;1292;2118;23,49;20,29;1,27;1,26;1,82;10475;10177;298;13324;12783;541;246
2022;07;01;HOTEL;TT;TODAS CONSOLIDADAS;ÁNCASH;020000;106;3142;5606;30,15;24,21;1,55;1,51;2,22;27184;25623;1561;42066;38603;3463;595
2022;07;01;HOTEL;TT;TODAS CONSOLIDADAS;AREQUIPA;040000;124;3991;7301;35,47;32,63;1,73;1,75;1,69;42762;28373;14389;73850;49546;24304;1056
2022;07;01;HOTEL;TT;TODAS CONSOLIDADAS;AYACUCHO;050000;25;744;1365;23,01;22,04;1,88;1,87;2,04;4952;4702;250;9327;8816;511;156
2022;07;01;HOTEL;TT;TODAS CONSOLIDADAS;CAJAMARCA;060000;117;3593;5766;25,02;21,53;1,51;1,5;1,81;25526;24705;821;38480;36997;1483;784
2022;07;01;HOTEL;TT;TODAS CONSOLIDADAS;CALLAO;070000;8;686;1142;69,44;60,97;1,37;1,38;1,37;15732;4029;11703;21585;5578;16007;192
2022;07;01;HOTEL;TT;TODAS CONSOLIDADAS;CUSCO;080000;170;6919;13414;48,31;48,23;1,87;1,95;1,85;107222;25561;81661;200546;49735;150811;3080
2022;07;01;HOTEL;TT;TODAS CONSOLIDADAS;HUANCAVELICA;090000;4;111;193;19,12;12,84;1,7;1,71;1,38;451;443;8;768;757;11;29
2022;07;01;HOTEL;TT;TODAS CONSOLIDADAS;HUÁNUCO;100000;63;2084;3400;38,74;33,79;1,23;1,23;1,51;28846;28512;334;35618;35113;505;383
2022;07;01;HOTEL;TT;TODAS CONSOLIDADAS;ICA;110000;113;4378;8647;34,42;32,7;1,63;1,66;1,54;53683;39896;13787;87647;66409;21238;1417
2022;07;01;HOTEL;TT;TODAS CONSOLIDADAS;JUNÍN;120000;52;2406;4309;20,76;17,12;1,54;1,53;1,72;14882;14594;288;22868;22372;496;329
2022;07;01;HOTEL;TT;TODAS CONSOLIDADAS;LA LIBERTAD;130000;117;3661;6736;31,68;28,08;1,58;1,52;2,19;37196;34021;3175;58628;51670;6958;960
2022;07;01;HOTEL;TT;TODAS CONSOLIDADAS;LAMBAYEQUE;140000;118;3729;5884;27,88;24,61;1,37;1,36;1,72;32697;31217;1480;44895;42344;2551;856
2022;07;01;HOTEL;TT;TODAS CONSOLIDADAS;LIMA;150000;368;22610;41240;41,05;36,07;1,75;1,45;2,28;292215;185665;106550;512611;269212;243399;8248
2022;07;01;HOTEL;TT;TODAS CONSOLIDADAS;LORETO;160000;38;1134;1900;32,49;30,29;1,98;2,04;1,82;8997;6818;2179;17838;13880;3958;306
2022;07;01;HOTEL;TT;TODAS CONSOLIDADAS;MADRE DE DIOS;170000;18;576;1050;40;32,77;1,33;1,36;1,17;8036;6578;1458;10666;8953;1713;132
2022;07;01;HOTEL;TT;TODAS CONSOLIDADAS;MOQUEGUA;180000;28;848;1519;38,98;29,53;4,36;4,11;9,77;3189;3048;141;13906;12528;1378;186
2022;07;01;HOTEL;TT;TODAS CONSOLIDADAS;PASCO;190000;15;453;807;47,37;57,72;1,29;1,29;1,94;11156;11125;31;14441;14381;60;76
2022;07;01;HOTEL;TT;TODAS CONSOLIDADAS;PIURA;200000;41;1484;2642;44,36;36,39;1,96;1,79;3,17;15194;13325;1869;29806;23881;5925;407
2022;07;01;HOTEL;TT;TODAS CONSOLIDADAS;PUNO;210000;62;2121;3954;31,44;29,64;1,5;1,5;1,5;24262;9586;14676;36327;14383;21944;454
2022;07;01;HOTEL;TT;TODAS CONSOLIDADAS;SAN MARTÍN;220000;60;1796;3099;38,69;40,05;2,01;2;2,45;19142;18610;532;38472;37169;1303;481
2022;07;01;HOTEL;TT;TODAS CONSOLIDADAS;TACNA;230000;51;1672;3430;29,64;25,78;2,1;2,04;2,16;13028;5800;7228;27410;11826;15584;336
2022;07;01;HOTEL;TT;TODAS CONSOLIDADAS;TUMBES;240000;23;835;1766;48,19;35,74;3,44;3,66;2,33;5685;4762;923;19567;17416;2151;323
2022;07;01;HOTEL;TT;TODAS CONSOLIDADAS;UCAYALI;250000;24;1046;1795;36,69;32,5;2,21;2,14;2,85;8193;7409;784;18085;15852;2233;305
2022;07;02;APART HOTEL;03;3 ESTRELLAS;ÁNCASH;020000;2;16;52;0;0;0;0;0;0;0;0;0;0;0;0
2022;07;02;APART HOTEL;03;3 ESTRELLAS;APURÍMAC;030000;1;21;30;70,66;85,91;2,01;1,79;2,9;398;320;78;799;573;226;13
2022;07;02;APART HOTEL;03;3 ESTRELLAS;AREQUIPA;040000;1;18;36;2,51;2,51;3,5;3,5;0;8;8;0;28;28;0;2
2022;07;02;APART HOTEL;03;3 ESTRELLAS;CAJAMARCA;060000;2;13;24;0;0;0;0;0;0;0;0;0;0;0;0
2022;07;02;APART HOTEL;03;3 ESTRELLAS;ICA;110000;1;10;20;3,87;3,87;2;2;0;12;12;0;24;24;0;5
2022;07;02;APART HOTEL;03;3 ESTRELLAS;LA LIBERTAD;130000;1;11;24;0;0;0;0;0;0;0;0;0;0;0;0
2022;07;02;APART HOTEL;03;3 ESTRELLAS;LIMA;150000;8;192;352;57,27;45,3;3,46;3,5;3,44;1427;526;901;4943;1843;3100;43
2022;07;02;APART HOTEL;03;3 ESTRELLAS;LORETO;160000;1;45;94;0;0;0;0;0;0;0;0;0;0;0;0
2022;07;02;APART HOTEL;03;3 ESTRELLAS;MOQUEGUA;180000;1;8;10;50;41,61;5,86;4,32;15,67;22;19;3;129;82;47;3
2022;07;02;APART HOTEL;03;3 ESTRELLAS;PASCO;190000;1;10;15;7,74;7,31;1,89;1,89;0;18;18;0;34;34;0;4
2022;07;02;APART HOTEL;03;3 ESTRELLAS;TUMBES;240000;2;18;50;68,28;47,03;2,85;2,77;3,39;256;223;33;729;617;112;15
2022;07;02;APART HOTEL;04;4 ESTRELLAS;AREQUIPA;040000;1;19;32;17,49;43,25;2,57;2,59;2,54;167;111;56;429;287;142;6
2022;07;02;APART HOTEL;04;4 ESTRELLAS;LIMA;150000;8;610;1266;55,93;58,9;2,37;2,02;3,64;9746;7610;2136;23116;15336;7780;418
2022;07;02;APART HOTEL;04;4 ESTRELLAS;LORETO;160000;1;13;23;75,68;54,42;1,3;1,42;1,21;298;128;170;388;182;206;6
2022;07;02;APART HOTEL;04;4 ESTRELLAS;SAN MARTÍN;220000;1;24;57;76,21;68,42;2,13;2,16;1,96;568;489;79;1209;1054;155;16
2022;07;02;APART HOTEL;05;5 ESTRELLAS;LIMA;150000;6;399;673;51,5;36,68;3,18;2,91;3,53;2408;1381;1027;7653;4024;3629;165
2022;07;02;APART HOTEL;TT;TODAS CONSOLIDADAS;ÁNCASH;020000;2;16;52;0;0;0;0;0;0;0;0;0;0;0;0
2022;07;02;APART HOTEL;TT;TODAS CONSOLIDADAS;AREQUIPA;040000;2;37;68;10,2;21,68;2,61;2,65;2,54;175;119;56;457;315;142;8
2022;07;02;APART HOTEL;TT;TODAS CONSOLIDADAS;CAJAMARCA;060000;2;13;24;0;0;0;0;0;0;0;0;0;0;0;0
2022;07;02;APART HOTEL;TT;TODAS CONSOLIDADAS;ICA;110000;1;10;20;3,87;3,87;2;2;0;12;12;0;24;24;0;5
2022;07;02;APART HOTEL;TT;TODAS CONSOLIDADAS;LA LIBERTAD;130000;1;11;24;0;0;0;0;0;0;0;0;0;0;0;0
2022;07;02;APART HOTEL;TT;TODAS CONSOLIDADAS;LIMA;150000;22;1201;2291;54,67;50,28;2,63;2,23;3,57;13581;9517;4064;35712;21203;14509;626
2022;07;02;APART HOTEL;TT;TODAS CONSOLIDADAS;LORETO;160000;2;58;117;16,96;10,7;1,3;1,42;1,21;298;128;170;388;182;206;6
2022;07;02;APART HOTEL;TT;TODAS CONSOLIDADAS;MOQUEGUA;180000;1;8;10;50;41,61;5,86;4,32;15,67;22;19;3;129;82;47;3
2022;07;02;APART HOTEL;TT;TODAS CONSOLIDADAS;PASCO;190000;1;10;15;7,74;7,31;1,89;1,89;0;18;18;0;34;34;0;4
2022;07;02;APART HOTEL;TT;TODAS CONSOLIDADAS;SAN MARTÍN;220000;1;24;57;76,21;68,42;2,13;2,16;1,96;568;489;79;1209;1054;155;16
2022;07;02;APART HOTEL;TT;TODAS CONSOLIDADAS;TUMBES;240000;2;18;50;68,28;47,03;2,85;2,77;3,39;256;223;33;729;617;112;15
2022;07;03;HOSTAL;01;1 ESTRELLA;AMAZONAS;010000;16;226;346;62,16;58,91;1,66;1,66;1;3815;3796;19;6319;6300;19;37
2022;07;03;HOSTAL;01;1 ESTRELLA;ÁNCASH;020000;39;538;883;28,54;26,92;1,07;1,07;1;6907;6895;12;7368;7356;12;89
2022;07;03;HOSTAL;01;1 ESTRELLA;AREQUIPA;040000;50;740;1125;23,33;21,72;1,19;1,19;1,17;6354;6295;59;7575;7506;69;123
2022;07;03;HOSTAL;01;1 ESTRELLA;AYACUCHO;050000;7;113;203;18,16;19,12;1,85;1,86;1,45;650;630;20;1203;1174;29;19
2022;07;03;HOSTAL;01;1 ESTRELLA;CAJAMARCA;060000;22;384;591;10,83;7,64;1,26;1,26;0;1108;1108;0;1399;1399;0;66
2022;07;03;HOSTAL;01;1 ESTRELLA;CALLAO;070000;12;230;450;47,43;44,25;1,06;1,06;1,02;6028;5660;368;6365;5989;376;48
2022;07;03;HOSTAL;01;1 ESTRELLA;CUSCO;080000;23;400;656;28,69;22,35;1,11;1,1;1,48;4112;4039;73;4546;4438;108;52
2022;07;03;HOSTAL;01;1 ESTRELLA;HUANCAVELICA;090000;2;29;45;50,72;33,69;1,02;1,02;0;461;461;0;470;470;0;5
2022;07;03;HOSTAL;01;1 ESTRELLA;HUÁNUCO;100000;16;236;352;59,46;64,02;1,18;1,18;1,27;5911;5742;169;6986;6771;215;44
2022;07;03;HOSTAL;01;1 ESTRELLA;ICA;110000;11;155;224;37,69;34,61;1,03;1,03;0;2336;2336;0;2403;2403;0;27
2022;07;03;HOSTAL;01;1 ESTRELLA;JUNÍN;120000;12;170;288;24,48;20,26;1,36;1,36;0;1333;1333;0;1809;1809;0;33
2022;07;03;HOSTAL;01;1 ESTRELLA;LA LIBERTAD;130000;31;439;770;31,13;22,65;1,77;1,77;2,4;3061;3056;5;5406;5394;12;75
2022;07;03;HOSTAL;01;1 ESTRELLA;LAMBAYEQUE;140000;17;217;271;18,54;16,14;1,12;1,13;1;1206;1196;10;1356;1346;10;37
2022;07;03;HOSTAL;01;1 ESTRELLA;LIMA;150000;87;1780;3168;36,87;30,32;1,12;1,11;1,35;34380;33669;711;38371;37410;961;388
2022;07;03;HOSTAL;01;1 ESTRELLA;LORETO;160000;6;91;134;21,3;21,64;2,45;2,57;1,67;367;319;48;899;819;80;19
2022;07;03;HOSTAL;01;1 ESTRELLA;MADRE DE DIOS;170000;1;35;68;14,93;13,28;2;2;0;140;140;0;280;280;0;4
2022;07;03;HOSTAL;01;1 ESTRELLA;MOQUEGUA;180000;16;216;360;15,08;9,96;1,49;1,5;1,1;744;734;10;1112;1101;11;38
2022;07;03;HOSTAL;01;1 ESTRELLA;PASCO;190000;19;345;508;28,43;17,06;1,16;1,16;1;2314;2313;1;2686;2685;1;54
2022;07;03;HOSTAL;01;1 ESTRELLA;PIURA;200000;3;56;81;27,76;18;1,47;1,47;1;308;305;3;452;449;3;11
2022;07;03;HOSTAL;01;1 ESTRELLA;PUNO;210000;29;448;757;22,18;17,55;1,07;1,08;1,01;3834;3689;145;4118;3972;146;64
2022;07;03;HOSTAL;01;1 ESTRELLA;SAN MARTÍN;220000;1;20;34;25;19,54;1,57;1,57;0;131;131;0;206;206;0;8
2022;07;03;HOSTAL;01;1 ESTRELLA;TACNA;230000;10;179;315;15,57;14,31;1,07;1,05;1,09;1311;795;516;1397;834;563;28
2022;07;03;HOSTAL;02;2 ESTRELLAS;AMAZONAS;010000;55;978;1537;23,32;20,47;1,17;1,14;1,93;8319;8026;293;9754;9189;565;150
2022;07;03;HOSTAL;02;2 ESTRELLAS;ÁNCASH;020000;130;2100;3594;38,15;35,69;1,11;1,1;1,3;35980;35790;190;39765;39518;247;363
2022;07;03;HOSTAL;02;2 ESTRELLAS;APURÍMAC;030000;5;127;199;30,73;26,36;1,23;1,23;1;1326;1321;5;1626;1621;5;20
2022;07;03;HOSTAL;02;2 ESTRELLAS;AREQUIPA;040000;119;1876;3386;33,28;29,26;1,3;1,29;1,45;23635;21793;1842;30711;28043;2668;332
2022;07;03;HOSTAL;02;2 ESTRELLAS;AYACUCHO;050000;5;62;102;13,48;11,92;2,06;2,06;0;183;183;0;377;377;0;13
2022;07;03;HOSTAL;02;2 ESTRELLAS;CAJAMARCA;060000;114;2099;3319;21,38;17,87;1,27;1,27;1,23;14485;14319;166;18382;18178;204;332
2022;07;03;HOSTAL;02;2 ESTRELLAS;CALLAO;070000;6;181;348;52,56;53,33;1;1;1;5729;5666;63;5753;5690;63;29
2022;07;03;HOSTAL;02;2 ESTRELLAS;CUSCO;080000;56;912;1702;35,94;33,48;1,57;1,49;1,68;11270;6473;4797;17665;9621;8044;173
2022;07;03;HOSTAL;02;2 ESTRELLAS;HUANCAVELICA;090000;1;39;71;11,66;8,5;1,36;1,36;0;137;137;0;187;187;0;4
2022;07;03;HOSTAL;02;2 ESTRELLAS;HUÁNUCO;100000;23;298;499;31,31;26,96;1,04;1,04;1;4000;3994;6;4171;4165;6;61
2022;07;03;HOSTAL;02;2 ESTRELLAS;ICA;110000;64;912;1526;24,08;22,12;1,2;1,21;1,09;8699;8388;311;10465;10127;338;153
2022;07;03;HOSTAL;02;2 ESTRELLAS;JUNÍN;120000;26;424;831;34,92;30,68;1,27;1,27;1,19;6233;6212;21;7904;7879;25;84
2022;07;03;HOSTAL;02;2 ESTRELLAS;LA LIBERTAD;130000;136;2311;4130;23,86;23,8;1,21;1,21;1,31;25208;24911;297;30473;30084;389;400
2022;07;03;HOSTAL;02;2 ESTRELLAS;LAMBAYEQUE;140000;158;2331;3288;24,57;18,83;1,1;1,1;1,18;17483;17324;159;19196;19008;188;429
2022;07;03;HOSTAL;02;2 ESTRELLAS;LIMA;150000;140;3272;5942;32,04;31,64;1,33;1,24;1,95;61547;53862;7685;81578;66557;15022;795
2022;07;03;HOSTAL;02;2 ESTRELLAS;LORETO;160000;5;72;112;12,5;29,29;2,56;2,54;2,79;397;363;34;1017;922;95;14
2022;07;03;HOSTAL;02;2 ESTRELLAS;MADRE DE DIOS;170000;5;130;195;44,22;38,41;1,44;1,44;1,3;1613;1560;53;2322;2253;69;23
2022;07;03;HOSTAL;02;2 ESTRELLAS;MOQUEGUA;180000;63;891;1444;18,12;14,74;1,25;1,25;1,24;5296;5255;41;6599;6548;51;162
2022;07;03;HOSTAL;02;2 ESTRELLAS;PASCO;190000;15;259;489;36,28;29,81;1,37;1,37;1,54;3296;3268;28;4519;4476;43;42
2022;07;03;HOSTAL;02;2 ESTRELLAS;PIURA;200000;27;543;888;31,66;30,87;1,62;1,6;1,77;5249;4794;455;8499;7693;806;107
2022;07;03;HOSTAL;02;2 ESTRELLAS;PUNO;210000;44;674;1253;26,02;21,24;1,66;1,75;1,21;4982;4118;864;8249;7202;1047;121
2022;07;03;HOSTAL;02;2 ESTRELLAS;SAN MARTÍN;220000;22;318;518;33,69;31,5;1,63;1,62;1,91;3108;3044;64;5059;4937;122;67
2022;07;03;HOSTAL;02;2 ESTRELLAS;TACNA;230000;25;435;842;38,93;32,79;1,55;1,43;1,74;5512;3319;2193;8558;4732;3826;83
2022;07;03;HOSTAL;02;2 ESTRELLAS;TUMBES;240000;5;66;131;11,34;11,84;1,83;1,84;1;263;259;4;481;477;4;22
2022;07;03;HOSTAL;02;2 ESTRELLAS;UCAYALI;250000;2;71;136;23,49;12,5;1,54;1,54;0;343;343;0;527;527;0;15
2022;07;03;HOSTAL;03;3 ESTRELLAS;AMAZONAS;010000;9;140;276;29,06;30,18;1,47;1,46;1,77;1756;1673;83;2582;2435;147;28
2022;07;03;HOSTAL;03;3 ESTRELLAS;ÁNCASH;020000;20;294;573;27,22;25,22;2,14;1,97;2,76;2091;1634;457;4479;3216;1263;60
2022;07;03;HOSTAL;03;3 ESTRELLAS;APURÍMAC;030000;1;24;43;54,57;30,46;1,92;2,03;1;212;188;24;406;382;24;7
2022;07;03;HOSTAL;03;3 ESTRELLAS;AREQUIPA;040000;40;670;1273;32,82;32,67;1,92;1,84;2,05;6714;4185;2529;12893;7716;5177;168
2022;07;03;HOSTAL;03;3 ESTRELLAS;AYACUCHO;050000;2;38;77;49,83;41,35;1,95;2,07;1,64;507;361;146;987;748;239;20
2022;07;03;HOSTAL;03;3 ESTRELLAS;CAJAMARCA;060000;51;811;1332;31,74;26,3;1,42;1,42;1,37;7661;7527;134;10859;10675;184;186
2022;07;03;HOSTAL;03;3 ESTRELLAS;CUSCO;080000;21;363;704;25,82;21,81;1,78;1,44;2,34;2670;1655;1015;4760;2382;2378;73
2022;07;03;HOSTAL;03;3 ESTRELLAS;HUÁNUCO;100000;2;45;63;0;0;0;0;0;0;0;0;0;0;0;0
2022;07;03;HOSTAL;03;3 ESTRELLAS;ICA;110000;31;553;1040;44,53;32,79;1,26;1,25;1,27;8412;7438;974;10573;9332;1241;107
2022;07;03;HOSTAL;03;3 ESTRELLAS;JUNÍN;120000;3;60;114;42,42;35,65;1,8;1,78;2,67;701;689;12;1260;1228;32;35
2022;07;03;HOSTAL;03;3 ESTRELLAS;LA LIBERTAD;130000;54;895;1741;37,74;33,31;1,06;1,06;1,23;16946;16790;156;17979;17787;192;174
2022;07;03;HOSTAL;03;3 ESTRELLAS;LIMA;150000;17;345;678;23,89;19,94;1,22;1,24;1,18;3423;2610;813;4190;3231;959;70
2022;07;03;HOSTAL;03;3 ESTRELLAS;LORETO;160000;8;134;230;34,26;23,49;2,23;2,21;2,55;752;710;42;1675;1568;107;48
2022;07;03;HOSTAL;03;3 ESTRELLAS;MADRE DE DIOS;170000;1;22;29;36,36;41,49;1,47;1,47;1,56;253;244;9;373;359;14;4
2022;07;03;HOSTAL;03;3 ESTRELLAS;MOQUEGUA;180000;3;45;74;0;0;0;0;0;0;0;0;0;0;0;0
2022;07;03;HOSTAL;03;3 ESTRELLAS;PASCO;190000;1;9;18;109,32;59,14;1,1;1,1;0;299;299;0;330;330;0;3
2022;07;03;HOSTAL;03;3 ESTRELLAS;PIURA;200000;3;68;152;11,15;12,35;2,6;2,54;3,29;224;207;17;582;526;56;32
2022;07;03;HOSTAL;03;3 ESTRELLAS;PUNO;210000;7;147;258;47,49;39,62;1,35;1,58;1,1;2341;1256;1085;3169;1979;1190;35
2022;07;03;HOSTAL;03;3 ESTRELLAS;SAN MARTÍN;220000;6;112;245;47,21;41,94;2,42;2,42;2,5;1314;1193;121;3185;2883;302;37
2022;07;03;HOSTAL;03;3 ESTRELLAS;TACNA;230000;6;110;230;29,06;24,25;3,67;2,9;4,16;471;181;290;1729;524;1205;19
2022;07;03;HOSTAL;03;3 ESTRELLAS;TUMBES;240000;5;83;174;22,77;17,17;1,44;1,43;1,47;643;496;147;926;710;216;15
2022;07;03;HOSTAL;03;3 ESTRELLAS;UCAYALI;250000;2;45;71;11,11;11,95;1,98;1,98;0;133;133;0;263;263;0;6
2022;07;03;HOSTAL;TT;TODAS CONSOLIDADAS;AMAZONAS;010000;80;1344;2159;30,45;27,87;1,34;1,33;1,85;13890;13495;395;18655;17924;731;215
2022;07;03;HOSTAL;TT;TODAS CONSOLIDADAS;AYACUCHO;050000;14;213;382;22,44;21,68;1,92;1,96;1,61;1340;1174;166;2567;2299;268;52
2022;07;03;HOSTAL;TT;TODAS CONSOLIDADAS;CAJAMARCA;060000;187;3294;5242;22,7;18,86;1,32;1,32;1,29;23254;22954;300;30640;30252;388;584
2022;07;03;HOSTAL;TT;TODAS CONSOLIDADAS;CALLAO;070000;18;411;798;50,03;48,79;1,03;1,03;1,02;12300;11893;407;12632;12218;414;78
2022;07;03;HOSTAL;TT;TODAS CONSOLIDADAS;CUSCO;080000;100;1675;3062;32,01;28,41;1,49;1,35;1,79;18052;12167;5885;26971;16441;10530;298
2022;07;03;HOSTAL;TT;TODAS CONSOLIDADAS;HUANCAVELICA;090000;3;68;116;28,32;18,27;1,1;1,1;0;598;598;0;657;657;0;9
2022;07;03;HOSTAL;TT;TODAS CONSOLIDADAS;HUÁNUCO;100000;41;579;914;40,35;39,38;1,13;1,12;1,26;9911;9736;175;11157;10936;221;105
2022;07;03;HOSTAL;TT;TODAS CONSOLIDADAS;ICA;110000;106;1620;2790;32,36;27,1;1,21;1,2;1,23;19447;18162;1285;23441;21862;1579;287
2022;07;03;HOSTAL;TT;TODAS CONSOLIDADAS;JUNÍN;120000;41;654;1233;32,89;28,71;1,33;1,33;1,73;8267;8234;33;10973;10916;57;152
2022;07;03;HOSTAL;TT;TODAS CONSOLIDADAS;LA LIBERTAD;130000;221;3645;6641;28,15;26,16;1,19;1,19;1,29;45215;44757;458;53858;53265;593;649
2022;07;03;HOSTAL;TT;TODAS CONSOLIDADAS;LAMBAYEQUE;140000;199;2884;4071;25,54;20,06;1,12;1,12;1,26;22522;22310;212;25310;25042;268;546
2022;07;03;HOSTAL;TT;TODAS CONSOLIDADAS;LIMA;150000;244;5397;9788;32,14;29,29;1,25;1,19;1,71;91259;81749;9510;113663;97415;16248;1211
2022;07;03;HOSTAL;TT;TODAS CONSOLIDADAS;MADRE DE DIOS;170000;7;187;292;37,81;32,87;1,48;1,49;1,34;2006;1944;62;2975;2892;83;31
2022;07;03;HOSTAL;TT;TODAS CONSOLIDADAS;MOQUEGUA;180000;82;1152;1878;16,85;13,25;1,28;1,28;1,22;6040;5989;51;7711;7649;62;200
2022;07;03;HOSTAL;TT;TODAS CONSOLIDADAS;PASCO;190000;35;613;1015;32,94;23,95;1,28;1,27;1,52;5909;5880;29;7535;7491;44;99
2022;07;03;HOSTAL;TT;TODAS CONSOLIDADAS;PIURA;200000;33;667;1121;29,24;27,43;1,65;1,63;1,82;5781;5306;475;9533;8668;865;150
2022;07;03;HOSTAL;TT;TODAS CONSOLIDADAS;PUNO;210000;80;1269;2268;27,15;22,1;1,39;1,45;1,14;11157;9063;2094;15536;13153;2383;220
2022;07;03;HOSTAL;TT;TODAS CONSOLIDADAS;SAN MARTÍN;220000;29;450;797;36,67;34,2;1,86;1,84;2,29;4553;4368;185;8450;8026;424;112
2022;07;03;HOSTAL;TT;TODAS CONSOLIDADAS;TACNA;230000;41;724;1387;31,66;27,17;1,6;1,42;1,87;7294;4295;2999;11684;6090;5594;130
2022;07;03;HOSTAL;TT;TODAS CONSOLIDADAS;TUMBES;240000;10;149;305;17,71;14,88;1,55;1,57;1,46;906;755;151;1407;1187;220;37
2022;07;03;HOSTAL;TT;TODAS CONSOLIDADAS;UCAYALI;250000;4;116;207;18,69;12,31;1,66;1,66;0;476;476;0;790;790;0;21
2022;07;05;ALBERGUE;12;ALBERGUE;AMAZONAS;010000;1;6;11;0;0;0;0;0;0;0;0;0;0;0;0
2022;07;05;ALBERGUE;12;ALBERGUE;ÁNCASH;020000;8;76;172;16,13;13,47;3,55;3,55;0;202;202;0;718;718;0;17
2022;07;05;ALBERGUE;12;ALBERGUE;AREQUIPA;040000;5;107;254;46,37;41,44;1,42;1,43;1,42;2293;681;1612;3263;973;2290;106
2022;07;05;ALBERGUE;12;ALBERGUE;CAJAMARCA;060000;1;11;22;0;0;0;0;0;0;0;0;0;0;0;0
2022;07;05;ALBERGUE;12;ALBERGUE;CUSCO;080000;15;236;719;55,45;57,42;1,72;1,34;1,74;7423;271;7152;12799;364;12435;130
2022;07;05;ALBERGUE;12;ALBERGUE;ICA;110000;1;10;30;15,81;14,62;1,81;1,81;0;75;75;0;136;136;0;4
2022;07;01;HOTEL;04;4 ESTRELLAS;LORETO;160000;2;90;150;27,42;25,14;2,14;2,14;2,06;547;515;32;1169;1103;66;27
2022;07;01;HOTEL;05;5 ESTRELLAS;LORETO;160000;1;60;91;94,09;108,08;2,01;2,15;1,85;1514;807;707;3049;1739;1310;54
2022;07;01;HOTEL;04;4 ESTRELLAS;TUMBES;240000;5;265;523;55,18;49,9;2,39;2,48;1,99;3386;2777;609;8090;6881;1209;140
2022;07;01;HOTEL;TT;TODAS CONSOLIDADAS;APURÍMAC;030000;9;352;579;37,2;27,09;1,24;1,24;1,32;3917;3794;123;4863;4701;162;45
2022;07;02;APART HOTEL;TT;TODAS CONSOLIDADAS;APURÍMAC;030000;1;21;30;70,66;85,91;2,01;1,79;2,9;398;320;78;799;573;226;13
2022;07;03;HOSTAL;TT;TODAS CONSOLIDADAS;APURÍMAC;030000;7;161;262;32,38;25,02;1,32;1,33;1;1538;1509;29;2032;2003;29;27
2022;07;03;HOSTAL;01;1 ESTRELLA;APURÍMAC;030000;1;10;20;0;0;0;0;0;0;0;0;0;0;0;0
2022;07;03;HOSTAL;03;3 ESTRELLAS;LAMBAYEQUE;140000;24;336;512;36,77;29,98;1,24;1,24;1,63;3833;3790;43;4758;4688;70;80
2022;07;03;HOSTAL;TT;TODAS CONSOLIDADAS;ÁNCASH;020000;189;2932;5050;35,29;32,97;1,15;1,13;2,31;44978;44319;659;51612;50090;1522;512
2022;07;03;HOSTAL;TT;TODAS CONSOLIDADAS;AREQUIPA;040000;209;3286;5784;30,95;28,54;1,39;1,34;1,79;36703;32273;4430;51179;43265;7914;623
2022;07;03;HOSTAL;TT;TODAS CONSOLIDADAS;LORETO;160000;19;297;476;25,01;24,34;2,37;2,38;2,27;1516;1392;124;3591;3309;282;81
2022;07;05;ALBERGUE;12;ALBERGUE;JUNÍN;120000;1;32;104;49,4;45,94;1,99;1,98;2,14;744;716;28;1481;1421;60;22
2022;07;05;ALBERGUE;12;ALBERGUE;LIMA;150000;8;131;351;45,26;47,3;1,18;1,09;1,38;4377;3083;1294;5147;3366;1781;44
2022;07;05;ALBERGUE;12;ALBERGUE;LORETO;160000;56;738;1587;29,9;27,56;2,25;1,86;2,59;6019;2777;3242;13558;5163;8395;231
2022;07;05;ALBERGUE;12;ALBERGUE;MADRE DE DIOS;170000;10;265;540;41,45;45,45;2,73;2,41;2,77;2788;310;2478;7609;748;6861;245
2022;07;05;ALBERGUE;12;ALBERGUE;PASCO;190000;16;251;714;20,24;25,32;1,63;1,62;2,24;3438;3371;67;5604;5454;150;50
2022;07;05;ALBERGUE;12;ALBERGUE;PUNO;210000;1;13;35;0;0;0;0;0;0;0;0;0;0;0;0
2022;07;05;ALBERGUE;12;ALBERGUE;SAN MARTÍN;220000;9;141;325;25,28;23,42;2,33;2,3;2,39;1015;771;244;2360;1777;583;57
2022;07;05;ALBERGUE;12;ALBERGUE;UCAYALI;250000;3;34;86;16,7;18,53;2,38;2,38;2,31;208;182;26;494;434;60;22
2022;07;05;ALBERGUE;TT;TODAS CONSOLIDADAS;AMAZONAS;010000;1;6;11;0;0;0;0;0;0;0;0;0;0;0;0
2022;07;05;ALBERGUE;TT;TODAS CONSOLIDADAS;AREQUIPA;040000;5;107;254;46,37;41,44;1,42;1,43;1,42;2293;681;1612;3263;973;2290;106
2022;07;05;ALBERGUE;TT;TODAS CONSOLIDADAS;CAJAMARCA;060000;1;11;22;0;0;0;0;0;0;0;0;0;0;0;0
2022;07;05;ALBERGUE;TT;TODAS CONSOLIDADAS;CUSCO;080000;15;236;719;55,45;57,42;1,72;1,34;1,74;7423;271;7152;12799;364;12435;130
2022;07;05;ALBERGUE;TT;TODAS CONSOLIDADAS;ICA;110000;1;10;30;15,81;14,62;1,81;1,81;0;75;75;0;136;136;0;4
2022;07;05;ALBERGUE;TT;TODAS CONSOLIDADAS;JUNÍN;120000;1;32;104;49,4;45,94;1,99;1,98;2,14;744;716;28;1481;1421;60;22
2022;07;05;ALBERGUE;TT;TODAS CONSOLIDADAS;LORETO;160000;56;738;1587;29,9;27,56;2,25;1,86;2,59;6019;2777;3242;13558;5163;8395;231
2022;07;05;ALBERGUE;TT;TODAS CONSOLIDADAS;MADRE DE DIOS;170000;10;265;540;41,45;45,45;2,73;2,41;2,77;2788;310;2478;7609;748;6861;245
2022;07;05;ALBERGUE;TT;TODAS CONSOLIDADAS;PASCO;190000;16;251;714;20,24;25,32;1,63;1,62;2,24;3438;3371;67;5604;5454;150;50
2022;07;05;ALBERGUE;TT;TODAS CONSOLIDADAS;PUNO;210000;1;13;35;0;0;0;0;0;0;0;0;0;0;0;0
2022;07;05;ALBERGUE;TT;TODAS CONSOLIDADAS;SAN MARTÍN;220000;9;141;325;25,28;23,42;2,33;2,3;2,39;1015;771;244;2360;1777;583;57
2022;07;05;ALBERGUE;TT;TODAS CONSOLIDADAS;UCAYALI;250000;3;34;86;16,7;18,53;2,38;2,38;2,31;208;182;26;494;434;60;22
2022;07;14;RESORT;03;3 ESTRELLAS;ICA;110000;1;51;86;0;0;0;0;0;0;0;0;0;0;0;0
2022;07;14;RESORT;03;3 ESTRELLAS;TUMBES;240000;1;31;60;0;0;0;0;0;0;0;0;0;0;0;0
2022;07;14;RESORT;04;4 ESTRELLAS;TUMBES;240000;1;402;1101;76,83;69,18;2,63;2,58;2,91;8991;7666;1325;23612;19761;3851;495
2022;07;14;RESORT;05;5 ESTRELLAS;ICA;110000;1;115;250;29,87;37,5;1,71;1,8;1,44;1698;1283;415;2906;2310;596;90
2022;07;14;RESORT;TT;TODAS CONSOLIDADAS;ICA;110000;2;166;336;20,7;27,9;1,71;1,8;1,44;1698;1283;415;2906;2310;596;90
2022;07;14;RESORT;TT;TODAS CONSOLIDADAS;TUMBES;240000;2;433;1161;71,33;65,61;2,63;2,58;2,91;8991;7666;1325;23612;19761;3851;495
2022;07;16;ECOLODGE;13;ECOLODGE;AREQUIPA;040000;1;23;51;32,54;32,76;1,45;1,34;1,49;358;98;260;518;131;387;8
2022;07;16;ECOLODGE;13;ECOLODGE;SAN MARTÍN;220000;1;12;24;0;0;0;0;0;0;0;0;0;0;0;0
2022;07;16;ECOLODGE;TT;TODAS CONSOLIDADAS;SAN MARTÍN;220000;1;12;24;0;0;0;0;0;0;0;0;0;0;0;0
2022;07;TT;TODAS CONSOLIDADAS;00;NO CATEGORIZADO;AMAZONAS;010000;272;2608;4236;22,59;18,35;1,11;1,1;1,38;21733;21364;369;24098;23588;510;477
2022;07;TT;TODAS CONSOLIDADAS;00;NO CATEGORIZADO;ÁNCASH;020000;598;5604;9733;16,53;15,37;1,3;1,26;1,79;35682;33028;2654;46370;41631;4739;671
2022;07;TT;TODAS CONSOLIDADAS;00;NO CATEGORIZADO;APURÍMAC;030000;474;4380;6732;17,37;13,93;1,13;1,13;1,27;25681;25323;358;29071;28617;454;459
2022;07;TT;TODAS CONSOLIDADAS;00;NO CATEGORIZADO;AREQUIPA;040000;1104;10007;16845;19,77;18,21;1,57;1,55;1,64;60566;44989;15577;95073;69568;25505;1884
2022;07;TT;TODAS CONSOLIDADAS;00;NO CATEGORIZADO;AYACUCHO;050000;537;5201;8262;16,86;13,5;1,24;1,24;1,23;27852;27280;572;34569;33864;705;572
2022;07;TT;TODAS CONSOLIDADAS;00;NO CATEGORIZADO;CAJAMARCA;060000;627;6172;9597;19,18;17,56;1,34;1,34;1,15;38946;38588;358;52230;51820;410;1096
2022;07;TT;TODAS CONSOLIDADAS;00;NO CATEGORIZADO;HUANCAVELICA;090000;192;2246;3454;20,55;16,71;1,09;1,09;1,37;16349;16311;38;17888;17836;52;275
2022;07;TT;TODAS CONSOLIDADAS;00;NO CATEGORIZADO;HUÁNUCO;100000;468;5200;7702;20,26;17,11;1,17;1,17;1,12;35044;34915;129;40856;40711;145;676
2022;07;TT;TODAS CONSOLIDADAS;00;NO CATEGORIZADO;ICA;110000;733;8085;13799;23;18,52;1,29;1,3;1,23;61516;48932;12584;79219;63681;15538;1454
2022;07;TT;TODAS CONSOLIDADAS;00;NO CATEGORIZADO;JUNÍN;120000;1298;13920;22425;28,99;24,53;1,19;1,18;2,02;143765;143234;531;170503;169428;1075;2459
2022;07;TT;TODAS CONSOLIDADAS;00;NO CATEGORIZADO;LA LIBERTAD;130000;833;6720;11252;20,63;18,2;1,18;1,17;1,74;53632;52555;1077;63472;61598;1874;736
2022;07;TT;TODAS CONSOLIDADAS;00;NO CATEGORIZADO;LAMBAYEQUE;140000;381;3940;5675;19,6;15,84;1,06;1,06;1,03;26241;25652;589;27859;27252;607;525
2022;07;TT;TODAS CONSOLIDADAS;00;NO CATEGORIZADO;LIMA;150000;6192;52407;91119;20,74;19,27;1,15;1,15;1,21;2132177;2087720;44457;2452226;2398287;53938;33476
2022;07;TT;TODAS CONSOLIDADAS;00;NO CATEGORIZADO;LORETO;160000;718;6516;10215;20,66;19,79;1,88;1,82;2,04;33310;23580;9730;62665;42845;19820;717
2022;07;TT;TODAS CONSOLIDADAS;00;NO CATEGORIZADO;MADRE DE DIOS;170000;313;4305;7200;24,36;19,65;1,23;1,16;1,62;35656;30286;5370;43855;35145;8710;746
2022;07;TT;TODAS CONSOLIDADAS;00;NO CATEGORIZADO;MOQUEGUA;180000;188;1803;3059;13,02;9;1,16;1,16;1,31;7340;7195;145;8530;8340;190;230
2022;07;TT;TODAS CONSOLIDADAS;00;NO CATEGORIZADO;PASCO;190000;319;3548;5637;23,25;20,21;1,26;1,26;1,02;27943;27878;65;35316;35250;66;620
2022;07;TT;TODAS CONSOLIDADAS;00;NO CATEGORIZADO;PIURA;200000;1010;10370;18946;34,27;29,89;1,85;1,79;2,55;94891;87069;7822;175549;155622;19927;2026
2022;07;TT;TODAS CONSOLIDADAS;00;NO CATEGORIZADO;PUNO;210000;699;6649;11348;22,59;19,31;1,1;1,09;1,25;61917;58749;3168;67925;63971;3954;1200
2022;07;TT;TODAS CONSOLIDADAS;00;NO CATEGORIZADO;SAN MARTÍN;220000;753;8520;13227;29,06;24,33;1,32;1,31;1,59;75767;73893;1874;99748;96773;2975;1115
2022;07;TT;TODAS CONSOLIDADAS;00;NO CATEGORIZADO;TACNA;230000;403;3822;6909;11,48;9,73;1,28;1,23;1,45;16311;12729;3582;20845;15661;5184;470
2022;07;TT;TODAS CONSOLIDADAS;00;NO CATEGORIZADO;TUMBES;240000;217;2235;4333;19,79;14,76;2,17;2,16;2,38;9139;8684;455;19823;18739;1084;378
2022;07;TT;TODAS CONSOLIDADAS;00;NO CATEGORIZADO;UCAYALI;250000;459;4939;7627;22,26;20,04;1,57;1,57;1,82;30218;29867;351;47391;46753;638;883
2022;07;TT;TODAS CONSOLIDADAS;01;1 ESTRELLA;AMAZONAS;010000;17;246;388;59,07;53,78;1,66;1,66;1;3908;3889;19;6469;6450;19;43
2022;07;TT;TODAS CONSOLIDADAS;01;1 ESTRELLA;ÁNCASH;020000;54;991;1587;29,29;26,36;1,08;1,08;1;11965;11953;12;12970;12958;12;153
2022;07;TT;TODAS CONSOLIDADAS;01;1 ESTRELLA;APURÍMAC;030000;3;89;132;20,73;17,55;1,06;1,06;1;677;676;1;718;717;1;10
2022;07;TT;TODAS CONSOLIDADAS;01;1 ESTRELLA;AREQUIPA;040000;56;950;1492;30,78;24,44;1,33;1,29;1,98;8511;8092;419;11303;10472;831;157
2022;07;TT;TODAS CONSOLIDADAS;01;1 ESTRELLA;AYACUCHO;050000;14;290;510;15,75;15,03;1,78;1,78;1,45;1338;1318;20;2377;2348;29;47
2022;07;TT;TODAS CONSOLIDADAS;01;1 ESTRELLA;CAJAMARCA;060000;28;554;869;10,94;8,4;1,2;1,2;1;1893;1884;9;2263;2254;9;93
2022;07;TT;TODAS CONSOLIDADAS;01;1 ESTRELLA;CALLAO;070000;13;264;518;42,83;40,11;1,05;1,05;1,05;6379;6018;361;6725;6345;380;49
2022;07;TT;TODAS CONSOLIDADAS;01;1 ESTRELLA;CUSCO;080000;28;540;892;26,8;21,23;1,09;1,08;1,48;5388;5311;77;5870;5756;114;71
2022;07;TT;TODAS CONSOLIDADAS;01;1 ESTRELLA;HUANCAVELICA;090000;2;29;45;50,72;33,69;1,02;1,02;0;461;461;0;470;470;0;5
2022;07;TT;TODAS CONSOLIDADAS;01;1 ESTRELLA;HUÁNUCO;100000;25;508;757;54,81;54,7;1,09;1,09;1,27;11761;11592;169;12836;12621;215;92
2022;07;TT;TODAS CONSOLIDADAS;01;1 ESTRELLA;ICA;110000;15;237;332;24,65;23,35;1,03;1,03;0;2336;2336;0;2403;2403;0;27
2022;07;TT;TODAS CONSOLIDADAS;01;1 ESTRELLA;JUNÍN;120000;18;416;799;24,31;18,77;1,47;1,47;1;3155;3153;2;4650;4648;2;61
2022;07;TT;TODAS CONSOLIDADAS;01;1 ESTRELLA;LA LIBERTAD;130000;36;555;971;30,05;21,67;1,56;1,57;1,18;4178;4138;40;6523;6476;47;94
2022;07;TT;TODAS CONSOLIDADAS;01;1 ESTRELLA;LAMBAYEQUE;140000;20;318;416;13,19;11;1,12;1,12;1;1268;1258;10;1418;1408;10;54
2022;07;TT;TODAS CONSOLIDADAS;01;1 ESTRELLA;LORETO;160000;6;91;134;21,3;21,64;2,45;2,57;1,67;367;319;48;899;819;80;19
2022;07;TT;TODAS CONSOLIDADAS;01;1 ESTRELLA;MADRE DE DIOS;170000;6;172;313;28,15;22,4;1,07;1,07;1;2033;1936;97;2173;2076;97;25
2022;07;TT;TODAS CONSOLIDADAS;01;1 ESTRELLA;MOQUEGUA;180000;17;237;402;14,17;9,17;1,49;1,49;1,1;769;759;10;1143;1132;11;42
2022;07;TT;TODAS CONSOLIDADAS;01;1 ESTRELLA;PASCO;190000;25;513;778;26,68;19,17;1,27;1,27;1;3628;3627;1;4623;4622;1;85
2022;07;TT;TODAS CONSOLIDADAS;01;1 ESTRELLA;PIURA;200000;5;96;158;18,28;19,05;1,31;1,32;1;710;707;3;933;930;3;17
2022;07;TT;TODAS CONSOLIDADAS;01;1 ESTRELLA;PUNO;210000;34;571;981;21,78;16,37;1,1;1,1;1,01;4534;4389;145;4978;4832;146;82
2022;07;TT;TODAS CONSOLIDADAS;01;1 ESTRELLA;SAN MARTÍN;220000;7;146;229;39,66;40,19;1,08;1,08;1,15;2652;2639;13;2853;2838;15;32
2022;07;TT;TODAS CONSOLIDADAS;01;1 ESTRELLA;TACNA;230000;12;236;427;12,56;11,19;1,09;1,09;1,09;1358;842;516;1481;918;563;33
2022;07;TT;TODAS CONSOLIDADAS;02;2 ESTRELLAS;AMAZONAS;010000;86;1807;2846;23,37;20,69;1,2;1,19;1,9;15165;14787;378;18253;17534;719;281
2022;07;TT;TODAS CONSOLIDADAS;02;2 ESTRELLAS;ÁNCASH;020000;180;3422;6038;33,52;29,27;1,16;1,15;1,39;47400;46838;562;54784;54001;783;573
2022;07;TT;TODAS CONSOLIDADAS;02;2 ESTRELLAS;APURÍMAC;030000;9;302;494;26,48;21,75;1,18;1,18;1,36;2826;2815;11;3331;3316;15;36
2022;07;TT;TODAS CONSOLIDADAS;02;2 ESTRELLAS;AYACUCHO;050000;14;327;585;23,68;22,06;1,64;1,65;1,24;2446;2370;76;4001;3907;94;52
2022;07;TT;TODAS CONSOLIDADAS;02;2 ESTRELLAS;CAJAMARCA;060000;155;3242;5059;20,11;16,36;1,26;1,26;1,24;20401;20124;277;25654;25311;343;519
2022;07;TT;TODAS CONSOLIDADAS;02;2 ESTRELLAS;CALLAO;070000;7;221;415;46,81;47,59;1,02;1,01;1,38;5980;5732;248;6122;5780;342;32
2022;07;TT;TODAS CONSOLIDADAS;02;2 ESTRELLAS;CUSCO;080000;101;2095;3919;29,45;28,28;1,61;1,45;1,78;21312;10670;10642;34360;15421;18939;538
2022;07;TT;TODAS CONSOLIDADAS;02;2 ESTRELLAS;HUANCAVELICA;090000;3;85;156;20,99;13,32;1,78;1,78;0;362;362;0;644;644;0;13
2022;07;TT;TODAS CONSOLIDADAS;02;2 ESTRELLAS;HUÁNUCO;100000;63;1545;2446;36,39;31,83;1,14;1,14;1,46;21223;21182;41;24132;24072;60;264
2022;07;TT;TODAS CONSOLIDADAS;02;2 ESTRELLAS;ICA;110000;113;2286;3907;24,96;20,52;1,33;1,34;1,08;18694;18252;442;24849;24370;479;373
2022;07;TT;TODAS CONSOLIDADAS;02;2 ESTRELLAS;JUNÍN;120000;53;1264;2299;30,25;25,26;1,31;1,3;1,68;13761;13571;190;18004;17685;319;211
2022;07;05;ALBERGUE;TT;TODAS CONSOLIDADAS;ÁNCASH;020000;8;76;172;16,13;13,47;3,55;3,55;0;202;202;0;718;718;0;17
2022;07;05;ALBERGUE;TT;TODAS CONSOLIDADAS;LIMA;150000;8;131;351;45,26;47,3;1,18;1,09;1,38;4377;3083;1294;5147;3366;1781;44
2022;07;TT;TODAS CONSOLIDADAS;01;1 ESTRELLA;LIMA;150000;97;2155;3809;38,32;32,27;1,12;1,11;1,42;42084;41257;826;46966;45795;1171;442
2022;07;16;ECOLODGE;TT;TODAS CONSOLIDADAS;AREQUIPA;040000;1;23;51;32,54;32,76;1,45;1,34;1,49;358;98;260;518;131;387;8
2022;07;TT;TODAS CONSOLIDADAS;02;2 ESTRELLAS;AREQUIPA;040000;159;3003;5396;30,72;27,29;1,32;1,3;1,51;34618;32115;2503;45642;41861;3781;518
2022;07;TT;TODAS CONSOLIDADAS;00;NO CATEGORIZADO;CALLAO;070000;257;3635;6742;30,58;28,76;1,01;1,01;1,12;105448;104276;1171;106673;105358;1315;956
2022;07;TT;TODAS CONSOLIDADAS;00;NO CATEGORIZADO;CUSCO;080000;1822;18088;32611;27,42;26,27;1,65;1,39;1,91;161078;81920;79158;265587;114121;151466;3544
2022;07;TT;TODAS CONSOLIDADAS;02;2 ESTRELLAS;LA LIBERTAD;130000;158;2823;5073;23,65;23,12;1,22;1,21;1,61;29760;29043;717;36361;35207;1154;497
2022;07;TT;TODAS CONSOLIDADAS;02;2 ESTRELLAS;LAMBAYEQUE;140000;231;4377;6333;23,61;18,09;1,13;1,13;1,36;31450;31149;301;35522;35112;410;750
2022;07;TT;TODAS CONSOLIDADAS;02;2 ESTRELLAS;LIMA;150000;265;8548;15250;38,05;34,7;1,28;1,24;1,94;167448;157751;9697;214595;195762;18832;1808
2022;07;TT;TODAS CONSOLIDADAS;02;2 ESTRELLAS;LORETO;160000;19;410;657;19,71;18,21;1,68;1,67;1,75;2204;1813;391;3708;3024;684;77
2022;07;TT;TODAS CONSOLIDADAS;02;2 ESTRELLAS;PIURA;200000;47;1023;1679;36,84;31,97;1,58;1,56;1,8;10563;9887;676;16638;15423;1215;216
2022;07;TT;TODAS CONSOLIDADAS;02;2 ESTRELLAS;PUNO;210000;66;1203;2174;19,66;15,97;1,55;1,6;1,21;6955;6022;933;10761;9633;1128;202
2022;07;TT;TODAS CONSOLIDADAS;02;2 ESTRELLAS;SAN MARTÍN;220000;52;1152;1923;38,51;38,7;2,21;2,19;2,84;10461;10268;193;23069;22520;549;235
2022;07;TT;TODAS CONSOLIDADAS;02;2 ESTRELLAS;TUMBES;240000;13;324;678;59,38;31,72;10,65;10,71;1;626;622;4;6667;6663;4;71
2022;07;TT;TODAS CONSOLIDADAS;02;2 ESTRELLAS;UCAYALI;250000;4;129;229;18,15;10,87;1,83;1,81;3,33;423;420;3;772;762;10;26
2022;07;TT;TODAS CONSOLIDADAS;03;3 ESTRELLAS;AMAZONAS;010000;28;583;1043;24,9;22,44;1,37;1,35;1,8;5292;4996;296;7257;6723;534;137
2022;07;TT;TODAS CONSOLIDADAS;03;3 ESTRELLAS;ÁNCASH;020000;63;1677;3083;32,49;27,12;2,03;1,95;2,55;12797;11151;1646;25924;21734;4190;381
2022;07;TT;TODAS CONSOLIDADAS;03;3 ESTRELLAS;APURÍMAC;030000;5;143;245;69,57;47,99;1,55;1,52;1,84;2350;2132;218;3645;3244;401;39
2022;07;TT;TODAS CONSOLIDADAS;03;3 ESTRELLAS;AREQUIPA;040000;106;2647;4970;33,22;31,39;1,84;1,93;1,72;26261;15383;10878;48369;29674;18695;683
2022;07;TT;TODAS CONSOLIDADAS;03;3 ESTRELLAS;AYACUCHO;050000;11;340;652;28,21;27,29;2,2;2,22;2,05;2508;2188;320;5516;4860;656;109
2022;07;TT;TODAS CONSOLIDADAS;03;3 ESTRELLAS;CAJAMARCA;060000;119;2890;4749;28,04;23,65;1,51;1,51;1,49;23116;22522;594;34816;33928;888;617
2022;07;TT;TODAS CONSOLIDADAS;03;3 ESTRELLAS;CALLAO;070000;4;233;392;36,95;34,66;1,48;1,53;1,37;2843;1956;887;4212;2996;1216;54
2022;07;TT;TODAS CONSOLIDADAS;03;3 ESTRELLAS;CUSCO;080000;112;3680;7219;42,33;39,77;1,83;1,98;1,78;48605;13076;35529;89012;25873;63139;1114
2022;07;TT;TODAS CONSOLIDADAS;03;3 ESTRELLAS;HUANCAVELICA;090000;2;65;108;12,21;9,29;1,38;1,38;1,38;226;218;8;311;300;11;20
2022;07;TT;TODAS CONSOLIDADAS;03;3 ESTRELLAS;HUÁNUCO;100000;15;549;1007;30,82;26,89;1,68;1,69;1,53;4993;4779;214;8393;8066;327;107
2022;07;TT;TODAS CONSOLIDADAS;03;3 ESTRELLAS;ICA;110000;83;2446;4874;40,67;36,2;1,47;1,5;1,4;37138;28017;9121;54690;41960;12730;573
2022;07;TT;TODAS CONSOLIDADAS;03;3 ESTRELLAS;JUNÍN;120000;21;760;1444;28,39;23,45;1,8;1,79;1,84;5847;5724;123;10497;10271;226;190
2022;07;TT;TODAS CONSOLIDADAS;03;3 ESTRELLAS;LA LIBERTAD;130000;140;3466;6581;31,76;27,7;1,34;1,32;1,95;42054;40345;1709;56517;53188;3329;770
2022;07;TT;TODAS CONSOLIDADAS;03;3 ESTRELLAS;LAMBAYEQUE;140000;61;1569;2570;28,82;26,24;1,39;1,39;1,54;15007;14485;522;20907;20102;805;332
2022;07;TT;TODAS CONSOLIDADAS;03;3 ESTRELLAS;LIMA;150000;190;8791;16748;42,16;36,65;1,7;1,5;2,07;112125;74015;38110;190301;111358;78943;2011
2022;07;TT;TODAS CONSOLIDADAS;03;3 ESTRELLAS;LORETO;160000;30;825;1438;31,69;28,27;2,14;2,21;1,87;5881;4756;1125;12604;10504;2100;210
2022;07;TT;TODAS CONSOLIDADAS;03;3 ESTRELLAS;MADRE DE DIOS;170000;6;218;390;45,98;41,67;1,53;1,72;1,16;3298;2158;1140;5038;3713;1325;74
2022;07;TT;TODAS CONSOLIDADAS;03;3 ESTRELLAS;MOQUEGUA;180000;12;314;572;22,28;16,5;1,94;1,94;2,07;1507;1438;69;2926;2783;143;60
2022;07;TT;TODAS CONSOLIDADAS;03;3 ESTRELLAS;PASCO;190000;6;133;250;49,7;50,58;1,56;1,56;1,94;2507;2476;31;3920;3860;60;24
2022;07;TT;TODAS CONSOLIDADAS;03;3 ESTRELLAS;PIURA;200000;18;650;1202;37;27,71;2,56;2,06;5,38;4031;3418;613;10326;7031;3295;208
2022;07;TT;TODAS CONSOLIDADAS;03;3 ESTRELLAS;PUNO;210000;34;1046;1994;37,07;34,03;1,53;1,67;1,45;13783;4924;8859;21035;8222;12813;210
2022;07;TT;TODAS CONSOLIDADAS;03;3 ESTRELLAS;SAN MARTÍN;220000;29;898;1636;36;35,18;1,95;1,93;2,24;9166;8728;438;17841;16859;982;263
2022;07;TT;TODAS CONSOLIDADAS;03;3 ESTRELLAS;TACNA;230000;21;647;1354;28,74;25,79;2,05;1,91;2,15;5281;2256;3025;10823;4320;6503;147
2022;07;TT;TODAS CONSOLIDADAS;03;3 ESTRELLAS;TUMBES;240000;18;444;980;23,07;22,86;2,45;2,42;2,57;2835;2341;494;6946;5676;1270;164
2022;07;TT;TODAS CONSOLIDADAS;03;3 ESTRELLAS;UCAYALI;250000;17;582;958;29,38;25,48;1,84;1,84;1,94;4109;3885;224;7567;7133;434;134
2022;07;TT;TODAS CONSOLIDADAS;04;4 ESTRELLAS;AREQUIPA;040000;11;473;943;43,69;44,15;1,94;2,17;1,73;6647;3171;3476;12905;6879;6026;166
2022;07;TT;TODAS CONSOLIDADAS;04;4 ESTRELLAS;CAJAMARCA;060000;4;214;355;57,94;58,04;1,9;1,84;2,62;3370;3129;241;6387;5756;631;139
2022;07;TT;TODAS CONSOLIDADAS;04;4 ESTRELLAS;CALLAO;070000;2;379;615;99,08;87,1;1,36;1,3;1,36;12252;1623;10629;16605;2103;14502;133
2022;07;TT;TODAS CONSOLIDADAS;04;4 ESTRELLAS;CUSCO;080000;14;991;1919;75,74;79,21;2,19;2,32;2,16;21506;3931;17575;47120;9108;38012;553
2022;07;TT;TODAS CONSOLIDADAS;04;4 ESTRELLAS;HUÁNUCO;100000;1;61;104;51,08;43,86;1,81;1,86;1,46;780;695;85;1414;1290;124;25
2022;07;TT;TODAS CONSOLIDADAS;04;4 ESTRELLAS;ICA;110000;7;744;1550;33,69;37,74;1,91;2,04;1,55;9506;6878;2628;18136;14064;4072;363
2022;07;TT;TODAS CONSOLIDADAS;04;4 ESTRELLAS;JUNÍN;120000;1;620;1000;2,49;2,23;1,79;1,8;1;386;380;6;690;684;6;19
2022;07;TT;TODAS CONSOLIDADAS;04;4 ESTRELLAS;LA LIBERTAD;130000;3;206;326;64,77;65,19;2,07;1,96;2,49;3189;2560;629;6588;5020;1568;79
2022;07;TT;TODAS CONSOLIDADAS;04;4 ESTRELLAS;LIMA;150000;52;5118;9161;39,84;38,62;2,09;1,71;2,54;52595;28877;23718;109689;49501;60188;2059
2022;07;TT;TODAS CONSOLIDADAS;04;4 ESTRELLAS;LORETO;160000;3;103;173;33,51;29,03;1,84;2;1,35;845;643;202;1557;1285;272;33
2022;07;TT;TODAS CONSOLIDADAS;04;4 ESTRELLAS;MOQUEGUA;180000;2;123;232;76,19;67,51;13,05;11,69;19,46;372;307;65;4855;3590;1265;47
2022;07;TT;TODAS CONSOLIDADAS;04;4 ESTRELLAS;PIURA;200000;3;299;556;51,98;45,16;2,03;2,01;2,12;3836;3163;673;7783;6358;1425;55
2022;07;TT;TODAS CONSOLIDADAS;04;4 ESTRELLAS;PUNO;210000;7;447;842;40,3;40,01;1,77;1,99;1,69;5914;1450;4464;10443;2884;7559;134
2022;07;TT;TODAS CONSOLIDADAS;04;4 ESTRELLAS;SAN MARTÍN;220000;1;24;57;76,21;68,42;2,13;2,16;1,96;568;489;79;1209;1054;155;16
2022;07;TT;TODAS CONSOLIDADAS;04;4 ESTRELLAS;TACNA;230000;1;150;300;36,82;34,25;1,83;1,76;1,89;1744;878;866;3185;1546;1639;32
2022;07;TT;TODAS CONSOLIDADAS;04;4 ESTRELLAS;TUMBES;240000;6;667;1624;68,23;62,97;2,56;2,55;2,62;12377;10443;1934;31702;26642;5060;635
2022;07;TT;TODAS CONSOLIDADAS;05;5 ESTRELLAS;AREQUIPA;040000;3;241;352;56,19;66,6;2,02;2,12;1,89;3603;2004;1599;7267;4240;3027;163
2022;07;TT;TODAS CONSOLIDADAS;05;5 ESTRELLAS;CUSCO;080000;15;1288;2527;62,81;65,3;1,8;2,11;1,73;28463;4740;23723;51155;10018;41137;1102
2022;07;TT;TODAS CONSOLIDADAS;05;5 ESTRELLAS;ICA;110000;4;461;1130;41,56;39,79;1,95;2,02;1,86;7166;3870;3296;13940;7808;6132;463
2022;07;TT;TODAS CONSOLIDADAS;05;5 ESTRELLAS;LA LIBERTAD;130000;2;267;450;43,92;46,57;2,01;1,87;2,7;3230;2692;538;6497;5044;1453;169
2022;07;TT;TODAS CONSOLIDADAS;05;5 ESTRELLAS;LIMA;150000;30;4596;8351;42,53;34,48;2,28;1,76;2,55;39097;13415;25682;89253;23665;65588;2699
2022;07;TT;TODAS CONSOLIDADAS;05;5 ESTRELLAS;LORETO;160000;1;60;91;94,09;108,08;2,01;2,15;1,85;1514;807;707;3049;1739;1310;54
2022;07;TT;TODAS CONSOLIDADAS;05;5 ESTRELLAS;PIURA;200000;1;83;168;76,02;70,26;1,99;1,93;2,25;1835;1456;379;3659;2807;852;61
2022;07;TT;TODAS CONSOLIDADAS;05;5 ESTRELLAS;PUNO;210000;1;123;231;67,19;64,88;1,1;1,05;1,13;4233;1864;2369;4646;1965;2681;46
2022;07;TT;TODAS CONSOLIDADAS;05;5 ESTRELLAS;UCAYALI;250000;2;162;300;45,04;37,62;2,49;2,46;2,65;1407;1221;186;3499;3006;493;69
2022;07;TT;TODAS CONSOLIDADAS;12;ALBERGUE;AMAZONAS;010000;1;6;11;0;0;0;0;0;0;0;0;0;0;0;0
2022;07;TT;TODAS CONSOLIDADAS;12;ALBERGUE;ÁNCASH;020000;8;76;172;16,13;13,47;3,55;3,55;0;202;202;0;718;718;0;17
2022;07;TT;TODAS CONSOLIDADAS;12;ALBERGUE;AREQUIPA;040000;5;107;254;46,37;41,44;1,42;1,43;1,42;2293;681;1612;3263;973;2290;106
2022;07;TT;TODAS CONSOLIDADAS;12;ALBERGUE;CAJAMARCA;060000;1;11;22;0;0;0;0;0;0;0;0;0;0;0;0
2022;07;TT;TODAS CONSOLIDADAS;12;ALBERGUE;CUSCO;080000;15;236;719;55,45;57,42;1,72;1,34;1,74;7423;271;7152;12799;364;12435;130
2022;07;TT;TODAS CONSOLIDADAS;12;ALBERGUE;ICA;110000;1;10;30;15,81;14,62;1,81;1,81;0;75;75;0;136;136;0;4
2022;07;TT;TODAS CONSOLIDADAS;12;ALBERGUE;JUNÍN;120000;1;32;104;49,4;45,94;1,99;1,98;2,14;744;716;28;1481;1421;60;22
2022;07;TT;TODAS CONSOLIDADAS;12;ALBERGUE;LIMA;150000;8;131;351;45,26;47,3;1,18;1,09;1,38;4377;3083;1294;5147;3366;1781;44
2022;07;TT;TODAS CONSOLIDADAS;12;ALBERGUE;LORETO;160000;56;738;1587;29,9;27,56;2,25;1,86;2,59;6019;2777;3242;13558;5163;8395;231
2022;07;TT;TODAS CONSOLIDADAS;12;ALBERGUE;MADRE DE DIOS;170000;10;265;540;41,45;45,45;2,73;2,41;2,77;2788;310;2478;7609;748;6861;245
2022;07;TT;TODAS CONSOLIDADAS;12;ALBERGUE;PASCO;190000;16;251;714;20,24;25,32;1,63;1,62;2,24;3438;3371;67;5604;5454;150;50
2022;07;TT;TODAS CONSOLIDADAS;12;ALBERGUE;PUNO;210000;1;13;35;0;0;0;0;0;0;0;0;0;0;0;0
2022;07;TT;TODAS CONSOLIDADAS;12;ALBERGUE;SAN MARTÍN;220000;9;141;325;25,28;23,42;2,33;2,3;2,39;1015;771;244;2360;1777;583;57
2022;07;TT;TODAS CONSOLIDADAS;12;ALBERGUE;UCAYALI;250000;3;34;86;16,7;18,53;2,38;2,38;2,31;208;182;26;494;434;60;22
2022;07;TT;TODAS CONSOLIDADAS;13;ECOLODGE;AREQUIPA;040000;1;23;51;32,54;32,76;1,45;1,34;1,49;358;98;260;518;131;387;8
2022;07;TT;TODAS CONSOLIDADAS;13;ECOLODGE;SAN MARTÍN;220000;1;12;24;0;0;0;0;0;0;0;0;0;0;0;0
2022;07;TT;TODAS CONSOLIDADAS;TT;TODAS CONSOLIDADAS;AMAZONAS;010000;404;5250;8524;24,39;20,58;1,17;1,16;1,5;46098;45036;1062;56077;54295;1782;938
2022;07;TT;TODAS CONSOLIDADAS;TT;TODAS CONSOLIDADAS;ÁNCASH;020000;903;11770;20613;21,79;19,6;1,33;1,3;1,7;108046;103172;4874;140766;131042;9724;1795
2022;07;TT;TODAS CONSOLIDADAS;TT;TODAS CONSOLIDADAS;APURÍMAC;030000;491;4914;7603;18,09;14,44;1,14;1,13;1,27;31534;30946;588;36765;35894;871;544
2022;07;TT;TODAS CONSOLIDADAS;TT;TODAS CONSOLIDADAS;AREQUIPA;040000;1445;17451;30303;22,75;20,8;1,56;1,54;1,64;142857;106533;36324;224340;163798;60542;3685
2022;07;TT;TODAS CONSOLIDADAS;TT;TODAS CONSOLIDADAS;AYACUCHO;050000;576;6158;10009;17,21;14,01;1,28;1,28;1,25;34144;33156;988;46463;44979;1484;780
2022;07;TT;TODAS CONSOLIDADAS;TT;TODAS CONSOLIDADAS;CAJAMARCA;060000;934;13083;20651;20,36;18,01;1,34;1,35;1,21;87726;86247;1479;121350;119069;2281;2464
2022;07;TT;TODAS CONSOLIDADAS;TT;TODAS CONSOLIDADAS;CUSCO;080000;2107;26918;49806;29,07;27,87;1,65;1,43;1,89;293775;119919;173856;505903;180661;325242;7052
2022;07;TT;TODAS CONSOLIDADAS;TT;TODAS CONSOLIDADAS;HUANCAVELICA;090000;199;2425;3763;20,78;16,75;1,11;1,11;1,33;17398;17352;46;19313;19250;63;313
2022;07;TT;TODAS CONSOLIDADAS;TT;TODAS CONSOLIDADAS;ICA;110000;956;14269;25622;24,94;20,59;1,31;1,33;1,22;136431;108360;28071;193373;154422;38951;3257
2022;07;TT;TODAS CONSOLIDADAS;TT;TODAS CONSOLIDADAS;JUNÍN;120000;1392;17012;28071;28,97;24,46;1,2;1,2;1,99;167658;166778;880;205825;204137;1688;2962
2022;07;TT;TODAS CONSOLIDADAS;TT;TODAS CONSOLIDADAS;LA LIBERTAD;130000;1172;14037;24653;22,81;20,27;1,22;1,21;1,73;136043;131333;4710;175958;166533;9425;2345
2022;07;TT;TODAS CONSOLIDADAS;TT;TODAS CONSOLIDADAS;LAMBAYEQUE;140000;698;10553;15630;21,92;17,69;1,12;1,12;1,19;81460;79179;2281;98064;94638;3426;1927
2022;07;TT;TODAS CONSOLIDADAS;TT;TODAS CONSOLIDADAS;LORETO;160000;833;8743;14295;21,8;20,73;1,92;1,84;2,06;50140;34695;15445;98040;65379;32661;1341
2022;07;TT;TODAS CONSOLIDADAS;TT;TODAS CONSOLIDADAS;MADRE DE DIOS;170000;348;5333;9082;25,91;21,3;1,28;1,21;1,63;48486;39118;9368;65105;47738;17367;1154
2022;07;TT;TODAS CONSOLIDADAS;02;2 ESTRELLAS;MADRE DE DIOS;170000;13;373;639;40,88;32,46;1,36;1,37;1,32;4711;4428;283;6430;6056;374;64
2022;07;TT;TODAS CONSOLIDADAS;02;2 ESTRELLAS;MOQUEGUA;180000;80;1334;2201;24,84;18,79;1,94;1,95;1,33;6603;6552;51;12822;12754;68;240
2022;07;TT;TODAS CONSOLIDADAS;02;2 ESTRELLAS;PASCO;190000;20;430;809;49,83;53,7;1,23;1,23;1,54;10948;10920;28;13467;13424;43;70
2022;07;TT;TODAS CONSOLIDADAS;02;2 ESTRELLAS;TACNA;230000;58;1363;2736;33,3;27,83;1,98;1,82;2,14;11939;6119;5820;23605;11132;12473;254
2022;07;TT;TODAS CONSOLIDADAS;04;4 ESTRELLAS;LAMBAYEQUE;140000;5;349;636;71,33;62,68;1,65;1,62;1,86;7494;6635;859;12358;10764;1594;266
2022;07;TT;TODAS CONSOLIDADAS;04;4 ESTRELLAS;UCAYALI;250000;5;289;515;47,77;44,08;2,58;2,43;3,49;2730;2359;371;7037;5741;1296;97
2022;07;TT;TODAS CONSOLIDADAS;05;5 ESTRELLAS;SAN MARTÍN;220000;1;50;108;70,13;94,35;2,23;2,22;2,48;1416;1343;73;3159;2978;181;63
2022;07;TT;TODAS CONSOLIDADAS;TT;TODAS CONSOLIDADAS;CALLAO;070000;283;4732;8682;32,12;30,24;1,02;1,02;1,13;132902;119605;13297;140337;122582;17754;1225
2022;07;TT;TODAS CONSOLIDADAS;TT;TODAS CONSOLIDADAS;HUÁNUCO;100000;572;7863;12016;23,88;20,68;1,17;1,17;1,18;73801;73163;638;87631;86760;871;1164
2022;07;TT;TODAS CONSOLIDADAS;TT;TODAS CONSOLIDADAS;LIMA;150000;6834;81746;144789;22,53;20,78;1,18;1,17;1,28;2549902;2406118;143784;3108176;2827734;280442;42539
2022;07;TT;TODAS CONSOLIDADAS;TT;TODAS CONSOLIDADAS;MOQUEGUA;180000;299;3811;6466;17,04;12,32;1,5;1,49;1,46;16591;16251;340;30276;28599;1677;619
2022;07;TT;TODAS CONSOLIDADAS;TT;TODAS CONSOLIDADAS;PASCO;190000;386;4875;8188;25,14;22,56;1,28;1,28;1,11;48464;48272;192;62930;62610;320;849
2022;07;TT;TODAS CONSOLIDADAS;TT;TODAS CONSOLIDADAS;PUNO;210000;842;10052;17605;23,08;19,73;1,15;1,16;1,25;97336;77398;19938;119788;91507;28281;1874
2022;07;TT;TODAS CONSOLIDADAS;TT;TODAS CONSOLIDADAS;TUMBES;240000;254;3670;7615;23,2;17,34;2,63;2,62;2,33;24977;22090;2887;65138;57720;7418;1248
2022;07;TT;TODAS CONSOLIDADAS;TT;TODAS CONSOLIDADAS;UCAYALI;250000;490;6135;9715;22,79;20,47;1,6;1,59;1,86;39095;37934;1161;66760;63829;2931;1231
2022;08;00;NO CLASIFICADO;00;NO CATEGORIZADO;LA LIBERTAD;130000;834;6746;11314;13,35;11,3;1,13;1,13;1,13;35113;33411;1702;39621;37697;1924;741
2022;08;00;NO CLASIFICADO;00;NO CATEGORIZADO;LAMBAYEQUE;140000;381;3946;5677;18,87;16,31;1,07;1,07;1,06;26801;26214;587;28696;28072;624;524
2022;08;00;NO CLASIFICADO;TT;TODAS CONSOLIDADAS;LA LIBERTAD;130000;834;6746;11314;13,35;11,3;1,13;1,13;1,13;35113;33411;1702;39621;37697;1924;741
2022;08;00;NO CLASIFICADO;TT;TODAS CONSOLIDADAS;LAMBAYEQUE;140000;381;3946;5677;18,87;16,31;1,07;1,07;1,06;26801;26214;587;28696;28072;624;524
2022;08;00;NO CLASIFICADO;TT;TODAS CONSOLIDADAS;PUNO;210000;701;6665;11362;23,09;19,91;1,16;1,16;1,2;60336;56645;3691;70122;65675;4447;1201
2022;08;01;HOTEL;01;1 ESTRELLA;LA LIBERTAD;130000;5;116;201;20,47;14,14;1;1;1;881;867;14;881;867;14;19
2022;08;01;HOTEL;01;1 ESTRELLA;LAMBAYEQUE;140000;3;101;145;0;0;0;0;0;0;0;0;0;0;0;0
2022;08;01;HOTEL;02;2 ESTRELLAS;LA LIBERTAD;130000;22;512;943;21,3;21,07;1,38;1,27;1,97;4475;3807;668;6158;4845;1313;99
2022;08;01;HOTEL;02;2 ESTRELLAS;LAMBAYEQUE;140000;73;2060;3103;16,98;15,95;1,17;1,17;1,62;13068;12938;130;15343;15133;210;320
2022;08;01;HOTEL;02;2 ESTRELLAS;PUNO;210000;23;554;991;13,54;9,98;1,26;1,26;1,23;2435;2353;82;3066;2965;101;86
2022;07;TT;TODAS CONSOLIDADAS;TT;TODAS CONSOLIDADAS;PIURA;200000;1084;12521;22709;34,44;29,97;1,85;1,78;2,55;115866;105700;10166;214888;188171;26717;2583
2022;07;TT;TODAS CONSOLIDADAS;TT;TODAS CONSOLIDADAS;SAN MARTÍN;220000;853;10943;17529;29,99;25,8;1,4;1,39;1,69;101045;98131;2914;150239;144799;5440;1781
2022;07;TT;TODAS CONSOLIDADAS;TT;TODAS CONSOLIDADAS;TACNA;230000;495;6218;11726;14,85;12,62;1,39;1,33;1,55;36633;22824;13809;59939;33577;26362;936
2022;08;00;NO CLASIFICADO;00;NO CATEGORIZADO;AMAZONAS;010000;269;2542;4129;24,82;16,38;1,17;1,17;1,12;17980;17544;436;20965;20478;487;466
2022;08;01;HOTEL;01;1 ESTRELLA;AMAZONAS;010000;1;20;42;25,32;12,06;1,52;1,52;0;103;103;0;157;157;0;6
2022;08;01;HOTEL;02;2 ESTRELLAS;AMAZONAS;010000;32;854;1364;25,51;22,79;1,38;1,37;1,8;6987;6903;84;9636;9485;151;146
2022;08;00;NO CLASIFICADO;00;NO CATEGORIZADO;ÁNCASH;020000;600;5630;9775;16,06;13,87;1,28;1,25;1,64;32772;29876;2896;42033;37290;4743;673
2022;08;00;NO CLASIFICADO;TT;TODAS CONSOLIDADAS;ÁNCASH;020000;600;5630;9775;16,06;13,87;1,28;1,25;1,64;32772;29876;2896;42033;37290;4743;673
2022;08;01;HOTEL;01;1 ESTRELLA;ÁNCASH;020000;15;453;704;17,1;15,84;1,04;1,04;0;3312;3312;0;3457;3457;0;65
2022;08;01;HOTEL;02;2 ESTRELLAS;ÁNCASH;020000;50;1322;2444;20,77;16,94;1,28;1,27;1,37;10034;9540;494;12833;12157;676;210
2022;08;00;NO CLASIFICADO;00;NO CATEGORIZADO;APURÍMAC;030000;474;4399;6754;16,64;13,52;1,11;1,11;1,11;25576;25177;399;28301;27858;443;466
2022;08;01;HOTEL;02;2 ESTRELLAS;APURÍMAC;030000;4;175;295;18,29;18,01;1,13;1,13;1;1457;1453;4;1647;1643;4;16
2022;08;00;NO CLASIFICADO;00;NO CATEGORIZADO;AREQUIPA;040000;1100;9958;16749;23,12;20,09;1,53;1,48;1,64;68259;47475;20784;104293;70290;34003;1253
2022;08;01;HOTEL;01;1 ESTRELLA;AREQUIPA;040000;6;210;367;80,88;45,71;2,08;2,03;2,73;2501;2317;184;5200;4697;503;34
2022;08;01;HOTEL;02;2 ESTRELLAS;AREQUIPA;040000;39;1108;1949;27,37;25,53;1,45;1,43;1,71;10630;9715;915;15427;13866;1561;183
2022;08;00;NO CLASIFICADO;00;NO CATEGORIZADO;AYACUCHO;050000;538;5220;8294;15,86;12,58;1,18;1,18;1,34;27396;27063;333;32339;31892;447;572
2022;08;01;HOTEL;02;2 ESTRELLAS;AYACUCHO;050000;9;265;483;30,52;22,44;1,61;1,61;1,39;2089;2033;56;3360;3282;78;37
2022;08;00;NO CLASIFICADO;00;NO CATEGORIZADO;CAJAMARCA;060000;628;6194;9630;20,68;18,06;1,45;1,45;1,59;37250;36908;342;53906;53361;545;1097
2022;08;00;NO CLASIFICADO;TT;TODAS CONSOLIDADAS;CAJAMARCA;060000;628;6194;9630;20,68;18,06;1,45;1,45;1,59;37250;36908;342;53906;53361;545;1097
2022;08;01;HOTEL;01;1 ESTRELLA;CAJAMARCA;060000;6;170;278;11,67;9,18;1,12;1,11;1,3;706;679;27;791;756;35;27
2022;08;01;HOTEL;02;2 ESTRELLAS;CAJAMARCA;060000;41;1143;1738;18,82;13,6;1,22;1,22;1;6032;5938;94;7330;7236;94;188
2022;08;00;NO CLASIFICADO;00;NO CATEGORIZADO;CALLAO;070000;256;3582;6669;31,98;29,74;1,02;1,01;1,21;106691;105795;896;108386;107301;1085;951
2022;08;01;HOTEL;01;1 ESTRELLA;CALLAO;070000;1;34;68;20,78;20,78;1;1;0;438;438;0;438;438;0;2
2022;08;01;HOTEL;02;2 ESTRELLAS;CALLAO;070000;1;40;67;15,97;16,08;1,09;1,04;1,13;307;140;167;334;146;188;3
2022;08;00;NO CLASIFICADO;00;NO CATEGORIZADO;CUSCO;080000;1822;18031;32476;28,44;24,77;1,56;1,34;1,76;159674;75453;84221;249400;101436;147964;3522
2022;08;00;NO CLASIFICADO;TT;TODAS CONSOLIDADAS;CUSCO;080000;1822;18031;32476;28,44;24,77;1,56;1,34;1,76;159674;75453;84221;249400;101436;147964;3522
2022;08;01;HOTEL;01;1 ESTRELLA;CUSCO;080000;5;140;236;21,29;16,5;1,04;1,04;0;1166;1166;0;1207;1207;0;19
2022;08;01;HOTEL;02;2 ESTRELLAS;CUSCO;080000;45;1183;2217;25,09;23,37;1,6;1,39;1,76;10056;4427;5629;16061;6174;9887;368
2022;08;00;NO CLASIFICADO;00;NO CATEGORIZADO;HUANCAVELICA;090000;192;2246;3454;20,12;16,25;1,09;1,09;1,3;16022;15969;53;17399;17330;69;271
2022;08;00;NO CLASIFICADO;00;NO CATEGORIZADO;HUÁNUCO;100000;469;5207;7710;20,43;17,59;1,16;1,16;1,03;36301;36167;134;42035;41897;138;677
2022;08;00;NO CLASIFICADO;TT;TODAS CONSOLIDADAS;HUÁNUCO;100000;469;5207;7710;20,43;17,59;1,16;1,16;1,03;36301;36167;134;42035;41897;138;677
2022;08;01;HOTEL;01;1 ESTRELLA;HUÁNUCO;100000;9;272;405;41,7;39,74;1;1;1;4989;4969;20;4989;4969;20;47
2022;08;01;HOTEL;02;2 ESTRELLAS;HUÁNUCO;100000;40;1247;1947;38,08;33,61;1,12;1,12;1;18130;18106;24;20283;20259;24;208
2022;08;00;NO CLASIFICADO;00;NO CATEGORIZADO;ICA;110000;737;8174;13946;28,01;22,24;1,31;1,33;1,22;73659;58317;15342;96145;77409;18736;1474
2022;08;00;NO CLASIFICADO;00;NO CATEGORIZADO;JUNÍN;120000;1296;13865;22334;25,3;22,42;1,18;1,17;1,57;131943;131427;516;155213;154405;808;2437
2022;08;00;NO CLASIFICADO;TT;TODAS CONSOLIDADAS;JUNÍN;120000;1296;13865;22334;25,3;22,42;1,18;1,17;1,57;131943;131427;516;155213;154405;808;2437
2022;08;01;HOTEL;01;1 ESTRELLA;JUNÍN;120000;6;246;511;21,75;15,83;1,49;1,49;1;1685;1683;2;2507;2505;2;28
2022;08;01;HOTEL;02;2 ESTRELLAS;JUNÍN;120000;27;842;1496;26,11;20,58;1,31;1,31;1,48;7302;7223;79;9544;9427;117;128
2022;08;00;NO CLASIFICADO;00;NO CATEGORIZADO;LIMA;150000;6193;52435;91170;20,82;19,31;1,15;1,15;1,17;2134905;2081856;53049;2453436;2391506;61930;33461
2022;08;01;HOTEL;02;2 ESTRELLAS;LIMA;150000;125;5276;9308;41,61;37,89;1,26;1,24;1,65;100789;97720;3069;126498;121421;5076;940
2022;08;00;NO CLASIFICADO;00;NO CATEGORIZADO;LORETO;160000;719;6546;10275;19,59;18,09;1,81;1,74;1,93;31886;20796;11090;57619;36187;21432;725
2022;08;00;NO CLASIFICADO;00;NO CATEGORIZADO;MADRE DE DIOS;170000;311;4276;7087;25,42;21,41;1,27;1,17;1,7;37150;30422;6728;47040;35575;11465;744
2022;08;00;NO CLASIFICADO;TT;TODAS CONSOLIDADAS;MADRE DE DIOS;170000;311;4276;7087;25,42;21,41;1,27;1,17;1,7;37150;30422;6728;47040;35575;11465;744
2022;08;01;HOTEL;01;1 ESTRELLA;MADRE DE DIOS;170000;5;133;237;38,08;23,25;1;1;1;1708;1676;32;1708;1676;32;22
2022;08;01;HOTEL;02;2 ESTRELLAS;MADRE DE DIOS;170000;8;259;476;32,27;23,92;1,32;1,32;1,29;2683;2505;178;3530;3301;229;45
2022;08;00;NO CLASIFICADO;00;NO CATEGORIZADO;MOQUEGUA;180000;187;1792;3040;14,18;9,92;1,17;1,16;1,32;8009;7874;135;9350;9172;178;229
2022;08;00;NO CLASIFICADO;TT;TODAS CONSOLIDADAS;MOQUEGUA;180000;187;1792;3040;14,18;9,92;1,17;1,16;1,32;8009;7874;135;9350;9172;178;229
2022;08;01;HOTEL;01;1 ESTRELLA;MOQUEGUA;180000;1;21;42;2,61;1,31;1,55;1,55;0;11;11;0;17;17;0;4
2022;08;01;HOTEL;02;2 ESTRELLAS;MOQUEGUA;180000;17;443;757;33,04;19,83;3,97;4,03;1,84;1172;1141;31;4653;4596;57;78
2022;08;00;NO CLASIFICADO;00;NO CATEGORIZADO;PASCO;190000;320;3568;5656;22,32;18,95;1,28;1,28;1,34;26018;25959;59;33220;33141;79;627
2022;08;01;HOTEL;01;1 ESTRELLA;PASCO;190000;6;168;270;21,54;17,6;1,2;1,2;0;1232;1232;0;1473;1473;0;31
2022;08;01;HOTEL;02;2 ESTRELLAS;PASCO;190000;5;171;320;66,38;77,58;1,11;1,11;0;6942;6942;0;7696;7696;0;28
2022;08;00;NO CLASIFICADO;00;NO CATEGORIZADO;PIURA;200000;1009;10375;18932;25,97;22,66;1,58;1,54;2,07;84083;77615;6468;132986;119620;13366;1520
2022;08;01;HOTEL;01;1 ESTRELLA;PIURA;200000;2;40;77;5;21,7;1,27;1,27;0;408;408;0;518;518;0;6
2022;08;01;HOTEL;02;2 ESTRELLAS;PIURA;200000;20;481;790;41,67;35,25;1,54;1,55;1,29;5614;5427;187;8632;8390;242;101
2022;08;00;NO CLASIFICADO;00;NO CATEGORIZADO;PUNO;210000;701;6665;11362;23,09;19,91;1,16;1,16;1,2;60336;56645;3691;70122;65675;4447;1201
2022;08;01;HOTEL;01;1 ESTRELLA;PUNO;210000;5;123;224;29,11;22,13;1,25;1,25;0;1225;1225;0;1537;1537;0;18
2022;08;00;NO CLASIFICADO;00;NO CATEGORIZADO;SAN MARTÍN;220000;754;8518;13219;31,37;25,37;1,32;1,3;2,04;78954;77528;1426;103980;101071;2909;1121
2022;08;00;NO CLASIFICADO;TT;TODAS CONSOLIDADAS;SAN MARTÍN;220000;754;8518;13219;31,37;25,37;1,32;1,3;2,04;78954;77528;1426;103980;101071;2909;1121
2022;08;01;HOTEL;01;1 ESTRELLA;SAN MARTÍN;220000;6;126;195;68,05;72,85;1,58;1,58;1,96;2786;2758;28;4404;4349;55;24
2022;08;00;NO CLASIFICADO;00;NO CATEGORIZADO;TACNA;230000;404;3839;6933;12,4;10,27;1,32;1,28;1,58;16689;14331;2358;22078;18352;3726;472
2022;08;01;HOTEL;01;1 ESTRELLA;TACNA;230000;2;57;112;5,04;3;2,21;2,21;0;47;47;0;104;104;0;5
2022;08;00;NO CLASIFICADO;00;NO CATEGORIZADO;TUMBES;240000;217;2236;4339;15,26;12,1;1,89;1,85;2,31;8618;7897;721;16273;14609;1664;376
2022;08;00;NO CLASIFICADO;00;NO CATEGORIZADO;UCAYALI;250000;461;4969;7676;24,86;22,81;1,98;1,98;1,84;27423;26929;494;54279;53371;908;889
2022;08;00;NO CLASIFICADO;TT;TODAS CONSOLIDADAS;UCAYALI;250000;461;4969;7676;24,86;22,81;1,98;1,98;1,84;27423;26929;494;54279;53371;908;889
2022;08;00;NO CLASIFICADO;TT;TODAS CONSOLIDADAS;AMAZONAS;010000;269;2542;4129;24,82;16,38;1,17;1,17;1,12;17980;17544;436;20965;20478;487;466
2022;08;00;NO CLASIFICADO;TT;TODAS CONSOLIDADAS;APURÍMAC;030000;474;4399;6754;16,64;13,52;1,11;1,11;1,11;25576;25177;399;28301;27858;443;466
2022;08;00;NO CLASIFICADO;TT;TODAS CONSOLIDADAS;AREQUIPA;040000;1100;9958;16749;23,12;20,09;1,53;1,48;1,64;68259;47475;20784;104293;70290;34003;1253
2022;08;00;NO CLASIFICADO;TT;TODAS CONSOLIDADAS;AYACUCHO;050000;538;5220;8294;15,86;12,58;1,18;1,18;1,34;27396;27063;333;32339;31892;447;572
2022;08;01;HOTEL;01;1 ESTRELLA;AYACUCHO;050000;7;178;309;12,09;12,06;1,66;1,66;0;694;694;0;1155;1155;0;29
2022;08;00;NO CLASIFICADO;TT;TODAS CONSOLIDADAS;CALLAO;070000;256;3582;6669;31,98;29,74;1,02;1,01;1,21;106691;105795;896;108386;107301;1085;951
2022;08;00;NO CLASIFICADO;TT;TODAS CONSOLIDADAS;HUANCAVELICA;090000;192;2246;3454;20,12;16,25;1,09;1,09;1,3;16022;15969;53;17399;17330;69;271
2022;08;00;NO CLASIFICADO;TT;TODAS CONSOLIDADAS;ICA;110000;737;8174;13946;28,01;22,24;1,31;1,33;1,22;73659;58317;15342;96145;77409;18736;1474
2022;08;01;HOTEL;01;1 ESTRELLA;ICA;110000;4;82;108;0;0;0;0;0;0;0;0;0;0;0;0
2022;08;01;HOTEL;02;2 ESTRELLAS;ICA;110000;49;1378;2403;25,63;19,44;1,37;1,37;1,34;10592;10414;178;14480;14241;239;223
2022;08;00;NO CLASIFICADO;TT;TODAS CONSOLIDADAS;LIMA;150000;6193;52435;91170;20,82;19,31;1,15;1,15;1,17;2134905;2081856;53049;2453436;2391506;61930;33461
2022;08;00;NO CLASIFICADO;TT;TODAS CONSOLIDADAS;LORETO;160000;719;6546;10275;19,59;18,09;1,81;1,74;1,93;31886;20796;11090;57619;36187;21432;725
2022;08;01;HOTEL;02;2 ESTRELLAS;LORETO;160000;14;338;545;23,85;19,37;1,48;1,47;1,54;2207;1871;336;3273;2755;518;62
2022;08;00;NO CLASIFICADO;TT;TODAS CONSOLIDADAS;PASCO;190000;320;3568;5656;22,32;18,95;1,28;1,28;1,34;26018;25959;59;33220;33141;79;627
2022;08;00;NO CLASIFICADO;TT;TODAS CONSOLIDADAS;PIURA;200000;1009;10375;18932;25,97;22,66;1,58;1,54;2,07;84083;77615;6468;132986;119620;13366;1520
2022;08;00;NO CLASIFICADO;TT;TODAS CONSOLIDADAS;TACNA;230000;404;3839;6933;12,4;10,27;1,32;1,28;1,58;16689;14331;2358;22078;18352;3726;472
2022;08;00;NO CLASIFICADO;TT;TODAS CONSOLIDADAS;TUMBES;240000;217;2236;4339;15,26;12,1;1,89;1,85;2,31;8618;7897;721;16273;14609;1664;376
2022;08;01;HOTEL;01;1 ESTRELLA;APURÍMAC;030000;2;79;112;18,91;20,42;1,1;1,1;2;644;643;1;709;707;2;10
2022;08;01;HOTEL;01;1 ESTRELLA;LIMA;150000;10;375;641;43,28;42,06;1,05;1,05;2,27;7457;7420;37;7867;7783;83;53
2022;08;01;HOTEL;02;2 ESTRELLAS;HUANCAVELICA;090000;2;46;85;23,42;18,33;1,46;1,45;1,73;330;315;15;483;457;26;9
2022;08;01;HOTEL;02;2 ESTRELLAS;SAN MARTÍN;220000;30;834;1404;46,3;37,88;1,96;1,96;2,17;8407;8208;199;16485;16054;431;168
2022;08;01;HOTEL;02;2 ESTRELLAS;TACNA;230000;33;928;1894;25,02;17,78;1,78;1,8;1,74;5862;3801;2061;10437;6846;3591;171
2022;08;01;HOTEL;02;2 ESTRELLAS;TUMBES;240000;8;258;537;75,51;40,1;18,19;18,19;0;367;367;0;6676;6676;0;49
2022;08;01;HOTEL;02;2 ESTRELLAS;UCAYALI;250000;2;58;93;13,57;10,44;3,58;3,49;5;84;79;5;301;276;25;11
2022;08;01;HOTEL;03;3 ESTRELLAS;AMAZONAS;010000;19;450;808;24,55;20,45;1,37;1,33;1,79;3743;3420;323;5122;4543;579;111
2022;08;01;HOTEL;03;3 ESTRELLAS;ÁNCASH;020000;41;1367;2458;30,01;23,59;1,8;1,75;2,22;9963;8822;1141;17977;15440;2537;318
2022;08;01;HOTEL;03;3 ESTRELLAS;APURÍMAC;030000;3;98;172;71,46;45,41;1,38;1,4;1,29;1756;1437;319;2421;2009;412;19
2022;08;01;HOTEL;03;3 ESTRELLAS;AREQUIPA;040000;65;1955;3683;39,68;37,29;1,87;2,08;1,64;22760;11999;10761;42579;24954;17625;521
2022;08;01;HOTEL;03;3 ESTRELLAS;AYACUCHO;050000;9;302;575;28,05;25,45;2,57;2,57;2,55;1764;1596;168;4536;4108;428;89
2022;08;01;HOTEL;03;3 ESTRELLAS;CAJAMARCA;060000;67;2079;3404;24,73;22,65;1,77;1,75;2,26;13487;12820;667;23900;22391;1509;424
2022;08;01;HOTEL;03;3 ESTRELLAS;CALLAO;070000;4;233;392;35,39;35,67;1,69;1,76;1,56;2564;1720;844;4335;3020;1315;54
2022;08;01;HOTEL;03;3 ESTRELLAS;CUSCO;080000;90;3226;6389;44,64;41,68;1,83;2,15;1,74;45183;9928;35255;82549;21379;61170;1006
2022;08;01;HOTEL;03;3 ESTRELLAS;HUANCAVELICA;090000;2;65;108;10,37;7,5;1,44;1,44;1,67;174;171;3;251;246;5;20
2022;08;01;HOTEL;03;3 ESTRELLAS;HUÁNUCO;100000;13;494;934;35,22;27,08;1,49;1,48;1,7;5252;5008;244;7842;7426;416;107
2022;08;01;HOTEL;03;3 ESTRELLAS;ICA;110000;50;1829;3725;40,27;35,33;1,54;1,63;1,37;26475;17184;9291;40802;28070;12732;465
2022;08;01;HOTEL;03;3 ESTRELLAS;JUNÍN;120000;18;700;1330;26,35;21,5;1,61;1,6;1,95;5503;5380;123;8864;8624;240;155
2022;08;01;HOTEL;03;3 ESTRELLAS;LA LIBERTAD;130000;85;2558;4827;32,73;25,78;1,57;1,53;2,01;24623;22963;1660;38571;35227;3344;594
2022;08;01;HOTEL;03;3 ESTRELLAS;LAMBAYEQUE;140000;37;1216;2062;26,25;22,12;1,37;1,36;1,53;10337;9958;379;14142;13564;578;249
2022;08;01;HOTEL;03;3 ESTRELLAS;LIMA;150000;165;8262;15737;42,18;36,34;1,65;1,43;2,05;107424;69853;37571;177290;100141;77149;1884
2022;08;01;HOTEL;03;3 ESTRELLAS;LORETO;160000;21;648;1137;39,31;33,1;2,36;2,36;2,36;4936;3895;1041;11666;9206;2460;188
2022;08;01;HOTEL;03;3 ESTRELLAS;MADRE DE DIOS;170000;5;196;361;38,35;30,57;1,7;1,78;1,37;2012;1606;406;3421;2865;556;66
2022;08;01;HOTEL;03;3 ESTRELLAS;MOQUEGUA;180000;8;261;488;21,85;16,47;1,75;1,77;1,44;1423;1328;95;2492;2355;137;55
2022;08;01;HOTEL;03;3 ESTRELLAS;PASCO;190000;4;114;217;50,23;54,04;1,61;1,61;2,19;2257;2241;16;3635;3600;35;17
2022;08;01;HOTEL;03;3 ESTRELLAS;PIURA;200000;15;582;1050;48,65;33,76;2,19;1,72;4,16;5013;4048;965;10990;6974;4016;187
2022;08;01;HOTEL;03;3 ESTRELLAS;PUNO;210000;27;899;1736;41,38;37,93;1,51;1,64;1,47;13472;3775;9697;20410;6192;14218;178
2022;08;01;HOTEL;03;3 ESTRELLAS;SAN MARTÍN;220000;23;787;1402;33,32;30,3;1,77;1,77;2;7428;7192;236;13171;12699;472;208
2022;08;01;HOTEL;03;3 ESTRELLAS;TACNA;230000;15;551;1156;26,53;23,69;1,73;1,73;1,73;4913;2829;2084;8488;4888;3600;131
2022;08;01;HOTEL;03;3 ESTRELLAS;TUMBES;240000;10;312;696;30,51;29,38;2,7;2,67;2,87;2346;2009;337;6339;5372;967;125
2022;08;01;HOTEL;03;3 ESTRELLAS;UCAYALI;250000;15;537;887;34,27;29,12;1,93;1,89;2,47;4159;3880;279;8008;7319;689;128
2022;08;01;HOTEL;04;4 ESTRELLAS;AREQUIPA;040000;10;454;916;48,57;46,72;1,85;2,1;1,67;7157;3082;4075;13267;6458;6809;166
2022;08;01;HOTEL;04;4 ESTRELLAS;CAJAMARCA;060000;4;214;355;64,32;58,96;1,94;1,83;2,87;3336;2981;355;6488;5470;1018;134
2022;08;01;HOTEL;04;4 ESTRELLAS;CALLAO;070000;2;371;599;85,74;82,28;1,32;1,24;1,34;11573;1852;9721;15278;2291;12987;133
2022;08;01;HOTEL;04;4 ESTRELLAS;CUSCO;080000;16;1151;2256;68,48;68,31;2,09;2,16;2,07;22911;3794;19117;47770;8180;39590;600
2022;08;01;HOTEL;04;4 ESTRELLAS;HUÁNUCO;100000;1;61;104;50,13;41,32;1,66;1,7;1,37;803;711;92;1332;1206;126;25
2022;08;01;HOTEL;04;4 ESTRELLAS;ICA;110000;7;744;1550;29,98;34,78;1,9;2,09;1,46;8805;6130;2675;16711;12815;3896;361
2022;08;01;HOTEL;04;4 ESTRELLAS;LA LIBERTAD;130000;3;206;326;62,25;58,16;1,99;1,92;2,24;2955;2330;625;5878;4480;1398;79
2022;08;01;HOTEL;04;4 ESTRELLAS;LAMBAYEQUE;140000;5;349;643;67,46;56,85;1,65;1,6;1,99;6858;5991;867;11331;9605;1726;250
2022;08;01;HOTEL;04;4 ESTRELLAS;LIMA;150000;44;4529;7937;35,47;32,92;1,99;1,47;2,43;40644;18448;22196;80989;27053;53936;1712
2022;08;01;HOTEL;04;4 ESTRELLAS;LORETO;160000;2;89;148;46,5;40,95;1,46;1,44;1,61;1291;1201;90;1879;1734;145;29
2022;08;01;HOTEL;04;4 ESTRELLAS;MOQUEGUA;180000;2;123;232;77,08;58,02;11,46;12,25;8,58;364;286;78;4173;3504;669;47
2022;08;01;HOTEL;04;4 ESTRELLAS;PIURA;200000;3;299;556;52,18;44,1;2,08;2,06;2,14;3654;2667;987;7601;5485;2116;55
2022;08;01;HOTEL;04;4 ESTRELLAS;PUNO;210000;7;447;842;42,46;40,74;1,74;1,96;1,69;6101;1201;4900;10634;2350;8284;140
2022;08;01;HOTEL;04;4 ESTRELLAS;TACNA;230000;1;150;300;35,53;28,06;1,93;2,03;1,82;1353;712;641;2610;1442;1168;32
2022;08;01;HOTEL;04;4 ESTRELLAS;TUMBES;240000;5;265;522;51,47;49,71;2,27;2,34;2,12;3540;2471;1069;8044;5782;2262;140
2022;08;01;HOTEL;04;4 ESTRELLAS;UCAYALI;250000;5;288;513;45,78;40,58;2,39;2,38;2,4;2705;2284;421;6453;5442;1011;110
2022;08;01;HOTEL;05;5 ESTRELLAS;AREQUIPA;040000;3;241;352;69,44;76,24;2,07;2,12;2,02;4013;1995;2018;8319;4235;4084;167
2022;08;01;HOTEL;05;5 ESTRELLAS;CUSCO;080000;15;1288;2530;58,82;56,93;1,74;2;1,7;25674;3526;22148;44650;7049;37601;1183
2022;08;01;HOTEL;05;5 ESTRELLAS;ICA;110000;3;346;880;44,53;43,19;2,13;2,19;1,92;5536;4220;1316;11783;9259;2524;373
2022;08;01;HOTEL;05;5 ESTRELLAS;LA LIBERTAD;130000;2;267;450;43,07;41,57;1,89;1,82;2,18;3074;2488;586;5799;4519;1280;176
2022;08;01;HOTEL;05;5 ESTRELLAS;LIMA;150000;24;4197;7469;47,16;38,06;2,23;1,66;2,47;39558;11856;27702;88120;19638;68482;2576
2022;08;01;HOTEL;05;5 ESTRELLAS;LORETO;160000;1;60;91;81,61;84,93;2,11;2,08;2,13;1135;507;628;2396;1056;1340;54
2022;08;01;HOTEL;05;5 ESTRELLAS;PIURA;200000;1;83;168;77,19;63,65;1,99;1,96;2,08;1662;1244;418;3315;2444;871;61
2022;08;01;HOTEL;05;5 ESTRELLAS;PUNO;210000;1;123;231;73,25;69,42;1,07;1,06;1,08;4641;1988;2653;4971;2105;2866;48
2022;08;01;HOTEL;05;5 ESTRELLAS;SAN MARTÍN;220000;1;50;108;54,58;71,71;1,76;1,75;2,28;1362;1319;43;2401;2303;98;63
2022;08;01;HOTEL;05;5 ESTRELLAS;UCAYALI;250000;2;162;300;45,34;37;2,54;2,42;3,57;1354;1207;147;3441;2916;525;71
2022;08;01;HOTEL;TT;TODAS CONSOLIDADAS;AMAZONAS;010000;52;1324;2214;25,18;21,73;1,38;1,36;1,79;10833;10426;407;14915;14185;730;263
2022;08;01;HOTEL;TT;TODAS CONSOLIDADAS;ÁNCASH;020000;106;3142;5606;24,26;19,72;1,47;1,43;1,97;23309;21674;1635;34267;31054;3213;593
2022;08;01;HOTEL;TT;TODAS CONSOLIDADAS;APURÍMAC;030000;9;352;579;33,23;26,61;1,24;1,23;1,29;3857;3533;324;4777;4359;418;45
2022;08;01;HOTEL;TT;TODAS CONSOLIDADAS;AREQUIPA;040000;123;3968;7267;41,25;37,64;1,8;1,86;1,7;47061;29108;17953;84792;54210;30582;1071
2022;08;01;HOTEL;TT;TODAS CONSOLIDADAS;AYACUCHO;050000;25;745;1367;25,11;21,36;1,99;1,98;2,26;4547;4323;224;9051;8545;506;155
2022;08;01;HOTEL;TT;TODAS CONSOLIDADAS;CAJAMARCA;060000;118;3606;5775;24,59;21,51;1,63;1,6;2,32;23561;22418;1143;38509;35853;2656;773
2022;08;01;HOTEL;TT;TODAS CONSOLIDADAS;CALLAO;070000;8;678;1126;61,06;58,4;1,37;1,42;1,35;14882;4150;10732;20385;5895;14490;192
2022;08;01;HOTEL;TT;TODAS CONSOLIDADAS;CUSCO;080000;171;6988;13628;47,4;45,5;1,83;1,93;1,8;104990;22841;82149;192237;43989;148248;3176
2022;08;01;HOTEL;TT;TODAS CONSOLIDADAS;HUANCAVELICA;090000;4;111;193;15,78;12,27;1,46;1,45;1,72;504;486;18;734;703;31;29
2022;08;01;HOTEL;TT;TODAS CONSOLIDADAS;ICA;110000;113;4379;8666;33,5;31,18;1,63;1,7;1,44;51408;37948;13460;83776;64385;19391;1422
2022;08;01;HOTEL;TT;TODAS CONSOLIDADAS;JUNÍN;120000;52;1828;3403;25,62;20,21;1,44;1,44;1,74;14795;14583;212;21321;20953;368;330
2022;08;01;HOTEL;TT;TODAS CONSOLIDADAS;LA LIBERTAD;130000;117;3659;6747;33,16;27,39;1,59;1,54;2,07;36008;32455;3553;57287;49938;7349;967
2022;08;01;HOTEL;TT;TODAS CONSOLIDADAS;LAMBAYEQUE;140000;118;3726;5953;24,27;22,12;1,35;1,33;1,83;30263;28887;1376;40816;38302;2514;819
2022;08;01;HOTEL;TT;TODAS CONSOLIDADAS;LIMA;150000;368;22639;41092;41,63;36,17;1,73;1,39;2,27;296182;183490;112692;511908;255850;256058;8368
2022;08;01;HOTEL;TT;TODAS CONSOLIDADAS;LORETO;160000;38;1135;1921;37,5;32,26;2,01;1,97;2,13;9569;7474;2095;19214;14751;4463;333
2022;08;01;HOTEL;TT;TODAS CONSOLIDADAS;MADRE DE DIOS;170000;18;588;1074;35,61;26,01;1,35;1,36;1,33;6403;5787;616;8659;7842;817;133
2022;08;01;HOTEL;TT;TODAS CONSOLIDADAS;MOQUEGUA;180000;28;848;1519;35,23;24,07;3,82;3,79;4,23;2970;2766;204;11335;10472;863;184
2022;08;01;HOTEL;TT;TODAS CONSOLIDADAS;PASCO;190000;15;453;807;45,69;51,18;1,23;1,23;2,19;10431;10415;16;12804;12769;35;76
2022;08;01;HOTEL;TT;TODAS CONSOLIDADAS;PIURA;200000;41;1485;2641;47,52;37,93;1,9;1,73;2,83;16351;13794;2557;31056;23811;7245;410
2022;08;01;HOTEL;TT;TODAS CONSOLIDADAS;PUNO;210000;63;2146;4024;35,54;32,56;1,46;1,44;1,47;27874;10542;17332;40618;15149;25469;470
2022;08;01;HOTEL;TT;TODAS CONSOLIDADAS;SAN MARTÍN;220000;60;1797;3109;42,37;37,83;1,82;1,82;2,09;19983;19477;506;36461;35405;1056;463
2022;08;01;HOTEL;TT;TODAS CONSOLIDADAS;TACNA;230000;51;1686;3462;25,77;20,16;1,78;1,8;1,75;12175;7389;4786;21639;13280;8359;339
2022;08;01;HOTEL;TT;TODAS CONSOLIDADAS;TUMBES;240000;23;835;1755;51,06;38,71;3,37;3,68;2,3;6253;4847;1406;21059;17830;3229;314
2022;08;01;HOTEL;TT;TODAS CONSOLIDADAS;UCAYALI;250000;24;1045;1793;38,01;32,75;2,19;2,14;2,64;8302;7450;852;18203;15953;2250;320
2022;08;02;APART HOTEL;03;3 ESTRELLAS;ÁNCASH;020000;2;16;52;0;0;0;0;0;0;0;0;0;0;0;0
2022;08;02;APART HOTEL;03;3 ESTRELLAS;APURÍMAC;030000;1;21;30;67,9;67,85;1,78;1,72;2,25;355;315;40;631;541;90;11
2022;08;02;APART HOTEL;03;3 ESTRELLAS;AREQUIPA;040000;1;18;36;5,38;5,38;4,29;5,75;2,33;14;8;6;60;46;14;2
2022;08;02;APART HOTEL;03;3 ESTRELLAS;CAJAMARCA;060000;2;13;24;0;0;0;0;0;0;0;0;0;0;0;0
2022;08;02;APART HOTEL;03;3 ESTRELLAS;ICA;110000;1;10;20;5,81;5,81;2;3,25;1;18;8;10;36;26;10;5
2022;08;02;APART HOTEL;03;3 ESTRELLAS;LA LIBERTAD;130000;1;11;24;0;0;0;0;0;0;0;0;0;0;0;0
2022;08;02;APART HOTEL;03;3 ESTRELLAS;LIMA;150000;8;206;375;53,05;42,15;3,16;3,29;3,09;1549;560;989;4900;1845;3055;46
2022;08;02;APART HOTEL;03;3 ESTRELLAS;LORETO;160000;1;45;94;0;0;0;0;0;0;0;0;0;0;0;0
2022;08;02;APART HOTEL;03;3 ESTRELLAS;MOQUEGUA;180000;1;8;8;66,94;66,94;11,07;12,3;8,6;15;10;5;166;123;43;3
2022;08;02;APART HOTEL;03;3 ESTRELLAS;PASCO;190000;1;10;17;8,71;5,31;1;1;0;28;28;0;28;28;0;4
2022;08;02;APART HOTEL;03;3 ESTRELLAS;TUMBES;240000;2;18;50;51,61;32,52;2,38;2,3;3,22;212;194;18;504;446;58;15
2022;08;02;APART HOTEL;04;4 ESTRELLAS;AREQUIPA;040000;1;19;32;22,58;45,77;2,18;2,26;2;208;146;62;454;330;124;6
2022;08;02;APART HOTEL;04;4 ESTRELLAS;LIMA;150000;8;610;1266;60;57,01;2,16;1,84;3,24;10335;7954;2381;22375;14666;7709;418
2022;08;02;APART HOTEL;04;4 ESTRELLAS;LORETO;160000;1;13;23;90,82;51,33;1,28;1,29;1,27;286;138;148;366;178;188;6
2022;08;02;APART HOTEL;04;4 ESTRELLAS;SAN MARTÍN;220000;1;24;57;73,66;61,35;1,89;1,89;1,87;574;487;87;1084;921;163;17
2022;08;02;APART HOTEL;05;5 ESTRELLAS;LIMA;150000;6;399;673;45,55;33,67;2,94;2,55;3,38;2392;1280;1112;7025;3263;3762;165
2022;08;02;APART HOTEL;TT;TODAS CONSOLIDADAS;ÁNCASH;020000;2;16;52;0;0;0;0;0;0;0;0;0;0;0;0
2022;08;02;APART HOTEL;TT;TODAS CONSOLIDADAS;APURÍMAC;030000;1;21;30;67,9;67,85;1,78;1,72;2,25;355;315;40;631;541;90;11
2022;08;02;APART HOTEL;TT;TODAS CONSOLIDADAS;AREQUIPA;040000;2;37;68;14,21;24,38;2,32;2,44;2,03;222;154;68;514;376;138;8
2022;08;02;APART HOTEL;TT;TODAS CONSOLIDADAS;CAJAMARCA;060000;2;13;24;0;0;0;0;0;0;0;0;0;0;0;0
2022;08;02;APART HOTEL;TT;TODAS CONSOLIDADAS;ICA;110000;1;10;20;5,81;5,81;2;3,25;1;18;8;10;36;26;10;5
2022;08;02;APART HOTEL;TT;TODAS CONSOLIDADAS;LA LIBERTAD;130000;1;11;24;0;0;0;0;0;0;0;0;0;0;0;0
2022;08;02;APART HOTEL;TT;TODAS CONSOLIDADAS;LIMA;150000;22;1215;2314;54,08;47,82;2,4;2,02;3,24;14276;9794;4482;34300;19774;14526;629
2022;08;02;APART HOTEL;TT;TODAS CONSOLIDADAS;LORETO;160000;2;58;117;20,36;10,09;1,28;1,29;1,27;286;138;148;366;178;188;6
2022;08;02;APART HOTEL;TT;TODAS CONSOLIDADAS;MOQUEGUA;180000;1;8;8;66,94;66,94;11,07;12,3;8,6;15;10;5;166;123;43;3
2022;08;02;APART HOTEL;TT;TODAS CONSOLIDADAS;PASCO;190000;1;10;17;8,71;5,31;1;1;0;28;28;0;28;28;0;4
2022;08;02;APART HOTEL;TT;TODAS CONSOLIDADAS;TUMBES;240000;2;18;50;51,61;32,52;2,38;2,3;3,22;212;194;18;504;446;58;15
2022;08;03;HOSTAL;01;1 ESTRELLA;AMAZONAS;010000;17;239;372;67,32;64,9;1,8;1,79;1,88;4167;4077;90;7484;7315;169;38
2022;08;03;HOSTAL;01;1 ESTRELLA;ÁNCASH;020000;39;538;883;36,31;32,44;1,17;1,17;1;7614;7610;4;8879;8875;4;87
2022;08;03;HOSTAL;01;1 ESTRELLA;APURÍMAC;030000;1;10;20;0;0;0;0;0;0;0;0;0;0;0;0
2022;08;03;HOSTAL;01;1 ESTRELLA;AREQUIPA;040000;50;740;1125;26,44;22,02;1,26;1,26;1,34;6076;5969;107;7678;7535;143;123
2022;08;03;HOSTAL;01;1 ESTRELLA;AYACUCHO;050000;7;113;203;17,04;15,16;1,57;1,57;1,11;609;600;9;954;944;10;19
2022;08;03;HOSTAL;01;1 ESTRELLA;CAJAMARCA;060000;22;384;591;6,01;7,22;1,22;1,22;0;1081;1081;0;1322;1322;0;66
2022;08;03;HOSTAL;01;1 ESTRELLA;CALLAO;070000;12;230;450;47,87;44,81;1,07;1,08;1,03;6012;5491;521;6445;5909;536;48
2022;08;03;HOSTAL;01;1 ESTRELLA;CUSCO;080000;23;400;656;22,53;18,84;1,12;1,11;1,58;3411;3293;118;3832;3645;187;53
2022;08;03;HOSTAL;01;1 ESTRELLA;HUANCAVELICA;090000;2;31;47;47,87;32,6;1,02;1,02;1;465;461;4;475;471;4;5
2022;08;03;HOSTAL;01;1 ESTRELLA;HUÁNUCO;100000;16;236;352;84,31;81,99;1,24;1,24;1,34;7236;7177;59;8947;8868;79;45
2022;08;03;HOSTAL;01;1 ESTRELLA;ICA;110000;11;155;224;32,82;30,93;1,03;1,03;0;2081;2081;0;2148;2148;0;27
2022;08;03;HOSTAL;01;1 ESTRELLA;JUNÍN;120000;12;170;288;28,6;19,6;1,29;1,29;0;1361;1361;0;1750;1750;0;30
2022;08;03;HOSTAL;01;1 ESTRELLA;LA LIBERTAD;130000;31;439;770;24,91;20,85;1,74;1,74;2;2861;2847;14;4976;4948;28;75
2022;08;03;HOSTAL;01;1 ESTRELLA;LAMBAYEQUE;140000;17;217;271;22,03;18,55;1,04;1,05;1;1491;1479;12;1558;1546;12;37
2022;08;03;HOSTAL;01;1 ESTRELLA;LIMA;150000;87;1780;3168;37,28;31,03;1,12;1,12;1,32;35101;34612;489;39259;38614;645;388
2022;08;03;HOSTAL;01;1 ESTRELLA;LORETO;160000;6;91;134;24,64;19,07;2,11;2,15;1,48;376;349;27;792;752;40;19
2022;08;03;HOSTAL;01;1 ESTRELLA;MADRE DE DIOS;170000;1;35;68;9,77;8,54;2;2;2;90;87;3;180;174;6;4
2022;08;03;HOSTAL;01;1 ESTRELLA;MOQUEGUA;180000;17;234;394;11,41;7,51;1,36;1,36;1;675;666;9;917;908;9;40
2022;08;03;HOSTAL;01;1 ESTRELLA;PASCO;190000;20;358;530;29,16;22,1;1,31;1,31;0;2766;2766;0;3631;3631;0;52
2022;08;03;HOSTAL;01;1 ESTRELLA;PIURA;200000;3;56;81;28,86;20,03;2,1;2,1;0;240;240;0;503;503;0;11
2022;08;03;HOSTAL;01;1 ESTRELLA;PUNO;210000;29;448;757;24,71;19,59;1,05;1,05;1,01;4398;4202;196;4597;4400;197;65
2022;08;03;HOSTAL;01;1 ESTRELLA;SAN MARTÍN;220000;1;20;34;31,29;22,3;1,41;1,41;0;167;167;0;235;235;0;8
2022;08;03;HOSTAL;01;1 ESTRELLA;TACNA;230000;10;179;315;14,67;12,9;1,04;1,03;1,07;1210;898;312;1260;925;335;28
2022;08;03;HOSTAL;02;2 ESTRELLAS;AMAZONAS;010000;55;978;1537;27,95;25,66;1,25;1,22;2,23;9777;9479;298;12226;11562;664;153
2022;08;03;HOSTAL;02;2 ESTRELLAS;ÁNCASH;020000;130;2100;3597;38,65;35,07;1,1;1,1;1,2;35688;35556;132;39109;38950;159;361
2022;08;03;HOSTAL;02;2 ESTRELLAS;APURÍMAC;030000;5;127;199;30,07;28,34;1,22;1,22;0;1435;1435;0;1748;1748;0;16
2022;08;03;HOSTAL;02;2 ESTRELLAS;AREQUIPA;040000;119;1876;3386;34,56;30,12;1,33;1,32;1,43;23737;21920;1817;31620;29021;2599;329
2022;08;03;HOSTAL;02;2 ESTRELLAS;AYACUCHO;050000;5;62;102;9,11;8,7;1,58;1,55;1,6;174;66;108;275;102;173;13
2022;08;03;HOSTAL;02;2 ESTRELLAS;CAJAMARCA;060000;114;2098;3317;18,27;15,41;1,3;1,31;1,12;12150;12074;76;15843;15758;85;342
2022;08;03;HOSTAL;02;2 ESTRELLAS;CALLAO;070000;6;180;346;53,48;53,98;1;1;1;5771;5704;67;5790;5723;67;28
2022;08;03;HOSTAL;02;2 ESTRELLAS;CUSCO;080000;55;902;1671;36,5;34,68;1,64;1,48;1,82;10959;5841;5118;17965;8636;9329;166
2022;08;03;HOSTAL;02;2 ESTRELLAS;HUANCAVELICA;090000;1;39;71;8,27;7,09;1,25;1,25;0;125;125;0;156;156;0;4
2022;08;03;HOSTAL;02;2 ESTRELLAS;HUÁNUCO;100000;23;298;499;37,17;31,28;1,04;1,04;1;4663;4656;7;4839;4832;7;61
2022;08;03;HOSTAL;02;2 ESTRELLAS;ICA;110000;65;930;1547;20,94;18,97;1,22;1,23;1,07;7476;6988;488;9098;8575;523;157
2022;08;03;HOSTAL;02;2 ESTRELLAS;JUNÍN;120000;26;424;831;28,09;25,59;1,27;1,27;1,5;5193;5183;10;6593;6578;15;85
2022;08;03;HOSTAL;02;2 ESTRELLAS;LA LIBERTAD;130000;137;2332;4158;23,3;22,63;1,18;1,18;1,25;24734;24509;225;29171;28889;282;403
2022;08;03;HOSTAL;02;2 ESTRELLAS;LAMBAYEQUE;140000;158;2331;3292;22,7;17,58;1,09;1,09;1,02;16489;16377;112;17941;17827;114;428
2022;08;03;HOSTAL;02;2 ESTRELLAS;LIMA;150000;140;3297;5998;31,69;30,75;1,26;1,19;1,69;64775;56583;8192;81306;67469;13837;795
2022;08;03;HOSTAL;02;2 ESTRELLAS;LORETO;160000;5;72;112;11,65;27,04;2,54;2,54;0;370;370;0;939;939;0;14
2022;08;03;HOSTAL;02;2 ESTRELLAS;MADRE DE DIOS;170000;5;130;195;38,19;29,79;1,27;1,25;1,41;1421;1310;111;1801;1644;157;23
2022;08;03;HOSTAL;02;2 ESTRELLAS;MOQUEGUA;180000;64;901;1466;20,4;16,15;1,26;1,27;1,02;5811;5757;54;7341;7286;55;164
2022;08;03;HOSTAL;02;2 ESTRELLAS;PASCO;190000;15;259;489;32,43;31,66;1,52;1,52;1,55;3154;3143;11;4799;4782;17;42
2022;08;03;HOSTAL;02;2 ESTRELLAS;PIURA;200000;27;535;884;33,51;28,67;1,62;1,6;1,88;4858;4500;358;7858;7184;674;103
2022;08;03;HOSTAL;02;2 ESTRELLAS;PUNO;210000;44;674;1264;26,29;20,77;1,61;1,7;1,27;5064;3951;1113;8139;6731;1408;123
2022;08;03;HOSTAL;02;2 ESTRELLAS;SAN MARTÍN;220000;22;318;518;32,34;29,76;1,44;1,42;2,15;3328;3261;67;4779;4635;144;67
2022;08;03;HOSTAL;02;2 ESTRELLAS;TACNA;230000;25;435;843;32,09;24,02;1,4;1,34;1,51;4476;2783;1693;6278;3727;2551;84
2022;08;03;HOSTAL;02;2 ESTRELLAS;TUMBES;240000;5;66;131;16,32;15,05;1,82;1,77;2,13;335;288;47;611;511;100;22
2022;08;03;HOSTAL;02;2 ESTRELLAS;UCAYALI;250000;2;71;136;22,99;12,38;1,5;1,5;1,5;348;344;4;522;516;6;16
2022;08;03;HOSTAL;03;3 ESTRELLAS;AMAZONAS;010000;9;140;276;38,29;39,29;1,35;1,33;1,9;2491;2424;67;3362;3235;127;28
2022;08;03;HOSTAL;03;3 ESTRELLAS;ÁNCASH;020000;21;314;613;25,43;21,92;1,86;1,83;1,99;2236;1779;457;4165;3256;909;63
2022;08;03;HOSTAL;03;3 ESTRELLAS;APURÍMAC;030000;1;24;43;54,84;30,61;1,98;1,94;2,89;206;197;9;408;382;26;7
2022;08;03;HOSTAL;03;3 ESTRELLAS;AREQUIPA;040000;41;683;1293;36,35;34,98;1,85;1,82;1,89;7593;4530;3063;14022;8244;5778;173
2022;08;03;HOSTAL;03;3 ESTRELLAS;AYACUCHO;050000;2;38;77;50;39;2,39;2,4;2,37;389;316;73;931;758;173;20
2022;08;03;HOSTAL;03;3 ESTRELLAS;CAJAMARCA;060000;51;801;1322;29,43;25,54;1,44;1,43;1,53;7288;7142;146;10466;10242;224;186
2022;08;03;HOSTAL;03;3 ESTRELLAS;CUSCO;080000;21;363;702;28,2;24,48;1,73;1,34;2,1;3084;1514;1570;5327;2025;3302;73
2022;08;03;HOSTAL;03;3 ESTRELLAS;HUÁNUCO;100000;2;45;63;0;0;0;0;0;0;0;0;0;0;0;0
2022;08;03;HOSTAL;03;3 ESTRELLAS;ICA;110000;31;556;1051;44,89;31,94;1,2;1,2;1,2;8655;7552;1103;10407;9084;1323;107
2022;08;03;HOSTAL;03;3 ESTRELLAS;LA LIBERTAD;130000;55;920;1772;36,06;31,91;1,07;1,07;1,11;16433;16255;178;17528;17331;197;176
2022;08;03;HOSTAL;03;3 ESTRELLAS;LAMBAYEQUE;140000;24;345;522;31,36;28,96;1,31;1,3;1,48;3589;3526;63;4686;4593;93;83
2022;08;03;HOSTAL;03;3 ESTRELLAS;LORETO;160000;8;134;230;34,79;23,45;1,87;1,83;2,46;895;847;48;1672;1554;118;48
2022;08;03;HOSTAL;03;3 ESTRELLAS;MADRE DE DIOS;170000;1;22;29;35,19;41,94;1,54;1,55;1;245;241;4;377;373;4;4
2022;08;03;HOSTAL;03;3 ESTRELLAS;MOQUEGUA;180000;3;45;74;0;0;0;0;0;0;0;0;0;0;0;0
2022;08;03;HOSTAL;03;3 ESTRELLAS;PASCO;190000;1;9;18;96,77;57,35;1,12;1,12;0;286;286;0;320;320;0;3
2022;08;03;HOSTAL;03;3 ESTRELLAS;PIURA;200000;3;68;152;11,24;14,01;2,33;2,26;2,7;283;236;47;660;533;127;31
2022;08;03;HOSTAL;03;3 ESTRELLAS;PUNO;210000;7;147;256;42,64;35,53;1,46;1,55;1,2;1934;1407;527;2820;2186;634;35
2022;08;03;HOSTAL;03;3 ESTRELLAS;SAN MARTÍN;220000;6;112;245;45,02;38,42;2,39;2,39;2,3;1221;1181;40;2918;2826;92;37
2022;08;03;HOSTAL;03;3 ESTRELLAS;TACNA;230000;6;110;230;22,58;17,5;2,16;1,9;2,56;578;350;228;1248;665;583;19
2022;08;03;HOSTAL;03;3 ESTRELLAS;TUMBES;240000;5;83;174;21,49;17,95;1,53;1,5;1,69;633;540;93;968;811;157;15
2022;08;03;HOSTAL;03;3 ESTRELLAS;UCAYALI;250000;2;45;71;12,04;11,68;1,71;1,72;1;150;149;1;257;256;1;6
2022;08;03;HOSTAL;TT;TODAS CONSOLIDADAS;AMAZONAS;010000;81;1357;2185;35,95;34,06;1,4;1,38;2,11;16435;15980;455;23072;22112;960;219
2022;08;03;HOSTAL;TT;TODAS CONSOLIDADAS;APURÍMAC;030000;7;161;262;31,9;26,55;1,31;1,31;2,89;1641;1632;9;2156;2130;26;23
2022;08;03;HOSTAL;TT;TODAS CONSOLIDADAS;AREQUIPA;040000;210;3299;5804;33,11;29,63;1,43;1,38;1,71;37406;32419;4987;53320;44800;8520;625
2022;08;03;HOSTAL;TT;TODAS CONSOLIDADAS;AYACUCHO;050000;14;213;382;20,61;18,24;1,84;1,84;1,87;1172;982;190;2160;1804;356;52
2022;08;03;HOSTAL;TT;TODAS CONSOLIDADAS;CAJAMARCA;060000;187;3283;5230;19,56;17,04;1,35;1,35;1,39;20519;20297;222;27631;27322;309;594
2022;08;03;HOSTAL;TT;TODAS CONSOLIDADAS;CALLAO;070000;18;410;796;50,71;49,38;1,03;1,03;1,02;12336;11786;550;12749;12186;563;77
2022;08;03;HOSTAL;TT;TODAS CONSOLIDADAS;CUSCO;080000;99;1665;3029;31,33;28,89;1,55;1,34;1,88;17454;10648;6806;27124;14306;12818;292
2022;08;03;HOSTAL;TT;TODAS CONSOLIDADAS;HUANCAVELICA;090000;3;70;118;25,81;17,25;1,07;1,07;1;590;586;4;631;627;4;9
2022;08;03;HOSTAL;TT;TODAS CONSOLIDADAS;ICA;110000;107;1641;2822;30,18;24,75;1,19;1,19;1,16;18212;16621;1591;21653;19807;1846;291
2022;08;03;HOSTAL;TT;TODAS CONSOLIDADAS;JUNÍN;120000;41;654;1233;29,08;24,84;1,31;1,31;1,5;7269;7251;18;9495;9468;27;150
2022;08;03;HOSTAL;TT;TODAS CONSOLIDADAS;LAMBAYEQUE;140000;199;2893;4085;23,68;19,1;1,12;1,12;1,17;21569;21382;187;24185;23966;219;548
2022;08;03;HOSTAL;TT;TODAS CONSOLIDADAS;LIMA;150000;244;5422;9844;31,31;28,63;1,2;1,16;1,58;94031;85425;8606;112678;99051;13626;1207
2022;08;03;HOSTAL;TT;TODAS CONSOLIDADAS;LORETO;160000;19;297;476;26,07;23,06;2,07;2,07;2,11;1641;1566;75;3403;3245;158;81
2022;08;03;HOSTAL;TT;TODAS CONSOLIDADAS;MADRE DE DIOS;170000;7;187;292;32,52;26,05;1,34;1,34;1,42;1756;1638;118;2358;2191;167;31
2022;08;03;HOSTAL;TT;TODAS CONSOLIDADAS;MOQUEGUA;180000;84;1180;1934;17,84;13,77;1,27;1,28;1,02;6486;6423;63;8258;8194;64;204
2022;08;03;HOSTAL;TT;TODAS CONSOLIDADAS;PASCO;190000;36;626;1037;31,49;27,22;1,41;1,41;1,55;6206;6195;11;8750;8733;17;97
2022;08;03;HOSTAL;TT;TODAS CONSOLIDADAS;PIURA;200000;33;659;1117;30,82;26,05;1,68;1,65;1,98;5381;4976;405;9021;8220;801;145
2022;08;03;HOSTAL;TT;TODAS CONSOLIDADAS;PUNO;210000;80;1269;2277;27,63;22,04;1,37;1,39;1,22;11396;9560;1836;15556;13317;2239;223
2022;08;03;HOSTAL;TT;TODAS CONSOLIDADAS;SAN MARTÍN;220000;29;450;797;35,45;32,1;1,68;1,67;2,21;4716;4609;107;7932;7696;236;112
2022;08;03;HOSTAL;TT;TODAS CONSOLIDADAS;TACNA;230000;41;724;1388;26,34;20,42;1,4;1,32;1,55;6264;4031;2233;8786;5317;3469;131
2022;08;03;HOSTAL;TT;TODAS CONSOLIDADAS;TUMBES;240000;10;149;305;19,2;16,7;1,63;1,6;1,84;968;828;140;1579;1322;257;37
2022;08;03;HOSTAL;TT;TODAS CONSOLIDADAS;UCAYALI;250000;4;116;207;18,74;12,14;1,56;1,57;1,4;498;493;5;779;772;7;22
2022;08;05;ALBERGUE;12;ALBERGUE;AMAZONAS;010000;1;6;11;0;0;0;0;0;0;0;0;0;0;0;0
2022;08;05;ALBERGUE;12;ALBERGUE;ÁNCASH;020000;8;76;172;4,88;4,56;3;3;0;81;81;0;243;243;0;16
2022;08;05;ALBERGUE;12;ALBERGUE;AREQUIPA;040000;6;113;273;48,44;42,15;1,35;1,29;1,36;2649;681;1968;3567;881;2686;107
2022;08;01;HOTEL;04;4 ESTRELLAS;JUNÍN;120000;1;40;66;26,05;19,84;1,33;1,34;1,13;305;297;8;406;397;9;19
2022;08;03;HOSTAL;03;3 ESTRELLAS;JUNÍN;120000;3;60;114;37,42;32,6;1,61;1,61;1,5;715;707;8;1152;1140;12;35
2022;08;01;HOTEL;TT;TODAS CONSOLIDADAS;HUÁNUCO;100000;63;2074;3390;38,23;32,78;1,18;1,18;1,54;29174;28794;380;34446;33860;586;387
2022;08;03;HOSTAL;TT;TODAS CONSOLIDADAS;HUÁNUCO;100000;41;579;914;53,5;48,66;1,16;1,16;1,3;11899;11833;66;13786;13700;86;106
2022;08;02;APART HOTEL;TT;TODAS CONSOLIDADAS;SAN MARTÍN;220000;1;24;57;73,66;61,35;1,89;1,89;1,87;574;487;87;1084;921;163;17
2022;08;03;HOSTAL;03;3 ESTRELLAS;LIMA;150000;17;345;678;19,25;17,61;1,14;1,13;1,16;3257;2806;451;3702;3181;521;69
2022;08;03;HOSTAL;TT;TODAS CONSOLIDADAS;ÁNCASH;020000;190;2952;5093;36,81;33,03;1,15;1,14;1,81;45538;44945;593;52153;51081;1072;511
2022;08;03;HOSTAL;TT;TODAS CONSOLIDADAS;LA LIBERTAD;130000;223;3691;6700;26,67;24,88;1,17;1,17;1,22;44028;43611;417;51675;51168;507;654
2022;08;05;ALBERGUE;12;ALBERGUE;CAJAMARCA;060000;1;11;22;0;0;0;0;0;0;0;0;0;0;0;0
2022;08;05;ALBERGUE;12;ALBERGUE;CUSCO;080000;15;226;704;48,22;41;1,6;1,39;1,61;5595;166;5429;8947;231;8716;130
2022;08;05;ALBERGUE;12;ALBERGUE;ICA;110000;1;10;30;9,03;7,31;1,58;1,59;1,57;43;29;14;68;46;22;4
2022;08;05;ALBERGUE;12;ALBERGUE;JUNÍN;120000;1;32;104;34,48;33,68;2,18;2,18;1,8;499;494;5;1086;1077;9;19
2022;08;05;ALBERGUE;12;ALBERGUE;LIMA;150000;8;131;351;40,01;44,92;1,14;1,06;1,35;4287;3114;1173;4888;3305;1583;45
2022;08;05;ALBERGUE;12;ALBERGUE;LORETO;160000;55;721;1551;25,57;24,54;2,13;1,71;2,48;5543;2502;3041;11801;4266;7535;213
2022;08;05;ALBERGUE;12;ALBERGUE;MADRE DE DIOS;170000;10;275;557;43,06;42,84;2,67;2,66;2,67;2771;155;2616;7397;413;6984;196
2022;08;05;ALBERGUE;12;ALBERGUE;PASCO;190000;15;238;655;18,32;21,69;1,59;1,57;2,82;2776;2737;39;4404;4294;110;48
2022;08;05;ALBERGUE;12;ALBERGUE;PUNO;210000;1;13;35;0;0;0;0;0;0;0;0;0;0;0;0
2022;08;05;ALBERGUE;12;ALBERGUE;SAN MARTÍN;220000;9;141;325;29,99;27,11;2,46;2,34;2,92;1112;887;225;2731;2075;656;57
2022;08;05;ALBERGUE;12;ALBERGUE;UCAYALI;250000;3;34;86;39,75;42,46;3,93;3,5;6,37;288;245;43;1132;858;274;22
2022;08;05;ALBERGUE;TT;TODAS CONSOLIDADAS;AMAZONAS;010000;1;6;11;0;0;0;0;0;0;0;0;0;0;0;0
2022;08;05;ALBERGUE;TT;TODAS CONSOLIDADAS;ÁNCASH;020000;8;76;172;4,88;4,56;3;3;0;81;81;0;243;243;0;16
2022;08;05;ALBERGUE;TT;TODAS CONSOLIDADAS;AREQUIPA;040000;6;113;273;48,44;42,15;1,35;1,29;1,36;2649;681;1968;3567;881;2686;107
2022;08;05;ALBERGUE;TT;TODAS CONSOLIDADAS;CAJAMARCA;060000;1;11;22;0;0;0;0;0;0;0;0;0;0;0;0
2022;08;05;ALBERGUE;TT;TODAS CONSOLIDADAS;ICA;110000;1;10;30;9,03;7,31;1,58;1,59;1,57;43;29;14;68;46;22;4
2022;08;05;ALBERGUE;TT;TODAS CONSOLIDADAS;JUNÍN;120000;1;32;104;34,48;33,68;2,18;2,18;1,8;499;494;5;1086;1077;9;19
2022;08;05;ALBERGUE;TT;TODAS CONSOLIDADAS;LIMA;150000;8;131;351;40,01;44,92;1,14;1,06;1,35;4287;3114;1173;4888;3305;1583;45
2022;08;05;ALBERGUE;TT;TODAS CONSOLIDADAS;MADRE DE DIOS;170000;10;275;557;43,06;42,84;2,67;2,66;2,67;2771;155;2616;7397;413;6984;196
2022;08;05;ALBERGUE;TT;TODAS CONSOLIDADAS;PASCO;190000;15;238;655;18,32;21,69;1,59;1,57;2,82;2776;2737;39;4404;4294;110;48
2022;08;05;ALBERGUE;TT;TODAS CONSOLIDADAS;PUNO;210000;1;13;35;0;0;0;0;0;0;0;0;0;0;0;0
2022;08;05;ALBERGUE;TT;TODAS CONSOLIDADAS;SAN MARTÍN;220000;9;141;325;29,99;27,11;2,46;2,34;2,92;1112;887;225;2731;2075;656;57
2022;08;05;ALBERGUE;TT;TODAS CONSOLIDADAS;UCAYALI;250000;3;34;86;39,75;42,46;3,93;3,5;6,37;288;245;43;1132;858;274;22
2022;08;14;RESORT;03;3 ESTRELLAS;ICA;110000;1;51;86;0;0;0;0;0;0;0;0;0;0;0;0
2022;08;14;RESORT;03;3 ESTRELLAS;TUMBES;240000;1;31;60;0;0;0;0;0;0;0;0;0;0;0;0
2022;08;14;RESORT;04;4 ESTRELLAS;TUMBES;240000;1;402;1101;90,08;79,6;2,48;2,46;2,52;10958;7412;3546;27168;18218;8950;476
2022;08;14;RESORT;05;5 ESTRELLAS;ICA;110000;1;115;250;36,3;44,94;1,62;1,76;1,26;2156;1531;625;3483;2696;787;90
2022;08;14;RESORT;TT;TODAS CONSOLIDADAS;ICA;110000;2;166;336;25,15;33,44;1,62;1,76;1,26;2156;1531;625;3483;2696;787;90
2022;08;14;RESORT;TT;TODAS CONSOLIDADAS;TUMBES;240000;2;433;1161;83,63;75,49;2,48;2,46;2,52;10958;7412;3546;27168;18218;8950;476
2022;08;16;ECOLODGE;13;ECOLODGE;AREQUIPA;040000;1;23;51;54,98;53,7;2,56;5,34;1,48;331;93;238;849;497;352;8
2022;08;16;ECOLODGE;13;ECOLODGE;SAN MARTÍN;220000;1;12;24;0;0;0;0;0;0;0;0;0;0;0;0
2022;08;16;ECOLODGE;TT;TODAS CONSOLIDADAS;AREQUIPA;040000;1;23;51;54,98;53,7;2,56;5,34;1,48;331;93;238;849;497;352;8
2022;08;16;ECOLODGE;TT;TODAS CONSOLIDADAS;SAN MARTÍN;220000;1;12;24;0;0;0;0;0;0;0;0;0;0;0;0
2022;08;TT;TODAS CONSOLIDADAS;00;NO CATEGORIZADO;AMAZONAS;010000;269;2542;4129;24,82;16,38;1,17;1,17;1,12;17980;17544;436;20965;20478;487;466
2022;08;TT;TODAS CONSOLIDADAS;00;NO CATEGORIZADO;ÁNCASH;020000;600;5630;9775;16,06;13,87;1,28;1,25;1,64;32772;29876;2896;42033;37290;4743;673
2022;08;TT;TODAS CONSOLIDADAS;00;NO CATEGORIZADO;APURÍMAC;030000;474;4399;6754;16,64;13,52;1,11;1,11;1,11;25576;25177;399;28301;27858;443;466
2022;08;TT;TODAS CONSOLIDADAS;00;NO CATEGORIZADO;AREQUIPA;040000;1100;9958;16749;23,12;20,09;1,53;1,48;1,64;68259;47475;20784;104293;70290;34003;1253
2022;08;TT;TODAS CONSOLIDADAS;00;NO CATEGORIZADO;AYACUCHO;050000;538;5220;8294;15,86;12,58;1,18;1,18;1,34;27396;27063;333;32339;31892;447;572
2022;08;TT;TODAS CONSOLIDADAS;00;NO CATEGORIZADO;CAJAMARCA;060000;628;6194;9630;20,68;18,06;1,45;1,45;1,59;37250;36908;342;53906;53361;545;1097
2022;08;TT;TODAS CONSOLIDADAS;00;NO CATEGORIZADO;CALLAO;070000;256;3582;6669;31,98;29,74;1,02;1,01;1,21;106691;105795;896;108386;107301;1085;951
2022;08;TT;TODAS CONSOLIDADAS;00;NO CATEGORIZADO;CUSCO;080000;1822;18031;32476;28,44;24,77;1,56;1,34;1,76;159674;75453;84221;249400;101436;147964;3522
2022;08;TT;TODAS CONSOLIDADAS;00;NO CATEGORIZADO;HUANCAVELICA;090000;192;2246;3454;20,12;16,25;1,09;1,09;1,3;16022;15969;53;17399;17330;69;271
2022;08;TT;TODAS CONSOLIDADAS;00;NO CATEGORIZADO;HUÁNUCO;100000;469;5207;7710;20,43;17,59;1,16;1,16;1,03;36301;36167;134;42035;41897;138;677
2022;08;TT;TODAS CONSOLIDADAS;00;NO CATEGORIZADO;JUNÍN;120000;1296;13865;22334;25,3;22,42;1,18;1,17;1,57;131943;131427;516;155213;154405;808;2437
2022;08;TT;TODAS CONSOLIDADAS;00;NO CATEGORIZADO;LA LIBERTAD;130000;834;6746;11314;13,35;11,3;1,13;1,13;1,13;35113;33411;1702;39621;37697;1924;741
2022;08;TT;TODAS CONSOLIDADAS;00;NO CATEGORIZADO;LAMBAYEQUE;140000;381;3946;5677;18,87;16,31;1,07;1,07;1,06;26801;26214;587;28696;28072;624;524
2022;08;TT;TODAS CONSOLIDADAS;00;NO CATEGORIZADO;LIMA;150000;6193;52435;91170;20,82;19,31;1,15;1,15;1,17;2134905;2081856;53049;2453436;2391506;61930;33461
2022;08;TT;TODAS CONSOLIDADAS;00;NO CATEGORIZADO;LORETO;160000;719;6546;10275;19,59;18,09;1,81;1,74;1,93;31886;20796;11090;57619;36187;21432;725
2022;08;TT;TODAS CONSOLIDADAS;00;NO CATEGORIZADO;MADRE DE DIOS;170000;311;4276;7087;25,42;21,41;1,27;1,17;1,7;37150;30422;6728;47040;35575;11465;744
2022;08;TT;TODAS CONSOLIDADAS;00;NO CATEGORIZADO;MOQUEGUA;180000;187;1792;3040;14,18;9,92;1,17;1,16;1,32;8009;7874;135;9350;9172;178;229
2022;08;TT;TODAS CONSOLIDADAS;00;NO CATEGORIZADO;PASCO;190000;320;3568;5656;22,32;18,95;1,28;1,28;1,34;26018;25959;59;33220;33141;79;627
2022;08;TT;TODAS CONSOLIDADAS;00;NO CATEGORIZADO;PIURA;200000;1009;10375;18932;25,97;22,66;1,58;1,54;2,07;84083;77615;6468;132986;119620;13366;1520
2022;08;TT;TODAS CONSOLIDADAS;00;NO CATEGORIZADO;PUNO;210000;701;6665;11362;23,09;19,91;1,16;1,16;1,2;60336;56645;3691;70122;65675;4447;1201
2022;08;TT;TODAS CONSOLIDADAS;00;NO CATEGORIZADO;TACNA;230000;404;3839;6933;12,4;10,27;1,32;1,28;1,58;16689;14331;2358;22078;18352;3726;472
2022;08;TT;TODAS CONSOLIDADAS;00;NO CATEGORIZADO;TUMBES;240000;217;2236;4339;15,26;12,1;1,89;1,85;2,31;8618;7897;721;16273;14609;1664;376
2022;08;TT;TODAS CONSOLIDADAS;00;NO CATEGORIZADO;UCAYALI;250000;461;4969;7676;24,86;22,81;1,98;1,98;1,84;27423;26929;494;54279;53371;908;889
2022;08;TT;TODAS CONSOLIDADAS;01;1 ESTRELLA;AMAZONAS;010000;18;259;414;64,08;59,54;1,79;1,79;1,88;4270;4180;90;7641;7472;169;44
2022;08;TT;TODAS CONSOLIDADAS;01;1 ESTRELLA;ÁNCASH;020000;54;991;1587;27,53;25,07;1,13;1,13;1;10926;10922;4;12336;12332;4;152
2022;08;TT;TODAS CONSOLIDADAS;01;1 ESTRELLA;APURÍMAC;030000;3;89;132;16,78;17,33;1,1;1,1;2;644;643;1;709;707;2;10
2022;08;TT;TODAS CONSOLIDADAS;01;1 ESTRELLA;AREQUIPA;040000;56;950;1492;38,47;27,84;1,5;1,48;2,22;8577;8286;291;12878;12232;646;157
2022;08;TT;TODAS CONSOLIDADAS;01;1 ESTRELLA;AYACUCHO;050000;14;291;512;14,01;13,29;1,62;1,62;1,11;1303;1294;9;2109;2099;10;48
2022;08;TT;TODAS CONSOLIDADAS;01;1 ESTRELLA;CUSCO;080000;28;540;892;22,21;18,22;1,1;1,09;1,58;4577;4459;118;5039;4852;187;72
2022;08;TT;TODAS CONSOLIDADAS;01;1 ESTRELLA;HUANCAVELICA;090000;2;31;47;47,87;32,6;1,02;1,02;1;465;461;4;475;471;4;5
2022;08;TT;TODAS CONSOLIDADAS;01;1 ESTRELLA;HUÁNUCO;100000;25;508;757;61,49;59,39;1,14;1,14;1,25;12225;12146;79;13936;13837;99;92
2022;08;TT;TODAS CONSOLIDADAS;01;1 ESTRELLA;ICA;110000;15;237;332;21,46;20,87;1,03;1,03;0;2081;2081;0;2148;2148;0;27
2022;08;TT;TODAS CONSOLIDADAS;01;1 ESTRELLA;JUNÍN;120000;18;416;799;24,55;17,19;1,4;1,4;1;3046;3044;2;4257;4255;2;58
2022;08;TT;TODAS CONSOLIDADAS;01;1 ESTRELLA;LA LIBERTAD;130000;36;555;971;23,98;19,46;1,57;1,57;1,5;3742;3714;28;5857;5815;42;94
2022;08;TT;TODAS CONSOLIDADAS;01;1 ESTRELLA;LAMBAYEQUE;140000;20;318;416;15,03;12,08;1,04;1,05;1;1491;1479;12;1558;1546;12;37
2022;08;TT;TODAS CONSOLIDADAS;01;1 ESTRELLA;LIMA;150000;97;2155;3809;38,12;32,55;1,11;1,1;1,39;42824;42299;525;47386;46657;729;442
2022;08;TT;TODAS CONSOLIDADAS;01;1 ESTRELLA;LORETO;160000;6;91;134;24,64;19,07;2,11;2,15;1,48;376;349;27;792;752;40;19
2022;08;TT;TODAS CONSOLIDADAS;01;1 ESTRELLA;MADRE DE DIOS;170000;6;168;305;32,18;19,97;1,05;1,05;1,09;1798;1763;35;1888;1850;38;26
2022;08;TT;TODAS CONSOLIDADAS;01;1 ESTRELLA;MOQUEGUA;180000;18;255;436;10,69;6,91;1,36;1,37;1;686;677;9;934;925;9;44
2022;08;TT;TODAS CONSOLIDADAS;01;1 ESTRELLA;PIURA;200000;5;96;158;18,92;20,85;1,58;1,58;0;648;648;0;1021;1021;0;17
2022;08;TT;TODAS CONSOLIDADAS;01;1 ESTRELLA;PUNO;210000;34;571;981;25,66;20,17;1,09;1,09;1,01;5623;5427;196;6134;5937;197;83
2022;08;TT;TODAS CONSOLIDADAS;01;1 ESTRELLA;SAN MARTÍN;220000;7;146;229;63,01;65,35;1,57;1,57;1,96;2953;2925;28;4639;4584;55;32
2022;08;TT;TODAS CONSOLIDADAS;01;1 ESTRELLA;TACNA;230000;12;236;427;12,34;10,3;1,09;1,09;1,07;1257;945;312;1364;1029;335;33
2022;08;TT;TODAS CONSOLIDADAS;02;2 ESTRELLAS;AMAZONAS;010000;87;1832;2901;26,81;24,31;1,3;1,28;2,13;16764;16382;382;21862;21047;815;299
2022;08;TT;TODAS CONSOLIDADAS;02;2 ESTRELLAS;APURÍMAC;030000;9;302;494;23,24;22,17;1,17;1,17;1;2892;2888;4;3395;3391;4;32
2022;08;TT;TODAS CONSOLIDADAS;02;2 ESTRELLAS;AREQUIPA;040000;158;2984;5335;31,89;28,45;1,37;1,36;1,52;34367;31635;2732;47047;42887;4160;512
2022;08;TT;TODAS CONSOLIDADAS;02;2 ESTRELLAS;AYACUCHO;050000;14;327;585;26,46;20,04;1,61;1,61;1,53;2263;2099;164;3635;3384;251;50
2022;08;TT;TODAS CONSOLIDADAS;02;2 ESTRELLAS;CAJAMARCA;060000;155;3241;5055;18,47;14,79;1,27;1,28;1,05;18182;18012;170;23173;22994;179;530
2022;08;TT;TODAS CONSOLIDADAS;02;2 ESTRELLAS;CALLAO;070000;7;220;413;46,66;47,83;1,01;1;1,09;6078;5844;234;6124;5869;255;31
2022;08;TT;TODAS CONSOLIDADAS;02;2 ESTRELLAS;HUANCAVELICA;090000;3;85;156;16,47;13,21;1,4;1,39;1,73;455;440;15;639;613;26;13
2022;08;TT;TODAS CONSOLIDADAS;02;2 ESTRELLAS;HUÁNUCO;100000;63;1545;2446;37,9;33,13;1,1;1,1;1;22793;22762;31;25122;25091;31;269
2022;08;TT;TODAS CONSOLIDADAS;02;2 ESTRELLAS;ICA;110000;114;2308;3950;23,74;19,26;1,3;1,31;1,14;18068;17402;666;23578;22816;762;380
2022;08;TT;TODAS CONSOLIDADAS;02;2 ESTRELLAS;JUNÍN;120000;53;1266;2327;26,77;22,37;1,29;1,29;1,48;12495;12406;89;16137;16005;132;213
2022;08;05;ALBERGUE;TT;TODAS CONSOLIDADAS;CUSCO;080000;15;226;704;48,22;41;1,6;1,39;1,61;5595;166;5429;8947;231;8716;130
2022;08;TT;TODAS CONSOLIDADAS;02;2 ESTRELLAS;CUSCO;080000;100;2085;3888;30,02;28,23;1,62;1,44;1,79;21015;10268;10747;34026;14810;19216;534
2022;08;05;ALBERGUE;TT;TODAS CONSOLIDADAS;LORETO;160000;55;721;1551;25,57;24,54;2,13;1,71;2,48;5543;2502;3041;11801;4266;7535;213
2022;08;TT;TODAS CONSOLIDADAS;00;NO CATEGORIZADO;ICA;110000;737;8174;13946;28,01;22,24;1,31;1,33;1,22;73659;58317;15342;96145;77409;18736;1474
2022;08;TT;TODAS CONSOLIDADAS;00;NO CATEGORIZADO;SAN MARTÍN;220000;754;8518;13219;31,37;25,37;1,32;1,3;2,04;78954;77528;1426;103980;101071;2909;1121
2022;08;TT;TODAS CONSOLIDADAS;01;1 ESTRELLA;CAJAMARCA;060000;28;554;869;7,74;7,84;1,18;1,18;1,3;1787;1760;27;2113;2078;35;93
2022;08;TT;TODAS CONSOLIDADAS;01;1 ESTRELLA;CALLAO;070000;13;264;518;43,49;40,88;1,07;1,07;1,03;6431;5923;508;6854;6331;523;49
2022;08;TT;TODAS CONSOLIDADAS;01;1 ESTRELLA;PASCO;190000;26;526;800;26,73;20,58;1,28;1,28;0;3998;3998;0;5104;5104;0;83
2022;08;TT;TODAS CONSOLIDADAS;02;2 ESTRELLAS;ÁNCASH;020000;180;3422;6041;31,74;27,74;1,14;1,13;1,33;45722;45096;626;51942;51107;835;571
2022;08;TT;TODAS CONSOLIDADAS;02;2 ESTRELLAS;LAMBAYEQUE;140000;231;4391;6395;20,02;16,79;1,13;1,12;1,34;29557;29315;242;33284;32960;324;748
2022;08;TT;TODAS CONSOLIDADAS;02;2 ESTRELLAS;LIMA;150000;265;8573;15306;38,42;35,56;1,26;1,23;1,68;176647;166481;10166;221712;204676;17036;1794
2022;08;TT;TODAS CONSOLIDADAS;02;2 ESTRELLAS;LORETO;160000;19;410;657;21,71;20,68;1,63;1,65;1,54;2577;2241;336;4212;3694;518;76
2022;08;TT;TODAS CONSOLIDADAS;02;2 ESTRELLAS;MOQUEGUA;180000;81;1344;2223;24,56;17,4;1,72;1,72;1,32;6983;6898;85;11994;11882;112;242
2022;08;TT;TODAS CONSOLIDADAS;02;2 ESTRELLAS;PASCO;190000;20;430;809;45,93;49,82;1,24;1,24;1,55;10096;10085;11;12495;12478;17;70
2022;08;TT;TODAS CONSOLIDADAS;02;2 ESTRELLAS;PIURA;200000;47;1016;1674;37,37;31,78;1,57;1,57;1,68;10472;9927;545;16490;15574;916;204
2022;08;TT;TODAS CONSOLIDADAS;02;2 ESTRELLAS;PUNO;210000;67;1228;2255;20,54;16,03;1,49;1,54;1,26;7499;6304;1195;11205;9696;1509;209
2022;08;TT;TODAS CONSOLIDADAS;02;2 ESTRELLAS;SAN MARTÍN;220000;52;1152;1922;42,45;35,69;1,81;1,8;2,16;11735;11469;266;21264;20689;575;235
2022;08;TT;TODAS CONSOLIDADAS;02;2 ESTRELLAS;TACNA;230000;58;1363;2737;27,28;19,7;1,62;1,61;1,64;10338;6584;3754;16715;10573;6142;255
2022;08;TT;TODAS CONSOLIDADAS;02;2 ESTRELLAS;TUMBES;240000;13;324;668;63,45;35,19;10,38;10,97;2,13;702;655;47;7287;7187;100;71
2022;08;TT;TODAS CONSOLIDADAS;02;2 ESTRELLAS;UCAYALI;250000;4;129;229;18,75;11,59;1,91;1,87;3,44;432;423;9;823;792;31;27
2022;08;TT;TODAS CONSOLIDADAS;03;3 ESTRELLAS;AMAZONAS;010000;28;590;1084;27,81;25,25;1,36;1,33;1,81;6234;5844;390;8484;7778;706;139
2022;08;TT;TODAS CONSOLIDADAS;03;3 ESTRELLAS;ÁNCASH;020000;64;1697;3123;28,88;22,87;1,82;1,76;2,16;12199;10601;1598;22142;18696;3446;381
2022;08;TT;TODAS CONSOLIDADAS;03;3 ESTRELLAS;APURÍMAC;030000;5;143;245;68,15;45,56;1,49;1,5;1,43;2317;1949;368;3460;2932;528;37
2022;08;TT;TODAS CONSOLIDADAS;03;3 ESTRELLAS;AREQUIPA;040000;107;2656;5012;38,59;36,47;1,87;2,01;1,69;30367;16537;13830;56661;33244;23417;696
2022;08;TT;TODAS CONSOLIDADAS;03;3 ESTRELLAS;AYACUCHO;050000;11;340;652;30,5;27,05;2,54;2,54;2,49;2153;1912;241;5467;4866;601;109
2022;08;TT;TODAS CONSOLIDADAS;03;3 ESTRELLAS;CAJAMARCA;060000;120;2893;4750;25,92;23,34;1,65;1,63;2,13;20775;19962;813;34366;32633;1733;610
2022;08;TT;TODAS CONSOLIDADAS;03;3 ESTRELLAS;CALLAO;070000;4;233;392;35,39;35,67;1,69;1,76;1,56;2564;1720;844;4335;3020;1315;54
2022;08;TT;TODAS CONSOLIDADAS;03;3 ESTRELLAS;CUSCO;080000;111;3589;7091;42,98;39,98;1,82;2,05;1,75;48267;11442;36825;87876;23404;64472;1079
2022;08;TT;TODAS CONSOLIDADAS;03;3 ESTRELLAS;HUANCAVELICA;090000;2;65;108;10,37;7,5;1,44;1,44;1,67;174;171;3;251;246;5;20
2022;08;TT;TODAS CONSOLIDADAS;03;3 ESTRELLAS;HUÁNUCO;100000;15;539;997;32,28;25,37;1,49;1,48;1,7;5252;5008;244;7842;7426;416;107
2022;08;TT;TODAS CONSOLIDADAS;03;3 ESTRELLAS;ICA;110000;83;2446;4882;40,34;33,86;1,46;1,5;1,35;35148;24744;10404;51245;37180;14065;577
2022;08;TT;TODAS CONSOLIDADAS;03;3 ESTRELLAS;JUNÍN;120000;21;760;1444;27,23;22,38;1,61;1,6;1,92;6218;6087;131;10016;9764;252;190
2022;08;TT;TODAS CONSOLIDADAS;03;3 ESTRELLAS;LA LIBERTAD;130000;141;3489;6623;33,51;27,32;1,37;1,34;1,93;41056;39218;1838;56099;52558;3541;770
2022;08;TT;TODAS CONSOLIDADAS;03;3 ESTRELLAS;LIMA;150000;190;8813;16790;41,54;35,71;1,66;1,44;2,07;112230;73219;39011;185892;105167;80725;1999
2022;08;TT;TODAS CONSOLIDADAS;03;3 ESTRELLAS;MADRE DE DIOS;170000;6;218;390;38,03;31,41;1,68;1,75;1,37;2257;1847;410;3798;3238;560;70
2022;08;TT;TODAS CONSOLIDADAS;03;3 ESTRELLAS;MOQUEGUA;180000;12;314;570;19,87;15,04;1,85;1,85;1,8;1438;1338;100;2658;2478;180;58
2022;08;TT;TODAS CONSOLIDADAS;03;3 ESTRELLAS;PASCO;190000;6;133;252;50,25;50,99;1,55;1,55;2,19;2571;2555;16;3983;3948;35;24
2022;08;TT;TODAS CONSOLIDADAS;03;3 ESTRELLAS;PIURA;200000;18;650;1202;44,74;31,27;2,2;1,75;4,09;5296;4284;1012;11650;7507;4143;218
2022;08;TT;TODAS CONSOLIDADAS;03;3 ESTRELLAS;PUNO;210000;34;1046;1992;41,56;37,62;1,51;1,62;1,45;15406;5182;10224;23230;8378;14852;213
2022;08;TT;TODAS CONSOLIDADAS;03;3 ESTRELLAS;SAN MARTÍN;220000;29;899;1647;34,78;31,51;1,86;1,85;2,04;8649;8373;276;16089;15525;564;245
2022;08;TT;TODAS CONSOLIDADAS;03;3 ESTRELLAS;TACNA;230000;21;661;1386;25,87;22,66;1,77;1,75;1,81;5491;3179;2312;9736;5553;4183;150
2022;08;TT;TODAS CONSOLIDADAS;03;3 ESTRELLAS;TUMBES;240000;18;444;980;27,55;25,71;2,45;2,42;2,64;3191;2743;448;7811;6629;1182;155
2022;08;TT;TODAS CONSOLIDADAS;03;3 ESTRELLAS;UCAYALI;250000;17;582;958;32,55;27,83;1,92;1,88;2,46;4309;4029;280;8265;7575;690;134
2022;08;TT;TODAS CONSOLIDADAS;04;4 ESTRELLAS;AREQUIPA;040000;11;473;948;47,53;46,69;1,86;2,1;1,68;7365;3228;4137;13721;6788;6933;172
2022;08;TT;TODAS CONSOLIDADAS;04;4 ESTRELLAS;CAJAMARCA;060000;4;214;355;64,32;58,96;1,94;1,83;2,87;3336;2981;355;6488;5470;1018;134
2022;08;TT;TODAS CONSOLIDADAS;04;4 ESTRELLAS;CALLAO;070000;2;371;599;85,74;82,28;1,32;1,24;1,34;11573;1852;9721;15278;2291;12987;133
2022;08;TT;TODAS CONSOLIDADAS;04;4 ESTRELLAS;CUSCO;080000;16;1151;2256;68,48;68,31;2,09;2,16;2,07;22911;3794;19117;47770;8180;39590;600
2022;08;TT;TODAS CONSOLIDADAS;04;4 ESTRELLAS;HUÁNUCO;100000;1;61;104;50,13;41,32;1,66;1,7;1,37;803;711;92;1332;1206;126;25
2022;08;TT;TODAS CONSOLIDADAS;04;4 ESTRELLAS;ICA;110000;7;744;1550;29,98;34,78;1,9;2,09;1,46;8805;6130;2675;16711;12815;3896;361
2022;08;TT;TODAS CONSOLIDADAS;04;4 ESTRELLAS;JUNÍN;120000;1;40;66;26,05;19,84;1,33;1,34;1,13;305;297;8;406;397;9;19
2022;08;TT;TODAS CONSOLIDADAS;04;4 ESTRELLAS;LA LIBERTAD;130000;3;206;326;62,25;58,16;1,99;1,92;2,24;2955;2330;625;5878;4480;1398;79
2022;08;TT;TODAS CONSOLIDADAS;04;4 ESTRELLAS;LAMBAYEQUE;140000;5;349;643;67,46;56,85;1,65;1,6;1,99;6858;5991;867;11331;9605;1726;250
2022;08;TT;TODAS CONSOLIDADAS;04;4 ESTRELLAS;LIMA;150000;52;5139;9203;38,38;36,23;2,03;1,58;2,51;50979;26402;24577;103364;41719;61645;2130
2022;08;TT;TODAS CONSOLIDADAS;04;4 ESTRELLAS;LORETO;160000;3;102;171;52,15;42,35;1,42;1,43;1,4;1577;1339;238;2245;1912;333;35
2022;08;TT;TODAS CONSOLIDADAS;04;4 ESTRELLAS;PIURA;200000;3;299;556;52,18;44,1;2,08;2,06;2,14;3654;2667;987;7601;5485;2116;55
2022;08;TT;TODAS CONSOLIDADAS;04;4 ESTRELLAS;PUNO;210000;7;447;842;42,46;40,74;1,74;1,96;1,69;6101;1201;4900;10634;2350;8284;140
2022;08;TT;TODAS CONSOLIDADAS;04;4 ESTRELLAS;SAN MARTÍN;220000;1;24;57;73,66;61,35;1,89;1,89;1,87;574;487;87;1084;921;163;17
2022;08;TT;TODAS CONSOLIDADAS;04;4 ESTRELLAS;TACNA;230000;1;150;300;35,53;28,06;1,93;2,03;1,82;1353;712;641;2610;1442;1168;32
2022;08;TT;TODAS CONSOLIDADAS;04;4 ESTRELLAS;TUMBES;240000;6;667;1623;74,74;69,99;2,43;2,43;2,43;14498;9883;4615;35212;24000;11212;616
2022;08;TT;TODAS CONSOLIDADAS;05;5 ESTRELLAS;AREQUIPA;040000;3;241;352;69,44;76,24;2,07;2,12;2,02;4013;1995;2018;8319;4235;4084;167
2022;08;TT;TODAS CONSOLIDADAS;05;5 ESTRELLAS;CUSCO;080000;15;1288;2530;58,82;56,93;1,74;2;1,7;25674;3526;22148;44650;7049;37601;1183
2022;08;TT;TODAS CONSOLIDADAS;05;5 ESTRELLAS;ICA;110000;4;461;1130;42,47;43,58;1,98;2,08;1,71;7692;5751;1941;15266;11955;3311;463
2022;08;TT;TODAS CONSOLIDADAS;05;5 ESTRELLAS;LA LIBERTAD;130000;2;267;450;43,07;41,57;1,89;1,82;2,18;3074;2488;586;5799;4519;1280;176
2022;08;TT;TODAS CONSOLIDADAS;05;5 ESTRELLAS;LIMA;150000;30;4596;8142;47,02;37,7;2,27;1,74;2,51;41950;13136;28814;95145;22901;72244;2741
2022;08;TT;TODAS CONSOLIDADAS;05;5 ESTRELLAS;LORETO;160000;1;60;91;81,61;84,93;2,11;2,08;2,13;1135;507;628;2396;1056;1340;54
2022;08;TT;TODAS CONSOLIDADAS;05;5 ESTRELLAS;PIURA;200000;1;83;168;77,19;63,65;1,99;1,96;2,08;1662;1244;418;3315;2444;871;61
2022;08;TT;TODAS CONSOLIDADAS;05;5 ESTRELLAS;PUNO;210000;1;123;231;73,25;69,42;1,07;1,06;1,08;4641;1988;2653;4971;2105;2866;48
2022;08;TT;TODAS CONSOLIDADAS;05;5 ESTRELLAS;SAN MARTÍN;220000;1;50;108;54,58;71,71;1,76;1,75;2,28;1362;1319;43;2401;2303;98;63
2022;08;TT;TODAS CONSOLIDADAS;05;5 ESTRELLAS;UCAYALI;250000;2;162;300;45,34;37;2,54;2,42;3,57;1354;1207;147;3441;2916;525;71
2022;08;TT;TODAS CONSOLIDADAS;12;ALBERGUE;AMAZONAS;010000;1;6;11;0;0;0;0;0;0;0;0;0;0;0;0
2022;08;TT;TODAS CONSOLIDADAS;12;ALBERGUE;ÁNCASH;020000;8;76;172;4,88;4,56;3;3;0;81;81;0;243;243;0;16
2022;08;TT;TODAS CONSOLIDADAS;12;ALBERGUE;AREQUIPA;040000;6;113;273;48,44;42,15;1,35;1,29;1,36;2649;681;1968;3567;881;2686;107
2022;08;TT;TODAS CONSOLIDADAS;12;ALBERGUE;CAJAMARCA;060000;1;11;22;0;0;0;0;0;0;0;0;0;0;0;0
2022;08;TT;TODAS CONSOLIDADAS;12;ALBERGUE;CUSCO;080000;15;226;704;48,22;41;1,6;1,39;1,61;5595;166;5429;8947;231;8716;130
2022;08;TT;TODAS CONSOLIDADAS;12;ALBERGUE;ICA;110000;1;10;30;9,03;7,31;1,58;1,59;1,57;43;29;14;68;46;22;4
2022;08;TT;TODAS CONSOLIDADAS;12;ALBERGUE;JUNÍN;120000;1;32;104;34,48;33,68;2,18;2,18;1,8;499;494;5;1086;1077;9;19
2022;08;TT;TODAS CONSOLIDADAS;12;ALBERGUE;LIMA;150000;8;131;351;40,01;44,92;1,14;1,06;1,35;4287;3114;1173;4888;3305;1583;45
2022;08;TT;TODAS CONSOLIDADAS;12;ALBERGUE;LORETO;160000;55;721;1551;25,57;24,54;2,13;1,71;2,48;5543;2502;3041;11801;4266;7535;213
2022;08;TT;TODAS CONSOLIDADAS;12;ALBERGUE;MADRE DE DIOS;170000;10;275;557;43,06;42,84;2,67;2,66;2,67;2771;155;2616;7397;413;6984;196
2022;08;TT;TODAS CONSOLIDADAS;12;ALBERGUE;PASCO;190000;15;238;655;18,32;21,69;1,59;1,57;2,82;2776;2737;39;4404;4294;110;48
2022;08;TT;TODAS CONSOLIDADAS;12;ALBERGUE;PUNO;210000;1;13;35;0;0;0;0;0;0;0;0;0;0;0;0
2022;08;TT;TODAS CONSOLIDADAS;12;ALBERGUE;SAN MARTÍN;220000;9;141;325;29,99;27,11;2,46;2,34;2,92;1112;887;225;2731;2075;656;57
2022;08;TT;TODAS CONSOLIDADAS;12;ALBERGUE;UCAYALI;250000;3;34;86;39,75;42,46;3,93;3,5;6,37;288;245;43;1132;858;274;22
2022;08;TT;TODAS CONSOLIDADAS;13;ECOLODGE;AREQUIPA;040000;1;23;51;54,98;53,7;2,56;5,34;1,48;331;93;238;849;497;352;8
2022;08;TT;TODAS CONSOLIDADAS;13;ECOLODGE;SAN MARTÍN;220000;1;12;24;0;0;0;0;0;0;0;0;0;0;0;0
2022;08;TT;TODAS CONSOLIDADAS;TT;TODAS CONSOLIDADAS;AMAZONAS;010000;403;5229;8539;27,15;20,59;1,23;1,23;1,42;45248;43950;1298;58952;56775;2177;948
2022;08;TT;TODAS CONSOLIDADAS;TT;TODAS CONSOLIDADAS;ÁNCASH;020000;906;11816;20698;20,67;17,85;1,3;1,27;1,56;101700;96576;5124;128696;119668;9028;1793
2022;08;TT;TODAS CONSOLIDADAS;TT;TODAS CONSOLIDADAS;APURÍMAC;030000;491;4933;7625;17,29;14,03;1,11;1,11;1,12;31429;30657;772;35865;34888;977;545
2022;08;TT;TODAS CONSOLIDADAS;TT;TODAS CONSOLIDADAS;AREQUIPA;040000;1442;17398;30212;26,24;22,95;1,54;1,51;1,65;155928;109930;45998;247335;171054;76281;3072
2022;08;TT;TODAS CONSOLIDADAS;TT;TODAS CONSOLIDADAS;CAJAMARCA;060000;936;13107;20681;20,76;18,04;1,44;1,43;1,57;81330;79623;1707;120046;116536;3510;2464
2022;08;TT;TODAS CONSOLIDADAS;TT;TODAS CONSOLIDADAS;CALLAO;070000;282;4670;8591;33,3;31,16;1,03;1,03;1,21;133337;121134;12203;140976;124812;16165;1218
2022;08;TT;TODAS CONSOLIDADAS;TT;TODAS CONSOLIDADAS;CUSCO;080000;2107;26910;49837;29,86;26,33;1,58;1,39;1,76;287713;109108;178605;477708;159962;317746;7120
2022;08;TT;TODAS CONSOLIDADAS;TT;TODAS CONSOLIDADAS;HUANCAVELICA;090000;199;2427;3765;20,24;16,28;1,09;1,09;1,31;17116;17041;75;18764;18660;104;309
2022;08;TT;TODAS CONSOLIDADAS;TT;TODAS CONSOLIDADAS;HUÁNUCO;100000;573;7860;12014;24,51;21,37;1,16;1,16;1,05;77374;76794;580;90267;89457;810;1170
2022;08;TT;TODAS CONSOLIDADAS;TT;TODAS CONSOLIDADAS;ICA;110000;961;14380;25820;28,52;23,03;1,32;1,34;1,21;145496;114454;31042;205161;164369;40792;3286
2022;08;TT;TODAS CONSOLIDADAS;TT;TODAS CONSOLIDADAS;JUNÍN;120000;1390;16379;27074;25,38;22,35;1,19;1,19;1,56;154506;153755;751;187115;185903;1212;2936
2022;08;TT;TODAS CONSOLIDADAS;TT;TODAS CONSOLIDADAS;LA LIBERTAD;130000;1175;14107;24785;17,57;15,14;1,18;1,18;1,33;115149;109477;5672;148583;138803;9780;2362
2022;08;TT;TODAS CONSOLIDADAS;TT;TODAS CONSOLIDADAS;LIMA;150000;6835;81842;144771;22,6;20,82;1,18;1,17;1,23;2563822;2406508;157314;3111823;2815931;295892;42612
2022;08;TT;TODAS CONSOLIDADAS;TT;TODAS CONSOLIDADAS;LORETO;160000;833;8757;14340;20,87;19,16;1,84;1,76;1,97;48925;32476;16449;92403;58627;33776;1358
2022;08;TT;TODAS CONSOLIDADAS;02;2 ESTRELLAS;LA LIBERTAD;130000;159;2844;5101;22,94;22,34;1,21;1,19;1,79;29209;28316;893;35329;33734;1595;502
2022;08;TT;TODAS CONSOLIDADAS;02;2 ESTRELLAS;MADRE DE DIOS;170000;13;389;671;34,25;25,63;1,3;1,3;1,34;4104;3815;289;5331;4945;386;68
2022;08;TT;TODAS CONSOLIDADAS;03;3 ESTRELLAS;LAMBAYEQUE;140000;61;1561;2584;27,38;23,5;1,35;1,35;1,52;13926;13484;442;18828;18157;671;332
2022;08;TT;TODAS CONSOLIDADAS;03;3 ESTRELLAS;LORETO;160000;30;827;1461;36,44;29,45;2,29;2,27;2,37;5831;4742;1089;13338;10760;2578;236
2022;08;TT;TODAS CONSOLIDADAS;04;4 ESTRELLAS;MOQUEGUA;180000;2;123;232;77,08;58,02;11,46;12,25;8,58;364;286;78;4173;3504;669;47
2022;08;TT;TODAS CONSOLIDADAS;04;4 ESTRELLAS;UCAYALI;250000;5;288;513;45,78;40,58;2,39;2,38;2,4;2705;2284;421;6453;5442;1011;110
2022;08;TT;TODAS CONSOLIDADAS;TT;TODAS CONSOLIDADAS;AYACUCHO;050000;577;6178;10043;16,35;13,05;1,23;1,23;1,36;33115;32368;747;43550;42241;1309;779
2022;08;TT;TODAS CONSOLIDADAS;TT;TODAS CONSOLIDADAS;LAMBAYEQUE;140000;698;10565;15715;20,23;17,26;1,12;1,12;1,2;78633;76483;2150;93697;90340;3357;1891
2022;08;TT;TODAS CONSOLIDADAS;TT;TODAS CONSOLIDADAS;MADRE DE DIOS;170000;346;5326;9010;26,6;22,34;1,31;1,23;1,7;48080;38002;10078;65454;46021;19433;1104
2022;08;TT;TODAS CONSOLIDADAS;TT;TODAS CONSOLIDADAS;PASCO;190000;387;4895;8172;24,12;21,25;1,29;1,29;1,33;45459;45334;125;59206;58965;241;852
2022;08;TT;TODAS CONSOLIDADAS;TT;TODAS CONSOLIDADAS;PIURA;200000;1083;12519;22690;26,86;23,29;1,59;1,55;2,07;105815;96385;9430;173063;151651;21412;2075
2022;08;TT;TODAS CONSOLIDADAS;TT;TODAS CONSOLIDADAS;PUNO;210000;845;10093;17698;23,93;20,53;1,2;1,21;1,21;99606;76747;22859;126296;94141;32155;1894
2022;08;TT;TODAS CONSOLIDADAS;TT;TODAS CONSOLIDADAS;SAN MARTÍN;220000;854;10942;17531;32,44;26,62;1,38;1,37;2,05;105339;102988;2351;152188;147168;5020;1770
2022;08;TT;TODAS CONSOLIDADAS;TT;TODAS CONSOLIDADAS;TACNA;230000;496;6249;11783;14,76;11,94;1,37;1,34;1,58;35128;25751;9377;52503;36949;15554;942
2022;08;TT;TODAS CONSOLIDADAS;TT;TODAS CONSOLIDADAS;TUMBES;240000;254;3671;7610;20,01;15,61;2,38;2,37;2,32;27009;21178;5831;66583;52425;14158;1218
2022;08;TT;TODAS CONSOLIDADAS;TT;TODAS CONSOLIDADAS;UCAYALI;250000;492;6164;9762;25,47;23,25;1,99;1,99;1,91;36511;35117;1394;74393;70954;3439;1253
2022;09;00;NO CLASIFICADO;00;NO CATEGORIZADO;APURÍMAC;030000;474;4382;6743;16,96;13,17;1,13;1,13;1,11;23642;23341;301;26635;26300;335;464
2022;09;00;NO CLASIFICADO;00;NO CATEGORIZADO;CALLAO;070000;256;3582;6669;32,36;30,19;1,01;1,01;1,04;105594;104637;957;106496;105502;994;945
2022;09;00;NO CLASIFICADO;00;NO CATEGORIZADO;JUNÍN;120000;1280;13743;22121;22,95;18,42;1,2;1,2;1,61;101916;101432;484;122217;121440;777;2398
2022;09;00;NO CLASIFICADO;00;NO CATEGORIZADO;MOQUEGUA;180000;189;1816;3087;13,18;10,24;1,31;1,31;1,71;7224;7139;85;9479;9334;145;235
2022;09;00;NO CLASIFICADO;00;NO CATEGORIZADO;PUNO;210000;700;6617;11289;21,18;18,56;1,14;1,14;1,15;55249;52171;3078;62861;59334;3527;1198
2022;09;00;NO CLASIFICADO;TT;TODAS CONSOLIDADAS;APURÍMAC;030000;474;4382;6743;16,96;13,17;1,13;1,13;1,11;23642;23341;301;26635;26300;335;464
2022;09;00;NO CLASIFICADO;TT;TODAS CONSOLIDADAS;CALLAO;070000;256;3582;6669;32,36;30,19;1,01;1,01;1,04;105594;104637;957;106496;105502;994;945
2022;09;00;NO CLASIFICADO;TT;TODAS CONSOLIDADAS;JUNÍN;120000;1280;13743;22121;22,95;18,42;1,2;1,2;1,61;101916;101432;484;122217;121440;777;2398
2022;09;01;HOTEL;01;1 ESTRELLA;AMAZONAS;010000;1;20;42;0;0;0;0;0;0;0;0;0;0;0;0
2022;09;01;HOTEL;01;1 ESTRELLA;APURÍMAC;030000;2;79;112;24,39;22,56;1;1;0;758;758;0;758;758;0;12
2022;09;01;HOTEL;01;1 ESTRELLA;CALLAO;070000;1;34;68;21,67;21,67;1;1;0;442;442;0;442;442;0;2
2022;09;01;HOTEL;01;1 ESTRELLA;JUNÍN;120000;6;246;511;22,48;16,18;1,48;1,48;1;1676;1671;5;2481;2476;5;28
2022;09;01;HOTEL;01;1 ESTRELLA;LIMA;150000;10;375;641;40,89;40,24;1,05;1,05;1;6947;6903;43;7283;7240;43;53
2022;09;01;HOTEL;01;1 ESTRELLA;MOQUEGUA;180000;1;21;42;8,41;4,29;2;2;0;27;27;0;54;54;0;4
2022;09;01;HOTEL;01;1 ESTRELLA;PUNO;210000;5;123;224;14,55;10,42;1,09;1,09;0;644;644;0;700;700;0;18
2022;09;01;HOTEL;02;2 ESTRELLAS;APURÍMAC;030000;4;194;330;12,51;11,03;1,25;1,25;1,11;877;868;9;1092;1082;10;22
2022;09;01;HOTEL;02;2 ESTRELLAS;CALLAO;070000;1;40;67;13,75;14,03;1,08;1,07;1,09;260;76;184;282;81;201;3
2022;09;01;HOTEL;02;2 ESTRELLAS;JUNÍN;120000;27;838;1489;24,73;18,31;1,3;1,29;1,64;6285;6138;147;8181;7940;241;127
2022;09;01;HOTEL;02;2 ESTRELLAS;LIMA;150000;125;5276;9328;41,75;37,35;1,27;1,25;1,67;95514;92241;3273;121190;115722;5468;944
2022;09;01;HOTEL;02;2 ESTRELLAS;MOQUEGUA;180000;17;447;770;26,86;17,9;2,97;2,99;1,5;1390;1378;12;4134;4116;18;82
2022;09;01;HOTEL;02;2 ESTRELLAS;PASCO;190000;6;191;355;45,57;65,03;1,61;1,61;0;4310;4310;0;6926;6926;0;31
2022;08;TT;TODAS CONSOLIDADAS;TT;TODAS CONSOLIDADAS;MOQUEGUA;180000;300;3828;6501;17,42;12,29;1,42;1,43;1,37;17480;17073;407;29109;27961;1148;620
2022;09;00;NO CLASIFICADO;00;NO CATEGORIZADO;AMAZONAS;010000;267;2517;4085;24,55;18,35;1,15;1,15;1,55;19578;19443;135;22484;22275;209;463
2022;09;00;NO CLASIFICADO;TT;TODAS CONSOLIDADAS;AMAZONAS;010000;267;2517;4085;24,55;18,35;1,15;1,15;1,55;19578;19443;135;22484;22275;209;463
2022;09;01;HOTEL;02;2 ESTRELLAS;AMAZONAS;010000;32;856;1384;23,55;21,13;1,35;1,34;1,76;6516;6430;86;8775;8624;151;140
2022;09;00;NO CLASIFICADO;00;NO CATEGORIZADO;ÁNCASH;020000;599;5613;9708;17,88;14,22;1,15;1,15;1,03;36125;34184;1941;41425;39435;1990;990
2022;09;01;HOTEL;01;1 ESTRELLA;ÁNCASH;020000;15;453;704;30,89;26,23;1,08;1,08;0;5107;5107;0;5540;5540;0;64
2022;09;01;HOTEL;02;2 ESTRELLAS;ÁNCASH;020000;50;1322;2444;24,23;16,59;1,24;1,24;1,25;9839;9430;409;12167;11655;512;212
2022;09;00;NO CLASIFICADO;00;NO CATEGORIZADO;AREQUIPA;040000;1102;10042;16925;20,77;17,94;1,52;1,49;1,61;59991;44748;15243;91084;66583;24501;1263
2022;09;00;NO CLASIFICADO;TT;TODAS CONSOLIDADAS;AREQUIPA;040000;1102;10042;16925;20,77;17,94;1,52;1,49;1,61;59991;44748;15243;91084;66583;24501;1263
2022;09;01;HOTEL;01;1 ESTRELLA;AREQUIPA;040000;6;210;367;66,06;38,24;1,75;1,71;2,07;2405;2145;260;4210;3671;539;34
2022;09;01;HOTEL;02;2 ESTRELLAS;AREQUIPA;040000;39;1136;2025;25,48;21,74;1,44;1,4;1,77;9198;8307;891;13207;11633;1574;183
2022;09;00;NO CLASIFICADO;00;NO CATEGORIZADO;AYACUCHO;050000;539;5238;8310;17,69;13,69;1,17;1,17;1,23;29074;28783;291;34133;33775;358;577
2022;09;01;HOTEL;01;1 ESTRELLA;AYACUCHO;050000;7;178;309;11,61;11,02;1,95;1,95;0;524;524;0;1022;1022;0;26
2022;09;01;HOTEL;02;2 ESTRELLAS;AYACUCHO;050000;10;349;616;18,99;14,98;1,75;1,75;1,64;1585;1543;42;2769;2700;69;41
2022;09;00;NO CLASIFICADO;00;NO CATEGORIZADO;CAJAMARCA;060000;619;6094;9480;15,73;13,78;1,19;1,19;1,11;33004;32659;345;39192;38809;383;1082
2022;09;01;HOTEL;01;1 ESTRELLA;CAJAMARCA;060000;6;170;278;12,51;9,09;1,12;1,12;1;676;672;4;758;754;4;27
2022;09;01;HOTEL;02;2 ESTRELLAS;CAJAMARCA;060000;42;1163;1773;19,28;13,41;1,24;1,24;1,02;5750;5629;121;7132;7008;124;190
2022;09;00;NO CLASIFICADO;00;NO CATEGORIZADO;CUSCO;080000;1806;17910;32220;29,25;25,48;1,54;1,32;1,75;159886;78223;81663;246281;102983;143298;3501
2022;09;01;HOTEL;01;1 ESTRELLA;CUSCO;080000;4;115;187;15,51;12,34;1,04;1,04;1;668;659;9;692;683;9;15
2022;09;01;HOTEL;02;2 ESTRELLAS;CUSCO;080000;44;1159;2192;25,38;22,73;1,52;1,38;1,61;9840;3810;6030;14945;5240;9705;364
2022;09;00;NO CLASIFICADO;00;NO CATEGORIZADO;HUANCAVELICA;090000;191;2238;3445;19,14;15,29;1,1;1,1;1,24;14407;14378;29;15805;15769;36;273
2022;09;01;HOTEL;02;2 ESTRELLAS;HUANCAVELICA;090000;2;46;85;40,29;29,49;1,76;1,76;0;427;427;0;752;752;0;9
2022;09;00;NO CLASIFICADO;00;NO CATEGORIZADO;HUÁNUCO;100000;470;5221;7723;16,78;14,18;1,15;1,15;1,17;28627;28621;6;32852;32845;7;675
2022;09;01;HOTEL;01;1 ESTRELLA;HUÁNUCO;100000;9;272;405;44,39;42,88;1;1;0;5210;5210;0;5210;5210;0;45
2022;09;01;HOTEL;02;2 ESTRELLAS;HUÁNUCO;100000;40;1241;1926;33,29;28,25;1,15;1,15;1,1;14198;14150;48;16320;16267;53;204
2022;09;00;NO CLASIFICADO;00;NO CATEGORIZADO;ICA;110000;736;8161;13925;27,43;22,46;1,36;1,4;1,22;69201;52817;16384;93813;73762;20051;1467
2022;09;00;NO CLASIFICADO;TT;TODAS CONSOLIDADAS;ICA;110000;736;8161;13925;27,43;22,46;1,36;1,4;1,22;69201;52817;16384;93813;73762;20051;1467
2022;09;01;HOTEL;01;1 ESTRELLA;ICA;110000;4;82;108;0;0;0;0;0;0;0;0;0;0;0;0
2022;09;00;NO CLASIFICADO;00;NO CATEGORIZADO;LA LIBERTAD;130000;836;6764;11352;18,4;14,56;1,28;1,21;1,81;38848;34318;4530;49580;41360;8220;747
2022;09;01;HOTEL;01;1 ESTRELLA;LA LIBERTAD;130000;5;116;201;22,99;15,85;1;1;1;956;949;7;956;949;7;19
2022;09;01;HOTEL;02;2 ESTRELLAS;LA LIBERTAD;130000;22;513;945;20,87;18,34;1,37;1,29;1,98;3792;3346;446;5198;4315;883;95
2022;09;00;NO CLASIFICADO;00;NO CATEGORIZADO;LAMBAYEQUE;140000;381;3946;5676;20,57;17,07;1,08;1,08;1,16;26936;26405;531;29061;28446;615;525
2022;09;00;NO CLASIFICADO;TT;TODAS CONSOLIDADAS;LAMBAYEQUE;140000;381;3946;5676;20,57;17,07;1,08;1,08;1,16;26936;26405;531;29061;28446;615;525
2022;09;01;HOTEL;01;1 ESTRELLA;LAMBAYEQUE;140000;3;101;145;2,21;1,79;1;1;0;78;78;0;78;78;0;17
2022;09;01;HOTEL;02;2 ESTRELLAS;LAMBAYEQUE;140000;73;2084;3173;18,46;14,73;1,14;1,13;1,46;12332;12161;171;14025;13776;249;328
2022;09;00;NO CLASIFICADO;00;NO CATEGORIZADO;LIMA;150000;6191;52417;91138;21,21;18,81;1,11;1,11;1,12;2085980;2038580;47400;2323463;2270453;53010;33905
2022;09;00;NO CLASIFICADO;00;NO CATEGORIZADO;LORETO;160000;719;6546;10275;21,16;16,93;1,72;1,63;1,94;30282;20996;9286;52195;34177;18018;729
2022;09;00;NO CLASIFICADO;TT;TODAS CONSOLIDADAS;LORETO;160000;719;6546;10275;21,16;16,93;1,72;1,63;1,94;30282;20996;9286;52195;34177;18018;729
2022;09;01;HOTEL;02;2 ESTRELLAS;LORETO;160000;14;338;549;23,32;16,27;1,59;1,58;1,74;1685;1533;152;2679;2415;264;63
2022;09;00;NO CLASIFICADO;00;NO CATEGORIZADO;MADRE DE DIOS;170000;314;4303;7162;23,01;18,82;1,23;1,19;1,48;32806;28476;4330;40433;34028;6405;742
2022;09;00;NO CLASIFICADO;TT;TODAS CONSOLIDADAS;MADRE DE DIOS;170000;314;4303;7162;23,01;18,82;1,23;1,19;1,48;32806;28476;4330;40433;34028;6405;742
2022;09;01;HOTEL;01;1 ESTRELLA;MADRE DE DIOS;170000;5;133;237;35,66;30,52;1;1;1;2166;2090;76;2170;2094;76;25
2022;09;01;HOTEL;02;2 ESTRELLAS;MADRE DE DIOS;170000;8;259;476;37,76;25,47;1,3;1,29;1,44;2797;2650;147;3637;3426;211;45
2022;09;00;NO CLASIFICADO;00;NO CATEGORIZADO;PASCO;190000;316;3546;5601;17,34;14,64;1,26;1,26;1,09;19461;19404;57;24607;24545;62;623
2022;09;00;NO CLASIFICADO;TT;TODAS CONSOLIDADAS;PASCO;190000;316;3546;5601;17,34;14,64;1,26;1,26;1,09;19461;19404;57;24607;24545;62;623
2022;09;01;HOTEL;01;1 ESTRELLA;PASCO;190000;6;168;270;21,11;21,96;1,53;1,53;0;1165;1165;0;1779;1779;0;31
2022;09;00;NO CLASIFICADO;00;NO CATEGORIZADO;PIURA;200000;1010;10380;18955;33,76;25,66;1,72;1,66;2,37;85072;78135;6937;145923;129497;16426;2019
2022;09;01;HOTEL;01;1 ESTRELLA;PIURA;200000;2;40;77;5;21,52;1,18;1,18;0;420;420;0;497;497;0;6
2022;09;00;NO CLASIFICADO;00;NO CATEGORIZADO;SAN MARTÍN;220000;754;8544;13273;28,18;22,77;1,26;1,26;1,38;71730;70874;856;90664;89484;1180;1123
2022;09;01;HOTEL;01;1 ESTRELLA;SAN MARTÍN;220000;6;126;195;48,36;54,07;1,46;1,45;2;2167;2112;55;3163;3053;110;24
2022;09;00;NO CLASIFICADO;00;NO CATEGORIZADO;TACNA;230000;405;3848;6962;9,62;8;1,28;1,25;1,4;13093;10860;2233;16710;13590;3120;474
2022;09;00;NO CLASIFICADO;TT;TODAS CONSOLIDADAS;TACNA;230000;405;3848;6962;9,62;8;1,28;1,25;1,4;13093;10860;2233;16710;13590;3120;474
2022;09;00;NO CLASIFICADO;00;NO CATEGORIZADO;TUMBES;240000;217;2236;4339;12,43;9,61;1,97;1,94;2,66;6341;6032;309;12509;11687;822;375
2022;09;00;NO CLASIFICADO;TT;TODAS CONSOLIDADAS;TUMBES;240000;217;2236;4339;12,43;9,61;1,97;1,94;2,66;6341;6032;309;12509;11687;822;375
2022;09;00;NO CLASIFICADO;00;NO CATEGORIZADO;UCAYALI;250000;461;4968;7684;27,45;26,65;2,47;2,48;1,79;24924;24478;446;61443;60643;800;889
2022;09;00;NO CLASIFICADO;TT;TODAS CONSOLIDADAS;ÁNCASH;020000;599;5613;9708;17,88;14,22;1,15;1,15;1,03;36125;34184;1941;41425;39435;1990;990
2022;09;00;NO CLASIFICADO;TT;TODAS CONSOLIDADAS;AYACUCHO;050000;539;5238;8310;17,69;13,69;1,17;1,17;1,23;29074;28783;291;34133;33775;358;577
2022;09;00;NO CLASIFICADO;TT;TODAS CONSOLIDADAS;CAJAMARCA;060000;619;6094;9480;15,73;13,78;1,19;1,19;1,11;33004;32659;345;39192;38809;383;1082
2022;09;00;NO CLASIFICADO;TT;TODAS CONSOLIDADAS;CUSCO;080000;1806;17910;32220;29,25;25,48;1,54;1,32;1,75;159886;78223;81663;246281;102983;143298;3501
2022;09;00;NO CLASIFICADO;TT;TODAS CONSOLIDADAS;HUANCAVELICA;090000;191;2238;3445;19,14;15,29;1,1;1,1;1,24;14407;14378;29;15805;15769;36;273
2022;09;00;NO CLASIFICADO;TT;TODAS CONSOLIDADAS;HUÁNUCO;100000;470;5221;7723;16,78;14,18;1,15;1,15;1,17;28627;28621;6;32852;32845;7;675
2022;09;00;NO CLASIFICADO;TT;TODAS CONSOLIDADAS;LA LIBERTAD;130000;836;6764;11352;18,4;14,56;1,28;1,21;1,81;38848;34318;4530;49580;41360;8220;747
2022;09;00;NO CLASIFICADO;TT;TODAS CONSOLIDADAS;LIMA;150000;6191;52417;91138;21,21;18,81;1,11;1,11;1,12;2085980;2038580;47400;2323463;2270453;53010;33905
2022;09;00;NO CLASIFICADO;TT;TODAS CONSOLIDADAS;MOQUEGUA;180000;189;1816;3087;13,18;10,24;1,31;1,31;1,71;7224;7139;85;9479;9334;145;235
2022;09;00;NO CLASIFICADO;TT;TODAS CONSOLIDADAS;PIURA;200000;1010;10380;18955;33,76;25,66;1,72;1,66;2,37;85072;78135;6937;145923;129497;16426;2019
2022;09;00;NO CLASIFICADO;TT;TODAS CONSOLIDADAS;PUNO;210000;700;6617;11289;21,18;18,56;1,14;1,14;1,15;55249;52171;3078;62861;59334;3527;1198
2022;09;00;NO CLASIFICADO;TT;TODAS CONSOLIDADAS;SAN MARTÍN;220000;754;8544;13273;28,18;22,77;1,26;1,26;1,38;71730;70874;856;90664;89484;1180;1123
2022;09;00;NO CLASIFICADO;TT;TODAS CONSOLIDADAS;UCAYALI;250000;461;4968;7684;27,45;26,65;2,47;2,48;1,79;24924;24478;446;61443;60643;800;889
2022;09;01;HOTEL;01;1 ESTRELLA;TACNA;230000;2;57;112;4,04;2,86;1,81;1,81;0;53;53;0;96;96;0;5
2022;09;01;HOTEL;02;2 ESTRELLAS;ICA;110000;49;1375;2399;34,41;24,89;1,56;1,56;1;11466;11429;37;17913;17876;37;222
2022;09;01;HOTEL;02;2 ESTRELLAS;PIURA;200000;20;481;790;30,3;26,25;1,68;1,69;1,35;3698;3573;125;6222;6053;169;109
2022;09;01;HOTEL;02;2 ESTRELLAS;PUNO;210000;23;554;990;13,32;11,18;1,24;1,19;1,65;2671;2348;323;3319;2787;532;86
2022;09;01;HOTEL;02;2 ESTRELLAS;SAN MARTÍN;220000;30;834;1404;33,37;28,88;1,89;1,89;2,3;6428;6316;112;12165;11907;258;168
2022;09;01;HOTEL;02;2 ESTRELLAS;TACNA;230000;33;928;1894;22,68;15,76;1,73;1,74;1,7;5190;3050;2140;8957;5317;3640;172
2022;09;01;HOTEL;02;2 ESTRELLAS;TUMBES;240000;8;258;537;67,38;35,14;24,61;24,61;0;230;230;0;5661;5661;0;49
2022;09;01;HOTEL;02;2 ESTRELLAS;UCAYALI;250000;2;58;93;8,79;7,42;2,76;2,71;4;75;72;3;207;195;12;11
2022;09;01;HOTEL;03;3 ESTRELLAS;AMAZONAS;010000;19;450;808;23,71;18,45;1,47;1,45;1,81;3048;2870;178;4473;4150;323;99
2022;09;01;HOTEL;03;3 ESTRELLAS;ÁNCASH;020000;41;1367;2458;25,88;19,64;1,75;1,71;2,24;8285;7684;601;14486;13140;1346;317
2022;09;01;HOTEL;03;3 ESTRELLAS;APURÍMAC;030000;4;132;239;68,54;43,14;1,46;1,48;1,32;2115;1870;245;3093;2769;324;25
2022;09;01;HOTEL;03;3 ESTRELLAS;AREQUIPA;040000;66;1978;3687;40,86;35,79;1,99;2,24;1,73;19880;10265;9615;39584;22971;16613;535
2022;09;01;HOTEL;03;3 ESTRELLAS;AYACUCHO;050000;9;322;602;30,04;22,47;2,89;2,94;2,43;1403;1280;123;4058;3759;299;92
2022;09;01;HOTEL;03;3 ESTRELLAS;CAJAMARCA;060000;67;2072;3360;21,34;18,94;1,65;1,65;1,59;11581;11325;256;19088;18681;407;423
2022;09;01;HOTEL;03;3 ESTRELLAS;CALLAO;070000;4;233;392;36,71;35,56;1,6;1,72;1,39;2608;1689;919;4182;2907;1275;54
2022;09;01;HOTEL;03;3 ESTRELLAS;CUSCO;080000;91;3243;6439;45,08;40,9;1,82;2;1,78;43416;7372;36044;79010;14731;64279;1019
2022;09;01;HOTEL;03;3 ESTRELLAS;HUANCAVELICA;090000;2;65;108;18,67;13,15;1,39;1,39;1,35;307;290;17;426;403;23;20
2022;09;01;HOTEL;03;3 ESTRELLAS;HUÁNUCO;100000;13;494;934;32,92;24,66;1,68;1,69;1,22;4116;4031;85;6909;6805;104;107
2022;09;01;HOTEL;03;3 ESTRELLAS;ICA;110000;50;1826;3741;37,62;30,39;1,53;1,59;1,43;22297;13348;8949;34105;21267;12838;452
2022;09;01;HOTEL;03;3 ESTRELLAS;JUNÍN;120000;18;700;1301;23,76;18,78;1,68;1,68;1,49;4374;4298;76;7330;7217;113;151
2022;09;01;HOTEL;03;3 ESTRELLAS;LA LIBERTAD;130000;85;2562;4810;29,66;24,1;1,67;1,62;2,26;20844;19410;1434;34777;31538;3239;591
2022;09;01;HOTEL;03;3 ESTRELLAS;LAMBAYEQUE;140000;37;1194;2047;25,25;21,08;1,54;1,54;1,64;8385;8074;311;12948;12437;511;251
2022;09;01;HOTEL;03;3 ESTRELLAS;LIMA;150000;165;8264;15725;44,43;36,74;1,66;1,46;2,01;104367;65841;38526;173343;95844;77499;1908
2022;09;01;HOTEL;03;3 ESTRELLAS;LORETO;160000;21;646;1120;36,56;30,63;2,07;2,1;1,95;4983;3930;1053;10293;8238;2055;177
2022;09;01;HOTEL;03;3 ESTRELLAS;MADRE DE DIOS;170000;5;186;341;44,7;35,61;1,65;1,79;1,38;2210;1460;750;3643;2611;1032;75
2022;09;01;HOTEL;03;3 ESTRELLAS;MOQUEGUA;180000;8;261;488;18,99;14,73;2,01;2,02;1,5;1072;1044;28;2156;2114;42;54
2022;09;01;HOTEL;03;3 ESTRELLAS;PASCO;190000;4;114;217;30,18;35,35;1,32;1,32;1,83;1739;1727;12;2301;2279;22;17
2022;09;01;HOTEL;03;3 ESTRELLAS;PIURA;200000;15;578;1040;38,82;27,99;1,83;1,76;2,2;4776;4049;727;8734;7136;1598;184
2022;09;01;HOTEL;03;3 ESTRELLAS;PUNO;210000;27;897;1732;36,57;32,73;1,63;1,83;1,56;10443;2749;7694;17004;5032;11972;188
2022;09;01;HOTEL;03;3 ESTRELLAS;SAN MARTÍN;220000;23;797;1441;27,02;24,98;1,88;1,87;2,07;5742;5543;199;10801;10390;411;214
2022;09;01;HOTEL;03;3 ESTRELLAS;TACNA;230000;15;551;1156;22,27;21,94;2,03;1,99;2,07;3741;1623;2118;7609;3222;4387;131
2022;09;01;HOTEL;03;3 ESTRELLAS;TUMBES;240000;9;291;626;31,81;29,39;2,65;2,64;2,71;2084;1835;249;5520;4846;674;113
2022;09;01;HOTEL;03;3 ESTRELLAS;UCAYALI;250000;15;537;887;31,2;25,48;1,99;1,97;2,35;3402;3212;190;6781;6335;446;128
2022;09;01;HOTEL;04;4 ESTRELLAS;AREQUIPA;040000;10;454;916;47,8;38,3;1,97;2,28;1,75;5338;2203;3135;10525;5024;5501;184
2022;09;01;HOTEL;04;4 ESTRELLAS;CAJAMARCA;060000;4;214;355;53,3;47,5;1,95;1,86;2,73;2599;2327;272;5059;4317;742;115
2022;09;01;HOTEL;04;4 ESTRELLAS;CALLAO;070000;2;371;599;100,9;83,61;1,28;1,26;1,29;11693;1823;9870;15025;2291;12734;133
2022;09;01;HOTEL;04;4 ESTRELLAS;CUSCO;080000;16;1150;2239;71,49;67,55;2,06;1,9;2,08;22020;2667;19353;45375;5072;40303;599
2022;09;01;HOTEL;04;4 ESTRELLAS;HUÁNUCO;100000;1;61;104;53,28;40,67;1,84;1,86;1,69;691;606;85;1269;1125;144;26
2022;09;01;HOTEL;04;4 ESTRELLAS;ICA;110000;7;744;1550;22,55;23,02;1,64;1,82;1,33;6507;4219;2288;10702;7665;3037;370
2022;09;01;HOTEL;04;4 ESTRELLAS;JUNÍN;120000;1;40;66;20,33;15,15;1,58;1,58;0;190;190;0;300;300;0;19
2022;09;01;HOTEL;04;4 ESTRELLAS;LA LIBERTAD;130000;3;206;326;66,67;58,39;2,15;2,13;2,22;2658;2161;497;5711;4608;1103;78
2022;09;01;HOTEL;04;4 ESTRELLAS;LAMBAYEQUE;140000;5;349;643;62,96;50,08;1,61;1,57;1,87;5999;5272;727;9661;8300;1361;271
2022;09;01;HOTEL;04;4 ESTRELLAS;LIMA;150000;44;4546;7944;41,3;37,77;1,99;1,52;2,33;45333;19296;26037;90025;29394;60631;1652
2022;09;01;HOTEL;04;4 ESTRELLAS;LORETO;160000;2;89;148;31,05;27,55;1,44;1,44;1,51;847;800;47;1223;1152;71;29
2022;09;01;HOTEL;04;4 ESTRELLAS;MOQUEGUA;180000;2;123;232;36,53;23,51;2,4;2,46;2,1;681;567;114;1636;1397;239;48
2022;09;01;HOTEL;04;4 ESTRELLAS;PIURA;200000;3;299;556;52,37;41,45;2,19;2,15;2,36;3159;2606;553;6914;5607;1307;57
2022;09;01;HOTEL;04;4 ESTRELLAS;PUNO;210000;7;447;842;42,34;38,95;1,63;1,91;1,57;6051;917;5134;9838;1753;8085;141
2022;09;01;HOTEL;04;4 ESTRELLAS;TACNA;230000;1;150;300;33,16;27,26;1,84;1,76;1,91;1330;583;747;2453;1027;1426;32
2022;09;01;HOTEL;04;4 ESTRELLAS;TUMBES;240000;5;265;522;33,3;33,44;2,1;2,2;1,75;2494;1931;563;5237;4251;986;140
2022;09;01;HOTEL;04;4 ESTRELLAS;UCAYALI;250000;5;288;513;40,36;31,92;2,22;2,19;2,4;2216;1892;324;4913;4135;778;109
2022;09;01;HOTEL;05;5 ESTRELLAS;AREQUIPA;040000;3;241;352;70,04;69,16;1,5;1,47;1,53;4876;2617;2259;7303;3851;3452;167
2022;09;01;HOTEL;05;5 ESTRELLAS;CUSCO;080000;15;1288;2530;55,46;52,23;1,77;2,11;1,73;22378;2530;19848;39644;5326;34318;1187
2022;09;01;HOTEL;05;5 ESTRELLAS;ICA;110000;3;346;880;31,77;24,49;1,86;1,87;1,84;3476;2531;945;6466;4725;1741;375
2022;09;01;HOTEL;05;5 ESTRELLAS;LA LIBERTAD;130000;2;267;450;39,09;34,82;1,89;1,86;1,97;2490;1910;580;4701;3560;1141;173
2022;09;01;HOTEL;05;5 ESTRELLAS;LIMA;150000;24;4203;7488;48,3;37,31;2,35;1,69;2,62;35638;10260;25378;83806;17346;66460;2632
2022;09;01;HOTEL;05;5 ESTRELLAS;LORETO;160000;1;60;91;73,33;69,49;1,91;1,95;1,88;991;463;528;1897;905;992;54
2022;09;01;HOTEL;05;5 ESTRELLAS;PIURA;200000;1;83;168;73,21;49,11;2,08;1,89;2,49;1192;819;373;2475;1546;929;59
2022;09;01;HOTEL;05;5 ESTRELLAS;PUNO;210000;1;123;231;60;57,24;1,09;1,08;1,09;3650;1044;2606;3967;1127;2840;51
2022;09;01;HOTEL;05;5 ESTRELLAS;SAN MARTÍN;220000;1;50;108;34,6;41,14;1,59;1,56;2,23;839;809;30;1333;1266;67;63
2022;09;01;HOTEL;05;5 ESTRELLAS;UCAYALI;250000;2;162;300;41,83;31,22;2,31;2,3;2,41;1215;1108;107;2810;2552;258;70
2022;09;01;HOTEL;TT;TODAS CONSOLIDADAS;AMAZONAS;010000;52;1326;2234;23,25;19,77;1,39;1,37;1,8;9564;9300;264;13248;12774;474;239
2022;09;01;HOTEL;TT;TODAS CONSOLIDADAS;ÁNCASH;020000;106;3142;5606;25,91;19,14;1,39;1,37;1,84;23231;22221;1010;32193;30335;1858;593
2022;09;01;HOTEL;TT;TODAS CONSOLIDADAS;APURÍMAC;030000;10;405;681;33,09;24,19;1,32;1,32;1,31;3750;3496;254;4943;4609;334;59
2022;09;01;HOTEL;TT;TODAS CONSOLIDADAS;AREQUIPA;040000;124;4019;7347;40,36;33,95;1,79;1,85;1,71;41697;25537;16160;74829;47150;27679;1103
2022;09;01;HOTEL;TT;TODAS CONSOLIDADAS;AYACUCHO;050000;26;849;1527;21,63;17,13;2,23;2,24;2,23;3512;3347;165;7849;7481;368;159
2022;09;01;HOTEL;TT;TODAS CONSOLIDADAS;CAJAMARCA;060000;119;3619;5766;22,15;18,52;1,55;1,54;1,96;20606;19953;653;32037;30760;1277;755
2022;09;01;HOTEL;TT;TODAS CONSOLIDADAS;CALLAO;070000;8;678;1126;69,72;59;1,33;1,42;1,29;15003;4030;10973;19931;5721;14210;192
2022;09;01;HOTEL;TT;TODAS CONSOLIDADAS;CUSCO;080000;170;6955;13587;47,6;44,08;1,83;1,82;1,83;98322;17038;81284;179666;31052;148614;3184
2022;09;01;HOTEL;TT;TODAS CONSOLIDADAS;HUANCAVELICA;090000;4;111;193;27,63;20,35;1,6;1,61;1,35;734;717;17;1178;1155;23;29
2022;09;01;HOTEL;TT;TODAS CONSOLIDADAS;HUÁNUCO;100000;63;2068;3369;35,25;29,39;1,23;1,23;1,38;24215;23997;218;29708;29407;301;382
2022;09;01;HOTEL;TT;TODAS CONSOLIDADAS;ICA;110000;113;4373;8678;32,88;26,58;1,58;1,63;1,44;43746;31527;12219;69186;51533;17653;1419
2022;09;01;HOTEL;TT;TODAS CONSOLIDADAS;JUNÍN;120000;52;1824;3367;23,96;18,11;1,46;1,46;1,57;12525;12297;228;18292;17933;359;325
2022;09;01;HOTEL;TT;TODAS CONSOLIDADAS;LA LIBERTAD;130000;117;3664;6732;30,99;25,42;1,67;1,62;2,15;30740;27776;2964;51343;44970;6373;956
2022;09;01;HOTEL;TT;TODAS CONSOLIDADAS;LAMBAYEQUE;140000;118;3728;6008;24,36;20,37;1,37;1,35;1,75;26794;25585;1209;36712;34591;2121;867
2022;09;01;HOTEL;TT;TODAS CONSOLIDADAS;LIMA;150000;368;22664;41126;44,18;37,19;1,76;1,42;2,27;290192;174249;115943;509760;247128;262631;8395
2022;09;01;HOTEL;TT;TODAS CONSOLIDADAS;LORETO;160000;38;1133;1908;34,13;28,11;1,89;1,89;1,9;8506;6726;1780;16092;12710;3382;323
2022;09;01;HOTEL;TT;TODAS CONSOLIDADAS;MADRE DE DIOS;170000;18;578;1054;39,51;29,89;1,32;1,31;1,36;7173;6200;973;9450;8131;1319;145
2022;09;01;HOTEL;TT;TODAS CONSOLIDADAS;MOQUEGUA;180000;28;852;1532;25,39;17,36;2,52;2,55;1,94;3170;3016;154;7980;7681;299;188
2022;09;01;HOTEL;TT;TODAS CONSOLIDADAS;PASCO;190000;16;473;842;33,17;43,57;1,53;1,53;1,83;7214;7202;12;11006;10984;22;79
2022;09;01;HOTEL;TT;TODAS CONSOLIDADAS;PIURA;200000;41;1481;2631;39,8;31,47;1,88;1,82;2,25;13245;11467;1778;24842;20839;4003;415
2022;09;01;HOTEL;TT;TODAS CONSOLIDADAS;TACNA;230000;51;1686;3462;22,85;18,4;1,85;1,82;1,89;10314;5309;5005;19115;9662;9453;340
2022;09;01;HOTEL;TT;TODAS CONSOLIDADAS;TUMBES;240000;22;814;1685;43,57;32,48;3,41;3,69;2,04;4808;3996;812;16418;14758;1660;302
2022;09;01;HOTEL;TT;TODAS CONSOLIDADAS;UCAYALI;250000;24;1045;1793;34,13;27,35;2,13;2,1;2,39;6908;6284;624;14711;13217;1494;318
2022;09;02;APART HOTEL;03;3 ESTRELLAS;ÁNCASH;020000;2;16;52;0;0;0;0;0;0;0;0;0;0;0;0
2022;09;02;APART HOTEL;03;3 ESTRELLAS;APURÍMAC;030000;1;21;30;64,6;59,89;2,16;2,31;1,15;250;216;34;539;500;39;9
2022;09;02;APART HOTEL;03;3 ESTRELLAS;AREQUIPA;040000;1;18;36;6,48;6,48;3,5;3,67;2;20;18;2;70;66;4;2
2022;09;02;APART HOTEL;03;3 ESTRELLAS;CAJAMARCA;060000;2;13;24;0;0;0;0;0;0;0;0;0;0;0;0
2022;09;02;APART HOTEL;03;3 ESTRELLAS;ICA;110000;1;10;20;0;0;0;0;0;0;0;0;0;0;0;0
2022;09;02;APART HOTEL;03;3 ESTRELLAS;LA LIBERTAD;130000;1;11;24;0;0;0;0;0;0;0;0;0;0;0;0
2022;09;02;APART HOTEL;03;3 ESTRELLAS;LIMA;150000;8;206;375;56,07;41,98;3,62;3,99;3,42;1306;445;861;4723;1775;2948;46
2022;09;02;APART HOTEL;03;3 ESTRELLAS;LORETO;160000;1;45;94;0;0;0;0;0;0;0;0;0;0;0;0
2022;09;02;APART HOTEL;03;3 ESTRELLAS;MOQUEGUA;180000;1;9;10;58,15;52,33;8,72;8,31;9,8;18;13;5;157;108;49;3
2022;09;02;APART HOTEL;03;3 ESTRELLAS;PASCO;190000;1;10;17;15;10,39;1;1;0;53;53;0;53;53;0;4
2022;09;02;APART HOTEL;03;3 ESTRELLAS;TUMBES;240000;2;18;50;45,56;28,93;2,33;2,33;2,38;186;178;8;434;415;19;15
2022;09;02;APART HOTEL;04;4 ESTRELLAS;AREQUIPA;040000;1;19;32;17,89;34,06;2,53;2,19;3,42;129;93;36;327;204;123;6
2022;09;02;APART HOTEL;04;4 ESTRELLAS;LIMA;150000;8;610;1266;52,11;46,81;2,31;1,77;3,74;7698;5600;2098;17777;9926;7851;416
2022;09;02;APART HOTEL;04;4 ESTRELLAS;LORETO;160000;1;13;23;110;96,09;1,25;1,11;1,33;532;201;331;663;224;439;6
2022;09;02;APART HOTEL;04;4 ESTRELLAS;SAN MARTÍN;220000;1;24;57;66,11;46,78;2,17;2,16;2,25;368;301;67;800;649;151;17
2022;09;02;APART HOTEL;05;5 ESTRELLAS;LIMA;150000;6;399;673;47,67;35,23;3,11;2,69;3,46;2288;1054;1234;7112;2837;4275;165
2022;09;02;APART HOTEL;TT;TODAS CONSOLIDADAS;ÁNCASH;020000;2;16;52;0;0;0;0;0;0;0;0;0;0;0;0
2022;09;02;APART HOTEL;TT;TODAS CONSOLIDADAS;APURÍMAC;030000;1;21;30;64,6;59,89;2,16;2,31;1,15;250;216;34;539;500;39;9
2022;09;02;APART HOTEL;TT;TODAS CONSOLIDADAS;AREQUIPA;040000;2;37;68;12,34;19,46;2,66;2,43;3,34;149;111;38;397;270;127;8
2022;09;02;APART HOTEL;TT;TODAS CONSOLIDADAS;CAJAMARCA;060000;2;13;24;0;0;0;0;0;0;0;0;0;0;0;0
2022;09;02;APART HOTEL;TT;TODAS CONSOLIDADAS;ICA;110000;1;10;20;0;0;0;0;0;0;0;0;0;0;0;0
2022;09;02;APART HOTEL;TT;TODAS CONSOLIDADAS;LA LIBERTAD;130000;1;11;24;0;0;0;0;0;0;0;0;0;0;0;0
2022;09;02;APART HOTEL;TT;TODAS CONSOLIDADAS;LIMA;150000;22;1215;2314;51,32;42,66;2,62;2,05;3,6;11292;7099;4193;29612;14538;15074;627
2022;09;02;APART HOTEL;TT;TODAS CONSOLIDADAS;LORETO;160000;2;58;117;24,66;18,89;1,25;1,11;1,33;532;201;331;663;224;439;6
2022;09;02;APART HOTEL;TT;TODAS CONSOLIDADAS;MOQUEGUA;180000;1;9;10;58,15;52,33;8,72;8,31;9,8;18;13;5;157;108;49;3
2022;09;02;APART HOTEL;TT;TODAS CONSOLIDADAS;PASCO;190000;1;10;17;15;10,39;1;1;0;53;53;0;53;53;0;4
2022;09;02;APART HOTEL;TT;TODAS CONSOLIDADAS;TUMBES;240000;2;18;50;45,56;28,93;2,33;2,33;2,38;186;178;8;434;415;19;15
2022;09;03;HOSTAL;01;1 ESTRELLA;AMAZONAS;010000;17;239;372;40,86;35,67;1,01;1,01;1;3956;3937;19;3981;3962;19;41
2022;09;03;HOSTAL;01;1 ESTRELLA;ÁNCASH;020000;40;557;923;35,54;32,09;1,19;1,19;0;7495;7495;0;8886;8886;0;90
2022;09;03;HOSTAL;01;1 ESTRELLA;APURÍMAC;030000;1;10;20;0;0;0;0;0;0;0;0;0;0;0;0
2022;09;03;HOSTAL;01;1 ESTRELLA;AREQUIPA;040000;51;752;1145;24,92;21,98;1,44;1,43;1,63;5249;5120;129;7550;7340;210;127
2022;09;03;HOSTAL;01;1 ESTRELLA;AYACUCHO;050000;7;113;191;16,28;14,33;1,44;1,43;1,5;572;568;4;821;815;6;18
2022;09;03;HOSTAL;01;1 ESTRELLA;CAJAMARCA;060000;21;373;571;8,76;6,81;1,26;1,26;1,04;929;904;25;1166;1140;26;64
2022;09;03;HOSTAL;01;1 ESTRELLA;CALLAO;070000;12;230;450;47,95;46,52;1,09;1,09;1,04;5957;5568;389;6476;6072;404;48
2022;09;03;HOSTAL;01;1 ESTRELLA;CUSCO;080000;23;398;653;23,79;18,53;1,09;1,09;1,44;3317;3262;55;3631;3552;79;55
2022;09;03;HOSTAL;01;1 ESTRELLA;HUANCAVELICA;090000;2;29;45;49,54;32,96;1;1;0;445;445;0;445;445;0;5
2022;09;03;HOSTAL;01;1 ESTRELLA;HUÁNUCO;100000;16;229;343;59,27;75,48;1,31;1,31;1,53;5909;5890;19;7767;7738;29;47
2022;09;03;HOSTAL;01;1 ESTRELLA;ICA;110000;11;155;224;47,96;52,46;1,44;1,44;0;2447;2447;0;3525;3525;0;29
2022;09;03;HOSTAL;01;1 ESTRELLA;JUNÍN;120000;12;171;290;26,92;19,79;1,31;1,3;1,58;1317;1293;24;1722;1684;38;30
2022;09;03;HOSTAL;01;1 ESTRELLA;LA LIBERTAD;130000;31;439;770;32,2;22,34;1,98;1,98;2,6;2609;2604;5;5161;5148;13;75
2022;09;03;HOSTAL;01;1 ESTRELLA;LAMBAYEQUE;140000;17;217;271;19,08;17,7;1,16;1,16;1,18;1236;1219;17;1439;1419;20;37
2022;09;03;HOSTAL;01;1 ESTRELLA;LIMA;150000;86;1756;3115;37,39;30,49;1,12;1,11;1,21;32901;32501;400;36696;36210;486;393
2022;09;03;HOSTAL;01;1 ESTRELLA;LORETO;160000;5;75;102;17,6;19,77;2,03;2,13;1,76;298;220;78;605;468;137;12
2022;09;03;HOSTAL;01;1 ESTRELLA;MADRE DE DIOS;170000;1;35;68;20,38;18,63;2;2;0;190;190;0;380;380;0;4
2022;09;03;HOSTAL;01;1 ESTRELLA;MOQUEGUA;180000;17;248;408;8,74;6,26;1,47;1,47;1,1;522;512;10;766;755;11;40
2022;09;03;HOSTAL;01;1 ESTRELLA;PASCO;190000;20;355;520;24,64;22,21;1,25;1,25;1;2774;2773;1;3464;3463;1;54
2022;09;03;HOSTAL;01;1 ESTRELLA;PIURA;200000;3;56;81;24,23;16,42;2,36;2,36;0;169;169;0;399;399;0;11
2022;09;03;HOSTAL;01;1 ESTRELLA;PUNO;210000;28;428;725;21,32;17,38;1,06;1,06;1,18;3553;3469;84;3781;3682;99;61
2022;09;03;HOSTAL;01;1 ESTRELLA;TACNA;230000;10;179;315;13,54;12,03;1,08;1,07;1,1;1052;665;387;1137;710;427;29
2022;09;03;HOSTAL;02;2 ESTRELLAS;AMAZONAS;010000;56;983;1548;22,72;19,89;1,13;1,1;1,87;8212;7912;300;9239;8677;562;156
2022;09;03;HOSTAL;02;2 ESTRELLAS;ÁNCASH;020000;132;2132;3691;37,8;34,65;1,1;1,1;1,38;34749;34091;658;38363;37453;910;365
2022;09;03;HOSTAL;02;2 ESTRELLAS;APURÍMAC;030000;5;118;182;34,55;31,39;1,17;1,17;0;1459;1459;0;1714;1714;0;14
2022;09;03;HOSTAL;02;2 ESTRELLAS;AREQUIPA;040000;120;1885;3400;34,95;31,67;1,42;1,41;1,5;22824;20593;2231;32308;28970;3338;331
2022;09;03;HOSTAL;02;2 ESTRELLAS;AYACUCHO;050000;5;62;102;17,8;13,33;1,82;1,79;1,95;224;182;42;408;326;82;13
2022;09;03;HOSTAL;02;2 ESTRELLAS;CAJAMARCA;060000;114;2098;3299;18,99;16,32;1,27;1,27;1,11;12759;12626;133;16153;16005;148;339
2022;09;03;HOSTAL;02;2 ESTRELLAS;CALLAO;070000;6;184;354;54,08;54,7;1,01;1,01;1;5780;5741;39;5809;5770;39;27
2022;09;03;HOSTAL;02;2 ESTRELLAS;CUSCO;080000;53;864;1591;39,43;33,5;1,54;1,45;1,65;10414;6050;4364;15990;8788;7202;164
2022;09;03;HOSTAL;02;2 ESTRELLAS;HUANCAVELICA;090000;1;39;71;27,18;17,51;1,02;1,02;0;365;365;0;373;373;0;4
2022;09;03;HOSTAL;02;2 ESTRELLAS;HUÁNUCO;100000;23;304;511;28,97;25,17;1,01;1,01;1;3816;3806;10;3859;3849;10;61
2022;09;03;HOSTAL;02;2 ESTRELLAS;ICA;110000;65;928;1550;18,64;16,29;1,13;1,14;1,03;6678;6144;534;7573;7024;549;155
2022;09;03;HOSTAL;02;2 ESTRELLAS;JUNÍN;120000;25;409;810;27,22;24,73;1,26;1,26;1,16;4780;4761;19;6010;5988;22;82
2022;09;03;HOSTAL;02;2 ESTRELLAS;LA LIBERTAD;130000;138;2338;4166;23,99;22,59;1,18;1,18;1,28;23903;23493;410;28227;27701;526;404
2022;09;03;HOSTAL;02;2 ESTRELLAS;LAMBAYEQUE;140000;158;2322;3254;24,28;17,87;1,09;1,09;1,12;15978;15829;149;17444;17277;167;429
2022;09;03;HOSTAL;02;2 ESTRELLAS;LIMA;150000;140;3297;5998;33,83;32,06;1,3;1,22;1,89;63197;55735;7462;82029;67957;14072;791
2022;09;03;HOSTAL;02;2 ESTRELLAS;LORETO;160000;5;72;112;17,55;19,7;2,12;2,12;2;313;290;23;662;616;46;14
2022;09;03;HOSTAL;02;2 ESTRELLAS;MADRE DE DIOS;170000;5;130;195;51,23;38,5;1,31;1,31;1,23;1724;1631;93;2252;2138;114;23
2022;09;03;HOSTAL;02;2 ESTRELLAS;MOQUEGUA;180000;63;886;1440;21,16;17,04;1,23;1,23;1,05;5979;5906;73;7361;7284;77;164
2022;09;03;HOSTAL;02;2 ESTRELLAS;PASCO;190000;15;259;489;27,44;25,22;1,55;1,52;12;2389;2382;7;3700;3616;84;41
2022;09;03;HOSTAL;02;2 ESTRELLAS;PIURA;200000;27;533;878;27,75;24,53;1,54;1,54;1,46;4201;3986;215;6461;6148;313;99
2022;09;03;HOSTAL;02;2 ESTRELLAS;PUNO;210000;44;643;1186;24,71;20,15;1,5;1,57;1,24;4783;3796;987;7171;5947;1224;121
2022;09;03;HOSTAL;02;2 ESTRELLAS;SAN MARTÍN;220000;21;311;507;31,21;25,86;1,38;1,38;1,72;2852;2820;32;3934;3879;55;65
2022;09;03;HOSTAL;02;2 ESTRELLAS;TACNA;230000;24;421;817;26,91;19,2;1,43;1,34;1,55;3303;1959;1344;4707;2619;2088;80
2022;09;03;HOSTAL;02;2 ESTRELLAS;TUMBES;240000;5;66;131;7,83;6,34;1,69;1,7;1,6;147;142;5;249;241;8;22
2022;09;03;HOSTAL;02;2 ESTRELLAS;UCAYALI;250000;2;71;136;23,38;12,67;1,55;1,55;1,67;333;324;9;517;502;15;16
2022;09;03;HOSTAL;03;3 ESTRELLAS;AMAZONAS;010000;10;154;294;49,65;36,24;1,76;1,76;1,8;1820;1785;35;3196;3133;63;27
2022;09;03;HOSTAL;03;3 ESTRELLAS;ÁNCASH;020000;21;309;598;20,69;15,7;1,94;1,94;1,95;1449;1091;358;2817;2120;697;62
2022;09;03;HOSTAL;03;3 ESTRELLAS;AREQUIPA;040000;40;625;1154;36,95;32,35;1,87;1,82;1,97;5980;3921;2059;11198;7132;4066;162
2022;09;03;HOSTAL;03;3 ESTRELLAS;AYACUCHO;050000;2;38;77;44,91;32,16;2,04;1,98;2,37;364;304;60;743;601;142;20
2022;09;03;HOSTAL;03;3 ESTRELLAS;CAJAMARCA;060000;51;801;1320;25,73;19,38;1,4;1,4;1,58;5466;5433;33;7674;7622;52;170
2022;09;03;HOSTAL;03;3 ESTRELLAS;CUSCO;080000;21;363;702;23,05;18,08;1,69;1,26;2,11;2256;1118;1138;3808;1406;2402;68
2022;09;03;HOSTAL;03;3 ESTRELLAS;HUÁNUCO;100000;2;45;63;0;0;0;0;0;0;0;0;0;0;0;0
2022;09;03;HOSTAL;03;3 ESTRELLAS;ICA;110000;32;567;1073;37,34;27,54;1,32;1,35;1,15;6713;5696;1017;8864;7693;1171;113
2022;09;03;HOSTAL;03;3 ESTRELLAS;JUNÍN;120000;3;60;114;35,33;24,36;1,59;1,59;2;523;520;3;833;827;6;35
2022;09;03;HOSTAL;03;3 ESTRELLAS;LA LIBERTAD;130000;55;936;1806;41,73;36,56;1,19;1,19;1,28;16638;16507;131;19807;19639;168;179
2022;09;03;HOSTAL;03;3 ESTRELLAS;LAMBAYEQUE;140000;24;344;508;32,03;25,91;1,37;1,36;1,68;2890;2795;95;3949;3789;160;79
2022;09;03;HOSTAL;03;3 ESTRELLAS;LIMA;150000;17;345;678;18,18;15,63;1,09;1,09;1,13;2904;2489;415;3179;2712;467;67
2022;09;03;HOSTAL;03;3 ESTRELLAS;LORETO;160000;8;134;230;29,1;20,29;1,96;1,92;2,5;715;671;44;1400;1290;110;48
2022;09;03;HOSTAL;03;3 ESTRELLAS;MADRE DE DIOS;170000;1;22;29;32,42;38,39;1,56;1,55;1,83;214;208;6;334;323;11;4
2022;09;03;HOSTAL;03;3 ESTRELLAS;MOQUEGUA;180000;3;45;74;0;0;0;0;0;0;0;0;0;0;0;0
2022;09;03;HOSTAL;03;3 ESTRELLAS;PASCO;190000;1;9;18;28,52;28,7;1,13;1,13;0;137;137;0;155;155;0;3
2022;09;03;HOSTAL;03;3 ESTRELLAS;PIURA;200000;3;68;152;4,9;5,99;1,87;1,83;2;146;115;31;273;211;62;13
2022;09;03;HOSTAL;03;3 ESTRELLAS;PUNO;210000;8;166;284;47,83;37,42;1,38;1,62;1,05;2307;1331;976;3188;2162;1026;37
2022;09;03;HOSTAL;03;3 ESTRELLAS;SAN MARTÍN;220000;6;112;245;34,67;23,29;2,13;2,09;2,52;804;738;66;1712;1546;166;37
2022;09;03;HOSTAL;03;3 ESTRELLAS;TACNA;230000;6;110;230;25,55;19,42;2,58;2,24;3,15;519;324;195;1340;726;614;19
2022;09;03;HOSTAL;03;3 ESTRELLAS;TUMBES;240000;5;83;174;0;0;0;0;0;0;0;0;0;0;0;0
2022;09;03;HOSTAL;03;3 ESTRELLAS;UCAYALI;250000;2;45;71;9,93;9,15;1,95;1,95;0;100;100;0;195;195;0;6
2022;09;03;HOSTAL;TT;TODAS CONSOLIDADAS;AMAZONAS;010000;83;1376;2214;28,88;24,72;1,17;1,16;1,82;13988;13634;354;16416;15772;644;224
2022;09;03;HOSTAL;TT;TODAS CONSOLIDADAS;ÁNCASH;020000;193;2998;5212;35,62;32,02;1,15;1,14;1,58;43693;42677;1016;50066;48459;1607;517
2022;09;03;HOSTAL;TT;TODAS CONSOLIDADAS;APURÍMAC;030000;7;152;245;33,51;27,47;1,24;1,24;1;1631;1612;19;2019;2000;19;21
2022;09;03;HOSTAL;TT;TODAS CONSOLIDADAS;AREQUIPA;040000;211;3262;5699;33,02;29,86;1,5;1,47;1,72;34053;29634;4419;51056;43442;7614;620
2022;09;03;HOSTAL;TT;TODAS CONSOLIDADAS;AYACUCHO;050000;14;213;370;21,83;17,77;1,7;1,65;2,17;1160;1054;106;1972;1742;230;51
2022;09;03;HOSTAL;TT;TODAS CONSOLIDADAS;CAJAMARCA;060000;186;3272;5190;19,47;16,05;1,3;1,31;1,18;19154;18963;191;24993;24767;226;573
2022;09;03;HOSTAL;TT;TODAS CONSOLIDADAS;CALLAO;070000;18;414;804;51,08;50,65;1,04;1,04;1,03;12298;11900;397;12799;12389;410;76
2022;09;03;HOSTAL;TT;TODAS CONSOLIDADAS;CUSCO;080000;97;1625;2946;31,94;26,51;1,47;1,32;1,74;15987;10430;5557;23429;13746;9683;287
2022;09;03;HOSTAL;TT;TODAS CONSOLIDADAS;HUANCAVELICA;090000;3;68;116;36,72;23,51;1,01;1,01;0;810;810;0;818;818;0;9
2022;09;03;HOSTAL;TT;TODAS CONSOLIDADAS;HUÁNUCO;100000;41;578;917;38,72;42,26;1,2;1,2;1,34;9725;9696;29;11626;11587;39;108
2022;09;03;HOSTAL;TT;TODAS CONSOLIDADAS;ICA;110000;108;1650;2847;27,82;23,37;1,26;1,28;1,11;15838;14287;1551;19962;18242;1720;297
2022;09;03;HOSTAL;TT;TODAS CONSOLIDADAS;JUNÍN;120000;40;640;1214;27,9;23,52;1,29;1,29;1,43;6620;6574;46;8565;8499;66;147
2022;09;03;HOSTAL;TT;TODAS CONSOLIDADAS;LA LIBERTAD;130000;224;3713;6742;29,43;26,3;1,23;1,23;1,29;43150;42604;546;53195;52488;707;658
2022;09;03;HOSTAL;TT;TODAS CONSOLIDADAS;LAMBAYEQUE;140000;199;2883;4033;24,81;18,87;1,14;1,13;1,33;20104;19843;261;22832;22485;347;545
2022;09;03;HOSTAL;TT;TODAS CONSOLIDADAS;LORETO;160000;18;281;444;23,07;20,02;2,01;2,01;2,02;1326;1181;145;2667;2374;293;74
2022;09;03;HOSTAL;TT;TODAS CONSOLIDADAS;MADRE DE DIOS;170000;7;187;292;43,24;33,86;1,39;1,4;1,26;2128;2029;99;2966;2841;125;31
2022;09;03;HOSTAL;TT;TODAS CONSOLIDADAS;MOQUEGUA;180000;83;1179;1922;17,74;14,09;1,25;1,25;1,06;6501;6418;83;8127;8039;88;204
2022;09;03;HOSTAL;TT;TODAS CONSOLIDADAS;PASCO;190000;36;623;1027;25,86;23,76;1,38;1,37;10,63;5300;5292;8;7319;7234;85;98
2022;09;03;HOSTAL;TT;TODAS CONSOLIDADAS;PIURA;200000;33;657;1111;25,08;21,4;1,58;1,58;1,52;4516;4270;246;7133;6758;375;123
2022;09;03;HOSTAL;TT;TODAS CONSOLIDADAS;PUNO;210000;80;1237;2195;26,64;21,47;1,33;1,37;1,15;10643;8596;2047;14140;11791;2349;219
2022;09;03;HOSTAL;TT;TODAS CONSOLIDADAS;SAN MARTÍN;220000;28;443;786;31,89;24,87;1,55;1,53;2,26;3794;3696;98;5864;5643;221;110
2022;09;01;HOTEL;TT;TODAS CONSOLIDADAS;PUNO;210000;63;2144;4019;31,85;28,89;1,48;1,48;1,49;23459;7702;15757;34828;11399;23429;484
2022;09;01;HOTEL;TT;TODAS CONSOLIDADAS;SAN MARTÍN;220000;60;1807;3148;31,65;29,08;1,81;1,8;2,14;15176;14780;396;27462;26616;846;469
2022;09;02;APART HOTEL;TT;TODAS CONSOLIDADAS;SAN MARTÍN;220000;1;24;57;66,11;46,78;2,17;2,16;2,25;368;301;67;800;649;151;17
2022;09;03;HOSTAL;01;1 ESTRELLA;SAN MARTÍN;220000;1;20;34;26,83;21,37;1,58;1,58;0;138;138;0;218;218;0;8
2022;09;03;HOSTAL;03;3 ESTRELLAS;APURÍMAC;030000;1;24;43;42,36;23,64;1,77;1,87;1;172;153;19;305;286;19;7
2022;09;03;HOSTAL;TT;TODAS CONSOLIDADAS;LIMA;150000;243;5398;9791;32,27;28,86;1,22;1,17;1,73;89642;81771;7871;109419;95799;13621;1202
2022;09;03;HOSTAL;TT;TODAS CONSOLIDADAS;TACNA;230000;40;710;1362;23,33;17,58;1,47;1,38;1,62;4874;2948;1926;7184;4055;3129;128
2022;09;03;HOSTAL;TT;TODAS CONSOLIDADAS;TUMBES;240000;10;149;305;3,47;2,72;1,69;1,7;1,6;147;142;5;249;241;8;22
2022;09;03;HOSTAL;TT;TODAS CONSOLIDADAS;UCAYALI;250000;4;116;207;18,16;11,47;1,64;1,64;1,67;433;424;9;712;697;15;22
2022;09;05;ALBERGUE;12;ALBERGUE;AMAZONAS;010000;1;6;11;0;0;0;0;0;0;0;0;0;0;0;0
2022;09;05;ALBERGUE;12;ALBERGUE;ÁNCASH;020000;8;76;172;2,59;2,34;3,03;3,03;0;40;40;0;121;121;0;16
2022;09;05;ALBERGUE;12;ALBERGUE;AREQUIPA;040000;6;106;255;47,83;37,49;1,47;1,31;1,52;1951;467;1484;2868;612;2256;107
2022;09;05;ALBERGUE;12;ALBERGUE;CAJAMARCA;060000;1;11;22;0;0;0;0;0;0;0;0;0;0;0;0
2022;09;05;ALBERGUE;12;ALBERGUE;CUSCO;080000;15;234;724;50,98;44,67;1,55;1,44;1,55;6278;112;6166;9703;161;9542;132
2022;09;05;ALBERGUE;12;ALBERGUE;ICA;110000;1;10;30;14,33;10,44;2,54;2,24;5;37;33;4;94;74;20;4
2022;09;05;ALBERGUE;12;ALBERGUE;JUNÍN;120000;1;32;104;26,46;18,59;2,03;2,06;1,47;286;271;15;580;558;22;19
2022;09;05;ALBERGUE;12;ALBERGUE;MADRE DE DIOS;170000;10;275;560;40,08;37,07;2,63;3,06;2,61;2372;105;2267;6227;321;5906;206
2022;09;05;ALBERGUE;12;ALBERGUE;PASCO;190000;17;253;710;13,54;10,82;1,41;1,39;2,57;1631;1603;28;2305;2233;72;53
2022;09;05;ALBERGUE;12;ALBERGUE;PUNO;210000;1;13;35;0;0;0;0;0;0;0;0;0;0;0;0
2022;09;05;ALBERGUE;12;ALBERGUE;SAN MARTÍN;220000;9;141;325;19,91;17,84;2,31;2,26;2,5;752;598;154;1739;1354;385;55
2022;09;05;ALBERGUE;12;ALBERGUE;UCAYALI;250000;3;34;86;15,59;14,34;1,71;1,7;1,76;217;192;25;370;326;44;22
2022;09;05;ALBERGUE;TT;TODAS CONSOLIDADAS;AMAZONAS;010000;1;6;11;0;0;0;0;0;0;0;0;0;0;0;0
2022;09;05;ALBERGUE;TT;TODAS CONSOLIDADAS;ÁNCASH;020000;8;76;172;2,59;2,34;3,03;3,03;0;40;40;0;121;121;0;16
2022;09;05;ALBERGUE;TT;TODAS CONSOLIDADAS;AREQUIPA;040000;6;106;255;47,83;37,49;1,47;1,31;1,52;1951;467;1484;2868;612;2256;107
2022;09;05;ALBERGUE;TT;TODAS CONSOLIDADAS;CAJAMARCA;060000;1;11;22;0;0;0;0;0;0;0;0;0;0;0;0
2022;09;05;ALBERGUE;TT;TODAS CONSOLIDADAS;CUSCO;080000;15;234;724;50,98;44,67;1,55;1,44;1,55;6278;112;6166;9703;161;9542;132
2022;09;05;ALBERGUE;TT;TODAS CONSOLIDADAS;ICA;110000;1;10;30;14,33;10,44;2,54;2,24;5;37;33;4;94;74;20;4
2022;09;05;ALBERGUE;TT;TODAS CONSOLIDADAS;JUNÍN;120000;1;32;104;26,46;18,59;2,03;2,06;1,47;286;271;15;580;558;22;19
2022;09;05;ALBERGUE;TT;TODAS CONSOLIDADAS;LIMA;150000;8;129;343;56,28;29,89;1,44;1,57;1,41;2140;371;1769;3076;582;2494;34
2022;09;05;ALBERGUE;TT;TODAS CONSOLIDADAS;LORETO;160000;56;738;1586;24,44;20,6;2,14;1,56;2,51;4571;1775;2796;9803;2773;7030;220
2022;09;05;ALBERGUE;TT;TODAS CONSOLIDADAS;MADRE DE DIOS;170000;10;275;560;40,08;37,07;2,63;3,06;2,61;2372;105;2267;6227;321;5906;206
2022;09;05;ALBERGUE;TT;TODAS CONSOLIDADAS;PASCO;190000;17;253;710;13,54;10,82;1,41;1,39;2,57;1631;1603;28;2305;2233;72;53
2022;09;05;ALBERGUE;TT;TODAS CONSOLIDADAS;PUNO;210000;1;13;35;0;0;0;0;0;0;0;0;0;0;0;0
2022;09;05;ALBERGUE;TT;TODAS CONSOLIDADAS;SAN MARTÍN;220000;9;141;325;19,91;17,84;2,31;2,26;2,5;752;598;154;1739;1354;385;55
2022;09;05;ALBERGUE;TT;TODAS CONSOLIDADAS;UCAYALI;250000;3;34;86;15,59;14,34;1,71;1,7;1,76;217;192;25;370;326;44;22
2022;09;14;RESORT;03;3 ESTRELLAS;ICA;110000;1;51;86;0;0;0;0;0;0;0;0;0;0;0;0
2022;09;14;RESORT;03;3 ESTRELLAS;TUMBES;240000;1;31;60;0;0;0;0;0;0;0;0;0;0;0;0
2022;09;14;RESORT;04;4 ESTRELLAS;TUMBES;240000;1;402;1101;70;56,34;2,5;2,52;2,43;7440;5683;1757;18608;14330;4278;468
2022;09;14;RESORT;05;5 ESTRELLAS;ICA;110000;1;115;250;0;0;0;0;0;0;0;0;0;0;0;0
2022;09;14;RESORT;TT;TODAS CONSOLIDADAS;ICA;110000;2;166;336;0;0;0;0;0;0;0;0;0;0;0;0
2022;09;14;RESORT;TT;TODAS CONSOLIDADAS;TUMBES;240000;2;433;1161;64,99;53,43;2,5;2,52;2,43;7440;5683;1757;18608;14330;4278;468
2022;09;16;ECOLODGE;13;ECOLODGE;AREQUIPA;040000;1;23;51;30,87;27,45;2,12;1,23;2,28;198;30;168;420;37;383;8
2022;09;16;ECOLODGE;13;ECOLODGE;SAN MARTÍN;220000;1;12;24;0;0;0;0;0;0;0;0;0;0;0;0
2022;09;16;ECOLODGE;TT;TODAS CONSOLIDADAS;AREQUIPA;040000;1;23;51;30,87;27,45;2,12;1,23;2,28;198;30;168;420;37;383;8
2022;09;16;ECOLODGE;TT;TODAS CONSOLIDADAS;SAN MARTÍN;220000;1;12;24;0;0;0;0;0;0;0;0;0;0;0;0
2022;09;TT;TODAS CONSOLIDADAS;00;NO CATEGORIZADO;AMAZONAS;010000;267;2517;4085;24,55;18,35;1,15;1,15;1,55;19578;19443;135;22484;22275;209;463
2022;09;TT;TODAS CONSOLIDADAS;00;NO CATEGORIZADO;ÁNCASH;020000;599;5613;9708;17,88;14,22;1,15;1,15;1,03;36125;34184;1941;41425;39435;1990;990
2022;09;TT;TODAS CONSOLIDADAS;00;NO CATEGORIZADO;APURÍMAC;030000;474;4382;6743;16,96;13,17;1,13;1,13;1,11;23642;23341;301;26635;26300;335;464
2022;09;TT;TODAS CONSOLIDADAS;00;NO CATEGORIZADO;AREQUIPA;040000;1102;10042;16925;20,77;17,94;1,52;1,49;1,61;59991;44748;15243;91084;66583;24501;1263
2022;09;TT;TODAS CONSOLIDADAS;00;NO CATEGORIZADO;AYACUCHO;050000;539;5238;8310;17,69;13,69;1,17;1,17;1,23;29074;28783;291;34133;33775;358;577
2022;09;TT;TODAS CONSOLIDADAS;00;NO CATEGORIZADO;CAJAMARCA;060000;619;6094;9480;15,73;13,78;1,19;1,19;1,11;33004;32659;345;39192;38809;383;1082
2022;09;TT;TODAS CONSOLIDADAS;00;NO CATEGORIZADO;CALLAO;070000;256;3582;6669;32,36;30,19;1,01;1,01;1,04;105594;104637;957;106496;105502;994;945
2022;09;TT;TODAS CONSOLIDADAS;00;NO CATEGORIZADO;HUÁNUCO;100000;470;5221;7723;16,78;14,18;1,15;1,15;1,17;28627;28621;6;32852;32845;7;675
2022;09;TT;TODAS CONSOLIDADAS;00;NO CATEGORIZADO;ICA;110000;736;8161;13925;27,43;22,46;1,36;1,4;1,22;69201;52817;16384;93813;73762;20051;1467
2022;09;TT;TODAS CONSOLIDADAS;00;NO CATEGORIZADO;LA LIBERTAD;130000;836;6764;11352;18,4;14,56;1,28;1,21;1,81;38848;34318;4530;49580;41360;8220;747
2022;09;TT;TODAS CONSOLIDADAS;00;NO CATEGORIZADO;LAMBAYEQUE;140000;381;3946;5676;20,57;17,07;1,08;1,08;1,16;26936;26405;531;29061;28446;615;525
2022;09;TT;TODAS CONSOLIDADAS;00;NO CATEGORIZADO;LIMA;150000;6191;52417;91138;21,21;18,81;1,11;1,11;1,12;2085980;2038580;47400;2323463;2270453;53010;33905
2022;09;TT;TODAS CONSOLIDADAS;00;NO CATEGORIZADO;LORETO;160000;719;6546;10275;21,16;16,93;1,72;1,63;1,94;30282;20996;9286;52195;34177;18018;729
2022;09;TT;TODAS CONSOLIDADAS;00;NO CATEGORIZADO;MADRE DE DIOS;170000;314;4303;7162;23,01;18,82;1,23;1,19;1,48;32806;28476;4330;40433;34028;6405;742
2022;09;TT;TODAS CONSOLIDADAS;00;NO CATEGORIZADO;MOQUEGUA;180000;189;1816;3087;13,18;10,24;1,31;1,31;1,71;7224;7139;85;9479;9334;145;235
2022;09;TT;TODAS CONSOLIDADAS;00;NO CATEGORIZADO;PASCO;190000;316;3546;5601;17,34;14,64;1,26;1,26;1,09;19461;19404;57;24607;24545;62;623
2022;09;TT;TODAS CONSOLIDADAS;00;NO CATEGORIZADO;PIURA;200000;1010;10380;18955;33,76;25,66;1,72;1,66;2,37;85072;78135;6937;145923;129497;16426;2019
2022;09;TT;TODAS CONSOLIDADAS;00;NO CATEGORIZADO;PUNO;210000;700;6617;11289;21,18;18,56;1,14;1,14;1,15;55249;52171;3078;62861;59334;3527;1198
2022;09;TT;TODAS CONSOLIDADAS;00;NO CATEGORIZADO;SAN MARTÍN;220000;754;8544;13273;28,18;22,77;1,26;1,26;1,38;71730;70874;856;90664;89484;1180;1123
2022;09;TT;TODAS CONSOLIDADAS;00;NO CATEGORIZADO;TACNA;230000;405;3848;6962;9,62;8;1,28;1,25;1,4;13093;10860;2233;16710;13590;3120;474
2022;09;TT;TODAS CONSOLIDADAS;00;NO CATEGORIZADO;TUMBES;240000;217;2236;4339;12,43;9,61;1,97;1,94;2,66;6341;6032;309;12509;11687;822;375
2022;09;TT;TODAS CONSOLIDADAS;00;NO CATEGORIZADO;UCAYALI;250000;461;4968;7684;27,45;26,65;2,47;2,48;1,79;24924;24478;446;61443;60643;800;889
2022;09;TT;TODAS CONSOLIDADAS;01;1 ESTRELLA;AMAZONAS;010000;18;259;414;37,71;32,05;1,01;1,01;1;3956;3937;19;3981;3962;19;41
2022;09;TT;TODAS CONSOLIDADAS;01;1 ESTRELLA;ÁNCASH;020000;55;1010;1627;33,45;29,56;1,14;1,14;0;12602;12602;0;14426;14426;0;154
2022;09;TT;TODAS CONSOLIDADAS;01;1 ESTRELLA;APURÍMAC;030000;3;89;132;21,65;19,14;1;1;0;758;758;0;758;758;0;12
2022;09;TT;TODAS CONSOLIDADAS;01;1 ESTRELLA;AREQUIPA;040000;57;962;1512;33,9;25,93;1,54;1,52;1,93;7654;7265;389;11760;11011;749;161
2022;09;TT;TODAS CONSOLIDADAS;01;1 ESTRELLA;AYACUCHO;050000;14;291;500;13,42;12,29;1,68;1,68;1,5;1096;1092;4;1843;1837;6;44
2022;09;TT;TODAS CONSOLIDADAS;01;1 ESTRELLA;CAJAMARCA;060000;27;543;849;9,93;7,55;1,2;1,2;1,03;1605;1576;29;1924;1894;30;91
2022;09;TT;TODAS CONSOLIDADAS;01;1 ESTRELLA;CALLAO;070000;13;264;518;43,7;42,46;1,08;1,08;1,04;6383;6003;380;6889;6495;394;49
2022;09;TT;TODAS CONSOLIDADAS;01;1 ESTRELLA;CUSCO;080000;27;513;840;21,94;17,15;1,08;1,08;1,38;3985;3921;64;4323;4235;88;70
2022;09;TT;TODAS CONSOLIDADAS;01;1 ESTRELLA;HUÁNUCO;100000;25;501;748;51,19;57,83;1,17;1,17;1,53;11119;11100;19;12977;12948;29;92
2022;09;TT;TODAS CONSOLIDADAS;01;1 ESTRELLA;ICA;110000;15;237;332;31,36;35,39;1,44;1,44;0;2447;2447;0;3525;3525;0;29
2022;09;TT;TODAS CONSOLIDADAS;01;1 ESTRELLA;JUNÍN;120000;18;417;801;24,3;17,49;1,4;1,4;1,48;2993;2964;29;4203;4160;43;58
2022;09;TT;TODAS CONSOLIDADAS;01;1 ESTRELLA;LAMBAYEQUE;140000;20;318;416;13,72;12,16;1,15;1,15;1,18;1314;1297;17;1517;1497;20;54
2022;09;TT;TODAS CONSOLIDADAS;01;1 ESTRELLA;LIMA;150000;96;2131;3756;37,89;31,9;1,1;1,1;1,19;40183;39740;443;44304;43776;528;447
2022;09;TT;TODAS CONSOLIDADAS;01;1 ESTRELLA;MADRE DE DIOS;170000;6;168;305;32,48;27,87;1,08;1,09;1;2356;2280;76;2550;2474;76;29
2022;09;TT;TODAS CONSOLIDADAS;01;1 ESTRELLA;MOQUEGUA;180000;18;269;450;8,71;6,07;1,49;1,5;1,1;549;539;10;820;809;11;44
2022;09;TT;TODAS CONSOLIDADAS;01;1 ESTRELLA;PASCO;190000;26;523;790;23,51;22,12;1,33;1,33;1;3939;3938;1;5243;5242;1;85
2022;09;TT;TODAS CONSOLIDADAS;01;1 ESTRELLA;PIURA;200000;5;96;158;16,22;18,9;1,52;1,52;0;589;589;0;896;896;0;17
2022;09;TT;TODAS CONSOLIDADAS;01;1 ESTRELLA;PUNO;210000;33;551;949;19,81;15,74;1,07;1,07;1,18;4197;4113;84;4481;4382;99;79
2022;09;TT;TODAS CONSOLIDADAS;01;1 ESTRELLA;SAN MARTÍN;220000;7;146;229;45,41;49,21;1,47;1,45;2;2305;2250;55;3381;3271;110;32
2022;09;TT;TODAS CONSOLIDADAS;01;1 ESTRELLA;TACNA;230000;12;236;427;11,24;9,63;1,12;1,12;1,1;1105;718;387;1233;806;427;34
2022;09;TT;TODAS CONSOLIDADAS;02;2 ESTRELLAS;AMAZONAS;010000;88;1839;2932;23,1;20,48;1,22;1,21;1,85;14728;14342;386;18014;17301;713;296
2022;09;TT;TODAS CONSOLIDADAS;02;2 ESTRELLAS;ÁNCASH;020000;182;3454;6135;32,61;27,45;1,13;1,13;1,33;44588;43521;1067;50530;49108;1422;577
2022;09;TT;TODAS CONSOLIDADAS;02;2 ESTRELLAS;APURÍMAC;030000;9;312;512;20,84;18,27;1,2;1,2;1,11;2336;2327;9;2806;2796;10;36
2022;09;TT;TODAS CONSOLIDADAS;02;2 ESTRELLAS;AREQUIPA;040000;159;3021;5425;31,39;27,97;1,42;1,4;1,57;32022;28900;3122;45515;40603;4912;514
2022;09;TT;TODAS CONSOLIDADAS;02;2 ESTRELLAS;AYACUCHO;050000;15;411;718;18,81;14,75;1,76;1,75;1,8;1809;1725;84;3177;3026;151;54
2022;09;TT;TODAS CONSOLIDADAS;02;2 ESTRELLAS;CALLAO;070000;7;224;421;46,88;48,23;1,01;1,01;1,08;6040;5817;223;6091;5851;240;30
2022;09;05;ALBERGUE;12;ALBERGUE;LIMA;150000;8;129;343;56,28;29,89;1,44;1,57;1,41;2140;371;1769;3076;582;2494;34
2022;09;05;ALBERGUE;12;ALBERGUE;LORETO;160000;56;738;1586;24,44;20,6;2,14;1,56;2,51;4571;1775;2796;9803;2773;7030;220
2022;09;TT;TODAS CONSOLIDADAS;00;NO CATEGORIZADO;CUSCO;080000;1806;17910;32220;29,25;25,48;1,54;1,32;1,75;159886;78223;81663;246281;102983;143298;3501
2022;09;TT;TODAS CONSOLIDADAS;00;NO CATEGORIZADO;HUANCAVELICA;090000;191;2238;3445;19,14;15,29;1,1;1,1;1,24;14407;14378;29;15805;15769;36;273
2022;09;TT;TODAS CONSOLIDADAS;01;1 ESTRELLA;HUANCAVELICA;090000;2;29;45;49,54;32,96;1;1;0;445;445;0;445;445;0;5
2022;09;TT;TODAS CONSOLIDADAS;00;NO CATEGORIZADO;JUNÍN;120000;1280;13743;22121;22,95;18,42;1,2;1,2;1,61;101916;101432;484;122217;121440;777;2398
2022;09;TT;TODAS CONSOLIDADAS;01;1 ESTRELLA;LA LIBERTAD;130000;36;555;971;30,28;21;1,72;1,72;1,67;3565;3553;12;6117;6097;20;94
2022;09;TT;TODAS CONSOLIDADAS;01;1 ESTRELLA;LORETO;160000;5;75;102;17,6;19,77;2,03;2,13;1,76;298;220;78;605;468;137;12
2022;09;TT;TODAS CONSOLIDADAS;02;2 ESTRELLAS;CAJAMARCA;060000;156;3261;5072;19,09;15,3;1,26;1,26;1,07;18509;18255;254;23285;23013;272;529
2022;09;TT;TODAS CONSOLIDADAS;02;2 ESTRELLAS;CUSCO;080000;97;2023;3783;31,38;27,26;1,53;1,42;1,63;20254;9860;10394;30935;14028;16907;528
2022;09;TT;TODAS CONSOLIDADAS;02;2 ESTRELLAS;HUANCAVELICA;090000;3;85;156;34,27;24,04;1,42;1,42;0;792;792;0;1125;1125;0;13
2022;09;TT;TODAS CONSOLIDADAS;02;2 ESTRELLAS;HUÁNUCO;100000;63;1545;2437;32,44;27,6;1,12;1,12;1,09;18014;17956;58;20179;20116;63;265
2022;09;TT;TODAS CONSOLIDADAS;02;2 ESTRELLAS;ICA;110000;114;2303;3949;28,05;21,51;1,4;1,42;1,03;18144;17573;571;25486;24900;586;377
2022;09;TT;TODAS CONSOLIDADAS;02;2 ESTRELLAS;JUNÍN;120000;52;1247;2299;25,55;20,58;1,28;1,28;1,58;11065;10899;166;14191;13928;263;209
2022;09;TT;TODAS CONSOLIDADAS;02;2 ESTRELLAS;LA LIBERTAD;130000;160;2851;5111;23,43;21,8;1,21;1,19;1,65;27695;26839;856;33425;32016;1409;499
2022;09;TT;TODAS CONSOLIDADAS;02;2 ESTRELLAS;LAMBAYEQUE;140000;231;4406;6427;21,53;16,32;1,11;1,11;1,3;28310;27990;320;31469;31053;416;757
2022;09;TT;TODAS CONSOLIDADAS;02;2 ESTRELLAS;LIMA;150000;265;8573;15326;39,2;35,63;1,28;1,25;1,8;168796;158936;9860;215591;197882;17708;1797
2022;09;TT;TODAS CONSOLIDADAS;02;2 ESTRELLAS;LORETO;160000;19;410;661;22,31;16,85;1,67;1,66;1,77;1998;1823;175;3341;3031;310;77
2022;09;TT;TODAS CONSOLIDADAS;02;2 ESTRELLAS;MOQUEGUA;180000;80;1333;2210;23,07;17,34;1,56;1,57;1,12;7369;7284;85;11495;11400;95;246
2022;09;TT;TODAS CONSOLIDADAS;02;2 ESTRELLAS;PUNO;210000;67;1197;2176;19,44;16,07;1,41;1,42;1,34;7454;6144;1310;10490;8734;1756;207
2022;09;TT;TODAS CONSOLIDADAS;02;2 ESTRELLAS;SAN MARTÍN;220000;51;1145;1911;32,79;28,08;1,73;1,73;2,17;9280;9136;144;16099;15786;313;233
2022;09;TT;TODAS CONSOLIDADAS;02;2 ESTRELLAS;TACNA;230000;57;1349;2711;24;16,8;1,61;1,58;1,64;8493;5009;3484;13664;7936;5728;252
2022;09;TT;TODAS CONSOLIDADAS;02;2 ESTRELLAS;TUMBES;240000;13;324;668;55,25;29,49;15,68;15,87;1,6;377;372;5;5910;5902;8;71
2022;09;TT;TODAS CONSOLIDADAS;02;2 ESTRELLAS;UCAYALI;250000;4;129;229;16,82;10,54;1,77;1,76;2,25;408;396;12;724;697;27;27
2022;09;TT;TODAS CONSOLIDADAS;03;3 ESTRELLAS;AMAZONAS;010000;29;604;1102;30,33;23,2;1,58;1,56;1,81;4868;4655;213;7669;7283;386;126
2022;09;TT;TODAS CONSOLIDADAS;03;3 ESTRELLAS;ÁNCASH;020000;64;1692;3108;24,69;18,56;1,78;1,74;2,13;9734;8775;959;17303;15260;2043;379
2022;09;TT;TODAS CONSOLIDADAS;03;3 ESTRELLAS;APURÍMAC;030000;6;177;312;64,52;42,06;1,55;1,59;1,28;2537;2239;298;3937;3555;382;41
2022;09;TT;TODAS CONSOLIDADAS;03;3 ESTRELLAS;AREQUIPA;040000;107;2621;4877;39,69;34,76;1,96;2,12;1,77;25880;14204;11676;50852;30169;20683;699
2022;09;TT;TODAS CONSOLIDADAS;03;3 ESTRELLAS;AYACUCHO;050000;11;360;679;31,61;23,57;2,72;2,75;2,41;1767;1584;183;4801;4360;441;112
2022;09;TT;TODAS CONSOLIDADAS;03;3 ESTRELLAS;CAJAMARCA;060000;120;2886;4704;22,46;18,96;1,57;1,57;1,59;17047;16758;289;26762;26303;459;593
2022;09;TT;TODAS CONSOLIDADAS;03;3 ESTRELLAS;CALLAO;070000;4;233;392;36,71;35,56;1,6;1,72;1,39;2608;1689;919;4182;2907;1275;54
2022;09;TT;TODAS CONSOLIDADAS;03;3 ESTRELLAS;CUSCO;080000;112;3606;7141;42,86;38,66;1,81;1,9;1,79;45672;8490;37182;82818;16137;66681;1087
2022;09;TT;TODAS CONSOLIDADAS;03;3 ESTRELLAS;HUANCAVELICA;090000;2;65;108;18,67;13,15;1,39;1,39;1,35;307;290;17;426;403;23;20
2022;09;TT;TODAS CONSOLIDADAS;03;3 ESTRELLAS;HUÁNUCO;100000;15;539;997;30,17;23,1;1,68;1,69;1,22;4116;4031;85;6909;6805;104;107
2022;09;TT;TODAS CONSOLIDADAS;03;3 ESTRELLAS;ICA;110000;84;2454;4920;36,62;29,11;1,48;1,52;1,41;29010;19044;9966;42969;28960;14009;565
2022;09;TT;TODAS CONSOLIDADAS;03;3 ESTRELLAS;JUNÍN;120000;21;760;1415;24,67;19,23;1,67;1,67;1,51;4897;4818;79;8163;8044;119;186
2022;09;TT;TODAS CONSOLIDADAS;03;3 ESTRELLAS;LA LIBERTAD;130000;141;3509;6640;32,79;27,4;1,46;1,42;2,18;37482;35917;1565;54584;51177;3407;770
2022;09;TT;TODAS CONSOLIDADAS;03;3 ESTRELLAS;LIMA;150000;190;8815;16778;43,67;36,01;1,67;1,46;2,03;108577;68775;39802;181245;100331;80914;2021
2022;09;TT;TODAS CONSOLIDADAS;03;3 ESTRELLAS;LORETO;160000;30;825;1444;33,36;26,99;2,05;2,07;1,97;5698;4601;1097;11693;9528;2165;225
2022;09;TT;TODAS CONSOLIDADAS;03;3 ESTRELLAS;MADRE DE DIOS;170000;6;208;370;43,4;35,83;1,64;1,76;1,38;2424;1668;756;3977;2934;1043;79
2022;09;TT;TODAS CONSOLIDADAS;03;3 ESTRELLAS;MOQUEGUA;180000;12;315;572;17,4;13,48;2,12;2,1;2,76;1090;1057;33;2313;2222;91;57
2022;09;TT;TODAS CONSOLIDADAS;03;3 ESTRELLAS;PASCO;190000;6;133;252;28,92;33,19;1,3;1,3;1,83;1929;1917;12;2509;2487;22;24
2022;09;TT;TODAS CONSOLIDADAS;03;3 ESTRELLAS;PIURA;200000;18;646;1192;35,25;25,19;1,83;1,76;2,19;4922;4164;758;9007;7347;1660;197
2022;09;TT;TODAS CONSOLIDADAS;03;3 ESTRELLAS;PUNO;210000;35;1063;2016;38,33;33,39;1,58;1,76;1,5;12750;4080;8670;20192;7194;12998;225
2022;09;TT;TODAS CONSOLIDADAS;03;3 ESTRELLAS;SAN MARTÍN;220000;29;909;1686;27,96;24,74;1,91;1,9;2,18;6546;6281;265;12513;11936;577;251
2022;09;TT;TODAS CONSOLIDADAS;03;3 ESTRELLAS;TACNA;230000;21;661;1386;22,82;21,52;2,1;2,03;2,16;4260;1947;2313;8949;3948;5001;150
2022;09;TT;TODAS CONSOLIDADAS;03;3 ESTRELLAS;TUMBES;240000;17;423;910;23,82;21,81;2,62;2,61;2,7;2270;2013;257;5954;5261;693;128
2022;09;TT;TODAS CONSOLIDADAS;03;3 ESTRELLAS;UCAYALI;250000;17;582;958;29,56;24,27;1,99;1,97;2,35;3502;3312;190;6976;6530;446;134
2022;09;TT;TODAS CONSOLIDADAS;04;4 ESTRELLAS;AREQUIPA;040000;11;473;948;46,6;38,16;1,99;2,28;1,77;5467;2296;3171;10852;5228;5624;190
2022;09;TT;TODAS CONSOLIDADAS;04;4 ESTRELLAS;CAJAMARCA;060000;4;214;355;53,3;47,5;1,95;1,86;2,73;2599;2327;272;5059;4317;742;115
2022;09;TT;TODAS CONSOLIDADAS;04;4 ESTRELLAS;CALLAO;070000;2;371;599;100,9;83,61;1,28;1,26;1,29;11693;1823;9870;15025;2291;12734;133
2022;09;TT;TODAS CONSOLIDADAS;04;4 ESTRELLAS;CUSCO;080000;16;1150;2239;71,49;67,55;2,06;1,9;2,08;22020;2667;19353;45375;5072;40303;599
2022;09;TT;TODAS CONSOLIDADAS;04;4 ESTRELLAS;HUÁNUCO;100000;1;61;104;53,28;40,67;1,84;1,86;1,69;691;606;85;1269;1125;144;26
2022;09;TT;TODAS CONSOLIDADAS;04;4 ESTRELLAS;ICA;110000;7;744;1550;22,55;23,02;1,64;1,82;1,33;6507;4219;2288;10702;7665;3037;370
2022;09;TT;TODAS CONSOLIDADAS;04;4 ESTRELLAS;JUNÍN;120000;1;40;66;20,33;15,15;1,58;1,58;0;190;190;0;300;300;0;19
2022;09;TT;TODAS CONSOLIDADAS;04;4 ESTRELLAS;LA LIBERTAD;130000;3;206;326;66,67;58,39;2,15;2,13;2,22;2658;2161;497;5711;4608;1103;78
2022;09;TT;TODAS CONSOLIDADAS;04;4 ESTRELLAS;LAMBAYEQUE;140000;5;349;643;62,96;50,08;1,61;1,57;1,87;5999;5272;727;9661;8300;1361;271
2022;09;TT;TODAS CONSOLIDADAS;04;4 ESTRELLAS;LIMA;150000;52;5156;9210;42,58;39,02;2,03;1,58;2,43;53031;24896;28135;107802;39320;68482;2068
2022;09;TT;TODAS CONSOLIDADAS;04;4 ESTRELLAS;LORETO;160000;3;102;171;41,11;36,76;1,37;1,37;1,35;1379;1001;378;1886;1376;510;35
2022;09;TT;TODAS CONSOLIDADAS;04;4 ESTRELLAS;MOQUEGUA;180000;2;123;232;36,53;23,51;2,4;2,46;2,1;681;567;114;1636;1397;239;48
2022;09;TT;TODAS CONSOLIDADAS;04;4 ESTRELLAS;PIURA;200000;3;299;556;52,37;41,45;2,19;2,15;2,36;3159;2606;553;6914;5607;1307;57
2022;09;TT;TODAS CONSOLIDADAS;04;4 ESTRELLAS;PUNO;210000;7;447;842;42,34;38,95;1,63;1,91;1,57;6051;917;5134;9838;1753;8085;141
2022;09;TT;TODAS CONSOLIDADAS;04;4 ESTRELLAS;SAN MARTÍN;220000;1;24;57;66,11;46,78;2,17;2,16;2,25;368;301;67;800;649;151;17
2022;09;TT;TODAS CONSOLIDADAS;04;4 ESTRELLAS;TACNA;230000;1;150;300;33,16;27,26;1,84;1,76;1,91;1330;583;747;2453;1027;1426;32
2022;09;TT;TODAS CONSOLIDADAS;04;4 ESTRELLAS;TUMBES;240000;6;667;1623;55,42;48,97;2,4;2,44;2,27;9934;7614;2320;23845;18581;5264;608
2022;09;TT;TODAS CONSOLIDADAS;04;4 ESTRELLAS;UCAYALI;250000;5;288;513;40,36;31,92;2,22;2,19;2,4;2216;1892;324;4913;4135;778;109
2022;09;TT;TODAS CONSOLIDADAS;05;5 ESTRELLAS;AREQUIPA;040000;3;241;352;70,04;69,16;1,5;1,47;1,53;4876;2617;2259;7303;3851;3452;167
2022;09;TT;TODAS CONSOLIDADAS;05;5 ESTRELLAS;CUSCO;080000;15;1288;2530;55,46;52,23;1,77;2,11;1,73;22378;2530;19848;39644;5326;34318;1187
2022;09;TT;TODAS CONSOLIDADAS;05;5 ESTRELLAS;LA LIBERTAD;130000;2;267;450;39,09;34,82;1,89;1,86;1,97;2490;1910;580;4701;3560;1141;173
2022;09;TT;TODAS CONSOLIDADAS;05;5 ESTRELLAS;LIMA;150000;30;4602;8161;48,24;37,14;2,4;1,78;2,66;37926;11314;26612;90918;20183;70735;2797
2022;09;TT;TODAS CONSOLIDADAS;05;5 ESTRELLAS;LORETO;160000;1;60;91;73,33;69,49;1,91;1,95;1,88;991;463;528;1897;905;992;54
2022;09;TT;TODAS CONSOLIDADAS;05;5 ESTRELLAS;PIURA;200000;1;83;168;73,21;49,11;2,08;1,89;2,49;1192;819;373;2475;1546;929;59
2022;09;TT;TODAS CONSOLIDADAS;05;5 ESTRELLAS;PUNO;210000;1;123;231;60;57,24;1,09;1,08;1,09;3650;1044;2606;3967;1127;2840;51
2022;09;TT;TODAS CONSOLIDADAS;05;5 ESTRELLAS;SAN MARTÍN;220000;1;50;108;34,6;41,14;1,59;1,56;2,23;839;809;30;1333;1266;67;63
2022;09;TT;TODAS CONSOLIDADAS;05;5 ESTRELLAS;UCAYALI;250000;2;162;300;41,83;31,22;2,31;2,3;2,41;1215;1108;107;2810;2552;258;70
2022;09;TT;TODAS CONSOLIDADAS;12;ALBERGUE;AMAZONAS;010000;1;6;11;0;0;0;0;0;0;0;0;0;0;0;0
2022;09;TT;TODAS CONSOLIDADAS;12;ALBERGUE;ÁNCASH;020000;8;76;172;2,59;2,34;3,03;3,03;0;40;40;0;121;121;0;16
2022;09;TT;TODAS CONSOLIDADAS;12;ALBERGUE;AREQUIPA;040000;6;106;255;47,83;37,49;1,47;1,31;1,52;1951;467;1484;2868;612;2256;107
2022;09;TT;TODAS CONSOLIDADAS;12;ALBERGUE;CAJAMARCA;060000;1;11;22;0;0;0;0;0;0;0;0;0;0;0;0
2022;09;TT;TODAS CONSOLIDADAS;12;ALBERGUE;CUSCO;080000;15;234;724;50,98;44,67;1,55;1,44;1,55;6278;112;6166;9703;161;9542;132
2022;09;TT;TODAS CONSOLIDADAS;12;ALBERGUE;ICA;110000;1;10;30;14,33;10,44;2,54;2,24;5;37;33;4;94;74;20;4
2022;09;TT;TODAS CONSOLIDADAS;12;ALBERGUE;JUNÍN;120000;1;32;104;26,46;18,59;2,03;2,06;1,47;286;271;15;580;558;22;19
2022;09;TT;TODAS CONSOLIDADAS;12;ALBERGUE;LIMA;150000;8;129;343;56,28;29,89;1,44;1,57;1,41;2140;371;1769;3076;582;2494;34
2022;09;TT;TODAS CONSOLIDADAS;12;ALBERGUE;LORETO;160000;56;738;1586;24,44;20,6;2,14;1,56;2,51;4571;1775;2796;9803;2773;7030;220
2022;09;TT;TODAS CONSOLIDADAS;12;ALBERGUE;MADRE DE DIOS;170000;10;275;560;40,08;37,07;2,63;3,06;2,61;2372;105;2267;6227;321;5906;206
2022;09;TT;TODAS CONSOLIDADAS;12;ALBERGUE;PASCO;190000;17;253;710;13,54;10,82;1,41;1,39;2,57;1631;1603;28;2305;2233;72;53
2022;09;TT;TODAS CONSOLIDADAS;12;ALBERGUE;PUNO;210000;1;13;35;0;0;0;0;0;0;0;0;0;0;0;0
2022;09;TT;TODAS CONSOLIDADAS;12;ALBERGUE;SAN MARTÍN;220000;9;141;325;19,91;17,84;2,31;2,26;2,5;752;598;154;1739;1354;385;55
2022;09;TT;TODAS CONSOLIDADAS;12;ALBERGUE;UCAYALI;250000;3;34;86;15,59;14,34;1,71;1,7;1,76;217;192;25;370;326;44;22
2022;09;TT;TODAS CONSOLIDADAS;13;ECOLODGE;AREQUIPA;040000;1;23;51;30,87;27,45;2,12;1,23;2,28;198;30;168;420;37;383;8
2022;09;TT;TODAS CONSOLIDADAS;13;ECOLODGE;SAN MARTÍN;220000;1;12;24;0;0;0;0;0;0;0;0;0;0;0;0
2022;09;TT;TODAS CONSOLIDADAS;TT;TODAS CONSOLIDADAS;AMAZONAS;010000;403;5225;8544;25,18;19,73;1,19;1,18;1,6;43130;42377;753;52148;50821;1327;926
2022;09;TT;TODAS CONSOLIDADAS;TT;TODAS CONSOLIDADAS;ÁNCASH;020000;908;11845;20750;22,12;18,01;1,2;1,21;1,09;103089;99122;3967;123805;118350;5455;2116
2022;09;TT;TODAS CONSOLIDADAS;TT;TODAS CONSOLIDADAS;APURÍMAC;030000;492;4960;7699;17,64;13,65;1,13;1,13;1,11;29273;28665;608;34136;33409;727;553
2022;09;TT;TODAS CONSOLIDADAS;TT;TODAS CONSOLIDADAS;AREQUIPA;040000;1446;17489;30345;24,28;20,95;1,55;1,53;1,63;138039;100527;37512;220654;158094;62560;3109
2022;09;TT;TODAS CONSOLIDADAS;TT;TODAS CONSOLIDADAS;AYACUCHO;050000;579;6300;10207;17,88;13,87;1,23;1,23;1,27;33746;33184;562;43954;42998;956;787
2022;09;TT;TODAS CONSOLIDADAS;TT;TODAS CONSOLIDADAS;CAJAMARCA;060000;927;13009;20482;17,14;14,66;1,25;1,25;1,17;72764;71575;1189;96222;94336;1886;2410
2022;09;TT;TODAS CONSOLIDADAS;TT;TODAS CONSOLIDADAS;CALLAO;070000;282;4674;8599;33,79;31,66;1,02;1,02;1,05;132318;119969;12349;138683;123046;15636;1211
2022;09;TT;TODAS CONSOLIDADAS;TT;TODAS CONSOLIDADAS;CUSCO;080000;2088;26724;49477;30,65;26,81;1,55;1,36;1,75;280473;105803;174670;459079;147942;311137;7104
2022;09;TT;TODAS CONSOLIDADAS;TT;TODAS CONSOLIDADAS;HUANCAVELICA;090000;198;2417;3754;19,68;15,58;1,1;1,1;1,21;15951;15905;46;17801;17742;59;311
2022;09;TT;TODAS CONSOLIDADAS;TT;TODAS CONSOLIDADAS;LA LIBERTAD;130000;1178;14152;24850;21,32;17,42;1,31;1,25;1,83;112738;104698;8040;154118;138818;15300;2361
2022;09;TT;TODAS CONSOLIDADAS;TT;TODAS CONSOLIDADAS;LAMBAYEQUE;140000;698;10557;15717;21,53;17,35;1,13;1,13;1,25;73834;71833;2001;88605;85522;3083;1937
2022;09;TT;TODAS CONSOLIDADAS;TT;TODAS CONSOLIDADAS;LIMA;150000;6832;81823;144712;23,09;20,37;1,15;1,14;1,19;2496634;2342612;154021;2966399;2672527;293872;43069
2022;09;TT;TODAS CONSOLIDADAS;TT;TODAS CONSOLIDADAS;LORETO;160000;833;8756;14330;21,96;17,69;1,76;1,64;1,97;45217;30879;14338;81420;52258;29162;1352
2022;09;TT;TODAS CONSOLIDADAS;TT;TODAS CONSOLIDADAS;MADRE DE DIOS;170000;349;5343;9068;24,73;20,18;1,28;1,26;1,5;44479;36810;7669;59076;45321;13755;1124
2022;09;TT;TODAS CONSOLIDADAS;TT;TODAS CONSOLIDADAS;MOQUEGUA;180000;301;3856;6551;15,86;12,09;1,43;1,43;1,56;16913;16586;327;25743;25162;581;630
2022;09;TT;TODAS CONSOLIDADAS;TT;TODAS CONSOLIDADAS;PASCO;190000;386;4905;8197;18,74;16,75;1,29;1,29;1,75;33659;33554;105;45290;45049;241;857
2022;09;TT;TODAS CONSOLIDADAS;02;2 ESTRELLAS;MADRE DE DIOS;170000;13;389;671;42,26;29,25;1,3;1,3;1,35;4521;4281;240;5889;5564;325;68
2022;09;TT;TODAS CONSOLIDADAS;02;2 ESTRELLAS;PASCO;190000;21;450;844;35,13;41,97;1,59;1,58;12;6699;6692;7;10626;10542;84;72
2022;09;TT;TODAS CONSOLIDADAS;02;2 ESTRELLAS;PIURA;200000;47;1014;1668;28,96;25,35;1,61;1,61;1,42;7899;7559;340;12683;12201;482;208
2022;09;TT;TODAS CONSOLIDADAS;03;3 ESTRELLAS;LAMBAYEQUE;140000;61;1538;2555;26,77;22,04;1,5;1,49;1,65;11275;10869;406;16897;16226;671;330
2022;09;TT;TODAS CONSOLIDADAS;05;5 ESTRELLAS;ICA;110000;4;461;1130;23,85;19,07;1,86;1,87;1,84;3476;2531;945;6466;4725;1741;375
2022;09;TT;TODAS CONSOLIDADAS;TT;TODAS CONSOLIDADAS;HUÁNUCO;100000;574;7867;12009;20,41;17,83;1,16;1,16;1,18;62567;62314;253;74186;73839;347;1165
2022;09;TT;TODAS CONSOLIDADAS;TT;TODAS CONSOLIDADAS;ICA;110000;961;14370;25836;28,31;23,11;1,38;1,42;1,2;128822;98664;30158;183055;143611;39444;3187
2022;09;TT;TODAS CONSOLIDADAS;TT;TODAS CONSOLIDADAS;JUNÍN;120000;1373;16239;26806;23,09;18,5;1,21;1,21;1,6;121347;120574;773;149654;148430;1224;2889
2022;09;TT;TODAS CONSOLIDADAS;TT;TODAS CONSOLIDADAS;PIURA;200000;1084;12518;22697;33,58;25,67;1,71;1,66;2,31;102833;93872;8961;177898;157094;20804;2557
2022;09;TT;TODAS CONSOLIDADAS;TT;TODAS CONSOLIDADAS;PUNO;210000;844;10011;17538;21,89;19,06;1,18;1,19;1,18;89351;68469;20882;111829;82524;29305;1901
2022;09;TT;TODAS CONSOLIDADAS;TT;TODAS CONSOLIDADAS;SAN MARTÍN;220000;853;10971;17613;28,52;23,34;1,33;1,32;1,47;91820;90249;1571;126529;123746;2783;1774
2022;09;TT;TODAS CONSOLIDADAS;TT;TODAS CONSOLIDADAS;TACNA;230000;496;6244;11786;11,92;9,66;1,35;1,32;1,45;28281;19117;9164;43009;27307;15702;942
2022;09;TT;TODAS CONSOLIDADAS;TT;TODAS CONSOLIDADAS;TUMBES;240000;253;3650;7540;16,41;12,38;2,73;2,71;2,6;18922;16031;2891;48218;41431;6787;1182
2022;09;TT;TODAS CONSOLIDADAS;TT;TODAS CONSOLIDADAS;UCAYALI;250000;492;6163;9770;27,56;26,44;2,44;2,45;1,83;32482;31378;1104;77236;74883;2353;1251
2022;10;00;NO CLASIFICADO;00;NO CATEGORIZADO;CALLAO;070000;256;3582;6669;34,4;31,91;1,01;1,01;1,12;115194;114511;683;116303;115541;762;926
2022;10;00;NO CLASIFICADO;00;NO CATEGORIZADO;CUSCO;080000;1810;17991;32504;27,14;25,15;1,62;1,37;1,85;156094;73819;82275;253430;100990;152440;3515
2022;10;00;NO CLASIFICADO;00;NO CATEGORIZADO;PASCO;190000;316;3505;5532;21,89;19,34;1,36;1,36;1;24459;24415;44;33158;33114;44;631
2022;10;00;NO CLASIFICADO;00;NO CATEGORIZADO;TUMBES;240000;217;2236;4339;13,91;11,28;1,95;1,92;2,53;7760;7355;405;15166;14140;1026;376
2022;10;00;NO CLASIFICADO;TT;TODAS CONSOLIDADAS;CUSCO;080000;1810;17991;32504;27,14;25,15;1,62;1,37;1,85;156094;73819;82275;253430;100990;152440;3515
2022;10;00;NO CLASIFICADO;TT;TODAS CONSOLIDADAS;JUNÍN;120000;1282;13774;22179;26,55;23,89;1,14;1,14;1,61;143884;143494;390;164261;163633;628;2411
2022;10;00;NO CLASIFICADO;TT;TODAS CONSOLIDADAS;PASCO;190000;316;3505;5532;21,89;19,34;1,36;1,36;1;24459;24415;44;33158;33114;44;631
2022;10;00;NO CLASIFICADO;TT;TODAS CONSOLIDADAS;SAN MARTÍN;220000;751;8533;13225;31,51;26,95;1,35;1,35;1,61;81666;80262;1404;110480;108221;2259;1126
2022;10;00;NO CLASIFICADO;TT;TODAS CONSOLIDADAS;TUMBES;240000;217;2236;4339;13,91;11,28;1,95;1,92;2,53;7760;7355;405;15166;14140;1026;376
2022;10;01;HOTEL;01;1 ESTRELLA;CALLAO;070000;1;34;68;21,06;21,06;1;1;0;444;444;0;444;444;0;2
2022;10;01;HOTEL;01;1 ESTRELLA;CUSCO;080000;4;115;187;18,74;15,78;1,03;1,03;0;890;890;0;915;915;0;15
2022;10;01;HOTEL;01;1 ESTRELLA;PASCO;190000;6;168;270;17,99;14,05;1,15;1,15;0;1024;1024;0;1176;1176;0;31
2022;10;01;HOTEL;01;1 ESTRELLA;SAN MARTÍN;220000;6;126;195;43,39;49,59;1,18;1,18;1,36;2533;2522;11;2998;2983;15;24
2022;10;01;HOTEL;02;2 ESTRELLAS;CAJAMARCA;060000;43;1191;1805;16,98;12,63;1,25;1,25;1,17;5668;5586;82;7069;6973;96;198
2022;10;00;NO CLASIFICADO;00;NO CATEGORIZADO;AMAZONAS;010000;266;2557;4144;23,01;17,2;1,17;1,16;1,46;18919;18572;347;22095;21588;507;434
2022;10;01;HOTEL;01;1 ESTRELLA;AMAZONAS;010000;1;20;35;0;0;0;0;0;0;0;0;0;0;0;0
2022;10;01;HOTEL;02;2 ESTRELLAS;AMAZONAS;010000;32;856;1384;23,64;21,02;1,39;1,39;1,57;6472;6444;28;9019;8975;44;142
2022;10;00;NO CLASIFICADO;00;NO CATEGORIZADO;ÁNCASH;020000;600;5632;9741;22,88;18,29;1,17;1,18;1;47163;44421;2742;55230;52481;2749;977
2022;10;00;NO CLASIFICADO;TT;TODAS CONSOLIDADAS;ÁNCASH;020000;600;5632;9741;22,88;18,29;1,17;1,18;1;47163;44421;2742;55230;52481;2749;977
2022;10;01;HOTEL;01;1 ESTRELLA;ÁNCASH;020000;15;453;704;24,11;22,41;1,16;1,16;0;4224;4224;0;4891;4891;0;64
2022;10;01;HOTEL;02;2 ESTRELLAS;ÁNCASH;020000;50;1319;2443;26,04;17,79;1,24;1,24;1,2;10855;10510;345;13470;13055;415;213
2022;10;00;NO CLASIFICADO;00;NO CATEGORIZADO;APURÍMAC;030000;474;4388;6745;16,29;12,89;1,13;1,13;1,05;23875;23579;296;26947;26635;312;463
2022;10;00;NO CLASIFICADO;TT;TODAS CONSOLIDADAS;APURÍMAC;030000;474;4388;6745;16,29;12,89;1,13;1,13;1,05;23875;23579;296;26947;26635;312;463
2022;10;00;NO CLASIFICADO;00;NO CATEGORIZADO;AREQUIPA;040000;1100;9956;16818;23,4;19,75;1,47;1,42;1,59;70200;52279;17921;102961;74439;28522;1896
2022;10;01;HOTEL;01;1 ESTRELLA;AREQUIPA;040000;6;210;367;56,73;33,1;1,72;1,67;2,22;2188;1987;201;3766;3319;447;34
2022;10;01;HOTEL;02;2 ESTRELLAS;AREQUIPA;040000;40;1156;2078;23,08;19,09;1,39;1,37;1,75;8818;8335;483;12300;11453;847;185
2022;10;00;NO CLASIFICADO;00;NO CATEGORIZADO;AYACUCHO;050000;539;5220;8272;18,04;14,99;1,17;1,17;1,25;32793;32522;271;38444;38106;338;629
2022;10;00;NO CLASIFICADO;TT;TODAS CONSOLIDADAS;AYACUCHO;050000;539;5220;8272;18,04;14,99;1,17;1,17;1,25;32793;32522;271;38444;38106;338;629
2022;10;01;HOTEL;01;1 ESTRELLA;AYACUCHO;050000;7;177;307;12,79;13,87;2,08;2,07;2,5;636;634;2;1320;1315;5;26
2022;10;01;HOTEL;02;2 ESTRELLAS;AYACUCHO;050000;10;354;621;20,42;16,74;1,41;1,41;1,35;2292;2230;62;3222;3138;84;50
2022;10;00;NO CLASIFICADO;00;NO CATEGORIZADO;CAJAMARCA;060000;620;6107;9516;19,53;15,69;1,22;1,22;1,32;37819;37591;228;46299;45999;300;1072
2022;10;00;NO CLASIFICADO;TT;TODAS CONSOLIDADAS;CAJAMARCA;060000;620;6107;9516;19,53;15,69;1,22;1,22;1,32;37819;37591;228;46299;45999;300;1072
2022;10;01;HOTEL;01;1 ESTRELLA;CAJAMARCA;060000;6;170;278;13,28;10,07;1,04;1,04;0;837;837;0;868;868;0;27
2022;10;00;NO CLASIFICADO;00;NO CATEGORIZADO;HUANCAVELICA;090000;191;2236;3441;22,21;18,11;1,09;1,09;1,25;17754;17718;36;19320;19275;45;277
2022;10;00;NO CLASIFICADO;TT;TODAS CONSOLIDADAS;HUANCAVELICA;090000;191;2236;3441;22,21;18,11;1,09;1,09;1,25;17754;17718;36;19320;19275;45;277
2022;10;00;NO CLASIFICADO;00;NO CATEGORIZADO;HUÁNUCO;100000;470;5224;7732;19,45;16,37;1,15;1,15;1,02;34185;33880;305;39242;38932;310;662
2022;10;01;HOTEL;01;1 ESTRELLA;HUÁNUCO;100000;9;272;405;54,32;52,71;1;1;0;6618;6618;0;6618;6618;0;45
2022;10;00;NO CLASIFICADO;00;NO CATEGORIZADO;ICA;110000;736;8133;13900;24,56;20,45;1,32;1,31;1,34;66876;54153;12723;88131;71143;16988;1443
2022;10;00;NO CLASIFICADO;TT;TODAS CONSOLIDADAS;ICA;110000;736;8133;13900;24,56;20,45;1,32;1,31;1,34;66876;54153;12723;88131;71143;16988;1443
2022;10;01;HOTEL;01;1 ESTRELLA;ICA;110000;4;82;108;0;0;0;0;0;0;0;0;0;0;0;0
2022;10;00;NO CLASIFICADO;00;NO CATEGORIZADO;JUNÍN;120000;1282;13774;22179;26,55;23,89;1,14;1,14;1,61;143884;143494;390;164261;163633;628;2411
2022;10;01;HOTEL;01;1 ESTRELLA;JUNÍN;120000;6;246;511;23,76;16,75;1,69;1,69;0;1574;1574;0;2654;2654;0;28
2022;10;00;NO CLASIFICADO;00;NO CATEGORIZADO;LA LIBERTAD;130000;836;6762;11329;13,38;10,67;1,08;1,07;1,29;34866;33513;1353;37483;35744;1739;526
2022;10;01;HOTEL;01;1 ESTRELLA;LA LIBERTAD;130000;5;116;201;29,51;20,37;1;1;1;1269;1241;28;1269;1241;28;19
2022;10;00;NO CLASIFICADO;00;NO CATEGORIZADO;LAMBAYEQUE;140000;381;3938;5668;19,5;16,38;1,03;1,03;1,04;28041;27586;455;28778;28303;475;523
2022;10;01;HOTEL;01;1 ESTRELLA;LAMBAYEQUE;140000;3;101;145;3,07;2,49;1;1;0;112;112;0;112;112;0;17
2022;10;00;NO CLASIFICADO;00;NO CATEGORIZADO;LIMA;150000;6191;52417;91138;24,76;21,84;1,14;1,14;1,25;2441576;2397900;43676;2788900;2734245;54655;34292
2022;10;01;HOTEL;01;1 ESTRELLA;LIMA;150000;10;375;641;43,56;41,99;1,04;1,04;1;7543;7503;40;7853;7813;40;53
2022;10;00;NO CLASIFICADO;00;NO CATEGORIZADO;LORETO;160000;720;6570;10323;22,2;18,64;1,89;1,74;2,18;31515;20830;10685;59639;36324;23315;730
2022;10;00;NO CLASIFICADO;00;NO CATEGORIZADO;MADRE DE DIOS;170000;312;4235;7065;23,32;18,97;1,23;1,18;1,57;33645;28701;4944;41537;33794;7743;755
2022;10;00;NO CLASIFICADO;TT;TODAS CONSOLIDADAS;MADRE DE DIOS;170000;312;4235;7065;23,32;18,97;1,23;1,18;1,57;33645;28701;4944;41537;33794;7743;755
2022;10;00;NO CLASIFICADO;00;NO CATEGORIZADO;MOQUEGUA;180000;188;1793;3062;15,44;10,98;1,33;1,33;1,16;7832;7739;93;10427;10319;108;226
2022;10;00;NO CLASIFICADO;TT;TODAS CONSOLIDADAS;MOQUEGUA;180000;188;1793;3062;15,44;10,98;1,33;1,33;1,16;7832;7739;93;10427;10319;108;226
2022;10;01;HOTEL;01;1 ESTRELLA;MOQUEGUA;180000;1;21;42;5,68;2,84;1,42;1,42;0;26;26;0;37;37;0;4
2022;10;00;NO CLASIFICADO;00;NO CATEGORIZADO;PIURA;200000;1010;10344;18883;35,88;28,85;1,68;1,63;2,03;100646;89154;11492;168902;145520;23382;2019
2022;10;00;NO CLASIFICADO;TT;TODAS CONSOLIDADAS;PIURA;200000;1010;10344;18883;35,88;28,85;1,68;1,63;2,03;100646;89154;11492;168902;145520;23382;2019
2022;10;01;HOTEL;01;1 ESTRELLA;PIURA;200000;2;40;77;0;0;0;0;0;0;0;0;0;0;0;0
2022;10;00;NO CLASIFICADO;00;NO CATEGORIZADO;PUNO;210000;699;6624;11278;20,11;16,7;1,16;1,16;1,08;50422;48418;2004;58391;56229;2162;1155
2022;10;00;NO CLASIFICADO;TT;TODAS CONSOLIDADAS;PUNO;210000;699;6624;11278;20,11;16,7;1,16;1,16;1,08;50422;48418;2004;58391;56229;2162;1155
2022;10;01;HOTEL;01;1 ESTRELLA;PUNO;210000;5;131;229;21,52;20,28;1,11;1,11;1;1295;1291;4;1440;1436;4;18
2022;10;00;NO CLASIFICADO;00;NO CATEGORIZADO;SAN MARTÍN;220000;751;8533;13225;31,51;26,95;1,35;1,35;1,61;81666;80262;1404;110480;108221;2259;1126
2022;10;00;NO CLASIFICADO;00;NO CATEGORIZADO;TACNA;230000;405;3854;6956;11,61;9,74;1,51;1,33;1,96;13939;10016;3923;20993;13294;7699;477
2022;10;00;NO CLASIFICADO;TT;TODAS CONSOLIDADAS;TACNA;230000;405;3854;6956;11,61;9,74;1,51;1,33;1,96;13939;10016;3923;20993;13294;7699;477
2022;10;01;HOTEL;01;1 ESTRELLA;TACNA;230000;2;57;112;7,7;4,38;2,05;2,05;0;74;74;0;152;152;0;5
2022;10;00;NO CLASIFICADO;00;NO CATEGORIZADO;UCAYALI;250000;461;4968;7684;25,7;23,47;2,07;2,08;1,83;26962;26466;496;55914;55007;907;889
2022;10;00;NO CLASIFICADO;TT;TODAS CONSOLIDADAS;UCAYALI;250000;461;4968;7684;25,7;23,47;2,07;2,08;1,83;26962;26466;496;55914;55007;907;889
2022;10;00;NO CLASIFICADO;TT;TODAS CONSOLIDADAS;AMAZONAS;010000;266;2557;4144;23,01;17,2;1,17;1,16;1,46;18919;18572;347;22095;21588;507;434
2022;10;00;NO CLASIFICADO;TT;TODAS CONSOLIDADAS;AREQUIPA;040000;1100;9956;16818;23,4;19,75;1,47;1,42;1,59;70200;52279;17921;102961;74439;28522;1896
2022;10;00;NO CLASIFICADO;TT;TODAS CONSOLIDADAS;CALLAO;070000;256;3582;6669;34,4;31,91;1,01;1,01;1,12;115194;114511;683;116303;115541;762;926
2022;10;00;NO CLASIFICADO;TT;TODAS CONSOLIDADAS;HUÁNUCO;100000;470;5224;7732;19,45;16,37;1,15;1,15;1,02;34185;33880;305;39242;38932;310;662
2022;10;00;NO CLASIFICADO;TT;TODAS CONSOLIDADAS;LA LIBERTAD;130000;836;6762;11329;13,38;10,67;1,08;1,07;1,29;34866;33513;1353;37483;35744;1739;526
2022;10;00;NO CLASIFICADO;TT;TODAS CONSOLIDADAS;LAMBAYEQUE;140000;381;3938;5668;19,5;16,38;1,03;1,03;1,04;28041;27586;455;28778;28303;475;523
2022;10;00;NO CLASIFICADO;TT;TODAS CONSOLIDADAS;LIMA;150000;6191;52417;91138;24,76;21,84;1,14;1,14;1,25;2441576;2397900;43676;2788900;2734245;54655;34292
2022;10;00;NO CLASIFICADO;TT;TODAS CONSOLIDADAS;LORETO;160000;720;6570;10323;22,2;18,64;1,89;1,74;2,18;31515;20830;10685;59639;36324;23315;730
2022;10;01;HOTEL;01;1 ESTRELLA;APURÍMAC;030000;2;79;112;28,01;25,92;1;1;0;900;900;0;900;900;0;12
2022;10;01;HOTEL;02;2 ESTRELLAS;APURÍMAC;030000;4;194;330;21,72;16,76;1,1;1,1;1,29;1564;1557;7;1715;1706;9;16
2022;10;01;HOTEL;01;1 ESTRELLA;MADRE DE DIOS;170000;5;132;235;36,41;31,24;1;1;1;2276;2193;83;2276;2193;83;22
2022;10;01;HOTEL;02;2 ESTRELLAS;CALLAO;070000;1;40;67;16,85;17;1,1;1,2;1,03;321;132;189;353;158;195;3
2022;10;01;HOTEL;02;2 ESTRELLAS;CUSCO;080000;45;1163;2203;27,83;24,83;1,54;1,36;1,65;11014;4071;6943;16956;5526;11430;371
2022;10;01;HOTEL;02;2 ESTRELLAS;HUANCAVELICA;090000;2;46;85;36,33;25,73;2,49;2,51;1,33;272;269;3;678;674;4;9
2022;10;01;HOTEL;02;2 ESTRELLAS;HUÁNUCO;100000;40;1241;1933;44,69;39,78;1,18;1,18;1,17;20155;20096;59;23839;23770;69;202
2022;10;01;HOTEL;02;2 ESTRELLAS;ICA;110000;49;1361;2363;26,83;20,36;1,38;1,38;1;10808;10769;39;14912;14873;39;219
2022;10;01;HOTEL;02;2 ESTRELLAS;JUNÍN;120000;27;838;1489;24,83;19,81;1,32;1,31;1,45;6946;6830;116;9142;8974;168;127
2022;10;01;HOTEL;02;2 ESTRELLAS;LA LIBERTAD;130000;22;513;945;15,49;14,51;1,09;1,09;0;3902;3902;0;4251;4251;0;83
2022;10;01;HOTEL;02;2 ESTRELLAS;LAMBAYEQUE;140000;73;2069;3130;19,01;16,17;1,18;1,18;1,3;13246;13113;133;15694;15521;173;325
2022;10;01;HOTEL;02;2 ESTRELLAS;LIMA;150000;125;5290;9326;43,17;39,21;1,29;1,28;1,56;102120;98859;3262;131398;126315;5083;956
2022;10;01;HOTEL;02;2 ESTRELLAS;LORETO;160000;14;338;549;22,96;17,83;1,56;1,53;1,82;1947;1738;209;3035;2655;380;63
2022;10;01;HOTEL;02;2 ESTRELLAS;MADRE DE DIOS;170000;9;279;507;38,86;26,84;1,31;1,3;1,37;3229;3030;199;4218;3946;272;48
2022;10;01;HOTEL;02;2 ESTRELLAS;MOQUEGUA;180000;17;447;770;30,17;18,06;3,4;3,44;1,55;1269;1240;29;4310;4265;45;82
2022;10;01;HOTEL;02;2 ESTRELLAS;PASCO;190000;6;191;342;72,59;90,29;1,28;1,28;0;7462;7462;0;9573;9573;0;33
2022;10;01;HOTEL;02;2 ESTRELLAS;PIURA;200000;20;481;790;38,02;34,55;1,76;1,77;1,56;4798;4662;136;8462;8250;212;102
2022;10;01;HOTEL;02;2 ESTRELLAS;PUNO;210000;23;554;990;18,82;11,97;1,24;1,18;1,65;2953;2570;383;3674;3043;631;86
2022;10;01;HOTEL;02;2 ESTRELLAS;SAN MARTÍN;220000;30;834;1404;42,77;34,76;1,88;1,88;1,96;8054;7875;179;15130;14780;350;165
2022;10;01;HOTEL;02;2 ESTRELLAS;TACNA;230000;33;928;1894;30,51;21,05;1,79;1,79;1,78;6922;3221;3701;12359;5767;6592;172
2022;10;01;HOTEL;02;2 ESTRELLAS;TUMBES;240000;9;279;579;65,95;34,47;27,26;27,35;7;227;226;1;6187;6180;7;53
2022;10;01;HOTEL;02;2 ESTRELLAS;UCAYALI;250000;2;58;93;6,06;4,02;4,14;4,12;4,33;28;25;3;116;103;13;11
2022;10;01;HOTEL;03;3 ESTRELLAS;AMAZONAS;010000;19;452;805;27,52;21,21;1,62;1,6;1,79;3259;2863;396;5292;4582;710;100
2022;10;01;HOTEL;03;3 ESTRELLAS;ÁNCASH;020000;42;1392;2485;24,42;19,63;1,78;1,74;2,16;8510;7843;667;15119;13676;1443;320
2022;10;01;HOTEL;03;3 ESTRELLAS;APURÍMAC;030000;4;132;239;65,1;42,85;1,48;1,49;1,37;2146;2021;125;3175;3004;171;25
2022;10;01;HOTEL;03;3 ESTRELLAS;AREQUIPA;040000;67;1997;3766;34,95;31,5;1,72;1,82;1,59;21339;12149;9190;36770;22127;14643;534
2022;10;01;HOTEL;03;3 ESTRELLAS;AYACUCHO;050000;9;305;579;25,89;26;2,23;2,24;2,12;2094;1821;273;4666;4086;580;95
2022;10;01;HOTEL;03;3 ESTRELLAS;CAJAMARCA;060000;68;2092;3395;21,85;18,63;1,57;1,57;1,68;12464;12024;440;19612;18875;737;424
2022;10;01;HOTEL;03;3 ESTRELLAS;CALLAO;070000;4;233;392;41,87;41,91;1,6;1,66;1,43;3193;2237;956;5093;3722;1371;55
2022;10;01;HOTEL;03;3 ESTRELLAS;CUSCO;080000;91;3288;6566;43,7;39,55;1,84;2,02;1,79;43694;9786;33908;80510;19720;60790;1036
2022;10;01;HOTEL;03;3 ESTRELLAS;HUANCAVELICA;090000;2;65;108;18,61;12,34;1,78;1,78;1;232;231;1;413;412;1;20
2022;10;01;HOTEL;03;3 ESTRELLAS;HUÁNUCO;100000;13;494;934;30,64;23,16;1,5;1,5;1,46;4486;4288;198;6707;6418;289;102
2022;10;01;HOTEL;03;3 ESTRELLAS;ICA;110000;50;1826;4290;45,94;32,89;1,6;1,68;1,41;27415;18894;8521;43735;31718;12017;452
2022;10;01;HOTEL;03;3 ESTRELLAS;JUNÍN;120000;20;801;1507;29,29;24,3;1,47;1,46;1,71;7730;7595;135;11353;11122;231;172
2022;10;01;HOTEL;03;3 ESTRELLAS;LAMBAYEQUE;140000;37;1195;2044;29,77;25,31;1,54;1,54;1,59;10434;10132;302;16037;15556;481;253
2022;10;01;HOTEL;03;3 ESTRELLAS;LIMA;150000;165;8278;15764;47,58;39,49;1,75;1,54;2,16;110208;72110;38098;192967;110721;82246;1891
2022;10;01;HOTEL;03;3 ESTRELLAS;LORETO;160000;21;646;1122;37,94;33,89;2,12;2,11;2,14;5572;4592;980;11787;9686;2101;406
2022;10;01;HOTEL;03;3 ESTRELLAS;MADRE DE DIOS;170000;5;185;340;45,53;36,33;1,78;1,98;1,33;2151;1491;660;3829;2953;876;77
2022;10;01;HOTEL;03;3 ESTRELLAS;MOQUEGUA;180000;8;261;488;18,95;13,62;1,69;1,71;1,4;1218;1131;87;2061;1939;122;56
2022;10;01;HOTEL;03;3 ESTRELLAS;PASCO;190000;4;114;217;48,16;50,11;1,65;1,65;1,59;2042;2020;22;3371;3336;35;17
2022;10;01;HOTEL;03;3 ESTRELLAS;PIURA;200000;15;578;991;44,14;35,11;1,87;1,8;2,3;5766;4929;837;10787;8858;1929;204
2022;10;01;HOTEL;03;3 ESTRELLAS;PUNO;210000;27;897;1732;38,79;34,71;1,55;1,67;1,5;12001;3963;8038;18637;6619;12018;192
2022;10;01;HOTEL;03;3 ESTRELLAS;SAN MARTÍN;220000;23;797;1442;32,34;31,71;2,05;2,05;1,92;6917;6741;176;14175;13837;338;187
2022;10;01;HOTEL;03;3 ESTRELLAS;TACNA;230000;15;551;1156;29,61;24,34;1,75;1,71;1,78;4988;2474;2514;8724;4240;4484;131
2022;10;01;HOTEL;03;3 ESTRELLAS;TUMBES;240000;9;291;626;52,39;57,32;3,3;3,29;3,32;3374;3155;219;11123;10395;728;114
2022;10;01;HOTEL;03;3 ESTRELLAS;UCAYALI;250000;15;537;887;34,04;29,41;1,89;1,9;1,79;4275;4063;212;8087;7707;380;128
2022;10;01;HOTEL;04;4 ESTRELLAS;AREQUIPA;040000;11;558;1059;40,72;39,84;1,89;2,12;1,68;6911;3328;3583;13080;7049;6031;215
2022;10;01;HOTEL;04;4 ESTRELLAS;CAJAMARCA;060000;4;214;355;53,8;54,44;2,17;2,08;2,92;2762;2459;303;5991;5105;886;119
2022;10;01;HOTEL;04;4 ESTRELLAS;CALLAO;070000;2;371;599;95,2;80,76;1,26;1,29;1,26;11876;2207;9669;14996;2858;12138;133
2022;10;01;HOTEL;04;4 ESTRELLAS;CUSCO;080000;16;1150;2224;76,4;71,84;2,04;1,93;2,08;24222;5323;18899;49530;10268;39262;611
2022;10;01;HOTEL;04;4 ESTRELLAS;HUÁNUCO;100000;1;61;104;63,78;46,87;2,13;2,18;1,7;708;641;67;1511;1397;114;26
2022;10;01;HOTEL;04;4 ESTRELLAS;ICA;110000;7;744;1550;41,68;46,89;1,89;1,9;1,89;11890;9083;2807;22531;17215;5316;397
2022;10;01;HOTEL;04;4 ESTRELLAS;JUNÍN;120000;1;40;66;20,97;13,54;1,3;1,3;0;213;213;0;277;277;0;19
2022;10;01;HOTEL;04;4 ESTRELLAS;LAMBAYEQUE;140000;5;349;643;63,92;54,62;1,62;1,6;1,78;6719;5829;890;10888;9301;1587;270
2022;10;01;HOTEL;04;4 ESTRELLAS;LIMA;150000;44;4549;7947;47,59;45,26;2,2;1,92;2,38;50615;19309;31306;111496;37099;74397;1569
2022;10;01;HOTEL;04;4 ESTRELLAS;LORETO;160000;2;89;148;40,05;37,18;2,41;2,43;2,22;708;650;58;1706;1577;129;29
2022;10;01;HOTEL;04;4 ESTRELLAS;MOQUEGUA;180000;2;123;232;36,87;22,04;1,64;1,7;1,51;969;640;329;1585;1087;498;52
2022;10;01;HOTEL;04;4 ESTRELLAS;PIURA;200000;3;299;556;51,05;42,53;1,94;1,92;2,08;3773;3167;606;7330;6068;1262;58
2022;10;01;HOTEL;04;4 ESTRELLAS;PUNO;210000;7;447;842;45,28;42,76;1,76;1,73;1,76;6348;1132;5216;11160;1956;9204;143
2022;10;01;HOTEL;04;4 ESTRELLAS;TACNA;230000;1;150;300;38,02;33,16;1,74;1,65;1,8;1773;718;1055;3084;1184;1900;32
2022;10;01;HOTEL;04;4 ESTRELLAS;TUMBES;240000;5;265;522;38,22;44,09;2,31;2,41;1,87;3088;2533;555;7134;6095;1039;140
2022;10;01;HOTEL;04;4 ESTRELLAS;UCAYALI;250000;5;288;513;46,42;39,5;2,34;2,33;2,39;2687;2324;363;6282;5414;868;109
2022;10;01;HOTEL;05;5 ESTRELLAS;AREQUIPA;040000;3;241;352;59,15;71,84;1,6;1,51;1,73;4905;2923;1982;7839;4418;3421;167
2022;10;01;HOTEL;05;5 ESTRELLAS;CUSCO;080000;15;1288;2530;60,85;54,19;1,78;2,05;1,72;23923;3978;19945;42499;8141;34358;1193
2022;10;01;HOTEL;05;5 ESTRELLAS;ICA;110000;3;346;880;57,89;47,7;2,05;2;2,21;6359;5070;1289;13012;10165;2847;375
2022;10;01;HOTEL;05;5 ESTRELLAS;LA LIBERTAD;130000;2;267;450;48,16;50,06;2,3;2,16;3,01;3041;2539;502;6983;5472;1511;177
2022;10;01;HOTEL;05;5 ESTRELLAS;LIMA;150000;24;4203;7488;50,8;39,13;2,32;1,64;2,62;39179;12063;27116;90841;19819;71022;2543
2022;10;01;HOTEL;05;5 ESTRELLAS;LORETO;160000;1;60;91;70,27;81,89;1,94;2,1;1,81;1191;522;669;2310;1098;1212;54
2022;10;01;HOTEL;05;5 ESTRELLAS;PIURA;200000;1;83;167;72,21;57,93;2,1;2,02;2,36;1431;1121;310;2999;2267;732;59
2022;10;01;HOTEL;05;5 ESTRELLAS;PUNO;210000;1;123;231;60,79;65,3;1,15;1,06;1,18;4057;1069;2988;4676;1138;3538;58
2022;10;01;HOTEL;05;5 ESTRELLAS;SAN MARTÍN;220000;1;50;108;59,68;79,39;1,77;1,77;2,03;1500;1469;31;2658;2595;63;63
2022;10;01;HOTEL;05;5 ESTRELLAS;UCAYALI;250000;2;162;300;41,02;35,02;2,23;2,23;2,22;1459;1311;148;3257;2929;328;71
2022;10;01;HOTEL;TT;TODAS CONSOLIDADAS;AMAZONAS;010000;52;1328;2224;24,6;20,76;1,47;1,46;1,78;9731;9307;424;14311;13557;754;242
2022;10;01;HOTEL;TT;TODAS CONSOLIDADAS;ÁNCASH;020000;107;3164;5632;25,05;19,18;1,42;1,4;1,84;23589;22577;1012;33480;31622;1858;597
2022;10;01;HOTEL;TT;TODAS CONSOLIDADAS;APURÍMAC;030000;10;405;681;37,08;27,43;1,26;1,25;1,36;4610;4478;132;5790;5610;180;53
2022;10;01;HOTEL;TT;TODAS CONSOLIDADAS;AREQUIPA;040000;127;4162;7622;34,93;31,21;1,67;1,68;1,64;44161;28722;15439;73755;48366;25389;1135
2022;10;01;HOTEL;TT;TODAS CONSOLIDADAS;AYACUCHO;050000;26;836;1507;20,8;19,71;1,83;1,82;1,99;5022;4685;337;9208;8539;669;171
2022;10;01;HOTEL;TT;TODAS CONSOLIDADAS;CAJAMARCA;060000;121;3667;5833;21,74;18,55;1,54;1,52;2,08;21731;20906;825;33540;31821;1719;768
2022;10;01;HOTEL;TT;TODAS CONSOLIDADAS;CALLAO;070000;8;678;1126;68,53;59,83;1,32;1,43;1,27;15834;5020;10814;20886;7182;13704;193
2022;10;01;HOTEL;TT;TODAS CONSOLIDADAS;CUSCO;080000;171;7004;13710;49,18;44,8;1,84;1,85;1,83;103743;24048;79695;190410;44570;145840;3226
2022;10;01;HOTEL;TT;TODAS CONSOLIDADAS;HUANCAVELICA;090000;4;111;193;25,95;18,23;2,16;2,17;1,25;504;500;4;1091;1086;5;29
2022;10;01;HOTEL;TT;TODAS CONSOLIDADAS;HUÁNUCO;100000;63;2068;3376;43,16;36,95;1,21;1,21;1,46;31967;31643;324;38675;38203;472;375
2022;10;01;HOTEL;TT;TODAS CONSOLIDADAS;JUNÍN;120000;54;1925;3573;26,47;21,15;1,42;1,42;1,59;16463;16212;251;23426;23027;399;346
2022;10;01;HOTEL;TT;TODAS CONSOLIDADAS;LAMBAYEQUE;140000;118;3714;5962;26,26;23,12;1,4;1,39;1,69;30511;29186;1325;42731;40490;2241;865
2022;10;01;HOTEL;TT;TODAS CONSOLIDADAS;LIMA;150000;368;22695;41166;47,71;40,66;1,84;1,51;2,35;312649;188365;124284;576648;284947;291701;8162
2022;10;01;HOTEL;TT;TODAS CONSOLIDADAS;LORETO;160000;38;1133;1910;35,35;31,82;2;2;1,99;9418;7502;1916;18838;15016;3822;552
2022;10;01;HOTEL;TT;TODAS CONSOLIDADAS;MADRE DE DIOS;170000;19;596;1082;40,39;30,78;1,35;1,35;1,31;7656;6714;942;10323;9092;1231;147
2022;10;01;HOTEL;TT;TODAS CONSOLIDADAS;MOQUEGUA;180000;28;852;1532;27,09;16,83;2,3;2,41;1,49;3482;3037;445;7993;7328;665;194
2022;10;01;HOTEL;TT;TODAS CONSOLIDADAS;PASCO;190000;16;473;829;47,31;54,94;1,34;1,34;1,59;10528;10506;22;14120;14085;35;81
2022;10;01;HOTEL;TT;TODAS CONSOLIDADAS;PIURA;200000;41;1481;2581;43,93;36,97;1,88;1,83;2,19;15768;13879;1889;29578;25443;4135;423
2022;10;01;HOTEL;TT;TODAS CONSOLIDADAS;PUNO;210000;63;2152;4024;35,2;31,73;1,49;1,42;1,53;26654;10025;16629;39587;14192;25395;497
2022;10;01;HOTEL;TT;TODAS CONSOLIDADAS;SAN MARTÍN;220000;60;1807;3149;38,68;35,81;1,84;1,84;1,93;19004;18607;397;34961;34195;766;439
2022;10;01;HOTEL;TT;TODAS CONSOLIDADAS;TACNA;230000;51;1686;3462;30,11;22,66;1,77;1,75;1,78;13757;6487;7270;24319;11343;12976;340
2022;10;01;HOTEL;TT;TODAS CONSOLIDADAS;TUMBES;240000;23;835;1727;52,42;45,66;3,65;3,83;2,29;6689;5914;775;24444;22670;1774;307
2022;10;01;HOTEL;TT;TODAS CONSOLIDADAS;UCAYALI;250000;24;1045;1793;36,98;31,92;2,1;2,09;2,19;8449;7723;726;17742;16153;1589;319
2022;10;02;APART HOTEL;03;3 ESTRELLAS;ÁNCASH;020000;2;16;44;19,76;19,79;1,36;1,36;0;198;198;0;270;270;0;4
2022;10;02;APART HOTEL;03;3 ESTRELLAS;APURÍMAC;030000;1;21;30;56,37;49,03;1,7;1,67;2,05;269;250;19;456;417;39;9
2022;10;02;APART HOTEL;03;3 ESTRELLAS;AREQUIPA;040000;1;19;36;2,72;2,24;1,79;1,9;1,5;14;10;4;25;19;6;2
2022;10;02;APART HOTEL;03;3 ESTRELLAS;CAJAMARCA;060000;2;13;24;0;0;0;0;0;0;0;0;0;0;0;0
2022;10;02;APART HOTEL;03;3 ESTRELLAS;ICA;110000;1;10;24;0;0;0;0;0;0;0;0;0;0;0;0
2022;10;02;APART HOTEL;03;3 ESTRELLAS;LA LIBERTAD;130000;1;11;24;0;0;0;0;0;0;0;0;0;0;0;0
2022;10;02;APART HOTEL;03;3 ESTRELLAS;LIMA;150000;8;206;375;52,04;37,07;3,16;3,13;3,18;1365;629;736;4309;1971;2338;46
2022;10;02;APART HOTEL;03;3 ESTRELLAS;LORETO;160000;1;45;94;0;0;0;0;0;0;0;0;0;0;0;0
2022;10;02;APART HOTEL;03;3 ESTRELLAS;MOQUEGUA;180000;1;9;10;48,03;43,23;13,4;14,83;11,25;10;6;4;134;89;45;3
2022;10;02;APART HOTEL;03;3 ESTRELLAS;PASCO;190000;1;10;17;14,84;9,87;1;1;1;52;51;1;52;51;1;4
2022;10;02;APART HOTEL;03;3 ESTRELLAS;TUMBES;240000;2;18;50;44,09;39,48;2,56;2,59;1,43;239;232;7;612;602;10;15
2022;10;02;APART HOTEL;04;4 ESTRELLAS;AREQUIPA;040000;1;19;32;21,39;49,6;2,39;2,59;1,92;206;145;61;492;375;117;6
2022;10;02;APART HOTEL;04;4 ESTRELLAS;LIMA;150000;8;610;1270;69,06;64,64;2,21;1,85;3,62;11491;9136;2355;25450;16916;8534;424
2022;10;02;APART HOTEL;04;4 ESTRELLAS;LORETO;160000;1;13;23;79,4;57,22;1,32;1,16;1,48;308;148;160;408;172;236;6
2022;10;02;APART HOTEL;04;4 ESTRELLAS;SAN MARTÍN;220000;1;24;57;54,03;46,69;2,15;2,2;1,63;383;353;30;825;776;49;17
2022;10;02;APART HOTEL;05;5 ESTRELLAS;LIMA;150000;6;399;673;51,34;39,4;3,11;2,73;3,42;2642;1183;1459;8219;3229;4990;165
2022;10;01;HOTEL;03;3 ESTRELLAS;LA LIBERTAD;130000;85;2562;4808;31,44;27,2;1,6;1,58;1,97;25269;23488;1781;40544;37030;3514;594
2022;10;01;HOTEL;04;4 ESTRELLAS;LA LIBERTAD;130000;3;206;326;66,25;62,14;2,04;1,97;2,25;3075;2325;750;6280;4590;1690;78
2022;10;01;HOTEL;TT;TODAS CONSOLIDADAS;ICA;110000;113;4359;9191;39,33;33,06;1,67;1,69;1,6;56472;43816;12656;94190;73971;20219;1443
2022;10;01;HOTEL;TT;TODAS CONSOLIDADAS;LA LIBERTAD;130000;117;3664;6730;32,32;28,44;1,62;1,57;2,2;36556;33495;3061;59327;52584;6743;951
2022;10;02;APART HOTEL;TT;TODAS CONSOLIDADAS;ÁNCASH;020000;2;16;44;19,76;19,79;1,36;1,36;0;198;198;0;270;270;0;4
2022;10;02;APART HOTEL;TT;TODAS CONSOLIDADAS;APURÍMAC;030000;1;21;30;56,37;49,03;1,7;1,67;2,05;269;250;19;456;417;39;9
2022;10;02;APART HOTEL;TT;TODAS CONSOLIDADAS;AREQUIPA;040000;2;38;68;12,05;24,53;2,35;2,54;1,89;220;155;65;517;394;123;8
2022;10;02;APART HOTEL;TT;TODAS CONSOLIDADAS;ICA;110000;1;10;24;0;0;0;0;0;0;0;0;0;0;0;0
2022;10;02;APART HOTEL;TT;TODAS CONSOLIDADAS;LA LIBERTAD;130000;1;11;24;0;0;0;0;0;0;0;0;0;0;0;0
2022;10;02;APART HOTEL;TT;TODAS CONSOLIDADAS;LIMA;150000;22;1215;2318;60,36;52,85;2,45;2,02;3,49;15498;10948;4550;37978;22116;15862;635
2022;10;02;APART HOTEL;TT;TODAS CONSOLIDADAS;LORETO;160000;2;58;117;17,8;11,25;1,32;1,16;1,48;308;148;160;408;172;236;6
2022;10;02;APART HOTEL;TT;TODAS CONSOLIDADAS;MOQUEGUA;180000;1;9;10;48,03;43,23;13,4;14,83;11,25;10;6;4;134;89;45;3
2022;10;02;APART HOTEL;TT;TODAS CONSOLIDADAS;PASCO;190000;1;10;17;14,84;9,87;1;1;1;52;51;1;52;51;1;4
2022;10;02;APART HOTEL;TT;TODAS CONSOLIDADAS;SAN MARTÍN;220000;1;24;57;54,03;46,69;2,15;2,2;1,63;383;353;30;825;776;49;17
2022;10;02;APART HOTEL;TT;TODAS CONSOLIDADAS;TUMBES;240000;2;18;50;44,09;39,48;2,56;2,59;1,43;239;232;7;612;602;10;15
2022;10;03;HOSTAL;01;1 ESTRELLA;AMAZONAS;010000;17;239;361;42,52;38,36;1,01;1,01;1;4263;4237;26;4293;4267;26;41
2022;10;03;HOSTAL;01;1 ESTRELLA;ÁNCASH;020000;40;557;923;34,9;28,93;1,16;1,16;1;7159;7137;22;8279;8257;22;90
2022;10;03;HOSTAL;01;1 ESTRELLA;APURÍMAC;030000;1;10;20;0;0;0;0;0;0;0;0;0;0;0;0
2022;10;03;HOSTAL;01;1 ESTRELLA;AREQUIPA;040000;51;754;1151;24,29;21,54;1,3;1,3;1,17;5924;5611;313;7686;7321;365;128
2022;10;03;HOSTAL;01;1 ESTRELLA;AYACUCHO;050000;7;114;194;17,94;14,52;1,27;1,28;1,1;686;676;10;873;862;11;18
2022;10;03;HOSTAL;01;1 ESTRELLA;CAJAMARCA;060000;21;373;571;10,12;6,78;1,19;1,19;1;1008;1001;7;1201;1194;7;64
2022;10;03;HOSTAL;01;1 ESTRELLA;CALLAO;070000;12;230;450;46,79;43,87;1,04;1,04;1,02;6063;5772;291;6311;6015;296;49
2022;10;03;HOSTAL;01;1 ESTRELLA;CUSCO;080000;23;398;653;27,32;23,3;1,09;1,07;2,06;4314;4212;102;4717;4507;210;55
2022;10;03;HOSTAL;01;1 ESTRELLA;HUANCAVELICA;090000;2;29;45;51,72;34,77;1,01;1,01;0;479;479;0;485;485;0;5
2022;10;03;HOSTAL;01;1 ESTRELLA;HUÁNUCO;100000;16;236;350;60,05;63,01;1,55;1,55;0;4408;4408;0;6837;6837;0;44
2022;10;03;HOSTAL;01;1 ESTRELLA;ICA;110000;11;155;224;33,63;32,68;1;1;0;2269;2269;0;2269;2269;0;28
2022;10;03;HOSTAL;01;1 ESTRELLA;JUNÍN;120000;12;171;290;21,94;16,64;1,27;1,27;0;1178;1178;0;1496;1496;0;29
2022;10;03;HOSTAL;01;1 ESTRELLA;LA LIBERTAD;130000;32;449;786;29,68;31,45;1;1;1;7662;7333;329;7662;7333;329;78
2022;10;03;HOSTAL;01;1 ESTRELLA;LAMBAYEQUE;140000;17;217;271;22,18;19,16;1,09;1,09;1;1480;1465;15;1610;1595;15;37
2022;10;03;HOSTAL;01;1 ESTRELLA;LIMA;150000;87;1780;3168;35,26;29,89;1,12;1,12;1,44;33720;33303;417;37823;37222;602;388
2022;10;03;HOSTAL;01;1 ESTRELLA;LORETO;160000;6;91;134;11,95;10,91;2,09;2,24;1,71;217;155;62;453;347;106;15
2022;10;03;HOSTAL;01;1 ESTRELLA;MADRE DE DIOS;170000;1;35;68;12,17;10,82;2;2;0;114;114;0;228;228;0;4
2022;10;03;HOSTAL;01;1 ESTRELLA;MOQUEGUA;180000;16;242;402;14,02;9,67;1,38;1,39;1,13;873;857;16;1205;1187;18;42
2022;10;03;HOSTAL;01;1 ESTRELLA;PASCO;190000;20;355;520;30,6;23,86;1,2;1,2;0;3195;3195;0;3846;3846;0;54
2022;10;03;HOSTAL;01;1 ESTRELLA;PIURA;200000;3;56;81;36,81;29,11;1,71;1,73;1,26;427;408;19;731;707;24;9
2022;10;03;HOSTAL;01;1 ESTRELLA;PUNO;210000;28;428;725;20,12;15,47;1,06;1,06;1,06;3275;3056;219;3478;3245;233;61
2022;10;03;HOSTAL;01;1 ESTRELLA;SAN MARTÍN;220000;1;20;34;30,16;23,34;1,46;1,46;0;169;169;0;246;246;0;8
2022;10;03;HOSTAL;01;1 ESTRELLA;TACNA;230000;10;179;315;15,37;12,1;1,06;1,04;1,1;1118;809;309;1182;843;339;29
2022;10;03;HOSTAL;02;2 ESTRELLAS;AMAZONAS;010000;54;968;1525;27,5;22,84;1,06;1,05;1,51;10147;9933;214;10798;10474;324;150
2022;10;03;HOSTAL;02;2 ESTRELLAS;ÁNCASH;020000;132;2135;3697;33,19;30,57;1,11;1,1;1,36;31642;31144;498;35038;34361;677;364
2022;10;03;HOSTAL;02;2 ESTRELLAS;APURÍMAC;030000;5;118;182;33;30,91;1,2;1,2;0;1451;1451;0;1744;1744;0;17
2022;10;03;HOSTAL;02;2 ESTRELLAS;AREQUIPA;040000;119;1859;3343;33,24;28,68;1,36;1,35;1,52;21870;20103;1767;29724;27045;2679;326
2022;10;03;HOSTAL;02;2 ESTRELLAS;AYACUCHO;050000;6;89;146;27,47;20,64;1,68;1,65;1,74;556;380;176;934;628;306;18
2022;10;03;HOSTAL;02;2 ESTRELLAS;CAJAMARCA;060000;114;2096;3287;19,23;15,46;1,23;1,23;1,25;12847;12731;116;15757;15612;145;339
2022;10;03;HOSTAL;02;2 ESTRELLAS;CALLAO;070000;6;183;352;54,87;55,6;1;1;1;6039;5970;69;6067;5998;69;27
2022;10;03;HOSTAL;02;2 ESTRELLAS;CUSCO;080000;52;848;1568;33,46;27,36;1,5;1,42;1,67;8880;6019;2861;13299;8520;4779;155
2022;10;03;HOSTAL;02;2 ESTRELLAS;HUANCAVELICA;090000;1;39;71;0;0;0;0;0;0;0;0;0;0;0;0
2022;10;03;HOSTAL;02;2 ESTRELLAS;HUÁNUCO;100000;23;304;511;34,94;29,73;1,02;1,02;1;4604;4587;17;4709;4692;17;61
2022;10;03;HOSTAL;02;2 ESTRELLAS;ICA;110000;65;931;1553;23,3;20,16;1,08;1,08;1,08;9016;8271;745;9705;8898;807;154
2022;10;03;HOSTAL;02;2 ESTRELLAS;JUNÍN;120000;26;419;820;29,72;28,71;1,32;1,32;1,45;5534;5505;29;7299;7257;42;81
2022;10;03;HOSTAL;02;2 ESTRELLAS;LA LIBERTAD;130000;138;2335;4150;21,85;21,31;1,27;1,27;1,46;21524;21245;279;27417;27010;407;404
2022;10;03;HOSTAL;02;2 ESTRELLAS;LAMBAYEQUE;140000;158;2323;3257;21,11;16,05;1,07;1,07;1,07;15134;15029;105;16209;16097;112;424
2022;10;03;HOSTAL;02;2 ESTRELLAS;LIMA;150000;140;3297;5998;34,01;35,23;1,48;1,4;2,15;62966;56068;6898;93138;78286;14851;795
2022;10;03;HOSTAL;02;2 ESTRELLAS;LORETO;160000;5;72;112;24,33;23,1;2,3;2,3;2,25;349;345;4;802;793;9;14
2022;10;03;HOSTAL;02;2 ESTRELLAS;MADRE DE DIOS;170000;5;130;195;41,27;30,9;1,32;1,32;1,3;1413;1357;56;1868;1795;73;23
2022;10;03;HOSTAL;02;2 ESTRELLAS;MOQUEGUA;180000;65;924;1488;20,16;16,37;1,27;1,27;1,06;5959;5891;68;7552;7480;72;171
2022;10;03;HOSTAL;02;2 ESTRELLAS;PASCO;190000;15;259;491;28,78;27,89;1,41;1,41;0;3017;3017;0;4245;4245;0;42
2022;10;03;HOSTAL;02;2 ESTRELLAS;PIURA;200000;27;533;878;34,24;29,26;1,78;1,65;2,86;4472;4001;471;7965;6620;1345;100
2022;10;03;HOSTAL;02;2 ESTRELLAS;PUNO;210000;45;669;1237;24,6;19,39;1,49;1,57;1,22;4992;3807;1185;7437;5989;1448;122
2022;10;03;HOSTAL;02;2 ESTRELLAS;TACNA;230000;25;436;859;30,79;23,54;1,54;1,44;1,67;4071;2281;1790;6268;3278;2990;82
2022;10;03;HOSTAL;02;2 ESTRELLAS;TUMBES;240000;5;66;131;19,94;20,44;1,64;1,64;1,86;505;491;14;830;804;26;18
2022;10;03;HOSTAL;02;2 ESTRELLAS;UCAYALI;250000;2;71;136;27,85;14,87;1,58;1,59;1,54;396;368;28;627;584;43;16
2022;10;03;HOSTAL;03;3 ESTRELLAS;AMAZONAS;010000;10;152;290;56,3;44,72;1,8;1,79;1,89;2237;2032;205;4020;3633;387;27
2022;10;03;HOSTAL;03;3 ESTRELLAS;ÁNCASH;020000;21;315;615;19,29;14,92;1,98;1,94;2,13;1440;1170;270;2845;2271;574;62
2022;10;03;HOSTAL;03;3 ESTRELLAS;APURÍMAC;030000;1;24;43;23,12;19,73;1,53;1,54;1,25;172;164;8;263;253;10;7
2022;10;03;HOSTAL;03;3 ESTRELLAS;AREQUIPA;040000;40;632;1162;33,44;28,61;1,86;1,78;2,01;5536;3637;1899;10305;6489;3816;161
2022;10;03;HOSTAL;03;3 ESTRELLAS;AYACUCHO;050000;2;38;77;46,86;34,94;2,12;2,12;2,11;394;348;46;834;737;97;20
2022;10;03;HOSTAL;03;3 ESTRELLAS;CAJAMARCA;060000;51;790;1310;27,78;21,56;1,39;1,39;1,18;6299;6189;110;8757;8627;130;189
2022;10;03;HOSTAL;03;3 ESTRELLAS;CUSCO;080000;21;363;702;28,19;24,35;1,97;1,61;2,31;2697;1337;1360;5300;2158;3142;67
2022;10;03;HOSTAL;03;3 ESTRELLAS;HUÁNUCO;100000;2;45;63;0;0;0;0;0;0;0;0;0;0;0;0
2022;10;03;HOSTAL;03;3 ESTRELLAS;ICA;110000;31;556;1050;37,91;27,72;1,29;1,3;1,24;7012;5818;1194;9023;7547;1476;109
2022;10;03;HOSTAL;03;3 ESTRELLAS;JUNÍN;120000;3;60;114;43,55;34,78;1,68;1,68;1,25;733;721;12;1229;1214;15;35
2022;10;03;HOSTAL;03;3 ESTRELLAS;LA LIBERTAD;130000;54;909;1751;36,1;33,43;1,22;1,22;1,3;14889;14656;233;18146;17842;304;176
2022;10;03;HOSTAL;03;3 ESTRELLAS;LAMBAYEQUE;140000;24;337;491;36,11;29,81;1,34;1,33;1,64;3385;3284;101;4538;4372;166;81
2022;10;03;HOSTAL;03;3 ESTRELLAS;LIMA;150000;17;345;678;24,8;20,81;1,13;1,14;1,11;3855;2920;935;4373;3334;1039;68
2022;10;03;HOSTAL;03;3 ESTRELLAS;LORETO;160000;8;133;229;34;23,61;1,9;1,89;2,13;883;838;45;1676;1580;96;48
2022;10;03;HOSTAL;03;3 ESTRELLAS;MADRE DE DIOS;170000;1;22;29;37,39;41,6;1,46;1,44;1,8;257;247;10;374;356;18;4
2022;10;03;HOSTAL;03;3 ESTRELLAS;MOQUEGUA;180000;3;45;74;0;0;0;0;0;0;0;0;0;0;0;0
2022;10;03;HOSTAL;03;3 ESTRELLAS;PIURA;200000;3;68;152;4,93;5,37;1,85;1,76;2,13;137;105;32;253;185;68;13
2022;10;03;HOSTAL;03;3 ESTRELLAS;PUNO;210000;8;166;284;44,69;34,46;1,28;1,41;1,1;2378;1329;1049;3034;1878;1156;37
2022;10;03;HOSTAL;03;3 ESTRELLAS;SAN MARTÍN;220000;6;112;245;43,38;36,96;2,88;2,88;2,93;975;945;30;2807;2719;88;28
2022;10;03;HOSTAL;03;3 ESTRELLAS;TACNA;230000;6;110;230;29,53;23,74;3,94;3,55;4,28;430;202;228;1693;718;975;19
2022;10;03;HOSTAL;03;3 ESTRELLAS;TUMBES;240000;5;79;162;0;0;0;0;0;0;0;0;0;0;0;0
2022;10;03;HOSTAL;03;3 ESTRELLAS;UCAYALI;250000;2;45;71;12,97;11,59;1,82;1,83;1;140;139;1;255;254;1;6
2022;10;03;HOSTAL;TT;TODAS CONSOLIDADAS;AMAZONAS;010000;81;1359;2176;33,36;28,33;1,15;1,13;1,66;16647;16202;445;19111;18374;737;218
2022;10;03;HOSTAL;TT;TODAS CONSOLIDADAS;ÁNCASH;020000;193;3007;5235;32,05;28,45;1,15;1,14;1,61;40241;39451;790;46162;44889;1273;516
2022;10;03;HOSTAL;TT;TODAS CONSOLIDADAS;APURÍMAC;030000;7;152;245;29,27;26,43;1,24;1,24;1,25;1623;1615;8;2007;1997;10;24
2022;10;03;HOSTAL;TT;TODAS CONSOLIDADAS;AREQUIPA;040000;210;3245;5656;31,2;27,21;1,43;1,39;1,72;33330;29351;3979;47715;40855;6860;615
2022;10;03;HOSTAL;TT;TODAS CONSOLIDADAS;AYACUCHO;050000;15;241;417;26,02;20,43;1,61;1,59;1,78;1636;1404;232;2641;2227;414;56
2022;10;03;HOSTAL;TT;TODAS CONSOLIDADAS;CAJAMARCA;060000;186;3259;5168;20,26;16,05;1,28;1,28;1,21;20154;19921;233;25715;25433;282;592
2022;10;03;HOSTAL;TT;TODAS CONSOLIDADAS;CALLAO;070000;18;413;802;50,91;49,77;1,02;1,02;1,01;12703;12359;344;12960;12611;349;77
2022;10;03;HOSTAL;TT;TODAS CONSOLIDADAS;CUSCO;080000;96;1609;2923;30,75;25,73;1,47;1,31;1,88;15891;11568;4323;23316;15185;8131;277
2022;10;03;HOSTAL;TT;TODAS CONSOLIDADAS;HUANCAVELICA;090000;3;68;116;22,06;13,49;1,01;1,01;0;479;479;0;485;485;0;5
2022;10;03;HOSTAL;TT;TODAS CONSOLIDADAS;HUÁNUCO;100000;41;585;924;42,38;40,31;1,28;1,28;1;9012;8995;17;11546;11529;17;105
2022;10;03;HOSTAL;TT;TODAS CONSOLIDADAS;ICA;110000;107;1642;2827;29,22;23,96;1,15;1,14;1,18;18297;16358;1939;20997;18714;2283;291
2022;10;03;HOSTAL;TT;TODAS CONSOLIDADAS;JUNÍN;120000;41;650;1224;28,95;26,42;1,35;1,35;1,39;7445;7404;41;10024;9967;57;145
2022;10;03;HOSTAL;TT;TODAS CONSOLIDADAS;LA LIBERTAD;130000;224;3693;6687;26,31;25,68;1,21;1,21;1,24;44075;43234;841;53225;52185;1040;658
2022;10;03;HOSTAL;TT;TODAS CONSOLIDADAS;LAMBAYEQUE;140000;199;2877;4019;22,95;17,94;1,12;1,12;1,33;19999;19778;221;22357;22064;293;542
2022;10;03;HOSTAL;TT;TODAS CONSOLIDADAS;LIMA;150000;244;5422;9844;32,88;31,34;1,32;1,27;1,79;93214;84227;8987;123320;107272;16048;1204
2022;10;03;HOSTAL;TT;TODAS CONSOLIDADAS;LORETO;160000;19;296;475;24,87;19,9;2,02;2,03;1,9;1449;1338;111;2931;2720;211;77
2022;10;03;HOSTAL;TT;TODAS CONSOLIDADAS;MADRE DE DIOS;170000;7;187;292;35,36;27,29;1,38;1,38;1,38;1784;1718;66;2470;2379;91;31
2022;10;03;HOSTAL;TT;TODAS CONSOLIDADAS;MOQUEGUA;180000;84;1211;1964;18,18;14,38;1,28;1,28;1,07;6832;6748;84;8757;8667;90;213
2022;10;03;HOSTAL;TT;TODAS CONSOLIDADAS;PASCO;190000;35;614;1011;29,83;25,82;1,3;1,3;0;6212;6212;0;8091;8091;0;96
2022;10;03;HOSTAL;TT;TODAS CONSOLIDADAS;PIURA;200000;33;657;1111;31,43;25,98;1,78;1,66;2,75;5036;4514;522;8949;7512;1437;122
2022;10;03;HOSTAL;TT;TODAS CONSOLIDADAS;PUNO;210000;81;1263;2246;25,72;20,03;1,31;1,36;1,16;10645;8192;2453;13949;11112;2837;220
2022;10;03;HOSTAL;TT;TODAS CONSOLIDADAS;SAN MARTÍN;220000;28;443;795;35,94;32,7;1,96;1,95;2,79;4109;4067;42;8060;7943;117;101
2022;10;03;HOSTAL;TT;TODAS CONSOLIDADAS;TACNA;230000;41;725;1404;26,79;21,01;1,63;1,47;1,85;5619;3292;2327;9143;4839;4304;130
2022;10;03;HOSTAL;TT;TODAS CONSOLIDADAS;TUMBES;240000;10;145;293;9,08;9,14;1,64;1,64;1,86;505;491;14;830;804;26;18
2022;10;03;HOSTAL;TT;TODAS CONSOLIDADAS;UCAYALI;250000;4;116;207;22,08;13,74;1,65;1,65;1,52;536;507;29;882;838;44;22
2022;10;05;ALBERGUE;12;ALBERGUE;AMAZONAS;010000;1;6;11;0;0;0;0;0;0;0;0;0;0;0;0
2022;10;05;ALBERGUE;12;ALBERGUE;ÁNCASH;020000;8;76;172;0;0;0;0;0;0;0;0;0;0;0;0
2022;10;05;ALBERGUE;12;ALBERGUE;AREQUIPA;040000;6;116;267;46,61;38,58;1,4;1,39;1,41;2281;849;1432;3193;1178;2015;107
2022;10;05;ALBERGUE;12;ALBERGUE;CAJAMARCA;060000;1;11;22;0;0;0;0;0;0;0;0;0;0;0;0
2022;10;05;ALBERGUE;12;ALBERGUE;ICA;110000;1;10;30;24,52;21,61;1,63;1,68;1,17;123;111;12;201;187;14;6
2022;10;05;ALBERGUE;12;ALBERGUE;JUNÍN;120000;1;32;104;36,9;33,72;1,95;1,94;2,33;557;545;12;1087;1059;28;19
2022;10;05;ALBERGUE;12;ALBERGUE;LIMA;150000;8;137;401;56,72;31,09;1,49;1,63;1,45;2599;556;2043;3865;905;2960;35
2022;10;05;ALBERGUE;12;ALBERGUE;LORETO;160000;56;738;1576;23,09;21,13;2,12;1,75;2,47;4879;2395;2484;10323;4186;6137;225
2022;10;05;ALBERGUE;12;ALBERGUE;MADRE DE DIOS;170000;10;275;560;34,57;35,12;2,74;2,66;2,75;2223;163;2060;6097;433;5664;208
2022;10;05;ALBERGUE;12;ALBERGUE;PASCO;190000;15;239;695;23,66;19,35;1,47;1,45;2,65;2843;2800;43;4168;4054;114;47
2022;10;05;ALBERGUE;12;ALBERGUE;PUNO;210000;1;13;35;0;0;0;0;0;0;0;0;0;0;0;0
2022;10;05;ALBERGUE;12;ALBERGUE;UCAYALI;250000;3;34;86;25,43;24,16;2,8;2,71;3,65;230;207;23;644;560;84;22
2022;10;05;ALBERGUE;TT;TODAS CONSOLIDADAS;AMAZONAS;010000;1;6;11;0;0;0;0;0;0;0;0;0;0;0;0
2022;10;05;ALBERGUE;TT;TODAS CONSOLIDADAS;ÁNCASH;020000;8;76;172;0;0;0;0;0;0;0;0;0;0;0;0
2022;10;05;ALBERGUE;TT;TODAS CONSOLIDADAS;AREQUIPA;040000;6;116;267;46,61;38,58;1,4;1,39;1,41;2281;849;1432;3193;1178;2015;107
2022;10;05;ALBERGUE;TT;TODAS CONSOLIDADAS;CAJAMARCA;060000;1;11;22;0;0;0;0;0;0;0;0;0;0;0;0
2022;10;05;ALBERGUE;TT;TODAS CONSOLIDADAS;CUSCO;080000;15;219;694;55,6;46,32;1,5;1,54;1,5;6659;187;6472;9965;288;9677;127
2022;10;05;ALBERGUE;TT;TODAS CONSOLIDADAS;ICA;110000;1;10;30;24,52;21,61;1,63;1,68;1,17;123;111;12;201;187;14;6
2022;10;05;ALBERGUE;TT;TODAS CONSOLIDADAS;JUNÍN;120000;1;32;104;36,9;33,72;1,95;1,94;2,33;557;545;12;1087;1059;28;19
2022;10;05;ALBERGUE;TT;TODAS CONSOLIDADAS;LIMA;150000;8;137;401;56,72;31,09;1,49;1,63;1,45;2599;556;2043;3865;905;2960;35
2022;10;05;ALBERGUE;TT;TODAS CONSOLIDADAS;LORETO;160000;56;738;1576;23,09;21,13;2,12;1,75;2,47;4879;2395;2484;10323;4186;6137;225
2022;10;05;ALBERGUE;TT;TODAS CONSOLIDADAS;MADRE DE DIOS;170000;10;275;560;34,57;35,12;2,74;2,66;2,75;2223;163;2060;6097;433;5664;208
2022;10;05;ALBERGUE;TT;TODAS CONSOLIDADAS;PASCO;190000;15;239;695;23,66;19,35;1,47;1,45;2,65;2843;2800;43;4168;4054;114;47
2022;10;05;ALBERGUE;TT;TODAS CONSOLIDADAS;PUNO;210000;1;13;35;0;0;0;0;0;0;0;0;0;0;0;0
2022;10;05;ALBERGUE;TT;TODAS CONSOLIDADAS;SAN MARTÍN;220000;9;141;325;20,09;17,76;2,13;2,07;2,53;840;737;103;1789;1528;261;55
2022;10;05;ALBERGUE;TT;TODAS CONSOLIDADAS;UCAYALI;250000;3;34;86;25,43;24,16;2,8;2,71;3,65;230;207;23;644;560;84;22
2022;10;14;RESORT;03;3 ESTRELLAS;ICA;110000;1;51;86;0;0;0;0;0;0;0;0;0;0;0;0
2022;10;14;RESORT;03;3 ESTRELLAS;TUMBES;240000;1;31;60;0;0;0;0;0;0;0;0;0;0;0;0
2022;10;14;RESORT;04;4 ESTRELLAS;TUMBES;240000;1;402;1101;80,33;73,72;2,41;2,4;2,44;10453;9448;1005;25162;22713;2449;459
2022;10;14;RESORT;05;5 ESTRELLAS;ICA;110000;1;115;230;0;0;0;0;0;0;0;0;0;0;0;0
2022;10;14;RESORT;TT;TODAS CONSOLIDADAS;ICA;110000;2;166;316;0;0;0;0;0;0;0;0;0;0;0;0
2022;10;14;RESORT;TT;TODAS CONSOLIDADAS;TUMBES;240000;2;433;1161;74,58;69,91;2,41;2,4;2,44;10453;9448;1005;25162;22713;2449;459
2022;10;16;ECOLODGE;TT;TODAS CONSOLIDADAS;AREQUIPA;040000;1;23;51;27,63;26,31;1,96;2,28;1,77;212;80;132;416;182;234;8
2022;10;TT;TODAS CONSOLIDADAS;00;NO CATEGORIZADO;AMAZONAS;010000;266;2557;4144;23,01;17,2;1,17;1,16;1,46;18919;18572;347;22095;21588;507;434
2022;10;TT;TODAS CONSOLIDADAS;00;NO CATEGORIZADO;ÁNCASH;020000;600;5632;9741;22,88;18,29;1,17;1,18;1;47163;44421;2742;55230;52481;2749;977
2022;10;TT;TODAS CONSOLIDADAS;00;NO CATEGORIZADO;APURÍMAC;030000;474;4388;6745;16,29;12,89;1,13;1,13;1,05;23875;23579;296;26947;26635;312;463
2022;10;TT;TODAS CONSOLIDADAS;00;NO CATEGORIZADO;AREQUIPA;040000;1100;9956;16818;23,4;19,75;1,47;1,42;1,59;70200;52279;17921;102961;74439;28522;1896
2022;10;TT;TODAS CONSOLIDADAS;00;NO CATEGORIZADO;AYACUCHO;050000;539;5220;8272;18,04;14,99;1,17;1,17;1,25;32793;32522;271;38444;38106;338;629
2022;10;TT;TODAS CONSOLIDADAS;00;NO CATEGORIZADO;CAJAMARCA;060000;620;6107;9516;19,53;15,69;1,22;1,22;1,32;37819;37591;228;46299;45999;300;1072
2022;10;TT;TODAS CONSOLIDADAS;00;NO CATEGORIZADO;CALLAO;070000;256;3582;6669;34,4;31,91;1,01;1,01;1,12;115194;114511;683;116303;115541;762;926
2022;10;TT;TODAS CONSOLIDADAS;00;NO CATEGORIZADO;CUSCO;080000;1810;17991;32504;27,14;25,15;1,62;1,37;1,85;156094;73819;82275;253430;100990;152440;3515
2022;10;TT;TODAS CONSOLIDADAS;00;NO CATEGORIZADO;HUANCAVELICA;090000;191;2236;3441;22,21;18,11;1,09;1,09;1,25;17754;17718;36;19320;19275;45;277
2022;10;TT;TODAS CONSOLIDADAS;00;NO CATEGORIZADO;HUÁNUCO;100000;470;5224;7732;19,45;16,37;1,15;1,15;1,02;34185;33880;305;39242;38932;310;662
2022;10;TT;TODAS CONSOLIDADAS;00;NO CATEGORIZADO;ICA;110000;736;8133;13900;24,56;20,45;1,32;1,31;1,34;66876;54153;12723;88131;71143;16988;1443
2022;10;TT;TODAS CONSOLIDADAS;00;NO CATEGORIZADO;JUNÍN;120000;1282;13774;22179;26,55;23,89;1,14;1,14;1,61;143884;143494;390;164261;163633;628;2411
2022;10;TT;TODAS CONSOLIDADAS;00;NO CATEGORIZADO;LA LIBERTAD;130000;836;6762;11329;13,38;10,67;1,08;1,07;1,29;34866;33513;1353;37483;35744;1739;526
2022;10;TT;TODAS CONSOLIDADAS;00;NO CATEGORIZADO;LAMBAYEQUE;140000;381;3938;5668;19,5;16,38;1,03;1,03;1,04;28041;27586;455;28778;28303;475;523
2022;10;TT;TODAS CONSOLIDADAS;00;NO CATEGORIZADO;LIMA;150000;6191;52417;91138;24,76;21,84;1,14;1,14;1,25;2441576;2397900;43676;2788900;2734245;54655;34292
2022;10;TT;TODAS CONSOLIDADAS;00;NO CATEGORIZADO;MADRE DE DIOS;170000;312;4235;7065;23,32;18,97;1,23;1,18;1,57;33645;28701;4944;41537;33794;7743;755
2022;10;TT;TODAS CONSOLIDADAS;00;NO CATEGORIZADO;MOQUEGUA;180000;188;1793;3062;15,44;10,98;1,33;1,33;1,16;7832;7739;93;10427;10319;108;226
2022;10;TT;TODAS CONSOLIDADAS;00;NO CATEGORIZADO;PASCO;190000;316;3505;5532;21,89;19,34;1,36;1,36;1;24459;24415;44;33158;33114;44;631
2022;10;TT;TODAS CONSOLIDADAS;00;NO CATEGORIZADO;PIURA;200000;1010;10344;18883;35,88;28,85;1,68;1,63;2,03;100646;89154;11492;168902;145520;23382;2019
2022;10;TT;TODAS CONSOLIDADAS;00;NO CATEGORIZADO;SAN MARTÍN;220000;751;8533;13225;31,51;26,95;1,35;1,35;1,61;81666;80262;1404;110480;108221;2259;1126
2022;10;TT;TODAS CONSOLIDADAS;00;NO CATEGORIZADO;TACNA;230000;405;3854;6956;11,61;9,74;1,51;1,33;1,96;13939;10016;3923;20993;13294;7699;477
2022;10;TT;TODAS CONSOLIDADAS;00;NO CATEGORIZADO;TUMBES;240000;217;2236;4339;13,91;11,28;1,95;1,92;2,53;7760;7355;405;15166;14140;1026;376
2022;10;TT;TODAS CONSOLIDADAS;00;NO CATEGORIZADO;UCAYALI;250000;461;4968;7684;25,7;23,47;2,07;2,08;1,83;26962;26466;496;55914;55007;907;889
2022;10;TT;TODAS CONSOLIDADAS;01;1 ESTRELLA;AMAZONAS;010000;18;259;396;39,23;34,97;1,01;1,01;1;4263;4237;26;4293;4267;26;41
2022;10;TT;TODAS CONSOLIDADAS;01;1 ESTRELLA;ÁNCASH;020000;55;1010;1627;30,06;26,11;1,16;1,16;1;11383;11361;22;13170;13148;22;154
2022;10;TT;TODAS CONSOLIDADAS;01;1 ESTRELLA;APURÍMAC;030000;3;89;132;24,86;21,99;1;1;0;900;900;0;900;900;0;12
2022;10;TT;TODAS CONSOLIDADAS;01;1 ESTRELLA;AREQUIPA;040000;57;964;1518;31,36;24,34;1,41;1,4;1,58;8112;7598;514;11452;10640;812;162
2022;10;TT;TODAS CONSOLIDADAS;01;1 ESTRELLA;AYACUCHO;050000;14;291;501;14,81;14,12;1,66;1,66;1,33;1322;1310;12;2193;2177;16;44
2022;10;TT;TODAS CONSOLIDADAS;01;1 ESTRELLA;CAJAMARCA;060000;27;543;849;11,11;7,86;1,12;1,12;1;1845;1838;7;2069;2062;7;91
2022;10;TT;TODAS CONSOLIDADAS;01;1 ESTRELLA;CALLAO;070000;13;264;518;42,63;40,14;1,04;1,04;1,02;6488;6205;283;6730;6442;289;51
2022;10;TT;TODAS CONSOLIDADAS;01;1 ESTRELLA;CUSCO;080000;27;513;840;25,4;21,63;1,08;1,06;2,06;5204;5102;102;5632;5422;210;70
2022;10;TT;TODAS CONSOLIDADAS;01;1 ESTRELLA;HUANCAVELICA;090000;2;29;45;51,72;34,77;1,01;1,01;0;479;479;0;485;485;0;5
2022;10;TT;TODAS CONSOLIDADAS;01;1 ESTRELLA;ICA;110000;15;237;332;22;22,05;1;1;0;2269;2269;0;2269;2269;0;28
2022;10;TT;TODAS CONSOLIDADAS;01;1 ESTRELLA;JUNÍN;120000;18;417;801;23,01;16,71;1,51;1,51;0;2752;2752;0;4150;4150;0;57
2022;10;TT;TODAS CONSOLIDADAS;01;1 ESTRELLA;LA LIBERTAD;130000;37;565;987;29,64;29,19;1;1;1;8931;8574;357;8931;8574;357;97
2022;10;TT;TODAS CONSOLIDADAS;01;1 ESTRELLA;LAMBAYEQUE;140000;20;318;416;16,11;13,35;1,08;1,08;1;1592;1577;15;1722;1707;15;54
2022;10;TT;TODAS CONSOLIDADAS;01;1 ESTRELLA;LIMA;150000;97;2155;3809;36,42;31,57;1,11;1,1;1,4;41548;41092;456;45949;45310;639;442
2022;10;TT;TODAS CONSOLIDADAS;01;1 ESTRELLA;MADRE DE DIOS;170000;6;167;303;31,33;26,66;1,05;1,05;1;2390;2307;83;2504;2421;83;26
2022;10;TT;TODAS CONSOLIDADAS;01;1 ESTRELLA;MOQUEGUA;180000;17;263;444;13,36;9,02;1,38;1,39;1,13;899;883;16;1242;1224;18;46
2022;10;TT;TODAS CONSOLIDADAS;01;1 ESTRELLA;PASCO;190000;26;523;790;26,55;20,51;1,19;1,19;0;4219;4219;0;5022;5022;0;85
2022;10;TT;TODAS CONSOLIDADAS;01;1 ESTRELLA;PIURA;200000;5;96;158;21,47;14,92;1,71;1,73;1,26;427;408;19;731;707;24;9
2022;10;TT;TODAS CONSOLIDADAS;01;1 ESTRELLA;PUNO;210000;33;559;954;20,45;16,63;1,08;1,08;1,06;4570;4347;223;4918;4681;237;79
2022;10;TT;TODAS CONSOLIDADAS;01;1 ESTRELLA;SAN MARTÍN;220000;7;146;229;41,58;45,7;1,2;1,2;1,36;2702;2691;11;3244;3229;15;32
2022;10;TT;TODAS CONSOLIDADAS;01;1 ESTRELLA;TACNA;230000;12;236;427;13,52;10,08;1,12;1,13;1,1;1192;883;309;1334;995;339;34
2022;10;TT;TODAS CONSOLIDADAS;02;2 ESTRELLAS;AMAZONAS;010000;86;1824;2909;25,68;21,98;1,19;1,19;1,52;16619;16377;242;19817;19449;368;292
2022;10;TT;TODAS CONSOLIDADAS;02;2 ESTRELLAS;ÁNCASH;020000;182;3454;6140;30,46;25,48;1,14;1,14;1,3;42497;41654;843;48508;47416;1092;577
2022;10;TT;TODAS CONSOLIDADAS;02;2 ESTRELLAS;APURÍMAC;030000;9;312;512;25,98;21,79;1,15;1,15;1,29;3015;3008;7;3459;3450;9;33
2022;10;TT;TODAS CONSOLIDADAS;02;2 ESTRELLAS;AREQUIPA;040000;159;3015;5421;29,35;25,01;1,37;1,35;1,57;30688;28438;2250;42024;38498;3526;511
2022;10;TT;TODAS CONSOLIDADAS;02;2 ESTRELLAS;AYACUCHO;050000;16;443;767;21,84;17,48;1,46;1,44;1,64;2848;2610;238;4156;3766;390;68
2022;10;TT;TODAS CONSOLIDADAS;02;2 ESTRELLAS;CAJAMARCA;060000;157;3287;5092;18,42;14,46;1,23;1,23;1,22;18515;18317;198;22826;22585;241;537
2022;10;02;APART HOTEL;TT;TODAS CONSOLIDADAS;CAJAMARCA;060000;2;13;24;0;0;0;0;0;0;0;0;0;0;0;0
2022;10;03;HOSTAL;02;2 ESTRELLAS;SAN MARTÍN;220000;21;311;516;33,63;31,3;1,69;1,69;2,42;2965;2953;12;5007;4978;29;65
2022;10;05;ALBERGUE;12;ALBERGUE;SAN MARTÍN;220000;9;141;325;20,09;17,76;2,13;2,07;2,53;840;737;103;1789;1528;261;55
2022;10;16;ECOLODGE;13;ECOLODGE;SAN MARTÍN;220000;1;12;24;0;0;0;0;0;0;0;0;0;0;0;0
2022;10;05;ALBERGUE;12;ALBERGUE;CUSCO;080000;15;219;694;55,6;46,32;1,5;1,54;1,5;6659;187;6472;9965;288;9677;127
2022;10;16;ECOLODGE;13;ECOLODGE;AREQUIPA;040000;1;23;51;27,63;26,31;1,96;2,28;1,77;212;80;132;416;182;234;8
2022;10;16;ECOLODGE;TT;TODAS CONSOLIDADAS;SAN MARTÍN;220000;1;12;24;0;0;0;0;0;0;0;0;0;0;0;0
2022;10;TT;TODAS CONSOLIDADAS;00;NO CATEGORIZADO;LORETO;160000;720;6570;10323;22,2;18,64;1,89;1,74;2,18;31515;20830;10685;59639;36324;23315;730
2022;10;TT;TODAS CONSOLIDADAS;01;1 ESTRELLA;LORETO;160000;6;91;134;11,95;10,91;2,09;2,24;1,71;217;155;62;453;347;106;15
2022;10;TT;TODAS CONSOLIDADAS;00;NO CATEGORIZADO;PUNO;210000;699;6624;11278;20,11;16,7;1,16;1,16;1,08;50422;48418;2004;58391;56229;2162;1155
2022;10;TT;TODAS CONSOLIDADAS;01;1 ESTRELLA;HUÁNUCO;100000;25;508;755;56,98;57,49;1,22;1,22;0;11026;11026;0;13455;13455;0;89
2022;10;TT;TODAS CONSOLIDADAS;02;2 ESTRELLAS;CALLAO;070000;7;223;419;48,05;49,43;1,01;1,01;1,02;6360;6102;258;6420;6156;264;30
2022;10;TT;TODAS CONSOLIDADAS;02;2 ESTRELLAS;CUSCO;080000;97;2011;3771;30,2;25,88;1,52;1,39;1,65;19894;10090;9804;30255;14046;16209;526
2022;10;TT;TODAS CONSOLIDADAS;02;2 ESTRELLAS;HUANCAVELICA;090000;3;85;156;19,66;14,02;2,49;2,51;1,33;272;269;3;678;674;4;9
2022;10;TT;TODAS CONSOLIDADAS;02;2 ESTRELLAS;HUÁNUCO;100000;63;1545;2444;42,77;37,68;1,15;1,15;1,13;24759;24683;76;28548;28462;86;263
2022;10;TT;TODAS CONSOLIDADAS;02;2 ESTRELLAS;JUNÍN;120000;53;1257;2309;26,46;22,97;1,32;1,32;1,45;12480;12335;145;16441;16231;210;208
2022;10;TT;TODAS CONSOLIDADAS;02;2 ESTRELLAS;LA LIBERTAD;130000;160;2848;5095;20,7;20,05;1,25;1,24;1,46;25426;25147;279;31668;31261;407;487
2022;10;TT;TODAS CONSOLIDADAS;02;2 ESTRELLAS;LAMBAYEQUE;140000;231;4392;6387;20,12;16,11;1,12;1,12;1,2;28380;28142;238;31903;31618;285;749
2022;10;TT;TODAS CONSOLIDADAS;02;2 ESTRELLAS;LIMA;150000;265;8587;15324;40,24;37,91;1,34;1,31;1,89;176930;167518;9412;236983;219158;17825;1814
2022;10;TT;TODAS CONSOLIDADAS;02;2 ESTRELLAS;LORETO;160000;19;410;661;23,2;18,73;1,67;1,66;1,83;2296;2083;213;3837;3448;389;77
2022;10;TT;TODAS CONSOLIDADAS;02;2 ESTRELLAS;MADRE DE DIOS;170000;14;409;702;39,62;27,97;1,31;1,31;1,35;4642;4387;255;6086;5741;345;71
2022;10;TT;TODAS CONSOLIDADAS;02;2 ESTRELLAS;MOQUEGUA;180000;82;1371;2258;23,42;16,95;1,64;1,65;1,21;7228;7131;97;11862;11745;117;253
2022;10;TT;TODAS CONSOLIDADAS;02;2 ESTRELLAS;PASCO;190000;21;450;833;47,38;53,51;1,32;1,32;0;10479;10479;0;13818;13818;0;75
2022;10;TT;TODAS CONSOLIDADAS;02;2 ESTRELLAS;PIURA;200000;47;1014;1668;36,03;31,77;1,77;1,72;2,57;9270;8663;607;16427;14870;1557;202
2022;10;TT;TODAS CONSOLIDADAS;02;2 ESTRELLAS;PUNO;210000;68;1223;2227;21,98;16,09;1,4;1,42;1,33;7945;6377;1568;11111;9032;2079;208
2022;10;TT;TODAS CONSOLIDADAS;02;2 ESTRELLAS;SAN MARTÍN;220000;51;1145;1920;40,29;33,83;1,83;1,82;1,98;11019;10828;191;20137;19758;379;230
2022;10;TT;TODAS CONSOLIDADAS;02;2 ESTRELLAS;TACNA;230000;58;1364;2753;30,6;21,83;1,69;1,64;1,75;10993;5502;5491;18627;9045;9582;254
2022;10;TT;TODAS CONSOLIDADAS;02;2 ESTRELLAS;TUMBES;240000;14;345;710;57,15;31,88;9,59;9,74;2,2;732;717;15;7017;6984;33;71
2022;10;TT;TODAS CONSOLIDADAS;02;2 ESTRELLAS;UCAYALI;250000;4;129;229;18,05;10,47;1,75;1,75;1,81;424;393;31;743;687;56;27
2022;10;TT;TODAS CONSOLIDADAS;03;3 ESTRELLAS;AMAZONAS;010000;29;604;1095;34,76;27,43;1,69;1,68;1,83;5496;4895;601;9312;8215;1097;127
2022;10;TT;TODAS CONSOLIDADAS;03;3 ESTRELLAS;APURÍMAC;030000;6;177;312;58,37;40,26;1,51;1,51;1,45;2587;2435;152;3894;3674;220;41
2022;10;TT;TODAS CONSOLIDADAS;03;3 ESTRELLAS;AREQUIPA;040000;108;2648;4964;34,36;30,61;1,75;1,81;1,66;26889;15796;11093;47100;28635;18465;697
2022;10;TT;TODAS CONSOLIDADAS;03;3 ESTRELLAS;AYACUCHO;050000;11;343;656;28,21;27,05;2,21;2,22;2,12;2488;2169;319;5500;4823;677;115
2022;10;TT;TODAS CONSOLIDADAS;03;3 ESTRELLAS;CAJAMARCA;060000;121;2895;4729;23,37;19,35;1,51;1,51;1,58;18763;18213;550;28369;27502;867;613
2022;10;TT;TODAS CONSOLIDADAS;03;3 ESTRELLAS;CALLAO;070000;4;233;392;41,87;41,91;1,6;1,66;1,43;3193;2237;956;5093;3722;1371;55
2022;10;TT;TODAS CONSOLIDADAS;03;3 ESTRELLAS;CUSCO;080000;112;3651;7268;42,16;38,09;1,85;1,97;1,81;46391;11123;35268;85810;21878;63932;1103
2022;10;TT;TODAS CONSOLIDADAS;03;3 ESTRELLAS;HUANCAVELICA;090000;2;65;108;18,61;12,34;1,78;1,78;1;232;231;1;413;412;1;20
2022;10;TT;TODAS CONSOLIDADAS;03;3 ESTRELLAS;HUÁNUCO;100000;15;539;997;28,08;21,7;1,5;1,5;1,46;4486;4288;198;6707;6418;289;102
2022;10;TT;TODAS CONSOLIDADAS;03;3 ESTRELLAS;ICA;110000;83;2443;5450;42,97;31,23;1,53;1,59;1,39;34427;24712;9715;52758;39265;13493;561
2022;10;TT;TODAS CONSOLIDADAS;03;3 ESTRELLAS;JUNÍN;120000;23;861;1621;30,28;25,04;1,49;1,48;1,67;8463;8316;147;12582;12336;246;207
2022;10;TT;TODAS CONSOLIDADAS;03;3 ESTRELLAS;LA LIBERTAD;130000;140;3482;6583;32,56;28,76;1,46;1,44;1,9;40158;38144;2014;58690;54872;3818;770
2022;10;TT;TODAS CONSOLIDADAS;03;3 ESTRELLAS;LIMA;150000;190;8829;16817;46,79;38,68;1,75;1,53;2,15;115428;75659;39769;201649;116026;85623;2005
2022;10;TT;TODAS CONSOLIDADAS;03;3 ESTRELLAS;LORETO;160000;30;824;1445;35,23;30,05;2,09;2,07;2,14;6455;5430;1025;13463;11266;2197;454
2022;10;TT;TODAS CONSOLIDADAS;03;3 ESTRELLAS;MADRE DE DIOS;170000;6;207;369;44,66;36,74;1,75;1,9;1,33;2408;1738;670;4203;3309;894;81
2022;10;TT;TODAS CONSOLIDADAS;03;3 ESTRELLAS;MOQUEGUA;180000;12;315;572;17,07;12,38;1,79;1,78;1,84;1228;1137;91;2195;2028;167;59
2022;10;TT;TODAS CONSOLIDADAS;03;3 ESTRELLAS;PASCO;190000;5;124;234;45,47;47,19;1,63;1,64;1,57;2094;2071;23;3423;3387;36;21
2022;10;TT;TODAS CONSOLIDADAS;03;3 ESTRELLAS;PUNO;210000;35;1063;2016;39,71;34,68;1,51;1,61;1,45;14379;5292;9087;21671;8497;13174;229
2022;10;TT;TODAS CONSOLIDADAS;03;3 ESTRELLAS;SAN MARTÍN;220000;29;909;1687;33,7;32,47;2,15;2,15;2,07;7892;7686;206;16982;16556;426;215
2022;10;TT;TODAS CONSOLIDADAS;03;3 ESTRELLAS;TACNA;230000;21;661;1386;29,6;24,24;1,92;1,85;1,99;5418;2676;2742;10417;4958;5459;150
2022;10;TT;TODAS CONSOLIDADAS;03;3 ESTRELLAS;TUMBES;240000;17;419;898;38,28;42,15;3,25;3,25;3,27;3613;3387;226;11735;10997;738;129
2022;10;TT;TODAS CONSOLIDADAS;03;3 ESTRELLAS;UCAYALI;250000;17;582;958;32,41;28,09;1,89;1,89;1,79;4415;4202;213;8342;7961;381;134
2022;10;TT;TODAS CONSOLIDADAS;04;4 ESTRELLAS;AREQUIPA;040000;12;577;1091;40,08;40,13;1,91;2,14;1,69;7117;3473;3644;13572;7424;6148;221
2022;10;TT;TODAS CONSOLIDADAS;04;4 ESTRELLAS;CAJAMARCA;060000;4;214;355;53,8;54,44;2,17;2,08;2,92;2762;2459;303;5991;5105;886;119
2022;10;TT;TODAS CONSOLIDADAS;04;4 ESTRELLAS;CALLAO;070000;2;371;599;95,2;80,76;1,26;1,29;1,26;11876;2207;9669;14996;2858;12138;133
2022;10;TT;TODAS CONSOLIDADAS;04;4 ESTRELLAS;CUSCO;080000;16;1150;2224;76,4;71,84;2,04;1,93;2,08;24222;5323;18899;49530;10268;39262;611
2022;10;TT;TODAS CONSOLIDADAS;04;4 ESTRELLAS;HUÁNUCO;100000;1;61;104;63,78;46,87;2,13;2,18;1,7;708;641;67;1511;1397;114;26
2022;10;TT;TODAS CONSOLIDADAS;04;4 ESTRELLAS;ICA;110000;7;744;1550;41,68;46,89;1,89;1,9;1,89;11890;9083;2807;22531;17215;5316;397
2022;10;TT;TODAS CONSOLIDADAS;04;4 ESTRELLAS;JUNÍN;120000;1;40;66;20,97;13,54;1,3;1,3;0;213;213;0;277;277;0;19
2022;10;TT;TODAS CONSOLIDADAS;04;4 ESTRELLAS;LA LIBERTAD;130000;3;206;326;66,25;62,14;2,04;1,97;2,25;3075;2325;750;6280;4590;1690;78
2022;10;TT;TODAS CONSOLIDADAS;04;4 ESTRELLAS;LAMBAYEQUE;140000;5;349;643;63,92;54,62;1,62;1,6;1,78;6719;5829;890;10888;9301;1587;270
2022;10;TT;TODAS CONSOLIDADAS;04;4 ESTRELLAS;LIMA;150000;52;5159;9217;50,13;47,93;2,21;1,9;2,46;62106;28445;33661;136946;54015;82931;1993
2022;10;TT;TODAS CONSOLIDADAS;04;4 ESTRELLAS;LORETO;160000;3;102;171;45,07;39,88;2,08;2,19;1,67;1016;798;218;2114;1749;365;35
2022;10;TT;TODAS CONSOLIDADAS;04;4 ESTRELLAS;MOQUEGUA;180000;2;123;232;36,87;22,04;1,64;1,7;1,51;969;640;329;1585;1087;498;52
2022;10;TT;TODAS CONSOLIDADAS;04;4 ESTRELLAS;PIURA;200000;3;299;556;51,05;42,53;1,94;1,92;2,08;3773;3167;606;7330;6068;1262;58
2022;10;TT;TODAS CONSOLIDADAS;04;4 ESTRELLAS;PUNO;210000;7;447;842;45,28;42,76;1,76;1,73;1,76;6348;1132;5216;11160;1956;9204;143
2022;10;TT;TODAS CONSOLIDADAS;04;4 ESTRELLAS;SAN MARTÍN;220000;1;24;57;54,03;46,69;2,15;2,2;1,63;383;353;30;825;776;49;17
2022;10;TT;TODAS CONSOLIDADAS;04;4 ESTRELLAS;TUMBES;240000;6;667;1623;63,6;64,19;2,39;2,4;2,24;13541;11981;1560;32296;28808;3488;599
2022;10;TT;TODAS CONSOLIDADAS;04;4 ESTRELLAS;UCAYALI;250000;5;288;513;46,42;39,5;2,34;2,33;2,39;2687;2324;363;6282;5414;868;109
2022;10;TT;TODAS CONSOLIDADAS;05;5 ESTRELLAS;AREQUIPA;040000;3;241;352;59,15;71,84;1,6;1,51;1,73;4905;2923;1982;7839;4418;3421;167
2022;10;TT;TODAS CONSOLIDADAS;05;5 ESTRELLAS;CUSCO;080000;15;1288;2530;60,85;54,19;1,78;2,05;1,72;23923;3978;19945;42499;8141;34358;1193
2022;10;TT;TODAS CONSOLIDADAS;05;5 ESTRELLAS;ICA;110000;4;461;1110;43,45;37,81;2,05;2;2,21;6359;5070;1289;13012;10165;2847;375
2022;10;TT;TODAS CONSOLIDADAS;05;5 ESTRELLAS;LA LIBERTAD;130000;2;267;450;48,16;50,06;2,3;2,16;3,01;3041;2539;502;6983;5472;1511;177
2022;10;TT;TODAS CONSOLIDADAS;05;5 ESTRELLAS;LIMA;150000;30;4602;8161;50,85;39,16;2,37;1,74;2,66;41821;13246;28575;99060;23048;76012;2708
2022;10;TT;TODAS CONSOLIDADAS;05;5 ESTRELLAS;LORETO;160000;1;60;91;70,27;81,89;1,94;2,1;1,81;1191;522;669;2310;1098;1212;54
2022;10;TT;TODAS CONSOLIDADAS;05;5 ESTRELLAS;PIURA;200000;1;83;167;72,21;57,93;2,1;2,02;2,36;1431;1121;310;2999;2267;732;59
2022;10;TT;TODAS CONSOLIDADAS;05;5 ESTRELLAS;PUNO;210000;1;123;231;60,79;65,3;1,15;1,06;1,18;4057;1069;2988;4676;1138;3538;58
2022;10;TT;TODAS CONSOLIDADAS;05;5 ESTRELLAS;SAN MARTÍN;220000;1;50;108;59,68;79,39;1,77;1,77;2,03;1500;1469;31;2658;2595;63;63
2022;10;TT;TODAS CONSOLIDADAS;05;5 ESTRELLAS;UCAYALI;250000;2;162;300;41,02;35,02;2,23;2,23;2,22;1459;1311;148;3257;2929;328;71
2022;10;TT;TODAS CONSOLIDADAS;12;ALBERGUE;AMAZONAS;010000;1;6;11;0;0;0;0;0;0;0;0;0;0;0;0
2022;10;TT;TODAS CONSOLIDADAS;12;ALBERGUE;ÁNCASH;020000;8;76;172;0;0;0;0;0;0;0;0;0;0;0;0
2022;10;TT;TODAS CONSOLIDADAS;12;ALBERGUE;AREQUIPA;040000;6;116;267;46,61;38,58;1,4;1,39;1,41;2281;849;1432;3193;1178;2015;107
2022;10;TT;TODAS CONSOLIDADAS;12;ALBERGUE;CAJAMARCA;060000;1;11;22;0;0;0;0;0;0;0;0;0;0;0;0
2022;10;TT;TODAS CONSOLIDADAS;12;ALBERGUE;CUSCO;080000;15;219;694;55,6;46,32;1,5;1,54;1,5;6659;187;6472;9965;288;9677;127
2022;10;TT;TODAS CONSOLIDADAS;12;ALBERGUE;JUNÍN;120000;1;32;104;36,9;33,72;1,95;1,94;2,33;557;545;12;1087;1059;28;19
2022;10;TT;TODAS CONSOLIDADAS;12;ALBERGUE;LIMA;150000;8;137;401;56,72;31,09;1,49;1,63;1,45;2599;556;2043;3865;905;2960;35
2022;10;TT;TODAS CONSOLIDADAS;12;ALBERGUE;LORETO;160000;56;738;1576;23,09;21,13;2,12;1,75;2,47;4879;2395;2484;10323;4186;6137;225
2022;10;TT;TODAS CONSOLIDADAS;12;ALBERGUE;MADRE DE DIOS;170000;10;275;560;34,57;35,12;2,74;2,66;2,75;2223;163;2060;6097;433;5664;208
2022;10;TT;TODAS CONSOLIDADAS;12;ALBERGUE;PUNO;210000;1;13;35;0;0;0;0;0;0;0;0;0;0;0;0
2022;10;TT;TODAS CONSOLIDADAS;12;ALBERGUE;SAN MARTÍN;220000;9;141;325;20,09;17,76;2,13;2,07;2,53;840;737;103;1789;1528;261;55
2022;10;TT;TODAS CONSOLIDADAS;12;ALBERGUE;UCAYALI;250000;3;34;86;25,43;24,16;2,8;2,71;3,65;230;207;23;644;560;84;22
2022;10;TT;TODAS CONSOLIDADAS;13;ECOLODGE;AREQUIPA;040000;1;23;51;27,63;26,31;1,96;2,28;1,77;212;80;132;416;182;234;8
2022;10;TT;TODAS CONSOLIDADAS;13;ECOLODGE;SAN MARTÍN;220000;1;12;24;0;0;0;0;0;0;0;0;0;0;0;0
2022;10;TT;TODAS CONSOLIDADAS;TT;TODAS CONSOLIDADAS;AMAZONAS;010000;400;5250;8555;25,11;19,72;1,2;1,2;1,48;45297;44081;1216;55517;53519;1998;894
2022;10;TT;TODAS CONSOLIDADAS;TT;TODAS CONSOLIDADAS;ÁNCASH;020000;910;11895;20824;24,67;20,07;1,2;1,2;1,13;111191;106647;4544;135142;129262;5880;2094
2022;10;TT;TODAS CONSOLIDADAS;TT;TODAS CONSOLIDADAS;APURÍMAC;030000;492;4966;7701;17,03;13,44;1,13;1,13;1,06;30377;29922;455;35200;34659;541;549
2022;10;TT;TODAS CONSOLIDADAS;TT;TODAS CONSOLIDADAS;AREQUIPA;040000;1446;17540;30482;25,5;21,68;1,48;1,45;1,59;150404;111436;38968;228557;165414;63143;3769
2022;10;TT;TODAS CONSOLIDADAS;TT;TODAS CONSOLIDADAS;AYACUCHO;050000;580;6297;10196;18,26;15,27;1,21;1,21;1,28;39451;38611;840;50293;48872;1421;856
2022;10;TT;TODAS CONSOLIDADAS;TT;TODAS CONSOLIDADAS;CAJAMARCA;060000;930;13057;20563;19,72;15,88;1,26;1,26;1,33;79704;78418;1286;105554;103253;2301;2432
2022;10;TT;TODAS CONSOLIDADAS;TT;TODAS CONSOLIDADAS;CALLAO;070000;282;4673;8597;35,66;33,21;1,02;1,02;1,11;143111;131262;11849;149542;134719;14824;1195
2022;10;TT;TODAS CONSOLIDADAS;TT;TODAS CONSOLIDADAS;CUSCO;080000;2092;26823;49831;28,89;26,55;1,63;1,41;1,84;282387;109622;172765;477121;161033;316088;7145
2022;10;TT;TODAS CONSOLIDADAS;TT;TODAS CONSOLIDADAS;HUANCAVELICA;090000;198;2415;3750;22,43;18,16;1,12;1,12;1,24;18737;18697;40;20896;20846;50;311
2022;10;TT;TODAS CONSOLIDADAS;TT;TODAS CONSOLIDADAS;HUÁNUCO;100000;574;7877;12032;23,95;20,69;1,16;1,16;1;75164;74518;646;89463;88664;799;1142
2022;10;TT;TODAS CONSOLIDADAS;TT;TODAS CONSOLIDADAS;ICA;110000;960;14320;26288;26,42;21,65;1,33;1,33;1,3;141768;114438;27330;203519;164015;39504;3183
2022;10;TT;TODAS CONSOLIDADAS;TT;TODAS CONSOLIDADAS;JUNÍN;120000;1378;16381;27080;26,57;23,78;1,16;1,16;1,58;168349;167655;694;198798;197686;1112;2921
2022;10;TT;TODAS CONSOLIDADAS;TT;TODAS CONSOLIDADAS;LA LIBERTAD;130000;1178;14130;24770;17,36;14,88;1,15;1,14;1,38;115497;110242;5255;150035;140513;9522;2135
2022;10;TT;TODAS CONSOLIDADAS;TT;TODAS CONSOLIDADAS;LAMBAYEQUE;140000;698;10529;15649;20,94;17,33;1,1;1,1;1,15;78551;76550;2001;93866;90857;3009;1930
2022;10;TT;TODAS CONSOLIDADAS;TT;TODAS CONSOLIDADAS;LIMA;150000;6833;81886;144867;26,48;23,36;1,18;1,17;1,32;2882008;2724416;157592;3513352;3192707;320645;43289
2022;10;TT;TODAS CONSOLIDADAS;TT;TODAS CONSOLIDADAS;LORETO;160000;835;8795;14401;22,81;19,31;1,91;1,76;2,19;47569;32213;15356;92139;58418;33721;1590
2022;10;TT;TODAS CONSOLIDADAS;TT;TODAS CONSOLIDADAS;MADRE DE DIOS;170000;348;5293;8999;24,81;20,23;1,29;1,24;1,58;45308;37296;8012;60427;45698;14729;1141
2022;10;TT;TODAS CONSOLIDADAS;02;2 ESTRELLAS;ICA;110000;114;2292;3916;25,4;20,28;1,24;1,25;1,08;19824;19040;784;24617;23771;846;373
2022;10;TT;TODAS CONSOLIDADAS;03;3 ESTRELLAS;ÁNCASH;020000;65;1723;3144;23,44;18,71;1,8;1,76;2,15;10148;9211;937;18234;16217;2017;386
2022;10;TT;TODAS CONSOLIDADAS;03;3 ESTRELLAS;LAMBAYEQUE;140000;61;1532;2535;31,16;26,18;1,49;1,49;1,61;13819;13416;403;20575;19928;647;334
2022;10;TT;TODAS CONSOLIDADAS;03;3 ESTRELLAS;PIURA;200000;18;646;1143;40,01;31,16;1,87;1,8;2,3;5903;5034;869;11040;9043;1997;217
2022;10;TT;TODAS CONSOLIDADAS;04;4 ESTRELLAS;TACNA;230000;1;150;300;38,02;33,16;1,74;1,65;1,8;1773;718;1055;3084;1184;1900;32
2022;10;TT;TODAS CONSOLIDADAS;12;ALBERGUE;ICA;110000;1;10;30;24,52;21,61;1,63;1,68;1,17;123;111;12;201;187;14;6
2022;10;TT;TODAS CONSOLIDADAS;12;ALBERGUE;PASCO;190000;15;239;695;23,66;19,35;1,47;1,45;2,65;2843;2800;43;4168;4054;114;47
2022;10;TT;TODAS CONSOLIDADAS;TT;TODAS CONSOLIDADAS;MOQUEGUA;180000;301;3865;6568;17,71;12,63;1,44;1,44;1,2;18156;17530;626;27311;26403;908;636
2022;10;TT;TODAS CONSOLIDADAS;TT;TODAS CONSOLIDADAS;PASCO;190000;383;4841;8084;23,98;21,65;1,35;1,35;,95;44094;43984;110;59589;59395;194;859
2022;10;TT;TODAS CONSOLIDADAS;TT;TODAS CONSOLIDADAS;PIURA;200000;1084;12482;22575;35,97;29,02;1,69;1,64;2,06;121450;107547;13903;207429;178475;28954;2564
2022;10;TT;TODAS CONSOLIDADAS;TT;TODAS CONSOLIDADAS;PUNO;210000;844;10052;17583;21,32;17,65;1,19;1,2;1,12;87721;66635;21086;111927;81533;30394;1872
2022;10;TT;TODAS CONSOLIDADAS;TT;TODAS CONSOLIDADAS;SAN MARTÍN;220000;850;10960;17575;32,1;27,66;1,42;1,41;1,65;106002;104026;1976;156115;152663;3452;1738
2022;10;TT;TODAS CONSOLIDADAS;TT;TODAS CONSOLIDADAS;TACNA;230000;497;6265;11822;14,68;11,81;1,54;1,38;1,92;33315;19795;13520;54455;29476;24979;947
2022;10;TT;TODAS CONSOLIDADAS;TT;TODAS CONSOLIDADAS;TUMBES;240000;254;3667;7570;19,09;15,73;2,47;2,45;2,56;25646;23440;2206;66214;60929;5285;1175
2022;10;TT;TODAS CONSOLIDADAS;TT;TODAS CONSOLIDADAS;UCAYALI;250000;492;6163;9770;26,14;23,74;2,07;2,08;1,85;36177;34903;1274;75182;72558;2624;1252
2022;11;00;NO CLASIFICADO;00;NO CATEGORIZADO;HUANCAVELICA;090000;191;2220;3400;25,19;20,5;1,08;1,08;1,25;19327;19236;91;20906;20792;114;272
2022;11;00;NO CLASIFICADO;00;NO CATEGORIZADO;ICA;110000;735;8163;13940;25,08;21,28;1,25;1,24;1,31;71087;58418;12669;88974;72427;16547;1483
2022;11;00;NO CLASIFICADO;00;NO CATEGORIZADO;MADRE DE DIOS;170000;304;4148;6895;22,7;17,66;1,22;1,2;1,42;29879;26843;3036;36533;32225;4308;716
2022;11;00;NO CLASIFICADO;00;NO CATEGORIZADO;MOQUEGUA;180000;184;1757;3001;15,52;10,27;1,35;1,36;1,08;6825;6785;40;9243;9200;43;228
2022;11;00;NO CLASIFICADO;00;NO CATEGORIZADO;TACNA;230000;405;3852;6952;7,77;6,29;1,21;1,2;1,29;10792;9113;1679;13111;10943;2168;482
2022;11;00;NO CLASIFICADO;TT;TODAS CONSOLIDADAS;HUANCAVELICA;090000;191;2220;3400;25,19;20,5;1,08;1,08;1,25;19327;19236;91;20906;20792;114;272
2022;11;00;NO CLASIFICADO;TT;TODAS CONSOLIDADAS;MOQUEGUA;180000;184;1757;3001;15,52;10,27;1,35;1,36;1,08;6825;6785;40;9243;9200;43;228
2022;11;00;NO CLASIFICADO;TT;TODAS CONSOLIDADAS;TACNA;230000;405;3852;6952;7,77;6,29;1,21;1,2;1,29;10792;9113;1679;13111;10943;2168;482
2022;11;01;HOTEL;01;1 ESTRELLA;ICA;110000;4;82;108;0;0;0;0;0;0;0;0;0;0;0;0
2022;11;01;HOTEL;01;1 ESTRELLA;MADRE DE DIOS;170000;5;138;242;21,23;18,18;1;1;1;1320;1277;43;1320;1277;43;23
2022;11;01;HOTEL;01;1 ESTRELLA;MOQUEGUA;180000;1;21;42;8,1;4,21;1,18;1,18;0;45;45;0;53;53;0;4
2022;11;01;HOTEL;01;1 ESTRELLA;TACNA;230000;2;57;112;3,8;2,35;2,03;2,03;0;39;39;0;79;79;0;5
2022;11;01;HOTEL;02;2 ESTRELLAS;AYACUCHO;050000;10;291;528;22,99;18,55;1,49;1,5;1,22;1967;1926;41;2939;2889;50;41
2022;11;00;NO CLASIFICADO;00;NO CATEGORIZADO;AMAZONAS;010000;263;2500;4040;21,89;15,28;1,12;1,11;1,38;16571;16376;195;18515;18246;269;427
2022;11;01;HOTEL;01;1 ESTRELLA;AMAZONAS;010000;1;20;35;0;0;0;0;0;0;0;0;0;0;0;0
2022;11;01;HOTEL;02;2 ESTRELLAS;AMAZONAS;010000;32;865;1382;26,17;22,19;1,33;1,33;1,81;6897;6861;36;9199;9134;65;146
2022;11;00;NO CLASIFICADO;00;NO CATEGORIZADO;ÁNCASH;020000;599;5613;9702;21,08;16,19;1,18;1,19;1,04;39808;37777;2031;47135;45020;2115;972
2022;11;01;HOTEL;01;1 ESTRELLA;ÁNCASH;020000;16;471;745;18,82;16,83;1,21;1,21;0;3113;3113;0;3762;3762;0;67
2022;11;00;NO CLASIFICADO;00;NO CATEGORIZADO;APURÍMAC;030000;474;4392;6743;16,88;13,8;1,18;1,18;1,14;23745;23506;239;27907;27634;273;462
2022;11;00;NO CLASIFICADO;00;NO CATEGORIZADO;AREQUIPA;040000;1087;9817;16577;21,3;17,88;1,43;1,39;1,56;62350;49208;13142;88914;68468;20446;1844
2022;11;01;HOTEL;01;1 ESTRELLA;AREQUIPA;040000;6;210;367;58,71;34,22;1,81;1,75;2,23;2085;1818;267;3768;3173;595;34
2022;11;01;HOTEL;02;2 ESTRELLAS;AREQUIPA;040000;41;1168;2080;21,61;17,93;1,32;1,3;1,66;8452;7892;560;11188;10258;930;191
2022;11;00;NO CLASIFICADO;00;NO CATEGORIZADO;AYACUCHO;050000;539;5223;8293;14,5;11,59;1,2;1,2;1,27;24060;23887;173;28836;28617;219;635
2022;11;00;NO CLASIFICADO;TT;TODAS CONSOLIDADAS;AYACUCHO;050000;539;5223;8293;14,5;11,59;1,2;1,2;1,27;24060;23887;173;28836;28617;219;635
2022;11;01;HOTEL;01;1 ESTRELLA;AYACUCHO;050000;7;177;307;10,87;9,66;1,63;1,63;0;547;547;0;890;890;0;29
2022;11;00;NO CLASIFICADO;00;NO CATEGORIZADO;CAJAMARCA;060000;622;6144;9586;13,68;11,4;1,21;1,2;2;27208;27163;45;32792;32702;90;696
2022;11;01;HOTEL;01;1 ESTRELLA;CAJAMARCA;060000;6;170;278;11,78;8,26;1,06;1,06;0;653;653;0;689;689;0;26
2022;11;00;NO CLASIFICADO;00;NO CATEGORIZADO;CALLAO;070000;257;3610;6725;35,62;32,84;1,01;1,01;1,12;115315;114664;651;116899;116170;729;932
2022;11;00;NO CLASIFICADO;TT;TODAS CONSOLIDADAS;CALLAO;070000;257;3610;6725;35,62;32,84;1,01;1,01;1,12;115315;114664;651;116899;116170;729;932
2022;11;01;HOTEL;01;1 ESTRELLA;CALLAO;070000;1;34;68;19,8;19,8;1;1;0;404;404;0;404;404;0;2
2022;11;00;NO CLASIFICADO;00;NO CATEGORIZADO;CUSCO;080000;1804;17987;32497;25,71;23,76;1,71;1,44;1,94;135860;63540;72320;231646;91533;140113;3513
2022;11;01;HOTEL;01;1 ESTRELLA;CUSCO;080000;4;115;187;18,2;20,2;1,74;1,74;1,83;651;645;6;1133;1122;11;19
2022;11;00;NO CLASIFICADO;00;NO CATEGORIZADO;HUÁNUCO;100000;470;5246;7757;20,2;17,43;1,22;1,22;1,12;33319;33150;169;40568;40378;190;666
2022;11;00;NO CLASIFICADO;00;NO CATEGORIZADO;JUNÍN;120000;1279;13723;22110;19,51;16,02;1,14;1,14;1,38;93368;92918;450;106278;105659;619;2398
2022;11;00;NO CLASIFICADO;TT;TODAS CONSOLIDADAS;JUNÍN;120000;1279;13723;22110;19,51;16,02;1,14;1,14;1,38;93368;92918;450;106278;105659;619;2398
2022;11;01;HOTEL;01;1 ESTRELLA;JUNÍN;120000;6;246;511;16,59;10,93;1,42;1,42;0;1181;1181;0;1675;1675;0;26
2022;11;00;NO CLASIFICADO;00;NO CATEGORIZADO;LA LIBERTAD;130000;836;6761;11320;15,21;11,91;1,06;1,05;1,21;38169;36732;1437;40450;38707;1743;569
2022;11;00;NO CLASIFICADO;TT;TODAS CONSOLIDADAS;LA LIBERTAD;130000;836;6761;11320;15,21;11,91;1,06;1,05;1,21;38169;36732;1437;40450;38707;1743;569
2022;11;01;HOTEL;01;1 ESTRELLA;LA LIBERTAD;130000;5;116;201;20,34;14,03;1;1;1;846;832;14;846;832;14;20
2022;11;00;NO CLASIFICADO;00;NO CATEGORIZADO;LAMBAYEQUE;140000;381;3936;5650;19,63;16,71;1,03;1,03;1,07;27387;26915;472;28321;27816;505;522
2022;11;01;HOTEL;01;1 ESTRELLA;LAMBAYEQUE;140000;3;101;145;3,33;2,71;1;1;0;118;118;0;118;118;0;17
2022;11;00;NO CLASIFICADO;00;NO CATEGORIZADO;LIMA;150000;6191;52417;91139;23,74;20,66;1,12;1,11;1,79;2272484;2222521;49963;2553159;2463825;89334;33905
2022;11;00;NO CLASIFICADO;TT;TODAS CONSOLIDADAS;LIMA;150000;6191;52417;91139;23,74;20,66;1,12;1,11;1,79;2272484;2222521;49963;2553159;2463825;89334;33905
2022;11;01;HOTEL;01;1 ESTRELLA;LIMA;150000;10;375;641;44,85;42,95;1,17;1,17;0;6630;6630;0;7773;7773;0;53
2022;11;00;NO CLASIFICADO;00;NO CATEGORIZADO;LORETO;160000;720;6570;10323;18,44;15,6;1,7;1,56;1,98;28445;19006;9439;48327;29657;18670;738
2022;11;00;NO CLASIFICADO;TT;TODAS CONSOLIDADAS;LORETO;160000;720;6570;10323;18,44;15,6;1,7;1,56;1,98;28445;19006;9439;48327;29657;18670;738
2022;11;00;NO CLASIFICADO;00;NO CATEGORIZADO;PASCO;190000;311;3487;5527;14,31;11,77;1,25;1,25;1,07;15553;15523;30;19512;19480;32;628
2022;11;00;NO CLASIFICADO;TT;TODAS CONSOLIDADAS;PASCO;190000;311;3487;5527;14,31;11,77;1,25;1,25;1,07;15553;15523;30;19512;19480;32;628
2022;11;01;HOTEL;01;1 ESTRELLA;PASCO;190000;6;168;270;25,52;25,75;1,47;1,47;0;1416;1416;0;2086;2086;0;32
2022;11;00;NO CLASIFICADO;00;NO CATEGORIZADO;PIURA;200000;1011;10362;18925;34,11;26,59;1,75;1,67;2,35;86527;77209;9318;150991;129138;21853;2005
2022;11;00;NO CLASIFICADO;TT;TODAS CONSOLIDADAS;PIURA;200000;1011;10362;18925;34,11;26,59;1,75;1,67;2,35;86527;77209;9318;150991;129138;21853;2005
2022;11;01;HOTEL;01;1 ESTRELLA;PIURA;200000;2;40;87;0;0;0;0;0;0;0;0;0;0;0;0
2022;11;00;NO CLASIFICADO;00;NO CATEGORIZADO;PUNO;210000;697;6609;11220;21,56;18,15;1,15;1,15;1,08;53306;51137;2169;61107;58762;2345;1142
2022;11;00;NO CLASIFICADO;TT;TODAS CONSOLIDADAS;PUNO;210000;697;6609;11220;21,56;18,15;1,15;1,15;1,08;53306;51137;2169;61107;58762;2345;1142
2022;11;01;HOTEL;01;1 ESTRELLA;PUNO;210000;5;131;229;15,85;12,74;1,3;1,3;0;671;671;0;875;875;0;18
2022;11;00;NO CLASIFICADO;00;NO CATEGORIZADO;SAN MARTÍN;220000;734;8347;12920;28;23,07;1,3;1,28;2,27;68990;67811;1179;89404;86733;2671;1106
2022;11;01;HOTEL;01;1 ESTRELLA;SAN MARTÍN;220000;6;126;195;31,8;39,11;1,17;1,17;0;1960;1960;0;2288;2288;0;24
2022;11;00;NO CLASIFICADO;00;NO CATEGORIZADO;TUMBES;240000;217;2246;4355;15,21;10,1;1,68;1,67;1,8;7834;6976;858;13194;11652;1542;383
2022;11;00;NO CLASIFICADO;TT;TODAS CONSOLIDADAS;TUMBES;240000;217;2246;4355;15,21;10,1;1,68;1,67;1,8;7834;6976;858;13194;11652;1542;383
2022;11;00;NO CLASIFICADO;00;NO CATEGORIZADO;UCAYALI;250000;461;4970;7688;25,59;22,46;2,13;2,14;1,88;24286;23839;447;51803;50961;842;888
2022;11;00;NO CLASIFICADO;TT;TODAS CONSOLIDADAS;UCAYALI;250000;461;4970;7688;25,59;22,46;2,13;2,14;1,88;24286;23839;447;51803;50961;842;888
2022;11;00;NO CLASIFICADO;TT;TODAS CONSOLIDADAS;AMAZONAS;010000;263;2500;4040;21,89;15,28;1,12;1,11;1,38;16571;16376;195;18515;18246;269;427
2022;11;00;NO CLASIFICADO;TT;TODAS CONSOLIDADAS;ÁNCASH;020000;599;5613;9702;21,08;16,19;1,18;1,19;1,04;39808;37777;2031;47135;45020;2115;972
2022;11;01;HOTEL;02;2 ESTRELLAS;ÁNCASH;020000;50;1319;2445;20,11;14,33;1,28;1,28;1,27;8220;7964;256;10510;10185;325;213
2022;11;00;NO CLASIFICADO;TT;TODAS CONSOLIDADAS;APURÍMAC;030000;474;4392;6743;16,88;13,8;1,18;1,18;1,14;23745;23506;239;27907;27634;273;462
2022;11;01;HOTEL;01;1 ESTRELLA;APURÍMAC;030000;2;79;112;25,19;22,26;1;1;0;748;748;0;748;748;0;12
2022;11;01;HOTEL;02;2 ESTRELLAS;APURÍMAC;030000;4;194;330;14,59;13,89;1,12;1,12;1;1228;1221;7;1375;1368;7;18
2022;11;00;NO CLASIFICADO;TT;TODAS CONSOLIDADAS;AREQUIPA;040000;1087;9817;16577;21,3;17,88;1,43;1,39;1,56;62350;49208;13142;88914;68468;20446;1844
2022;11;00;NO CLASIFICADO;TT;TODAS CONSOLIDADAS;CAJAMARCA;060000;622;6144;9586;13,68;11,4;1,21;1,2;2;27208;27163;45;32792;32702;90;696
2022;11;00;NO CLASIFICADO;TT;TODAS CONSOLIDADAS;CUSCO;080000;1804;17987;32497;25,71;23,76;1,71;1,44;1,94;135860;63540;72320;231646;91533;140113;3513
2022;11;00;NO CLASIFICADO;TT;TODAS CONSOLIDADAS;HUÁNUCO;100000;470;5246;7757;20,2;17,43;1,22;1,22;1,12;33319;33150;169;40568;40378;190;666
2022;11;01;HOTEL;01;1 ESTRELLA;HUÁNUCO;100000;8;248;378;38,52;37,37;1;1;1;4238;4178;60;4238;4178;60;41
2022;11;00;NO CLASIFICADO;TT;TODAS CONSOLIDADAS;ICA;110000;735;8163;13940;25,08;21,28;1,25;1,24;1,31;71087;58418;12669;88974;72427;16547;1483
2022;11;00;NO CLASIFICADO;TT;TODAS CONSOLIDADAS;LAMBAYEQUE;140000;381;3936;5650;19,63;16,71;1,03;1,03;1,07;27387;26915;472;28321;27816;505;522
2022;11;00;NO CLASIFICADO;TT;TODAS CONSOLIDADAS;MADRE DE DIOS;170000;304;4148;6895;22,7;17,66;1,22;1,2;1,42;29879;26843;3036;36533;32225;4308;716
2022;11;00;NO CLASIFICADO;TT;TODAS CONSOLIDADAS;SAN MARTÍN;220000;734;8347;12920;28;23,07;1,3;1,28;2,27;68990;67811;1179;89404;86733;2671;1106
2022;11;01;HOTEL;02;2 ESTRELLAS;CAJAMARCA;060000;43;1232;1848;16,58;11,74;1,19;1,19;1,32;5475;5393;82;6511;6403;108;197
2022;11;01;HOTEL;02;2 ESTRELLAS;CALLAO;070000;1;40;67;26,92;27,26;1,43;1,38;1,48;382;170;212;548;235;313;6
2022;11;01;HOTEL;02;2 ESTRELLAS;CUSCO;080000;45;1163;2203;23,99;20,14;1,5;1,32;1,67;8881;4244;4637;13311;5584;7727;376
2022;11;01;HOTEL;02;2 ESTRELLAS;HUANCAVELICA;090000;2;46;85;43,04;28,9;3,02;3,02;0;244;244;0;737;737;0;9
2022;11;01;HOTEL;02;2 ESTRELLAS;HUÁNUCO;100000;40;1242;1938;33,8;29,99;1,25;1,25;1,19;13930;13914;16;17434;17415;19;195
2022;11;01;HOTEL;02;2 ESTRELLAS;ICA;110000;50;1378;2392;28,16;18,75;1,55;1,55;1,25;8666;8654;12;13458;13443;15;220
2022;11;01;HOTEL;02;2 ESTRELLAS;JUNÍN;120000;27;838;1489;21,87;16,74;1,3;1,29;1,71;5746;5662;84;7476;7332;144;127
2022;11;01;HOTEL;02;2 ESTRELLAS;LA LIBERTAD;130000;22;515;942;15,65;15,37;1,14;1,14;0;3819;3819;0;4343;4343;0;84
2022;11;01;HOTEL;02;2 ESTRELLAS;LAMBAYEQUE;140000;73;2078;3124;21,41;17,67;1,11;1,11;1,31;14857;14719;138;16556;16375;181;330
2022;11;01;HOTEL;02;2 ESTRELLAS;LIMA;150000;126;5307;9369;44,04;39,73;1,32;1,3;1,74;97806;94133;3672;128694;122314;6380;974
2022;11;01;HOTEL;02;2 ESTRELLAS;LORETO;160000;14;338;549;20,48;13,86;1,39;1,36;1,61;1638;1447;191;2282;1974;308;63
2022;11;01;HOTEL;02;2 ESTRELLAS;MADRE DE DIOS;170000;9;279;507;41,74;30,84;1,44;1,43;1,6;3256;3094;162;4691;4431;260;46
2022;11;01;HOTEL;02;2 ESTRELLAS;MOQUEGUA;180000;17;446;768;19,36;13,23;1,77;1,73;2,21;1720;1578;142;3049;2735;314;81
2022;11;01;HOTEL;02;2 ESTRELLAS;PASCO;190000;6;191;345;55,93;63,11;1,75;1,75;0;3736;3736;0;6532;6532;0;33
2022;11;01;HOTEL;02;2 ESTRELLAS;PIURA;200000;20;481;790;38,12;32,1;1,67;1,68;1,4;4557;4431;126;7607;7430;177;102
2022;11;01;HOTEL;02;2 ESTRELLAS;SAN MARTÍN;220000;30;834;1418;37,99;32,64;1,99;1,98;2,32;6979;6806;173;13883;13481;402;163
2022;11;01;HOTEL;02;2 ESTRELLAS;TACNA;230000;33;928;1894;34,55;28,23;2,12;2,09;2,13;7576;2918;4658;16042;6105;9937;173
2022;11;01;HOTEL;02;2 ESTRELLAS;TUMBES;240000;9;279;582;65,59;34,51;22,31;22,31;0;270;270;0;6025;6025;0;53
2022;11;01;HOTEL;02;2 ESTRELLAS;UCAYALI;250000;2;58;93;13,97;10,32;3,47;3,53;2;83;80;3;288;282;6;11
2022;11;01;HOTEL;03;3 ESTRELLAS;AMAZONAS;010000;19;453;807;23,02;18,05;1,6;1,57;1,92;2731;2493;238;4371;3914;457;101
2022;11;01;HOTEL;03;3 ESTRELLAS;ÁNCASH;020000;42;1392;2476;22,84;17;1,64;1,61;2,27;7682;7319;363;12631;11808;823;297
2022;11;01;HOTEL;03;3 ESTRELLAS;APURÍMAC;030000;4;132;239;59,49;39,75;1,55;1,56;1,42;1838;1658;180;2850;2594;256;25
2022;11;01;HOTEL;03;3 ESTRELLAS;AREQUIPA;040000;68;2027;3828;33,25;27,29;1,73;1,82;1,59;18109;10948;7161;31342;19958;11384;556
2022;11;01;HOTEL;03;3 ESTRELLAS;AYACUCHO;050000;9;305;579;19,15;17,46;2,1;2,01;2,82;1442;1273;169;3033;2557;476;92
2022;11;01;HOTEL;03;3 ESTRELLAS;CAJAMARCA;060000;69;2132;3497;19,79;15,15;1,53;1,51;1,95;10395;9950;445;15892;15023;869;431
2022;11;01;HOTEL;03;3 ESTRELLAS;CALLAO;070000;4;233;392;41,12;37,37;1,59;1,7;1,35;2758;1890;868;4395;3219;1176;55
2022;11;01;HOTEL;03;3 ESTRELLAS;CUSCO;080000;89;3220;6406;37,49;32,46;1,82;1,9;1,8;34310;6946;27364;62374;13213;49161;1022
2022;11;01;HOTEL;03;3 ESTRELLAS;HUANCAVELICA;090000;2;65;108;17,74;12,19;1,65;1,64;1,75;240;236;4;395;388;7;20
2022;11;01;HOTEL;03;3 ESTRELLAS;HUÁNUCO;100000;13;494;934;22,01;13,71;1,44;1,44;1,36;2673;2628;45;3841;3780;61;102
2022;11;01;HOTEL;03;3 ESTRELLAS;ICA;110000;50;1826;4291;34,19;23,13;1,48;1,56;1,31;20055;13867;6188;29773;21685;8088;454
2022;11;01;HOTEL;03;3 ESTRELLAS;JUNÍN;120000;20;801;1513;22;17,07;1,3;1,3;1,34;5946;5858;88;7746;7628;118;163
2022;11;01;HOTEL;03;3 ESTRELLAS;LA LIBERTAD;130000;85;2562;4804;30,3;25,38;1,63;1,59;2,1;22435;20585;1850;36576;32687;3889;590
2022;11;01;HOTEL;03;3 ESTRELLAS;LAMBAYEQUE;140000;37;1227;2089;28,4;21,79;1,49;1,48;1,66;9141;8679;462;13655;12888;767;252
2022;11;01;HOTEL;03;3 ESTRELLAS;LIMA;150000;165;8280;15768;47,17;38,28;1,79;1,52;2,32;100973;66968;34005;181073;102105;78968;1896
2022;11;01;HOTEL;03;3 ESTRELLAS;LORETO;160000;21;647;1151;34,02;27,53;2,06;2,11;1,92;4618;3354;1264;9505;7075;2430;406
2022;11;01;HOTEL;03;3 ESTRELLAS;MADRE DE DIOS;170000;5;185;340;39,77;30,03;1,58;1,66;1,36;1934;1428;506;3063;2376;687;77
2022;11;01;HOTEL;03;3 ESTRELLAS;MOQUEGUA;180000;8;261;488;22,64;16,26;1,86;1,86;1,82;1281;1153;128;2381;2148;233;59
2022;11;01;HOTEL;03;3 ESTRELLAS;PASCO;190000;4;114;217;28,3;37,14;1,41;1,41;0;1715;1715;0;2418;2418;0;17
2022;11;01;HOTEL;03;3 ESTRELLAS;PIURA;200000;15;578;991;38,84;26,78;1,91;1,82;2,32;4165;3436;729;7963;6270;1693;169
2022;11;01;HOTEL;03;3 ESTRELLAS;SAN MARTÍN;220000;22;770;1396;28,08;23,53;2,01;2,01;1,86;4903;4751;152;9856;9573;283;182
2022;11;01;HOTEL;03;3 ESTRELLAS;TACNA;230000;15;557;1174;26,89;19,3;1,79;1,75;1,85;3795;2166;1629;6798;3780;3018;132
2022;11;01;HOTEL;03;3 ESTRELLAS;TUMBES;240000;10;314;649;35,59;34,66;2,51;2,51;2,51;2690;2347;343;6749;5889;860;126
2022;11;01;HOTEL;03;3 ESTRELLAS;UCAYALI;250000;15;537;887;33,94;27,82;1,96;1,99;1,65;3775;3464;311;7402;6890;512;128
2022;11;01;HOTEL;04;4 ESTRELLAS;AREQUIPA;040000;11;558;1059;34,88;29,97;1,85;2,02;1,7;5159;2339;2820;9521;4714;4807;217
2022;11;01;HOTEL;04;4 ESTRELLAS;CAJAMARCA;060000;4;214;355;43,96;38,38;1,99;1,87;2,93;2050;1806;244;4087;3371;716;120
2022;11;01;HOTEL;04;4 ESTRELLAS;CALLAO;070000;2;371;599;91,57;77,81;1,29;1,24;1,3;10817;1894;8923;13982;2351;11631;133
2022;11;01;HOTEL;04;4 ESTRELLAS;CUSCO;080000;15;1120;2199;61,52;55,86;1,92;1,82;1,94;19205;2917;16288;36852;5296;31556;604
2022;11;01;HOTEL;04;4 ESTRELLAS;HUÁNUCO;100000;1;63;108;49,31;35,99;1,91;1,92;1,82;609;576;33;1166;1106;60;26
2022;11;01;HOTEL;04;4 ESTRELLAS;ICA;110000;7;753;1579;29,12;28,47;1,73;1,79;1,59;7787;5591;2196;13485;9996;3489;337
2022;11;01;HOTEL;04;4 ESTRELLAS;JUNÍN;120000;1;40;66;29,5;18,48;1,06;1,06;0;345;345;0;366;366;0;19
2022;11;01;HOTEL;04;4 ESTRELLAS;LA LIBERTAD;130000;3;206;326;54,71;48,32;2,03;2,03;2,04;2326;1836;490;4726;3727;999;78
2022;11;01;HOTEL;04;4 ESTRELLAS;LAMBAYEQUE;140000;5;359;663;60,41;46,72;1,52;1,48;1,72;6128;5288;840;9292;7847;1445;270
2022;11;01;HOTEL;04;4 ESTRELLAS;LIMA;150000;43;4322;7640;48,98;46,24;2,26;1,8;2,52;46948;17155;29793;105985;30802;75183;1434
2022;11;01;HOTEL;04;4 ESTRELLAS;LORETO;160000;2;89;148;45,73;40;2,97;3,14;1,95;598;514;84;1776;1612;164;29
2022;11;01;HOTEL;04;4 ESTRELLAS;MOQUEGUA;180000;2;123;232;33,28;19,78;2,11;1,99;2,54;652;510;142;1377;1017;360;52
2022;11;01;HOTEL;04;4 ESTRELLAS;PIURA;200000;3;300;558;47,9;42,56;1,74;1,76;1,69;4098;3017;1081;7124;5297;1827;58
2022;11;01;HOTEL;04;4 ESTRELLAS;TACNA;230000;1;150;300;36,33;28,92;1,71;1,73;1,69;1523;711;812;2603;1231;1372;32
2022;11;01;HOTEL;04;4 ESTRELLAS;TUMBES;240000;5;265;522;34,79;35,6;2,1;2,22;1,77;2656;1953;703;5575;4333;1242;140
2022;11;01;HOTEL;04;4 ESTRELLAS;UCAYALI;250000;5;288;513;39,41;30,53;2,21;2,21;2,22;2128;1756;372;4699;3873;826;106
2022;11;01;HOTEL;05;5 ESTRELLAS;AREQUIPA;040000;3;241;352;60,26;62,83;1,64;1,46;2,03;4037;2730;1307;6635;3983;2652;167
2022;11;01;HOTEL;05;5 ESTRELLAS;CUSCO;080000;15;1288;2530;49,31;43,78;1,72;1,73;1,72;19323;2325;16998;33226;4019;29207;1109
2022;11;01;HOTEL;05;5 ESTRELLAS;ICA;110000;3;346;880;41,11;34,67;1,63;1,6;1,73;5619;4356;1263;9153;6963;2190;386
2022;11;01;HOTEL;05;5 ESTRELLAS;LA LIBERTAD;130000;2;267;450;38,95;34,52;1,83;1,72;2,25;2553;2051;502;4660;3532;1128;175
2022;11;01;HOTEL;05;5 ESTRELLAS;LIMA;150000;25;4440;7804;54,69;42,2;2,41;1,69;2,66;41078;10753;30325;98809;18226;80583;2529
2022;11;01;HOTEL;05;5 ESTRELLAS;LORETO;160000;1;60;91;60,39;62,53;1,7;1,85;1,63;1003;341;662;1707;630;1077;54
2022;11;01;HOTEL;05;5 ESTRELLAS;PIURA;200000;1;83;167;75,58;50,92;1,9;1,72;2,28;1340;904;436;2551;1559;992;81
2022;11;01;HOTEL;05;5 ESTRELLAS;PUNO;210000;1;123;231;40,87;45,87;1,24;1,22;1,25;2555;675;1880;3179;822;2357;59
2022;11;01;HOTEL;05;5 ESTRELLAS;SAN MARTÍN;220000;1;50;108;31,87;35,22;1,61;1,57;2,11;710;663;47;1141;1042;99;63
2022;11;01;HOTEL;05;5 ESTRELLAS;UCAYALI;250000;2;162;300;41,83;30,67;2,23;2,32;1,8;1239;1027;212;2760;2378;382;70
2022;11;01;HOTEL;TT;TODAS CONSOLIDADAS;AMAZONAS;010000;52;1338;2224;24,72;20,34;1,41;1,39;1,91;9628;9354;274;13570;13048;522;247
2022;11;01;HOTEL;TT;TODAS CONSOLIDADAS;ÁNCASH;020000;108;3182;5666;21,11;15,83;1,41;1,4;1,85;19015;18396;619;26903;25755;1148;577
2022;11;01;HOTEL;TT;TODAS CONSOLIDADAS;APURÍMAC;030000;10;405;681;31,29;24,34;1,3;1,3;1,41;3814;3627;187;4973;4710;263;55
2022;11;01;HOTEL;TT;TODAS CONSOLIDADAS;AREQUIPA;040000;129;4204;7686;33,05;27,09;1,65;1,64;1,68;37842;25727;12115;62454;42086;20368;1165
2022;11;01;HOTEL;TT;TODAS CONSOLIDADAS;AYACUCHO;050000;26;773;1414;18,7;16,18;1,73;1,69;2,5;3956;3746;210;6862;6336;526;162
2022;11;01;HOTEL;TT;TODAS CONSOLIDADAS;CAJAMARCA;060000;122;3748;5978;19,75;15,16;1,46;1,43;2,2;18573;17802;771;27179;25486;1693;774
2022;11;01;HOTEL;TT;TODAS CONSOLIDADAS;CALLAO;070000;8;678;1126;66,82;57,22;1,35;1,42;1,31;14361;4358;10003;19329;6209;13120;196
2022;11;01;HOTEL;TT;TODAS CONSOLIDADAS;CUSCO;080000;168;6906;13525;41;36,2;1,78;1,71;1,8;82370;17077;65293;146896;29234;117662;3130
2022;11;01;HOTEL;TT;TODAS CONSOLIDADAS;HUÁNUCO;100000;62;2047;3358;32;26,48;1,24;1,24;1,3;21450;21296;154;26679;26479;200;364
2022;11;01;HOTEL;TT;TODAS CONSOLIDADAS;ICA;110000;114;4385;9250;31,33;23,74;1,56;1,6;1,43;42127;32468;9659;65869;52087;13782;1397
2022;11;01;HOTEL;TT;TODAS CONSOLIDADAS;JUNÍN;120000;54;1925;3579;21,41;16,08;1,31;1,3;1,52;13218;13046;172;17263;17001;262;335
2022;11;01;HOTEL;TT;TODAS CONSOLIDADAS;LA LIBERTAD;130000;117;3666;6723;29,93;25,36;1,6;1,55;2,11;31979;29123;2856;51151;45121;6030;947
2022;11;01;HOTEL;TT;TODAS CONSOLIDADAS;LAMBAYEQUE;140000;118;3765;6021;26,92;21,93;1,31;1,29;1,66;30244;28804;1440;39621;37228;2393;869
2022;11;01;HOTEL;TT;TODAS CONSOLIDADAS;LIMA;150000;369;22724;41222;48,87;41,03;1,9;1,5;2,48;296317;174933;121385;563486;262302;301184;7989
2022;11;01;HOTEL;TT;TODAS CONSOLIDADAS;LORETO;160000;38;1134;1939;32,3;26,25;1,94;2;1,81;7857;5656;2201;15270;11291;3979;552
2022;11;01;HOTEL;TT;TODAS CONSOLIDADAS;MADRE DE DIOS;170000;19;602;1089;36,43;27,77;1,39;1,39;1,39;6510;5799;711;9074;8084;990;146
2022;11;01;HOTEL;TT;TODAS CONSOLIDADAS;MOQUEGUA;180000;28;851;1530;22,1;14,95;1,86;1,81;2,2;3698;3286;412;6860;5953;907;196
2022;11;01;HOTEL;TT;TODAS CONSOLIDADAS;PASCO;190000;16;473;832;38,47;44,21;1,61;1,61;0;6867;6867;0;11036;11036;0;82
2022;11;01;HOTEL;TT;TODAS CONSOLIDADAS;PIURA;200000;41;1482;2593;41,45;32,45;1,78;1,74;1,98;14160;11788;2372;25245;20556;4689;410
2022;11;01;HOTEL;TT;TODAS CONSOLIDADAS;PUNO;210000;63;2152;4024;30,3;25,5;1,55;1,55;1,55;19847;7960;11887;30787;12353;18434;502
2022;11;01;HOTEL;TT;TODAS CONSOLIDADAS;SAN MARTÍN;220000;59;1780;3117;33,09;29,05;1,87;1,86;2,11;14552;14180;372;27168;26384;784;432
2022;11;01;HOTEL;TT;TODAS CONSOLIDADAS;TACNA;230000;51;1692;3480;31,15;24,45;1,97;1,92;2,02;12933;5834;7099;25522;11195;14327;342
2022;11;01;HOTEL;TT;TODAS CONSOLIDADAS;TUMBES;240000;24;858;1753;45,1;34,89;3,27;3,56;2,01;5616;4570;1046;18349;16247;2102;319
2022;11;01;HOTEL;TT;TODAS CONSOLIDADAS;UCAYALI;250000;24;1045;1793;35,56;28,16;2,1;2,12;1,92;7225;6327;898;15149;13423;1726;315
2022;11;02;APART HOTEL;03;3 ESTRELLAS;ÁNCASH;020000;2;16;44;24,17;23,94;1,51;1,51;0;209;209;0;316;316;0;4
2022;11;02;APART HOTEL;03;3 ESTRELLAS;APURÍMAC;030000;1;21;30;0;0;0;0;0;0;0;0;0;0;0;0
2022;11;02;APART HOTEL;03;3 ESTRELLAS;AREQUIPA;040000;1;19;36;1,4;1,02;1,57;1,57;0;7;7;0;11;11;0;2
2022;11;02;APART HOTEL;03;3 ESTRELLAS;CAJAMARCA;060000;2;13;24;0;0;0;0;0;0;0;0;0;0;0;0
2022;11;02;APART HOTEL;03;3 ESTRELLAS;ICA;110000;1;10;24;0;0;0;0;0;0;0;0;0;0;0;0
2022;11;02;APART HOTEL;03;3 ESTRELLAS;LA LIBERTAD;130000;1;11;24;0;0;0;0;0;0;0;0;0;0;0;0
2022;11;02;APART HOTEL;03;3 ESTRELLAS;LIMA;150000;8;206;375;52,69;37,92;3,63;3,62;3,63;1176;497;679;4266;1798;2468;46
2022;11;02;APART HOTEL;03;3 ESTRELLAS;LORETO;160000;1;45;94;0;0;0;0;0;0;0;0;0;0;0;0
2022;11;02;APART HOTEL;03;3 ESTRELLAS;MOQUEGUA;180000;1;9;10;52,96;47,67;11;13,14;8,5;13;7;6;143;92;51;3
2022;11;02;APART HOTEL;03;3 ESTRELLAS;PASCO;190000;1;10;17;9,33;6,08;1;1;0;31;31;0;31;31;0;4
2022;11;02;APART HOTEL;03;3 ESTRELLAS;TUMBES;240000;2;18;50;43,33;25,2;3,71;3,8;3,32;102;83;19;378;315;63;15
2022;11;02;APART HOTEL;04;4 ESTRELLAS;AREQUIPA;040000;1;19;32;23,86;38,96;2,02;2,28;1,54;185;120;65;374;274;100;6
2022;11;02;APART HOTEL;04;4 ESTRELLAS;LIMA;150000;8;610;1270;69,38;55,95;2,16;1,53;4,24;9866;7580;2286;21318;11617;9701;419
2022;11;02;APART HOTEL;04;4 ESTRELLAS;LORETO;160000;1;13;23;88,72;59,42;1,26;1,09;1,4;325;148;177;410;162;248;6
2022;11;02;APART HOTEL;04;4 ESTRELLAS;SAN MARTÍN;220000;1;24;57;60,97;39,06;1,99;1,93;2,35;335;280;55;668;539;129;17
2022;11;02;APART HOTEL;05;5 ESTRELLAS;LIMA;150000;6;399;673;64,57;44,54;3,32;3,16;3,44;2707;1141;1566;8993;3608;5385;165
2022;11;02;APART HOTEL;TT;TODAS CONSOLIDADAS;ÁNCASH;020000;2;16;44;24,17;23,94;1,51;1,51;0;209;209;0;316;316;0;4
2022;11;02;APART HOTEL;TT;TODAS CONSOLIDADAS;APURÍMAC;030000;1;21;30;0;0;0;0;0;0;0;0;0;0;0;0
2022;11;02;APART HOTEL;TT;TODAS CONSOLIDADAS;AREQUIPA;040000;2;38;68;12,63;18,87;2,01;2,24;1,54;192;127;65;385;285;100;8
2022;11;02;APART HOTEL;TT;TODAS CONSOLIDADAS;CAJAMARCA;060000;2;13;24;0;0;0;0;0;0;0;0;0;0;0;0
2022;11;02;APART HOTEL;TT;TODAS CONSOLIDADAS;ICA;110000;1;10;24;0;0;0;0;0;0;0;0;0;0;0;0
2022;11;02;APART HOTEL;TT;TODAS CONSOLIDADAS;LA LIBERTAD;130000;1;11;24;0;0;0;0;0;0;0;0;0;0;0;0
2022;11;02;APART HOTEL;TT;TODAS CONSOLIDADAS;LORETO;160000;2;58;117;19,89;11,68;1,26;1,09;1,4;325;148;177;410;162;248;6
2022;11;02;APART HOTEL;TT;TODAS CONSOLIDADAS;MOQUEGUA;180000;1;9;10;52,96;47,67;11;13,14;8,5;13;7;6;143;92;51;3
2022;11;02;APART HOTEL;TT;TODAS CONSOLIDADAS;PASCO;190000;1;10;17;9,33;6,08;1;1;0;31;31;0;31;31;0;4
2022;11;02;APART HOTEL;TT;TODAS CONSOLIDADAS;SAN MARTÍN;220000;1;24;57;60,97;39,06;1,99;1,93;2,35;335;280;55;668;539;129;17
2022;11;02;APART HOTEL;TT;TODAS CONSOLIDADAS;TUMBES;240000;2;18;50;43,33;25,2;3,71;3,8;3,32;102;83;19;378;315;63;15
2022;11;03;HOSTAL;01;1 ESTRELLA;AMAZONAS;010000;17;239;361;42,4;36,89;1;1;0;3985;3985;0;3995;3995;0;41
2022;11;03;HOSTAL;01;1 ESTRELLA;ÁNCASH;020000;40;557;923;34,56;31,68;1,11;1,11;1;7904;7900;4;8771;8767;4;90
2022;11;03;HOSTAL;01;1 ESTRELLA;APURÍMAC;030000;1;10;20;0;0;0;0;0;0;0;0;0;0;0;0
2022;11;03;HOSTAL;01;1 ESTRELLA;AREQUIPA;040000;51;754;1151;28,56;27,99;1,67;1,67;1,49;5796;5578;218;9665;9340;325;128
2022;11;03;HOSTAL;01;1 ESTRELLA;AYACUCHO;050000;7;114;194;24,44;36,19;1,48;1,48;0;1423;1423;0;2106;2106;0;19
2022;11;03;HOSTAL;01;1 ESTRELLA;CAJAMARCA;060000;21;373;571;9,34;6,58;1,21;1,21;1;936;918;18;1128;1110;18;64
2022;11;03;HOSTAL;01;1 ESTRELLA;CALLAO;070000;11;202;394;43,18;36,83;1,12;1,12;1,16;3953;3714;239;4436;4158;278;44
2022;11;03;HOSTAL;01;1 ESTRELLA;CUSCO;080000;23;397;649;25,99;23,01;1,07;1,06;1,18;4204;4153;51;4481;4421;60;60
2022;11;03;HOSTAL;01;1 ESTRELLA;HUANCAVELICA;090000;2;29;45;50,34;32,74;1,02;1,02;0;432;432;0;442;442;0;5
2022;11;03;HOSTAL;01;1 ESTRELLA;HUÁNUCO;100000;16;232;345;51,54;57,13;1,77;1,77;0;3346;3346;0;5913;5913;0;44
2022;11;03;HOSTAL;01;1 ESTRELLA;ICA;110000;12;157;223;35,67;34,47;1;1;1;2306;2295;11;2306;2295;11;28
2022;11;03;HOSTAL;01;1 ESTRELLA;JUNÍN;120000;12;171;294;18,71;13,66;1,23;1,23;0;983;983;0;1205;1205;0;29
2022;11;03;HOSTAL;01;1 ESTRELLA;LA LIBERTAD;130000;32;449;786;31,18;35,53;1;1;1;8377;8146;231;8377;8146;231;78
2022;11;03;HOSTAL;01;1 ESTRELLA;LAMBAYEQUE;140000;17;217;271;24,19;20,7;1,21;1,21;1,25;1392;1380;12;1683;1668;15;37
2022;11;03;HOSTAL;01;1 ESTRELLA;LIMA;150000;86;1756;3115;40,88;33,37;1,09;1,09;1,17;36685;36251;434;40162;39653;509;393
2022;11;03;HOSTAL;01;1 ESTRELLA;LORETO;160000;5;75;102;15,11;14,9;1,76;1,79;1,7;259;169;90;456;303;153;12
2022;11;03;HOSTAL;01;1 ESTRELLA;MADRE DE DIOS;170000;1;35;68;17,33;14,31;2;2;0;146;146;0;292;292;0;4
2022;11;03;HOSTAL;01;1 ESTRELLA;MOQUEGUA;180000;17;233;385;14,22;10,25;1,43;1,43;1,38;826;813;13;1184;1166;18;38
2022;11;03;HOSTAL;01;1 ESTRELLA;PASCO;190000;18;323;466;25,46;17,31;1,06;1,06;0;2284;2284;0;2420;2420;0;52
2022;11;03;HOSTAL;01;1 ESTRELLA;PIURA;200000;3;56;81;28,69;18,23;1,82;1,81;2;244;237;7;443;429;14;11
2022;11;03;HOSTAL;01;1 ESTRELLA;SAN MARTÍN;220000;1;20;34;20,17;15,1;1,34;1,34;0;115;115;0;154;154;0;8
2022;11;03;HOSTAL;01;1 ESTRELLA;TACNA;230000;10;179;315;11,9;9,27;1,02;1,01;1,03;860;672;188;876;682;194;29
2022;11;03;HOSTAL;02;2 ESTRELLAS;AMAZONAS;010000;53;941;1488;27,41;24,56;1,14;1,12;2,01;9643;9420;223;10965;10517;448;144
2022;11;03;HOSTAL;02;2 ESTRELLAS;ÁNCASH;020000;133;2149;3718;35,41;33,11;1,09;1,08;1,27;33999;33518;481;36928;36317;611;362
2022;11;03;HOSTAL;02;2 ESTRELLAS;APURÍMAC;030000;5;118;182;33,81;29,98;1,19;1,19;0;1370;1370;0;1637;1637;0;17
2022;11;03;HOSTAL;02;2 ESTRELLAS;AREQUIPA;040000;120;1866;3357;29,55;24,68;1,6;1,61;1,51;15575;13597;1978;24854;21869;2985;319
2022;11;03;HOSTAL;02;2 ESTRELLAS;AYACUCHO;050000;6;89;146;12,77;19;2,11;2,11;0;394;394;0;832;832;0;18
2022;11;03;HOSTAL;02;2 ESTRELLAS;CAJAMARCA;060000;116;2082;3271;18,61;15,38;1,24;1,24;1,27;12162;12023;139;15091;14914;177;336
2022;11;03;HOSTAL;02;2 ESTRELLAS;CALLAO;070000;6;182;350;63,9;64,6;1;1;1;6783;6734;49;6783;6734;49;30
2022;11;03;HOSTAL;02;2 ESTRELLAS;CUSCO;080000;52;849;1569;40,2;33,87;1,72;1,75;1,65;9277;6597;2680;15942;11512;4430;154
2022;11;03;HOSTAL;02;2 ESTRELLAS;HUANCAVELICA;090000;1;37;67;0;0;0;0;0;0;0;0;0;0;0;0
2022;11;03;HOSTAL;02;2 ESTRELLAS;HUÁNUCO;100000;23;304;511;30,72;29,14;1,01;1,01;1;4426;4386;40;4467;4427;40;60
2022;11;03;HOSTAL;02;2 ESTRELLAS;ICA;110000;65;928;1536;19,06;17,19;1,1;1,11;1,03;7179;6882;297;7920;7614;306;154
2022;11;03;HOSTAL;02;2 ESTRELLAS;JUNÍN;120000;26;411;816;27,47;26,21;1,31;1,31;1,44;4889;4853;36;6416;6364;52;80
2022;11;03;HOSTAL;02;2 ESTRELLAS;LA LIBERTAD;130000;137;2313;4122;19,56;21,16;1,25;1,25;1,51;20865;20629;236;26165;25808;357;394
2022;11;03;HOSTAL;02;2 ESTRELLAS;LAMBAYEQUE;140000;158;2331;3263;21,97;15,76;1,09;1,09;1,18;14179;14032;147;15428;15255;173;425
2022;11;03;HOSTAL;02;2 ESTRELLAS;LIMA;150000;137;3254;5931;34,52;30,41;1,33;1,23;2,07;58843;51704;7140;78524;63756;14769;810
2022;11;03;HOSTAL;02;2 ESTRELLAS;LORETO;160000;5;72;112;19,35;23,63;1,68;1,67;1,75;472;405;67;794;677;117;14
2022;11;03;HOSTAL;02;2 ESTRELLAS;MADRE DE DIOS;170000;4;112;163;45,33;30,43;1,66;1,67;1,47;896;849;47;1488;1419;69;21
2022;11;03;HOSTAL;02;2 ESTRELLAS;MOQUEGUA;180000;66;938;1520;19,37;15,58;1,27;1,27;1,11;5583;5527;56;7105;7043;62;171
2022;11;03;HOSTAL;02;2 ESTRELLAS;PASCO;190000;14;251;472;27,52;22,19;1,53;1,5;6;2055;2042;13;3142;3064;78;40
2022;11;03;HOSTAL;02;2 ESTRELLAS;PIURA;200000;27;533;878;30,49;24,83;1,64;1,5;2,29;3979;3261;718;6539;4896;1643;101
2022;11;03;HOSTAL;02;2 ESTRELLAS;SAN MARTÍN;220000;21;311;516;33,85;29,95;1,42;1,43;1;3255;3240;15;4636;4621;15;64
2022;11;03;HOSTAL;02;2 ESTRELLAS;TACNA;230000;25;433;857;30,69;21,05;2,23;2,07;2,27;2426;509;1917;5412;1052;4360;81
2022;11;03;HOSTAL;02;2 ESTRELLAS;TUMBES;240000;5;66;131;11,36;9,11;1,79;1,78;1,88;200;184;16;358;328;30;18
2022;11;03;HOSTAL;02;2 ESTRELLAS;UCAYALI;250000;2;71;136;25,21;13,65;1,64;1,66;1,45;339;319;20;557;528;29;16
2022;11;03;HOSTAL;03;3 ESTRELLAS;AMAZONAS;010000;10;152;290;57,43;42,17;1,59;1,58;1,72;2304;2143;161;3669;3392;277;27
2022;11;03;HOSTAL;03;3 ESTRELLAS;ÁNCASH;020000;21;310;598;16,44;10,47;1,87;1,76;2,31;1005;807;198;1878;1420;458;60
2022;11;03;HOSTAL;03;3 ESTRELLAS;APURÍMAC;030000;1;24;43;0;0;0;0;0;0;0;0;0;0;0;0
2022;11;03;HOSTAL;03;3 ESTRELLAS;AREQUIPA;040000;40;632;1162;31,7;26,1;1,86;1,78;2,02;4893;3240;1653;9097;5757;3340;159
2022;11;03;HOSTAL;03;3 ESTRELLAS;AYACUCHO;050000;2;38;77;37,19;24,63;2,02;1,95;2,38;281;231;50;569;450;119;20
2022;11;03;HOSTAL;03;3 ESTRELLAS;CAJAMARCA;060000;50;775;1282;23,04;18,75;1,33;1,33;1,41;5405;5231;174;7211;6965;246;193
2022;11;03;HOSTAL;03;3 ESTRELLAS;CUSCO;080000;21;366;694;29,9;24,95;1,83;1,38;2,22;2844;1335;1509;5195;1848;3347;64
2022;11;03;HOSTAL;03;3 ESTRELLAS;HUÁNUCO;100000;2;45;63;0;0;0;0;0;0;0;0;0;0;0;0
2022;11;03;HOSTAL;03;3 ESTRELLAS;ICA;110000;32;567;1073;35,48;24,28;1,4;1,44;1,22;5564;4644;920;7817;6696;1121;109
2022;11;03;HOSTAL;03;3 ESTRELLAS;JUNÍN;120000;3;60;114;39,67;27,78;1,71;1,7;2,22;554;536;18;950;910;40;35
2022;11;03;HOSTAL;03;3 ESTRELLAS;LA LIBERTAD;130000;54;909;1754;39,24;35,14;1,21;1,21;1,17;15238;14928;310;18491;18127;364;173
2022;11;03;HOSTAL;03;3 ESTRELLAS;LAMBAYEQUE;140000;24;337;491;31,61;26,65;1,28;1,28;1,28;3059;2981;78;3925;3825;100;69
2022;11;03;HOSTAL;03;3 ESTRELLAS;LORETO;160000;8;133;229;28,77;19,56;2,22;2,19;2,56;606;561;45;1344;1229;115;48
2022;11;03;HOSTAL;03;3 ESTRELLAS;MADRE DE DIOS;170000;1;22;29;54,85;70,46;1,67;1,59;3,24;368;351;17;613;558;55;4
2022;11;03;HOSTAL;03;3 ESTRELLAS;MOQUEGUA;180000;3;45;74;0;0;0;0;0;0;0;0;0;0;0;0
2022;11;03;HOSTAL;03;3 ESTRELLAS;PASCO;190000;1;9;18;16,3;16,3;1,22;1,22;0;72;72;0;88;88;0;3
2022;11;03;HOSTAL;03;3 ESTRELLAS;PIURA;200000;3;68;152;1,81;1,84;1,75;1,76;1,71;48;34;14;84;60;24;13
2022;11;03;HOSTAL;03;3 ESTRELLAS;PUNO;210000;8;166;284;43,13;33,29;1,3;1,45;1,07;2175;1337;838;2836;1936;900;36
2022;11;03;HOSTAL;03;3 ESTRELLAS;SAN MARTÍN;220000;6;104;224;27,02;21,55;2,55;2,57;2,37;567;508;59;1448;1308;140;27
2022;11;03;HOSTAL;03;3 ESTRELLAS;TACNA;230000;6;110;230;21,21;15,22;2,77;2,57;3,13;379;243;136;1050;624;426;19
2022;11;03;HOSTAL;03;3 ESTRELLAS;TUMBES;240000;5;79;162;0;0;0;0;0;0;0;0;0;0;0;0
2022;11;03;HOSTAL;03;3 ESTRELLAS;UCAYALI;250000;2;45;71;9,63;8,97;1,87;1,87;0;102;102;0;191;191;0;6
2022;11;03;HOSTAL;TT;TODAS CONSOLIDADAS;AMAZONAS;010000;80;1332;2139;33,53;29,03;1,17;1,15;1,89;15932;15548;384;18629;17904;725;212
2022;11;03;HOSTAL;TT;TODAS CONSOLIDADAS;ÁNCASH;020000;194;3016;5239;33,31;30,27;1,11;1,1;1,57;42908;42225;683;47577;46504;1073;512
2022;11;03;HOSTAL;TT;TODAS CONSOLIDADAS;APURÍMAC;030000;7;152;245;26,25;22,27;1,19;1,19;0;1370;1370;0;1637;1637;0;17
2022;11;03;HOSTAL;TT;TODAS CONSOLIDADAS;AREQUIPA;040000;211;3252;5670;29,74;25,64;1,66;1,65;1,73;26264;22415;3849;43616;36966;6650;606
2022;11;03;HOSTAL;TT;TODAS CONSOLIDADAS;AYACUCHO;050000;15;241;417;22,14;28,03;1,67;1,65;2,38;2098;2048;50;3507;3388;119;57
2022;11;03;HOSTAL;TT;TODAS CONSOLIDADAS;CAJAMARCA;060000;187;3230;5124;18,6;15,24;1,27;1,27;1,33;18503;18172;331;23430;22989;441;593
2022;11;03;HOSTAL;TT;TODAS CONSOLIDADAS;CALLAO;070000;17;384;744;54,61;51,97;1,04;1,03;1,13;11728;11457;271;12154;11849;305;75
2022;11;03;HOSTAL;TT;TODAS CONSOLIDADAS;CUSCO;080000;96;1612;2912;34,36;29,32;1,57;1,47;1,85;16325;12085;4240;25618;17781;7837;278
2022;11;03;HOSTAL;TT;TODAS CONSOLIDADAS;HUANCAVELICA;090000;3;66;112;22,12;13,15;1,02;1,02;0;432;432;0;442;442;0;5
2022;11;03;HOSTAL;TT;TODAS CONSOLIDADAS;HUÁNUCO;100000;41;581;919;36,66;37,65;1,34;1,34;1;7772;7732;40;10380;10340;40;104
2022;11;03;HOSTAL;TT;TODAS CONSOLIDADAS;ICA;110000;109;1652;2832;26,27;21,24;1,2;1,2;1,17;15049;13821;1228;18043;16605;1438;291
2022;11;03;HOSTAL;TT;TODAS CONSOLIDADAS;JUNÍN;120000;41;642;1224;26,28;23,34;1,33;1,33;1,7;6426;6372;54;8571;8479;92;144
2022;11;03;HOSTAL;TT;TODAS CONSOLIDADAS;LA LIBERTAD;130000;223;3671;6662;25,86;26,54;1,19;1,19;1,23;44480;43703;777;53033;52081;952;645
2022;11;03;HOSTAL;TT;TODAS CONSOLIDADAS;LAMBAYEQUE;140000;199;2885;4025;23,27;17,42;1,13;1,13;1,22;18630;18393;237;21036;20748;288;531
2022;11;03;HOSTAL;TT;TODAS CONSOLIDADAS;LIMA;150000;240;5355;9724;33,94;29,11;1,23;1,17;1,85;89677;81971;7706;110400;96154;14246;1216
2022;11;03;HOSTAL;TT;TODAS CONSOLIDADAS;LORETO;160000;18;280;443;22,69;19,52;1,94;1,95;1,91;1337;1135;202;2594;2209;385;74
2022;11;03;HOSTAL;TT;TODAS CONSOLIDADAS;MADRE DE DIOS;170000;6;169;260;40,77;30,68;1,7;1,69;1,94;1410;1346;64;2393;2269;124;29
2022;11;03;HOSTAL;TT;TODAS CONSOLIDADAS;MOQUEGUA;180000;86;1216;1979;17,66;13,96;1,29;1,29;1,16;6409;6340;69;8289;8209;80;209
2022;11;03;HOSTAL;TT;TODAS CONSOLIDADAS;PASCO;190000;33;583;956;26,2;19,7;1,28;1,27;6;4411;4398;13;5650;5572;78;95
2022;11;03;HOSTAL;TT;TODAS CONSOLIDADAS;PIURA;200000;33;657;1111;27,37;21,2;1,65;1,52;2,27;4271;3532;739;7066;5385;1681;125
2022;11;03;HOSTAL;TT;TODAS CONSOLIDADAS;PUNO;210000;83;1272;2264;24,21;18,3;1,29;1,32;1,16;9641;7629;2012;12429;10103;2326;228
2022;11;03;HOSTAL;TT;TODAS CONSOLIDADAS;SAN MARTÍN;220000;28;435;774;31,59;26,86;1,58;1,57;2,09;3937;3863;74;6238;6083;155;99
2022;11;03;HOSTAL;TT;TODAS CONSOLIDADAS;TACNA;230000;41;722;1402;24,58;17,45;2;1,66;2,22;3665;1424;2241;7338;2358;4980;129
2022;11;03;HOSTAL;TT;TODAS CONSOLIDADAS;TUMBES;240000;10;145;293;5,17;4,07;1,79;1,78;1,88;200;184;16;358;328;30;18
2022;11;03;HOSTAL;TT;TODAS CONSOLIDADAS;UCAYALI;250000;4;116;207;19,17;12,05;1,7;1,71;1,45;441;421;20;748;719;29;22
2022;11;05;ALBERGUE;12;ALBERGUE;AMAZONAS;010000;1;6;11;0;0;0;0;0;0;0;0;0;0;0;0
2022;11;05;ALBERGUE;12;ALBERGUE;ÁNCASH;020000;8;78;170;0;0;0;0;0;0;0;0;0;0;0;0
2022;11;05;ALBERGUE;12;ALBERGUE;AREQUIPA;040000;6;116;267;30,72;25,04;1,38;1,39;1,37;1458;487;971;2006;675;1331;107
2022;11;05;ALBERGUE;12;ALBERGUE;CAJAMARCA;060000;1;11;22;0;0;0;0;0;0;0;0;0;0;0;0
2022;11;05;ALBERGUE;12;ALBERGUE;CUSCO;080000;15;211;681;47,06;34,5;1,45;1,39;1,45;4851;111;4740;7048;154;6894;127
2022;11;05;ALBERGUE;12;ALBERGUE;HUÁNUCO;100000;1;6;6;0;0;0;0;0;0;0;0;0;0;0;0
2022;11;05;ALBERGUE;12;ALBERGUE;ICA;110000;1;10;30;4,67;2,89;1,37;1,37;0;19;19;0;26;26;0;3
2022;11;05;ALBERGUE;12;ALBERGUE;JUNÍN;120000;1;32;104;31,88;21,09;2,58;2,6;2;255;245;10;658;638;20;18
2022;11;05;ALBERGUE;12;ALBERGUE;LIMA;150000;8;137;401;58,32;34,57;1,52;1,57;1,5;2745;524;2221;4159;821;3338;35
2022;11;05;ALBERGUE;12;ALBERGUE;LORETO;160000;54;688;1483;22,6;18,63;2,24;1,78;2,63;3707;1716;1991;8288;3051;5237;222
2022;11;05;ALBERGUE;12;ALBERGUE;MADRE DE DIOS;170000;10;275;560;31,32;29,5;2,71;2,83;2,69;1826;281;1545;4956;795;4161;207
2022;11;05;ALBERGUE;12;ALBERGUE;PASCO;190000;14;234;624;8,03;8,22;1,56;1,53;2,47;986;952;34;1539;1455;84;46
2022;11;05;ALBERGUE;12;ALBERGUE;PUNO;210000;1;13;35;0;0;0;0;0;0;0;0;0;0;0;0
2022;11;05;ALBERGUE;12;ALBERGUE;SAN MARTÍN;220000;9;141;325;27,59;22,55;2,51;2,44;2,93;877;755;122;2199;1842;357;55
2022;11;05;ALBERGUE;12;ALBERGUE;UCAYALI;250000;3;42;115;30,87;16,67;2,86;2,19;3,82;201;118;83;575;258;317;23
2022;11;05;ALBERGUE;TT;TODAS CONSOLIDADAS;AMAZONAS;010000;1;6;11;0;0;0;0;0;0;0;0;0;0;0;0
2022;11;05;ALBERGUE;TT;TODAS CONSOLIDADAS;ÁNCASH;020000;8;78;170;0;0;0;0;0;0;0;0;0;0;0;0
2022;11;05;ALBERGUE;TT;TODAS CONSOLIDADAS;AREQUIPA;040000;6;116;267;30,72;25,04;1,38;1,39;1,37;1458;487;971;2006;675;1331;107
2022;11;05;ALBERGUE;TT;TODAS CONSOLIDADAS;CAJAMARCA;060000;1;11;22;0;0;0;0;0;0;0;0;0;0;0;0
2022;11;05;ALBERGUE;TT;TODAS CONSOLIDADAS;CUSCO;080000;15;211;681;47,06;34,5;1,45;1,39;1,45;4851;111;4740;7048;154;6894;127
2022;11;05;ALBERGUE;TT;TODAS CONSOLIDADAS;HUÁNUCO;100000;1;6;6;0;0;0;0;0;0;0;0;0;0;0;0
2022;11;05;ALBERGUE;TT;TODAS CONSOLIDADAS;ICA;110000;1;10;30;4,67;2,89;1,37;1,37;0;19;19;0;26;26;0;3
2022;11;05;ALBERGUE;TT;TODAS CONSOLIDADAS;JUNÍN;120000;1;32;104;31,88;21,09;2,58;2,6;2;255;245;10;658;638;20;18
2022;11;05;ALBERGUE;TT;TODAS CONSOLIDADAS;LIMA;150000;8;137;401;58,32;34,57;1,52;1,57;1,5;2745;524;2221;4159;821;3338;35
2022;11;05;ALBERGUE;TT;TODAS CONSOLIDADAS;PASCO;190000;14;234;624;8,03;8,22;1,56;1,53;2,47;986;952;34;1539;1455;84;46
2022;11;05;ALBERGUE;TT;TODAS CONSOLIDADAS;PUNO;210000;1;13;35;0;0;0;0;0;0;0;0;0;0;0;0
2022;11;05;ALBERGUE;TT;TODAS CONSOLIDADAS;SAN MARTÍN;220000;9;141;325;27,59;22,55;2,51;2,44;2,93;877;755;122;2199;1842;357;55
2022;11;05;ALBERGUE;TT;TODAS CONSOLIDADAS;UCAYALI;250000;3;42;115;30,87;16,67;2,86;2,19;3,82;201;118;83;575;258;317;23
2022;11;14;RESORT;03;3 ESTRELLAS;ICA;110000;1;51;86;0;0;0;0;0;0;0;0;0;0;0;0
2022;11;14;RESORT;03;3 ESTRELLAS;TUMBES;240000;1;31;60;0;0;0;0;0;0;0;0;0;0;0;0
2022;11;14;RESORT;04;4 ESTRELLAS;TUMBES;240000;1;402;1101;69,98;58,28;2,41;2,45;2,28;7973;6413;1560;19249;15695;3554;445
2022;11;14;RESORT;05;5 ESTRELLAS;ICA;110000;1;115;230;0;0;0;0;0;0;0;0;0;0;0;0
2022;11;14;RESORT;TT;TODAS CONSOLIDADAS;ICA;110000;2;166;316;0;0;0;0;0;0;0;0;0;0;0;0
2022;11;14;RESORT;TT;TODAS CONSOLIDADAS;TUMBES;240000;2;433;1161;64,97;55,27;2,41;2,45;2,28;7973;6413;1560;19249;15695;3554;445
2022;11;16;ECOLODGE;13;ECOLODGE;AREQUIPA;040000;1;23;51;31,45;38,69;5,15;5,81;4,94;115;27;88;592;157;435;8
2022;11;16;ECOLODGE;TT;TODAS CONSOLIDADAS;AREQUIPA;040000;1;23;51;31,45;38,69;5,15;5,81;4,94;115;27;88;592;157;435;8
2022;11;TT;TODAS CONSOLIDADAS;00;NO CATEGORIZADO;AMAZONAS;010000;263;2500;4040;21,89;15,28;1,12;1,11;1,38;16571;16376;195;18515;18246;269;427
2022;11;TT;TODAS CONSOLIDADAS;00;NO CATEGORIZADO;APURÍMAC;030000;474;4392;6743;16,88;13,8;1,18;1,18;1,14;23745;23506;239;27907;27634;273;462
2022;11;TT;TODAS CONSOLIDADAS;00;NO CATEGORIZADO;AREQUIPA;040000;1087;9817;16577;21,3;17,88;1,43;1,39;1,56;62350;49208;13142;88914;68468;20446;1844
2022;11;TT;TODAS CONSOLIDADAS;00;NO CATEGORIZADO;AYACUCHO;050000;539;5223;8293;14,5;11,59;1,2;1,2;1,27;24060;23887;173;28836;28617;219;635
2022;11;TT;TODAS CONSOLIDADAS;00;NO CATEGORIZADO;CAJAMARCA;060000;622;6144;9586;13,68;11,4;1,21;1,2;2;27208;27163;45;32792;32702;90;696
2022;11;TT;TODAS CONSOLIDADAS;00;NO CATEGORIZADO;CALLAO;070000;257;3610;6725;35,62;32,84;1,01;1,01;1,12;115315;114664;651;116899;116170;729;932
2022;11;TT;TODAS CONSOLIDADAS;00;NO CATEGORIZADO;CUSCO;080000;1804;17987;32497;25,71;23,76;1,71;1,44;1,94;135860;63540;72320;231646;91533;140113;3513
2022;11;TT;TODAS CONSOLIDADAS;00;NO CATEGORIZADO;HUANCAVELICA;090000;191;2220;3400;25,19;20,5;1,08;1,08;1,25;19327;19236;91;20906;20792;114;272
2022;11;TT;TODAS CONSOLIDADAS;00;NO CATEGORIZADO;HUÁNUCO;100000;470;5246;7757;20,2;17,43;1,22;1,22;1,12;33319;33150;169;40568;40378;190;666
2022;11;TT;TODAS CONSOLIDADAS;00;NO CATEGORIZADO;ICA;110000;735;8163;13940;25,08;21,28;1,25;1,24;1,31;71087;58418;12669;88974;72427;16547;1483
2022;11;TT;TODAS CONSOLIDADAS;00;NO CATEGORIZADO;JUNÍN;120000;1279;13723;22110;19,51;16,02;1,14;1,14;1,38;93368;92918;450;106278;105659;619;2398
2022;11;TT;TODAS CONSOLIDADAS;00;NO CATEGORIZADO;LA LIBERTAD;130000;836;6761;11320;15,21;11,91;1,06;1,05;1,21;38169;36732;1437;40450;38707;1743;569
2022;11;TT;TODAS CONSOLIDADAS;00;NO CATEGORIZADO;LAMBAYEQUE;140000;381;3936;5650;19,63;16,71;1,03;1,03;1,07;27387;26915;472;28321;27816;505;522
2022;11;TT;TODAS CONSOLIDADAS;00;NO CATEGORIZADO;LORETO;160000;720;6570;10323;18,44;15,6;1,7;1,56;1,98;28445;19006;9439;48327;29657;18670;738
2022;11;TT;TODAS CONSOLIDADAS;00;NO CATEGORIZADO;MADRE DE DIOS;170000;304;4148;6895;22,7;17,66;1,22;1,2;1,42;29879;26843;3036;36533;32225;4308;716
2022;11;TT;TODAS CONSOLIDADAS;00;NO CATEGORIZADO;MOQUEGUA;180000;184;1757;3001;15,52;10,27;1,35;1,36;1,08;6825;6785;40;9243;9200;43;228
2022;11;TT;TODAS CONSOLIDADAS;00;NO CATEGORIZADO;PASCO;190000;311;3487;5527;14,31;11,77;1,25;1,25;1,07;15553;15523;30;19512;19480;32;628
2022;11;TT;TODAS CONSOLIDADAS;00;NO CATEGORIZADO;PIURA;200000;1011;10362;18925;34,11;26,59;1,75;1,67;2,35;86527;77209;9318;150991;129138;21853;2005
2022;11;TT;TODAS CONSOLIDADAS;00;NO CATEGORIZADO;PUNO;210000;697;6609;11220;21,56;18,15;1,15;1,15;1,08;53306;51137;2169;61107;58762;2345;1142
2022;11;TT;TODAS CONSOLIDADAS;00;NO CATEGORIZADO;SAN MARTÍN;220000;734;8347;12920;28;23,07;1,3;1,28;2,27;68990;67811;1179;89404;86733;2671;1106
2022;11;TT;TODAS CONSOLIDADAS;00;NO CATEGORIZADO;TACNA;230000;405;3852;6952;7,77;6,29;1,21;1,2;1,29;10792;9113;1679;13111;10943;2168;482
2022;11;TT;TODAS CONSOLIDADAS;00;NO CATEGORIZADO;TUMBES;240000;217;2246;4355;15,21;10,1;1,68;1,67;1,8;7834;6976;858;13194;11652;1542;383
2022;11;TT;TODAS CONSOLIDADAS;00;NO CATEGORIZADO;UCAYALI;250000;461;4970;7688;25,59;22,46;2,13;2,14;1,88;24286;23839;447;51803;50961;842;888
2022;11;TT;TODAS CONSOLIDADAS;01;1 ESTRELLA;AMAZONAS;010000;18;259;396;39,12;33,63;1;1;0;3985;3985;0;3995;3995;0;41
2022;11;TT;TODAS CONSOLIDADAS;01;1 ESTRELLA;ÁNCASH;020000;56;1028;1668;27,35;25,05;1,14;1,14;1;11017;11013;4;12533;12529;4;157
2022;11;TT;TODAS CONSOLIDADAS;01;1 ESTRELLA;APURÍMAC;030000;3;89;132;22,36;18,89;1;1;0;748;748;0;748;748;0;12
2022;11;TT;TODAS CONSOLIDADAS;01;1 ESTRELLA;AREQUIPA;040000;57;964;1518;35,13;29,5;1,7;1,69;1,9;7881;7396;485;13433;12513;920;162
2022;11;TT;TODAS CONSOLIDADAS;01;1 ESTRELLA;AYACUCHO;050000;14;291;501;16,19;19,93;1,52;1,52;0;1970;1970;0;2996;2996;0;48
2022;11;TT;TODAS CONSOLIDADAS;01;1 ESTRELLA;CALLAO;070000;12;236;462;38,81;33,61;1,11;1,1;1,16;4372;4140;232;4840;4571;269;45
2022;11;TT;TODAS CONSOLIDADAS;01;1 ESTRELLA;CUSCO;080000;27;512;836;24,24;22,38;1,16;1,16;1,25;4855;4798;57;5614;5543;71;79
2022;11;TT;TODAS CONSOLIDADAS;01;1 ESTRELLA;HUANCAVELICA;090000;2;29;45;50,34;32,74;1,02;1,02;0;432;432;0;442;442;0;5
2022;11;TT;TODAS CONSOLIDADAS;01;1 ESTRELLA;HUÁNUCO;100000;24;480;723;44,81;46,8;1,34;1,34;1;7584;7524;60;10151;10091;60;85
2022;11;TT;TODAS CONSOLIDADAS;01;1 ESTRELLA;LA LIBERTAD;130000;37;565;987;28,96;31,15;1;1;1;9223;8978;245;9223;8978;245;98
2022;11;TT;TODAS CONSOLIDADAS;01;1 ESTRELLA;LAMBAYEQUE;140000;20;318;416;17,57;14,43;1,19;1,19;1,25;1510;1498;12;1801;1786;15;54
2022;11;TT;TODAS CONSOLIDADAS;01;1 ESTRELLA;LIMA;150000;96;2131;3756;41,46;34,75;1,11;1,11;1,17;43569;43141;428;48270;47767;502;447
2022;11;TT;TODAS CONSOLIDADAS;01;1 ESTRELLA;LORETO;160000;5;75;102;15,11;14,9;1,76;1,79;1,7;259;169;90;456;303;153;12
2022;11;TT;TODAS CONSOLIDADAS;01;1 ESTRELLA;MADRE DE DIOS;170000;6;173;310;20,44;17,33;1,1;1,1;1;1466;1423;43;1612;1569;43;27
2022;11;TT;TODAS CONSOLIDADAS;01;1 ESTRELLA;MOQUEGUA;180000;18;254;427;13,71;9,66;1,42;1,42;1,38;871;858;13;1237;1219;18;42
2022;11;TT;TODAS CONSOLIDADAS;01;1 ESTRELLA;PASCO;190000;24;491;736;25,48;20,41;1,22;1,22;0;3700;3700;0;4506;4506;0;84
2022;11;TT;TODAS CONSOLIDADAS;01;1 ESTRELLA;PUNO;210000;34;561;959;18,12;14,54;1,05;1,06;1;3976;3728;248;4183;3935;248;81
2022;11;TT;TODAS CONSOLIDADAS;01;1 ESTRELLA;SAN MARTÍN;220000;7;146;229;30,21;35,55;1,18;1,18;0;2075;2075;0;2442;2442;0;32
2022;11;TT;TODAS CONSOLIDADAS;01;1 ESTRELLA;TACNA;230000;12;236;427;9,94;7,46;1,06;1,07;1,03;899;711;188;955;761;194;34
2022;11;TT;TODAS CONSOLIDADAS;02;2 ESTRELLAS;AMAZONAS;010000;85;1806;2870;26,82;23,42;1,22;1,21;1,98;16540;16281;259;20164;19651;513;290
2022;11;TT;TODAS CONSOLIDADAS;02;2 ESTRELLAS;ÁNCASH;020000;183;3468;6163;29,59;25,66;1,12;1,12;1,27;42219;41482;737;47438;46502;936;575
2022;11;TT;TODAS CONSOLIDADAS;02;2 ESTRELLAS;APURÍMAC;030000;9;312;512;21,86;19,61;1,16;1,16;1;2598;2591;7;3012;3005;7;35
2022;11;TT;TODAS CONSOLIDADAS;02;2 ESTRELLAS;AREQUIPA;040000;161;3034;5437;26,49;22,1;1,5;1,5;1,54;24027;21489;2538;36042;32127;3915;510
2022;11;TT;TODAS CONSOLIDADAS;02;2 ESTRELLAS;AYACUCHO;050000;16;380;674;20,6;18,65;1,6;1,6;1,22;2361;2320;41;3771;3721;50;59
2022;11;TT;TODAS CONSOLIDADAS;02;2 ESTRELLAS;CAJAMARCA;060000;159;3314;5119;17,86;14,07;1,22;1,22;1,29;17637;17416;221;21602;21317;285;533
2022;11;TT;TODAS CONSOLIDADAS;02;2 ESTRELLAS;CALLAO;070000;7;222;417;57,24;58,6;1,02;1,01;1,39;7165;6904;261;7331;6969;362;36
2022;11;TT;TODAS CONSOLIDADAS;02;2 ESTRELLAS;CUSCO;080000;97;2012;3772;30,83;25,85;1,61;1,58;1,66;18158;10841;7317;29253;17096;12157;530
2022;11;TT;TODAS CONSOLIDADAS;02;2 ESTRELLAS;HUANCAVELICA;090000;3;83;152;23,86;16,16;3,02;3,02;0;244;244;0;737;737;0;9
2022;11;TT;TODAS CONSOLIDADAS;02;2 ESTRELLAS;HUÁNUCO;100000;63;1546;2449;33,19;29,81;1,19;1,19;1,05;18356;18300;56;21901;21842;59;255
2022;11;TT;TODAS CONSOLIDADAS;02;2 ESTRELLAS;ICA;110000;115;2306;3928;24,49;18,14;1,35;1,36;1,04;15845;15536;309;21378;21057;321;374
2022;11;TT;TODAS CONSOLIDADAS;02;2 ESTRELLAS;JUNÍN;120000;53;1249;2305;23,71;20,09;1,31;1,3;1,63;10635;10515;120;13892;13696;196;207
2022;11;TT;TODAS CONSOLIDADAS;02;2 ESTRELLAS;LA LIBERTAD;130000;159;2828;5064;18,85;20,08;1,24;1,23;1,51;24684;24448;236;30508;30151;357;478
2022;11;TT;TODAS CONSOLIDADAS;02;2 ESTRELLAS;LAMBAYEQUE;140000;231;4409;6387;21,7;16,69;1,1;1,1;1,24;29036;28751;285;31984;31630;354;755
2022;11;TT;TODAS CONSOLIDADAS;02;2 ESTRELLAS;LIMA;150000;263;8561;15300;41,07;36,77;1,32;1,28;1,91;168688;158674;10014;222781;203618;19164;1847
2022;11;01;HOTEL;02;2 ESTRELLAS;PUNO;210000;23;554;990;18,87;12,73;1,29;1,25;1,73;2928;2653;275;3782;3307;475;85
2022;11;01;HOTEL;03;3 ESTRELLAS;PUNO;210000;27;897;1732;34,17;27,97;1,6;1,78;1,51;9068;3165;5903;14535;5618;8917;199
2022;11;03;HOSTAL;02;2 ESTRELLAS;PUNO;210000;46;676;1250;23;16,76;1,51;1,58;1,27;4161;3235;926;6285;5107;1178;129
2022;11;01;HOTEL;04;4 ESTRELLAS;PUNO;210000;7;447;842;38;33,32;1,82;2,17;1,75;4625;796;3829;8416;1731;6685;141
2022;11;03;HOSTAL;01;1 ESTRELLA;PUNO;210000;29;430;730;18,81;15,11;1;1;1;3305;3057;248;3308;3060;248;63
2022;11;01;HOTEL;TT;TODAS CONSOLIDADAS;HUANCAVELICA;090000;4;111;193;28,23;19,55;2,34;2,34;1,75;484;480;4;1132;1125;7;29
2022;11;02;APART HOTEL;TT;TODAS CONSOLIDADAS;LIMA;150000;22;1215;2318;64,97;49,72;2,51;1,85;3,87;13749;9218;4531;34577;17023;17554;630
2022;11;03;HOSTAL;03;3 ESTRELLAS;LIMA;150000;17;345;678;20,02;18,18;1,16;1,16;1,16;3180;2712;468;3698;3155;543;68
2022;11;TT;TODAS CONSOLIDADAS;00;NO CATEGORIZADO;LIMA;150000;6191;52417;91139;23,74;20,66;1,12;1,11;1,79;2272484;2222521;49963;2553159;2463825;89334;33905
2022;11;05;ALBERGUE;TT;TODAS CONSOLIDADAS;LORETO;160000;54;688;1483;22,6;18,63;2,24;1,78;2,63;3707;1716;1991;8288;3051;5237;222
2022;11;05;ALBERGUE;TT;TODAS CONSOLIDADAS;MADRE DE DIOS;170000;10;275;560;31,32;29,5;2,71;2,83;2,69;1826;281;1545;4956;795;4161;207
2022;11;TT;TODAS CONSOLIDADAS;00;NO CATEGORIZADO;ÁNCASH;020000;599;5613;9702;21,08;16,19;1,18;1,19;1,04;39808;37777;2031;47135;45020;2115;972
2022;11;TT;TODAS CONSOLIDADAS;01;1 ESTRELLA;CAJAMARCA;060000;27;543;849;10,1;7,13;1,14;1,15;1;1589;1571;18;1817;1799;18;90
2022;11;TT;TODAS CONSOLIDADAS;01;1 ESTRELLA;ICA;110000;16;239;331;23,43;23,22;1;1;1;2306;2295;11;2306;2295;11;28
2022;11;TT;TODAS CONSOLIDADAS;01;1 ESTRELLA;JUNÍN;120000;18;417;805;17,46;11,93;1,33;1,33;0;2164;2164;0;2880;2880;0;55
2022;11;TT;TODAS CONSOLIDADAS;01;1 ESTRELLA;PIURA;200000;5;96;168;16,74;8,79;1,82;1,81;2;244;237;7;443;429;14;11
2022;11;TT;TODAS CONSOLIDADAS;02;2 ESTRELLAS;LORETO;160000;19;410;661;20,28;15,51;1,46;1,43;1,65;2110;1852;258;3076;2651;425;77
2022;11;TT;TODAS CONSOLIDADAS;02;2 ESTRELLAS;MADRE DE DIOS;170000;13;391;670;42,77;30,74;1,49;1,48;1,57;4152;3943;209;6179;5850;329;67
2022;11;TT;TODAS CONSOLIDADAS;02;2 ESTRELLAS;MOQUEGUA;180000;83;1384;2288;19,37;14,79;1,39;1,38;1,9;7303;7105;198;10154;9778;376;252
2022;11;TT;TODAS CONSOLIDADAS;02;2 ESTRELLAS;PASCO;190000;20;442;817;39,8;39,47;1,67;1,66;6;5791;5778;13;9674;9596;78;73
2022;11;TT;TODAS CONSOLIDADAS;02;2 ESTRELLAS;PIURA;200000;47;1014;1668;34,11;28,27;1,66;1,6;2,16;8536;7692;844;14146;12326;1820;203
2022;11;TT;TODAS CONSOLIDADAS;02;2 ESTRELLAS;PUNO;210000;69;1230;2240;21,14;14,98;1,42;1,43;1,38;7089;5888;1201;10067;8414;1653;214
2022;11;TT;TODAS CONSOLIDADAS;02;2 ESTRELLAS;TACNA;230000;58;1361;2751;33,32;26;2,14;2,09;2,17;10002;3427;6575;21454;7157;14297;254
2022;11;TT;TODAS CONSOLIDADAS;02;2 ESTRELLAS;TUMBES;240000;14;345;713;55,22;29,84;13,58;13,99;1,88;470;454;16;6383;6353;30;71
2022;11;TT;TODAS CONSOLIDADAS;02;2 ESTRELLAS;UCAYALI;250000;4;129;229;20,16;12,3;2;2,03;1,52;422;399;23;845;810;35;27
2022;11;TT;TODAS CONSOLIDADAS;03;3 ESTRELLAS;ÁNCASH;020000;65;1718;3118;21,69;15,85;1,67;1,62;2,28;8896;8335;561;14825;13544;1281;361
2022;11;TT;TODAS CONSOLIDADAS;03;3 ESTRELLAS;APURÍMAC;030000;6;177;312;44,37;30,45;1,55;1,56;1,42;1838;1658;180;2850;2594;256;25
2022;11;TT;TODAS CONSOLIDADAS;03;3 ESTRELLAS;AREQUIPA;040000;109;2678;5026;32,66;26,83;1,76;1,81;1,67;23009;14195;8814;40450;25726;14724;717
2022;11;TT;TODAS CONSOLIDADAS;03;3 ESTRELLAS;AYACUCHO;050000;11;343;656;21,15;18,3;2,09;2;2,72;1723;1504;219;3602;3007;595;112
2022;11;TT;TODAS CONSOLIDADAS;03;3 ESTRELLAS;CAJAMARCA;060000;121;2920;4803;20,57;16,03;1,46;1,45;1,8;15800;15181;619;23103;21988;1115;624
2022;11;TT;TODAS CONSOLIDADAS;03;3 ESTRELLAS;CALLAO;070000;4;233;392;41,12;37,37;1,59;1,7;1,35;2758;1890;868;4395;3219;1176;55
2022;11;TT;TODAS CONSOLIDADAS;03;3 ESTRELLAS;CUSCO;080000;110;3586;7100;36,72;31,72;1,82;1,82;1,82;37154;8281;28873;67569;15061;52508;1086
2022;11;TT;TODAS CONSOLIDADAS;03;3 ESTRELLAS;HUANCAVELICA;090000;2;65;108;17,74;12,19;1,65;1,64;1,75;240;236;4;395;388;7;20
2022;11;TT;TODAS CONSOLIDADAS;03;3 ESTRELLAS;HUÁNUCO;100000;15;539;997;20,17;12,84;1,44;1,44;1,36;2673;2628;45;3841;3780;61;102
2022;11;TT;TODAS CONSOLIDADAS;03;3 ESTRELLAS;ICA;110000;84;2454;5474;33,64;22,89;1,47;1,53;1,3;25619;18511;7108;37590;28381;9209;563
2022;11;TT;TODAS CONSOLIDADAS;03;3 ESTRELLAS;JUNÍN;120000;23;861;1627;23,23;17,82;1,34;1,34;1,49;6500;6394;106;8696;8538;158;198
2022;11;TT;TODAS CONSOLIDADAS;03;3 ESTRELLAS;LA LIBERTAD;130000;140;3482;6582;32,54;27,89;1,46;1,43;1,97;37673;35513;2160;55067;50814;4253;763
2022;11;TT;TODAS CONSOLIDADAS;03;3 ESTRELLAS;LIMA;150000;190;8831;16821;46,23;37,46;1,79;1,53;2,33;105329;70177;35152;189037;107058;81979;2010
2022;11;TT;TODAS CONSOLIDADAS;03;3 ESTRELLAS;LORETO;160000;30;825;1474;31,32;24,53;2,08;2,12;1,94;5224;3915;1309;10849;8304;2545;454
2022;11;TT;TODAS CONSOLIDADAS;03;3 ESTRELLAS;MADRE DE DIOS;170000;6;207;369;41,37;33,21;1,6;1,65;1,42;2302;1779;523;3676;2934;742;81
2022;11;TT;TODAS CONSOLIDADAS;03;3 ESTRELLAS;MOQUEGUA;180000;12;315;572;20,28;14,71;1,95;1,93;2,12;1294;1160;134;2524;2240;284;62
2022;11;TT;TODAS CONSOLIDADAS;03;3 ESTRELLAS;PIURA;200000;18;646;1143;34,94;23,47;1,91;1,82;2,31;4213;3470;743;8047;6330;1717;182
2022;11;TT;TODAS CONSOLIDADAS;03;3 ESTRELLAS;PUNO;210000;35;1063;2016;35,57;28,72;1,55;1,68;1,46;11243;4502;6741;17371;7554;9817;235
2022;11;TT;TODAS CONSOLIDADAS;03;3 ESTRELLAS;SAN MARTÍN;220000;28;874;1620;27,96;23,26;2,07;2,07;2;5470;5259;211;11304;10881;423;209
2022;11;TT;TODAS CONSOLIDADAS;03;3 ESTRELLAS;TACNA;230000;21;667;1404;25,95;18,63;1,88;1,83;1,95;4174;2409;1765;7848;4404;3444;151
2022;11;TT;TODAS CONSOLIDADAS;03;3 ESTRELLAS;TUMBES;240000;18;442;921;27,05;25,79;2,55;2,55;2,55;2792;2430;362;7127;6204;923;141
2022;11;TT;TODAS CONSOLIDADAS;04;4 ESTRELLAS;CAJAMARCA;060000;4;214;355;43,96;38,38;1,99;1,87;2,93;2050;1806;244;4087;3371;716;120
2022;11;TT;TODAS CONSOLIDADAS;04;4 ESTRELLAS;CALLAO;070000;2;371;599;91,57;77,81;1,29;1,24;1,3;10817;1894;8923;13982;2351;11631;133
2022;11;TT;TODAS CONSOLIDADAS;04;4 ESTRELLAS;CUSCO;080000;15;1120;2199;61,52;55,86;1,92;1,82;1,94;19205;2917;16288;36852;5296;31556;604
2022;11;TT;TODAS CONSOLIDADAS;04;4 ESTRELLAS;HUÁNUCO;100000;1;63;108;49,31;35,99;1,91;1,92;1,82;609;576;33;1166;1106;60;26
2022;11;TT;TODAS CONSOLIDADAS;04;4 ESTRELLAS;ICA;110000;7;753;1579;29,12;28,47;1,73;1,79;1,59;7787;5591;2196;13485;9996;3489;337
2022;11;TT;TODAS CONSOLIDADAS;04;4 ESTRELLAS;JUNÍN;120000;1;40;66;29,5;18,48;1,06;1,06;0;345;345;0;366;366;0;19
2022;11;TT;TODAS CONSOLIDADAS;04;4 ESTRELLAS;LA LIBERTAD;130000;3;206;326;54,71;48,32;2,03;2,03;2,04;2326;1836;490;4726;3727;999;78
2022;11;TT;TODAS CONSOLIDADAS;04;4 ESTRELLAS;LAMBAYEQUE;140000;5;359;663;60,41;46,72;1,52;1,48;1,72;6128;5288;840;9292;7847;1445;270
2022;11;TT;TODAS CONSOLIDADAS;04;4 ESTRELLAS;LIMA;150000;51;4932;8910;51,5;47,63;2,24;1,71;2,65;56814;24735;32079;127303;42419;84884;1853
2022;11;TT;TODAS CONSOLIDADAS;04;4 ESTRELLAS;LORETO;160000;3;102;171;51,21;42,61;2,37;2,68;1,58;923;662;261;2186;1774;412;35
2022;11;TT;TODAS CONSOLIDADAS;04;4 ESTRELLAS;MOQUEGUA;180000;2;123;232;33,28;19,78;2,11;1,99;2,54;652;510;142;1377;1017;360;52
2022;11;TT;TODAS CONSOLIDADAS;04;4 ESTRELLAS;PIURA;200000;3;300;558;47,9;42,56;1,74;1,76;1,69;4098;3017;1081;7124;5297;1827;58
2022;11;TT;TODAS CONSOLIDADAS;04;4 ESTRELLAS;PUNO;210000;7;447;842;38;33,32;1,82;2,17;1,75;4625;796;3829;8416;1731;6685;141
2022;11;TT;TODAS CONSOLIDADAS;04;4 ESTRELLAS;SAN MARTÍN;220000;1;24;57;60,97;39,06;1,99;1,93;2,35;335;280;55;668;539;129;17
2022;11;TT;TODAS CONSOLIDADAS;04;4 ESTRELLAS;TACNA;230000;1;150;300;36,33;28,92;1,71;1,73;1,69;1523;711;812;2603;1231;1372;32
2022;11;TT;TODAS CONSOLIDADAS;04;4 ESTRELLAS;UCAYALI;250000;5;288;513;39,41;30,53;2,21;2,21;2,22;2128;1756;372;4699;3873;826;106
2022;11;TT;TODAS CONSOLIDADAS;05;5 ESTRELLAS;AREQUIPA;040000;3;241;352;60,26;62,83;1,64;1,46;2,03;4037;2730;1307;6635;3983;2652;167
2022;11;TT;TODAS CONSOLIDADAS;05;5 ESTRELLAS;CUSCO;080000;15;1288;2530;49,31;43,78;1,72;1,73;1,72;19323;2325;16998;33226;4019;29207;1109
2022;11;TT;TODAS CONSOLIDADAS;05;5 ESTRELLAS;ICA;110000;4;461;1110;30,85;27,49;1,63;1,6;1,73;5619;4356;1263;9153;6963;2190;386
2022;11;TT;TODAS CONSOLIDADAS;05;5 ESTRELLAS;LA LIBERTAD;130000;2;267;450;38,95;34,52;1,83;1,72;2,25;2553;2051;502;4660;3532;1128;175
2022;11;TT;TODAS CONSOLIDADAS;05;5 ESTRELLAS;LIMA;150000;31;4839;8477;55,5;42,39;2,46;1,84;2,7;43785;11894;31891;107802;21834;85968;2694
2022;11;TT;TODAS CONSOLIDADAS;05;5 ESTRELLAS;LORETO;160000;1;60;91;60,39;62,53;1,7;1,85;1,63;1003;341;662;1707;630;1077;54
2022;11;TT;TODAS CONSOLIDADAS;05;5 ESTRELLAS;PIURA;200000;1;83;167;75,58;50,92;1,9;1,72;2,28;1340;904;436;2551;1559;992;81
2022;11;TT;TODAS CONSOLIDADAS;05;5 ESTRELLAS;SAN MARTÍN;220000;1;50;108;31,87;35,22;1,61;1,57;2,11;710;663;47;1141;1042;99;63
2022;11;TT;TODAS CONSOLIDADAS;05;5 ESTRELLAS;UCAYALI;250000;2;162;300;41,83;30,67;2,23;2,32;1,8;1239;1027;212;2760;2378;382;70
2022;11;TT;TODAS CONSOLIDADAS;12;ALBERGUE;AMAZONAS;010000;1;6;11;0;0;0;0;0;0;0;0;0;0;0;0
2022;11;TT;TODAS CONSOLIDADAS;12;ALBERGUE;ÁNCASH;020000;8;78;170;0;0;0;0;0;0;0;0;0;0;0;0
2022;11;TT;TODAS CONSOLIDADAS;12;ALBERGUE;AREQUIPA;040000;6;116;267;30,72;25,04;1,38;1,39;1,37;1458;487;971;2006;675;1331;107
2022;11;TT;TODAS CONSOLIDADAS;12;ALBERGUE;CAJAMARCA;060000;1;11;22;0;0;0;0;0;0;0;0;0;0;0;0
2022;11;TT;TODAS CONSOLIDADAS;12;ALBERGUE;CUSCO;080000;15;211;681;47,06;34,5;1,45;1,39;1,45;4851;111;4740;7048;154;6894;127
2022;11;TT;TODAS CONSOLIDADAS;12;ALBERGUE;HUÁNUCO;100000;1;6;6;0;0;0;0;0;0;0;0;0;0;0;0
2022;11;TT;TODAS CONSOLIDADAS;12;ALBERGUE;ICA;110000;1;10;30;4,67;2,89;1,37;1,37;0;19;19;0;26;26;0;3
2022;11;TT;TODAS CONSOLIDADAS;12;ALBERGUE;JUNÍN;120000;1;32;104;31,88;21,09;2,58;2,6;2;255;245;10;658;638;20;18
2022;11;TT;TODAS CONSOLIDADAS;12;ALBERGUE;LIMA;150000;8;137;401;58,32;34,57;1,52;1,57;1,5;2745;524;2221;4159;821;3338;35
2022;11;TT;TODAS CONSOLIDADAS;12;ALBERGUE;LORETO;160000;54;688;1483;22,6;18,63;2,24;1,78;2,63;3707;1716;1991;8288;3051;5237;222
2022;11;TT;TODAS CONSOLIDADAS;12;ALBERGUE;MADRE DE DIOS;170000;10;275;560;31,32;29,5;2,71;2,83;2,69;1826;281;1545;4956;795;4161;207
2022;11;TT;TODAS CONSOLIDADAS;12;ALBERGUE;PASCO;190000;14;234;624;8,03;8,22;1,56;1,53;2,47;986;952;34;1539;1455;84;46
2022;11;TT;TODAS CONSOLIDADAS;12;ALBERGUE;PUNO;210000;1;13;35;0;0;0;0;0;0;0;0;0;0;0;0
2022;11;TT;TODAS CONSOLIDADAS;12;ALBERGUE;SAN MARTÍN;220000;9;141;325;27,59;22,55;2,51;2,44;2,93;877;755;122;2199;1842;357;55
2022;11;TT;TODAS CONSOLIDADAS;12;ALBERGUE;UCAYALI;250000;3;42;115;30,87;16,67;2,86;2,19;3,82;201;118;83;575;258;317;23
2022;11;TT;TODAS CONSOLIDADAS;13;ECOLODGE;AREQUIPA;040000;1;23;51;31,45;38,69;5,15;5,81;4,94;115;27;88;592;157;435;8
2022;11;TT;TODAS CONSOLIDADAS;TT;TODAS CONSOLIDADAS;AMAZONAS;010000;396;5176;8414;24,39;18,49;1,17;1,16;1,48;42131;41278;853;50714;49198;1516;886
2022;11;TT;TODAS CONSOLIDADAS;TT;TODAS CONSOLIDADAS;ÁNCASH;020000;911;11905;20821;23,04;18,47;1,19;1,19;1,16;101940;98607;3333;121931;117595;4336;2065
2022;11;TT;TODAS CONSOLIDADAS;TT;TODAS CONSOLIDADAS;APURÍMAC;030000;492;4970;7699;17,34;14,14;1,18;1,18;1,14;28929;28503;426;34517;33981;536;534
2022;11;TT;TODAS CONSOLIDADAS;TT;TODAS CONSOLIDADAS;AYACUCHO;050000;580;6237;10124;14,84;12,11;1,23;1,23;1,26;30114;29681;433;39205;38341;864;854
2022;11;TT;TODAS CONSOLIDADAS;TT;TODAS CONSOLIDADAS;CAJAMARCA;060000;934;13146;20734;15,29;12,44;1,24;1,24;1,83;64284;63137;1147;83401;81177;2224;2063
2022;11;TT;TODAS CONSOLIDADAS;TT;TODAS CONSOLIDADAS;CALLAO;070000;282;4672;8595;36,77;33,9;1,03;1,03;1,13;140427;129492;10935;147447;133280;14167;1202
2022;11;TT;TODAS CONSOLIDADAS;TT;TODAS CONSOLIDADAS;CUSCO;080000;2083;26716;49615;27,09;24,71;1,7;1,47;1,9;239406;92813;146593;411208;138702;272506;7048
2022;11;TT;TODAS CONSOLIDADAS;TT;TODAS CONSOLIDADAS;HUANCAVELICA;090000;198;2397;3705;25,35;20,47;1,12;1,12;1,23;20243;20148;95;22480;22359;121;306
2022;11;TT;TODAS CONSOLIDADAS;TT;TODAS CONSOLIDADAS;HUÁNUCO;100000;574;7880;12040;22,67;19,9;1,22;1,23;1,12;62541;62178;363;77627;77197;430;1134
2022;11;TT;TODAS CONSOLIDADAS;TT;TODAS CONSOLIDADAS;ICA;110000;962;14386;26392;25,76;21,13;1,28;1,28;1,27;128282;104726;23556;172912;141145;31767;3174
2022;11;TT;TODAS CONSOLIDADAS;TT;TODAS CONSOLIDADAS;JUNÍN;120000;1375;16322;27017;19,72;16,16;1,15;1,15;1,37;113267;112581;686;132770;131777;993;2895
2022;11;TT;TODAS CONSOLIDADAS;TT;TODAS CONSOLIDADAS;LA LIBERTAD;130000;1177;14109;24729;18,33;15,65;1,13;1,12;1,34;114628;109558;5070;144634;135909;8725;2161
2022;11;TT;TODAS CONSOLIDADAS;TT;TODAS CONSOLIDADAS;LAMBAYEQUE;140000;698;10586;15696;21,38;17,38;1,1;1,1;1,18;76261;74112;2149;88978;85792;3186;1922
2022;11;TT;TODAS CONSOLIDADAS;TT;TODAS CONSOLIDADAS;LIMA;150000;6830;81848;144804;25,67;22,26;1,16;1,14;1,81;2693414;2531665;161749;3252511;2887341;365169;42791
2022;11;TT;TODAS CONSOLIDADAS;TT;TODAS CONSOLIDADAS;LORETO;160000;832;8730;14305;19,36;16,27;1,74;1,6;2,01;41671;27661;14010;74889;46370;28519;1592
2022;11;TT;TODAS CONSOLIDADAS;TT;TODAS CONSOLIDADAS;MADRE DE DIOS;170000;339;5194;8804;24,01;18,78;1,28;1,27;1,46;39625;34269;5356;52956;43373;9583;1098
2022;11;TT;TODAS CONSOLIDADAS;TT;TODAS CONSOLIDADAS;MOQUEGUA;180000;299;3833;6520;16,79;11,73;1,4;1,39;1,37;16945;16418;527;24535;23454;1081;636
2022;11;TT;TODAS CONSOLIDADAS;02;2 ESTRELLAS;SAN MARTÍN;220000;51;1145;1934;36,86;31,92;1,81;1,8;2,22;10234;10046;188;18519;18102;417;227
2022;11;TT;TODAS CONSOLIDADAS;03;3 ESTRELLAS;AMAZONAS;010000;29;605;1097;31,67;24,43;1,6;1,58;1,84;5035;4636;399;8040;7306;734;128
2022;11;TT;TODAS CONSOLIDADAS;03;3 ESTRELLAS;LAMBAYEQUE;140000;61;1564;2580;29,09;22,71;1,44;1,43;1,61;12200;11660;540;17580;16713;867;321
2022;11;TT;TODAS CONSOLIDADAS;03;3 ESTRELLAS;PASCO;190000;6;133;252;26,07;33,56;1,4;1,4;0;1818;1818;0;2537;2537;0;24
2022;11;TT;TODAS CONSOLIDADAS;03;3 ESTRELLAS;UCAYALI;250000;17;582;958;32,06;26,42;1,96;1,99;1,65;3877;3566;311;7593;7081;512;134
2022;11;TT;TODAS CONSOLIDADAS;04;4 ESTRELLAS;AREQUIPA;040000;12;577;1091;34,52;30,23;1,85;2,03;1,7;5344;2459;2885;9895;4988;4907;223
2022;11;TT;TODAS CONSOLIDADAS;TT;TODAS CONSOLIDADAS;AREQUIPA;040000;1436;17450;30319;23,53;19,73;1,48;1,46;1,58;128221;97991;30230;197967;148637;49330;3738
2022;11;TT;TODAS CONSOLIDADAS;04;4 ESTRELLAS;TUMBES;240000;6;667;1623;56;50,98;2,34;2,39;2,12;10629;8366;2263;24824;20028;4796;585
2022;11;TT;TODAS CONSOLIDADAS;05;5 ESTRELLAS;PUNO;210000;1;123;231;40,87;45,87;1,24;1,22;1,25;2555;675;1880;3179;822;2357;59
2022;11;TT;TODAS CONSOLIDADAS;TT;TODAS CONSOLIDADAS;PASCO;190000;375;4787;7956;16,34;14,01;1,29;1,29;1,3;27848;27771;77;37768;37574;194;855
2022;11;TT;TODAS CONSOLIDADAS;TT;TODAS CONSOLIDADAS;PUNO;210000;844;10046;17543;22,1;18,32;1,19;1,2;1,12;82794;66726;16068;104323;81218;23105;1872
2022;11;TT;TODAS CONSOLIDADAS;TT;TODAS CONSOLIDADAS;SAN MARTÍN;220000;831;10727;17193;28,61;23,75;1,37;1,35;2,24;88691;86889;1802;125677;121581;4096;1709
2022;11;TT;TODAS CONSOLIDADAS;TT;TODAS CONSOLIDADAS;TACNA;230000;497;6266;11834;11,63;9,18;1,35;1,33;1,42;27390;16371;11019;45971;24496;21475;953
2022;11;TT;TODAS CONSOLIDADAS;TT;TODAS CONSOLIDADAS;UCAYALI;250000;492;6173;9803;26,01;22,59;2,13;2,13;1,89;32153;30705;1448;68275;65361;2914;1248
2022;12;00;NO CLASIFICADO;00;NO CATEGORIZADO;MOQUEGUA;180000;184;1781;3042;11,81;8,47;1,13;1,14;1,04;7042;6929;113;7984;7866;118;228
2022;12;00;NO CLASIFICADO;00;NO CATEGORIZADO;PIURA;200000;1011;10370;18958;29,23;24,97;1,72;1,67;2,29;85178;78412;6766;146739;131237;15502;2000
2022;12;00;NO CLASIFICADO;TT;TODAS CONSOLIDADAS;CALLAO;070000;257;3610;6725;39,99;37,65;1,01;1,01;1,2;137047;136300;747;138457;137561;897;938
2022;12;00;NO CLASIFICADO;TT;TODAS CONSOLIDADAS;PIURA;200000;1011;10370;18958;29,23;24,97;1,72;1,67;2,29;85178;78412;6766;146739;131237;15502;2000
2022;12;00;NO CLASIFICADO;TT;TODAS CONSOLIDADAS;UCAYALI;250000;461;4970;7688;25,66;24,39;2,19;2,19;1,98;26594;26212;382;58133;57375;758;888
2022;12;01;HOTEL;01;1 ESTRELLA;MOQUEGUA;180000;1;21;42;8,45;6,22;1,27;1,27;1;64;63;1;81;80;1;4
2022;12;01;HOTEL;01;1 ESTRELLA;PIURA;200000;2;40;87;0;0;0;0;0;0;0;0;0;0;0;0
2022;12;01;HOTEL;02;2 ESTRELLAS;CUSCO;080000;44;1135;2155;13,99;12,04;1,61;1,44;1,88;4985;3037;1948;8044;4381;3663;357
2022;11;TT;TODAS CONSOLIDADAS;TT;TODAS CONSOLIDADAS;PIURA;200000;1085;12501;22629;34,12;26,6;1,74;1,67;2,33;104958;92529;12429;183302;155079;28223;2540
2022;11;TT;TODAS CONSOLIDADAS;TT;TODAS CONSOLIDADAS;TUMBES;240000;255;3700;7612;19,2;13,25;2,41;2,43;1,86;21725;18226;3499;51528;44237;7291;1180
2022;12;00;NO CLASIFICADO;00;NO CATEGORIZADO;AMAZONAS;010000;263;2487;4028;20,8;17,18;1,22;1,21;1,6;17563;17082;481;21451;20683;768;422
2022;12;00;NO CLASIFICADO;TT;TODAS CONSOLIDADAS;AMAZONAS;010000;263;2487;4028;20,8;17,18;1,22;1,21;1,6;17563;17082;481;21451;20683;768;422
2022;12;01;HOTEL;01;1 ESTRELLA;AMAZONAS;010000;1;20;35;0;0;0;0;0;0;0;0;0;0;0;0
2022;12;01;HOTEL;02;2 ESTRELLAS;AMAZONAS;010000;32;853;1375;23,67;19,88;1,41;1,41;1,7;5995;5952;43;8475;8402;73;140
2022;12;00;NO CLASIFICADO;00;NO CATEGORIZADO;ÁNCASH;020000;599;5610;9677;21,02;17,14;1,26;1,26;1,11;40727;40671;56;51420;51358;62;977
2022;12;00;NO CLASIFICADO;TT;TODAS CONSOLIDADAS;ÁNCASH;020000;599;5610;9677;21,02;17,14;1,26;1,26;1,11;40727;40671;56;51420;51358;62;977
2022;12;01;HOTEL;01;1 ESTRELLA;ÁNCASH;020000;16;471;745;18,7;15,83;1,13;1,13;1;3247;3246;1;3656;3655;1;67
2022;12;01;HOTEL;02;2 ESTRELLAS;ÁNCASH;020000;50;1319;2449;22,03;14,57;1,28;1,28;1,23;8641;8469;172;11062;10851;211;215
2022;12;00;NO CLASIFICADO;00;NO CATEGORIZADO;APURÍMAC;030000;474;4373;6741;13,17;10,01;1,19;1,19;1,51;17605;17429;176;20925;20660;265;415
2022;12;00;NO CLASIFICADO;TT;TODAS CONSOLIDADAS;APURÍMAC;030000;474;4373;6741;13,17;10,01;1,19;1,19;1,51;17605;17429;176;20925;20660;265;415
2022;12;01;HOTEL;01;1 ESTRELLA;APURÍMAC;030000;2;79;112;14,01;10,94;1;1;0;380;380;0;380;380;0;12
2022;12;01;HOTEL;02;2 ESTRELLAS;APURÍMAC;030000;4;187;316;18,13;11,49;1,11;1,11;0;1015;1015;0;1126;1126;0;20
2022;12;00;NO CLASIFICADO;00;NO CATEGORIZADO;AREQUIPA;040000;1089;9847;16650;17,61;15,14;1,39;1,35;1,73;56037;48833;7204;78151;65711;12440;1850
2022;12;00;NO CLASIFICADO;TT;TODAS CONSOLIDADAS;AREQUIPA;040000;1089;9847;16650;17,61;15,14;1,39;1,35;1,73;56037;48833;7204;78151;65711;12440;1850
2022;12;01;HOTEL;01;1 ESTRELLA;AREQUIPA;040000;6;210;367;56,04;30,13;2,02;1,99;2,17;1700;1466;234;3428;2921;507;36
2022;12;01;HOTEL;02;2 ESTRELLAS;AREQUIPA;040000;41;1168;2081;16,59;13,81;1,29;1,28;1,62;6882;6667;215;8906;8557;349;190
2022;12;00;NO CLASIFICADO;00;NO CATEGORIZADO;AYACUCHO;050000;539;5246;8319;15,95;12,78;1,17;1,17;1,46;28128;27999;129;32954;32766;188;639
2022;12;00;NO CLASIFICADO;TT;TODAS CONSOLIDADAS;AYACUCHO;050000;539;5246;8319;15,95;12,78;1,17;1,17;1,46;28128;27999;129;32954;32766;188;639
2022;12;01;HOTEL;01;1 ESTRELLA;AYACUCHO;050000;7;173;292;8,43;7,03;1,53;1,53;1;416;414;2;636;634;2;29
2022;12;01;HOTEL;02;2 ESTRELLAS;AYACUCHO;050000;10;287;524;17,56;14,4;1,46;1,46;1,52;1602;1536;66;2339;2239;100;41
2022;12;00;NO CLASIFICADO;00;NO CATEGORIZADO;CAJAMARCA;060000;623;6191;9689;13,21;10,84;1,19;1,19;1,18;27389;27133;256;32571;32269;302;743
2022;12;00;NO CLASIFICADO;TT;TODAS CONSOLIDADAS;CAJAMARCA;060000;623;6191;9689;13,21;10,84;1,19;1,19;1,18;27389;27133;256;32571;32269;302;743
2022;12;01;HOTEL;01;1 ESTRELLA;CAJAMARCA;060000;6;170;292;11,48;8,63;1,08;1,08;0;721;721;0;781;781;0;26
2022;12;00;NO CLASIFICADO;00;NO CATEGORIZADO;CALLAO;070000;257;3610;6725;39,99;37,65;1,01;1,01;1,2;137047;136300;747;138457;137561;897;938
2022;12;01;HOTEL;01;1 ESTRELLA;CALLAO;070000;1;34;68;21,73;21,73;1;1;0;458;458;0;458;458;0;2
2022;12;01;HOTEL;02;2 ESTRELLAS;CALLAO;070000;1;40;67;15,56;13,53;1,15;1,15;1,15;244;112;132;281;129;152;6
2022;12;00;NO CLASIFICADO;00;NO CATEGORIZADO;CUSCO;080000;1798;17949;32417;19,52;16,56;1,58;1,38;1,94;105327;67712;37615;166397;93476;72921;3459
2022;12;01;HOTEL;01;1 ESTRELLA;CUSCO;080000;4;118;193;12,3;13,56;1,77;1,77;0;458;458;0;811;811;0;19
2022;12;00;NO CLASIFICADO;00;NO CATEGORIZADO;HUANCAVELICA;090000;191;2214;3387;19,69;16,41;1,21;1,21;1,06;14265;14232;33;17225;17190;35;262
2022;12;00;NO CLASIFICADO;TT;TODAS CONSOLIDADAS;HUANCAVELICA;090000;191;2214;3387;19,69;16,41;1,21;1,21;1,06;14265;14232;33;17225;17190;35;262
2022;12;00;NO CLASIFICADO;00;NO CATEGORIZADO;HUÁNUCO;100000;470;5248;7766;18,16;14,44;1,21;1,22;1,05;28643;28430;213;34769;34545;224;647
2022;12;01;HOTEL;01;1 ESTRELLA;HUÁNUCO;100000;8;248;378;0;0;0;0;0;0;0;0;0;0;0;0
2022;12;00;NO CLASIFICADO;00;NO CATEGORIZADO;ICA;110000;735;8147;13918;23,77;19,11;1,42;1,41;1,45;58216;52201;6015;82452;73704;8748;1493
2022;12;01;HOTEL;01;1 ESTRELLA;ICA;110000;4;82;108;0;0;0;0;0;0;0;0;0;0;0;0
2022;12;00;NO CLASIFICADO;00;NO CATEGORIZADO;JUNÍN;120000;1284;13779;22211;20,15;16,1;1,18;1,18;1,63;93739;93378;361;110833;110244;589;2417
2022;12;00;NO CLASIFICADO;TT;TODAS CONSOLIDADAS;JUNÍN;120000;1284;13779;22211;20,15;16,1;1,18;1,18;1,63;93739;93378;361;110833;110244;589;2417
2022;12;01;HOTEL;01;1 ESTRELLA;JUNÍN;120000;6;246;511;16,35;10,78;1,38;1,38;0;1236;1236;0;1708;1708;0;26
2022;12;00;NO CLASIFICADO;00;NO CATEGORIZADO;LA LIBERTAD;130000;836;6770;11354;24,14;15,47;1,05;1,04;1,33;52046;51222;824;54458;53359;1099;561
2022;12;00;NO CLASIFICADO;TT;TODAS CONSOLIDADAS;LA LIBERTAD;130000;836;6770;11354;24,14;15,47;1,05;1,04;1,33;52046;51222;824;54458;53359;1099;561
2022;12;01;HOTEL;01;1 ESTRELLA;LA LIBERTAD;130000;5;116;201;0;0;0;0;0;0;0;0;0;0;0;0
2022;12;00;NO CLASIFICADO;00;NO CATEGORIZADO;LAMBAYEQUE;140000;381;3929;5639;16,34;13,96;1,04;1,04;1,06;23533;23254;279;24396;24099;297;513
2022;12;01;HOTEL;01;1 ESTRELLA;LAMBAYEQUE;140000;3;101;145;2,01;1,62;1;1;0;73;73;0;73;73;0;17
2022;12;00;NO CLASIFICADO;00;NO CATEGORIZADO;LIMA;150000;6191;52417;91125;25,9;23,02;1,13;1,13;1,34;2593884;2547064;46819;2934534;2871947;62587;32938
2022;12;00;NO CLASIFICADO;00;NO CATEGORIZADO;LORETO;160000;721;6603;10384;17,47;14,47;1,69;1,54;2,15;27576;20853;6723;46590;32122;14468;741
2022;12;00;NO CLASIFICADO;TT;TODAS CONSOLIDADAS;LORETO;160000;721;6603;10384;17,47;14,47;1,69;1,54;2,15;27576;20853;6723;46590;32122;14468;741
2022;12;00;NO CLASIFICADO;00;NO CATEGORIZADO;MADRE DE DIOS;170000;307;4140;6899;18,78;15,36;1,21;1,19;1,38;27219;25036;2183;32845;29825;3020;717
2022;12;00;NO CLASIFICADO;00;NO CATEGORIZADO;PASCO;190000;313;3487;5565;13,48;11,65;1,19;1,19;1,23;16883;16852;31;20097;20059;38;626
2022;12;00;NO CLASIFICADO;TT;TODAS CONSOLIDADAS;PASCO;190000;313;3487;5565;13,48;11,65;1,19;1,19;1,23;16883;16852;31;20097;20059;38;626
2022;12;01;HOTEL;01;1 ESTRELLA;PASCO;190000;6;168;270;17,97;15,95;1,31;1,31;0;1022;1022;0;1335;1335;0;29
2022;12;00;NO CLASIFICADO;00;NO CATEGORIZADO;PUNO;210000;695;6583;11161;20,44;16,81;1,11;1,11;1,04;52454;50561;1893;58154;56186;1968;1141
2022;12;00;NO CLASIFICADO;TT;TODAS CONSOLIDADAS;PUNO;210000;695;6583;11161;20,44;16,81;1,11;1,11;1,04;52454;50561;1893;58154;56186;1968;1141
2022;12;01;HOTEL;01;1 ESTRELLA;PUNO;210000;5;131;229;30,29;26,13;1;1;0;1855;1855;0;1855;1855;0;19
2022;12;00;NO CLASIFICADO;00;NO CATEGORIZADO;SAN MARTÍN;220000;731;8307;12853;26,08;21,97;1,33;1,31;2,16;65907;64241;1666;87519;83924;3595;1112
2022;12;00;NO CLASIFICADO;TT;TODAS CONSOLIDADAS;SAN MARTÍN;220000;731;8307;12853;26,08;21,97;1,33;1,31;2,16;65907;64241;1666;87519;83924;3595;1112
2022;12;01;HOTEL;01;1 ESTRELLA;SAN MARTÍN;220000;6;126;195;43,86;30,82;1,17;1,17;0;1592;1592;0;1863;1863;0;22
2022;12;00;NO CLASIFICADO;00;NO CATEGORIZADO;TACNA;230000;406;3848;6953;9,51;7,44;1,17;1,14;1,26;13713;10633;3080;16034;12151;3883;475
2022;12;00;NO CLASIFICADO;TT;TODAS CONSOLIDADAS;TACNA;230000;406;3848;6953;9,51;7,44;1,17;1,14;1,26;13713;10633;3080;16034;12151;3883;475
2022;12;01;HOTEL;01;1 ESTRELLA;TACNA;230000;2;57;112;0;0;0;0;0;0;0;0;0;0;0;0
2022;12;00;NO CLASIFICADO;00;NO CATEGORIZADO;TUMBES;240000;217;2245;4354;11,8;9,5;1,8;1,78;2,13;7115;6651;464;12818;11828;990;287
2022;12;00;NO CLASIFICADO;00;NO CATEGORIZADO;UCAYALI;250000;461;4970;7688;25,66;24,39;2,19;2,19;1,98;26594;26212;382;58133;57375;758;888
2022;12;00;NO CLASIFICADO;TT;TODAS CONSOLIDADAS;CUSCO;080000;1798;17949;32417;19,52;16,56;1,58;1,38;1,94;105327;67712;37615;166397;93476;72921;3459
2022;12;00;NO CLASIFICADO;TT;TODAS CONSOLIDADAS;HUÁNUCO;100000;470;5248;7766;18,16;14,44;1,21;1,22;1,05;28643;28430;213;34769;34545;224;647
2022;12;00;NO CLASIFICADO;TT;TODAS CONSOLIDADAS;ICA;110000;735;8147;13918;23,77;19,11;1,42;1,41;1,45;58216;52201;6015;82452;73704;8748;1493
2022;12;00;NO CLASIFICADO;TT;TODAS CONSOLIDADAS;LAMBAYEQUE;140000;381;3929;5639;16,34;13,96;1,04;1,04;1,06;23533;23254;279;24396;24099;297;513
2022;12;00;NO CLASIFICADO;TT;TODAS CONSOLIDADAS;LIMA;150000;6191;52417;91125;25,9;23,02;1,13;1,13;1,34;2593884;2547064;46819;2934534;2871947;62587;32938
2022;12;00;NO CLASIFICADO;TT;TODAS CONSOLIDADAS;MADRE DE DIOS;170000;307;4140;6899;18,78;15,36;1,21;1,19;1,38;27219;25036;2183;32845;29825;3020;717
2022;12;00;NO CLASIFICADO;TT;TODAS CONSOLIDADAS;MOQUEGUA;180000;184;1781;3042;11,81;8,47;1,13;1,14;1,04;7042;6929;113;7984;7866;118;228
2022;12;00;NO CLASIFICADO;TT;TODAS CONSOLIDADAS;TUMBES;240000;217;2245;4354;11,8;9,5;1,8;1,78;2,13;7115;6651;464;12818;11828;990;287
2022;12;01;HOTEL;01;1 ESTRELLA;LIMA;150000;10;375;641;41,62;39,96;1,06;1,06;1;7043;7017;27;7473;7447;27;53
2022;12;01;HOTEL;01;1 ESTRELLA;MADRE DE DIOS;170000;5;137;240;26,35;18,82;1;1;1;1400;1376;24;1400;1376;24;23
2022;12;01;HOTEL;02;2 ESTRELLAS;CAJAMARCA;060000;43;1224;1842;16;11,41;1,33;1,33;1,85;4898;4850;48;6516;6427;89;190
2022;12;01;HOTEL;02;2 ESTRELLAS;HUANCAVELICA;090000;2;46;85;0;0;0;0;0;0;0;0;0;0;0;0
2022;12;01;HOTEL;02;2 ESTRELLAS;HUÁNUCO;100000;40;1242;1938;20;14,93;1,14;1,14;1,06;7897;7879;18;8971;8952;19;212
2022;12;01;HOTEL;02;2 ESTRELLAS;ICA;110000;50;1378;2395;21,52;15,88;1,28;1,28;1;9200;9165;35;11793;11758;35;215
2022;12;01;HOTEL;02;2 ESTRELLAS;JUNÍN;120000;27;838;1489;16,03;11,85;1,29;1,28;1,7;4250;4171;79;5470;5336;134;125
2022;12;01;HOTEL;02;2 ESTRELLAS;LA LIBERTAD;130000;22;515;942;17,35;17,28;1,25;1,25;0;4026;4026;0;5045;5045;0;84
2022;12;01;HOTEL;02;2 ESTRELLAS;LAMBAYEQUE;140000;72;2059;3095;18,99;15,81;1,12;1,12;1,22;13496;13389;107;15172;15041;131;327
2022;12;01;HOTEL;02;2 ESTRELLAS;LIMA;150000;126;5307;9379;39,74;37,48;1,31;1,3;1,68;95826;93238;2589;125702;121352;4350;990
2022;12;01;HOTEL;02;2 ESTRELLAS;LORETO;160000;14;338;549;14,17;12,25;1,65;1,65;1,7;1264;1167;97;2085;1920;165;63
2022;12;01;HOTEL;02;2 ESTRELLAS;MADRE DE DIOS;170000;9;265;479;27,26;21,55;1,34;1,31;1,58;2396;2194;202;3200;2880;320;43
2022;12;01;HOTEL;02;2 ESTRELLAS;MOQUEGUA;180000;17;446;768;15,38;10,17;1,72;1,65;2,75;1406;1319;87;2421;2182;239;80
2022;12;01;HOTEL;02;2 ESTRELLAS;PASCO;190000;6;191;342;22,65;39,06;1,84;1,84;0;2245;2245;0;4141;4141;0;33
2022;12;01;HOTEL;02;2 ESTRELLAS;PIURA;200000;20;481;790;22,67;21,68;1,89;1,89;1,92;2804;2649;155;5310;5013;297;90
2022;12;01;HOTEL;02;2 ESTRELLAS;PUNO;210000;23;554;990;15,22;9,17;1,17;1,14;1,78;2402;2298;104;2814;2629;185;80
2022;12;01;HOTEL;02;2 ESTRELLAS;SAN MARTÍN;220000;30;834;1418;23,74;22,13;1,95;1,93;2,33;4979;4642;337;9730;8945;785;161
2022;12;01;HOTEL;02;2 ESTRELLAS;TACNA;230000;33;924;1897;21,75;16,51;1,59;1,6;1,58;6118;3058;3060;9711;4881;4830;173
2022;12;01;HOTEL;02;2 ESTRELLAS;TUMBES;240000;9;279;582;59,06;30,19;26,57;26,57;0;205;205;0;5446;5446;0;53
2022;12;01;HOTEL;02;2 ESTRELLAS;UCAYALI;250000;2;58;93;4,28;2,39;1,86;1,67;2,71;37;30;7;69;50;19;11
2022;12;01;HOTEL;03;3 ESTRELLAS;AMAZONAS;010000;19;455;805;24,55;21,05;1,55;1,47;2,37;3399;3101;298;5253;4547;706;103
2022;12;01;HOTEL;03;3 ESTRELLAS;ÁNCASH;020000;42;1391;2491;18,59;13,83;1,61;1,6;1,93;6642;6473;169;10680;10354;326;293
2022;12;01;HOTEL;03;3 ESTRELLAS;APURÍMAC;030000;4;132;239;48,8;28,79;1,58;1,58;1,42;1353;1293;60;2133;2048;85;25
2022;12;01;HOTEL;03;3 ESTRELLAS;AREQUIPA;040000;68;2028;3821;19,69;16,63;1,94;1,9;2,19;10151;8688;1463;19695;16497;3198;553
2022;12;01;HOTEL;03;3 ESTRELLAS;AYACUCHO;050000;9;303;575;10,76;9,82;2,32;2,37;1,97;755;656;99;1751;1556;195;91
2022;12;01;HOTEL;03;3 ESTRELLAS;CAJAMARCA;060000;67;2070;3368;13,19;10,57;1,39;1,39;1,51;7909;7650;259;11031;10641;390;391
2022;12;01;HOTEL;03;3 ESTRELLAS;CALLAO;070000;4;233;392;31,16;32,68;1,6;1,63;1,42;2479;2117;362;3971;3456;515;46
2022;12;01;HOTEL;03;3 ESTRELLAS;CUSCO;080000;89;3164;6249;20,9;17,76;1,96;2,16;1,84;17540;6541;10999;34404;14116;20288;997
2022;12;01;HOTEL;03;3 ESTRELLAS;HUANCAVELICA;090000;2;65;108;11,41;8,81;1,83;1,83;0;161;161;0;295;295;0;20
2022;12;01;HOTEL;03;3 ESTRELLAS;HUÁNUCO;100000;13;491;925;14,69;9,23;1,26;1,26;1,27;2093;2023;70;2646;2557;89;93
2022;12;01;HOTEL;03;3 ESTRELLAS;JUNÍN;120000;20;801;1500;14,24;10,66;1,46;1,45;1,5;3400;3192;208;4955;4644;311;164
2022;12;01;HOTEL;03;3 ESTRELLAS;LA LIBERTAD;130000;85;2564;4784;25,66;23,12;1,66;1,62;2,07;20689;19066;1623;34289;30932;3357;573
2022;12;01;HOTEL;03;3 ESTRELLAS;LAMBAYEQUE;140000;37;1227;2089;22,52;18,61;1,41;1,4;1,55;8564;8301;263;12050;11642;408;246
2022;12;01;HOTEL;03;3 ESTRELLAS;LIMA;150000;165;8279;15795;33,27;28,24;1,6;1,41;2,22;86700;67083;19617;138298;94811;43487;1911
2022;12;01;HOTEL;03;3 ESTRELLAS;LORETO;160000;20;617;1098;25,41;23,04;2,08;2,07;2,1;3776;3050;726;7843;6316;1527;190
2022;12;01;HOTEL;03;3 ESTRELLAS;MADRE DE DIOS;170000;5;186;341;31,98;29,55;1,73;1,86;1,33;1810;1346;464;3124;2507;617;66
2022;12;01;HOTEL;03;3 ESTRELLAS;MOQUEGUA;180000;8;261;483;16,86;13,74;1,81;1,81;1,94;1135;1073;62;2058;1938;120;58
2022;12;01;HOTEL;03;3 ESTRELLAS;PASCO;190000;4;114;217;88,54;47,79;1;1;0;3215;3215;0;3215;3215;0;19
2022;12;01;HOTEL;03;3 ESTRELLAS;PIURA;200000;15;578;995;31,61;23,88;2,06;1,89;2,93;3574;2998;576;7367;5677;1690;169
2022;12;01;HOTEL;03;3 ESTRELLAS;PUNO;210000;27;887;1705;14,27;11,58;1,64;1,72;1,55;3722;2076;1646;6122;3571;2551;195
2022;12;01;HOTEL;03;3 ESTRELLAS;TACNA;230000;14;1581;2490;3,36;4,47;1,75;1,66;1,87;1970;1129;841;3448;1874;1574;116
2022;12;01;HOTEL;03;3 ESTRELLAS;TUMBES;240000;10;314;649;38,3;39,07;2,99;3,01;2,82;2632;2267;365;7860;6829;1031;126
2022;12;01;HOTEL;03;3 ESTRELLAS;UCAYALI;250000;15;537;887;25,34;22,09;1,99;2,03;1,49;3050;2825;225;6074;5738;336;128
2022;12;01;HOTEL;04;4 ESTRELLAS;AREQUIPA;040000;11;558;1059;17,92;17,65;2,12;2,08;2,23;2733;2012;721;5793;4187;1606;208
2022;12;01;HOTEL;04;4 ESTRELLAS;CAJAMARCA;060000;4;214;355;33,22;31,63;1,94;1,86;2,86;1793;1653;140;3481;3080;401;146
2022;12;01;HOTEL;04;4 ESTRELLAS;CALLAO;070000;2;371;599;74,49;67,87;1,33;1,3;1,34;9461;2213;7248;12602;2866;9736;131
2022;12;01;HOTEL;04;4 ESTRELLAS;CUSCO;080000;15;1120;2199;38,33;35,01;2,13;2,16;2,12;11187;3212;7975;23868;6949;16919;529
2022;12;01;HOTEL;04;4 ESTRELLAS;HUÁNUCO;100000;1;63;108;24,27;20,1;1,79;1,78;2;376;359;17;673;639;34;26
2022;12;01;HOTEL;04;4 ESTRELLAS;ICA;110000;7;756;1573;26,14;29,02;2,02;2,02;2,03;7011;5885;1126;14149;11860;2289;339
2022;12;01;HOTEL;04;4 ESTRELLAS;JUNÍN;120000;1;40;66;24,27;16,67;1,13;1,13;0;301;301;0;341;341;0;19
2022;12;01;HOTEL;04;4 ESTRELLAS;LAMBAYEQUE;140000;5;349;643;50,63;44,84;1,58;1,5;2,48;5656;5177;479;8937;7750;1187;269
2022;12;01;HOTEL;04;4 ESTRELLAS;LIMA;150000;43;4322;7640;27,82;27,61;1,94;1,57;2,4;33727;18662;15065;65398;29301;36097;1434
2022;12;01;HOTEL;04;4 ESTRELLAS;LORETO;160000;2;89;148;23,49;21,95;2,93;2,98;2,05;344;325;19;1007;968;39;29
2022;12;01;HOTEL;04;4 ESTRELLAS;MOQUEGUA;180000;2;321;428;7,5;7,85;1,71;1,64;2,35;609;546;63;1042;894;148;55
2022;12;01;HOTEL;04;4 ESTRELLAS;PIURA;200000;3;299;521;41,17;41,24;1,89;1,93;1,76;3528;2646;882;6660;5110;1550;58
2022;12;01;HOTEL;04;4 ESTRELLAS;PUNO;210000;7;447;842;23,27;19,15;2,04;2,01;2,07;2446;1141;1305;4998;2294;2704;146
2022;12;01;HOTEL;04;4 ESTRELLAS;TACNA;230000;1;150;300;28,6;25,62;1,78;1,8;1,75;1342;691;651;2383;1247;1136;32
2022;12;01;HOTEL;04;4 ESTRELLAS;TUMBES;240000;5;265;522;33,12;37,2;2,11;2,16;1,84;2854;2358;496;6019;5104;915;140
2022;12;01;HOTEL;04;4 ESTRELLAS;UCAYALI;250000;5;288;513;33,22;28,36;2,18;2,14;2,44;2072;1840;232;4510;3943;567;111
2022;12;01;HOTEL;05;5 ESTRELLAS;AREQUIPA;040000;3;241;346;39,46;43,42;1,75;1,64;2,07;2660;1977;683;4657;3240;1417;167
2022;12;01;HOTEL;05;5 ESTRELLAS;CUSCO;080000;15;1293;2503;23,38;22,7;1,83;1,89;1,82;9600;2179;7421;17613;4113;13500;1119
2022;12;01;HOTEL;05;5 ESTRELLAS;ICA;110000;3;346;880;41,79;37,63;1,78;1,7;2,06;5766;4511;1255;10266;7685;2581;399
2022;12;01;HOTEL;05;5 ESTRELLAS;LA LIBERTAD;130000;2;267;450;34,57;38,32;1,91;1,77;2,79;2793;2407;386;5345;4268;1077;183
2022;12;01;HOTEL;05;5 ESTRELLAS;LIMA;150000;25;4440;7804;31,41;28,32;2,08;1,6;2,41;32960;13467;19493;68513;21544;46969;2213
2022;12;01;HOTEL;05;5 ESTRELLAS;LORETO;160000;1;60;91;57,58;66,5;1,93;1,81;2,04;973;474;499;1876;858;1018;54
2022;12;01;HOTEL;05;5 ESTRELLAS;PIURA;200000;1;83;167;65,92;56,21;1,99;1,8;2,77;1461;1176;285;2910;2120;790;81
2022;12;01;HOTEL;05;5 ESTRELLAS;PUNO;210000;1;123;231;21,06;25,35;1,36;1,29;1,41;1333;563;770;1815;726;1089;59
2022;12;01;HOTEL;05;5 ESTRELLAS;SAN MARTÍN;220000;1;50;108;32,26;40,5;1,91;1,91;1,96;709;684;25;1356;1307;49;63
2022;12;01;HOTEL;05;5 ESTRELLAS;UCAYALI;250000;2;162;300;28,2;26,03;2,49;2,36;3,43;972;857;115;2421;2026;395;72
2022;12;01;HOTEL;TT;TODAS CONSOLIDADAS;AMAZONAS;010000;52;1328;2215;23,62;19,99;1,46;1,43;2,28;9394;9053;341;13728;12949;779;243
2022;12;01;HOTEL;TT;TODAS CONSOLIDADAS;ÁNCASH;020000;108;3181;5685;20,03;14,41;1,37;1,37;1,57;18530;18188;342;25398;24860;538;575
2022;12;01;HOTEL;TT;TODAS CONSOLIDADAS;APURÍMAC;030000;10;398;667;27,48;17,6;1,32;1,32;1,42;2748;2688;60;3639;3554;85;57
2022;12;01;HOTEL;TT;TODAS CONSOLIDADAS;AREQUIPA;040000;129;4205;7674;21,54;17,86;1,76;1,7;2,13;24126;20810;3316;42479;35402;7077;1154
2022;12;01;HOTEL;TT;TODAS CONSOLIDADAS;AYACUCHO;050000;26;763;1391;12,79;10,96;1,7;1,7;1,78;2773;2606;167;4726;4429;297;161
2022;12;01;HOTEL;TT;TODAS CONSOLIDADAS;CAJAMARCA;060000;120;3678;5857;15,21;12,01;1,42;1,41;1,97;15321;14874;447;21809;20929;880;753
2022;12;01;HOTEL;TT;TODAS CONSOLIDADAS;CALLAO;070000;8;678;1126;53,48;49,6;1,37;1,41;1,34;12642;4900;7742;17312;6909;10403;185
2022;12;01;HOTEL;TT;TODAS CONSOLIDADAS;CUSCO;080000;167;6830;13299;22,93;20,55;1,94;1,97;1,92;43770;15427;28343;84740;30370;54370;3021
2022;12;01;HOTEL;TT;TODAS CONSOLIDADAS;HUANCAVELICA;090000;4;111;193;6,68;4,93;1,83;1,83;0;161;161;0;295;295;0;20
2022;12;01;HOTEL;TT;TODAS CONSOLIDADAS;HUÁNUCO;100000;62;2044;3349;16,43;11,84;1,19;1,18;1,35;10366;10261;105;12290;12148;142;331
2022;12;01;HOTEL;TT;TODAS CONSOLIDADAS;ICA;110000;115;4412;9285;25,08;20,6;1,61;1,59;1,8;36720;31835;4885;59300;50510;8790;1410
2022;12;01;HOTEL;TT;TODAS CONSOLIDADAS;JUNÍN;120000;54;1925;3566;15,5;11,28;1,36;1,35;1,55;9187;8900;287;12474;12029;445;334
2022;12;01;HOTEL;TT;TODAS CONSOLIDADAS;LA LIBERTAD;130000;117;3668;6703;25,23;23,58;1,65;1,6;2,22;29717;27253;2464;48998;43516;5482;918
2022;12;01;HOTEL;TT;TODAS CONSOLIDADAS;LAMBAYEQUE;140000;117;3736;5972;22,65;19,57;1,3;1,28;2,03;27789;26940;849;36232;34506;1726;859
2022;12;01;HOTEL;TT;TODAS CONSOLIDADAS;LIMA;150000;369;22723;41259;32,5;29,39;1,67;1,41;2,32;250221;180082;70139;417593;254700;162893;7616
2022;12;01;HOTEL;TT;TODAS CONSOLIDADAS;LORETO;160000;37;1104;1886;23,56;21,91;2,02;2,01;2,05;6357;5016;1341;12811;10062;2749;336
2022;12;01;HOTEL;TT;TODAS CONSOLIDADAS;MADRE DE DIOS;170000;19;588;1060;28,54;23,51;1,38;1,38;1,39;5606;4916;690;7724;6763;961;132
2022;12;01;HOTEL;TT;TODAS CONSOLIDADAS;MOQUEGUA;180000;28;1049;1721;13,2;10,5;1,74;1,7;2,38;3214;3001;213;5602;5094;508;197
2022;12;01;HOTEL;TT;TODAS CONSOLIDADAS;PASCO;190000;16;473;829;36,87;33,82;1,34;1,34;0;6482;6482;0;8691;8691;0;81
2022;12;01;HOTEL;TT;TODAS CONSOLIDADAS;PIURA;200000;41;1481;2560;31,71;28,03;1,96;1,89;2,28;11367;9469;1898;22247;17920;4327;398
2022;12;01;HOTEL;TT;TODAS CONSOLIDADAS;PUNO;210000;63;2142;3997;17,77;14,21;1,5;1,4;1,71;11758;7933;3825;17604;11075;6529;499
2022;12;01;HOTEL;TT;TODAS CONSOLIDADAS;SAN MARTÍN;220000;59;1780;3117;25,26;22,53;1,81;1,79;2,13;12035;11464;571;21770;20551;1219;421
2022;12;01;HOTEL;TT;TODAS CONSOLIDADAS;TACNA;230000;50;2712;4799;10,95;10,45;1,65;1,64;1,66;9430;4878;4552;15542;8002;7540;321
2022;12;01;HOTEL;TT;TODAS CONSOLIDADAS;TUMBES;240000;24;858;1753;43,45;35,56;3,4;3,6;2,26;5691;4830;861;19325;17379;1946;319
2022;12;01;HOTEL;TT;TODAS CONSOLIDADAS;UCAYALI;250000;24;1045;1793;26,78;23,52;2,13;2,12;2,27;6131;5552;579;13074;11757;1317;322
2022;12;02;APART HOTEL;03;3 ESTRELLAS;ÁNCASH;020000;2;16;44;18,95;18,99;1,77;1,77;0;146;146;0;259;259;0;4
2022;12;02;APART HOTEL;03;3 ESTRELLAS;APURÍMAC;030000;1;18;37;0;0;0;0;0;0;0;0;0;0;0;0
2022;12;02;APART HOTEL;03;3 ESTRELLAS;AREQUIPA;040000;1;19;35;2,04;1,66;3,6;2;6;5;3;2;18;6;12;2
2022;12;02;APART HOTEL;03;3 ESTRELLAS;CAJAMARCA;060000;2;13;24;0;0;0;0;0;0;0;0;0;0;0;0
2022;12;02;APART HOTEL;03;3 ESTRELLAS;ICA;110000;1;10;24;0;0;0;0;0;0;0;0;0;0;0;0
2022;12;02;APART HOTEL;03;3 ESTRELLAS;LA LIBERTAD;130000;1;11;24;0;0;0;0;0;0;0;0;0;0;0;0
2022;12;02;APART HOTEL;03;3 ESTRELLAS;LIMA;150000;8;206;375;46,15;33,4;4,35;4,33;4,37;892;400;492;3883;1731;2152;46
2022;12;02;APART HOTEL;03;3 ESTRELLAS;LORETO;160000;1;45;94;0;0;0;0;0;0;0;0;0;0;0;0
2022;12;02;APART HOTEL;03;3 ESTRELLAS;MOQUEGUA;180000;1;9;10;46,59;41,94;18,57;22,25;13,67;7;4;3;130;89;41;3
2022;12;02;APART HOTEL;03;3 ESTRELLAS;PASCO;190000;1;10;17;13,23;7,78;1;1;0;41;41;0;41;41;0;4
2022;12;02;APART HOTEL;03;3 ESTRELLAS;TUMBES;240000;2;18;50;51,08;49,1;3,59;3,6;3,38;212;199;13;761;717;44;15
2022;12;02;APART HOTEL;04;4 ESTRELLAS;AREQUIPA;040000;1;19;32;9,85;28,43;3,07;3,13;2,85;92;72;20;282;225;57;6
2022;12;02;APART HOTEL;04;4 ESTRELLAS;LIMA;150000;8;610;1270;57,56;47,13;1,68;1,3;3,83;11075;9430;1645;18556;12250;6306;422
2022;12;02;APART HOTEL;04;4 ESTRELLAS;LORETO;160000;1;13;23;93,05;60,59;1,19;1,08;1,29;362;168;194;432;182;250;6
2022;12;02;APART HOTEL;04;4 ESTRELLAS;SAN MARTÍN;220000;1;24;57;51,88;45,67;2,45;2,47;2,25;329;297;32;807;735;72;17
2022;12;01;HOTEL;03;3 ESTRELLAS;ICA;110000;51;1850;4329;25,28;17,21;1,57;1,56;1,57;14743;12274;2469;23092;19207;3885;457
2022;12;01;HOTEL;03;3 ESTRELLAS;SAN MARTÍN;220000;22;770;1396;23,41;20,38;1,86;1,86;1,84;4755;4546;209;8821;8436;385;175
2022;12;01;HOTEL;04;4 ESTRELLAS;LA LIBERTAD;130000;3;206;326;41,67;42,74;1,96;1,86;2,3;2209;1754;455;4319;3271;1048;78
2022;12;02;APART HOTEL;05;5 ESTRELLAS;LIMA;150000;6;399;673;58,1;38,52;2,8;2,8;2,81;2869;1879;990;8036;5256;2780;118
2022;12;02;APART HOTEL;TT;TODAS CONSOLIDADAS;ÁNCASH;020000;2;16;44;18,95;18,99;1,77;1,77;0;146;146;0;259;259;0;4
2022;12;02;APART HOTEL;TT;TODAS CONSOLIDADAS;APURÍMAC;030000;1;18;37;0;0;0;0;0;0;0;0;0;0;0;0
2022;12;02;APART HOTEL;TT;TODAS CONSOLIDADAS;AREQUIPA;040000;2;38;67;5,94;14,44;3,09;3,08;3,14;97;75;22;300;231;69;8
2022;12;02;APART HOTEL;TT;TODAS CONSOLIDADAS;CAJAMARCA;060000;2;13;24;0;0;0;0;0;0;0;0;0;0;0;0
2022;12;02;APART HOTEL;TT;TODAS CONSOLIDADAS;ICA;110000;1;10;24;0;0;0;0;0;0;0;0;0;0;0;0
2022;12;02;APART HOTEL;TT;TODAS CONSOLIDADAS;LA LIBERTAD;130000;1;11;24;0;0;0;0;0;0;0;0;0;0;0;0
2022;12;02;APART HOTEL;TT;TODAS CONSOLIDADAS;LIMA;150000;22;1215;2318;55,8;42,41;2,05;1,64;3,59;14836;11709;3127;30475;19237;11238;586
2022;12;02;APART HOTEL;TT;TODAS CONSOLIDADAS;LORETO;160000;2;58;117;20,86;11,91;1,19;1,08;1,29;362;168;194;432;182;250;6
2022;12;02;APART HOTEL;TT;TODAS CONSOLIDADAS;MOQUEGUA;180000;1;9;10;46,59;41,94;18,57;22,25;13,67;7;4;3;130;89;41;3
2022;12;02;APART HOTEL;TT;TODAS CONSOLIDADAS;PASCO;190000;1;10;17;13,23;7,78;1;1;0;41;41;0;41;41;0;4
2022;12;02;APART HOTEL;TT;TODAS CONSOLIDADAS;SAN MARTÍN;220000;1;24;57;51,88;45,67;2,45;2,47;2,25;329;297;32;807;735;72;17
2022;12;02;APART HOTEL;TT;TODAS CONSOLIDADAS;TUMBES;240000;2;18;50;51,08;49,1;3,59;3,6;3,38;212;199;13;761;717;44;15
2022;12;03;HOSTAL;01;1 ESTRELLA;AMAZONAS;010000;17;239;361;40,11;32,32;1,03;1,03;1;3526;3488;38;3617;3579;38;40
2022;12;03;HOSTAL;01;1 ESTRELLA;ÁNCASH;020000;40;557;923;31,93;28,55;1,11;1,11;1;7378;7363;15;8168;8153;15;90
2022;12;03;HOSTAL;01;1 ESTRELLA;APURÍMAC;030000;1;10;20;0;0;0;0;0;0;0;0;0;0;0;0
2022;12;03;HOSTAL;01;1 ESTRELLA;AREQUIPA;040000;51;756;1146;24,25;22,14;1,32;1,32;1,36;5938;5851;87;7867;7749;118;128
2022;12;03;HOSTAL;01;1 ESTRELLA;AYACUCHO;050000;8;123;223;17,2;17,45;1,64;1,64;0;735;735;0;1206;1206;0;20
2022;12;03;HOSTAL;01;1 ESTRELLA;CAJAMARCA;060000;21;373;571;11,31;8,33;1,28;1,28;1;1153;1135;18;1475;1457;18;64
2022;12;03;HOSTAL;01;1 ESTRELLA;CALLAO;070000;11;202;394;40,52;37,52;1,08;1,07;1,11;4344;4113;231;4670;4414;256;41
2022;12;03;HOSTAL;01;1 ESTRELLA;CUSCO;080000;23;396;638;24,3;23,08;1,13;1,12;1,36;4031;3888;143;4564;4369;195;57
2022;12;03;HOSTAL;01;1 ESTRELLA;HUANCAVELICA;090000;2;29;45;55,28;34,41;1,02;1,02;0;471;471;0;480;480;0;4
2022;12;03;HOSTAL;01;1 ESTRELLA;HUÁNUCO;100000;16;232;345;62,69;52,84;1;1;0;5651;5651;0;5651;5651;0;43
2022;12;03;HOSTAL;01;1 ESTRELLA;ICA;110000;12;157;223;68,77;66,09;1;1;0;4569;4569;0;4569;4569;0;28
2022;12;03;HOSTAL;01;1 ESTRELLA;JUNÍN;120000;11;157;278;28,19;20,11;1,28;1,28;0;1355;1355;0;1733;1733;0;28
2022;12;03;HOSTAL;01;1 ESTRELLA;LA LIBERTAD;130000;32;449;786;38,8;24,96;2,65;2,64;4,33;2296;2287;9;6082;6043;39;77
2022;12;03;HOSTAL;01;1 ESTRELLA;LAMBAYEQUE;140000;17;217;271;17,18;13,83;1,06;1,06;0;1101;1101;0;1162;1162;0;37
2022;12;03;HOSTAL;01;1 ESTRELLA;LIMA;150000;86;1756;3115;37,85;31,77;1,1;1,1;1,19;35967;35679;288;39519;39175;344;385
2022;12;03;HOSTAL;01;1 ESTRELLA;LORETO;160000;6;91;134;6,77;6,45;2,37;2,16;2,62;113;61;52;268;132;136;15
2022;12;03;HOSTAL;01;1 ESTRELLA;MADRE DE DIOS;170000;1;35;68;19,72;18,03;2;2;0;190;190;0;380;380;0;4
2022;12;03;HOSTAL;01;1 ESTRELLA;MOQUEGUA;180000;17;239;404;9,3;6,64;1,14;1,15;1,12;727;677;50;832;776;56;39
2022;12;03;HOSTAL;01;1 ESTRELLA;PASCO;190000;18;323;467;28,36;17,27;1,01;1,01;1;2474;2465;9;2500;2491;9;56
2022;12;03;HOSTAL;01;1 ESTRELLA;PIURA;200000;3;56;81;44,47;34,33;2,28;2,31;1,27;378;367;11;862;848;14;9
2022;12;03;HOSTAL;01;1 ESTRELLA;PUNO;210000;30;445;764;18,27;14,47;1,01;1,01;1;3397;3104;293;3427;3134;293;66
2022;12;03;HOSTAL;01;1 ESTRELLA;SAN MARTÍN;220000;1;20;34;25,48;19,17;1,71;1,71;0;118;118;0;202;202;0;8
2022;12;03;HOSTAL;01;1 ESTRELLA;TACNA;230000;10;178;312;10,58;9,68;1,08;1,06;1,15;866;665;201;936;704;232;29
2022;12;03;HOSTAL;02;2 ESTRELLAS;AMAZONAS;010000;53;942;1492;28,98;23,79;1,27;1,14;2,23;8633;7563;1070;11004;8614;2390;147
2022;12;03;HOSTAL;02;2 ESTRELLAS;ÁNCASH;020000;134;2159;3736;36,73;33,92;1,08;1,08;1,3;36375;35967;408;39285;38754;531;362
2022;12;03;HOSTAL;02;2 ESTRELLAS;APURÍMAC;030000;5;118;182;43,44;33,89;1,17;1,17;0;1640;1640;0;1912;1912;0;21
2022;12;03;HOSTAL;02;2 ESTRELLAS;AREQUIPA;040000;120;1867;3358;29,57;24,18;1,59;1,58;1,69;15857;14492;1365;25172;22861;2311;324
2022;12;03;HOSTAL;02;2 ESTRELLAS;AYACUCHO;050000;6;89;146;39,4;31,71;1,94;1,82;4,26;739;701;38;1435;1273;162;18
2022;12;03;HOSTAL;02;2 ESTRELLAS;CAJAMARCA;060000;117;2104;3306;17,36;15;1,23;1,23;1,23;12524;12354;170;15377;15168;209;349
2022;12;03;HOSTAL;02;2 ESTRELLAS;CALLAO;070000;6;182;350;46,17;46,15;1;1;0;5007;5007;0;5007;5007;0;26
2022;12;03;HOSTAL;02;2 ESTRELLAS;CUSCO;080000;52;853;1544;24,9;22,63;2,12;2,02;2,24;5110;2685;2425;10832;5411;5421;147
2022;12;03;HOSTAL;02;2 ESTRELLAS;HUANCAVELICA;090000;1;37;67;0;0;0;0;0;0;0;0;0;0;0;0
2022;12;03;HOSTAL;02;2 ESTRELLAS;HUÁNUCO;100000;24;327;547;32,39;26,99;1,02;1,02;1;4508;4505;3;4577;4574;3;59
2022;12;03;HOSTAL;02;2 ESTRELLAS;ICA;110000;65;927;1535;17,77;17,09;1,09;1,09;1,14;7445;7206;239;8132;7860;272;155
2022;12;03;HOSTAL;02;2 ESTRELLAS;JUNÍN;120000;25;398;786;17,52;10,71;1,04;1,04;0;2509;2509;0;2609;2609;0;68
2022;12;03;HOSTAL;02;2 ESTRELLAS;LA LIBERTAD;130000;138;2314;4128;20,15;22,76;1,29;1,29;1,46;22572;22406;166;29129;28887;242;401
2022;12;03;HOSTAL;02;2 ESTRELLAS;LAMBAYEQUE;140000;158;2339;3269;20,13;14,5;1,11;1,11;1,07;13249;13150;99;14696;14590;106;418
2022;12;03;HOSTAL;02;2 ESTRELLAS;LORETO;160000;5;72;112;9,05;10,05;1,45;1,44;1,58;240;221;19;349;319;30;14
2022;12;03;HOSTAL;02;2 ESTRELLAS;MADRE DE DIOS;170000;4;115;163;7,1;7,62;1,58;1,58;0;244;244;0;385;385;0;21
2022;12;03;HOSTAL;02;2 ESTRELLAS;MOQUEGUA;180000;67;949;1549;18,02;14,18;1,15;1,15;1;5923;5884;39;6807;6768;39;175
2022;12;03;HOSTAL;02;2 ESTRELLAS;PASCO;190000;15;259;491;23,59;17,67;1,32;1,31;1,61;2042;2019;23;2689;2652;37;42
2022;12;03;HOSTAL;02;2 ESTRELLAS;PIURA;200000;27;543;892;26,07;24,35;1,86;1,75;2,6;3623;3153;470;6733;5513;1220;104
2022;12;03;HOSTAL;02;2 ESTRELLAS;PUNO;210000;45;672;1243;15,93;11,08;1,32;1,31;1,36;3238;2869;369;4270;3769;501;123
2022;12;03;HOSTAL;02;2 ESTRELLAS;SAN MARTÍN;220000;21;311;515;25,12;23,26;1,6;1,6;1,62;2315;2302;13;3714;3693;21;64
2022;12;03;HOSTAL;02;2 ESTRELLAS;TACNA;230000;26;446;893;17,68;12,82;2,01;2,02;2,01;1764;800;964;3550;1613;1937;83
2022;12;03;HOSTAL;02;2 ESTRELLAS;TUMBES;240000;5;66;131;0;0;0;0;0;0;0;0;0;0;0;0
2022;12;03;HOSTAL;02;2 ESTRELLAS;UCAYALI;250000;2;71;136;23,81;12,97;1,7;1,69;1,83;322;304;18;547;514;33;16
2022;12;03;HOSTAL;03;3 ESTRELLAS;AMAZONAS;010000;10;152;290;29,48;31,06;1,58;1,58;0;1767;1767;0;2792;2792;0;26
2022;12;03;HOSTAL;03;3 ESTRELLAS;ÁNCASH;020000;19;285;559;14,15;9,76;1,65;1,62;1,79;1027;887;140;1691;1441;250;56
2022;12;03;HOSTAL;03;3 ESTRELLAS;APURÍMAC;030000;1;24;54;0;0;0;0;0;0;0;0;0;0;0;0
2022;12;03;HOSTAL;03;3 ESTRELLAS;AREQUIPA;040000;40;632;1161;17,02;14,76;1,85;1,72;2,22;2876;2131;745;5311;3656;1655;156
2022;12;03;HOSTAL;03;3 ESTRELLAS;AYACUCHO;050000;2;38;77;15,7;11,77;1,9;1,91;1,82;148;126;22;281;241;40;20
2022;12;03;HOSTAL;03;3 ESTRELLAS;CAJAMARCA;060000;50;770;1273;18,8;13,49;1,47;1,47;1,09;3624;3602;22;5325;5301;24;167
2022;12;03;HOSTAL;03;3 ESTRELLAS;CUSCO;080000;21;365;692;16,62;13,93;1,84;1,3;2,79;1623;1035;588;2989;1349;1640;65
2022;12;03;HOSTAL;03;3 ESTRELLAS;HUÁNUCO;100000;2;45;63;0;0;0;0;0;0;0;0;0;0;0;0
2022;12;03;HOSTAL;03;3 ESTRELLAS;ICA;110000;32;567;1085;28,2;20,35;1,57;1,58;1,44;4369;3846;523;6846;6093;753;111
2022;12;03;HOSTAL;03;3 ESTRELLAS;JUNÍN;120000;3;60;114;20,59;16,67;1,55;1,53;2,5;381;375;6;589;574;15;35
2022;12;03;HOSTAL;03;3 ESTRELLAS;LA LIBERTAD;130000;54;909;1766;37,72;32,62;1,17;1,17;1,2;15279;15122;157;17858;17669;189;172
2022;12;03;HOSTAL;03;3 ESTRELLAS;LAMBAYEQUE;140000;24;337;491;29,29;25,45;1,15;1,15;1,39;3364;3290;74;3873;3770;103;66
2022;12;03;HOSTAL;03;3 ESTRELLAS;LIMA;150000;17;345;678;24,67;17,77;1,63;1,64;1,55;2297;1907;390;3734;3130;604;68
2022;12;03;HOSTAL;03;3 ESTRELLAS;LORETO;160000;8;133;229;25,47;19,28;2,11;1,71;3,62;650;515;135;1369;880;489;48
2022;12;03;HOSTAL;03;3 ESTRELLAS;MADRE DE DIOS;170000;1;22;29;36,22;52,06;1,87;1,7;8,83;250;244;6;468;415;53;4
2022;12;03;HOSTAL;03;3 ESTRELLAS;MOQUEGUA;180000;3;45;74;0;0;0;0;0;0;0;0;0;0;0;0
2022;12;03;HOSTAL;03;3 ESTRELLAS;PASCO;190000;1;9;18;16,85;16,85;1,16;1,16;0;81;81;0;94;94;0;3
2022;12;03;HOSTAL;03;3 ESTRELLAS;PIURA;200000;3;68;152;5,22;4,84;2,09;1,96;2,39;109;76;33;228;149;79;13
2022;12;03;HOSTAL;03;3 ESTRELLAS;PUNO;210000;7;150;251;41,08;32,91;1,43;1,74;1,06;1797;964;833;2561;1679;882;34
2022;12;03;HOSTAL;03;3 ESTRELLAS;SAN MARTÍN;220000;6;104;224;32,04;32,85;2,88;2,89;2,73;793;719;74;2281;2079;202;27
2022;12;03;HOSTAL;03;3 ESTRELLAS;TACNA;230000;6;110;230;16,13;11,15;2,58;2,43;2,8;308;184;124;795;448;347;19
2022;12;03;HOSTAL;03;3 ESTRELLAS;TUMBES;240000;5;79;162;0;0;0;0;0;0;0;0;0;0;0;0
2022;12;03;HOSTAL;03;3 ESTRELLAS;UCAYALI;250000;2;45;71;11,97;11,27;1,86;1,86;0;133;133;0;248;248;0;6
2022;12;03;HOSTAL;TT;TODAS CONSOLIDADAS;AMAZONAS;010000;80;1333;2143;31,03;26,21;1,25;1,17;2,19;13926;12818;1108;17413;14985;2428;213
2022;12;03;HOSTAL;TT;TODAS CONSOLIDADAS;ÁNCASH;020000;193;3001;5218;33,69;30,38;1,1;1,09;1,41;44780;44217;563;49144;48348;796;508
2022;12;03;HOSTAL;TT;TODAS CONSOLIDADAS;APURÍMAC;030000;7;152;256;33,72;24,09;1,17;1,17;0;1640;1640;0;1912;1912;0;21
2022;12;03;HOSTAL;TT;TODAS CONSOLIDADAS;AYACUCHO;050000;16;250;446;24,88;21,13;1,8;1,74;3,37;1622;1562;60;2922;2720;202;58
2022;12;03;HOSTAL;TT;TODAS CONSOLIDADAS;CAJAMARCA;060000;188;3247;5150;17,01;13,89;1,28;1,28;1,2;17301;17091;210;22177;21926;251;580
2022;12;03;HOSTAL;TT;TODAS CONSOLIDADAS;CALLAO;070000;17;384;744;43,64;42,22;1,03;1,03;1,11;9916;9712;204;10204;9978;226;68
2022;12;03;HOSTAL;TT;TODAS CONSOLIDADAS;CUSCO;080000;96;1614;2874;22,88;20,64;1,71;1,46;2,3;10764;7608;3156;18385;11129;7256;269
2022;12;03;HOSTAL;TT;TODAS CONSOLIDADAS;HUANCAVELICA;090000;3;66;112;24,29;13,82;1,02;1,02;0;471;471;0;480;480;0;4
2022;12;03;HOSTAL;TT;TODAS CONSOLIDADAS;HUÁNUCO;100000;42;604;955;41,62;34,55;1,01;1,01;1;10159;10156;3;10228;10225;3;102
2022;12;03;HOSTAL;TT;TODAS CONSOLIDADAS;ICA;110000;109;1651;2843;26,2;22,18;1,19;1,19;1,35;16383;15621;762;19547;18522;1025;294
2022;12;03;HOSTAL;TT;TODAS CONSOLIDADAS;JUNÍN;120000;39;615;1178;20,55;13,5;1,16;1,16;2,5;4245;4239;6;4931;4916;15;131
2022;12;03;HOSTAL;TT;TODAS CONSOLIDADAS;LA LIBERTAD;130000;224;3672;6680;26,78;25,63;1,32;1,32;1,42;40147;39815;332;53069;52599;470;650
2022;12;03;HOSTAL;TT;TODAS CONSOLIDADAS;LAMBAYEQUE;140000;199;2893;4031;20,97;15,79;1,11;1,11;1,21;17714;17541;173;19731;19522;209;521
2022;12;03;HOSTAL;TT;TODAS CONSOLIDADAS;LIMA;150000;240;5355;9724;31,41;28,32;1,23;1,18;1,88;90160;84128;6032;110960;99622;11338;1213
2022;12;03;HOSTAL;TT;TODAS CONSOLIDADAS;LORETO;160000;19;296;475;15,73;13,49;1,98;1,67;3,18;1003;797;206;1986;1331;655;77
2022;12;03;HOSTAL;TT;TODAS CONSOLIDADAS;MADRE DE DIOS;170000;6;172;260;13,39;15,3;1,8;1,74;8,83;684;678;6;1233;1180;53;29
2022;12;03;HOSTAL;TT;TODAS CONSOLIDADAS;MOQUEGUA;180000;87;1233;2027;15,67;12,16;1,15;1,15;1,07;6650;6561;89;7639;7544;95;214
2022;12;03;HOSTAL;TT;TODAS CONSOLIDADAS;PASCO;190000;34;591;976;26,1;17,46;1,15;1,15;1,44;4597;4565;32;5283;5237;46;101
2022;12;03;HOSTAL;TT;TODAS CONSOLIDADAS;PIURA;200000;33;667;1125;25,49;22,43;1,9;1,81;2,55;4110;3596;514;7823;6510;1313;126
2022;12;03;HOSTAL;TT;TODAS CONSOLIDADAS;PUNO;210000;82;1267;2258;19,73;14,65;1,22;1,24;1,12;8432;6937;1495;10258;8582;1676;223
2022;12;03;HOSTAL;TT;TODAS CONSOLIDADAS;SAN MARTÍN;220000;28;435;773;26,79;25,86;1,92;1,9;2,56;3226;3139;87;6197;5974;223;99
2022;12;03;HOSTAL;TT;TODAS CONSOLIDADAS;TACNA;230000;42;734;1435;15,73;11,87;1,8;1,68;1,95;2938;1649;1289;5281;2765;2516;131
2022;12;03;HOSTAL;TT;TODAS CONSOLIDADAS;TUMBES;240000;10;145;293;0;0;0;0;0;0;0;0;0;0;0;0
2022;12;03;HOSTAL;TT;TODAS CONSOLIDADAS;UCAYALI;250000;4;116;207;19,22;12,39;1,75;1,74;1,83;455;437;18;795;762;33;22
2022;12;05;ALBERGUE;12;ALBERGUE;AMAZONAS;010000;1;6;11;0;0;0;0;0;0;0;0;0;0;0;0
2022;12;05;ALBERGUE;12;ALBERGUE;ÁNCASH;020000;8;78;170;0;0;0;0;0;0;0;0;0;0;0;0
2022;12;05;ALBERGUE;12;ALBERGUE;AREQUIPA;040000;6;110;262;19,33;15,64;1,35;1,36;1,34;938;622;316;1270;845;425;102
2022;12;05;ALBERGUE;12;ALBERGUE;CAJAMARCA;060000;1;11;22;0;0;0;0;0;0;0;0;0;0;0;0
2022;12;05;ALBERGUE;12;ALBERGUE;CUSCO;080000;15;211;681;17,78;11,77;1,6;1,59;1,6;1549;32;1517;2484;51;2433;120
2022;12;05;ALBERGUE;12;ALBERGUE;HUÁNUCO;100000;1;6;6;0;0;0;0;0;0;0;0;0;0;0;0
2022;12;05;ALBERGUE;12;ALBERGUE;ICA;110000;1;10;30;20,32;17,63;1,74;1,74;0;94;94;0;164;164;0;3
2022;12;05;ALBERGUE;12;ALBERGUE;JUNÍN;120000;1;32;104;18,35;14,08;1,9;1,89;2,05;239;220;19;454;415;39;18
2022;12;05;ALBERGUE;12;ALBERGUE;LIMA;150000;8;137;401;55,43;26,88;1,65;1,72;1,64;2020;400;1620;3341;686;2655;35
2022;12;05;ALBERGUE;12;ALBERGUE;MADRE DE DIOS;170000;10;275;560;15,99;16,18;2,84;2,63;2,87;988;126;862;2808;332;2476;201
2022;12;05;ALBERGUE;12;ALBERGUE;PASCO;190000;15;237;671;9,21;9,46;1,55;1,53;2,42;1271;1252;19;1967;1921;46;47
2022;12;05;ALBERGUE;12;ALBERGUE;PUNO;210000;1;13;35;0;0;0;0;0;0;0;0;0;0;0;0
2022;12;05;ALBERGUE;12;ALBERGUE;SAN MARTÍN;220000;9;141;325;22,1;20,01;2,24;2,2;2,43;901;758;143;2016;1669;347;53
2022;12;05;ALBERGUE;12;ALBERGUE;UCAYALI;250000;3;34;88;13,28;4,8;1,44;1,45;1,33;91;82;9;131;119;12;22
2022;12;05;ALBERGUE;TT;TODAS CONSOLIDADAS;AMAZONAS;010000;1;6;11;0;0;0;0;0;0;0;0;0;0;0;0
2022;12;05;ALBERGUE;TT;TODAS CONSOLIDADAS;ÁNCASH;020000;8;78;170;0;0;0;0;0;0;0;0;0;0;0;0
2022;12;05;ALBERGUE;TT;TODAS CONSOLIDADAS;AREQUIPA;040000;6;110;262;19,33;15,64;1,35;1,36;1,34;938;622;316;1270;845;425;102
2022;12;05;ALBERGUE;TT;TODAS CONSOLIDADAS;CAJAMARCA;060000;1;11;22;0;0;0;0;0;0;0;0;0;0;0;0
2022;12;05;ALBERGUE;TT;TODAS CONSOLIDADAS;CUSCO;080000;15;211;681;17,78;11,77;1,6;1,59;1,6;1549;32;1517;2484;51;2433;120
2022;12;05;ALBERGUE;TT;TODAS CONSOLIDADAS;HUÁNUCO;100000;1;6;6;0;0;0;0;0;0;0;0;0;0;0;0
2022;12;05;ALBERGUE;TT;TODAS CONSOLIDADAS;ICA;110000;1;10;30;20,32;17,63;1,74;1,74;0;94;94;0;164;164;0;3
2022;12;05;ALBERGUE;TT;TODAS CONSOLIDADAS;JUNÍN;120000;1;32;104;18,35;14,08;1,9;1,89;2,05;239;220;19;454;415;39;18
2022;12;05;ALBERGUE;TT;TODAS CONSOLIDADAS;LIMA;150000;8;137;401;55,43;26,88;1,65;1,72;1,64;2020;400;1620;3341;686;2655;35
2022;12;05;ALBERGUE;TT;TODAS CONSOLIDADAS;LORETO;160000;56;746;1589;13,25;12,18;1,86;1,68;2,26;3222;2215;1007;5999;3721;2278;200
2022;12;05;ALBERGUE;TT;TODAS CONSOLIDADAS;MADRE DE DIOS;170000;10;275;560;15,99;16,18;2,84;2,63;2,87;988;126;862;2808;332;2476;201
2022;12;05;ALBERGUE;TT;TODAS CONSOLIDADAS;PASCO;190000;15;237;671;9,21;9,46;1,55;1,53;2,42;1271;1252;19;1967;1921;46;47
2022;12;05;ALBERGUE;TT;TODAS CONSOLIDADAS;PUNO;210000;1;13;35;0;0;0;0;0;0;0;0;0;0;0;0
2022;12;05;ALBERGUE;TT;TODAS CONSOLIDADAS;UCAYALI;250000;3;34;88;13,28;4,8;1,44;1,45;1,33;91;82;9;131;119;12;22
2022;12;14;RESORT;03;3 ESTRELLAS;ICA;110000;1;51;86;0;0;0;0;0;0;0;0;0;0;0;0
2022;12;14;RESORT;03;3 ESTRELLAS;TUMBES;240000;1;31;60;0;0;0;0;0;0;0;0;0;0;0;0
2022;12;14;RESORT;04;4 ESTRELLAS;TUMBES;240000;1;402;1101;69,06;64,63;2,62;2,61;2,68;8429;7188;1241;22060;18729;3331;477
2022;12;14;RESORT;05;5 ESTRELLAS;ICA;110000;1;115;230;0;0;0;0;0;0;0;0;0;0;0;0
2022;12;14;RESORT;TT;TODAS CONSOLIDADAS;ICA;110000;2;166;316;0;0;0;0;0;0;0;0;0;0;0;0
2022;12;14;RESORT;TT;TODAS CONSOLIDADAS;TUMBES;240000;2;433;1161;64,11;61,29;2,62;2,61;2,68;8429;7188;1241;22060;18729;3331;477
2022;12;16;ECOLODGE;13;ECOLODGE;AREQUIPA;040000;1;23;51;16,69;13,54;2,23;1,17;4;96;60;36;214;70;144;8
2022;12;16;ECOLODGE;TT;TODAS CONSOLIDADAS;AREQUIPA;040000;1;23;51;16,69;13,54;2,23;1,17;4;96;60;36;214;70;144;8
2022;12;TT;TODAS CONSOLIDADAS;00;NO CATEGORIZADO;AMAZONAS;010000;263;2487;4028;20,8;17,18;1,22;1,21;1,6;17563;17082;481;21451;20683;768;422
2022;12;TT;TODAS CONSOLIDADAS;00;NO CATEGORIZADO;ÁNCASH;020000;599;5610;9677;21,02;17,14;1,26;1,26;1,11;40727;40671;56;51420;51358;62;977
2022;12;TT;TODAS CONSOLIDADAS;00;NO CATEGORIZADO;APURÍMAC;030000;474;4373;6741;13,17;10,01;1,19;1,19;1,51;17605;17429;176;20925;20660;265;415
2022;12;TT;TODAS CONSOLIDADAS;00;NO CATEGORIZADO;AYACUCHO;050000;539;5246;8319;15,95;12,78;1,17;1,17;1,46;28128;27999;129;32954;32766;188;639
2022;12;TT;TODAS CONSOLIDADAS;00;NO CATEGORIZADO;CAJAMARCA;060000;623;6191;9689;13,21;10,84;1,19;1,19;1,18;27389;27133;256;32571;32269;302;743
2022;12;TT;TODAS CONSOLIDADAS;00;NO CATEGORIZADO;CALLAO;070000;257;3610;6725;39,99;37,65;1,01;1,01;1,2;137047;136300;747;138457;137561;897;938
2022;12;TT;TODAS CONSOLIDADAS;00;NO CATEGORIZADO;CUSCO;080000;1798;17949;32417;19,52;16,56;1,58;1,38;1,94;105327;67712;37615;166397;93476;72921;3459
2022;12;TT;TODAS CONSOLIDADAS;00;NO CATEGORIZADO;HUANCAVELICA;090000;191;2214;3387;19,69;16,41;1,21;1,21;1,06;14265;14232;33;17225;17190;35;262
2022;12;TT;TODAS CONSOLIDADAS;00;NO CATEGORIZADO;HUÁNUCO;100000;470;5248;7766;18,16;14,44;1,21;1,22;1,05;28643;28430;213;34769;34545;224;647
2022;12;TT;TODAS CONSOLIDADAS;00;NO CATEGORIZADO;ICA;110000;735;8147;13918;23,77;19,11;1,42;1,41;1,45;58216;52201;6015;82452;73704;8748;1493
2022;12;TT;TODAS CONSOLIDADAS;00;NO CATEGORIZADO;JUNÍN;120000;1284;13779;22211;20,15;16,1;1,18;1,18;1,63;93739;93378;361;110833;110244;589;2417
2022;12;TT;TODAS CONSOLIDADAS;00;NO CATEGORIZADO;LA LIBERTAD;130000;836;6770;11354;24,14;15,47;1,05;1,04;1,33;52046;51222;824;54458;53359;1099;561
2022;12;TT;TODAS CONSOLIDADAS;00;NO CATEGORIZADO;LAMBAYEQUE;140000;381;3929;5639;16,34;13,96;1,04;1,04;1,06;23533;23254;279;24396;24099;297;513
2022;12;TT;TODAS CONSOLIDADAS;00;NO CATEGORIZADO;LORETO;160000;721;6603;10384;17,47;14,47;1,69;1,54;2,15;27576;20853;6723;46590;32122;14468;741
2022;12;TT;TODAS CONSOLIDADAS;00;NO CATEGORIZADO;MOQUEGUA;180000;184;1781;3042;11,81;8,47;1,13;1,14;1,04;7042;6929;113;7984;7866;118;228
2022;12;TT;TODAS CONSOLIDADAS;00;NO CATEGORIZADO;PASCO;190000;313;3487;5565;13,48;11,65;1,19;1,19;1,23;16883;16852;31;20097;20059;38;626
2022;12;TT;TODAS CONSOLIDADAS;00;NO CATEGORIZADO;PIURA;200000;1011;10370;18958;29,23;24,97;1,72;1,67;2,29;85178;78412;6766;146739;131237;15502;2000
2022;12;TT;TODAS CONSOLIDADAS;00;NO CATEGORIZADO;SAN MARTÍN;220000;731;8307;12853;26,08;21,97;1,33;1,31;2,16;65907;64241;1666;87519;83924;3595;1112
2022;12;TT;TODAS CONSOLIDADAS;00;NO CATEGORIZADO;TACNA;230000;406;3848;6953;9,51;7,44;1,17;1,14;1,26;13713;10633;3080;16034;12151;3883;475
2022;12;TT;TODAS CONSOLIDADAS;00;NO CATEGORIZADO;TUMBES;240000;217;2245;4354;11,8;9,5;1,8;1,78;2,13;7115;6651;464;12818;11828;990;287
2022;12;TT;TODAS CONSOLIDADAS;00;NO CATEGORIZADO;UCAYALI;250000;461;4970;7688;25,66;24,39;2,19;2,19;1,98;26594;26212;382;58133;57375;758;888
2022;12;TT;TODAS CONSOLIDADAS;01;1 ESTRELLA;AMAZONAS;010000;18;259;396;37,02;29,46;1,03;1,03;1;3526;3488;38;3617;3579;38;40
2022;12;TT;TODAS CONSOLIDADAS;01;1 ESTRELLA;ÁNCASH;020000;56;1028;1668;25,87;22,87;1,11;1,11;1;10625;10609;16;11824;11808;16;157
2022;12;TT;TODAS CONSOLIDADAS;01;1 ESTRELLA;APURÍMAC;030000;3;89;132;12,43;9,29;1;1;0;380;380;0;380;380;0;12
2022;12;TT;TODAS CONSOLIDADAS;01;1 ESTRELLA;AREQUIPA;040000;57;966;1513;31,16;24,08;1,48;1,46;1,95;7638;7317;321;11295;10670;625;164
2022;12;TT;TODAS CONSOLIDADAS;01;1 ESTRELLA;AYACUCHO;050000;15;296;515;12,07;11,54;1,6;1,6;1;1151;1149;2;1842;1840;2;49
2022;12;TT;TODAS CONSOLIDADAS;01;1 ESTRELLA;CAJAMARCA;060000;27;543;863;11,36;8,43;1,2;1,21;1;1874;1856;18;2256;2238;18;90
2022;12;TT;TODAS CONSOLIDADAS;01;1 ESTRELLA;CALLAO;070000;12;236;462;37,01;34,53;1,07;1,06;1,11;4823;4599;224;5139;4891;248;43
2022;12;TT;TODAS CONSOLIDADAS;01;1 ESTRELLA;CUSCO;080000;27;514;831;21,55;20,86;1,2;1,19;1,36;4489;4346;143;5375;5180;195;76
2022;12;TT;TODAS CONSOLIDADAS;01;1 ESTRELLA;HUANCAVELICA;090000;2;29;45;55,28;34,41;1,02;1,02;0;471;471;0;480;480;0;4
2022;12;TT;TODAS CONSOLIDADAS;01;1 ESTRELLA;HUÁNUCO;100000;24;480;723;30,3;25,21;1;1;0;5651;5651;0;5651;5651;0;43
2022;12;TT;TODAS CONSOLIDADAS;01;1 ESTRELLA;ICA;110000;16;239;331;45,17;44,53;1;1;0;4569;4569;0;4569;4569;0;28
2022;12;TT;TODAS CONSOLIDADAS;01;1 ESTRELLA;LA LIBERTAD;130000;37;565;987;30,84;19,88;2,65;2,64;4,33;2296;2287;9;6082;6043;39;77
2022;12;TT;TODAS CONSOLIDADAS;01;1 ESTRELLA;LAMBAYEQUE;140000;20;318;416;12,37;9,58;1,05;1,05;0;1174;1174;0;1235;1235;0;54
2022;12;TT;TODAS CONSOLIDADAS;01;1 ESTRELLA;LIMA;150000;96;2131;3756;38,4;32,96;1,09;1,09;1,18;43318;43004;314;47302;46933;369;439
2022;12;TT;TODAS CONSOLIDADAS;01;1 ESTRELLA;LORETO;160000;6;91;134;6,77;6,45;2,37;2,16;2,62;113;61;52;268;132;136;15
2022;12;TT;TODAS CONSOLIDADAS;01;1 ESTRELLA;MOQUEGUA;180000;18;260;446;9,23;6,6;1,15;1,16;1,12;791;740;51;913;856;57;43
2022;12;TT;TODAS CONSOLIDADAS;01;1 ESTRELLA;PASCO;190000;24;491;737;24,81;16,79;1,1;1,1;1;3496;3487;9;3835;3826;9;85
2022;12;TT;TODAS CONSOLIDADAS;01;1 ESTRELLA;PIURA;200000;5;96;168;25,94;16,55;2,28;2,31;1,27;378;367;11;862;848;14;9
2022;12;TT;TODAS CONSOLIDADAS;01;1 ESTRELLA;PUNO;210000;35;576;993;21,01;17,16;1,01;1,01;1;5252;4959;293;5282;4989;293;85
2022;12;TT;TODAS CONSOLIDADAS;01;1 ESTRELLA;SAN MARTÍN;220000;7;146;229;41,34;29,09;1,21;1,21;0;1710;1710;0;2065;2065;0;30
2022;12;TT;TODAS CONSOLIDADAS;01;1 ESTRELLA;TACNA;230000;12;235;424;8,02;7,12;1,08;1,06;1,15;866;665;201;936;704;232;29
2022;12;TT;TODAS CONSOLIDADAS;02;2 ESTRELLAS;AMAZONAS;010000;85;1795;2867;26,46;21,92;1,33;1,26;2,21;14628;13515;1113;19479;17016;2463;287
2022;12;TT;TODAS CONSOLIDADAS;02;2 ESTRELLAS;ÁNCASH;020000;184;3478;6185;31,15;26,26;1,12;1,12;1,28;45016;44436;580;50347;49605;742;577
2022;12;TT;TODAS CONSOLIDADAS;02;2 ESTRELLAS;APURÍMAC;030000;9;305;498;27,92;19,68;1,14;1,14;0;2655;2655;0;3038;3038;0;41
2022;12;TT;TODAS CONSOLIDADAS;02;2 ESTRELLAS;AREQUIPA;040000;161;3035;5439;24,58;20,21;1,5;1,48;1,68;22739;21159;1580;34078;31418;2660;514
2022;12;TT;TODAS CONSOLIDADAS;02;2 ESTRELLAS;AYACUCHO;050000;16;376;670;22,73;18,17;1,61;1,57;2,52;2341;2237;104;3774;3512;262;59
2022;12;TT;TODAS CONSOLIDADAS;02;2 ESTRELLAS;CAJAMARCA;060000;160;3328;5148;16,86;13,72;1,26;1,26;1,37;17422;17204;218;21893;21595;298;539
2022;12;TT;TODAS CONSOLIDADAS;02;2 ESTRELLAS;CALLAO;070000;7;222;417;40,66;40,91;1,01;1;1,15;5251;5119;132;5288;5136;152;32
2022;12;TT;TODAS CONSOLIDADAS;02;2 ESTRELLAS;CUSCO;080000;96;1988;3699;18,67;16,46;1,87;1,71;2,08;10095;5722;4373;18876;9792;9084;504
2022;12;TT;TODAS CONSOLIDADAS;02;2 ESTRELLAS;HUANCAVELICA;090000;3;83;152;0;0;0;0;0;0;0;0;0;0;0;0
2022;12;TT;TODAS CONSOLIDADAS;02;2 ESTRELLAS;HUÁNUCO;100000;64;1569;2485;22,58;17,59;1,09;1,09;1,05;12405;12384;21;13548;13526;22;271
2022;12;TT;TODAS CONSOLIDADAS;02;2 ESTRELLAS;ICA;110000;115;2305;3930;20,01;16,35;1,2;1,2;1,12;16645;16371;274;19925;19618;307;370
2022;12;TT;TODAS CONSOLIDADAS;02;2 ESTRELLAS;JUNÍN;120000;52;1236;2275;16,51;11,46;1,2;1,19;1,7;6759;6680;79;8079;7945;134;193
2022;12;TT;TODAS CONSOLIDADAS;02;2 ESTRELLAS;LA LIBERTAD;130000;160;2829;5070;19,64;21,74;1,28;1,28;1,46;26598;26432;166;34174;33932;242;485
2022;12;TT;TODAS CONSOLIDADAS;02;2 ESTRELLAS;LAMBAYEQUE;140000;230;4398;6364;19,6;15,14;1,12;1,12;1,15;26745;26539;206;29868;29631;237;745
2022;12;TT;TODAS CONSOLIDADAS;02;2 ESTRELLAS;LIMA;150000;263;8561;15310;36,71;35,06;1,3;1,27;1,86;169746;162300;7446;219874;206005;13869;1870
2022;12;TT;TODAS CONSOLIDADAS;02;2 ESTRELLAS;MADRE DE DIOS;170000;13;380;642;21,15;18,01;1,36;1,34;1,58;2640;2438;202;3585;3265;320;64
2022;12;TT;TODAS CONSOLIDADAS;02;2 ESTRELLAS;MOQUEGUA;180000;84;1395;2317;17,18;12,85;1,26;1,24;2,21;7329;7203;126;9228;8950;278;255
2022;12;TT;TODAS CONSOLIDADAS;02;2 ESTRELLAS;PASCO;190000;21;450;833;23,19;26,45;1,59;1,59;1,61;4287;4264;23;6830;6793;37;75
2022;12;TT;TODAS CONSOLIDADAS;02;2 ESTRELLAS;PUNO;210000;68;1226;2233;15,61;10,23;1,26;1,24;1,45;5640;5167;473;7084;6398;686;203
2022;12;TT;TODAS CONSOLIDADAS;02;2 ESTRELLAS;SAN MARTÍN;220000;51;1145;1933;24,12;22,44;1,84;1,82;2,3;7294;6944;350;13444;12638;806;225
2022;12;TT;TODAS CONSOLIDADAS;02;2 ESTRELLAS;TACNA;230000;59;1370;2790;20,43;15,33;1,68;1,68;1,68;7882;3858;4024;13261;6494;6767;256
2022;12;TT;TODAS CONSOLIDADAS;02;2 ESTRELLAS;TUMBES;240000;14;345;713;47,76;24,64;26,57;26,57;0;205;205;0;5446;5446;0;53
2022;12;TT;TODAS CONSOLIDADAS;02;2 ESTRELLAS;UCAYALI;250000;4;129;229;15,03;8,68;1,72;1,69;2,08;359;334;25;616;564;52;27
2022;12;TT;TODAS CONSOLIDADAS;03;3 ESTRELLAS;ÁNCASH;020000;63;1692;3094;17,84;13,17;1,62;1,61;1,86;7815;7506;309;12630;12054;576;353
2022;12;TT;TODAS CONSOLIDADAS;03;3 ESTRELLAS;APURÍMAC;030000;6;174;330;37,02;20,85;1,58;1,58;1,42;1353;1293;60;2133;2048;85;25
2022;12;TT;TODAS CONSOLIDADAS;03;3 ESTRELLAS;AREQUIPA;040000;109;2679;5017;18,94;16,09;1,92;1,86;2,2;13032;10822;2210;25024;20159;4865;711
2022;12;TT;TODAS CONSOLIDADAS;03;3 ESTRELLAS;AYACUCHO;050000;11;341;652;11,31;10,05;2,25;2,3;1,94;903;782;121;2032;1797;235;111
2022;12;TT;TODAS CONSOLIDADAS;03;3 ESTRELLAS;CAJAMARCA;060000;119;2853;4665;14,64;11,31;1,42;1,42;1,47;11533;11252;281;16356;15942;414;558
2022;12;TT;TODAS CONSOLIDADAS;03;3 ESTRELLAS;CALLAO;070000;4;233;392;31,16;32,68;1,6;1,63;1,42;2479;2117;362;3971;3456;515;46
2022;12;TT;TODAS CONSOLIDADAS;03;3 ESTRELLAS;CUSCO;080000;110;3529;6941;20,45;17,38;1,95;2,04;1,89;19163;7576;11587;37393;15465;21928;1062
2022;12;TT;TODAS CONSOLIDADAS;03;3 ESTRELLAS;HUANCAVELICA;090000;2;65;108;11,41;8,81;1,83;1,83;0;161;161;0;295;295;0;20
2022;12;TT;TODAS CONSOLIDADAS;03;3 ESTRELLAS;HUÁNUCO;100000;15;536;988;13,46;8,64;1,26;1,26;1,27;2093;2023;70;2646;2557;89;93
2022;12;TT;TODAS CONSOLIDADAS;03;3 ESTRELLAS;ICA;110000;85;2478;5524;25,33;17,48;1,57;1,57;1,55;19112;16120;2992;29938;25300;4638;568
2022;12;TT;TODAS CONSOLIDADAS;03;3 ESTRELLAS;JUNÍN;120000;23;861;1614;14,68;11,08;1,47;1,46;1,52;3781;3567;214;5544;5218;326;199
2022;12;TT;TODAS CONSOLIDADAS;03;3 ESTRELLAS;LA LIBERTAD;130000;140;3484;6574;28,73;25,59;1,45;1,42;1,99;35968;34188;1780;52147;48601;3546;745
2022;12;TT;TODAS CONSOLIDADAS;03;3 ESTRELLAS;LAMBAYEQUE;140000;61;1564;2580;23,98;19,91;1,33;1,33;1,52;11928;11591;337;15923;15412;511;312
2022;12;TT;TODAS CONSOLIDADAS;03;3 ESTRELLAS;LIMA;150000;190;8830;16848;33,24;27,94;1,62;1,44;2,26;89889;69390;20499;145915;99672;46243;2025
2022;12;TT;TODAS CONSOLIDADAS;03;3 ESTRELLAS;LORETO;160000;29;795;1421;23,98;20,91;2,08;2,02;2,34;4426;3565;861;9212;7196;2016;238
2022;12;TT;TODAS CONSOLIDADAS;03;3 ESTRELLAS;MOQUEGUA;180000;12;315;567;15,3;12,45;1,92;1,88;2,48;1142;1077;65;2188;2027;161;61
2022;12;TT;TODAS CONSOLIDADAS;03;3 ESTRELLAS;PIURA;200000;18;646;1147;28,83;21,36;2,06;1,9;2,9;3683;3074;609;7595;5826;1769;182
2022;12;TT;TODAS CONSOLIDADAS;03;3 ESTRELLAS;PUNO;210000;34;1037;1956;18,15;14,32;1,57;1,73;1,38;5519;3040;2479;8683;5250;3433;229
2022;12;TT;TODAS CONSOLIDADAS;03;3 ESTRELLAS;TACNA;230000;20;1691;2720;4,19;5,03;1,86;1,77;1,99;2278;1313;965;4243;2322;1921;135
2022;12;TT;TODAS CONSOLIDADAS;03;3 ESTRELLAS;UCAYALI;250000;17;582;958;24,3;21,29;1,99;2,02;1,49;3183;2958;225;6322;5986;336;134
2022;12;TT;TODAS CONSOLIDADAS;04;4 ESTRELLAS;CAJAMARCA;060000;4;214;355;33,22;31,63;1,94;1,86;2,86;1793;1653;140;3481;3080;401;146
2022;12;TT;TODAS CONSOLIDADAS;04;4 ESTRELLAS;CALLAO;070000;2;371;599;74,49;67,87;1,33;1,3;1,34;9461;2213;7248;12602;2866;9736;131
2022;12;TT;TODAS CONSOLIDADAS;04;4 ESTRELLAS;CUSCO;080000;15;1120;2199;38,33;35,01;2,13;2,16;2,12;11187;3212;7975;23868;6949;16919;529
2022;12;TT;TODAS CONSOLIDADAS;04;4 ESTRELLAS;HUÁNUCO;100000;1;63;108;24,27;20,1;1,79;1,78;2;376;359;17;673;639;34;26
2022;12;TT;TODAS CONSOLIDADAS;04;4 ESTRELLAS;ICA;110000;7;756;1573;26,14;29,02;2,02;2,02;2,03;7011;5885;1126;14149;11860;2289;339
2022;12;TT;TODAS CONSOLIDADAS;04;4 ESTRELLAS;JUNÍN;120000;1;40;66;24,27;16,67;1,13;1,13;0;301;301;0;341;341;0;19
2022;12;TT;TODAS CONSOLIDADAS;04;4 ESTRELLAS;LA LIBERTAD;130000;3;206;326;41,67;42,74;1,96;1,86;2,3;2209;1754;455;4319;3271;1048;78
2022;12;TT;TODAS CONSOLIDADAS;04;4 ESTRELLAS;LAMBAYEQUE;140000;5;349;643;50,63;44,84;1,58;1,5;2,48;5656;5177;479;8937;7750;1187;269
2022;12;TT;TODAS CONSOLIDADAS;04;4 ESTRELLAS;LORETO;160000;3;102;171;32,35;27,15;2,04;2,33;1,36;706;493;213;1439;1150;289;35
2022;12;TT;TODAS CONSOLIDADAS;04;4 ESTRELLAS;MOQUEGUA;180000;2;321;428;7,5;7,85;1,71;1,64;2,35;609;546;63;1042;894;148;55
2022;12;TT;TODAS CONSOLIDADAS;04;4 ESTRELLAS;PIURA;200000;3;299;521;41,17;41,24;1,89;1,93;1,76;3528;2646;882;6660;5110;1550;58
2022;12;TT;TODAS CONSOLIDADAS;04;4 ESTRELLAS;SAN MARTÍN;220000;1;24;57;51,88;45,67;2,45;2,47;2,25;329;297;32;807;735;72;17
2022;12;TT;TODAS CONSOLIDADAS;04;4 ESTRELLAS;TUMBES;240000;6;667;1623;54,78;55,81;2,49;2,5;2,44;11283;9546;1737;28079;23833;4246;617
2022;12;TT;TODAS CONSOLIDADAS;04;4 ESTRELLAS;UCAYALI;250000;5;288;513;33,22;28,36;2,18;2,14;2,44;2072;1840;232;4510;3943;567;111
2022;12;TT;TODAS CONSOLIDADAS;05;5 ESTRELLAS;AREQUIPA;040000;3;241;346;39,46;43,42;1,75;1,64;2,07;2660;1977;683;4657;3240;1417;167
2022;12;TT;TODAS CONSOLIDADAS;05;5 ESTRELLAS;CUSCO;080000;15;1293;2503;23,38;22,7;1,83;1,89;1,82;9600;2179;7421;17613;4113;13500;1119
2022;12;TT;TODAS CONSOLIDADAS;05;5 ESTRELLAS;ICA;110000;4;461;1110;31,36;29,83;1,78;1,7;2,06;5766;4511;1255;10266;7685;2581;399
2022;12;TT;TODAS CONSOLIDADAS;05;5 ESTRELLAS;LIMA;150000;31;4839;8477;33,61;29,13;2,14;1,75;2,43;35829;15346;20483;76549;26800;49749;2331
2022;12;TT;TODAS CONSOLIDADAS;05;5 ESTRELLAS;LORETO;160000;1;60;91;57,58;66,5;1,93;1,81;2,04;973;474;499;1876;858;1018;54
2022;12;TT;TODAS CONSOLIDADAS;05;5 ESTRELLAS;PIURA;200000;1;83;167;65,92;56,21;1,99;1,8;2,77;1461;1176;285;2910;2120;790;81
2022;12;TT;TODAS CONSOLIDADAS;05;5 ESTRELLAS;PUNO;210000;1;123;231;21,06;25,35;1,36;1,29;1,41;1333;563;770;1815;726;1089;59
2022;12;TT;TODAS CONSOLIDADAS;05;5 ESTRELLAS;SAN MARTÍN;220000;1;50;108;32,26;40,5;1,91;1,91;1,96;709;684;25;1356;1307;49;63
2022;12;TT;TODAS CONSOLIDADAS;05;5 ESTRELLAS;UCAYALI;250000;2;162;300;28,2;26,03;2,49;2,36;3,43;972;857;115;2421;2026;395;72
2022;12;TT;TODAS CONSOLIDADAS;12;ALBERGUE;AMAZONAS;010000;1;6;11;0;0;0;0;0;0;0;0;0;0;0;0
2022;12;TT;TODAS CONSOLIDADAS;12;ALBERGUE;ÁNCASH;020000;8;78;170;0;0;0;0;0;0;0;0;0;0;0;0
2022;12;TT;TODAS CONSOLIDADAS;12;ALBERGUE;AREQUIPA;040000;6;110;262;19,33;15,64;1,35;1,36;1,34;938;622;316;1270;845;425;102
2022;12;TT;TODAS CONSOLIDADAS;12;ALBERGUE;CAJAMARCA;060000;1;11;22;0;0;0;0;0;0;0;0;0;0;0;0
2022;12;TT;TODAS CONSOLIDADAS;12;ALBERGUE;CUSCO;080000;15;211;681;17,78;11,77;1,6;1,59;1,6;1549;32;1517;2484;51;2433;120
2022;12;TT;TODAS CONSOLIDADAS;12;ALBERGUE;HUÁNUCO;100000;1;6;6;0;0;0;0;0;0;0;0;0;0;0;0
2022;12;TT;TODAS CONSOLIDADAS;12;ALBERGUE;ICA;110000;1;10;30;20,32;17,63;1,74;1,74;0;94;94;0;164;164;0;3
2022;12;TT;TODAS CONSOLIDADAS;12;ALBERGUE;LIMA;150000;8;137;401;55,43;26,88;1,65;1,72;1,64;2020;400;1620;3341;686;2655;35
2022;12;TT;TODAS CONSOLIDADAS;12;ALBERGUE;PASCO;190000;15;237;671;9,21;9,46;1,55;1,53;2,42;1271;1252;19;1967;1921;46;47
2022;12;TT;TODAS CONSOLIDADAS;12;ALBERGUE;PUNO;210000;1;13;35;0;0;0;0;0;0;0;0;0;0;0;0
2022;12;TT;TODAS CONSOLIDADAS;12;ALBERGUE;SAN MARTÍN;220000;9;141;325;22,1;20,01;2,24;2,2;2,43;901;758;143;2016;1669;347;53
2022;12;TT;TODAS CONSOLIDADAS;12;ALBERGUE;UCAYALI;250000;3;34;88;13,28;4,8;1,44;1,45;1,33;91;82;9;131;119;12;22
2022;12;TT;TODAS CONSOLIDADAS;13;ECOLODGE;AREQUIPA;040000;1;23;51;16,69;13,54;2,23;1,17;4;96;60;36;214;70;144;8
2022;12;TT;TODAS CONSOLIDADAS;TT;TODAS CONSOLIDADAS;AMAZONAS;010000;396;5154;8397;23,07;19,19;1,26;1,23;1,75;40883;38953;1930;52592;48617;3975;878
2022;12;TT;TODAS CONSOLIDADAS;TT;TODAS CONSOLIDADAS;ÁNCASH;020000;910;11886;20794;22,96;18,91;1,24;1,24;1,18;104183;103222;961;126221;124825;1396;2064
2022;12;TT;TODAS CONSOLIDADAS;TT;TODAS CONSOLIDADAS;AYACUCHO;050000;581;6259;10156;15,95;12,84;1,22;1,21;1,48;32523;32167;356;40602;39915;687;858
2022;12;TT;TODAS CONSOLIDADAS;TT;TODAS CONSOLIDADAS;CAJAMARCA;060000;934;13140;20742;14,03;11,4;1,23;1,23;1,25;60011;59098;913;76557;75124;1433;2076
2022;12;TT;TODAS CONSOLIDADAS;TT;TODAS CONSOLIDADAS;CALLAO;070000;282;4672;8595;40;37,74;1,02;1,02;1,2;159060;150347;8713;165457;153909;11548;1190
2022;12;TT;TODAS CONSOLIDADAS;TT;TODAS CONSOLIDADAS;CUSCO;080000;2076;26604;49271;19,71;16,8;1,61;1,44;1,93;161410;90779;70631;272006;135026;136980;6869
2022;12;TT;TODAS CONSOLIDADAS;TT;TODAS CONSOLIDADAS;HUANCAVELICA;090000;198;2391;3692;19,67;16,26;1,19;1,19;1,02;14897;14864;33;18000;17965;35;286
2022;12;TT;TODAS CONSOLIDADAS;TT;TODAS CONSOLIDADAS;HUÁNUCO;100000;575;7902;12076;19,01;15,08;1,19;1,19;1,01;49168;48847;321;57287;56918;369;1080
2022;12;TT;TODAS CONSOLIDADAS;TT;TODAS CONSOLIDADAS;ICA;110000;963;14396;26416;23,86;19,17;1,4;1,4;1,4;111413;99751;11662;161463;142900;18563;3200
2022;12;TT;TODAS CONSOLIDADAS;TT;TODAS CONSOLIDADAS;JUNÍN;120000;1378;16351;27059;19,93;15,81;1,19;1,19;1,61;107410;106737;673;128692;127604;1088;2900
2022;12;TT;TODAS CONSOLIDADAS;TT;TODAS CONSOLIDADAS;LA LIBERTAD;130000;1178;14121;24761;24,34;17,77;1,18;1,17;1,53;121910;118290;3620;156525;149474;7051;2129
2022;12;TT;TODAS CONSOLIDADAS;TT;TODAS CONSOLIDADAS;LAMBAYEQUE;140000;697;10558;15642;18,21;14,96;1,09;1,09;1,11;69036;67735;1301;80359;78127;2232;1893
2022;12;TT;TODAS CONSOLIDADAS;TT;TODAS CONSOLIDADAS;LIMA;150000;6830;81847;144827;26,8;23,85;1,16;1,15;1,39;2979488;2865597;113891;3511469;3293594;217875;41495
2022;12;03;HOSTAL;02;2 ESTRELLAS;LIMA;150000;137;3254;5931;30,03;29,88;1,25;1,18;2,01;63642;58092;5550;79742;68598;11144;814
2022;12;TT;TODAS CONSOLIDADAS;00;NO CATEGORIZADO;LIMA;150000;6191;52417;91125;25,9;23,02;1,13;1,13;1,34;2593884;2547064;46819;2934534;2871947;62587;32938
2022;12;TT;TODAS CONSOLIDADAS;04;4 ESTRELLAS;LIMA;150000;51;4932;8910;31,49;30,39;1,87;1,48;2,54;44802;28092;16710;83954;41551;42403;1856
2022;12;03;HOSTAL;TT;TODAS CONSOLIDADAS;AREQUIPA;040000;211;3255;5665;25,9;21,84;1,55;1,52;1,86;24671;22474;2197;38350;34266;4084;608
2022;12;TT;TODAS CONSOLIDADAS;00;NO CATEGORIZADO;AREQUIPA;040000;1089;9847;16650;17,61;15,14;1,39;1,35;1,73;56037;48833;7204;78151;65711;12440;1850
2022;12;TT;TODAS CONSOLIDADAS;04;4 ESTRELLAS;AREQUIPA;040000;12;577;1091;17,65;17,96;2,15;2,12;2,24;2825;2084;741;6075;4412;1663;214
2022;12;TT;TODAS CONSOLIDADAS;TT;TODAS CONSOLIDADAS;AREQUIPA;040000;1438;17478;30369;19,08;16,22;1,46;1,41;1,77;105965;92874;13091;160764;136525;24239;3730
2022;12;05;ALBERGUE;12;ALBERGUE;LORETO;160000;56;746;1589;13,25;12,18;1,86;1,68;2,26;3222;2215;1007;5999;3721;2278;200
2022;12;TT;TODAS CONSOLIDADAS;02;2 ESTRELLAS;LORETO;160000;19;410;661;13,27;11,88;1,62;1,61;1,68;1504;1388;116;2434;2239;195;77
2022;12;TT;TODAS CONSOLIDADAS;12;ALBERGUE;LORETO;160000;56;746;1589;13,25;12,18;1,86;1,68;2,26;3222;2215;1007;5999;3721;2278;200
2022;12;05;ALBERGUE;TT;TODAS CONSOLIDADAS;SAN MARTÍN;220000;9;141;325;22,1;20,01;2,24;2,2;2,43;901;758;143;2016;1669;347;53
2022;12;TT;TODAS CONSOLIDADAS;03;3 ESTRELLAS;SAN MARTÍN;220000;28;874;1620;24,43;22,11;2;2;2,07;5548;5265;283;11102;10515;587;202
2022;12;TT;TODAS CONSOLIDADAS;00;NO CATEGORIZADO;MADRE DE DIOS;170000;307;4140;6899;18,78;15,36;1,21;1,19;1,38;27219;25036;2183;32845;29825;3020;717
2022;12;TT;TODAS CONSOLIDADAS;01;1 ESTRELLA;MADRE DE DIOS;170000;6;172;308;25;18,64;1,12;1,12;1;1590;1566;24;1780;1756;24;27
2022;12;TT;TODAS CONSOLIDADAS;03;3 ESTRELLAS;MADRE DE DIOS;170000;6;208;370;32,43;31,32;1,74;1,84;1,43;2060;1590;470;3592;2922;670;70
2022;12;TT;TODAS CONSOLIDADAS;12;ALBERGUE;MADRE DE DIOS;170000;10;275;560;15,99;16,18;2,84;2,63;2,87;988;126;862;2808;332;2476;201
2022;12;TT;TODAS CONSOLIDADAS;00;NO CATEGORIZADO;PUNO;210000;695;6583;11161;20,44;16,81;1,11;1,11;1,04;52454;50561;1893;58154;56186;1968;1141
2022;12;TT;TODAS CONSOLIDADAS;04;4 ESTRELLAS;PUNO;210000;7;447;842;23,27;19,15;2,04;2,01;2,07;2446;1141;1305;4998;2294;2704;146
2022;12;TT;TODAS CONSOLIDADAS;01;1 ESTRELLA;JUNÍN;120000;17;403;789;20,96;14,07;1,33;1,33;0;2591;2591;0;3441;3441;0;54
2022;12;TT;TODAS CONSOLIDADAS;12;ALBERGUE;JUNÍN;120000;1;32;104;18,35;14,08;1,9;1,89;2,05;239;220;19;454;415;39;18
2022;12;TT;TODAS CONSOLIDADAS;02;2 ESTRELLAS;PIURA;200000;47;1024;1682;24,48;23,1;1,87;1,81;2,43;6427;5802;625;12043;10526;1517;194
2022;12;TT;TODAS CONSOLIDADAS;03;3 ESTRELLAS;AMAZONAS;010000;29;607;1095;25,79;23,7;1,56;1,51;2,37;5166;4868;298;8045;7339;706;129
2022;12;TT;TODAS CONSOLIDADAS;03;3 ESTRELLAS;PASCO;190000;6;133;252;78,03;42,88;1;1;0;3337;3337;0;3350;3350;0;26
2022;12;TT;TODAS CONSOLIDADAS;03;3 ESTRELLAS;TUMBES;240000;18;442;921;29,29;30,2;3,03;3,06;2,84;2844;2466;378;8621;7546;1075;141
2022;12;TT;TODAS CONSOLIDADAS;04;4 ESTRELLAS;TACNA;230000;1;150;300;28,6;25,62;1,78;1,8;1,75;1342;691;651;2383;1247;1136;32
2022;12;TT;TODAS CONSOLIDADAS;05;5 ESTRELLAS;LA LIBERTAD;130000;2;267;450;34,57;38,32;1,91;1,77;2,79;2793;2407;386;5345;4268;1077;183
2022;12;TT;TODAS CONSOLIDADAS;TT;TODAS CONSOLIDADAS;APURÍMAC;030000;492;4941;7701;13,73;10,32;1,19;1,19;1,47;21993;21757;236;26476;26126;350;493
2022;12;TT;TODAS CONSOLIDADAS;TT;TODAS CONSOLIDADAS;MADRE DE DIOS;170000;342;5175;8779;19,14;15,82;1,27;1,25;1,43;34497;30756;3741;44610;38100;6510;1079
2022;12;TT;TODAS CONSOLIDADAS;TT;TODAS CONSOLIDADAS;MOQUEGUA;180000;300;4072;6800;13,27;9,74;1,21;1,2;1,44;16913;16495;418;21355;20593;762;642
2022;12;TT;TODAS CONSOLIDADAS;TT;TODAS CONSOLIDADAS;PASCO;190000;379;4798;8058;15,59;13,2;1,22;1,22;1,26;29274;29192;82;36079;35949;130;859
2022;12;TT;TODAS CONSOLIDADAS;TT;TODAS CONSOLIDADAS;PIURA;200000;1085;12518;22643;29,07;24,86;1,74;1,69;2,3;100655;91477;9178;176809;155667;21142;2524
2022;12;TT;TODAS CONSOLIDADAS;TT;TODAS CONSOLIDADAS;PUNO;210000;841;10005;17451;19,98;16,2;1,14;1,15;1,09;72644;65431;7213;86016;75843;10173;1863
2022;12;TT;TODAS CONSOLIDADAS;TT;TODAS CONSOLIDADAS;SAN MARTÍN;220000;828;10687;17125;26,03;22,09;1,39;1,37;2,15;82398;79899;2499;118309;112853;5456;1702
2022;12;TT;TODAS CONSOLIDADAS;TT;TODAS CONSOLIDADAS;TUMBES;240000;255;3699;7611;16,02;12,88;3,26;3,25;2,07;21447;18868;2579;54964;48653;6311;1098
2022;12;TT;TODAS CONSOLIDADAS;TT;TODAS CONSOLIDADAS;UCAYALI;250000;492;6165;9776;25,54;24,08;2,17;2,17;1,97;33271;32283;988;72133;70013;2120;1254
2022;12;TT;TODAS CONSOLIDADAS;TT;TODAS CONSOLIDADAS;TACNA;230000;498;7294;13187;10,59;8,31;1,26;1,23;1,34;26081;17160;8921;36857;22918;13939;927
2022;12;TT;TODAS CONSOLIDADAS;TT;TODAS CONSOLIDADAS;LORETO;160000;835;8807;14451;17,34;14,53;1,72;1,58;2,16;38520;29049;9471;67818;47418;20400;1360
