AÑO;MES;CLASE;DESCRIPCIÓN CLASE;CATEGORÍA;DESCRIPCIÓN CATEGORÍA;DEPARTAMENTO;UBIGEO;NÚMERO DE ESTABLECIMIENTO;NÚMERO DE HABITACIONES;NÚMERO DE PLAZAS-CAMA;TNOH EN EL MES(%);TNOC EN EL MES(%);PROM PERMANENCIA(DÍAS);PROM PERMANENCIA - NAC (DÍAS);PROM PERMANENCIA - EXT (DÍAS);TOTAL DE ARRIBOS EN EL MES;TOTAL DE ARRIBOS MES - NAC;TOTAL DE ARRIBOS MES - EXT;TOTAL PERNOCT MES;TOTAL PERNOCT MES - NAC (DÍAS);TOTAL PERNOCT MES - EXT (DÍAS);TOTAL EMPLEO EN EL MES
2021;01;00;NO CLASIFICADO;00;NO CATEGORIZADO;AMAZONAS;010000;247;2293;3627;16,3;12,56;1,15;1,15;1,01;12254;12099;155;14122;13966;156;407
2021;01;00;NO CLASIFICADO;00;NO CATEGORIZADO;ÁNCASH;020000;573;5573;9618;5,61;4,8;1,19;1,19;1;12034;12028;6;14318;14312;6;899
2021;01;00;NO CLASIFICADO;00;NO CATEGORIZADO;APURÍMAC;030000;460;4233;6546;12,93;9,78;1,16;1,16;1,21;17051;16990;61;19837;19763;74;452
2021;01;00;NO CLASIFICADO;00;NO CATEGORIZADO;AYACUCHO;050000;526;5251;8396;9,05;6,99;1,56;1,56;2,02;11623;11443;180;18183;17819;364;596
2021;01;00;NO CLASIFICADO;00;NO CATEGORIZADO;CALLAO;070000;260;3767;6944;31,33;27,97;1,03;1,03;1,07;100613;99662;951;103186;102166;1019;951
2021;01;00;NO CLASIFICADO;TT;TODAS CONSOLIDADAS;AMAZONAS;010000;247;2293;3627;16,3;12,56;1,15;1,15;1,01;12254;12099;155;14122;13966;156;407
2021;01;00;NO CLASIFICADO;TT;TODAS CONSOLIDADAS;ÁNCASH;020000;573;5573;9618;5,61;4,8;1,19;1,19;1;12034;12028;6;14318;14312;6;899
2021;01;00;NO CLASIFICADO;TT;TODAS CONSOLIDADAS;AYACUCHO;050000;526;5251;8396;9,05;6,99;1,56;1,56;2,02;11623;11443;180;18183;17819;364;596
2021;01;00;NO CLASIFICADO;TT;TODAS CONSOLIDADAS;CALLAO;070000;260;3767;6944;31,33;27,97;1,03;1,03;1,07;100613;99662;951;103186;102166;1019;951
2021;01;01;HOTEL;01;1 ESTRELLA;AMAZONAS;010000;1;20;35;0;0;0;0;0;0;0;0;0;0;0;0
2021;01;01;HOTEL;01;1 ESTRELLA;ÁNCASH;020000;11;288;456;12,9;7,59;1;1;0;1073;1073;0;1073;1073;0;48
2021;01;01;HOTEL;01;1 ESTRELLA;APURÍMAC;030000;2;80;115;19,48;15,71;1;1;0;560;560;0;560;560;0;9
2021;01;01;HOTEL;01;1 ESTRELLA;AYACUCHO;050000;8;200;345;11,74;11,99;2,13;2,13;0;601;601;0;1282;1282;0;35
2021;01;01;HOTEL;01;1 ESTRELLA;CALLAO;070000;1;37;74;0;0;0;0;0;0;0;0;0;0;0;0
2021;01;01;HOTEL;02;2 ESTRELLAS;AMAZONAS;010000;27;668;1087;26,45;20,87;1,46;1,45;2,19;4818;4781;37;7034;6953;81;104
2021;01;01;HOTEL;02;2 ESTRELLAS;ÁNCASH;020000;38;1049;1948;23,06;18,43;1,18;1,18;1,11;9461;9389;72;11127;11047;80;175
2021;01;01;HOTEL;02;2 ESTRELLAS;APURÍMAC;030000;4;180;311;9,32;6,72;1,22;1,23;1;529;528;1;648;647;1;15
2021;01;01;HOTEL;02;2 ESTRELLAS;AYACUCHO;050000;7;218;377;18,25;20,21;1,84;1,85;1,06;1287;1270;17;2362;2344;18;34
2021;01;01;HOTEL;02;2 ESTRELLAS;CALLAO;070000;1;40;67;1,61;1,49;1;1;1;31;27;4;31;27;4;3
2021;01;01;HOTEL;02;2 ESTRELLAS;LORETO;160000;15;381;618;15,58;16,56;2,11;2,1;2,32;1503;1450;53;3173;3050;123;62
2021;01;00;NO CLASIFICADO;00;NO CATEGORIZADO;AREQUIPA;040000;1132;10167;16988;19,29;14,71;1,46;1,46;1,64;52894;52231;663;77459;76371;1088;1274
2021;01;00;NO CLASIFICADO;TT;TODAS CONSOLIDADAS;AREQUIPA;040000;1132;10167;16988;19,29;14,71;1,46;1,46;1,64;52894;52231;663;77459;76371;1088;1274
2021;01;01;HOTEL;01;1 ESTRELLA;AREQUIPA;040000;3;105;145;0;0;0;0;0;0;0;0;0;0;0;0
2021;01;01;HOTEL;02;2 ESTRELLAS;AREQUIPA;040000;40;1145;2020;21,31;16,92;1,84;1,84;1,38;5761;5737;24;10594;10561;33;181
2021;01;00;NO CLASIFICADO;00;NO CATEGORIZADO;CAJAMARCA;060000;575;5809;9003;14,66;12,57;1,3;1,3;1;26970;26951;19;35072;35053;19;1023
2021;01;01;HOTEL;01;1 ESTRELLA;CAJAMARCA;060000;6;170;284;7;5,55;1,06;1,06;0;461;461;0;489;489;0;25
2021;01;01;HOTEL;02;2 ESTRELLAS;CAJAMARCA;060000;35;1602;2120;11,52;9,74;1,16;1,16;1,13;5536;5498;38;6398;6355;43;156
2021;01;00;NO CLASIFICADO;00;NO CATEGORIZADO;CUSCO;080000;1663;16541;29936;14,79;11,4;1,41;1,38;1,85;75279;70894;4385;105795;97682;8113;3000
2021;01;00;NO CLASIFICADO;TT;TODAS CONSOLIDADAS;CUSCO;080000;1663;16541;29936;14,79;11,4;1,41;1,38;1,85;75279;70894;4385;105795;97682;8113;3000
2021;01;01;HOTEL;01;1 ESTRELLA;CUSCO;080000;5;127;225;7,47;7,37;1,27;1,27;0;405;405;0;514;514;0;20
2021;01;01;HOTEL;02;2 ESTRELLAS;CUSCO;080000;43;1074;1881;8,35;7,25;1,46;1,43;2,11;2891;2742;149;4227;3912;315;250
2021;01;00;NO CLASIFICADO;00;NO CATEGORIZADO;HUANCAVELICA;090000;173;2032;3185;11,86;10,05;1,13;1,12;1,29;8816;8788;28;9922;9886;36;252
2021;01;00;NO CLASIFICADO;TT;TODAS CONSOLIDADAS;HUANCAVELICA;090000;173;2032;3185;11,86;10,05;1,13;1,12;1,29;8816;8788;28;9922;9886;36;252
2021;01;01;HOTEL;02;2 ESTRELLAS;HUANCAVELICA;090000;2;42;73;11,44;10,61;1,41;1,41;0;170;170;0;240;240;0;9
2021;01;00;NO CLASIFICADO;00;NO CATEGORIZADO;HUÁNUCO;100000;458;5333;7860;17,71;16,08;1,14;1,14;1,1;34391;34283;108;39183;39064;119;719
2021;01;00;NO CLASIFICADO;TT;TODAS CONSOLIDADAS;HUÁNUCO;100000;458;5333;7860;17,71;16,08;1,14;1,14;1,1;34391;34283;108;39183;39064;119;719
2021;01;01;HOTEL;01;1 ESTRELLA;HUÁNUCO;100000;8;239;353;19,19;22,15;1;1;0;2424;2424;0;2424;2424;0;38
2021;01;01;HOTEL;02;2 ESTRELLAS;HUÁNUCO;100000;39;1196;1883;18,84;15,65;1,14;1,14;1;8039;8009;30;9137;9107;30;187
2021;01;00;NO CLASIFICADO;00;NO CATEGORIZADO;ICA;110000;680;7947;13844;17,9;13,62;1,25;1,25;1,26;46879;45356;1523;58473;56547;1926;1336
2021;01;01;HOTEL;01;1 ESTRELLA;ICA;110000;5;102;130;0;0;0;0;0;0;0;0;0;0;0;0
2021;01;01;HOTEL;02;2 ESTRELLAS;ICA;110000;50;1351;2342;20,9;16,75;2,01;2,01;1,25;6063;6006;57;12164;12093;71;224
2021;01;00;NO CLASIFICADO;00;NO CATEGORIZADO;JUNÍN;120000;1200;13146;21237;13,3;10,11;1,21;1,21;1,28;55035;54868;167;66573;66360;213;1699
2021;01;01;HOTEL;02;2 ESTRELLAS;JUNÍN;120000;25;767;1344;22,86;16,4;1,57;1,56;1,8;4358;4297;61;6834;6724;110;120
2021;01;00;NO CLASIFICADO;00;NO CATEGORIZADO;LA LIBERTAD;130000;773;6681;11179;19,23;15,04;1,15;1,15;1,14;45350;45143;207;52137;51902;235;732
2021;01;00;NO CLASIFICADO;00;NO CATEGORIZADO;LAMBAYEQUE;140000;339;3694;5344;25,32;18,34;1,02;1,02;1,11;29642;29263;379;30380;29961;419;655
2021;01;01;HOTEL;01;1 ESTRELLA;LAMBAYEQUE;140000;3;103;149;0;0;0;0;0;0;0;0;0;0;0;0
2021;01;01;HOTEL;02;2 ESTRELLAS;LAMBAYEQUE;140000;71;2001;3030;17,47;13,32;1,14;1,14;1,27;10994;10945;49;12510;12448;62;301
2021;01;00;NO CLASIFICADO;00;NO CATEGORIZADO;LIMA;150000;5771;50810;87911;23,08;21,31;1,18;1,18;1,23;2222980;2187077;35904;2623382;2579373;44009;33965
2021;01;01;HOTEL;01;1 ESTRELLA;LIMA;150000;10;526;867;41,9;47,39;1,24;1,24;1,1;11938;11913;25;14800;14773;28;110
2021;01;01;HOTEL;02;2 ESTRELLAS;LIMA;150000;112;4718;8507;30,23;28,12;1,35;1,34;1,52;62585;61653;933;84297;82882;1415;784
2021;01;00;NO CLASIFICADO;00;NO CATEGORIZADO;LORETO;160000;661;6368;9936;16,51;15,41;1,61;1,53;2,31;29473;26605;2868;47466;40831;6635;748
2021;01;00;NO CLASIFICADO;TT;TODAS CONSOLIDADAS;LORETO;160000;661;6368;9936;16,51;15,41;1,61;1,53;2,31;29473;26605;2868;47466;40831;6635;748
2021;01;00;NO CLASIFICADO;00;NO CATEGORIZADO;MADRE DE DIOS;170000;270;3696;5958;22,3;19,09;1,16;1,16;1,63;30270;29885;385;35253;34625;628;479
2021;01;01;HOTEL;01;1 ESTRELLA;MADRE DE DIOS;170000;4;157;236;13,19;12,62;1,07;1,07;1;863;855;8;923;915;8;25
2021;01;00;NO CLASIFICADO;00;NO CATEGORIZADO;MOQUEGUA;180000;162;1555;2624;11,16;7,84;1,31;1,31;1;4877;4823;54;6381;6327;54;202
2021;01;00;NO CLASIFICADO;TT;TODAS CONSOLIDADAS;MOQUEGUA;180000;162;1555;2624;11,16;7,84;1,31;1,31;1;4877;4823;54;6381;6327;54;202
2021;01;01;HOTEL;01;1 ESTRELLA;MOQUEGUA;180000;1;21;42;13,52;14,67;1,57;1,57;0;122;122;0;191;191;0;4
2021;01;00;NO CLASIFICADO;00;NO CATEGORIZADO;PASCO;190000;260;2874;4453;13,94;15,21;1,34;1,34;1;15618;15614;4;20997;20993;4;407
2021;01;00;NO CLASIFICADO;00;NO CATEGORIZADO;PIURA;200000;945;9935;18088;29,8;25,6;1,68;1,65;2,17;85658;81953;3705;143538;135508;8030;1875
2021;01;00;NO CLASIFICADO;TT;TODAS CONSOLIDADAS;PIURA;200000;945;9935;18088;29,8;25,6;1,68;1,65;2,17;85658;81953;3705;143538;135508;8030;1875
2021;01;00;NO CLASIFICADO;00;NO CATEGORIZADO;PUNO;210000;686;6506;11073;17,99;14,37;1,15;1,16;1,08;42784;40409;2375;49311;46740;2571;1172
2021;01;00;NO CLASIFICADO;TT;TODAS CONSOLIDADAS;PUNO;210000;686;6506;11073;17,99;14,37;1,15;1,16;1,08;42784;40409;2375;49311;46740;2571;1172
2021;01;01;HOTEL;01;1 ESTRELLA;PUNO;210000;5;135;233;11,54;9,8;1,72;1,72;0;412;412;0;708;708;0;17
2021;01;00;NO CLASIFICADO;00;NO CATEGORIZADO;SAN MARTÍN;220000;689;8197;12736;24,76;19,96;1,21;1,21;1,38;65211;64866;345;78801;78325;476;1094
2021;01;00;NO CLASIFICADO;TT;TODAS CONSOLIDADAS;SAN MARTÍN;220000;689;8197;12736;24,76;19,96;1,21;1,21;1,38;65211;64866;345;78801;78325;476;1094
2021;01;00;NO CLASIFICADO;00;NO CATEGORIZADO;TACNA;230000;393;3770;6817;16,29;8,94;1,26;1,26;1;15005;14783;222;18897;18675;222;662
2021;01;01;HOTEL;01;1 ESTRELLA;TACNA;230000;2;57;112;3,74;2,88;1,2;1,21;1;83;81;2;100;98;2;5
2021;01;00;NO CLASIFICADO;00;NO CATEGORIZADO;TUMBES;240000;204;2151;4232;19,91;17,41;1,63;1,64;1,29;14049;13659;390;22842;22340;502;350
2021;01;00;NO CLASIFICADO;00;NO CATEGORIZADO;UCAYALI;250000;439;4921;7593;21,99;19,29;1,87;1,86;1,96;24339;23797;542;45412;44348;1064;887
2021;01;00;NO CLASIFICADO;TT;TODAS CONSOLIDADAS;UCAYALI;250000;439;4921;7593;21,99;19,29;1,87;1,86;1,96;24339;23797;542;45412;44348;1064;887
2021;01;00;NO CLASIFICADO;TT;TODAS CONSOLIDADAS;APURÍMAC;030000;460;4233;6546;12,93;9,78;1,16;1,16;1,21;17051;16990;61;19837;19763;74;452
2021;01;00;NO CLASIFICADO;TT;TODAS CONSOLIDADAS;CAJAMARCA;060000;575;5809;9003;14,66;12,57;1,3;1,3;1;26970;26951;19;35072;35053;19;1023
2021;01;00;NO CLASIFICADO;TT;TODAS CONSOLIDADAS;ICA;110000;680;7947;13844;17,9;13,62;1,25;1,25;1,26;46879;45356;1523;58473;56547;1926;1336
2021;01;00;NO CLASIFICADO;TT;TODAS CONSOLIDADAS;JUNÍN;120000;1200;13146;21237;13,3;10,11;1,21;1,21;1,28;55035;54868;167;66573;66360;213;1699
2021;01;01;HOTEL;01;1 ESTRELLA;JUNÍN;120000;5;201;376;8,92;5,17;1,25;1,25;0;482;482;0;603;603;0;22
2021;01;00;NO CLASIFICADO;TT;TODAS CONSOLIDADAS;LA LIBERTAD;130000;773;6681;11179;19,23;15,04;1,15;1,15;1,14;45350;45143;207;52137;51902;235;732
2021;01;01;HOTEL;01;1 ESTRELLA;LA LIBERTAD;130000;2;46;88;0;0;0;0;0;0;0;0;0;0;0;0
2021;01;01;HOTEL;02;2 ESTRELLAS;LA LIBERTAD;130000;21;589;958;45,45;43,41;2,58;2,58;2,36;4995;4962;33;12893;12815;78;97
2021;01;00;NO CLASIFICADO;TT;TODAS CONSOLIDADAS;LAMBAYEQUE;140000;339;3694;5344;25,32;18,34;1,02;1,02;1,11;29642;29263;379;30380;29961;419;655
2021;01;00;NO CLASIFICADO;TT;TODAS CONSOLIDADAS;LIMA;150000;5771;50810;87911;23,08;21,31;1,18;1,18;1,23;2222980;2187077;35904;2623382;2579373;44009;33965
2021;01;00;NO CLASIFICADO;TT;TODAS CONSOLIDADAS;MADRE DE DIOS;170000;270;3696;5958;22,3;19,09;1,16;1,16;1,63;30270;29885;385;35253;34625;628;479
2021;01;00;NO CLASIFICADO;TT;TODAS CONSOLIDADAS;PASCO;190000;260;2874;4453;13,94;15,21;1,34;1,34;1;15618;15614;4;20997;20993;4;407
2021;01;01;HOTEL;01;1 ESTRELLA;PASCO;190000;6;168;272;26,57;20,55;1,11;1,11;0;1556;1556;0;1733;1733;0;31
2021;01;00;NO CLASIFICADO;TT;TODAS CONSOLIDADAS;TACNA;230000;393;3770;6817;16,29;8,94;1,26;1,26;1;15005;14783;222;18897;18675;222;662
2021;01;00;NO CLASIFICADO;TT;TODAS CONSOLIDADAS;TUMBES;240000;204;2151;4232;19,91;17,41;1,63;1,64;1,29;14049;13659;390;22842;22340;502;350
2021;01;01;HOTEL;01;1 ESTRELLA;PIURA;200000;2;40;87;0;0;0;0;0;0;0;0;0;0;0;0
2021;01;01;HOTEL;01;1 ESTRELLA;SAN MARTÍN;220000;6;124;189;21,46;36,87;1,67;1,67;1,53;1295;1278;17;2160;2134;26;18
2021;01;01;HOTEL;02;2 ESTRELLAS;MADRE DE DIOS;170000;6;174;299;30,46;23,2;1,23;1,21;1,86;1754;1719;35;2150;2085;65;24
2021;01;01;HOTEL;02;2 ESTRELLAS;MOQUEGUA;180000;14;467;776;18,96;13,37;2,51;2,01;3,64;1280;887;393;3216;1784;1432;64
2021;01;01;HOTEL;02;2 ESTRELLAS;PASCO;190000;5;131;229;36,15;36,37;1,3;1,3;0;1991;1991;0;2582;2582;0;30
2021;01;01;HOTEL;02;2 ESTRELLAS;PIURA;200000;20;494;830;20,98;18,32;2,36;2,36;5,5;1996;1992;4;4715;4693;22;90
2021;01;01;HOTEL;02;2 ESTRELLAS;PUNO;210000;20;494;889;10,93;9,22;1,34;1,34;1,75;1890;1862;28;2540;2491;49;69
2021;01;01;HOTEL;02;2 ESTRELLAS;SAN MARTÍN;220000;27;742;1228;32,75;29,49;1,8;1,8;1,81;6226;6126;100;11225;11044;181;131
2021;01;01;HOTEL;02;2 ESTRELLAS;TACNA;230000;29;858;1729;12,91;9,58;1,9;1,9;1,85;2705;2658;47;5133;5046;87;150
2021;01;01;HOTEL;02;2 ESTRELLAS;TUMBES;240000;7;208;411;14,24;15,1;2,07;2,08;1,33;931;916;15;1924;1904;20;39
2021;01;01;HOTEL;02;2 ESTRELLAS;UCAYALI;250000;2;48;65;0;0;0;0;0;0;0;0;0;0;0;0
2021;01;01;HOTEL;03;3 ESTRELLAS;AMAZONAS;010000;14;321;533;23,11;20,45;1,51;1,5;1,68;2245;2201;44;3379;3305;74;65
2021;01;01;HOTEL;03;3 ESTRELLAS;ÁNCASH;020000;38;1329;2330;21,18;15,92;1,4;1,39;2,01;8217;8128;89;11497;11318;179;265
2021;01;01;HOTEL;03;3 ESTRELLAS;APURÍMAC;030000;3;98;172;39,8;27,93;1,7;1,68;1,92;875;799;76;1489;1343;146;20
2021;01;01;HOTEL;03;3 ESTRELLAS;AREQUIPA;040000;62;1836;3412;31,07;20,7;2,69;2,68;2,88;8152;7987;165;21898;21422;476;478
2021;01;01;HOTEL;03;3 ESTRELLAS;AYACUCHO;050000;7;233;442;19,2;16,78;3,29;3,24;4,63;698;671;27;2299;2174;125;78
2021;01;01;HOTEL;03;3 ESTRELLAS;CAJAMARCA;060000;59;1849;3116;17,24;11,72;1,92;1,92;1,31;5906;5877;29;11322;11284;38;374
2021;01;01;HOTEL;03;3 ESTRELLAS;CALLAO;070000;4;233;436;15,59;13,67;1,25;1,17;1,77;1481;1289;192;1848;1508;340;44
2021;01;01;HOTEL;03;3 ESTRELLAS;CUSCO;080000;62;2231;4214;15,19;10,39;1,78;1,78;1,77;7607;6961;646;13567;12424;1143;503
2021;01;01;HOTEL;03;3 ESTRELLAS;HUANCAVELICA;090000;1;42;68;5,38;3,32;1;1;0;70;70;0;70;70;0;7
2021;01;01;HOTEL;03;3 ESTRELLAS;HUÁNUCO;100000;13;532;973;22,19;21,83;1,66;1,66;1,76;3957;3928;29;6584;6533;51;120
2021;01;01;HOTEL;03;3 ESTRELLAS;ICA;110000;49;1784;3683;33,36;28,26;2,26;2,28;1,76;14272;13852;420;32269;31531;738;396
2021;01;01;HOTEL;03;3 ESTRELLAS;JUNÍN;120000;19;729;1366;18,84;10,78;2,31;2,33;1,42;1975;1939;36;4563;4512;51;164
2021;01;01;HOTEL;03;3 ESTRELLAS;LA LIBERTAD;130000;83;2344;4471;24,67;17,41;1,72;1,71;1,84;14065;13638;427;24127;23341;786;521
2021;01;01;HOTEL;03;3 ESTRELLAS;LAMBAYEQUE;140000;37;1256;2115;16,93;12,72;1,55;1,52;3,06;5373;5275;98;8342;8042;300;233
2021;01;01;HOTEL;03;3 ESTRELLAS;LIMA;150000;144;7275;13751;26,82;21,91;1,87;1,84;2,37;49906;46830;3076;93418;86122;7296;1469
2021;01;01;HOTEL;03;3 ESTRELLAS;LORETO;160000;22;690;1193;20,36;14,92;2,63;2,62;2,82;2101;2014;87;5519;5274;245;144
2021;01;01;HOTEL;03;3 ESTRELLAS;MADRE DE DIOS;170000;5;188;341;19,84;15,15;1,85;1,8;2,95;865;828;37;1602;1493;109;51
2021;01;01;HOTEL;03;3 ESTRELLAS;MOQUEGUA;180000;10;322;585;56,31;34,24;2,2;2,2;2,33;2824;2812;12;6209;6181;28;64
2021;01;01;HOTEL;03;3 ESTRELLAS;PASCO;190000;4;119;237;47,09;39,62;1,34;1,34;0;2180;2180;0;2911;2911;0;19
2021;01;01;HOTEL;03;3 ESTRELLAS;PIURA;200000;16;614;1097;20,88;19,11;1,91;1,88;2,82;3400;3286;114;6498;6177;321;153
2021;01;01;HOTEL;03;3 ESTRELLAS;PUNO;210000;20;690;1247;14,84;10,34;2,09;2,03;3,28;1909;1815;94;3997;3689;308;143
2021;01;01;HOTEL;03;3 ESTRELLAS;SAN MARTÍN;220000;21;729;1241;40,23;37,95;2,41;2,39;3,64;6057;5977;80;14599;14308;291;167
2021;01;01;HOTEL;03;3 ESTRELLAS;TACNA;230000;12;430;905;18,09;9,24;1,91;1,91;0;1357;1357;0;2592;2592;0;108
2021;01;01;HOTEL;03;3 ESTRELLAS;TUMBES;240000;8;234;464;5,45;6,02;1;1;1;866;862;4;866;862;4;48
2021;01;01;HOTEL;03;3 ESTRELLAS;UCAYALI;250000;15;569;933;20,73;16,03;2,34;2,35;2,22;1981;1846;135;4635;4335;300;131
2021;01;01;HOTEL;04;4 ESTRELLAS;AREQUIPA;040000;9;422;808;40,11;26,15;2,81;2,8;3,05;2329;2247;82;6551;6301;250;129
2021;01;01;HOTEL;04;4 ESTRELLAS;CAJAMARCA;060000;3;173;311;19,8;17,45;1,84;1,84;1,91;914;879;35;1682;1615;67;66
2021;01;01;HOTEL;04;4 ESTRELLAS;CALLAO;070000;2;371;599;24,55;24,51;1,59;1,72;1,43;2867;1555;1312;4551;2676;1875;109
2021;01;01;HOTEL;04;4 ESTRELLAS;CUSCO;080000;9;795;1513;22,98;17,45;1,81;1,67;2,89;4518;3987;531;8184;6648;1536;193
2021;01;01;HOTEL;04;4 ESTRELLAS;HUÁNUCO;100000;1;52;90;19,48;14,37;1,44;1,44;0;278;278;0;401;401;0;20
2021;01;01;HOTEL;04;4 ESTRELLAS;ICA;110000;6;585;1160;46,89;32,51;3,84;3,86;2,85;3047;2967;80;11692;11464;228;150
2021;01;01;HOTEL;04;4 ESTRELLAS;JUNÍN;120000;1;40;66;57,34;34,75;5,78;5,78;0;123;123;0;711;711;0;19
2021;01;01;HOTEL;04;4 ESTRELLAS;LA LIBERTAD;130000;3;207;328;43,21;29,95;2,93;3,1;1,49;1039;928;111;3045;2880;165;27
2021;01;01;HOTEL;04;4 ESTRELLAS;LAMBAYEQUE;140000;3;306;516;28,16;27,19;1,34;1,33;1,6;3235;3111;124;4350;4152;198;172
2021;01;01;HOTEL;04;4 ESTRELLAS;LIMA;150000;38;3582;6420;30,36;21,05;2,15;2,1;2,5;19476;17181;2295;41885;36145;5740;1300
2021;01;01;HOTEL;04;4 ESTRELLAS;MOQUEGUA;180000;2;123;232;51,51;31,37;2,34;2,27;4,62;966;940;26;2256;2136;120;37
2021;01;01;HOTEL;04;4 ESTRELLAS;PIURA;200000;3;296;591;27,13;21,44;2,24;2,22;2,53;1752;1625;127;3928;3607;321;53
2021;01;01;HOTEL;04;4 ESTRELLAS;PUNO;210000;6;373;707;24,85;15,45;2,5;2,52;2,02;1356;1308;48;3387;3290;97;75
2021;01;01;HOTEL;04;4 ESTRELLAS;SAN MARTÍN;220000;1;50;108;75,87;70,28;1,59;1,58;2;1482;1455;27;2353;2299;54;48
2021;01;01;HOTEL;04;4 ESTRELLAS;TACNA;230000;1;150;300;26,04;17,17;2,21;2,21;2;724;707;17;1597;1563;34;21
2021;01;01;HOTEL;04;4 ESTRELLAS;TUMBES;240000;5;265;520;9,18;15,6;1,86;1,82;2,58;1352;1286;66;2514;2344;170;72
2021;01;01;HOTEL;04;4 ESTRELLAS;UCAYALI;250000;5;289;508;28,51;26,42;2,53;2,54;2,35;1646;1530;116;4161;3888;273;75
2021;01;01;HOTEL;05;5 ESTRELLAS;AREQUIPA;040000;3;241;346;51,51;41,23;2,43;2,27;5,41;1817;1724;93;4422;3919;503;120
2021;01;01;HOTEL;05;5 ESTRELLAS;CUSCO;080000;10;996;1910;11,69;11,48;2,23;2,32;1,91;3052;2333;719;6795;5422;1373;538
2021;01;01;HOTEL;05;5 ESTRELLAS;ICA;110000;3;345;796;72,73;59,67;2,63;2,62;2,66;5609;5309;300;14724;13927;797;310
2021;01;01;HOTEL;05;5 ESTRELLAS;LA LIBERTAD;130000;1;120;240;47,23;42,49;1,81;1,78;2,33;1748;1648;100;3161;2928;233;55
2021;01;01;HOTEL;05;5 ESTRELLAS;LIMA;150000;20;3694;6719;46,54;29,37;2,59;2,52;2,99;23629;20215;3414;61183;50973;10210;1953
2021;01;01;HOTEL;05;5 ESTRELLAS;LORETO;160000;1;60;122;41,99;39,58;2,18;2,21;2;686;598;88;1497;1321;176;24
2021;01;01;HOTEL;05;5 ESTRELLAS;PIURA;200000;1;83;168;50,14;42,45;2,39;1,99;4,87;926;799;127;2211;1593;618;47
2021;01;01;HOTEL;05;5 ESTRELLAS;PUNO;210000;1;123;231;69,55;54,77;1,88;1,88;0;2082;2082;0;3922;3922;0;45
2021;01;01;HOTEL;05;5 ESTRELLAS;UCAYALI;250000;2;165;306;16,01;12,87;3,16;3,14;3,46;386;358;28;1221;1124;97;16
2021;01;01;HOTEL;TT;TODAS CONSOLIDADAS;AMAZONAS;010000;42;1009;1655;24,86;20,3;1,47;1,47;1,91;7063;6982;81;10413;10258;155;169
2021;01;01;HOTEL;TT;TODAS CONSOLIDADAS;ÁNCASH;020000;87;2666;4734;21,02;16,15;1,26;1,26;1,61;18751;18590;161;23697;23438;259;488
2021;01;01;HOTEL;TT;TODAS CONSOLIDADAS;APURÍMAC;030000;9;358;598;19,93;14,55;1,37;1,35;1,91;1964;1887;77;2697;2550;147;44
2021;01;01;HOTEL;TT;TODAS CONSOLIDADAS;AYACUCHO;050000;22;651;1164;16,59;16,47;2,3;2,28;3,25;2586;2542;44;5943;5800;143;147
2021;01;01;HOTEL;TT;TODAS CONSOLIDADAS;CAJAMARCA;060000;103;3794;5831;14,48;11;1,55;1,55;1,45;12817;12715;102;19891;19743;148;621
2021;01;01;HOTEL;TT;TODAS CONSOLIDADAS;CALLAO;070000;8;681;1176;19,89;18,82;1,47;1,47;1,47;5005;3281;1723;7349;4813;2536;178
2021;01;01;HOTEL;TT;TODAS CONSOLIDADAS;CUSCO;080000;129;5223;9743;14,11;11,02;1,8;1,76;2,14;18473;16428;2045;33287;28920;4367;1504
2021;01;01;HOTEL;TT;TODAS CONSOLIDADAS;HUANCAVELICA;090000;3;84;141;8,41;7,09;1,29;1,29;0;240;240;0;310;310;0;16
2021;01;01;HOTEL;TT;TODAS CONSOLIDADAS;HUÁNUCO;100000;61;2019;3299;19,78;18,13;1,26;1,26;1,37;14698;14639;59;18546;18465;81;365
2021;01;01;HOTEL;TT;TODAS CONSOLIDADAS;ICA;110000;113;4167;8111;33,66;28,18;2,44;2,45;2,14;28991;28134;857;70849;69015;1834;1080
2021;01;01;HOTEL;TT;TODAS CONSOLIDADAS;JUNÍN;120000;50;1737;3152;20,35;13,01;1,83;1,83;1,66;6938;6841;97;12711;12550;161;325
2021;01;01;HOTEL;TT;TODAS CONSOLIDADAS;LA LIBERTAD;130000;110;3306;6085;30,01;22,92;1,98;1,98;1,88;21847;21176;671;43226;41964;1262;700
2021;01;01;HOTEL;TT;TODAS CONSOLIDADAS;LAMBAYEQUE;140000;114;3666;5810;17,68;13,99;1,29;1,27;2,07;19602;19331;271;25202;24642;560;706
2021;01;01;HOTEL;TT;TODAS CONSOLIDADAS;LIMA;150000;324;19795;36264;32,52;24,49;1,91;1,86;2,59;159036;147342;11693;304034;273697;30337;6491
2021;01;01;HOTEL;TT;TODAS CONSOLIDADAS;LORETO;160000;40;1221;2083;19,57;16,78;2,2;2,2;2,26;4921;4667;254;10836;10261;575;257
2021;01;01;HOTEL;TT;TODAS CONSOLIDADAS;MADRE DE DIOS;170000;15;519;876;21,39;17,22;1,34;1,32;2,28;3482;3402;80;4675;4493;182;100
2021;01;01;HOTEL;TT;TODAS CONSOLIDADAS;MOQUEGUA;180000;27;933;1635;36,02;23,42;2,29;2,16;3,67;5192;4761;431;11872;10292;1580;169
2021;01;01;HOTEL;TT;TODAS CONSOLIDADAS;PASCO;190000;15;418;738;35,41;31,58;1,26;1,26;0;5727;5727;0;7226;7226;0;80
2021;01;01;HOTEL;TT;TODAS CONSOLIDADAS;PIURA;200000;42;1527;2773;23,17;20,19;2,15;2,09;3,45;8074;7702;372;17352;16070;1282;343
2021;01;01;HOTEL;TT;TODAS CONSOLIDADAS;PUNO;210000;52;1815;3307;19,29;14,2;1,9;1,89;2,67;7649;7479;170;14554;14100;454;349
2021;01;01;HOTEL;TT;TODAS CONSOLIDADAS;SAN MARTÍN;220000;55;1645;2766;36,53;35,38;2,01;2,01;2,46;15060;14836;224;30337;29785;552;364
2021;01;01;HOTEL;TT;TODAS CONSOLIDADAS;TACNA;230000;44;1495;3046;15,37;9,98;1,94;1,94;1,86;4869;4803;66;9422;9299;123;284
2021;01;01;HOTEL;TT;TODAS CONSOLIDADAS;TUMBES;240000;20;707;1395;9,43;12,27;1,68;1,67;2,28;3149;3064;85;5304;5110;194;159
2021;01;01;HOTEL;TT;TODAS CONSOLIDADAS;UCAYALI;250000;24;1071;1812;21,17;17,83;2,5;2,5;2,4;4013;3734;279;10017;9347;670;222
2021;01;02;APART HOTEL;03;3 ESTRELLAS;ÁNCASH;020000;2;16;44;87,9;87,68;11,73;11,73;0;102;102;0;1196;1196;0;4
2021;01;02;APART HOTEL;03;3 ESTRELLAS;APURÍMAC;030000;1;23;31;42,64;50,68;2,41;2,44;1;202;198;4;487;483;4;9
2021;01;02;APART HOTEL;03;3 ESTRELLAS;AREQUIPA;040000;1;18;36;2,87;1,43;1,78;1,78;0;9;9;0;16;16;0;2
2021;01;02;APART HOTEL;03;3 ESTRELLAS;CAJAMARCA;060000;1;7;12;0;0;0;0;0;0;0;0;0;0;0;0
2021;01;02;APART HOTEL;03;3 ESTRELLAS;ICA;110000;1;10;10;3,23;6,45;2;2;0;10;10;0;20;20;0;3
2021;01;02;APART HOTEL;03;3 ESTRELLAS;LA LIBERTAD;130000;1;11;24;0;0;0;0;0;0;0;0;0;0;0;0
2021;01;02;APART HOTEL;03;3 ESTRELLAS;LIMA;150000;7;168;337;32,45;26,86;5,35;5,13;5,93;524;377;147;2806;1934;872;40
2021;01;02;APART HOTEL;03;3 ESTRELLAS;LORETO;160000;1;20;36;17,42;15,68;3,13;3,16;1;56;55;1;175;174;1;12
2021;01;02;APART HOTEL;03;3 ESTRELLAS;PASCO;190000;1;9;16;16,85;16,73;1,01;1,01;0;82;82;0;83;83;0;4
2021;01;02;APART HOTEL;03;3 ESTRELLAS;TUMBES;240000;2;18;50;75,81;65,03;2,99;2,99;0;337;337;0;1008;1008;0;15
2021;01;02;APART HOTEL;04;4 ESTRELLAS;AREQUIPA;040000;1;19;32;6,11;12,4;3,15;3,22;2;39;37;2;123;119;4;5
2021;01;02;APART HOTEL;04;4 ESTRELLAS;LIMA;150000;10;699;1442;63,99;42,6;2,33;2,25;3,54;8190;7727;463;19043;17403;1640;452
2021;01;02;APART HOTEL;04;4 ESTRELLAS;SAN MARTÍN;220000;1;24;38;51,08;62,56;2,3;2,31;2;321;304;17;737;703;34;12
2021;01;02;APART HOTEL;05;5 ESTRELLAS;LIMA;150000;6;399;674;27,54;23,71;1,92;1,87;3,25;2576;2479;97;4955;4640;315;145
2021;01;02;APART HOTEL;TT;TODAS CONSOLIDADAS;ÁNCASH;020000;2;16;44;87,9;87,68;11,73;11,73;0;102;102;0;1196;1196;0;4
2021;01;02;APART HOTEL;TT;TODAS CONSOLIDADAS;APURÍMAC;030000;1;23;31;42,64;50,68;2,41;2,44;1;202;198;4;487;483;4;9
2021;01;02;APART HOTEL;TT;TODAS CONSOLIDADAS;CAJAMARCA;060000;1;7;12;0;0;0;0;0;0;0;0;0;0;0;0
2021;01;02;APART HOTEL;TT;TODAS CONSOLIDADAS;ICA;110000;1;10;10;3,23;6,45;2;2;0;10;10;0;20;20;0;3
2021;01;02;APART HOTEL;TT;TODAS CONSOLIDADAS;LA LIBERTAD;130000;1;11;24;0;0;0;0;0;0;0;0;0;0;0;0
2021;01;02;APART HOTEL;TT;TODAS CONSOLIDADAS;LIMA;150000;23;1266;2453;48,32;35,25;2,37;2,27;4;11290;10583;707;26804;23977;2827;637
2021;01;02;APART HOTEL;TT;TODAS CONSOLIDADAS;LORETO;160000;2;33;59;23,85;20,61;1,96;2,9;1,28;192;81;111;377;235;142;18
2021;01;02;APART HOTEL;TT;TODAS CONSOLIDADAS;PASCO;190000;1;9;16;16,85;16,73;1,01;1,01;0;82;82;0;83;83;0;4
2021;01;02;APART HOTEL;TT;TODAS CONSOLIDADAS;SAN MARTÍN;220000;1;24;38;51,08;62,56;2,3;2,31;2;321;304;17;737;703;34;12
2021;01;02;APART HOTEL;TT;TODAS CONSOLIDADAS;TUMBES;240000;2;18;50;75,81;65,03;2,99;2,99;0;337;337;0;1008;1008;0;15
2021;01;03;HOSTAL;01;1 ESTRELLA;AMAZONAS;010000;14;207;322;38,27;34,69;1,01;1,01;1;3436;3421;15;3463;3448;15;33
2021;01;03;HOSTAL;01;1 ESTRELLA;ÁNCASH;020000;43;589;951;22,67;21,8;1,12;1,12;1,04;5745;5718;27;6428;6400;28;95
2021;01;03;HOSTAL;01;1 ESTRELLA;APURÍMAC;030000;1;10;20;0;0;0;0;0;0;0;0;0;0;0;0
2021;01;03;HOSTAL;01;1 ESTRELLA;AREQUIPA;040000;53;777;1211;25,08;18,88;1,37;1,37;0;5188;5188;0;7088;7088;0;124
2021;01;03;HOSTAL;01;1 ESTRELLA;AYACUCHO;050000;4;91;161;28,25;18,65;1,14;1,14;0;818;818;0;931;931;0;18
2021;01;03;HOSTAL;01;1 ESTRELLA;CAJAMARCA;060000;23;398;663;3,85;2,05;1,73;1,73;0;244;244;0;421;421;0;69
2021;01;03;HOSTAL;01;1 ESTRELLA;CALLAO;070000;11;204;408;35,03;35,43;1;1;1;4712;4672;40;4712;4672;40;37
2021;01;03;HOSTAL;01;1 ESTRELLA;CUSCO;080000;23;397;656;21,82;18,77;1,14;1,13;1,62;3355;3329;26;3818;3776;42;57
2021;01;03;HOSTAL;01;1 ESTRELLA;HUANCAVELICA;090000;2;29;45;29,59;19,21;1,02;1,02;0;263;263;0;268;268;0;5
2021;01;03;HOSTAL;01;1 ESTRELLA;HUÁNUCO;100000;13;206;311;67,59;62,22;1,14;1,14;1,23;5274;5188;86;5999;5893;106;34
2021;01;03;HOSTAL;01;1 ESTRELLA;ICA;110000;12;166;255;27,83;21,15;1,2;1,2;1;1395;1392;3;1672;1669;3;29
2021;01;03;HOSTAL;01;1 ESTRELLA;JUNÍN;120000;11;167;288;24,59;14,55;1,27;1,27;0;1023;1023;0;1299;1299;0;30
2021;01;03;HOSTAL;01;1 ESTRELLA;LA LIBERTAD;130000;34;472;824;31,16;18;1,69;1,69;0;2714;2714;0;4597;4597;0;82
2021;01;03;HOSTAL;01;1 ESTRELLA;LAMBAYEQUE;140000;19;251;323;17,12;15,73;1,17;1,17;1,4;1346;1331;15;1575;1554;21;43
2021;01;03;HOSTAL;01;1 ESTRELLA;LIMA;150000;68;1404;2629;20,52;21,28;1,04;1,04;1,1;19061;18597;464;19897;19389;509;260
2021;01;03;HOSTAL;01;1 ESTRELLA;LORETO;160000;6;91;134;7,62;6,55;1,71;1,73;1,58;159;140;19;272;242;30;15
2021;01;03;HOSTAL;01;1 ESTRELLA;MADRE DE DIOS;170000;1;35;61;22,86;19,99;2;2;2;189;187;2;378;374;4;3
2021;01;03;HOSTAL;01;1 ESTRELLA;MOQUEGUA;180000;15;207;362;20,18;17,1;1,18;1,17;1,83;1626;1608;18;1919;1886;33;34
2021;01;03;HOSTAL;01;1 ESTRELLA;PASCO;190000;17;290;431;21,39;18,03;1,05;1,05;0;2293;2293;0;2409;2409;0;46
2021;01;03;HOSTAL;01;1 ESTRELLA;PIURA;200000;2;36;51;36,11;23,28;2,31;2,32;2;159;158;1;368;366;2;8
2021;01;03;HOSTAL;01;1 ESTRELLA;PUNO;210000;17;305;520;17,54;14,03;1,01;1,02;1;2233;1741;492;2262;1770;492;41
2021;01;03;HOSTAL;01;1 ESTRELLA;SAN MARTÍN;220000;1;20;33;26,61;16,13;1,92;1,92;0;86;86;0;165;165;0;8
2021;01;03;HOSTAL;01;1 ESTRELLA;TACNA;230000;10;182;320;11,33;9,35;1,38;1,38;1;674;663;11;928;917;11;26
2021;01;03;HOSTAL;02;2 ESTRELLAS;AMAZONAS;010000;51;926;1456;26,99;21,85;1,02;1,02;1;9678;9669;9;9862;9853;9;148
2021;01;03;HOSTAL;02;2 ESTRELLAS;ÁNCASH;020000;125;2056;3477;31,47;30,67;1,07;1,07;1,13;30761;30652;109;33053;32930;123;347
2021;01;03;HOSTAL;02;2 ESTRELLAS;APURÍMAC;030000;5;138;201;33,36;23,83;1,08;1,08;0;1379;1379;0;1485;1485;0;23
2021;01;03;HOSTAL;02;2 ESTRELLAS;AREQUIPA;040000;126;2057;3744;22,89;19,13;1,31;1,31;1,46;16902;16804;98;22204;22061;143;356
2021;01;03;HOSTAL;02;2 ESTRELLAS;AYACUCHO;050000;3;34;67;0;0;0;0;0;0;0;0;0;0;0;0
2021;01;03;HOSTAL;02;2 ESTRELLAS;CAJAMARCA;060000;106;2046;3185;11,81;10,59;1,27;1,27;1;8209;8208;1;10453;10452;1;320
2021;01;03;HOSTAL;02;2 ESTRELLAS;CALLAO;070000;6;191;368;66,43;67,46;1;1;1;8640;8504;137;8658;8522;137;36
2021;01;03;HOSTAL;02;2 ESTRELLAS;CUSCO;080000;50;820;1436;15,93;14,73;1,64;1,63;2,22;3989;3872;117;6557;6297;260;131
2021;01;03;HOSTAL;02;2 ESTRELLAS;HUANCAVELICA;090000;2;49;81;10,93;8,08;1,34;1,34;0;152;152;0;203;203;0;6
2021;01;03;HOSTAL;02;2 ESTRELLAS;HUÁNUCO;100000;20;249;386;33,27;29,3;1,1;1,1;1;3182;3179;3;3506;3503;3;54
2021;01;03;HOSTAL;02;2 ESTRELLAS;ICA;110000;60;894;1477;31,66;31,29;1,94;1,94;2,22;7376;7353;23;14327;14276;51;152
2021;01;03;HOSTAL;02;2 ESTRELLAS;JUNÍN;120000;20;347;689;28,2;23,4;1,13;1,13;1,38;4439;4431;8;4999;4988;11;67
2021;01;03;HOSTAL;02;2 ESTRELLAS;LA LIBERTAD;130000;133;2233;4052;17,08;14,71;1,12;1,12;1,22;16474;16225;249;18472;18168;304;388
2021;01;03;HOSTAL;02;2 ESTRELLAS;LAMBAYEQUE;140000;158;2313;3224;22,82;17,05;1,07;1,07;1,02;15905;15662;243;17041;16794;247;429
2021;01;03;HOSTAL;02;2 ESTRELLAS;LIMA;150000;127;2921;5359;35,19;32,72;1,49;1,47;1,91;54411;52553;1858;80886;77343;3543;737
2021;01;03;HOSTAL;02;2 ESTRELLAS;LORETO;160000;5;82;130;34,07;45,48;1,73;1,7;2,2;1062;1003;59;1833;1703;130;16
2021;01;03;HOSTAL;02;2 ESTRELLAS;MOQUEGUA;180000;48;623;1033;21,63;16,35;2,17;2,13;3,09;2417;2324;93;5236;4949;287;108
2021;01;03;HOSTAL;02;2 ESTRELLAS;PASCO;190000;9;151;271;15,4;12,3;1,48;1,48;1;700;699;1;1033;1032;1;24
2021;01;03;HOSTAL;02;2 ESTRELLAS;PIURA;200000;29;569;904;25,66;25,75;2,02;1,97;2,58;3575;3318;257;7215;6553;662;111
2021;01;03;HOSTAL;02;2 ESTRELLAS;PUNO;210000;27;426;792;17,3;12,41;1,36;1,37;1;2233;2225;8;3046;3038;8;68
2021;01;03;HOSTAL;02;2 ESTRELLAS;SAN MARTÍN;220000;15;242;401;37,16;28,93;1,42;1,42;1,27;2526;2504;22;3596;3568;28;53
2021;01;03;HOSTAL;02;2 ESTRELLAS;TACNA;230000;20;340;639;44,61;22,3;1;1;0;4417;4417;0;4417;4417;0;56
2021;01;03;HOSTAL;02;2 ESTRELLAS;TUMBES;240000;5;65;135;22,98;23,75;1,62;1,62;0;613;613;0;994;994;0;19
2021;01;03;HOSTAL;02;2 ESTRELLAS;UCAYALI;250000;2;70;127;18,76;12,78;1,42;1,41;3;355;353;2;503;497;6;13
2021;01;03;HOSTAL;03;3 ESTRELLAS;AMAZONAS;010000;8;145;293;9,83;5,99;1,32;1,32;1;411;410;1;544;543;1;22
2021;01;03;HOSTAL;03;3 ESTRELLAS;ÁNCASH;020000;20;314;559;15,45;14,12;2,2;2,21;1,82;1111;1100;11;2446;2426;20;52
2021;01;03;HOSTAL;03;3 ESTRELLAS;APURÍMAC;030000;1;24;43;26,08;14,55;1,47;1,47;0;132;132;0;194;194;0;7
2021;01;03;HOSTAL;03;3 ESTRELLAS;AREQUIPA;040000;32;558;1039;24,13;16,27;2,22;2,21;2,41;2365;2328;37;5241;5152;89;131
2021;01;03;HOSTAL;03;3 ESTRELLAS;AYACUCHO;050000;2;40;83;55,65;41,24;2,18;2,17;2,24;487;454;33;1061;987;74;13
2021;01;03;HOSTAL;03;3 ESTRELLAS;CAJAMARCA;060000;45;735;1238;16,92;12,49;1,38;1,37;1,82;3462;3324;138;4794;4543;251;134
2021;01;03;HOSTAL;03;3 ESTRELLAS;CUSCO;080000;21;359;678;7,13;6,05;1,88;1,83;2,14;676;573;103;1271;1051;220;62
2021;01;03;HOSTAL;03;3 ESTRELLAS;HUANCAVELICA;090000;2;20;23;0;0;0;0;0;0;0;0;0;0;0;0
2021;01;03;HOSTAL;03;3 ESTRELLAS;HUÁNUCO;100000;1;14;24;0;0;0;0;0;0;0;0;0;0;0;0
2021;01;03;HOSTAL;03;3 ESTRELLAS;ICA;110000;33;647;1179;22,06;16,27;1,35;1,35;1,71;4390;4286;104;5946;5768;178;142
2021;01;03;HOSTAL;03;3 ESTRELLAS;JUNÍN;120000;2;47;93;41,25;31,84;2,21;2,23;1;416;408;8;918;910;8;40
2021;01;03;HOSTAL;03;3 ESTRELLAS;LA LIBERTAD;130000;60;962;1791;31,05;29,46;1,11;1,11;1,2;14764;14480;284;16357;16016;341;172
2021;01;03;HOSTAL;03;3 ESTRELLAS;LAMBAYEQUE;140000;23;337;511;28,89;23,49;1,18;1,18;1,2;3150;3096;54;3721;3656;65;80
2021;01;03;HOSTAL;03;3 ESTRELLAS;LIMA;150000;16;348;701;22,87;19,08;1,12;1,12;1;3801;3785;16;4259;4243;16;67
2021;01;03;HOSTAL;03;3 ESTRELLAS;LORETO;160000;8;113;187;17,47;13,77;2,17;2,17;2,33;368;365;3;798;791;7;24
2021;01;03;HOSTAL;03;3 ESTRELLAS;MADRE DE DIOS;170000;1;22;29;9,38;9,79;1,38;1,38;1,25;64;60;4;88;83;5;2
2021;01;03;HOSTAL;03;3 ESTRELLAS;MOQUEGUA;180000;3;52;85;6,2;3,64;1,96;1,96;0;49;49;0;96;96;0;9
2021;01;03;HOSTAL;03;3 ESTRELLAS;PASCO;190000;1;9;18;0;0;0;0;0;0;0;0;0;0;0;0
2021;01;03;HOSTAL;03;3 ESTRELLAS;PIURA;200000;2;37;83;46,29;29,93;2,62;2,55;3,4;294;269;25;770;685;85;9
2021;01;03;HOSTAL;03;3 ESTRELLAS;PUNO;210000;6;140;263;17,05;10,87;1,87;1,88;1,44;474;465;9;886;873;13;33
2021;01;03;HOSTAL;03;3 ESTRELLAS;TACNA;230000;5;89;184;15,48;13,52;1,71;1,71;0;452;452;0;771;771;0;15
2021;01;03;HOSTAL;03;3 ESTRELLAS;TUMBES;240000;5;83;174;14,34;11,94;1,4;1,4;0;459;459;0;644;644;0;15
2021;01;03;HOSTAL;03;3 ESTRELLAS;UCAYALI;250000;2;45;71;4,09;3,91;2,26;2,05;10;38;37;1;86;76;10;6
2021;01;03;HOSTAL;TT;TODAS CONSOLIDADAS;AMAZONAS;010000;73;1278;2071;26,87;21,6;1,03;1,03;1;13525;13500;25;13869;13844;25;203
2021;01;03;HOSTAL;TT;TODAS CONSOLIDADAS;ÁNCASH;020000;188;2959;4987;28,02;27,12;1,11;1,11;1,16;37617;37470;147;41927;41756;171;494
2021;01;03;HOSTAL;TT;TODAS CONSOLIDADAS;APURÍMAC;030000;7;172;264;30,4;20,52;1,11;1,11;0;1511;1511;0;1679;1679;0;30
2021;01;03;HOSTAL;TT;TODAS CONSOLIDADAS;AYACUCHO;050000;9;165;311;29,07;20,66;1,53;1,51;2,24;1305;1272;33;1992;1918;74;31
2021;01;03;HOSTAL;TT;TODAS CONSOLIDADAS;CAJAMARCA;060000;174;3179;5086;11,99;9,94;1,31;1,31;1,81;11915;11776;139;15668;15416;252;523
2021;01;03;HOSTAL;TT;TODAS CONSOLIDADAS;CALLAO;070000;17;395;776;50,16;50,47;1;1;1;13015;12845;170;13032;12862;170;72
2021;01;03;HOSTAL;TT;TODAS CONSOLIDADAS;CUSCO;080000;94;1576;2770;15,41;13,56;1,45;1,43;2,12;8020;7774;246;11646;11124;522;250
2021;01;03;HOSTAL;TT;TODAS CONSOLIDADAS;HUANCAVELICA;090000;6;98;149;14,22;10,2;1,13;1,13;0;415;415;0;471;471;0;11
2021;01;03;HOSTAL;TT;TODAS CONSOLIDADAS;HUÁNUCO;100000;34;469;721;47,35;42,53;1,12;1,12;1,22;8456;8367;89;9505;9396;109;88
2021;01;03;HOSTAL;TT;TODAS CONSOLIDADAS;ICA;110000;105;1707;2911;27,65;24,32;1,67;1,67;1,78;13161;13031;130;21945;21713;232;323
2021;01;03;HOSTAL;TT;TODAS CONSOLIDADAS;JUNÍN;120000;33;561;1070;28,22;21,75;1,23;1,23;1,19;5878;5862;16;7216;7197;19;137
2021;01;03;HOSTAL;TT;TODAS CONSOLIDADAS;LA LIBERTAD;130000;227;3667;6667;22,56;19,08;1,16;1,16;1,21;33952;33419;533;39426;38781;645;642
2021;01;03;HOSTAL;TT;TODAS CONSOLIDADAS;LAMBAYEQUE;140000;200;2901;4058;23,03;17,76;1,09;1,1;1,07;20401;20089;312;22337;22004;333;552
2021;01;03;HOSTAL;TT;TODAS CONSOLIDADAS;LIMA;150000;211;4673;8689;28,61;26,89;1,3;1,29;1,68;70943;69047;1896;92561;89383;3177;1008
2021;01;03;HOSTAL;TT;TODAS CONSOLIDADAS;LORETO;160000;19;286;451;19,1;20,76;1,83;1,81;2,06;1589;1508;81;2903;2736;167;55
2021;01;03;HOSTAL;TT;TODAS CONSOLIDADAS;MADRE DE DIOS;170000;6;166;244;29,3;23,96;1,42;1,42;1,23;1277;1242;35;1812;1769;43;25
2021;01;03;HOSTAL;TT;TODAS CONSOLIDADAS;MOQUEGUA;180000;66;882;1480;20,38;15,8;1,77;1,74;2,88;4092;3981;111;7251;6931;320;151
2021;01;03;HOSTAL;TT;TODAS CONSOLIDADAS;PASCO;190000;27;450;720;18,95;15,42;1,15;1,15;1;2993;2992;1;3442;3441;1;70
2021;01;03;HOSTAL;TT;TODAS CONSOLIDADAS;PIURA;200000;33;642;1038;27,43;25,96;2,07;2,03;2,65;4028;3745;283;8353;7604;749;128
2021;01;03;HOSTAL;TT;TODAS CONSOLIDADAS;PUNO;210000;50;871;1575;17,34;12,69;1,25;1,28;1,01;4940;4431;509;6194;5681;513;142
2021;01;03;HOSTAL;TT;TODAS CONSOLIDADAS;SAN MARTÍN;220000;22;374;675;35,58;25,19;1,36;1,36;1,24;3878;3844;34;5271;5229;42;99
2021;01;03;HOSTAL;TT;TODAS CONSOLIDADAS;TACNA;230000;35;611;1143;30,45;17,26;1,1;1,1;1;5543;5532;11;6116;6105;11;97
2021;01;03;HOSTAL;TT;TODAS CONSOLIDADAS;TUMBES;240000;10;148;309;18,13;17,1;1,53;1,53;0;1072;1072;0;1638;1638;0;34
2021;01;05;ALBERGUE;12;ALBERGUE;ÁNCASH;020000;7;70;158;1,66;1,51;1,95;1,95;0;38;38;0;74;74;0;14
2021;01;05;ALBERGUE;12;ALBERGUE;AREQUIPA;040000;5;90;217;30,18;28,69;1,56;1,56;1,65;1236;1181;55;1930;1839;91;83
2021;01;05;ALBERGUE;12;ALBERGUE;CAJAMARCA;060000;1;11;22;0;0;0;0;0;0;0;0;0;0;0;0
2021;01;05;ALBERGUE;12;ALBERGUE;CUSCO;080000;12;187;640;4,83;4,6;1,13;1,1;1,24;807;645;162;912;711;201;52
2021;01;05;ALBERGUE;12;ALBERGUE;ICA;110000;2;18;43;27,06;24,08;2,11;2,11;2,5;152;150;2;321;316;5;5
2021;01;05;ALBERGUE;12;ALBERGUE;JUNÍN;120000;1;32;104;23,29;16,28;2;2,02;1,33;262;256;6;525;517;8;12
2021;01;05;ALBERGUE;12;ALBERGUE;LIMA;150000;5;67;182;44,34;17,74;4,45;4,29;4,59;225;104;121;1001;446;555;16
2021;01;05;ALBERGUE;12;ALBERGUE;LORETO;160000;46;630;1352;24,81;18,36;2,55;1,27;10,93;3023;2624;399;7696;3334;4362;172
2021;01;01;HOTEL;04;4 ESTRELLAS;LORETO;160000;2;90;150;15,48;13,91;1,03;1,02;1,19;631;605;26;647;616;31;27
2021;01;02;APART HOTEL;04;4 ESTRELLAS;LORETO;160000;1;13;23;33,75;28,33;1,49;2,35;1,28;136;26;110;202;61;141;6
2021;01;01;HOTEL;TT;TODAS CONSOLIDADAS;AREQUIPA;040000;117;3749;6731;29,55;20,83;2,41;2,39;3,47;18059;17695;364;43465;42203;1262;908
2021;01;02;APART HOTEL;TT;TODAS CONSOLIDADAS;AREQUIPA;040000;2;37;68;4,53;6,59;2,9;2,93;2;48;46;2;139;135;4;7
2021;01;03;HOSTAL;TT;TODAS CONSOLIDADAS;AREQUIPA;040000;211;3392;5994;23,6;18,58;1,41;1,41;1,72;24455;24320;135;34533;34301;232;611
2021;01;03;HOSTAL;02;2 ESTRELLAS;MADRE DE DIOS;170000;4;109;154;35,4;28,19;1,31;1,32;1,17;1024;995;29;1346;1312;34;20
2021;01;03;HOSTAL;03;3 ESTRELLAS;SAN MARTÍN;220000;6;112;241;33,76;20,21;1,19;1,19;1,17;1266;1254;12;1510;1496;14;38
2021;01;03;HOSTAL;TT;TODAS CONSOLIDADAS;UCAYALI;250000;4;115;198;13,02;9,6;1,5;1,47;5,33;393;390;3;589;573;16;19
2021;01;05;ALBERGUE;12;ALBERGUE;MADRE DE DIOS;170000;6;130;337;6,58;4,61;3,71;3,94;3,34;130;80;50;482;315;167;234
2021;01;05;ALBERGUE;12;ALBERGUE;PASCO;190000;12;211;549;8,36;4,47;1,46;1,47;1,2;520;515;5;761;755;6;46
2021;01;05;ALBERGUE;12;ALBERGUE;PUNO;210000;1;13;35;0;0;0;0;0;0;0;0;0;0;0;0
2021;01;05;ALBERGUE;12;ALBERGUE;SAN MARTÍN;220000;10;192;452;9,98;8,54;2,23;2,24;1,63;536;528;8;1197;1184;13;32
2021;01;05;ALBERGUE;12;ALBERGUE;UCAYALI;250000;3;37;95;4,01;2,99;1,28;1,29;1;69;66;3;88;85;3;14
2021;01;05;ALBERGUE;TT;TODAS CONSOLIDADAS;ÁNCASH;020000;7;70;158;1,66;1,51;1,95;1,95;0;38;38;0;74;74;0;14
2021;01;05;ALBERGUE;TT;TODAS CONSOLIDADAS;AREQUIPA;040000;5;90;217;30,18;28,69;1,56;1,56;1,65;1236;1181;55;1930;1839;91;83
2021;01;05;ALBERGUE;TT;TODAS CONSOLIDADAS;CAJAMARCA;060000;1;11;22;0;0;0;0;0;0;0;0;0;0;0;0
2021;01;05;ALBERGUE;TT;TODAS CONSOLIDADAS;CUSCO;080000;12;187;640;4,83;4,6;1,13;1,1;1,24;807;645;162;912;711;201;52
2021;01;05;ALBERGUE;TT;TODAS CONSOLIDADAS;ICA;110000;2;18;43;27,06;24,08;2,11;2,11;2,5;152;150;2;321;316;5;5
2021;01;05;ALBERGUE;TT;TODAS CONSOLIDADAS;JUNÍN;120000;1;32;104;23,29;16,28;2;2,02;1,33;262;256;6;525;517;8;12
2021;01;05;ALBERGUE;TT;TODAS CONSOLIDADAS;LIMA;150000;5;67;182;44,34;17,74;4,45;4,29;4,59;225;104;121;1001;446;555;16
2021;01;05;ALBERGUE;TT;TODAS CONSOLIDADAS;LORETO;160000;46;630;1352;24,81;18,36;2,55;1,27;10,93;3023;2624;399;7696;3334;4362;172
2021;01;05;ALBERGUE;TT;TODAS CONSOLIDADAS;MADRE DE DIOS;170000;6;130;337;6,58;4,61;3,71;3,94;3,34;130;80;50;482;315;167;234
2021;01;05;ALBERGUE;TT;TODAS CONSOLIDADAS;PASCO;190000;12;211;549;8,36;4,47;1,46;1,47;1,2;520;515;5;761;755;6;46
2021;01;05;ALBERGUE;TT;TODAS CONSOLIDADAS;PUNO;210000;1;13;35;0;0;0;0;0;0;0;0;0;0;0;0
2021;01;05;ALBERGUE;TT;TODAS CONSOLIDADAS;SAN MARTÍN;220000;10;192;452;9,98;8,54;2,23;2,24;1,63;536;528;8;1197;1184;13;32
2021;01;05;ALBERGUE;TT;TODAS CONSOLIDADAS;UCAYALI;250000;3;37;95;4,01;2,99;1,28;1,29;1;69;66;3;88;85;3;14
2021;01;14;RESORT;03;3 ESTRELLAS;ICA;110000;1;51;86;0;0;0;0;0;0;0;0;0;0;0;0
2021;01;14;RESORT;04;4 ESTRELLAS;TUMBES;240000;1;402;804;55,85;66,97;2,77;2,76;3,42;6033;6014;19;16692;16627;65;409
2021;01;14;RESORT;05;5 ESTRELLAS;ICA;110000;1;115;250;80,36;69,02;3;3;3,1;1783;1743;40;5349;5225;124;90
2021;01;14;RESORT;TT;TODAS CONSOLIDADAS;ICA;110000;2;166;336;55,67;51,35;3;3;3,1;1783;1743;40;5349;5225;124;90
2021;01;14;RESORT;TT;TODAS CONSOLIDADAS;TUMBES;240000;1;402;804;55,85;66,97;2,77;2,76;3,42;6033;6014;19;16692;16627;65;409
2021;01;16;ECOLODGE;13;ECOLODGE;AREQUIPA;040000;1;13;28;5,71;5,76;1,39;1,39;0;36;36;0;50;50;0;4
2021;01;16;ECOLODGE;13;ECOLODGE;SAN MARTÍN;220000;1;12;24;0;0;0;0;0;0;0;0;0;0;0;0
2021;01;16;ECOLODGE;TT;TODAS CONSOLIDADAS;AREQUIPA;040000;1;13;28;5,71;5,76;1,39;1,39;0;36;36;0;50;50;0;4
2021;01;16;ECOLODGE;TT;TODAS CONSOLIDADAS;SAN MARTÍN;220000;1;12;24;0;0;0;0;0;0;0;0;0;0;0;0
2021;01;TT;TODAS CONSOLIDADAS;00;NO CATEGORIZADO;AMAZONAS;010000;247;2293;3627;16,3;12,56;1,15;1,15;1,01;12254;12099;155;14122;13966;156;407
2021;01;TT;TODAS CONSOLIDADAS;00;NO CATEGORIZADO;ÁNCASH;020000;573;5573;9618;5,61;4,8;1,19;1,19;1;12034;12028;6;14318;14312;6;899
2021;01;TT;TODAS CONSOLIDADAS;00;NO CATEGORIZADO;APURÍMAC;030000;460;4233;6546;12,93;9,78;1,16;1,16;1,21;17051;16990;61;19837;19763;74;452
2021;01;TT;TODAS CONSOLIDADAS;00;NO CATEGORIZADO;AYACUCHO;050000;526;5251;8396;9,05;6,99;1,56;1,56;2,02;11623;11443;180;18183;17819;364;596
2021;01;TT;TODAS CONSOLIDADAS;00;NO CATEGORIZADO;CAJAMARCA;060000;575;5809;9003;14,66;12,57;1,3;1,3;1;26970;26951;19;35072;35053;19;1023
2021;01;TT;TODAS CONSOLIDADAS;00;NO CATEGORIZADO;CALLAO;070000;260;3767;6944;31,33;27,97;1,03;1,03;1,07;100613;99662;951;103186;102166;1019;951
2021;01;TT;TODAS CONSOLIDADAS;00;NO CATEGORIZADO;HUANCAVELICA;090000;173;2032;3185;11,86;10,05;1,13;1,12;1,29;8816;8788;28;9922;9886;36;252
2021;01;TT;TODAS CONSOLIDADAS;00;NO CATEGORIZADO;HUÁNUCO;100000;458;5333;7860;17,71;16,08;1,14;1,14;1,1;34391;34283;108;39183;39064;119;719
2021;01;TT;TODAS CONSOLIDADAS;00;NO CATEGORIZADO;ICA;110000;680;7947;13844;17,9;13,62;1,25;1,25;1,26;46879;45356;1523;58473;56547;1926;1336
2021;01;TT;TODAS CONSOLIDADAS;00;NO CATEGORIZADO;JUNÍN;120000;1200;13146;21237;13,3;10,11;1,21;1,21;1,28;55035;54868;167;66573;66360;213;1699
2021;01;TT;TODAS CONSOLIDADAS;00;NO CATEGORIZADO;LA LIBERTAD;130000;773;6681;11179;19,23;15,04;1,15;1,15;1,14;45350;45143;207;52137;51902;235;732
2021;01;TT;TODAS CONSOLIDADAS;00;NO CATEGORIZADO;LAMBAYEQUE;140000;339;3694;5344;25,32;18,34;1,02;1,02;1,11;29642;29263;379;30380;29961;419;655
2021;01;TT;TODAS CONSOLIDADAS;00;NO CATEGORIZADO;LIMA;150000;5771;50810;87911;23,08;21,31;1,18;1,18;1,23;2222980;2187077;35904;2623382;2579373;44009;33965
2021;01;TT;TODAS CONSOLIDADAS;00;NO CATEGORIZADO;LORETO;160000;661;6368;9936;16,51;15,41;1,61;1,53;2,31;29473;26605;2868;47466;40831;6635;748
2021;01;TT;TODAS CONSOLIDADAS;00;NO CATEGORIZADO;MADRE DE DIOS;170000;270;3696;5958;22,3;19,09;1,16;1,16;1,63;30270;29885;385;35253;34625;628;479
2021;01;TT;TODAS CONSOLIDADAS;00;NO CATEGORIZADO;MOQUEGUA;180000;162;1555;2624;11,16;7,84;1,31;1,31;1;4877;4823;54;6381;6327;54;202
2021;01;TT;TODAS CONSOLIDADAS;00;NO CATEGORIZADO;PASCO;190000;260;2874;4453;13,94;15,21;1,34;1,34;1;15618;15614;4;20997;20993;4;407
2021;01;TT;TODAS CONSOLIDADAS;00;NO CATEGORIZADO;PIURA;200000;945;9935;18088;29,8;25,6;1,68;1,65;2,17;85658;81953;3705;143538;135508;8030;1875
2021;01;TT;TODAS CONSOLIDADAS;00;NO CATEGORIZADO;PUNO;210000;686;6506;11073;17,99;14,37;1,15;1,16;1,08;42784;40409;2375;49311;46740;2571;1172
2021;01;TT;TODAS CONSOLIDADAS;00;NO CATEGORIZADO;SAN MARTÍN;220000;689;8197;12736;24,76;19,96;1,21;1,21;1,38;65211;64866;345;78801;78325;476;1094
2021;01;TT;TODAS CONSOLIDADAS;00;NO CATEGORIZADO;TACNA;230000;393;3770;6817;16,29;8,94;1,26;1,26;1;15005;14783;222;18897;18675;222;662
2021;01;TT;TODAS CONSOLIDADAS;00;NO CATEGORIZADO;TUMBES;240000;204;2151;4232;19,91;17,41;1,63;1,64;1,29;14049;13659;390;22842;22340;502;350
2021;01;TT;TODAS CONSOLIDADAS;00;NO CATEGORIZADO;UCAYALI;250000;439;4921;7593;21,99;19,29;1,87;1,86;1,96;24339;23797;542;45412;44348;1064;887
2021;01;TT;TODAS CONSOLIDADAS;01;1 ESTRELLA;AMAZONAS;010000;15;227;357;34,9;31,29;1,01;1,01;1;3436;3421;15;3463;3448;15;33
2021;01;TT;TODAS CONSOLIDADAS;01;1 ESTRELLA;ÁNCASH;020000;54;877;1407;19,46;17,2;1,1;1,1;1,04;6818;6791;27;7501;7473;28;143
2021;01;TT;TODAS CONSOLIDADAS;01;1 ESTRELLA;APURÍMAC;030000;3;90;135;17,31;13,38;1;1;0;560;560;0;560;560;0;9
2021;01;TT;TODAS CONSOLIDADAS;01;1 ESTRELLA;AREQUIPA;040000;56;882;1356;22,09;16,86;1,37;1,37;0;5188;5188;0;7088;7088;0;124
2021;01;TT;TODAS CONSOLIDADAS;01;1 ESTRELLA;AYACUCHO;050000;12;291;506;16,9;14,11;1,56;1,56;0;1419;1419;0;2213;2213;0;53
2021;01;TT;TODAS CONSOLIDADAS;01;1 ESTRELLA;CAJAMARCA;060000;29;568;947;4,79;3,1;1,29;1,29;0;705;705;0;910;910;0;94
2021;01;TT;TODAS CONSOLIDADAS;01;1 ESTRELLA;CALLAO;070000;12;241;482;35,03;35,43;1;1;1;5141;5097;44;5141;5097;44;41
2021;01;TT;TODAS CONSOLIDADAS;01;1 ESTRELLA;CUSCO;080000;28;524;881;18,34;15,86;1,15;1,15;1,62;3760;3734;26;4332;4290;42;77
2021;01;TT;TODAS CONSOLIDADAS;01;1 ESTRELLA;HUANCAVELICA;090000;2;29;45;29,59;19,21;1,02;1,02;0;263;263;0;268;268;0;5
2021;01;TT;TODAS CONSOLIDADAS;01;1 ESTRELLA;HUÁNUCO;100000;21;445;664;41,59;40,92;1,09;1,09;1,23;7698;7612;86;8423;8317;106;72
2021;01;TT;TODAS CONSOLIDADAS;01;1 ESTRELLA;ICA;110000;17;268;385;17,24;14,01;1,2;1,2;1;1395;1392;3;1672;1669;3;29
2021;01;TT;TODAS CONSOLIDADAS;01;1 ESTRELLA;JUNÍN;120000;16;368;664;16,03;9,24;1,26;1,26;0;1505;1505;0;1902;1902;0;52
2021;01;TT;TODAS CONSOLIDADAS;01;1 ESTRELLA;LA LIBERTAD;130000;36;518;912;28,4;16,26;1,69;1,69;0;2714;2714;0;4597;4597;0;82
2021;01;TT;TODAS CONSOLIDADAS;01;1 ESTRELLA;LAMBAYEQUE;140000;22;354;472;12,14;10,76;1,17;1,17;1,4;1346;1331;15;1575;1554;21;43
2021;01;TT;TODAS CONSOLIDADAS;01;1 ESTRELLA;LIMA;150000;78;1930;3496;27,61;28,68;1,13;1,13;1,1;32419;31937;482;36544;36016;529;381
2021;01;TT;TODAS CONSOLIDADAS;01;1 ESTRELLA;LORETO;160000;6;91;134;7,62;6,55;1,71;1,73;1,58;159;140;19;272;242;30;15
2021;01;TT;TODAS CONSOLIDADAS;01;1 ESTRELLA;MADRE DE DIOS;170000;5;192;297;14,95;14,13;1,24;1,24;1,2;1052;1042;10;1301;1289;12;28
2021;01;TT;TODAS CONSOLIDADAS;01;1 ESTRELLA;MOQUEGUA;180000;16;228;404;19,57;16,85;1,21;1,2;1,83;1748;1730;18;2110;2077;33;38
2021;01;TT;TODAS CONSOLIDADAS;01;1 ESTRELLA;PASCO;190000;23;458;703;23,29;19,01;1,08;1,08;0;3849;3849;0;4142;4142;0;77
2021;01;TT;TODAS CONSOLIDADAS;01;1 ESTRELLA;PIURA;200000;4;76;138;17,11;8,6;2,31;2,32;2;159;158;1;368;366;2;8
2021;01;TT;TODAS CONSOLIDADAS;01;1 ESTRELLA;SAN MARTÍN;220000;7;144;222;22,18;33,78;1,68;1,69;1,53;1381;1364;17;2325;2299;26;26
2021;01;TT;TODAS CONSOLIDADAS;01;1 ESTRELLA;TACNA;230000;12;239;432;9,52;7,68;1,36;1,36;1;757;744;13;1028;1015;13;31
2021;01;TT;TODAS CONSOLIDADAS;02;2 ESTRELLAS;AMAZONAS;010000;78;1594;2543;26,77;21,43;1,17;1,16;1,96;14496;14450;46;16896;16806;90;252
2021;01;TT;TODAS CONSOLIDADAS;02;2 ESTRELLAS;APURÍMAC;030000;9;318;512;19,75;13,44;1,12;1,12;1;1908;1907;1;2133;2132;1;38
2021;01;TT;TODAS CONSOLIDADAS;02;2 ESTRELLAS;AREQUIPA;040000;166;3202;5764;22,32;18,36;1,45;1,45;1,44;22663;22541;122;32798;32622;176;537
2021;01;TT;TODAS CONSOLIDADAS;02;2 ESTRELLAS;AYACUCHO;050000;10;252;444;15,78;17,16;1,84;1,85;1,06;1287;1270;17;2362;2344;18;34
2021;01;TT;TODAS CONSOLIDADAS;02;2 ESTRELLAS;CAJAMARCA;060000;141;3648;5305;11,68;10,25;1,23;1,23;1,13;13745;13706;39;16851;16807;44;476
2021;01;TT;TODAS CONSOLIDADAS;02;2 ESTRELLAS;CALLAO;070000;7;231;435;52,41;54,58;1;1;1;8107;7974;133;8124;7991;133;38
2021;01;TT;TODAS CONSOLIDADAS;02;2 ESTRELLAS;CUSCO;080000;93;1894;3317;11,63;10,49;1,57;1,54;2,16;6880;6614;266;10784;10209;575;381
2021;01;TT;TODAS CONSOLIDADAS;02;2 ESTRELLAS;HUANCAVELICA;090000;4;91;154;11,17;9,28;1,38;1,38;0;322;322;0;443;443;0;15
2021;01;TT;TODAS CONSOLIDADAS;02;2 ESTRELLAS;HUÁNUCO;100000;59;1445;2269;21,33;17,97;1,13;1,13;1;11221;11188;33;12643;12610;33;241
2021;01;TT;TODAS CONSOLIDADAS;02;2 ESTRELLAS;ICA;110000;110;2245;3819;25,18;22,38;1,97;1,97;1,53;13439;13359;80;26491;26369;122;376
2021;01;TT;TODAS CONSOLIDADAS;02;2 ESTRELLAS;JUNÍN;120000;45;1114;2033;24,52;18,78;1,35;1,34;1,75;8797;8728;69;11833;11712;121;187
2021;01;TT;TODAS CONSOLIDADAS;02;2 ESTRELLAS;LAMBAYEQUE;140000;229;4314;6254;20,34;15,24;1,1;1,1;1,06;26899;26607;292;29551;29242;309;730
2021;01;TT;TODAS CONSOLIDADAS;02;2 ESTRELLAS;LIMA;150000;239;7639;13866;31,72;29,54;1,39;1,38;1,72;121721;119158;2562;169378;164974;4405;1564
2021;01;TT;TODAS CONSOLIDADAS;02;2 ESTRELLAS;LORETO;160000;20;463;748;18,85;21,59;1,95;1,94;2,26;2565;2453;112;5006;4753;253;78
2021;01;TT;TODAS CONSOLIDADAS;02;2 ESTRELLAS;MADRE DE DIOS;170000;10;283;453;32,36;24,89;1,26;1,25;1,55;2778;2714;64;3496;3397;99;44
2021;01;TT;TODAS CONSOLIDADAS;02;2 ESTRELLAS;MOQUEGUA;180000;62;1090;1809;20,49;15,07;2,29;2,1;3,54;3697;3211;486;8452;6733;1719;172
2021;01;TT;TODAS CONSOLIDADAS;02;2 ESTRELLAS;PASCO;190000;14;282;500;25,04;23,32;1,34;1,34;1;2691;2690;1;3615;3614;1;54
2021;01;TT;TODAS CONSOLIDADAS;02;2 ESTRELLAS;PUNO;210000;47;920;1681;13,88;10,72;1,35;1,35;1,58;4123;4087;36;5586;5529;57;137
2021;01;TT;TODAS CONSOLIDADAS;02;2 ESTRELLAS;SAN MARTÍN;220000;42;984;1629;33,84;29,35;1,69;1,69;1,71;8752;8630;122;14821;14612;209;184
2021;01;TT;TODAS CONSOLIDADAS;00;NO CATEGORIZADO;AREQUIPA;040000;1132;10167;16988;19,29;14,71;1,46;1,46;1,64;52894;52231;663;77459;76371;1088;1274
2021;01;TT;TODAS CONSOLIDADAS;00;NO CATEGORIZADO;CUSCO;080000;1663;16541;29936;14,79;11,4;1,41;1,38;1,85;75279;70894;4385;105795;97682;8113;3000
2021;01;TT;TODAS CONSOLIDADAS;01;1 ESTRELLA;PUNO;210000;22;440;753;15,7;12,72;1,12;1,15;1;2645;2153;492;2970;2478;492;58
2021;01;TT;TODAS CONSOLIDADAS;02;2 ESTRELLAS;ÁNCASH;020000;163;3105;5425;28,63;26,27;1,1;1,1;1,12;40222;40041;181;44180;43977;203;522
2021;01;TT;TODAS CONSOLIDADAS;02;2 ESTRELLAS;LA LIBERTAD;130000;154;2822;5010;23;20,2;1,46;1,46;1,35;21469;21187;282;31365;30983;382;485
2021;01;TT;TODAS CONSOLIDADAS;02;2 ESTRELLAS;PIURA;200000;49;1063;1734;23,48;22,19;2,14;2,12;2,62;5571;5310;261;11930;11246;684;201
2021;01;TT;TODAS CONSOLIDADAS;02;2 ESTRELLAS;TACNA;230000;49;1198;2368;21,9;13,01;1,34;1,34;1,85;7122;7075;47;9550;9463;87;206
2021;01;TT;TODAS CONSOLIDADAS;02;2 ESTRELLAS;TUMBES;240000;12;273;546;16,32;17,24;1,89;1,9;1,33;1544;1529;15;2918;2898;20;58
2021;01;TT;TODAS CONSOLIDADAS;02;2 ESTRELLAS;UCAYALI;250000;4;118;192;11,13;8,45;1,42;1,41;3;355;353;2;503;497;6;13
2021;01;TT;TODAS CONSOLIDADAS;03;3 ESTRELLAS;AMAZONAS;010000;22;466;826;18,98;15,32;1,48;1,47;1,67;2656;2611;45;3923;3848;75;87
2021;01;TT;TODAS CONSOLIDADAS;03;3 ESTRELLAS;ÁNCASH;020000;60;1659;2933;20,74;16,65;1,61;1,6;1,99;9430;9330;100;15139;14940;199;321
2021;01;TT;TODAS CONSOLIDADAS;03;3 ESTRELLAS;APURÍMAC;030000;5;145;246;37,98;28,46;1,79;1,79;1,88;1209;1129;80;2170;2020;150;36
2021;01;TT;TODAS CONSOLIDADAS;03;3 ESTRELLAS;AREQUIPA;040000;95;2412;4487;29,25;19,52;2,58;2,58;2,8;10526;10324;202;27155;26590;565;611
2021;01;TT;TODAS CONSOLIDADAS;03;3 ESTRELLAS;AYACUCHO;050000;9;273;525;24,54;20,65;2,84;2,81;3,32;1185;1125;60;3360;3161;199;91
2021;01;TT;TODAS CONSOLIDADAS;03;3 ESTRELLAS;CAJAMARCA;060000;105;2591;4366;17,1;11,91;1,72;1,72;1,73;9368;9201;167;16116;15827;289;508
2021;01;TT;TODAS CONSOLIDADAS;03;3 ESTRELLAS;CALLAO;070000;4;233;436;15,59;13,67;1,25;1,17;1,77;1481;1289;192;1848;1508;340;44
2021;01;TT;TODAS CONSOLIDADAS;03;3 ESTRELLAS;CUSCO;080000;83;2590;4892;14,08;9,78;1,79;1,79;1,82;8283;7534;749;14838;13475;1363;565
2021;01;TT;TODAS CONSOLIDADAS;03;3 ESTRELLAS;HUANCAVELICA;090000;3;62;91;3,64;2,48;1;1;0;70;70;0;70;70;0;7
2021;01;TT;TODAS CONSOLIDADAS;03;3 ESTRELLAS;HUÁNUCO;100000;14;546;997;21,62;21,3;1,66;1,66;1,76;3957;3928;29;6584;6533;51;120
2021;01;TT;TODAS CONSOLIDADAS;03;3 ESTRELLAS;ICA;110000;84;2492;4958;29,63;24,88;2,05;2,06;1,75;18672;18148;524;38235;37319;916;541
2021;01;TT;TODAS CONSOLIDADAS;03;3 ESTRELLAS;JUNÍN;120000;21;776;1459;20,19;12,12;2,29;2,31;1,34;2391;2347;44;5481;5422;59;204
2021;01;TT;TODAS CONSOLIDADAS;03;3 ESTRELLAS;LA LIBERTAD;130000;144;3317;6286;26,44;20,78;1,4;1,4;1,59;28829;28118;711;40484;39357;1127;693
2021;01;TT;TODAS CONSOLIDADAS;03;3 ESTRELLAS;LAMBAYEQUE;140000;60;1593;2626;19,46;14,82;1,42;1,4;2,4;8523;8371;152;12063;11698;365;313
2021;01;TT;TODAS CONSOLIDADAS;03;3 ESTRELLAS;LIMA;150000;167;7791;14789;26,77;21,9;1,86;1,81;2,53;54318;51061;3258;100821;92588;8232;1581
2021;01;TT;TODAS CONSOLIDADAS;03;3 ESTRELLAS;LORETO;160000;31;823;1416;19,89;14,79;2,57;2,56;2,78;2525;2434;91;6492;6239;253;180
2021;01;TT;TODAS CONSOLIDADAS;03;3 ESTRELLAS;MADRE DE DIOS;170000;6;210;370;18,74;14,73;1,82;1,77;2,78;929;888;41;1690;1576;114;53
2021;01;TT;TODAS CONSOLIDADAS;03;3 ESTRELLAS;MOQUEGUA;180000;13;374;670;49,34;30,36;2,19;2,19;2,33;2873;2861;12;6305;6277;28;73
2021;01;TT;TODAS CONSOLIDADAS;03;3 ESTRELLAS;PASCO;190000;6;137;271;42,01;35,64;1,32;1,32;0;2262;2262;0;2994;2994;0;23
2021;01;TT;TODAS CONSOLIDADAS;03;3 ESTRELLAS;PIURA;200000;18;651;1180;22,32;19,87;1,97;1,93;2,92;3694;3555;139;7268;6862;406;162
2021;01;TT;TODAS CONSOLIDADAS;03;3 ESTRELLAS;PUNO;210000;26;830;1510;15,21;10,43;2,05;2;3,12;2383;2280;103;4883;4562;321;176
2021;01;TT;TODAS CONSOLIDADAS;03;3 ESTRELLAS;SAN MARTÍN;220000;27;841;1482;39,37;35,06;2,2;2,19;3,32;7323;7231;92;16109;15804;305;205
2021;01;TT;TODAS CONSOLIDADAS;03;3 ESTRELLAS;TACNA;230000;17;519;1089;17,64;9,96;1,86;1,86;0;1809;1809;0;3363;3363;0;123
2021;01;TT;TODAS CONSOLIDADAS;03;3 ESTRELLAS;TUMBES;240000;15;335;688;11,43;11,81;1,52;1,52;1;1662;1658;4;2518;2514;4;78
2021;01;TT;TODAS CONSOLIDADAS;04;4 ESTRELLAS;AREQUIPA;040000;10;441;840;38,64;25,63;2,82;2,81;3,02;2368;2284;84;6674;6420;254;134
2021;01;TT;TODAS CONSOLIDADAS;04;4 ESTRELLAS;CAJAMARCA;060000;3;173;311;19,8;17,45;1,84;1,84;1,91;914;879;35;1682;1615;67;66
2021;01;TT;TODAS CONSOLIDADAS;04;4 ESTRELLAS;CALLAO;070000;2;371;599;24,55;24,51;1,59;1,72;1,43;2867;1555;1312;4551;2676;1875;109
2021;01;TT;TODAS CONSOLIDADAS;04;4 ESTRELLAS;CUSCO;080000;9;795;1513;22,98;17,45;1,81;1,67;2,89;4518;3987;531;8184;6648;1536;193
2021;01;TT;TODAS CONSOLIDADAS;04;4 ESTRELLAS;ICA;110000;6;585;1160;46,89;32,51;3,84;3,86;2,85;3047;2967;80;11692;11464;228;150
2021;01;TT;TODAS CONSOLIDADAS;04;4 ESTRELLAS;JUNÍN;120000;1;40;66;57,34;34,75;5,78;5,78;0;123;123;0;711;711;0;19
2021;01;TT;TODAS CONSOLIDADAS;04;4 ESTRELLAS;LA LIBERTAD;130000;3;207;328;43,21;29,95;2,93;3,1;1,49;1039;928;111;3045;2880;165;27
2021;01;TT;TODAS CONSOLIDADAS;04;4 ESTRELLAS;LIMA;150000;48;4281;7862;35,85;25;2,2;2,15;2,68;27666;24908;2758;60928;53548;7380;1752
2021;01;TT;TODAS CONSOLIDADAS;04;4 ESTRELLAS;LORETO;160000;3;103;173;17,79;15,83;1,11;1,07;1,26;767;631;136;849;677;172;33
2021;01;TT;TODAS CONSOLIDADAS;04;4 ESTRELLAS;PIURA;200000;3;296;591;27,13;21,44;2,24;2,22;2,53;1752;1625;127;3928;3607;321;53
2021;01;TT;TODAS CONSOLIDADAS;04;4 ESTRELLAS;PUNO;210000;6;373;707;24,85;15,45;2,5;2,52;2,02;1356;1308;48;3387;3290;97;75
2021;01;TT;TODAS CONSOLIDADAS;04;4 ESTRELLAS;SAN MARTÍN;220000;2;74;146;67,83;68,27;1,71;1,71;2;1803;1759;44;3090;3002;88;60
2021;01;TT;TODAS CONSOLIDADAS;04;4 ESTRELLAS;TACNA;230000;1;150;300;26,04;17,17;2,21;2,21;2;724;707;17;1597;1563;34;21
2021;01;TT;TODAS CONSOLIDADAS;04;4 ESTRELLAS;TUMBES;240000;6;667;1324;37,31;46,79;2,6;2,6;2,76;7385;7300;85;19206;18971;235;481
2021;01;TT;TODAS CONSOLIDADAS;04;4 ESTRELLAS;UCAYALI;250000;5;289;508;28,51;26,42;2,53;2,54;2,35;1646;1530;116;4161;3888;273;75
2021;01;TT;TODAS CONSOLIDADAS;05;5 ESTRELLAS;AREQUIPA;040000;3;241;346;51,51;41,23;2,43;2,27;5,41;1817;1724;93;4422;3919;503;120
2021;01;TT;TODAS CONSOLIDADAS;05;5 ESTRELLAS;CUSCO;080000;10;996;1910;11,69;11,48;2,23;2,32;1,91;3052;2333;719;6795;5422;1373;538
2021;01;TT;TODAS CONSOLIDADAS;05;5 ESTRELLAS;ICA;110000;4;460;1046;74,64;61,9;2,72;2,72;2,71;7392;7052;340;20073;19152;921;400
2021;01;TT;TODAS CONSOLIDADAS;05;5 ESTRELLAS;LA LIBERTAD;130000;1;120;240;47,23;42,49;1,81;1,78;2,33;1748;1648;100;3161;2928;233;55
2021;01;TT;TODAS CONSOLIDADAS;05;5 ESTRELLAS;LIMA;150000;26;4093;7393;44,69;28,86;2,52;2,45;3;26205;22694;3511;66138;55613;10525;2098
2021;01;TT;TODAS CONSOLIDADAS;05;5 ESTRELLAS;LORETO;160000;1;60;122;41,99;39,58;2,18;2,21;2;686;598;88;1497;1321;176;24
2021;01;TT;TODAS CONSOLIDADAS;05;5 ESTRELLAS;PIURA;200000;1;83;168;50,14;42,45;2,39;1,99;4,87;926;799;127;2211;1593;618;47
2021;01;TT;TODAS CONSOLIDADAS;05;5 ESTRELLAS;PUNO;210000;1;123;231;69,55;54,77;1,88;1,88;0;2082;2082;0;3922;3922;0;45
2021;01;TT;TODAS CONSOLIDADAS;05;5 ESTRELLAS;UCAYALI;250000;2;165;306;16,01;12,87;3,16;3,14;3,46;386;358;28;1221;1124;97;16
2021;01;TT;TODAS CONSOLIDADAS;12;ALBERGUE;ÁNCASH;020000;7;70;158;1,66;1,51;1,95;1,95;0;38;38;0;74;74;0;14
2021;01;TT;TODAS CONSOLIDADAS;12;ALBERGUE;AREQUIPA;040000;5;90;217;30,18;28,69;1,56;1,56;1,65;1236;1181;55;1930;1839;91;83
2021;01;TT;TODAS CONSOLIDADAS;12;ALBERGUE;CAJAMARCA;060000;1;11;22;0;0;0;0;0;0;0;0;0;0;0;0
2021;01;TT;TODAS CONSOLIDADAS;12;ALBERGUE;CUSCO;080000;12;187;640;4,83;4,6;1,13;1,1;1,24;807;645;162;912;711;201;52
2021;01;TT;TODAS CONSOLIDADAS;12;ALBERGUE;ICA;110000;2;18;43;27,06;24,08;2,11;2,11;2,5;152;150;2;321;316;5;5
2021;01;TT;TODAS CONSOLIDADAS;12;ALBERGUE;JUNÍN;120000;1;32;104;23,29;16,28;2;2,02;1,33;262;256;6;525;517;8;12
2021;01;TT;TODAS CONSOLIDADAS;12;ALBERGUE;LIMA;150000;5;67;182;44,34;17,74;4,45;4,29;4,59;225;104;121;1001;446;555;16
2021;01;TT;TODAS CONSOLIDADAS;12;ALBERGUE;LORETO;160000;46;630;1352;24,81;18,36;2,55;1,27;10,93;3023;2624;399;7696;3334;4362;172
2021;01;TT;TODAS CONSOLIDADAS;12;ALBERGUE;PASCO;190000;12;211;549;8,36;4,47;1,46;1,47;1,2;520;515;5;761;755;6;46
2021;01;TT;TODAS CONSOLIDADAS;12;ALBERGUE;PUNO;210000;1;13;35;0;0;0;0;0;0;0;0;0;0;0;0
2021;01;TT;TODAS CONSOLIDADAS;12;ALBERGUE;SAN MARTÍN;220000;10;192;452;9,98;8,54;2,23;2,24;1,63;536;528;8;1197;1184;13;32
2021;01;TT;TODAS CONSOLIDADAS;12;ALBERGUE;UCAYALI;250000;3;37;95;4,01;2,99;1,28;1,29;1;69;66;3;88;85;3;14
2021;01;TT;TODAS CONSOLIDADAS;13;ECOLODGE;AREQUIPA;040000;1;13;28;5,71;5,76;1,39;1,39;0;36;36;0;50;50;0;4
2021;01;TT;TODAS CONSOLIDADAS;13;ECOLODGE;SAN MARTÍN;220000;1;12;24;0;0;0;0;0;0;0;0;0;0;0;0
2021;01;TT;TODAS CONSOLIDADAS;TT;TODAS CONSOLIDADAS;AMAZONAS;010000;362;4580;7353;19,49;15,42;1,17;1,17;1,25;32842;32581;261;38404;38068;336;779
2021;01;TT;TODAS CONSOLIDADAS;TT;TODAS CONSOLIDADAS;APURÍMAC;030000;477;4786;7439;13,35;10,06;1,17;1,17;1,21;20728;20586;142;24700;24475;225;535
2021;01;TT;TODAS CONSOLIDADAS;TT;TODAS CONSOLIDADAS;AREQUIPA;040000;1468;17448;30026;20,61;15,68;1,54;1,54;1,65;96728;95509;1219;157576;154899;2677;2887
2021;01;TT;TODAS CONSOLIDADAS;TT;TODAS CONSOLIDADAS;AYACUCHO;050000;557;6067;9871;9,59;7,54;1,59;1,58;1,98;15514;15257;257;26118;25537;581;774
2021;01;TT;TODAS CONSOLIDADAS;TT;TODAS CONSOLIDADAS;CAJAMARCA;060000;854;12800;19954;14,14;11,78;1,34;1,34;1,08;51702;51442;260;70631;70212;419;2167
2021;01;TT;TODAS CONSOLIDADAS;TT;TODAS CONSOLIDADAS;CALLAO;070000;285;4843;8896;31,74;28,72;1,03;1,03;1,08;118209;115578;2632;122849;119439;3411;1182
2021;01;TT;TODAS CONSOLIDADAS;TT;TODAS CONSOLIDADAS;CUSCO;080000;1898;23527;43089;14,62;11,34;1,43;1,41;1,86;102579;95741;6838;151640;138437;13203;4806
2021;01;TT;TODAS CONSOLIDADAS;TT;TODAS CONSOLIDADAS;HUANCAVELICA;090000;182;2214;3475;11,9;10,01;1,13;1,13;1,22;9471;9443;28;10703;10667;36;279
2021;01;TT;TODAS CONSOLIDADAS;TT;TODAS CONSOLIDADAS;HUÁNUCO;100000;553;7821;11880;19,1;17,36;1,15;1,15;1,11;57545;57289;256;67234;66925;309;1172
2021;01;TT;TODAS CONSOLIDADAS;TT;TODAS CONSOLIDADAS;ICA;110000;903;14015;25255;20,33;16,11;1,43;1,44;1,36;90976;88424;2552;156957;152836;4121;2837
2021;01;TT;TODAS CONSOLIDADAS;TT;TODAS CONSOLIDADAS;JUNÍN;120000;1284;15476;25563;13,88;10,46;1,24;1,24;1,28;68113;67827;286;87025;86624;401;2173
2021;01;TT;TODAS CONSOLIDADAS;TT;TODAS CONSOLIDADAS;LA LIBERTAD;130000;1111;13665;23955;21,07;16,61;1,25;1,25;1,19;101149;99738;1411;134789;132647;2142;2074
2021;01;TT;TODAS CONSOLIDADAS;TT;TODAS CONSOLIDADAS;LAMBAYEQUE;140000;653;10261;15212;22,6;16,71;1,09;1,09;1,22;69645;68683;962;77919;76607;1312;1913
2021;01;TT;TODAS CONSOLIDADAS;TT;TODAS CONSOLIDADAS;LIMA;150000;6334;76611;135499;23,76;21,78;1,22;1,22;1,3;2485534;2436938;48596;3058193;2982557;75635;41358
2021;01;TT;TODAS CONSOLIDADAS;TT;TODAS CONSOLIDADAS;LORETO;160000;768;8538;13881;17,17;15,69;1,71;1,57;2,84;39198;35485;3713;69278;57397;11881;1250
2021;01;TT;TODAS CONSOLIDADAS;TT;TODAS CONSOLIDADAS;MADRE DE DIOS;170000;297;4511;7415;22,12;18,82;1,23;1,23;1,68;35159;34609;550;42222;41202;1020;838
2021;01;TT;TODAS CONSOLIDADAS;TT;TODAS CONSOLIDADAS;MOQUEGUA;180000;255;3370;5739;16,22;11,5;1,59;1,55;1,77;14161;13565;596;25504;23550;1954;522
2021;01;TT;TODAS CONSOLIDADAS;TT;TODAS CONSOLIDADAS;PASCO;190000;315;3962;6476;15,43;15,83;1,33;1,33;,92;24940;24930;10;32509;32498;11;607
2021;01;TT;TODAS CONSOLIDADAS;TT;TODAS CONSOLIDADAS;PIURA;200000;1020;12104;21899;29,33;25,27;1,71;1,69;2,21;97760;93400;4360;169243;159182;10061;2346
2021;01;TT;TODAS CONSOLIDADAS;TT;TODAS CONSOLIDADAS;PUNO;210000;789;9205;15990;17,68;14,01;1,2;1,21;1,18;55373;52319;3054;70059;66521;3538;1663
2021;01;TT;TODAS CONSOLIDADAS;TT;TODAS CONSOLIDADAS;SAN MARTÍN;220000;778;10444;16691;25,62;21,07;1,29;1,28;1,47;85006;84378;628;116343;115226;1117;1601
2021;01;TT;TODAS CONSOLIDADAS;TT;TODAS CONSOLIDADAS;TACNA;230000;472;5876;11006;16,77;9,39;1,29;1,3;1,05;25417;25118;299;34435;34079;356;1043
2021;01;TT;TODAS CONSOLIDADAS;TT;TODAS CONSOLIDADAS;TUMBES;240000;237;3426;6790;19,63;17,79;1,66;1,67;1,31;24640;24146;494;47484;46723;761;967
2021;02;00;NO CLASIFICADO;00;NO CATEGORIZADO;AREQUIPA;040000;1118;10050;16801;19,12;13,35;1,73;1,74;1,58;36228;35973;255;62821;62419;402;1240
2021;01;TT;TODAS CONSOLIDADAS;03;3 ESTRELLAS;UCAYALI;250000;17;614;1004;19,51;15,17;2,34;2,34;2,28;2019;1883;136;4721;4411;310;137
2021;01;TT;TODAS CONSOLIDADAS;TT;TODAS CONSOLIDADAS;UCAYALI;250000;470;6144;9698;21,74;19;1,89;1,89;1,99;28814;27987;827;56106;54353;1753;1142
2021;01;TT;TODAS CONSOLIDADAS;04;4 ESTRELLAS;HUÁNUCO;100000;1;52;90;19,48;14,37;1,44;1,44;0;278;278;0;401;401;0;20
2021;01;TT;TODAS CONSOLIDADAS;04;4 ESTRELLAS;LAMBAYEQUE;140000;3;306;516;28,16;27,19;1,34;1,33;1,6;3235;3111;124;4350;4152;198;172
2021;01;TT;TODAS CONSOLIDADAS;04;4 ESTRELLAS;MOQUEGUA;180000;2;123;232;51,51;31,37;2,34;2,27;4,62;966;940;26;2256;2136;120;37
2021;01;TT;TODAS CONSOLIDADAS;12;ALBERGUE;MADRE DE DIOS;170000;6;130;337;6,58;4,61;3,71;3,94;3,34;130;80;50;482;315;167;234
2021;01;TT;TODAS CONSOLIDADAS;TT;TODAS CONSOLIDADAS;ÁNCASH;020000;857;11284;19541;11,89;10,47;1,2;1,2;1,09;68542;68228;314;81212;80776;436;1899
2021;02;00;NO CLASIFICADO;00;NO CATEGORIZADO;AMAZONAS;010000;247;2342;3693;13,52;10,02;1,28;1,28;1,28;8093;7613;480;10361;9747;614;413
2021;02;00;NO CLASIFICADO;00;NO CATEGORIZADO;ÁNCASH;020000;571;5569;9609;4,13;3,54;1,38;1,38;0;6907;6907;0;9526;9526;0;617
2021;02;00;NO CLASIFICADO;00;NO CATEGORIZADO;APURÍMAC;030000;449;4063;6295;10,49;7,86;1,26;1,25;4,36;10992;10964;28;13851;13729;122;431
2021;02;00;NO CLASIFICADO;00;NO CATEGORIZADO;CALLAO;070000;260;3767;6944;25,82;23,7;1,04;1,04;1,1;75639;75297;342;78951;78575;376;958
2021;02;00;NO CLASIFICADO;TT;TODAS CONSOLIDADAS;AMAZONAS;010000;247;2342;3693;13,52;10,02;1,28;1,28;1,28;8093;7613;480;10361;9747;614;413
2021;02;00;NO CLASIFICADO;TT;TODAS CONSOLIDADAS;APURÍMAC;030000;449;4063;6295;10,49;7,86;1,26;1,25;4,36;10992;10964;28;13851;13729;122;431
2021;02;00;NO CLASIFICADO;TT;TODAS CONSOLIDADAS;AREQUIPA;040000;1118;10050;16801;19,12;13,35;1,73;1,74;1,58;36228;35973;255;62821;62419;402;1240
2021;02;00;NO CLASIFICADO;TT;TODAS CONSOLIDADAS;AYACUCHO;050000;524;5236;8376;6,9;4,49;1,15;1,15;0;9122;9122;0;10531;10531;0;594
2021;02;01;HOTEL;01;1 ESTRELLA;AMAZONAS;010000;1;20;35;0;0;0;0;0;0;0;0;0;0;0;0
2021;02;01;HOTEL;01;1 ESTRELLA;ÁNCASH;020000;12;362;565;5,25;4,54;1,19;1,19;0;603;603;0;718;718;0;50
2021;02;01;HOTEL;01;1 ESTRELLA;APURÍMAC;030000;1;41;56;6,01;4,4;1;1;0;69;69;0;69;69;0;5
2021;02;01;HOTEL;01;1 ESTRELLA;AREQUIPA;040000;4;137;197;61,97;38,13;2,52;2,52;0;834;834;0;2103;2103;0;24
2021;02;01;HOTEL;01;1 ESTRELLA;CALLAO;070000;1;37;74;0;0;0;0;0;0;0;0;0;0;0;0
2021;02;01;HOTEL;02;2 ESTRELLAS;AMAZONAS;010000;26;645;1038;17,79;15,45;1,54;1,54;1,06;2920;2903;17;4489;4471;18;101
2021;02;01;HOTEL;02;2 ESTRELLAS;ÁNCASH;020000;39;1069;1979;16,19;12,45;1,35;1,35;1,07;5120;5091;29;6899;6868;31;178
2021;02;01;HOTEL;02;2 ESTRELLAS;APURÍMAC;030000;2;51;91;2,38;1,37;1;1;0;35;35;0;35;35;0;5
2021;02;01;HOTEL;02;2 ESTRELLAS;AREQUIPA;040000;40;1145;2018;19,23;14,8;1,62;1,61;1,98;5179;5135;44;8365;8278;87;181
2021;02;01;HOTEL;02;2 ESTRELLAS;AYACUCHO;050000;7;218;377;28,9;26,45;2,03;2,03;0;1374;1374;0;2792;2792;0;34
2021;02;01;HOTEL;02;2 ESTRELLAS;PUNO;210000;18;441;790;13,71;9,54;1,27;1,28;1,03;1660;1624;36;2111;2074;37;61
2021;02;00;NO CLASIFICADO;00;NO CATEGORIZADO;AYACUCHO;050000;524;5236;8376;6,9;4,49;1,15;1,15;0;9122;9122;0;10531;10531;0;594
2021;02;01;HOTEL;01;1 ESTRELLA;AYACUCHO;050000;8;200;345;4,59;4,18;2,32;2,32;0;174;174;0;404;404;0;35
2021;02;00;NO CLASIFICADO;00;NO CATEGORIZADO;CAJAMARCA;060000;576;5835;9036;12,41;11,64;1,35;1,35;1;21782;21759;23;29460;29437;23;1014
2021;02;01;HOTEL;01;1 ESTRELLA;CAJAMARCA;060000;6;170;284;8,99;6,93;1,23;1,23;1;449;447;2;551;549;2;27
2021;02;01;HOTEL;02;2 ESTRELLAS;CAJAMARCA;060000;36;1622;2148;13,53;11,36;1,24;1,24;1;5504;5495;9;6835;6826;9;162
2021;02;00;NO CLASIFICADO;00;NO CATEGORIZADO;CUSCO;080000;1633;16120;29142;12,12;8,51;1,52;1,51;2,53;45568;44984;584;69400;67923;1477;2835
2021;02;00;NO CLASIFICADO;TT;TODAS CONSOLIDADAS;CUSCO;080000;1633;16120;29142;12,12;8,51;1,52;1,51;2,53;45568;44984;584;69400;67923;1477;2835
2021;02;01;HOTEL;01;1 ESTRELLA;CUSCO;080000;5;127;225;4,98;4,3;1,36;1,36;0;200;200;0;271;271;0;20
2021;02;01;HOTEL;02;2 ESTRELLAS;CUSCO;080000;41;1012;1763;5,6;5,13;1,5;1,49;2,28;1686;1668;18;2532;2491;41;230
2021;02;00;NO CLASIFICADO;00;NO CATEGORIZADO;HUANCAVELICA;090000;169;1909;2994;9,85;7,7;1,07;1,07;2,5;6016;6014;2;6452;6447;5;231
2021;02;00;NO CLASIFICADO;00;NO CATEGORIZADO;HUÁNUCO;100000;448;5175;7641;16,67;14,21;1,13;1,13;1,32;26792;26745;47;30392;30330;62;678
2021;02;00;NO CLASIFICADO;TT;TODAS CONSOLIDADAS;HUÁNUCO;100000;448;5175;7641;16,67;14,21;1,13;1,13;1,32;26792;26745;47;30392;30330;62;678
2021;02;01;HOTEL;01;1 ESTRELLA;HUÁNUCO;100000;8;239;353;9,74;10,74;1;1;0;1062;1062;0;1062;1062;0;38
2021;02;01;HOTEL;02;2 ESTRELLAS;HUÁNUCO;100000;38;1173;1843;12,4;9,91;1,15;1,15;1;4429;4421;8;5113;5105;8;182
2021;02;00;NO CLASIFICADO;00;NO CATEGORIZADO;ICA;110000;675;7731;13359;12,77;9,72;1,16;1,16;1,22;31396;31106;290;36360;36006;354;1130
2021;02;00;NO CLASIFICADO;TT;TODAS CONSOLIDADAS;ICA;110000;675;7731;13359;12,77;9,72;1,16;1,16;1,22;31396;31106;290;36360;36006;354;1130
2021;02;01;HOTEL;01;1 ESTRELLA;ICA;110000;5;102;130;0;0;0;0;0;0;0;0;0;0;0;0
2021;02;01;HOTEL;02;2 ESTRELLAS;ICA;110000;49;1330;2307;17,25;14,81;2,28;2,29;1,95;4192;4151;41;9569;9489;80;221
2021;02;00;NO CLASIFICADO;00;NO CATEGORIZADO;JUNÍN;120000;1175;12778;20641;13,81;9,49;1,21;1,21;1,8;45204;45117;87;54850;54693;157;2174
2021;02;01;HOTEL;01;1 ESTRELLA;JUNÍN;120000;5;201;376;8,85;5,58;1,39;1,39;0;423;423;0;587;587;0;22
2021;02;01;HOTEL;02;2 ESTRELLAS;JUNÍN;120000;25;767;1344;22,16;14,74;2,53;2,53;1,14;2194;2187;7;5548;5540;8;120
2021;02;00;NO CLASIFICADO;00;NO CATEGORIZADO;LA LIBERTAD;130000;770;6659;11135;21,05;17,18;1,14;1,14;1,24;46843;46624;219;53563;53292;271;737
2021;02;01;HOTEL;01;1 ESTRELLA;LA LIBERTAD;130000;2;46;88;0;0;0;0;0;0;0;0;0;0;0;0
2021;02;01;HOTEL;02;2 ESTRELLAS;LA LIBERTAD;130000;21;589;958;37,67;36,43;1,68;1,68;2,08;5819;5779;40;9771;9688;83;102
2021;02;00;NO CLASIFICADO;00;NO CATEGORIZADO;LAMBAYEQUE;140000;338;3689;5336;31,02;21,48;1,04;1,03;1,16;31005;30365;640;32096;31353;743;647
2021;02;00;NO CLASIFICADO;TT;TODAS CONSOLIDADAS;LAMBAYEQUE;140000;338;3689;5336;31,02;21,48;1,04;1,03;1,16;31005;30365;640;32096;31353;743;647
2021;02;00;NO CLASIFICADO;00;NO CATEGORIZADO;LIMA;150000;5761;50519;87471;16,97;15,75;1,16;1,15;1,39;1529964;1508453;21511;1771972;1742145;29827;33730
2021;02;01;HOTEL;01;1 ESTRELLA;LIMA;150000;10;526;867;41,17;27,14;1,01;1,01;1;7600;7585;15;7658;7643;15;110
2021;02;00;NO CLASIFICADO;00;NO CATEGORIZADO;LORETO;160000;659;6365;9947;8,77;7,92;1,2;1,21;1,19;18300;18027;273;22050;21725;325;749
2021;02;00;NO CLASIFICADO;TT;TODAS CONSOLIDADAS;LORETO;160000;659;6365;9947;8,77;7,92;1,2;1,21;1,19;18300;18027;273;22050;21725;325;749
2021;02;00;NO CLASIFICADO;00;NO CATEGORIZADO;MADRE DE DIOS;170000;267;3634;5838;25,44;21,36;1,16;1,16;1,33;30057;29769;288;34923;34540;383;451
2021;02;00;NO CLASIFICADO;TT;TODAS CONSOLIDADAS;MADRE DE DIOS;170000;267;3634;5838;25,44;21,36;1,16;1,16;1,33;30057;29769;288;34923;34540;383;451
2021;02;01;HOTEL;01;1 ESTRELLA;MADRE DE DIOS;170000;5;177;277;18,2;15,55;1,08;1,08;1,58;1115;1103;12;1206;1187;19;30
2021;02;01;HOTEL;02;2 ESTRELLAS;MADRE DE DIOS;170000;6;174;299;35,49;25;1,3;1,29;2,55;1609;1589;20;2093;2042;51;24
2021;02;00;NO CLASIFICADO;00;NO CATEGORIZADO;MOQUEGUA;180000;161;1539;2602;8,94;6,4;1,34;1,34;1,35;3489;3458;31;4660;4618;42;199
2021;02;01;HOTEL;01;1 ESTRELLA;MOQUEGUA;180000;1;21;42;40,99;21,34;3,69;3,69;0;68;68;0;251;251;0;4
2021;02;01;HOTEL;02;2 ESTRELLAS;MOQUEGUA;180000;16;465;798;20,04;13,87;2,34;1,91;3,79;1326;1023;303;3099;1950;1149;70
2021;02;00;NO CLASIFICADO;00;NO CATEGORIZADO;PASCO;190000;251;2777;4299;13,96;12,6;1,11;1,11;0;13608;13608;0;15169;15169;0;393
2021;02;01;HOTEL;01;1 ESTRELLA;PASCO;190000;6;168;272;23,24;16,79;1,09;1,09;0;1176;1176;0;1279;1279;0;31
2021;02;01;HOTEL;02;2 ESTRELLAS;PASCO;190000;4;123;196;28,31;15,38;1,27;1,27;0;666;666;0;844;844;0;20
2021;02;00;NO CLASIFICADO;00;NO CATEGORIZADO;PIURA;200000;946;9955;18175;29,66;23,8;1,58;1,54;2,03;76851;71764;5087;121098;110796;10302;1872
2021;02;01;HOTEL;01;1 ESTRELLA;PIURA;200000;2;40;87;0;0;0;0;0;0;0;0;0;0;0;0
2021;02;01;HOTEL;02;2 ESTRELLAS;PIURA;200000;20;494;830;18,76;16,31;2,14;2,14;2;1771;1762;9;3791;3773;18;90
2021;02;00;NO CLASIFICADO;00;NO CATEGORIZADO;PUNO;210000;674;6415;10928;16,43;13,78;1,2;1,21;1,09;35075;33087;1988;42156;39981;2175;1113
2021;02;00;NO CLASIFICADO;TT;TODAS CONSOLIDADAS;PUNO;210000;674;6415;10928;16,43;13,78;1,2;1,21;1,09;35075;33087;1988;42156;39981;2175;1113
2021;02;01;HOTEL;01;1 ESTRELLA;PUNO;210000;5;135;233;23,65;23,59;1,62;1,62;1;951;947;4;1539;1535;4;17
2021;02;00;NO CLASIFICADO;00;NO CATEGORIZADO;SAN MARTÍN;220000;681;8041;12472;21,75;17,7;1,25;1,25;1,21;49582;49154;428;61819;61301;518;1063
2021;02;01;HOTEL;01;1 ESTRELLA;SAN MARTÍN;220000;6;124;208;73,73;38,74;1,53;1,53;0;1478;1478;0;2256;2256;0;22
2021;02;00;NO CLASIFICADO;00;NO CATEGORIZADO;TACNA;230000;392;3763;6805;16,12;10,15;1,2;1,2;1;16178;15708;470;19341;18869;472;658
2021;02;00;NO CLASIFICADO;TT;TODAS CONSOLIDADAS;TACNA;230000;392;3763;6805;16,12;10,15;1,2;1,2;1;16178;15708;470;19341;18869;472;658
2021;02;01;HOTEL;01;1 ESTRELLA;TACNA;230000;2;57;112;1,75;1,15;1,09;1,09;0;33;33;0;36;36;0;5
2021;02;00;NO CLASIFICADO;00;NO CATEGORIZADO;TUMBES;240000;203;2153;4229;26,41;26,01;2,49;2,53;1,28;12380;12000;380;30797;30311;486;351
2021;02;00;NO CLASIFICADO;00;NO CATEGORIZADO;UCAYALI;250000;438;4916;7585;21,48;17,24;2,22;2,23;1,77;16461;16175;286;36613;36107;506;886
2021;02;00;NO CLASIFICADO;TT;TODAS CONSOLIDADAS;ÁNCASH;020000;571;5569;9609;4,13;3,54;1,38;1,38;0;6907;6907;0;9526;9526;0;617
2021;02;00;NO CLASIFICADO;TT;TODAS CONSOLIDADAS;CAJAMARCA;060000;576;5835;9036;12,41;11,64;1,35;1,35;1;21782;21759;23;29460;29437;23;1014
2021;02;00;NO CLASIFICADO;TT;TODAS CONSOLIDADAS;CALLAO;070000;260;3767;6944;25,82;23,7;1,04;1,04;1,1;75639;75297;342;78951;78575;376;958
2021;02;00;NO CLASIFICADO;TT;TODAS CONSOLIDADAS;HUANCAVELICA;090000;169;1909;2994;9,85;7,7;1,07;1,07;2,5;6016;6014;2;6452;6447;5;231
2021;02;01;HOTEL;02;2 ESTRELLAS;HUANCAVELICA;090000;1;22;45;0;0;0;0;0;0;0;0;0;0;0;0
2021;02;00;NO CLASIFICADO;TT;TODAS CONSOLIDADAS;JUNÍN;120000;1175;12778;20641;13,81;9,49;1,21;1,21;1,8;45204;45117;87;54850;54693;157;2174
2021;02;00;NO CLASIFICADO;TT;TODAS CONSOLIDADAS;LA LIBERTAD;130000;770;6659;11135;21,05;17,18;1,14;1,14;1,24;46843;46624;219;53563;53292;271;737
2021;02;00;NO CLASIFICADO;TT;TODAS CONSOLIDADAS;LIMA;150000;5761;50519;87471;16,97;15,75;1,16;1,15;1,39;1529964;1508453;21511;1771972;1742145;29827;33730
2021;02;01;HOTEL;02;2 ESTRELLAS;LIMA;150000;108;4525;8174;18,12;16,03;1,38;1,38;1,38;30478;30010;468;41974;41326;648;782
2021;02;00;NO CLASIFICADO;TT;TODAS CONSOLIDADAS;MOQUEGUA;180000;161;1539;2602;8,94;6,4;1,34;1,34;1,35;3489;3458;31;4660;4618;42;199
2021;02;00;NO CLASIFICADO;TT;TODAS CONSOLIDADAS;PASCO;190000;251;2777;4299;13,96;12,6;1,11;1,11;0;13608;13608;0;15169;15169;0;393
2021;02;00;NO CLASIFICADO;TT;TODAS CONSOLIDADAS;PIURA;200000;946;9955;18175;29,66;23,8;1,58;1,54;2,03;76851;71764;5087;121098;110796;10302;1872
2021;02;00;NO CLASIFICADO;TT;TODAS CONSOLIDADAS;SAN MARTÍN;220000;681;8041;12472;21,75;17,7;1,25;1,25;1,21;49582;49154;428;61819;61301;518;1063
2021;02;00;NO CLASIFICADO;TT;TODAS CONSOLIDADAS;TUMBES;240000;203;2153;4229;26,41;26,01;2,49;2,53;1,28;12380;12000;380;30797;30311;486;351
2021;02;00;NO CLASIFICADO;TT;TODAS CONSOLIDADAS;UCAYALI;250000;438;4916;7585;21,48;17,24;2,22;2,23;1,77;16461;16175;286;36613;36107;506;886
2021;02;01;HOTEL;01;1 ESTRELLA;LAMBAYEQUE;140000;3;103;149;0;0;0;0;0;0;0;0;0;0;0;0
2021;02;01;HOTEL;02;2 ESTRELLAS;LAMBAYEQUE;140000;71;2000;3052;16,87;13,01;1,13;1,13;1,4;9805;9737;68;11117;11022;95;301
2021;02;01;HOTEL;02;2 ESTRELLAS;LORETO;160000;15;379;614;6,63;6,31;2,08;2,06;2,38;520;475;45;1084;977;107;60
2021;02;01;HOTEL;02;2 ESTRELLAS;SAN MARTÍN;220000;28;783;1305;29,37;24,11;1,78;1,77;1,82;4961;4822;139;8810;8557;253;136
2021;02;01;HOTEL;02;2 ESTRELLAS;TACNA;230000;29;850;1706;8,75;7,75;2,21;2,21;2,25;1673;1620;53;3700;3581;119;150
2021;02;01;HOTEL;02;2 ESTRELLAS;UCAYALI;250000;2;48;65;0;0;0;0;0;0;0;0;0;0;0;0
2021;02;01;HOTEL;03;3 ESTRELLAS;AMAZONAS;010000;12;272;453;22,15;17,14;1,62;1,62;1,69;1341;1328;13;2174;2152;22;57
2021;02;01;HOTEL;03;3 ESTRELLAS;ÁNCASH;020000;37;1301;2285;17,07;12,5;1,36;1,34;2,62;5901;5851;50;8000;7869;131;259
2021;02;01;HOTEL;03;3 ESTRELLAS;APURÍMAC;030000;3;98;172;31,41;20,85;2,13;2,14;1,88;472;456;16;1004;974;30;20
2021;02;01;HOTEL;03;3 ESTRELLAS;AREQUIPA;040000;62;1827;3400;31,03;19,77;3,37;3,31;6,86;5592;5511;81;18819;18263;556;496
2021;02;01;HOTEL;03;3 ESTRELLAS;AYACUCHO;050000;7;239;451;21,29;12,08;5,65;5,16;12,88;270;253;17;1525;1306;219;80
2021;02;01;HOTEL;03;3 ESTRELLAS;CAJAMARCA;060000;59;1843;3099;17,75;12,06;1,94;1,94;0;5391;5391;0;10466;10466;0;376
2021;02;01;HOTEL;03;3 ESTRELLAS;CALLAO;070000;4;233;436;18,41;13,97;1,55;1,54;1,74;1098;1026;72;1706;1581;125;39
2021;02;01;HOTEL;03;3 ESTRELLAS;CUSCO;080000;55;2070;3882;14,21;8,76;1,89;1,84;2,57;5037;4708;329;9526;8682;844;420
2021;02;01;HOTEL;03;3 ESTRELLAS;HUANCAVELICA;090000;2;65;108;9,18;7,77;1,79;1,8;1,75;131;127;4;235;228;7;18
2021;02;01;HOTEL;03;3 ESTRELLAS;HUÁNUCO;100000;12;501;902;14,38;14,09;1,59;1,58;2,29;2238;2214;24;3558;3503;55;108
2021;02;01;HOTEL;03;3 ESTRELLAS;ICA;110000;47;1733;3580;24,02;18,65;3,4;3,43;2,48;5491;5318;173;18691;18262;429;387
2021;02;01;HOTEL;03;3 ESTRELLAS;JUNÍN;120000;19;728;1362;13,34;7,57;2,03;2,04;1,46;1420;1407;13;2887;2868;19;165
2021;02;01;HOTEL;03;3 ESTRELLAS;LA LIBERTAD;130000;83;2343;4481;22,33;15,37;1,78;1,76;2,16;10851;10450;401;19287;18419;868;519
2021;02;01;HOTEL;03;3 ESTRELLAS;LAMBAYEQUE;140000;36;1226;2065;13,94;10,79;1,69;1,66;3,15;3690;3609;81;6239;5984;255;232
2021;02;01;HOTEL;03;3 ESTRELLAS;LIMA;150000;138;6972;12977;21,01;15,97;2,1;2,04;3,06;27697;26298;1399;58032;53754;4278;1374
2021;02;01;HOTEL;03;3 ESTRELLAS;LORETO;160000;19;603;1039;22,72;14,82;3,88;3,94;2,77;1112;1051;61;4310;4141;169;123
2021;02;01;HOTEL;03;3 ESTRELLAS;MADRE DE DIOS;170000;5;188;341;17,72;14,31;1,88;1,87;1,97;727;694;33;1366;1301;65;51
2021;02;01;HOTEL;03;3 ESTRELLAS;MOQUEGUA;180000;10;322;585;53,77;30,53;2,31;2,3;2,77;2166;2136;30;5001;4918;83;63
2021;02;01;HOTEL;03;3 ESTRELLAS;PASCO;190000;4;119;237;36,55;23,12;1,23;1,23;0;1249;1249;0;1534;1534;0;18
2021;02;01;HOTEL;03;3 ESTRELLAS;PIURA;200000;16;614;1095;21,88;18,55;1,96;1,94;2,6;2900;2817;83;5688;5472;216;156
2021;02;01;HOTEL;03;3 ESTRELLAS;PUNO;210000;17;614;1096;18,6;12,09;2,43;2,4;3,83;1525;1490;35;3710;3576;134;136
2021;02;01;HOTEL;03;3 ESTRELLAS;SAN MARTÍN;220000;22;838;1398;30,84;25,78;3,36;3,31;4,97;3003;2905;98;10092;9605;487;157
2021;02;01;HOTEL;03;3 ESTRELLAS;TACNA;230000;12;430;905;35,86;18,12;2,6;2,6;1;1766;1765;1;4592;4591;1;107
2021;02;01;HOTEL;03;3 ESTRELLAS;UCAYALI;250000;15;569;933;16,72;12,49;2,58;2,53;2,99;1265;1117;148;3263;2821;442;128
2021;02;01;HOTEL;04;4 ESTRELLAS;AREQUIPA;040000;9;420;802;40,13;22,68;2,92;2,9;7,29;1747;1740;7;5094;5043;51;125
2021;02;01;HOTEL;04;4 ESTRELLAS;CAJAMARCA;060000;3;173;311;35,98;22,73;1,98;1,98;2;1001;982;19;1979;1941;38;78
2021;02;01;HOTEL;04;4 ESTRELLAS;CALLAO;070000;2;371;599;25,37;29,67;2,08;2,43;1,38;2393;1592;801;4977;3875;1102;109
2021;02;01;HOTEL;04;4 ESTRELLAS;CUSCO;080000;8;672;1276;21,55;12,32;1,49;1,26;3,68;2952;2674;278;4403;3379;1024;171
2021;02;01;HOTEL;04;4 ESTRELLAS;HUÁNUCO;100000;1;52;90;13,8;9,88;2,49;2,49;0;100;100;0;249;249;0;20
2021;02;01;HOTEL;04;4 ESTRELLAS;ICA;110000;6;583;1156;41,86;28,6;7,48;7,59;4;1238;1200;38;9258;9106;152;149
2021;02;01;HOTEL;04;4 ESTRELLAS;JUNÍN;120000;1;40;66;36,7;22,24;3,09;3,09;0;133;133;0;411;411;0;19
2021;02;01;HOTEL;04;4 ESTRELLAS;LA LIBERTAD;130000;3;207;328;50,71;33,29;3,13;3,2;1,54;976;937;39;3057;2997;60;27
2021;02;01;HOTEL;04;4 ESTRELLAS;LAMBAYEQUE;140000;3;242;412;26,89;25,75;1,42;1,41;1,45;2099;1989;110;2971;2811;160;172
2021;02;01;HOTEL;04;4 ESTRELLAS;LIMA;150000;38;3527;6304;25,51;17,16;2,45;2,43;2,59;12386;11000;1386;30296;26707;3589;1238
2021;02;01;HOTEL;04;4 ESTRELLAS;LORETO;160000;2;90;150;8,1;9,24;1,16;1,16;1,18;335;324;11;388;375;13;25
2021;02;01;HOTEL;04;4 ESTRELLAS;MOQUEGUA;180000;2;123;229;56,45;32;2,65;2,63;4,55;773;762;11;2052;2002;50;37
2021;02;01;HOTEL;04;4 ESTRELLAS;PIURA;200000;3;296;591;21,03;15,03;2,25;2,21;2,76;1107;1040;67;2487;2302;185;47
2021;02;01;HOTEL;04;4 ESTRELLAS;PUNO;210000;6;373;707;31,37;17,04;3,29;3,29;3,33;1024;1021;3;3373;3363;10;75
2021;02;01;HOTEL;04;4 ESTRELLAS;SAN MARTÍN;220000;1;50;108;56,57;52,38;1,61;1,61;2,08;981;968;13;1584;1557;27;48
2021;02;01;HOTEL;04;4 ESTRELLAS;TACNA;230000;1;150;300;28,81;17,17;1,97;1,97;2;733;731;2;1442;1438;4;21
2021;02;01;HOTEL;04;4 ESTRELLAS;UCAYALI;250000;5;289;510;23,28;18,57;2,47;2,42;3,12;1074;998;76;2652;2415;237;75
2021;02;01;HOTEL;05;5 ESTRELLAS;AREQUIPA;040000;3;241;346;58,02;42,1;2,38;2,24;11,68;1717;1692;25;4079;3787;292;120
2021;02;01;HOTEL;05;5 ESTRELLAS;CUSCO;080000;7;763;1501;4,98;4,68;1,93;1,87;2,51;1019;927;92;1967;1736;231;376
2021;02;01;HOTEL;05;5 ESTRELLAS;ICA;110000;3;345;796;45,68;30,93;4,01;3,98;5,18;1721;1682;39;6893;6691;202;314
2021;02;01;HOTEL;05;5 ESTRELLAS;LA LIBERTAD;130000;1;120;240;47,29;37,93;1,77;1,63;3,51;1442;1336;106;2549;2177;372;55
2021;02;01;HOTEL;05;5 ESTRELLAS;LIMA;150000;20;3694;6719;47,45;28,4;2,65;2,51;3,57;20166;17456;2710;53429;43749;9680;1951
2021;02;01;HOTEL;05;5 ESTRELLAS;LORETO;160000;1;60;122;50,54;32,08;2,96;3,07;2,52;370;295;75;1096;907;189;24
2021;02;01;HOTEL;05;5 ESTRELLAS;PIURA;200000;1;83;168;47,42;36,78;2,26;1,9;6,35;764;701;63;1730;1330;400;47
2021;02;01;HOTEL;05;5 ESTRELLAS;PUNO;210000;1;123;231;35,28;34,43;2,26;2,26;0;985;985;0;2227;2227;0;45
2021;02;01;HOTEL;05;5 ESTRELLAS;UCAYALI;250000;2;165;306;13,48;10,17;3,01;2,95;3,7;289;266;23;871;786;85;28
2021;02;01;HOTEL;TT;TODAS CONSOLIDADAS;AMAZONAS;010000;39;937;1526;18,67;15,59;1,56;1,57;1,33;4261;4231;30;6663;6623;40;158
2021;02;01;HOTEL;TT;TODAS CONSOLIDADAS;ÁNCASH;020000;88;2732;4829;15,16;11,55;1,34;1,34;2,05;11624;11545;79;15617;15455;162;487
2021;02;01;HOTEL;TT;TODAS CONSOLIDADAS;APURÍMAC;030000;6;190;319;18,14;12,4;1,92;1,93;1,88;576;560;16;1108;1078;30;30
2021;02;01;HOTEL;TT;TODAS CONSOLIDADAS;AREQUIPA;040000;118;3770;6763;31,31;20,31;2,55;2,51;6,28;15069;14912;157;38460;37474;986;946
2021;02;01;HOTEL;TT;TODAS CONSOLIDADAS;AYACUCHO;050000;22;657;1173;18,73;14,37;2,6;2,5;12,88;1818;1801;17;4721;4502;219;149
2021;02;01;HOTEL;TT;TODAS CONSOLIDADAS;CAJAMARCA;060000;104;3808;5842;16,39;12,12;1,61;1,61;1,63;12345;12315;30;19831;19782;49;643
2021;02;01;HOTEL;TT;TODAS CONSOLIDADAS;CUSCO;080000;116;4644;8647;11,63;7,72;1,72;1,63;2,98;10894;10177;717;18699;16559;2140;1217
2021;02;01;HOTEL;TT;TODAS CONSOLIDADAS;HUANCAVELICA;090000;3;87;153;6,86;5,49;1,79;1,8;1,75;131;127;4;235;228;7;18
2021;02;01;HOTEL;TT;TODAS CONSOLIDADAS;HUÁNUCO;100000;59;1965;3188;12,62;11,18;1,28;1,27;1,97;7829;7797;32;9982;9919;63;348
2021;02;01;HOTEL;TT;TODAS CONSOLIDADAS;ICA;110000;110;4093;7969;25,59;19,9;3,51;3,53;2,97;12642;12351;291;44411;43548;863;1071
2021;02;01;HOTEL;TT;TODAS CONSOLIDADAS;JUNÍN;120000;50;1736;3148;17,26;10,7;2,26;2,27;1,35;4170;4150;20;9433;9406;27;326
2021;02;01;HOTEL;TT;TODAS CONSOLIDADAS;LA LIBERTAD;130000;110;3305;6095;27,43;20,31;1,82;1,8;2,36;19088;18502;586;34664;33281;1383;703
2021;02;01;HOTEL;TT;TODAS CONSOLIDADAS;LAMBAYEQUE;140000;113;3571;5678;16,06;12,79;1,3;1,29;1,97;15594;15335;259;20327;19817;510;705
2021;02;01;HOTEL;TT;TODAS CONSOLIDADAS;LIMA;150000;314;19244;35041;27,87;19,13;2,14;2,06;3,13;97389;90089;7300;208021;185178;22843;6322
2021;02;01;HOTEL;TT;TODAS CONSOLIDADAS;LORETO;160000;37;1132;1925;17,65;12,76;2,94;2,98;2,49;2337;2145;192;6878;6400;478;232
2021;02;01;HOTEL;TT;TODAS CONSOLIDADAS;MADRE DE DIOS;170000;16;539;917;23,62;18,17;1,35;1,34;2,08;3451;3386;65;4665;4530;135;105
2021;02;01;HOTEL;TT;TODAS CONSOLIDADAS;MOQUEGUA;180000;29;931;1654;36,99;22,46;2,4;2,29;3,73;4333;3989;344;10403;9121;1282;174
2021;02;01;HOTEL;TT;TODAS CONSOLIDADAS;PASCO;190000;14;410;705;28,62;18,53;1,18;1,18;0;3091;3091;0;3657;3657;0;69
2021;02;01;HOTEL;TT;TODAS CONSOLIDADAS;PIURA;200000;42;1527;2771;21,52;17,65;2,09;2,04;3,69;6542;6320;222;13696;12877;819;340
2021;02;01;HOTEL;TT;TODAS CONSOLIDADAS;PUNO;210000;47;1686;3057;21,77;15,14;2,11;2,11;2,37;6145;6067;78;12960;12775;185;334
2021;02;01;HOTEL;TT;TODAS CONSOLIDADAS;SAN MARTÍN;220000;57;1795;3019;33,88;26,9;2,18;2,16;3,07;10423;10173;250;22742;21975;767;363
2021;02;01;HOTEL;TT;TODAS CONSOLIDADAS;TACNA;230000;44;1487;3023;18,35;11,54;2,32;2,32;2,21;4205;4149;56;9770;9646;124;283
2021;02;01;HOTEL;TT;TODAS CONSOLIDADAS;TUMBES;240000;20;707;1395;6,67;7,37;1,82;1,79;3,05;1580;1536;44;2878;2744;134;158
2021;02;01;HOTEL;TT;TODAS CONSOLIDADAS;UCAYALI;250000;24;1071;1814;17,24;13,36;2,58;2,53;3,09;2628;2381;247;6786;6022;764;231
2021;02;02;APART HOTEL;03;3 ESTRELLAS;ÁNCASH;020000;2;16;44;32,14;32,14;9;9;0;44;44;0;396;396;0;4
2021;02;02;APART HOTEL;03;3 ESTRELLAS;APURÍMAC;030000;1;23;31;11,8;8,99;1,73;1,66;2,5;45;41;4;78;68;10;7
2021;02;02;APART HOTEL;03;3 ESTRELLAS;AREQUIPA;040000;1;18;36;9,52;8,04;2,45;2,45;0;33;33;0;81;81;0;2
2021;02;02;APART HOTEL;03;3 ESTRELLAS;CAJAMARCA;060000;1;7;12;0;0;0;0;0;0;0;0;0;0;0;0
2021;02;02;APART HOTEL;03;3 ESTRELLAS;ICA;110000;1;10;10;1,43;2,86;1;1;0;8;8;0;8;8;0;3
2021;02;02;APART HOTEL;03;3 ESTRELLAS;LA LIBERTAD;130000;1;11;24;0;0;0;0;0;0;0;0;0;0;0;0
2021;02;02;APART HOTEL;03;3 ESTRELLAS;LIMA;150000;8;206;389;19,04;14,89;5,79;5,02;8,06;280;209;71;1622;1050;572;44
2021;02;02;APART HOTEL;03;3 ESTRELLAS;LORETO;160000;1;20;36;8,93;6,05;1,27;1,27;0;48;48;0;61;61;0;12
2021;02;02;APART HOTEL;03;3 ESTRELLAS;PASCO;190000;1;9;16;15,48;15,4;1,1;1,1;0;63;63;0;69;69;0;4
2021;02;02;APART HOTEL;03;3 ESTRELLAS;TUMBES;240000;2;18;50;63,69;43,14;2,66;2,66;0;227;227;0;604;604;0;15
2021;02;02;APART HOTEL;04;4 ESTRELLAS;AREQUIPA;040000;1;19;32;5,83;9,04;2,19;2,26;1;37;35;2;81;79;2;5
2021;02;02;APART HOTEL;04;4 ESTRELLAS;LIMA;150000;10;699;1442;51,13;31,98;2,46;2,35;4,02;5250;4894;356;12912;11480;1432;452
2021;02;02;APART HOTEL;04;4 ESTRELLAS;LORETO;160000;1;13;23;27,2;20,96;1,36;1,27;1,38;99;15;84;135;19;116;6
2021;02;02;APART HOTEL;04;4 ESTRELLAS;SAN MARTÍN;220000;1;24;38;38,24;51,6;2;1,94;3,75;275;267;8;549;519;30;12
2021;02;02;APART HOTEL;05;5 ESTRELLAS;LIMA;150000;6;399;674;29,18;25,41;2,41;2,25;5,03;1988;1869;119;4796;4198;598;145
2021;02;02;APART HOTEL;TT;TODAS CONSOLIDADAS;ÁNCASH;020000;2;16;44;32,14;32,14;9;9;0;44;44;0;396;396;0;4
2021;02;02;APART HOTEL;TT;TODAS CONSOLIDADAS;APURÍMAC;030000;1;23;31;11,8;8,99;1,73;1,66;2,5;45;41;4;78;68;10;7
2021;02;02;APART HOTEL;TT;TODAS CONSOLIDADAS;AREQUIPA;040000;2;37;68;7,63;8,51;2,31;2,35;1;70;68;2;162;160;2;7
2021;02;02;APART HOTEL;TT;TODAS CONSOLIDADAS;ICA;110000;1;10;10;1,43;2,86;1;1;0;8;8;0;8;8;0;3
2021;02;02;APART HOTEL;TT;TODAS CONSOLIDADAS;LA LIBERTAD;130000;1;11;24;0;0;0;0;0;0;0;0;0;0;0;0
2021;02;02;APART HOTEL;TT;TODAS CONSOLIDADAS;LIMA;150000;24;1304;2505;39,34;27,56;2,57;2,4;4,77;7518;6972;546;19330;16728;2602;641
2021;02;02;APART HOTEL;TT;TODAS CONSOLIDADAS;LORETO;160000;2;33;59;16,13;11,86;1,33;1,27;1,38;147;63;84;196;80;116;18
2021;02;02;APART HOTEL;TT;TODAS CONSOLIDADAS;PASCO;190000;1;9;16;15,48;15,4;1,1;1,1;0;63;63;0;69;69;0;4
2021;02;02;APART HOTEL;TT;TODAS CONSOLIDADAS;SAN MARTÍN;220000;1;24;38;38,24;51,6;2;1,94;3,75;275;267;8;549;519;30;12
2021;02;02;APART HOTEL;TT;TODAS CONSOLIDADAS;TUMBES;240000;2;18;50;63,69;43,14;2,66;2,66;0;227;227;0;604;604;0;15
2021;02;03;HOSTAL;01;1 ESTRELLA;AMAZONAS;010000;14;208;312;37,67;31,87;1,01;1,01;0;2768;2768;0;2784;2784;0;34
2021;02;03;HOSTAL;01;1 ESTRELLA;ÁNCASH;020000;42;575;925;21,61;21,12;1,14;1,14;0;4814;4814;0;5471;5471;0;93
2021;02;03;HOSTAL;01;1 ESTRELLA;APURÍMAC;030000;1;10;20;0;0;0;0;0;0;0;0;0;0;0;0
2021;02;03;HOSTAL;01;1 ESTRELLA;AREQUIPA;040000;52;761;1174;24,37;19,53;1,48;1,48;0;4335;4335;0;6420;6420;0;122
2021;02;03;HOSTAL;01;1 ESTRELLA;AYACUCHO;050000;4;91;161;9,5;8,05;1,46;1,47;1;248;245;3;363;360;3;18
2021;02;03;HOSTAL;01;1 ESTRELLA;CAJAMARCA;060000;23;398;663;1,01;1,01;1;1;0;188;188;0;188;188;0;70
2021;02;03;HOSTAL;01;1 ESTRELLA;CALLAO;070000;11;204;408;31;31,36;1;1;1;3768;3737;30;3768;3737;30;37
2021;02;03;HOSTAL;01;1 ESTRELLA;CUSCO;080000;22;391;644;15,62;13,69;1,1;1,1;1,5;2248;2246;2;2468;2465;3;55
2021;02;03;HOSTAL;01;1 ESTRELLA;HUANCAVELICA;090000;2;29;45;41,13;26,67;1,02;1,02;0;331;331;0;336;336;0;5
2021;02;03;HOSTAL;01;1 ESTRELLA;HUÁNUCO;100000;13;206;311;46,06;39,78;1,08;1,08;0;3209;3209;0;3464;3464;0;34
2021;02;03;HOSTAL;01;1 ESTRELLA;ICA;110000;12;166;255;12,24;9,69;1,24;1,24;0;558;558;0;692;692;0;29
2021;02;03;HOSTAL;01;1 ESTRELLA;JUNÍN;120000;11;165;288;16,41;11,89;1,37;1,37;0;702;702;0;959;959;0;29
2021;02;03;HOSTAL;01;1 ESTRELLA;LA LIBERTAD;130000;34;472;824;34,14;19,53;1,71;1,71;0;2636;2636;0;4505;4505;0;82
2021;02;03;HOSTAL;01;1 ESTRELLA;LAMBAYEQUE;140000;19;251;323;17,7;16,55;1,15;1,16;1;1298;1275;23;1497;1474;23;43
2021;02;03;HOSTAL;01;1 ESTRELLA;LIMA;150000;70;1441;2692;14,16;14,82;1,03;1,03;1,07;12533;12067;466;12886;12390;496;259
2021;02;03;HOSTAL;01;1 ESTRELLA;LORETO;160000;5;75;102;4,43;5,78;6,88;6,88;0;24;24;0;165;165;0;12
2021;02;03;HOSTAL;01;1 ESTRELLA;MADRE DE DIOS;170000;1;35;61;23,78;25,18;2;2;2;215;213;2;430;426;4;3
2021;02;03;HOSTAL;01;1 ESTRELLA;MOQUEGUA;180000;14;191;346;14,32;11,02;1,22;1,22;0;873;873;0;1068;1068;0;33
2021;02;03;HOSTAL;01;1 ESTRELLA;PASCO;190000;16;282;410;49,37;27,22;1;1;0;3114;3114;0;3125;3125;0;46
2021;02;03;HOSTAL;01;1 ESTRELLA;PIURA;200000;2;36;51;14,09;8,89;1,81;1,84;1;70;68;2;127;125;2;8
2021;02;03;HOSTAL;01;1 ESTRELLA;PUNO;210000;18;315;541;15,53;12;1,01;1,01;1;1801;1418;383;1818;1434;384;41
2021;02;03;HOSTAL;01;1 ESTRELLA;SAN MARTÍN;220000;1;20;33;19,82;12,01;2,31;2,31;0;48;48;0;111;111;0;8
2021;02;03;HOSTAL;01;1 ESTRELLA;TACNA;230000;10;182;320;7,12;5,75;1,54;1,54;0;334;334;0;515;515;0;26
2021;02;03;HOSTAL;02;2 ESTRELLAS;AMAZONAS;010000;50;916;1428;25,5;21,05;1;1;1;8376;8370;6;8417;8411;6;147
2021;02;03;HOSTAL;02;2 ESTRELLAS;ÁNCASH;020000;123;2006;3400;23,51;22,66;1,06;1,06;1,06;20359;20327;32;21574;21540;34;338
2021;02;03;HOSTAL;02;2 ESTRELLAS;AREQUIPA;040000;127;2087;3791;21,33;17,21;1,32;1,32;1,33;13799;13700;99;18266;18134;132;359
2021;02;03;HOSTAL;02;2 ESTRELLAS;AYACUCHO;050000;3;34;67;0;0;0;0;0;0;0;0;0;0;0;0
2021;02;03;HOSTAL;02;2 ESTRELLAS;CAJAMARCA;060000;104;2004;3102;12,13;10,82;1,26;1,26;1,19;7432;7416;16;9397;9378;19;313
2021;02;03;HOSTAL;02;2 ESTRELLAS;CALLAO;070000;6;186;358;47,47;47,82;1,01;1,01;1;5297;5180;117;5343;5226;117;39
2021;02;03;HOSTAL;02;2 ESTRELLAS;CUSCO;080000;47;784;1348;10,25;8,5;1,56;1,56;2,1;2052;2031;21;3209;3165;44;126
2021;02;03;HOSTAL;02;2 ESTRELLAS;HUANCAVELICA;090000;2;49;81;12,17;10,93;1,46;1,46;0;170;170;0;248;248;0;6
2021;02;03;HOSTAL;02;2 ESTRELLAS;HUÁNUCO;100000;19;237;371;22,48;19,54;1,02;1,02;0;1992;1992;0;2030;2030;0;49
2021;02;03;HOSTAL;02;2 ESTRELLAS;ICA;110000;58;861;1431;26,16;23,65;2,04;2,04;1,83;4640;4634;6;9475;9464;11;147
2021;02;03;HOSTAL;02;2 ESTRELLAS;JUNÍN;120000;18;316;639;21,19;15,11;1,31;1,31;0;2057;2057;0;2703;2703;0;61
2021;02;03;HOSTAL;02;2 ESTRELLAS;LA LIBERTAD;130000;134;2241;4062;19,03;15,39;1,23;1,23;1,15;14278;14130;148;17507;17337;170;394
2021;02;03;HOSTAL;02;2 ESTRELLAS;LAMBAYEQUE;140000;157;2305;3225;24,43;16,99;1,06;1,06;1,04;14436;14164;272;15345;15062;283;421
2021;02;03;HOSTAL;02;2 ESTRELLAS;LIMA;150000;125;2872;5260;24,33;27,26;1,5;1,47;2,63;40652;39888;763;60830;58826;2004;759
2021;02;03;HOSTAL;02;2 ESTRELLAS;LORETO;160000;5;79;124;5,83;9,3;2,2;2,19;2,31;147;134;13;323;293;30;15
2021;02;03;HOSTAL;02;2 ESTRELLAS;MADRE DE DIOS;170000;5;139;210;27,93;19,37;1,2;1,2;1;952;935;17;1139;1122;17;23
2021;02;03;HOSTAL;02;2 ESTRELLAS;MOQUEGUA;180000;48;623;1033;27,57;20,71;2,75;2,73;3,96;2175;2124;51;5991;5789;202;111
2021;02;03;HOSTAL;02;2 ESTRELLAS;PASCO;190000;9;151;271;21,95;13,78;1,45;1,45;0;720;720;0;1046;1046;0;24
2021;02;03;HOSTAL;02;2 ESTRELLAS;PIURA;200000;28;541;869;21,98;22,56;1,81;1,79;2,32;3027;2885;142;5489;5160;329;109
2021;02;03;HOSTAL;02;2 ESTRELLAS;PUNO;210000;28;448;830;19,75;13,88;1,55;1,55;1,15;2085;2072;13;3225;3210;15;71
2021;02;03;HOSTAL;02;2 ESTRELLAS;SAN MARTÍN;220000;15;241;398;31,88;24,5;1,66;1,66;1,57;1648;1618;30;2730;2683;47;50
2021;02;03;HOSTAL;02;2 ESTRELLAS;TACNA;230000;21;361;675;29,96;16,16;1;1;0;3054;3054;0;3054;3054;0;62
2021;02;03;HOSTAL;02;2 ESTRELLAS;TUMBES;240000;5;65;130;16,76;17,01;1,98;1,98;0;312;312;0;619;619;0;21
2021;02;03;HOSTAL;02;2 ESTRELLAS;UCAYALI;250000;2;70;127;19,85;12,99;1,48;1,48;1,71;312;305;7;462;450;12;13
2021;02;03;HOSTAL;03;3 ESTRELLAS;AMAZONAS;010000;8;147;297;8,48;4,59;1,69;1,68;3;226;225;1;382;379;3;25
2021;02;03;HOSTAL;03;3 ESTRELLAS;ÁNCASH;020000;19;300;525;12,98;8,97;2,98;3;1,4;442;437;5;1318;1311;7;54
2021;02;03;HOSTAL;03;3 ESTRELLAS;APURÍMAC;030000;1;24;43;16,22;9,05;2,18;2,18;0;50;50;0;109;109;0;7
2021;02;03;HOSTAL;03;3 ESTRELLAS;AREQUIPA;040000;33;570;1065;26;16,02;2,42;2,41;4,23;1972;1959;13;4778;4723;55;134
2021;02;03;HOSTAL;03;3 ESTRELLAS;AYACUCHO;050000;2;40;83;24,64;16,48;3,45;3,26;4,37;111;92;19;383;300;83;13
2021;02;03;HOSTAL;03;3 ESTRELLAS;CAJAMARCA;060000;42;694;1158;17,89;13,2;1,55;1,55;1,49;2760;2717;43;4281;4217;64;120
2021;02;03;HOSTAL;03;3 ESTRELLAS;CUSCO;080000;19;341;649;6,01;3,77;1,94;1,94;0;353;353;0;685;685;0;52
2021;02;03;HOSTAL;03;3 ESTRELLAS;HUANCAVELICA;090000;2;20;23;0;0;0;0;0;0;0;0;0;0;0;0
2021;02;03;HOSTAL;03;3 ESTRELLAS;HUÁNUCO;100000;1;14;24;0;0;0;0;0;0;0;0;0;0;0;0
2021;02;03;HOSTAL;03;3 ESTRELLAS;ICA;110000;32;632;1151;13,62;8,43;1,51;1,47;2,17;1798;1695;103;2718;2495;223;144
2021;02;03;HOSTAL;03;3 ESTRELLAS;JUNÍN;120000;2;47;93;27,36;16,01;2,86;2,88;1,67;146;143;3;417;412;5;40
2021;02;03;HOSTAL;03;3 ESTRELLAS;LA LIBERTAD;130000;60;962;1791;30,36;26,91;1,1;1,1;1,08;12285;12152;133;13495;13351;144;171
2021;02;03;HOSTAL;03;3 ESTRELLAS;LAMBAYEQUE;140000;23;337;511;26,03;19,89;1,26;1,26;1,11;2266;2248;18;2846;2826;20;80
2021;02;03;HOSTAL;03;3 ESTRELLAS;LIMA;150000;16;348;701;10,25;9,2;1,18;1,18;1,07;1568;1553;15;1855;1839;16;67
2021;02;03;HOSTAL;03;3 ESTRELLAS;LORETO;160000;8;113;187;14,57;9,32;1,75;1,77;1,27;279;268;11;488;474;14;29
2021;02;03;HOSTAL;03;3 ESTRELLAS;MADRE DE DIOS;170000;1;22;29;7,47;7,51;1,33;1,33;0;46;46;0;61;61;0;2
2021;02;03;HOSTAL;03;3 ESTRELLAS;MOQUEGUA;180000;3;52;85;33,1;20,38;5,99;5,94;7,33;81;78;3;485;463;22;9
2021;02;03;HOSTAL;03;3 ESTRELLAS;PASCO;190000;1;9;18;0;0;0;0;0;0;0;0;0;0;0;0
2021;02;03;HOSTAL;03;3 ESTRELLAS;PIURA;200000;2;37;89;10,52;11,28;1,98;1,95;2,36;142;131;11;281;255;26;12
2021;02;03;HOSTAL;03;3 ESTRELLAS;PUNO;210000;6;140;263;17,53;11,22;1,87;1,88;1,44;441;432;9;826;813;13;31
2021;02;03;HOSTAL;03;3 ESTRELLAS;SAN MARTÍN;220000;6;112;241;16,55;13,83;1,25;1,25;1,08;746;734;12;933;920;13;40
2021;02;03;HOSTAL;03;3 ESTRELLAS;TACNA;230000;5;89;184;18,22;11,32;1,4;1,4;0;416;416;0;583;583;0;15
2021;02;03;HOSTAL;03;3 ESTRELLAS;UCAYALI;250000;1;35;52;2,76;2,13;1,63;1,63;0;19;19;0;31;31;0;3
2021;02;03;HOSTAL;TT;TODAS CONSOLIDADAS;AMAZONAS;010000;72;1271;2037;25,52;20,31;1,02;1,02;1,29;11370;11363;7;11583;11574;9;206
2021;02;03;HOSTAL;TT;TODAS CONSOLIDADAS;ÁNCASH;020000;184;2881;4850;22,03;20,89;1,11;1,11;1,11;25615;25578;37;28363;28322;41;485
2021;02;03;HOSTAL;TT;TODAS CONSOLIDADAS;APURÍMAC;030000;6;157;240;22,34;16,99;1,16;1,16;0;985;985;0;1142;1142;0;28
2021;02;03;HOSTAL;TT;TODAS CONSOLIDADAS;AYACUCHO;050000;9;165;311;11,21;8,57;2,08;1,96;3,91;359;337;22;746;660;86;31
2021;02;03;HOSTAL;TT;TODAS CONSOLIDADAS;CAJAMARCA;060000;169;3096;4923;11,99;10,06;1,34;1,34;1,41;10380;10321;59;13866;13783;83;503
2021;02;03;HOSTAL;TT;TODAS CONSOLIDADAS;CALLAO;070000;17;390;766;38,79;38,94;1;1,01;1;8884;8742;142;8928;8786;142;75
2021;02;03;HOSTAL;TT;TODAS CONSOLIDADAS;CUSCO;080000;88;1516;2641;10,68;8,6;1,37;1,36;2,04;4653;4630;23;6362;6315;47;233
2021;02;03;HOSTAL;TT;TODAS CONSOLIDADAS;HUANCAVELICA;090000;6;98;149;18,26;14;1,17;1,17;0;501;501;0;584;584;0;11
2021;02;03;HOSTAL;TT;TODAS CONSOLIDADAS;HUÁNUCO;100000;33;457;706;32,42;27,79;1,06;1,06;0;5201;5201;0;5494;5494;0;83
2021;02;03;HOSTAL;TT;TODAS CONSOLIDADAS;ICA;110000;102;1659;2837;19,99;16,22;1,84;1,84;2,15;6996;6887;109;12885;12651;234;320
2021;02;03;HOSTAL;TT;TODAS CONSOLIDADAS;JUNÍN;120000;31;528;1020;20,24;14,28;1,4;1,4;1,67;2905;2902;3;4079;4074;5;130
2021;02;03;HOSTAL;TT;TODAS CONSOLIDADAS;LA LIBERTAD;130000;228;3675;6677;23,93;18,99;1,22;1,22;1,12;29199;28918;281;35507;35193;314;647
2021;02;03;HOSTAL;TT;TODAS CONSOLIDADAS;LAMBAYEQUE;140000;199;2893;4059;24,04;17,32;1,09;1,09;1,04;18000;17687;313;19688;19362;326;544
2021;02;03;HOSTAL;TT;TODAS CONSOLIDADAS;LIMA;150000;211;4661;8653;18,59;20,11;1,33;1,32;1,86;46976;45896;1081;62657;60653;2005;1017
2021;02;03;HOSTAL;TT;TODAS CONSOLIDADAS;LORETO;160000;18;267;413;9,14;8,44;2,17;2,19;1,83;450;426;24;976;932;44;56
2021;02;03;HOSTAL;TT;TODAS CONSOLIDADAS;MADRE DE DIOS;170000;7;196;300;24,89;19,4;1,34;1,35;1,11;1213;1194;19;1630;1609;21;28
2021;02;03;HOSTAL;TT;TODAS CONSOLIDADAS;MOQUEGUA;180000;65;866;1464;24,98;18,4;2,41;2,38;4,15;3129;3075;54;7544;7320;224;153
2021;02;03;HOSTAL;TT;TODAS CONSOLIDADAS;PASCO;190000;26;442;699;38,99;21,31;1,09;1,09;0;3834;3834;0;4171;4171;0;70
2021;02;03;HOSTAL;TT;TODAS CONSOLIDADAS;PIURA;200000;32;614;1009;20,83;20,87;1,82;1,8;2,3;3239;3084;155;5897;5540;357;129
2021;02;03;HOSTAL;TT;TODAS CONSOLIDADAS;PUNO;210000;52;903;1634;17,93;12,83;1,36;1,39;1,02;4327;3922;405;5869;5457;412;143
2021;02;03;HOSTAL;TT;TODAS CONSOLIDADAS;SAN MARTÍN;220000;22;373;672;26,63;20,06;1,55;1,55;1,43;2442;2400;42;3774;3714;60;98
2021;02;03;HOSTAL;TT;TODAS CONSOLIDADAS;TACNA;230000;36;632;1179;21,73;12,58;1,09;1,09;0;3804;3804;0;4152;4152;0;103
2021;02;03;HOSTAL;TT;TODAS CONSOLIDADAS;TUMBES;240000;10;148;304;19,62;16,75;1,99;1,99;0;717;717;0;1426;1426;0;36
2021;02;03;HOSTAL;TT;TODAS CONSOLIDADAS;UCAYALI;250000;3;105;179;14,15;9,84;1,49;1,48;1,71;331;324;7;493;481;12;16
2021;02;05;ALBERGUE;12;ALBERGUE;ÁNCASH;020000;6;66;141;0;0;0;0;0;0;0;0;0;0;0;0
2021;02;05;ALBERGUE;12;ALBERGUE;AREQUIPA;040000;5;90;217;17,3;16,66;1,65;1,65;1,38;614;601;13;1012;994;18;75
2021;02;05;ALBERGUE;12;ALBERGUE;CAJAMARCA;060000;1;11;22;0;0;0;0;0;0;0;0;0;0;0;0
2021;02;05;ALBERGUE;12;ALBERGUE;CUSCO;080000;12;187;640;12,72;11,94;11,03;11,03;0;194;194;0;2139;2139;0;49
2021;02;05;ALBERGUE;12;ALBERGUE;ICA;110000;2;18;43;15,08;7,56;2,68;2,68;0;34;34;0;91;91;0;5
2021;02;05;ALBERGUE;12;ALBERGUE;JUNÍN;120000;1;32;104;3,91;2,27;1,14;1,11;2;58;56;2;66;62;4;12
2021;02;05;ALBERGUE;12;ALBERGUE;LIMA;150000;6;83;198;41,27;16,2;4,78;4,7;4,8;188;40;148;898;188;710;19
2021;02;05;ALBERGUE;12;ALBERGUE;LORETO;160000;45;608;1238;29,24;24,33;1,93;1,13;7,83;4361;3840;521;8433;4352;4081;136
2021;02;05;ALBERGUE;12;ALBERGUE;MADRE DE DIOS;170000;5;95;267;1,65;,47;2,33;2,4;2,3;15;5;10;35;12;23;95
2021;02;05;ALBERGUE;12;ALBERGUE;PASCO;190000;9;165;446;3,1;1,46;1,18;1,17;1,43;154;147;7;182;172;10;28
2021;02;05;ALBERGUE;12;ALBERGUE;PUNO;210000;1;13;35;0;0;0;0;0;0;0;0;0;0;0;0
2021;02;05;ALBERGUE;12;ALBERGUE;SAN MARTÍN;220000;10;192;444;11,94;10,79;1,84;1,82;2,5;730;706;24;1342;1282;60;43
2021;02;05;ALBERGUE;12;ALBERGUE;UCAYALI;250000;3;37;95;2,41;2,56;2,27;2,26;2,29;30;23;7;68;52;16;14
2021;02;05;ALBERGUE;TT;TODAS CONSOLIDADAS;ÁNCASH;020000;6;66;141;0;0;0;0;0;0;0;0;0;0;0;0
2021;02;05;ALBERGUE;TT;TODAS CONSOLIDADAS;AREQUIPA;040000;5;90;217;17,3;16,66;1,65;1,65;1,38;614;601;13;1012;994;18;75
2021;02;05;ALBERGUE;TT;TODAS CONSOLIDADAS;CAJAMARCA;060000;1;11;22;0;0;0;0;0;0;0;0;0;0;0;0
2021;02;05;ALBERGUE;TT;TODAS CONSOLIDADAS;CUSCO;080000;12;187;640;12,72;11,94;11,03;11,03;0;194;194;0;2139;2139;0;49
2021;02;05;ALBERGUE;TT;TODAS CONSOLIDADAS;ICA;110000;2;18;43;15,08;7,56;2,68;2,68;0;34;34;0;91;91;0;5
2021;02;05;ALBERGUE;TT;TODAS CONSOLIDADAS;JUNÍN;120000;1;32;104;3,91;2,27;1,14;1,11;2;58;56;2;66;62;4;12
2021;02;05;ALBERGUE;TT;TODAS CONSOLIDADAS;LORETO;160000;45;608;1238;29,24;24,33;1,93;1,13;7,83;4361;3840;521;8433;4352;4081;136
2021;02;05;ALBERGUE;TT;TODAS CONSOLIDADAS;MADRE DE DIOS;170000;5;95;267;1,65;,47;2,33;2,4;2,3;15;5;10;35;12;23;95
2021;02;05;ALBERGUE;TT;TODAS CONSOLIDADAS;PUNO;210000;1;13;35;0;0;0;0;0;0;0;0;0;0;0;0
2021;02;05;ALBERGUE;TT;TODAS CONSOLIDADAS;SAN MARTÍN;220000;10;192;444;11,94;10,79;1,84;1,82;2,5;730;706;24;1342;1282;60;43
2021;02;05;ALBERGUE;TT;TODAS CONSOLIDADAS;UCAYALI;250000;3;37;95;2,41;2,56;2,27;2,26;2,29;30;23;7;68;52;16;14
2021;02;14;RESORT;03;3 ESTRELLAS;ICA;110000;1;51;86;0;0;0;0;0;0;0;0;0;0;0;0
2021;02;14;RESORT;04;4 ESTRELLAS;TUMBES;240000;1;402;804;39,37;47,7;2,66;2,65;3,48;4039;4014;25;10738;10651;87;369
2021;02;14;RESORT;TT;TODAS CONSOLIDADAS;ICA;110000;2;166;336;33,93;25,43;4,01;3,97;5,87;596;581;15;2392;2304;88;90
2021;02;14;RESORT;TT;TODAS CONSOLIDADAS;TUMBES;240000;1;402;804;39,37;47,7;2,66;2,65;3,48;4039;4014;25;10738;10651;87;369
2021;02;16;ECOLODGE;13;ECOLODGE;AREQUIPA;040000;1;13;28;3,3;3,44;1,17;1,17;0;23;23;0;27;27;0;3
2021;02;16;ECOLODGE;13;ECOLODGE;SAN MARTÍN;220000;1;12;24;0;0;0;0;0;0;0;0;0;0;0;0
2021;02;16;ECOLODGE;TT;TODAS CONSOLIDADAS;AREQUIPA;040000;1;13;28;3,3;3,44;1,17;1,17;0;23;23;0;27;27;0;3
2021;02;16;ECOLODGE;TT;TODAS CONSOLIDADAS;SAN MARTÍN;220000;1;12;24;0;0;0;0;0;0;0;0;0;0;0;0
2021;02;TT;TODAS CONSOLIDADAS;00;NO CATEGORIZADO;AMAZONAS;010000;247;2342;3693;13,52;10,02;1,28;1,28;1,28;8093;7613;480;10361;9747;614;413
2021;02;TT;TODAS CONSOLIDADAS;00;NO CATEGORIZADO;ÁNCASH;020000;571;5569;9609;4,13;3,54;1,38;1,38;0;6907;6907;0;9526;9526;0;617
2021;02;TT;TODAS CONSOLIDADAS;00;NO CATEGORIZADO;APURÍMAC;030000;449;4063;6295;10,49;7,86;1,26;1,25;4,36;10992;10964;28;13851;13729;122;431
2021;02;TT;TODAS CONSOLIDADAS;00;NO CATEGORIZADO;AYACUCHO;050000;524;5236;8376;6,9;4,49;1,15;1,15;0;9122;9122;0;10531;10531;0;594
2021;02;TT;TODAS CONSOLIDADAS;00;NO CATEGORIZADO;CAJAMARCA;060000;576;5835;9036;12,41;11,64;1,35;1,35;1;21782;21759;23;29460;29437;23;1014
2021;02;TT;TODAS CONSOLIDADAS;00;NO CATEGORIZADO;CALLAO;070000;260;3767;6944;25,82;23,7;1,04;1,04;1,1;75639;75297;342;78951;78575;376;958
2021;02;TT;TODAS CONSOLIDADAS;00;NO CATEGORIZADO;CUSCO;080000;1633;16120;29142;12,12;8,51;1,52;1,51;2,53;45568;44984;584;69400;67923;1477;2835
2021;02;TT;TODAS CONSOLIDADAS;00;NO CATEGORIZADO;HUANCAVELICA;090000;169;1909;2994;9,85;7,7;1,07;1,07;2,5;6016;6014;2;6452;6447;5;231
2021;02;TT;TODAS CONSOLIDADAS;00;NO CATEGORIZADO;HUÁNUCO;100000;448;5175;7641;16,67;14,21;1,13;1,13;1,32;26792;26745;47;30392;30330;62;678
2021;02;TT;TODAS CONSOLIDADAS;00;NO CATEGORIZADO;ICA;110000;675;7731;13359;12,77;9,72;1,16;1,16;1,22;31396;31106;290;36360;36006;354;1130
2021;02;TT;TODAS CONSOLIDADAS;00;NO CATEGORIZADO;JUNÍN;120000;1175;12778;20641;13,81;9,49;1,21;1,21;1,8;45204;45117;87;54850;54693;157;2174
2021;02;TT;TODAS CONSOLIDADAS;00;NO CATEGORIZADO;LA LIBERTAD;130000;770;6659;11135;21,05;17,18;1,14;1,14;1,24;46843;46624;219;53563;53292;271;737
2021;02;TT;TODAS CONSOLIDADAS;00;NO CATEGORIZADO;LAMBAYEQUE;140000;338;3689;5336;31,02;21,48;1,04;1,03;1,16;31005;30365;640;32096;31353;743;647
2021;02;TT;TODAS CONSOLIDADAS;00;NO CATEGORIZADO;LIMA;150000;5761;50519;87471;16,97;15,75;1,16;1,15;1,39;1529964;1508453;21511;1771972;1742145;29827;33730
2021;02;TT;TODAS CONSOLIDADAS;00;NO CATEGORIZADO;LORETO;160000;659;6365;9947;8,77;7,92;1,2;1,21;1,19;18300;18027;273;22050;21725;325;749
2021;02;TT;TODAS CONSOLIDADAS;00;NO CATEGORIZADO;MADRE DE DIOS;170000;267;3634;5838;25,44;21,36;1,16;1,16;1,33;30057;29769;288;34923;34540;383;451
2021;02;TT;TODAS CONSOLIDADAS;00;NO CATEGORIZADO;MOQUEGUA;180000;161;1539;2602;8,94;6,4;1,34;1,34;1,35;3489;3458;31;4660;4618;42;199
2021;02;TT;TODAS CONSOLIDADAS;00;NO CATEGORIZADO;PASCO;190000;251;2777;4299;13,96;12,6;1,11;1,11;0;13608;13608;0;15169;15169;0;393
2021;02;TT;TODAS CONSOLIDADAS;00;NO CATEGORIZADO;PIURA;200000;946;9955;18175;29,66;23,8;1,58;1,54;2,03;76851;71764;5087;121098;110796;10302;1872
2021;02;TT;TODAS CONSOLIDADAS;00;NO CATEGORIZADO;PUNO;210000;674;6415;10928;16,43;13,78;1,2;1,21;1,09;35075;33087;1988;42156;39981;2175;1113
2021;02;TT;TODAS CONSOLIDADAS;00;NO CATEGORIZADO;SAN MARTÍN;220000;681;8041;12472;21,75;17,7;1,25;1,25;1,21;49582;49154;428;61819;61301;518;1063
2021;02;TT;TODAS CONSOLIDADAS;00;NO CATEGORIZADO;TACNA;230000;392;3763;6805;16,12;10,15;1,2;1,2;1;16178;15708;470;19341;18869;472;658
2021;02;TT;TODAS CONSOLIDADAS;00;NO CATEGORIZADO;TUMBES;240000;203;2153;4229;26,41;26,01;2,49;2,53;1,28;12380;12000;380;30797;30311;486;351
2021;02;TT;TODAS CONSOLIDADAS;00;NO CATEGORIZADO;UCAYALI;250000;438;4916;7585;21,48;17,24;2,22;2,23;1,77;16461;16175;286;36613;36107;506;886
2021;02;TT;TODAS CONSOLIDADAS;01;1 ESTRELLA;AMAZONAS;010000;15;228;347;34,37;28,65;1,01;1,01;0;2768;2768;0;2784;2784;0;34
2021;02;TT;TODAS CONSOLIDADAS;01;1 ESTRELLA;ÁNCASH;020000;54;937;1490;15,29;14,83;1,14;1,14;0;5417;5417;0;6189;6189;0;143
2021;02;TT;TODAS CONSOLIDADAS;01;1 ESTRELLA;APURÍMAC;030000;2;51;76;4,83;3,24;1;1;0;69;69;0;69;69;0;5
2021;02;TT;TODAS CONSOLIDADAS;01;1 ESTRELLA;AREQUIPA;040000;56;898;1371;30,11;22,2;1,65;1,65;0;5169;5169;0;8523;8523;0;146
2021;02;TT;TODAS CONSOLIDADAS;01;1 ESTRELLA;AYACUCHO;050000;12;291;506;6,12;5,41;1,82;1,82;1;422;419;3;767;764;3;53
2021;02;TT;TODAS CONSOLIDADAS;01;1 ESTRELLA;CAJAMARCA;060000;29;568;947;3,4;2,79;1,16;1,16;1;637;635;2;739;737;2;97
2021;02;TT;TODAS CONSOLIDADAS;01;1 ESTRELLA;CALLAO;070000;12;241;482;31;31,36;1;1;1;4110;4077;33;4110;4077;33;41
2021;02;TT;TODAS CONSOLIDADAS;01;1 ESTRELLA;HUANCAVELICA;090000;2;29;45;41,13;26,67;1,02;1,02;0;331;331;0;336;336;0;5
2021;02;TT;TODAS CONSOLIDADAS;01;1 ESTRELLA;HUÁNUCO;100000;21;445;664;26,56;24,34;1,06;1,06;0;4271;4271;0;4526;4526;0;72
2021;02;TT;TODAS CONSOLIDADAS;01;1 ESTRELLA;ICA;110000;17;268;385;7,58;6,42;1,24;1,24;0;558;558;0;692;692;0;29
2021;02;TT;TODAS CONSOLIDADAS;01;1 ESTRELLA;JUNÍN;120000;16;366;664;12,26;8,32;1,37;1,37;0;1125;1125;0;1546;1546;0;51
2021;02;TT;TODAS CONSOLIDADAS;01;1 ESTRELLA;LA LIBERTAD;130000;36;518;912;31,11;17,64;1,71;1,71;0;2636;2636;0;4505;4505;0;82
2021;02;TT;TODAS CONSOLIDADAS;01;1 ESTRELLA;LAMBAYEQUE;140000;22;354;472;12,55;11,33;1,15;1,16;1;1298;1275;23;1497;1474;23;43
2021;02;TT;TODAS CONSOLIDADAS;01;1 ESTRELLA;LORETO;160000;5;75;102;4,43;5,78;6,88;6,88;0;24;24;0;165;165;0;12
2021;02;TT;TODAS CONSOLIDADAS;01;1 ESTRELLA;MADRE DE DIOS;170000;6;212;338;19,12;17,29;1,23;1,23;1,64;1330;1316;14;1636;1613;23;33
2021;02;TT;TODAS CONSOLIDADAS;01;1 ESTRELLA;MOQUEGUA;180000;15;212;388;16,96;12,14;1,4;1,4;0;941;941;0;1319;1319;0;37
2021;02;TT;TODAS CONSOLIDADAS;01;1 ESTRELLA;PASCO;190000;22;450;682;39,61;23,06;1,03;1,03;0;4290;4290;0;4404;4404;0;77
2021;02;TT;TODAS CONSOLIDADAS;01;1 ESTRELLA;PIURA;200000;4;76;138;6,67;3,29;1,81;1,84;1;70;68;2;127;125;2;8
2021;02;TT;TODAS CONSOLIDADAS;01;1 ESTRELLA;PUNO;210000;23;450;774;17,97;15,49;1,22;1,26;1;2752;2365;387;3357;2969;388;58
2021;02;TT;TODAS CONSOLIDADAS;01;1 ESTRELLA;TACNA;230000;12;239;432;5,84;4,56;1,5;1,5;0;367;367;0;551;551;0;31
2021;02;TT;TODAS CONSOLIDADAS;02;2 ESTRELLAS;AMAZONAS;010000;76;1561;2466;22,31;18,69;1,14;1,14;1,04;11296;11273;23;12906;12882;24;248
2021;02;TT;TODAS CONSOLIDADAS;02;2 ESTRELLAS;ÁNCASH;020000;162;3075;5379;20,96;18,9;1,12;1,12;1,07;25479;25418;61;28473;28408;65;516
2021;02;TT;TODAS CONSOLIDADAS;02;2 ESTRELLAS;APURÍMAC;030000;6;174;268;18,62;14,23;1,1;1,1;0;970;970;0;1068;1068;0;26
2021;02;TT;TODAS CONSOLIDADAS;02;2 ESTRELLAS;AREQUIPA;040000;167;3232;5809;20,59;16,37;1,4;1,4;1,53;18978;18835;143;26631;26412;219;540
2021;02;TT;TODAS CONSOLIDADAS;02;2 ESTRELLAS;AYACUCHO;050000;10;252;444;25;22,46;2,03;2,03;0;1374;1374;0;2792;2792;0;34
2021;02;TT;TODAS CONSOLIDADAS;02;2 ESTRELLAS;CAJAMARCA;060000;140;3626;5250;12,76;11,04;1,25;1,26;1,12;12936;12911;25;16232;16204;28;475
2021;02;TT;TODAS CONSOLIDADAS;02;2 ESTRELLAS;CALLAO;070000;6;186;358;47,47;47,82;1,01;1,01;1;5297;5180;117;5343;5226;117;39
2021;02;TT;TODAS CONSOLIDADAS;02;2 ESTRELLAS;CUSCO;080000;88;1796;3111;7,63;6,59;1,54;1,53;2,18;3738;3699;39;5741;5656;85;356
2021;02;TT;TODAS CONSOLIDADAS;02;2 ESTRELLAS;HUANCAVELICA;090000;3;71;126;8,4;7,03;1,46;1,46;0;170;170;0;248;248;0;6
2021;02;TT;TODAS CONSOLIDADAS;02;2 ESTRELLAS;HUÁNUCO;100000;57;1410;2214;14,09;11,52;1,11;1,11;1;6421;6413;8;7143;7135;8;231
2021;02;TT;TODAS CONSOLIDADAS;02;2 ESTRELLAS;LA LIBERTAD;130000;155;2830;5020;22,91;19,41;1,36;1,36;1,35;20097;19909;188;27278;27025;253;496
2021;02;TT;TODAS CONSOLIDADAS;02;2 ESTRELLAS;LAMBAYEQUE;140000;228;4305;6277;20,92;15,06;1,09;1,09;1,11;24241;23901;340;26462;26084;378;722
2021;02;TT;TODAS CONSOLIDADAS;02;2 ESTRELLAS;LIMA;150000;233;7397;13434;20,03;19,56;1,43;1,42;1,96;69597;68429;1168;99312;97017;2295;1583
2021;02;TT;TODAS CONSOLIDADAS;02;2 ESTRELLAS;LORETO;160000;20;458;738;6,5;6,81;2,11;2,09;2,36;667;609;58;1407;1270;137;75
2021;02;TT;TODAS CONSOLIDADAS;02;2 ESTRELLAS;MOQUEGUA;180000;64;1088;1831;24,35;17,73;2,6;2,46;3,82;3501;3147;354;9090;7739;1351;181
2021;02;TT;TODAS CONSOLIDADAS;02;2 ESTRELLAS;PASCO;190000;13;274;467;24,8;14,45;1,36;1,36;0;1386;1386;0;1890;1890;0;44
2021;02;TT;TODAS CONSOLIDADAS;02;2 ESTRELLAS;PIURA;200000;48;1035;1699;20,45;19,51;1,93;1,92;2,3;4798;4647;151;9280;8933;347;199
2021;02;TT;TODAS CONSOLIDADAS;02;2 ESTRELLAS;SAN MARTÍN;220000;43;1024;1703;29,96;24,2;1,75;1,75;1,78;6609;6440;169;11540;11240;300;186
2021;02;TT;TODAS CONSOLIDADAS;02;2 ESTRELLAS;TACNA;230000;50;1211;2381;15,07;10,13;1,43;1,42;2,25;4727;4674;53;6754;6635;119;212
2021;02;TT;TODAS CONSOLIDADAS;02;2 ESTRELLAS;TUMBES;240000;12;273;541;11,32;13,04;2,37;2,37;2;835;832;3;1975;1969;6;60
2021;02;TT;TODAS CONSOLIDADAS;02;2 ESTRELLAS;UCAYALI;250000;4;118;192;11,77;8,59;1,48;1,48;1,71;312;305;7;462;450;12;13
2021;02;TT;TODAS CONSOLIDADAS;03;3 ESTRELLAS;AMAZONAS;010000;20;419;750;17,35;12,17;1,63;1,63;1,79;1567;1553;14;2556;2531;25;82
2021;02;TT;TODAS CONSOLIDADAS;03;3 ESTRELLAS;ÁNCASH;020000;58;1617;2854;16,46;12,16;1,52;1,51;2,51;6387;6332;55;9714;9576;138;317
2021;02;TT;TODAS CONSOLIDADAS;03;3 ESTRELLAS;APURÍMAC;030000;5;145;246;25,79;17,29;2,1;2,1;2;567;547;20;1191;1151;40;34
2021;02;TT;TODAS CONSOLIDADAS;03;3 ESTRELLAS;AREQUIPA;040000;96;2415;4501;29,68;18,79;3,12;3,07;6,5;7597;7503;94;23678;23067;611;632
2021;02;TT;TODAS CONSOLIDADAS;03;3 ESTRELLAS;AYACUCHO;050000;9;279;534;21,77;12,76;5,01;4,66;8,39;381;345;36;1908;1606;302;93
2021;02;TT;TODAS CONSOLIDADAS;03;3 ESTRELLAS;CAJAMARCA;060000;102;2544;4269;17,74;12,34;1,81;1,81;1,49;8151;8108;43;14747;14683;64;496
2021;02;TT;TODAS CONSOLIDADAS;03;3 ESTRELLAS;CALLAO;070000;4;233;436;18,41;13,97;1,55;1,54;1,74;1098;1026;72;1706;1581;125;39
2021;02;TT;TODAS CONSOLIDADAS;03;3 ESTRELLAS;CUSCO;080000;74;2411;4531;13,05;8,05;1,89;1,85;2,57;5390;5061;329;10211;9367;844;472
2021;02;TT;TODAS CONSOLIDADAS;03;3 ESTRELLAS;HUANCAVELICA;090000;4;85;131;7,02;6,41;1,79;1,8;1,75;131;127;4;235;228;7;18
2021;02;TT;TODAS CONSOLIDADAS;03;3 ESTRELLAS;HUÁNUCO;100000;13;515;926;13,99;13,72;1,59;1,58;2,29;2238;2214;24;3558;3503;55;108
2021;02;TT;TODAS CONSOLIDADAS;03;3 ESTRELLAS;ICA;110000;81;2426;4827;20,71;15,85;2,94;2,96;2,36;7297;7021;276;21417;20765;652;534
2021;02;TT;TODAS CONSOLIDADAS;03;3 ESTRELLAS;JUNÍN;120000;21;775;1455;14,19;8,11;2,11;2,12;1,5;1566;1550;16;3304;3280;24;205
2021;02;TT;TODAS CONSOLIDADAS;03;3 ESTRELLAS;LA LIBERTAD;130000;144;3316;6296;24,58;18,6;1,42;1,41;1,9;23136;22602;534;32782;31770;1012;690
2021;02;TT;TODAS CONSOLIDADAS;03;3 ESTRELLAS;LAMBAYEQUE;140000;59;1563;2576;16,55;12,6;1,53;1,5;2,78;5956;5857;99;9085;8810;275;312
2021;02;01;HOTEL;02;2 ESTRELLAS;TUMBES;240000;7;208;411;9,62;11,78;2,59;2,6;2;523;520;3;1356;1350;6;39
2021;02;01;HOTEL;03;3 ESTRELLAS;TUMBES;240000;8;234;464;2,79;3,01;1;1;0;391;391;0;391;391;0;48
2021;02;01;HOTEL;04;4 ESTRELLAS;TUMBES;240000;5;265;520;7,78;7,77;1,7;1,6;3,12;666;625;41;1131;1003;128;71
2021;02;03;HOSTAL;03;3 ESTRELLAS;TUMBES;240000;5;83;174;21,86;16,56;1,99;1,99;0;405;405;0;807;807;0;15
2021;02;01;HOTEL;TT;TODAS CONSOLIDADAS;CALLAO;070000;7;641;1109;22,68;23,06;1,91;2,08;1,41;4073;3054;1019;7797;6365;1432;173
2021;02;02;APART HOTEL;TT;TODAS CONSOLIDADAS;CAJAMARCA;060000;1;7;12;0;0;0;0;0;0;0;0;0;0;0;0
2021;02;03;HOSTAL;02;2 ESTRELLAS;APURÍMAC;030000;4;123;177;25,35;20,84;1,1;1,1;0;935;935;0;1033;1033;0;21
2021;02;03;HOSTAL;TT;TODAS CONSOLIDADAS;AREQUIPA;040000;212;3418;6030;22,79;17,45;1,47;1,46;1,67;20106;19994;112;29464;29277;187;615
2021;02;TT;TODAS CONSOLIDADAS;00;NO CATEGORIZADO;AREQUIPA;040000;1118;10050;16801;19,12;13,35;1,73;1,74;1,58;36228;35973;255;62821;62419;402;1240
2021;02;05;ALBERGUE;TT;TODAS CONSOLIDADAS;LIMA;150000;6;83;198;41,27;16,2;4,78;4,7;4,8;188;40;148;898;188;710;19
2021;02;TT;TODAS CONSOLIDADAS;01;1 ESTRELLA;LIMA;150000;80;1967;3559;23,12;18,31;1,02;1,02;1,06;21209;20738;471;21621;21120;501;382
2021;02;05;ALBERGUE;TT;TODAS CONSOLIDADAS;PASCO;190000;9;165;446;3,1;1,46;1,18;1,17;1,43;154;147;7;182;172;10;28
2021;02;14;RESORT;05;5 ESTRELLAS;ICA;110000;1;115;250;48,98;34,17;4,01;3,97;5,87;596;581;15;2392;2304;88;90
2021;02;TT;TODAS CONSOLIDADAS;01;1 ESTRELLA;CUSCO;080000;27;518;869;13,01;11,26;1,12;1,12;1,5;2448;2446;2;2739;2736;3;75
2021;02;TT;TODAS CONSOLIDADAS;01;1 ESTRELLA;SAN MARTÍN;220000;7;144;241;66,25;35,08;1,55;1,55;0;1526;1526;0;2367;2367;0;30
2021;02;TT;TODAS CONSOLIDADAS;02;2 ESTRELLAS;ICA;110000;107;2191;3738;20,75;18,2;2,16;2,16;1,94;8832;8785;47;19044;18953;91;368
2021;02;TT;TODAS CONSOLIDADAS;02;2 ESTRELLAS;JUNÍN;120000;43;1083;1983;21,88;14,86;1,94;1,94;1,14;4251;4244;7;8251;8243;8;181
2021;02;TT;TODAS CONSOLIDADAS;02;2 ESTRELLAS;MADRE DE DIOS;170000;11;313;509;32,13;22,68;1,26;1,25;1,84;2561;2524;37;3232;3164;68;47
2021;02;TT;TODAS CONSOLIDADAS;02;2 ESTRELLAS;PUNO;210000;46;889;1620;16,75;11,76;1,42;1,43;1,06;3745;3696;49;5336;5284;52;132
2021;02;TT;TODAS CONSOLIDADAS;03;3 ESTRELLAS;LIMA;150000;162;7526;14067;20,47;15,62;2,08;2,02;3,28;29630;28137;1493;61774;56879;4895;1490
2021;02;TT;TODAS CONSOLIDADAS;03;3 ESTRELLAS;LORETO;160000;28;736;1262;21,09;13,75;3,38;3,42;2,54;1439;1367;72;4859;4676;183;164
2021;02;TT;TODAS CONSOLIDADAS;03;3 ESTRELLAS;MADRE DE DIOS;170000;6;210;370;16,65;13,77;1,85;1,84;1,97;773;740;33;1427;1362;65;53
2021;02;TT;TODAS CONSOLIDADAS;03;3 ESTRELLAS;MOQUEGUA;180000;13;374;670;50,9;29,24;2,44;2,43;3,18;2247;2214;33;5486;5381;105;72
2021;02;TT;TODAS CONSOLIDADAS;03;3 ESTRELLAS;PASCO;190000;6;137;271;32,77;21,13;1,22;1,22;0;1312;1312;0;1603;1603;0;22
2021;02;TT;TODAS CONSOLIDADAS;03;3 ESTRELLAS;PIURA;200000;18;651;1184;21,24;18;1,96;1,94;2,57;3042;2948;94;5969;5727;242;168
2021;02;TT;TODAS CONSOLIDADAS;03;3 ESTRELLAS;PUNO;210000;23;754;1359;18,4;11,92;2,31;2,28;3,34;1966;1922;44;4536;4389;147;167
2021;02;TT;TODAS CONSOLIDADAS;03;3 ESTRELLAS;SAN MARTÍN;220000;28;950;1639;29,16;24,02;2,94;2,89;4,55;3749;3639;110;11025;10525;500;197
2021;02;TT;TODAS CONSOLIDADAS;03;3 ESTRELLAS;TACNA;230000;17;519;1089;32,84;16,97;2,37;2,37;1;2182;2181;1;5175;5174;1;122
2021;02;TT;TODAS CONSOLIDADAS;03;3 ESTRELLAS;TUMBES;240000;15;335;688;10,79;9,35;1,76;1,76;0;1023;1023;0;1802;1802;0;78
2021;02;TT;TODAS CONSOLIDADAS;03;3 ESTRELLAS;UCAYALI;250000;16;604;985;15,91;11,94;2,57;2,51;2,99;1284;1136;148;3294;2852;442;131
2021;02;TT;TODAS CONSOLIDADAS;04;4 ESTRELLAS;AREQUIPA;040000;10;439;834;38,64;22,16;2,9;2,89;5,89;1784;1775;9;5175;5122;53;130
2021;02;TT;TODAS CONSOLIDADAS;04;4 ESTRELLAS;CAJAMARCA;060000;3;173;311;35,98;22,73;1,98;1,98;2;1001;982;19;1979;1941;38;78
2021;02;TT;TODAS CONSOLIDADAS;04;4 ESTRELLAS;CUSCO;080000;8;672;1276;21,55;12,32;1,49;1,26;3,68;2952;2674;278;4403;3379;1024;171
2021;02;TT;TODAS CONSOLIDADAS;04;4 ESTRELLAS;HUÁNUCO;100000;1;52;90;13,8;9,88;2,49;2,49;0;100;100;0;249;249;0;20
2021;02;TT;TODAS CONSOLIDADAS;04;4 ESTRELLAS;ICA;110000;6;583;1156;41,86;28,6;7,48;7,59;4;1238;1200;38;9258;9106;152;149
2021;02;TT;TODAS CONSOLIDADAS;04;4 ESTRELLAS;JUNÍN;120000;1;40;66;36,7;22,24;3,09;3,09;0;133;133;0;411;411;0;19
2021;02;TT;TODAS CONSOLIDADAS;04;4 ESTRELLAS;LA LIBERTAD;130000;3;207;328;50,71;33,29;3,13;3,2;1,54;976;937;39;3057;2997;60;27
2021;02;TT;TODAS CONSOLIDADAS;04;4 ESTRELLAS;LAMBAYEQUE;140000;3;242;412;26,89;25,75;1,42;1,41;1,45;2099;1989;110;2971;2811;160;172
2021;02;TT;TODAS CONSOLIDADAS;04;4 ESTRELLAS;LIMA;150000;48;4226;7746;29,75;19,92;2,45;2,4;2,88;17636;15894;1742;43208;38187;5021;1690
2021;02;TT;TODAS CONSOLIDADAS;04;4 ESTRELLAS;LORETO;160000;3;103;173;10,51;10,8;1,21;1,16;1,36;434;339;95;523;394;129;31
2021;02;TT;TODAS CONSOLIDADAS;04;4 ESTRELLAS;MOQUEGUA;180000;2;123;229;56,45;32;2,65;2,63;4,55;773;762;11;2052;2002;50;37
2021;02;TT;TODAS CONSOLIDADAS;04;4 ESTRELLAS;PUNO;210000;6;373;707;31,37;17,04;3,29;3,29;3,33;1024;1021;3;3373;3363;10;75
2021;02;TT;TODAS CONSOLIDADAS;04;4 ESTRELLAS;SAN MARTÍN;220000;2;74;146;50,63;52,18;1,7;1,68;2,71;1256;1235;21;2133;2076;57;60
2021;02;TT;TODAS CONSOLIDADAS;04;4 ESTRELLAS;TUMBES;240000;6;667;1324;26,82;32,02;2,52;2,51;3,26;4705;4639;66;11869;11654;215;440
2021;02;TT;TODAS CONSOLIDADAS;04;4 ESTRELLAS;UCAYALI;250000;5;289;510;23,28;18,57;2,47;2,42;3,12;1074;998;76;2652;2415;237;75
2021;02;TT;TODAS CONSOLIDADAS;05;5 ESTRELLAS;AREQUIPA;040000;3;241;346;58,02;42,1;2,38;2,24;11,68;1717;1692;25;4079;3787;292;120
2021;02;TT;TODAS CONSOLIDADAS;05;5 ESTRELLAS;CUSCO;080000;7;763;1501;4,98;4,68;1,93;1,87;2,51;1019;927;92;1967;1736;231;376
2021;02;TT;TODAS CONSOLIDADAS;05;5 ESTRELLAS;ICA;110000;4;460;1046;46,51;31,7;4,01;3,97;5,37;2317;2263;54;9285;8995;290;404
2021;02;TT;TODAS CONSOLIDADAS;05;5 ESTRELLAS;LA LIBERTAD;130000;1;120;240;47,29;37,93;1,77;1,63;3,51;1442;1336;106;2549;2177;372;55
2021;02;TT;TODAS CONSOLIDADAS;05;5 ESTRELLAS;LIMA;150000;26;4093;7393;45,67;28,13;2,63;2,48;3,63;22154;19325;2829;58225;47947;10278;2096
2021;02;TT;TODAS CONSOLIDADAS;05;5 ESTRELLAS;LORETO;160000;1;60;122;50,54;32,08;2,96;3,07;2,52;370;295;75;1096;907;189;24
2021;02;TT;TODAS CONSOLIDADAS;05;5 ESTRELLAS;PIURA;200000;1;83;168;47,42;36,78;2,26;1,9;6,35;764;701;63;1730;1330;400;47
2021;02;TT;TODAS CONSOLIDADAS;05;5 ESTRELLAS;PUNO;210000;1;123;231;35,28;34,43;2,26;2,26;0;985;985;0;2227;2227;0;45
2021;02;TT;TODAS CONSOLIDADAS;05;5 ESTRELLAS;UCAYALI;250000;2;165;306;13,48;10,17;3,01;2,95;3,7;289;266;23;871;786;85;28
2021;02;TT;TODAS CONSOLIDADAS;12;ALBERGUE;ÁNCASH;020000;6;66;141;0;0;0;0;0;0;0;0;0;0;0;0
2021;02;TT;TODAS CONSOLIDADAS;12;ALBERGUE;AREQUIPA;040000;5;90;217;17,3;16,66;1,65;1,65;1,38;614;601;13;1012;994;18;75
2021;02;TT;TODAS CONSOLIDADAS;12;ALBERGUE;CAJAMARCA;060000;1;11;22;0;0;0;0;0;0;0;0;0;0;0;0
2021;02;TT;TODAS CONSOLIDADAS;12;ALBERGUE;CUSCO;080000;12;187;640;12,72;11,94;11,03;11,03;0;194;194;0;2139;2139;0;49
2021;02;TT;TODAS CONSOLIDADAS;12;ALBERGUE;ICA;110000;2;18;43;15,08;7,56;2,68;2,68;0;34;34;0;91;91;0;5
2021;02;TT;TODAS CONSOLIDADAS;12;ALBERGUE;JUNÍN;120000;1;32;104;3,91;2,27;1,14;1,11;2;58;56;2;66;62;4;12
2021;02;TT;TODAS CONSOLIDADAS;12;ALBERGUE;LIMA;150000;6;83;198;41,27;16,2;4,78;4,7;4,8;188;40;148;898;188;710;19
2021;02;TT;TODAS CONSOLIDADAS;12;ALBERGUE;LORETO;160000;45;608;1238;29,24;24,33;1,93;1,13;7,83;4361;3840;521;8433;4352;4081;136
2021;02;TT;TODAS CONSOLIDADAS;12;ALBERGUE;MADRE DE DIOS;170000;5;95;267;1,65;,47;2,33;2,4;2,3;15;5;10;35;12;23;95
2021;02;TT;TODAS CONSOLIDADAS;12;ALBERGUE;PASCO;190000;9;165;446;3,1;1,46;1,18;1,17;1,43;154;147;7;182;172;10;28
2021;02;TT;TODAS CONSOLIDADAS;12;ALBERGUE;PUNO;210000;1;13;35;0;0;0;0;0;0;0;0;0;0;0;0
2021;02;TT;TODAS CONSOLIDADAS;12;ALBERGUE;SAN MARTÍN;220000;10;192;444;11,94;10,79;1,84;1,82;2,5;730;706;24;1342;1282;60;43
2021;02;TT;TODAS CONSOLIDADAS;12;ALBERGUE;UCAYALI;250000;3;37;95;2,41;2,56;2,27;2,26;2,29;30;23;7;68;52;16;14
2021;02;TT;TODAS CONSOLIDADAS;13;ECOLODGE;AREQUIPA;040000;1;13;28;3,3;3,44;1,17;1,17;0;23;23;0;27;27;0;3
2021;02;TT;TODAS CONSOLIDADAS;13;ECOLODGE;SAN MARTÍN;220000;1;12;24;0;0;0;0;0;0;0;0;0;0;0;0
2021;02;TT;TODAS CONSOLIDADAS;TT;TODAS CONSOLIDADAS;AMAZONAS;010000;358;4550;7256;16,47;12,76;1,26;1,26;1,2;23724;23207;517;28607;27944;663;777
2021;02;TT;TODAS CONSOLIDADAS;TT;TODAS CONSOLIDADAS;ÁNCASH;020000;851;11264;19473;8,85;7,74;1,31;1,31;,37;44190;44074;116;53902;53699;203;1593
2021;02;TT;TODAS CONSOLIDADAS;TT;TODAS CONSOLIDADAS;APURÍMAC;030000;462;4433;6885;10,74;8,02;1,27;1,26;4,26;12598;12550;48;16179;16017;162;496
2021;02;TT;TODAS CONSOLIDADAS;TT;TODAS CONSOLIDADAS;AREQUIPA;040000;1456;17378;29907;20,6;14,52;1,79;1,79;1,88;72110;71571;539;131946;130351;1595;2886
2021;02;TT;TODAS CONSOLIDADAS;TT;TODAS CONSOLIDADAS;AYACUCHO;050000;555;6058;9860;7,45;4,97;1,25;1,24;,16;11299;11260;39;15998;15693;305;774
2021;02;TT;TODAS CONSOLIDADAS;TT;TODAS CONSOLIDADAS;CAJAMARCA;060000;851;12757;19835;12,87;11,35;1,39;1,39;1,08;44507;44395;112;63157;63002;155;2160
2021;02;TT;TODAS CONSOLIDADAS;TT;TODAS CONSOLIDADAS;CALLAO;070000;284;4798;8819;26,39;24,44;1,06;1,06;1,1;88537;87172;1365;95087;93334;1753;1185
2021;02;TT;TODAS CONSOLIDADAS;TT;TODAS CONSOLIDADAS;CUSCO;080000;1849;22467;41070;11,98;8,46;1,6;1,58;2,49;61309;59985;1324;96600;92936;3664;4334
2021;02;TT;TODAS CONSOLIDADAS;TT;TODAS CONSOLIDADAS;HUANCAVELICA;090000;178;2094;3296;10,11;7,87;1,09;1,09;2,41;6648;6642;6;7271;7259;12;260
2021;02;TT;TODAS CONSOLIDADAS;TT;TODAS CONSOLIDADAS;ICA;110000;892;13677;24554;14,7;11,45;1,5;1,5;1,42;51672;50967;705;96147;94608;1539;2619
2021;02;TT;TODAS CONSOLIDADAS;TT;TODAS CONSOLIDADAS;JUNÍN;120000;1257;15074;24913;14,08;9,64;1,26;1,26;1,75;52337;52225;112;68428;68235;193;2642
2021;02;TT;TODAS CONSOLIDADAS;TT;TODAS CONSOLIDADAS;LA LIBERTAD;130000;1109;13650;23931;22,2;17,75;1,23;1,23;1,3;95130;94044;1086;123734;121766;1968;2087
2021;02;TT;TODAS CONSOLIDADAS;TT;TODAS CONSOLIDADAS;LAMBAYEQUE;140000;650;10153;15073;25,52;18,1;1,11;1,1;1,29;64599;63387;1212;72111;70532;1579;1896
2021;02;TT;TODAS CONSOLIDADAS;TT;TODAS CONSOLIDADAS;LIMA;150000;6316;75811;133868;17,49;16;1,21;1,2;1,48;1690377;1661015;29362;2057010;2003483;53527;40990
2021;02;TT;TODAS CONSOLIDADAS;TT;TODAS CONSOLIDADAS;LORETO;160000;761;8405;13582;10,41;9,1;1,39;1,35;1,66;25595;24501;1094;38533;33489;5044;1191
2021;02;TT;TODAS CONSOLIDADAS;TT;TODAS CONSOLIDADAS;MADRE DE DIOS;170000;295;4464;7322;24,98;20,82;1,2;1,2;1,38;34736;34354;382;41253;40691;562;679
2021;02;TT;TODAS CONSOLIDADAS;TT;TODAS CONSOLIDADAS;PASCO;190000;301;3803;6165;16,35;13,28;1,12;1,12;,04;20750;20743;7;23248;23238;10;564
2021;02;TT;TODAS CONSOLIDADAS;TT;TODAS CONSOLIDADAS;SAN MARTÍN;220000;772;10437;16669;22,8;18,43;1,35;1,34;1,37;63452;62700;752;90226;88791;1435;1579
2021;02;TT;TODAS CONSOLIDADAS;TT;TODAS CONSOLIDADAS;TACNA;230000;472;5882;11007;16,38;10,27;1,27;1,28;1,11;24187;23661;526;33263;32667;596;1044
2021;02;TT;TODAS CONSOLIDADAS;TT;TODAS CONSOLIDADAS;TUMBES;240000;236;3428;6782;24,66;24,44;2,44;2,47;1,28;18943;18494;449;46443;45736;707;929
2021;02;TT;TODAS CONSOLIDADAS;TT;TODAS CONSOLIDADAS;UCAYALI;250000;468;6129;9673;21,07;16,87;2,24;2,24;1,84;19450;18903;547;43960;42662;1298;1147
2021;03;00;NO CLASIFICADO;00;NO CATEGORIZADO;AREQUIPA;040000;1112;10006;16705;20,31;14,89;1,69;1,69;1,79;45619;45261;358;77095;76454;641;1244
2021;03;00;NO CLASIFICADO;00;NO CATEGORIZADO;HUANCAVELICA;090000;166;1857;2887;12,37;10,28;1,07;1,07;1,33;8602;8581;21;9198;9170;28;225
2021;02;TT;TODAS CONSOLIDADAS;04;4 ESTRELLAS;CALLAO;070000;2;371;599;25,37;29,67;2,08;2,43;1,38;2393;1592;801;4977;3875;1102;109
2021;02;TT;TODAS CONSOLIDADAS;04;4 ESTRELLAS;PIURA;200000;3;296;591;21,03;15,03;2,25;2,21;2,76;1107;1040;67;2487;2302;185;47
2021;02;TT;TODAS CONSOLIDADAS;04;4 ESTRELLAS;TACNA;230000;1;150;300;28,81;17,17;1,97;1,97;2;733;731;2;1442;1438;4;21
2021;02;TT;TODAS CONSOLIDADAS;TT;TODAS CONSOLIDADAS;HUÁNUCO;100000;540;7597;11535;16,72;14,3;1,14;1,14;1,26;39822;39743;79;45868;45743;125;1109
2021;02;TT;TODAS CONSOLIDADAS;TT;TODAS CONSOLIDADAS;MOQUEGUA;180000;255;3336;5720;15,79;10,94;1,72;1,69;2,01;10951;10522;429;22607;21059;1548;526
2021;02;TT;TODAS CONSOLIDADAS;TT;TODAS CONSOLIDADAS;PIURA;200000;1020;12096;21955;28,98;23,4;1,6;1,57;2,05;86632;81168;5464;140691;129213;11478;2341
2021;03;00;NO CLASIFICADO;00;NO CATEGORIZADO;CUSCO;080000;1636;16213;29405;12,21;9,14;1,56;1,54;2,04;53272;51168;2104;83308;79026;4282;2891
2021;02;TT;TODAS CONSOLIDADAS;TT;TODAS CONSOLIDADAS;PUNO;210000;774;9017;15654;16,67;13,69;1,26;1,27;1,17;45547;43076;2471;60985;58213;2772;1590
2021;03;00;NO CLASIFICADO;00;NO CATEGORIZADO;AMAZONAS;010000;244;2331;3681;14,87;11,63;1,27;1,27;1,59;10467;10433;34;13273;13219;54;406
2021;03;00;NO CLASIFICADO;00;NO CATEGORIZADO;ÁNCASH;020000;569;5584;9638;5,9;4,56;1,19;1,19;1;11469;11465;4;13615;13611;4;908
2021;03;00;NO CLASIFICADO;00;NO CATEGORIZADO;APURÍMAC;030000;451;4110;6369;14,42;10,81;1,21;1,21;1,49;17701;17646;55;21351;21269;82;444
2021;03;00;NO CLASIFICADO;00;NO CATEGORIZADO;AYACUCHO;050000;519;5149;8210;4,89;3,54;1,17;1,17;1;7671;7665;6;9008;9002;6;363
2021;03;00;NO CLASIFICADO;00;NO CATEGORIZADO;CAJAMARCA;060000;575;5823;9018;13,26;12,64;1,3;1,3;0;27136;27136;0;35335;35335;0;1010
2021;03;00;NO CLASIFICADO;00;NO CATEGORIZADO;CALLAO;070000;260;3767;6944;26,6;24,79;1,03;1,03;1,06;88503;88161;342;91445;91082;363;958
2021;03;00;NO CLASIFICADO;00;NO CATEGORIZADO;LA LIBERTAD;130000;770;6660;11139;28,55;21,87;1,19;1,19;1,5;63210;62271;939;75509;74101;1408;738
2021;03;00;NO CLASIFICADO;00;NO CATEGORIZADO;LIMA;150000;5755;50566;87556;21,21;20,03;1,14;1,14;1,23;2175213;2133069;42144;2479918;2428167;51751;33866
2021;03;00;NO CLASIFICADO;00;NO CATEGORIZADO;MADRE DE DIOS;170000;276;3829;6171;22,8;19,55;1,18;1,18;1,38;31755;31352;403;37408;36850;558;497
2021;03;00;NO CLASIFICADO;00;NO CATEGORIZADO;PUNO;210000;667;6314;10749;17,32;13,87;1,18;1,18;1,11;39182;37646;1536;46231;44527;1704;1133
2021;03;00;NO CLASIFICADO;00;NO CATEGORIZADO;TACNA;230000;391;3773;6828;18,38;11,77;1,14;1,14;1;21855;21704;151;24910;24759;151;658
2021;03;00;NO CLASIFICADO;TT;TODAS CONSOLIDADAS;AMAZONAS;010000;244;2331;3681;14,87;11,63;1,27;1,27;1,59;10467;10433;34;13273;13219;54;406
2021;03;00;NO CLASIFICADO;TT;TODAS CONSOLIDADAS;ÁNCASH;020000;569;5584;9638;5,9;4,56;1,19;1,19;1;11469;11465;4;13615;13611;4;908
2021;03;00;NO CLASIFICADO;TT;TODAS CONSOLIDADAS;APURÍMAC;030000;451;4110;6369;14,42;10,81;1,21;1,21;1,49;17701;17646;55;21351;21269;82;444
2021;03;00;NO CLASIFICADO;TT;TODAS CONSOLIDADAS;AYACUCHO;050000;519;5149;8210;4,89;3,54;1,17;1,17;1;7671;7665;6;9008;9002;6;363
2021;03;00;NO CLASIFICADO;TT;TODAS CONSOLIDADAS;CUSCO;080000;1636;16213;29405;12,21;9,14;1,56;1,54;2,04;53272;51168;2104;83308;79026;4282;2891
2021;03;00;NO CLASIFICADO;TT;TODAS CONSOLIDADAS;LIMA;150000;5755;50566;87556;21,21;20,03;1,14;1,14;1,23;2175213;2133069;42144;2479918;2428167;51751;33866
2021;03;00;NO CLASIFICADO;TT;TODAS CONSOLIDADAS;PUNO;210000;667;6314;10749;17,32;13,87;1,18;1,18;1,11;39182;37646;1536;46231;44527;1704;1133
2021;03;00;NO CLASIFICADO;TT;TODAS CONSOLIDADAS;SAN MARTÍN;220000;685;8036;12517;23,71;18,54;1,27;1,27;1,4;56786;56565;221;71946;71636;310;1081
2021;03;01;HOTEL;01;1 ESTRELLA;AMAZONAS;010000;1;20;35;0;0;0;0;0;0;0;0;0;0;0;0
2021;03;01;HOTEL;01;1 ESTRELLA;APURÍMAC;030000;2;80;115;13,02;10,32;1,03;1,03;0;358;358;0;368;368;0;10
2021;03;01;HOTEL;01;1 ESTRELLA;AYACUCHO;050000;8;200;345;6,45;9,68;3,5;3,5;0;296;296;0;1035;1035;0;35
2021;03;01;HOTEL;01;1 ESTRELLA;CAJAMARCA;060000;6;170;284;6,77;5,9;1,22;1,22;1;426;424;2;519;517;2;27
2021;03;01;HOTEL;01;1 ESTRELLA;CALLAO;070000;1;37;74;0;0;0;0;0;0;0;0;0;0;0;0
2021;03;01;HOTEL;01;1 ESTRELLA;CUSCO;080000;5;127;225;9,17;8,11;1,38;1,38;0;411;411;0;566;566;0;20
2021;03;01;HOTEL;01;1 ESTRELLA;LA LIBERTAD;130000;2;46;88;0;0;0;0;0;0;0;0;0;0;0;0
2021;03;01;HOTEL;01;1 ESTRELLA;LIMA;150000;11;565;906;35,48;34,91;1,02;1,02;1;11787;11770;17;11993;11976;17;118
2021;03;01;HOTEL;01;1 ESTRELLA;MADRE DE DIOS;170000;5;177;277;14,96;13,74;1,02;1,02;1,22;1155;1137;18;1180;1158;22;30
2021;03;01;HOTEL;01;1 ESTRELLA;PUNO;210000;5;135;233;24,25;24,87;3,25;3,25;0;552;552;0;1796;1796;0;17
2021;03;01;HOTEL;02;2 ESTRELLAS;AMAZONAS;010000;25;625;1001;16,34;14,57;1,44;1,44;1,18;3138;3121;17;4520;4500;20;101
2021;03;01;HOTEL;02;2 ESTRELLAS;APURÍMAC;030000;4;180;311;8,82;6,68;1,27;1,27;0;506;506;0;644;644;0;12
2021;03;01;HOTEL;02;2 ESTRELLAS;AREQUIPA;040000;39;1108;1925;22;18,2;1,91;1,92;1,53;5670;5615;55;10858;10774;84;178
2021;03;01;HOTEL;02;2 ESTRELLAS;AYACUCHO;050000;7;218;377;22,89;25,29;1,98;1,98;1,78;1493;1475;18;2956;2924;32;34
2021;03;01;HOTEL;02;2 ESTRELLAS;CAJAMARCA;060000;39;1690;2255;14,14;13,11;1,14;1,14;1;8016;8009;7;9167;9160;7;175
2021;03;01;HOTEL;02;2 ESTRELLAS;CALLAO;070000;1;40;67;1,21;1,01;1,11;1,13;1;19;16;3;21;18;3;3
2021;03;01;HOTEL;02;2 ESTRELLAS;CUSCO;080000;42;1051;1834;8,93;7,03;1,53;1,51;1,86;2611;2427;184;3999;3656;343;236
2021;03;01;HOTEL;02;2 ESTRELLAS;HUANCAVELICA;090000;2;42;73;17,59;15,69;1,6;1,58;1,75;222;198;24;355;313;42;9
2021;03;01;HOTEL;02;2 ESTRELLAS;LA LIBERTAD;130000;21;589;958;48,22;42,84;2,66;2,66;2,04;4790;4766;24;12724;12675;49;103
2021;03;01;HOTEL;02;2 ESTRELLAS;MADRE DE DIOS;170000;7;198;348;27,34;20,78;1,36;1,35;1,68;1653;1622;31;2242;2190;52;29
2021;03;01;HOTEL;02;2 ESTRELLAS;PUNO;210000;18;449;786;11,94;8,6;1,17;1,18;1;1786;1749;37;2096;2059;37;60
2021;03;01;HOTEL;02;2 ESTRELLAS;TACNA;230000;28;824;1655;10,38;8,9;2,1;2,09;2,27;2177;2081;96;4565;4347;218;143
2021;03;01;HOTEL;03;3 ESTRELLAS;AMAZONAS;010000;11;242;407;16,02;15,96;1,46;1,46;1,78;1375;1357;18;2014;1982;32;53
2021;03;01;HOTEL;03;3 ESTRELLAS;ÁNCASH;020000;38;1329;2336;27,16;18,37;1,58;1,57;2,33;8443;8376;67;13300;13144;156;264
2021;03;00;NO CLASIFICADO;00;NO CATEGORIZADO;HUÁNUCO;100000;454;5293;7820;18,32;15,92;1,15;1,15;1,29;33609;33514;95;38582;38459;123;694
2021;03;00;NO CLASIFICADO;TT;TODAS CONSOLIDADAS;HUÁNUCO;100000;454;5293;7820;18,32;15,92;1,15;1,15;1,29;33609;33514;95;38582;38459;123;694
2021;03;01;HOTEL;01;1 ESTRELLA;HUÁNUCO;100000;8;239;353;22,77;22,94;1;1;0;2510;2510;0;2510;2510;0;38
2021;03;01;HOTEL;02;2 ESTRELLAS;HUÁNUCO;100000;39;1196;1902;18,94;15,8;1,18;1,18;1;7892;7879;13;9314;9301;13;188
2021;03;00;NO CLASIFICADO;00;NO CATEGORIZADO;ICA;110000;678;8000;13947;15,98;12,8;1,24;1,24;1,38;44600;43423;1177;55340;53710;1630;1345
2021;03;00;NO CLASIFICADO;00;NO CATEGORIZADO;JUNÍN;120000;1190;13030;21063;16,22;11,26;1,16;1,16;1,28;63560;63404;156;73499;73299;200;2209
2021;03;00;NO CLASIFICADO;TT;TODAS CONSOLIDADAS;JUNÍN;120000;1190;13030;21063;16,22;11,26;1,16;1,16;1,28;63560;63404;156;73499;73299;200;2209
2021;03;01;HOTEL;01;1 ESTRELLA;JUNÍN;120000;6;226;420;6,77;4,02;1,32;1,32;0;397;397;0;523;523;0;25
2021;03;01;HOTEL;02;2 ESTRELLAS;JUNÍN;120000;26;797;1398;25,03;16,26;1,75;1,75;1,65;4037;4014;23;7048;7010;38;123
2021;03;00;NO CLASIFICADO;00;NO CATEGORIZADO;LAMBAYEQUE;140000;337;3694;5335;21,9;19,4;1,03;1,03;1,19;31246;30919;327;32083;31695;388;649
2021;03;00;NO CLASIFICADO;TT;TODAS CONSOLIDADAS;LAMBAYEQUE;140000;337;3694;5335;21,9;19,4;1,03;1,03;1,19;31246;30919;327;32083;31695;388;649
2021;03;01;HOTEL;01;1 ESTRELLA;LAMBAYEQUE;140000;3;103;149;0;0;0;0;0;0;0;0;0;0;0;0
2021;03;01;HOTEL;02;2 ESTRELLAS;LAMBAYEQUE;140000;70;1950;2916;18,55;13,94;1,16;1,16;1,3;10863;10780;83;12604;12496;108;296
2021;03;00;NO CLASIFICADO;00;NO CATEGORIZADO;LORETO;160000;659;6366;9981;11,9;10,86;1,3;1,3;1,23;25855;25449;406;33617;33116;501;748
2021;03;00;NO CLASIFICADO;TT;TODAS CONSOLIDADAS;LORETO;160000;659;6366;9981;11,9;10,86;1,3;1,3;1,23;25855;25449;406;33617;33116;501;748
2021;03;01;HOTEL;02;2 ESTRELLAS;LORETO;160000;14;356;582;9,41;9,76;1,6;1,61;1,52;1099;1011;88;1760;1626;134;55
2021;03;00;NO CLASIFICADO;00;NO CATEGORIZADO;MOQUEGUA;180000;161;1542;2603;10,97;7,85;1,45;1,45;1;4378;4351;27;6331;6304;27;200
2021;03;00;NO CLASIFICADO;TT;TODAS CONSOLIDADAS;MOQUEGUA;180000;161;1542;2603;10,97;7,85;1,45;1,45;1;4378;4351;27;6331;6304;27;200
2021;03;01;HOTEL;01;1 ESTRELLA;MOQUEGUA;180000;1;21;42;28,73;14,9;3,66;3,66;0;53;53;0;194;194;0;4
2021;03;01;HOTEL;02;2 ESTRELLAS;MOQUEGUA;180000;16;464;795;19,72;14,88;2,62;2,38;3,52;1398;1097;301;3667;2606;1061;70
2021;03;00;NO CLASIFICADO;00;NO CATEGORIZADO;PASCO;190000;258;2865;4448;14,8;12,01;1,1;1,1;1;15065;15059;6;16562;16556;6;402
2021;03;00;NO CLASIFICADO;TT;TODAS CONSOLIDADAS;PASCO;190000;258;2865;4448;14,8;12,01;1,1;1,1;1;15065;15059;6;16562;16556;6;402
2021;03;01;HOTEL;01;1 ESTRELLA;PASCO;190000;6;168;272;29,24;22,96;1,18;1,18;0;1639;1639;0;1936;1936;0;31
2021;03;01;HOTEL;02;2 ESTRELLAS;PASCO;190000;5;151;269;47,92;39,03;1,31;1,31;0;2484;2484;0;3255;3255;0;30
2021;03;00;NO CLASIFICADO;00;NO CATEGORIZADO;PIURA;200000;946;9954;18133;29,08;23,54;1,57;1,54;2,12;84322;80028;4294;132339;123228;9111;1877
2021;03;01;HOTEL;01;1 ESTRELLA;PIURA;200000;2;40;87;0;0;0;0;0;0;0;0;0;0;0;0
2021;03;01;HOTEL;02;2 ESTRELLAS;PIURA;200000;20;494;830;17,47;16,69;2,26;2,26;1;1902;1898;4;4295;4291;4;90
2021;03;00;NO CLASIFICADO;00;NO CATEGORIZADO;SAN MARTÍN;220000;685;8036;12517;23,71;18,54;1,27;1,27;1,4;56786;56565;221;71946;71636;310;1081
2021;03;01;HOTEL;01;1 ESTRELLA;SAN MARTÍN;220000;6;124;209;43,05;43;1,72;1,72;1,73;1624;1609;15;2786;2760;26;22
2021;03;01;HOTEL;02;2 ESTRELLAS;SAN MARTÍN;220000;28;783;1306;30,42;21,94;1,62;1,62;2,1;5470;5388;82;8881;8709;172;138
2021;03;00;NO CLASIFICADO;00;NO CATEGORIZADO;TUMBES;240000;202;2161;4240;17,69;16,18;1,65;1,66;1,36;12870;12605;265;21268;20908;360;354
2021;03;00;NO CLASIFICADO;TT;TODAS CONSOLIDADAS;TUMBES;240000;202;2161;4240;17,69;16,18;1,65;1,66;1,36;12870;12605;265;21268;20908;360;354
2021;03;01;HOTEL;02;2 ESTRELLAS;TUMBES;240000;7;208;411;14,36;9,75;2,11;2,11;1,57;590;583;7;1242;1231;11;39
2021;03;00;NO CLASIFICADO;00;NO CATEGORIZADO;UCAYALI;250000;436;4916;7583;23,86;19,41;2,13;2,13;1,84;21456;21120;336;45631;45012;619;891
2021;03;01;HOTEL;02;2 ESTRELLAS;UCAYALI;250000;2;48;65;0;0;0;0;0;0;0;0;0;0;0;0
2021;03;00;NO CLASIFICADO;TT;TODAS CONSOLIDADAS;AREQUIPA;040000;1112;10006;16705;20,31;14,89;1,69;1,69;1,79;45619;45261;358;77095;76454;641;1244
2021;03;00;NO CLASIFICADO;TT;TODAS CONSOLIDADAS;CAJAMARCA;060000;575;5823;9018;13,26;12,64;1,3;1,3;0;27136;27136;0;35335;35335;0;1010
2021;03;00;NO CLASIFICADO;TT;TODAS CONSOLIDADAS;CALLAO;070000;260;3767;6944;26,6;24,79;1,03;1,03;1,06;88503;88161;342;91445;91082;363;958
2021;03;00;NO CLASIFICADO;TT;TODAS CONSOLIDADAS;HUANCAVELICA;090000;166;1857;2887;12,37;10,28;1,07;1,07;1,33;8602;8581;21;9198;9170;28;225
2021;03;00;NO CLASIFICADO;TT;TODAS CONSOLIDADAS;ICA;110000;678;8000;13947;15,98;12,8;1,24;1,24;1,38;44600;43423;1177;55340;53710;1630;1345
2021;03;00;NO CLASIFICADO;TT;TODAS CONSOLIDADAS;LA LIBERTAD;130000;770;6660;11139;28,55;21,87;1,19;1,19;1,5;63210;62271;939;75509;74101;1408;738
2021;03;00;NO CLASIFICADO;TT;TODAS CONSOLIDADAS;MADRE DE DIOS;170000;276;3829;6171;22,8;19,55;1,18;1,18;1,38;31755;31352;403;37408;36850;558;497
2021;03;00;NO CLASIFICADO;TT;TODAS CONSOLIDADAS;PIURA;200000;946;9954;18133;29,08;23,54;1,57;1,54;2,12;84322;80028;4294;132339;123228;9111;1877
2021;03;00;NO CLASIFICADO;TT;TODAS CONSOLIDADAS;TACNA;230000;391;3773;6828;18,38;11,77;1,14;1,14;1;21855;21704;151;24910;24759;151;658
2021;03;01;HOTEL;01;1 ESTRELLA;TACNA;230000;2;57;112;7,75;5,56;2,35;2,35;0;82;82;0;193;193;0;5
2021;03;00;NO CLASIFICADO;TT;TODAS CONSOLIDADAS;UCAYALI;250000;436;4916;7583;23,86;19,41;2,13;2,13;1,84;21456;21120;336;45631;45012;619;891
2021;03;01;HOTEL;01;1 ESTRELLA;ÁNCASH;020000;12;362;565;17,12;13,78;1,13;1,13;0;2133;2133;0;2413;2413;0;50
2021;03;01;HOTEL;02;2 ESTRELLAS;ÁNCASH;020000;40;1089;2019;19,51;15,91;1,16;1,16;1,35;8601;8575;26;9961;9926;35;181
2021;03;01;HOTEL;01;1 ESTRELLA;AREQUIPA;040000;5;177;286;14,47;9,24;2,18;2,18;0;376;376;0;819;819;0;29
2021;03;01;HOTEL;01;1 ESTRELLA;ICA;110000;5;102;130;0;0;0;0;0;0;0;0;0;0;0;0
2021;03;01;HOTEL;02;2 ESTRELLAS;ICA;110000;51;1371;2386;19,53;15,18;1,82;1,8;3,48;6155;6082;73;11228;10974;254;228
2021;03;01;HOTEL;02;2 ESTRELLAS;LIMA;150000;111;4678;8395;29,16;25,86;1,37;1,37;1,55;56577;55533;1044;77485;75863;1622;808
2021;03;01;HOTEL;03;3 ESTRELLAS;APURÍMAC;030000;3;98;172;29,1;20,59;1,68;1,69;1;652;649;3;1098;1095;3;20
2021;03;01;HOTEL;03;3 ESTRELLAS;AREQUIPA;040000;63;1864;3482;36,21;21,84;3,18;3,14;5,5;7415;7280;135;23574;22832;742;505
2021;03;01;HOTEL;03;3 ESTRELLAS;AYACUCHO;050000;7;239;453;15,98;10,13;2,75;2,63;5,16;517;492;25;1423;1294;129;80
2021;03;01;HOTEL;03;3 ESTRELLAS;CAJAMARCA;060000;58;1808;3036;17,05;12,09;1,88;1,87;2,26;6059;6021;38;11374;11288;86;359
2021;03;01;HOTEL;03;3 ESTRELLAS;CALLAO;070000;4;233;436;14,63;14,01;1,35;1,3;1,75;1408;1255;153;1894;1626;268;40
2021;03;01;HOTEL;03;3 ESTRELLAS;CUSCO;080000;60;2239;4227;9,82;6,85;2,11;2,12;2,01;4265;3856;409;8980;8157;823;481
2021;03;01;HOTEL;03;3 ESTRELLAS;HUANCAVELICA;090000;2;65;108;9,48;9,86;1,48;1,48;1,33;223;220;3;330;326;4;18
2021;03;01;HOTEL;03;3 ESTRELLAS;HUÁNUCO;100000;13;532;973;17;16,93;1,6;1,6;1,88;3197;3180;17;5107;5075;32;127
2021;03;01;HOTEL;03;3 ESTRELLAS;ICA;110000;48;1763;3631;24,43;19,47;1,61;1,6;1,84;13625;13041;584;21910;20834;1076;382
2021;03;01;HOTEL;03;3 ESTRELLAS;JUNÍN;120000;19;728;1363;14,59;8,5;1,42;1,41;1,74;2533;2510;23;3591;3551;40;165
2021;03;01;HOTEL;03;3 ESTRELLAS;LA LIBERTAD;130000;82;2322;4436;24,74;17,86;1,84;1,83;2,02;13353;12920;433;24558;23682;876;517
2021;03;01;HOTEL;03;3 ESTRELLAS;LAMBAYEQUE;140000;36;1226;2053;18,17;14,22;1,76;1,72;3,09;5150;4994;156;9052;8570;482;229
2021;03;01;HOTEL;03;3 ESTRELLAS;LIMA;150000;146;7359;13926;26,44;20,59;1,75;1,71;2,25;50824;47629;3195;88867;81673;7194;1466
2021;03;01;HOTEL;03;3 ESTRELLAS;LORETO;160000;18;561;967;24,89;15,46;3,28;3,32;2,68;1413;1328;85;4634;4406;228;118
2021;03;01;HOTEL;03;3 ESTRELLAS;MADRE DE DIOS;170000;5;188;341;18,15;14,87;1,93;1,93;1,85;816;796;20;1572;1535;37;51
2021;03;01;HOTEL;03;3 ESTRELLAS;MOQUEGUA;180000;10;322;585;63,19;35,69;2,01;2,01;2,19;3219;3203;16;6473;6438;35;64
2021;03;01;HOTEL;03;3 ESTRELLAS;PASCO;190000;4;119;237;26,29;18,5;1,29;1,29;0;1057;1057;0;1359;1359;0;18
2021;03;01;HOTEL;03;3 ESTRELLAS;PIURA;200000;16;614;1097;25,51;20,77;2,01;2;2,43;3507;3387;120;7062;6770;292;155
2021;03;01;HOTEL;03;3 ESTRELLAS;PUNO;210000;19;671;1203;15,01;9,87;2,08;2,08;2,38;1767;1751;16;3679;3641;38;136
2021;03;01;HOTEL;03;3 ESTRELLAS;SAN MARTÍN;220000;22;876;1422;24,86;22,76;2,33;2,32;3,06;4300;4214;86;10031;9768;263;156
2021;03;01;HOTEL;03;3 ESTRELLAS;TACNA;230000;12;430;905;29,01;15,65;1,79;1,78;1,94;2460;2426;34;4392;4326;66;107
2021;03;01;HOTEL;03;3 ESTRELLAS;TUMBES;240000;8;234;464;3,42;2,77;1;1;0;398;398;0;398;398;0;43
2021;03;01;HOTEL;03;3 ESTRELLAS;UCAYALI;250000;15;550;901;21,73;16,46;2,42;2,36;3,01;1902;1739;163;4598;4107;491;133
2021;03;01;HOTEL;04;4 ESTRELLAS;AREQUIPA;040000;9;420;802;45,49;26,2;2,72;2,71;3,39;2398;2365;33;6513;6401;112;124
2021;03;01;HOTEL;04;4 ESTRELLAS;CAJAMARCA;060000;3;173;311;53,18;34,6;2,24;2,26;1,58;1486;1462;24;3336;3298;38;79
2021;03;01;HOTEL;04;4 ESTRELLAS;CALLAO;070000;2;371;599;26,43;28,49;1,8;2,13;1,39;2940;1632;1308;5290;3477;1813;109
2021;03;01;HOTEL;04;4 ESTRELLAS;CUSCO;080000;8;672;1276;14,2;10,64;1,81;1,71;2,61;2318;2049;269;4207;3504;703;166
2021;03;01;HOTEL;04;4 ESTRELLAS;HUÁNUCO;100000;1;52;90;27,54;18,42;2,22;2,22;0;232;232;0;514;514;0;20
2021;03;01;HOTEL;04;4 ESTRELLAS;ICA;110000;6;593;1166;50,36;40,85;3,94;3,96;2,89;3747;3665;82;14767;14530;237;152
2021;03;01;HOTEL;04;4 ESTRELLAS;JUNÍN;120000;1;40;66;31,61;19,16;2,24;2,24;0;175;175;0;392;392;0;19
2021;03;01;HOTEL;04;4 ESTRELLAS;LAMBAYEQUE;140000;3;306;516;32,6;27,69;1,42;1,41;1,62;3114;2935;179;4429;4139;290;174
2021;03;01;HOTEL;04;4 ESTRELLAS;LIMA;150000;39;3574;6411;33,31;23,79;2,19;2,14;2,57;21589;19150;2439;47271;41011;6260;1163
2021;03;01;HOTEL;04;4 ESTRELLAS;LORETO;160000;2;90;150;23,44;16,47;1,94;1,95;1,63;394;386;8;766;753;13;27
2021;03;01;HOTEL;04;4 ESTRELLAS;MOQUEGUA;180000;2;123;229;78,23;42,19;2,68;2,65;5,4;1116;1101;15;2995;2914;81;37
2021;03;01;HOTEL;04;4 ESTRELLAS;PIURA;200000;3;296;591;26,75;19,05;2,06;2,05;2,15;1696;1591;105;3490;3264;226;47
2021;03;01;HOTEL;04;4 ESTRELLAS;PUNO;210000;6;373;707;33,87;18,57;2,82;2,82;2,69;1445;1432;13;4071;4036;35;80
2021;03;01;HOTEL;04;4 ESTRELLAS;SAN MARTÍN;220000;1;50;108;43,23;39,78;1,42;1,42;1,43;935;921;14;1332;1312;20;48
2021;03;01;HOTEL;04;4 ESTRELLAS;TACNA;230000;1;150;300;38,99;21,53;2,1;2,1;1,67;953;947;6;2002;1992;10;21
2021;03;01;HOTEL;04;4 ESTRELLAS;TUMBES;240000;5;265;520;12,94;12,37;2,11;2,11;2,04;946;921;25;1994;1943;51;70
2021;03;01;HOTEL;04;4 ESTRELLAS;UCAYALI;250000;5;289;510;29,08;22,16;2,64;2,64;2,56;1328;1218;110;3503;3221;282;66
2021;03;01;HOTEL;05;5 ESTRELLAS;AREQUIPA;040000;3;241;346;65,53;47,68;2,28;2,18;9,19;2244;2213;31;5114;4829;285;120
2021;03;01;HOTEL;05;5 ESTRELLAS;CUSCO;080000;9;934;1809;9,61;8,89;2,1;2,06;2,27;2373;1943;430;4987;4009;978;501
2021;03;01;HOTEL;05;5 ESTRELLAS;ICA;110000;3;345;796;66,3;52,35;2,51;2,48;3,11;5154;4929;225;12918;12218;700;310
2021;03;01;HOTEL;05;5 ESTRELLAS;LA LIBERTAD;130000;1;120;240;48,23;37,63;1,76;1,69;2,79;1594;1502;92;2800;2543;257;55
2021;03;01;HOTEL;05;5 ESTRELLAS;LIMA;150000;20;3694;6713;54,87;33,89;2,36;2,19;3,46;29929;25991;3938;70534;56896;13638;1978
2021;03;01;HOTEL;05;5 ESTRELLAS;LORETO;160000;1;60;122;76,94;44,95;3,51;3,59;3,07;485;409;76;1700;1467;233;23
2021;03;01;HOTEL;05;5 ESTRELLAS;PIURA;200000;1;83;168;48,39;37,29;2,16;2,09;2,68;901;805;96;1942;1685;257;47
2021;03;01;HOTEL;05;5 ESTRELLAS;PUNO;210000;1;123;231;55,07;32,3;1,87;1,87;0;1236;1236;0;2313;2313;0;45
2021;03;01;HOTEL;05;5 ESTRELLAS;UCAYALI;250000;2;165;306;13,31;9,94;2,86;2,74;3,97;330;298;32;943;816;127;28
2021;03;01;HOTEL;TT;TODAS CONSOLIDADAS;AMAZONAS;010000;37;887;1443;15,88;14,61;1,45;1,45;1,49;4513;4478;35;6534;6482;52;154
2021;03;01;HOTEL;TT;TODAS CONSOLIDADAS;ÁNCASH;020000;90;2780;4920;22,85;16,83;1,34;1,34;2,05;19177;19084;93;25674;25483;191;495
2021;03;01;HOTEL;TT;TODAS CONSOLIDADAS;APURÍMAC;030000;9;358;598;15,31;11,38;1,39;1,39;1;1516;1513;3;2110;2107;3;42
2021;03;01;HOTEL;TT;TODAS CONSOLIDADAS;AREQUIPA;040000;119;3810;6841;33,95;22,1;2,59;2,56;4,81;18103;17849;254;46878;45655;1223;956
2021;03;01;HOTEL;TT;TODAS CONSOLIDADAS;AYACUCHO;050000;22;657;1175;15,37;14,86;2,35;2,32;3,74;2306;2263;43;5414;5253;161;149
2021;03;01;HOTEL;TT;TODAS CONSOLIDADAS;CAJAMARCA;060000;106;3841;5886;16,94;13,37;1,53;1,52;1,87;15987;15916;71;24396;24263;133;640
2021;03;01;HOTEL;TT;TODAS CONSOLIDADAS;CALLAO;070000;8;681;1176;20,6;21,09;1,65;1,76;1,42;4991;3318;1673;8234;5853;2382;174
2021;03;01;HOTEL;TT;TODAS CONSOLIDADAS;CUSCO;080000;124;5023;9371;10,17;7,83;1,9;1,86;2,2;11978;10686;1292;22739;19892;2847;1404
2021;03;01;HOTEL;TT;TODAS CONSOLIDADAS;HUANCAVELICA;090000;4;107;181;12,66;12,21;1,54;1,53;1,7;445;418;27;685;639;46;27
2021;03;01;HOTEL;TT;TODAS CONSOLIDADAS;HUÁNUCO;100000;61;2019;3318;19,1;16,96;1,26;1,26;1,5;13831;13801;30;17445;17400;45;373
2021;03;01;HOTEL;TT;TODAS CONSOLIDADAS;ICA;110000;113;4174;8109;29,37;24,2;2,12;2,11;2,35;28681;27717;964;60823;58556;2267;1072
2021;03;01;HOTEL;TT;TODAS CONSOLIDADAS;JUNÍN;120000;52;1791;3247;18,63;11,48;1,62;1,62;1,7;7142;7096;46;11554;11476;78;332
2021;03;01;HOTEL;TT;TODAS CONSOLIDADAS;LA LIBERTAD;130000;109;3284;6050;31,37;23,39;2,09;2,09;2,11;20951;20332;619;43860;42552;1308;702
2021;03;01;HOTEL;TT;TODAS CONSOLIDADAS;LAMBAYEQUE;140000;112;3585;5634;19,09;14,94;1,36;1,35;2,11;19127;18709;418;26085;25205;880;699
2021;03;01;HOTEL;TT;TODAS CONSOLIDADAS;LIMA;150000;327;19870;36351;34,53;24,94;1,87;1,79;2,77;166801;154002;12799;311470;275979;35491;6377
2021;03;01;HOTEL;TT;TODAS CONSOLIDADAS;LORETO;160000;35;1067;1821;22,53;15,7;2,61;2,63;2,37;3391;3134;257;8860;8252;608;223
2021;03;01;HOTEL;TT;TODAS CONSOLIDADAS;MADRE DE DIOS;170000;17;563;966;20,38;16,68;1,38;1,37;1,61;3624;3555;69;4994;4883;111;110
2021;03;01;HOTEL;TT;TODAS CONSOLIDADAS;MOQUEGUA;180000;29;930;1651;42,72;26,04;2,3;2,23;3,55;5786;5454;332;13329;12152;1177;175
2021;03;01;HOTEL;TT;TODAS CONSOLIDADAS;PASCO;190000;15;438;778;34,88;27,16;1,26;1,26;0;5180;5180;0;6550;6550;0;79
2021;03;01;HOTEL;TT;TODAS CONSOLIDADAS;PIURA;200000;42;1527;2773;23,73;19,53;2,1;2,08;2,4;8006;7681;325;16789;16010;779;339
2021;03;01;HOTEL;TT;TODAS CONSOLIDADAS;PUNO;210000;49;1751;3160;21,77;14,25;2,06;2,06;1,67;6786;6720;66;13955;13845;110;338
2021;03;01;HOTEL;TT;TODAS CONSOLIDADAS;SAN MARTÍN;220000;57;1833;3045;28,97;24,4;1,87;1,86;2,44;12329;12132;197;23030;22549;481;364
2021;03;01;HOTEL;TT;TODAS CONSOLIDADAS;TACNA;230000;43;1461;2972;18,7;12,1;1,97;1,96;2,16;5672;5536;136;11152;10858;294;276
2021;03;01;HOTEL;TT;TODAS CONSOLIDADAS;TUMBES;240000;20;707;1395;10,21;8,4;1,88;1,88;1,94;1934;1902;32;3634;3572;62;152
2021;03;01;HOTEL;TT;TODAS CONSOLIDADAS;UCAYALI;250000;24;1052;1782;21,44;16,37;2,54;2,5;2,95;3560;3255;305;9044;8144;900;227
2021;03;02;APART HOTEL;03;3 ESTRELLAS;ÁNCASH;020000;2;16;44;39,92;39,96;6,81;6,81;0;80;80;0;545;545;0;4
2021;03;02;APART HOTEL;03;3 ESTRELLAS;APURÍMAC;030000;1;23;31;55,26;50,99;4,3;4,39;1;114;111;3;490;487;3;9
2021;03;02;APART HOTEL;03;3 ESTRELLAS;AREQUIPA;040000;1;18;36;,54;,27;1;1;0;3;3;0;3;3;0;2
2021;03;02;APART HOTEL;03;3 ESTRELLAS;CAJAMARCA;060000;1;7;12;0;0;0;0;0;0;0;0;0;0;0;0
2021;03;02;APART HOTEL;03;3 ESTRELLAS;ICA;110000;1;10;20;2,58;2,58;2;2;0;8;8;0;16;16;0;4
2021;03;02;APART HOTEL;03;3 ESTRELLAS;LA LIBERTAD;130000;1;11;24;0;0;0;0;0;0;0;0;0;0;0;0
2021;03;02;APART HOTEL;03;3 ESTRELLAS;LIMA;150000;8;206;389;25,54;21,25;4,42;3,98;5,85;580;443;137;2563;1762;801;44
2021;03;02;APART HOTEL;03;3 ESTRELLAS;LORETO;160000;1;20;36;23,23;13,17;3,06;3,06;0;48;48;0;147;147;0;12
2021;03;02;APART HOTEL;03;3 ESTRELLAS;PASCO;190000;1;11;18;11,73;12,37;1,06;1,06;0;65;65;0;69;69;0;4
2021;03;02;APART HOTEL;03;3 ESTRELLAS;TUMBES;240000;2;18;50;69,89;42,19;2,26;2,26;0;289;289;0;654;654;0;15
2021;03;02;APART HOTEL;04;4 ESTRELLAS;AREQUIPA;040000;1;19;32;31,58;47,18;2,19;2,13;2,54;214;186;28;468;397;71;5
2021;03;02;APART HOTEL;04;4 ESTRELLAS;LIMA;150000;10;699;1442;57,64;44,33;2,24;2,15;3,55;8836;8236;600;19815;17688;2127;423
2021;03;02;APART HOTEL;04;4 ESTRELLAS;LORETO;160000;1;13;23;21,09;16,83;1,41;1,15;1,46;85;13;72;120;15;105;6
2021;03;02;APART HOTEL;04;4 ESTRELLAS;SAN MARTÍN;220000;1;24;38;55,51;56,79;2,36;2,24;3,5;283;255;28;669;571;98;12
2021;03;02;APART HOTEL;05;5 ESTRELLAS;LIMA;150000;6;399;674;31,76;31,4;2,88;2,82;4,33;2276;2180;96;6561;6145;416;147
2021;03;02;APART HOTEL;TT;TODAS CONSOLIDADAS;ÁNCASH;020000;2;16;44;39,92;39,96;6,81;6,81;0;80;80;0;545;545;0;4
2021;03;02;APART HOTEL;TT;TODAS CONSOLIDADAS;APURÍMAC;030000;1;23;31;55,26;50,99;4,3;4,39;1;114;111;3;490;487;3;9
2021;03;02;APART HOTEL;TT;TODAS CONSOLIDADAS;AREQUIPA;040000;2;37;68;16,48;22,34;2,17;2,12;2,54;217;189;28;471;400;71;7
2021;03;02;APART HOTEL;TT;TODAS CONSOLIDADAS;CAJAMARCA;060000;1;7;12;0;0;0;0;0;0;0;0;0;0;0;0
2021;03;02;APART HOTEL;TT;TODAS CONSOLIDADAS;ICA;110000;1;10;20;2,58;2,58;2;2;0;8;8;0;16;16;0;4
2021;03;02;APART HOTEL;TT;TODAS CONSOLIDADAS;LA LIBERTAD;130000;1;11;24;0;0;0;0;0;0;0;0;0;0;0;0
2021;03;02;APART HOTEL;TT;TODAS CONSOLIDADAS;LIMA;150000;24;1304;2505;44,65;37,27;2,48;2,36;4,01;11692;10859;833;28939;25595;3344;614
2021;03;02;APART HOTEL;TT;TODAS CONSOLIDADAS;LORETO;160000;2;33;59;22,39;14,6;2,01;2,66;1,46;133;61;72;267;162;105;18
2021;03;02;APART HOTEL;TT;TODAS CONSOLIDADAS;PASCO;190000;1;11;18;11,73;12,37;1,06;1,06;0;65;65;0;69;69;0;4
2021;03;02;APART HOTEL;TT;TODAS CONSOLIDADAS;SAN MARTÍN;220000;1;24;38;55,51;56,79;2,36;2,24;3,5;283;255;28;669;571;98;12
2021;03;02;APART HOTEL;TT;TODAS CONSOLIDADAS;TUMBES;240000;2;18;50;69,89;42,19;2,26;2,26;0;289;289;0;654;654;0;15
2021;03;03;HOSTAL;01;1 ESTRELLA;AMAZONAS;010000;14;208;312;21,12;30,14;1;1;1;2908;2879;29;2915;2886;29;34
2021;03;03;HOSTAL;01;1 ESTRELLA;ÁNCASH;020000;44;603;976;25,53;22,19;1,1;1,1;1;6091;6075;16;6713;6697;16;97
2021;03;03;HOSTAL;01;1 ESTRELLA;APURÍMAC;030000;1;10;20;0;0;0;0;0;0;0;0;0;0;0;0
2021;03;03;HOSTAL;01;1 ESTRELLA;AREQUIPA;040000;52;773;1187;18,17;14,65;1,44;1,44;1,69;3737;3705;32;5392;5338;54;125
2021;03;03;HOSTAL;01;1 ESTRELLA;AYACUCHO;050000;4;91;161;14,25;10,84;1,31;1,3;1,6;413;393;20;541;509;32;18
2021;03;03;HOSTAL;01;1 ESTRELLA;CAJAMARCA;060000;23;398;663;5,54;2,98;1,07;1,07;0;573;573;0;612;612;0;69
2021;03;03;HOSTAL;01;1 ESTRELLA;CALLAO;070000;11;204;408;29,67;29,7;1;1;1;3950;3931;19;3950;3931;19;34
2021;03;03;HOSTAL;01;1 ESTRELLA;CUSCO;080000;22;391;644;17,56;15,36;1,04;1,04;1,5;2936;2934;2;3066;3063;3;55
2021;03;03;HOSTAL;01;1 ESTRELLA;HUANCAVELICA;090000;2;29;45;42,71;28,17;1,01;1,01;0;388;388;0;393;393;0;5
2021;03;03;HOSTAL;01;1 ESTRELLA;HUÁNUCO;100000;13;206;311;65,86;60,29;1,09;1,09;1,1;5343;5270;73;5813;5733;80;34
2021;03;03;HOSTAL;01;1 ESTRELLA;ICA;110000;12;166;255;16,6;12,36;1,06;1,06;1;920;917;3;977;974;3;29
2021;03;03;HOSTAL;01;1 ESTRELLA;JUNÍN;120000;11;165;288;24,52;17,45;1,33;1,33;0;1173;1173;0;1558;1558;0;29
2021;03;03;HOSTAL;01;1 ESTRELLA;LA LIBERTAD;130000;34;470;820;35,02;19,92;1,73;1,73;0;2933;2933;0;5064;5064;0;82
2021;03;03;HOSTAL;01;1 ESTRELLA;LAMBAYEQUE;140000;19;251;323;20,95;18,37;1,14;1,13;1,51;1620;1579;41;1839;1777;62;43
2021;03;03;HOSTAL;01;1 ESTRELLA;LIMA;150000;73;1490;2754;20,68;20,67;1,05;1,05;1,03;19662;19164;498;20640;20126;514;270
2021;03;03;HOSTAL;01;1 ESTRELLA;LORETO;160000;6;91;134;2,66;2,84;2,15;2,15;0;55;55;0;118;118;0;15
2021;03;03;HOSTAL;01;1 ESTRELLA;MADRE DE DIOS;170000;1;35;61;16,96;14,7;2;2;2;139;137;2;278;274;4;3
2021;03;03;HOSTAL;01;1 ESTRELLA;MOQUEGUA;180000;15;190;344;20,53;15,39;1,64;1,62;2,53;999;969;30;1641;1565;76;33
2021;03;03;HOSTAL;01;1 ESTRELLA;PASCO;190000;16;282;410;33,41;24,96;1,05;1,05;0;3008;3008;0;3172;3172;0;44
2021;03;03;HOSTAL;01;1 ESTRELLA;PIURA;200000;2;36;51;24,1;16,26;2,06;2,06;0;125;125;0;257;257;0;8
2021;03;03;HOSTAL;01;1 ESTRELLA;PUNO;210000;20;336;564;15,95;12,63;1,02;1,03;1;2158;1773;385;2208;1823;385;45
2021;03;03;HOSTAL;01;1 ESTRELLA;SAN MARTÍN;220000;1;20;33;17,42;10,56;1,71;1,71;0;63;63;0;108;108;0;8
2021;03;03;HOSTAL;01;1 ESTRELLA;TACNA;230000;10;182;320;6,29;4,96;1,39;1,39;0;353;353;0;492;492;0;26
2021;03;03;HOSTAL;02;2 ESTRELLAS;AMAZONAS;010000;50;927;1448;26,43;20,39;1,01;1,01;1;9046;9045;1;9153;9152;1;151
2021;03;03;HOSTAL;02;2 ESTRELLAS;ÁNCASH;020000;127;2076;3511;29,15;28,52;1,05;1,05;1,15;29631;29564;67;31044;30967;77;350
2021;03;03;HOSTAL;02;2 ESTRELLAS;APURÍMAC;030000;5;138;201;37,49;27,35;1,09;1,09;1;1568;1565;3;1704;1701;3;22
2021;03;03;HOSTAL;02;2 ESTRELLAS;AREQUIPA;040000;128;2107;3823;24,24;19,56;1,38;1,38;1,59;16780;16571;209;23184;22852;332;367
2021;03;03;HOSTAL;02;2 ESTRELLAS;AYACUCHO;050000;3;34;67;0;0;0;0;0;0;0;0;0;0;0;0
2021;03;03;HOSTAL;02;2 ESTRELLAS;CAJAMARCA;060000;107;2049;3183;15,86;12,97;1,36;1,36;1;9403;9396;7;12793;12786;7;326
2021;03;03;HOSTAL;02;2 ESTRELLAS;CALLAO;070000;6;186;358;56,52;57,65;1,01;1,01;1;7089;6950;140;7131;6992;140;39
2021;03;03;HOSTAL;02;2 ESTRELLAS;CUSCO;080000;47;779;1335;13,72;11,63;1,74;1,71;2,38;2769;2653;116;4815;4539;276;127
2021;03;03;HOSTAL;02;2 ESTRELLAS;HUANCAVELICA;090000;2;49;81;9,28;7,45;1,31;1,31;0;143;143;0;187;187;0;6
2021;03;03;HOSTAL;02;2 ESTRELLAS;HUÁNUCO;100000;19;248;396;31,61;25,63;1,05;1,05;1;2984;2978;6;3146;3140;6;48
2021;03;03;HOSTAL;02;2 ESTRELLAS;ICA;110000;60;895;1480;18,49;16,7;1,12;1,12;1,09;6835;6791;44;7661;7613;48;152
2021;03;03;HOSTAL;02;2 ESTRELLAS;JUNÍN;120000;17;302;609;26,08;23,12;1,19;1,19;0;3666;3666;0;4365;4365;0;57
2021;03;03;HOSTAL;02;2 ESTRELLAS;LAMBAYEQUE;140000;158;2317;3232;24,55;17,46;1,06;1,06;1,02;16461;16209;252;17495;17237;258;423
2021;03;03;HOSTAL;02;2 ESTRELLAS;LIMA;150000;125;2872;5260;32,23;31,24;1,45;1,42;2,54;53268;51714;1554;77183;73237;3946;763
2021;03;03;HOSTAL;02;2 ESTRELLAS;LORETO;160000;5;79;124;13,76;20,21;1,94;1,92;2,3;401;381;20;777;731;46;16
2021;03;03;HOSTAL;02;2 ESTRELLAS;MADRE DE DIOS;170000;5;139;210;27,22;19,52;1,22;1,22;1,19;1045;991;54;1271;1207;64;23
2021;03;03;HOSTAL;02;2 ESTRELLAS;MOQUEGUA;180000;49;626;1036;32,59;22,37;2,48;2,47;2,88;2898;2858;40;7185;7070;115;115
2021;03;03;HOSTAL;02;2 ESTRELLAS;PASCO;190000;10;165;299;23,4;15,06;2,69;2,63;17;519;517;2;1396;1362;34;26
2021;03;03;HOSTAL;02;2 ESTRELLAS;PIURA;200000;28;541;869;27,05;27,19;1,73;1,72;1,82;4226;3841;385;7324;6624;700;108
2021;03;03;HOSTAL;02;2 ESTRELLAS;PUNO;210000;28;460;835;21,18;14,23;1,49;1,49;1;2476;2463;13;3683;3670;13;76
2021;03;03;HOSTAL;02;2 ESTRELLAS;SAN MARTÍN;220000;15;241;398;31,41;24,19;1,51;1,51;1,48;1982;1959;23;2984;2950;34;49
2021;03;03;HOSTAL;02;2 ESTRELLAS;TACNA;230000;20;349;655;29,35;16,11;1;1;0;3271;3271;0;3271;3271;0;60
2021;03;03;HOSTAL;02;2 ESTRELLAS;TUMBES;240000;5;66;131;6,94;4,14;1;1;0;168;168;0;168;168;0;14
2021;03;03;HOSTAL;02;2 ESTRELLAS;UCAYALI;250000;2;70;127;19,4;12,34;1,49;1,49;1;326;325;1;486;485;1;13
2021;03;03;HOSTAL;03;3 ESTRELLAS;AMAZONAS;010000;8;147;297;6,52;4,54;1,23;1,23;0;341;341;0;418;418;0;25
2021;03;03;HOSTAL;03;3 ESTRELLAS;ÁNCASH;020000;21;334;619;20,52;15,46;2,46;2,47;1,17;1205;1199;6;2967;2960;7;58
2021;03;03;HOSTAL;03;3 ESTRELLAS;APURÍMAC;030000;1;24;43;28,9;16,13;1,85;1,85;0;116;116;0;215;215;0;7
2021;03;03;HOSTAL;03;3 ESTRELLAS;AREQUIPA;040000;32;509;916;31,64;19,85;2,14;2,13;2,86;2632;2596;36;5638;5535;103;124
2021;03;03;HOSTAL;03;3 ESTRELLAS;AYACUCHO;050000;2;40;83;31,29;19,59;1,94;1,92;2,12;260;234;26;504;449;55;12
2021;03;03;HOSTAL;03;3 ESTRELLAS;CAJAMARCA;060000;43;694;1148;17,52;12,21;1,46;1,46;1,63;2975;2913;62;4347;4246;101;122
2021;03;03;HOSTAL;03;3 ESTRELLAS;CUSCO;080000;19;341;652;7,82;5,86;2,34;2,34;3;506;505;1;1184;1181;3;55
2021;03;03;HOSTAL;03;3 ESTRELLAS;HUANCAVELICA;090000;2;20;23;0;0;0;0;0;0;0;0;0;0;0;0
2021;03;03;HOSTAL;03;3 ESTRELLAS;HUÁNUCO;100000;1;14;24;0;0;0;0;0;0;0;0;0;0;0;0
2021;03;03;HOSTAL;03;3 ESTRELLAS;ICA;110000;33;651;1195;23,02;15,07;1,46;1,45;1,66;3812;3629;183;5583;5280;303;143
2021;03;03;HOSTAL;03;3 ESTRELLAS;JUNÍN;120000;2;47;93;39,26;27,78;1,35;1,35;2;593;592;1;801;799;2;40
2021;03;03;HOSTAL;03;3 ESTRELLAS;LAMBAYEQUE;140000;23;345;518;27;21,58;1,21;1,21;1,15;2863;2823;40;3466;3420;46;80
2021;03;03;HOSTAL;03;3 ESTRELLAS;LIMA;150000;16;348;701;13,33;12,54;1,08;1,08;1,07;2583;2569;15;2799;2783;16;67
2021;03;03;HOSTAL;03;3 ESTRELLAS;LORETO;160000;8;113;187;22,38;14,3;2,36;2,33;2,9;351;331;20;829;771;58;29
2021;03;03;HOSTAL;03;3 ESTRELLAS;MADRE DE DIOS;170000;1;22;29;11;35,04;4,2;4,24;1;75;74;1;315;314;1;2
2021;03;03;HOSTAL;03;3 ESTRELLAS;MOQUEGUA;180000;2;28;40;83,06;56,53;6,43;6,43;0;109;109;0;701;701;0;6
2021;03;03;HOSTAL;03;3 ESTRELLAS;PASCO;190000;1;9;18;0;0;0;0;0;0;0;0;0;0;0;0
2021;03;03;HOSTAL;03;3 ESTRELLAS;PIURA;200000;2;37;89;10,11;11,63;1,89;1,89;0;170;170;0;321;321;0;12
2021;03;03;HOSTAL;03;3 ESTRELLAS;PUNO;210000;7;152;265;32,49;23,92;2,45;2,46;1,71;801;794;7;1965;1953;12;33
2021;03;03;HOSTAL;03;3 ESTRELLAS;SAN MARTÍN;220000;6;112;241;16,04;13,17;1,44;1,42;3,4;685;680;5;984;967;17;40
2021;03;03;HOSTAL;03;3 ESTRELLAS;TACNA;230000;5;89;184;40,49;23,83;1,84;1,84;0;740;740;0;1359;1359;0;15
2021;03;03;HOSTAL;03;3 ESTRELLAS;TUMBES;240000;5;83;174;32,02;20,24;1,57;1,57;0;697;697;0;1092;1092;0;15
2021;03;03;HOSTAL;03;3 ESTRELLAS;UCAYALI;250000;2;45;71;3,58;3,68;3,38;3,38;0;24;24;0;81;81;0;5
2021;03;03;HOSTAL;TT;TODAS CONSOLIDADAS;AMAZONAS;010000;72;1282;2057;23,29;19,58;1,02;1,02;1;12295;12265;30;12486;12456;30;210
2021;03;03;HOSTAL;TT;TODAS CONSOLIDADAS;ÁNCASH;020000;192;3013;5106;27,47;25,73;1,1;1,1;1,12;36927;36838;89;40724;40624;100;505
2021;03;03;HOSTAL;TT;TODAS CONSOLIDADAS;APURÍMAC;030000;7;172;264;34,11;23,45;1,14;1,14;1;1684;1681;3;1919;1916;3;29
2021;03;03;HOSTAL;TT;TODAS CONSOLIDADAS;AREQUIPA;040000;212;3389;5926;23,97;18,62;1,48;1,47;1,77;23149;22872;277;34214;33725;489;616
2021;03;03;HOSTAL;TT;TODAS CONSOLIDADAS;AYACUCHO;050000;9;165;311;15,44;10,84;1,55;1,53;1,89;673;627;46;1045;958;87;30
2021;03;03;HOSTAL;TT;TODAS CONSOLIDADAS;CAJAMARCA;060000;173;3141;4994;14,92;11,47;1,37;1,37;1,57;12951;12882;69;17752;17644;108;517
2021;03;03;HOSTAL;TT;TODAS CONSOLIDADAS;CALLAO;070000;17;390;766;42,37;42,57;1;1;1;10765;10614;152;10805;10653;152;72
2021;03;03;HOSTAL;TT;TODAS CONSOLIDADAS;CUSCO;080000;88;1511;2631;13,38;11,11;1,46;1,44;2,37;6211;6092;119;9065;8783;282;237
2021;03;03;HOSTAL;TT;TODAS CONSOLIDADAS;HUANCAVELICA;090000;6;98;149;17,28;12,56;1,09;1,09;0;531;531;0;580;580;0;11
2021;03;03;HOSTAL;TT;TODAS CONSOLIDADAS;HUÁNUCO;100000;33;468;731;45,74;39,53;1,08;1,08;1,09;8327;8248;79;8959;8873;86;82
2021;03;03;HOSTAL;TT;TODAS CONSOLIDADAS;ICA;110000;105;1712;2930;20,03;15,66;1,23;1,22;1,54;11567;11337;230;14221;13867;354;324
2021;03;03;HOSTAL;TT;TODAS CONSOLIDADAS;JUNÍN;120000;30;514;990;26,79;21,91;1,24;1,24;2;5432;5431;1;6724;6722;2;126
2021;03;03;HOSTAL;TT;TODAS CONSOLIDADAS;LA LIBERTAD;130000;227;3662;6643;21,69;18,2;1,17;1,17;1,13;32043;31687;356;37484;37080;404;644
2021;03;03;HOSTAL;TT;TODAS CONSOLIDADAS;LIMA;150000;214;4710;8715;25,16;24,52;1,29;1,27;2,04;66629;64946;1683;85652;82212;3440;1034
2021;03;03;HOSTAL;TT;TODAS CONSOLIDADAS;LORETO;160000;19;283;445;13,63;12,5;2,14;2,11;2,6;807;767;40;1724;1620;104;60
2021;03;03;HOSTAL;TT;TODAS CONSOLIDADAS;MADRE DE DIOS;170000;7;196;300;23,57;20,04;1,48;1,49;1,21;1259;1202;57;1864;1795;69;28
2021;03;03;HOSTAL;TT;TODAS CONSOLIDADAS;MOQUEGUA;180000;66;844;1420;31,55;21,64;2,38;2,37;2,73;4006;3936;70;9527;9336;191;154
2021;03;03;HOSTAL;TT;TODAS CONSOLIDADAS;PASCO;190000;27;456;727;29,13;20,27;1,3;1,29;17;3527;3525;2;4568;4534;34;70
2021;03;03;HOSTAL;TT;TODAS CONSOLIDADAS;PIURA;200000;32;614;1009;25,85;25,26;1,75;1,74;1,82;4521;4136;385;7902;7202;700;128
2021;03;03;HOSTAL;TT;TODAS CONSOLIDADAS;PUNO;210000;55;948;1664;21,14;15,23;1,45;1,48;1,01;5435;5030;405;7856;7446;410;154
2021;03;03;HOSTAL;TT;TODAS CONSOLIDADAS;SAN MARTÍN;220000;22;373;672;26,05;19,57;1,49;1,49;1,82;2730;2702;28;4076;4025;51;97
2021;03;03;HOSTAL;TT;TODAS CONSOLIDADAS;TACNA;230000;35;620;1159;24,18;14,26;1,17;1,17;0;4364;4364;0;5122;5122;0;101
2021;03;03;HOSTAL;TT;TODAS CONSOLIDADAS;TUMBES;240000;10;149;305;20,91;13,33;1,46;1,46;0;865;865;0;1260;1260;0;29
2021;03;03;HOSTAL;TT;TODAS CONSOLIDADAS;UCAYALI;250000;4;115;198;13,21;9,24;1,62;1,62;1;350;349;1;567;566;1;18
2021;03;05;ALBERGUE;12;ALBERGUE;ÁNCASH;020000;6;66;141;0;0;0;0;0;0;0;0;0;0;0;0
2021;03;05;ALBERGUE;12;ALBERGUE;AREQUIPA;040000;5;90;217;24,44;22,37;1,45;1,44;1,6;1038;1003;35;1505;1449;56;76
2021;03;05;ALBERGUE;12;ALBERGUE;CAJAMARCA;060000;1;11;22;0;0;0;0;0;0;0;0;0;0;0;0
2021;03;05;ALBERGUE;12;ALBERGUE;CUSCO;080000;14;192;650;3,65;2,04;1,1;1,09;1,13;374;256;118;412;279;133;50
2021;03;05;ALBERGUE;12;ALBERGUE;ICA;110000;2;18;43;35,13;22,21;2,47;2,47;0;120;120;0;296;296;0;5
2021;03;05;ALBERGUE;12;ALBERGUE;JUNÍN;120000;1;32;104;14,82;10,45;1,56;1,56;0;216;216;0;337;337;0;13
2021;03;05;ALBERGUE;12;ALBERGUE;LIMA;150000;7;124;372;23,47;8,13;3,41;2,9;4,22;275;169;106;937;490;447;36
2021;03;05;ALBERGUE;12;ALBERGUE;MADRE DE DIOS;170000;5;102;269;1,74;1,46;1,91;2,04;1,33;64;52;12;122;106;16;229
2021;03;05;ALBERGUE;12;ALBERGUE;PASCO;190000;10;172;476;7;3,96;1,4;1,4;1,5;418;410;8;584;572;12;30
2021;03;05;ALBERGUE;12;ALBERGUE;PUNO;210000;1;13;35;0;0;0;0;0;0;0;0;0;0;0;0
2021;03;05;ALBERGUE;12;ALBERGUE;SAN MARTÍN;220000;10;192;444;13,34;12,45;1,99;1,98;2,26;861;842;19;1713;1670;43;46
2021;03;05;ALBERGUE;12;ALBERGUE;UCAYALI;250000;3;37;95;1,66;1,56;2,3;2,3;0;20;20;0;46;46;0;14
2021;03;05;ALBERGUE;TT;TODAS CONSOLIDADAS;ÁNCASH;020000;6;66;141;0;0;0;0;0;0;0;0;0;0;0;0
2021;03;05;ALBERGUE;TT;TODAS CONSOLIDADAS;AREQUIPA;040000;5;90;217;24,44;22,37;1,45;1,44;1,6;1038;1003;35;1505;1449;56;76
2021;03;05;ALBERGUE;TT;TODAS CONSOLIDADAS;CAJAMARCA;060000;1;11;22;0;0;0;0;0;0;0;0;0;0;0;0
2021;03;05;ALBERGUE;TT;TODAS CONSOLIDADAS;CUSCO;080000;14;192;650;3,65;2,04;1,1;1,09;1,13;374;256;118;412;279;133;50
2021;03;01;HOTEL;04;4 ESTRELLAS;LA LIBERTAD;130000;3;207;328;54,99;37,16;3,11;3,19;1,8;1214;1144;70;3778;3652;126;27
2021;03;03;HOSTAL;02;2 ESTRELLAS;LA LIBERTAD;130000;134;2241;4062;15,16;13,27;1,14;1,14;1,09;14631;14470;161;16707;16532;175;392
2021;03;03;HOSTAL;03;3 ESTRELLAS;LA LIBERTAD;130000;59;951;1761;30,49;28,78;1,09;1,08;1,17;14479;14284;195;15713;15484;229;170
2021;03;03;HOSTAL;TT;TODAS CONSOLIDADAS;LAMBAYEQUE;140000;200;2913;4073;24,53;18,06;1,09;1,09;1,1;20944;20611;333;22800;22434;366;546
2021;03;05;ALBERGUE;12;ALBERGUE;LORETO;160000;47;635;1328;25,72;19,55;2,3;1,31;8,64;3501;3027;474;8047;3953;4094;148
2021;03;05;ALBERGUE;TT;TODAS CONSOLIDADAS;ICA;110000;2;18;43;35,13;22,21;2,47;2,47;0;120;120;0;296;296;0;5
2021;03;05;ALBERGUE;TT;TODAS CONSOLIDADAS;JUNÍN;120000;1;32;104;14,82;10,45;1,56;1,56;0;216;216;0;337;337;0;13
2021;03;05;ALBERGUE;TT;TODAS CONSOLIDADAS;LIMA;150000;7;124;372;23,47;8,13;3,41;2,9;4,22;275;169;106;937;490;447;36
2021;03;05;ALBERGUE;TT;TODAS CONSOLIDADAS;LORETO;160000;47;635;1328;25,72;19,55;2,3;1,31;8,64;3501;3027;474;8047;3953;4094;148
2021;03;05;ALBERGUE;TT;TODAS CONSOLIDADAS;MADRE DE DIOS;170000;5;102;269;1,74;1,46;1,91;2,04;1,33;64;52;12;122;106;16;229
2021;03;05;ALBERGUE;TT;TODAS CONSOLIDADAS;PASCO;190000;10;172;476;7;3,96;1,4;1,4;1,5;418;410;8;584;572;12;30
2021;03;05;ALBERGUE;TT;TODAS CONSOLIDADAS;PUNO;210000;1;13;35;0;0;0;0;0;0;0;0;0;0;0;0
2021;03;05;ALBERGUE;TT;TODAS CONSOLIDADAS;SAN MARTÍN;220000;10;192;444;13,34;12,45;1,99;1,98;2,26;861;842;19;1713;1670;43;46
2021;03;05;ALBERGUE;TT;TODAS CONSOLIDADAS;UCAYALI;250000;3;37;95;1,66;1,56;2,3;2,3;0;20;20;0;46;46;0;14
2021;03;14;RESORT;03;3 ESTRELLAS;ICA;110000;1;51;86;0;0;0;0;0;0;0;0;0;0;0;0
2021;03;14;RESORT;04;4 ESTRELLAS;TUMBES;240000;1;402;804;46,77;56,67;2,57;2,57;4,12;5492;5475;17;14125;14055;70;344
2021;03;14;RESORT;05;5 ESTRELLAS;ICA;110000;1;115;250;85,25;62,9;2,97;2,86;9,38;1644;1618;26;4875;4631;244;90
2021;03;14;RESORT;TT;TODAS CONSOLIDADAS;ICA;110000;2;166;336;59,06;46,8;2,97;2,86;9,38;1644;1618;26;4875;4631;244;90
2021;03;14;RESORT;TT;TODAS CONSOLIDADAS;TUMBES;240000;1;402;804;46,77;56,67;2,57;2,57;4,12;5492;5475;17;14125;14055;70;344
2021;03;16;ECOLODGE;13;ECOLODGE;AREQUIPA;040000;1;23;51;8,13;14,74;1,54;1,57;1,25;151;139;12;233;218;15;7
2021;03;16;ECOLODGE;13;ECOLODGE;SAN MARTÍN;220000;1;12;24;0;0;0;0;0;0;0;0;0;0;0;0
2021;03;16;ECOLODGE;TT;TODAS CONSOLIDADAS;AREQUIPA;040000;1;23;51;8,13;14,74;1,54;1,57;1,25;151;139;12;233;218;15;7
2021;03;16;ECOLODGE;TT;TODAS CONSOLIDADAS;SAN MARTÍN;220000;1;12;24;0;0;0;0;0;0;0;0;0;0;0;0
2021;03;TT;TODAS CONSOLIDADAS;00;NO CATEGORIZADO;AMAZONAS;010000;244;2331;3681;14,87;11,63;1,27;1,27;1,59;10467;10433;34;13273;13219;54;406
2021;03;TT;TODAS CONSOLIDADAS;00;NO CATEGORIZADO;ÁNCASH;020000;569;5584;9638;5,9;4,56;1,19;1,19;1;11469;11465;4;13615;13611;4;908
2021;03;TT;TODAS CONSOLIDADAS;00;NO CATEGORIZADO;APURÍMAC;030000;451;4110;6369;14,42;10,81;1,21;1,21;1,49;17701;17646;55;21351;21269;82;444
2021;03;TT;TODAS CONSOLIDADAS;00;NO CATEGORIZADO;AREQUIPA;040000;1112;10006;16705;20,31;14,89;1,69;1,69;1,79;45619;45261;358;77095;76454;641;1244
2021;03;TT;TODAS CONSOLIDADAS;00;NO CATEGORIZADO;AYACUCHO;050000;519;5149;8210;4,89;3,54;1,17;1,17;1;7671;7665;6;9008;9002;6;363
2021;03;TT;TODAS CONSOLIDADAS;00;NO CATEGORIZADO;CAJAMARCA;060000;575;5823;9018;13,26;12,64;1,3;1,3;0;27136;27136;0;35335;35335;0;1010
2021;03;TT;TODAS CONSOLIDADAS;00;NO CATEGORIZADO;CUSCO;080000;1636;16213;29405;12,21;9,14;1,56;1,54;2,04;53272;51168;2104;83308;79026;4282;2891
2021;03;TT;TODAS CONSOLIDADAS;00;NO CATEGORIZADO;HUANCAVELICA;090000;166;1857;2887;12,37;10,28;1,07;1,07;1,33;8602;8581;21;9198;9170;28;225
2021;03;TT;TODAS CONSOLIDADAS;00;NO CATEGORIZADO;HUÁNUCO;100000;454;5293;7820;18,32;15,92;1,15;1,15;1,29;33609;33514;95;38582;38459;123;694
2021;03;TT;TODAS CONSOLIDADAS;00;NO CATEGORIZADO;ICA;110000;678;8000;13947;15,98;12,8;1,24;1,24;1,38;44600;43423;1177;55340;53710;1630;1345
2021;03;TT;TODAS CONSOLIDADAS;00;NO CATEGORIZADO;JUNÍN;120000;1190;13030;21063;16,22;11,26;1,16;1,16;1,28;63560;63404;156;73499;73299;200;2209
2021;03;TT;TODAS CONSOLIDADAS;00;NO CATEGORIZADO;LA LIBERTAD;130000;770;6660;11139;28,55;21,87;1,19;1,19;1,5;63210;62271;939;75509;74101;1408;738
2021;03;TT;TODAS CONSOLIDADAS;00;NO CATEGORIZADO;LAMBAYEQUE;140000;337;3694;5335;21,9;19,4;1,03;1,03;1,19;31246;30919;327;32083;31695;388;649
2021;03;TT;TODAS CONSOLIDADAS;00;NO CATEGORIZADO;LORETO;160000;659;6366;9981;11,9;10,86;1,3;1,3;1,23;25855;25449;406;33617;33116;501;748
2021;03;TT;TODAS CONSOLIDADAS;00;NO CATEGORIZADO;MADRE DE DIOS;170000;276;3829;6171;22,8;19,55;1,18;1,18;1,38;31755;31352;403;37408;36850;558;497
2021;03;TT;TODAS CONSOLIDADAS;00;NO CATEGORIZADO;MOQUEGUA;180000;161;1542;2603;10,97;7,85;1,45;1,45;1;4378;4351;27;6331;6304;27;200
2021;03;TT;TODAS CONSOLIDADAS;00;NO CATEGORIZADO;PASCO;190000;258;2865;4448;14,8;12,01;1,1;1,1;1;15065;15059;6;16562;16556;6;402
2021;03;TT;TODAS CONSOLIDADAS;00;NO CATEGORIZADO;PIURA;200000;946;9954;18133;29,08;23,54;1,57;1,54;2,12;84322;80028;4294;132339;123228;9111;1877
2021;03;TT;TODAS CONSOLIDADAS;00;NO CATEGORIZADO;PUNO;210000;667;6314;10749;17,32;13,87;1,18;1,18;1,11;39182;37646;1536;46231;44527;1704;1133
2021;03;TT;TODAS CONSOLIDADAS;00;NO CATEGORIZADO;SAN MARTÍN;220000;685;8036;12517;23,71;18,54;1,27;1,27;1,4;56786;56565;221;71946;71636;310;1081
2021;03;TT;TODAS CONSOLIDADAS;00;NO CATEGORIZADO;TACNA;230000;391;3773;6828;18,38;11,77;1,14;1,14;1;21855;21704;151;24910;24759;151;658
2021;03;TT;TODAS CONSOLIDADAS;00;NO CATEGORIZADO;TUMBES;240000;202;2161;4240;17,69;16,18;1,65;1,66;1,36;12870;12605;265;21268;20908;360;354
2021;03;TT;TODAS CONSOLIDADAS;00;NO CATEGORIZADO;UCAYALI;250000;436;4916;7583;23,86;19,41;2,13;2,13;1,84;21456;21120;336;45631;45012;619;891
2021;03;TT;TODAS CONSOLIDADAS;01;1 ESTRELLA;AMAZONAS;010000;15;228;347;19,27;27,1;1;1;1;2908;2879;29;2915;2886;29;34
2021;03;TT;TODAS CONSOLIDADAS;01;1 ESTRELLA;ÁNCASH;020000;56;965;1541;22,37;19,1;1,11;1,11;1;8224;8208;16;9126;9110;16;147
2021;03;TT;TODAS CONSOLIDADAS;01;1 ESTRELLA;APURÍMAC;030000;3;90;135;11,58;8,79;1,03;1,03;0;358;358;0;368;368;0;10
2021;03;TT;TODAS CONSOLIDADAS;01;1 ESTRELLA;AREQUIPA;040000;57;950;1473;17,48;13,6;1,51;1,51;1,69;4113;4081;32;6211;6157;54;154
2021;03;TT;TODAS CONSOLIDADAS;01;1 ESTRELLA;AYACUCHO;050000;12;291;506;8,89;10,05;2,22;2,24;1,6;709;689;20;1576;1544;32;53
2021;03;TT;TODAS CONSOLIDADAS;01;1 ESTRELLA;CAJAMARCA;060000;29;568;947;5,91;3,85;1,13;1,13;1;999;997;2;1131;1129;2;96
2021;03;TT;TODAS CONSOLIDADAS;01;1 ESTRELLA;CALLAO;070000;12;241;482;29,67;29,7;1;1;1;4310;4289;21;4310;4289;21;38
2021;03;TT;TODAS CONSOLIDADAS;01;1 ESTRELLA;CUSCO;080000;27;518;869;15,5;13,48;1,09;1,08;1,5;3347;3345;2;3632;3629;3;75
2021;03;TT;TODAS CONSOLIDADAS;01;1 ESTRELLA;HUANCAVELICA;090000;2;29;45;42,71;28,17;1,01;1,01;0;388;388;0;393;393;0;5
2021;03;TT;TODAS CONSOLIDADAS;01;1 ESTRELLA;HUÁNUCO;100000;21;445;664;42,72;40,43;1,06;1,06;1,1;7853;7780;73;8323;8243;80;72
2021;03;TT;TODAS CONSOLIDADAS;01;1 ESTRELLA;ICA;110000;17;268;385;10,28;8,19;1,06;1,06;1;920;917;3;977;974;3;29
2021;03;TT;TODAS CONSOLIDADAS;01;1 ESTRELLA;JUNÍN;120000;17;391;708;14,26;9,48;1,33;1,33;0;1570;1570;0;2081;2081;0;54
2021;03;TT;TODAS CONSOLIDADAS;01;1 ESTRELLA;LA LIBERTAD;130000;36;516;908;31,9;17,99;1,73;1,73;0;2933;2933;0;5064;5064;0;82
2021;03;TT;TODAS CONSOLIDADAS;01;1 ESTRELLA;LAMBAYEQUE;140000;22;354;472;14,85;12,57;1,14;1,13;1,51;1620;1579;41;1839;1777;62;43
2021;03;TT;TODAS CONSOLIDADAS;01;1 ESTRELLA;LIMA;150000;84;2055;3660;25,59;24,71;1,04;1,04;1,03;32608;32100;507;33799;33276;523;398
2021;03;TT;TODAS CONSOLIDADAS;01;1 ESTRELLA;LORETO;160000;6;91;134;2,66;2,84;2,15;2,15;0;55;55;0;118;118;0;15
2021;03;TT;TODAS CONSOLIDADAS;01;1 ESTRELLA;MADRE DE DIOS;170000;6;212;338;15,29;13,91;1,13;1,12;1,3;1294;1274;20;1458;1432;26;33
2021;03;TT;TODAS CONSOLIDADAS;01;1 ESTRELLA;MOQUEGUA;180000;16;211;386;21,34;15,34;1,74;1,72;2,53;1052;1022;30;1835;1759;76;37
2021;03;TT;TODAS CONSOLIDADAS;01;1 ESTRELLA;PASCO;190000;22;450;682;31,86;24,16;1,1;1,1;0;4647;4647;0;5108;5108;0;75
2021;03;TT;TODAS CONSOLIDADAS;01;1 ESTRELLA;PIURA;200000;4;76;138;11,42;6,01;2,06;2,06;0;125;125;0;257;257;0;8
2021;03;TT;TODAS CONSOLIDADAS;01;1 ESTRELLA;PUNO;210000;25;471;797;18,33;16,21;1,48;1,56;1;2710;2325;385;4004;3619;385;62
2021;03;TT;TODAS CONSOLIDADAS;01;1 ESTRELLA;SAN MARTÍN;220000;7;144;242;39,49;38,58;1,72;1,72;1,73;1687;1672;15;2894;2868;26;30
2021;03;TT;TODAS CONSOLIDADAS;01;1 ESTRELLA;TACNA;230000;12;239;432;6,64;5,11;1,57;1,57;0;435;435;0;685;685;0;31
2021;03;TT;TODAS CONSOLIDADAS;02;2 ESTRELLAS;AMAZONAS;010000;75;1552;2449;22,36;18,01;1,12;1,12;1,17;12184;12166;18;13673;13652;21;252
2021;03;TT;TODAS CONSOLIDADAS;02;2 ESTRELLAS;ÁNCASH;020000;167;3165;5530;25,83;23,92;1,07;1,07;1,2;38232;38139;93;41005;40893;112;531
2021;03;TT;TODAS CONSOLIDADAS;02;2 ESTRELLAS;APURÍMAC;030000;9;318;512;21,26;14,79;1,13;1,13;1;2074;2071;3;2348;2345;3;34
2021;03;TT;TODAS CONSOLIDADAS;02;2 ESTRELLAS;AREQUIPA;040000;167;3215;5748;23,47;19,1;1,52;1,52;1,58;22450;22186;264;34042;33626;416;545
2021;03;TT;TODAS CONSOLIDADAS;02;2 ESTRELLAS;AYACUCHO;050000;10;252;444;19,8;21,48;1,98;1,98;1,78;1493;1475;18;2956;2924;32;34
2021;03;TT;TODAS CONSOLIDADAS;02;2 ESTRELLAS;CAJAMARCA;060000;146;3739;5438;15,08;13,03;1,26;1,26;1;17419;17405;14;21960;21946;14;501
2021;03;TT;TODAS CONSOLIDADAS;02;2 ESTRELLAS;CUSCO;080000;89;1830;3169;10,97;8,97;1,64;1,61;2,06;5380;5080;300;8814;8195;619;363
2021;03;TT;TODAS CONSOLIDADAS;02;2 ESTRELLAS;HUANCAVELICA;090000;4;91;154;13,12;11,35;1,48;1,47;1,75;365;341;24;542;500;42;15
2021;03;TT;TODAS CONSOLIDADAS;02;2 ESTRELLAS;HUÁNUCO;100000;58;1444;2298;21,11;17,49;1,15;1,15;1;10876;10857;19;12460;12441;19;236
2021;03;TT;TODAS CONSOLIDADAS;02;2 ESTRELLAS;ICA;110000;111;2266;3866;19,12;15,76;1,45;1,44;2,58;12990;12873;117;18889;18587;302;380
2021;03;TT;TODAS CONSOLIDADAS;02;2 ESTRELLAS;LA LIBERTAD;130000;155;2830;5020;22,04;18,91;1,52;1,52;1,21;19421;19236;185;29431;29207;224;495
2021;03;TT;TODAS CONSOLIDADAS;02;2 ESTRELLAS;LAMBAYEQUE;140000;228;4267;6148;21,81;15,79;1,1;1,1;1,09;27324;26989;335;30099;29733;366;719
2021;03;TT;TODAS CONSOLIDADAS;02;2 ESTRELLAS;LIMA;150000;236;7550;13655;30,07;27,5;1,4;1,38;1,99;112928;110442;2486;157642;152698;4943;1614
2021;03;TT;TODAS CONSOLIDADAS;02;2 ESTRELLAS;LORETO;160000;19;435;706;10,2;11,59;1,69;1,69;1,67;1500;1392;108;2537;2357;180;71
2021;03;TT;TODAS CONSOLIDADAS;02;2 ESTRELLAS;MADRE DE DIOS;170000;12;337;558;27,29;20,31;1,3;1,3;1,36;2698;2613;85;3513;3397;116;52
2021;03;TT;TODAS CONSOLIDADAS;02;2 ESTRELLAS;MOQUEGUA;180000;65;1090;1831;27,11;19,12;2,53;2,45;3,45;4296;3955;341;10852;9676;1176;185
2021;03;TT;TODAS CONSOLIDADAS;02;2 ESTRELLAS;PASCO;190000;15;316;568;35,12;26,41;1,55;1,54;17;3003;3001;2;4651;4617;34;56
2021;03;TT;TODAS CONSOLIDADAS;02;2 ESTRELLAS;PIURA;200000;48;1035;1699;22,47;22,06;1,9;1,9;1,81;6128;5739;389;11619;10915;704;198
2021;03;TT;TODAS CONSOLIDADAS;02;2 ESTRELLAS;PUNO;210000;46;909;1621;16,62;11,5;1,36;1,36;1;4262;4212;50;5779;5729;50;136
2021;03;TT;TODAS CONSOLIDADAS;02;2 ESTRELLAS;TACNA;230000;48;1173;2310;16,02;10,94;1,44;1,42;2,27;5448;5352;96;7836;7618;218;203
2021;03;TT;TODAS CONSOLIDADAS;02;2 ESTRELLAS;TUMBES;240000;12;274;542;12,57;8,39;1,86;1,86;1,57;758;751;7;1410;1399;11;53
2021;03;TT;TODAS CONSOLIDADAS;02;2 ESTRELLAS;UCAYALI;250000;4;118;192;11,51;8,17;1,49;1,49;1;326;325;1;486;485;1;13
2021;03;TT;TODAS CONSOLIDADAS;03;3 ESTRELLAS;AMAZONAS;010000;19;389;704;12,43;11,14;1,42;1,41;1,78;1716;1698;18;2432;2400;32;78
2021;03;TT;TODAS CONSOLIDADAS;03;3 ESTRELLAS;ÁNCASH;020000;61;1679;2999;25,96;18,08;1,73;1,72;2,23;9728;9655;73;16812;16649;163;326
2021;03;TT;TODAS CONSOLIDADAS;03;3 ESTRELLAS;APURÍMAC;030000;5;145;246;33,21;23,64;2,04;2,05;1;882;876;6;1803;1797;6;36
2021;03;TT;TODAS CONSOLIDADAS;03;3 ESTRELLAS;AREQUIPA;040000;96;2391;4434;34,97;21,25;2,91;2,87;4,94;10050;9879;171;29215;28370;845;631
2021;03;TT;TODAS CONSOLIDADAS;03;3 ESTRELLAS;AYACUCHO;050000;9;279;536;18,18;11,6;2,48;2,4;3,61;777;726;51;1927;1743;184;92
2021;03;TT;TODAS CONSOLIDADAS;03;3 ESTRELLAS;CAJAMARCA;060000;102;2509;4196;17,13;12,09;1,74;1,74;1,87;9034;8934;100;15721;15534;187;481
2021;03;TT;TODAS CONSOLIDADAS;03;3 ESTRELLAS;CALLAO;070000;4;233;436;14,63;14,01;1,35;1,3;1,75;1408;1255;153;1894;1626;268;40
2021;03;TT;TODAS CONSOLIDADAS;03;3 ESTRELLAS;CUSCO;080000;79;2580;4879;9,56;6,72;2,13;2,14;2,01;4771;4361;410;10164;9338;826;536
2021;03;TT;TODAS CONSOLIDADAS;00;NO CATEGORIZADO;CALLAO;070000;260;3767;6944;26,6;24,79;1,03;1,03;1,06;88503;88161;342;91445;91082;363;958
2021;03;TT;TODAS CONSOLIDADAS;02;2 ESTRELLAS;CALLAO;070000;7;226;425;44,23;46,26;1,01;1,01;1;6643;6509;134;6685;6551;134;41
2021;03;TT;TODAS CONSOLIDADAS;00;NO CATEGORIZADO;LIMA;150000;5755;50566;87556;21,21;20,03;1,14;1,14;1,23;2175213;2133069;42144;2479918;2428167;51751;33866
2021;03;TT;TODAS CONSOLIDADAS;02;2 ESTRELLAS;JUNÍN;120000;43;1099;2007;25,32;18,34;1,48;1,48;1,65;7703;7680;23;11413;11375;38;180
2021;03;TT;TODAS CONSOLIDADAS;02;2 ESTRELLAS;SAN MARTÍN;220000;43;1024;1704;30,65;22,46;1,59;1,59;1,96;7452;7347;105;11865;11659;206;187
2021;03;TT;TODAS CONSOLIDADAS;03;3 ESTRELLAS;HUANCAVELICA;090000;4;85;131;7,25;8,13;1,48;1,48;1,33;223;220;3;330;326;4;18
2021;03;TT;TODAS CONSOLIDADAS;03;3 ESTRELLAS;JUNÍN;120000;21;775;1456;16,09;9,73;1,4;1,4;1,75;3126;3102;24;4392;4350;42;205
2021;03;TT;TODAS CONSOLIDADAS;03;3 ESTRELLAS;LA LIBERTAD;130000;142;3284;6221;26,32;20,88;1,45;1,44;1,76;27832;27204;628;40271;39166;1105;687
2021;03;TT;TODAS CONSOLIDADAS;03;3 ESTRELLAS;LIMA;150000;170;7913;15016;25,86;20,24;1,75;1,7;2,39;54144;50779;3366;94611;86553;8057;1582
2021;03;TT;TODAS CONSOLIDADAS;03;3 ESTRELLAS;LORETO;160000;27;694;1190;24,43;15,21;3,1;3,12;2,72;1812;1707;105;5610;5324;286;159
2021;03;TT;TODAS CONSOLIDADAS;03;3 ESTRELLAS;MADRE DE DIOS;170000;6;210;370;17,4;16,45;2,12;2,13;1,81;891;870;21;1887;1849;38;53
2021;03;TT;TODAS CONSOLIDADAS;03;3 ESTRELLAS;PIURA;200000;18;651;1186;24,64;20,08;2,01;1,99;2,43;3677;3557;120;7383;7091;292;167
2021;03;TT;TODAS CONSOLIDADAS;03;3 ESTRELLAS;SAN MARTÍN;220000;28;988;1663;23,86;21,37;2,21;2,19;3,08;4985;4894;91;11015;10735;280;196
2021;03;TT;TODAS CONSOLIDADAS;03;3 ESTRELLAS;TACNA;230000;17;519;1089;30,98;17,04;1,8;1,8;1,94;3200;3166;34;5751;5685;66;122
2021;03;TT;TODAS CONSOLIDADAS;03;3 ESTRELLAS;UCAYALI;250000;17;595;972;20,36;15,53;2,43;2,38;3,01;1926;1763;163;4679;4188;491;138
2021;03;TT;TODAS CONSOLIDADAS;04;4 ESTRELLAS;AREQUIPA;040000;10;439;834;44,89;27;2,67;2,66;3;2612;2551;61;6981;6798;183;129
2021;03;TT;TODAS CONSOLIDADAS;04;4 ESTRELLAS;CAJAMARCA;060000;3;173;311;53,18;34,6;2,24;2,26;1,58;1486;1462;24;3336;3298;38;79
2021;03;TT;TODAS CONSOLIDADAS;04;4 ESTRELLAS;CALLAO;070000;2;371;599;26,43;28,49;1,8;2,13;1,39;2940;1632;1308;5290;3477;1813;109
2021;03;TT;TODAS CONSOLIDADAS;04;4 ESTRELLAS;CUSCO;080000;8;672;1276;14,2;10,64;1,81;1,71;2,61;2318;2049;269;4207;3504;703;166
2021;03;TT;TODAS CONSOLIDADAS;04;4 ESTRELLAS;HUÁNUCO;100000;1;52;90;27,54;18,42;2,22;2,22;0;232;232;0;514;514;0;20
2021;03;TT;TODAS CONSOLIDADAS;04;4 ESTRELLAS;ICA;110000;6;593;1166;50,36;40,85;3,94;3,96;2,89;3747;3665;82;14767;14530;237;152
2021;03;TT;TODAS CONSOLIDADAS;04;4 ESTRELLAS;JUNÍN;120000;1;40;66;31,61;19,16;2,24;2,24;0;175;175;0;392;392;0;19
2021;03;TT;TODAS CONSOLIDADAS;04;4 ESTRELLAS;LA LIBERTAD;130000;3;207;328;54,99;37,16;3,11;3,19;1,8;1214;1144;70;3778;3652;126;27
2021;03;TT;TODAS CONSOLIDADAS;04;4 ESTRELLAS;LAMBAYEQUE;140000;3;306;516;32,6;27,69;1,42;1,41;1,62;3114;2935;179;4429;4139;290;174
2021;03;TT;TODAS CONSOLIDADAS;04;4 ESTRELLAS;LIMA;150000;49;4273;7853;37,29;27,56;2,2;2,14;2,76;30425;27386;3039;67086;58699;8387;1586
2021;03;TT;TODAS CONSOLIDADAS;04;4 ESTRELLAS;LORETO;160000;3;103;173;23,14;16,52;1,85;1,92;1,48;479;399;80;886;768;118;33
2021;03;TT;TODAS CONSOLIDADAS;04;4 ESTRELLAS;MOQUEGUA;180000;2;123;229;78,23;42,19;2,68;2,65;5,4;1116;1101;15;2995;2914;81;37
2021;03;TT;TODAS CONSOLIDADAS;04;4 ESTRELLAS;PIURA;200000;3;296;591;26,75;19,05;2,06;2,05;2,15;1696;1591;105;3490;3264;226;47
2021;03;TT;TODAS CONSOLIDADAS;04;4 ESTRELLAS;PUNO;210000;6;373;707;33,87;18,57;2,82;2,82;2,69;1445;1432;13;4071;4036;35;80
2021;03;TT;TODAS CONSOLIDADAS;04;4 ESTRELLAS;SAN MARTÍN;220000;2;74;146;47,21;44,21;1,64;1,6;2,81;1218;1176;42;2001;1883;118;60
2021;03;TT;TODAS CONSOLIDADAS;04;4 ESTRELLAS;TACNA;230000;1;150;300;38,99;21,53;2,1;2,1;1,67;953;947;6;2002;1992;10;21
2021;03;TT;TODAS CONSOLIDADAS;04;4 ESTRELLAS;TUMBES;240000;6;667;1324;33,33;39,27;2,5;2,5;2,88;6438;6396;42;16119;15998;121;414
2021;03;TT;TODAS CONSOLIDADAS;04;4 ESTRELLAS;UCAYALI;250000;5;289;510;29,08;22,16;2,64;2,64;2,56;1328;1218;110;3503;3221;282;66
2021;03;TT;TODAS CONSOLIDADAS;05;5 ESTRELLAS;AREQUIPA;040000;3;241;346;65,53;47,68;2,28;2,18;9,19;2244;2213;31;5114;4829;285;120
2021;03;TT;TODAS CONSOLIDADAS;05;5 ESTRELLAS;CUSCO;080000;9;934;1809;9,61;8,89;2,1;2,06;2,27;2373;1943;430;4987;4009;978;501
2021;03;TT;TODAS CONSOLIDADAS;05;5 ESTRELLAS;ICA;110000;4;460;1046;71,04;54,87;2,62;2,57;3,76;6798;6547;251;17793;16849;944;400
2021;03;TT;TODAS CONSOLIDADAS;05;5 ESTRELLAS;LA LIBERTAD;130000;1;120;240;48,23;37,63;1,76;1,69;2,79;1594;1502;92;2800;2543;257;55
2021;03;TT;TODAS CONSOLIDADAS;05;5 ESTRELLAS;LIMA;150000;26;4093;7387;52,61;33,67;2,39;2,24;3,48;32205;28171;4034;77095;63041;14054;2125
2021;03;TT;TODAS CONSOLIDADAS;05;5 ESTRELLAS;LORETO;160000;1;60;122;76,94;44,95;3,51;3,59;3,07;485;409;76;1700;1467;233;23
2021;03;TT;TODAS CONSOLIDADAS;05;5 ESTRELLAS;PIURA;200000;1;83;168;48,39;37,29;2,16;2,09;2,68;901;805;96;1942;1685;257;47
2021;03;TT;TODAS CONSOLIDADAS;05;5 ESTRELLAS;PUNO;210000;1;123;231;55,07;32,3;1,87;1,87;0;1236;1236;0;2313;2313;0;45
2021;03;TT;TODAS CONSOLIDADAS;05;5 ESTRELLAS;UCAYALI;250000;2;165;306;13,31;9,94;2,86;2,74;3,97;330;298;32;943;816;127;28
2021;03;TT;TODAS CONSOLIDADAS;12;ALBERGUE;ÁNCASH;020000;6;66;141;0;0;0;0;0;0;0;0;0;0;0;0
2021;03;TT;TODAS CONSOLIDADAS;12;ALBERGUE;AREQUIPA;040000;5;90;217;24,44;22,37;1,45;1,44;1,6;1038;1003;35;1505;1449;56;76
2021;03;TT;TODAS CONSOLIDADAS;12;ALBERGUE;CAJAMARCA;060000;1;11;22;0;0;0;0;0;0;0;0;0;0;0;0
2021;03;TT;TODAS CONSOLIDADAS;12;ALBERGUE;CUSCO;080000;14;192;650;3,65;2,04;1,1;1,09;1,13;374;256;118;412;279;133;50
2021;03;TT;TODAS CONSOLIDADAS;12;ALBERGUE;ICA;110000;2;18;43;35,13;22,21;2,47;2,47;0;120;120;0;296;296;0;5
2021;03;TT;TODAS CONSOLIDADAS;12;ALBERGUE;JUNÍN;120000;1;32;104;14,82;10,45;1,56;1,56;0;216;216;0;337;337;0;13
2021;03;TT;TODAS CONSOLIDADAS;12;ALBERGUE;LIMA;150000;7;124;372;23,47;8,13;3,41;2,9;4,22;275;169;106;937;490;447;36
2021;03;TT;TODAS CONSOLIDADAS;12;ALBERGUE;LORETO;160000;47;635;1328;25,72;19,55;2,3;1,31;8,64;3501;3027;474;8047;3953;4094;148
2021;03;TT;TODAS CONSOLIDADAS;12;ALBERGUE;MADRE DE DIOS;170000;5;102;269;1,74;1,46;1,91;2,04;1,33;64;52;12;122;106;16;229
2021;03;TT;TODAS CONSOLIDADAS;12;ALBERGUE;PASCO;190000;10;172;476;7;3,96;1,4;1,4;1,5;418;410;8;584;572;12;30
2021;03;TT;TODAS CONSOLIDADAS;12;ALBERGUE;PUNO;210000;1;13;35;0;0;0;0;0;0;0;0;0;0;0;0
2021;03;TT;TODAS CONSOLIDADAS;12;ALBERGUE;SAN MARTÍN;220000;10;192;444;13,34;12,45;1,99;1,98;2,26;861;842;19;1713;1670;43;46
2021;03;TT;TODAS CONSOLIDADAS;12;ALBERGUE;UCAYALI;250000;3;37;95;1,66;1,56;2,3;2,3;0;20;20;0;46;46;0;14
2021;03;TT;TODAS CONSOLIDADAS;13;ECOLODGE;AREQUIPA;040000;1;23;51;8,13;14,74;1,54;1,57;1,25;151;139;12;233;218;15;7
2021;03;TT;TODAS CONSOLIDADAS;13;ECOLODGE;SAN MARTÍN;220000;1;12;24;0;0;0;0;0;0;0;0;0;0;0;0
2021;03;TT;TODAS CONSOLIDADAS;TT;TODAS CONSOLIDADAS;AMAZONAS;010000;353;4500;7181;16,52;13,62;1,23;1,23;1,48;27275;27176;99;32293;32157;136;770
2021;03;TT;TODAS CONSOLIDADAS;TT;TODAS CONSOLIDADAS;ÁNCASH;020000;859;11459;19849;12,23;10,2;1,19;1,19;1,12;67653;67467;186;80558;80263;295;1912
2021;03;TT;TODAS CONSOLIDADAS;TT;TODAS CONSOLIDADAS;AREQUIPA;040000;1451;17355;29808;21,8;15,92;1,75;1,75;1,99;88277;87313;964;160396;157901;2495;2906
2021;03;TT;TODAS CONSOLIDADAS;TT;TODAS CONSOLIDADAS;AYACUCHO;050000;550;5971;9696;5,47;4,14;1,23;1,23;1,07;10650;10555;95;15467;15213;254;542
2021;03;TT;TODAS CONSOLIDADAS;TT;TODAS CONSOLIDADAS;CAJAMARCA;060000;856;12823;19932;13,91;12,4;1,34;1,34;,43;56074;55934;140;77483;77242;241;2167
2021;03;TT;TODAS CONSOLIDADAS;TT;TODAS CONSOLIDADAS;CALLAO;070000;285;4838;8886;27;25,4;1,04;1,04;1,07;103803;101845;1959;109623;107024;2599;1185
2021;03;TT;TODAS CONSOLIDADAS;TT;TODAS CONSOLIDADAS;CUSCO;080000;1862;22939;42057;12,02;9,04;1,58;1,57;2,02;71835;68202;3633;115524;107980;7544;4582
2021;03;TT;TODAS CONSOLIDADAS;TT;TODAS CONSOLIDADAS;HUANCAVELICA;090000;176;2062;3217;12,61;10,46;1,09;1,09;1,33;9578;9530;48;10463;10389;74;263
2021;03;TT;TODAS CONSOLIDADAS;TT;TODAS CONSOLIDADAS;HUÁNUCO;100000;548;7780;11869;19,52;17,04;1,16;1,16;1,27;55767;55563;204;64986;64732;254;1149
2021;03;TT;TODAS CONSOLIDADAS;TT;TODAS CONSOLIDADAS;JUNÍN;120000;1273;15367;25404;16,51;11,45;1,17;1,17;1,28;76350;76147;203;92114;91834;280;2680
2021;03;TT;TODAS CONSOLIDADAS;TT;TODAS CONSOLIDADAS;LA LIBERTAD;130000;1107;13617;23856;27,55;21,26;1,29;1,29;1,45;116204;114290;1914;156853;153733;3120;2084
2021;03;TT;TODAS CONSOLIDADAS;TT;TODAS CONSOLIDADAS;LAMBAYEQUE;140000;649;10192;15042;21,52;17,6;1,11;1,1;1,3;71317;70239;1078;80968;79334;1634;1894
2021;03;TT;TODAS CONSOLIDADAS;TT;TODAS CONSOLIDADAS;LIMA;150000;6327;76574;135499;21,98;20,48;1,18;1,18;1,31;2437798;2382115;55682;2911087;2822925;88162;41208
2021;03;TT;TODAS CONSOLIDADAS;TT;TODAS CONSOLIDADAS;LORETO;160000;762;8384;13634;13,21;11,58;1,45;1,39;1,75;33687;32438;1249;52515;47103;5412;1197
2021;03;TT;TODAS CONSOLIDADAS;TT;TODAS CONSOLIDADAS;MADRE DE DIOS;170000;305;4690;7706;22,37;19,12;1,21;1,21;1,39;36702;36161;541;44388;43634;754;864
2021;03;TT;TODAS CONSOLIDADAS;TT;TODAS CONSOLIDADAS;MOQUEGUA;180000;256;3316;5674;18,77;12,81;1,78;1,76;1,81;14170;13741;429;29187;27792;1395;529
2021;03;TT;TODAS CONSOLIDADAS;TT;TODAS CONSOLIDADAS;PASCO;190000;311;3942;6447;16,91;13,4;1,13;1,13;1,7;24255;24239;16;28333;28281;52;585
2021;03;TT;TODAS CONSOLIDADAS;TT;TODAS CONSOLIDADAS;PIURA;200000;1020;12095;21915;28,64;23,34;1,6;1,57;2,1;96849;91845;5004;157030;146440;10590;2344
2021;03;TT;TODAS CONSOLIDADAS;TT;TODAS CONSOLIDADAS;PUNO;210000;772;9026;15608;17,5;13,8;1,25;1,25;1,14;51403;49396;2007;68042;65818;2224;1625
2021;03;TT;TODAS CONSOLIDADAS;TT;TODAS CONSOLIDADAS;SAN MARTÍN;220000;776;10470;16740;24,14;19,01;1,33;1,33;1,51;72989;72496;493;101434;100451;983;1600
2021;03;TT;TODAS CONSOLIDADAS;TT;TODAS CONSOLIDADAS;TACNA;230000;469;5854;10959;18,34;11,73;1,21;1,21;1,14;31891;31604;287;41184;40739;445;1035
2021;03;TT;TODAS CONSOLIDADAS;TT;TODAS CONSOLIDADAS;TUMBES;240000;235;3437;6794;17,6;15,98;1,68;1,68;1,32;21450;21136;314;40941;40449;492;894
2021;03;TT;TODAS CONSOLIDADAS;TT;TODAS CONSOLIDADAS;UCAYALI;250000;467;6120;9658;23,5;19,05;2,14;2,14;1,88;25386;24744;642;55288;53768;1520;1150
2021;04;00;NO CLASIFICADO;00;NO CATEGORIZADO;LA LIBERTAD;130000;769;6637;11093;31,14;20,75;1,18;1,17;1,51;58603;57612;991;69051;67556;1495;734
2021;03;TT;TODAS CONSOLIDADAS;03;3 ESTRELLAS;HUÁNUCO;100000;14;546;997;16,56;16,52;1,6;1,6;1,88;3197;3180;17;5107;5075;32;127
2021;03;TT;TODAS CONSOLIDADAS;03;3 ESTRELLAS;ICA;110000;83;2475;4932;23,47;17,99;1,58;1,57;1,8;17445;16678;767;27509;26130;1379;529
2021;03;TT;TODAS CONSOLIDADAS;TT;TODAS CONSOLIDADAS;ICA;110000;901;14080;25385;17,46;13,95;1,32;1,32;1,58;86620;84223;2397;135571;131076;4495;2840
2021;03;TT;TODAS CONSOLIDADAS;03;3 ESTRELLAS;LAMBAYEQUE;140000;59;1571;2571;20,11;15,71;1,56;1,53;2,69;8013;7817;196;12518;11990;528;309
2021;03;TT;TODAS CONSOLIDADAS;03;3 ESTRELLAS;MOQUEGUA;180000;12;350;625;64,78;37,03;2,16;2,16;2,19;3328;3312;16;7174;7139;35;70
2021;03;TT;TODAS CONSOLIDADAS;03;3 ESTRELLAS;PASCO;190000;6;139;273;23,44;16,87;1,27;1,27;0;1122;1122;0;1428;1428;0;22
2021;03;TT;TODAS CONSOLIDADAS;03;3 ESTRELLAS;PUNO;210000;26;823;1468;18,24;12,4;2,2;2,2;2,17;2568;2545;23;5644;5594;50;169
2021;03;TT;TODAS CONSOLIDADAS;03;3 ESTRELLAS;TUMBES;240000;15;335;688;14,08;10,05;1,55;1,55;0;1384;1384;0;2144;2144;0;73
2021;03;TT;TODAS CONSOLIDADAS;TT;TODAS CONSOLIDADAS;APURÍMAC;030000;468;4663;7262;14,73;11,01;1,21;1,21;1,47;21015;20951;64;25870;25779;91;524
2021;04;00;NO CLASIFICADO;00;NO CATEGORIZADO;AMAZONAS;010000;243;2310;3643;11,99;9,27;1,22;1,2;1,72;8326;7989;337;10131;9550;581;403
2021;04;00;NO CLASIFICADO;00;NO CATEGORIZADO;ÁNCASH;020000;570;5583;9626;7,24;7,85;1,8;1,8;1,8;12582;12499;83;22662;22513;149;908
2021;04;00;NO CLASIFICADO;00;NO CATEGORIZADO;APURÍMAC;030000;451;4193;6490;14,28;10,43;1,22;1,21;2,19;16628;16484;144;20300;19984;316;452
2021;04;00;NO CLASIFICADO;00;NO CATEGORIZADO;AREQUIPA;040000;1097;9974;16606;20,85;16,8;1,73;1,72;2,07;48445;47804;641;83695;82365;1330;1859
2021;04;00;NO CLASIFICADO;00;NO CATEGORIZADO;AYACUCHO;050000;517;5126;8166;7,56;6,22;1,09;1,09;1,07;13930;13916;14;15245;15230;15;639
2021;04;00;NO CLASIFICADO;00;NO CATEGORIZADO;CAJAMARCA;060000;578;5849;9059;12,62;12,38;1,32;1,32;1;25433;25403;30;33643;33613;30;1015
2021;04;00;NO CLASIFICADO;00;NO CATEGORIZADO;CALLAO;070000;259;3752;6914;23,73;22,25;1,01;1,01;1,05;78841;78554;287;79849;79548;301;959
2021;04;00;NO CLASIFICADO;00;NO CATEGORIZADO;CUSCO;080000;1639;16282;29670;13,06;9,07;1,67;1,64;2,04;48305;44317;3988;80748;72611;8137;2906
2021;04;00;NO CLASIFICADO;00;NO CATEGORIZADO;HUANCAVELICA;090000;167;1900;2940;13,95;11;1,11;1,11;1,44;8714;8680;34;9702;9653;49;234
2021;04;00;NO CLASIFICADO;00;NO CATEGORIZADO;HUÁNUCO;100000;452;5265;7791;16,1;13,94;1,12;1,12;1,16;29046;28893;153;32586;32408;178;687
2021;04;00;NO CLASIFICADO;00;NO CATEGORIZADO;ICA;110000;678;8010;13923;15,87;12,53;1,33;1,31;1,77;39325;37858;1467;52325;49734;2591;1353
2021;04;00;NO CLASIFICADO;00;NO CATEGORIZADO;JUNÍN;120000;1189;13037;21068;18,26;12,52;1,16;1,16;1,29;67972;67568;404;79104;78584;520;2208
2021;04;00;NO CLASIFICADO;00;NO CATEGORIZADO;TUMBES;240000;201;2151;4205;22,14;19,19;1,46;1,47;1,18;16526;15969;557;24205;23546;659;351
2021;04;00;NO CLASIFICADO;00;NO CATEGORIZADO;UCAYALI;250000;437;4934;7601;21,24;17,1;2,23;2,24;1,75;17466;17181;285;38989;38489;500;884
2021;04;00;NO CLASIFICADO;TT;TODAS CONSOLIDADAS;ÁNCASH;020000;570;5583;9626;7,24;7,85;1,8;1,8;1,8;12582;12499;83;22662;22513;149;908
2021;04;00;NO CLASIFICADO;TT;TODAS CONSOLIDADAS;APURÍMAC;030000;451;4193;6490;14,28;10,43;1,22;1,21;2,19;16628;16484;144;20300;19984;316;452
2021;04;00;NO CLASIFICADO;TT;TODAS CONSOLIDADAS;CAJAMARCA;060000;578;5849;9059;12,62;12,38;1,32;1,32;1;25433;25403;30;33643;33613;30;1015
2021;04;00;NO CLASIFICADO;TT;TODAS CONSOLIDADAS;CUSCO;080000;1639;16282;29670;13,06;9,07;1,67;1,64;2,04;48305;44317;3988;80748;72611;8137;2906
2021;04;00;NO CLASIFICADO;TT;TODAS CONSOLIDADAS;HUANCAVELICA;090000;167;1900;2940;13,95;11;1,11;1,11;1,44;8714;8680;34;9702;9653;49;234
2021;04;00;NO CLASIFICADO;TT;TODAS CONSOLIDADAS;JUNÍN;120000;1189;13037;21068;18,26;12,52;1,16;1,16;1,29;67972;67568;404;79104;78584;520;2208
2021;04;00;NO CLASIFICADO;TT;TODAS CONSOLIDADAS;LA LIBERTAD;130000;769;6637;11093;31,14;20,75;1,18;1,17;1,51;58603;57612;991;69051;67556;1495;734
2021;04;01;HOTEL;01;1 ESTRELLA;AMAZONAS;010000;1;20;35;0;0;0;0;0;0;0;0;0;0;0;0
2021;04;01;HOTEL;01;1 ESTRELLA;ÁNCASH;020000;12;362;565;14,26;10,58;1,2;1,2;0;1495;1495;0;1793;1793;0;50
2021;04;01;HOTEL;01;1 ESTRELLA;APURÍMAC;030000;2;80;115;16,33;12,81;1,07;1,07;3;412;411;1;442;439;3;10
2021;04;01;HOTEL;01;1 ESTRELLA;AREQUIPA;040000;6;210;337;11,3;7,03;2,84;2,84;0;250;250;0;711;711;0;35
2021;04;01;HOTEL;01;1 ESTRELLA;AYACUCHO;050000;8;200;345;5,43;4,56;1,95;1,95;0;242;242;0;472;472;0;35
2021;04;01;HOTEL;01;1 ESTRELLA;CAJAMARCA;060000;6;170;284;4,22;3,79;1,1;1,1;1;293;291;2;323;321;2;27
2021;04;01;HOTEL;01;1 ESTRELLA;CALLAO;070000;1;37;74;0;0;0;0;0;0;0;0;0;0;0;0
2021;04;01;HOTEL;01;1 ESTRELLA;CUSCO;080000;4;115;197;5,62;5,33;1,39;1,39;0;226;226;0;315;315;0;18
2021;04;01;HOTEL;01;1 ESTRELLA;HUÁNUCO;100000;8;239;353;19,3;20,59;1;1;0;2180;2180;0;2180;2180;0;38
2021;04;01;HOTEL;01;1 ESTRELLA;JUNÍN;120000;6;226;420;10,21;6,44;1,48;1,48;0;548;548;0;811;811;0;25
2021;04;01;HOTEL;02;2 ESTRELLAS;AMAZONAS;010000;23;575;922;18,39;15,66;1,37;1,36;2,21;3161;3127;34;4332;4257;75;91
2021;04;01;HOTEL;02;2 ESTRELLAS;ÁNCASH;020000;39;1067;1978;20,87;15;1,23;1,23;1,2;7243;7194;49;8902;8843;59;177
2021;04;01;HOTEL;02;2 ESTRELLAS;APURÍMAC;030000;4;180;311;11,96;8,24;1,17;1,17;3;655;653;2;769;763;6;12
2021;04;01;HOTEL;02;2 ESTRELLAS;AREQUIPA;040000;39;1108;1925;22,52;17,84;1,76;1,76;1,55;5852;5797;55;10303;10218;85;177
2021;04;01;HOTEL;02;2 ESTRELLAS;AYACUCHO;050000;7;218;377;20,66;26,45;1,86;1,87;1,5;1605;1595;10;2992;2977;15;34
2021;04;01;HOTEL;02;2 ESTRELLAS;CAJAMARCA;060000;39;1690;2255;12,12;10,64;1,25;1,25;1,2;5745;5730;15;7196;7178;18;172
2021;04;01;HOTEL;02;2 ESTRELLAS;CALLAO;070000;1;40;67;1,92;1,44;1,32;1,16;2,33;22;19;3;29;22;7;3
2021;04;01;HOTEL;02;2 ESTRELLAS;CUSCO;080000;41;1025;1781;8,49;7,52;1,57;1,53;2,09;2568;2409;159;4020;3688;332;227
2021;04;01;HOTEL;02;2 ESTRELLAS;HUANCAVELICA;090000;2;42;73;15,87;13,7;1,69;1,69;0;177;177;0;300;300;0;9
2021;04;01;HOTEL;02;2 ESTRELLAS;HUÁNUCO;100000;40;1224;1942;19,44;15,37;1,13;1,13;1;7950;7922;28;8954;8926;28;195
2021;04;01;HOTEL;02;2 ESTRELLAS;ICA;110000;50;1328;2307;21,51;16,98;2,15;2,15;2,56;5456;5386;70;11752;11573;179;219
2021;04;01;HOTEL;02;2 ESTRELLAS;JUNÍN;120000;26;800;1401;26,56;17,73;1,69;1,69;2;4407;4372;35;7453;7383;70;122
2021;04;01;HOTEL;02;2 ESTRELLAS;LA LIBERTAD;130000;21;589;958;54,67;49,9;3,23;3,23;3,42;4439;4380;59;14341;14139;202;106
2021;04;01;HOTEL;02;2 ESTRELLAS;TUMBES;240000;7;208;411;15,96;11,61;2,32;2,34;1,62;616;603;13;1432;1411;21;39
2021;04;01;HOTEL;02;2 ESTRELLAS;UCAYALI;250000;2;48;65;0;0;0;0;0;0;0;0;0;0;0;0
2021;04;01;HOTEL;03;3 ESTRELLAS;AMAZONAS;010000;12;270;459;21,52;16,68;1,52;1,59;1,16;1513;1270;243;2297;2014;283;67
2021;04;01;HOTEL;03;3 ESTRELLAS;ÁNCASH;020000;39;1359;2378;29,03;19,19;1,77;1,77;2,18;7721;7627;94;13688;13483;205;274
2021;04;01;HOTEL;03;3 ESTRELLAS;APURÍMAC;030000;3;98;172;30,68;21,88;1,64;1,65;1,37;688;658;30;1129;1088;41;20
2021;04;01;HOTEL;03;3 ESTRELLAS;AREQUIPA;040000;62;1823;3428;36,14;21,67;3,24;3,15;5,88;6874;6641;233;22289;20920;1369;498
2021;04;01;HOTEL;03;3 ESTRELLAS;CAJAMARCA;060000;58;1818;3052;14,66;10,31;1,56;1,56;1,89;6037;6001;36;9443;9375;68;363
2021;04;01;HOTEL;03;3 ESTRELLAS;CALLAO;070000;4;233;436;26,58;19,63;1,6;1,62;1,54;1601;1338;263;2568;2162;406;40
2021;04;01;HOTEL;03;3 ESTRELLAS;CUSCO;080000;60;2275;4300;14,3;9,91;2,59;2,66;2,27;4941;4024;917;12783;10705;2078;485
2021;04;01;HOTEL;03;3 ESTRELLAS;HUANCAVELICA;090000;2;65;108;9,28;7,07;1,27;1,27;0;181;181;0;229;229;0;18
2021;04;01;HOTEL;03;3 ESTRELLAS;HUÁNUCO;100000;13;532;973;21,05;20,8;1,61;1,6;1,69;3781;3739;42;6072;6001;71;127
2021;04;01;HOTEL;03;3 ESTRELLAS;JUNÍN;120000;20;766;1434;15,13;9,24;1,57;1,57;1,38;2527;2503;24;3973;3940;33;169
2021;04;01;HOTEL;03;3 ESTRELLAS;LAMBAYEQUE;140000;36;1226;2053;18,15;13,64;1,79;1,76;3,3;4694;4603;91;8401;8101;300;229
2021;04;00;NO CLASIFICADO;00;NO CATEGORIZADO;LAMBAYEQUE;140000;335;3672;5289;25,91;19,85;1,02;1,03;1;30733;30422;311;31499;31188;311;642
2021;04;01;HOTEL;01;1 ESTRELLA;LAMBAYEQUE;140000;3;103;149;0;0;0;0;0;0;0;0;0;0;0;0
2021;04;01;HOTEL;02;2 ESTRELLAS;LAMBAYEQUE;140000;71;1992;2987;15,55;12,36;1,16;1,16;1,11;9568;9466;102;11072;10959;113;301
2021;04;00;NO CLASIFICADO;00;NO CATEGORIZADO;LIMA;150000;5750;50474;87444;20,86;19,81;1,21;1,2;1,41;1964393;1918437;45956;2371985;2307111;64874;34017
2021;04;01;HOTEL;01;1 ESTRELLA;LIMA;150000;11;565;906;38,48;38,12;1,02;1,02;1;12455;12438;17;12675;12658;17;118
2021;04;01;HOTEL;02;2 ESTRELLAS;LIMA;150000;116;4873;8701;29,78;26,55;1,4;1,39;1,69;57186;55921;1264;79931;77789;2142;852
2021;04;00;NO CLASIFICADO;00;NO CATEGORIZADO;LORETO;160000;657;6329;9871;15,49;14,24;1,58;1,52;1,84;26774;22486;4288;42177;34286;7891;741
2021;04;01;HOTEL;02;2 ESTRELLAS;LORETO;160000;15;379;608;12,26;12,28;1,58;1,59;1,53;1417;1251;166;2240;1986;254;60
2021;04;00;NO CLASIFICADO;00;NO CATEGORIZADO;MADRE DE DIOS;170000;277;3858;6282;22,56;19,65;1,19;1,19;1,25;31169;30755;414;37041;36525;516;619
2021;04;00;NO CLASIFICADO;TT;TODAS CONSOLIDADAS;MADRE DE DIOS;170000;277;3858;6282;22,56;19,65;1,19;1,19;1,25;31169;30755;414;37041;36525;516;619
2021;04;01;HOTEL;01;1 ESTRELLA;MADRE DE DIOS;170000;5;177;277;16,5;14,51;1,01;1,01;1;1191;1163;28;1206;1178;28;30
2021;04;01;HOTEL;02;2 ESTRELLAS;MADRE DE DIOS;170000;7;198;348;31,38;23,02;1,43;1,43;1,17;1682;1670;12;2403;2389;14;29
2021;04;00;NO CLASIFICADO;00;NO CATEGORIZADO;MOQUEGUA;180000;161;1542;2603;14,72;10,21;1,74;1,74;1,82;4588;4533;55;7972;7872;100;201
2021;04;00;NO CLASIFICADO;TT;TODAS CONSOLIDADAS;MOQUEGUA;180000;161;1542;2603;14,72;10,21;1,74;1,74;1,82;4588;4533;55;7972;7872;100;201
2021;04;01;HOTEL;01;1 ESTRELLA;MOQUEGUA;180000;1;21;42;14,13;13,97;4,76;4,76;0;37;37;0;176;176;0;4
2021;04;01;HOTEL;02;2 ESTRELLAS;MOQUEGUA;180000;15;456;785;30,39;19,73;3,4;3,38;3,84;1368;1311;57;4647;4428;219;68
2021;04;00;NO CLASIFICADO;00;NO CATEGORIZADO;PASCO;190000;260;2897;4486;14,76;13,49;1,14;1,15;1;15859;15839;20;18158;18138;20;408
2021;04;01;HOTEL;01;1 ESTRELLA;PASCO;190000;5;147;245;19,77;12,37;1;1;0;909;909;0;909;909;0;26
2021;04;01;HOTEL;02;2 ESTRELLAS;PASCO;190000;5;147;265;47,91;42,7;1,24;1,24;0;2741;2741;0;3395;3395;0;30
2021;04;00;NO CLASIFICADO;00;NO CATEGORIZADO;PIURA;200000;945;9943;18216;26,93;22,01;1,76;1,74;2,16;68431;66085;2346;120276;115214;5062;1879
2021;04;01;HOTEL;01;1 ESTRELLA;PIURA;200000;2;40;87;0;0;0;0;0;0;0;0;0;0;0;0
2021;04;01;HOTEL;02;2 ESTRELLAS;PIURA;200000;19;463;779;18,63;17,56;2,37;2,37;3;1734;1732;2;4103;4097;6;85
2021;04;00;NO CLASIFICADO;00;NO CATEGORIZADO;PUNO;210000;658;6199;10544;18,17;14,41;1,16;1,17;1,04;39214;37383;1831;45577;43673;1904;1116
2021;04;00;NO CLASIFICADO;TT;TODAS CONSOLIDADAS;PUNO;210000;658;6199;10544;18,17;14,41;1,16;1,17;1,04;39214;37383;1831;45577;43673;1904;1116
2021;04;01;HOTEL;01;1 ESTRELLA;PUNO;210000;4;111;190;19,97;22,32;2,24;2,24;2;567;564;3;1272;1266;6;13
2021;04;01;HOTEL;02;2 ESTRELLAS;PUNO;210000;19;469;813;13,05;9,13;1,25;1,26;1;1774;1755;19;2226;2207;19;64
2021;04;00;NO CLASIFICADO;00;NO CATEGORIZADO;SAN MARTÍN;220000;682;8053;12544;23;18,49;1,23;1,23;1,55;56382;56162;220;69577;69235;342;1080
2021;04;00;NO CLASIFICADO;TT;TODAS CONSOLIDADAS;SAN MARTÍN;220000;682;8053;12544;23;18,49;1,23;1,23;1,55;56382;56162;220;69577;69235;342;1080
2021;04;01;HOTEL;01;1 ESTRELLA;SAN MARTÍN;220000;5;104;178;36,67;28,3;1,27;1,27;1,3;1192;1169;23;1511;1481;30;19
2021;04;01;HOTEL;02;2 ESTRELLAS;SAN MARTÍN;220000;28;785;1306;32,01;24,5;1,7;1,69;1,85;5657;5475;182;9600;9263;337;139
2021;04;00;NO CLASIFICADO;00;NO CATEGORIZADO;TACNA;230000;395;3830;6934;12,69;6,25;1,31;1,29;2,05;9940;9714;226;13005;12542;463;668
2021;04;00;NO CLASIFICADO;TT;TODAS CONSOLIDADAS;TACNA;230000;395;3830;6934;12,69;6,25;1,31;1,29;2,05;9940;9714;226;13005;12542;463;668
2021;04;01;HOTEL;01;1 ESTRELLA;TACNA;230000;2;57;112;4,5;3,66;1,64;1,64;0;75;75;0;123;123;0;5
2021;04;01;HOTEL;02;2 ESTRELLAS;TACNA;230000;29;842;1698;8,62;6,64;1,75;1,75;1,66;1939;1878;61;3384;3283;101;148
2021;04;00;NO CLASIFICADO;TT;TODAS CONSOLIDADAS;AMAZONAS;010000;243;2310;3643;11,99;9,27;1,22;1,2;1,72;8326;7989;337;10131;9550;581;403
2021;04;00;NO CLASIFICADO;TT;TODAS CONSOLIDADAS;AREQUIPA;040000;1097;9974;16606;20,85;16,8;1,73;1,72;2,07;48445;47804;641;83695;82365;1330;1859
2021;04;00;NO CLASIFICADO;TT;TODAS CONSOLIDADAS;AYACUCHO;050000;517;5126;8166;7,56;6,22;1,09;1,09;1,07;13930;13916;14;15245;15230;15;639
2021;04;01;HOTEL;03;3 ESTRELLAS;AYACUCHO;050000;7;239;453;15,96;10,09;2,57;2,23;9,52;534;509;25;1371;1133;238;80
2021;04;00;NO CLASIFICADO;TT;TODAS CONSOLIDADAS;CALLAO;070000;259;3752;6914;23,73;22,25;1,01;1,01;1,05;78841;78554;287;79849;79548;301;959
2021;04;00;NO CLASIFICADO;TT;TODAS CONSOLIDADAS;HUÁNUCO;100000;452;5265;7791;16,1;13,94;1,12;1,12;1,16;29046;28893;153;32586;32408;178;687
2021;04;00;NO CLASIFICADO;TT;TODAS CONSOLIDADAS;ICA;110000;678;8010;13923;15,87;12,53;1,33;1,31;1,77;39325;37858;1467;52325;49734;2591;1353
2021;04;00;NO CLASIFICADO;TT;TODAS CONSOLIDADAS;LAMBAYEQUE;140000;335;3672;5289;25,91;19,85;1,02;1,03;1;30733;30422;311;31499;31188;311;642
2021;04;00;NO CLASIFICADO;TT;TODAS CONSOLIDADAS;LIMA;150000;5750;50474;87444;20,86;19,81;1,21;1,2;1,41;1964393;1918437;45956;2371985;2307111;64874;34017
2021;04;00;NO CLASIFICADO;TT;TODAS CONSOLIDADAS;LORETO;160000;657;6329;9871;15,49;14,24;1,58;1,52;1,84;26774;22486;4288;42177;34286;7891;741
2021;04;00;NO CLASIFICADO;TT;TODAS CONSOLIDADAS;PASCO;190000;260;2897;4486;14,76;13,49;1,14;1,15;1;15859;15839;20;18158;18138;20;408
2021;04;00;NO CLASIFICADO;TT;TODAS CONSOLIDADAS;PIURA;200000;945;9943;18216;26,93;22,01;1,76;1,74;2,16;68431;66085;2346;120276;115214;5062;1879
2021;04;00;NO CLASIFICADO;TT;TODAS CONSOLIDADAS;TUMBES;240000;201;2151;4205;22,14;19,19;1,46;1,47;1,18;16526;15969;557;24205;23546;659;351
2021;04;00;NO CLASIFICADO;TT;TODAS CONSOLIDADAS;UCAYALI;250000;437;4934;7601;21,24;17,1;2,23;2,24;1,75;17466;17181;285;38989;38489;500;884
2021;04;01;HOTEL;01;1 ESTRELLA;ICA;110000;5;102;130;0;0;0;0;0;0;0;0;0;0;0;0
2021;04;01;HOTEL;03;3 ESTRELLAS;ICA;110000;48;1761;3621;24,2;18,98;1,62;1,6;1,91;12733;12096;637;20619;19405;1214;385
2021;04;01;HOTEL;01;1 ESTRELLA;LA LIBERTAD;130000;2;46;88;0;0;0;0;0;0;0;0;0;0;0;0
2021;04;01;HOTEL;03;3 ESTRELLAS;LA LIBERTAD;130000;82;2321;4426;29,35;20,55;2,25;2,23;2,77;12142;11736;406;27284;26160;1124;520
2021;04;01;HOTEL;03;3 ESTRELLAS;LIMA;150000;146;7394;13965;31,54;23,91;2,14;2,07;2,99;46762;42985;3777;100167;88888;11279;1490
2021;04;01;HOTEL;03;3 ESTRELLAS;LORETO;160000;20;601;1028;25,6;17,65;3,24;3,22;3,43;1682;1565;117;5443;5042;401;128
2021;04;01;HOTEL;03;3 ESTRELLAS;MADRE DE DIOS;170000;5;181;324;17,31;13,91;1,72;1,73;1,4;786;756;30;1352;1310;42;51
2021;04;01;HOTEL;03;3 ESTRELLAS;MOQUEGUA;180000;10;323;588;49,68;27,11;2,03;2,03;1,88;2353;2345;8;4782;4767;15;65
2021;04;01;HOTEL;03;3 ESTRELLAS;PASCO;190000;4;114;217;43,36;44,35;1,85;1,85;1,8;1558;1553;5;2887;2878;9;17
2021;04;01;HOTEL;03;3 ESTRELLAS;PIURA;200000;16;603;1040;23,16;17,86;2,55;2,51;3,49;2186;2091;95;5572;5240;332;155
2021;04;01;HOTEL;03;3 ESTRELLAS;PUNO;210000;18;641;1151;17,23;11,08;1,87;1,88;1,63;2042;1963;79;3826;3697;129;128
2021;04;01;HOTEL;03;3 ESTRELLAS;SAN MARTÍN;220000;22;844;1388;30,89;27,31;2,91;2,82;4,55;3902;3698;204;11373;10445;928;156
2021;04;01;HOTEL;03;3 ESTRELLAS;TACNA;230000;12;430;905;27,17;14,22;1,87;1,87;1,93;2059;2017;42;3860;3779;81;107
2021;04;01;HOTEL;03;3 ESTRELLAS;TUMBES;240000;7;224;438;1,44;,75;1;1;0;99;99;0;99;99;0;38
2021;04;01;HOTEL;03;3 ESTRELLAS;UCAYALI;250000;15;550;901;23,42;17,92;2,72;2,75;2,36;1779;1672;107;4845;4593;252;134
2021;04;01;HOTEL;04;4 ESTRELLAS;AREQUIPA;040000;9;420;802;41,76;25,21;2,23;2,21;3,63;2722;2682;40;6066;5921;145;127
2021;04;01;HOTEL;04;4 ESTRELLAS;CAJAMARCA;060000;3;173;311;52,47;34,38;2,91;2,93;1,68;1102;1083;19;3208;3176;32;86
2021;04;01;HOTEL;04;4 ESTRELLAS;CALLAO;070000;2;371;599;45,63;44,72;1,95;2,34;1,49;4122;2232;1890;8036;5215;2821;109
2021;04;01;HOTEL;04;4 ESTRELLAS;CUSCO;080000;9;793;1509;16,29;12,18;1,7;1,58;2,28;3248;2707;541;5512;4277;1235;182
2021;04;01;HOTEL;04;4 ESTRELLAS;HUÁNUCO;100000;1;52;90;15,58;11,78;1,66;1,66;0;191;191;0;318;318;0;20
2021;04;01;HOTEL;04;4 ESTRELLAS;ICA;110000;6;583;1156;40,53;30,95;4,98;5,02;3,11;2155;2110;45;10733;10593;140;147
2021;04;01;HOTEL;04;4 ESTRELLAS;JUNÍN;120000;1;40;66;22,42;13,59;1,69;1,69;0;159;159;0;269;269;0;19
2021;04;01;HOTEL;04;4 ESTRELLAS;LA LIBERTAD;130000;3;207;322;59,58;39,63;3,93;4,04;2,25;974;914;60;3828;3693;135;28
2021;04;01;HOTEL;04;4 ESTRELLAS;LAMBAYEQUE;140000;4;336;553;29,89;26,76;1,63;1,6;2,11;2715;2547;168;4439;4085;354;193
2021;04;01;HOTEL;04;4 ESTRELLAS;LIMA;150000;39;3574;6411;41,5;29,81;2,87;2,89;2,73;19958;17626;2332;57340;50979;6361;1133
2021;04;01;HOTEL;04;4 ESTRELLAS;LORETO;160000;2;90;150;9,44;7,93;1,01;1,01;1,07;354;339;15;357;341;16;27
2021;04;01;HOTEL;04;4 ESTRELLAS;MOQUEGUA;180000;2;123;229;72,28;39;3,12;3,09;4,8;858;843;15;2679;2607;72;37
2021;04;01;HOTEL;04;4 ESTRELLAS;PIURA;200000;2;181;361;24,97;17,85;2,23;2,19;2,83;865;807;58;1933;1769;164;28
2021;04;01;HOTEL;04;4 ESTRELLAS;PUNO;210000;6;373;707;30,71;17,37;2,54;2,57;1,57;1448;1413;35;3685;3630;55;84
2021;04;01;HOTEL;04;4 ESTRELLAS;SAN MARTÍN;220000;1;50;108;43,33;38,06;1,98;1,99;1,95;622;547;75;1233;1087;146;48
2021;04;01;HOTEL;04;4 ESTRELLAS;TACNA;230000;1;150;300;37,33;19,87;2,29;2,29;2,25;782;762;20;1788;1743;45;21
2021;04;01;HOTEL;04;4 ESTRELLAS;TUMBES;240000;5;265;520;7,03;6,49;1,76;1,76;1,7;576;536;40;1012;944;68;70
2021;04;01;HOTEL;04;4 ESTRELLAS;UCAYALI;250000;5;289;510;25,82;19,93;2,59;2,56;2,94;1177;1074;103;3049;2746;303;68
2021;04;01;HOTEL;05;5 ESTRELLAS;AREQUIPA;040000;3;241;346;57,91;42,98;2,31;2,26;5,73;1929;1899;30;4461;4289;172;120
2021;04;01;HOTEL;05;5 ESTRELLAS;CUSCO;080000;12;1062;2065;14,6;14,11;2,4;2,62;1,99;3642;2388;1254;8743;6252;2491;550
2021;04;01;HOTEL;05;5 ESTRELLAS;ICA;110000;3;345;796;62,09;45,22;2,88;2,86;3,13;3753;3559;194;10798;10190;608;331
2021;04;01;HOTEL;05;5 ESTRELLAS;LA LIBERTAD;130000;1;120;240;63,5;44,14;2,31;2,32;2,26;1374;1250;124;3178;2898;280;55
2021;04;01;HOTEL;05;5 ESTRELLAS;LIMA;150000;20;3694;6713;55,38;34,92;2,24;2,06;3,26;31367;26687;4680;70328;55075;15253;1982
2021;04;01;HOTEL;05;5 ESTRELLAS;LORETO;160000;1;60;122;48,33;36,61;2,38;2,12;3,15;562;416;146;1340;880;460;18
2021;04;01;HOTEL;05;5 ESTRELLAS;PIURA;200000;1;83;168;45,94;34,33;2,46;2,34;3,53;702;628;74;1730;1469;261;47
2021;04;01;HOTEL;05;5 ESTRELLAS;PUNO;210000;1;123;231;58,94;33,39;1,85;1,85;0;1251;1251;0;2314;2314;0;45
2021;04;01;HOTEL;05;5 ESTRELLAS;UCAYALI;250000;2;165;306;15,21;10,84;2,68;2,62;3,61;371;348;23;995;912;83;28
2021;04;01;HOTEL;TT;TODAS CONSOLIDADAS;AMAZONAS;010000;36;865;1416;18,94;15,6;1,42;1,43;1,29;4674;4397;277;6629;6271;358;158
2021;04;01;HOTEL;TT;TODAS CONSOLIDADAS;ÁNCASH;020000;90;2788;4921;23,99;16,52;1,48;1,48;1,85;16459;16316;143;24383;24119;264;501
2021;04;01;HOTEL;TT;TODAS CONSOLIDADAS;APURÍMAC;030000;9;358;598;18,06;13,04;1,33;1,33;1,52;1755;1722;33;2340;2290;50;42
2021;04;01;HOTEL;TT;TODAS CONSOLIDADAS;AREQUIPA;040000;119;3802;6838;32,8;21,37;2,49;2,44;4,95;17627;17269;358;43830;42059;1771;957
2021;04;01;HOTEL;TT;TODAS CONSOLIDADAS;AYACUCHO;050000;22;657;1175;14,31;13,72;2,03;1,95;7,23;2381;2346;35;4835;4582;253;149
2021;04;01;HOTEL;TT;TODAS CONSOLIDADAS;CAJAMARCA;060000;106;3851;5902;14,78;11,39;1,53;1,53;1,67;13177;13105;72;20170;20050;120;648
2021;04;01;HOTEL;TT;TODAS CONSOLIDADAS;CALLAO;070000;8;681;1176;36,02;32,16;1,85;2,06;1,5;6566;4102;2464;12152;8456;3696;174
2021;04;01;HOTEL;TT;TODAS CONSOLIDADAS;CUSCO;080000;126;5270;9852;13,34;10,61;2,15;2,15;2,14;14625;11754;2871;31373;25237;6136;1462
2021;04;01;HOTEL;TT;TODAS CONSOLIDADAS;HUANCAVELICA;090000;4;107;181;11,87;9,74;1,48;1,48;0;358;358;0;529;529;0;27
2021;04;01;HOTEL;TT;TODAS CONSOLIDADAS;HUÁNUCO;100000;62;2047;3358;19,74;17,4;1,24;1,24;1,41;14102;14032;70;17524;17425;99;380
2021;04;01;HOTEL;TT;TODAS CONSOLIDADAS;ICA;110000;112;4119;8010;28,22;22,43;2,24;2,24;2,26;24097;23151;946;53902;51761;2141;1082
2021;04;01;HOTEL;TT;TODAS CONSOLIDADAS;JUNÍN;120000;53;1832;3321;19,68;12,55;1,64;1,64;1,75;7641;7582;59;12506;12403;103;335
2021;04;01;HOTEL;TT;TODAS CONSOLIDADAS;LA LIBERTAD;130000;109;3283;6034;36,64;26,86;2,57;2,57;2,68;18929;18280;649;48631;46890;1741;709
2021;04;01;HOTEL;TT;TODAS CONSOLIDADAS;LAMBAYEQUE;140000;114;3657;5742;17,3;13,88;1,41;1,39;2,12;16977;16616;361;23912;23145;767;723
2021;04;01;HOTEL;TT;TODAS CONSOLIDADAS;LIMA;150000;332;20100;36696;38,64;27,97;2,1;2,01;2,98;163133;148555;14578;342562;299063;43500;6444
2021;04;01;HOTEL;TT;TODAS CONSOLIDADAS;LORETO;160000;38;1130;1908;21,05;16,39;2,34;2,31;2,55;4015;3571;444;9380;8249;1131;233
2021;04;01;HOTEL;TT;TODAS CONSOLIDADAS;MADRE DE DIOS;170000;17;556;949;22,06;17,43;1,36;1,36;1,2;3659;3589;70;4961;4877;84;110
2021;04;01;HOTEL;TT;TODAS CONSOLIDADAS;MOQUEGUA;180000;28;923;1644;42,35;24,91;2,66;2,64;3,83;4616;4536;80;12284;11978;306;174
2021;04;01;HOTEL;TT;TODAS CONSOLIDADAS;PASCO;190000;14;408;727;36,5;32,97;1,38;1,38;1,8;5208;5203;5;7191;7182;9;73
2021;04;01;HOTEL;TT;TODAS CONSOLIDADAS;PIURA;200000;40;1370;2435;22,57;18,26;2,43;2,39;3,33;5487;5258;229;13338;12575;763;315
2021;04;01;HOTEL;TT;TODAS CONSOLIDADAS;PUNO;210000;48;1717;3092;22,18;14,36;1,88;1,89;1,54;7082;6946;136;13323;13114;209;334
2021;04;01;HOTEL;TT;TODAS CONSOLIDADAS;SAN MARTÍN;220000;56;1783;2980;32,07;26,53;2,09;2,05;2,98;11373;10889;484;23717;22276;1441;362
2021;04;01;HOTEL;TT;TODAS CONSOLIDADAS;TACNA;230000;44;1479;3015;16,77;10,12;1,89;1,89;1,85;4855;4732;123;9155;8928;227;281
2021;04;01;HOTEL;TT;TODAS CONSOLIDADAS;TUMBES;240000;19;697;1369;7,9;6,19;1,97;1,98;1,68;1291;1238;53;2543;2454;89;147
2021;04;01;HOTEL;TT;TODAS CONSOLIDADAS;UCAYALI;250000;24;1052;1782;21,72;16,63;2,67;2,67;2,74;3327;3094;233;8889;8251;638;230
2021;04;02;APART HOTEL;03;3 ESTRELLAS;ÁNCASH;020000;2;16;44;4,17;3,94;4,73;4,73;0;11;11;0;52;52;0;4
2021;04;02;APART HOTEL;03;3 ESTRELLAS;APURÍMAC;030000;1;23;35;27,97;24;1,59;1,58;2,33;158;155;3;252;245;7;9
2021;04;02;APART HOTEL;03;3 ESTRELLAS;AREQUIPA;040000;1;18;36;4,07;4,07;2,75;2,75;0;16;16;0;44;44;0;2
2021;04;02;APART HOTEL;03;3 ESTRELLAS;ICA;110000;1;10;10;8;8;2;2;0;12;12;0;24;24;0;4
2021;04;02;APART HOTEL;03;3 ESTRELLAS;LA LIBERTAD;130000;1;11;24;0;0;0;0;0;0;0;0;0;0;0;0
2021;04;02;APART HOTEL;03;3 ESTRELLAS;LIMA;150000;8;206;389;33,38;32,73;7,49;6,98;8,51;510;340;170;3820;2374;1446;44
2021;04;02;APART HOTEL;03;3 ESTRELLAS;LORETO;160000;1;20;36;12;6,76;1,52;1,52;0;48;48;0;73;73;0;12
2021;04;02;APART HOTEL;03;3 ESTRELLAS;PASCO;190000;1;11;18;13,94;14,44;1,11;1,11;0;70;70;0;78;78;0;4
2021;04;02;APART HOTEL;03;3 ESTRELLAS;TUMBES;240000;2;18;50;59,44;27,2;2,39;2,39;0;171;171;0;408;408;0;15
2021;04;02;APART HOTEL;04;4 ESTRELLAS;AREQUIPA;040000;1;19;32;27,02;44,38;2,22;2,01;3,29;192;161;31;426;324;102;5
2021;04;02;APART HOTEL;04;4 ESTRELLAS;LIMA;150000;10;699;1442;62,84;39,57;2,68;2,57;4,06;6377;5893;484;17119;15154;1965;422
2021;04;02;APART HOTEL;04;4 ESTRELLAS;LORETO;160000;1;13;23;41,79;34,06;1,44;1,56;1,43;163;16;147;235;25;210;6
2021;04;02;APART HOTEL;04;4 ESTRELLAS;SAN MARTÍN;220000;1;24;38;46,67;54,3;2,44;2,46;1,92;254;242;12;619;596;23;12
2021;04;02;APART HOTEL;05;5 ESTRELLAS;LIMA;150000;6;399;674;32,98;32,69;2,41;2,31;3,9;2741;2564;177;6610;5919;691;147
2021;04;02;APART HOTEL;TT;TODAS CONSOLIDADAS;ÁNCASH;020000;2;16;44;4,17;3,94;4,73;4,73;0;11;11;0;52;52;0;4
2021;04;02;APART HOTEL;TT;TODAS CONSOLIDADAS;APURÍMAC;030000;1;23;35;27,97;24;1,59;1,58;2,33;158;155;3;252;245;7;9
2021;04;02;APART HOTEL;TT;TODAS CONSOLIDADAS;AREQUIPA;040000;2;37;68;15,86;23,04;2,26;2,08;3,29;208;177;31;470;368;102;7
2021;04;02;APART HOTEL;TT;TODAS CONSOLIDADAS;CAJAMARCA;060000;1;7;12;0;0;0;0;0;0;0;0;0;0;0;0
2021;04;02;APART HOTEL;TT;TODAS CONSOLIDADAS;ICA;110000;1;10;10;8;8;2;2;0;12;12;0;24;24;0;4
2021;04;02;APART HOTEL;TT;TODAS CONSOLIDADAS;LA LIBERTAD;130000;1;11;24;0;0;0;0;0;0;0;0;0;0;0;0
2021;04;02;APART HOTEL;TT;TODAS CONSOLIDADAS;LIMA;150000;24;1304;2505;49,05;36,66;2,86;2,67;4,94;9628;8797;831;27549;23447;4102;613
2021;04;02;APART HOTEL;TT;TODAS CONSOLIDADAS;LORETO;160000;2;33;59;23,74;17,4;1,46;1,53;1,43;211;64;147;308;98;210;18
2021;04;02;APART HOTEL;TT;TODAS CONSOLIDADAS;PASCO;190000;1;11;18;13,94;14,44;1,11;1,11;0;70;70;0;78;78;0;4
2021;04;02;APART HOTEL;TT;TODAS CONSOLIDADAS;SAN MARTÍN;220000;1;24;38;46,67;54,3;2,44;2,46;1,92;254;242;12;619;596;23;12
2021;04;02;APART HOTEL;TT;TODAS CONSOLIDADAS;TUMBES;240000;2;18;50;59,44;27,2;2,39;2,39;0;171;171;0;408;408;0;15
2021;04;03;HOSTAL;01;1 ESTRELLA;AMAZONAS;010000;12;181;279;19,47;28,49;1,08;1,08;1,18;2208;2163;45;2385;2332;53;29
2021;04;03;HOSTAL;01;1 ESTRELLA;ÁNCASH;020000;43;588;946;22,9;24,81;1,1;1,1;0;6381;6381;0;7042;7042;0;94
2021;04;03;HOSTAL;01;1 ESTRELLA;APURÍMAC;030000;1;10;20;0;0;0;0;0;0;0;0;0;0;0;0
2021;04;03;HOSTAL;01;1 ESTRELLA;AREQUIPA;040000;52;775;1193;17,49;14,39;1,4;1,4;1;3675;3666;9;5151;5142;9;125
2021;04;03;HOSTAL;01;1 ESTRELLA;AYACUCHO;050000;4;91;161;17,95;13,06;1,26;1,26;0;502;502;0;631;631;0;18
2021;04;03;HOSTAL;01;1 ESTRELLA;CAJAMARCA;060000;23;392;631;5,19;3,26;1,08;1,08;0;573;573;0;618;618;0;68
2021;04;03;HOSTAL;01;1 ESTRELLA;CALLAO;070000;11;204;408;35,19;35,19;1;1;1;4529;4496;33;4529;4496;33;34
2021;04;03;HOSTAL;01;1 ESTRELLA;CUSCO;080000;21;375;614;17,78;17,21;1,09;1,09;0;2915;2915;0;3171;3171;0;52
2021;04;03;HOSTAL;01;1 ESTRELLA;HUANCAVELICA;090000;2;29;45;36,21;23,63;1,01;1,01;0;315;315;0;319;319;0;5
2021;04;03;HOSTAL;01;1 ESTRELLA;HUÁNUCO;100000;13;206;311;81,75;64,22;1,03;1,03;0;5832;5832;0;5992;5992;0;33
2021;04;03;HOSTAL;01;1 ESTRELLA;ICA;110000;12;166;255;17,17;12,55;1,09;1,09;1,1;882;872;10;960;949;11;29
2021;04;03;HOSTAL;01;1 ESTRELLA;JUNÍN;120000;11;165;288;23,76;18,82;1,38;1,38;0;1177;1177;0;1626;1626;0;29
2021;04;03;HOSTAL;01;1 ESTRELLA;LA LIBERTAD;130000;34;470;820;25,1;14,84;1,64;1,64;0;2226;2226;0;3651;3651;0;82
2021;04;03;HOSTAL;01;1 ESTRELLA;LAMBAYEQUE;140000;19;251;323;20,29;17,04;1,12;1,11;1,6;1475;1450;25;1651;1611;40;43
2021;04;03;HOSTAL;01;1 ESTRELLA;LIMA;150000;73;1490;2754;18,26;18,48;1,05;1,05;1,06;16999;16501;498;17856;17330;527;270
2021;04;03;HOSTAL;01;1 ESTRELLA;LORETO;160000;6;91;134;2,45;1,47;2,95;1,64;4,56;20;11;9;59;18;41;15
2021;04;03;HOSTAL;01;1 ESTRELLA;MADRE DE DIOS;170000;1;35;68;16,76;13,43;2;2;2;137;134;3;274;268;6;3
2021;04;03;HOSTAL;01;1 ESTRELLA;MOQUEGUA;180000;15;198;357;23,4;19,52;1,53;1,52;2,38;1370;1357;13;2091;2060;31;33
2021;04;03;HOSTAL;01;1 ESTRELLA;PASCO;190000;17;290;431;36,22;29,55;1,08;1,08;0;3526;3526;0;3821;3821;0;48
2021;04;03;HOSTAL;01;1 ESTRELLA;PIURA;200000;2;36;51;19,81;13,07;2,04;2,04;0;98;98;0;200;200;0;8
2021;04;03;HOSTAL;01;1 ESTRELLA;PUNO;210000;21;360;608;17,94;15,11;1,11;1,12;1;2489;2267;222;2756;2533;223;48
2021;04;03;HOSTAL;01;1 ESTRELLA;SAN MARTÍN;220000;1;20;33;19,5;11,82;1,95;1,95;0;60;60;0;117;117;0;8
2021;04;03;HOSTAL;01;1 ESTRELLA;TACNA;230000;10;182;320;6,45;4,97;1,45;1,46;1;328;327;1;477;476;1;26
2021;04;03;HOSTAL;02;2 ESTRELLAS;AMAZONAS;010000;48;876;1385;23,82;19,09;1,01;1,01;1;7852;7836;16;7931;7915;16;138
2021;04;03;HOSTAL;02;2 ESTRELLAS;ÁNCASH;020000;124;2030;3454;28,45;28,48;1,05;1,06;1,03;27982;27782;200;29516;29311;205;343
2021;04;03;HOSTAL;02;2 ESTRELLAS;APURÍMAC;030000;5;150;217;33,07;24,93;1,1;1,1;0;1473;1473;0;1623;1623;0;22
2021;04;03;HOSTAL;02;2 ESTRELLAS;AREQUIPA;040000;127;2081;3774;24,38;19,89;1,33;1,33;1,5;16898;16777;121;22517;22335;182;364
2021;04;03;HOSTAL;02;2 ESTRELLAS;AYACUCHO;050000;3;34;67;0;0;0;0;0;0;0;0;0;0;0;0
2021;04;03;HOSTAL;02;2 ESTRELLAS;CAJAMARCA;060000;106;2028;3151;15,2;12,77;1,34;1,34;0;8993;8993;0;12068;12068;0;317
2021;04;03;HOSTAL;02;2 ESTRELLAS;CALLAO;070000;6;186;358;58,81;60,28;1;1;1;7181;7041;140;7215;7076;140;39
2021;04;03;HOSTAL;02;2 ESTRELLAS;CUSCO;080000;47;776;1329;27,84;19,96;2,59;2,6;2,35;3078;2915;163;7957;7574;383;128
2021;04;03;HOSTAL;02;2 ESTRELLAS;HUANCAVELICA;090000;1;39;71;8,55;7,32;1,32;1,32;0;118;118;0;156;156;0;4
2021;04;03;HOSTAL;02;2 ESTRELLAS;HUÁNUCO;100000;20;266;427;26,6;21,48;1,05;1,05;1;2612;2609;3;2752;2749;3;54
2021;04;03;HOSTAL;02;2 ESTRELLAS;ICA;110000;59;862;1417;18,43;17,04;1,22;1,22;1,22;5922;5904;18;7245;7223;22;149
2021;04;03;HOSTAL;02;2 ESTRELLAS;JUNÍN;120000;19;321;635;28,82;24,99;1,19;1,19;1,36;3991;3980;11;4761;4746;15;63
2021;04;03;HOSTAL;02;2 ESTRELLAS;LA LIBERTAD;130000;134;2241;4062;15,18;13,67;1,17;1,17;1,29;14219;13982;237;16663;16358;305;392
2021;04;03;HOSTAL;02;2 ESTRELLAS;LAMBAYEQUE;140000;159;2328;3254;23,75;16,78;1,06;1,06;1,03;15515;15242;273;16383;16102;281;424
2021;04;03;HOSTAL;02;2 ESTRELLAS;LIMA;150000;126;2865;5245;21,76;22,13;1,36;1,31;2,25;37709;35945;1764;51191;47220;3971;730
2021;04;03;HOSTAL;02;2 ESTRELLAS;LORETO;160000;5;79;124;14,22;24,92;2,16;2,14;2,52;430;407;23;927;869;58;16
2021;04;03;HOSTAL;02;2 ESTRELLAS;MADRE DE DIOS;170000;5;138;207;35,53;26,25;1,32;1,32;1,26;1237;1210;27;1630;1596;34;22
2021;04;03;HOSTAL;02;2 ESTRELLAS;MOQUEGUA;180000;48;610;995;33,77;24,42;2,42;2,42;2,52;3007;2974;33;7289;7206;83;112
2021;04;03;HOSTAL;02;2 ESTRELLAS;PASCO;190000;10;165;299;15,68;11,24;1,42;1,42;0;711;711;0;1008;1008;0;26
2021;04;03;HOSTAL;02;2 ESTRELLAS;PIURA;200000;28;541;869;18,13;18,41;1,75;1,75;1,79;2746;2651;95;4799;4629;170;105
2021;04;03;HOSTAL;02;2 ESTRELLAS;PUNO;210000;29;478;875;19,07;13,66;1,45;1,45;1,47;2478;2461;17;3587;3562;25;74
2021;04;03;HOSTAL;02;2 ESTRELLAS;SAN MARTÍN;220000;16;259;428;23,4;20,01;1,66;1,65;2,86;1550;1543;7;2569;2549;20;53
2021;04;03;HOSTAL;02;2 ESTRELLAS;TACNA;230000;19;330;616;30;16,31;1;1;1;3011;3007;4;3015;3011;4;57
2021;04;03;HOSTAL;02;2 ESTRELLAS;TUMBES;240000;5;65;134;11,03;6,57;1;1;0;264;264;0;264;264;0;13
2021;04;03;HOSTAL;02;2 ESTRELLAS;UCAYALI;250000;2;70;127;17,52;11,31;1,61;1,61;1,67;267;264;3;431;426;5;13
2021;04;03;HOSTAL;03;3 ESTRELLAS;AMAZONAS;010000;8;147;297;6,17;4,75;1,18;1,18;1,5;359;357;2;423;420;3;25
2021;04;03;HOSTAL;03;3 ESTRELLAS;ÁNCASH;020000;21;331;613;28,7;19,09;2,29;2,29;1,67;1533;1524;9;3510;3495;15;55
2021;04;03;HOSTAL;03;3 ESTRELLAS;APURÍMAC;030000;1;24;43;31,81;17,75;1,79;1,79;0;128;128;0;229;229;0;7
2021;04;03;HOSTAL;03;3 ESTRELLAS;AREQUIPA;040000;32;509;916;33,55;22,01;2,24;2,24;2,31;2695;2666;29;6047;5980;67;124
2021;04;03;HOSTAL;03;3 ESTRELLAS;AYACUCHO;050000;2;40;83;30;19,24;1,54;1,53;1,67;312;294;18;479;449;30;12
2021;04;03;HOSTAL;03;3 ESTRELLAS;CAJAMARCA;060000;43;696;1158;22,48;14,43;1,44;1,44;1,64;3475;3436;39;5014;4950;64;130
2021;04;03;HOSTAL;03;3 ESTRELLAS;CUSCO;080000;20;350;670;6,03;4,93;1,87;1,87;1,88;530;418;112;990;780;210;59
2021;04;03;HOSTAL;03;3 ESTRELLAS;HUANCAVELICA;090000;2;20;23;0;0;0;0;0;0;0;0;0;0;0;0
2021;04;03;HOSTAL;03;3 ESTRELLAS;HUÁNUCO;100000;2;45;63;0;0;0;0;0;0;0;0;0;0;0;0
2021;04;03;HOSTAL;03;3 ESTRELLAS;ICA;110000;32;621;1140;28,29;17,75;1,77;1,78;1,52;3426;3302;124;6071;5883;188;144
2021;04;03;HOSTAL;03;3 ESTRELLAS;JUNÍN;120000;2;47;93;18,51;22,47;1,2;1,2;0;522;522;0;627;627;0;40
2021;04;03;HOSTAL;03;3 ESTRELLAS;LA LIBERTAD;130000;59;951;1763;29,51;29,27;1,14;1,14;1,17;13579;13487;92;15479;15371;108;169
2021;04;03;HOSTAL;03;3 ESTRELLAS;LAMBAYEQUE;140000;23;337;510;28,35;20,99;1,26;1,27;1,15;2540;2507;33;3211;3173;38;80
2021;04;03;HOSTAL;03;3 ESTRELLAS;LORETO;160000;8;117;195;20,28;12,07;2,05;2,03;2,6;345;335;10;706;680;26;29
2021;04;03;HOSTAL;03;3 ESTRELLAS;MADRE DE DIOS;170000;1;22;29;9,39;11,61;1,63;1,65;1;62;60;2;101;99;2;2
2021;04;03;HOSTAL;03;3 ESTRELLAS;MOQUEGUA;180000;3;52;85;0;0;0;0;0;0;0;0;0;0;0;0
2021;04;03;HOSTAL;03;3 ESTRELLAS;PASCO;190000;1;9;18;0;0;0;0;0;0;0;0;0;0;0;0
2021;04;03;HOSTAL;03;3 ESTRELLAS;PIURA;200000;3;51;107;6,21;6,32;2,09;2,01;3;97;89;8;203;179;24;14
2021;04;03;HOSTAL;03;3 ESTRELLAS;PUNO;210000;7;152;265;,88;1,07;1,44;1,44;0;59;59;0;85;85;0;28
2021;04;03;HOSTAL;03;3 ESTRELLAS;SAN MARTÍN;220000;6;112;241;17,26;11,8;1,32;1,32;1,4;647;637;10;853;839;14;37
2021;04;03;HOSTAL;03;3 ESTRELLAS;TACNA;230000;5;92;195;25,51;12,7;3,12;3,12;0;238;238;0;743;743;0;16
2021;04;03;HOSTAL;03;3 ESTRELLAS;TUMBES;240000;5;83;164;33,17;24,78;1,51;1,51;0;807;807;0;1219;1219;0;15
2021;04;03;HOSTAL;03;3 ESTRELLAS;UCAYALI;250000;2;45;71;5,19;3,57;4;4;0;19;19;0;76;76;0;5
2021;04;03;HOSTAL;TT;TODAS CONSOLIDADAS;AMAZONAS;010000;68;1204;1961;21,01;18,25;1,03;1,03;1,14;10419;10356;63;10739;10667;72;192
2021;04;03;HOSTAL;TT;TODAS CONSOLIDADAS;ÁNCASH;020000;188;2949;5013;27,37;26,64;1,12;1,12;1,05;35896;35687;209;40068;39848;220;492
2021;04;03;HOSTAL;TT;TODAS CONSOLIDADAS;APURÍMAC;030000;7;184;280;31,11;22,05;1,16;1,16;0;1601;1601;0;1852;1852;0;29
2021;04;03;HOSTAL;TT;TODAS CONSOLIDADAS;AREQUIPA;040000;211;3365;5883;24,18;19,1;1,45;1,45;1,62;23268;23109;159;33715;33457;258;613
2021;04;03;HOSTAL;TT;TODAS CONSOLIDADAS;AYACUCHO;050000;9;165;311;17,17;11,9;1,36;1,36;1,67;814;796;18;1110;1080;30;30
2021;04;03;HOSTAL;TT;TODAS CONSOLIDADAS;CAJAMARCA;060000;172;3116;4940;15,57;11,94;1,36;1,36;1,64;13041;13002;39;17700;17636;64;515
2021;04;03;HOSTAL;TT;TODAS CONSOLIDADAS;CALLAO;070000;17;390;766;46,36;46,74;1;1;1;11448;11282;166;11481;11315;166;72
2021;04;03;HOSTAL;TT;TODAS CONSOLIDADAS;CUSCO;080000;88;1501;2613;20,24;15,46;1,86;1,84;2,16;6523;6248;275;12118;11525;593;239
2021;04;03;HOSTAL;TT;TODAS CONSOLIDADAS;HUANCAVELICA;090000;5;88;139;15,72;11,39;1,1;1,1;0;433;433;0;475;475;0;9
2021;04;03;HOSTAL;TT;TODAS CONSOLIDADAS;HUÁNUCO;100000;35;517;801;46,26;36,39;1,04;1,04;1;8444;8441;3;8744;8741;3;87
2021;04;03;HOSTAL;TT;TODAS CONSOLIDADAS;ICA;110000;103;1649;2812;22,02;16,92;1,4;1,39;1,45;10230;10078;152;14276;14055;221;322
2021;04;03;HOSTAL;TT;TODAS CONSOLIDADAS;JUNÍN;120000;32;533;1016;26,34;23,01;1,23;1,23;1,36;5690;5679;11;7014;6999;15;132
2021;04;03;HOSTAL;TT;TODAS CONSOLIDADAS;LA LIBERTAD;130000;227;3662;6645;20,17;17,95;1,19;1,19;1,26;30024;29695;329;35793;35380;413;643
2021;04;03;HOSTAL;TT;TODAS CONSOLIDADAS;LAMBAYEQUE;140000;201;2916;4087;23,98;17,33;1,09;1,09;1,08;19530;19199;331;21245;20886;359;547
2021;04;03;HOSTAL;TT;TODAS CONSOLIDADAS;LIMA;150000;215;4703;8700;19,56;19,44;1,23;1,21;1,9;52505;50641;1864;64831;61291;3539;1014
2021;04;03;HOSTAL;TT;TODAS CONSOLIDADAS;LORETO;160000;19;287;453;12,96;12,45;2,13;2,08;2,98;795;753;42;1692;1567;125;60
2021;04;03;HOSTAL;TT;TODAS CONSOLIDADAS;MADRE DE DIOS;170000;7;195;304;29,21;21,98;1,4;1,4;1,31;1436;1404;32;2005;1963;42;27
2021;04;03;HOSTAL;TT;TODAS CONSOLIDADAS;MOQUEGUA;180000;66;860;1437;29,34;21,76;2,14;2,14;2,48;4377;4331;46;9380;9266;114;145
2021;04;03;HOSTAL;TT;TODAS CONSOLIDADAS;PASCO;190000;28;464;748;28,21;21,52;1,14;1,14;0;4237;4237;0;4829;4829;0;74
2021;04;03;HOSTAL;TT;TODAS CONSOLIDADAS;PIURA;200000;33;628;1027;17,26;16,88;1,77;1,76;1,88;2941;2838;103;5202;5008;194;127
2021;04;03;HOSTAL;TT;TODAS CONSOLIDADAS;PUNO;210000;57;990;1748;15,87;12,26;1,28;1,29;1,04;5026;4787;239;6428;6180;248;150
2021;04;03;HOSTAL;TT;TODAS CONSOLIDADAS;SAN MARTÍN;220000;23;391;702;21,44;16,8;1,57;1,56;2;2257;2240;17;3539;3505;34;98
2021;04;03;HOSTAL;TT;TODAS CONSOLIDADAS;TACNA;230000;34;604;1131;22,22;12,48;1,18;1,18;1;3577;3572;5;4235;4230;5;99
2021;04;03;HOSTAL;TT;TODAS CONSOLIDADAS;TUMBES;240000;10;148;298;23,45;16,59;1,38;1,38;0;1071;1071;0;1483;1483;0;28
2021;04;03;HOSTAL;TT;TODAS CONSOLIDADAS;UCAYALI;250000;4;115;198;12,7;8,54;1,77;1,77;1,67;286;283;3;507;502;5;18
2021;04;05;ALBERGUE;12;ALBERGUE;AMAZONAS;010000;1;6;11;0;0;0;0;0;0;0;0;0;0;0;0
2021;04;05;ALBERGUE;12;ALBERGUE;ÁNCASH;020000;6;66;141;0;0;0;0;0;0;0;0;0;0;0;0
2021;04;05;ALBERGUE;12;ALBERGUE;AREQUIPA;040000;4;88;213;29,05;25,52;1,68;1,68;1,69;972;927;45;1631;1555;76;71
2021;04;05;ALBERGUE;12;ALBERGUE;CUSCO;080000;18;200;672;23,67;8,89;1,79;1,48;2,04;1004;464;540;1793;689;1104;59
2021;04;05;ALBERGUE;12;ALBERGUE;ICA;110000;2;18;43;17,59;15,74;3,38;3,38;0;60;60;0;203;203;0;5
2021;04;05;ALBERGUE;12;ALBERGUE;JUNÍN;120000;1;32;104;27,08;18,75;2,14;2,14;1,5;274;270;4;585;579;6;13
2021;04;05;ALBERGUE;12;ALBERGUE;LIMA;150000;7;124;372;22,18;8,82;2,3;1,76;3,35;428;283;145;984;498;486;36
2021;04;05;ALBERGUE;12;ALBERGUE;LORETO;160000;50;668;1410;26,78;21,03;2,63;1,24;11,05;3377;2898;479;8895;3601;5294;173
2021;04;05;ALBERGUE;12;ALBERGUE;MADRE DE DIOS;170000;4;91;202;4,29;4,92;4,26;4,39;4;70;46;24;298;202;96;148
2021;04;05;ALBERGUE;12;ALBERGUE;PASCO;190000;11;181;495;9,06;7,83;2,54;2,54;2,9;457;447;10;1163;1134;29;32
2021;04;05;ALBERGUE;12;ALBERGUE;PUNO;210000;1;13;35;0;0;0;0;0;0;0;0;0;0;0;0
2021;04;05;ALBERGUE;12;ALBERGUE;SAN MARTÍN;220000;10;192;444;13,75;11,92;2,26;2,13;3,71;704;649;55;1588;1384;204;44
2021;04;05;ALBERGUE;12;ALBERGUE;UCAYALI;250000;3;37;95;9,64;10,11;3,47;3,17;4,56;83;65;18;288;206;82;14
2021;04;05;ALBERGUE;TT;TODAS CONSOLIDADAS;AMAZONAS;010000;1;6;11;0;0;0;0;0;0;0;0;0;0;0;0
2021;04;05;ALBERGUE;TT;TODAS CONSOLIDADAS;ÁNCASH;020000;6;66;141;0;0;0;0;0;0;0;0;0;0;0;0
2021;04;05;ALBERGUE;TT;TODAS CONSOLIDADAS;AREQUIPA;040000;4;88;213;29,05;25,52;1,68;1,68;1,69;972;927;45;1631;1555;76;71
2021;04;02;APART HOTEL;03;3 ESTRELLAS;CAJAMARCA;060000;1;7;12;0;0;0;0;0;0;0;0;0;0;0;0
2021;04;05;ALBERGUE;12;ALBERGUE;CAJAMARCA;060000;1;11;22;0;0;0;0;0;0;0;0;0;0;0;0
2021;04;03;HOSTAL;03;3 ESTRELLAS;LIMA;150000;16;348;701;15,73;13,8;1,2;1,2;1,28;2482;2463;19;2981;2957;25;67
2021;04;05;ALBERGUE;TT;TODAS CONSOLIDADAS;CAJAMARCA;060000;1;11;22;0;0;0;0;0;0;0;0;0;0;0;0
2021;04;05;ALBERGUE;TT;TODAS CONSOLIDADAS;CUSCO;080000;18;200;672;23,67;8,89;1,79;1,48;2,04;1004;464;540;1793;689;1104;59
2021;04;05;ALBERGUE;TT;TODAS CONSOLIDADAS;ICA;110000;2;18;43;17,59;15,74;3,38;3,38;0;60;60;0;203;203;0;5
2021;04;05;ALBERGUE;TT;TODAS CONSOLIDADAS;JUNÍN;120000;1;32;104;27,08;18,75;2,14;2,14;1,5;274;270;4;585;579;6;13
2021;04;05;ALBERGUE;TT;TODAS CONSOLIDADAS;LIMA;150000;7;124;372;22,18;8,82;2,3;1,76;3,35;428;283;145;984;498;486;36
2021;04;05;ALBERGUE;TT;TODAS CONSOLIDADAS;LORETO;160000;50;668;1410;26,78;21,03;2,63;1,24;11,05;3377;2898;479;8895;3601;5294;173
2021;04;05;ALBERGUE;TT;TODAS CONSOLIDADAS;MADRE DE DIOS;170000;4;91;202;4,29;4,92;4,26;4,39;4;70;46;24;298;202;96;148
2021;04;05;ALBERGUE;TT;TODAS CONSOLIDADAS;PASCO;190000;11;181;495;9,06;7,83;2,54;2,54;2,9;457;447;10;1163;1134;29;32
2021;04;05;ALBERGUE;TT;TODAS CONSOLIDADAS;PUNO;210000;1;13;35;0;0;0;0;0;0;0;0;0;0;0;0
2021;04;05;ALBERGUE;TT;TODAS CONSOLIDADAS;SAN MARTÍN;220000;10;192;444;13,75;11,92;2,26;2,13;3,71;704;649;55;1588;1384;204;44
2021;04;05;ALBERGUE;TT;TODAS CONSOLIDADAS;UCAYALI;250000;3;37;95;9,64;10,11;3,47;3,17;4,56;83;65;18;288;206;82;14
2021;04;14;RESORT;03;3 ESTRELLAS;ICA;110000;1;51;86;0;0;0;0;0;0;0;0;0;0;0;0
2021;04;14;RESORT;04;4 ESTRELLAS;TUMBES;240000;1;402;804;38,03;43,33;2,59;2,58;3,29;4040;4016;24;10452;10373;79;344
2021;04;14;RESORT;05;5 ESTRELLAS;ICA;110000;1;115;250;84,9;63,11;2,89;2,79;5,98;1636;1582;54;4733;4410;323;90
2021;04;14;RESORT;TT;TODAS CONSOLIDADAS;ICA;110000;2;166;336;58,82;46,95;2,89;2,79;5,98;1636;1582;54;4733;4410;323;90
2021;04;14;RESORT;TT;TODAS CONSOLIDADAS;TUMBES;240000;1;402;804;38,03;43,33;2,59;2,58;3,29;4040;4016;24;10452;10373;79;344
2021;04;16;ECOLODGE;13;ECOLODGE;AREQUIPA;040000;1;23;51;2,32;2,94;1,45;1,41;2;31;29;2;45;41;4;9
2021;04;16;ECOLODGE;13;ECOLODGE;SAN MARTÍN;220000;1;12;24;0;0;0;0;0;0;0;0;0;0;0;0
2021;04;16;ECOLODGE;TT;TODAS CONSOLIDADAS;AREQUIPA;040000;1;23;51;2,32;2,94;1,45;1,41;2;31;29;2;45;41;4;9
2021;04;16;ECOLODGE;TT;TODAS CONSOLIDADAS;SAN MARTÍN;220000;1;12;24;0;0;0;0;0;0;0;0;0;0;0;0
2021;04;TT;TODAS CONSOLIDADAS;00;NO CATEGORIZADO;AMAZONAS;010000;243;2310;3643;11,99;9,27;1,22;1,2;1,72;8326;7989;337;10131;9550;581;403
2021;04;TT;TODAS CONSOLIDADAS;00;NO CATEGORIZADO;ÁNCASH;020000;570;5583;9626;7,24;7,85;1,8;1,8;1,8;12582;12499;83;22662;22513;149;908
2021;04;TT;TODAS CONSOLIDADAS;00;NO CATEGORIZADO;APURÍMAC;030000;451;4193;6490;14,28;10,43;1,22;1,21;2,19;16628;16484;144;20300;19984;316;452
2021;04;TT;TODAS CONSOLIDADAS;00;NO CATEGORIZADO;AREQUIPA;040000;1097;9974;16606;20,85;16,8;1,73;1,72;2,07;48445;47804;641;83695;82365;1330;1859
2021;04;TT;TODAS CONSOLIDADAS;00;NO CATEGORIZADO;AYACUCHO;050000;517;5126;8166;7,56;6,22;1,09;1,09;1,07;13930;13916;14;15245;15230;15;639
2021;04;TT;TODAS CONSOLIDADAS;00;NO CATEGORIZADO;CAJAMARCA;060000;578;5849;9059;12,62;12,38;1,32;1,32;1;25433;25403;30;33643;33613;30;1015
2021;04;TT;TODAS CONSOLIDADAS;00;NO CATEGORIZADO;CALLAO;070000;259;3752;6914;23,73;22,25;1,01;1,01;1,05;78841;78554;287;79849;79548;301;959
2021;04;TT;TODAS CONSOLIDADAS;00;NO CATEGORIZADO;CUSCO;080000;1639;16282;29670;13,06;9,07;1,67;1,64;2,04;48305;44317;3988;80748;72611;8137;2906
2021;04;TT;TODAS CONSOLIDADAS;00;NO CATEGORIZADO;HUANCAVELICA;090000;167;1900;2940;13,95;11;1,11;1,11;1,44;8714;8680;34;9702;9653;49;234
2021;04;TT;TODAS CONSOLIDADAS;00;NO CATEGORIZADO;HUÁNUCO;100000;452;5265;7791;16,1;13,94;1,12;1,12;1,16;29046;28893;153;32586;32408;178;687
2021;04;TT;TODAS CONSOLIDADAS;00;NO CATEGORIZADO;ICA;110000;678;8010;13923;15,87;12,53;1,33;1,31;1,77;39325;37858;1467;52325;49734;2591;1353
2021;04;TT;TODAS CONSOLIDADAS;00;NO CATEGORIZADO;JUNÍN;120000;1189;13037;21068;18,26;12,52;1,16;1,16;1,29;67972;67568;404;79104;78584;520;2208
2021;04;TT;TODAS CONSOLIDADAS;00;NO CATEGORIZADO;LA LIBERTAD;130000;769;6637;11093;31,14;20,75;1,18;1,17;1,51;58603;57612;991;69051;67556;1495;734
2021;04;TT;TODAS CONSOLIDADAS;00;NO CATEGORIZADO;LAMBAYEQUE;140000;335;3672;5289;25,91;19,85;1,02;1,03;1;30733;30422;311;31499;31188;311;642
2021;04;TT;TODAS CONSOLIDADAS;00;NO CATEGORIZADO;LIMA;150000;5750;50474;87444;20,86;19,81;1,21;1,2;1,41;1964393;1918437;45956;2371985;2307111;64874;34017
2021;04;TT;TODAS CONSOLIDADAS;00;NO CATEGORIZADO;LORETO;160000;657;6329;9871;15,49;14,24;1,58;1,52;1,84;26774;22486;4288;42177;34286;7891;741
2021;04;TT;TODAS CONSOLIDADAS;00;NO CATEGORIZADO;MADRE DE DIOS;170000;277;3858;6282;22,56;19,65;1,19;1,19;1,25;31169;30755;414;37041;36525;516;619
2021;04;TT;TODAS CONSOLIDADAS;00;NO CATEGORIZADO;MOQUEGUA;180000;161;1542;2603;14,72;10,21;1,74;1,74;1,82;4588;4533;55;7972;7872;100;201
2021;04;TT;TODAS CONSOLIDADAS;00;NO CATEGORIZADO;PASCO;190000;260;2897;4486;14,76;13,49;1,14;1,15;1;15859;15839;20;18158;18138;20;408
2021;04;TT;TODAS CONSOLIDADAS;00;NO CATEGORIZADO;PUNO;210000;658;6199;10544;18,17;14,41;1,16;1,17;1,04;39214;37383;1831;45577;43673;1904;1116
2021;04;TT;TODAS CONSOLIDADAS;00;NO CATEGORIZADO;TACNA;230000;395;3830;6934;12,69;6,25;1,31;1,29;2,05;9940;9714;226;13005;12542;463;668
2021;04;TT;TODAS CONSOLIDADAS;00;NO CATEGORIZADO;TUMBES;240000;201;2151;4205;22,14;19,19;1,46;1,47;1,18;16526;15969;557;24205;23546;659;351
2021;04;TT;TODAS CONSOLIDADAS;00;NO CATEGORIZADO;UCAYALI;250000;437;4934;7601;21,24;17,1;2,23;2,24;1,75;17466;17181;285;38989;38489;500;884
2021;04;TT;TODAS CONSOLIDADAS;01;1 ESTRELLA;AMAZONAS;010000;13;201;314;17,53;25,32;1,08;1,08;1,18;2208;2163;45;2385;2332;53;29
2021;04;TT;TODAS CONSOLIDADAS;01;1 ESTRELLA;ÁNCASH;020000;55;950;1511;19,61;19,49;1,12;1,12;0;7876;7876;0;8835;8835;0;144
2021;04;TT;TODAS CONSOLIDADAS;01;1 ESTRELLA;APURÍMAC;030000;3;90;135;14,52;10,91;1,07;1,07;3;412;411;1;442;439;3;10
2021;04;TT;TODAS CONSOLIDADAS;01;1 ESTRELLA;AREQUIPA;040000;58;985;1530;16,17;12,77;1,49;1,49;1;3925;3916;9;5862;5853;9;160
2021;04;TT;TODAS CONSOLIDADAS;01;1 ESTRELLA;AYACUCHO;050000;12;291;506;9,35;7,27;1,48;1,48;0;744;744;0;1103;1103;0;53
2021;04;TT;TODAS CONSOLIDADAS;01;1 ESTRELLA;CAJAMARCA;060000;29;562;915;4,89;3,43;1,09;1,09;1;866;864;2;941;939;2;95
2021;04;TT;TODAS CONSOLIDADAS;01;1 ESTRELLA;CALLAO;070000;12;241;482;35,19;35,19;1;1;1;4941;4905;36;4941;4905;36;38
2021;04;TT;TODAS CONSOLIDADAS;01;1 ESTRELLA;CUSCO;080000;25;490;811;14,93;14,33;1,11;1,11;0;3141;3141;0;3486;3486;0;70
2021;04;TT;TODAS CONSOLIDADAS;01;1 ESTRELLA;HUANCAVELICA;090000;2;29;45;36,21;23,63;1,01;1,01;0;315;315;0;319;319;0;5
2021;04;TT;TODAS CONSOLIDADAS;01;1 ESTRELLA;HUÁNUCO;100000;21;445;664;48,21;41,02;1,02;1,02;0;8012;8012;0;8172;8172;0;71
2021;04;TT;TODAS CONSOLIDADAS;01;1 ESTRELLA;ICA;110000;17;268;385;10,63;8,31;1,09;1,09;1,1;882;872;10;960;949;11;29
2021;04;TT;TODAS CONSOLIDADAS;01;1 ESTRELLA;JUNÍN;120000;17;391;708;15,92;11,47;1,41;1,41;0;1725;1725;0;2437;2437;0;54
2021;04;TT;TODAS CONSOLIDADAS;01;1 ESTRELLA;LA LIBERTAD;130000;36;516;908;22,86;13,4;1,64;1,64;0;2226;2226;0;3651;3651;0;82
2021;04;TT;TODAS CONSOLIDADAS;01;1 ESTRELLA;LAMBAYEQUE;140000;22;354;472;14,39;11,66;1,12;1,11;1,6;1475;1450;25;1651;1611;40;43
2021;04;TT;TODAS CONSOLIDADAS;01;1 ESTRELLA;LIMA;150000;84;2055;3660;24,96;24,06;1,04;1,04;1,06;30753;30246;507;31842;31307;535;398
2021;04;TT;TODAS CONSOLIDADAS;01;1 ESTRELLA;LORETO;160000;6;91;134;2,45;1,47;2,95;1,64;4,56;20;11;9;59;18;41;15
2021;04;TT;TODAS CONSOLIDADAS;01;1 ESTRELLA;MADRE DE DIOS;170000;6;212;345;16,54;14,3;1,11;1,11;1,1;1328;1297;31;1480;1446;34;33
2021;04;TT;TODAS CONSOLIDADAS;01;1 ESTRELLA;MOQUEGUA;180000;16;219;399;22,51;18,94;1,61;1,6;2,38;1407;1394;13;2267;2236;31;37
2021;04;TT;TODAS CONSOLIDADAS;01;1 ESTRELLA;PASCO;190000;22;437;676;30,69;23,32;1,07;1,07;0;4435;4435;0;4730;4730;0;74
2021;04;TT;TODAS CONSOLIDADAS;01;1 ESTRELLA;PIURA;200000;4;76;138;9,39;4,83;2,04;2,04;0;98;98;0;200;200;0;8
2021;04;TT;TODAS CONSOLIDADAS;01;1 ESTRELLA;SAN MARTÍN;220000;6;124;211;33,9;25,72;1,3;1,3;1,3;1252;1229;23;1628;1598;30;27
2021;04;TT;TODAS CONSOLIDADAS;01;1 ESTRELLA;TACNA;230000;12;239;432;5,98;4,63;1,49;1,49;1;403;402;1;600;599;1;31
2021;04;TT;TODAS CONSOLIDADAS;02;2 ESTRELLAS;AMAZONAS;010000;71;1451;2307;21,67;17,72;1,11;1,11;1,82;11013;10963;50;12263;12172;91;229
2021;04;TT;TODAS CONSOLIDADAS;02;2 ESTRELLAS;ÁNCASH;020000;163;3097;5432;25,84;23,58;1,09;1,09;1,06;35225;34976;249;38418;38154;264;520
2021;04;TT;TODAS CONSOLIDADAS;02;2 ESTRELLAS;AREQUIPA;040000;166;3189;5699;23,73;19,2;1,44;1,44;1,52;22750;22574;176;32820;32553;267;541
2021;04;TT;TODAS CONSOLIDADAS;02;2 ESTRELLAS;AYACUCHO;050000;10;252;444;17,87;22,46;1,86;1,87;1,5;1605;1595;10;2992;2977;15;34
2021;04;TT;TODAS CONSOLIDADAS;02;2 ESTRELLAS;CAJAMARCA;060000;145;3718;5406;13,8;11,88;1,31;1,31;1,2;14738;14723;15;19264;19246;18;489
2021;04;TT;TODAS CONSOLIDADAS;02;2 ESTRELLAS;CALLAO;070000;7;226;425;46,17;48,44;1,01;1,01;1,04;6733;6598;134;6775;6635;140;41
2021;04;TT;TODAS CONSOLIDADAS;02;2 ESTRELLAS;CUSCO;080000;88;1801;3110;16,83;12,84;2,12;2,12;2,22;5646;5324;322;11977;11262;715;355
2021;04;TT;TODAS CONSOLIDADAS;02;2 ESTRELLAS;HUANCAVELICA;090000;3;81;144;12,35;10,56;1,55;1,55;0;295;295;0;456;456;0;13
2021;04;TT;TODAS CONSOLIDADAS;02;2 ESTRELLAS;HUÁNUCO;100000;60;1490;2369;20,72;16,47;1,11;1,11;1;10562;10531;31;11706;11675;31;249
2021;04;TT;TODAS CONSOLIDADAS;02;2 ESTRELLAS;ICA;110000;109;2190;3724;20,3;17;1,67;1,66;2,28;11378;11290;88;18997;18796;201;368
2021;04;TT;TODAS CONSOLIDADAS;02;2 ESTRELLAS;JUNÍN;120000;45;1121;2036;27,21;20;1,45;1,45;1,85;8398;8352;46;12214;12129;85;185
2021;04;TT;TODAS CONSOLIDADAS;02;2 ESTRELLAS;LA LIBERTAD;130000;155;2830;5020;23,4;20,59;1,66;1,66;1,71;18658;18362;296;31004;30497;507;498
2021;04;TT;TODAS CONSOLIDADAS;02;2 ESTRELLAS;LAMBAYEQUE;140000;230;4320;6241;19,97;14,66;1,09;1,1;1,05;25083;24708;375;27455;27061;394;725
2021;04;TT;TODAS CONSOLIDADAS;02;2 ESTRELLAS;LIMA;150000;242;7738;13946;27,45;25,24;1,39;1,37;1,94;101873;98956;2916;141309;135666;5644;1638
2021;04;TT;TODAS CONSOLIDADAS;02;2 ESTRELLAS;LORETO;160000;20;458;732;12,6;14,42;1,71;1,72;1,65;1847;1658;189;3167;2855;312;76
2021;04;TT;TODAS CONSOLIDADAS;02;2 ESTRELLAS;MOQUEGUA;180000;63;1066;1780;32,32;22,35;2,73;2,72;3,36;4375;4285;90;11936;11634;302;180
2021;04;TT;TODAS CONSOLIDADAS;02;2 ESTRELLAS;PASCO;190000;15;312;564;30,87;26,02;1,28;1,28;0;3452;3452;0;4403;4403;0;56
2021;04;TT;TODAS CONSOLIDADAS;02;2 ESTRELLAS;PIURA;200000;47;1004;1648;18,36;18,01;1,99;1,99;1,81;4480;4383;97;8902;8726;176;190
2021;04;TT;TODAS CONSOLIDADAS;02;2 ESTRELLAS;PUNO;210000;48;947;1688;16,09;11,48;1,37;1,37;1,22;4252;4216;36;5813;5769;44;138
2021;04;TT;TODAS CONSOLIDADAS;02;2 ESTRELLAS;SAN MARTÍN;220000;44;1044;1734;29,88;23,39;1,69;1,68;1,89;7207;7018;189;12169;11812;357;192
2021;04;TT;TODAS CONSOLIDADAS;02;2 ESTRELLAS;TACNA;230000;48;1172;2314;14,64;9,22;1,29;1,29;1,62;4950;4885;65;6399;6294;105;205
2021;04;TT;TODAS CONSOLIDADAS;02;2 ESTRELLAS;TUMBES;240000;12;273;545;14,79;10,37;1,93;1,93;1,62;880;867;13;1696;1675;21;52
2021;04;TT;TODAS CONSOLIDADAS;02;2 ESTRELLAS;UCAYALI;250000;4;118;192;10,4;7,48;1,61;1,61;1,67;267;264;3;431;426;5;13
2021;04;TT;TODAS CONSOLIDADAS;03;3 ESTRELLAS;ÁNCASH;020000;62;1706;3035;28,73;18,95;1,86;1,86;2,14;9265;9162;103;17250;17030;220;333
2021;04;TT;TODAS CONSOLIDADAS;03;3 ESTRELLAS;APURÍMAC;030000;5;145;250;30,44;21,47;1,65;1,66;1,45;974;941;33;1610;1562;48;36
2021;04;TT;TODAS CONSOLIDADAS;03;3 ESTRELLAS;AREQUIPA;040000;95;2350;4380;35,33;21,6;2,96;2,89;5,48;9585;9323;262;28380;26944;1436;624
2021;04;TT;TODAS CONSOLIDADAS;03;3 ESTRELLAS;AYACUCHO;050000;9;279;536;17,97;11,5;2,19;1,97;6,23;846;803;43;1850;1582;268;92
2021;04;TT;TODAS CONSOLIDADAS;03;3 ESTRELLAS;CALLAO;070000;4;233;436;26,58;19,63;1,6;1,62;1,54;1601;1338;263;2568;2162;406;40
2021;04;TT;TODAS CONSOLIDADAS;03;3 ESTRELLAS;CUSCO;080000;80;2625;4970;13,2;9,24;2,52;2,59;2,22;5471;4442;1029;13773;11485;2288;544
2021;04;TT;TODAS CONSOLIDADAS;03;3 ESTRELLAS;HUANCAVELICA;090000;4;85;131;7,1;5,83;1,27;1,27;0;181;181;0;229;229;0;18
2021;04;TT;TODAS CONSOLIDADAS;03;3 ESTRELLAS;HUÁNUCO;100000;15;577;1036;19,41;19,54;1,61;1,6;1,69;3781;3739;42;6072;6001;71;127
2021;04;TT;TODAS CONSOLIDADAS;03;3 ESTRELLAS;ICA;110000;82;2443;4857;24,67;18,33;1,65;1,64;1,84;16171;15410;761;26714;25312;1402;533
2021;04;TT;TODAS CONSOLIDADAS;00;NO CATEGORIZADO;PIURA;200000;945;9943;18216;26,93;22,01;1,76;1,74;2,16;68431;66085;2346;120276;115214;5062;1879
2021;04;TT;TODAS CONSOLIDADAS;00;NO CATEGORIZADO;SAN MARTÍN;220000;682;8053;12544;23;18,49;1,23;1,23;1,55;56382;56162;220;69577;69235;342;1080
2021;04;TT;TODAS CONSOLIDADAS;01;1 ESTRELLA;PUNO;210000;25;471;798;18,41;16,83;1,32;1,34;1,02;3056;2831;225;4028;3799;229;61
2021;04;TT;TODAS CONSOLIDADAS;02;2 ESTRELLAS;APURÍMAC;030000;9;330;528;21,56;15,1;1,12;1,12;3;2128;2126;2;2392;2386;6;34
2021;04;TT;TODAS CONSOLIDADAS;02;2 ESTRELLAS;MADRE DE DIOS;170000;12;336;555;33,09;24,22;1,38;1,38;1,23;2919;2880;39;4033;3985;48;51
2021;04;TT;TODAS CONSOLIDADAS;03;3 ESTRELLAS;AMAZONAS;010000;20;417;756;16,11;11,99;1,45;1,5;1,17;1872;1627;245;2720;2434;286;92
2021;04;TT;TODAS CONSOLIDADAS;03;3 ESTRELLAS;CAJAMARCA;060000;102;2521;4222;16,77;11,41;1,52;1,52;1,76;9512;9437;75;14457;14325;132;493
2021;04;TT;TODAS CONSOLIDADAS;03;3 ESTRELLAS;JUNÍN;120000;22;813;1527;15,33;10,04;1,51;1,51;1,38;3049;3025;24;4600;4567;33;209
2021;04;TT;TODAS CONSOLIDADAS;03;3 ESTRELLAS;LAMBAYEQUE;140000;59;1563;2563;20,35;15,1;1,61;1,59;2,73;7234;7110;124;11612;11274;338;309
2021;04;TT;TODAS CONSOLIDADAS;03;3 ESTRELLAS;LIMA;150000;170;7948;15055;30,92;23,68;2,15;2,06;3,22;49892;45904;3988;107414;94590;12823;1606
2021;04;TT;TODAS CONSOLIDADAS;03;3 ESTRELLAS;LORETO;160000;29;738;1259;24,39;16,47;3;2,97;3,36;2075;1948;127;6222;5795;427;169
2021;04;TT;TODAS CONSOLIDADAS;03;3 ESTRELLAS;MADRE DE DIOS;170000;6;203;353;16,45;13,72;1,71;1,73;1,38;848;816;32;1453;1409;44;53
2021;04;TT;TODAS CONSOLIDADAS;03;3 ESTRELLAS;PASCO;190000;6;134;253;38,03;39,06;1,82;1,82;1,8;1628;1623;5;2965;2956;9;21
2021;04;TT;TODAS CONSOLIDADAS;03;3 ESTRELLAS;PIURA;200000;19;654;1147;21,83;16,78;2,53;2,49;3,46;2283;2180;103;5775;5419;356;169
2021;04;TT;TODAS CONSOLIDADAS;03;3 ESTRELLAS;PUNO;210000;25;793;1416;14,1;9,21;1,86;1,87;1,63;2101;2022;79;3911;3782;129;156
2021;04;TT;TODAS CONSOLIDADAS;03;3 ESTRELLAS;SAN MARTÍN;220000;28;956;1629;29,29;25,02;2,69;2,6;4,4;4549;4335;214;12226;11284;942;193
2021;04;TT;TODAS CONSOLIDADAS;03;3 ESTRELLAS;TACNA;230000;17;522;1100;26,88;13,95;2;2,01;1,93;2297;2255;42;4603;4522;81;123
2021;04;TT;TODAS CONSOLIDADAS;03;3 ESTRELLAS;TUMBES;240000;14;325;652;12,76;8,82;1,6;1,6;0;1077;1077;0;1726;1726;0;68
2021;04;TT;TODAS CONSOLIDADAS;03;3 ESTRELLAS;UCAYALI;250000;17;595;972;22,04;16,88;2,74;2,76;2,36;1798;1691;107;4921;4669;252;139
2021;04;TT;TODAS CONSOLIDADAS;04;4 ESTRELLAS;AREQUIPA;040000;10;439;834;41,12;25,95;2,23;2,2;3,48;2914;2843;71;6492;6245;247;132
2021;04;TT;TODAS CONSOLIDADAS;04;4 ESTRELLAS;CAJAMARCA;060000;3;173;311;52,47;34,38;2,91;2,93;1,68;1102;1083;19;3208;3176;32;86
2021;04;TT;TODAS CONSOLIDADAS;04;4 ESTRELLAS;CUSCO;080000;9;793;1509;16,29;12,18;1,7;1,58;2,28;3248;2707;541;5512;4277;1235;182
2021;04;TT;TODAS CONSOLIDADAS;04;4 ESTRELLAS;HUÁNUCO;100000;1;52;90;15,58;11,78;1,66;1,66;0;191;191;0;318;318;0;20
2021;04;TT;TODAS CONSOLIDADAS;04;4 ESTRELLAS;ICA;110000;6;583;1156;40,53;30,95;4,98;5,02;3,11;2155;2110;45;10733;10593;140;147
2021;04;TT;TODAS CONSOLIDADAS;04;4 ESTRELLAS;JUNÍN;120000;1;40;66;22,42;13,59;1,69;1,69;0;159;159;0;269;269;0;19
2021;04;TT;TODAS CONSOLIDADAS;04;4 ESTRELLAS;LA LIBERTAD;130000;3;207;322;59,58;39,63;3,93;4,04;2,25;974;914;60;3828;3693;135;28
2021;04;TT;TODAS CONSOLIDADAS;04;4 ESTRELLAS;LAMBAYEQUE;140000;4;336;553;29,89;26,76;1,63;1,6;2,11;2715;2547;168;4439;4085;354;193
2021;04;TT;TODAS CONSOLIDADAS;04;4 ESTRELLAS;LIMA;150000;49;4273;7853;44,99;31,61;2,83;2,81;2,96;26335;23519;2816;74459;66133;8326;1555
2021;04;TT;TODAS CONSOLIDADAS;04;4 ESTRELLAS;LORETO;160000;3;103;173;13,53;11,41;1,15;1,03;1,4;517;355;162;592;366;226;33
2021;04;TT;TODAS CONSOLIDADAS;04;4 ESTRELLAS;MOQUEGUA;180000;2;123;229;72,28;39;3,12;3,09;4,8;858;843;15;2679;2607;72;37
2021;04;TT;TODAS CONSOLIDADAS;04;4 ESTRELLAS;PIURA;200000;2;181;361;24,97;17,85;2,23;2,19;2,83;865;807;58;1933;1769;164;28
2021;04;TT;TODAS CONSOLIDADAS;04;4 ESTRELLAS;PUNO;210000;6;373;707;30,71;17,37;2,54;2,57;1,57;1448;1413;35;3685;3630;55;84
2021;04;TT;TODAS CONSOLIDADAS;04;4 ESTRELLAS;SAN MARTÍN;220000;2;74;146;44,41;42,28;2,11;2,13;1,94;876;789;87;1852;1683;169;60
2021;04;TT;TODAS CONSOLIDADAS;04;4 ESTRELLAS;TACNA;230000;1;150;300;37,33;19,87;2,29;2,29;2,25;782;762;20;1788;1743;45;21
2021;04;TT;TODAS CONSOLIDADAS;04;4 ESTRELLAS;TUMBES;240000;6;667;1324;25,71;28,86;2,48;2,49;2,3;4616;4552;64;11464;11317;147;414
2021;04;TT;TODAS CONSOLIDADAS;04;4 ESTRELLAS;UCAYALI;250000;5;289;510;25,82;19,93;2,59;2,56;2,94;1177;1074;103;3049;2746;303;68
2021;04;TT;TODAS CONSOLIDADAS;05;5 ESTRELLAS;AREQUIPA;040000;3;241;346;57,91;42,98;2,31;2,26;5,73;1929;1899;30;4461;4289;172;120
2021;04;TT;TODAS CONSOLIDADAS;05;5 ESTRELLAS;CUSCO;080000;12;1062;2065;14,6;14,11;2,4;2,62;1,99;3642;2388;1254;8743;6252;2491;550
2021;04;TT;TODAS CONSOLIDADAS;05;5 ESTRELLAS;ICA;110000;4;460;1046;67,79;49,49;2,88;2,84;3,75;5389;5141;248;15531;14600;931;421
2021;04;TT;TODAS CONSOLIDADAS;05;5 ESTRELLAS;LA LIBERTAD;130000;1;120;240;63,5;44,14;2,31;2,32;2,26;1374;1250;124;3178;2898;280;55
2021;04;TT;TODAS CONSOLIDADAS;05;5 ESTRELLAS;LIMA;150000;26;4093;7387;53,2;34,72;2,26;2,09;3,28;34108;29251;4857;76938;60994;15944;2129
2021;04;TT;TODAS CONSOLIDADAS;05;5 ESTRELLAS;PIURA;200000;1;83;168;45,94;34,33;2,46;2,34;3,53;702;628;74;1730;1469;261;47
2021;04;TT;TODAS CONSOLIDADAS;05;5 ESTRELLAS;PUNO;210000;1;123;231;58,94;33,39;1,85;1,85;0;1251;1251;0;2314;2314;0;45
2021;04;TT;TODAS CONSOLIDADAS;05;5 ESTRELLAS;UCAYALI;250000;2;165;306;15,21;10,84;2,68;2,62;3,61;371;348;23;995;912;83;28
2021;04;TT;TODAS CONSOLIDADAS;12;ALBERGUE;AMAZONAS;010000;1;6;11;0;0;0;0;0;0;0;0;0;0;0;0
2021;04;TT;TODAS CONSOLIDADAS;12;ALBERGUE;ÁNCASH;020000;6;66;141;0;0;0;0;0;0;0;0;0;0;0;0
2021;04;TT;TODAS CONSOLIDADAS;12;ALBERGUE;AREQUIPA;040000;4;88;213;29,05;25,52;1,68;1,68;1,69;972;927;45;1631;1555;76;71
2021;04;TT;TODAS CONSOLIDADAS;12;ALBERGUE;CAJAMARCA;060000;1;11;22;0;0;0;0;0;0;0;0;0;0;0;0
2021;04;TT;TODAS CONSOLIDADAS;12;ALBERGUE;CUSCO;080000;18;200;672;23,67;8,89;1,79;1,48;2,04;1004;464;540;1793;689;1104;59
2021;04;TT;TODAS CONSOLIDADAS;12;ALBERGUE;ICA;110000;2;18;43;17,59;15,74;3,38;3,38;0;60;60;0;203;203;0;5
2021;04;TT;TODAS CONSOLIDADAS;12;ALBERGUE;LIMA;150000;7;124;372;22,18;8,82;2,3;1,76;3,35;428;283;145;984;498;486;36
2021;04;TT;TODAS CONSOLIDADAS;12;ALBERGUE;LORETO;160000;50;668;1410;26,78;21,03;2,63;1,24;11,05;3377;2898;479;8895;3601;5294;173
2021;04;TT;TODAS CONSOLIDADAS;12;ALBERGUE;MADRE DE DIOS;170000;4;91;202;4,29;4,92;4,26;4,39;4;70;46;24;298;202;96;148
2021;04;TT;TODAS CONSOLIDADAS;12;ALBERGUE;PASCO;190000;11;181;495;9,06;7,83;2,54;2,54;2,9;457;447;10;1163;1134;29;32
2021;04;TT;TODAS CONSOLIDADAS;12;ALBERGUE;PUNO;210000;1;13;35;0;0;0;0;0;0;0;0;0;0;0;0
2021;04;TT;TODAS CONSOLIDADAS;12;ALBERGUE;SAN MARTÍN;220000;10;192;444;13,75;11,92;2,26;2,13;3,71;704;649;55;1588;1384;204;44
2021;04;TT;TODAS CONSOLIDADAS;12;ALBERGUE;UCAYALI;250000;3;37;95;9,64;10,11;3,47;3,17;4,56;83;65;18;288;206;82;14
2021;04;TT;TODAS CONSOLIDADAS;13;ECOLODGE;AREQUIPA;040000;1;23;51;2,32;2,94;1,45;1,41;2;31;29;2;45;41;4;9
2021;04;TT;TODAS CONSOLIDADAS;13;ECOLODGE;SAN MARTÍN;220000;1;12;24;0;0;0;0;0;0;0;0;0;0;0;0
2021;04;TT;TODAS CONSOLIDADAS;TT;TODAS CONSOLIDADAS;AMAZONAS;010000;348;4385;7031;14,37;11,72;1,2;1,19;1,69;23419;22742;677;27499;26488;1011;753
2021;04;TT;TODAS CONSOLIDADAS;TT;TODAS CONSOLIDADAS;ÁNCASH;020000;856;11402;19745;13,08;12,34;1,61;1,61;1,55;64948;64513;435;87165;86532;633;1905
2021;04;TT;TODAS CONSOLIDADAS;TT;TODAS CONSOLIDADAS;APURÍMAC;030000;468;4758;7403;14,59;10,64;1,22;1,21;2,21;20142;19962;180;24744;24371;373;532
2021;04;TT;TODAS CONSOLIDADAS;TT;TODAS CONSOLIDADAS;AREQUIPA;040000;1434;17289;29659;22,18;17,37;1,77;1,76;2,21;90551;89315;1236;163386;159845;3541;3516
2021;04;TT;TODAS CONSOLIDADAS;TT;TODAS CONSOLIDADAS;AYACUCHO;050000;548;5948;9652;7,96;6,63;1,13;1,13;1,14;17125;17058;67;21190;20892;298;818
2021;04;TT;TODAS CONSOLIDADAS;TT;TODAS CONSOLIDADAS;CAJAMARCA;060000;858;12834;19935;13,18;11,94;1,34;1,34;1,13;51651;51510;141;71513;71299;214;2178
2021;04;TT;TODAS CONSOLIDADAS;TT;TODAS CONSOLIDADAS;CALLAO;070000;284;4823;8856;24,96;23,56;1,03;1,03;1,06;96238;93627;2610;102169;98465;3704;1186
2021;04;TT;TODAS CONSOLIDADAS;TT;TODAS CONSOLIDADAS;CUSCO;080000;1871;23253;42807;13,39;9,37;1,73;1,7;2,03;70457;62783;7674;126032;110062;15970;4666
2021;04;TT;TODAS CONSOLIDADAS;TT;TODAS CONSOLIDADAS;ICA;110000;898;13972;25134;17,51;13,82;1,43;1,42;1,84;75360;72741;2619;125463;120187;5276;2856
2021;04;TT;TODAS CONSOLIDADAS;TT;TODAS CONSOLIDADAS;JUNÍN;120000;1275;15434;25509;18,5;12,73;1,18;1,18;1,29;81577;81099;478;99209;98565;644;2688
2021;04;TT;TODAS CONSOLIDADAS;TT;TODAS CONSOLIDADAS;LA LIBERTAD;130000;1106;13593;23796;29,65;20,84;1,33;1,33;1,61;107556;105587;1969;153475;149826;3649;2086
2021;04;TT;TODAS CONSOLIDADAS;TT;TODAS CONSOLIDADAS;LAMBAYEQUE;140000;650;10245;15118;22,94;17,35;1,11;1,11;1,2;67240;66237;1003;76656;75219;1437;1912
2021;04;TT;TODAS CONSOLIDADAS;TT;TODAS CONSOLIDADAS;LIMA;150000;6328;76705;135717;21,76;20,31;1,26;1,25;1,5;2207783;2146597;61186;2804931;2696299;108632;41380
2021;04;TT;TODAS CONSOLIDADAS;TT;TODAS CONSOLIDADAS;LORETO;160000;766;8447;13701;16,42;14,69;1,71;1,57;2,52;35172;29772;5400;62452;47801;14651;1225
2021;04;TT;TODAS CONSOLIDADAS;TT;TODAS CONSOLIDADAS;MADRE DE DIOS;170000;305;4700;7737;22,5;19,42;1,25;1,25;1,28;36334;35794;540;44305;43567;738;904
2021;04;TT;TODAS CONSOLIDADAS;TT;TODAS CONSOLIDADAS;MOQUEGUA;180000;255;3325;5684;21,44;14,67;2;2;2,26;13581;13400;181;29636;29116;520;520
2021;04;TT;TODAS CONSOLIDADAS;TT;TODAS CONSOLIDADAS;PASCO;190000;314;3961;6474;16,89;15,07;1,21;1,21;,96;25831;25796;35;31419;31361;58;591
2021;04;TT;TODAS CONSOLIDADAS;TT;TODAS CONSOLIDADAS;PIURA;200000;1018;11941;21678;26,39;21,66;1,79;1,77;2,16;76859;74181;2678;138816;132797;6019;2321
2021;04;TT;TODAS CONSOLIDADAS;TT;TODAS CONSOLIDADAS;PUNO;210000;764;8919;15419;18,04;14,16;1,21;1,22;1,07;51322;49116;2206;65328;62967;2361;1600
2021;04;TT;TODAS CONSOLIDADAS;TT;TODAS CONSOLIDADAS;SAN MARTÍN;220000;773;10455;16732;23,61;19,01;1,33;1,32;1,7;70970;70182;788;99040;96996;2044;1596
2021;04;TT;TODAS CONSOLIDADAS;TT;TODAS CONSOLIDADAS;TUMBES;240000;233;3416;6726;21,29;18,36;1,52;1,53;1,16;23099;22465;634;39091;38264;827;885
2021;04;TT;TODAS CONSOLIDADAS;TT;TODAS CONSOLIDADAS;UCAYALI;250000;468;6138;9676;21,12;16,97;2,26;2,26;1,81;21162;20623;539;48673;47448;1225;1146
2021;05;00;NO CLASIFICADO;00;NO CATEGORIZADO;AYACUCHO;050000;517;5137;8185;8,18;8,18;1,12;1,12;0;18609;18609;0;20752;20752;0;645
2021;05;00;NO CLASIFICADO;00;NO CATEGORIZADO;HUÁNUCO;100000;452;5291;7834;19,81;17,15;1,11;1,11;1,12;37388;37270;118;41650;41518;132;720
2021;05;00;NO CLASIFICADO;00;NO CATEGORIZADO;LAMBAYEQUE;140000;333;3643;5241;29,27;20,83;1,03;1,04;1,01;32711;32183;528;33842;33311;531;639
2021;04;TT;TODAS CONSOLIDADAS;03;3 ESTRELLAS;LA LIBERTAD;130000;142;3283;6213;29,3;22,94;1,66;1,65;2,47;25721;25223;498;42763;41531;1232;689
2021;04;TT;TODAS CONSOLIDADAS;03;3 ESTRELLAS;MOQUEGUA;180000;13;375;673;42,79;23,68;2,03;2,03;1,88;2353;2345;8;4782;4767;15;65
2021;04;TT;TODAS CONSOLIDADAS;04;4 ESTRELLAS;CALLAO;070000;2;371;599;45,63;44,72;1,95;2,34;1,49;4122;2232;1890;8036;5215;2821;109
2021;04;TT;TODAS CONSOLIDADAS;05;5 ESTRELLAS;LORETO;160000;1;60;122;48,33;36,61;2,38;2,12;3,15;562;416;146;1340;880;460;18
2021;04;TT;TODAS CONSOLIDADAS;12;ALBERGUE;JUNÍN;120000;1;32;104;27,08;18,75;2,14;2,14;1,5;274;270;4;585;579;6;13
2021;04;TT;TODAS CONSOLIDADAS;TT;TODAS CONSOLIDADAS;HUANCAVELICA;090000;176;2095;3260;14,02;11,02;1,12;1,12;1,37;9505;9471;34;10706;10657;49;270
2021;04;TT;TODAS CONSOLIDADAS;TT;TODAS CONSOLIDADAS;HUÁNUCO;100000;549;7829;11950;17,93;15,4;1,13;1,13;1,11;51592;51366;226;58854;58574;280;1154
2021;04;TT;TODAS CONSOLIDADAS;TT;TODAS CONSOLIDADAS;TACNA;230000;473;5913;11080;13,28;6,82;1,34;1,32;1,97;18372;18018;354;26395;25700;695;1048
2021;05;00;NO CLASIFICADO;00;NO CATEGORIZADO;AMAZONAS;010000;243;2306;3626;13,12;10,91;1,3;1,3;1,34;9440;8854;586;12259;11474;785;407
2021;05;00;NO CLASIFICADO;00;NO CATEGORIZADO;ÁNCASH;020000;566;5553;9572;8,8;7,49;1,33;1,32;1,46;16725;15642;1083;22220;20637;1583;903
2021;05;00;NO CLASIFICADO;00;NO CATEGORIZADO;APURÍMAC;030000;448;4208;6503;13,47;10,14;1,21;1,21;1,34;16869;16813;56;20449;20374;75;450
2021;05;00;NO CLASIFICADO;00;NO CATEGORIZADO;AREQUIPA;040000;1086;9897;16454;21,07;16,2;1,67;1,66;2,02;49413;47714;1699;82615;79181;3434;1870
2021;05;00;NO CLASIFICADO;00;NO CATEGORIZADO;CAJAMARCA;060000;578;5869;9096;13,53;12,3;1,28;1,28;1;27107;27088;19;34694;34675;19;1020
2021;05;00;NO CLASIFICADO;00;NO CATEGORIZADO;CALLAO;070000;257;3734;6890;29,41;25,97;1,02;1,02;1,1;95818;95133;685;97517;96761;757;971
2021;05;00;NO CLASIFICADO;00;NO CATEGORIZADO;CUSCO;080000;1644;16378;29807;14,09;10,56;1,54;1,46;1,91;63309;52558;10751;97550;76994;20556;2986
2021;05;00;NO CLASIFICADO;00;NO CATEGORIZADO;HUANCAVELICA;090000;167;1907;2952;15,75;12,77;1,09;1,09;1,63;10725;10695;30;11685;11636;49;224
2021;05;00;NO CLASIFICADO;00;NO CATEGORIZADO;ICA;110000;677;8008;13894;19;14,28;1,34;1,33;1,55;46028;43889;2139;61521;58212;3309;1349
2021;05;00;NO CLASIFICADO;00;NO CATEGORIZADO;JUNÍN;120000;1189;13008;21029;17,65;12,2;1,14;1,14;2,51;69863;69716;147;79500;79131;369;2212
2021;05;00;NO CLASIFICADO;00;NO CATEGORIZADO;LA LIBERTAD;130000;770;6656;11131;27,13;16,52;1,11;1,11;1,15;51353;51247;106;56994;56872;122;743
2021;05;00;NO CLASIFICADO;00;NO CATEGORIZADO;LIMA;150000;5748;50507;87548;21,22;20,31;1,18;1,18;1,2;2163928;2114097;49830;2552631;2492644;59987;33840
2021;05;00;NO CLASIFICADO;00;NO CATEGORIZADO;MADRE DE DIOS;170000;279;3975;6490;22,39;18,33;1,2;1,19;1,41;30853;30258;595;36878;36039;839;508
2021;05;00;NO CLASIFICADO;00;NO CATEGORIZADO;MOQUEGUA;180000;160;1532;2591;15,08;10,71;1,53;1,53;1,71;5626;5567;59;8605;8504;101;200
2021;05;00;NO CLASIFICADO;00;NO CATEGORIZADO;TACNA;230000;395;3831;6939;7,86;5,29;1,15;1,16;1,02;9845;9520;325;11370;11040;330;480
2021;05;00;NO CLASIFICADO;TT;TODAS CONSOLIDADAS;AMAZONAS;010000;243;2306;3626;13,12;10,91;1,3;1,3;1,34;9440;8854;586;12259;11474;785;407
2021;05;00;NO CLASIFICADO;TT;TODAS CONSOLIDADAS;ÁNCASH;020000;566;5553;9572;8,8;7,49;1,33;1,32;1,46;16725;15642;1083;22220;20637;1583;903
2021;05;00;NO CLASIFICADO;TT;TODAS CONSOLIDADAS;APURÍMAC;030000;448;4208;6503;13,47;10,14;1,21;1,21;1,34;16869;16813;56;20449;20374;75;450
2021;05;00;NO CLASIFICADO;TT;TODAS CONSOLIDADAS;AYACUCHO;050000;517;5137;8185;8,18;8,18;1,12;1,12;0;18609;18609;0;20752;20752;0;645
2021;05;00;NO CLASIFICADO;TT;TODAS CONSOLIDADAS;CAJAMARCA;060000;578;5869;9096;13,53;12,3;1,28;1,28;1;27107;27088;19;34694;34675;19;1020
2021;05;00;NO CLASIFICADO;TT;TODAS CONSOLIDADAS;CALLAO;070000;257;3734;6890;29,41;25,97;1,02;1,02;1,1;95818;95133;685;97517;96761;757;971
2021;05;00;NO CLASIFICADO;TT;TODAS CONSOLIDADAS;CUSCO;080000;1644;16378;29807;14,09;10,56;1,54;1,46;1,91;63309;52558;10751;97550;76994;20556;2986
2021;05;00;NO CLASIFICADO;TT;TODAS CONSOLIDADAS;HUANCAVELICA;090000;167;1907;2952;15,75;12,77;1,09;1,09;1,63;10725;10695;30;11685;11636;49;224
2021;05;00;NO CLASIFICADO;TT;TODAS CONSOLIDADAS;HUÁNUCO;100000;452;5291;7834;19,81;17,15;1,11;1,11;1,12;37388;37270;118;41650;41518;132;720
2021;05;00;NO CLASIFICADO;TT;TODAS CONSOLIDADAS;ICA;110000;677;8008;13894;19;14,28;1,34;1,33;1,55;46028;43889;2139;61521;58212;3309;1349
2021;05;00;NO CLASIFICADO;TT;TODAS CONSOLIDADAS;JUNÍN;120000;1189;13008;21029;17,65;12,2;1,14;1,14;2,51;69863;69716;147;79500;79131;369;2212
2021;05;00;NO CLASIFICADO;TT;TODAS CONSOLIDADAS;LAMBAYEQUE;140000;333;3643;5241;29,27;20,83;1,03;1,04;1,01;32711;32183;528;33842;33311;531;639
2021;05;00;NO CLASIFICADO;TT;TODAS CONSOLIDADAS;LIMA;150000;5748;50507;87548;21,22;20,31;1,18;1,18;1,2;2163928;2114097;49830;2552631;2492644;59987;33840
2021;05;01;HOTEL;01;1 ESTRELLA;AMAZONAS;010000;1;20;35;0;0;0;0;0;0;0;0;0;0;0;0
2021;05;01;HOTEL;01;1 ESTRELLA;ÁNCASH;020000;12;362;565;10,58;7,55;1,06;1,06;0;1253;1253;0;1322;1322;0;50
2021;05;01;HOTEL;01;1 ESTRELLA;APURÍMAC;030000;2;80;115;14,84;12,96;1,02;1,02;0;454;454;0;462;462;0;10
2021;05;01;HOTEL;01;1 ESTRELLA;AREQUIPA;040000;6;210;337;18,46;10,55;3,15;3,15;0;350;350;0;1102;1102;0;35
2021;05;01;HOTEL;01;1 ESTRELLA;AYACUCHO;050000;8;200;345;9,31;9,06;2,1;2,09;4;462;461;1;969;965;4;35
2021;05;01;HOTEL;01;1 ESTRELLA;CAJAMARCA;060000;6;170;284;6,64;5,32;1,13;1,13;0;416;416;0;468;468;0;27
2021;05;01;HOTEL;01;1 ESTRELLA;CALLAO;070000;1;37;74;0;0;0;0;0;0;0;0;0;0;0;0
2021;05;01;HOTEL;01;1 ESTRELLA;CUSCO;080000;5;127;225;5,84;6,19;1,37;1,37;0;315;315;0;432;432;0;20
2021;05;01;HOTEL;01;1 ESTRELLA;HUÁNUCO;100000;8;239;353;19,57;20,52;1,01;1,01;1;2214;2212;2;2246;2244;2;38
2021;05;01;HOTEL;01;1 ESTRELLA;ICA;110000;5;102;130;0;0;0;0;0;0;0;0;0;0;0;0
2021;05;01;HOTEL;01;1 ESTRELLA;JUNÍN;120000;6;226;420;7,52;6,45;2,25;2,25;0;373;373;0;840;840;0;34
2021;05;01;HOTEL;01;1 ESTRELLA;LAMBAYEQUE;140000;3;103;149;0;0;0;0;0;0;0;0;0;0;0;0
2021;05;01;HOTEL;01;1 ESTRELLA;LIMA;150000;10;403;684;37,98;37,44;1,02;1,02;1;6843;6817;27;7003;6977;27;53
2021;05;01;HOTEL;01;1 ESTRELLA;MADRE DE DIOS;170000;4;153;253;21,17;18,79;1,13;1,13;1;1302;1288;14;1474;1460;14;21
2021;05;01;HOTEL;01;1 ESTRELLA;MOQUEGUA;180000;1;21;42;25,19;19,2;3,62;3,62;0;69;69;0;250;250;0;4
2021;05;01;HOTEL;01;1 ESTRELLA;TACNA;230000;2;57;112;7,75;5,65;2,31;2,28;3;85;82;3;196;187;9;5
2021;05;01;HOTEL;02;2 ESTRELLAS;AMAZONAS;010000;23;573;921;19,36;16,75;1,41;1,41;1,64;3394;3355;39;4781;4717;64;92
2021;05;01;HOTEL;02;2 ESTRELLAS;ÁNCASH;020000;40;1089;2020;21,14;16,38;1,24;1,24;1,19;8243;8159;84;10255;10155;100;183
2021;05;01;HOTEL;02;2 ESTRELLAS;APURÍMAC;030000;4;180;311;9,89;7,44;1,07;1,07;1,5;667;665;2;717;714;3;14
2021;05;01;HOTEL;02;2 ESTRELLAS;AREQUIPA;040000;40;1169;2022;20,62;16,21;1,77;1,77;1,42;5747;5683;64;10160;10069;91;181
2021;05;01;HOTEL;02;2 ESTRELLAS;AYACUCHO;050000;7;218;377;19,61;25,04;1,91;1,91;2;1535;1520;15;2927;2897;30;34
2021;05;01;HOTEL;02;2 ESTRELLAS;CAJAMARCA;060000;39;1690;2293;12,15;9,93;1,14;1,14;1;6178;6155;23;7061;7038;23;174
2021;05;01;HOTEL;02;2 ESTRELLAS;CALLAO;070000;1;40;67;1,77;1,54;1,19;1,26;1;27;19;8;32;24;8;3
2021;05;01;HOTEL;02;2 ESTRELLAS;CUSCO;080000;43;1099;1944;9,06;7,59;1,44;1,42;1,65;3168;2849;319;4576;4049;527;246
2021;05;01;HOTEL;02;2 ESTRELLAS;HUANCAVELICA;090000;2;42;73;27,42;24,88;1,45;1,45;0;388;388;0;563;563;0;9
2021;05;01;HOTEL;02;2 ESTRELLAS;HUÁNUCO;100000;39;1204;1898;20,75;16,42;1,11;1,11;1;8695;8660;35;9660;9625;35;188
2021;05;01;HOTEL;02;2 ESTRELLAS;ICA;110000;51;1371;2386;25,03;19,35;2,53;2,53;2,76;5651;5589;62;14310;14139;171;226
2021;05;01;HOTEL;02;2 ESTRELLAS;JUNÍN;120000;26;800;1401;24,9;15,53;1,71;1,71;1,15;3956;3929;27;6747;6716;31;120
2021;05;01;HOTEL;02;2 ESTRELLAS;LA LIBERTAD;130000;21;477;834;12,59;13,44;1,14;1,14;0;3060;3060;0;3474;3474;0;78
2021;05;01;HOTEL;02;2 ESTRELLAS;LAMBAYEQUE;140000;70;1971;2948;16,37;12,98;1,17;1,17;1,11;10166;10007;159;11861;11685;176;290
2021;05;01;HOTEL;02;2 ESTRELLAS;LIMA;150000;118;5007;8842;31,62;28,85;1,41;1,4;1,92;63793;62287;1506;90133;87240;2893;876
2021;05;01;HOTEL;02;2 ESTRELLAS;MADRE DE DIOS;170000;6;146;256;45,16;28,86;1,1;1,1;1,25;2082;2030;52;2290;2225;65;23
2021;05;01;HOTEL;02;2 ESTRELLAS;TACNA;230000;29;848;1706;15,55;15,43;3;3;2,82;2722;2694;28;8160;8081;79;148
2021;05;01;HOTEL;03;3 ESTRELLAS;AMAZONAS;010000;12;270;457;23,63;21,01;1,49;1,55;1,24;1998;1588;410;2977;2467;510;73
2021;05;01;HOTEL;03;3 ESTRELLAS;ÁNCASH;020000;39;1359;2380;27,92;21,44;1,67;1,67;1,74;9479;9375;104;15820;15639;181;276
2021;05;01;HOTEL;03;3 ESTRELLAS;APURÍMAC;030000;3;98;172;36,34;24,96;1,64;1,65;1,21;811;792;19;1331;1308;23;19
2021;05;01;HOTEL;03;3 ESTRELLAS;AREQUIPA;040000;62;1841;3452;39,97;24,92;2,93;2,91;3,39;9089;8616;473;26669;25064;1605;494
2021;05;01;HOTEL;03;3 ESTRELLAS;AYACUCHO;050000;7;239;453;17,91;12,78;2,35;2,41;1,51;765;710;55;1794;1711;83;80
2021;05;01;HOTEL;03;3 ESTRELLAS;CAJAMARCA;060000;59;1883;3160;24,98;17,01;2,01;2,01;1,86;8297;8261;36;16661;16594;67;373
2021;05;01;HOTEL;03;3 ESTRELLAS;CALLAO;070000;4;233;436;24,45;17,74;1,62;1,62;1,6;1479;1367;112;2398;2219;179;40
2021;05;01;HOTEL;03;3 ESTRELLAS;CUSCO;080000;60;2246;4261;17,65;12,55;2,38;2,48;2,09;6960;5194;1766;16580;12890;3690;490
2021;05;01;HOTEL;03;3 ESTRELLAS;HUANCAVELICA;090000;2;65;108;10,37;10,48;1,28;1,28;0;275;275;0;351;351;0;14
2021;05;01;HOTEL;03;3 ESTRELLAS;HUÁNUCO;100000;13;532;973;34,34;34,74;1,65;1,65;1,76;6350;6246;104;10479;10296;183;126
2021;05;01;HOTEL;03;3 ESTRELLAS;ICA;110000;47;1730;3557;29,21;23,99;1,69;1,7;1,61;15633;14828;805;26449;25150;1299;381
2021;05;01;HOTEL;03;3 ESTRELLAS;JUNÍN;120000;20;766;1436;16,98;10,79;1,48;1,48;1,97;3242;3208;34;4804;4737;67;161
2021;05;01;HOTEL;03;3 ESTRELLAS;LA LIBERTAD;130000;81;2304;4393;29,48;20,99;1,95;1,93;2,33;14666;13919;747;28583;26843;1740;504
2021;05;01;HOTEL;03;3 ESTRELLAS;LAMBAYEQUE;140000;36;1226;2053;19,38;14,63;1,7;1,68;2,38;5483;5323;160;9311;8931;380;228
2021;05;01;HOTEL;03;3 ESTRELLAS;LIMA;150000;147;7390;14002;26,74;21,62;1,74;1,68;2,27;53826;47982;5844;93860;80601;13259;1505
2021;05;01;HOTEL;03;3 ESTRELLAS;MADRE DE DIOS;170000;5;183;320;19,14;16,75;1,82;1,84;1,31;912;880;32;1662;1620;42;55
2021;05;01;HOTEL;03;3 ESTRELLAS;MOQUEGUA;180000;10;323;588;40,24;23,08;1,72;1,72;1,84;2444;2425;19;4207;4172;35;65
2021;05;00;NO CLASIFICADO;00;NO CATEGORIZADO;LORETO;160000;653;6285;9793;14,82;12,58;2,12;2,19;1,89;18002;13854;4148;38183;30345;7838;635
2021;05;00;NO CLASIFICADO;TT;TODAS CONSOLIDADAS;LORETO;160000;653;6285;9793;14,82;12,58;2,12;2,19;1,89;18002;13854;4148;38183;30345;7838;635
2021;05;01;HOTEL;02;2 ESTRELLAS;LORETO;160000;15;381;613;17,06;20,02;2,3;2,28;2,51;1653;1470;183;3805;3346;459;62
2021;05;01;HOTEL;03;3 ESTRELLAS;LORETO;160000;20;644;1094;30,69;22,26;2,97;2,97;2,93;2542;2288;254;7548;6803;745;125
2021;05;00;NO CLASIFICADO;00;NO CATEGORIZADO;PASCO;190000;262;2917;4550;18,22;14,63;1,1;1,1;1;18757;18749;8;20630;20622;8;410
2021;05;00;NO CLASIFICADO;TT;TODAS CONSOLIDADAS;PASCO;190000;262;2917;4550;18,22;14,63;1,1;1,1;1;18757;18749;8;20630;20622;8;410
2021;05;01;HOTEL;01;1 ESTRELLA;PASCO;190000;6;168;272;36,69;29,14;1,19;1,19;0;2060;2060;0;2457;2457;0;31
2021;05;01;HOTEL;02;2 ESTRELLAS;PASCO;190000;5;147;265;80,01;54,81;1,16;1,16;0;3885;3885;0;4503;4503;0;30
2021;05;00;NO CLASIFICADO;00;NO CATEGORIZADO;PIURA;200000;943;9952;18211;34,98;25,53;1,85;1,83;2,16;78074;74992;3082;144139;137481;6658;1880
2021;05;00;NO CLASIFICADO;TT;TODAS CONSOLIDADAS;PIURA;200000;943;9952;18211;34,98;25,53;1,85;1,83;2,16;78074;74992;3082;144139;137481;6658;1880
2021;05;01;HOTEL;01;1 ESTRELLA;PIURA;200000;2;40;87;0;0;0;0;0;0;0;0;0;0;0;0
2021;05;00;NO CLASIFICADO;00;NO CATEGORIZADO;PUNO;210000;654;6187;10499;18,35;14,6;1,18;1,19;1,03;40172;38458;1714;47527;45763;1764;1113
2021;05;01;HOTEL;01;1 ESTRELLA;PUNO;210000;4;111;190;24,21;24,24;1,45;1,45;0;986;986;0;1428;1428;0;13
2021;05;01;HOTEL;02;2 ESTRELLAS;PUNO;210000;19;469;819;14,47;9,99;1,36;1,36;1,26;1870;1843;27;2536;2502;34;62
2021;05;00;NO CLASIFICADO;00;NO CATEGORIZADO;SAN MARTÍN;220000;682;8057;12542;23,84;19,11;1,32;1,32;1,86;56284;55996;288;74315;73779;536;1082
2021;05;01;HOTEL;01;1 ESTRELLA;SAN MARTÍN;220000;5;104;178;29,19;29,16;1,57;1,57;1,47;1025;1010;15;1609;1587;22;19
2021;05;00;NO CLASIFICADO;00;NO CATEGORIZADO;TUMBES;240000;201;2151;4205;23,32;19,48;1,59;1,62;1,08;16008;15012;996;25395;24321;1074;351
2021;05;00;NO CLASIFICADO;TT;TODAS CONSOLIDADAS;TUMBES;240000;201;2151;4205;23,32;19,48;1,59;1,62;1,08;16008;15012;996;25395;24321;1074;351
2021;05;01;HOTEL;02;2 ESTRELLAS;TUMBES;240000;7;208;411;26,83;17,19;3,3;3,33;1,79;664;650;14;2190;2165;25;39
2021;05;00;NO CLASIFICADO;00;NO CATEGORIZADO;UCAYALI;250000;436;4914;7581;22,91;18,88;2,1;2,1;1,93;21161;20821;340;44377;43722;655;879
2021;05;00;NO CLASIFICADO;TT;TODAS CONSOLIDADAS;UCAYALI;250000;436;4914;7581;22,91;18,88;2,1;2,1;1,93;21161;20821;340;44377;43722;655;879
2021;05;01;HOTEL;02;2 ESTRELLAS;UCAYALI;250000;2;48;65;0;0;0;0;0;0;0;0;0;0;0;0
2021;05;00;NO CLASIFICADO;TT;TODAS CONSOLIDADAS;AREQUIPA;040000;1086;9897;16454;21,07;16,2;1,67;1,66;2,02;49413;47714;1699;82615;79181;3434;1870
2021;05;00;NO CLASIFICADO;TT;TODAS CONSOLIDADAS;LA LIBERTAD;130000;770;6656;11131;27,13;16,52;1,11;1,11;1,15;51353;51247;106;56994;56872;122;743
2021;05;01;HOTEL;01;1 ESTRELLA;LA LIBERTAD;130000;2;46;88;0;0;0;0;0;0;0;0;0;0;0;0
2021;05;00;NO CLASIFICADO;TT;TODAS CONSOLIDADAS;MADRE DE DIOS;170000;279;3975;6490;22,39;18,33;1,2;1,19;1,41;30853;30258;595;36878;36039;839;508
2021;05;00;NO CLASIFICADO;TT;TODAS CONSOLIDADAS;MOQUEGUA;180000;160;1532;2591;15,08;10,71;1,53;1,53;1,71;5626;5567;59;8605;8504;101;200
2021;05;00;NO CLASIFICADO;TT;TODAS CONSOLIDADAS;PUNO;210000;654;6187;10499;18,35;14,6;1,18;1,19;1,03;40172;38458;1714;47527;45763;1764;1113
2021;05;00;NO CLASIFICADO;TT;TODAS CONSOLIDADAS;SAN MARTÍN;220000;682;8057;12542;23,84;19,11;1,32;1,32;1,86;56284;55996;288;74315;73779;536;1082
2021;05;01;HOTEL;02;2 ESTRELLAS;SAN MARTÍN;220000;28;785;1312;25,5;20,46;1,64;1,64;1,88;5065;4980;85;8322;8162;160;137
2021;05;00;NO CLASIFICADO;TT;TODAS CONSOLIDADAS;TACNA;230000;395;3831;6939;7,86;5,29;1,15;1,16;1,02;9845;9520;325;11370;11040;330;480
2021;05;01;HOTEL;02;2 ESTRELLAS;MOQUEGUA;180000;15;504;844;29,74;18,83;3,92;3,92;3,86;1257;1228;29;4926;4814;112;68
2021;05;01;HOTEL;02;2 ESTRELLAS;PIURA;200000;19;463;779;21,76;21,14;2,56;2,57;2;1992;1981;11;5105;5083;22;84
2021;05;01;HOTEL;03;3 ESTRELLAS;PASCO;190000;4;114;217;28,35;39,97;2,01;2,01;2,19;1336;1320;16;2689;2654;35;17
2021;05;01;HOTEL;03;3 ESTRELLAS;PIURA;200000;16;603;1040;24,7;19,03;2,44;2,44;2,5;2511;2312;199;6134;5637;497;155
2021;05;01;HOTEL;03;3 ESTRELLAS;PUNO;210000;19;672;1222;23,78;15,61;1,88;1,91;1,6;3148;2822;326;5913;5391;522;133
2021;05;01;HOTEL;03;3 ESTRELLAS;SAN MARTÍN;220000;22;880;1434;30,96;24,66;2,42;2,38;3,33;4523;4293;230;10963;10198;765;156
2021;05;01;HOTEL;03;3 ESTRELLAS;TACNA;230000;12;430;905;28,74;14,56;1,84;1,84;1,29;2224;2207;17;4086;4064;22;107
2021;05;01;HOTEL;03;3 ESTRELLAS;TUMBES;240000;7;224;438;0;0;0;0;0;0;0;0;0;0;0;0
2021;05;01;HOTEL;04;4 ESTRELLAS;AREQUIPA;040000;9;420;802;47,68;30,67;1,9;1,88;2,44;4016;3889;127;7625;7315;310;130
2021;05;01;HOTEL;04;4 ESTRELLAS;CAJAMARCA;060000;3;173;311;54,93;39,29;2,88;2,88;2,5;1316;1298;18;3788;3743;45;60
2021;05;01;HOTEL;04;4 ESTRELLAS;CALLAO;070000;2;371;599;43,08;43,93;1,55;1,79;1,32;5267;2614;2653;8158;4666;3492;109
2021;05;01;HOTEL;04;4 ESTRELLAS;CUSCO;080000;10;836;1597;29,47;24,17;2,06;2,05;2,1;5801;4285;1516;11968;8784;3184;202
2021;05;01;HOTEL;04;4 ESTRELLAS;HUÁNUCO;100000;1;52;90;29,9;22,11;1,8;1,78;2,83;343;337;6;617;600;17;20
2021;05;01;HOTEL;04;4 ESTRELLAS;ICA;110000;6;583;1157;44,26;29,73;4,07;4,14;2,22;2623;2527;96;10663;10450;213;144
2021;05;01;HOTEL;04;4 ESTRELLAS;JUNÍN;120000;1;40;66;21,94;13,29;1,42;1,42;0;191;191;0;272;272;0;21
2021;05;01;HOTEL;04;4 ESTRELLAS;LA LIBERTAD;130000;3;207;322;56,58;39,84;3,31;3,42;2,08;1201;1108;93;3977;3784;193;28
2021;05;01;HOTEL;04;4 ESTRELLAS;LAMBAYEQUE;140000;4;336;553;30,14;28,22;1,52;1,5;2,02;3184;3048;136;4838;4563;275;188
2021;05;01;HOTEL;04;4 ESTRELLAS;LIMA;150000;40;3824;6800;30,17;21,3;2,13;2,06;2,41;21119;17207;3912;44909;35475;9434;1195
2021;05;01;HOTEL;04;4 ESTRELLAS;LORETO;160000;2;90;150;15,05;13,51;1,37;1,36;1,79;459;445;14;628;603;25;27
2021;05;01;HOTEL;04;4 ESTRELLAS;MOQUEGUA;180000;2;123;229;80,75;57,67;5,41;5,39;7,5;757;749;8;4094;4034;60;39
2021;05;01;HOTEL;04;4 ESTRELLAS;PIURA;200000;3;296;591;25,39;19,43;1,96;1,92;2,49;1814;1682;132;3559;3230;329;47
2021;05;01;HOTEL;04;4 ESTRELLAS;SAN MARTÍN;220000;1;50;108;60,84;56,36;1,71;1,68;3,79;1101;1082;19;1887;1815;72;48
2021;05;01;HOTEL;04;4 ESTRELLAS;TACNA;230000;1;150;300;38,97;21,84;2,1;2,11;1,53;968;949;19;2031;2002;29;21
2021;05;01;HOTEL;04;4 ESTRELLAS;TUMBES;240000;5;265;520;10,49;9,8;1,56;1,52;2,4;1010;957;53;1579;1452;127;70
2021;05;01;HOTEL;05;5 ESTRELLAS;AREQUIPA;040000;3;241;346;67,51;50,81;2,54;2,41;5,95;2142;2063;79;5450;4980;470;120
2021;05;01;HOTEL;05;5 ESTRELLAS;CUSCO;080000;13;1124;2191;21,17;20,36;2,04;2,2;1,77;6763;4300;2463;13827;9461;4366;581
2021;05;01;HOTEL;05;5 ESTRELLAS;ICA;110000;3;345;796;56,47;46,17;2,34;2,34;2,29;4871;4534;337;11394;10623;771;339
2021;05;01;HOTEL;05;5 ESTRELLAS;LA LIBERTAD;130000;1;120;240;62,26;43,82;2,32;2,29;2,55;1407;1263;144;3260;2893;367;55
2021;05;01;HOTEL;05;5 ESTRELLAS;LIMA;150000;20;3696;6717;46,27;30,41;1,82;1,66;2,64;34888;29248;5640;63327;48413;14914;1979
2021;05;01;HOTEL;05;5 ESTRELLAS;LORETO;160000;1;60;122;49,03;40,93;2,07;2;2,34;748;602;146;1548;1206;342;22
2021;05;01;HOTEL;05;5 ESTRELLAS;PIURA;200000;1;83;168;53,25;40,71;2,07;1,92;3,18;1025;902;123;2120;1729;391;51
2021;05;01;HOTEL;05;5 ESTRELLAS;PUNO;210000;1;123;231;105,06;73,26;1,94;1,94;1,93;2703;2621;82;5246;5088;158;45
2021;05;01;HOTEL;05;5 ESTRELLAS;UCAYALI;250000;2;165;306;22,56;15,9;2,65;2,63;2,84;570;527;43;1508;1386;122;28
2021;05;01;HOTEL;TT;TODAS CONSOLIDADAS;AMAZONAS;010000;36;863;1413;20,25;17,71;1,44;1,45;1,28;5392;4943;449;7758;7184;574;165
2021;05;01;HOTEL;TT;TODAS CONSOLIDADAS;ÁNCASH;020000;91;2810;4965;23,05;17,8;1,44;1,44;1,49;18975;18787;188;27397;27116;281;509
2021;05;01;HOTEL;TT;TODAS CONSOLIDADAS;APURÍMAC;030000;9;358;598;18,24;13,54;1,3;1,3;1,24;1932;1911;21;2510;2484;26;43
2021;05;01;HOTEL;TT;TODAS CONSOLIDADAS;AREQUIPA;040000;120;3881;6959;35,52;23,64;2,39;2,36;3,33;21344;20601;743;51006;48530;2476;960
2021;05;01;HOTEL;TT;TODAS CONSOLIDADAS;AYACUCHO;050000;22;657;1175;15,85;15,62;2,06;2,07;1,65;2762;2691;71;5690;5573;117;149
2021;05;01;HOTEL;TT;TODAS CONSOLIDADAS;CAJAMARCA;060000;107;3916;6048;19,97;14,92;1,73;1,73;1,75;16207;16130;77;27978;27843;135;634
2021;05;01;HOTEL;TT;TODAS CONSOLIDADAS;CALLAO;070000;8;681;1176;33,78;30,99;1,56;1,73;1,33;7741;4571;3169;12101;7896;4205;174
2021;05;01;HOTEL;TT;TODAS CONSOLIDADAS;CUSCO;080000;131;5432;10218;18,18;14,96;2,06;2,1;1,94;23007;16943;6064;47383;35616;11767;1539
2021;05;01;HOTEL;TT;TODAS CONSOLIDADAS;HUANCAVELICA;090000;4;107;181;17,06;16,29;1,38;1,38;0;663;663;0;914;914;0;23
2021;05;01;HOTEL;TT;TODAS CONSOLIDADAS;HUÁNUCO;100000;61;2027;3314;24,41;22,39;1,31;1,3;1,61;17602;17455;147;23002;22765;237;372
2021;05;01;HOTEL;TT;TODAS CONSOLIDADAS;ICA;110000;112;4131;8026;31,5;25,25;2,18;2,2;1,89;28778;27478;1300;62816;60362;2454;1090
2021;05;01;HOTEL;TT;TODAS CONSOLIDADAS;JUNÍN;120000;53;1832;3323;19,38;12,29;1,63;1,63;1,61;7762;7701;61;12663;12565;98;336
2021;05;01;HOTEL;TT;TODAS CONSOLIDADAS;LA LIBERTAD;130000;108;3154;5877;29,52;21,57;1,93;1,91;2,34;20334;19350;984;39294;36994;2300;665
2021;05;01;HOTEL;TT;TODAS CONSOLIDADAS;LAMBAYEQUE;140000;113;3636;5703;18,19;14,71;1,38;1,37;1,83;18833;18378;455;26010;25179;831;706
2021;05;01;HOTEL;TT;TODAS CONSOLIDADAS;LIMA;150000;335;20320;37045;32,38;24,46;1,74;1,66;2,42;178989;158320;20670;312309;262264;50045;6527
2021;05;01;HOTEL;TT;TODAS CONSOLIDADAS;LORETO;160000;38;1175;1979;26,01;22,05;2,5;2,49;2,63;5402;4805;597;13529;11958;1571;236
2021;05;01;HOTEL;TT;TODAS CONSOLIDADAS;MADRE DE DIOS;170000;15;482;829;27,67;21,11;1,26;1,26;1,23;4296;4198;98;5426;5305;121;99
2021;05;01;HOTEL;TT;TODAS CONSOLIDADAS;MOQUEGUA;180000;28;971;1703;39,6;25,53;2,98;2,97;3,7;4527;4471;56;13477;13270;207;176
2021;05;01;HOTEL;TT;TODAS CONSOLIDADAS;PASCO;190000;15;429;754;49,32;41,28;1,33;1,32;2,19;7281;7265;16;9649;9614;35;78
2021;05;01;HOTEL;TT;TODAS CONSOLIDADAS;PIURA;200000;41;1485;2665;24,85;20,48;2,3;2,28;2,66;7342;6877;465;16918;15679;1239;337
2021;05;01;HOTEL;TT;TODAS CONSOLIDADAS;PUNO;210000;49;1748;3169;29,42;19,9;1,86;1,87;1,72;10488;9965;523;19549;18647;902;337
2021;05;01;HOTEL;TT;TODAS CONSOLIDADAS;SAN MARTÍN;220000;56;1819;3032;29,32;24,24;1,94;1,91;2,92;11714;11365;349;22781;21762;1019;360
2021;05;01;HOTEL;TT;TODAS CONSOLIDADAS;TACNA;230000;44;1485;3023;21,43;15,44;2,41;2,42;2,07;5999;5932;67;14473;14334;139;281
2021;05;01;HOTEL;TT;TODAS CONSOLIDADAS;TUMBES;240000;19;697;1369;12;8,88;2,25;2,25;2,27;1674;1607;67;3769;3617;152;109
2021;05;01;HOTEL;TT;TODAS CONSOLIDADAS;UCAYALI;250000;25;1063;1808;24,88;19,28;2,47;2,47;2,46;4371;4025;346;10808;9956;852;233
2021;05;02;APART HOTEL;03;3 ESTRELLAS;ÁNCASH;020000;2;16;44;45,16;45,38;15,1;15,1;0;41;41;0;619;619;0;4
2021;05;02;APART HOTEL;03;3 ESTRELLAS;APURÍMAC;030000;1;23;34;35,76;33,97;1,66;1,61;3;216;209;7;358;337;21;8
2021;05;02;APART HOTEL;03;3 ESTRELLAS;AREQUIPA;040000;1;18;36;8,96;8,96;2,94;2,94;0;34;34;0;100;100;0;2
2021;05;02;APART HOTEL;03;3 ESTRELLAS;CAJAMARCA;060000;1;7;12;0;0;0;0;0;0;0;0;0;0;0;0
2021;05;02;APART HOTEL;03;3 ESTRELLAS;ICA;110000;1;10;20;7,74;3,87;2;2;0;12;12;0;24;24;0;4
2021;05;02;APART HOTEL;03;3 ESTRELLAS;LA LIBERTAD;130000;1;11;24;0;0;0;0;0;0;0;0;0;0;0;0
2021;05;02;APART HOTEL;03;3 ESTRELLAS;LIMA;150000;8;206;389;29,08;25,58;5,82;5,22;7,09;530;359;171;3085;1873;1212;44
2021;05;02;APART HOTEL;03;3 ESTRELLAS;LORETO;160000;1;20;36;24,68;15,32;1,69;1,69;0;101;101;0;171;171;0;12
2021;05;02;APART HOTEL;03;3 ESTRELLAS;PASCO;190000;1;11;18;12,32;12,01;1;1;0;67;67;0;67;67;0;4
2021;05;02;APART HOTEL;03;3 ESTRELLAS;TUMBES;240000;2;18;50;42,47;30,65;2,91;2,91;0;163;163;0;475;475;0;15
2021;05;02;APART HOTEL;04;4 ESTRELLAS;AREQUIPA;040000;1;19;32;43,8;69,86;2,16;2,1;2,43;321;265;56;693;557;136;5
2021;05;02;APART HOTEL;04;4 ESTRELLAS;LIMA;150000;10;699;1442;58,9;42,54;2,52;2,4;4,04;7558;7024;534;19014;16859;2155;441
2021;05;02;APART HOTEL;04;4 ESTRELLAS;LORETO;160000;1;13;23;30,27;23,56;1,38;1,95;1,27;122;19;103;168;37;131;6
2021;05;02;APART HOTEL;04;4 ESTRELLAS;SAN MARTÍN;220000;1;24;38;58,2;67,4;2,24;2,25;2,09;355;322;33;794;725;69;12
2021;05;02;APART HOTEL;05;5 ESTRELLAS;LIMA;150000;6;399;674;23,68;17,99;2,33;2,19;3,65;1614;1460;154;3759;3197;562;145
2021;05;02;APART HOTEL;TT;TODAS CONSOLIDADAS;ÁNCASH;020000;2;16;44;45,16;45,38;15,1;15,1;0;41;41;0;619;619;0;4
2021;05;02;APART HOTEL;TT;TODAS CONSOLIDADAS;APURÍMAC;030000;1;23;34;35,76;33,97;1,66;1,61;3;216;209;7;358;337;21;8
2021;05;02;APART HOTEL;TT;TODAS CONSOLIDADAS;AREQUIPA;040000;2;37;68;26,85;37,62;2,23;2,2;2,43;355;299;56;793;657;136;7
2021;05;02;APART HOTEL;TT;TODAS CONSOLIDADAS;CAJAMARCA;060000;1;7;12;0;0;0;0;0;0;0;0;0;0;0;0
2021;05;02;APART HOTEL;TT;TODAS CONSOLIDADAS;ICA;110000;1;10;20;7,74;3,87;2;2;0;12;12;0;24;24;0;4
2021;05;02;APART HOTEL;TT;TODAS CONSOLIDADAS;LA LIBERTAD;130000;1;11;24;0;0;0;0;0;0;0;0;0;0;0;0
2021;05;02;APART HOTEL;TT;TODAS CONSOLIDADAS;LORETO;160000;2;33;59;26,88;18,53;1,52;1,73;1,27;223;120;103;339;208;131;18
2021;05;02;APART HOTEL;TT;TODAS CONSOLIDADAS;PASCO;190000;1;11;18;12,32;12,01;1;1;0;67;67;0;67;67;0;4
2021;05;02;APART HOTEL;TT;TODAS CONSOLIDADAS;SAN MARTÍN;220000;1;24;38;58,2;67,4;2,24;2,25;2,09;355;322;33;794;725;69;12
2021;05;02;APART HOTEL;TT;TODAS CONSOLIDADAS;TUMBES;240000;2;18;50;42,47;30,65;2,91;2,91;0;163;163;0;475;475;0;15
2021;05;03;HOSTAL;01;1 ESTRELLA;AMAZONAS;010000;12;181;279;42,43;36,63;1,27;1,27;1;2497;2461;36;3168;3132;36;29
2021;05;03;HOSTAL;01;1 ESTRELLA;ÁNCASH;020000;41;553;886;24,22;24,96;1,1;1,1;1,13;6224;6216;8;6855;6846;9;88
2021;05;03;HOSTAL;01;1 ESTRELLA;APURÍMAC;030000;1;10;20;0;0;0;0;0;0;0;0;0;0;0;0
2021;05;03;HOSTAL;01;1 ESTRELLA;AREQUIPA;040000;52;775;1193;25,91;22,19;1,41;1,42;1;5799;5790;9;8205;8196;9;127
2021;05;03;HOSTAL;01;1 ESTRELLA;AYACUCHO;050000;4;91;161;10,46;10,18;1,53;1,53;0;332;332;0;508;508;0;15
2021;05;03;HOSTAL;01;1 ESTRELLA;CAJAMARCA;060000;23;392;631;6,04;4,6;1,04;1,04;0;862;862;0;900;900;0;68
2021;05;03;HOSTAL;01;1 ESTRELLA;CALLAO;070000;11;204;408;31,6;31,62;1;1;1;4205;4197;8;4205;4197;8;34
2021;05;03;HOSTAL;01;1 ESTRELLA;CUSCO;080000;21;364;601;20,93;17,19;1,1;1,09;2;2915;2898;17;3202;3168;34;51
2021;05;03;HOSTAL;01;1 ESTRELLA;HUANCAVELICA;090000;2;29;45;46,94;30,54;1;1;0;424;424;0;426;426;0;5
2021;05;03;HOSTAL;01;1 ESTRELLA;HUÁNUCO;100000;13;202;306;80,29;65,19;1,05;1,05;0;5896;5896;0;6184;6184;0;35
2021;05;03;HOSTAL;01;1 ESTRELLA;ICA;110000;12;166;255;19,49;14,37;1,14;1,14;1,14;996;982;14;1136;1120;16;29
2021;05;03;HOSTAL;01;1 ESTRELLA;JUNÍN;120000;11;165;288;31,85;25,28;1,43;1,43;0;1577;1577;0;2257;2257;0;29
2021;05;03;HOSTAL;01;1 ESTRELLA;LA LIBERTAD;130000;34;470;820;35,27;20,28;1,66;1,66;0;3097;3097;0;5154;5154;0;81
2021;05;03;HOSTAL;01;1 ESTRELLA;LAMBAYEQUE;140000;19;251;323;19,6;17,99;1,15;1,13;1,87;1571;1541;30;1801;1745;56;41
2021;05;03;HOSTAL;01;1 ESTRELLA;LIMA;150000;74;1520;2806;17,78;18,16;1,06;1,05;1,26;18143;17692;450;19185;18616;569;286
2021;05;03;HOSTAL;01;1 ESTRELLA;LORETO;160000;6;91;134;1,31;1,18;1,75;1,75;0;28;28;0;49;49;0;15
2021;05;03;HOSTAL;01;1 ESTRELLA;MADRE DE DIOS;170000;1;35;68;11,34;10,44;2;2;0;110;110;0;220;220;0;3
2021;05;03;HOSTAL;01;1 ESTRELLA;MOQUEGUA;180000;14;188;342;15,43;13,27;1,29;1,29;0;1089;1089;0;1407;1407;0;32
2021;05;03;HOSTAL;01;1 ESTRELLA;PASCO;190000;17;290;431;40,4;25,97;1,27;1,27;0;2738;2738;0;3470;3470;0;48
2021;05;03;HOSTAL;01;1 ESTRELLA;PIURA;200000;2;36;51;20,88;13,16;1,81;1,81;2;115;113;2;208;204;4;8
2021;05;03;HOSTAL;01;1 ESTRELLA;PUNO;210000;22;372;630;17,34;14,67;1,06;1,07;1,01;2698;2556;142;2866;2723;143;51
2021;05;03;HOSTAL;01;1 ESTRELLA;SAN MARTÍN;220000;1;20;33;18,06;10,95;1,7;1,7;0;66;66;0;112;112;0;8
2021;05;03;HOSTAL;01;1 ESTRELLA;TACNA;230000;10;182;320;6,29;4,84;1,42;1,42;1;339;338;1;480;479;1;26
2021;05;03;HOSTAL;02;2 ESTRELLAS;AMAZONAS;010000;48;874;1391;22,15;18,07;1,01;1,01;1;7735;7704;31;7794;7763;31;138
2021;05;03;HOSTAL;02;2 ESTRELLAS;ÁNCASH;020000;122;2005;3414;33,87;34,12;1,05;1,05;1,03;34397;34170;227;36111;35877;234;337
2021;05;03;HOSTAL;02;2 ESTRELLAS;APURÍMAC;030000;6;161;234;30,8;22,28;1,06;1,06;0;1526;1526;0;1616;1616;0;27
2021;05;03;HOSTAL;02;2 ESTRELLAS;AREQUIPA;040000;127;2054;3733;24,84;19,88;1,36;1,36;1,68;16868;16673;195;23002;22675;327;361
2021;05;03;HOSTAL;02;2 ESTRELLAS;AYACUCHO;050000;3;34;67;0;0;0;0;0;0;0;0;0;0;0;0
2021;05;03;HOSTAL;02;2 ESTRELLAS;CAJAMARCA;060000;108;2048;3173;14,27;11,92;1,24;1,25;1;9428;9348;80;11727;11647;80;320
2021;05;03;HOSTAL;02;2 ESTRELLAS;CALLAO;070000;7;198;370;58,55;60,25;1,01;1,01;1;8645;8475;170;8694;8524;170;46
2021;05;03;HOSTAL;02;2 ESTRELLAS;CUSCO;080000;48;799;1371;16,39;14,5;1,66;1,61;2,38;3707;3459;248;6161;5572;589;134
2021;05;03;HOSTAL;02;2 ESTRELLAS;HUANCAVELICA;090000;1;39;71;11,08;8;1,36;1,36;0;129;129;0;176;176;0;4
2021;05;03;HOSTAL;02;2 ESTRELLAS;HUÁNUCO;100000;20;266;427;32,16;26,23;1,07;1,07;1,01;3245;3153;92;3472;3379;93;54
2021;05;03;HOSTAL;02;2 ESTRELLAS;ICA;110000;60;895;1481;15,86;14,71;1,12;1,12;1;6047;6029;18;6755;6737;18;152
2021;05;03;HOSTAL;02;2 ESTRELLAS;JUNÍN;120000;19;326;645;28,48;25,97;1,19;1,19;1,66;4364;4332;32;5192;5139;53;65
2021;05;03;HOSTAL;02;2 ESTRELLAS;LA LIBERTAD;130000;132;2212;4013;19,19;16,51;1,19;1,19;1,14;17235;17115;120;20536;20399;137;388
2021;05;03;HOSTAL;02;2 ESTRELLAS;LAMBAYEQUE;140000;160;2336;3260;24,04;16,94;1,06;1,06;1,01;16156;15973;183;17117;16932;185;422
2021;05;03;HOSTAL;02;2 ESTRELLAS;LIMA;150000;128;2909;5331;26,7;24,73;1,31;1,25;2,05;46398;43004;3394;60681;53725;6956;733
2021;05;03;HOSTAL;02;2 ESTRELLAS;LORETO;160000;5;79;126;31,69;44,09;2,11;2,11;0;817;817;0;1722;1722;0;18
2021;05;03;HOSTAL;02;2 ESTRELLAS;MADRE DE DIOS;170000;5;138;207;35,46;26,59;1,47;1,48;1,23;1159;1124;35;1706;1663;43;22
2021;05;03;HOSTAL;02;2 ESTRELLAS;MOQUEGUA;180000;50;633;1034;34,5;24,35;2,39;2,39;1,83;3269;3245;24;7804;7760;44;114
2021;05;03;HOSTAL;02;2 ESTRELLAS;PASCO;190000;10;165;301;16,95;13,92;1,23;1,23;1;1058;1057;1;1299;1298;1;27
2021;05;03;HOSTAL;02;2 ESTRELLAS;PIURA;200000;28;541;869;20,48;19,28;1,73;1,7;2,06;3009;2781;228;5193;4724;469;106
2021;05;03;HOSTAL;02;2 ESTRELLAS;PUNO;210000;30;489;894;23,21;15,3;1,5;1,49;1,81;2836;2810;26;4241;4194;47;78
2021;05;03;HOSTAL;02;2 ESTRELLAS;SAN MARTÍN;220000;15;243;394;33,57;26,85;1,73;1,72;2,28;1893;1864;29;3280;3214;66;45
2021;05;03;HOSTAL;02;2 ESTRELLAS;TACNA;230000;21;366;687;23;13,04;1,57;1,57;1,6;1764;1734;30;2778;2730;48;64
2021;05;03;HOSTAL;02;2 ESTRELLAS;TUMBES;240000;5;65;134;7,34;4,31;1;1;0;179;179;0;179;179;0;13
2021;05;03;HOSTAL;02;2 ESTRELLAS;UCAYALI;250000;2;70;127;21,57;14,12;1,53;1,53;1,67;364;361;3;556;551;5;13
2021;05;03;HOSTAL;03;3 ESTRELLAS;AMAZONAS;010000;8;147;297;8,36;6,78;1,25;1,25;0;500;500;0;624;624;0;25
2021;05;03;HOSTAL;03;3 ESTRELLAS;ÁNCASH;020000;22;344;628;27,95;22,63;1,82;1,82;1;2418;2415;3;4406;4403;3;61
2021;05;03;HOSTAL;03;3 ESTRELLAS;APURÍMAC;030000;1;24;43;31,45;17,55;1,81;1,81;0;129;129;0;234;234;0;7
2021;05;03;HOSTAL;03;3 ESTRELLAS;AREQUIPA;040000;32;509;916;39,92;26,28;2,39;2,39;2,46;3119;3048;71;7463;7288;175;124
2021;05;03;HOSTAL;03;3 ESTRELLAS;AYACUCHO;050000;2;38;77;22,07;15;1,67;1,66;1,93;214;200;14;358;331;27;16
2021;05;03;HOSTAL;03;3 ESTRELLAS;CAJAMARCA;060000;43;686;1133;22,66;13,1;1,44;1,44;1,29;3196;3189;7;4601;4592;9;129
2021;05;03;HOSTAL;03;3 ESTRELLAS;CUSCO;080000;22;377;726;9,34;7,25;2,09;2,14;1,64;782;695;87;1631;1488;143;63
2021;05;03;HOSTAL;03;3 ESTRELLAS;HUANCAVELICA;090000;2;20;23;0;0;0;0;0;0;0;0;0;0;0;0
2021;05;03;HOSTAL;03;3 ESTRELLAS;HUÁNUCO;100000;1;14;24;0;0;0;0;0;0;0;0;0;0;0;0
2021;05;03;HOSTAL;03;3 ESTRELLAS;ICA;110000;32;587;1107;31,25;19,86;1,62;1,63;1,58;4199;3993;206;6814;6489;325;140
2021;05;03;HOSTAL;03;3 ESTRELLAS;JUNÍN;120000;2;47;93;52,37;44,47;1,42;1,42;1,4;905;900;5;1282;1275;7;40
2021;05;03;HOSTAL;03;3 ESTRELLAS;LA LIBERTAD;130000;59;951;1763;27,87;26,34;1,05;1,05;1,1;13682;13504;178;14393;14197;196;172
2021;05;03;HOSTAL;03;3 ESTRELLAS;LAMBAYEQUE;140000;21;298;441;33,62;25,13;1,3;1,3;1,14;2641;2627;14;3435;3419;16;70
2021;05;03;HOSTAL;03;3 ESTRELLAS;LORETO;160000;8;117;195;21,23;12,72;1,6;1,59;1,67;482;473;9;769;754;15;29
2021;05;03;HOSTAL;03;3 ESTRELLAS;MADRE DE DIOS;170000;1;22;29;8,5;8,9;1,38;1,38;0;58;58;0;80;80;0;2
2021;05;03;HOSTAL;03;3 ESTRELLAS;MOQUEGUA;180000;3;52;90;0;0;0;0;0;0;0;0;0;0;0;0
2021;05;03;HOSTAL;03;3 ESTRELLAS;PASCO;190000;1;9;18;0;0;0;0;0;0;0;0;0;0;0;0
2021;05;03;HOSTAL;03;3 ESTRELLAS;PIURA;200000;3;51;107;8,67;7,93;1,93;1,92;2,33;136;133;3;263;256;7;14
2021;05;03;HOSTAL;03;3 ESTRELLAS;PUNO;210000;7;152;265;21,5;25;2,24;2,24;1,93;919;905;14;2054;2027;27;33
2021;05;03;HOSTAL;03;3 ESTRELLAS;SAN MARTÍN;220000;6;112;241;34,74;28,04;1,72;1,72;1,43;1219;1198;21;2095;2065;30;32
2021;05;03;HOSTAL;03;3 ESTRELLAS;TACNA;230000;5;92;195;24,93;15,12;4,03;4,01;4,25;227;211;16;914;846;68;16
2021;05;03;HOSTAL;03;3 ESTRELLAS;TUMBES;240000;5;83;164;30,43;25,31;1,52;1,52;0;845;845;0;1287;1287;0;15
2021;05;03;HOSTAL;TT;TODAS CONSOLIDADAS;AMAZONAS;010000;68;1202;1967;23,52;19;1,08;1,08;1;10732;10665;67;11586;11519;67;192
2021;05;03;HOSTAL;TT;TODAS CONSOLIDADAS;ÁNCASH;020000;185;2902;4928;31,33;31,01;1,1;1,1;1,03;43039;42801;238;47372;47126;246;486
2021;05;03;HOSTAL;TT;TODAS CONSOLIDADAS;APURÍMAC;030000;8;195;297;29,3;20,09;1,12;1,12;0;1655;1655;0;1850;1850;0;34
2021;05;03;HOSTAL;TT;TODAS CONSOLIDADAS;AREQUIPA;040000;211;3338;5842;27,39;21,35;1,5;1,5;1,86;25786;25511;275;38670;38159;511;612
2021;05;03;HOSTAL;TT;TODAS CONSOLIDADAS;AYACUCHO;050000;9;163;305;10,98;9,16;1,59;1,58;1,93;546;532;14;866;839;27;31
2021;05;03;HOSTAL;TT;TODAS CONSOLIDADAS;CAJAMARCA;060000;174;3126;4937;15,08;11,26;1,28;1,28;1,02;13486;13399;87;17228;17139;89;517
2021;05;03;HOSTAL;TT;TODAS CONSOLIDADAS;CALLAO;070000;18;402;778;44,34;44,79;1;1;1;11997;11843;155;12039;11885;155;77
2021;05;03;HOSTAL;TT;TODAS CONSOLIDADAS;CUSCO;080000;91;1540;2698;15,74;13,14;1,48;1,45;2,18;7404;7052;352;10994;10228;766;248
2021;05;03;HOSTAL;TT;TODAS CONSOLIDADAS;HUANCAVELICA;090000;5;88;139;20,38;13,97;1,09;1,09;0;553;553;0;602;602;0;9
2021;05;03;HOSTAL;TT;TODAS CONSOLIDADAS;HUÁNUCO;100000;34;482;757;51,4;41,15;1,06;1,06;1,01;9141;9049;92;9656;9563;93;89
2021;05;03;HOSTAL;TT;TODAS CONSOLIDADAS;ICA;110000;104;1648;2843;21,71;16,69;1,31;1,3;1,51;11242;11004;238;14705;14346;359;321
2021;05;03;HOSTAL;TT;TODAS CONSOLIDADAS;JUNÍN;120000;32;538;1026;31,6;27,45;1,28;1,27;1,62;6846;6809;37;8731;8671;60;134
2021;05;03;HOSTAL;TT;TODAS CONSOLIDADAS;LA LIBERTAD;130000;225;3633;6596;23,54;19,6;1,18;1,18;1,12;34014;33716;298;40083;39750;333;641
2021;05;03;HOSTAL;TT;TODAS CONSOLIDADAS;LAMBAYEQUE;140000;200;2885;4024;24,64;17,92;1,1;1,1;1,13;20368;20141;227;22353;22096;257;533
2021;05;03;HOSTAL;TT;TODAS CONSOLIDADAS;LIMA;150000;218;4777;8838;21,59;20,3;1,2;1,16;1,87;60184;57022;3163;72233;66314;5919;1035
2021;05;03;HOSTAL;TT;TODAS CONSOLIDADAS;LORETO;160000;19;287;455;17,79;18,01;1,91;1,92;1,67;1327;1318;9;2540;2525;15;62
2021;05;03;HOSTAL;TT;TODAS CONSOLIDADAS;MADRE DE DIOS;170000;7;195;304;28,09;21,29;1,51;1,52;1,23;1327;1292;35;2006;1963;43;27
2021;05;03;HOSTAL;TT;TODAS CONSOLIDADAS;MOQUEGUA;180000;67;873;1466;28,33;20,27;2,11;2,12;1,83;4358;4334;24;9211;9167;44;146
2021;05;03;HOSTAL;TT;TODAS CONSOLIDADAS;PIURA;200000;33;628;1027;19,54;17,79;1,74;1,71;2,06;3260;3027;233;5664;5184;480;128
2021;05;03;HOSTAL;TT;TODAS CONSOLIDADAS;PUNO;210000;59;1013;1789;20,8;16,52;1,42;1,43;1,19;6453;6271;182;9161;8944;217;162
2021;05;03;HOSTAL;TT;TODAS CONSOLIDADAS;SAN MARTÍN;220000;22;375;668;33,09;26,5;1,73;1,72;1,92;3178;3128;50;5487;5391;96;85
2021;05;03;HOSTAL;TT;TODAS CONSOLIDADAS;TACNA;230000;36;640;1202;18,53;11,2;1,79;1,78;2,49;2330;2283;47;4172;4055;117;106
2021;05;03;HOSTAL;TT;TODAS CONSOLIDADAS;TUMBES;240000;10;148;298;20,29;15,87;1,43;1,43;0;1024;1024;0;1466;1466;0;28
2021;05;03;HOSTAL;TT;TODAS CONSOLIDADAS;UCAYALI;250000;4;115;198;15,4;10,88;1,61;1,6;2,5;414;410;4;668;658;10;20
2021;05;05;ALBERGUE;12;ALBERGUE;AMAZONAS;010000;1;6;11;0;0;0;0;0;0;0;0;0;0;0;0
2021;05;05;ALBERGUE;12;ALBERGUE;ÁNCASH;020000;8;76;172;2,5;5,12;3;3;0;91;91;0;273;273;0;16
2021;05;05;ALBERGUE;12;ALBERGUE;AREQUIPA;040000;4;88;213;45,64;40,41;1,6;1,6;1,65;1667;1592;75;2668;2544;124;66
2021;05;05;ALBERGUE;12;ALBERGUE;CAJAMARCA;060000;1;11;22;0;0;0;0;0;0;0;0;0;0;0;0
2021;05;05;ALBERGUE;12;ALBERGUE;CUSCO;080000;18;200;672;5,32;3,33;1;1;1;694;606;88;694;606;88;34
2021;05;05;ALBERGUE;12;ALBERGUE;ICA;110000;2;18;43;4,48;6;1,74;1,74;0;46;46;0;80;80;0;5
2021;05;05;ALBERGUE;12;ALBERGUE;JUNÍN;120000;1;32;104;39,01;30,12;2,17;2,18;1,33;448;439;9;971;959;12;11
2021;05;05;ALBERGUE;12;ALBERGUE;LIMA;150000;7;124;372;23,18;8,35;2,77;1,88;3,98;348;201;147;963;378;585;36
2021;05;05;ALBERGUE;12;ALBERGUE;LORETO;160000;51;666;1414;19,96;13,41;2,09;1,44;3,59;2811;1957;854;5877;2815;3062;188
2021;05;05;ALBERGUE;12;ALBERGUE;MADRE DE DIOS;170000;6;145;302;0;0;0;0;0;0;0;0;0;0;0;0
2021;05;05;ALBERGUE;12;ALBERGUE;PASCO;190000;11;181;495;11,94;8,37;1,99;1,99;1,78;647;629;18;1285;1253;32;32
2021;05;05;ALBERGUE;12;ALBERGUE;PUNO;210000;1;13;35;0;0;0;0;0;0;0;0;0;0;0;0
2021;05;05;ALBERGUE;12;ALBERGUE;SAN MARTÍN;220000;10;192;444;17,67;14,68;2,23;2,09;3,74;907;831;76;2021;1737;284;46
2021;05;05;ALBERGUE;TT;TODAS CONSOLIDADAS;AMAZONAS;010000;1;6;11;0;0;0;0;0;0;0;0;0;0;0;0
2021;05;05;ALBERGUE;TT;TODAS CONSOLIDADAS;ÁNCASH;020000;8;76;172;2,5;5,12;3;3;0;91;91;0;273;273;0;16
2021;05;05;ALBERGUE;TT;TODAS CONSOLIDADAS;AREQUIPA;040000;4;88;213;45,64;40,41;1,6;1,6;1,65;1667;1592;75;2668;2544;124;66
2021;05;05;ALBERGUE;TT;TODAS CONSOLIDADAS;CAJAMARCA;060000;1;11;22;0;0;0;0;0;0;0;0;0;0;0;0
2021;05;05;ALBERGUE;TT;TODAS CONSOLIDADAS;CUSCO;080000;18;200;672;5,32;3,33;1;1;1;694;606;88;694;606;88;34
2021;05;05;ALBERGUE;TT;TODAS CONSOLIDADAS;ICA;110000;2;18;43;4,48;6;1,74;1,74;0;46;46;0;80;80;0;5
2021;05;01;HOTEL;03;3 ESTRELLAS;UCAYALI;250000;16;561;922;25,45;18,88;2,39;2,42;1,9;2258;2133;125;5396;5158;238;141
2021;05;01;HOTEL;04;4 ESTRELLAS;UCAYALI;250000;5;289;515;29,23;24,45;2,53;2,5;2,76;1543;1365;178;3904;3412;492;64
2021;05;03;HOSTAL;03;3 ESTRELLAS;UCAYALI;250000;2;45;71;5,81;5,09;2,24;2,18;5;50;49;1;112;107;5;7
2021;05;05;ALBERGUE;12;ALBERGUE;UCAYALI;250000;3;37;95;15,17;9,47;5,37;1,47;7,61;52;19;33;279;28;251;14
2021;05;01;HOTEL;04;4 ESTRELLAS;PUNO;210000;6;373;707;34,99;20,19;2,49;2,5;2,14;1781;1693;88;4426;4238;188;84
2021;05;02;APART HOTEL;TT;TODAS CONSOLIDADAS;LIMA;150000;24;1304;2505;43,41;33,3;2,67;2,48;4,57;9702;8843;859;25858;21929;3929;630
2021;05;03;HOSTAL;03;3 ESTRELLAS;LIMA;150000;16;348;701;14,13;11,89;1,06;1,06;1,05;2502;2435;67;2655;2585;70;67
2021;05;03;HOSTAL;TT;TODAS CONSOLIDADAS;PASCO;190000;28;464;750;31,28;20,51;1,26;1,26;1;3796;3795;1;4769;4768;1;75
2021;05;05;ALBERGUE;TT;TODAS CONSOLIDADAS;JUNÍN;120000;1;32;104;39,01;30,12;2,17;2,18;1,33;448;439;9;971;959;12;11
2021;05;05;ALBERGUE;TT;TODAS CONSOLIDADAS;LIMA;150000;7;124;372;23,18;8,35;2,77;1,88;3,98;348;201;147;963;378;585;36
2021;05;05;ALBERGUE;TT;TODAS CONSOLIDADAS;MADRE DE DIOS;170000;6;145;302;0;0;0;0;0;0;0;0;0;0;0;0
2021;05;05;ALBERGUE;TT;TODAS CONSOLIDADAS;PASCO;190000;11;181;495;11,94;8,37;1,99;1,99;1,78;647;629;18;1285;1253;32;32
2021;05;05;ALBERGUE;TT;TODAS CONSOLIDADAS;PUNO;210000;1;13;35;0;0;0;0;0;0;0;0;0;0;0;0
2021;05;05;ALBERGUE;TT;TODAS CONSOLIDADAS;SAN MARTÍN;220000;10;192;444;17,67;14,68;2,23;2,09;3,74;907;831;76;2021;1737;284;46
2021;05;05;ALBERGUE;TT;TODAS CONSOLIDADAS;UCAYALI;250000;3;37;95;15,17;9,47;5,37;1,47;7,61;52;19;33;279;28;251;14
2021;05;14;RESORT;03;3 ESTRELLAS;ICA;110000;1;51;86;0;0;0;0;0;0;0;0;0;0;0;0
2021;05;14;RESORT;04;4 ESTRELLAS;TUMBES;240000;1;402;804;43,52;55;2,7;2,7;2,9;5069;5028;41;13707;13588;119;354
2021;05;14;RESORT;05;5 ESTRELLAS;ICA;110000;1;115;250;79,69;58,74;2,93;2,79;7,82;1554;1510;44;4552;4208;344;90
2021;05;14;RESORT;TT;TODAS CONSOLIDADAS;ICA;110000;2;166;336;55,21;43,7;2,93;2,79;7,82;1554;1510;44;4552;4208;344;90
2021;05;14;RESORT;TT;TODAS CONSOLIDADAS;TUMBES;240000;1;402;804;43,52;55;2,7;2,7;2,9;5069;5028;41;13707;13588;119;354
2021;05;16;ECOLODGE;13;ECOLODGE;AREQUIPA;040000;1;23;51;11,22;11,07;1,56;1,6;1;112;105;7;175;168;7;9
2021;05;16;ECOLODGE;13;ECOLODGE;SAN MARTÍN;220000;1;12;24;0;0;0;0;0;0;0;0;0;0;0;0
2021;05;16;ECOLODGE;TT;TODAS CONSOLIDADAS;AREQUIPA;040000;1;23;51;11,22;11,07;1,56;1,6;1;112;105;7;175;168;7;9
2021;05;16;ECOLODGE;TT;TODAS CONSOLIDADAS;SAN MARTÍN;220000;1;12;24;0;0;0;0;0;0;0;0;0;0;0;0
2021;05;TT;TODAS CONSOLIDADAS;00;NO CATEGORIZADO;AMAZONAS;010000;243;2306;3626;13,12;10,91;1,3;1,3;1,34;9440;8854;586;12259;11474;785;407
2021;05;TT;TODAS CONSOLIDADAS;00;NO CATEGORIZADO;ÁNCASH;020000;566;5553;9572;8,8;7,49;1,33;1,32;1,46;16725;15642;1083;22220;20637;1583;903
2021;05;TT;TODAS CONSOLIDADAS;00;NO CATEGORIZADO;APURÍMAC;030000;448;4208;6503;13,47;10,14;1,21;1,21;1,34;16869;16813;56;20449;20374;75;450
2021;05;TT;TODAS CONSOLIDADAS;00;NO CATEGORIZADO;AYACUCHO;050000;517;5137;8185;8,18;8,18;1,12;1,12;0;18609;18609;0;20752;20752;0;645
2021;05;TT;TODAS CONSOLIDADAS;00;NO CATEGORIZADO;CAJAMARCA;060000;578;5869;9096;13,53;12,3;1,28;1,28;1;27107;27088;19;34694;34675;19;1020
2021;05;TT;TODAS CONSOLIDADAS;00;NO CATEGORIZADO;CUSCO;080000;1644;16378;29807;14,09;10,56;1,54;1,46;1,91;63309;52558;10751;97550;76994;20556;2986
2021;05;TT;TODAS CONSOLIDADAS;00;NO CATEGORIZADO;HUANCAVELICA;090000;167;1907;2952;15,75;12,77;1,09;1,09;1,63;10725;10695;30;11685;11636;49;224
2021;05;TT;TODAS CONSOLIDADAS;00;NO CATEGORIZADO;HUÁNUCO;100000;452;5291;7834;19,81;17,15;1,11;1,11;1,12;37388;37270;118;41650;41518;132;720
2021;05;TT;TODAS CONSOLIDADAS;00;NO CATEGORIZADO;JUNÍN;120000;1189;13008;21029;17,65;12,2;1,14;1,14;2,51;69863;69716;147;79500;79131;369;2212
2021;05;TT;TODAS CONSOLIDADAS;00;NO CATEGORIZADO;LA LIBERTAD;130000;770;6656;11131;27,13;16,52;1,11;1,11;1,15;51353;51247;106;56994;56872;122;743
2021;05;TT;TODAS CONSOLIDADAS;00;NO CATEGORIZADO;LAMBAYEQUE;140000;333;3643;5241;29,27;20,83;1,03;1,04;1,01;32711;32183;528;33842;33311;531;639
2021;05;TT;TODAS CONSOLIDADAS;00;NO CATEGORIZADO;LIMA;150000;5748;50507;87548;21,22;20,31;1,18;1,18;1,2;2163928;2114097;49830;2552631;2492644;59987;33840
2021;05;TT;TODAS CONSOLIDADAS;00;NO CATEGORIZADO;LORETO;160000;653;6285;9793;14,82;12,58;2,12;2,19;1,89;18002;13854;4148;38183;30345;7838;635
2021;05;TT;TODAS CONSOLIDADAS;00;NO CATEGORIZADO;MADRE DE DIOS;170000;279;3975;6490;22,39;18,33;1,2;1,19;1,41;30853;30258;595;36878;36039;839;508
2021;05;TT;TODAS CONSOLIDADAS;00;NO CATEGORIZADO;MOQUEGUA;180000;160;1532;2591;15,08;10,71;1,53;1,53;1,71;5626;5567;59;8605;8504;101;200
2021;05;TT;TODAS CONSOLIDADAS;00;NO CATEGORIZADO;PASCO;190000;262;2917;4550;18,22;14,63;1,1;1,1;1;18757;18749;8;20630;20622;8;410
2021;05;TT;TODAS CONSOLIDADAS;00;NO CATEGORIZADO;PIURA;200000;943;9952;18211;34,98;25,53;1,85;1,83;2,16;78074;74992;3082;144139;137481;6658;1880
2021;05;TT;TODAS CONSOLIDADAS;00;NO CATEGORIZADO;PUNO;210000;654;6187;10499;18,35;14,6;1,18;1,19;1,03;40172;38458;1714;47527;45763;1764;1113
2021;05;TT;TODAS CONSOLIDADAS;00;NO CATEGORIZADO;SAN MARTÍN;220000;682;8057;12542;23,84;19,11;1,32;1,32;1,86;56284;55996;288;74315;73779;536;1082
2021;05;TT;TODAS CONSOLIDADAS;00;NO CATEGORIZADO;TACNA;230000;395;3831;6939;7,86;5,29;1,15;1,16;1,02;9845;9520;325;11370;11040;330;480
2021;05;TT;TODAS CONSOLIDADAS;00;NO CATEGORIZADO;TUMBES;240000;201;2151;4205;23,32;19,48;1,59;1,62;1,08;16008;15012;996;25395;24321;1074;351
2021;05;TT;TODAS CONSOLIDADAS;00;NO CATEGORIZADO;UCAYALI;250000;436;4914;7581;22,91;18,88;2,1;2,1;1,93;21161;20821;340;44377;43722;655;879
2021;05;TT;TODAS CONSOLIDADAS;01;1 ESTRELLA;AMAZONAS;010000;13;201;314;38,21;32,55;1,27;1,27;1;2497;2461;36;3168;3132;36;29
2021;05;TT;TODAS CONSOLIDADAS;01;1 ESTRELLA;APURÍMAC;030000;3;90;135;13,19;11,04;1,02;1,02;0;454;454;0;462;462;0;10
2021;05;TT;TODAS CONSOLIDADAS;01;1 ESTRELLA;AREQUIPA;040000;58;985;1530;24,32;19,62;1,51;1,51;1;6149;6140;9;9307;9298;9;162
2021;05;TT;TODAS CONSOLIDADAS;01;1 ESTRELLA;AYACUCHO;050000;12;291;506;9,67;9,42;1,86;1,86;4;794;793;1;1477;1473;4;50
2021;05;TT;TODAS CONSOLIDADAS;01;1 ESTRELLA;CALLAO;070000;12;241;482;31,6;31,62;1;1;1;4587;4578;9;4587;4578;9;38
2021;05;TT;TODAS CONSOLIDADAS;01;1 ESTRELLA;HUANCAVELICA;090000;2;29;45;46,94;30,54;1;1;0;424;424;0;426;426;0;5
2021;05;TT;TODAS CONSOLIDADAS;01;1 ESTRELLA;HUÁNUCO;100000;21;441;659;47,38;41,26;1,04;1,04;1;8110;8108;2;8430;8428;2;73
2021;05;TT;TODAS CONSOLIDADAS;01;1 ESTRELLA;ICA;110000;17;268;385;12,07;9,52;1,14;1,14;1,14;996;982;14;1136;1120;16;29
2021;05;TT;TODAS CONSOLIDADAS;01;1 ESTRELLA;JUNÍN;120000;17;391;708;17,79;14,11;1,59;1,59;0;1950;1950;0;3097;3097;0;63
2021;05;TT;TODAS CONSOLIDADAS;01;1 ESTRELLA;LA LIBERTAD;130000;36;516;908;32,13;18,31;1,66;1,66;0;3097;3097;0;5154;5154;0;81
2021;05;TT;TODAS CONSOLIDADAS;01;1 ESTRELLA;LAMBAYEQUE;140000;22;354;472;13,9;12,31;1,15;1,13;1,87;1571;1541;30;1801;1745;56;41
2021;05;TT;TODAS CONSOLIDADAS;01;1 ESTRELLA;LIMA;150000;84;1923;3490;20,9;20,98;1,05;1,04;1,25;24851;24373;478;26053;25455;598;339
2021;05;TT;TODAS CONSOLIDADAS;01;1 ESTRELLA;LORETO;160000;6;91;134;1,31;1,18;1,75;1,75;0;28;28;0;49;49;0;15
2021;05;TT;TODAS CONSOLIDADAS;01;1 ESTRELLA;MADRE DE DIOS;170000;5;188;321;19,34;17,02;1,2;1,2;1;1412;1398;14;1694;1680;14;24
2021;05;TT;TODAS CONSOLIDADAS;01;1 ESTRELLA;MOQUEGUA;180000;15;209;384;16,41;13,92;1,43;1,43;0;1158;1158;0;1657;1657;0;36
2021;05;TT;TODAS CONSOLIDADAS;01;1 ESTRELLA;PASCO;190000;23;458;703;39,04;27,2;1,24;1,24;0;4798;4798;0;5927;5927;0;79
2021;05;TT;TODAS CONSOLIDADAS;01;1 ESTRELLA;PIURA;200000;4;76;138;9,89;4,86;1,81;1,81;2;115;113;2;208;204;4;8
2021;05;TT;TODAS CONSOLIDADAS;01;1 ESTRELLA;PUNO;210000;26;483;820;18,92;16,89;1,17;1,17;1,01;3684;3542;142;4294;4151;143;64
2021;05;TT;TODAS CONSOLIDADAS;01;1 ESTRELLA;SAN MARTÍN;220000;6;124;211;27,39;26,31;1,58;1,58;1,47;1091;1076;15;1721;1699;22;27
2021;05;TT;TODAS CONSOLIDADAS;01;1 ESTRELLA;TACNA;230000;12;239;432;6,64;5,05;1,59;1,59;2,5;424;420;4;676;666;10;31
2021;05;TT;TODAS CONSOLIDADAS;02;2 ESTRELLAS;AMAZONAS;010000;71;1447;2312;21,04;17,55;1,13;1,13;1,36;11129;11059;70;12575;12480;95;230
2021;05;TT;TODAS CONSOLIDADAS;02;2 ESTRELLAS;ÁNCASH;020000;162;3094;5434;29,39;27,52;1,09;1,09;1,07;42640;42329;311;46366;46032;334;520
2021;05;TT;TODAS CONSOLIDADAS;02;2 ESTRELLAS;APURÍMAC;030000;10;341;545;19,76;13,81;1,06;1,06;1,5;2193;2191;2;2333;2330;3;41
2021;05;TT;TODAS CONSOLIDADAS;02;2 ESTRELLAS;AREQUIPA;040000;167;3223;5755;23,31;18,59;1,47;1,46;1,61;22615;22356;259;33162;32744;418;542
2021;05;TT;TODAS CONSOLIDADAS;02;2 ESTRELLAS;AYACUCHO;050000;10;252;444;16,96;21,27;1,91;1,91;2;1535;1520;15;2927;2897;30;34
2021;05;TT;TODAS CONSOLIDADAS;02;2 ESTRELLAS;CAJAMARCA;060000;147;3738;5466;13,31;11,09;1,2;1,21;1;15606;15503;103;18788;18685;103;494
2021;05;TT;TODAS CONSOLIDADAS;02;2 ESTRELLAS;CALLAO;070000;8;238;437;45,93;48,44;1,01;1,01;1;7947;7779;168;8000;7832;168;46
2021;05;TT;TODAS CONSOLIDADAS;02;2 ESTRELLAS;CUSCO;080000;91;1898;3315;12,15;10,45;1,56;1,53;1,97;6875;6308;567;10737;9621;1116;380
2021;05;TT;TODAS CONSOLIDADAS;02;2 ESTRELLAS;HUANCAVELICA;090000;3;81;144;19,55;16,55;1,43;1,43;0;517;517;0;739;739;0;13
2021;05;TT;TODAS CONSOLIDADAS;02;2 ESTRELLAS;HUÁNUCO;100000;59;1470;2325;22,81;18,22;1,1;1,1;1,01;11940;11813;127;13132;13004;128;242
2021;05;TT;TODAS CONSOLIDADAS;02;2 ESTRELLAS;ICA;110000;111;2266;3867;21,41;17,57;1,8;1,8;2,36;11698;11618;80;21065;20876;189;378
2021;05;TT;TODAS CONSOLIDADAS;02;2 ESTRELLAS;JUNÍN;120000;45;1126;2046;25,93;18,82;1,43;1,44;1,42;8320;8261;59;11939;11855;84;185
2021;05;TT;TODAS CONSOLIDADAS;02;2 ESTRELLAS;LAMBAYEQUE;140000;230;4307;6208;20,53;15,06;1,1;1,1;1,06;26322;25980;342;28978;28617;361;712
2021;05;TT;TODAS CONSOLIDADAS;02;2 ESTRELLAS;LIMA;150000;246;7916;14173;30,2;27,63;1,38;1,36;1,99;116906;112525;4381;161737;153012;8725;1672
2021;05;TT;TODAS CONSOLIDADAS;02;2 ESTRELLAS;LORETO;160000;20;460;739;19,57;24,13;2,24;2,22;2,51;2470;2287;183;5527;5068;459;80
2021;05;TT;TODAS CONSOLIDADAS;02;2 ESTRELLAS;MADRE DE DIOS;170000;11;284;463;40,45;27,84;1,23;1,23;1,24;3241;3154;87;3996;3888;108;45
2021;05;TT;TODAS CONSOLIDADAS;02;2 ESTRELLAS;MOQUEGUA;180000;65;1137;1878;32,39;21,87;2,81;2,81;2,94;4526;4473;53;12730;12574;156;182
2021;05;TT;TODAS CONSOLIDADAS;02;2 ESTRELLAS;PASCO;190000;15;312;566;46,66;33,07;1,17;1,17;1;4943;4942;1;5802;5801;1;57
2021;05;TT;TODAS CONSOLIDADAS;02;2 ESTRELLAS;PIURA;200000;47;1004;1648;21,07;20,16;2,06;2,06;2,05;5001;4762;239;10298;9807;491;190
2021;05;TT;TODAS CONSOLIDADAS;02;2 ESTRELLAS;PUNO;210000;49;958;1713;18,93;12,76;1,44;1,44;1,53;4706;4653;53;6777;6696;81;140
2021;05;TT;TODAS CONSOLIDADAS;02;2 ESTRELLAS;SAN MARTÍN;220000;43;1028;1706;27,41;21,94;1,67;1,66;1,98;6958;6844;114;11602;11376;226;182
2021;05;TT;TODAS CONSOLIDADAS;02;2 ESTRELLAS;TACNA;230000;50;1214;2393;17,8;14,74;2,44;2,44;2,19;4486;4428;58;10938;10811;127;212
2021;05;TT;TODAS CONSOLIDADAS;02;2 ESTRELLAS;TUMBES;240000;12;273;545;22,19;14,02;2,81;2,83;1,79;843;829;14;2369;2344;25;52
2021;05;TT;TODAS CONSOLIDADAS;02;2 ESTRELLAS;UCAYALI;250000;4;118;192;12,79;9,34;1,53;1,53;1,67;364;361;3;556;551;5;13
2021;05;TT;TODAS CONSOLIDADAS;03;3 ESTRELLAS;ÁNCASH;020000;63;1719;3052;28,08;22,03;1,75;1,75;1,72;11938;11831;107;20845;20661;184;341
2021;05;TT;TODAS CONSOLIDADAS;03;3 ESTRELLAS;APURÍMAC;030000;5;145;249;35,44;24,91;1,66;1,66;1,69;1156;1130;26;1923;1879;44;34
2021;05;TT;TODAS CONSOLIDADAS;03;3 ESTRELLAS;AREQUIPA;040000;95;2368;4404;39,72;25,07;2,8;2,77;3,27;12242;11698;544;34232;32452;1780;620
2021;05;TT;TODAS CONSOLIDADAS;03;3 ESTRELLAS;AYACUCHO;050000;9;277;530;18,48;13,1;2,2;2,24;1,59;979;910;69;2152;2042;110;96
2021;05;TT;TODAS CONSOLIDADAS;03;3 ESTRELLAS;CAJAMARCA;060000;103;2576;4305;24,29;15,93;1,85;1,85;1,77;11493;11450;43;21262;21186;76;502
2021;05;TT;TODAS CONSOLIDADAS;03;3 ESTRELLAS;CALLAO;070000;4;233;436;24,45;17,74;1,62;1,62;1,6;1479;1367;112;2398;2219;179;40
2021;05;TT;TODAS CONSOLIDADAS;03;3 ESTRELLAS;CUSCO;080000;82;2623;4987;16,45;11,78;2,35;2,44;2,07;7742;5889;1853;18211;14378;3833;553
2021;05;TT;TODAS CONSOLIDADAS;03;3 ESTRELLAS;HUANCAVELICA;090000;4;85;131;7,93;8,64;1,28;1,28;0;275;275;0;351;351;0;14
2021;05;TT;TODAS CONSOLIDADAS;03;3 ESTRELLAS;HUÁNUCO;100000;14;546;997;33,46;33,9;1,65;1,65;1,76;6350;6246;104;10479;10296;183;126
2021;05;TT;TODAS CONSOLIDADAS;03;3 ESTRELLAS;ICA;110000;81;2378;4770;28,99;22,51;1,68;1,68;1,61;19844;18833;1011;33287;31663;1624;525
2021;05;TT;TODAS CONSOLIDADAS;03;3 ESTRELLAS;JUNÍN;120000;22;813;1529;19,02;12,84;1,47;1,46;1,9;4147;4108;39;6086;6012;74;201
2021;05;TT;TODAS CONSOLIDADAS;03;3 ESTRELLAS;LA LIBERTAD;130000;141;3266;6180;28,91;22,43;1,52;1,5;2,09;28348;27423;925;42976;41040;1936;676
2021;05;TT;TODAS CONSOLIDADAS;03;3 ESTRELLAS;LAMBAYEQUE;140000;57;1524;2494;22,17;16,49;1,57;1,55;2,28;8124;7950;174;12746;12350;396;298
2021;05;TT;TODAS CONSOLIDADAS;03;3 ESTRELLAS;LIMA;150000;171;7944;15092;26,27;21,29;1,75;1,68;2,39;57036;50922;6114;100019;85396;14623;1621
2021;05;TT;TODAS CONSOLIDADAS;03;3 ESTRELLAS;LORETO;160000;29;781;1325;29,11;20,66;2,72;2,7;2,89;3125;2862;263;8488;7728;760;166
2021;05;TT;TODAS CONSOLIDADAS;03;3 ESTRELLAS;MADRE DE DIOS;170000;6;205;349;18;16,1;1,8;1,81;1,31;970;938;32;1742;1700;42;57
2021;05;TT;TODAS CONSOLIDADAS;03;3 ESTRELLAS;MOQUEGUA;180000;13;375;678;34,66;20,02;1,72;1,72;1,84;2444;2425;19;4207;4172;35;65
2021;05;TT;TODAS CONSOLIDADAS;03;3 ESTRELLAS;PASCO;190000;6;134;253;25,13;35,14;1,96;1,96;2,19;1403;1387;16;2756;2721;35;21
2021;05;TT;TODAS CONSOLIDADAS;03;3 ESTRELLAS;PIURA;200000;19;654;1147;23,45;17,99;2,42;2,41;2,5;2647;2445;202;6397;5893;504;169
2021;05;TT;TODAS CONSOLIDADAS;03;3 ESTRELLAS;PUNO;210000;26;824;1487;23,36;17,28;1,96;1,99;1,61;4067;3727;340;7967;7418;549;166
2021;05;TT;TODAS CONSOLIDADAS;03;3 ESTRELLAS;TACNA;230000;17;522;1100;28,07;14,66;2,04;2,03;2,73;2451;2418;33;5000;4910;90;123
2021;05;TT;TODAS CONSOLIDADAS;03;3 ESTRELLAS;TUMBES;240000;14;325;652;10,12;8,72;1,75;1,75;0;1008;1008;0;1762;1762;0;30
2021;05;TT;TODAS CONSOLIDADAS;03;3 ESTRELLAS;UCAYALI;250000;18;606;993;23,99;17,89;2,39;2,41;1,93;2308;2182;126;5508;5265;243;148
2021;05;TT;TODAS CONSOLIDADAS;04;4 ESTRELLAS;AREQUIPA;040000;10;439;834;47,51;32,17;1,92;1,9;2,44;4337;4154;183;8318;7872;446;135
2021;05;TT;TODAS CONSOLIDADAS;04;4 ESTRELLAS;CAJAMARCA;060000;3;173;311;54,93;39,29;2,88;2,88;2,5;1316;1298;18;3788;3743;45;60
2021;05;TT;TODAS CONSOLIDADAS;04;4 ESTRELLAS;CALLAO;070000;2;371;599;43,08;43,93;1,55;1,79;1,32;5267;2614;2653;8158;4666;3492;109
2021;05;TT;TODAS CONSOLIDADAS;04;4 ESTRELLAS;CUSCO;080000;10;836;1597;29,47;24,17;2,06;2,05;2,1;5801;4285;1516;11968;8784;3184;202
2021;05;TT;TODAS CONSOLIDADAS;04;4 ESTRELLAS;HUÁNUCO;100000;1;52;90;29,9;22,11;1,8;1,78;2,83;343;337;6;617;600;17;20
2021;05;TT;TODAS CONSOLIDADAS;04;4 ESTRELLAS;JUNÍN;120000;1;40;66;21,94;13,29;1,42;1,42;0;191;191;0;272;272;0;21
2021;05;TT;TODAS CONSOLIDADAS;04;4 ESTRELLAS;LA LIBERTAD;130000;3;207;322;56,58;39,84;3,31;3,42;2,08;1201;1108;93;3977;3784;193;28
2021;05;TT;TODAS CONSOLIDADAS;04;4 ESTRELLAS;LAMBAYEQUE;140000;4;336;553;30,14;28,22;1,52;1,5;2,02;3184;3048;136;4838;4563;275;188
2021;05;TT;TODAS CONSOLIDADAS;04;4 ESTRELLAS;MOQUEGUA;180000;2;123;229;80,75;57,67;5,41;5,39;7,5;757;749;8;4094;4034;60;39
2021;05;TT;TODAS CONSOLIDADAS;04;4 ESTRELLAS;PIURA;200000;3;296;591;25,39;19,43;1,96;1,92;2,49;1814;1682;132;3559;3230;329;47
2021;05;TT;TODAS CONSOLIDADAS;04;4 ESTRELLAS;SAN MARTÍN;220000;2;74;146;59,98;59,24;1,84;1,81;2,71;1456;1404;52;2681;2540;141;60
2021;05;TT;TODAS CONSOLIDADAS;04;4 ESTRELLAS;TACNA;230000;1;150;300;38,97;21,84;2,1;2,11;1,53;968;949;19;2031;2002;29;21
2021;05;TT;TODAS CONSOLIDADAS;04;4 ESTRELLAS;UCAYALI;250000;5;289;515;29,23;24,45;2,53;2,5;2,76;1543;1365;178;3904;3412;492;64
2021;05;TT;TODAS CONSOLIDADAS;05;5 ESTRELLAS;ICA;110000;4;460;1046;62,28;49,18;2,48;2,45;2,93;6425;6044;381;15946;14831;1115;429
2021;05;TT;TODAS CONSOLIDADAS;05;5 ESTRELLAS;LA LIBERTAD;130000;1;120;240;62,26;43,82;2,32;2,29;2,55;1407;1263;144;3260;2893;367;55
2021;05;TT;TODAS CONSOLIDADAS;05;5 ESTRELLAS;LIMA;150000;26;4095;7391;44,07;29,28;1,84;1,68;2,67;36502;30708;5794;67086;51610;15476;2124
2021;05;TT;TODAS CONSOLIDADAS;05;5 ESTRELLAS;LORETO;160000;1;60;122;49,03;40,93;2,07;2;2,34;748;602;146;1548;1206;342;22
2021;05;TT;TODAS CONSOLIDADAS;05;5 ESTRELLAS;PUNO;210000;1;123;231;105,06;73,26;1,94;1,94;1,93;2703;2621;82;5246;5088;158;45
2021;05;TT;TODAS CONSOLIDADAS;05;5 ESTRELLAS;UCAYALI;250000;2;165;306;22,56;15,9;2,65;2,63;2,84;570;527;43;1508;1386;122;28
2021;05;TT;TODAS CONSOLIDADAS;12;ALBERGUE;AMAZONAS;010000;1;6;11;0;0;0;0;0;0;0;0;0;0;0;0
2021;05;TT;TODAS CONSOLIDADAS;12;ALBERGUE;ÁNCASH;020000;8;76;172;2,5;5,12;3;3;0;91;91;0;273;273;0;16
2021;05;TT;TODAS CONSOLIDADAS;12;ALBERGUE;AREQUIPA;040000;4;88;213;45,64;40,41;1,6;1,6;1,65;1667;1592;75;2668;2544;124;66
2021;05;TT;TODAS CONSOLIDADAS;12;ALBERGUE;CUSCO;080000;18;200;672;5,32;3,33;1;1;1;694;606;88;694;606;88;34
2021;05;TT;TODAS CONSOLIDADAS;12;ALBERGUE;ICA;110000;2;18;43;4,48;6;1,74;1,74;0;46;46;0;80;80;0;5
2021;05;TT;TODAS CONSOLIDADAS;12;ALBERGUE;LIMA;150000;7;124;372;23,18;8,35;2,77;1,88;3,98;348;201;147;963;378;585;36
2021;05;TT;TODAS CONSOLIDADAS;12;ALBERGUE;LORETO;160000;51;666;1414;19,96;13,41;2,09;1,44;3,59;2811;1957;854;5877;2815;3062;188
2021;05;TT;TODAS CONSOLIDADAS;12;ALBERGUE;MADRE DE DIOS;170000;6;145;302;0;0;0;0;0;0;0;0;0;0;0;0
2021;05;TT;TODAS CONSOLIDADAS;12;ALBERGUE;PASCO;190000;11;181;495;11,94;8,37;1,99;1,99;1,78;647;629;18;1285;1253;32;32
2021;05;TT;TODAS CONSOLIDADAS;12;ALBERGUE;PUNO;210000;1;13;35;0;0;0;0;0;0;0;0;0;0;0;0
2021;05;TT;TODAS CONSOLIDADAS;12;ALBERGUE;SAN MARTÍN;220000;10;192;444;17,67;14,68;2,23;2,09;3,74;907;831;76;2021;1737;284;46
2021;05;TT;TODAS CONSOLIDADAS;12;ALBERGUE;UCAYALI;250000;3;37;95;15,17;9,47;5,37;1,47;7,61;52;19;33;279;28;251;14
2021;05;TT;TODAS CONSOLIDADAS;13;ECOLODGE;AREQUIPA;040000;1;23;51;11,22;11,07;1,56;1,6;1;112;105;7;175;168;7;9
2021;05;TT;TODAS CONSOLIDADAS;13;ECOLODGE;SAN MARTÍN;220000;1;12;24;0;0;0;0;0;0;0;0;0;0;0;0
2021;05;TT;TODAS CONSOLIDADAS;TT;TODAS CONSOLIDADAS;AMAZONAS;010000;348;4377;7017;15,93;13,3;1,27;1,27;1,32;25564;24462;1102;31603;30177;1426;764
2021;05;TT;TODAS CONSOLIDADAS;TT;TODAS CONSOLIDADAS;APURÍMAC;030000;466;4784;7432;13,84;10,39;1,21;1,21;1,34;20672;20588;84;25167;25045;122;535
2021;05;TT;TODAS CONSOLIDADAS;TT;TODAS CONSOLIDADAS;AREQUIPA;040000;1424;17264;29587;23,06;17,46;1,72;1,71;2,02;98677;95822;2855;175927;169239;6688;3524
2021;05;TT;TODAS CONSOLIDADAS;TT;TODAS CONSOLIDADAS;AYACUCHO;050000;548;5957;9665;8,54;8,53;1,16;1,16;,15;21917;21832;85;27308;27164;144;825
2021;05;TT;TODAS CONSOLIDADAS;TT;TODAS CONSOLIDADAS;CAJAMARCA;060000;861;12929;20115;14,66;12,36;1,33;1,33;1,06;56800;56617;183;79900;79657;243;2171
2021;05;TT;TODAS CONSOLIDADAS;TT;TODAS CONSOLIDADAS;HUANCAVELICA;090000;176;2102;3272;15,99;12,94;1,1;1,1;1,55;11941;11911;30;13201;13152;49;256
2021;05;TT;TODAS CONSOLIDADAS;TT;TODAS CONSOLIDADAS;HUÁNUCO;100000;547;7800;11905;21,56;18,63;1,12;1,12;1,12;64131;63774;357;74308;73846;462;1181
2021;05;TT;TODAS CONSOLIDADAS;TT;TODAS CONSOLIDADAS;ICA;110000;898;13981;25162;20,4;15,58;1,45;1,44;1,65;87660;83939;3721;143698;137232;6466;2859
2021;05;TT;TODAS CONSOLIDADAS;TT;TODAS CONSOLIDADAS;JUNÍN;120000;1275;15410;25482;17,99;12,48;1,16;1,16;2,42;84919;84665;254;101865;101326;539;2693
2021;05;TT;TODAS CONSOLIDADAS;TT;TODAS CONSOLIDADAS;LAMBAYEQUE;140000;646;10164;14968;25,01;18,15;1,11;1,11;1,17;71912;70702;1210;82205;80586;1619;1878
2021;05;TT;TODAS CONSOLIDADAS;TT;TODAS CONSOLIDADAS;LIMA;150000;6332;77032;136308;21,9;20,69;1,21;1,21;1,29;2428247;2357057;71191;2972412;2860830;111582;41269
2021;05;TT;TODAS CONSOLIDADAS;TT;TODAS CONSOLIDADAS;MADRE DE DIOS;170000;307;4797;7925;22,46;18,25;1,19;1,18;1,37;36476;35748;728;44310;43307;1003;634
2021;05;TT;TODAS CONSOLIDADAS;TT;TODAS CONSOLIDADAS;MOQUEGUA;180000;255;3376;5760;21,09;14,59;1,89;1,89;1,98;14511;14372;139;31293;30941;352;522
2021;05;TT;TODAS CONSOLIDADAS;TT;TODAS CONSOLIDADAS;PASCO;190000;317;4002;6567;20,99;16,58;1,16;1,16;,98;30548;30505;43;36400;36324;76;599
2021;05;TT;TODAS CONSOLIDADAS;TT;TODAS CONSOLIDADAS;PIURA;200000;1017;12065;21903;34,01;25,06;1,87;1,85;2,16;88676;84896;3780;166721;158344;8377;2345
2021;05;TT;TODAS CONSOLIDADAS;TT;TODAS CONSOLIDADAS;PUNO;210000;763;8961;15492;18,8;14,76;1,24;1,24;1,09;57113;54694;2419;76237;73354;2883;1612
2021;05;TT;TODAS CONSOLIDADAS;TT;TODAS CONSOLIDADAS;TACNA;230000;475;5956;11164;9,67;6,65;1,33;1,34;1,24;18174;17735;439;30015;29429;586;867
2021;05;TT;TODAS CONSOLIDADAS;TT;TODAS CONSOLIDADAS;TUMBES;240000;233;3416;6726;22,65;19,01;1,68;1,71;1,09;23938;22834;1104;44812;43467;1345;857
2021;05;TT;TODAS CONSOLIDADAS;TT;TODAS CONSOLIDADAS;UCAYALI;250000;468;6129;9682;22,89;18,75;2,13;2,11;1,97;25998;25275;723;56132;54364;1768;1146
2021;06;00;NO CLASIFICADO;00;NO CATEGORIZADO;AMAZONAS;010000;244;2307;3641;18,56;13,65;1,21;1,22;1,18;12270;11881;389;14908;14449;459;406
2021;06;00;NO CLASIFICADO;00;NO CATEGORIZADO;CAJAMARCA;060000;572;5803;9000;16,07;12,98;1,18;1,18;0;29821;29821;0;35053;35053;0;1011
2021;06;00;NO CLASIFICADO;00;NO CATEGORIZADO;CUSCO;080000;1628;16235;29565;18,59;12,6;1,68;1,68;1,71;66365;49267;17098;111788;82531;29257;2952
2021;06;00;NO CLASIFICADO;00;NO CATEGORIZADO;LIMA;150000;5745;50286;87287;18,75;17,63;1,13;1,12;1,32;1874219;1819381;54839;2116380;2043871;72509;32773
2021;05;05;ALBERGUE;TT;TODAS CONSOLIDADAS;LORETO;160000;51;666;1414;19,96;13,41;2,09;1,44;3,59;2811;1957;854;5877;2815;3062;188
2021;05;TT;TODAS CONSOLIDADAS;04;4 ESTRELLAS;LORETO;160000;3;103;173;16,97;14,84;1,37;1,38;1,33;581;464;117;796;640;156;33
2021;05;TT;TODAS CONSOLIDADAS;TT;TODAS CONSOLIDADAS;LORETO;160000;763;8446;13700;15,77;13,2;2,14;2,15;2,04;27765;22054;5711;60468;47851;12617;1139
2021;05;TT;TODAS CONSOLIDADAS;00;NO CATEGORIZADO;AREQUIPA;040000;1086;9897;16454;21,07;16,2;1,67;1,66;2,02;49413;47714;1699;82615;79181;3434;1870
2021;05;TT;TODAS CONSOLIDADAS;05;5 ESTRELLAS;AREQUIPA;040000;3;241;346;67,51;50,81;2,54;2,41;5,95;2142;2063;79;5450;4980;470;120
2021;05;TT;TODAS CONSOLIDADAS;00;NO CATEGORIZADO;CALLAO;070000;257;3734;6890;29,41;25,97;1,02;1,02;1,1;95818;95133;685;97517;96761;757;971
2021;05;TT;TODAS CONSOLIDADAS;TT;TODAS CONSOLIDADAS;CALLAO;070000;283;4817;8844;30;26,85;1,03;1,03;1,11;115098;111471;3627;120660;116056;4605;1204
2021;05;TT;TODAS CONSOLIDADAS;00;NO CATEGORIZADO;ICA;110000;677;8008;13894;19;14,28;1,34;1,33;1,55;46028;43889;2139;61521;58212;3309;1349
2021;05;TT;TODAS CONSOLIDADAS;04;4 ESTRELLAS;ICA;110000;6;583;1157;44,26;29,73;4,07;4,14;2,22;2623;2527;96;10663;10450;213;144
2021;05;TT;TODAS CONSOLIDADAS;01;1 ESTRELLA;ÁNCASH;020000;53;915;1451;18,82;18,18;1,09;1,09;1,13;7477;7469;8;8177;8168;9;138
2021;05;TT;TODAS CONSOLIDADAS;TT;TODAS CONSOLIDADAS;ÁNCASH;020000;852;11357;19681;14,71;13,02;1,31;1,31;1,37;78871;77362;1509;97881;95771;2110;1918
2021;05;TT;TODAS CONSOLIDADAS;01;1 ESTRELLA;CAJAMARCA;060000;29;562;915;6,22;4,82;1,07;1,07;0;1278;1278;0;1368;1368;0;95
2021;05;TT;TODAS CONSOLIDADAS;12;ALBERGUE;CAJAMARCA;060000;1;11;22;0;0;0;0;0;0;0;0;0;0;0;0
2021;05;TT;TODAS CONSOLIDADAS;01;1 ESTRELLA;CUSCO;080000;26;491;826;17,03;14,19;1,13;1,12;2;3230;3213;17;3634;3600;34;71
2021;05;TT;TODAS CONSOLIDADAS;05;5 ESTRELLAS;CUSCO;080000;13;1124;2191;21,17;20,36;2,04;2,2;1,77;6763;4300;2463;13827;9461;4366;581
2021;05;TT;TODAS CONSOLIDADAS;02;2 ESTRELLAS;LA LIBERTAD;130000;153;2689;4847;18,02;15,98;1,18;1,18;1,14;20295;20175;120;24010;23873;137;466
2021;05;TT;TODAS CONSOLIDADAS;03;3 ESTRELLAS;AMAZONAS;010000;20;417;754;18,25;15,41;1,44;1,48;1,24;2498;2088;410;3601;3091;510;98
2021;05;TT;TODAS CONSOLIDADAS;03;3 ESTRELLAS;SAN MARTÍN;220000;28;992;1675;31,39;25,15;2,27;2,23;3,17;5742;5491;251;13058;12263;795;188
2021;05;TT;TODAS CONSOLIDADAS;TT;TODAS CONSOLIDADAS;SAN MARTÍN;220000;772;10479;16748;24,32;19,57;1,39;1,38;1,94;72438;71642;796;105398;103394;2004;1585
2021;05;TT;TODAS CONSOLIDADAS;04;4 ESTRELLAS;LIMA;150000;50;4523;8242;34,61;25,02;2,23;2,16;2,61;28677;24231;4446;63923;52334;11589;1636
2021;05;TT;TODAS CONSOLIDADAS;04;4 ESTRELLAS;PUNO;210000;6;373;707;34,99;20,19;2,49;2,5;2,14;1781;1693;88;4426;4238;188;84
2021;05;TT;TODAS CONSOLIDADAS;04;4 ESTRELLAS;TUMBES;240000;6;667;1324;30,4;37,24;2,51;2,51;2,62;6079;5985;94;15286;15040;246;424
2021;05;TT;TODAS CONSOLIDADAS;05;5 ESTRELLAS;PIURA;200000;1;83;168;53,25;40,71;2,07;1,92;3,18;1025;902;123;2120;1729;391;51
2021;05;TT;TODAS CONSOLIDADAS;12;ALBERGUE;JUNÍN;120000;1;32;104;39,01;30,12;2,17;2,18;1,33;448;439;9;971;959;12;11
2021;05;TT;TODAS CONSOLIDADAS;TT;TODAS CONSOLIDADAS;CUSCO;080000;1884;23550;43395;14,19;10,73;1,57;1,51;1,91;94414;77159;17255;156621;123444;33177;4807
2021;05;TT;TODAS CONSOLIDADAS;TT;TODAS CONSOLIDADAS;LA LIBERTAD;130000;1104;13454;23628;26,37;17,34;1,2;1,19;1,24;105701;104313;1388;136371;133616;2755;2049
2021;06;00;NO CLASIFICADO;00;NO CATEGORIZADO;ÁNCASH;020000;560;5498;9479;10,89;8,21;1,26;1,27;1,18;18503;17552;951;23333;22211;1122;893
2021;06;00;NO CLASIFICADO;00;NO CATEGORIZADO;APURÍMAC;030000;450;4260;6560;15,86;11,99;1,19;1,19;1,62;19782;19714;68;23593;23483;110;465
2021;06;00;NO CLASIFICADO;00;NO CATEGORIZADO;AREQUIPA;040000;1082;9895;16434;17,46;15,27;1,68;1,67;1,86;44888;42463;2425;75307;70798;4509;1835
2021;06;00;NO CLASIFICADO;00;NO CATEGORIZADO;AYACUCHO;050000;519;5170;8242;7,07;5,79;1,1;1,1;1;13003;12882;121;14311;14190;121;644
2021;06;00;NO CLASIFICADO;00;NO CATEGORIZADO;CALLAO;070000;257;3732;6886;30,68;26,99;1,01;1,01;1,03;96875;95954;921;97846;96896;949;971
2021;06;00;NO CLASIFICADO;00;NO CATEGORIZADO;HUANCAVELICA;090000;170;1959;3041;14,96;12,63;1,07;1,07;1,74;10747;10728;19;11520;11487;33;239
2021;06;00;NO CLASIFICADO;00;NO CATEGORIZADO;HUÁNUCO;100000;453;5317;7874;19,37;16,53;1,07;1,07;1,08;36447;36356;91;39041;38943;98;686
2021;06;00;NO CLASIFICADO;00;NO CATEGORIZADO;ICA;110000;674;7987;13867;18,36;13,49;1,22;1,22;1,33;45841;42643;3198;56104;51844;4260;1342
2021;06;00;NO CLASIFICADO;00;NO CATEGORIZADO;JUNÍN;120000;1191;13021;21086;14,79;11,05;1,16;1,16;1,19;60066;59815;251;69874;69576;298;1673
2021;06;00;NO CLASIFICADO;00;NO CATEGORIZADO;LA LIBERTAD;130000;770;6661;11136;29,18;19,21;1,13;1,13;1,31;56599;56351;248;64190;63865;325;1174
2021;06;00;NO CLASIFICADO;00;NO CATEGORIZADO;LAMBAYEQUE;140000;332;3641;5237;30,21;21,84;1,03;1,03;1,01;33396;32712;684;34313;33625;688;637
2021;06;00;NO CLASIFICADO;00;NO CATEGORIZADO;MADRE DE DIOS;170000;287;4103;6711;22,88;18,97;1,18;1,17;1,33;32350;30341;2009;38184;35507;2677;694
2021;06;00;NO CLASIFICADO;00;NO CATEGORIZADO;PASCO;190000;264;2955;4640;17,6;13,85;1,13;1,13;1,12;17092;17049;43;19282;19234;48;411
2021;06;00;NO CLASIFICADO;00;NO CATEGORIZADO;PUNO;210000;655;6199;10504;20,13;16,44;1,18;1,19;1,04;43862;40884;2978;51798;48704;3094;1125
2021;06;00;NO CLASIFICADO;TT;TODAS CONSOLIDADAS;AMAZONAS;010000;244;2307;3641;18,56;13,65;1,21;1,22;1,18;12270;11881;389;14908;14449;459;406
2021;06;00;NO CLASIFICADO;TT;TODAS CONSOLIDADAS;ÁNCASH;020000;560;5498;9479;10,89;8,21;1,26;1,27;1,18;18503;17552;951;23333;22211;1122;893
2021;06;00;NO CLASIFICADO;TT;TODAS CONSOLIDADAS;APURÍMAC;030000;450;4260;6560;15,86;11,99;1,19;1,19;1,62;19782;19714;68;23593;23483;110;465
2021;06;00;NO CLASIFICADO;TT;TODAS CONSOLIDADAS;AREQUIPA;040000;1082;9895;16434;17,46;15,27;1,68;1,67;1,86;44888;42463;2425;75307;70798;4509;1835
2021;06;00;NO CLASIFICADO;TT;TODAS CONSOLIDADAS;AYACUCHO;050000;519;5170;8242;7,07;5,79;1,1;1,1;1;13003;12882;121;14311;14190;121;644
2021;06;00;NO CLASIFICADO;TT;TODAS CONSOLIDADAS;CALLAO;070000;257;3732;6886;30,68;26,99;1,01;1,01;1,03;96875;95954;921;97846;96896;949;971
2021;06;00;NO CLASIFICADO;TT;TODAS CONSOLIDADAS;CUSCO;080000;1628;16235;29565;18,59;12,6;1,68;1,68;1,71;66365;49267;17098;111788;82531;29257;2952
2021;06;00;NO CLASIFICADO;TT;TODAS CONSOLIDADAS;HUANCAVELICA;090000;170;1959;3041;14,96;12,63;1,07;1,07;1,74;10747;10728;19;11520;11487;33;239
2021;06;00;NO CLASIFICADO;TT;TODAS CONSOLIDADAS;JUNÍN;120000;1191;13021;21086;14,79;11,05;1,16;1,16;1,19;60066;59815;251;69874;69576;298;1673
2021;06;00;NO CLASIFICADO;TT;TODAS CONSOLIDADAS;LA LIBERTAD;130000;770;6661;11136;29,18;19,21;1,13;1,13;1,31;56599;56351;248;64190;63865;325;1174
2021;06;00;NO CLASIFICADO;TT;TODAS CONSOLIDADAS;LAMBAYEQUE;140000;332;3641;5237;30,21;21,84;1,03;1,03;1,01;33396;32712;684;34313;33625;688;637
2021;06;00;NO CLASIFICADO;TT;TODAS CONSOLIDADAS;MADRE DE DIOS;170000;287;4103;6711;22,88;18,97;1,18;1,17;1,33;32350;30341;2009;38184;35507;2677;694
2021;06;00;NO CLASIFICADO;TT;TODAS CONSOLIDADAS;MOQUEGUA;180000;158;1494;2537;17,2;11,04;1,57;1,57;2,37;5349;5314;35;8406;8323;83;191
2021;06;00;NO CLASIFICADO;TT;TODAS CONSOLIDADAS;PASCO;190000;264;2955;4640;17,6;13,85;1,13;1,13;1,12;17092;17049;43;19282;19234;48;411
2021;06;00;NO CLASIFICADO;TT;TODAS CONSOLIDADAS;PUNO;210000;655;6199;10504;20,13;16,44;1,18;1,19;1,04;43862;40884;2978;51798;48704;3094;1125
2021;06;01;HOTEL;01;1 ESTRELLA;AMAZONAS;010000;1;20;35;0;0;0;0;0;0;0;0;0;0;0;0
2021;06;01;HOTEL;01;1 ESTRELLA;ÁNCASH;020000;12;362;565;19,7;18,63;1,2;1,2;0;2627;2627;0;3157;3157;0;50
2021;06;01;HOTEL;01;1 ESTRELLA;APURÍMAC;030000;2;80;115;15,71;12,58;1;1;1;434;433;1;434;433;1;10
2021;06;01;HOTEL;01;1 ESTRELLA;AREQUIPA;040000;6;210;337;15,86;9,23;2,88;2,83;3,78;324;306;18;933;865;68;35
2021;06;01;HOTEL;01;1 ESTRELLA;AYACUCHO;050000;8;200;345;11,42;11,68;2,53;2,53;0;477;477;0;1209;1209;0;35
2021;06;01;HOTEL;01;1 ESTRELLA;CALLAO;070000;1;37;74;0;0;0;0;0;0;0;0;0;0;0;0
2021;06;01;HOTEL;01;1 ESTRELLA;CUSCO;080000;5;127;225;14,75;14,76;1,31;1,31;0;758;758;0;996;996;0;20
2021;06;01;HOTEL;01;1 ESTRELLA;HUÁNUCO;100000;8;239;353;19,47;23,11;1;1;0;2447;2447;0;2447;2447;0;38
2021;06;01;HOTEL;01;1 ESTRELLA;ICA;110000;5;102;130;0;0;0;0;0;0;0;0;0;0;0;0
2021;06;01;HOTEL;01;1 ESTRELLA;JUNÍN;120000;5;210;396;9,43;6,46;1,53;1,53;0;501;501;0;767;767;0;22
2021;06;01;HOTEL;01;1 ESTRELLA;LAMBAYEQUE;140000;3;103;149;0;0;0;0;0;0;0;0;0;0;0;0
2021;06;01;HOTEL;01;1 ESTRELLA;MADRE DE DIOS;170000;4;153;253;27,32;24,68;1,09;1,09;1;1722;1705;17;1873;1856;17;21
2021;06;01;HOTEL;01;1 ESTRELLA;PASCO;190000;6;168;272;32,14;26,63;1,25;1,25;0;1741;1741;0;2173;2173;0;31
2021;06;01;HOTEL;01;1 ESTRELLA;PUNO;210000;4;111;190;23,03;20,65;1,66;1,66;1;711;708;3;1177;1174;3;13
2021;06;01;HOTEL;02;2 ESTRELLAS;AMAZONAS;010000;23;575;922;21,32;17,65;1,49;1,49;1,47;3268;3223;45;4882;4816;66;91
2021;06;01;HOTEL;02;2 ESTRELLAS;ÁNCASH;020000;40;1089;1998;21,57;17,48;1,24;1,24;1,26;8445;8388;57;10478;10406;72;184
2021;06;01;HOTEL;02;2 ESTRELLAS;APURÍMAC;030000;4;180;311;11,89;8,31;1,1;1,1;1,5;706;704;2;775;772;3;14
2021;06;01;HOTEL;02;2 ESTRELLAS;AREQUIPA;040000;40;1169;2024;17,04;13,56;1,68;1,69;1,52;4887;4833;54;8234;8152;82;181
2021;06;01;HOTEL;02;2 ESTRELLAS;AYACUCHO;050000;8;258;447;16,02;25,15;1,31;1,31;1;2577;2574;3;3373;3370;3;39
2021;06;01;HOTEL;02;2 ESTRELLAS;HUANCAVELICA;090000;2;42;73;17,3;16,67;1,41;1,41;1,6;258;248;10;365;349;16;9
2021;06;01;HOTEL;02;2 ESTRELLAS;HUÁNUCO;100000;39;1205;1895;23,32;19,2;1,13;1,13;1;9630;9612;18;10914;10896;18;187
2021;06;01;HOTEL;02;2 ESTRELLAS;ICA;110000;51;1371;2386;22,07;15,96;2,52;2,54;1,65;4525;4459;66;11424;11315;109;228
2021;06;01;HOTEL;02;2 ESTRELLAS;JUNÍN;120000;27;834;1461;25,26;17,25;1,76;1,75;2,95;4284;4244;40;7561;7443;118;122
2021;06;01;HOTEL;02;2 ESTRELLAS;LAMBAYEQUE;140000;71;2018;3018;18,45;14;1,25;1,24;1,28;10178;10088;90;12672;12557;115;296
2021;06;01;HOTEL;02;2 ESTRELLAS;MADRE DE DIOS;170000;7;199;349;34,69;24,83;1,3;1,27;1,92;2005;1913;92;2600;2423;177;27
2021;06;01;HOTEL;02;2 ESTRELLAS;PASCO;190000;5;147;265;98,82;77,81;1,3;1,3;0;4767;4767;0;6186;6186;0;32
2021;06;01;HOTEL;02;2 ESTRELLAS;PUNO;210000;19;460;814;14,87;11,14;1,34;1,34;1,46;2027;1956;71;2720;2616;104;61
2021;06;01;HOTEL;02;2 ESTRELLAS;TACNA;230000;29;841;1700;12,31;10,06;1,85;1,85;1,76;2773;2735;38;5131;5064;67;148
2021;06;00;NO CLASIFICADO;00;NO CATEGORIZADO;LORETO;160000;652;6280;9785;20,06;19,03;1,54;1,48;1,79;36339;29890;6449;55863;44293;11570;736
2021;06;00;NO CLASIFICADO;TT;TODAS CONSOLIDADAS;LORETO;160000;652;6280;9785;20,06;19,03;1,54;1,48;1,79;36339;29890;6449;55863;44293;11570;736
2021;06;00;NO CLASIFICADO;00;NO CATEGORIZADO;MOQUEGUA;180000;158;1494;2537;17,2;11,04;1,57;1,57;2,37;5349;5314;35;8406;8323;83;191
2021;06;01;HOTEL;01;1 ESTRELLA;MOQUEGUA;180000;1;21;42;89,52;53,17;10,63;10,63;0;63;63;0;670;670;0;4
2021;06;01;HOTEL;02;2 ESTRELLAS;MOQUEGUA;180000;17;536;913;27,85;17,05;4,51;4,49;5,41;1036;1019;17;4671;4579;92;75
2021;06;00;NO CLASIFICADO;00;NO CATEGORIZADO;PIURA;200000;939;9871;18044;32,54;24,97;1,67;1,64;2,18;80724;75576;5148;135183;123985;11198;1854
2021;06;01;HOTEL;01;1 ESTRELLA;PIURA;200000;2;40;87;0;0;0;0;0;0;0;0;0;0;0;0
2021;06;01;HOTEL;02;2 ESTRELLAS;PIURA;200000;19;463;779;24,27;16,74;1,91;1,91;1,59;2052;2018;34;3913;3859;54;84
2021;06;00;NO CLASIFICADO;00;NO CATEGORIZADO;SAN MARTÍN;220000;682;8079;12596;23,38;18,42;1,2;1,2;1,17;58209;57613;596;69614;68918;696;1080
2021;06;00;NO CLASIFICADO;TT;TODAS CONSOLIDADAS;SAN MARTÍN;220000;682;8079;12596;23,38;18,42;1,2;1,2;1,17;58209;57613;596;69614;68918;696;1080
2021;06;01;HOTEL;01;1 ESTRELLA;SAN MARTÍN;220000;5;104;178;22,34;22,36;1,37;1,36;1,5;874;854;20;1194;1164;30;19
2021;06;01;HOTEL;02;2 ESTRELLAS;SAN MARTÍN;220000;28;785;1306;31,41;23,65;1,74;1,74;1,79;5316;5056;260;9267;8802;465;136
2021;06;00;NO CLASIFICADO;00;NO CATEGORIZADO;TACNA;230000;394;3808;6887;10,98;6,76;1,29;1,3;1,07;10820;10517;303;13976;13651;325;477
2021;06;00;NO CLASIFICADO;TT;TODAS CONSOLIDADAS;TACNA;230000;394;3808;6887;10,98;6,76;1,29;1,3;1,07;10820;10517;303;13976;13651;325;477
2021;06;01;HOTEL;01;1 ESTRELLA;TACNA;230000;2;57;112;6,84;5,74;1,77;1,79;1;109;107;2;193;191;2;5
2021;06;00;NO CLASIFICADO;00;NO CATEGORIZADO;TUMBES;240000;202;2153;4207;16,55;13,95;2,08;2,08;1,31;8472;8436;36;17609;17562;47;350
2021;06;00;NO CLASIFICADO;TT;TODAS CONSOLIDADAS;TUMBES;240000;202;2153;4207;16,55;13,95;2,08;2,08;1,31;8472;8436;36;17609;17562;47;350
2021;06;00;NO CLASIFICADO;00;NO CATEGORIZADO;UCAYALI;250000;434;4882;7537;23,82;19,38;2,23;2,24;2;19651;19266;385;43830;43061;769;875
2021;06;00;NO CLASIFICADO;TT;TODAS CONSOLIDADAS;UCAYALI;250000;434;4882;7537;23,82;19,38;2,23;2,24;2;19651;19266;385;43830;43061;769;875
2021;06;00;NO CLASIFICADO;TT;TODAS CONSOLIDADAS;CAJAMARCA;060000;572;5803;9000;16,07;12,98;1,18;1,18;0;29821;29821;0;35053;35053;0;1011
2021;06;01;HOTEL;01;1 ESTRELLA;CAJAMARCA;060000;6;170;284;6,39;5,49;1,15;1,16;1;406;397;9;468;459;9;27
2021;06;01;HOTEL;02;2 ESTRELLAS;CAJAMARCA;060000;37;1624;2164;10,85;9,43;1,12;1,12;1,03;5482;5448;34;6123;6088;35;163
2021;06;00;NO CLASIFICADO;TT;TODAS CONSOLIDADAS;HUÁNUCO;100000;453;5317;7874;19,37;16,53;1,07;1,07;1,08;36447;36356;91;39041;38943;98;686
2021;06;00;NO CLASIFICADO;TT;TODAS CONSOLIDADAS;ICA;110000;674;7987;13867;18,36;13,49;1,22;1,22;1,33;45841;42643;3198;56104;51844;4260;1342
2021;06;00;NO CLASIFICADO;TT;TODAS CONSOLIDADAS;LIMA;150000;5745;50286;87287;18,75;17,63;1,13;1,12;1,32;1874219;1819381;54839;2116380;2043871;72509;32773
2021;06;01;HOTEL;01;1 ESTRELLA;LIMA;150000;10;403;684;40,83;40,24;1,05;1,05;1;6933;6890;43;7283;7240;43;53
2021;06;01;HOTEL;02;2 ESTRELLAS;LIMA;150000;121;5286;9291;30,04;28,3;1,37;1,36;1,63;66897;65176;1721;91471;88670;2801;938
2021;06;00;NO CLASIFICADO;TT;TODAS CONSOLIDADAS;PIURA;200000;939;9871;18044;32,54;24,97;1,67;1,64;2,18;80724;75576;5148;135183;123985;11198;1854
2021;06;01;HOTEL;01;1 ESTRELLA;LA LIBERTAD;130000;2;46;88;0;0;0;0;0;0;0;0;0;0;0;0
2021;06;01;HOTEL;02;2 ESTRELLAS;LA LIBERTAD;130000;21;482;842;16,79;15,67;1,17;1,17;0;3392;3392;0;3959;3959;0;79
2021;06;01;HOTEL;02;2 ESTRELLAS;CALLAO;070000;1;40;67;3,33;3,78;1;1;1;76;9;67;76;9;67;3
2021;06;01;HOTEL;02;2 ESTRELLAS;CUSCO;080000;44;1100;1945;9,45;8,55;1,53;1,48;1,83;3263;2850;413;4989;4232;757;248
2021;06;01;HOTEL;02;2 ESTRELLAS;LORETO;160000;15;381;613;14,3;14,59;1,71;1,67;1,99;1573;1405;168;2683;2348;335;61
2021;06;01;HOTEL;02;2 ESTRELLAS;TUMBES;240000;7;208;411;32,36;19,41;6,12;6,12;0;391;391;0;2393;2393;0;41
2021;06;01;HOTEL;02;2 ESTRELLAS;UCAYALI;250000;2;48;65;0;0;0;0;0;0;0;0;0;0;0;0
2021;06;01;HOTEL;03;3 ESTRELLAS;AMAZONAS;010000;11;250;431;28,72;23,97;1,56;1,63;1,29;1991;1560;431;3099;2542;557;70
2021;06;01;HOTEL;03;3 ESTRELLAS;ÁNCASH;020000;38;1312;2293;26,55;20,12;1,34;1,33;1,65;10355;10229;126;13840;13632;208;269
2021;06;01;HOTEL;03;3 ESTRELLAS;APURÍMAC;030000;3;98;172;28,84;20,23;1,65;1,66;1,36;632;610;22;1044;1014;30;20
2021;06;01;HOTEL;03;3 ESTRELLAS;AREQUIPA;040000;63;1857;3499;29,76;17,89;2,67;2,69;2,4;7021;6560;461;18777;17670;1107;489
2021;06;01;HOTEL;03;3 ESTRELLAS;AYACUCHO;050000;7;239;453;19,71;13,5;2,42;2,37;3,08;757;704;53;1834;1671;163;80
2021;06;01;HOTEL;03;3 ESTRELLAS;CAJAMARCA;060000;61;1969;3238;27,21;17,92;2,18;2,18;1,93;7973;7932;41;17408;17329;79;396
2021;06;01;HOTEL;03;3 ESTRELLAS;CALLAO;070000;4;233;396;26,21;23,27;1,63;1,47;2,42;1701;1427;274;2765;2101;664;40
2021;06;01;HOTEL;03;3 ESTRELLAS;CUSCO;080000;63;2368;4511;17,7;13,22;2,18;2,36;1,88;8189;5112;3077;17885;12089;5796;546
2021;06;01;HOTEL;03;3 ESTRELLAS;HUANCAVELICA;090000;2;65;108;10,72;7,84;1,3;1,3;0;196;196;0;254;254;0;14
2021;06;01;HOTEL;03;3 ESTRELLAS;HUÁNUCO;100000;13;532;971;41,9;40,26;1,64;1,64;1,7;7163;7061;102;11728;11555;173;124
2021;06;01;HOTEL;03;3 ESTRELLAS;ICA;110000;47;1655;3343;24,9;19,38;1,5;1,51;1,4;12950;12252;698;19437;18463;974;353
2021;06;01;HOTEL;03;3 ESTRELLAS;JUNÍN;120000;19;694;1293;19,18;12,58;1,56;1,56;1,38;3124;3103;21;4880;4851;29;147
2021;06;01;HOTEL;03;3 ESTRELLAS;LA LIBERTAD;130000;81;2309;4395;32,54;22,43;1,98;1,95;2,66;14975;14412;563;29576;28080;1496;499
2021;06;01;HOTEL;03;3 ESTRELLAS;LAMBAYEQUE;140000;36;1228;2048;16,86;12,81;1,64;1,64;1,65;4790;4653;137;7871;7645;226;216
2021;06;01;HOTEL;03;3 ESTRELLAS;LIMA;150000;149;7463;14125;26,4;21,85;1,69;1,63;2,07;54819;47135;7684;92592;76683;15909;1519
2021;06;01;HOTEL;03;3 ESTRELLAS;LORETO;160000;20;606;1033;34,99;26,86;2,85;2,89;2,52;2921;2635;286;8325;7605;720;139
2021;06;01;HOTEL;03;3 ESTRELLAS;MADRE DE DIOS;170000;5;183;320;22,5;17,29;1,76;1,76;1,81;941;887;54;1660;1562;98;55
2021;06;01;HOTEL;03;3 ESTRELLAS;MOQUEGUA;180000;10;323;587;41,89;23,06;2,23;2,23;1,43;1822;1815;7;4060;4050;10;66
2021;06;01;HOTEL;03;3 ESTRELLAS;PASCO;190000;4;114;217;42,66;46,48;1,83;1,83;2,2;1655;1650;5;3026;3015;11;17
2021;06;01;HOTEL;03;3 ESTRELLAS;PIURA;200000;16;603;1040;21,14;15,89;2,05;2,04;2,07;2424;2182;242;4959;4459;500;158
2021;06;01;HOTEL;03;3 ESTRELLAS;PUNO;210000;20;696;1264;18,68;13,34;1,74;1,74;1,73;2903;2511;392;5058;4378;680;137
2021;06;01;HOTEL;03;3 ESTRELLAS;SAN MARTÍN;220000;21;832;1349;15,47;16,72;1,57;1,57;1,52;4321;4128;193;6766;6472;294;135
2021;06;01;HOTEL;03;3 ESTRELLAS;TACNA;230000;12;430;905;22,72;12,46;1,57;1,55;1,91;2160;2054;106;3382;3180;202;111
2021;06;01;HOTEL;03;3 ESTRELLAS;TUMBES;240000;7;224;438;0;0;0;0;0;0;0;0;0;0;0;0
2021;06;01;HOTEL;04;4 ESTRELLAS;AREQUIPA;040000;9;420;802;39,18;23,06;1,84;1,83;1,88;3022;2866;156;5548;5255;293;130
2021;06;01;HOTEL;04;4 ESTRELLAS;CAJAMARCA;060000;3;173;311;68,03;53,5;3,26;3,29;2,04;1533;1486;47;4992;4896;96;69
2021;06;01;HOTEL;04;4 ESTRELLAS;CALLAO;070000;2;371;599;45,91;48,52;1,42;1,64;1,26;6135;2567;3568;8719;4214;4505;109
2021;06;01;HOTEL;04;4 ESTRELLAS;CUSCO;080000;10;836;1597;29,94;25,93;2,11;2,01;2,26;5875;3504;2371;12421;7054;5367;204
2021;06;01;HOTEL;04;4 ESTRELLAS;HUÁNUCO;100000;1;52;90;37,24;27,93;1,91;1,91;0;395;395;0;754;754;0;20
2021;06;01;HOTEL;04;4 ESTRELLAS;ICA;110000;6;583;1157;38,03;23,06;5,58;5,77;2,45;1434;1354;80;8003;7807;196;144
2021;06;01;HOTEL;04;4 ESTRELLAS;JUNÍN;120000;1;40;66;32,25;19,55;1,57;1,57;0;247;247;0;387;387;0;21
2021;06;01;HOTEL;04;4 ESTRELLAS;LA LIBERTAD;130000;3;207;322;59,28;42,95;2,8;2,84;2,35;1480;1380;100;4149;3914;235;28
2021;06;01;HOTEL;04;4 ESTRELLAS;LAMBAYEQUE;140000;4;287;471;38,41;35,12;1,62;1,6;1,94;3070;2883;187;4963;4600;363;190
2021;06;01;HOTEL;04;4 ESTRELLAS;LIMA;150000;40;3824;6800;26,29;19,96;1,98;1,86;2,42;20605;16433;4172;40718;30601;10117;1164
2021;06;01;HOTEL;04;4 ESTRELLAS;LORETO;160000;2;90;150;12;15,36;1,42;1,43;1,32;488;438;50;691;625;66;27
2021;06;01;HOTEL;04;4 ESTRELLAS;MOQUEGUA;180000;2;123;229;82,52;70,58;10,43;10,34;18,4;465;460;5;4849;4757;92;39
2021;06;01;HOTEL;04;4 ESTRELLAS;PIURA;200000;2;181;3737;25,29;1,85;2,03;2;2,37;1020;934;86;2071;1867;204;28
2021;06;01;HOTEL;04;4 ESTRELLAS;PUNO;210000;6;373;707;36,63;22,2;2,28;2,37;1,85;2064;1718;346;4709;4069;640;86
2021;06;01;HOTEL;04;4 ESTRELLAS;SAN MARTÍN;220000;1;50;108;47,07;43,58;1,59;1,56;2,67;890;869;21;1412;1356;56;48
2021;06;01;HOTEL;04;4 ESTRELLAS;TACNA;230000;1;150;300;38,84;23,09;2,19;2,16;3,67;949;931;18;2078;2012;66;21
2021;06;01;HOTEL;04;4 ESTRELLAS;TUMBES;240000;5;265;520;29,31;31,4;2,69;2,75;1,83;1824;1697;127;4898;4666;232;96
2021;06;01;HOTEL;04;4 ESTRELLAS;UCAYALI;250000;5;289;515;32,57;27,79;2,72;2,69;3,07;1576;1425;151;4293;3829;464;64
2021;06;01;HOTEL;05;5 ESTRELLAS;CUSCO;080000;13;1124;2191;24,28;24,19;1,96;2;1,93;8097;4219;3878;15903;8434;7469;602
2021;06;01;HOTEL;05;5 ESTRELLAS;ICA;110000;3;345;796;26,7;25,03;2,3;2,34;1,99;2602;2270;332;5978;5318;660;339
2021;06;01;HOTEL;05;5 ESTRELLAS;LA LIBERTAD;130000;1;120;240;65,5;43,03;2,41;2,46;2,03;1287;1141;146;3098;2802;296;55
2021;06;01;HOTEL;05;5 ESTRELLAS;LIMA;150000;20;3696;6717;45,82;31,21;1,9;1,65;2,88;33170;26579;6591;62901;43931;18970;1987
2021;06;01;HOTEL;05;5 ESTRELLAS;LORETO;160000;1;60;122;55,22;46,45;2,03;2,12;1,75;839;620;219;1700;1317;383;29
2021;06;01;HOTEL;05;5 ESTRELLAS;PIURA;200000;1;83;168;52,21;36,88;2,01;1,82;3,19;924;794;130;1859;1444;415;52
2021;06;01;HOTEL;05;5 ESTRELLAS;PUNO;210000;1;123;231;79,24;67,27;1,85;1,83;2,09;2519;2354;165;4662;4317;345;45
2021;06;01;HOTEL;05;5 ESTRELLAS;UCAYALI;250000;2;165;306;22,67;17,49;2,6;2,62;2,44;617;558;59;1606;1462;144;28
2021;06;01;HOTEL;TT;TODAS CONSOLIDADAS;AMAZONAS;010000;35;845;1388;23;19,17;1,52;1,54;1,31;5259;4783;476;7981;7358;623;161
2021;06;01;HOTEL;TT;TODAS CONSOLIDADAS;ÁNCASH;020000;90;2763;4856;23,69;18,86;1,28;1,28;1,53;21427;21244;183;27475;27195;280;503
2021;06;01;HOTEL;TT;TODAS CONSOLIDADAS;APURÍMAC;030000;9;358;598;17,38;12,56;1,27;1,27;1,36;1772;1747;25;2253;2219;34;44
2021;06;01;HOTEL;TT;TODAS CONSOLIDADAS;AREQUIPA;040000;121;3897;7008;28,09;18,11;2,24;2,22;2,54;17034;16317;717;38076;36257;1819;955
2021;06;01;HOTEL;TT;TODAS CONSOLIDADAS;AYACUCHO;050000;23;697;1245;15,96;17,18;1,68;1,66;2,96;3811;3755;56;6416;6250;166;154
2021;06;01;HOTEL;TT;TODAS CONSOLIDADAS;CAJAMARCA;060000;107;3936;5997;21,35;16,11;1,88;1,89;1,67;15394;15263;131;28991;28772;219;655
2021;06;01;HOTEL;TT;TODAS CONSOLIDADAS;CALLAO;070000;8;681;1136;36,14;36,28;1,46;1,58;1,34;9042;4575;4467;13211;7227;5984;174
2021;06;01;HOTEL;TT;TODAS CONSOLIDADAS;HUANCAVELICA;090000;4;107;181;13,3;11,4;1,36;1,36;1,6;454;444;10;619;603;16;23
2021;06;01;HOTEL;TT;TODAS CONSOLIDADAS;HUÁNUCO;100000;61;2028;3309;28,1;26,03;1,32;1,31;1,59;19635;19515;120;25843;25652;191;369
2021;06;01;HOTEL;TT;TODAS CONSOLIDADAS;ICA;110000;112;4056;7812;25,36;19,13;2,08;2,11;1,65;21511;20335;1176;44842;42903;1939;1064
2021;06;01;HOTEL;TT;TODAS CONSOLIDADAS;LAMBAYEQUE;140000;114;3636;5686;18,97;14,95;1,41;1,41;1,7;18038;17624;414;25506;24802;704;702
2021;06;01;HOTEL;TT;TODAS CONSOLIDADAS;LIMA;150000;340;20672;37617;31,06;24,43;1,7;1,59;2,41;179592;154940;24652;305951;246630;59322;6540
2021;06;01;HOTEL;TT;TODAS CONSOLIDADAS;LORETO;160000;38;1137;1918;27,3;23,29;2,3;2,33;2,08;5821;5098;723;13399;11895;1504;256
2021;06;01;HOTEL;TT;TODAS CONSOLIDADAS;MADRE DE DIOS;170000;16;535;922;28,41;22,17;1,31;1,3;1,79;4668;4505;163;6133;5841;292;103
2021;06;01;HOTEL;TT;TODAS CONSOLIDADAS;MOQUEGUA;180000;30;1003;1771;40,37;26,82;4,21;4,19;6,69;3386;3357;29;14250;14056;194;184
2021;06;01;HOTEL;TT;TODAS CONSOLIDADAS;PASCO;190000;15;429;754;57,79;50,33;1,39;1,39;2,2;8163;8158;5;11385;11374;11;80
2021;06;01;HOTEL;TT;TODAS CONSOLIDADAS;PIURA;200000;40;1370;5811;24,01;7,34;1,99;1,96;2,38;6420;5928;492;12802;11629;1173;322
2021;06;01;HOTEL;TT;TODAS CONSOLIDADAS;PUNO;210000;50;1763;3206;25,98;19,05;1,79;1,79;1,81;10224;9247;977;18326;16554;1772;342
2021;06;01;HOTEL;TT;TODAS CONSOLIDADAS;SAN MARTÍN;220000;55;1771;2941;23,83;21,13;1,63;1,63;1,71;11401;10907;494;18639;17794;845;338
2021;06;01;HOTEL;TT;TODAS CONSOLIDADAS;TACNA;230000;44;1478;3017;17,82;11,91;1,8;1,79;2,05;5991;5827;164;10784;10447;337;285
2021;06;01;HOTEL;TT;TODAS CONSOLIDADAS;TUMBES;240000;19;697;1369;20,8;17,75;3,29;3,38;1,83;2215;2088;127;7291;7059;232;137
2021;06;01;HOTEL;TT;TODAS CONSOLIDADAS;UCAYALI;250000;25;1063;1808;27,49;22,58;2,64;2,64;2,66;4637;4312;325;12247;11382;865;233
2021;06;02;APART HOTEL;03;3 ESTRELLAS;ÁNCASH;020000;2;16;44;50,42;50,45;15,14;15,14;0;44;44;0;666;666;0;4
2021;06;02;APART HOTEL;03;3 ESTRELLAS;APURÍMAC;030000;1;23;34;31,3;38,82;1,91;1,94;1,6;207;192;15;396;372;24;8
2021;06;02;APART HOTEL;03;3 ESTRELLAS;CAJAMARCA;060000;1;7;12;0;0;0;0;0;0;0;0;0;0;0;0
2021;06;02;APART HOTEL;03;3 ESTRELLAS;ICA;110000;1;10;20;3;3,33;1,11;1,11;0;18;18;0;20;20;0;4
2021;06;02;APART HOTEL;03;3 ESTRELLAS;LA LIBERTAD;130000;1;11;24;0;0;0;0;0;0;0;0;0;0;0;0
2021;06;02;APART HOTEL;03;3 ESTRELLAS;LIMA;150000;8;206;394;36,1;29,48;6,61;5,88;7,61;527;304;223;3484;1786;1698;44
2021;06;02;APART HOTEL;03;3 ESTRELLAS;LORETO;160000;1;20;36;15,17;11,3;2,18;2,18;0;56;56;0;122;122;0;12
2021;06;02;APART HOTEL;03;3 ESTRELLAS;PASCO;190000;1;11;18;12,12;12,78;1,03;1,03;0;67;67;0;69;69;0;4
2021;06;02;APART HOTEL;03;3 ESTRELLAS;TUMBES;240000;2;18;50;62,78;41,13;3,12;3,12;0;198;198;0;617;617;0;15
2021;06;02;APART HOTEL;04;4 ESTRELLAS;AREQUIPA;040000;1;19;32;28,07;39,17;2,01;2,1;1,78;187;136;51;376;285;91;5
2021;06;02;APART HOTEL;04;4 ESTRELLAS;LIMA;150000;10;699;1442;63,31;39,29;2,55;2,39;4,07;6652;5997;655;16995;14327;2668;454
2021;06;02;APART HOTEL;04;4 ESTRELLAS;LORETO;160000;1;13;23;68,97;51,45;1,32;2,14;1,1;269;56;213;355;120;235;6
2021;06;02;APART HOTEL;04;4 ESTRELLAS;SAN MARTÍN;220000;1;24;38;52,78;64,65;2,3;2,31;2;321;304;17;737;703;34;12
2021;06;02;APART HOTEL;05;5 ESTRELLAS;LIMA;150000;6;399;674;13,96;10,75;2,77;2,34;4,05;784;585;199;2173;1368;805;145
2021;06;02;APART HOTEL;TT;TODAS CONSOLIDADAS;ÁNCASH;020000;2;16;44;50,42;50,45;15,14;15,14;0;44;44;0;666;666;0;4
2021;06;02;APART HOTEL;TT;TODAS CONSOLIDADAS;APURÍMAC;030000;1;23;34;31,3;38,82;1,91;1,94;1,6;207;192;15;396;372;24;8
2021;06;02;APART HOTEL;TT;TODAS CONSOLIDADAS;AREQUIPA;040000;2;37;68;18,38;22,75;2,24;2,39;1,78;207;156;51;464;373;91;7
2021;06;02;APART HOTEL;TT;TODAS CONSOLIDADAS;CAJAMARCA;060000;1;7;12;0;0;0;0;0;0;0;0;0;0;0;0
2021;06;02;APART HOTEL;TT;TODAS CONSOLIDADAS;ICA;110000;1;10;20;3;3,33;1,11;1,11;0;18;18;0;20;20;0;4
2021;06;02;APART HOTEL;TT;TODAS CONSOLIDADAS;LA LIBERTAD;130000;1;11;24;0;0;0;0;0;0;0;0;0;0;0;0
2021;06;02;APART HOTEL;TT;TODAS CONSOLIDADAS;LIMA;150000;24;1304;2510;43,91;30,08;2,84;2,54;4,8;7963;6886;1077;22652;17481;5171;643
2021;06;02;APART HOTEL;TT;TODAS CONSOLIDADAS;LORETO;160000;2;33;59;36,36;26,95;1,47;2,16;1,1;325;112;213;477;242;235;18
2021;06;02;APART HOTEL;TT;TODAS CONSOLIDADAS;PASCO;190000;1;11;18;12,12;12,78;1,03;1,03;0;67;67;0;69;69;0;4
2021;06;02;APART HOTEL;TT;TODAS CONSOLIDADAS;SAN MARTÍN;220000;1;24;38;52,78;64,65;2,3;2,31;2;321;304;17;737;703;34;12
2021;06;02;APART HOTEL;TT;TODAS CONSOLIDADAS;TUMBES;240000;2;18;50;62,78;41,13;3,12;3,12;0;198;198;0;617;617;0;15
2021;06;03;HOSTAL;01;1 ESTRELLA;AMAZONAS;010000;13;200;302;45,85;43,68;1,37;1,37;1,68;2885;2866;19;3957;3925;32;32
2021;06;03;HOSTAL;01;1 ESTRELLA;APURÍMAC;030000;1;10;20;0;0;0;0;0;0;0;0;0;0;0;0
2021;06;03;HOSTAL;01;1 ESTRELLA;AREQUIPA;040000;52;773;1186;22,35;19,45;1,18;1,18;1;5880;5873;7;6922;6915;7;123
2021;06;03;HOSTAL;01;1 ESTRELLA;AYACUCHO;050000;4;91;161;12,67;12,53;1,55;1,55;0;390;390;0;605;605;0;15
2021;06;03;HOSTAL;01;1 ESTRELLA;CAJAMARCA;060000;23;392;631;8,04;6,53;1,03;1,02;1,17;1206;1194;12;1237;1223;14;68
2021;06;03;HOSTAL;01;1 ESTRELLA;CALLAO;070000;11;204;408;37,74;37,77;1;1;1;4861;4835;26;4861;4835;26;34
2021;06;03;HOSTAL;01;1 ESTRELLA;CUSCO;080000;20;332;548;27,31;22,91;1,19;1,17;2,97;3166;3136;30;3767;3678;89;48
2021;06;03;HOSTAL;01;1 ESTRELLA;HUANCAVELICA;090000;2;29;45;46,55;31,11;1,01;1,01;0;414;414;0;420;420;0;5
2021;06;03;HOSTAL;01;1 ESTRELLA;HUÁNUCO;100000;13;202;306;83,55;67,85;1,05;1,05;0;5923;5923;0;6229;6229;0;36
2021;06;03;HOSTAL;01;1 ESTRELLA;ICA;110000;12;166;255;25,18;18,93;1,07;1,07;1,1;1347;1337;10;1448;1437;11;29
2021;06;03;HOSTAL;01;1 ESTRELLA;JUNÍN;120000;12;168;287;23,13;17,55;1,3;1,3;0;1165;1165;0;1511;1511;0;30
2021;06;03;HOSTAL;01;1 ESTRELLA;LA LIBERTAD;130000;34;473;831;51,52;29,42;1,68;1,68;0;4364;4364;0;7335;7335;0;82
2021;06;03;HOSTAL;01;1 ESTRELLA;LAMBAYEQUE;140000;19;251;329;20,49;18,05;1,23;1,23;1,12;1453;1436;17;1782;1763;19;41
2021;06;03;HOSTAL;01;1 ESTRELLA;LORETO;160000;6;91;134;4,21;4,03;2,1;2,11;2;77;76;1;162;160;2;15
2021;06;03;HOSTAL;01;1 ESTRELLA;MADRE DE DIOS;170000;1;35;68;16,57;14,12;2;2;2;144;141;3;288;282;6;3
2021;06;03;HOSTAL;01;1 ESTRELLA;MOQUEGUA;180000;15;197;360;14,15;11,23;1,48;1,49;1;817;815;2;1213;1211;2;33
2021;06;03;HOSTAL;01;1 ESTRELLA;PASCO;190000;17;290;431;57,57;34,28;1,05;1,05;0;4212;4212;0;4433;4433;0;49
2021;06;03;HOSTAL;01;1 ESTRELLA;PIURA;200000;2;36;51;16,85;11,11;1,67;1,65;1,86;102;95;7;170;157;13;8
2021;06;03;HOSTAL;01;1 ESTRELLA;PUNO;210000;21;354;597;17,86;15,18;1,08;1,09;1,01;2516;2199;317;2719;2400;319;49
2021;06;03;HOSTAL;01;1 ESTRELLA;SAN MARTÍN;220000;1;20;30;22,67;15,11;2;2;0;68;68;0;136;136;0;8
2021;06;03;HOSTAL;01;1 ESTRELLA;TACNA;230000;10;182;320;7,78;5,56;1,39;1,39;0;385;385;0;534;534;0;26
2021;06;03;HOSTAL;02;2 ESTRELLAS;AMAZONAS;010000;48;860;1364;29,53;24,67;1,01;1,01;1;10011;9996;15;10093;10078;15;143
2021;06;03;HOSTAL;02;2 ESTRELLAS;APURÍMAC;030000;6;161;234;21,95;17,66;1,13;1,13;1;1100;1096;4;1240;1236;4;27
2021;06;03;HOSTAL;02;2 ESTRELLAS;AYACUCHO;050000;4;51;93;11,7;7,96;1,76;1,64;2;126;83;43;222;136;86;10
2021;06;03;HOSTAL;02;2 ESTRELLAS;CAJAMARCA;060000;109;2065;3198;17,66;14,5;1,25;1,25;1;11110;11075;35;13915;13880;35;325
2021;06;03;HOSTAL;02;2 ESTRELLAS;CALLAO;070000;7;202;378;62,22;64,09;1;1;1;9188;8976;212;9219;9007;212;46
2021;06;03;HOSTAL;02;2 ESTRELLAS;CUSCO;080000;47;791;1355;19,02;16,73;2;1,96;2,38;3399;3072;327;6802;6024;778;128
2021;06;03;HOSTAL;02;2 ESTRELLAS;HUANCAVELICA;090000;1;39;71;10,26;9,3;1,85;1,85;0;107;107;0;198;198;0;4
2021;06;03;HOSTAL;02;2 ESTRELLAS;HUÁNUCO;100000;20;266;427;32,67;26,74;1,09;1,09;1;3144;3136;8;3426;3418;8;54
2021;06;03;HOSTAL;02;2 ESTRELLAS;ICA;110000;59;879;1457;18,68;18,95;1,14;1,14;1,09;7284;7231;53;8283;8225;58;150
2021;06;03;HOSTAL;02;2 ESTRELLAS;JUNÍN;120000;19;326;645;31,23;29,41;1,21;1,21;1,8;4709;4704;5;5691;5682;9;65
2021;06;03;HOSTAL;02;2 ESTRELLAS;LA LIBERTAD;130000;131;2202;3993;20,62;16,99;1,16;1,16;1,08;17523;17374;149;20357;20196;161;388
2021;06;03;HOSTAL;02;2 ESTRELLAS;LAMBAYEQUE;140000;159;2317;3213;25,03;18,17;1,08;1,08;1,02;16209;16084;125;17515;17387;128;419
2021;06;03;HOSTAL;02;2 ESTRELLAS;LIMA;150000;129;2930;5368;25;24,24;1,36;1,29;2,04;42058;38292;3767;57224;49536;7688;731
2021;06;03;HOSTAL;02;2 ESTRELLAS;LORETO;160000;5;79;124;46,29;58,84;2,12;2,12;0;1031;1031;0;2189;2189;0;16
2021;06;03;HOSTAL;02;2 ESTRELLAS;MADRE DE DIOS;170000;5;138;207;34,59;23,74;1,33;1,32;1,37;1112;1085;27;1474;1437;37;23
2021;06;03;HOSTAL;02;2 ESTRELLAS;MOQUEGUA;180000;52;657;1097;33,62;26,39;2,84;2,84;2;3054;3050;4;8684;8676;8;121
2021;06;03;HOSTAL;02;2 ESTRELLAS;PASCO;190000;10;166;306;27,45;19,91;1,37;1,37;1,83;1337;1331;6;1828;1817;11;29
2021;06;03;HOSTAL;02;2 ESTRELLAS;PIURA;200000;28;541;869;21,7;21,69;1,54;1,52;1,65;3678;3148;530;5655;4778;877;106
2021;06;03;HOSTAL;02;2 ESTRELLAS;PUNO;210000;31;508;932;20,68;14,6;1,52;1,53;1,29;2678;2650;28;4083;4047;36;83
2021;06;03;HOSTAL;02;2 ESTRELLAS;SAN MARTÍN;220000;16;252;418;27,05;24,99;1,54;1,54;2,67;2029;2026;3;3134;3126;8;53
2021;06;03;HOSTAL;02;2 ESTRELLAS;TACNA;230000;21;366;687;29,03;16,07;1,85;1,86;1,61;1785;1757;28;3311;3266;45;64
2021;06;03;HOSTAL;02;2 ESTRELLAS;TUMBES;240000;5;66;131;8,84;7,56;1,69;1,69;0;176;176;0;297;297;0;18
2021;06;03;HOSTAL;03;3 ESTRELLAS;AMAZONAS;010000;8;146;283;10,71;7,99;1,44;1,44;1,83;470;464;6;678;667;11;25
2021;06;03;HOSTAL;03;3 ESTRELLAS;ÁNCASH;020000;23;359;652;21,28;18,3;1,63;1,63;1,44;2194;2158;36;3579;3527;52;70
2021;06;03;HOSTAL;03;3 ESTRELLAS;APURÍMAC;030000;1;24;43;26,53;14,81;1,59;1,59;0;120;120;0;191;191;0;7
2021;06;03;HOSTAL;03;3 ESTRELLAS;AREQUIPA;040000;35;556;973;29,56;19,84;2,18;2,17;2,25;2662;2578;84;5791;5602;189;132
2021;06;03;HOSTAL;03;3 ESTRELLAS;AYACUCHO;050000;2;38;77;26,84;18,23;1,97;1,92;2,83;214;202;12;421;387;34;17
2021;06;03;HOSTAL;03;3 ESTRELLAS;CAJAMARCA;060000;46;736;1231;16,53;12,17;1,43;1,42;1,81;3149;3079;70;4493;4366;127;130
2021;06;03;HOSTAL;03;3 ESTRELLAS;CUSCO;080000;22;377;726;14,92;11,38;2,31;2,29;2,42;1073;866;207;2479;1979;500;63
2021;06;03;HOSTAL;03;3 ESTRELLAS;HUANCAVELICA;090000;2;20;23;0;0;0;0;0;0;0;0;0;0;0;0
2021;06;03;HOSTAL;03;3 ESTRELLAS;HUÁNUCO;100000;2;27;50;19,51;19,33;1;1;0;290;290;0;290;290;0;6
2021;06;03;HOSTAL;03;3 ESTRELLAS;ICA;110000;32;587;1107;28,17;17,26;1,48;1,48;1,35;3884;3669;215;5732;5441;291;138
2021;06;03;HOSTAL;03;3 ESTRELLAS;JUNÍN;120000;2;47;93;58,01;43,15;1,52;1,53;1;790;788;2;1204;1202;2;40
2021;06;03;HOSTAL;03;3 ESTRELLAS;LA LIBERTAD;130000;58;940;1752;31,42;29,12;1,07;1,07;1,05;14311;14250;61;15308;15244;64;171
2021;06;03;HOSTAL;03;3 ESTRELLAS;LAMBAYEQUE;140000;21;298;443;29,62;21,68;1,25;1,25;1,18;2303;2269;34;2881;2841;40;68
2021;06;03;HOSTAL;03;3 ESTRELLAS;LIMA;150000;16;348;701;17,29;13,84;1,08;1,08;1,03;2758;2727;31;2989;2957;32;69
2021;06;03;HOSTAL;03;3 ESTRELLAS;LORETO;160000;8;117;195;26,92;18,24;2,23;2,19;2,9;478;449;29;1067;983;84;30
2021;06;03;HOSTAL;03;3 ESTRELLAS;MADRE DE DIOS;170000;1;22;29;4,7;5,06;1,42;1,42;0;31;31;0;44;44;0;2
2021;06;03;HOSTAL;03;3 ESTRELLAS;MOQUEGUA;180000;3;52;90;0;0;0;0;0;0;0;0;0;0;0;0
2021;06;03;HOSTAL;03;3 ESTRELLAS;PASCO;190000;1;9;18;0;0;0;0;0;0;0;0;0;0;0;0
2021;06;03;HOSTAL;03;3 ESTRELLAS;PIURA;200000;3;51;107;6,47;6,88;2,05;2,05;0;108;108;0;221;221;0;14
2021;06;03;HOSTAL;03;3 ESTRELLAS;PUNO;210000;7;152;265;25,11;27,55;2,71;2,73;1,33;807;798;9;2190;2178;12;33
2021;06;03;HOSTAL;03;3 ESTRELLAS;SAN MARTÍN;220000;6;112;237;35,65;31,86;2,02;2,02;2,07;1123;1109;14;2265;2236;29;32
2021;06;03;HOSTAL;03;3 ESTRELLAS;TACNA;230000;5;92;195;12,93;7,11;2,58;2,58;0;161;161;0;416;416;0;16
2021;06;03;HOSTAL;03;3 ESTRELLAS;TUMBES;240000;5;82;166;38,98;24,7;1,43;1,43;0;859;859;0;1230;1230;0;20
2021;06;03;HOSTAL;03;3 ESTRELLAS;UCAYALI;250000;2;45;71;8,52;6,67;2;2,01;1,5;71;69;2;142;139;3;7
2021;06;03;HOSTAL;TT;TODAS CONSOLIDADAS;AMAZONAS;010000;69;1206;1949;29,96;25,19;1,1;1,1;1,45;13366;13326;40;14728;14670;58;200
2021;06;03;HOSTAL;TT;TODAS CONSOLIDADAS;ÁNCASH;020000;186;2917;4952;30,81;29,71;1,09;1,09;1,15;40573;40451;122;44135;43995;140;495
2021;06;03;HOSTAL;TT;TODAS CONSOLIDADAS;APURÍMAC;030000;8;195;297;21,38;16,06;1,17;1,17;1;1220;1216;4;1431;1427;4;34
2021;06;03;HOSTAL;TT;TODAS CONSOLIDADAS;AREQUIPA;040000;213;3358;5846;22,7;18,42;1,38;1,37;2,04;23424;23133;291;32304;31710;594;606
2021;06;03;HOSTAL;TT;TODAS CONSOLIDADAS;AYACUCHO;050000;10;180;331;15,39;12,57;1,71;1,67;2,18;730;675;55;1248;1128;120;42
2021;06;03;HOSTAL;TT;TODAS CONSOLIDADAS;CAJAMARCA;060000;178;3193;5060;16,22;12,94;1,27;1,27;1,5;15465;15348;117;19645;19469;176;523
2021;06;03;HOSTAL;TT;TODAS CONSOLIDADAS;CALLAO;070000;18;406;786;49,49;50,07;1;1;1;13178;12968;210;13205;12995;210;77
2021;06;03;HOSTAL;TT;TODAS CONSOLIDADAS;HUANCAVELICA;090000;5;88;139;19,89;14,82;1,19;1,19;0;521;521;0;618;618;0;9
2021;06;03;HOSTAL;TT;TODAS CONSOLIDADAS;HUÁNUCO;100000;35;495;783;52,71;42,34;1,06;1,06;1;9357;9349;8;9945;9937;8;96
2021;06;03;HOSTAL;TT;TODAS CONSOLIDADAS;ICA;110000;103;1632;2819;22,76;18,28;1,24;1,23;1,29;12515;12237;278;15463;15103;360;317
2021;06;03;HOSTAL;TT;TODAS CONSOLIDADAS;LORETO;160000;19;287;453;25,05;25,15;2,16;2,14;2,87;1586;1556;30;3418;3332;86;61
2021;06;03;HOSTAL;TT;TODAS CONSOLIDADAS;MADRE DE DIOS;170000;7;195;304;27,98;19,8;1,4;1,4;1,43;1287;1257;30;1806;1763;43;28
2021;06;03;HOSTAL;TT;TODAS CONSOLIDADAS;MOQUEGUA;180000;70;906;1547;27,46;21,33;2,56;2,56;1,67;3871;3865;6;9897;9887;10;154
2021;06;03;HOSTAL;TT;TODAS CONSOLIDADAS;PASCO;190000;28;465;755;45,71;27,64;1,13;1,13;1,83;5549;5543;6;6261;6250;11;78
2021;06;03;HOSTAL;TT;TODAS CONSOLIDADAS;PIURA;200000;33;628;1027;20,19;19,62;1,56;1,54;1,66;3888;3351;537;6046;5156;890;128
2021;06;03;HOSTAL;TT;TODAS CONSOLIDADAS;PUNO;210000;59;1014;1794;20,36;16,71;1,5;1,53;1,04;6001;5647;354;8992;8625;367;165
2021;06;03;HOSTAL;TT;TODAS CONSOLIDADAS;SAN MARTÍN;220000;23;384;685;29,33;26,93;1,72;1,72;2,18;3220;3203;17;5535;5498;37;93
2021;06;03;HOSTAL;TT;TODAS CONSOLIDADAS;TACNA;230000;36;640;1202;20,68;11,82;1,83;1,83;1,61;2331;2303;28;4261;4216;45;106
2021;06;03;HOSTAL;TT;TODAS CONSOLIDADAS;TUMBES;240000;10;148;297;25,54;17,14;1,48;1,48;0;1035;1035;0;1527;1527;0;38
2021;06;03;HOSTAL;TT;TODAS CONSOLIDADAS;UCAYALI;250000;4;115;198;16,84;11,67;1,59;1,59;1,2;436;431;5;693;687;6;20
2021;06;05;ALBERGUE;12;ALBERGUE;AMAZONAS;010000;1;6;11;0;0;0;0;0;0;0;0;0;0;0;0
2021;06;05;ALBERGUE;12;ALBERGUE;ÁNCASH;020000;8;76;172;9,25;6,47;3,59;3,55;3,74;93;74;19;334;263;71;16
2021;06;05;ALBERGUE;12;ALBERGUE;AREQUIPA;040000;4;90;222;7,07;6,14;1,53;1,54;1,5;267;209;58;409;322;87;75
2021;06;05;ALBERGUE;12;ALBERGUE;CAJAMARCA;060000;1;11;22;0;0;0;0;0;0;0;0;0;0;0;0
2021;06;05;ALBERGUE;12;ALBERGUE;CUSCO;080000;18;209;685;12,93;5,52;1,21;1,18;1,24;935;456;479;1134;539;595;64
2021;06;05;ALBERGUE;12;ALBERGUE;ICA;110000;2;18;43;4,63;4,03;1,79;1,79;0;29;29;0;52;52;0;5
2021;06;05;ALBERGUE;12;ALBERGUE;JUNÍN;120000;1;32;104;20,21;14,62;1,6;1,6;1;285;283;2;456;454;2;13
2021;06;05;ALBERGUE;12;ALBERGUE;LIMA;150000;7;116;239;23,13;13,81;3,08;2,66;3,79;321;200;121;990;531;459;36
2021;06;05;ALBERGUE;12;ALBERGUE;LORETO;160000;52;681;1446;20,36;14,28;2,17;1,67;3,32;2855;1983;872;6196;3304;2892;191
2021;06;05;ALBERGUE;12;ALBERGUE;MADRE DE DIOS;170000;5;107;242;16,73;17,37;2,87;2,95;2,83;440;129;311;1261;380;881;151
2021;06;05;ALBERGUE;12;ALBERGUE;PASCO;190000;12;196;533;10,12;5,8;1,29;1,29;1,38;717;696;21;928;899;29;36
2021;06;05;ALBERGUE;12;ALBERGUE;PUNO;210000;1;13;35;0;0;0;0;0;0;0;0;0;0;0;0
2021;06;05;ALBERGUE;12;ALBERGUE;UCAYALI;250000;3;37;95;13,69;11,75;6,57;4,31;10,37;51;32;19;335;138;197;14
2021;06;05;ALBERGUE;TT;TODAS CONSOLIDADAS;AMAZONAS;010000;1;6;11;0;0;0;0;0;0;0;0;0;0;0;0
2021;06;05;ALBERGUE;TT;TODAS CONSOLIDADAS;ÁNCASH;020000;8;76;172;9,25;6,47;3,59;3,55;3,74;93;74;19;334;263;71;16
2021;06;05;ALBERGUE;TT;TODAS CONSOLIDADAS;AREQUIPA;040000;4;90;222;7,07;6,14;1,53;1,54;1,5;267;209;58;409;322;87;75
2021;06;05;ALBERGUE;TT;TODAS CONSOLIDADAS;CAJAMARCA;060000;1;11;22;0;0;0;0;0;0;0;0;0;0;0;0
2021;06;05;ALBERGUE;TT;TODAS CONSOLIDADAS;CUSCO;080000;18;209;685;12,93;5,52;1,21;1,18;1,24;935;456;479;1134;539;595;64
2021;06;01;HOTEL;03;3 ESTRELLAS;UCAYALI;250000;16;561;922;28,65;22,95;2,6;2,62;2,23;2444;2329;115;6348;6091;257;141
2021;06;03;HOSTAL;02;2 ESTRELLAS;UCAYALI;250000;2;70;127;22,19;14,46;1,51;1,51;1;365;362;3;551;548;3;13
2021;06;01;HOTEL;05;5 ESTRELLAS;AREQUIPA;040000;3;241;346;60,1;44,16;2,58;2,46;9,61;1780;1752;28;4584;4315;269;120
2021;06;02;APART HOTEL;03;3 ESTRELLAS;AREQUIPA;040000;1;18;36;8,15;8,15;4,4;4,4;0;20;20;0;88;88;0;2
2021;06;03;HOSTAL;02;2 ESTRELLAS;AREQUIPA;040000;126;2029;3687;20,96;17,71;1,32;1,31;1,99;14882;14682;200;19591;19193;398;351
2021;06;01;HOTEL;TT;TODAS CONSOLIDADAS;CUSCO;080000;135;5555;10469;19,17;16,62;1,99;2;1,99;26182;16443;9739;52194;32805;19389;1620
2021;06;03;HOSTAL;TT;TODAS CONSOLIDADAS;CUSCO;080000;89;1500;2629;19,82;16,54;1,71;1,65;2,42;7638;7074;564;13048;11681;1367;239
2021;06;01;HOTEL;TT;TODAS CONSOLIDADAS;JUNÍN;120000;52;1778;3216;21,17;14,09;1,67;1,66;2,41;8156;8095;61;13595;13448;147;312
2021;06;03;HOSTAL;TT;TODAS CONSOLIDADAS;JUNÍN;120000;33;541;1025;31,04;27,34;1,26;1,26;1,57;6664;6657;7;8406;8395;11;135
2021;06;01;HOTEL;TT;TODAS CONSOLIDADAS;LA LIBERTAD;130000;108;3164;5887;32,67;23,09;1,93;1,91;2,51;21134;20325;809;40782;38755;2027;661
2021;06;03;HOSTAL;TT;TODAS CONSOLIDADAS;LA LIBERTAD;130000;223;3615;6576;27,47;21,8;1,19;1,19;1,07;36198;35988;210;43000;42775;225;641
2021;06;03;HOSTAL;01;1 ESTRELLA;ÁNCASH;020000;41;553;886;24,03;23,67;1,11;1,11;1,11;5680;5671;9;6292;6282;10;88
2021;06;03;HOSTAL;02;2 ESTRELLAS;ÁNCASH;020000;122;2005;3414;34,39;33,45;1,05;1,05;1,01;32699;32622;77;34264;34186;78;337
2021;06;03;HOSTAL;01;1 ESTRELLA;LIMA;150000;74;1520;2806;19,07;19,65;1,1;1,09;1,35;18217;17384;833;20083;18960;1123;286
2021;06;03;HOSTAL;TT;TODAS CONSOLIDADAS;LIMA;150000;219;4798;8875;21,77;20,91;1,24;1,2;1,86;58064;54315;3749;71987;65008;6979;1043
2021;06;03;HOSTAL;TT;TODAS CONSOLIDADAS;LAMBAYEQUE;140000;199;2866;3985;25,11;18,55;1,11;1,11;1,06;19965;19789;176;22178;21991;187;528
2021;06;05;ALBERGUE;12;ALBERGUE;SAN MARTÍN;220000;10;192;444;15,07;14,71;2,31;2,24;3,63;850;810;40;1960;1815;145;42
2021;06;05;ALBERGUE;TT;TODAS CONSOLIDADAS;JUNÍN;120000;1;32;104;20,21;14,62;1,6;1,6;1;285;283;2;456;454;2;13
2021;06;05;ALBERGUE;TT;TODAS CONSOLIDADAS;LIMA;150000;7;116;239;23,13;13,81;3,08;2,66;3,79;321;200;121;990;531;459;36
2021;06;05;ALBERGUE;TT;TODAS CONSOLIDADAS;LORETO;160000;52;681;1446;20,36;14,28;2,17;1,67;3,32;2855;1983;872;6196;3304;2892;191
2021;06;05;ALBERGUE;TT;TODAS CONSOLIDADAS;MADRE DE DIOS;170000;5;107;242;16,73;17,37;2,87;2,95;2,83;440;129;311;1261;380;881;151
2021;06;05;ALBERGUE;TT;TODAS CONSOLIDADAS;PASCO;190000;12;196;533;10,12;5,8;1,29;1,29;1,38;717;696;21;928;899;29;36
2021;06;05;ALBERGUE;TT;TODAS CONSOLIDADAS;PUNO;210000;1;13;35;0;0;0;0;0;0;0;0;0;0;0;0
2021;06;05;ALBERGUE;TT;TODAS CONSOLIDADAS;SAN MARTÍN;220000;10;192;444;15,07;14,71;2,31;2,24;3,63;850;810;40;1960;1815;145;42
2021;06;05;ALBERGUE;TT;TODAS CONSOLIDADAS;UCAYALI;250000;3;37;95;13,69;11,75;6,57;4,31;10,37;51;32;19;335;138;197;14
2021;06;14;RESORT;03;3 ESTRELLAS;ICA;110000;1;51;86;0;0;0;0;0;0;0;0;0;0;0;0
2021;06;14;RESORT;04;4 ESTRELLAS;TUMBES;240000;1;402;804;45,08;53,59;2,59;2,58;2,97;4994;4926;68;12926;12724;202;347
2021;06;14;RESORT;05;5 ESTRELLAS;ICA;110000;1;115;250;66,09;42,87;3,3;3,1;6,64;974;918;56;3215;2843;372;90
2021;06;14;RESORT;TT;TODAS CONSOLIDADAS;ICA;110000;2;166;336;45,78;31,89;3,3;3,1;6,64;974;918;56;3215;2843;372;90
2021;06;14;RESORT;TT;TODAS CONSOLIDADAS;TUMBES;240000;1;402;804;45,08;53,59;2,59;2,58;2,97;4994;4926;68;12926;12724;202;347
2021;06;16;ECOLODGE;13;ECOLODGE;AREQUIPA;040000;1;23;51;1,88;1,76;1,23;1,25;1;22;20;2;27;25;2;7
2021;06;16;ECOLODGE;13;ECOLODGE;SAN MARTÍN;220000;1;12;24;0;0;0;0;0;0;0;0;0;0;0;0
2021;06;16;ECOLODGE;TT;TODAS CONSOLIDADAS;AREQUIPA;040000;1;23;51;1,88;1,76;1,23;1,25;1;22;20;2;27;25;2;7
2021;06;16;ECOLODGE;TT;TODAS CONSOLIDADAS;SAN MARTÍN;220000;1;12;24;0;0;0;0;0;0;0;0;0;0;0;0
2021;06;TT;TODAS CONSOLIDADAS;00;NO CATEGORIZADO;AMAZONAS;010000;244;2307;3641;18,56;13,65;1,21;1,22;1,18;12270;11881;389;14908;14449;459;406
2021;06;TT;TODAS CONSOLIDADAS;00;NO CATEGORIZADO;ÁNCASH;020000;560;5498;9479;10,89;8,21;1,26;1,27;1,18;18503;17552;951;23333;22211;1122;893
2021;06;TT;TODAS CONSOLIDADAS;00;NO CATEGORIZADO;APURÍMAC;030000;450;4260;6560;15,86;11,99;1,19;1,19;1,62;19782;19714;68;23593;23483;110;465
2021;06;TT;TODAS CONSOLIDADAS;00;NO CATEGORIZADO;AREQUIPA;040000;1082;9895;16434;17,46;15,27;1,68;1,67;1,86;44888;42463;2425;75307;70798;4509;1835
2021;06;TT;TODAS CONSOLIDADAS;00;NO CATEGORIZADO;AYACUCHO;050000;519;5170;8242;7,07;5,79;1,1;1,1;1;13003;12882;121;14311;14190;121;644
2021;06;TT;TODAS CONSOLIDADAS;00;NO CATEGORIZADO;CAJAMARCA;060000;572;5803;9000;16,07;12,98;1,18;1,18;0;29821;29821;0;35053;35053;0;1011
2021;06;TT;TODAS CONSOLIDADAS;00;NO CATEGORIZADO;CALLAO;070000;257;3732;6886;30,68;26,99;1,01;1,01;1,03;96875;95954;921;97846;96896;949;971
2021;06;TT;TODAS CONSOLIDADAS;00;NO CATEGORIZADO;CUSCO;080000;1628;16235;29565;18,59;12,6;1,68;1,68;1,71;66365;49267;17098;111788;82531;29257;2952
2021;06;TT;TODAS CONSOLIDADAS;00;NO CATEGORIZADO;HUANCAVELICA;090000;170;1959;3041;14,96;12,63;1,07;1,07;1,74;10747;10728;19;11520;11487;33;239
2021;06;TT;TODAS CONSOLIDADAS;00;NO CATEGORIZADO;HUÁNUCO;100000;453;5317;7874;19,37;16,53;1,07;1,07;1,08;36447;36356;91;39041;38943;98;686
2021;06;TT;TODAS CONSOLIDADAS;00;NO CATEGORIZADO;ICA;110000;674;7987;13867;18,36;13,49;1,22;1,22;1,33;45841;42643;3198;56104;51844;4260;1342
2021;06;TT;TODAS CONSOLIDADAS;00;NO CATEGORIZADO;JUNÍN;120000;1191;13021;21086;14,79;11,05;1,16;1,16;1,19;60066;59815;251;69874;69576;298;1673
2021;06;TT;TODAS CONSOLIDADAS;00;NO CATEGORIZADO;LA LIBERTAD;130000;770;6661;11136;29,18;19,21;1,13;1,13;1,31;56599;56351;248;64190;63865;325;1174
2021;06;TT;TODAS CONSOLIDADAS;00;NO CATEGORIZADO;LAMBAYEQUE;140000;332;3641;5237;30,21;21,84;1,03;1,03;1,01;33396;32712;684;34313;33625;688;637
2021;06;TT;TODAS CONSOLIDADAS;00;NO CATEGORIZADO;LIMA;150000;5745;50286;87287;18,75;17,63;1,13;1,12;1,32;1874219;1819381;54839;2116380;2043871;72509;32773
2021;06;TT;TODAS CONSOLIDADAS;00;NO CATEGORIZADO;LORETO;160000;652;6280;9785;20,06;19,03;1,54;1,48;1,79;36339;29890;6449;55863;44293;11570;736
2021;06;TT;TODAS CONSOLIDADAS;00;NO CATEGORIZADO;MADRE DE DIOS;170000;287;4103;6711;22,88;18,97;1,18;1,17;1,33;32350;30341;2009;38184;35507;2677;694
2021;06;TT;TODAS CONSOLIDADAS;00;NO CATEGORIZADO;MOQUEGUA;180000;158;1494;2537;17,2;11,04;1,57;1,57;2,37;5349;5314;35;8406;8323;83;191
2021;06;TT;TODAS CONSOLIDADAS;00;NO CATEGORIZADO;PASCO;190000;264;2955;4640;17,6;13,85;1,13;1,13;1,12;17092;17049;43;19282;19234;48;411
2021;06;TT;TODAS CONSOLIDADAS;00;NO CATEGORIZADO;PIURA;200000;939;9871;18044;32,54;24,97;1,67;1,64;2,18;80724;75576;5148;135183;123985;11198;1854
2021;06;TT;TODAS CONSOLIDADAS;00;NO CATEGORIZADO;PUNO;210000;655;6199;10504;20,13;16,44;1,18;1,19;1,04;43862;40884;2978;51798;48704;3094;1125
2021;06;TT;TODAS CONSOLIDADAS;00;NO CATEGORIZADO;SAN MARTÍN;220000;682;8079;12596;23,38;18,42;1,2;1,2;1,17;58209;57613;596;69614;68918;696;1080
2021;06;TT;TODAS CONSOLIDADAS;00;NO CATEGORIZADO;TACNA;230000;394;3808;6887;10,98;6,76;1,29;1,3;1,07;10820;10517;303;13976;13651;325;477
2021;06;TT;TODAS CONSOLIDADAS;00;NO CATEGORIZADO;TUMBES;240000;202;2153;4207;16,55;13,95;2,08;2,08;1,31;8472;8436;36;17609;17562;47;350
2021;06;TT;TODAS CONSOLIDADAS;00;NO CATEGORIZADO;UCAYALI;250000;434;4882;7537;23,82;19,38;2,23;2,24;2;19651;19266;385;43830;43061;769;875
2021;06;TT;TODAS CONSOLIDADAS;01;1 ESTRELLA;AMAZONAS;010000;14;220;337;41,68;39,14;1,37;1,37;1,68;2885;2866;19;3957;3925;32;32
2021;06;TT;TODAS CONSOLIDADAS;01;1 ESTRELLA;ÁNCASH;020000;53;915;1451;22,32;21,71;1,14;1,14;1,11;8307;8298;9;9449;9439;10;138
2021;06;TT;TODAS CONSOLIDADAS;01;1 ESTRELLA;APURÍMAC;030000;3;90;135;13,96;10,72;1;1;1;434;433;1;434;433;1;10
2021;06;TT;TODAS CONSOLIDADAS;01;1 ESTRELLA;AREQUIPA;040000;58;983;1523;20,96;17,19;1,27;1,26;3;6204;6179;25;7855;7780;75;158
2021;06;TT;TODAS CONSOLIDADAS;01;1 ESTRELLA;AYACUCHO;050000;12;291;506;11,81;11,95;2,09;2,09;0;867;867;0;1814;1814;0;50
2021;06;TT;TODAS CONSOLIDADAS;01;1 ESTRELLA;CAJAMARCA;060000;29;562;915;7,54;6,21;1,06;1,06;1,1;1612;1591;21;1705;1682;23;95
2021;06;TT;TODAS CONSOLIDADAS;01;1 ESTRELLA;CALLAO;070000;12;241;482;37,74;37,77;1;1;1;5303;5274;29;5303;5274;29;38
2021;06;TT;TODAS CONSOLIDADAS;01;1 ESTRELLA;CUSCO;080000;25;459;773;23,83;20,54;1,21;1,2;2,97;3924;3894;30;4763;4674;89;68
2021;06;TT;TODAS CONSOLIDADAS;01;1 ESTRELLA;HUANCAVELICA;090000;2;29;45;46,55;31,11;1,01;1,01;0;414;414;0;420;420;0;5
2021;06;TT;TODAS CONSOLIDADAS;01;1 ESTRELLA;HUÁNUCO;100000;21;441;659;48,82;43,88;1,04;1,04;0;8370;8370;0;8676;8676;0;74
2021;06;TT;TODAS CONSOLIDADAS;01;1 ESTRELLA;ICA;110000;17;268;385;15,6;12,54;1,07;1,07;1,1;1347;1337;10;1448;1437;11;29
2021;06;TT;TODAS CONSOLIDADAS;01;1 ESTRELLA;JUNÍN;120000;17;378;683;15,52;11,12;1,37;1,37;0;1666;1666;0;2278;2278;0;52
2021;06;TT;TODAS CONSOLIDADAS;01;1 ESTRELLA;LA LIBERTAD;130000;36;519;919;46,95;26,61;1,68;1,68;0;4364;4364;0;7335;7335;0;82
2021;06;TT;TODAS CONSOLIDADAS;01;1 ESTRELLA;LAMBAYEQUE;140000;22;354;478;14,53;12,43;1,23;1,23;1,12;1453;1436;17;1782;1763;19;41
2021;06;TT;TODAS CONSOLIDADAS;01;1 ESTRELLA;LIMA;150000;84;1923;3490;22,43;22,65;1,09;1,08;1,33;25013;24134;879;27226;26056;1170;339
2021;06;TT;TODAS CONSOLIDADAS;01;1 ESTRELLA;LORETO;160000;6;91;134;4,21;4,03;2,1;2,11;2;77;76;1;162;160;2;15
2021;06;TT;TODAS CONSOLIDADAS;01;1 ESTRELLA;MADRE DE DIOS;170000;5;188;321;25,32;22,44;1,16;1,16;1,15;1866;1846;20;2161;2138;23;24
2021;06;TT;TODAS CONSOLIDADAS;01;1 ESTRELLA;MOQUEGUA;180000;16;218;402;21,41;15,61;2,14;2,14;1;880;878;2;1883;1881;2;37
2021;06;TT;TODAS CONSOLIDADAS;01;1 ESTRELLA;PASCO;190000;23;458;703;48,25;31,32;1,11;1,11;0;5953;5953;0;6606;6606;0;80
2021;06;TT;TODAS CONSOLIDADAS;01;1 ESTRELLA;PIURA;200000;4;76;138;7,98;4,11;1,67;1,65;1,86;102;95;7;170;157;13;8
2021;06;TT;TODAS CONSOLIDADAS;01;1 ESTRELLA;SAN MARTÍN;220000;6;124;208;22,39;21,31;1,41;1,41;1,5;942;922;20;1330;1300;30;27
2021;06;TT;TODAS CONSOLIDADAS;01;1 ESTRELLA;TACNA;230000;12;239;432;7,56;5,61;1,47;1,47;1;494;492;2;727;725;2;31
2021;06;TT;TODAS CONSOLIDADAS;02;2 ESTRELLAS;AMAZONAS;010000;71;1435;2286;26,24;21,84;1,13;1,13;1,35;13279;13219;60;14975;14894;81;234
2021;06;TT;TODAS CONSOLIDADAS;02;2 ESTRELLAS;ÁNCASH;020000;162;3094;5412;29,88;27,56;1,09;1,09;1,12;41144;41010;134;44742;44592;150;521
2021;06;TT;TODAS CONSOLIDADAS;02;2 ESTRELLAS;APURÍMAC;030000;10;341;545;16,64;12,32;1,12;1,12;1,17;1806;1800;6;2015;2008;7;41
2021;06;TT;TODAS CONSOLIDADAS;02;2 ESTRELLAS;AREQUIPA;040000;166;3198;5711;19,53;16,24;1,41;1,4;1,89;19769;19515;254;27825;27345;480;532
2021;06;TT;TODAS CONSOLIDADAS;02;2 ESTRELLAS;AYACUCHO;050000;12;309;540;15,31;22,19;1,33;1,32;1,93;2703;2657;46;3595;3506;89;49
2021;06;TT;TODAS CONSOLIDADAS;02;2 ESTRELLAS;CAJAMARCA;060000;146;3689;5362;14,66;12,46;1,21;1,21;1,01;16592;16523;69;20038;19968;70;488
2021;06;TT;TODAS CONSOLIDADAS;02;2 ESTRELLAS;CALLAO;070000;8;242;445;49,42;52,24;1;1;1;8522;8221;301;8550;8250;301;46
2021;06;TT;TODAS CONSOLIDADAS;02;2 ESTRELLAS;CUSCO;080000;91;1891;3300;13,45;11,91;1,77;1,73;2,07;6662;5922;740;11791;10256;1535;376
2021;06;TT;TODAS CONSOLIDADAS;02;2 ESTRELLAS;HUANCAVELICA;090000;3;81;144;13,91;13,03;1,54;1,54;1,6;365;355;10;563;547;16;13
2021;06;TT;TODAS CONSOLIDADAS;02;2 ESTRELLAS;HUÁNUCO;100000;59;1471;2322;25,01;20,59;1,12;1,12;1;12774;12748;26;14340;14314;26;241
2021;06;TT;TODAS CONSOLIDADAS;02;2 ESTRELLAS;ICA;110000;110;2250;3843;20,74;17,09;1,67;1,67;1,4;11809;11690;119;19707;19540;167;378
2021;06;TT;TODAS CONSOLIDADAS;02;2 ESTRELLAS;JUNÍN;120000;46;1160;2106;26,94;20,97;1,47;1,47;2,82;8993;8948;45;13252;13125;127;187
2021;06;TT;TODAS CONSOLIDADAS;02;2 ESTRELLAS;LA LIBERTAD;130000;152;2684;4835;19,93;16,76;1,16;1,16;1,08;20915;20766;149;24316;24155;161;467
2021;06;TT;TODAS CONSOLIDADAS;02;2 ESTRELLAS;LAMBAYEQUE;140000;230;4335;6231;21,97;16,15;1,14;1,14;1,13;26387;26172;215;30187;29944;243;715
2021;06;TT;TODAS CONSOLIDADAS;02;2 ESTRELLAS;LIMA;150000;250;8216;14659;28,69;27,17;1,37;1,34;1,85;117720;112810;4910;160765;151684;9081;1750
2021;06;TT;TODAS CONSOLIDADAS;02;2 ESTRELLAS;LORETO;160000;20;460;737;19,79;22,04;1,87;1,86;1,99;2604;2436;168;4872;4537;335;77
2021;06;TT;TODAS CONSOLIDADAS;02;2 ESTRELLAS;MADRE DE DIOS;170000;12;337;556;34,65;24,42;1,31;1,29;1,8;3117;2998;119;4074;3860;214;50
2021;06;TT;TODAS CONSOLIDADAS;02;2 ESTRELLAS;MOQUEGUA;180000;69;1193;2010;31,03;22,15;3,27;3,26;4,76;4090;4069;21;13355;13255;100;196
2021;06;TT;TODAS CONSOLIDADAS;02;2 ESTRELLAS;PIURA;200000;47;1004;1648;22,89;19,35;1,67;1,67;1,65;5730;5166;564;9568;8637;931;190
2021;06;TT;TODAS CONSOLIDADAS;02;2 ESTRELLAS;PUNO;210000;50;968;1746;17,92;12,99;1,45;1,45;1,41;4705;4606;99;6803;6663;140;144
2021;06;TT;TODAS CONSOLIDADAS;02;2 ESTRELLAS;SAN MARTÍN;220000;44;1037;1724;30,35;23,98;1,69;1,68;1,8;7345;7082;263;12401;11928;473;189
2021;06;TT;TODAS CONSOLIDADAS;02;2 ESTRELLAS;TACNA;230000;50;1207;2387;17,38;11,79;1,85;1,85;1,7;4558;4492;66;8442;8330;112;212
2021;06;TT;TODAS CONSOLIDADAS;02;2 ESTRELLAS;TUMBES;240000;12;274;542;26,69;16,54;4,74;4,74;0;567;567;0;2690;2690;0;59
2021;06;TT;TODAS CONSOLIDADAS;02;2 ESTRELLAS;UCAYALI;250000;4;118;192;13,16;9,57;1,51;1,51;1;365;362;3;551;548;3;13
2021;06;TT;TODAS CONSOLIDADAS;03;3 ESTRELLAS;AMAZONAS;010000;19;396;714;22,08;17,63;1,53;1,59;1,3;2461;2024;437;3777;3209;568;95
2021;06;TT;TODAS CONSOLIDADAS;03;3 ESTRELLAS;ÁNCASH;020000;63;1687;2989;25,66;20,17;1,44;1,43;1,6;12593;12431;162;18085;17825;260;343
2021;06;TT;TODAS CONSOLIDADAS;03;3 ESTRELLAS;AREQUIPA;040000;99;2431;4508;29,55;18,23;2,54;2,55;2,38;9703;9158;545;24656;23360;1296;623
2021;06;TT;TODAS CONSOLIDADAS;03;3 ESTRELLAS;AYACUCHO;050000;9;277;530;20,69;14,18;2,32;2,27;3,03;971;906;65;2255;2058;197;97
2021;06;TT;TODAS CONSOLIDADAS;03;3 ESTRELLAS;CAJAMARCA;060000;108;2712;4481;24,24;16,29;1,97;1,97;1,86;11122;11011;111;21901;21695;206;526
2021;06;TT;TODAS CONSOLIDADAS;03;3 ESTRELLAS;CALLAO;070000;4;233;396;26,21;23,27;1,63;1,47;2,42;1701;1427;274;2765;2101;664;40
2021;06;TT;TODAS CONSOLIDADAS;03;3 ESTRELLAS;CUSCO;080000;85;2745;5237;17,32;12,96;2,2;2,35;1,92;9262;5978;3284;20364;14068;6296;609
2021;06;TT;TODAS CONSOLIDADAS;03;3 ESTRELLAS;HUANCAVELICA;090000;4;85;131;8,2;6,46;1,3;1,3;0;196;196;0;254;254;0;14
2021;06;TT;TODAS CONSOLIDADAS;03;3 ESTRELLAS;HUÁNUCO;100000;15;559;1021;40,82;39,24;1,61;1,61;1,7;7453;7351;102;12018;11845;173;130
2021;06;TT;TODAS CONSOLIDADAS;03;3 ESTRELLAS;ICA;110000;81;2303;4556;25,09;18,43;1,49;1,5;1,39;16852;15939;913;25189;23924;1265;495
2021;06;TT;TODAS CONSOLIDADAS;03;3 ESTRELLAS;JUNÍN;120000;21;741;1386;21,64;14,63;1,55;1,56;1,35;3914;3891;23;6084;6053;31;187
2021;06;TT;TODAS CONSOLIDADAS;03;3 ESTRELLAS;LA LIBERTAD;130000;140;3260;6171;32,11;24,24;1,53;1,51;2,5;29286;28662;624;44884;43324;1560;670
2021;06;TT;TODAS CONSOLIDADAS;03;3 ESTRELLAS;LAMBAYEQUE;140000;57;1526;2491;19,36;14,39;1,52;1,51;1,56;7093;6922;171;10752;10486;266;284
2021;06;TT;TODAS CONSOLIDADAS;03;3 ESTRELLAS;LIMA;150000;173;8017;15220;26,26;21,69;1,71;1,62;2,22;58269;50287;7982;99453;81713;17740;1637
2021;06;TT;TODAS CONSOLIDADAS;03;3 ESTRELLAS;LORETO;160000;29;743;1264;33,19;25,09;2,75;2,77;2,55;3455;3140;315;9514;8710;804;181
2021;06;TT;TODAS CONSOLIDADAS;03;3 ESTRELLAS;MADRE DE DIOS;170000;6;205;349;20,59;16,28;1,75;1,75;1,81;972;918;54;1704;1606;98;57
2021;06;TT;TODAS CONSOLIDADAS;03;3 ESTRELLAS;MOQUEGUA;180000;13;375;677;36,08;19,99;2,23;2,23;1,43;1822;1815;7;4060;4050;10;66
2021;06;TT;TODAS CONSOLIDADAS;03;3 ESTRELLAS;PASCO;190000;6;134;253;37,29;40,78;1,8;1,8;2,2;1722;1717;5;3095;3084;11;21
2021;06;TT;TODAS CONSOLIDADAS;03;3 ESTRELLAS;PIURA;200000;19;654;1147;19,99;15,05;2,05;2,04;2,07;2532;2290;242;5180;4680;500;172
2021;06;TT;TODAS CONSOLIDADAS;03;3 ESTRELLAS;PUNO;210000;27;848;1529;19,83;15,8;1,95;1,98;1,73;3710;3309;401;7248;6556;692;170
2021;06;TT;TODAS CONSOLIDADAS;03;3 ESTRELLAS;SAN MARTÍN;220000;27;944;1586;17,86;18,98;1,66;1,66;1,56;5444;5237;207;9031;8708;323;167
2021;06;TT;TODAS CONSOLIDADAS;03;3 ESTRELLAS;TACNA;230000;17;522;1100;21;11,51;1,64;1,62;1,91;2321;2215;106;3798;3596;202;127
2021;06;TT;TODAS CONSOLIDADAS;03;3 ESTRELLAS;TUMBES;240000;14;324;654;13,35;9,41;1,75;1,75;0;1057;1057;0;1847;1847;0;35
2021;06;TT;TODAS CONSOLIDADAS;03;3 ESTRELLAS;UCAYALI;250000;18;606;993;27,15;21,79;2,58;2,6;2,22;2515;2398;117;6490;6230;260;148
2021;06;TT;TODAS CONSOLIDADAS;04;4 ESTRELLAS;AREQUIPA;040000;10;439;834;38,7;23,68;1,85;1,85;1,86;3209;3002;207;5924;5540;384;135
2021;06;TT;TODAS CONSOLIDADAS;04;4 ESTRELLAS;CAJAMARCA;060000;3;173;311;68,03;53,5;3,26;3,29;2,04;1533;1486;47;4992;4896;96;69
2021;06;TT;TODAS CONSOLIDADAS;04;4 ESTRELLAS;CALLAO;070000;2;371;599;45,91;48,52;1,42;1,64;1,26;6135;2567;3568;8719;4214;4505;109
2021;06;TT;TODAS CONSOLIDADAS;04;4 ESTRELLAS;ICA;110000;6;583;1157;38,03;23,06;5,58;5,77;2,45;1434;1354;80;8003;7807;196;144
2021;06;TT;TODAS CONSOLIDADAS;04;4 ESTRELLAS;JUNÍN;120000;1;40;66;32,25;19,55;1,57;1,57;0;247;247;0;387;387;0;21
2021;06;TT;TODAS CONSOLIDADAS;04;4 ESTRELLAS;LA LIBERTAD;130000;3;207;322;59,28;42,95;2,8;2,84;2,35;1480;1380;100;4149;3914;235;28
2021;06;TT;TODAS CONSOLIDADAS;04;4 ESTRELLAS;LAMBAYEQUE;140000;4;287;471;38,41;35,12;1,62;1,6;1,94;3070;2883;187;4963;4600;363;190
2021;06;TT;TODAS CONSOLIDADAS;04;4 ESTRELLAS;LIMA;150000;50;4523;8242;32,01;23,34;2,12;2;2,65;27257;22430;4827;57713;44928;12785;1618
2021;06;TT;TODAS CONSOLIDADAS;04;4 ESTRELLAS;LORETO;160000;3;103;173;19,19;20,15;1,38;1,51;1,14;757;494;263;1046;745;301;33
2021;06;TT;TODAS CONSOLIDADAS;04;4 ESTRELLAS;MOQUEGUA;180000;2;123;229;82,52;70,58;10,43;10,34;18,4;465;460;5;4849;4757;92;39
2021;06;TT;TODAS CONSOLIDADAS;04;4 ESTRELLAS;PIURA;200000;2;181;3737;25,29;1,85;2,03;2;2,37;1020;934;86;2071;1867;204;28
2021;06;TT;TODAS CONSOLIDADAS;04;4 ESTRELLAS;PUNO;210000;6;373;707;36,63;22,2;2,28;2,37;1,85;2064;1718;346;4709;4069;640;86
2021;06;TT;TODAS CONSOLIDADAS;04;4 ESTRELLAS;SAN MARTÍN;220000;2;74;146;48,92;49,06;1,77;1,76;2,37;1211;1173;38;2149;2059;90;60
2021;06;TT;TODAS CONSOLIDADAS;04;4 ESTRELLAS;TUMBES;240000;6;667;1324;38,82;44,87;2,61;2,63;2,23;6818;6623;195;17824;17390;434;443
2021;06;TT;TODAS CONSOLIDADAS;05;5 ESTRELLAS;AREQUIPA;040000;3;241;346;60,1;44,16;2,58;2,46;9,61;1780;1752;28;4584;4315;269;120
2021;06;TT;TODAS CONSOLIDADAS;05;5 ESTRELLAS;CUSCO;080000;13;1124;2191;24,28;24,19;1,96;2;1,93;8097;4219;3878;15903;8434;7469;602
2021;06;TT;TODAS CONSOLIDADAS;05;5 ESTRELLAS;ICA;110000;4;460;1046;36,54;29,3;2,57;2,56;2,66;3576;3188;388;9193;8161;1032;429
2021;06;TT;TODAS CONSOLIDADAS;05;5 ESTRELLAS;LIMA;150000;26;4095;7391;42,72;29,35;1,92;1,67;2,91;33954;27164;6790;65074;45299;19775;2132
2021;06;TT;TODAS CONSOLIDADAS;05;5 ESTRELLAS;LORETO;160000;1;60;122;55,22;46,45;2,03;2,12;1,75;839;620;219;1700;1317;383;29
2021;06;TT;TODAS CONSOLIDADAS;05;5 ESTRELLAS;PIURA;200000;1;83;168;52,21;36,88;2,01;1,82;3,19;924;794;130;1859;1444;415;52
2021;06;TT;TODAS CONSOLIDADAS;05;5 ESTRELLAS;UCAYALI;250000;2;165;306;22,67;17,49;2,6;2,62;2,44;617;558;59;1606;1462;144;28
2021;06;TT;TODAS CONSOLIDADAS;12;ALBERGUE;AMAZONAS;010000;1;6;11;0;0;0;0;0;0;0;0;0;0;0;0
2021;06;TT;TODAS CONSOLIDADAS;12;ALBERGUE;ÁNCASH;020000;8;76;172;9,25;6,47;3,59;3,55;3,74;93;74;19;334;263;71;16
2021;06;TT;TODAS CONSOLIDADAS;12;ALBERGUE;AREQUIPA;040000;4;90;222;7,07;6,14;1,53;1,54;1,5;267;209;58;409;322;87;75
2021;06;TT;TODAS CONSOLIDADAS;12;ALBERGUE;CAJAMARCA;060000;1;11;22;0;0;0;0;0;0;0;0;0;0;0;0
2021;06;TT;TODAS CONSOLIDADAS;12;ALBERGUE;CUSCO;080000;18;209;685;12,93;5,52;1,21;1,18;1,24;935;456;479;1134;539;595;64
2021;06;TT;TODAS CONSOLIDADAS;12;ALBERGUE;ICA;110000;2;18;43;4,63;4,03;1,79;1,79;0;29;29;0;52;52;0;5
2021;06;TT;TODAS CONSOLIDADAS;12;ALBERGUE;JUNÍN;120000;1;32;104;20,21;14,62;1,6;1,6;1;285;283;2;456;454;2;13
2021;06;TT;TODAS CONSOLIDADAS;12;ALBERGUE;LIMA;150000;7;116;239;23,13;13,81;3,08;2,66;3,79;321;200;121;990;531;459;36
2021;06;TT;TODAS CONSOLIDADAS;12;ALBERGUE;LORETO;160000;52;681;1446;20,36;14,28;2,17;1,67;3,32;2855;1983;872;6196;3304;2892;191
2021;06;TT;TODAS CONSOLIDADAS;12;ALBERGUE;MADRE DE DIOS;170000;5;107;242;16,73;17,37;2,87;2,95;2,83;440;129;311;1261;380;881;151
2021;06;TT;TODAS CONSOLIDADAS;12;ALBERGUE;PASCO;190000;12;196;533;10,12;5,8;1,29;1,29;1,38;717;696;21;928;899;29;36
2021;06;TT;TODAS CONSOLIDADAS;12;ALBERGUE;PUNO;210000;1;13;35;0;0;0;0;0;0;0;0;0;0;0;0
2021;06;TT;TODAS CONSOLIDADAS;12;ALBERGUE;SAN MARTÍN;220000;10;192;444;15,07;14,71;2,31;2,24;3,63;850;810;40;1960;1815;145;42
2021;06;TT;TODAS CONSOLIDADAS;12;ALBERGUE;UCAYALI;250000;3;37;95;13,69;11,75;6,57;4,31;10,37;51;32;19;335;138;197;14
2021;06;TT;TODAS CONSOLIDADAS;13;ECOLODGE;AREQUIPA;040000;1;23;51;1,88;1,76;1,23;1,25;1;22;20;2;27;25;2;7
2021;06;TT;TODAS CONSOLIDADAS;13;ECOLODGE;SAN MARTÍN;220000;1;12;24;0;0;0;0;0;0;0;0;0;0;0;0
2021;06;TT;TODAS CONSOLIDADAS;TT;TODAS CONSOLIDADAS;AMAZONAS;010000;349;4364;6989;21,19;16,51;1,22;1,22;1,24;30895;29990;905;37617;36477;1140;767
2021;06;TT;TODAS CONSOLIDADAS;TT;TODAS CONSOLIDADAS;ÁNCASH;020000;846;11270;19503;16,33;13,63;1,26;1,26;1,22;80640;79365;1275;95943;94330;1613;1911
2021;06;TT;TODAS CONSOLIDADAS;TT;TODAS CONSOLIDADAS;APURÍMAC;030000;468;4836;7489;16;12,09;1,2;1,19;1,6;22981;22869;112;27673;27501;172;551
2021;06;TT;TODAS CONSOLIDADAS;TT;TODAS CONSOLIDADAS;AREQUIPA;040000;1423;17300;29629;18,88;15,76;1,69;1,68;1,96;85842;82298;3544;146587;139485;7102;3485
2021;06;TT;TODAS CONSOLIDADAS;TT;TODAS CONSOLIDADAS;AYACUCHO;050000;552;6047;9818;7,58;6,42;1,15;1,15;1,03;17544;17312;232;21975;21568;407;840
2021;06;TT;TODAS CONSOLIDADAS;TT;TODAS CONSOLIDADAS;CAJAMARCA;060000;859;12950;20091;16,73;13,21;1,28;1,28;,45;60680;60432;248;83689;83294;395;2189
2021;06;TT;TODAS CONSOLIDADAS;TT;TODAS CONSOLIDADAS;CALLAO;070000;283;4819;8808;31,55;28,26;1,02;1,02;1,05;118535;113443;5092;123183;116735;6448;1204
2021;06;TT;TODAS CONSOLIDADAS;TT;TODAS CONSOLIDADAS;CUSCO;080000;1870;23499;43348;18,4;12,78;1,71;1,7;1,75;101120;73240;27880;178164;127556;50608;4875
2021;06;TT;TODAS CONSOLIDADAS;TT;TODAS CONSOLIDADAS;HUANCAVELICA;090000;179;2154;3361;15,15;12,7;1,08;1,08;1,68;11722;11693;29;12757;12708;49;271
2021;06;TT;TODAS CONSOLIDADAS;TT;TODAS CONSOLIDADAS;HUÁNUCO;100000;549;7840;11966;21,72;18,65;1,09;1,09;1,04;65439;65220;219;74829;74532;297;1151
2021;06;TT;TODAS CONSOLIDADAS;TT;TODAS CONSOLIDADAS;JUNÍN;120000;1277;15372;25431;15,37;11,47;1,18;1,18;1,23;75171;74850;321;92331;91873;458;2133
2021;06;TT;TODAS CONSOLIDADAS;TT;TODAS CONSOLIDADAS;LA LIBERTAD;130000;1102;13451;23623;28,97;19,84;1,21;1,21;1,39;113931;112664;1267;147972;145395;2577;2476
2021;06;TT;TODAS CONSOLIDADAS;TT;TODAS CONSOLIDADAS;LAMBAYEQUE;140000;645;10143;14908;25,83;18,91;1,12;1,12;1,11;71399;70125;1274;81997;80418;1579;1867
2021;06;TT;TODAS CONSOLIDADAS;TT;TODAS CONSOLIDADAS;LIMA;150000;6335;77176;136528;19,6;18,27;1,17;1,16;1,39;2136753;2056405;80347;2527600;2394082;133518;40285
2021;06;TT;TODAS CONSOLIDADAS;TT;TODAS CONSOLIDADAS;LORETO;160000;763;8418;13661;20,49;18,94;1,64;1,56;1,93;46926;38639;8287;79353;63066;16287;1262
2021;06;TT;TODAS CONSOLIDADAS;TT;TODAS CONSOLIDADAS;MADRE DE DIOS;170000;315;4940;8179;23,22;19,15;1,22;1,21;1,38;38745;36232;2513;47384;43491;3893;976
2021;06;TT;TODAS CONSOLIDADAS;TT;TODAS CONSOLIDADAS;MOQUEGUA;180000;258;3403;5855;22,62;15,21;2,16;2,16;3;12606;12536;70;32553;32266;287;529
2021;06;TT;TODAS CONSOLIDADAS;TT;TODAS CONSOLIDADAS;PASCO;190000;320;4056;6700;21,92;16,85;1,15;1,15;1,1;31588;31513;75;37925;37826;99;609
2021;06;TT;TODAS CONSOLIDADAS;TT;TODAS CONSOLIDADAS;PIURA;200000;1012;11869;24882;31,77;24,41;1,68;1,65;2,15;91032;84855;6177;154031;140770;13261;2304
2021;06;TT;TODAS CONSOLIDADAS;TT;TODAS CONSOLIDADAS;PUNO;210000;765;8989;15539;20,12;16,28;1,23;1,25;1,09;60087;55778;4309;79116;73883;5233;1632
2021;06;TT;TODAS CONSOLIDADAS;TT;TODAS CONSOLIDADAS;SAN MARTÍN;220000;772;10462;16728;23,51;18,79;1,26;1,26;1,25;74001;72837;1164;96485;94728;1757;1565
2021;06;TT;TODAS CONSOLIDADAS;TT;TODAS CONSOLIDADAS;TACNA;230000;474;5926;11106;11,99;7,47;1,37;1,37;1,17;19142;18647;495;29021;28314;707;868
2021;06;TT;TODAS CONSOLIDADAS;TT;TODAS CONSOLIDADAS;TUMBES;240000;234;3418;6727;17,45;14,61;2,21;2,21;1,18;16914;16683;231;39970;39489;481;887
2021;07;00;NO CLASIFICADO;00;NO CATEGORIZADO;ÁNCASH;020000;566;5582;9636;16,49;16,14;1,21;1,21;1,31;39998;39843;155;48224;48021;203;944
2021;07;00;NO CLASIFICADO;00;NO CATEGORIZADO;APURÍMAC;030000;449;4236;6514;16,78;12,82;1,15;1,15;1,4;22434;22340;94;25884;25752;132;456
2021;07;00;NO CLASIFICADO;00;NO CATEGORIZADO;AYACUCHO;050000;517;5154;8216;9,49;7,94;1,19;1,19;1,25;16944;15633;1311;20228;18585;1643;577
2021;07;00;NO CLASIFICADO;00;NO CATEGORIZADO;ICA;110000;678;7982;13839;19,88;15,8;1,21;1,2;1,32;55830;51255;4575;67785;61744;6041;1316
2021;07;00;NO CLASIFICADO;00;NO CATEGORIZADO;LORETO;160000;650;6277;9781;23,02;21,21;1,72;1,65;2,19;37287;32120;5167;64317;52990;11327;738
2021;06;05;ALBERGUE;TT;TODAS CONSOLIDADAS;ICA;110000;2;18;43;4,63;4,03;1,79;1,79;0;29;29;0;52;52;0;5
2021;06;TT;TODAS CONSOLIDADAS;TT;TODAS CONSOLIDADAS;ICA;110000;894;13869;24897;19,39;14,47;1,34;1,33;1,35;80888;76180;4708;119696;112765;6931;2822
2021;06;TT;TODAS CONSOLIDADAS;01;1 ESTRELLA;PUNO;210000;25;465;787;19,1;16,5;1,21;1,23;1,01;3227;2907;320;3896;3574;322;62
2021;06;TT;TODAS CONSOLIDADAS;05;5 ESTRELLAS;PUNO;210000;1;123;231;79,24;67,27;1,85;1,83;2,09;2519;2354;165;4662;4317;345;45
2021;06;TT;TODAS CONSOLIDADAS;02;2 ESTRELLAS;PASCO;190000;15;313;571;60,97;46,78;1,31;1,31;1,83;6104;6098;6;8014;8003;11;61
2021;06;TT;TODAS CONSOLIDADAS;03;3 ESTRELLAS;APURÍMAC;030000;5;145;249;28,85;21,83;1,7;1,71;1,46;959;922;37;1631;1577;54;35
2021;06;TT;TODAS CONSOLIDADAS;04;4 ESTRELLAS;CUSCO;080000;10;836;1597;29,94;25,93;2,11;2,01;2,26;5875;3504;2371;12421;7054;5367;204
2021;06;TT;TODAS CONSOLIDADAS;04;4 ESTRELLAS;HUÁNUCO;100000;1;52;90;37,24;27,93;1,91;1,91;0;395;395;0;754;754;0;20
2021;06;TT;TODAS CONSOLIDADAS;04;4 ESTRELLAS;TACNA;230000;1;150;300;38,84;23,09;2,19;2,16;3,67;949;931;18;2078;2012;66;21
2021;06;TT;TODAS CONSOLIDADAS;04;4 ESTRELLAS;UCAYALI;250000;5;289;515;32,57;27,79;2,72;2,69;3,07;1576;1425;151;4293;3829;464;64
2021;06;TT;TODAS CONSOLIDADAS;05;5 ESTRELLAS;LA LIBERTAD;130000;1;120;240;65,5;43,03;2,41;2,46;2,03;1287;1141;146;3098;2802;296;55
2021;06;TT;TODAS CONSOLIDADAS;TT;TODAS CONSOLIDADAS;UCAYALI;250000;466;6097;9638;23,88;19,43;2,27;2,26;2,06;24775;24041;734;57105;55268;1837;1142
2021;07;00;NO CLASIFICADO;00;NO CATEGORIZADO;AMAZONAS;010000;246;2331;3682;22;17,71;1,22;1,22;1,3;16535;16112;423;20218;19670;548;415
2021;07;00;NO CLASIFICADO;00;NO CATEGORIZADO;AREQUIPA;040000;1081;9880;16426;20,02;17,84;1,77;1,75;1,99;51364;48208;3156;90835;84552;6283;1833
2021;07;00;NO CLASIFICADO;00;NO CATEGORIZADO;CAJAMARCA;060000;566;5760;8947;15,38;13,22;1,29;1,29;1,17;28405;28283;122;36668;36525;143;713
2021;07;00;NO CLASIFICADO;00;NO CATEGORIZADO;CALLAO;070000;257;3719;6862;30,56;27,96;1,01;1,01;1,03;100839;99838;1001;101948;100920;1028;987
2021;07;00;NO CLASIFICADO;00;NO CATEGORIZADO;CUSCO;080000;1633;16387;29852;18,48;15,46;1,54;1,44;1,91;92623;71997;20626;143064;103760;39304;2999
2021;07;00;NO CLASIFICADO;00;NO CATEGORIZADO;HUANCAVELICA;090000;173;2009;3128;18,04;14,55;1,1;1,1;1,84;12831;12786;45;14106;14023;83;251
2021;07;00;NO CLASIFICADO;00;NO CATEGORIZADO;HUÁNUCO;100000;450;5263;7757;18,39;15,81;1,1;1,1;1,04;34437;34297;140;38010;37864;146;695
2021;07;00;NO CLASIFICADO;00;NO CATEGORIZADO;JUNÍN;120000;1191;13022;21090;18,31;14,36;1,19;1,19;1,29;78922;78522;400;93911;93395;516;1685
2021;07;00;NO CLASIFICADO;00;NO CATEGORIZADO;LA LIBERTAD;130000;768;6659;11126;35,32;27,75;1,24;1,24;3,27;77225;77192;33;95700;95592;108;1172
2021;07;00;NO CLASIFICADO;00;NO CATEGORIZADO;LAMBAYEQUE;140000;332;3658;5250;29,67;23,66;1,02;1,02;1;37643;37036;607;38502;37895;607;640
2021;07;00;NO CLASIFICADO;00;NO CATEGORIZADO;LIMA;150000;5742;50198;87059;23,92;23,54;1,17;1,18;1,13;2453412;2392310;61102;2880424;2811301;69123;32830
2021;07;00;NO CLASIFICADO;00;NO CATEGORIZADO;UCAYALI;250000;434;4866;7523;25,73;20,72;2,09;2,09;2,25;23131;22758;373;48319;47480;839;871
2021;07;00;NO CLASIFICADO;TT;TODAS CONSOLIDADAS;ÁNCASH;020000;566;5582;9636;16,49;16,14;1,21;1,21;1,31;39998;39843;155;48224;48021;203;944
2021;07;00;NO CLASIFICADO;TT;TODAS CONSOLIDADAS;APURÍMAC;030000;449;4236;6514;16,78;12,82;1,15;1,15;1,4;22434;22340;94;25884;25752;132;456
2021;07;00;NO CLASIFICADO;TT;TODAS CONSOLIDADAS;AREQUIPA;040000;1081;9880;16426;20,02;17,84;1,77;1,75;1,99;51364;48208;3156;90835;84552;6283;1833
2021;07;00;NO CLASIFICADO;TT;TODAS CONSOLIDADAS;CAJAMARCA;060000;566;5760;8947;15,38;13,22;1,29;1,29;1,17;28405;28283;122;36668;36525;143;713
2021;07;00;NO CLASIFICADO;TT;TODAS CONSOLIDADAS;CALLAO;070000;257;3719;6862;30,56;27,96;1,01;1,01;1,03;100839;99838;1001;101948;100920;1028;987
2021;07;00;NO CLASIFICADO;TT;TODAS CONSOLIDADAS;CUSCO;080000;1633;16387;29852;18,48;15,46;1,54;1,44;1,91;92623;71997;20626;143064;103760;39304;2999
2021;07;00;NO CLASIFICADO;TT;TODAS CONSOLIDADAS;HUÁNUCO;100000;450;5263;7757;18,39;15,81;1,1;1,1;1,04;34437;34297;140;38010;37864;146;695
2021;07;00;NO CLASIFICADO;TT;TODAS CONSOLIDADAS;JUNÍN;120000;1191;13022;21090;18,31;14,36;1,19;1,19;1,29;78922;78522;400;93911;93395;516;1685
2021;07;00;NO CLASIFICADO;TT;TODAS CONSOLIDADAS;LA LIBERTAD;130000;768;6659;11126;35,32;27,75;1,24;1,24;3,27;77225;77192;33;95700;95592;108;1172
2021;07;00;NO CLASIFICADO;TT;TODAS CONSOLIDADAS;LAMBAYEQUE;140000;332;3658;5250;29,67;23,66;1,02;1,02;1;37643;37036;607;38502;37895;607;640
2021;07;00;NO CLASIFICADO;TT;TODAS CONSOLIDADAS;LIMA;150000;5742;50198;87059;23,92;23,54;1,17;1,18;1,13;2453412;2392310;61102;2880424;2811301;69123;32830
2021;07;00;NO CLASIFICADO;TT;TODAS CONSOLIDADAS;PASCO;190000;270;3062;4773;20,31;17,64;1,17;1,17;1;22320;22295;25;26100;26075;25;438
2021;07;00;NO CLASIFICADO;TT;TODAS CONSOLIDADAS;SAN MARTÍN;220000;682;8065;12561;31,87;26,63;1,33;1,32;1,7;78222;77502;720;103688;102461;1227;1086
2021;07;01;HOTEL;01;1 ESTRELLA;APURÍMAC;030000;2;80;115;20,93;16,91;1;1;0;603;603;0;603;603;0;10
2021;07;01;HOTEL;01;1 ESTRELLA;AREQUIPA;040000;6;199;329;25,08;13,87;2,46;2,45;2,72;575;546;29;1415;1336;79;33
2021;07;01;HOTEL;01;1 ESTRELLA;CAJAMARCA;060000;6;170;284;9,81;8,86;1,21;1,22;1,08;643;631;12;780;767;13;27
2021;07;01;HOTEL;01;1 ESTRELLA;CALLAO;070000;1;37;74;0;0;0;0;0;0;0;0;0;0;0;0
2021;07;01;HOTEL;01;1 ESTRELLA;CUSCO;080000;5;127;225;21,56;17,88;1,07;1,07;1,08;1164;1152;12;1247;1234;13;20
2021;07;01;HOTEL;01;1 ESTRELLA;ICA;110000;5;102;130;0;0;0;0;0;0;0;0;0;0;0;0
2021;07;01;HOTEL;01;1 ESTRELLA;JUNÍN;120000;5;210;396;15,12;10,75;1,49;1,49;0;883;883;0;1320;1320;0;22
2021;07;01;HOTEL;01;1 ESTRELLA;LA LIBERTAD;130000;2;46;88;0;0;0;0;0;0;0;0;0;0;0;0
2021;07;01;HOTEL;01;1 ESTRELLA;LAMBAYEQUE;140000;3;103;149;0;0;0;0;0;0;0;0;0;0;0;0
2021;07;01;HOTEL;01;1 ESTRELLA;LIMA;150000;10;403;684;43,09;42,74;1,05;1,05;1;7593;7517;77;7993;7917;77;53
2021;07;01;HOTEL;02;2 ESTRELLAS;APURÍMAC;030000;4;180;311;11,61;10,37;1,09;1,09;1,67;918;915;3;1000;995;5;16
2021;07;01;HOTEL;02;2 ESTRELLAS;AREQUIPA;040000;40;1169;2024;17,36;14,18;1,53;1,53;1,73;5811;5762;49;8900;8815;85;181
2021;07;01;HOTEL;02;2 ESTRELLAS;CAJAMARCA;060000;39;1687;2291;14,25;13,54;1,15;1,15;1;8383;8382;1;9615;9614;1;174
2021;07;01;HOTEL;02;2 ESTRELLAS;CALLAO;070000;1;40;67;1,94;1,73;1,29;1,17;1,38;28;12;16;36;14;22;3
2021;07;01;HOTEL;02;2 ESTRELLAS;CUSCO;080000;44;1099;1974;12,12;12,64;1,54;1,48;1,95;5026;4367;659;7737;6453;1284;251
2021;07;01;HOTEL;02;2 ESTRELLAS;HUANCAVELICA;090000;2;42;73;28,57;24,52;1,49;1,49;0;373;373;0;555;555;0;9
2021;07;01;HOTEL;02;2 ESTRELLAS;ICA;110000;51;1371;2380;25,2;19,03;1,91;1,9;2,34;7355;7143;212;14039;13543;496;230
2021;07;01;HOTEL;02;2 ESTRELLAS;JUNÍN;120000;27;835;1461;32,79;23,13;1,67;1,66;3,42;6276;6240;36;10476;10353;123;123
2021;07;01;HOTEL;02;2 ESTRELLAS;LA LIBERTAD;130000;21;589;958;52,12;49,67;2,31;2,31;2,34;6392;6175;217;14752;14244;508;105
2021;07;01;HOTEL;02;2 ESTRELLAS;LAMBAYEQUE;140000;70;1997;2992;21,15;16,11;1,22;1,22;1,19;12242;12133;109;14941;14811;130;297
2021;07;01;HOTEL;02;2 ESTRELLAS;LIMA;150000;121;5282;9304;37,36;34,59;1,37;1,36;1,58;84700;82785;1915;115829;112811;3018;941
2021;07;01;HOTEL;02;2 ESTRELLAS;LORETO;160000;15;377;605;19,5;17,41;1,73;1,72;1,75;1893;1606;287;3266;2763;503;62
2021;07;01;HOTEL;02;2 ESTRELLAS;MADRE DE DIOS;170000;7;202;350;39,89;30,85;1,27;1,24;2,19;2629;2545;84;3347;3163;184;29
2021;07;00;NO CLASIFICADO;00;NO CATEGORIZADO;MADRE DE DIOS;170000;285;4089;6703;26,52;22,37;1,18;1,17;1,36;39461;37812;1649;46480;44244;2236;669
2021;07;00;NO CLASIFICADO;TT;TODAS CONSOLIDADAS;MADRE DE DIOS;170000;285;4089;6703;26,52;22,37;1,18;1,17;1,36;39461;37812;1649;46480;44244;2236;669
2021;07;01;HOTEL;01;1 ESTRELLA;MADRE DE DIOS;170000;4;153;253;23,34;21,01;1,04;1,04;1;1586;1559;27;1648;1621;27;21
2021;07;00;NO CLASIFICADO;00;NO CATEGORIZADO;MOQUEGUA;180000;157;1484;2525;17,91;11,62;1,58;1,57;2,24;5774;5736;38;9098;9013;85;190
2021;07;00;NO CLASIFICADO;TT;TODAS CONSOLIDADAS;MOQUEGUA;180000;157;1484;2525;17,91;11,62;1,58;1,57;2,24;5774;5736;38;9098;9013;85;190
2021;07;01;HOTEL;01;1 ESTRELLA;MOQUEGUA;180000;1;21;42;10,45;10,45;1,89;1,89;0;72;72;0;136;136;0;4
2021;07;00;NO CLASIFICADO;00;NO CATEGORIZADO;PASCO;190000;270;3062;4773;20,31;17,64;1,17;1,17;1;22320;22295;25;26100;26075;25;438
2021;07;01;HOTEL;01;1 ESTRELLA;PASCO;190000;6;168;272;39,23;33,5;1,29;1,29;0;2193;2193;0;2825;2825;0;31
2021;07;00;NO CLASIFICADO;00;NO CATEGORIZADO;PIURA;200000;941;9940;18227;36,62;31,16;1,82;1,79;2,37;96823;92722;4101;176073;166340;9733;1856
2021;07;00;NO CLASIFICADO;TT;TODAS CONSOLIDADAS;PIURA;200000;941;9940;18227;36,62;31,16;1,82;1,79;2,37;96823;92722;4101;176073;166340;9733;1856
2021;07;01;HOTEL;01;1 ESTRELLA;PIURA;200000;2;40;87;0;0;0;0;0;0;0;0;0;0;0;0
2021;07;00;NO CLASIFICADO;00;NO CATEGORIZADO;PUNO;210000;651;6197;10511;22,52;17,7;1,16;1,18;1,05;49569;43893;5676;57690;51709;5981;1122
2021;07;00;NO CLASIFICADO;TT;TODAS CONSOLIDADAS;PUNO;210000;651;6197;10511;22,52;17,7;1,16;1,18;1,05;49569;43893;5676;57690;51709;5981;1122
2021;07;01;HOTEL;01;1 ESTRELLA;PUNO;210000;4;111;190;21,21;17,84;2,98;2,98;0;353;353;0;1051;1051;0;13
2021;07;00;NO CLASIFICADO;00;NO CATEGORIZADO;SAN MARTÍN;220000;682;8065;12561;31,87;26,63;1,33;1,32;1,7;78222;77502;720;103688;102461;1227;1086
2021;07;01;HOTEL;01;1 ESTRELLA;SAN MARTÍN;220000;5;104;178;27,92;27,98;1,16;1,16;1,15;1329;1289;40;1544;1498;46;19
2021;07;00;NO CLASIFICADO;00;NO CATEGORIZADO;TACNA;230000;393;3815;6883;10,75;9,72;1,4;1,41;1,07;14861;14101;760;20740;19927;813;479
2021;07;01;HOTEL;01;1 ESTRELLA;TACNA;230000;2;57;112;30,33;20,39;9,83;9,83;0;72;72;0;708;708;0;5
2021;07;00;NO CLASIFICADO;00;NO CATEGORIZADO;TUMBES;240000;205;2207;4320;21,43;19,8;2;2;2,3;13275;13219;56;26513;26384;129;363
2021;07;00;NO CLASIFICADO;TT;TODAS CONSOLIDADAS;TUMBES;240000;205;2207;4320;21,43;19,8;2;2;2,3;13275;13219;56;26513;26384;129;363
2021;07;00;NO CLASIFICADO;TT;TODAS CONSOLIDADAS;AMAZONAS;010000;246;2331;3682;22;17,71;1,22;1,22;1,3;16535;16112;423;20218;19670;548;415
2021;07;01;HOTEL;01;1 ESTRELLA;AMAZONAS;010000;1;20;35;0;0;0;0;0;0;0;0;0;0;0;0
2021;07;01;HOTEL;02;2 ESTRELLAS;AMAZONAS;010000;23;588;931;23,04;21,59;1,45;1,45;1,22;4309;4242;67;6230;6148;82;92
2021;07;00;NO CLASIFICADO;TT;TODAS CONSOLIDADAS;AYACUCHO;050000;517;5154;8216;9,49;7,94;1,19;1,19;1,25;16944;15633;1311;20228;18585;1643;577
2021;07;01;HOTEL;01;1 ESTRELLA;AYACUCHO;050000;8;200;345;14,34;13,3;1,95;1,95;1;731;727;4;1422;1418;4;35
2021;07;01;HOTEL;02;2 ESTRELLAS;AYACUCHO;050000;8;257;445;17,4;23,53;1,48;1,49;1,22;2192;2155;37;3246;3201;45;37
2021;07;00;NO CLASIFICADO;TT;TODAS CONSOLIDADAS;HUANCAVELICA;090000;173;2009;3128;18,04;14,55;1,1;1,1;1,84;12831;12786;45;14106;14023;83;251
2021;07;00;NO CLASIFICADO;TT;TODAS CONSOLIDADAS;ICA;110000;678;7982;13839;19,88;15,8;1,21;1,2;1,32;55830;51255;4575;67785;61744;6041;1316
2021;07;00;NO CLASIFICADO;TT;TODAS CONSOLIDADAS;LORETO;160000;650;6277;9781;23,02;21,21;1,72;1,65;2,19;37287;32120;5167;64317;52990;11327;738
2021;07;00;NO CLASIFICADO;TT;TODAS CONSOLIDADAS;TACNA;230000;393;3815;6883;10,75;9,72;1,4;1,41;1,07;14861;14101;760;20740;19927;813;479
2021;07;00;NO CLASIFICADO;TT;TODAS CONSOLIDADAS;UCAYALI;250000;434;4866;7523;25,73;20,72;2,09;2,09;2,25;23131;22758;373;48319;47480;839;871
2021;07;01;HOTEL;01;1 ESTRELLA;ÁNCASH;020000;12;362;565;14,18;10,43;1,09;1,09;0;1669;1669;0;1827;1827;0;50
2021;07;01;HOTEL;02;2 ESTRELLAS;ÁNCASH;020000;40;1080;1972;25,46;20,18;1,5;1,5;1,54;8222;8144;78;12335;12215;120;178
2021;07;01;HOTEL;01;1 ESTRELLA;HUÁNUCO;100000;9;268;400;53,94;41,32;1,11;1,1;1,3;4630;4584;46;5124;5064;60;48
2021;07;01;HOTEL;02;2 ESTRELLAS;HUÁNUCO;100000;39;1205;1889;27,97;24,29;1,13;1,13;1;12590;12582;8;14226;14218;8;186
2021;07;01;HOTEL;02;2 ESTRELLAS;MOQUEGUA;180000;17;541;910;24,59;16,28;3,35;3,39;1,56;1371;1344;27;4592;4550;42;75
2021;07;01;HOTEL;02;2 ESTRELLAS;PASCO;190000;5;151;287;93,04;77;1,33;1,33;0;5144;5144;0;6851;6851;0;33
2021;07;01;HOTEL;02;2 ESTRELLAS;PIURA;200000;19;463;779;25,89;23,08;2,06;2,06;1,5;2710;2698;12;5574;5556;18;84
2021;07;01;HOTEL;02;2 ESTRELLAS;PUNO;210000;20;489;857;14,55;11,03;1,3;1,3;1,11;2260;2180;80;2931;2842;89;65
2021;07;01;HOTEL;02;2 ESTRELLAS;SAN MARTÍN;220000;29;819;1360;36,48;31,57;1,71;1,7;2,03;7794;7560;234;13309;12835;474;141
2021;07;01;HOTEL;02;2 ESTRELLAS;TACNA;230000;29;862;1732;12,04;11,18;1,73;1,73;1,84;3473;3409;64;6001;5883;118;148
2021;07;01;HOTEL;02;2 ESTRELLAS;TUMBES;240000;8;258;549;55,58;34,4;9,34;9,37;4,8;627;622;5;5855;5831;24;49
2021;07;01;HOTEL;02;2 ESTRELLAS;UCAYALI;250000;2;48;65;0;0;0;0;0;0;0;0;0;0;0;0
2021;07;01;HOTEL;03;3 ESTRELLAS;AMAZONAS;010000;11;250;438;34,25;32,71;1,73;1,82;1,35;2572;2078;494;4441;3776;665;70
2021;07;01;HOTEL;03;3 ESTRELLAS;ÁNCASH;020000;39;1359;2380;31;26,36;1,46;1,45;1,99;13311;13097;214;19447;19022;425;280
2021;07;01;HOTEL;03;3 ESTRELLAS;APURÍMAC;030000;3;98;172;43,22;35,43;1,17;1,17;1,29;1613;1596;17;1889;1867;22;19
2021;07;01;HOTEL;03;3 ESTRELLAS;AREQUIPA;040000;64;1899;3536;29,66;19,74;2,17;2,2;1,77;9962;9409;553;21638;20659;979;507
2021;07;01;HOTEL;03;3 ESTRELLAS;AYACUCHO;050000;7;239;454;28,57;24,6;2,23;2,21;2,56;1551;1456;95;3462;3219;243;80
2021;07;01;HOTEL;03;3 ESTRELLAS;CAJAMARCA;060000;61;1970;3254;33,44;20,92;1,89;1,89;1,96;11159;11107;52;21106;21004;102;394
2021;07;01;HOTEL;03;3 ESTRELLAS;CALLAO;070000;4;233;396;25,56;24,35;1,33;1,25;1,56;2255;1724;531;2989;2159;830;40
2021;07;01;HOTEL;03;3 ESTRELLAS;CUSCO;080000;71;2620;5038;26,26;22,51;2,05;2,08;1,97;17188;12031;5157;35153;24978;10175;616
2021;07;01;HOTEL;03;3 ESTRELLAS;HUANCAVELICA;090000;2;65;108;12,85;9,26;1,31;1,31;1;237;235;2;310;308;2;14
2021;07;01;HOTEL;03;3 ESTRELLAS;HUÁNUCO;100000;14;552;1021;41,98;41,62;1,7;1,7;1,69;7732;7671;61;13172;13069;103;132
2021;07;01;HOTEL;03;3 ESTRELLAS;ICA;110000;47;1657;3361;33,75;31,14;1,6;1,61;1,32;20331;19397;934;32445;31214;1231;364
2021;07;01;HOTEL;03;3 ESTRELLAS;JUNÍN;120000;20;764;1411;19,6;15,49;1,4;1,4;1,35;4851;4803;48;6777;6712;65;165
2021;07;01;HOTEL;03;3 ESTRELLAS;LA LIBERTAD;130000;81;2311;4412;35,01;25,68;1,85;1,85;1,95;18963;18303;660;35127;33838;1289;507
2021;07;01;HOTEL;03;3 ESTRELLAS;LAMBAYEQUE;140000;36;1228;2053;22,9;19;1,5;1,5;1,71;8052;7935;117;12089;11889;200;218
2021;07;01;HOTEL;03;3 ESTRELLAS;LIMA;150000;152;7516;14203;31,09;26,79;1,73;1,66;2,13;68084;57084;11000;117953;94540;23413;1516
2021;07;01;HOTEL;03;3 ESTRELLAS;LORETO;160000;21;653;1118;41,4;31,01;3,05;3,1;2,63;3523;3137;386;10747;9731;1016;151
2021;07;01;HOTEL;03;3 ESTRELLAS;MADRE DE DIOS;170000;5;183;320;39,08;32,41;1,96;1,96;1,91;1644;1503;141;3215;2946;269;55
2021;07;01;HOTEL;03;3 ESTRELLAS;MOQUEGUA;180000;10;323;587;59,09;32,57;2,32;2,32;1,75;2560;2556;4;5927;5920;7;66
2021;07;01;HOTEL;03;3 ESTRELLAS;PASCO;190000;4;114;217;62,31;55,98;1,76;1,76;2,33;2140;2128;12;3766;3738;28;17
2021;07;01;HOTEL;03;3 ESTRELLAS;PIURA;200000;16;603;1040;24,63;21,81;2,04;2,05;1,97;3451;2918;533;7031;5980;1051;157
2021;07;01;HOTEL;03;3 ESTRELLAS;PUNO;210000;23;761;1459;20,36;15,07;1,66;1,65;1,71;4117;3572;545;6815;5884;931;140
2021;07;01;HOTEL;03;3 ESTRELLAS;SAN MARTÍN;220000;20;833;1392;25,41;29,92;1,71;1,71;1,84;7552;7449;103;12912;12722;190;141
2021;07;01;HOTEL;03;3 ESTRELLAS;TACNA;230000;12;430;905;24,46;15,75;1,89;1,89;2,09;2335;2261;74;4419;4264;155;108
2021;07;01;HOTEL;03;3 ESTRELLAS;TUMBES;240000;8;234;464;2,72;3,23;1;1;0;465;465;0;465;465;0;43
2021;07;01;HOTEL;03;3 ESTRELLAS;UCAYALI;250000;16;561;922;34,11;27,03;2,24;2,24;2,13;3456;3276;180;7725;7342;383;140
2021;07;01;HOTEL;04;4 ESTRELLAS;AREQUIPA;040000;10;452;869;42,61;28,64;1,81;1,81;1,74;4273;4081;192;7714;7379;335;146
2021;07;01;HOTEL;04;4 ESTRELLAS;CAJAMARCA;060000;4;214;393;64,65;52,66;2,85;2,87;2,49;2248;2175;73;6416;6234;182;97
2021;07;01;HOTEL;04;4 ESTRELLAS;CALLAO;070000;2;371;599;54,57;50,17;1,43;1,67;1,28;6496;2564;3932;9316;4284;5032;103
2021;07;01;HOTEL;04;4 ESTRELLAS;CUSCO;080000;10;836;1598;41,17;40,02;2,17;2,16;2,17;9152;6204;2948;19823;13417;6406;212
2021;07;01;HOTEL;04;4 ESTRELLAS;HUÁNUCO;100000;1;61;104;34;30,06;1,71;1,71;2;568;567;1;969;967;2;24
2021;07;01;HOTEL;04;4 ESTRELLAS;ICA;110000;6;583;1157;52,54;36,54;3,83;4,01;1,71;3423;3151;272;13105;12640;465;142
2021;07;01;HOTEL;04;4 ESTRELLAS;JUNÍN;120000;1;40;66;37,82;35,92;2,39;2,39;0;307;307;0;735;735;0;21
2021;07;01;HOTEL;04;4 ESTRELLAS;LA LIBERTAD;130000;3;207;322;66,15;55,37;2,29;2,36;1,77;2412;2135;277;5527;5036;491;46
2021;07;01;HOTEL;04;4 ESTRELLAS;LAMBAYEQUE;140000;4;336;553;50,39;51,97;1,6;1,57;2,24;5568;5315;253;8910;8344;566;197
2021;07;01;HOTEL;04;4 ESTRELLAS;LIMA;150000;40;3826;6804;30,73;24,57;1,95;1,84;2,34;26583;20802;5781;51820;38295;13525;1166
2021;07;01;HOTEL;04;4 ESTRELLAS;LORETO;160000;2;90;150;21,83;21,03;1,05;1,05;1,08;934;885;49;978;925;53;27
2021;07;01;HOTEL;04;4 ESTRELLAS;MOQUEGUA;180000;2;123;229;70,78;78,79;8,71;8,52;25,71;642;635;7;5593;5413;180;40
2021;07;01;HOTEL;04;4 ESTRELLAS;PIURA;200000;2;180;3735;39,48;3,34;1,92;1,88;2,4;2018;1877;141;3870;3531;339;37
2021;07;01;HOTEL;04;4 ESTRELLAS;PUNO;210000;7;447;843;31,19;22,13;2,13;2,21;1,83;2713;2143;570;5784;4741;1043;94
2021;07;01;HOTEL;04;4 ESTRELLAS;SAN MARTÍN;220000;1;50;108;90,97;84,23;1,72;1,73;1,5;1636;1620;16;2820;2796;24;48
2021;07;01;HOTEL;04;4 ESTRELLAS;TACNA;230000;1;150;300;45,18;28,72;2,21;2,19;3,72;1209;1191;18;2671;2604;67;21
2021;07;01;HOTEL;04;4 ESTRELLAS;TUMBES;240000;5;265;520;14,84;14,85;1,78;1,82;1,39;1344;1235;109;2394;2242;152;73
2021;07;01;HOTEL;04;4 ESTRELLAS;UCAYALI;250000;5;289;515;39,73;35,87;2,57;2,5;3,27;2231;2048;183;5726;5128;598;64
2021;07;01;HOTEL;05;5 ESTRELLAS;AREQUIPA;040000;3;241;346;55,45;44,47;1,97;1,96;2,26;2421;2326;95;4770;4555;215;120
2021;07;01;HOTEL;05;5 ESTRELLAS;CUSCO;080000;13;1124;2191;38,67;39,68;1,98;2,03;1,88;13635;8728;4907;26954;17709;9245;616
2021;07;01;HOTEL;05;5 ESTRELLAS;ICA;110000;3;345;796;54,97;47,14;2,25;2,26;2,16;5162;4633;529;11633;10493;1140;339
2021;07;01;HOTEL;05;5 ESTRELLAS;LA LIBERTAD;130000;1;120;240;76,59;59,52;2,34;2,3;2,66;1895;1722;173;4428;3968;460;57
2021;07;01;HOTEL;05;5 ESTRELLAS;LIMA;150000;20;3696;6717;46,88;32,44;1,74;1,54;2,44;38809;30142;8667;67547;46385;21162;2046
2021;07;01;HOTEL;05;5 ESTRELLAS;LORETO;160000;1;60;122;75;61,53;2,26;2,31;2,13;1030;729;301;2327;1685;642;49
2021;07;01;HOTEL;05;5 ESTRELLAS;PIURA;200000;1;83;168;72,06;58,85;2,09;1,98;2,87;1467;1293;174;3065;2566;499;52
2021;07;01;HOTEL;05;5 ESTRELLAS;PUNO;210000;1;123;231;83,43;68,47;1,77;1,74;2,26;2772;2635;137;4903;4593;310;45
2021;07;01;HOTEL;05;5 ESTRELLAS;UCAYALI;250000;2;165;306;30,79;30,11;2,48;2,47;2,52;1153;1068;85;2856;2642;214;28
2021;07;01;HOTEL;TT;TODAS CONSOLIDADAS;AMAZONAS;010000;35;858;1404;25,77;24,52;1,55;1,57;1,33;6881;6320;561;10671;9924;747;162
2021;07;01;HOTEL;TT;TODAS CONSOLIDADAS;ÁNCASH;020000;91;2801;4917;26,69;22,05;1,45;1,44;1,87;23202;22910;292;33609;33064;545;508
2021;07;01;HOTEL;TT;TODAS CONSOLIDADAS;APURÍMAC;030000;9;358;598;22,35;18,84;1,11;1,11;1,35;3134;3114;20;3492;3465;27;45
2021;07;01;HOTEL;TT;TODAS CONSOLIDADAS;AREQUIPA;040000;123;3960;7104;28,84;20,18;1,93;1,93;1,84;23042;22124;918;44437;42744;1693;987
2021;07;01;HOTEL;TT;TODAS CONSOLIDADAS;AYACUCHO;050000;23;696;1244;20,36;21,08;1,82;1,81;2,15;4474;4338;136;8130;7838;292;152
2021;07;01;HOTEL;TT;TODAS CONSOLIDADAS;CAJAMARCA;060000;110;4041;6222;26,09;19,66;1,69;1,69;2,16;22433;22295;138;37917;37619;298;692
2021;07;01;HOTEL;TT;TODAS CONSOLIDADAS;CALLAO;070000;8;681;1136;40,8;37,49;1,41;1,5;1,31;10033;4914;5119;14104;7379;6725;167
2021;07;01;HOTEL;TT;TODAS CONSOLIDADAS;CUSCO;080000;143;5806;11026;28,03;26,6;1,97;1,96;1,98;46165;32482;13683;90914;63791;27123;1715
2021;07;01;HOTEL;TT;TODAS CONSOLIDADAS;HUANCAVELICA;090000;4;107;181;19,02;15,42;1,42;1,42;1;610;608;2;865;863;2;23
2021;07;01;HOTEL;TT;TODAS CONSOLIDADAS;HUÁNUCO;100000;63;2086;3414;35,19;31,64;1,31;1,31;1,49;25520;25404;116;33491;33318;173;390
2021;07;01;HOTEL;TT;TODAS CONSOLIDADAS;ICA;110000;112;4058;7824;34,52;29,36;1,96;1,98;1,71;36271;34324;1947;71222;67890;3332;1075
2021;07;01;HOTEL;TT;TODAS CONSOLIDADAS;JUNÍN;120000;53;1849;3334;25,44;18,68;1,57;1,56;2,24;12317;12233;84;19308;19120;188;331
2021;07;01;HOTEL;TT;TODAS CONSOLIDADAS;LA LIBERTAD;130000;108;3273;6020;41,09;32,06;2,02;2,01;2,07;29662;28335;1327;59834;57086;2748;715
2021;07;01;HOTEL;TT;TODAS CONSOLIDADAS;LAMBAYEQUE;140000;113;3664;5747;23,82;20,17;1,39;1,38;1,87;25862;25383;479;35940;35044;896;712
2021;07;01;HOTEL;TT;TODAS CONSOLIDADAS;LIMA;150000;343;20723;37712;35,28;28,71;1,68;1,58;2,26;221227;187554;33673;371736;295656;76081;6599
2021;07;01;HOTEL;TT;TODAS CONSOLIDADAS;LORETO;160000;39;1180;1995;34,62;28;2,35;2,38;2,16;7380;6357;1023;17318;15104;2214;289
2021;07;01;HOTEL;TT;TODAS CONSOLIDADAS;MADRE DE DIOS;170000;16;538;923;34,91;28,69;1,4;1,38;1,9;5859;5607;252;8210;7730;480;105
2021;07;01;HOTEL;TT;TODAS CONSOLIDADAS;MOQUEGUA;180000;30;1008;1768;40,99;29,65;3,5;3,48;6,03;4645;4607;38;16248;16019;229;185
2021;07;01;HOTEL;TT;TODAS CONSOLIDADAS;PASCO;190000;15;433;776;64,07;55,88;1,42;1,42;2,33;9477;9465;12;13442;13414;28;81
2021;07;01;HOTEL;TT;TODAS CONSOLIDADAS;PIURA;200000;40;1369;5809;29,17;10,85;2,03;2,01;2,22;9646;8786;860;19540;17633;1907;330
2021;07;01;HOTEL;TT;TODAS CONSOLIDADAS;PUNO;210000;55;1931;3580;25,46;19,36;1,76;1,76;1,78;12215;10883;1332;21484;19111;2373;357
2021;07;01;HOTEL;TT;TODAS CONSOLIDADAS;TACNA;230000;44;1499;3049;19,61;14,6;1,95;1,94;2,18;7089;6933;156;13799;13459;340;282
2021;07;01;HOTEL;TT;TODAS CONSOLIDADAS;TUMBES;240000;21;757;1533;24,98;18,34;3,58;3,68;1,54;2436;2322;114;8714;8538;176;165
2021;07;01;HOTEL;TT;TODAS CONSOLIDADAS;UCAYALI;250000;25;1063;1808;33,58;29,09;2,38;2,36;2,67;6840;6392;448;16307;15112;1195;232
2021;07;02;APART HOTEL;03;3 ESTRELLAS;ÁNCASH;020000;2;16;44;68,15;68,18;16,91;16,91;0;55;55;0;930;930;0;4
2021;07;02;APART HOTEL;03;3 ESTRELLAS;APURÍMAC;030000;1;21;30;48,85;70,32;1,71;1,63;2,58;383;350;33;654;569;85;6
2021;07;02;APART HOTEL;03;3 ESTRELLAS;AREQUIPA;040000;1;18;36;5,38;5,38;2,5;2,5;0;24;24;0;60;60;0;2
2021;07;02;APART HOTEL;03;3 ESTRELLAS;CAJAMARCA;060000;1;7;12;0;0;0;0;0;0;0;0;0;0;0;0
2021;07;02;APART HOTEL;03;3 ESTRELLAS;ICA;110000;1;10;20;4,84;4,84;1,5;1,5;0;20;20;0;30;30;0;4
2021;07;02;APART HOTEL;03;3 ESTRELLAS;LA LIBERTAD;130000;1;11;24;0;0;0;0;0;0;0;0;0;0;0;0
2021;07;02;APART HOTEL;03;3 ESTRELLAS;LORETO;160000;1;20;36;64,19;40,23;3,03;3,02;5;148;147;1;449;444;5;12
2021;07;02;APART HOTEL;03;3 ESTRELLAS;PASCO;190000;1;11;18;11,73;12,72;1,08;1,08;0;66;66;0;71;71;0;4
2021;07;02;APART HOTEL;03;3 ESTRELLAS;TUMBES;240000;2;18;50;69,89;59,29;2,95;2,95;0;311;311;0;919;919;0;15
2021;07;02;APART HOTEL;04;4 ESTRELLAS;AREQUIPA;040000;1;19;32;42,61;57,86;2,22;2,36;1,88;258;185;73;574;437;137;5
2021;07;02;APART HOTEL;04;4 ESTRELLAS;LIMA;150000;10;699;1442;66,75;50,11;2,51;2,32;3,98;8937;7923;1014;22400;18360;4040;454
2021;07;02;APART HOTEL;04;4 ESTRELLAS;LORETO;160000;1;13;23;85,86;56,1;1,16;1,09;1,22;346;175;171;400;191;209;6
2021;07;02;APART HOTEL;04;4 ESTRELLAS;SAN MARTÍN;220000;1;24;38;78,36;92,78;2,29;2,14;3,63;477;429;48;1093;919;174;12
2021;07;02;APART HOTEL;05;5 ESTRELLAS;LIMA;150000;6;399;674;26,62;23,11;3,08;2,97;3,6;1569;1304;265;4828;3874;954;144
2021;07;02;APART HOTEL;TT;TODAS CONSOLIDADAS;ÁNCASH;020000;2;16;44;68,15;68,18;16,91;16,91;0;55;55;0;930;930;0;4
2021;07;02;APART HOTEL;TT;TODAS CONSOLIDADAS;APURÍMAC;030000;1;21;30;48,85;70,32;1,71;1,63;2,58;383;350;33;654;569;85;6
2021;07;02;APART HOTEL;TT;TODAS CONSOLIDADAS;AREQUIPA;040000;2;37;68;24,5;30,08;2,25;2,38;1,88;282;209;73;634;497;137;7
2021;07;02;APART HOTEL;TT;TODAS CONSOLIDADAS;CAJAMARCA;060000;1;7;12;0;0;0;0;0;0;0;0;0;0;0;0
2021;07;02;APART HOTEL;TT;TODAS CONSOLIDADAS;ICA;110000;1;10;20;4,84;4,84;1,5;1,5;0;20;20;0;30;30;0;4
2021;07;02;APART HOTEL;TT;TODAS CONSOLIDADAS;LA LIBERTAD;130000;1;11;24;0;0;0;0;0;0;0;0;0;0;0;0
2021;07;02;APART HOTEL;TT;TODAS CONSOLIDADAS;LIMA;150000;24;1304;2510;48,4;39,07;2,67;2,45;3,97;11402;9790;1612;30400;24003;6397;642
2021;07;02;APART HOTEL;TT;TODAS CONSOLIDADAS;LORETO;160000;2;33;59;72,73;46,42;1,72;1,97;1,24;494;322;172;849;635;214;18
2021;07;02;APART HOTEL;TT;TODAS CONSOLIDADAS;PASCO;190000;1;11;18;11,73;12,72;1,08;1,08;0;66;66;0;71;71;0;4
2021;07;02;APART HOTEL;TT;TODAS CONSOLIDADAS;SAN MARTÍN;220000;1;24;38;78,36;92,78;2,29;2,14;3,63;477;429;48;1093;919;174;12
2021;07;02;APART HOTEL;TT;TODAS CONSOLIDADAS;TUMBES;240000;2;18;50;69,89;59,29;2,95;2,95;0;311;311;0;919;919;0;15
2021;07;03;HOSTAL;01;1 ESTRELLA;AMAZONAS;010000;13;200;302;58,37;57,34;1,39;1,39;1;3863;3862;1;5368;5367;1;32
2021;07;03;HOSTAL;01;1 ESTRELLA;ÁNCASH;020000;41;558;898;28,93;27,44;1,07;1,07;1;7134;7105;29;7638;7609;29;88
2021;07;03;HOSTAL;01;1 ESTRELLA;APURÍMAC;030000;1;10;20;0;0;0;0;0;0;0;0;0;0;0;0
2021;07;03;HOSTAL;01;1 ESTRELLA;AREQUIPA;040000;52;773;1186;22,76;18,18;1,19;1,19;0;5624;5624;0;6684;6684;0;123
2021;07;03;HOSTAL;01;1 ESTRELLA;AYACUCHO;050000;4;91;161;14,14;18,19;2,02;2,02;0;449;449;0;908;908;0;15
2021;07;03;HOSTAL;01;1 ESTRELLA;CAJAMARCA;060000;23;392;631;6,11;5,39;1,2;1,2;1,5;878;874;4;1054;1048;6;68
2021;07;03;HOSTAL;01;1 ESTRELLA;CALLAO;070000;11;204;408;35,34;35,34;1;1;1;4700;4632;67;4700;4632;67;34
2021;07;03;HOSTAL;01;1 ESTRELLA;CUSCO;080000;21;364;601;23,54;21,98;1,15;1,15;1,54;3562;3525;37;4095;4038;57;51
2021;07;03;HOSTAL;01;1 ESTRELLA;HUANCAVELICA;090000;2;29;45;47,16;32,11;1,03;1,03;0;433;433;0;448;448;0;5
2021;07;03;HOSTAL;01;1 ESTRELLA;HUÁNUCO;100000;13;202;306;33,62;21,39;1;1;0;2029;2029;0;2029;2029;0;35
2021;07;03;HOSTAL;01;1 ESTRELLA;ICA;110000;12;166;255;30,72;23,87;1,19;1,19;1;1588;1585;3;1887;1884;3;29
2021;07;03;HOSTAL;01;1 ESTRELLA;JUNÍN;120000;12;171;290;32,6;28,12;1,34;1,34;0;1893;1893;0;2528;2528;0;30
2021;07;03;HOSTAL;01;1 ESTRELLA;LA LIBERTAD;130000;34;473;831;49,62;28,26;1,69;1,69;0;4306;4306;0;7279;7279;0;82
2021;07;03;HOSTAL;01;1 ESTRELLA;LAMBAYEQUE;140000;18;243;321;20,79;19,36;1,15;1,15;1,53;1671;1641;30;1927;1881;46;40
2021;07;03;HOSTAL;01;1 ESTRELLA;LORETO;160000;6;91;134;8,58;12,28;2,95;3,04;1,64;173;162;11;510;492;18;15
2021;07;03;HOSTAL;01;1 ESTRELLA;MADRE DE DIOS;170000;1;35;68;12,53;10,72;2;2;2;113;110;3;226;220;6;3
2021;07;03;HOSTAL;01;1 ESTRELLA;MOQUEGUA;180000;14;188;342;17,26;12,29;1,22;1,22;1,23;1069;1038;31;1303;1265;38;32
2021;07;03;HOSTAL;01;1 ESTRELLA;PASCO;190000;17;291;428;53,52;27,31;1;1;1;3623;3597;26;3624;3598;26;49
2021;07;03;HOSTAL;01;1 ESTRELLA;PIURA;200000;2;36;51;20,25;16;1,78;1,78;0;142;142;0;253;253;0;8
2021;07;03;HOSTAL;01;1 ESTRELLA;PUNO;210000;21;358;605;18,64;15,71;1,07;1,07;1,01;2764;2407;357;2946;2586;360;49
2021;07;03;HOSTAL;01;1 ESTRELLA;TACNA;230000;10;182;320;5,9;4,62;1,3;1,31;1;351;340;11;458;447;11;26
2021;07;03;HOSTAL;02;2 ESTRELLAS;AMAZONAS;010000;49;883;1404;24,85;21,21;1,01;1,01;1;9111;9106;5;9230;9225;5;140
2021;07;03;HOSTAL;02;2 ESTRELLAS;ÁNCASH;020000;123;2019;3443;38,84;36,98;1,06;1,06;1,5;37124;37072;52;39467;39389;78;339
2021;07;03;HOSTAL;02;2 ESTRELLAS;APURÍMAC;030000;6;161;234;24,38;20,51;1,11;1,11;0;1345;1345;0;1488;1488;0;24
2021;07;03;HOSTAL;02;2 ESTRELLAS;AREQUIPA;040000;126;2029;3687;23,96;20,56;1,32;1,31;1,71;17843;17524;319;23500;22953;547;351
2021;07;03;HOSTAL;02;2 ESTRELLAS;AYACUCHO;050000;4;51;93;4,87;3,23;1,6;1,39;1,85;58;31;27;93;43;50;10
2021;07;03;HOSTAL;02;2 ESTRELLAS;CAJAMARCA;060000;109;2029;3138;18,13;15,08;1,3;1,3;1,04;11291;11235;56;14668;14610;58;315
2021;07;03;HOSTAL;02;2 ESTRELLAS;CALLAO;070000;7;205;384;64,27;66,05;1;1;1;10010;9881;130;10033;9903;130;46
2021;07;03;HOSTAL;02;2 ESTRELLAS;CUSCO;080000;52;887;1552;22,77;20,6;1,78;1,7;2,33;5578;4900;678;9911;8329;1582;151
2021;07;03;HOSTAL;02;2 ESTRELLAS;HUANCAVELICA;090000;1;39;71;22,42;16,13;1,3;1,3;0;274;274;0;355;355;0;4
2021;07;03;HOSTAL;02;2 ESTRELLAS;HUÁNUCO;100000;21;292;466;30,11;25,11;1,07;1,07;1;3385;3348;37;3628;3591;37;59
2021;07;03;HOSTAL;02;2 ESTRELLAS;ICA;110000;60;895;1479;19,73;20,06;1,13;1,13;1,06;8154;8060;94;9196;9096;100;152
2021;07;03;HOSTAL;02;2 ESTRELLAS;JUNÍN;120000;21;360;717;34,52;31,57;1,18;1,17;1,88;5970;5954;16;7018;6988;30;68
2021;07;03;HOSTAL;02;2 ESTRELLAS;LA LIBERTAD;130000;131;2202;3988;21,11;18,4;1,14;1,14;1,07;19902;19780;122;22751;22620;131;388
2021;07;03;HOSTAL;02;2 ESTRELLAS;LAMBAYEQUE;140000;158;2307;3203;26,68;18,86;1,08;1,08;1,01;17325;17156;169;18729;18558;171;417
2021;07;03;HOSTAL;02;2 ESTRELLAS;LIMA;150000;130;2944;5401;28,76;28,42;1,37;1,3;2;50247;45223;5024;68858;58819;10039;730
2021;07;03;HOSTAL;02;2 ESTRELLAS;LORETO;160000;5;79;126;66,88;59,96;1,9;1,89;2,22;1235;1199;36;2342;2262;80;19
2021;07;03;HOSTAL;02;2 ESTRELLAS;MADRE DE DIOS;170000;4;111;172;35,48;24,36;1,27;1,27;1,22;1022;981;41;1299;1249;50;18
2021;07;03;HOSTAL;02;2 ESTRELLAS;MOQUEGUA;180000;51;648;1083;35,62;26,39;2,27;2,27;1,86;3901;3880;21;8860;8821;39;120
2021;07;03;HOSTAL;02;2 ESTRELLAS;PASCO;190000;12;197;374;30,64;24,05;1,69;1,67;13,67;1647;1644;3;2788;2747;41;35
2021;07;03;HOSTAL;02;2 ESTRELLAS;PIURA;200000;28;541;869;23,39;22,25;1,49;1,48;1,56;4025;3706;319;5993;5496;497;107
2021;07;03;HOSTAL;02;2 ESTRELLAS;PUNO;210000;33;529;974;19,9;14,18;1,6;1,6;1,25;2679;2659;20;4283;4258;25;83
2021;07;03;HOSTAL;02;2 ESTRELLAS;SAN MARTÍN;220000;16;252;418;41,27;35,89;1,77;1,76;3,2;2634;2629;5;4650;4634;16;54
2021;07;03;HOSTAL;02;2 ESTRELLAS;TACNA;230000;22;380;714;18,51;11,26;1,29;1,29;1,13;1933;1917;16;2493;2475;18;67
2021;07;03;HOSTAL;02;2 ESTRELLAS;TUMBES;240000;5;66;131;12,27;13,03;1,77;1,77;0;299;299;0;529;529;0;18
2021;07;03;HOSTAL;02;2 ESTRELLAS;UCAYALI;250000;2;70;127;30,6;19,89;1,55;1,55;1;505;504;1;783;782;1;13
2021;07;03;HOSTAL;03;3 ESTRELLAS;AMAZONAS;010000;8;147;284;12,6;15,96;1,27;1,27;0;1110;1110;0;1405;1405;0;22
2021;07;03;HOSTAL;03;3 ESTRELLAS;ÁNCASH;020000;23;359;651;28,48;26,66;1,93;1,93;2,55;2783;2772;11;5380;5352;28;70
2021;07;03;HOSTAL;03;3 ESTRELLAS;APURÍMAC;030000;1;24;43;43,28;24,16;1,48;1,48;1,67;217;214;3;322;317;5;7
2021;07;03;HOSTAL;03;3 ESTRELLAS;AREQUIPA;040000;35;552;965;31,07;21,64;2,12;2,11;2,24;3052;2897;155;6473;6126;347;134
2021;07;03;HOSTAL;03;3 ESTRELLAS;AYACUCHO;050000;2;38;77;39,9;31,42;2,17;2,14;2,43;345;308;37;750;660;90;18
2021;07;03;HOSTAL;03;3 ESTRELLAS;CAJAMARCA;060000;47;744;1209;27,89;22,77;1,44;1,43;1,77;5926;5835;91;8534;8373;161;132
2021;07;03;HOSTAL;03;3 ESTRELLAS;CUSCO;080000;23;401;776;16,79;14,04;2,01;1,94;2,24;1684;1295;389;3378;2506;872;67
2021;07;03;HOSTAL;03;3 ESTRELLAS;HUANCAVELICA;090000;2;20;23;0;0;0;0;0;0;0;0;0;0;0;0
2021;07;03;HOSTAL;03;3 ESTRELLAS;HUÁNUCO;100000;2;27;50;23,78;23,81;1;1;0;369;369;0;369;369;0;6
2021;07;03;HOSTAL;03;3 ESTRELLAS;ICA;110000;32;590;1119;34,63;23,97;1,34;1,34;1,32;6195;5795;400;8315;7786;529;134
2021;07;03;HOSTAL;03;3 ESTRELLAS;JUNÍN;120000;2;47;93;73,44;61,67;1,44;1,44;2;1235;1234;1;1778;1776;2;40
2021;07;03;HOSTAL;03;3 ESTRELLAS;LA LIBERTAD;130000;58;940;1749;42,13;36,56;1,16;1,16;1,13;17090;16940;150;19822;19653;169;171
2021;07;03;HOSTAL;03;3 ESTRELLAS;LAMBAYEQUE;140000;21;298;443;33,42;24,22;1,27;1,27;1,38;2622;2596;26;3326;3290;36;66
2021;07;03;HOSTAL;03;3 ESTRELLAS;LIMA;150000;16;348;701;18,58;15,78;1,13;1,13;1,03;3111;3081;31;3521;3489;32;69
2021;07;03;HOSTAL;03;3 ESTRELLAS;LORETO;160000;8;117;195;27,6;19,32;1,97;1,99;1,75;592;560;32;1168;1112;56;29
2021;07;03;HOSTAL;03;3 ESTRELLAS;MADRE DE DIOS;170000;1;22;29;8,06;9,68;1,58;1,58;0;55;55;0;87;87;0;2
2021;07;03;HOSTAL;03;3 ESTRELLAS;MOQUEGUA;180000;3;52;90;0;0;0;0;0;0;0;0;0;0;0;0
2021;07;03;HOSTAL;03;3 ESTRELLAS;PASCO;190000;1;9;18;3,58;2,15;1;1;0;12;12;0;12;12;0;3
2021;07;03;HOSTAL;03;3 ESTRELLAS;PIURA;200000;3;51;107;9,93;19,6;2,27;2,12;3,23;286;246;40;650;521;129;14
2021;07;03;HOSTAL;03;3 ESTRELLAS;PUNO;210000;7;152;265;25,11;27,47;2,43;2,43;2,53;929;912;17;2257;2214;43;33
2021;07;03;HOSTAL;03;3 ESTRELLAS;SAN MARTÍN;220000;6;112;237;58,93;52,35;1,7;1,69;1,7;2269;2239;30;3846;3795;51;32
2021;07;03;HOSTAL;03;3 ESTRELLAS;TACNA;230000;6;109;226;17,79;11;2,45;2,15;4;315;265;50;771;571;200;19
2021;07;03;HOSTAL;03;3 ESTRELLAS;TUMBES;240000;5;82;166;47,76;30,78;1,4;1,4;0;1129;1129;0;1584;1584;0;20
2021;07;03;HOSTAL;03;3 ESTRELLAS;UCAYALI;250000;2;45;71;8,67;7,54;1,87;1,87;0;89;89;0;166;166;0;7
2021;07;03;HOSTAL;TT;TODAS CONSOLIDADAS;AMAZONAS;010000;70;1230;1990;28,83;25,94;1,14;1,14;1;14084;14078;6;16003;15997;6;194
2021;07;03;HOSTAL;TT;TODAS CONSOLIDADAS;ÁNCASH;020000;187;2936;4992;35,69;33,92;1,12;1,12;1,47;47041;46949;92;52485;52350;135;497
2021;07;03;HOSTAL;TT;TODAS CONSOLIDADAS;APURÍMAC;030000;8;195;297;25,46;19,66;1,16;1,16;1,67;1562;1559;3;1810;1805;5;31
2021;07;03;HOSTAL;TT;TODAS CONSOLIDADAS;AREQUIPA;040000;213;3354;5838;24,85;20,25;1,38;1,37;1,89;26519;26045;474;36657;35763;894;608
2021;07;03;HOSTAL;TT;TODAS CONSOLIDADAS;AYACUCHO;050000;10;180;331;16,95;17,06;2,06;2,04;2,19;852;788;64;1751;1611;140;43
2021;07;03;HOSTAL;TT;TODAS CONSOLIDADAS;CAJAMARCA;060000;179;3165;4978;18,94;15,72;1,34;1,34;1,49;18095;17944;151;24256;24031;225;515
2021;07;03;HOSTAL;TT;TODAS CONSOLIDADAS;CALLAO;070000;18;409;792;49,38;49,86;1;1;1;13707;13523;185;13727;13542;185;77
2021;07;03;HOSTAL;TT;TODAS CONSOLIDADAS;CUSCO;080000;96;1652;2929;21,49;19,15;1,61;1,53;2,27;10824;9720;1104;17384;14873;2511;269
2021;07;03;HOSTAL;TT;TODAS CONSOLIDADAS;HUANCAVELICA;090000;5;88;139;25,48;18,64;1,14;1,14;0;707;707;0;803;803;0;9
2021;07;03;HOSTAL;TT;TODAS CONSOLIDADAS;HUÁNUCO;100000;36;521;822;31,14;23,65;1,04;1,04;1;5783;5746;37;6026;5989;37;100
2021;07;03;HOSTAL;TT;TODAS CONSOLIDADAS;ICA;110000;104;1651;2853;26,16;21,93;1,22;1,22;1,27;15937;15440;497;19398;18766;632;315
2021;07;03;HOSTAL;TT;TODAS CONSOLIDADAS;JUNÍN;120000;35;578;1100;37,11;33,21;1,24;1,24;1,88;9098;9081;17;11324;11292;32;138
2021;07;03;HOSTAL;TT;TODAS CONSOLIDADAS;LA LIBERTAD;130000;223;3615;6568;30,31;24,48;1,21;1,21;1,1;41298;41026;272;49852;49552;300;641
2021;07;03;HOSTAL;TT;TODAS CONSOLIDADAS;LAMBAYEQUE;140000;197;2848;3967;26,89;19,5;1,11;1,11;1,12;21618;21393;225;23982;23729;253;523
2021;07;03;HOSTAL;TT;TODAS CONSOLIDADAS;LORETO;160000;19;287;455;32,38;28,5;2,01;2,01;1,95;2000;1921;79;4020;3866;154;63
2021;07;03;HOSTAL;TT;TODAS CONSOLIDADAS;MADRE DE DIOS;170000;6;168;269;27,11;19,33;1,35;1,36;1,27;1190;1146;44;1612;1556;56;23
2021;07;03;HOSTAL;TT;TODAS CONSOLIDADAS;MOQUEGUA;180000;68;888;1515;29,65;21,64;2,04;2,05;1,48;4970;4918;52;10163;10086;77;152
2021;07;03;HOSTAL;TT;TODAS CONSOLIDADAS;PASCO;190000;30;497;820;43,55;25,27;1,22;1,21;2,31;5282;5253;29;6424;6357;67;87
2021;07;03;HOSTAL;TT;TODAS CONSOLIDADAS;PIURA;200000;33;628;1027;22,12;21,66;1,55;1,53;1,74;4453;4094;359;6896;6270;626;129
2021;07;03;HOSTAL;TT;TODAS CONSOLIDADAS;PUNO;210000;61;1039;1844;20,23;16,59;1,49;1,52;1,09;6372;5978;394;9486;9058;428;165
2021;07;03;HOSTAL;TT;TODAS CONSOLIDADAS;TACNA;230000;38;671;1260;14,97;9,53;1,43;1,39;2,97;2599;2522;77;3722;3493;229;112
2021;07;03;HOSTAL;TT;TODAS CONSOLIDADAS;TUMBES;240000;10;148;297;31,93;22,95;1,48;1,48;0;1428;1428;0;2113;2113;0;38
2021;07;03;HOSTAL;TT;TODAS CONSOLIDADAS;UCAYALI;250000;4;115;198;22,02;15,46;1,6;1,6;1;594;593;1;949;948;1;20
2021;07;05;ALBERGUE;12;ALBERGUE;AMAZONAS;010000;1;6;11;0;0;0;0;0;0;0;0;0;0;0;0
2021;07;05;ALBERGUE;12;ALBERGUE;ÁNCASH;020000;8;76;172;21,86;12,32;2,82;2,81;2,85;233;180;53;657;506;151;16
2021;07;05;ALBERGUE;12;ALBERGUE;AREQUIPA;040000;6;101;243;33,28;30,25;1,55;1,58;1,4;1472;1197;275;2279;1893;386;85
2021;07;05;ALBERGUE;12;ALBERGUE;CAJAMARCA;060000;1;11;22;0;0;0;0;0;0;0;0;0;0;0;0
2021;07;05;ALBERGUE;12;ALBERGUE;CUSCO;080000;17;216;699;24,57;19,87;1,24;1,24;1,25;3467;1629;1838;4305;2013;2292;67
2021;07;05;ALBERGUE;12;ALBERGUE;ICA;110000;2;18;43;22,94;23,26;1,86;1,86;0;167;167;0;310;310;0;5
2021;07;05;ALBERGUE;12;ALBERGUE;JUNÍN;120000;1;32;104;48,79;41,19;2,04;2,04;1,43;652;645;7;1328;1318;10;16
2021;07;05;ALBERGUE;12;ALBERGUE;LIMA;150000;7;116;239;32,23;25,91;2,27;1,82;3,48;847;618;229;1920;1122;798;36
2021;07;05;ALBERGUE;12;ALBERGUE;LORETO;160000;53;683;1484;21,72;20,29;2,26;1,81;3,32;4133;2911;1222;9333;5272;4061;189
2021;07;05;ALBERGUE;12;ALBERGUE;MADRE DE DIOS;170000;5;107;242;35,09;40,52;2,82;2,85;2,8;1078;478;600;3040;1360;1680;151
2021;07;05;ALBERGUE;12;ALBERGUE;PASCO;190000;14;238;647;19,83;13,39;1,31;1,3;1,9;2047;2005;42;2685;2605;80;52
2021;07;05;ALBERGUE;12;ALBERGUE;PUNO;210000;1;13;35;0;0;0;0;0;0;0;0;0;0;0;0
2021;07;05;ALBERGUE;12;ALBERGUE;SAN MARTÍN;220000;10;192;444;18,36;16,42;2,18;2,03;3,98;1035;954;81;2260;1938;322;53
2021;07;05;ALBERGUE;12;ALBERGUE;UCAYALI;250000;3;37;99;27,03;16,26;2,71;2,23;5;184;152;32;499;339;160;14
2021;07;05;ALBERGUE;TT;TODAS CONSOLIDADAS;AMAZONAS;010000;1;6;11;0;0;0;0;0;0;0;0;0;0;0;0
2021;07;05;ALBERGUE;TT;TODAS CONSOLIDADAS;ÁNCASH;020000;8;76;172;21,86;12,32;2,82;2,81;2,85;233;180;53;657;506;151;16
2021;07;05;ALBERGUE;TT;TODAS CONSOLIDADAS;AREQUIPA;040000;6;101;243;33,28;30,25;1,55;1,58;1,4;1472;1197;275;2279;1893;386;85
2021;07;05;ALBERGUE;TT;TODAS CONSOLIDADAS;CAJAMARCA;060000;1;11;22;0;0;0;0;0;0;0;0;0;0;0;0
2021;07;05;ALBERGUE;TT;TODAS CONSOLIDADAS;CUSCO;080000;17;216;699;24,57;19,87;1,24;1,24;1,25;3467;1629;1838;4305;2013;2292;67
2021;07;05;ALBERGUE;TT;TODAS CONSOLIDADAS;ICA;110000;2;18;43;22,94;23,26;1,86;1,86;0;167;167;0;310;310;0;5
2021;07;05;ALBERGUE;TT;TODAS CONSOLIDADAS;JUNÍN;120000;1;32;104;48,79;41,19;2,04;2,04;1,43;652;645;7;1328;1318;10;16
2021;07;05;ALBERGUE;TT;TODAS CONSOLIDADAS;LIMA;150000;7;116;239;32,23;25,91;2,27;1,82;3,48;847;618;229;1920;1122;798;36
2021;07;05;ALBERGUE;TT;TODAS CONSOLIDADAS;LORETO;160000;53;683;1484;21,72;20,29;2,26;1,81;3,32;4133;2911;1222;9333;5272;4061;189
2021;07;05;ALBERGUE;TT;TODAS CONSOLIDADAS;MADRE DE DIOS;170000;5;107;242;35,09;40,52;2,82;2,85;2,8;1078;478;600;3040;1360;1680;151
2021;07;05;ALBERGUE;TT;TODAS CONSOLIDADAS;PASCO;190000;14;238;647;19,83;13,39;1,31;1,3;1,9;2047;2005;42;2685;2605;80;52
2021;07;05;ALBERGUE;TT;TODAS CONSOLIDADAS;PUNO;210000;1;13;35;0;0;0;0;0;0;0;0;0;0;0;0
2021;07;05;ALBERGUE;TT;TODAS CONSOLIDADAS;SAN MARTÍN;220000;10;192;444;18,36;16,42;2,18;2,03;3,98;1035;954;81;2260;1938;322;53
2021;07;01;HOTEL;TT;TODAS CONSOLIDADAS;SAN MARTÍN;220000;55;1806;3038;32,39;32,48;1,67;1,67;1,87;18311;17918;393;30585;29851;734;349
2021;07;03;HOSTAL;TT;TODAS CONSOLIDADAS;SAN MARTÍN;220000;22;364;655;46,7;41,84;1,73;1,73;1,91;4903;4868;35;8496;8429;67;86
2021;07;02;APART HOTEL;03;3 ESTRELLAS;LIMA;150000;8;206;394;28,31;25,97;3,54;3,14;4,21;896;563;333;3172;1769;1403;44
2021;07;03;HOSTAL;01;1 ESTRELLA;LIMA;150000;75;1544;2859;23,58;23,64;1,1;1,1;1,18;23150;22188;963;25469;24338;1131;303
2021;07;03;HOSTAL;TT;TODAS CONSOLIDADAS;LIMA;150000;221;4836;8961;25,3;24,63;1,25;1,21;1,81;70426;65580;4846;87993;79197;8796;1061
2021;07;05;ALBERGUE;TT;TODAS CONSOLIDADAS;UCAYALI;250000;3;37;99;27,03;16,26;2,71;2,23;5;184;152;32;499;339;160;14
2021;07;14;RESORT;03;3 ESTRELLAS;ICA;110000;1;51;86;0;0;0;0;0;0;0;0;0;0;0;0
2021;07;14;RESORT;04;4 ESTRELLAS;TUMBES;240000;1;402;804;64,37;80,07;2,6;2,6;3,18;7665;7588;77;19957;19712;245;417
2021;07;14;RESORT;05;5 ESTRELLAS;ICA;110000;1;115;250;57;64;2,07;1,95;4,36;2397;2274;123;4960;4424;536;90
2021;07;14;RESORT;TT;TODAS CONSOLIDADAS;ICA;110000;2;166;336;39,49;47,62;2,07;1,95;4,36;2397;2274;123;4960;4424;536;90
2021;07;14;RESORT;TT;TODAS CONSOLIDADAS;TUMBES;240000;1;402;804;64,37;80,07;2,6;2,6;3,18;7665;7588;77;19957;19712;245;417
2021;07;16;ECOLODGE;13;ECOLODGE;AREQUIPA;040000;1;23;51;13,18;14,67;1,17;1,16;1,25;199;187;12;232;217;15;14
2021;07;16;ECOLODGE;13;ECOLODGE;SAN MARTÍN;220000;1;12;24;0;0;0;0;0;0;0;0;0;0;0;0
2021;07;16;ECOLODGE;TT;TODAS CONSOLIDADAS;AREQUIPA;040000;1;23;51;13,18;14,67;1,17;1,16;1,25;199;187;12;232;217;15;14
2021;07;16;ECOLODGE;TT;TODAS CONSOLIDADAS;SAN MARTÍN;220000;1;12;24;0;0;0;0;0;0;0;0;0;0;0;0
2021;07;TT;TODAS CONSOLIDADAS;00;NO CATEGORIZADO;AMAZONAS;010000;246;2331;3682;22;17,71;1,22;1,22;1,3;16535;16112;423;20218;19670;548;415
2021;07;TT;TODAS CONSOLIDADAS;00;NO CATEGORIZADO;ÁNCASH;020000;566;5582;9636;16,49;16,14;1,21;1,21;1,31;39998;39843;155;48224;48021;203;944
2021;07;TT;TODAS CONSOLIDADAS;00;NO CATEGORIZADO;APURÍMAC;030000;449;4236;6514;16,78;12,82;1,15;1,15;1,4;22434;22340;94;25884;25752;132;456
2021;07;TT;TODAS CONSOLIDADAS;00;NO CATEGORIZADO;AREQUIPA;040000;1081;9880;16426;20,02;17,84;1,77;1,75;1,99;51364;48208;3156;90835;84552;6283;1833
2021;07;TT;TODAS CONSOLIDADAS;00;NO CATEGORIZADO;AYACUCHO;050000;517;5154;8216;9,49;7,94;1,19;1,19;1,25;16944;15633;1311;20228;18585;1643;577
2021;07;TT;TODAS CONSOLIDADAS;00;NO CATEGORIZADO;CAJAMARCA;060000;566;5760;8947;15,38;13,22;1,29;1,29;1,17;28405;28283;122;36668;36525;143;713
2021;07;TT;TODAS CONSOLIDADAS;00;NO CATEGORIZADO;CALLAO;070000;257;3719;6862;30,56;27,96;1,01;1,01;1,03;100839;99838;1001;101948;100920;1028;987
2021;07;TT;TODAS CONSOLIDADAS;00;NO CATEGORIZADO;CUSCO;080000;1633;16387;29852;18,48;15,46;1,54;1,44;1,91;92623;71997;20626;143064;103760;39304;2999
2021;07;TT;TODAS CONSOLIDADAS;00;NO CATEGORIZADO;HUANCAVELICA;090000;173;2009;3128;18,04;14,55;1,1;1,1;1,84;12831;12786;45;14106;14023;83;251
2021;07;TT;TODAS CONSOLIDADAS;00;NO CATEGORIZADO;HUÁNUCO;100000;450;5263;7757;18,39;15,81;1,1;1,1;1,04;34437;34297;140;38010;37864;146;695
2021;07;TT;TODAS CONSOLIDADAS;00;NO CATEGORIZADO;ICA;110000;678;7982;13839;19,88;15,8;1,21;1,2;1,32;55830;51255;4575;67785;61744;6041;1316
2021;07;TT;TODAS CONSOLIDADAS;00;NO CATEGORIZADO;LAMBAYEQUE;140000;332;3658;5250;29,67;23,66;1,02;1,02;1;37643;37036;607;38502;37895;607;640
2021;07;TT;TODAS CONSOLIDADAS;00;NO CATEGORIZADO;LIMA;150000;5742;50198;87059;23,92;23,54;1,17;1,18;1,13;2453412;2392310;61102;2880424;2811301;69123;32830
2021;07;TT;TODAS CONSOLIDADAS;00;NO CATEGORIZADO;LORETO;160000;650;6277;9781;23,02;21,21;1,72;1,65;2,19;37287;32120;5167;64317;52990;11327;738
2021;07;TT;TODAS CONSOLIDADAS;00;NO CATEGORIZADO;MADRE DE DIOS;170000;285;4089;6703;26,52;22,37;1,18;1,17;1,36;39461;37812;1649;46480;44244;2236;669
2021;07;TT;TODAS CONSOLIDADAS;00;NO CATEGORIZADO;MOQUEGUA;180000;157;1484;2525;17,91;11,62;1,58;1,57;2,24;5774;5736;38;9098;9013;85;190
2021;07;TT;TODAS CONSOLIDADAS;00;NO CATEGORIZADO;PASCO;190000;270;3062;4773;20,31;17,64;1,17;1,17;1;22320;22295;25;26100;26075;25;438
2021;07;TT;TODAS CONSOLIDADAS;00;NO CATEGORIZADO;PIURA;200000;941;9940;18227;36,62;31,16;1,82;1,79;2,37;96823;92722;4101;176073;166340;9733;1856
2021;07;TT;TODAS CONSOLIDADAS;00;NO CATEGORIZADO;PUNO;210000;651;6197;10511;22,52;17,7;1,16;1,18;1,05;49569;43893;5676;57690;51709;5981;1122
2021;07;TT;TODAS CONSOLIDADAS;00;NO CATEGORIZADO;SAN MARTÍN;220000;682;8065;12561;31,87;26,63;1,33;1,32;1,7;78222;77502;720;103688;102461;1227;1086
2021;07;TT;TODAS CONSOLIDADAS;00;NO CATEGORIZADO;TACNA;230000;393;3815;6883;10,75;9,72;1,4;1,41;1,07;14861;14101;760;20740;19927;813;479
2021;07;TT;TODAS CONSOLIDADAS;00;NO CATEGORIZADO;TUMBES;240000;205;2207;4320;21,43;19,8;2;2;2,3;13275;13219;56;26513;26384;129;363
2021;07;TT;TODAS CONSOLIDADAS;00;NO CATEGORIZADO;UCAYALI;250000;434;4866;7523;25,73;20,72;2,09;2,09;2,25;23131;22758;373;48319;47480;839;871
2021;07;TT;TODAS CONSOLIDADAS;01;1 ESTRELLA;AMAZONAS;010000;14;220;337;53,06;51,38;1,39;1,39;1;3863;3862;1;5368;5367;1;32
2021;07;TT;TODAS CONSOLIDADAS;01;1 ESTRELLA;ÁNCASH;020000;53;920;1463;23,12;20,87;1,08;1,08;1;8803;8774;29;9465;9436;29;138
2021;07;TT;TODAS CONSOLIDADAS;01;1 ESTRELLA;APURÍMAC;030000;3;90;135;18,6;14,41;1;1;0;603;603;0;603;603;0;10
2021;07;TT;TODAS CONSOLIDADAS;01;1 ESTRELLA;AYACUCHO;050000;12;291;506;14,28;14,85;1,97;1,98;1;1180;1176;4;2330;2326;4;50
2021;07;TT;TODAS CONSOLIDADAS;01;1 ESTRELLA;CAJAMARCA;060000;29;562;915;7,23;6,47;1,21;1,21;1,19;1521;1505;16;1834;1815;19;95
2021;07;TT;TODAS CONSOLIDADAS;01;1 ESTRELLA;CUSCO;080000;26;491;826;23,03;20,86;1,13;1,13;1,43;4726;4677;49;5342;5272;70;71
2021;07;TT;TODAS CONSOLIDADAS;01;1 ESTRELLA;HUANCAVELICA;090000;2;29;45;47,16;32,11;1,03;1,03;0;433;433;0;448;448;0;5
2021;07;TT;TODAS CONSOLIDADAS;01;1 ESTRELLA;HUÁNUCO;100000;22;470;706;45,2;32,68;1,07;1,07;1,3;6659;6613;46;7153;7093;60;83
2021;07;TT;TODAS CONSOLIDADAS;01;1 ESTRELLA;ICA;110000;17;268;385;19,03;15,81;1,19;1,19;1;1588;1585;3;1887;1884;3;29
2021;07;TT;TODAS CONSOLIDADAS;01;1 ESTRELLA;JUNÍN;120000;17;381;686;22,96;18,09;1,39;1,39;0;2776;2776;0;3848;3848;0;52
2021;07;TT;TODAS CONSOLIDADAS;01;1 ESTRELLA;LA LIBERTAD;130000;36;519;919;45,22;25,55;1,69;1,69;0;4306;4306;0;7279;7279;0;82
2021;07;TT;TODAS CONSOLIDADAS;01;1 ESTRELLA;LAMBAYEQUE;140000;21;346;470;14,6;13,23;1,15;1,15;1,53;1671;1641;30;1927;1881;46;40
2021;07;TT;TODAS CONSOLIDADAS;01;1 ESTRELLA;LIMA;150000;85;1947;3543;26,49;26,32;1,09;1,09;1,16;30493;29451;1042;33207;31995;1212;356
2021;07;TT;TODAS CONSOLIDADAS;01;1 ESTRELLA;LORETO;160000;6;91;134;8,58;12,28;2,95;3,04;1,64;173;162;11;510;492;18;15
2021;07;TT;TODAS CONSOLIDADAS;01;1 ESTRELLA;MADRE DE DIOS;170000;5;188;321;21,33;18,83;1,1;1,1;1,1;1699;1669;30;1874;1841;33;24
2021;07;TT;TODAS CONSOLIDADAS;01;1 ESTRELLA;MOQUEGUA;180000;15;209;384;16,58;12,09;1,26;1,26;1,23;1141;1110;31;1439;1401;38;36
2021;07;TT;TODAS CONSOLIDADAS;01;1 ESTRELLA;PASCO;190000;23;459;700;48,29;29,72;1,11;1,11;1;5816;5790;26;6449;6423;26;80
2021;07;TT;TODAS CONSOLIDADAS;01;1 ESTRELLA;PIURA;200000;4;76;138;9,59;5,91;1,78;1,78;0;142;142;0;253;253;0;8
2021;07;TT;TODAS CONSOLIDADAS;01;1 ESTRELLA;PUNO;210000;25;469;795;19,25;16,22;1,28;1,32;1,01;3117;2760;357;3997;3637;360;62
2021;07;TT;TODAS CONSOLIDADAS;01;1 ESTRELLA;SAN MARTÍN;220000;5;104;178;27,92;27,98;1,16;1,16;1,15;1329;1289;40;1544;1498;46;19
2021;07;TT;TODAS CONSOLIDADAS;01;1 ESTRELLA;TACNA;230000;12;239;432;11,73;8,71;2,76;2,8;1;423;412;11;1166;1155;11;31
2021;07;TT;TODAS CONSOLIDADAS;02;2 ESTRELLAS;AMAZONAS;010000;72;1471;2335;24,12;21,36;1,15;1,15;1,21;13420;13348;72;15460;15373;87;232
2021;07;TT;TODAS CONSOLIDADAS;02;2 ESTRELLAS;ÁNCASH;020000;163;3099;5415;34,18;30,86;1,14;1,14;1,52;45346;45216;130;51802;51604;198;517
2021;07;TT;TODAS CONSOLIDADAS;02;2 ESTRELLAS;APURÍMAC;030000;10;341;545;17,64;14,73;1,1;1,1;1,67;2263;2260;3;2488;2483;5;40
2021;07;TT;TODAS CONSOLIDADAS;02;2 ESTRELLAS;AREQUIPA;040000;166;3198;5711;21,55;18,3;1,37;1,36;1,72;23654;23286;368;32400;31768;632;532
2021;07;TT;TODAS CONSOLIDADAS;02;2 ESTRELLAS;AYACUCHO;050000;12;308;538;15,32;20,02;1,48;1,48;1,48;2250;2186;64;3339;3244;95;47
2021;07;TT;TODAS CONSOLIDADAS;02;2 ESTRELLAS;CALLAO;070000;8;245;451;50,94;53,63;1;1;1,07;9197;9053;144;9230;9077;154;46
2021;07;TT;TODAS CONSOLIDADAS;02;2 ESTRELLAS;CUSCO;080000;96;1986;3526;16,88;16,15;1,66;1,6;2,14;10604;9267;1337;17648;14782;2866;402
2021;07;TT;TODAS CONSOLIDADAS;02;2 ESTRELLAS;HUANCAVELICA;090000;3;81;144;25,61;20,39;1,41;1,41;0;647;647;0;910;910;0;13
2021;07;TT;TODAS CONSOLIDADAS;02;2 ESTRELLAS;HUÁNUCO;100000;60;1497;2355;28,39;24,46;1,12;1,12;1;15975;15930;45;17854;17809;45;245
2021;07;TT;TODAS CONSOLIDADAS;02;2 ESTRELLAS;JUNÍN;120000;48;1195;2178;33,31;25,91;1,43;1,42;2,94;12246;12194;52;17494;17341;153;191
2021;07;TT;TODAS CONSOLIDADAS;02;2 ESTRELLAS;LA LIBERTAD;130000;152;2791;4946;27,65;24,46;1,43;1,42;1,88;26294;25955;339;37503;36864;639;493
2021;07;TT;TODAS CONSOLIDADAS;02;2 ESTRELLAS;LIMA;150000;251;8226;14705;35,02;32,84;1,37;1,35;1,82;146662;140575;6087;200666;189562;11104;1751
2021;07;TT;TODAS CONSOLIDADAS;02;2 ESTRELLAS;LORETO;160000;20;456;731;27,71;24,75;1,79;1,79;1,8;3128;2805;323;5608;5025;583;81
2021;07;TT;TODAS CONSOLIDADAS;02;2 ESTRELLAS;MADRE DE DIOS;170000;11;313;522;38,33;28,71;1,27;1,25;1,87;3651;3526;125;4646;4412;234;47
2021;07;TT;TODAS CONSOLIDADAS;02;2 ESTRELLAS;MOQUEGUA;180000;68;1189;1993;30,6;21,77;2,55;2,56;1,69;5272;5224;48;13452;13371;81;195
2021;07;TT;TODAS CONSOLIDADAS;02;2 ESTRELLAS;PASCO;190000;17;348;661;57,71;47,04;1,42;1,41;13,67;6791;6788;3;9639;9598;41;68
2021;07;TT;TODAS CONSOLIDADAS;02;2 ESTRELLAS;PUNO;210000;53;1018;1831;17,33;12,71;1,46;1,47;1,14;4939;4839;100;7214;7100;114;148
2021;07;TT;TODAS CONSOLIDADAS;02;2 ESTRELLAS;TACNA;230000;51;1242;2446;14,01;11,2;1,57;1,57;1,7;5406;5326;80;8494;8358;136;215
2021;07;TT;TODAS CONSOLIDADAS;02;2 ESTRELLAS;TUMBES;240000;13;324;680;46,75;30,28;6,89;6,91;4,8;926;921;5;6384;6360;24;67
2021;07;TT;TODAS CONSOLIDADAS;02;2 ESTRELLAS;UCAYALI;250000;4;118;192;18,15;13,16;1,55;1,55;1;505;504;1;783;782;1;13
2021;07;TT;TODAS CONSOLIDADAS;03;3 ESTRELLAS;AMAZONAS;010000;19;397;722;26,23;26,12;1,59;1,63;1,35;3682;3188;494;5846;5181;665;92
2021;07;TT;TODAS CONSOLIDADAS;03;3 ESTRELLAS;ÁNCASH;020000;64;1734;3075;30,82;27,02;1,59;1,59;2,01;16149;15924;225;25757;25304;453;354
2021;07;TT;TODAS CONSOLIDADAS;03;3 ESTRELLAS;APURÍMAC;030000;5;143;245;44,06;37,72;1,29;1,27;2,11;2213;2160;53;2865;2753;112;32
2021;07;TT;TODAS CONSOLIDADAS;03;3 ESTRELLAS;AREQUIPA;040000;100;2469;4537;29,79;20,03;2,16;2,18;1,87;13038;12330;708;28171;26845;1326;643
2021;07;TT;TODAS CONSOLIDADAS;03;3 ESTRELLAS;CAJAMARCA;060000;109;2721;4475;31,84;21,37;1,73;1,73;1,84;17085;16942;143;29640;29377;263;526
2021;07;TT;TODAS CONSOLIDADAS;03;3 ESTRELLAS;CALLAO;070000;4;233;396;25,56;24,35;1,33;1,25;1,56;2255;1724;531;2989;2159;830;40
2021;07;TT;TODAS CONSOLIDADAS;03;3 ESTRELLAS;CUSCO;080000;94;3021;5814;25;21,38;2,04;2,06;1,99;18872;13326;5546;38531;27484;11047;683
2021;07;TT;TODAS CONSOLIDADAS;03;3 ESTRELLAS;HUANCAVELICA;090000;4;85;131;9,83;7,63;1,31;1,31;1;237;235;2;310;308;2;14
2021;07;TT;TODAS CONSOLIDADAS;03;3 ESTRELLAS;HUÁNUCO;100000;16;579;1071;41,13;40,78;1,67;1,67;1,69;8101;8040;61;13541;13438;103;138
2021;07;TT;TODAS CONSOLIDADAS;03;3 ESTRELLAS;ICA;110000;81;2308;4586;33,11;28,69;1,54;1,55;1,32;26546;25212;1334;40790;39030;1760;502
2021;07;TT;TODAS CONSOLIDADAS;03;3 ESTRELLAS;JUNÍN;120000;22;811;1504;22,72;18,35;1,41;1,41;1,37;6086;6037;49;8555;8488;67;205
2021;07;TT;TODAS CONSOLIDADAS;03;3 ESTRELLAS;LA LIBERTAD;130000;140;3262;6185;36,95;28,66;1,52;1,52;1,8;36053;35243;810;54949;53491;1458;678
2021;07;TT;TODAS CONSOLIDADAS;03;3 ESTRELLAS;LAMBAYEQUE;140000;57;1526;2496;24,96;19,92;1,44;1,44;1,65;10674;10531;143;15415;15179;236;284
2021;07;TT;TODAS CONSOLIDADAS;03;3 ESTRELLAS;LIMA;150000;176;8070;15298;30,5;26,28;1,73;1,64;2,19;72308;60881;11427;125137;100149;24988;1634
2021;07;TT;TODAS CONSOLIDADAS;03;3 ESTRELLAS;LORETO;160000;30;790;1349;39,93;29,57;2,9;2,94;2,57;4263;3844;419;12364;11287;1077;192
2021;07;TT;TODAS CONSOLIDADAS;03;3 ESTRELLAS;MADRE DE DIOS;170000;6;205;349;35,75;30,52;1,94;1,95;1,91;1699;1558;141;3302;3033;269;57
2021;07;TT;TODAS CONSOLIDADAS;00;NO CATEGORIZADO;JUNÍN;120000;1191;13022;21090;18,31;14,36;1,19;1,19;1,29;78922;78522;400;93911;93395;516;1685
2021;07;TT;TODAS CONSOLIDADAS;00;NO CATEGORIZADO;LA LIBERTAD;130000;768;6659;11126;35,32;27,75;1,24;1,24;3,27;77225;77192;33;95700;95592;108;1172
2021;07;TT;TODAS CONSOLIDADAS;01;1 ESTRELLA;AREQUIPA;040000;58;972;1515;23,23;17,24;1,31;1,3;2,72;6199;6170;29;8099;8020;79;156
2021;07;TT;TODAS CONSOLIDADAS;01;1 ESTRELLA;CALLAO;070000;12;241;482;35,34;35,34;1;1;1;5127;5054;74;5127;5054;74;38
2021;07;TT;TODAS CONSOLIDADAS;02;2 ESTRELLAS;CAJAMARCA;060000;148;3716;5429;16,37;14,43;1,23;1,23;1,04;19674;19617;57;24283;24224;59;489
2021;07;TT;TODAS CONSOLIDADAS;02;2 ESTRELLAS;ICA;110000;111;2266;3859;23,04;19,42;1,5;1,49;1,95;15509;15203;306;23235;22639;596;382
2021;07;TT;TODAS CONSOLIDADAS;02;2 ESTRELLAS;LAMBAYEQUE;140000;228;4304;6195;24,11;17,53;1,14;1,14;1,08;29567;29289;278;33670;33369;301;714
2021;07;TT;TODAS CONSOLIDADAS;02;2 ESTRELLAS;PIURA;200000;47;1004;1648;24,54;22,64;1,72;1,73;1,56;6735;6404;331;11567;11052;515;191
2021;07;TT;TODAS CONSOLIDADAS;02;2 ESTRELLAS;SAN MARTÍN;220000;45;1071;1778;37,61;32,58;1,72;1,71;2,05;10428;10189;239;17959;17469;490;195
2021;07;TT;TODAS CONSOLIDADAS;03;3 ESTRELLAS;AYACUCHO;050000;9;277;531;30,13;25,59;2,22;2,2;2,52;1896;1764;132;4212;3879;333;98
2021;07;TT;TODAS CONSOLIDADAS;03;3 ESTRELLAS;MOQUEGUA;180000;13;375;677;50,9;28,24;2,32;2,32;1,75;2560;2556;4;5927;5920;7;66
2021;07;TT;TODAS CONSOLIDADAS;03;3 ESTRELLAS;PASCO;190000;6;134;253;54,21;49,08;1,74;1,73;2,33;2218;2206;12;3849;3821;28;24
2021;07;TT;TODAS CONSOLIDADAS;03;3 ESTRELLAS;PIURA;200000;19;654;1147;23,49;21,6;2,06;2,05;2,06;3737;3164;573;7681;6501;1180;171
2021;07;TT;TODAS CONSOLIDADAS;03;3 ESTRELLAS;SAN MARTÍN;220000;26;945;1629;29,38;33,18;1,71;1,7;1,81;9821;9688;133;16758;16517;241;173
2021;07;TT;TODAS CONSOLIDADAS;03;3 ESTRELLAS;TUMBES;240000;15;334;680;17,39;14,08;1,56;1,56;0;1905;1905;0;2968;2968;0;78
2021;07;TT;TODAS CONSOLIDADAS;03;3 ESTRELLAS;UCAYALI;250000;18;606;993;32,22;25,63;2,23;2,23;2,13;3545;3365;180;7891;7508;383;147
2021;07;TT;TODAS CONSOLIDADAS;04;4 ESTRELLAS;AREQUIPA;040000;11;471;901;42,61;29,67;1,83;1,83;1,78;4531;4266;265;8288;7816;472;151
2021;07;TT;TODAS CONSOLIDADAS;04;4 ESTRELLAS;CAJAMARCA;060000;4;214;393;64,65;52,66;2,85;2,87;2,49;2248;2175;73;6416;6234;182;97
2021;07;TT;TODAS CONSOLIDADAS;04;4 ESTRELLAS;CALLAO;070000;2;371;599;54,57;50,17;1,43;1,67;1,28;6496;2564;3932;9316;4284;5032;103
2021;07;TT;TODAS CONSOLIDADAS;04;4 ESTRELLAS;CUSCO;080000;10;836;1598;41,17;40,02;2,17;2,16;2,17;9152;6204;2948;19823;13417;6406;212
2021;07;TT;TODAS CONSOLIDADAS;04;4 ESTRELLAS;HUÁNUCO;100000;1;61;104;34;30,06;1,71;1,71;2;568;567;1;969;967;2;24
2021;07;TT;TODAS CONSOLIDADAS;04;4 ESTRELLAS;ICA;110000;6;583;1157;52,54;36,54;3,83;4,01;1,71;3423;3151;272;13105;12640;465;142
2021;07;TT;TODAS CONSOLIDADAS;04;4 ESTRELLAS;JUNÍN;120000;1;40;66;37,82;35,92;2,39;2,39;0;307;307;0;735;735;0;21
2021;07;TT;TODAS CONSOLIDADAS;04;4 ESTRELLAS;LA LIBERTAD;130000;3;207;322;66,15;55,37;2,29;2,36;1,77;2412;2135;277;5527;5036;491;46
2021;07;TT;TODAS CONSOLIDADAS;04;4 ESTRELLAS;LAMBAYEQUE;140000;4;336;553;50,39;51,97;1,6;1,57;2,24;5568;5315;253;8910;8344;566;197
2021;07;TT;TODAS CONSOLIDADAS;04;4 ESTRELLAS;LIMA;150000;50;4525;8246;36,29;29,03;2,09;1,97;2,58;35520;28725;6795;74220;56655;17565;1620
2021;07;TT;TODAS CONSOLIDADAS;04;4 ESTRELLAS;MOQUEGUA;180000;2;123;229;70,78;78,79;8,71;8,52;25,71;642;635;7;5593;5413;180;40
2021;07;TT;TODAS CONSOLIDADAS;04;4 ESTRELLAS;PIURA;200000;2;180;3735;39,48;3,34;1,92;1,88;2,4;2018;1877;141;3870;3531;339;37
2021;07;TT;TODAS CONSOLIDADAS;04;4 ESTRELLAS;PUNO;210000;7;447;843;31,19;22,13;2,13;2,21;1,83;2713;2143;570;5784;4741;1043;94
2021;07;TT;TODAS CONSOLIDADAS;04;4 ESTRELLAS;SAN MARTÍN;220000;2;74;146;86,88;86,46;1,85;1,81;3,09;2113;2049;64;3913;3715;198;60
2021;07;TT;TODAS CONSOLIDADAS;04;4 ESTRELLAS;TACNA;230000;1;150;300;45,18;28,72;2,21;2,19;3,72;1209;1191;18;2671;2604;67;21
2021;07;TT;TODAS CONSOLIDADAS;04;4 ESTRELLAS;UCAYALI;250000;5;289;515;39,73;35,87;2,57;2,5;3,27;2231;2048;183;5726;5128;598;64
2021;07;TT;TODAS CONSOLIDADAS;05;5 ESTRELLAS;AREQUIPA;040000;3;241;346;55,45;44,47;1,97;1,96;2,26;2421;2326;95;4770;4555;215;120
2021;07;TT;TODAS CONSOLIDADAS;05;5 ESTRELLAS;CUSCO;080000;13;1124;2191;38,67;39,68;1,98;2,03;1,88;13635;8728;4907;26954;17709;9245;616
2021;07;TT;TODAS CONSOLIDADAS;05;5 ESTRELLAS;ICA;110000;4;460;1046;55,48;51,17;2,2;2,16;2,57;7559;6907;652;16593;14917;1676;429
2021;07;TT;TODAS CONSOLIDADAS;05;5 ESTRELLAS;LA LIBERTAD;130000;1;120;240;76,59;59,52;2,34;2,3;2,66;1895;1722;173;4428;3968;460;57
2021;07;TT;TODAS CONSOLIDADAS;05;5 ESTRELLAS;LIMA;150000;26;4095;7391;44,91;31,59;1,79;1,6;2,48;40378;31446;8932;72375;50259;22116;2190
2021;07;TT;TODAS CONSOLIDADAS;05;5 ESTRELLAS;LORETO;160000;1;60;122;75;61,53;2,26;2,31;2,13;1030;729;301;2327;1685;642;49
2021;07;TT;TODAS CONSOLIDADAS;05;5 ESTRELLAS;PIURA;200000;1;83;168;72,06;58,85;2,09;1,98;2,87;1467;1293;174;3065;2566;499;52
2021;07;TT;TODAS CONSOLIDADAS;05;5 ESTRELLAS;PUNO;210000;1;123;231;83,43;68,47;1,77;1,74;2,26;2772;2635;137;4903;4593;310;45
2021;07;TT;TODAS CONSOLIDADAS;05;5 ESTRELLAS;UCAYALI;250000;2;165;306;30,79;30,11;2,48;2,47;2,52;1153;1068;85;2856;2642;214;28
2021;07;TT;TODAS CONSOLIDADAS;12;ALBERGUE;AMAZONAS;010000;1;6;11;0;0;0;0;0;0;0;0;0;0;0;0
2021;07;TT;TODAS CONSOLIDADAS;12;ALBERGUE;ÁNCASH;020000;8;76;172;21,86;12,32;2,82;2,81;2,85;233;180;53;657;506;151;16
2021;07;TT;TODAS CONSOLIDADAS;12;ALBERGUE;AREQUIPA;040000;6;101;243;33,28;30,25;1,55;1,58;1,4;1472;1197;275;2279;1893;386;85
2021;07;TT;TODAS CONSOLIDADAS;12;ALBERGUE;CAJAMARCA;060000;1;11;22;0;0;0;0;0;0;0;0;0;0;0;0
2021;07;TT;TODAS CONSOLIDADAS;12;ALBERGUE;CUSCO;080000;17;216;699;24,57;19,87;1,24;1,24;1,25;3467;1629;1838;4305;2013;2292;67
2021;07;TT;TODAS CONSOLIDADAS;12;ALBERGUE;ICA;110000;2;18;43;22,94;23,26;1,86;1,86;0;167;167;0;310;310;0;5
2021;07;TT;TODAS CONSOLIDADAS;12;ALBERGUE;JUNÍN;120000;1;32;104;48,79;41,19;2,04;2,04;1,43;652;645;7;1328;1318;10;16
2021;07;TT;TODAS CONSOLIDADAS;12;ALBERGUE;LIMA;150000;7;116;239;32,23;25,91;2,27;1,82;3,48;847;618;229;1920;1122;798;36
2021;07;TT;TODAS CONSOLIDADAS;12;ALBERGUE;LORETO;160000;53;683;1484;21,72;20,29;2,26;1,81;3,32;4133;2911;1222;9333;5272;4061;189
2021;07;TT;TODAS CONSOLIDADAS;12;ALBERGUE;MADRE DE DIOS;170000;5;107;242;35,09;40,52;2,82;2,85;2,8;1078;478;600;3040;1360;1680;151
2021;07;TT;TODAS CONSOLIDADAS;12;ALBERGUE;PASCO;190000;14;238;647;19,83;13,39;1,31;1,3;1,9;2047;2005;42;2685;2605;80;52
2021;07;TT;TODAS CONSOLIDADAS;12;ALBERGUE;PUNO;210000;1;13;35;0;0;0;0;0;0;0;0;0;0;0;0
2021;07;TT;TODAS CONSOLIDADAS;12;ALBERGUE;SAN MARTÍN;220000;10;192;444;18,36;16,42;2,18;2,03;3,98;1035;954;81;2260;1938;322;53
2021;07;TT;TODAS CONSOLIDADAS;12;ALBERGUE;UCAYALI;250000;3;37;99;27,03;16,26;2,71;2,23;5;184;152;32;499;339;160;14
2021;07;TT;TODAS CONSOLIDADAS;13;ECOLODGE;AREQUIPA;040000;1;23;51;13,18;14,67;1,17;1,16;1,25;199;187;12;232;217;15;14
2021;07;TT;TODAS CONSOLIDADAS;13;ECOLODGE;SAN MARTÍN;220000;1;12;24;0;0;0;0;0;0;0;0;0;0;0;0
2021;07;TT;TODAS CONSOLIDADAS;TT;TODAS CONSOLIDADAS;AMAZONAS;010000;352;4425;7087;23,84;20,2;1,23;1,23;1,26;37500;36510;990;46892;45591;1301;771
2021;07;TT;TODAS CONSOLIDADAS;TT;TODAS CONSOLIDADAS;ÁNCASH;020000;854;11411;19761;21,4;20,03;1,23;1,23;1,4;110529;109937;592;135905;134871;1034;1969
2021;07;TT;TODAS CONSOLIDADAS;TT;TODAS CONSOLIDADAS;APURÍMAC;030000;467;4810;7439;17,1;13,14;1,15;1,15;1,41;27513;27363;150;31840;31591;249;538
2021;07;TT;TODAS CONSOLIDADAS;TT;TODAS CONSOLIDADAS;AREQUIPA;040000;1426;17355;29730;21,32;18,22;1,73;1,72;1,98;102878;97970;4908;175074;165666;9408;3534
2021;07;TT;TODAS CONSOLIDADAS;TT;TODAS CONSOLIDADAS;AYACUCHO;050000;550;6030;9791;10,06;8,65;1,23;1,23;1,27;22270;20759;1511;30109;28034;2075;772
2021;07;TT;TODAS CONSOLIDADAS;TT;TODAS CONSOLIDADAS;CAJAMARCA;060000;857;12984;20181;17,58;14,41;1,34;1,34;1,24;68933;68522;411;98841;98175;666;1920
2021;07;TT;TODAS CONSOLIDADAS;TT;TODAS CONSOLIDADAS;CALLAO;070000;283;4809;8790;31,44;29,11;1,02;1,02;1,04;123913;118232;5681;128610;121493;7117;1214
2021;07;TT;TODAS CONSOLIDADAS;TT;TODAS CONSOLIDADAS;CUSCO;080000;1889;24061;44506;19,1;16,2;1,57;1,48;1,91;153079;115828;37251;255667;184437;71230;5050
2021;07;TT;TODAS CONSOLIDADAS;TT;TODAS CONSOLIDADAS;HUANCAVELICA;090000;182;2204;3448;18,3;14,68;1,11;1,11;1,78;14148;14101;47;15774;15689;85;283
2021;07;TT;TODAS CONSOLIDADAS;TT;TODAS CONSOLIDADAS;HUÁNUCO;100000;549;7870;11993;21,25;18,18;1,12;1,12;1,07;65740;65447;293;77527;77171;356;1185
2021;07;TT;TODAS CONSOLIDADAS;TT;TODAS CONSOLIDADAS;ICA;110000;899;13885;24915;21,83;17,72;1,3;1,29;1,4;110622;103480;7142;163705;153164;10541;2805
2021;07;TT;TODAS CONSOLIDADAS;TT;TODAS CONSOLIDADAS;JUNÍN;120000;1280;15481;25628;19,05;14,95;1,21;1,21;1,34;100989;100481;508;125871;125125;746;2170
2021;07;TT;TODAS CONSOLIDADAS;TT;TODAS CONSOLIDADAS;LA LIBERTAD;130000;1100;13558;23738;34,91;27,44;1,32;1,32;2,78;148185;146553;1632;205386;202230;3156;2528
2021;07;TT;TODAS CONSOLIDADAS;TT;TODAS CONSOLIDADAS;LAMBAYEQUE;140000;642;10170;14964;26,92;20,99;1,11;1,11;1,11;85123;83812;1311;98424;96668;1756;1875
2021;07;TT;TODAS CONSOLIDADAS;TT;TODAS CONSOLIDADAS;LIMA;150000;6337;77177;136481;24,77;24,1;1,21;1,2;1,21;2779619;2684006;95614;3387948;3241042;146906;40417
2021;07;TT;TODAS CONSOLIDADAS;TT;TODAS CONSOLIDADAS;LORETO;160000;763;8460;13774;23,7;21,57;1,82;1,72;2,27;51294;43631;7663;95837;77867;17970;1297
2021;07;TT;TODAS CONSOLIDADAS;TT;TODAS CONSOLIDADAS;MADRE DE DIOS;170000;312;4902;8137;27,17;22,98;1,22;1,21;1,4;47588;45043;2545;59342;54890;4452;948
2021;07;TT;TODAS CONSOLIDADAS;TT;TODAS CONSOLIDADAS;PASCO;190000;330;4241;7034;24,78;20,39;1,19;1,19;1,72;39192;39084;108;48722;48522;200;662
2021;07;TT;TODAS CONSOLIDADAS;TT;TODAS CONSOLIDADAS;SAN MARTÍN;220000;771;10463;16760;32,02;27,19;1,37;1,37;1,76;102948;101671;1277;146122;143598;2524;1586
2021;07;TT;TODAS CONSOLIDADAS;TT;TODAS CONSOLIDADAS;TACNA;230000;475;5985;11192;11,66;10,09;1,47;1,49;1,21;24549;23556;993;38261;36879;1382;873
2021;07;TT;TODAS CONSOLIDADAS;TT;TODAS CONSOLIDADAS;TUMBES;240000;239;3532;7004;23,14;20,88;2,25;2,25;2,29;25115;24868;247;58216;57666;550;998
2021;07;TT;TODAS CONSOLIDADAS;TT;TODAS CONSOLIDADAS;UCAYALI;250000;466;6081;9628;26,09;21,02;2,1;2,09;2,26;30749;29895;854;66074;63879;2195;1137
2021;08;00;NO CLASIFICADO;00;NO CATEGORIZADO;APURÍMAC;030000;448;4215;6456;15,24;11,37;1,13;1,13;1,04;20098;19986;112;22747;22631;116;468
2021;08;00;NO CLASIFICADO;00;NO CATEGORIZADO;AREQUIPA;040000;1078;9945;16567;21,72;18,99;1,71;1,68;1,93;57170;51545;5625;97528;86658;10870;1840
2021;08;00;NO CLASIFICADO;00;NO CATEGORIZADO;MOQUEGUA;180000;156;1479;2517;18;11,9;1,61;1,6;2,6;5781;5751;30;9289;9211;78;191
2021;07;TT;TODAS CONSOLIDADAS;03;3 ESTRELLAS;PUNO;210000;30;913;1724;21,15;16,97;1,8;1,81;1,73;5046;4484;562;9072;8098;974;173
2021;07;TT;TODAS CONSOLIDADAS;TT;TODAS CONSOLIDADAS;PUNO;210000;768;9180;15970;22,13;17,37;1,22;1,24;1,09;68156;60754;7402;88660;79878;8782;1644
2021;07;TT;TODAS CONSOLIDADAS;03;3 ESTRELLAS;TACNA;230000;18;539;1131;23,11;14,8;1,96;1,91;2,86;2650;2526;124;5190;4835;355;127
2021;07;TT;TODAS CONSOLIDADAS;04;4 ESTRELLAS;LORETO;160000;3;103;173;29,91;25,69;1,08;1,05;1,19;1280;1060;220;1378;1116;262;33
2021;07;TT;TODAS CONSOLIDADAS;04;4 ESTRELLAS;TUMBES;240000;6;667;1324;44,69;54,46;2,48;2,49;2,13;9009;8823;186;22351;21954;397;490
2021;07;TT;TODAS CONSOLIDADAS;TT;TODAS CONSOLIDADAS;MOQUEGUA;180000;255;3380;5808;23,31;15,73;1,91;1,91;2,19;15389;15261;128;35509;35118;391;527
2021;07;TT;TODAS CONSOLIDADAS;TT;TODAS CONSOLIDADAS;PIURA;200000;1014;11937;25063;35,75;30,46;1,82;1,8;2,32;110922;105602;5320;202509;190243;12266;2315
2021;08;00;NO CLASIFICADO;00;NO CATEGORIZADO;AMAZONAS;010000;248;2371;3813;24,74;18,84;1,26;1,25;1,53;17654;17228;426;22266;21616;650;424
2021;08;00;NO CLASIFICADO;00;NO CATEGORIZADO;ÁNCASH;020000;568;5623;9695;16,1;15,47;1,25;1,26;1,05;37333;34253;3080;46507;43288;3219;949
2021;08;00;NO CLASIFICADO;00;NO CATEGORIZADO;AYACUCHO;050000;517;5184;8259;8,83;7,26;1,19;1,19;1;15669;15474;195;18595;18400;195;581
2021;08;00;NO CLASIFICADO;00;NO CATEGORIZADO;CAJAMARCA;060000;565;5741;8901;12,61;11,86;1,26;1,25;1,28;26069;25903;166;32720;32508;212;713
2021;08;00;NO CLASIFICADO;00;NO CATEGORIZADO;CALLAO;070000;257;3719;6862;29,58;27,75;1,02;1,02;1,1;99107;97849;1258;101190;99804;1386;981
2021;08;00;NO CLASIFICADO;00;NO CATEGORIZADO;CUSCO;080000;1633;16353;29765;18,11;15,72;1,64;1,53;1,94;88695;66308;22387;145085;101737;43348;2972
2021;08;00;NO CLASIFICADO;00;NO CATEGORIZADO;HUANCAVELICA;090000;172;1991;3092;20,64;16,57;1,08;1,08;1,54;14649;14603;46;15883;15812;71;249
2021;08;00;NO CLASIFICADO;00;NO CATEGORIZADO;HUÁNUCO;100000;450;5268;7773;19,18;16,6;1,13;1,13;1,04;35414;35308;106;39988;39878;110;696
2021;08;00;NO CLASIFICADO;00;NO CATEGORIZADO;ICA;110000;677;7960;13782;21,13;16,25;1,21;1,2;1,29;57556;53305;4251;69409;63937;5472;1287
2021;08;00;NO CLASIFICADO;00;NO CATEGORIZADO;JUNÍN;120000;1194;13086;21173;19,13;15,11;1,23;1,23;1,61;80806;80453;353;99150;98582;568;1708
2021;08;00;NO CLASIFICADO;00;NO CATEGORIZADO;LA LIBERTAD;130000;768;6659;11126;52,73;42,37;2,6;2,61;1,99;56148;55868;280;146134;145576;558;1171
2021;08;00;NO CLASIFICADO;00;NO CATEGORIZADO;LAMBAYEQUE;140000;331;3629;5192;32,28;23,19;1,02;1,02;1;36476;36085;391;37322;36931;391;631
2021;08;00;NO CLASIFICADO;00;NO CATEGORIZADO;LIMA;150000;5738;50163;87020;22,74;22,91;1,16;1,16;1,1;2425729;2377634;48094;2817752;2764621;53131;32501
2021;08;00;NO CLASIFICADO;00;NO CATEGORIZADO;LORETO;160000;647;6262;9743;27,63;26,14;1,9;1,68;2,45;41535;29692;11843;78961;49907;29054;746
2021;08;00;NO CLASIFICADO;00;NO CATEGORIZADO;MADRE DE DIOS;170000;286;4139;6819;26,92;22,77;1,21;1,2;1,43;39746;37755;1991;48132;45275;2857;695
2021;08;00;NO CLASIFICADO;TT;TODAS CONSOLIDADAS;AMAZONAS;010000;248;2371;3813;24,74;18,84;1,26;1,25;1,53;17654;17228;426;22266;21616;650;424
2021;08;00;NO CLASIFICADO;TT;TODAS CONSOLIDADAS;AREQUIPA;040000;1078;9945;16567;21,72;18,99;1,71;1,68;1,93;57170;51545;5625;97528;86658;10870;1840
2021;08;00;NO CLASIFICADO;TT;TODAS CONSOLIDADAS;AYACUCHO;050000;517;5184;8259;8,83;7,26;1,19;1,19;1;15669;15474;195;18595;18400;195;581
2021;08;00;NO CLASIFICADO;TT;TODAS CONSOLIDADAS;HUANCAVELICA;090000;172;1991;3092;20,64;16,57;1,08;1,08;1,54;14649;14603;46;15883;15812;71;249
2021;08;00;NO CLASIFICADO;TT;TODAS CONSOLIDADAS;HUÁNUCO;100000;450;5268;7773;19,18;16,6;1,13;1,13;1,04;35414;35308;106;39988;39878;110;696
2021;08;00;NO CLASIFICADO;TT;TODAS CONSOLIDADAS;LA LIBERTAD;130000;768;6659;11126;52,73;42,37;2,6;2,61;1,99;56148;55868;280;146134;145576;558;1171
2021;08;00;NO CLASIFICADO;TT;TODAS CONSOLIDADAS;LAMBAYEQUE;140000;331;3629;5192;32,28;23,19;1,02;1,02;1;36476;36085;391;37322;36931;391;631
2021;08;00;NO CLASIFICADO;TT;TODAS CONSOLIDADAS;LORETO;160000;647;6262;9743;27,63;26,14;1,9;1,68;2,45;41535;29692;11843;78961;49907;29054;746
2021;08;00;NO CLASIFICADO;TT;TODAS CONSOLIDADAS;MADRE DE DIOS;170000;286;4139;6819;26,92;22,77;1,21;1,2;1,43;39746;37755;1991;48132;45275;2857;695
2021;08;00;NO CLASIFICADO;TT;TODAS CONSOLIDADAS;MOQUEGUA;180000;156;1479;2517;18;11,9;1,61;1,6;2,6;5781;5751;30;9289;9211;78;191
2021;08;00;NO CLASIFICADO;TT;TODAS CONSOLIDADAS;PASCO;190000;275;3134;4978;23,89;19,08;1,17;1,17;1;25113;25055;58;29439;29381;58;533
2021;08;00;NO CLASIFICADO;TT;TODAS CONSOLIDADAS;SAN MARTÍN;220000;682;8040;12493;33,47;27,23;1,31;1,31;1,48;80647;79584;1063;105455;103880;1575;1089
2021;08;01;HOTEL;01;1 ESTRELLA;AMAZONAS;010000;1;20;35;0;0;0;0;0;0;0;0;0;0;0;0
2021;08;01;HOTEL;01;1 ESTRELLA;ÁNCASH;020000;12;362;565;11,69;9,02;1,11;1,11;0;1423;1423;0;1580;1580;0;50
2021;08;01;HOTEL;01;1 ESTRELLA;APURÍMAC;030000;2;80;115;22,78;17,76;1,05;1,05;1;605;604;1;633;632;1;10
2021;08;01;HOTEL;01;1 ESTRELLA;AREQUIPA;040000;6;209;354;35,95;19,07;1,89;1,78;3,72;1110;1049;61;2093;1866;227;34
2021;08;01;HOTEL;01;1 ESTRELLA;CAJAMARCA;060000;6;170;284;9,03;8,44;1,24;1,24;0;599;599;0;743;743;0;27
2021;08;01;HOTEL;01;1 ESTRELLA;HUÁNUCO;100000;9;268;400;48,45;36,46;1,06;1,06;1,19;4276;4207;69;4521;4439;82;48
2021;08;01;HOTEL;01;1 ESTRELLA;ICA;110000;5;102;130;0;0;0;0;0;0;0;0;0;0;0;0
2021;08;01;HOTEL;01;1 ESTRELLA;JUNÍN;120000;5;210;396;11,8;8,7;1,55;1,55;0;689;689;0;1068;1068;0;22
2021;08;01;HOTEL;01;1 ESTRELLA;LAMBAYEQUE;140000;3;103;149;0;0;0;0;0;0;0;0;0;0;0;0
2021;08;01;HOTEL;01;1 ESTRELLA;MADRE DE DIOS;170000;4;155;259;27,18;24,03;1,04;1,04;1;1853;1823;30;1929;1899;30;21
2021;08;01;HOTEL;01;1 ESTRELLA;MOQUEGUA;180000;1;21;42;45,31;27,8;5,93;5,93;0;61;61;0;362;362;0;4
2021;08;01;HOTEL;02;2 ESTRELLAS;AMAZONAS;010000;23;588;931;22,33;21,55;1,56;1,56;1,33;3983;3941;42;6220;6164;56;92
2021;08;01;HOTEL;02;2 ESTRELLAS;ÁNCASH;020000;40;1080;1972;25,36;19,54;1,48;1,48;1,29;8087;8045;42;11947;11893;54;178
2021;08;01;HOTEL;02;2 ESTRELLAS;APURÍMAC;030000;4;173;293;11,91;10,3;1,17;1,15;2,83;802;796;6;936;919;17;15
2021;08;01;HOTEL;02;2 ESTRELLAS;AREQUIPA;040000;40;1142;1989;20,31;16,43;1,47;1,45;2,51;6878;6742;136;10131;9789;342;180
2021;08;01;HOTEL;02;2 ESTRELLAS;CAJAMARCA;060000;39;1126;1730;20,95;15,36;1,07;1,07;1,05;7680;7660;20;8237;8216;21;173
2021;08;01;HOTEL;02;2 ESTRELLAS;HUANCAVELICA;090000;2;42;73;25,19;27,66;1;1;0;626;626;0;626;626;0;9
2021;08;01;HOTEL;02;2 ESTRELLAS;HUÁNUCO;100000;39;1205;1889;30,06;26;1,15;1,15;1;13240;13237;3;15228;15225;3;184
2021;08;01;HOTEL;02;2 ESTRELLAS;ICA;110000;51;1375;2392;19,9;16,39;1,93;1,91;2,71;6300;6136;164;12157;11713;444;230
2021;08;01;HOTEL;02;2 ESTRELLAS;LA LIBERTAD;130000;22;609;998;59,23;54,52;2,6;2,61;2,45;6479;6303;176;16866;16434;432;115
2021;08;01;HOTEL;02;2 ESTRELLAS;LAMBAYEQUE;140000;70;1999;2980;19,45;15,07;1,25;1,25;1,8;11129;11083;46;13926;13843;83;294
2021;08;01;HOTEL;02;2 ESTRELLAS;LIMA;150000;121;5282;9293;39,24;35,52;1,35;1,34;1,63;87746;85106;2639;118687;114388;4299;970
2021;08;01;HOTEL;02;2 ESTRELLAS;MADRE DE DIOS;170000;7;224;387;29,22;22,71;1,35;1,34;1,71;2025;1973;52;2724;2635;89;30
2021;08;01;HOTEL;02;2 ESTRELLAS;MOQUEGUA;180000;17;542;943;22,35;14,91;3,46;3,49;1,42;1260;1241;19;4359;4332;27;75
2021;08;01;HOTEL;03;3 ESTRELLAS;AMAZONAS;010000;13;301;540;27,82;27,4;1,52;1,56;1,27;3024;2618;406;4587;4073;514;78
2021;08;01;HOTEL;03;3 ESTRELLAS;ÁNCASH;020000;40;1391;2442;33,17;28,23;1,43;1,42;1,86;14908;14603;305;21370;20803;567;289
2021;08;01;HOTEL;03;3 ESTRELLAS;APURÍMAC;030000;3;98;172;51,42;33,25;1,45;1,46;1,33;1220;1134;86;1773;1659;114;19
2021;08;01;HOTEL;03;3 ESTRELLAS;AREQUIPA;040000;64;1899;3536;34,96;23,72;2,03;2,05;1,81;12792;11854;938;25998;24299;1699;505
2021;08;01;HOTEL;03;3 ESTRELLAS;CAJAMARCA;060000;60;1906;3164;31,02;19,23;2,05;2,05;2,05;9220;9177;43;18865;18777;88;380
2021;08;01;HOTEL;03;3 ESTRELLAS;CALLAO;070000;4;233;396;23,9;23,04;1,26;1,12;1,75;2249;1753;496;2829;1962;867;40
2021;08;00;NO CLASIFICADO;00;NO CATEGORIZADO;PASCO;190000;275;3134;4978;23,89;19,08;1,17;1,17;1;25113;25055;58;29439;29381;58;533
2021;08;01;HOTEL;01;1 ESTRELLA;PASCO;190000;6;168;272;32,83;23,86;1,12;1,12;0;1801;1801;0;2012;2012;0;31
2021;08;01;HOTEL;02;2 ESTRELLAS;PASCO;190000;5;151;275;93,8;79,85;1,29;1,29;0;5281;5281;0;6807;6807;0;33
2021;08;00;NO CLASIFICADO;00;NO CATEGORIZADO;PIURA;200000;942;10013;18387;41,08;34,73;1,71;1,68;2,11;116103;109274;6829;197976;183539;14437;1897
2021;08;00;NO CLASIFICADO;TT;TODAS CONSOLIDADAS;PIURA;200000;942;10013;18387;41,08;34,73;1,71;1,68;2,11;116103;109274;6829;197976;183539;14437;1897
2021;08;01;HOTEL;01;1 ESTRELLA;PIURA;200000;2;40;87;0;0;0;0;0;0;0;0;0;0;0;0
2021;08;01;HOTEL;02;2 ESTRELLAS;PIURA;200000;19;467;776;24,06;22,57;1,97;1,98;1,46;2751;2738;13;5429;5410;19;85
2021;08;00;NO CLASIFICADO;00;NO CATEGORIZADO;PUNO;210000;654;6224;10559;23,38;19,84;1,16;1,17;1,11;55980;50255;5725;64936;58562;6374;1145
2021;08;00;NO CLASIFICADO;TT;TODAS CONSOLIDADAS;PUNO;210000;654;6224;10559;23,38;19,84;1,16;1,17;1,11;55980;50255;5725;64936;58562;6374;1145
2021;08;01;HOTEL;01;1 ESTRELLA;PUNO;210000;4;111;190;27,87;20,87;1,4;1,4;0;879;879;0;1229;1229;0;13
2021;08;01;HOTEL;02;2 ESTRELLAS;PUNO;210000;19;469;820;15,61;11,84;1,28;1,27;1,46;2355;2301;54;3009;2930;79;62
2021;08;00;NO CLASIFICADO;00;NO CATEGORIZADO;SAN MARTÍN;220000;682;8040;12493;33,47;27,23;1,31;1,31;1,48;80647;79584;1063;105455;103880;1575;1089
2021;08;01;HOTEL;01;1 ESTRELLA;SAN MARTÍN;220000;5;104;178;33,06;33,06;1,29;1,3;1;1410;1403;7;1824;1817;7;19
2021;08;01;HOTEL;02;2 ESTRELLAS;SAN MARTÍN;220000;30;839;1396;39,21;30,88;1,67;1,67;1,69;8016;7939;77;13365;13235;130;153
2021;08;00;NO CLASIFICADO;00;NO CATEGORIZADO;TACNA;230000;394;3830;6913;13,09;19,33;3,5;3,58;1,21;11818;11442;376;41418;40963;455;482
2021;08;01;HOTEL;01;1 ESTRELLA;TACNA;230000;2;57;112;9,85;7,17;2,22;2,22;0;112;112;0;249;249;0;5
2021;08;00;NO CLASIFICADO;00;NO CATEGORIZADO;TUMBES;240000;204;2187;4307;23,36;18,84;1,99;2;1,72;12637;12399;238;25151;24741;410;361
2021;08;00;NO CLASIFICADO;TT;TODAS CONSOLIDADAS;TUMBES;240000;204;2187;4307;23,36;18,84;1,99;2;1,72;12637;12399;238;25151;24741;410;361
2021;08;01;HOTEL;02;2 ESTRELLAS;TUMBES;240000;8;258;549;55,45;28,11;12,33;12,85;3,29;388;367;21;4784;4715;69;49
2021;08;00;NO CLASIFICADO;00;NO CATEGORIZADO;UCAYALI;250000;434;4882;7523;27,78;22,72;2,09;2,08;2,32;25400;25041;359;52986;52154;832;873
2021;08;00;NO CLASIFICADO;TT;TODAS CONSOLIDADAS;UCAYALI;250000;434;4882;7523;27,78;22,72;2,09;2,08;2,32;25400;25041;359;52986;52154;832;873
2021;08;01;HOTEL;02;2 ESTRELLAS;UCAYALI;250000;2;48;65;0;0;0;0;0;0;0;0;0;0;0;0
2021;08;00;NO CLASIFICADO;TT;TODAS CONSOLIDADAS;ÁNCASH;020000;568;5623;9695;16,1;15,47;1,25;1,26;1,05;37333;34253;3080;46507;43288;3219;949
2021;08;00;NO CLASIFICADO;TT;TODAS CONSOLIDADAS;APURÍMAC;030000;448;4215;6456;15,24;11,37;1,13;1,13;1,04;20098;19986;112;22747;22631;116;468
2021;08;00;NO CLASIFICADO;TT;TODAS CONSOLIDADAS;CAJAMARCA;060000;565;5741;8901;12,61;11,86;1,26;1,25;1,28;26069;25903;166;32720;32508;212;713
2021;08;00;NO CLASIFICADO;TT;TODAS CONSOLIDADAS;CALLAO;070000;257;3719;6862;29,58;27,75;1,02;1,02;1,1;99107;97849;1258;101190;99804;1386;981
2021;08;00;NO CLASIFICADO;TT;TODAS CONSOLIDADAS;CUSCO;080000;1633;16353;29765;18,11;15,72;1,64;1,53;1,94;88695;66308;22387;145085;101737;43348;2972
2021;08;01;HOTEL;01;1 ESTRELLA;CUSCO;080000;5;127;225;11,79;13,36;1,16;1,16;0;803;803;0;932;932;0;20
2021;08;01;HOTEL;02;2 ESTRELLAS;CUSCO;080000;45;1126;2013;11,8;10,84;1,47;1,42;1,71;4600;3769;831;6763;5344;1419;254
2021;08;00;NO CLASIFICADO;TT;TODAS CONSOLIDADAS;ICA;110000;677;7960;13782;21,13;16,25;1,21;1,2;1,29;57556;53305;4251;69409;63937;5472;1287
2021;08;00;NO CLASIFICADO;TT;TODAS CONSOLIDADAS;JUNÍN;120000;1194;13086;21173;19,13;15,11;1,23;1,23;1,61;80806;80453;353;99150;98582;568;1708
2021;08;00;NO CLASIFICADO;TT;TODAS CONSOLIDADAS;LIMA;150000;5738;50163;87020;22,74;22,91;1,16;1,16;1,1;2425729;2377634;48094;2817752;2764621;53131;32501
2021;08;01;HOTEL;01;1 ESTRELLA;LIMA;150000;10;403;684;47,59;47,25;1,03;1,03;1;8603;8577;27;8837;8810;27;53
2021;08;00;NO CLASIFICADO;TT;TODAS CONSOLIDADAS;TACNA;230000;394;3830;6913;13,09;19,33;3,5;3,58;1,21;11818;11442;376;41418;40963;455;482
2021;08;01;HOTEL;02;2 ESTRELLAS;TACNA;230000;29;880;1770;13,27;11,32;1,72;1,72;1,71;3623;3558;65;6214;6103;111;148
2021;08;01;HOTEL;01;1 ESTRELLA;AYACUCHO;050000;8;200;345;13,53;13,63;2,09;2,09;4;698;697;1;1458;1454;4;35
2021;08;01;HOTEL;02;2 ESTRELLAS;AYACUCHO;050000;8;253;433;19,51;23,6;1,37;1,37;1;2313;2311;2;3168;3166;2;37
2021;08;01;HOTEL;03;3 ESTRELLAS;AYACUCHO;050000;7;239;451;33,07;29,43;2,31;2,33;2,02;1780;1670;110;4115;3893;222;80
2021;08;01;HOTEL;01;1 ESTRELLA;CALLAO;070000;1;37;74;0;0;0;0;0;0;0;0;0;0;0;0
2021;08;01;HOTEL;02;2 ESTRELLAS;CALLAO;070000;1;40;67;1,21;1,3;1,23;1,22;1,23;22;9;13;27;11;16;3
2021;08;01;HOTEL;01;1 ESTRELLA;LA LIBERTAD;130000;2;46;88;0;0;0;0;0;0;0;0;0;0;0;0
2021;08;01;HOTEL;02;2 ESTRELLAS;JUNÍN;120000;27;834;1456;34,77;25,6;1,67;1,66;2,44;6925;6891;34;11554;11471;83;124
2021;08;01;HOTEL;02;2 ESTRELLAS;LORETO;160000;15;377;605;16,45;19,93;1,82;1,8;1,98;2048;1748;300;3737;3143;594;62
2021;08;01;HOTEL;03;3 ESTRELLAS;CUSCO;080000;71;2628;5054;28,02;23,84;2,08;2,11;2,02;17961;11452;6509;37344;24195;13149;683
2021;08;01;HOTEL;03;3 ESTRELLAS;HUANCAVELICA;090000;2;65;108;18,76;13,98;1,27;1,27;2;368;367;1;468;466;2;14
2021;08;01;HOTEL;03;3 ESTRELLAS;HUÁNUCO;100000;14;552;1021;38,22;36,37;1,56;1,55;1,71;7396;7161;235;11510;11108;402;132
2021;08;01;HOTEL;03;3 ESTRELLAS;ICA;110000;47;1724;3518;40,04;34,45;1,64;1,65;1,55;22854;21703;1151;37570;35790;1780;380
2021;08;01;HOTEL;03;3 ESTRELLAS;JUNÍN;120000;20;764;1406;23,83;16,59;1,41;1,41;1,4;5136;5101;35;7230;7181;49;165
2021;08;01;HOTEL;03;3 ESTRELLAS;LA LIBERTAD;130000;81;2310;4407;33,42;24,99;1,9;1,89;2,19;17960;17332;628;34134;32758;1376;515
2021;08;01;HOTEL;03;3 ESTRELLAS;LAMBAYEQUE;140000;36;1228;2053;25,19;21,91;1,77;1,77;1,93;7864;7674;190;13945;13579;366;216
2021;08;01;HOTEL;03;3 ESTRELLAS;LIMA;150000;152;7525;14262;32,84;27,89;1,69;1,61;2,13;72764;60737;12027;123297;97718;25579;1522
2021;08;01;HOTEL;03;3 ESTRELLAS;LORETO;160000;21;644;1099;40,97;29,03;2,44;2,48;2,18;4049;3571;478;9889;8845;1044;153
2021;08;01;HOTEL;03;3 ESTRELLAS;MADRE DE DIOS;170000;5;398;965;18,4;10,87;1,82;1,84;1,5;1784;1681;103;3253;3099;154;55
2021;08;01;HOTEL;03;3 ESTRELLAS;MOQUEGUA;180000;9;290;527;50,61;28,81;2,19;2,18;3,75;2154;2146;8;4707;4677;30;62
2021;08;01;HOTEL;03;3 ESTRELLAS;PASCO;190000;4;114;217;80,28;52,12;1;1;0;3506;3506;0;3506;3506;0;19
2021;08;01;HOTEL;03;3 ESTRELLAS;PIURA;200000;16;597;1030;29,3;24,19;1,87;1,82;2,2;4133;3610;523;7724;6573;1151;153
2021;08;01;HOTEL;03;3 ESTRELLAS;PUNO;210000;25;839;1620;22,31;17,91;1,72;1,74;1,62;5244;4166;1078;8995;7249;1746;148
2021;08;01;HOTEL;03;3 ESTRELLAS;SAN MARTÍN;220000;20;823;1392;25,69;29,51;1,81;1,8;2,12;7051;6863;188;12736;12338;398;138
2021;08;01;HOTEL;03;3 ESTRELLAS;TACNA;230000;12;430;905;23,8;14,44;1,77;1,77;1,73;2295;2220;75;4051;3921;130;109
2021;08;01;HOTEL;03;3 ESTRELLAS;TUMBES;240000;8;234;464;1,08;,58;1;1;0;83;83;0;83;83;0;38
2021;08;01;HOTEL;03;3 ESTRELLAS;UCAYALI;250000;16;561;922;38,43;31,15;2,25;2,29;1,64;3950;3725;225;8902;8533;369;138
2021;08;01;HOTEL;04;4 ESTRELLAS;AREQUIPA;040000;10;452;869;50,76;35,8;1,84;1,85;1,79;5236;4783;453;9645;8833;812;146
2021;08;01;HOTEL;04;4 ESTRELLAS;CAJAMARCA;060000;4;214;393;64,97;59,63;2,75;2,77;2,33;2642;2542;100;7265;7032;233;112
2021;08;01;HOTEL;04;4 ESTRELLAS;CALLAO;070000;2;371;599;55,6;47,13;1,3;1,28;1,32;6721;2706;4015;8751;3454;5297;103
2021;08;01;HOTEL;04;4 ESTRELLAS;CUSCO;080000;11;886;1698;39,38;38,16;2,15;2,14;2,16;9350;6028;3322;20085;12922;7163;287
2021;08;01;HOTEL;04;4 ESTRELLAS;HUÁNUCO;100000;1;61;104;33,9;27,61;1,8;1,81;1;494;490;4;890;886;4;24
2021;08;01;HOTEL;04;4 ESTRELLAS;ICA;110000;6;583;1157;51,4;38,04;4,27;4,4;2,16;3198;3011;187;13643;13239;404;148
2021;08;01;HOTEL;04;4 ESTRELLAS;JUNÍN;120000;1;40;66;39,92;30,74;2,21;2,21;0;285;285;0;629;629;0;21
2021;08;01;HOTEL;04;4 ESTRELLAS;LA LIBERTAD;130000;3;207;322;62,51;53,13;2,14;2,2;1,81;2475;2120;355;5303;4662;641;46
2021;08;01;HOTEL;04;4 ESTRELLAS;LAMBAYEQUE;140000;5;332;544;65,24;60,66;1,6;1,56;2,04;6391;5906;485;10230;9240;990;207
2021;08;01;HOTEL;04;4 ESTRELLAS;LORETO;160000;2;90;150;23,87;19,61;1,28;1,28;1,34;712;668;44;912;853;59;27
2021;08;01;HOTEL;04;4 ESTRELLAS;MOQUEGUA;180000;2;123;229;65,33;76,19;9,49;9,43;11,22;570;552;18;5409;5207;202;40
2021;08;01;HOTEL;04;4 ESTRELLAS;PIURA;200000;2;180;3735;51,95;4,09;1,92;1,86;2,6;2470;2281;189;4736;4245;491;38
2021;08;01;HOTEL;04;4 ESTRELLAS;PUNO;210000;7;447;843;34,54;24,89;1,92;1,98;1,75;3382;2520;862;6504;4995;1509;95
2021;08;01;HOTEL;04;4 ESTRELLAS;SAN MARTÍN;220000;1;50;108;90,97;84,23;1,61;1,6;1,84;1752;1714;38;2820;2750;70;48
2021;08;01;HOTEL;04;4 ESTRELLAS;TACNA;230000;1;150;300;58,02;35,43;2,35;2,32;3,23;1401;1358;43;3295;3156;139;31
2021;08;01;HOTEL;04;4 ESTRELLAS;TUMBES;240000;5;265;520;32,01;35,01;1,62;1,62;1,59;3491;3246;245;5643;5254;389;65
2021;08;01;HOTEL;04;4 ESTRELLAS;UCAYALI;250000;5;289;515;46,03;42,71;2,55;2,47;3,39;2679;2452;227;6819;6049;770;65
2021;08;01;HOTEL;05;5 ESTRELLAS;AREQUIPA;040000;3;241;346;60,77;49,38;1,77;1,76;1,85;2989;2674;315;5296;4714;582;120
2021;08;01;HOTEL;05;5 ESTRELLAS;CUSCO;080000;13;1124;2191;36,02;32,6;1,77;1,99;1,56;12515;6098;6417;22141;12147;9994;625
2021;08;01;HOTEL;05;5 ESTRELLAS;ICA;110000;3;345;796;60,04;50,21;1,96;1,96;1,97;6313;5735;578;12391;11253;1138;339
2021;08;01;HOTEL;05;5 ESTRELLAS;LA LIBERTAD;130000;1;120;240;58,36;45,89;2,14;2,05;2,94;1596;1436;160;3414;2944;470;57
2021;08;01;HOTEL;05;5 ESTRELLAS;LIMA;150000;20;3702;6730;47,26;31,92;1,82;1,6;2,59;36527;28184;8343;66595;44965;21630;2023
2021;08;01;HOTEL;05;5 ESTRELLAS;LORETO;160000;1;60;122;75,05;68,24;2,22;2,24;2,16;1162;853;309;2581;1913;668;49
2021;08;01;HOTEL;05;5 ESTRELLAS;PIURA;200000;1;83;168;64,24;51,02;2,03;1,88;3,08;1306;1138;168;2657;2140;517;52
2021;08;01;HOTEL;05;5 ESTRELLAS;PUNO;210000;1;123;231;93;82,39;1,9;1,87;2,17;3099;2790;309;5900;5231;669;45
2021;08;01;HOTEL;05;5 ESTRELLAS;UCAYALI;250000;2;165;306;33,78;31,92;2,44;2,45;2,36;1241;1123;118;3028;2749;279;33
2021;08;01;HOTEL;TT;TODAS CONSOLIDADAS;AMAZONAS;010000;37;909;1506;23,66;23,15;1,54;1,56;1,27;7007;6559;448;10807;10237;570;170
2021;08;01;HOTEL;TT;TODAS CONSOLIDADAS;ÁNCASH;020000;92;2833;4979;27,45;22,61;1,43;1,42;1,79;24418;24071;347;34897;34276;621;517
2021;08;01;HOTEL;TT;TODAS CONSOLIDADAS;APURÍMAC;030000;9;351;580;25,42;18,59;1,27;1,27;1,42;2627;2534;93;3342;3210;132;44
2021;08;01;HOTEL;TT;TODAS CONSOLIDADAS;AREQUIPA;040000;123;3943;7094;34,16;24,17;1,83;1,83;1,92;29005;27102;1903;53163;49501;3662;985
2021;08;01;HOTEL;TT;TODAS CONSOLIDADAS;AYACUCHO;050000;23;692;1229;22,46;22,94;1,82;1,82;2,02;4791;4678;113;8741;8513;228;152
2021;08;01;HOTEL;TT;TODAS CONSOLIDADAS;CAJAMARCA;060000;109;3416;5571;28,73;20,33;1,74;1,74;2,1;20141;19978;163;35110;34768;342;692
2021;08;01;HOTEL;TT;TODAS CONSOLIDADAS;CALLAO;070000;8;681;1136;40,75;35,26;1,29;1,21;1,37;10277;5106;5170;13265;6202;7063;167
2021;08;01;HOTEL;TT;TODAS CONSOLIDADAS;CUSCO;080000;145;5891;11181;27,81;25,18;1,93;1,97;1,86;45229;28150;17079;87265;55540;31725;1869
2021;08;01;HOTEL;TT;TODAS CONSOLIDADAS;HUANCAVELICA;090000;4;107;181;21,28;19,5;1,1;1,1;2;994;993;1;1094;1092;2;23
2021;08;01;HOTEL;TT;TODAS CONSOLIDADAS;HUÁNUCO;100000;63;2086;3414;34,69;30,38;1,27;1,26;1,58;25406;25095;311;32149;31658;491;388
2021;08;01;HOTEL;TT;TODAS CONSOLIDADAS;ICA;110000;112;4129;7993;35,62;30,58;1,96;1,97;1,81;38665;36585;2080;75761;71995;3766;1097
2021;08;01;HOTEL;TT;TODAS CONSOLIDADAS;JUNÍN;120000;53;1848;3324;27,75;19,88;1,57;1,57;1,91;13035;12966;69;20481;20349;132;332
2021;08;01;HOTEL;TT;TODAS CONSOLIDADAS;LA LIBERTAD;130000;109;3292;6055;40,47;31,81;2,09;2,09;2,21;28510;27191;1319;59717;56798;2919;733
2021;08;01;HOTEL;TT;TODAS CONSOLIDADAS;LAMBAYEQUE;140000;114;3662;5726;24,98;21,46;1,5;1,49;2;25384;24663;721;38101;36662;1439;717
2021;08;01;HOTEL;TT;TODAS CONSOLIDADAS;LIMA;150000;344;20922;37983;36,27;28,9;1,66;1,54;2,27;227615;191311;36304;377071;294798;82274;6628
2021;08;01;HOTEL;TT;TODAS CONSOLIDADAS;LORETO;160000;39;1171;1976;33,51;27,95;2,15;2,16;2,09;7971;6840;1131;17119;14754;2365;291
2021;08;01;HOTEL;TT;TODAS CONSOLIDADAS;MADRE DE DIOS;170000;16;777;1611;23,27;15,83;1,4;1,39;1,48;5662;5477;185;7906;7633;273;106
2021;08;01;HOTEL;TT;TODAS CONSOLIDADAS;MOQUEGUA;180000;29;976;1741;36,66;27,49;3,67;3,64;5,76;4045;4000;45;14837;14578;259;181
2021;08;01;HOTEL;TT;TODAS CONSOLIDADAS;PASCO;190000;15;433;764;66,59;52,04;1,16;1,16;0;10588;10588;0;12325;12325;0;83
2021;08;01;HOTEL;TT;TODAS CONSOLIDADAS;PIURA;200000;40;1367;5796;31,76;11,44;1,93;1,88;2,44;10660;9767;893;20546;18368;2178;328
2021;08;01;HOTEL;TT;TODAS CONSOLIDADAS;PUNO;210000;56;1989;3704;28,16;22,33;1,71;1,71;1,74;14959;12656;2303;25637;21634;4003;363
2021;08;01;HOTEL;TT;TODAS CONSOLIDADAS;TACNA;230000;44;1517;3087;20,55;14,43;1,86;1,85;2,08;7431;7248;183;13809;13429;380;293
2021;08;01;HOTEL;TT;TODAS CONSOLIDADAS;TUMBES;240000;21;757;1533;30,44;22,12;2,65;2,72;1,72;3962;3696;266;10510;10052;458;152
2021;08;01;HOTEL;TT;TODAS CONSOLIDADAS;UCAYALI;250000;25;1063;1808;38,04;33,45;2,38;2,37;2,49;7870;7300;570;18749;17331;1418;236
2021;08;02;APART HOTEL;03;3 ESTRELLAS;ÁNCASH;020000;2;16;44;9,68;9,75;1,99;1,97;2,13;67;59;8;133;116;17;4
2021;08;02;APART HOTEL;03;3 ESTRELLAS;APURÍMAC;030000;1;21;30;51,92;60,75;1,81;1,75;2,6;313;293;20;565;513;52;6
2021;08;02;APART HOTEL;03;3 ESTRELLAS;AREQUIPA;040000;1;18;36;5,56;5,56;3,44;3,44;0;18;18;0;62;62;0;2
2021;08;02;APART HOTEL;03;3 ESTRELLAS;CAJAMARCA;060000;1;7;12;0;0;0;0;0;0;0;0;0;0;0;0
2021;08;02;APART HOTEL;03;3 ESTRELLAS;ICA;110000;1;10;20;1,94;1,94;2;2;0;6;6;0;12;12;0;4
2021;08;02;APART HOTEL;03;3 ESTRELLAS;LA LIBERTAD;130000;1;11;24;0;0;0;0;0;0;0;0;0;0;0;0
2021;08;02;APART HOTEL;03;3 ESTRELLAS;LIMA;150000;8;206;394;24,35;21,36;3,17;3;3,46;824;519;305;2609;1555;1054;44
2021;08;02;APART HOTEL;03;3 ESTRELLAS;LORETO;160000;1;20;36;37,58;29,3;2,17;2,13;5;151;149;2;327;317;10;12
2021;08;02;APART HOTEL;03;3 ESTRELLAS;PASCO;190000;1;11;18;19,94;21,51;1,04;1,04;0;115;115;0;120;120;0;4
2021;08;02;APART HOTEL;03;3 ESTRELLAS;TUMBES;240000;2;18;50;0;0;0;0;0;0;0;0;0;0;0;0
2021;08;02;APART HOTEL;04;4 ESTRELLAS;AREQUIPA;040000;1;19;32;49,92;75,4;2,27;2,3;2,16;330;256;74;748;588;160;5
2021;08;02;APART HOTEL;04;4 ESTRELLAS;LIMA;150000;10;699;1442;65,6;50,51;2,37;2,22;3,39;9513;8290;1223;22579;18431;4148;454
2021;08;02;APART HOTEL;04;4 ESTRELLAS;LORETO;160000;1;13;23;85,86;56,66;1,17;1,38;1,13;346;53;293;404;73;331;6
2021;08;02;APART HOTEL;04;4 ESTRELLAS;SAN MARTÍN;220000;1;24;38;98,39;92,95;3,12;2,71;4,91;351;286;65;1095;776;319;12
2021;08;02;APART HOTEL;05;5 ESTRELLAS;LIMA;150000;6;399;674;26,91;24,07;2,57;2,4;3,16;1954;1513;441;5029;3635;1394;144
2021;08;02;APART HOTEL;TT;TODAS CONSOLIDADAS;ÁNCASH;020000;2;16;44;9,68;9,75;1,99;1,97;2,13;67;59;8;133;116;17;4
2021;08;02;APART HOTEL;TT;TODAS CONSOLIDADAS;APURÍMAC;030000;1;21;30;51,92;60,75;1,81;1,75;2,6;313;293;20;565;513;52;6
2021;08;02;APART HOTEL;TT;TODAS CONSOLIDADAS;AREQUIPA;040000;2;37;68;28,33;38,43;2,33;2,37;2,16;348;274;74;810;650;160;7
2021;08;02;APART HOTEL;TT;TODAS CONSOLIDADAS;CAJAMARCA;060000;1;7;12;0;0;0;0;0;0;0;0;0;0;0;0
2021;08;02;APART HOTEL;TT;TODAS CONSOLIDADAS;ICA;110000;1;10;20;1,94;1,94;2;2;0;6;6;0;12;12;0;4
2021;08;02;APART HOTEL;TT;TODAS CONSOLIDADAS;LA LIBERTAD;130000;1;11;24;0;0;0;0;0;0;0;0;0;0;0;0
2021;08;02;APART HOTEL;TT;TODAS CONSOLIDADAS;LIMA;150000;24;1304;2510;47,24;38,83;2,46;2,29;3,35;12291;10322;1969;30217;23621;6596;642
2021;08;02;APART HOTEL;TT;TODAS CONSOLIDADAS;LORETO;160000;2;33;59;56,6;39,97;1,47;1,93;1,16;497;202;295;731;390;341;18
2021;08;02;APART HOTEL;TT;TODAS CONSOLIDADAS;PASCO;190000;1;11;18;19,94;21,51;1,04;1,04;0;115;115;0;120;120;0;4
2021;08;02;APART HOTEL;TT;TODAS CONSOLIDADAS;SAN MARTÍN;220000;1;24;38;98,39;92,95;3,12;2,71;4,91;351;286;65;1095;776;319;12
2021;08;02;APART HOTEL;TT;TODAS CONSOLIDADAS;TUMBES;240000;2;18;50;0;0;0;0;0;0;0;0;0;0;0;0
2021;08;03;HOSTAL;01;1 ESTRELLA;AMAZONAS;010000;14;212;314;57,44;58,49;1,41;1,41;1;4050;4045;5;5693;5688;5;34
2021;08;03;HOSTAL;01;1 ESTRELLA;ÁNCASH;020000;41;558;898;31,22;30,83;1,06;1,06;1;8129;8122;7;8582;8575;7;88
2021;08;03;HOSTAL;01;1 ESTRELLA;APURÍMAC;030000;1;10;20;0;0;0;0;0;0;0;0;0;0;0;0
2021;08;03;HOSTAL;01;1 ESTRELLA;AREQUIPA;040000;52;773;1186;26,29;20,08;1,15;1,15;1;6416;6414;2;7384;7382;2;124
2021;08;03;HOSTAL;01;1 ESTRELLA;AYACUCHO;050000;4;91;161;14,78;19,96;2,13;2,13;0;468;468;0;996;996;0;15
2021;08;03;HOSTAL;01;1 ESTRELLA;CAJAMARCA;060000;23;392;631;11,64;6,97;1,41;1,41;0;964;964;0;1364;1364;0;68
2021;08;03;HOSTAL;01;1 ESTRELLA;CALLAO;070000;11;204;408;31,7;31,73;1;1;1;4220;4188;32;4220;4188;32;34
2021;08;03;HOSTAL;01;1 ESTRELLA;CUSCO;080000;22;374;616;29,45;23,81;1,12;1,11;1,18;4077;4038;39;4547;4501;46;53
2021;08;03;HOSTAL;01;1 ESTRELLA;HUANCAVELICA;090000;2;29;45;41,27;27,6;1,02;1,02;0;379;379;0;385;385;0;5
2021;08;03;HOSTAL;01;1 ESTRELLA;HUÁNUCO;100000;13;202;313;34,13;21,69;1;1;0;2105;2105;0;2105;2105;0;35
2021;08;03;HOSTAL;01;1 ESTRELLA;ICA;110000;12;166;255;23,4;17,85;1,11;1,11;0;1270;1270;0;1411;1411;0;29
2021;08;03;HOSTAL;01;1 ESTRELLA;JUNÍN;120000;12;169;286;33,16;27,39;1,28;1,28;0;1899;1899;0;2428;2428;0;30
2021;08;03;HOSTAL;01;1 ESTRELLA;LA LIBERTAD;130000;34;473;831;60,81;33,92;1,74;1,74;0;5020;5020;0;8737;8737;0;82
2021;08;03;HOSTAL;01;1 ESTRELLA;LAMBAYEQUE;140000;18;243;321;22,74;19,81;1,16;1,15;1,64;1701;1676;25;1971;1930;41;40
2021;08;03;HOSTAL;01;1 ESTRELLA;LIMA;150000;75;1544;2859;22,05;22,26;1,07;1,07;1,06;22438;21947;491;23981;23459;522;303
2021;08;03;HOSTAL;01;1 ESTRELLA;LORETO;160000;6;91;134;5,49;5,56;1,94;2,03;1,23;119;106;13;231;215;16;15
2021;08;03;HOSTAL;01;1 ESTRELLA;MADRE DE DIOS;170000;1;35;68;11,43;9,2;2;2;2;97;93;4;194;186;8;3
2021;08;03;HOSTAL;01;1 ESTRELLA;MOQUEGUA;180000;14;188;342;19,58;15,13;1,27;1,27;1;1264;1263;1;1604;1603;1;32
2021;08;03;HOSTAL;01;1 ESTRELLA;PASCO;190000;17;287;421;62,61;44,99;1,2;1,2;1;4912;4897;15;5872;5857;15;47
2021;08;03;HOSTAL;01;1 ESTRELLA;PIURA;200000;2;36;51;43,01;29,85;2,67;2,68;2,25;177;173;4;472;463;9;8
2021;08;03;HOSTAL;01;1 ESTRELLA;PUNO;210000;21;358;605;21,54;17,98;1,06;1,07;1,01;3180;2685;495;3373;2873;500;49
2021;08;03;HOSTAL;01;1 ESTRELLA;SAN MARTÍN;220000;1;20;30;25,32;19,25;1,79;1,79;0;100;100;0;179;179;0;8
2021;08;03;HOSTAL;01;1 ESTRELLA;TACNA;230000;10;182;320;4,31;3,23;1;1;1;320;317;3;320;317;3;26
2021;08;03;HOSTAL;02;2 ESTRELLAS;AMAZONAS;010000;48;873;1392;25,68;21,57;1;1;1;9264;9261;3;9306;9303;3;137
2021;08;03;HOSTAL;02;2 ESTRELLAS;ÁNCASH;020000;123;2024;3458;38,86;37,39;1,06;1,06;1,08;37775;37630;145;40085;39929;156;339
2021;08;03;HOSTAL;02;2 ESTRELLAS;APURÍMAC;030000;6;154;227;18,39;19,31;1,2;1,2;0;1135;1135;0;1359;1359;0;21
2021;08;03;HOSTAL;02;2 ESTRELLAS;AREQUIPA;040000;128;2064;3757;26,61;21,47;1,32;1,32;1,5;18902;18446;456;25011;24328;683;362
2021;08;03;HOSTAL;02;2 ESTRELLAS;AYACUCHO;050000;4;51;93;8,67;5,69;2,1;2,1;0;78;78;0;164;164;0;10
2021;08;03;HOSTAL;02;2 ESTRELLAS;CAJAMARCA;060000;110;2044;3165;17,27;15,95;1,34;1,34;1;11660;11644;16;15647;15631;16;324
2021;08;03;HOSTAL;02;2 ESTRELLAS;CALLAO;070000;7;204;382;67,96;69,83;1;1;1;10511;10360;151;10532;10381;151;46
2021;08;03;HOSTAL;02;2 ESTRELLAS;CUSCO;080000;52;891;1540;32,24;26,4;2,13;2,09;2,3;5926;4812;1114;12601;10036;2565;156
2021;08;03;HOSTAL;02;2 ESTRELLAS;HUANCAVELICA;090000;1;39;71;0;0;0;0;0;0;0;0;0;0;0;0
2021;08;03;HOSTAL;02;2 ESTRELLAS;HUÁNUCO;100000;22;313;507;33,55;27,61;1,08;1,08;1;4024;4014;10;4340;4330;10;66
2021;08;03;HOSTAL;02;2 ESTRELLAS;ICA;110000;61;902;1491;20,86;21,84;1,13;1,13;1,07;8970;8885;85;10096;10005;91;155
2021;08;03;HOSTAL;02;2 ESTRELLAS;JUNÍN;120000;21;360;713;35,08;31,05;1,15;1,15;1,68;5944;5903;41;6862;6793;69;69
2021;08;03;HOSTAL;02;2 ESTRELLAS;LA LIBERTAD;130000;131;2202;3988;24,1;19,82;1,14;1,14;1,07;21457;21284;173;24497;24312;185;388
2021;08;03;HOSTAL;02;2 ESTRELLAS;LAMBAYEQUE;140000;158;2312;3212;27,63;19,62;1,08;1,08;1,01;18141;17946;195;19532;19336;196;416
2021;08;03;HOSTAL;02;2 ESTRELLAS;LIMA;150000;130;2944;5401;30,59;28,01;1,34;1,28;1,78;50817;44758;6060;67864;57083;10782;742
2021;08;03;HOSTAL;02;2 ESTRELLAS;LORETO;160000;5;79;124;20,62;32;1,8;1,78;2,09;684;649;35;1230;1157;73;17
2021;08;03;HOSTAL;02;2 ESTRELLAS;MADRE DE DIOS;170000;4;111;172;35,45;25,94;1,41;1,42;1,28;978;953;25;1383;1351;32;18
2021;08;03;HOSTAL;02;2 ESTRELLAS;MOQUEGUA;180000;53;702;1152;34,5;26,17;1,97;1,97;1,55;4750;4712;38;9347;9288;59;130
2021;08;03;HOSTAL;02;2 ESTRELLAS;PASCO;190000;11;189;356;35,6;28,86;1,57;1,56;6;2026;2020;6;3185;3149;36;33
2021;08;03;HOSTAL;02;2 ESTRELLAS;PIURA;200000;28;541;869;26,46;26,07;1,61;1,62;1,58;4351;4009;342;7023;6482;541;103
2021;08;03;HOSTAL;02;2 ESTRELLAS;PUNO;210000;36;579;1069;20,21;15,13;1,51;1,51;1,45;3320;3273;47;5014;4946;68;87
2021;08;03;HOSTAL;02;2 ESTRELLAS;SAN MARTÍN;220000;15;230;384;43,56;39,04;1,62;1,62;1,45;2875;2864;11;4647;4631;16;47
2021;08;03;HOSTAL;02;2 ESTRELLAS;TACNA;230000;22;379;712;22,11;14,18;1,34;1,33;1,45;2339;2273;66;3129;3033;96;67
2021;08;03;HOSTAL;02;2 ESTRELLAS;TUMBES;240000;5;66;131;12,12;10,42;1,6;1,6;0;265;265;0;423;423;0;18
2021;08;03;HOSTAL;02;2 ESTRELLAS;UCAYALI;250000;2;71;136;31,44;18,79;1,57;1,57;1,33;505;499;6;792;784;8;16
2021;08;03;HOSTAL;03;3 ESTRELLAS;AMAZONAS;010000;8;148;298;33,3;24,19;1,3;1,29;1,46;1725;1688;37;2235;2181;54;29
2021;08;03;HOSTAL;03;3 ESTRELLAS;ÁNCASH;020000;22;330;607;26,62;23,76;1,79;1,79;1,57;2494;2480;14;4471;4449;22;65
2021;08;03;HOSTAL;03;3 ESTRELLAS;APURÍMAC;030000;1;24;43;46,1;25,73;1,79;1,8;1,2;192;187;5;343;337;6;7
2021;08;03;HOSTAL;03;3 ESTRELLAS;AREQUIPA;040000;37;578;1013;36,47;28,2;2,03;2,03;2,1;4354;4011;343;8855;8135;720;139
2021;08;03;HOSTAL;03;3 ESTRELLAS;AYACUCHO;050000;2;38;77;40,58;35,15;2,22;2,26;1,8;378;343;35;839;776;63;18
2021;08;03;HOSTAL;03;3 ESTRELLAS;CAJAMARCA;060000;48;759;1225;23,74;19,35;1,38;1,38;1,87;5322;5261;61;7349;7235;114;134
2021;08;03;HOSTAL;03;3 ESTRELLAS;CUSCO;080000;24;419;815;17,41;14,62;2,14;2,12;2,2;1725;1216;509;3694;2574;1120;69
2021;08;03;HOSTAL;03;3 ESTRELLAS;HUANCAVELICA;090000;2;20;23;0;0;0;0;0;0;0;0;0;0;0;0
2021;08;03;HOSTAL;03;3 ESTRELLAS;HUÁNUCO;100000;2;27;50;25,09;24,97;1;1;0;387;387;0;387;387;0;6
2021;08;03;HOSTAL;03;3 ESTRELLAS;ICA;110000;32;590;1119;30,91;24,12;1,33;1,34;1,24;6270;5878;392;8368;7881;487;134
2021;08;03;HOSTAL;03;3 ESTRELLAS;JUNÍN;120000;2;47;88;44,82;33,98;1,69;1,69;2,5;547;545;2;927;922;5;30
2021;08;03;HOSTAL;03;3 ESTRELLAS;LA LIBERTAD;130000;58;940;1745;47,63;44,71;1,17;1,17;1,3;20688;20406;282;24185;23818;367;174
2021;08;03;HOSTAL;03;3 ESTRELLAS;LAMBAYEQUE;140000;20;267;394;35,07;27,67;1,32;1,32;1,27;2552;2537;15;3380;3361;19;61
2021;08;03;HOSTAL;03;3 ESTRELLAS;LIMA;150000;16;348;701;18,73;17,08;1,11;1,11;1,03;3427;3395;32;3813;3780;33;69
2021;08;03;HOSTAL;03;3 ESTRELLAS;LORETO;160000;8;117;195;29,28;22,35;1,92;1,92;1,9;703;664;39;1351;1277;74;28
2021;08;03;HOSTAL;03;3 ESTRELLAS;MADRE DE DIOS;170000;1;22;29;22,73;26,25;1,5;1,5;0;157;157;0;236;236;0;2
2021;08;03;HOSTAL;03;3 ESTRELLAS;MOQUEGUA;180000;3;52;90;0;0;0;0;0;0;0;0;0;0;0;0
2021;08;03;HOSTAL;03;3 ESTRELLAS;PASCO;190000;1;9;18;,72;,36;1;1;0;2;2;0;2;2;0;3
2021;08;03;HOSTAL;03;3 ESTRELLAS;PIURA;200000;2;36;76;15,41;18,38;2,24;2,22;2,64;193;182;11;433;404;29;11
2021;08;03;HOSTAL;03;3 ESTRELLAS;PUNO;210000;7;152;265;38,41;28,36;1,91;1,92;1,82;1220;1155;65;2330;2212;118;32
2021;08;03;HOSTAL;03;3 ESTRELLAS;SAN MARTÍN;220000;6;109;231;53,8;56,81;2,02;2,02;2;2016;1971;45;4068;3978;90;30
2021;08;03;HOSTAL;03;3 ESTRELLAS;TACNA;230000;7;126;271;10,45;7,06;1,78;1,78;0;333;333;0;593;593;0;20
2021;08;03;HOSTAL;03;3 ESTRELLAS;TUMBES;240000;5;82;166;32,3;25,17;1,48;1,48;0;874;874;0;1295;1295;0;20
2021;08;03;HOSTAL;03;3 ESTRELLAS;UCAYALI;250000;2;45;71;12,62;10,59;2,12;2,12;0;110;110;0;233;233;0;7
2021;08;03;HOSTAL;TT;TODAS CONSOLIDADAS;AMAZONAS;010000;70;1233;2004;32,06;27,74;1,15;1,15;1,38;15039;14994;45;17234;17172;62;200
2021;08;03;HOSTAL;TT;TODAS CONSOLIDADAS;ÁNCASH;020000;186;2912;4963;36,01;34,54;1,1;1,1;1,11;48398;48232;166;53138;52953;185;492
2021;08;03;HOSTAL;TT;TODAS CONSOLIDADAS;APURÍMAC;030000;8;188;290;20,95;18,93;1,28;1,28;1,2;1327;1322;5;1702;1696;6;28
2021;08;03;HOSTAL;TT;TODAS CONSOLIDADAS;AYACUCHO;050000;10;180;331;18,49;19,48;2,16;2,18;1,8;924;889;35;1999;1936;63;43
2021;08;03;HOSTAL;TT;TODAS CONSOLIDADAS;CAJAMARCA;060000;181;3195;5021;18,12;15,65;1,36;1,36;1,69;17946;17869;77;24360;24230;130;526
2021;08;03;HOSTAL;TT;TODAS CONSOLIDADAS;CALLAO;070000;18;408;790;49,23;49,68;1;1;1;13613;13449;164;13631;13467;164;77
2021;08;03;HOSTAL;TT;TODAS CONSOLIDADAS;CUSCO;080000;98;1684;2971;27,93;22,63;1,78;1,7;2,24;11728;10066;1662;20842;17111;3731;278
2021;08;03;HOSTAL;TT;TODAS CONSOLIDADAS;HUANCAVELICA;090000;5;88;139;13,6;8,93;1,02;1,02;0;379;379;0;385;385;0;5
2021;08;03;HOSTAL;TT;TODAS CONSOLIDADAS;HUÁNUCO;100000;37;542;870;33,34;25,33;1,05;1,05;1;6516;6506;10;6832;6822;10;107
2021;08;03;HOSTAL;TT;TODAS CONSOLIDADAS;ICA;110000;105;1658;2865;24,69;22,38;1,2;1,2;1,21;16510;16033;477;19875;19297;578;318
2021;08;03;HOSTAL;TT;TODAS CONSOLIDADAS;JUNÍN;120000;35;576;1087;35,31;30,32;1,22;1,22;1,72;8390;8347;43;10217;10143;74;129
2021;08;03;HOSTAL;TT;TODAS CONSOLIDADAS;LA LIBERTAD;130000;223;3615;6564;35,02;28,22;1,22;1,22;1,21;47165;46710;455;57419;56867;552;644
2021;08;03;HOSTAL;TT;TODAS CONSOLIDADAS;LAMBAYEQUE;140000;196;2822;3927;27,91;20,44;1,11;1,11;1,09;22394;22159;235;24883;24627;256;517
2021;08;03;HOSTAL;TT;TODAS CONSOLIDADAS;LIMA;150000;221;4836;8961;25,78;24,24;1,22;1,18;1,7;71070;65918;5152;86607;77865;8742;1070
2021;08;03;HOSTAL;TT;TODAS CONSOLIDADAS;LORETO;160000;19;287;453;19,35;20,02;1,87;1,87;1,87;1506;1419;87;2812;2649;163;60
2021;08;03;HOSTAL;TT;TODAS CONSOLIDADAS;MADRE DE DIOS;170000;6;168;269;28,78;21,74;1,47;1,47;1,38;1232;1203;29;1813;1773;40;23
2021;08;03;HOSTAL;TT;TODAS CONSOLIDADAS;MOQUEGUA;180000;70;942;1584;29,61;22,3;1,82;1,82;1,54;6014;5975;39;10951;10891;60;162
2021;08;03;HOSTAL;TT;TODAS CONSOLIDADAS;PASCO;190000;29;485;795;50,93;36,76;1,31;1,3;2,43;6940;6919;21;9059;9008;51;83
2021;08;03;HOSTAL;TT;TODAS CONSOLIDADAS;PIURA;200000;32;613;996;26,78;25,68;1,68;1,68;1,62;4721;4364;357;7928;7349;579;122
2021;08;03;HOSTAL;TT;TODAS CONSOLIDADAS;PUNO;210000;64;1089;1939;23,19;17,83;1,39;1,41;1,13;7720;7113;607;10717;10031;686;168
2021;08;03;HOSTAL;TT;TODAS CONSOLIDADAS;TACNA;230000;39;687;1303;15,26;10,01;1,35;1,35;1,43;2992;2923;69;4042;3943;99;113
2021;08;03;HOSTAL;TT;TODAS CONSOLIDADAS;TUMBES;240000;10;148;297;23,3;18,66;1,51;1,51;0;1139;1139;0;1718;1718;0;38
2021;08;03;HOSTAL;TT;TODAS CONSOLIDADAS;UCAYALI;250000;4;116;207;24,14;15,97;1,67;1,67;1,33;615;609;6;1025;1017;8;23
2021;08;05;ALBERGUE;12;ALBERGUE;AMAZONAS;010000;1;6;11;0;0;0;0;0;0;0;0;0;0;0;0
2021;08;05;ALBERGUE;12;ALBERGUE;ÁNCASH;020000;8;76;172;19,35;18,23;6,44;6,44;0;151;151;0;972;972;0;17
2021;08;05;ALBERGUE;12;ALBERGUE;AREQUIPA;040000;5;99;239;48,75;44,57;1,56;1,57;1,53;2114;1742;372;3302;2734;568;94
2021;08;05;ALBERGUE;12;ALBERGUE;CAJAMARCA;060000;1;11;22;0;0;0;0;0;0;0;0;0;0;0;0
2021;08;05;ALBERGUE;12;ALBERGUE;CUSCO;080000;17;228;742;25,83;21,45;1,34;1,31;1,37;3670;1534;2136;4934;2008;2926;69
2021;08;05;ALBERGUE;12;ALBERGUE;ICA;110000;2;18;43;17,03;14,55;1,55;1,56;1;125;123;2;194;192;2;5
2021;08;05;ALBERGUE;12;ALBERGUE;JUNÍN;120000;1;32;104;59,17;48,95;1,97;1,97;2,29;799;792;7;1578;1562;16;17
2021;08;05;ALBERGUE;12;ALBERGUE;LIMA;150000;8;127;269;30,78;26,72;1,9;1,65;2,29;1175;723;452;2228;1192;1036;44
2021;08;05;ALBERGUE;12;ALBERGUE;LORETO;160000;55;706;1520;20,9;18,08;2,39;1,78;3,45;3559;2248;1311;8520;4002;4518;201
2021;08;05;ALBERGUE;12;ALBERGUE;MADRE DE DIOS;170000;7;159;329;25,66;26,94;2,79;2,85;2,76;986;273;713;2748;777;1971;165
2021;08;05;ALBERGUE;12;ALBERGUE;PASCO;190000;14;238;647;25,68;15,62;1,42;1,42;1,65;2198;2181;17;3132;3104;28;53
2021;08;05;ALBERGUE;12;ALBERGUE;PUNO;210000;1;13;35;0;0;0;0;0;0;0;0;0;0;0;0
2021;08;05;ALBERGUE;12;ALBERGUE;SAN MARTÍN;220000;10;192;444;15,41;14,77;2,38;2,33;2,95;855;793;62;2033;1850;183;40
2021;08;05;ALBERGUE;12;ALBERGUE;UCAYALI;250000;4;44;115;26,83;13,6;2,28;1,71;4,73;213;173;40;485;296;189;20
2021;08;05;ALBERGUE;TT;TODAS CONSOLIDADAS;AMAZONAS;010000;1;6;11;0;0;0;0;0;0;0;0;0;0;0;0
2021;08;05;ALBERGUE;TT;TODAS CONSOLIDADAS;ÁNCASH;020000;8;76;172;19,35;18,23;6,44;6,44;0;151;151;0;972;972;0;17
2021;08;05;ALBERGUE;TT;TODAS CONSOLIDADAS;AREQUIPA;040000;5;99;239;48,75;44,57;1,56;1,57;1,53;2114;1742;372;3302;2734;568;94
2021;08;05;ALBERGUE;TT;TODAS CONSOLIDADAS;CAJAMARCA;060000;1;11;22;0;0;0;0;0;0;0;0;0;0;0;0
2021;08;05;ALBERGUE;TT;TODAS CONSOLIDADAS;CUSCO;080000;17;228;742;25,83;21,45;1,34;1,31;1,37;3670;1534;2136;4934;2008;2926;69
2021;08;05;ALBERGUE;TT;TODAS CONSOLIDADAS;ICA;110000;2;18;43;17,03;14,55;1,55;1,56;1;125;123;2;194;192;2;5
2021;08;05;ALBERGUE;TT;TODAS CONSOLIDADAS;JUNÍN;120000;1;32;104;59,17;48,95;1,97;1,97;2,29;799;792;7;1578;1562;16;17
2021;08;05;ALBERGUE;TT;TODAS CONSOLIDADAS;LIMA;150000;8;127;269;30,78;26,72;1,9;1,65;2,29;1175;723;452;2228;1192;1036;44
2021;08;05;ALBERGUE;TT;TODAS CONSOLIDADAS;LORETO;160000;55;706;1520;20,9;18,08;2,39;1,78;3,45;3559;2248;1311;8520;4002;4518;201
2021;08;01;HOTEL;04;4 ESTRELLAS;LIMA;150000;41;4010;7014;30,44;23,15;1,82;1,68;2,22;27684;20829;6855;50331;35095;15236;1197
2021;08;01;HOTEL;TT;TODAS CONSOLIDADAS;SAN MARTÍN;220000;56;1816;3074;34,16;32,26;1,69;1,68;1,95;18229;17919;310;30745;30140;605;358
2021;08;03;HOSTAL;TT;TODAS CONSOLIDADAS;SAN MARTÍN;220000;22;359;645;45,66;44,48;1,78;1,78;1,89;4991;4935;56;8894;8788;106;85
2021;08;03;HOSTAL;TT;TODAS CONSOLIDADAS;AREQUIPA;040000;217;3415;5956;28,21;22,34;1,39;1,38;1,75;29672;28871;801;41250;39845;1405;625
2021;08;05;ALBERGUE;TT;TODAS CONSOLIDADAS;MADRE DE DIOS;170000;7;159;329;25,66;26,94;2,79;2,85;2,76;986;273;713;2748;777;1971;165
2021;08;05;ALBERGUE;TT;TODAS CONSOLIDADAS;PASCO;190000;14;238;647;25,68;15,62;1,42;1,42;1,65;2198;2181;17;3132;3104;28;53
2021;08;05;ALBERGUE;TT;TODAS CONSOLIDADAS;PUNO;210000;1;13;35;0;0;0;0;0;0;0;0;0;0;0;0
2021;08;05;ALBERGUE;TT;TODAS CONSOLIDADAS;SAN MARTÍN;220000;10;192;444;15,41;14,77;2,38;2,33;2,95;855;793;62;2033;1850;183;40
2021;08;05;ALBERGUE;TT;TODAS CONSOLIDADAS;UCAYALI;250000;4;44;115;26,83;13,6;2,28;1,71;4,73;213;173;40;485;296;189;20
2021;08;14;RESORT;03;3 ESTRELLAS;ICA;110000;1;51;86;0;0;0;0;0;0;0;0;0;0;0;0
2021;08;14;RESORT;04;4 ESTRELLAS;TUMBES;240000;1;402;804;72,63;90,07;2,64;2,64;3,16;8494;8397;97;22449;22142;307;446
2021;08;14;RESORT;05;5 ESTRELLAS;ICA;110000;1;115;250;53,49;63,46;1,97;1,93;2,51;2494;2334;160;4918;4516;402;90
2021;08;14;RESORT;TT;TODAS CONSOLIDADAS;ICA;110000;2;166;336;37,06;47,22;1,97;1,93;2,51;2494;2334;160;4918;4516;402;90
2021;08;14;RESORT;TT;TODAS CONSOLIDADAS;TUMBES;240000;1;402;804;72,63;90,07;2,64;2,64;3,16;8494;8397;97;22449;22142;307;446
2021;08;16;ECOLODGE;13;ECOLODGE;AREQUIPA;040000;1;23;51;21,04;28,08;1,55;1,55;1,62;286;260;26;444;402;42;8
2021;08;16;ECOLODGE;13;ECOLODGE;SAN MARTÍN;220000;1;12;24;0;0;0;0;0;0;0;0;0;0;0;0
2021;08;16;ECOLODGE;TT;TODAS CONSOLIDADAS;AREQUIPA;040000;1;23;51;21,04;28,08;1,55;1,55;1,62;286;260;26;444;402;42;8
2021;08;16;ECOLODGE;TT;TODAS CONSOLIDADAS;SAN MARTÍN;220000;1;12;24;0;0;0;0;0;0;0;0;0;0;0;0
2021;08;TT;TODAS CONSOLIDADAS;00;NO CATEGORIZADO;AMAZONAS;010000;248;2371;3813;24,74;18,84;1,26;1,25;1,53;17654;17228;426;22266;21616;650;424
2021;08;TT;TODAS CONSOLIDADAS;00;NO CATEGORIZADO;ÁNCASH;020000;568;5623;9695;16,1;15,47;1,25;1,26;1,05;37333;34253;3080;46507;43288;3219;949
2021;08;TT;TODAS CONSOLIDADAS;00;NO CATEGORIZADO;APURÍMAC;030000;448;4215;6456;15,24;11,37;1,13;1,13;1,04;20098;19986;112;22747;22631;116;468
2021;08;TT;TODAS CONSOLIDADAS;00;NO CATEGORIZADO;AREQUIPA;040000;1078;9945;16567;21,72;18,99;1,71;1,68;1,93;57170;51545;5625;97528;86658;10870;1840
2021;08;TT;TODAS CONSOLIDADAS;00;NO CATEGORIZADO;AYACUCHO;050000;517;5184;8259;8,83;7,26;1,19;1,19;1;15669;15474;195;18595;18400;195;581
2021;08;TT;TODAS CONSOLIDADAS;00;NO CATEGORIZADO;CAJAMARCA;060000;565;5741;8901;12,61;11,86;1,26;1,25;1,28;26069;25903;166;32720;32508;212;713
2021;08;TT;TODAS CONSOLIDADAS;00;NO CATEGORIZADO;CALLAO;070000;257;3719;6862;29,58;27,75;1,02;1,02;1,1;99107;97849;1258;101190;99804;1386;981
2021;08;TT;TODAS CONSOLIDADAS;00;NO CATEGORIZADO;CUSCO;080000;1633;16353;29765;18,11;15,72;1,64;1,53;1,94;88695;66308;22387;145085;101737;43348;2972
2021;08;TT;TODAS CONSOLIDADAS;00;NO CATEGORIZADO;HUANCAVELICA;090000;172;1991;3092;20,64;16,57;1,08;1,08;1,54;14649;14603;46;15883;15812;71;249
2021;08;TT;TODAS CONSOLIDADAS;00;NO CATEGORIZADO;HUÁNUCO;100000;450;5268;7773;19,18;16,6;1,13;1,13;1,04;35414;35308;106;39988;39878;110;696
2021;08;TT;TODAS CONSOLIDADAS;00;NO CATEGORIZADO;ICA;110000;677;7960;13782;21,13;16,25;1,21;1,2;1,29;57556;53305;4251;69409;63937;5472;1287
2021;08;TT;TODAS CONSOLIDADAS;00;NO CATEGORIZADO;JUNÍN;120000;1194;13086;21173;19,13;15,11;1,23;1,23;1,61;80806;80453;353;99150;98582;568;1708
2021;08;TT;TODAS CONSOLIDADAS;00;NO CATEGORIZADO;LA LIBERTAD;130000;768;6659;11126;52,73;42,37;2,6;2,61;1,99;56148;55868;280;146134;145576;558;1171
2021;08;TT;TODAS CONSOLIDADAS;00;NO CATEGORIZADO;LAMBAYEQUE;140000;331;3629;5192;32,28;23,19;1,02;1,02;1;36476;36085;391;37322;36931;391;631
2021;08;TT;TODAS CONSOLIDADAS;00;NO CATEGORIZADO;LIMA;150000;5738;50163;87020;22,74;22,91;1,16;1,16;1,1;2425729;2377634;48094;2817752;2764621;53131;32501
2021;08;TT;TODAS CONSOLIDADAS;00;NO CATEGORIZADO;LORETO;160000;647;6262;9743;27,63;26,14;1,9;1,68;2,45;41535;29692;11843;78961;49907;29054;746
2021;08;TT;TODAS CONSOLIDADAS;00;NO CATEGORIZADO;MADRE DE DIOS;170000;286;4139;6819;26,92;22,77;1,21;1,2;1,43;39746;37755;1991;48132;45275;2857;695
2021;08;TT;TODAS CONSOLIDADAS;00;NO CATEGORIZADO;MOQUEGUA;180000;156;1479;2517;18;11,9;1,61;1,6;2,6;5781;5751;30;9289;9211;78;191
2021;08;TT;TODAS CONSOLIDADAS;00;NO CATEGORIZADO;PASCO;190000;275;3134;4978;23,89;19,08;1,17;1,17;1;25113;25055;58;29439;29381;58;533
2021;08;TT;TODAS CONSOLIDADAS;00;NO CATEGORIZADO;PIURA;200000;942;10013;18387;41,08;34,73;1,71;1,68;2,11;116103;109274;6829;197976;183539;14437;1897
2021;08;TT;TODAS CONSOLIDADAS;00;NO CATEGORIZADO;PUNO;210000;654;6224;10559;23,38;19,84;1,16;1,17;1,11;55980;50255;5725;64936;58562;6374;1145
2021;08;TT;TODAS CONSOLIDADAS;00;NO CATEGORIZADO;SAN MARTÍN;220000;682;8040;12493;33,47;27,23;1,31;1,31;1,48;80647;79584;1063;105455;103880;1575;1089
2021;08;TT;TODAS CONSOLIDADAS;00;NO CATEGORIZADO;TACNA;230000;394;3830;6913;13,09;19,33;3,5;3,58;1,21;11818;11442;376;41418;40963;455;482
2021;08;TT;TODAS CONSOLIDADAS;00;NO CATEGORIZADO;TUMBES;240000;204;2187;4307;23,36;18,84;1,99;2;1,72;12637;12399;238;25151;24741;410;361
2021;08;TT;TODAS CONSOLIDADAS;00;NO CATEGORIZADO;UCAYALI;250000;434;4882;7523;27,78;22,72;2,09;2,08;2,32;25400;25041;359;52986;52154;832;873
2021;08;TT;TODAS CONSOLIDADAS;01;1 ESTRELLA;AMAZONAS;010000;15;232;349;52,49;52,62;1,41;1,41;1;4050;4045;5;5693;5688;5;34
2021;08;TT;TODAS CONSOLIDADAS;01;1 ESTRELLA;ÁNCASH;020000;53;920;1463;23,53;22,41;1,06;1,06;1;9552;9545;7;10162;10155;7;138
2021;08;TT;TODAS CONSOLIDADAS;01;1 ESTRELLA;APURÍMAC;030000;3;90;135;20,25;15,13;1,05;1,05;1;605;604;1;633;632;1;10
2021;08;TT;TODAS CONSOLIDADAS;01;1 ESTRELLA;AREQUIPA;040000;58;982;1540;28,35;19,85;1,26;1,24;3,63;7526;7463;63;9477;9248;229;158
2021;08;TT;TODAS CONSOLIDADAS;01;1 ESTRELLA;AYACUCHO;050000;12;291;506;13,92;15,64;2,1;2,1;4;1166;1165;1;2454;2450;4;50
2021;08;TT;TODAS CONSOLIDADAS;01;1 ESTRELLA;CAJAMARCA;060000;29;562;915;10,85;7,43;1,35;1,35;0;1563;1563;0;2107;2107;0;95
2021;08;TT;TODAS CONSOLIDADAS;01;1 ESTRELLA;CUSCO;080000;27;501;841;24,97;21,02;1,12;1,12;1,18;4880;4841;39;5479;5433;46;73
2021;08;TT;TODAS CONSOLIDADAS;01;1 ESTRELLA;HUANCAVELICA;090000;2;29;45;41,27;27,6;1,02;1,02;0;379;379;0;385;385;0;5
2021;08;TT;TODAS CONSOLIDADAS;01;1 ESTRELLA;HUÁNUCO;100000;22;470;713;42,29;29,98;1,04;1,04;1,19;6381;6312;69;6626;6544;82;83
2021;08;TT;TODAS CONSOLIDADAS;01;1 ESTRELLA;ICA;110000;17;268;385;14,49;11,82;1,11;1,11;0;1270;1270;0;1411;1411;0;29
2021;08;TT;TODAS CONSOLIDADAS;01;1 ESTRELLA;JUNÍN;120000;17;379;682;21,32;16,54;1,35;1,35;0;2588;2588;0;3496;3496;0;52
2021;08;TT;TODAS CONSOLIDADAS;01;1 ESTRELLA;LA LIBERTAD;130000;36;519;919;55,42;30,67;1,74;1,74;0;5020;5020;0;8737;8737;0;82
2021;08;TT;TODAS CONSOLIDADAS;01;1 ESTRELLA;LAMBAYEQUE;140000;21;346;470;15,97;13,53;1,16;1,15;1,64;1701;1676;25;1971;1930;41;40
2021;08;TT;TODAS CONSOLIDADAS;01;1 ESTRELLA;LORETO;160000;6;91;134;5,49;5,56;1,94;2,03;1,23;119;106;13;231;215;16;15
2021;08;TT;TODAS CONSOLIDADAS;01;1 ESTRELLA;MADRE DE DIOS;170000;5;190;327;24,28;20,94;1,09;1,09;1,12;1950;1916;34;2123;2085;38;24
2021;08;TT;TODAS CONSOLIDADAS;01;1 ESTRELLA;MOQUEGUA;180000;15;209;384;22,16;16,52;1,48;1,48;1;1325;1324;1;1966;1965;1;36
2021;08;TT;TODAS CONSOLIDADAS;01;1 ESTRELLA;PASCO;190000;23;455;693;51,61;36,7;1,17;1,17;1;6713;6698;15;7884;7869;15;78
2021;08;TT;TODAS CONSOLIDADAS;01;1 ESTRELLA;PIURA;200000;4;76;138;20,37;11,03;2,67;2,68;2,25;177;173;4;472;463;9;8
2021;08;TT;TODAS CONSOLIDADAS;01;1 ESTRELLA;SAN MARTÍN;220000;6;124;208;31,82;31,06;1,33;1,33;1;1510;1503;7;2003;1996;7;27
2021;08;TT;TODAS CONSOLIDADAS;01;1 ESTRELLA;TACNA;230000;12;239;432;5,63;4,25;1,32;1,32;1;432;429;3;569;566;3;31
2021;08;TT;TODAS CONSOLIDADAS;02;2 ESTRELLAS;AMAZONAS;010000;71;1461;2323;24,33;21,56;1,17;1,17;1,31;13247;13202;45;15526;15467;59;229
2021;08;TT;TODAS CONSOLIDADAS;02;2 ESTRELLAS;ÁNCASH;020000;163;3104;5430;34,16;30,91;1,13;1,13;1,12;45862;45675;187;52032;51822;210;517
2021;08;TT;TODAS CONSOLIDADAS;02;2 ESTRELLAS;APURÍMAC;030000;10;327;520;14,96;14,24;1,18;1,18;2,83;1937;1931;6;2295;2278;17;36
2021;08;TT;TODAS CONSOLIDADAS;02;2 ESTRELLAS;AREQUIPA;040000;168;3206;5746;24,37;19,73;1,36;1,35;1,73;25780;25188;592;35142;34117;1025;542
2021;08;TT;TODAS CONSOLIDADAS;02;2 ESTRELLAS;AYACUCHO;050000;12;304;526;17,69;20,43;1,39;1,39;1;2391;2389;2;3332;3330;2;47
2021;08;TT;TODAS CONSOLIDADAS;02;2 ESTRELLAS;CAJAMARCA;060000;149;3170;4895;18,58;15,74;1,23;1,24;1,03;19340;19304;36;23884;23847;37;497
2021;08;TT;TODAS CONSOLIDADAS;02;2 ESTRELLAS;CALLAO;070000;8;244;449;53,61;56,52;1;1;1,03;9645;9486;158;9672;9509;163;46
2021;08;TT;TODAS CONSOLIDADAS;02;2 ESTRELLAS;HUANCAVELICA;090000;3;81;144;13,06;14,02;1;1;0;626;626;0;626;626;0;9
2021;08;TT;TODAS CONSOLIDADAS;02;2 ESTRELLAS;HUÁNUCO;100000;61;1518;2396;30,78;26,34;1,13;1,13;1;17264;17251;13;19568;19555;13;250
2021;08;TT;TODAS CONSOLIDADAS;02;2 ESTRELLAS;JUNÍN;120000;48;1194;2169;34,87;27,39;1,43;1,43;2,03;12869;12794;75;18416;18264;152;193
2021;08;TT;TODAS CONSOLIDADAS;02;2 ESTRELLAS;LA LIBERTAD;130000;153;2811;4986;31,71;26,76;1,48;1,48;1,77;27936;27587;349;41363;40746;617;503
2021;08;TT;TODAS CONSOLIDADAS;02;2 ESTRELLAS;LAMBAYEQUE;140000;228;4311;6192;23,84;17,43;1,14;1,14;1,16;29270;29029;241;33458;33179;279;710
2021;08;TT;TODAS CONSOLIDADAS;02;2 ESTRELLAS;LIMA;150000;251;8226;14694;36,88;33,39;1,35;1,33;1,71;151054;143282;7772;203698;190389;13309;1799
2021;08;TT;TODAS CONSOLIDADAS;02;2 ESTRELLAS;LORETO;160000;20;456;729;17,17;21,98;1,82;1,79;1,99;2732;2397;335;4967;4300;667;79
2021;08;TT;TODAS CONSOLIDADAS;02;2 ESTRELLAS;MOQUEGUA;180000;70;1244;2095;29,21;21,1;2,28;2,29;1,51;6010;5953;57;13706;13620;86;205
2021;08;TT;TODAS CONSOLIDADAS;02;2 ESTRELLAS;PASCO;190000;16;340;631;61,45;51,08;1,37;1,36;6;7307;7301;6;9992;9956;36;66
2021;08;TT;TODAS CONSOLIDADAS;02;2 ESTRELLAS;PIURA;200000;47;1008;1645;25,35;24,42;1,75;1,76;1,58;7102;6747;355;12452;11892;560;188
2021;08;TT;TODAS CONSOLIDADAS;02;2 ESTRELLAS;PUNO;210000;55;1048;1889;18,15;13,7;1,41;1,41;1,46;5675;5574;101;8023;7876;147;149
2021;08;TT;TODAS CONSOLIDADAS;02;2 ESTRELLAS;SAN MARTÍN;220000;45;1069;1780;40,15;32,64;1,65;1,65;1,66;10891;10803;88;18012;17866;146;200
2021;08;TT;TODAS CONSOLIDADAS;02;2 ESTRELLAS;TACNA;230000;51;1259;2482;15,93;12,14;1,57;1,57;1,58;5962;5831;131;9343;9136;207;215
2021;08;TT;TODAS CONSOLIDADAS;02;2 ESTRELLAS;TUMBES;240000;13;324;680;46,62;24,7;7,97;8,13;3,29;653;632;21;5207;5138;69;67
2021;08;TT;TODAS CONSOLIDADAS;02;2 ESTRELLAS;UCAYALI;250000;4;119;201;18,76;12,71;1,57;1,57;1,33;505;499;6;792;784;8;16
2021;08;TT;TODAS CONSOLIDADAS;03;3 ESTRELLAS;AMAZONAS;010000;21;449;838;29,63;26,26;1,44;1,45;1,28;4749;4306;443;6822;6254;568;107
2021;08;TT;TODAS CONSOLIDADAS;03;3 ESTRELLAS;ÁNCASH;020000;64;1737;3093;31,71;27,09;1,49;1,48;1,85;17469;17142;327;25974;25368;606;358
2021;08;TT;TODAS CONSOLIDADAS;03;3 ESTRELLAS;AREQUIPA;040000;102;2495;4585;35,1;24,56;2,03;2,05;1,89;17164;15883;1281;34915;32496;2419;646
2021;08;TT;TODAS CONSOLIDADAS;03;3 ESTRELLAS;AYACUCHO;050000;9;277;528;34,1;30,27;2,3;2,32;1,97;2158;2013;145;4954;4669;285;98
2021;08;TT;TODAS CONSOLIDADAS;03;3 ESTRELLAS;CAJAMARCA;060000;109;2672;4401;28,87;19,21;1,8;1,8;1,94;14542;14438;104;26214;26012;202;514
2021;08;TT;TODAS CONSOLIDADAS;03;3 ESTRELLAS;CALLAO;070000;4;233;396;23,9;23,04;1,26;1,12;1,75;2249;1753;496;2829;1962;867;40
2021;08;TT;TODAS CONSOLIDADAS;03;3 ESTRELLAS;CUSCO;080000;95;3047;5869;26,56;22,56;2,08;2,11;2,03;19686;12668;7018;41038;26769;14269;752
2021;08;TT;TODAS CONSOLIDADAS;03;3 ESTRELLAS;HUANCAVELICA;090000;4;85;131;14,35;11,52;1,27;1,27;2;368;367;1;468;466;2;14
2021;08;TT;TODAS CONSOLIDADAS;03;3 ESTRELLAS;ICA;110000;81;2375;4743;36,75;31,25;1,58;1,58;1,47;29130;27587;1543;45950;43683;2267;518
2021;08;TT;TODAS CONSOLIDADAS;03;3 ESTRELLAS;JUNÍN;120000;22;811;1494;25,05;17,61;1,44;1,44;1,46;5683;5646;37;8157;8103;54;195
2021;08;TT;TODAS CONSOLIDADAS;03;3 ESTRELLAS;LA LIBERTAD;130000;140;3261;6176;37,41;30,46;1,51;1,5;1,92;38648;37738;910;58319;56576;1743;689
2021;08;TT;TODAS CONSOLIDADAS;03;3 ESTRELLAS;LAMBAYEQUE;140000;56;1495;2447;26,96;22,84;1,66;1,66;1,88;10416;10211;205;17325;16940;385;277
2021;08;TT;TODAS CONSOLIDADAS;01;1 ESTRELLA;CALLAO;070000;12;241;482;31,7;31,73;1;1;1;4604;4569;35;4604;4569;35;38
2021;08;TT;TODAS CONSOLIDADAS;01;1 ESTRELLA;LIMA;150000;85;1947;3543;25,86;25,76;1,06;1,06;1,06;30729;30210;519;32505;31954;551;356
2021;08;TT;TODAS CONSOLIDADAS;01;1 ESTRELLA;PUNO;210000;25;469;795;23,03;18,67;1,13;1,15;1,01;4059;3564;495;4602;4102;500;62
2021;08;TT;TODAS CONSOLIDADAS;02;2 ESTRELLAS;CUSCO;080000;97;2017;3553;20,83;17,58;1,84;1,79;2,05;10526;8581;1945;19364;15380;3984;410
2021;08;TT;TODAS CONSOLIDADAS;02;2 ESTRELLAS;ICA;110000;112;2277;3883;20,28;18,49;1,46;1,45;2,15;15270;15021;249;22253;21718;535;385
2021;08;TT;TODAS CONSOLIDADAS;02;2 ESTRELLAS;MADRE DE DIOS;170000;11;335;559;31,29;23,7;1,37;1,36;1,57;3003;2926;77;4107;3986;121;48
2021;08;TT;TODAS CONSOLIDADAS;03;3 ESTRELLAS;APURÍMAC;030000;5;143;245;50,6;35,3;1,55;1,55;1,55;1725;1614;111;2681;2509;172;32
2021;08;TT;TODAS CONSOLIDADAS;03;3 ESTRELLAS;HUÁNUCO;100000;16;579;1071;37,61;35,83;1,53;1,52;1,71;7783;7548;235;11897;11495;402;138
2021;08;TT;TODAS CONSOLIDADAS;03;3 ESTRELLAS;LIMA;150000;176;8079;15357;32,03;27,24;1,69;1,6;2,16;77240;64807;12433;130221;103405;26816;1640
2021;08;TT;TODAS CONSOLIDADAS;03;3 ESTRELLAS;LORETO;160000;30;781;1330;39,13;28,05;2,36;2,38;2,17;4903;4384;519;11567;10439;1128;193
2021;08;TT;TODAS CONSOLIDADAS;03;3 ESTRELLAS;MADRE DE DIOS;170000;6;420;994;18,63;11,32;1,8;1,81;1,5;1941;1838;103;3489;3335;154;57
2021;08;TT;TODAS CONSOLIDADAS;03;3 ESTRELLAS;MOQUEGUA;180000;12;342;617;42,92;24,61;2,19;2,18;3,75;2154;2146;8;4707;4677;30;62
2021;08;TT;TODAS CONSOLIDADAS;03;3 ESTRELLAS;PASCO;190000;6;134;253;69,98;46,26;1;1;0;3623;3623;0;3628;3628;0;26
2021;08;TT;TODAS CONSOLIDADAS;03;3 ESTRELLAS;PIURA;200000;18;633;1106;28,51;23,79;1,89;1,84;2,21;4326;3792;534;8157;6977;1180;164
2021;08;TT;TODAS CONSOLIDADAS;03;3 ESTRELLAS;PUNO;210000;32;991;1885;24,78;19,38;1,75;1,78;1,63;6464;5321;1143;11325;9461;1864;180
2021;08;TT;TODAS CONSOLIDADAS;03;3 ESTRELLAS;SAN MARTÍN;220000;26;932;1623;28,98;33,4;1,85;1,85;2,09;9067;8834;233;16804;16316;488;168
2021;08;TT;TODAS CONSOLIDADAS;03;3 ESTRELLAS;TACNA;230000;19;556;1176;20,77;12,74;1,77;1,77;1,73;2628;2553;75;4644;4514;130;129
2021;08;TT;TODAS CONSOLIDADAS;03;3 ESTRELLAS;TUMBES;240000;15;334;680;8,68;6,54;1,44;1,44;0;957;957;0;1378;1378;0;58
2021;08;TT;TODAS CONSOLIDADAS;03;3 ESTRELLAS;UCAYALI;250000;18;606;993;36,51;29,68;2,25;2,29;1,64;4060;3835;225;9135;8766;369;145
2021;08;TT;TODAS CONSOLIDADAS;04;4 ESTRELLAS;AREQUIPA;040000;11;471;901;50,72;37,21;1,87;1,87;1,84;5566;5039;527;10393;9421;972;151
2021;08;TT;TODAS CONSOLIDADAS;04;4 ESTRELLAS;CAJAMARCA;060000;4;214;393;64,97;59,63;2,75;2,77;2,33;2642;2542;100;7265;7032;233;112
2021;08;TT;TODAS CONSOLIDADAS;04;4 ESTRELLAS;CALLAO;070000;2;371;599;55,6;47,13;1,3;1,28;1,32;6721;2706;4015;8751;3454;5297;103
2021;08;TT;TODAS CONSOLIDADAS;04;4 ESTRELLAS;CUSCO;080000;11;886;1698;39,38;38,16;2,15;2,14;2,16;9350;6028;3322;20085;12922;7163;287
2021;08;TT;TODAS CONSOLIDADAS;04;4 ESTRELLAS;HUÁNUCO;100000;1;61;104;33,9;27,61;1,8;1,81;1;494;490;4;890;886;4;24
2021;08;TT;TODAS CONSOLIDADAS;04;4 ESTRELLAS;ICA;110000;6;583;1157;51,4;38,04;4,27;4,4;2,16;3198;3011;187;13643;13239;404;148
2021;08;TT;TODAS CONSOLIDADAS;04;4 ESTRELLAS;JUNÍN;120000;1;40;66;39,92;30,74;2,21;2,21;0;285;285;0;629;629;0;21
2021;08;TT;TODAS CONSOLIDADAS;04;4 ESTRELLAS;LA LIBERTAD;130000;3;207;322;62,51;53,13;2,14;2,2;1,81;2475;2120;355;5303;4662;641;46
2021;08;TT;TODAS CONSOLIDADAS;04;4 ESTRELLAS;LAMBAYEQUE;140000;5;332;544;65,24;60,66;1,6;1,56;2,04;6391;5906;485;10230;9240;990;207
2021;08;TT;TODAS CONSOLIDADAS;04;4 ESTRELLAS;LIMA;150000;51;4709;8456;35,66;27,81;1,96;1,84;2,4;37197;29119;8078;72910;53526;19384;1651
2021;08;TT;TODAS CONSOLIDADAS;04;4 ESTRELLAS;LORETO;160000;3;103;173;31,69;24,54;1,24;1,28;1,16;1058;721;337;1316;926;390;33
2021;08;TT;TODAS CONSOLIDADAS;04;4 ESTRELLAS;MOQUEGUA;180000;2;123;229;65,33;76,19;9,49;9,43;11,22;570;552;18;5409;5207;202;40
2021;08;TT;TODAS CONSOLIDADAS;04;4 ESTRELLAS;PIURA;200000;2;180;3735;51,95;4,09;1,92;1,86;2,6;2470;2281;189;4736;4245;491;38
2021;08;TT;TODAS CONSOLIDADAS;04;4 ESTRELLAS;PUNO;210000;7;447;843;34,54;24,89;1,92;1,98;1,75;3382;2520;862;6504;4995;1509;95
2021;08;TT;TODAS CONSOLIDADAS;04;4 ESTRELLAS;SAN MARTÍN;220000;2;74;146;93,37;86,5;1,86;1,76;3,78;2103;2000;103;3915;3526;389;60
2021;08;TT;TODAS CONSOLIDADAS;04;4 ESTRELLAS;TACNA;230000;1;150;300;58,02;35,43;2,35;2,32;3,23;1401;1358;43;3295;3156;139;31
2021;08;TT;TODAS CONSOLIDADAS;04;4 ESTRELLAS;UCAYALI;250000;5;289;515;46,03;42,71;2,55;2,47;3,39;2679;2452;227;6819;6049;770;65
2021;08;TT;TODAS CONSOLIDADAS;05;5 ESTRELLAS;AREQUIPA;040000;3;241;346;60,77;49,38;1,77;1,76;1,85;2989;2674;315;5296;4714;582;120
2021;08;TT;TODAS CONSOLIDADAS;05;5 ESTRELLAS;CUSCO;080000;13;1124;2191;36,02;32,6;1,77;1,99;1,56;12515;6098;6417;22141;12147;9994;625
2021;08;TT;TODAS CONSOLIDADAS;05;5 ESTRELLAS;ICA;110000;4;460;1046;58,4;53,38;1,97;1,95;2,09;8807;8069;738;17309;15769;1540;429
2021;08;TT;TODAS CONSOLIDADAS;05;5 ESTRELLAS;LA LIBERTAD;130000;1;120;240;58,36;45,89;2,14;2,05;2,94;1596;1436;160;3414;2944;470;57
2021;08;TT;TODAS CONSOLIDADAS;05;5 ESTRELLAS;LIMA;150000;26;4101;7404;45,28;31,21;1,86;1,64;2,62;38481;29697;8784;71624;48600;23024;2167
2021;08;TT;TODAS CONSOLIDADAS;05;5 ESTRELLAS;LORETO;160000;1;60;122;75,05;68,24;2,22;2,24;2,16;1162;853;309;2581;1913;668;49
2021;08;TT;TODAS CONSOLIDADAS;05;5 ESTRELLAS;PUNO;210000;1;123;231;93;82,39;1,9;1,87;2,17;3099;2790;309;5900;5231;669;45
2021;08;TT;TODAS CONSOLIDADAS;05;5 ESTRELLAS;UCAYALI;250000;2;165;306;33,78;31,92;2,44;2,45;2,36;1241;1123;118;3028;2749;279;33
2021;08;TT;TODAS CONSOLIDADAS;12;ALBERGUE;AMAZONAS;010000;1;6;11;0;0;0;0;0;0;0;0;0;0;0;0
2021;08;TT;TODAS CONSOLIDADAS;12;ALBERGUE;ÁNCASH;020000;8;76;172;19,35;18,23;6,44;6,44;0;151;151;0;972;972;0;17
2021;08;TT;TODAS CONSOLIDADAS;12;ALBERGUE;AREQUIPA;040000;5;99;239;48,75;44,57;1,56;1,57;1,53;2114;1742;372;3302;2734;568;94
2021;08;TT;TODAS CONSOLIDADAS;12;ALBERGUE;CAJAMARCA;060000;1;11;22;0;0;0;0;0;0;0;0;0;0;0;0
2021;08;TT;TODAS CONSOLIDADAS;12;ALBERGUE;CUSCO;080000;17;228;742;25,83;21,45;1,34;1,31;1,37;3670;1534;2136;4934;2008;2926;69
2021;08;TT;TODAS CONSOLIDADAS;12;ALBERGUE;ICA;110000;2;18;43;17,03;14,55;1,55;1,56;1;125;123;2;194;192;2;5
2021;08;TT;TODAS CONSOLIDADAS;12;ALBERGUE;LIMA;150000;8;127;269;30,78;26,72;1,9;1,65;2,29;1175;723;452;2228;1192;1036;44
2021;08;TT;TODAS CONSOLIDADAS;12;ALBERGUE;LORETO;160000;55;706;1520;20,9;18,08;2,39;1,78;3,45;3559;2248;1311;8520;4002;4518;201
2021;08;TT;TODAS CONSOLIDADAS;12;ALBERGUE;MADRE DE DIOS;170000;7;159;329;25,66;26,94;2,79;2,85;2,76;986;273;713;2748;777;1971;165
2021;08;TT;TODAS CONSOLIDADAS;12;ALBERGUE;PASCO;190000;14;238;647;25,68;15,62;1,42;1,42;1,65;2198;2181;17;3132;3104;28;53
2021;08;TT;TODAS CONSOLIDADAS;12;ALBERGUE;PUNO;210000;1;13;35;0;0;0;0;0;0;0;0;0;0;0;0
2021;08;TT;TODAS CONSOLIDADAS;12;ALBERGUE;SAN MARTÍN;220000;10;192;444;15,41;14,77;2,38;2,33;2,95;855;793;62;2033;1850;183;40
2021;08;TT;TODAS CONSOLIDADAS;12;ALBERGUE;UCAYALI;250000;4;44;115;26,83;13,6;2,28;1,71;4,73;213;173;40;485;296;189;20
2021;08;TT;TODAS CONSOLIDADAS;13;ECOLODGE;AREQUIPA;040000;1;23;51;21,04;28,08;1,55;1,55;1,62;286;260;26;444;402;42;8
2021;08;TT;TODAS CONSOLIDADAS;13;ECOLODGE;SAN MARTÍN;220000;1;12;24;0;0;0;0;0;0;0;0;0;0;0;0
2021;08;TT;TODAS CONSOLIDADAS;TT;TODAS CONSOLIDADAS;AMAZONAS;010000;356;4519;7334;26,05;21,19;1,26;1,25;1,44;39700;38781;919;50307;49025;1282;794
2021;08;TT;TODAS CONSOLIDADAS;TT;TODAS CONSOLIDADAS;ÁNCASH;020000;856;11460;19853;21,2;19,74;1,28;1,29;1,11;110367;106766;3601;135647;131605;4042;1979
2021;08;TT;TODAS CONSOLIDADAS;TT;TODAS CONSOLIDADAS;APURÍMAC;030000;466;4775;7356;15,64;11,71;1,14;1,14;1,08;24365;24135;230;28356;28050;306;546
2021;08;TT;TODAS CONSOLIDADAS;TT;TODAS CONSOLIDADAS;AREQUIPA;040000;1426;17462;29975;23,66;19,81;1,67;1,65;1,97;118595;109794;8801;196497;179790;16707;3559
2021;08;TT;TODAS CONSOLIDADAS;TT;TODAS CONSOLIDADAS;AYACUCHO;050000;550;6056;9819;9,55;8,11;1,23;1,23;1,08;21384;21041;343;29335;28849;486;776
2021;08;TT;TODAS CONSOLIDADAS;TT;TODAS CONSOLIDADAS;CAJAMARCA;060000;857;12370;19527;15,89;13,53;1,33;1,33;1,28;64156;63750;406;92190;91506;684;1931
2021;08;TT;TODAS CONSOLIDADAS;TT;TODAS CONSOLIDADAS;CALLAO;070000;283;4808;8788;30,45;28,81;1,02;1,02;1,11;122326;116364;5962;127046;119298;7748;1208
2021;08;TT;TODAS CONSOLIDADAS;TT;TODAS CONSOLIDADAS;CUSCO;080000;1893;24156;44659;19,09;16,53;1,66;1,58;1,93;149322;106058;43264;258126;176396;81730;5188
2021;08;TT;TODAS CONSOLIDADAS;TT;TODAS CONSOLIDADAS;HUANCAVELICA;090000;181;2186;3412;20,6;16,54;1,09;1,08;1,51;16022;15975;47;17362;17289;73;277
2021;08;TT;TODAS CONSOLIDADAS;TT;TODAS CONSOLIDADAS;HUÁNUCO;100000;550;7896;12057;21,95;18,79;1,14;1,14;1,06;67336;66909;427;78969;78358;611;1191
2021;08;TT;TODAS CONSOLIDADAS;TT;TODAS CONSOLIDADAS;ICA;110000;899;13941;25039;22,67;18,1;1,29;1,29;1,4;115356;108386;6970;170169;159949;10220;2801
2021;08;TT;TODAS CONSOLIDADAS;TT;TODAS CONSOLIDADAS;JUNÍN;120000;1283;15542;25688;19,89;15,67;1,24;1,24;1,6;103030;102558;472;131426;130636;790;2186
2021;08;TT;TODAS CONSOLIDADAS;TT;TODAS CONSOLIDADAS;LA LIBERTAD;130000;1101;13577;23769;47,98;38,34;2,28;2,28;1,89;131823;129769;2054;263270;259241;4029;2548
2021;08;TT;TODAS CONSOLIDADAS;TT;TODAS CONSOLIDADAS;LAMBAYEQUE;140000;641;10113;14845;28,54;21,09;1,13;1,13;1,16;84254;82907;1347;100306;98220;2086;1865
2021;08;TT;TODAS CONSOLIDADAS;TT;TODAS CONSOLIDADAS;LIMA;150000;6335;77352;136743;23,81;23,56;1,19;1,19;1,18;2761605;2675472;86132;3330938;3193687;137252;40158
2021;08;TT;TODAS CONSOLIDADAS;TT;TODAS CONSOLIDADAS;LORETO;160000;762;8459;13751;27,23;25,41;1,95;1,72;2,49;55068;40401;14667;108143;71702;36441;1316
2021;08;TT;TODAS CONSOLIDADAS;TT;TODAS CONSOLIDADAS;MADRE DE DIOS;170000;315;5243;9028;26,84;22,65;1,26;1,25;1,47;47626;44708;2918;60599;55458;5141;989
2021;08;TT;TODAS CONSOLIDADAS;TT;TODAS CONSOLIDADAS;MOQUEGUA;180000;255;3397;5842;22,87;15,8;1,87;1,87;2,33;15840;15726;114;35077;34680;397;534
2021;08;TT;TODAS CONSOLIDADAS;TT;TODAS CONSOLIDADAS;PASCO;190000;334;4301;7202;28,5;22,17;1,19;1,19;1,25;44954;44858;96;54075;53938;137;756
2021;08;TT;TODAS CONSOLIDADAS;TT;TODAS CONSOLIDADAS;PIURA;200000;1014;11993;25179;40,09;33,92;1,72;1,69;2,09;131484;123405;8079;226450;209256;17194;2347
2021;08;TT;TODAS CONSOLIDADAS;TT;TODAS CONSOLIDADAS;PUNO;210000;775;9315;16237;23,21;19,45;1,21;1,21;1,16;78659;70024;8635;101290;90227;11063;1676
2021;08;TT;TODAS CONSOLIDADAS;TT;TODAS CONSOLIDADAS;SAN MARTÍN;220000;772;10443;16718;33,57;27,74;1,36;1,36;1,53;105073;103517;1556;148222;145434;2788;1584
2021;08;TT;TODAS CONSOLIDADAS;TT;TODAS CONSOLIDADAS;TUMBES;240000;238;3512;6991;24,54;19,63;2,29;2,3;1,71;26232;25631;601;59828;58653;1175;997
2021;08;TT;TODAS CONSOLIDADAS;TT;TODAS CONSOLIDADAS;UCAYALI;250000;467;6105;9653;28,25;23,08;2,1;2,09;2,32;34098;33123;975;73245;70798;2447;1152
2021;09;00;NO CLASIFICADO;00;NO CATEGORIZADO;ÁNCASH;020000;569;5671;9796;15,74;13,42;1,27;1,28;1,15;30948;29870;1078;39438;38195;1243;952
2021;09;00;NO CLASIFICADO;00;NO CATEGORIZADO;AREQUIPA;040000;1078;9915;16542;22,72;18,64;1,52;1,49;1,88;60967;56100;4867;92491;83331;9160;1862
2021;09;00;NO CLASIFICADO;00;NO CATEGORIZADO;CALLAO;070000;257;3721;6866;31,6;29,4;1,02;1,02;1,06;102313;101163;1150;103977;102753;1224;974
2021;09;00;NO CLASIFICADO;00;NO CATEGORIZADO;ICA;110000;677;7970;13809;19,24;14,25;1,18;1,17;1,25;49921;42650;7271;59054;49937;9117;1278
2021;09;00;NO CLASIFICADO;00;NO CATEGORIZADO;PASCO;190000;270;3049;4781;21,9;17,81;1,13;1,13;1;22606;22594;12;25545;25533;12;526
2021;08;TT;TODAS CONSOLIDADAS;04;4 ESTRELLAS;TUMBES;240000;6;667;1324;56,49;68,44;2,34;2,35;2,04;11985;11643;342;28092;27396;696;511
2021;08;TT;TODAS CONSOLIDADAS;05;5 ESTRELLAS;PIURA;200000;1;83;168;64,24;51,02;2,03;1,88;3,08;1306;1138;168;2657;2140;517;52
2021;08;TT;TODAS CONSOLIDADAS;12;ALBERGUE;JUNÍN;120000;1;32;104;59,17;48,95;1,97;1,97;2,29;799;792;7;1578;1562;16;17
2021;08;TT;TODAS CONSOLIDADAS;TT;TODAS CONSOLIDADAS;TACNA;230000;477;6034;11303;13,6;17,95;3,17;3,23;1,27;22241;21613;628;59269;58335;934;888
2021;09;00;NO CLASIFICADO;00;NO CATEGORIZADO;AMAZONAS;010000;251;2384;3803;25,43;22,99;1,42;1,42;1,51;18417;17041;1376;26228;24147;2081;431
2021;09;00;NO CLASIFICADO;00;NO CATEGORIZADO;APURÍMAC;030000;447;4191;6435;17,51;13,01;1,12;1,12;1,11;22377;22285;92;25116;25014;102;454
2021;09;00;NO CLASIFICADO;00;NO CATEGORIZADO;AYACUCHO;050000;516;5146;8202;9,32;7,98;1,24;1,24;0;15800;15800;0;19643;19643;0;585
2021;09;00;NO CLASIFICADO;00;NO CATEGORIZADO;CAJAMARCA;060000;564;5770;8921;12,07;10,27;1,21;1,21;1,06;22774;22711;63;27493;27426;67;711
2021;09;00;NO CLASIFICADO;00;NO CATEGORIZADO;CUSCO;080000;1637;16577;30082;19,19;15,79;1,67;1,48;2,07;85231;57397;27834;142462;84734;57728;3012
2021;09;00;NO CLASIFICADO;00;NO CATEGORIZADO;HUANCAVELICA;090000;176;2103;3243;17,99;14,82;1,11;1,11;1,24;13016;12999;17;14416;14395;21;278
2021;09;00;NO CLASIFICADO;00;NO CATEGORIZADO;HUÁNUCO;100000;451;5276;7772;16,49;13,77;1,09;1,09;1,25;29453;29393;60;32099;32024;75;679
2021;09;00;NO CLASIFICADO;00;NO CATEGORIZADO;JUNÍN;120000;1194;13106;21180;17,65;13,23;1,2;1,2;1,18;69809;69569;240;84059;83775;284;1704
2021;09;00;NO CLASIFICADO;00;NO CATEGORIZADO;LA LIBERTAD;130000;769;6671;11150;29,53;19,3;1,2;1,2;1,2;53710;53205;505;64561;63953;608;747
2021;09;00;NO CLASIFICADO;00;NO CATEGORIZADO;LAMBAYEQUE;140000;333;3649;5226;33,18;23,62;1,02;1,02;1,03;36459;35843;616;37039;36403;636;632
2021;09;00;NO CLASIFICADO;00;NO CATEGORIZADO;LIMA;150000;5737;50278;87247;22,83;21,99;1,12;1,12;1,19;2371581;2310113;61468;2649114;2575956;73158;32697
2021;09;00;NO CLASIFICADO;00;NO CATEGORIZADO;LORETO;160000;645;6252;9721;20,17;19,56;1,51;1,47;1,62;37902;28645;9257;57043;42063;14980;746
2021;09;00;NO CLASIFICADO;00;NO CATEGORIZADO;MADRE DE DIOS;170000;287;4169;6951;24,61;20,26;1,18;1,17;1,44;35797;34040;1757;42254;39729;2525;693
2021;09;00;NO CLASIFICADO;00;NO CATEGORIZADO;MOQUEGUA;180000;156;1475;2519;12,5;8,8;1,31;1,31;1;5085;5014;71;6651;6580;71;187
2021;09;00;NO CLASIFICADO;00;NO CATEGORIZADO;PUNO;210000;658;6297;10668;24,4;19;1,15;1,16;1,13;52701;47384;5317;60795;54801;5994;1158
2021;09;00;NO CLASIFICADO;00;NO CATEGORIZADO;TUMBES;240000;203;2145;4222;22,66;17,48;1,68;1,68;2,04;13174;13079;95;22139;21945;194;346
2021;09;00;NO CLASIFICADO;TT;TODAS CONSOLIDADAS;AMAZONAS;010000;251;2384;3803;25,43;22,99;1,42;1,42;1,51;18417;17041;1376;26228;24147;2081;431
2021;09;00;NO CLASIFICADO;TT;TODAS CONSOLIDADAS;ÁNCASH;020000;569;5671;9796;15,74;13,42;1,27;1,28;1,15;30948;29870;1078;39438;38195;1243;952
2021;09;00;NO CLASIFICADO;TT;TODAS CONSOLIDADAS;AYACUCHO;050000;516;5146;8202;9,32;7,98;1,24;1,24;0;15800;15800;0;19643;19643;0;585
2021;09;00;NO CLASIFICADO;TT;TODAS CONSOLIDADAS;CALLAO;070000;257;3721;6866;31,6;29,4;1,02;1,02;1,06;102313;101163;1150;103977;102753;1224;974
2021;09;00;NO CLASIFICADO;TT;TODAS CONSOLIDADAS;CUSCO;080000;1637;16577;30082;19,19;15,79;1,67;1,48;2,07;85231;57397;27834;142462;84734;57728;3012
2021;09;00;NO CLASIFICADO;TT;TODAS CONSOLIDADAS;HUANCAVELICA;090000;176;2103;3243;17,99;14,82;1,11;1,11;1,24;13016;12999;17;14416;14395;21;278
2021;09;00;NO CLASIFICADO;TT;TODAS CONSOLIDADAS;HUÁNUCO;100000;451;5276;7772;16,49;13,77;1,09;1,09;1,25;29453;29393;60;32099;32024;75;679
2021;09;00;NO CLASIFICADO;TT;TODAS CONSOLIDADAS;LA LIBERTAD;130000;769;6671;11150;29,53;19,3;1,2;1,2;1,2;53710;53205;505;64561;63953;608;747
2021;09;00;NO CLASIFICADO;TT;TODAS CONSOLIDADAS;LAMBAYEQUE;140000;333;3649;5226;33,18;23,62;1,02;1,02;1,03;36459;35843;616;37039;36403;636;632
2021;09;00;NO CLASIFICADO;TT;TODAS CONSOLIDADAS;LIMA;150000;5737;50278;87247;22,83;21,99;1,12;1,12;1,19;2371581;2310113;61468;2649114;2575956;73158;32697
2021;09;00;NO CLASIFICADO;TT;TODAS CONSOLIDADAS;LORETO;160000;645;6252;9721;20,17;19,56;1,51;1,47;1,62;37902;28645;9257;57043;42063;14980;746
2021;09;00;NO CLASIFICADO;TT;TODAS CONSOLIDADAS;MADRE DE DIOS;170000;287;4169;6951;24,61;20,26;1,18;1,17;1,44;35797;34040;1757;42254;39729;2525;693
2021;09;00;NO CLASIFICADO;TT;TODAS CONSOLIDADAS;PASCO;190000;270;3049;4781;21,9;17,81;1,13;1,13;1;22606;22594;12;25545;25533;12;526
2021;09;00;NO CLASIFICADO;TT;TODAS CONSOLIDADAS;PUNO;210000;658;6297;10668;24,4;19;1,15;1,16;1,13;52701;47384;5317;60795;54801;5994;1158
2021;09;00;NO CLASIFICADO;TT;TODAS CONSOLIDADAS;SAN MARTÍN;220000;685;8109;12616;29,99;25,08;1,22;1,22;1,53;77646;76981;665;94940;93925;1015;1100
2021;09;01;HOTEL;01;1 ESTRELLA;AMAZONAS;010000;1;20;35;0;0;0;0;0;0;0;0;0;0;0;0
2021;09;01;HOTEL;01;1 ESTRELLA;ÁNCASH;020000;12;362;565;10,45;8,63;1,11;1,11;0;1323;1323;0;1462;1462;0;50
2021;09;01;HOTEL;01;1 ESTRELLA;APURÍMAC;030000;2;80;115;26,63;21,88;1,09;1,09;1;692;691;1;755;754;1;10
2021;09;01;HOTEL;01;1 ESTRELLA;AREQUIPA;040000;6;208;351;34,78;18,21;1,88;1,82;3,04;1017;966;51;1917;1762;155;34
2021;09;01;HOTEL;01;1 ESTRELLA;AYACUCHO;050000;8;200;345;12,75;12,62;1,99;1,99;0;657;657;0;1306;1306;0;35
2021;09;01;HOTEL;01;1 ESTRELLA;CAJAMARCA;060000;6;170;284;10,55;9,67;1,19;1,19;1;694;688;6;824;818;6;26
2021;09;01;HOTEL;01;1 ESTRELLA;CALLAO;070000;1;37;74;0;0;0;0;0;0;0;0;0;0;0;0
2021;09;01;HOTEL;01;1 ESTRELLA;CUSCO;080000;5;127;225;17,19;15,05;1,53;1,53;1,53;663;646;17;1016;990;26;20
2021;09;01;HOTEL;01;1 ESTRELLA;ICA;110000;5;102;130;0;0;0;0;0;0;0;0;0;0;0;0
2021;09;01;HOTEL;01;1 ESTRELLA;LA LIBERTAD;130000;2;46;88;0;0;0;0;0;0;0;0;0;0;0;0
2021;09;01;HOTEL;01;1 ESTRELLA;LAMBAYEQUE;140000;3;103;149;0;0;0;0;0;0;0;0;0;0;0;0
2021;09;01;HOTEL;01;1 ESTRELLA;LIMA;150000;10;403;684;49,67;49,08;1,03;1,03;1;8600;8557;43;8883;8840;43;53
2021;09;01;HOTEL;01;1 ESTRELLA;MADRE DE DIOS;170000;4;115;200;41,19;35,77;1,04;1,04;1;2066;2046;20;2146;2126;20;21
2021;09;01;HOTEL;01;1 ESTRELLA;MOQUEGUA;180000;1;21;42;106,98;69,92;8,31;8,31;0;106;106;0;881;881;0;4
2021;09;01;HOTEL;01;1 ESTRELLA;PASCO;190000;6;168;272;76,01;61,61;1,04;1,04;0;4825;4825;0;5027;5027;0;29
2021;09;01;HOTEL;01;1 ESTRELLA;PUNO;210000;4;111;190;21,86;19,65;2,53;2,53;0;442;442;0;1120;1120;0;13
2021;09;01;HOTEL;02;2 ESTRELLAS;AMAZONAS;010000;23;588;931;22,47;22,11;1,55;1,55;1,79;3988;3945;43;6175;6098;77;93
2021;09;01;HOTEL;02;2 ESTRELLAS;ÁNCASH;020000;41;1100;2004;26,42;19,45;1,52;1,52;1,33;7682;7566;116;11691;11537;154;174
2021;09;01;HOTEL;02;2 ESTRELLAS;APURÍMAC;030000;4;180;311;13,69;12,08;1,22;1,22;3,5;923;921;2;1127;1120;7;14
2021;09;01;HOTEL;02;2 ESTRELLAS;AREQUIPA;040000;41;1176;2052;21,24;16,5;1,6;1,6;1,76;6337;6224;113;10158;9959;199;186
2021;09;01;HOTEL;02;2 ESTRELLAS;AYACUCHO;050000;8;253;433;15,32;20,37;1,28;1,28;1;2062;2059;3;2646;2643;3;39
2021;09;01;HOTEL;02;2 ESTRELLAS;CAJAMARCA;060000;39;1129;1746;22,77;16,99;1,14;1,14;1,06;7775;7759;16;8897;8880;17;174
2021;09;01;HOTEL;02;2 ESTRELLAS;CALLAO;070000;1;40;67;2;2,09;1;1;1;42;33;9;42;33;9;3
2021;09;01;HOTEL;02;2 ESTRELLAS;CUSCO;080000;47;1166;2092;14,12;11,95;1,64;1,63;1,68;4561;3567;994;7499;5829;1670;261
2021;09;01;HOTEL;02;2 ESTRELLAS;HUANCAVELICA;090000;2;42;73;32,7;27,85;1,69;1,69;1,81;360;344;16;610;581;29;9
2021;09;01;HOTEL;02;2 ESTRELLAS;ICA;110000;51;1375;2398;28,98;22,94;1,46;1,46;1,23;11337;11041;296;16502;16138;364;226
2021;09;01;HOTEL;02;2 ESTRELLAS;JUNÍN;120000;27;835;1459;28,49;20,16;1,56;1,55;2,12;5673;5622;51;8823;8715;108;124
2021;09;01;HOTEL;02;2 ESTRELLAS;LA LIBERTAD;130000;22;609;998;41,13;37,46;2,33;2,33;2,45;4815;4660;155;11217;10837;380;115
2021;09;01;HOTEL;02;2 ESTRELLAS;LAMBAYEQUE;140000;71;1993;2977;22,05;16,99;1,24;1,24;1,29;12208;12132;76;15176;15078;98;291
2021;09;01;HOTEL;02;2 ESTRELLAS;LIMA;150000;121;5286;9299;37,87;34,08;1,36;1,35;1,5;81303;78805;2498;110345;106594;3751;950
2021;09;01;HOTEL;02;2 ESTRELLAS;LORETO;160000;15;379;607;16,32;18,53;1,6;1,59;1,63;2112;1835;277;3375;2923;452;64
2021;09;01;HOTEL;02;2 ESTRELLAS;MADRE DE DIOS;170000;7;223;389;36,22;29,2;1,4;1,39;1,53;2442;2387;55;3408;3324;84;32
2021;09;01;HOTEL;02;2 ESTRELLAS;MOQUEGUA;180000;17;542;951;52,59;36,54;4,76;4,77;3;2189;2185;4;10424;10412;12;90
2021;09;01;HOTEL;02;2 ESTRELLAS;PASCO;190000;5;151;269;82,63;58,84;1,29;1,29;0;3677;3677;0;4748;4748;0;33
2021;09;01;HOTEL;02;2 ESTRELLAS;PUNO;210000;20;492;861;14,47;10,69;1,22;1,22;1,23;2266;2209;57;2762;2692;70;65
2021;09;01;HOTEL;02;2 ESTRELLAS;TUMBES;240000;8;258;549;95,01;45,25;30,17;30,17;0;247;247;0;7452;7452;0;49
2021;09;01;HOTEL;03;3 ESTRELLAS;AMAZONAS;010000;14;331;586;29,67;24,52;1,59;1,6;1,44;2715;2474;241;4310;3964;346;82
2021;09;01;HOTEL;03;3 ESTRELLAS;ÁNCASH;020000;39;1371;2410;26,3;21,31;1,29;1,28;1,59;11917;11474;443;15409;14703;706;272
2021;09;01;HOTEL;03;3 ESTRELLAS;APURÍMAC;030000;3;98;172;60,44;35,23;1,7;1,7;1,38;1072;1059;13;1818;1800;18;19
2021;09;01;HOTEL;03;3 ESTRELLAS;AREQUIPA;040000;64;1882;3504;32,16;21,25;1,96;1,97;1,91;11398;10305;1093;22343;20255;2088;502
2021;09;01;HOTEL;03;3 ESTRELLAS;AYACUCHO;050000;7;239;456;32,78;25,03;2,24;2,22;2,51;1527;1429;98;3424;3178;246;80
2021;09;01;HOTEL;03;3 ESTRELLAS;CAJAMARCA;060000;62;1959;3247;31,01;20,07;2,08;2,08;1,52;9405;9355;50;19555;19479;76;403
2021;09;01;HOTEL;03;3 ESTRELLAS;CALLAO;070000;4;233;396;28,45;26,11;1,51;1,41;1,88;2052;1617;435;3102;2285;817;43
2021;09;01;HOTEL;03;3 ESTRELLAS;CUSCO;080000;75;2763;5307;28,15;22,3;1,97;2,04;1,91;17975;8991;8984;35497;18366;17131;736
2021;09;01;HOTEL;03;3 ESTRELLAS;HUANCAVELICA;090000;2;65;108;15,44;11,7;1,42;1,42;4;266;265;1;379;375;4;14
2021;09;01;HOTEL;03;3 ESTRELLAS;ICA;110000;47;1724;3442;33,02;26,54;1,47;1,48;1,33;18674;17332;1342;27403;25616;1787;386
2021;09;01;HOTEL;03;3 ESTRELLAS;LA LIBERTAD;130000;81;2309;4405;31,01;21,84;1,76;1,75;2,04;16351;15643;708;28858;27412;1446;506
2021;09;01;HOTEL;03;3 ESTRELLAS;LAMBAYEQUE;140000;38;1285;2159;20,78;16,49;1,51;1,51;1,53;7095;6953;142;10682;10465;217;225
2021;09;01;HOTEL;03;3 ESTRELLAS;LIMA;150000;153;7630;14453;32,74;27,14;1,68;1,56;2,16;70034;55849;14185;117670;87007;30663;1563
2021;09;01;HOTEL;03;3 ESTRELLAS;LORETO;160000;21;644;1095;41,82;32,48;2,44;2,43;2,49;4378;3751;627;10671;9110;1561;147
2021;09;01;HOTEL;03;3 ESTRELLAS;MADRE DE DIOS;170000;5;398;965;17,4;9,76;1,81;1,85;1,36;1564;1416;148;2826;2624;202;59
2021;09;01;HOTEL;03;3 ESTRELLAS;MOQUEGUA;180000;10;323;592;46,85;26,2;2,17;2,17;2,41;2145;2111;34;4654;4572;82;66
2021;09;01;HOTEL;03;3 ESTRELLAS;PASCO;190000;4;114;217;31,11;54,09;1,7;1,69;1,93;2075;2048;27;3521;3469;52;17
2021;09;01;HOTEL;03;3 ESTRELLAS;PUNO;210000;25;841;1624;25,86;19,43;1,89;1,96;1,67;5011;3731;1280;9465;7325;2140;152
2021;09;01;HOTEL;03;3 ESTRELLAS;SAN MARTÍN;220000;20;853;1432;21,21;28,01;2,39;2,39;2,48;5039;4962;77;12035;11844;191;140
2021;09;00;NO CLASIFICADO;00;NO CATEGORIZADO;PIURA;200000;941;9897;18120;38,88;33,53;1,8;1,72;2,55;101059;91359;9700;182255;157494;24761;1879
2021;09;00;NO CLASIFICADO;TT;TODAS CONSOLIDADAS;PIURA;200000;941;9897;18120;38,88;33,53;1,8;1,72;2,55;101059;91359;9700;182255;157494;24761;1879
2021;09;01;HOTEL;01;1 ESTRELLA;PIURA;200000;2;40;87;0;0;0;0;0;0;0;0;0;0;0;0
2021;09;01;HOTEL;02;2 ESTRELLAS;PIURA;200000;21;498;838;25,44;21,44;2,01;2,02;1,46;2679;2655;24;5391;5356;35;98
2021;09;01;HOTEL;03;3 ESTRELLAS;PIURA;200000;16;597;1030;29,3;23,7;1,9;1,87;2,14;3849;3395;454;7324;6351;973;153
2021;09;00;NO CLASIFICADO;00;NO CATEGORIZADO;SAN MARTÍN;220000;685;8109;12616;29,99;25,08;1,22;1,22;1,53;77646;76981;665;94940;93925;1015;1100
2021;09;01;HOTEL;01;1 ESTRELLA;SAN MARTÍN;220000;5;104;178;0;0;0;0;0;0;0;0;0;0;0;0
2021;09;01;HOTEL;02;2 ESTRELLAS;SAN MARTÍN;220000;30;851;1420;41,1;34,58;1,7;1,7;1,59;8682;8607;75;14732;14613;119;158
2021;09;00;NO CLASIFICADO;00;NO CATEGORIZADO;TACNA;230000;395;3848;6956;7,89;5,88;1,05;1,05;1,07;11705;10865;840;12272;11374;898;487
2021;09;00;NO CLASIFICADO;TT;TODAS CONSOLIDADAS;TACNA;230000;395;3848;6956;7,89;5,88;1,05;1,05;1,07;11705;10865;840;12272;11374;898;487
2021;09;01;HOTEL;01;1 ESTRELLA;TACNA;230000;2;57;112;12,16;8,63;1,93;1,88;3,17;150;144;6;290;271;19;5
2021;09;01;HOTEL;02;2 ESTRELLAS;TACNA;230000;29;859;1728;14,28;12,17;1,88;1,88;2,06;3351;3286;65;6307;6173;134;148
2021;09;00;NO CLASIFICADO;00;NO CATEGORIZADO;UCAYALI;250000;434;4906;7576;27,74;24,11;1,91;1,9;2,41;28758;28351;407;54796;53815;981;875
2021;09;00;NO CLASIFICADO;TT;TODAS CONSOLIDADAS;UCAYALI;250000;434;4906;7576;27,74;24,11;1,91;1,9;2,41;28758;28351;407;54796;53815;981;875
2021;09;01;HOTEL;02;2 ESTRELLAS;UCAYALI;250000;2;48;65;0;0;0;0;0;0;0;0;0;0;0;0
2021;09;00;NO CLASIFICADO;TT;TODAS CONSOLIDADAS;APURÍMAC;030000;447;4191;6435;17,51;13,01;1,12;1,12;1,11;22377;22285;92;25116;25014;102;454
2021;09;00;NO CLASIFICADO;TT;TODAS CONSOLIDADAS;AREQUIPA;040000;1078;9915;16542;22,72;18,64;1,52;1,49;1,88;60967;56100;4867;92491;83331;9160;1862
2021;09;00;NO CLASIFICADO;TT;TODAS CONSOLIDADAS;CAJAMARCA;060000;564;5770;8921;12,07;10,27;1,21;1,21;1,06;22774;22711;63;27493;27426;67;711
2021;09;00;NO CLASIFICADO;TT;TODAS CONSOLIDADAS;ICA;110000;677;7970;13809;19,24;14,25;1,18;1,17;1,25;49921;42650;7271;59054;49937;9117;1278
2021;09;00;NO CLASIFICADO;TT;TODAS CONSOLIDADAS;JUNÍN;120000;1194;13106;21180;17,65;13,23;1,2;1,2;1,18;69809;69569;240;84059;83775;284;1704
2021;09;00;NO CLASIFICADO;TT;TODAS CONSOLIDADAS;MOQUEGUA;180000;156;1475;2519;12,5;8,8;1,31;1,31;1;5085;5014;71;6651;6580;71;187
2021;09;00;NO CLASIFICADO;TT;TODAS CONSOLIDADAS;TUMBES;240000;203;2145;4222;22,66;17,48;1,68;1,68;2,04;13174;13079;95;22139;21945;194;346
2021;09;01;HOTEL;01;1 ESTRELLA;HUÁNUCO;100000;9;268;400;59,08;45,83;1,17;1,16;1,33;4719;4695;24;5499;5467;32;48
2021;09;01;HOTEL;02;2 ESTRELLAS;HUÁNUCO;100000;39;1205;1890;18,85;14,74;1,16;1,16;1;7222;7211;11;8360;8349;11;199
2021;09;01;HOTEL;03;3 ESTRELLAS;HUÁNUCO;100000;14;552;1021;39,91;38,93;1,68;1,67;1,93;7113;6947;166;11925;11605;320;132
2021;09;01;HOTEL;01;1 ESTRELLA;JUNÍN;120000;5;210;396;12,1;8,68;1,51;1,51;0;682;682;0;1031;1031;0;22
2021;09;01;HOTEL;03;3 ESTRELLAS;JUNÍN;120000;20;765;1409;18,45;12,23;1,45;1,45;1,57;3564;3543;21;5170;5137;33;165
2021;09;01;HOTEL;03;3 ESTRELLAS;TACNA;230000;14;478;1012;18,17;11,2;1,8;1,81;1,64;1893;1777;116;3400;3210;190;113
2021;09;01;HOTEL;03;3 ESTRELLAS;TUMBES;240000;8;234;464;3,13;3,91;1;1;0;544;544;0;544;544;0;43
2021;09;01;HOTEL;03;3 ESTRELLAS;UCAYALI;250000;16;560;920;35,57;29,03;2,06;2,07;2,01;3880;3729;151;8011;7707;304;144
2021;09;01;HOTEL;04;4 ESTRELLAS;AREQUIPA;040000;10;452;869;48,3;32,49;1,75;1,74;1,86;4831;4303;528;8471;7490;981;145
2021;09;01;HOTEL;04;4 ESTRELLAS;CAJAMARCA;060000;4;214;393;61,07;48,94;2,57;2,57;2,55;2248;2166;82;5770;5561;209;108
2021;09;01;HOTEL;04;4 ESTRELLAS;CALLAO;070000;2;371;599;71,02;56,4;1,39;1,37;1,4;7306;2778;4528;10135;3797;6338;103
2021;09;01;HOTEL;04;4 ESTRELLAS;CUSCO;080000;11;891;1703;45,31;38,05;2;1,93;2,08;9724;5331;4393;19439;10290;9149;297
2021;09;01;HOTEL;04;4 ESTRELLAS;HUÁNUCO;100000;1;61;104;26,99;22,44;1,8;1,81;1,17;389;383;6;700;693;7;22
2021;09;01;HOTEL;04;4 ESTRELLAS;ICA;110000;6;583;1157;50,69;32,52;4,41;4,61;2,2;2560;2350;210;11287;10825;462;152
2021;09;01;HOTEL;04;4 ESTRELLAS;JUNÍN;120000;1;40;66;49,83;35,45;2,37;2,37;0;296;296;0;702;702;0;21
2021;09;01;HOTEL;04;4 ESTRELLAS;LA LIBERTAD;130000;3;207;322;60,18;49,28;2,29;2,28;2,4;2080;1856;224;4760;4223;537;46
2021;09;01;HOTEL;04;4 ESTRELLAS;LAMBAYEQUE;140000;5;332;544;51,91;47,56;1,53;1,5;1,89;5067;4666;401;7761;7004;757;207
2021;09;01;HOTEL;04;4 ESTRELLAS;LIMA;150000;41;3982;6914;33,51;25,35;1,88;1,72;2,33;27987;20829;7158;52572;35896;16676;1282
2021;09;01;HOTEL;04;4 ESTRELLAS;LORETO;160000;2;90;150;12,67;11,6;1,74;1,75;1,63;300;281;19;522;491;31;25
2021;09;01;HOTEL;04;4 ESTRELLAS;MOQUEGUA;180000;2;123;229;61,17;74,47;10,93;10,73;18,75;468;456;12;5116;4891;225;40
2021;09;01;HOTEL;04;4 ESTRELLAS;PIURA;200000;2;180;3735;48,04;3,42;2,1;2,03;2,82;1822;1640;182;3835;3322;513;38
2021;09;01;HOTEL;04;4 ESTRELLAS;PUNO;210000;7;447;843;40,66;27,82;1,97;2,06;1,78;3568;2458;1110;7035;5061;1974;109
2021;09;01;HOTEL;04;4 ESTRELLAS;SAN MARTÍN;220000;1;50;108;64,27;59,51;1,63;1,63;1,68;1184;1146;38;1928;1864;64;48
2021;09;01;HOTEL;04;4 ESTRELLAS;TACNA;230000;1;150;300;62,4;34,37;2,16;2,16;2,39;1432;1414;18;3093;3050;43;32
2021;09;01;HOTEL;04;4 ESTRELLAS;TUMBES;240000;5;265;520;53,16;49,9;1,55;1,55;1,6;5018;4524;494;7785;6997;788;68
2021;09;01;HOTEL;04;4 ESTRELLAS;UCAYALI;250000;5;289;515;43,73;38,45;2,45;2,32;3,46;2428;2166;262;5940;5034;906;71
2021;09;01;HOTEL;05;5 ESTRELLAS;AREQUIPA;040000;3;241;346;60,64;48,97;1,59;1,58;1,76;3187;2841;346;5083;4475;608;120
2021;09;01;HOTEL;05;5 ESTRELLAS;CUSCO;080000;13;1124;2191;37,65;32,1;1,68;1,89;1,55;12543;4921;7622;21102;9291;11811;627
2021;09;01;HOTEL;05;5 ESTRELLAS;ICA;110000;3;345;796;43,4;34,11;1,81;1,8;1,85;4512;4047;465;8145;7285;860;339
2021;09;01;HOTEL;05;5 ESTRELLAS;LA LIBERTAD;130000;1;120;240;52,28;40,06;1,8;1,74;2,16;1605;1404;201;2884;2449;435;61
2021;09;01;HOTEL;05;5 ESTRELLAS;LIMA;150000;22;3987;7179;48,88;33,04;1,78;1,44;2,66;39907;28786;11121;71162;41542;29620;2146
2021;09;01;HOTEL;05;5 ESTRELLAS;LORETO;160000;1;60;93;84,17;79,78;2,08;2,18;1,91;1070;677;393;2226;1475;751;49
2021;09;01;HOTEL;05;5 ESTRELLAS;PIURA;200000;1;83;168;47,55;47,42;2,06;1,93;2,65;1159;952;207;2390;1841;549;53
2021;09;01;HOTEL;05;5 ESTRELLAS;PUNO;210000;1;123;231;102,52;84,76;1,76;1,73;2,03;3344;3096;248;5874;5371;503;45
2021;09;01;HOTEL;05;5 ESTRELLAS;UCAYALI;250000;2;165;306;34,89;26,69;2,45;2,35;3,54;1002;923;79;2450;2170;280;33
2021;09;01;HOTEL;TT;TODAS CONSOLIDADAS;AMAZONAS;010000;38;939;1552;24,53;22,52;1,56;1,57;1,49;6703;6419;284;10485;10062;423;175
2021;09;01;HOTEL;TT;TODAS CONSOLIDADAS;APURÍMAC;030000;9;358;598;29,38;20,62;1,38;1,38;1,63;2687;2671;16;3700;3674;26;43
2021;09;01;HOTEL;TT;TODAS CONSOLIDADAS;AREQUIPA;040000;124;3959;7122;32,63;22,45;1,79;1,78;1,89;26770;24639;2131;47972;43941;4031;987
2021;09;01;HOTEL;TT;TODAS CONSOLIDADAS;AYACUCHO;050000;23;692;1234;20,61;19,92;1,74;1,72;2,47;4246;4145;101;7376;7127;249;154
2021;09;01;HOTEL;TT;TODAS CONSOLIDADAS;CAJAMARCA;060000;111;3472;5670;29,18;20,6;1,74;1,74;2;20122;19968;154;35046;34738;308;711
2021;09;01;HOTEL;TT;TODAS CONSOLIDADAS;CALLAO;070000;8;681;1136;51,34;41,68;1,41;1,38;1,44;10743;5061;5682;15176;6989;8187;170
2021;09;01;HOTEL;TT;TODAS CONSOLIDADAS;HUANCAVELICA;090000;4;107;181;22,21;18,21;1,58;1,57;1,94;626;609;17;989;956;33;23
2021;09;01;HOTEL;TT;TODAS CONSOLIDADAS;HUÁNUCO;100000;63;2086;3415;29,83;25,85;1,36;1,36;1,79;19443;19236;207;26484;26114;370;401
2021;09;01;HOTEL;TT;TODAS CONSOLIDADAS;ICA;110000;112;4129;7923;34,22;26,65;1,71;1,72;1,5;37083;34770;2313;63337;59864;3473;1103
2021;09;01;HOTEL;TT;TODAS CONSOLIDADAS;JUNÍN;120000;53;1850;3330;22,94;15,74;1,54;1,54;1,96;10215;10143;72;15726;15585;141;332
2021;09;01;HOTEL;TT;TODAS CONSOLIDADAS;LA LIBERTAD;130000;109;3291;6053;35,06;26,28;1,92;1,91;2,17;24851;23563;1288;47719;44921;2798;728
2021;09;01;HOTEL;TT;TODAS CONSOLIDADAS;LAMBAYEQUE;140000;117;3713;5829;23,67;19,23;1,38;1,37;1,73;24370;23751;619;33619;32547;1072;723
2021;09;01;HOTEL;TT;TODAS CONSOLIDADAS;LIMA;150000;347;21288;38529;37,24;29,13;1,66;1,5;2,34;224683;181855;42828;373028;272736;100292;6918
2021;09;01;HOTEL;TT;TODAS CONSOLIDADAS;MADRE DE DIOS;170000;16;736;1554;26,82;17,98;1,38;1,38;1,37;6072;5849;223;8380;8074;306;112
2021;09;01;HOTEL;TT;TODAS CONSOLIDADAS;MOQUEGUA;180000;30;1009;1814;52,93;38,73;4,29;4,27;6,38;4908;4858;50;21075;20756;319;200
2021;09;01;HOTEL;TT;TODAS CONSOLIDADAS;PASCO;190000;15;433;758;66,5;58,47;1,26;1,26;1,93;10577;10550;27;13296;13244;52;79
2021;09;01;HOTEL;TT;TODAS CONSOLIDADAS;PIURA;200000;42;1398;5858;30,58;10,78;1,99;1,95;2,39;9509;8642;867;18940;16870;2070;342
2021;09;01;HOTEL;TT;TODAS CONSOLIDADAS;PUNO;210000;57;2014;3749;30,82;23,34;1,79;1,81;1,74;14631;11936;2695;26256;21569;4687;384
2021;09;01;HOTEL;TT;TODAS CONSOLIDADAS;SAN MARTÍN;220000;56;1858;3138;30,29;30,48;1,93;1,92;1,97;14905;14715;190;28695;28321;374;346
2021;09;01;HOTEL;TT;TODAS CONSOLIDADAS;TACNA;230000;46;1544;3152;20,08;13,84;1,92;1,92;1,88;6826;6621;205;13090;12704;386;298
2021;09;01;HOTEL;TT;TODAS CONSOLIDADAS;TUMBES;240000;21;757;1533;51,96;34,31;2,72;2,82;1,6;5809;5315;494;15781;14993;788;160
2021;09;01;HOTEL;TT;TODAS CONSOLIDADAS;UCAYALI;250000;25;1062;1806;36,07;30,27;2,24;2,19;3,03;7310;6818;492;16401;14911;1490;248
2021;09;02;APART HOTEL;03;3 ESTRELLAS;ÁNCASH;020000;2;16;44;0;0;0;0;0;0;0;0;0;0;0;0
2021;09;02;APART HOTEL;03;3 ESTRELLAS;APURÍMAC;030000;1;21;30;59,37;60,67;2,03;2,06;1,36;269;258;11;546;531;15;8
2021;09;02;APART HOTEL;03;3 ESTRELLAS;AREQUIPA;040000;1;18;36;5,56;5,56;1,5;1,5;0;40;40;0;60;60;0;2
2021;09;02;APART HOTEL;03;3 ESTRELLAS;CAJAMARCA;060000;1;7;12;0;0;0;0;0;0;0;0;0;0;0;0
2021;09;02;APART HOTEL;03;3 ESTRELLAS;ICA;110000;1;10;20;4;4;2;2;0;12;12;0;24;24;0;4
2021;09;02;APART HOTEL;03;3 ESTRELLAS;LA LIBERTAD;130000;1;11;24;0;0;0;0;0;0;0;0;0;0;0;0
2021;09;02;APART HOTEL;03;3 ESTRELLAS;LORETO;160000;1;20;36;44,33;30,19;2,74;2,75;1;119;118;1;326;325;1;12
2021;09;02;APART HOTEL;03;3 ESTRELLAS;PASCO;190000;1;11;18;0;0;0;0;0;0;0;0;0;0;0;0
2021;09;02;APART HOTEL;03;3 ESTRELLAS;TUMBES;240000;2;18;50;72,22;46,13;2,45;2,45;0;283;283;0;692;692;0;15
2021;09;02;APART HOTEL;04;4 ESTRELLAS;AREQUIPA;040000;1;19;32;41,58;65,94;2,12;2,17;2;298;220;78;633;477;156;5
2021;09;02;APART HOTEL;04;4 ESTRELLAS;LIMA;150000;10;699;1442;66,63;44,8;2,34;2,14;3,33;8296;6946;1350;19381;14890;4491;454
2021;09;02;APART HOTEL;04;4 ESTRELLAS;LORETO;160000;1;13;23;107,44;70,29;1,16;1,84;1,09;419;37;382;485;68;417;6
2021;09;02;APART HOTEL;04;4 ESTRELLAS;SAN MARTÍN;220000;1;24;38;99,86;63,42;9,51;6,46;12,12;76;35;41;723;226;497;12
2021;09;02;APART HOTEL;05;5 ESTRELLAS;LIMA;150000;6;399;674;24,67;21,57;2,46;2,14;3,41;1776;1339;437;4362;2872;1490;143
2021;09;02;APART HOTEL;TT;TODAS CONSOLIDADAS;APURÍMAC;030000;1;21;30;59,37;60,67;2,03;2,06;1,36;269;258;11;546;531;15;8
2021;09;02;APART HOTEL;TT;TODAS CONSOLIDADAS;AREQUIPA;040000;2;37;68;24,05;33,97;2,05;2,07;2;338;260;78;693;537;156;7
2021;09;02;APART HOTEL;TT;TODAS CONSOLIDADAS;CAJAMARCA;060000;1;7;12;0;0;0;0;0;0;0;0;0;0;0;0
2021;09;02;APART HOTEL;TT;TODAS CONSOLIDADAS;ICA;110000;1;10;20;4;4;2;2;0;12;12;0;24;24;0;4
2021;09;02;APART HOTEL;TT;TODAS CONSOLIDADAS;LA LIBERTAD;130000;1;11;24;0;0;0;0;0;0;0;0;0;0;0;0
2021;09;02;APART HOTEL;TT;TODAS CONSOLIDADAS;LIMA;150000;24;1304;2510;49,7;36,06;2,49;2,23;3,5;10922;8702;2220;27152;19388;7764;643
2021;09;02;APART HOTEL;TT;TODAS CONSOLIDADAS;PASCO;190000;1;11;18;0;0;0;0;0;0;0;0;0;0;0;0
2021;09;02;APART HOTEL;TT;TODAS CONSOLIDADAS;SAN MARTÍN;220000;1;24;38;99,86;63,42;9,51;6,46;12,12;76;35;41;723;226;497;12
2021;09;02;APART HOTEL;TT;TODAS CONSOLIDADAS;TUMBES;240000;2;18;50;72,22;46,13;2,45;2,45;0;283;283;0;692;692;0;15
2021;09;03;HOSTAL;01;1 ESTRELLA;AMAZONAS;010000;15;224;327;53,14;59,29;1,45;1,45;1;4014;3972;42;5816;5774;42;38
2021;09;03;HOSTAL;01;1 ESTRELLA;ÁNCASH;020000;42;572;921;29,4;28,73;1,08;1,08;0;7323;7323;0;7939;7939;0;92
2021;09;03;HOSTAL;01;1 ESTRELLA;APURÍMAC;030000;1;10;20;0;0;0;0;0;0;0;0;0;0;0;0
2021;09;03;HOSTAL;01;1 ESTRELLA;AREQUIPA;040000;52;783;1210;24,47;19,14;1,24;1,24;1;5608;5586;22;6948;6926;22;124
2021;09;03;HOSTAL;01;1 ESTRELLA;AYACUCHO;050000;4;91;161;13,99;19,59;2,21;2,21;0;429;429;0;946;946;0;15
2021;09;03;HOSTAL;01;1 ESTRELLA;CAJAMARCA;060000;22;376;595;11,52;8,01;1,55;1,55;0;922;922;0;1430;1430;0;65
2021;09;03;HOSTAL;01;1 ESTRELLA;CALLAO;070000;11;204;408;31,47;31,45;1;1;1;4048;4032;17;4048;4032;17;34
2021;09;03;HOSTAL;01;1 ESTRELLA;CUSCO;080000;22;374;616;25,75;22,9;1,19;1,18;1,33;3570;3561;9;4231;4219;12;53
2021;09;03;HOSTAL;01;1 ESTRELLA;HUANCAVELICA;090000;2;29;45;40,8;26,96;1,02;1,02;0;356;356;0;364;364;0;5
2021;09;03;HOSTAL;01;1 ESTRELLA;HUÁNUCO;100000;13;202;313;31,4;20;1;1;0;1878;1878;0;1878;1878;0;35
2021;09;03;HOSTAL;01;1 ESTRELLA;ICA;110000;12;166;255;34,8;32,18;1;1;0;2462;2462;0;2462;2462;0;30
2021;09;03;HOSTAL;01;1 ESTRELLA;JUNÍN;120000;12;171;290;27,45;22,39;1,32;1,32;0;1478;1478;0;1948;1948;0;30
2021;09;03;HOSTAL;01;1 ESTRELLA;LA LIBERTAD;130000;34;473;831;56,48;31,53;1,73;1,73;0;4555;4555;0;7861;7861;0;82
2021;09;03;HOSTAL;01;1 ESTRELLA;LAMBAYEQUE;140000;18;243;321;22,62;18,89;1,13;1,12;1,5;1614;1598;16;1819;1795;24;40
2021;09;03;HOSTAL;01;1 ESTRELLA;LORETO;160000;6;91;134;4,54;3,28;1,45;1,51;1,38;91;51;40;132;77;55;15
2021;09;03;HOSTAL;01;1 ESTRELLA;MADRE DE DIOS;170000;1;35;68;12;9,8;1,82;1,82;0;110;110;0;200;200;0;3
2021;09;03;HOSTAL;01;1 ESTRELLA;MOQUEGUA;180000;14;188;342;20,99;16,02;1,25;1,25;1,2;1318;1313;5;1644;1638;6;32
2021;09;03;HOSTAL;01;1 ESTRELLA;PASCO;190000;17;290;431;66,93;39,38;1,12;1,12;0;4564;4564;0;5092;5092;0;50
2021;09;03;HOSTAL;01;1 ESTRELLA;PIURA;200000;2;36;51;29,81;21,83;1,65;1,67;1,3;202;192;10;334;321;13;8
2021;09;03;HOSTAL;01;1 ESTRELLA;PUNO;210000;22;372;628;20,61;18,34;1,06;1,07;1,01;3249;2883;366;3456;3087;369;50
2021;09;03;HOSTAL;01;1 ESTRELLA;SAN MARTÍN;220000;1;20;30;0;0;0;0;0;0;0;0;0;0;0;0
2021;09;03;HOSTAL;01;1 ESTRELLA;TACNA;230000;10;182;321;4,62;3,51;1;1;1;338;335;3;338;335;3;26
2021;09;03;HOSTAL;02;2 ESTRELLAS;AMAZONAS;010000;48;875;1386;24,38;21,27;1,01;1,01;1;8749;8746;3;8845;8842;3;138
2021;09;03;HOSTAL;02;2 ESTRELLAS;ÁNCASH;020000;123;2024;3458;37,12;35,86;1,07;1,07;1,15;34876;34757;119;37206;37069;137;339
2021;09;03;HOSTAL;02;2 ESTRELLAS;APURÍMAC;030000;6;153;224;26,84;22,74;1,13;1,13;0;1352;1352;0;1528;1528;0;22
2021;09;03;HOSTAL;02;2 ESTRELLAS;AREQUIPA;040000;126;2033;3678;28,17;24,91;1,32;1,32;1,24;20820;20624;196;27484;27240;244;355
2021;09;03;HOSTAL;02;2 ESTRELLAS;AYACUCHO;050000;4;51;93;3,33;2,22;1,32;1,32;0;47;47;0;62;62;0;10
2021;09;03;HOSTAL;02;2 ESTRELLAS;CAJAMARCA;060000;111;2067;3198;16,49;14,32;1,28;1,28;1,03;10736;10660;76;13740;13662;78;328
2021;09;03;HOSTAL;02;2 ESTRELLAS;CALLAO;070000;7;206;386;65,79;67,27;1;1;1;9937;9758;179;9959;9781;179;46
2021;09;03;HOSTAL;02;2 ESTRELLAS;CUSCO;080000;52;854;1488;27,92;25,52;2,15;2,14;2,22;5287;4191;1096;11393;8960;2433;158
2021;09;03;HOSTAL;02;2 ESTRELLAS;HUANCAVELICA;090000;2;47;77;0;0;0;0;0;0;0;0;0;0;0;0
2021;09;03;HOSTAL;02;2 ESTRELLAS;HUÁNUCO;100000;22;313;507;28,38;22,64;1,08;1,08;1;3190;3174;16;3443;3427;16;64
2021;09;03;HOSTAL;02;2 ESTRELLAS;ICA;110000;61;902;1491;19,51;16,28;1,05;1,05;1;6949;6841;108;7281;7173;108;149
2021;09;03;HOSTAL;02;2 ESTRELLAS;JUNÍN;120000;21;360;713;16,62;12,03;1,28;1,28;1,75;2009;1997;12;2574;2553;21;62
2021;09;03;HOSTAL;02;2 ESTRELLAS;LA LIBERTAD;130000;130;2190;3964;22,29;18,39;1,11;1,11;1,09;19758;19519;239;21865;21604;261;387
2021;09;03;HOSTAL;02;2 ESTRELLAS;LAMBAYEQUE;140000;159;2333;3236;25,6;19,12;1,07;1,07;1,02;17375;17218;157;18565;18405;160;421
2021;09;03;HOSTAL;02;2 ESTRELLAS;LIMA;150000;130;2939;5391;31,46;28,53;1,33;1,24;1,85;50167;43328;6840;66539;53875;12665;738
2021;09;03;HOSTAL;02;2 ESTRELLAS;LORETO;160000;5;79;124;35,95;62,88;1,86;1,85;1,96;1260;1234;26;2339;2288;51;17
2021;09;03;HOSTAL;02;2 ESTRELLAS;MADRE DE DIOS;170000;4;111;171;39,34;27,7;1,3;1,3;1,42;1094;1061;33;1421;1374;47;18
2021;09;03;HOSTAL;02;2 ESTRELLAS;MOQUEGUA;180000;55;750;1222;35,25;26,25;2,19;2,19;2;4393;4382;11;9622;9600;22;136
2021;09;03;HOSTAL;02;2 ESTRELLAS;PASCO;190000;11;189;356;28,94;23,6;1,51;1,51;1;1671;1668;3;2521;2518;3;33
2021;09;03;HOSTAL;02;2 ESTRELLAS;PIURA;200000;29;574;927;24,66;28,28;2,12;2,13;2,08;3706;3428;278;7866;7288;578;111
2021;09;03;HOSTAL;02;2 ESTRELLAS;PUNO;210000;38;607;1136;18,76;14,75;1,56;1,55;2,07;3220;3165;55;5028;4914;114;94
2021;09;03;HOSTAL;02;2 ESTRELLAS;SAN MARTÍN;220000;16;251;412;28,25;23,62;1,47;1,47;1;1991;1980;11;2919;2908;11;43
2021;09;03;HOSTAL;02;2 ESTRELLAS;TACNA;230000;22;379;712;27,08;17,04;1,62;1,62;1,58;2253;2160;93;3640;3493;147;67
2021;09;03;HOSTAL;02;2 ESTRELLAS;TUMBES;240000;5;66;131;10,61;12,47;1,66;1,66;0;296;296;0;490;490;0;18
2021;09;03;HOSTAL;02;2 ESTRELLAS;UCAYALI;250000;2;71;136;30,05;18,21;1,54;1,54;2;482;477;5;743;733;10;22
2021;09;03;HOSTAL;03;3 ESTRELLAS;AMAZONAS;010000;8;123;244;20,62;18,57;1,16;1,16;0;1173;1173;0;1359;1359;0;25
2021;09;03;HOSTAL;03;3 ESTRELLAS;ÁNCASH;020000;22;330;607;23,29;20,7;1,79;1,79;1,78;2112;2075;37;3770;3704;66;65
2021;09;03;HOSTAL;03;3 ESTRELLAS;APURÍMAC;030000;1;24;43;42,36;23,64;1,65;1,65;0;185;185;0;305;305;0;7
2021;09;03;HOSTAL;03;3 ESTRELLAS;AREQUIPA;040000;38;586;1030;36,62;27,13;2,01;2,02;1,92;4176;3837;339;8382;7732;650;140
2021;09;03;HOSTAL;03;3 ESTRELLAS;AYACUCHO;050000;2;38;77;41,75;32,81;2,21;2,17;2,69;343;317;26;758;688;70;18
2021;09;03;HOSTAL;03;3 ESTRELLAS;CAJAMARCA;060000;49;788;1304;23,05;17,41;1,49;1,49;1,16;4567;4530;37;6810;6767;43;145
2021;09;03;HOSTAL;03;3 ESTRELLAS;CUSCO;080000;24;420;817;21,79;17,86;2,75;2,88;2,51;1593;1027;566;4377;2955;1422;69
2021;09;03;HOSTAL;03;3 ESTRELLAS;HUANCAVELICA;090000;2;20;23;0;0;0;0;0;0;0;0;0;0;0;0
2021;09;03;HOSTAL;03;3 ESTRELLAS;HUÁNUCO;100000;2;27;50;19,01;18,87;1;1;0;283;283;0;283;283;0;6
2021;09;03;HOSTAL;03;3 ESTRELLAS;ICA;110000;32;587;1108;27,32;19,96;1,34;1,35;1,23;4941;4600;341;6634;6213;421;138
2021;09;03;HOSTAL;03;3 ESTRELLAS;JUNÍN;120000;2;47;88;49,22;36,14;1,66;1,67;1,5;573;569;4;954;948;6;30
2021;09;03;HOSTAL;03;3 ESTRELLAS;LA LIBERTAD;130000;58;936;1737;49,98;44,52;1,17;1,17;1,2;19759;19584;175;23198;22988;210;174
2021;09;03;HOSTAL;03;3 ESTRELLAS;LAMBAYEQUE;140000;20;267;384;39,43;30,8;1,31;1,31;1,33;2707;2656;51;3548;3480;68;64
2021;09;03;HOSTAL;03;3 ESTRELLAS;LIMA;150000;16;348;701;18,29;15,38;1,06;1,06;1,16;3137;3110;27;3322;3291;31;69
2021;09;03;HOSTAL;03;3 ESTRELLAS;LORETO;160000;8;117;195;32,11;21,01;2,16;2,16;2,23;568;542;26;1229;1171;58;28
2021;09;03;HOSTAL;03;3 ESTRELLAS;MADRE DE DIOS;170000;1;22;29;21,21;20;1,24;1,24;0;140;140;0;174;174;0;2
2021;09;03;HOSTAL;03;3 ESTRELLAS;MOQUEGUA;180000;3;52;90;0;0;0;0;0;0;0;0;0;0;0;0
2021;09;03;HOSTAL;03;3 ESTRELLAS;PASCO;190000;1;9;18;0;0;0;0;0;0;0;0;0;0;0;0
2021;09;03;HOSTAL;03;3 ESTRELLAS;PIURA;200000;2;36;76;6,94;8,46;1,87;1,84;2,07;103;89;14;193;164;29;11
2021;09;03;HOSTAL;03;3 ESTRELLAS;PUNO;210000;7;152;265;52,46;36,47;2,45;2,46;1,96;1185;1159;26;2899;2848;51;32
2021;09;03;HOSTAL;03;3 ESTRELLAS;SAN MARTÍN;220000;6;111;243;48,14;47,65;2,49;2,49;2,43;1395;1381;14;3474;3440;34;30
2021;09;03;HOSTAL;03;3 ESTRELLAS;TACNA;230000;6;109;226;15,26;11,21;2,07;2,07;0;368;368;0;760;760;0;19
2021;09;03;HOSTAL;03;3 ESTRELLAS;TUMBES;240000;5;82;166;29,84;24,84;1,42;1,42;0;870;870;0;1237;1237;0;20
2021;09;03;HOSTAL;03;3 ESTRELLAS;UCAYALI;250000;2;45;71;8,89;6,81;2,01;1,99;4;72;71;1;145;141;4;7
2021;09;03;HOSTAL;TT;TODAS CONSOLIDADAS;AMAZONAS;010000;71;1222;1957;29,27;27,29;1,15;1,15;1;13936;13891;45;16020;15975;45;201
2021;09;03;HOSTAL;TT;TODAS CONSOLIDADAS;ÁNCASH;020000;187;2926;4986;34,05;32,7;1,1;1,1;1,3;44311;44155;156;48915;48712;203;496
2021;09;03;HOSTAL;TT;TODAS CONSOLIDADAS;APURÍMAC;030000;8;187;287;27,4;21,29;1,19;1,19;0;1537;1537;0;1833;1833;0;29
2021;09;03;HOSTAL;TT;TODAS CONSOLIDADAS;AREQUIPA;040000;216;3402;5918;28,77;24,12;1,4;1,39;1,64;30604;30047;557;42814;41898;916;619
2021;09;03;HOSTAL;TT;TODAS CONSOLIDADAS;AYACUCHO;050000;10;180;331;16,83;17,78;2,16;2,14;2,69;819;793;26;1766;1696;70;43
2021;09;03;HOSTAL;TT;TODAS CONSOLIDADAS;CAJAMARCA;060000;182;3231;5097;17,51;14,37;1,35;1,36;1,07;16225;16112;113;21980;21859;121;538
2021;09;03;HOSTAL;TT;TODAS CONSOLIDADAS;CALLAO;070000;18;410;794;48,18;48,46;1;1;1;12933;12762;171;12953;12782;171;77
2021;09;03;HOSTAL;TT;TODAS CONSOLIDADAS;HUANCAVELICA;090000;6;96;145;12,33;8,37;1,02;1,02;0;356;356;0;364;364;0;5
2021;09;03;HOSTAL;TT;TODAS CONSOLIDADAS;HUÁNUCO;100000;37;542;870;29,04;21,47;1,05;1,05;1;5351;5335;16;5604;5588;16;105
2021;09;03;HOSTAL;TT;TODAS CONSOLIDADAS;ICA;110000;105;1655;2854;23,81;19,13;1,14;1,14;1,18;14352;13903;449;16377;15848;529;317
2021;09;03;HOSTAL;TT;TODAS CONSOLIDADAS;LA LIBERTAD;130000;222;3599;6532;33,98;27,01;1,2;1,2;1,14;44072;43658;414;52924;52453;471;643
2021;09;03;HOSTAL;TT;TODAS CONSOLIDADAS;LAMBAYEQUE;140000;197;2843;3941;26,64;20,24;1,1;1,1;1,13;21696;21472;224;23932;23680;252;525
2021;09;03;HOSTAL;TT;TODAS CONSOLIDADAS;LORETO;160000;19;287;453;24,43;27,23;1,93;1,94;1,78;1919;1827;92;3700;3536;164;60
2021;09;03;HOSTAL;TT;TODAS CONSOLIDADAS;MADRE DE DIOS;170000;6;168;268;31,27;22,33;1,34;1,33;1,42;1344;1311;33;1795;1748;47;23
2021;09;03;HOSTAL;TT;TODAS CONSOLIDADAS;MOQUEGUA;180000;72;990;1654;30,69;22,7;1,97;1,97;1,75;5711;5695;16;11266;11238;28;168
2021;09;03;HOSTAL;TT;TODAS CONSOLIDADAS;PASCO;190000;29;488;805;50,98;31,52;1,22;1,22;1;6235;6232;3;7613;7610;3;83
2021;09;03;HOSTAL;TT;TODAS CONSOLIDADAS;PIURA;200000;33;646;1054;23,96;26,54;2,09;2,1;2,05;4011;3709;302;8393;7773;620;130
2021;09;03;HOSTAL;TT;TODAS CONSOLIDADAS;PUNO;210000;67;1131;2029;23,9;18,7;1,49;1,51;1,19;7654;7207;447;11383;10849;534;176
2021;09;03;HOSTAL;TT;TODAS CONSOLIDADAS;SAN MARTÍN;220000;23;382;685;32,55;31,11;1,89;1,89;1,8;3386;3361;25;6393;6348;45;73
2021;09;03;HOSTAL;TT;TODAS CONSOLIDADAS;TACNA;230000;38;670;1259;19,05;12,54;1,6;1,6;1,56;2959;2863;96;4738;4588;150;112
2021;09;03;HOSTAL;TT;TODAS CONSOLIDADAS;TUMBES;240000;10;148;297;21,26;19,38;1,48;1,48;0;1166;1166;0;1727;1727;0;38
2021;09;03;HOSTAL;TT;TODAS CONSOLIDADAS;UCAYALI;250000;4;116;207;21,84;14,3;1,6;1,59;2,33;554;548;6;888;874;14;29
2021;09;05;ALBERGUE;12;ALBERGUE;AMAZONAS;010000;1;6;11;0;0;0;0;0;0;0;0;0;0;0;0
2021;09;05;ALBERGUE;12;ALBERGUE;ÁNCASH;020000;8;76;172;18,29;15,68;4,47;4,47;0;181;181;0;809;809;0;17
2021;09;05;ALBERGUE;12;ALBERGUE;CAJAMARCA;060000;1;11;22;0;0;0;0;0;0;0;0;0;0;0;0
2021;09;05;ALBERGUE;12;ALBERGUE;CUSCO;080000;17;228;742;21,81;16,28;1,22;1,2;1,23;2977;1165;1812;3623;1396;2227;69
2021;09;05;ALBERGUE;12;ALBERGUE;ICA;110000;2;18;43;11,3;11,16;1,36;1,37;1;106;103;3;144;141;3;5
2021;09;05;ALBERGUE;12;ALBERGUE;JUNÍN;120000;1;32;104;38,54;26,38;1,83;1,84;1;450;442;8;823;815;8;17
2021;09;05;ALBERGUE;12;ALBERGUE;LIMA;150000;8;127;269;30,37;28,39;1,64;1,54;1,84;1395;930;465;2291;1435;856;44
2021;09;05;ALBERGUE;12;ALBERGUE;LORETO;160000;55;709;1525;16,45;14,21;2,01;1,58;2,51;3243;1759;1484;6503;2776;3727;189
2021;09;05;ALBERGUE;12;ALBERGUE;MADRE DE DIOS;170000;5;105;229;20,6;19,48;2,56;2,43;2,58;522;72;450;1338;175;1163;157
2021;09;05;ALBERGUE;12;ALBERGUE;PASCO;190000;15;249;670;12,82;8,94;1,47;1,47;1,16;1224;1205;19;1796;1774;22;53
2021;09;05;ALBERGUE;12;ALBERGUE;PUNO;210000;1;13;35;0;0;0;0;0;0;0;0;0;0;0;0
2021;09;05;ALBERGUE;12;ALBERGUE;SAN MARTÍN;220000;10;192;452;16,68;14,79;2,46;2,36;3,5;814;742;72;2006;1754;252;39
2021;09;05;ALBERGUE;12;ALBERGUE;UCAYALI;250000;4;44;115;22,05;11,8;2,19;1,41;4,3;186;136;50;407;192;215;20
2021;09;05;ALBERGUE;TT;TODAS CONSOLIDADAS;AMAZONAS;010000;1;6;11;0;0;0;0;0;0;0;0;0;0;0;0
2021;09;05;ALBERGUE;TT;TODAS CONSOLIDADAS;AREQUIPA;040000;5;99;239;33,94;28,41;1,51;1,49;1,56;1351;975;376;2037;1451;586;97
2021;09;05;ALBERGUE;TT;TODAS CONSOLIDADAS;CAJAMARCA;060000;1;11;22;0;0;0;0;0;0;0;0;0;0;0;0
2021;09;05;ALBERGUE;TT;TODAS CONSOLIDADAS;CUSCO;080000;17;228;742;21,81;16,28;1,22;1,2;1,23;2977;1165;1812;3623;1396;2227;69
2021;09;05;ALBERGUE;TT;TODAS CONSOLIDADAS;ICA;110000;2;18;43;11,3;11,16;1,36;1,37;1;106;103;3;144;141;3;5
2021;09;05;ALBERGUE;TT;TODAS CONSOLIDADAS;LIMA;150000;8;127;269;30,37;28,39;1,64;1,54;1,84;1395;930;465;2291;1435;856;44
2021;09;05;ALBERGUE;TT;TODAS CONSOLIDADAS;LORETO;160000;55;709;1525;16,45;14,21;2,01;1,58;2,51;3243;1759;1484;6503;2776;3727;189
2021;09;05;ALBERGUE;TT;TODAS CONSOLIDADAS;MADRE DE DIOS;170000;5;105;229;20,6;19,48;2,56;2,43;2,58;522;72;450;1338;175;1163;157
2021;09;05;ALBERGUE;TT;TODAS CONSOLIDADAS;PASCO;190000;15;249;670;12,82;8,94;1,47;1,47;1,16;1224;1205;19;1796;1774;22;53
2021;09;05;ALBERGUE;TT;TODAS CONSOLIDADAS;PUNO;210000;1;13;35;0;0;0;0;0;0;0;0;0;0;0;0
2021;09;05;ALBERGUE;TT;TODAS CONSOLIDADAS;SAN MARTÍN;220000;10;192;452;16,68;14,79;2,46;2,36;3,5;814;742;72;2006;1754;252;39
2021;09;05;ALBERGUE;TT;TODAS CONSOLIDADAS;UCAYALI;250000;4;44;115;22,05;11,8;2,19;1,41;4,3;186;136;50;407;192;215;20
2021;09;14;RESORT;03;3 ESTRELLAS;ICA;110000;1;51;86;0;0;0;0;0;0;0;0;0;0;0;0
2021;09;14;RESORT;04;4 ESTRELLAS;TUMBES;240000;1;402;804;67,25;80,44;2,62;2,62;2,86;7409;7298;111;19403;19086;317;448
2021;09;14;RESORT;05;5 ESTRELLAS;ICA;110000;1;115;250;51,48;53,48;1,76;1,66;3,27;2277;2128;149;4011;3524;487;90
2021;09;14;RESORT;TT;TODAS CONSOLIDADAS;ICA;110000;2;166;336;35,66;39,79;1,76;1,66;3,27;2277;2128;149;4011;3524;487;90
2021;09;14;RESORT;TT;TODAS CONSOLIDADAS;TUMBES;240000;1;402;804;67,25;80,44;2,62;2,62;2,86;7409;7298;111;19403;19086;317;448
2021;09;16;ECOLODGE;13;ECOLODGE;AREQUIPA;040000;1;23;51;7,97;8,3;1,38;1,4;1,27;92;77;15;127;108;19;11
2021;09;16;ECOLODGE;13;ECOLODGE;SAN MARTÍN;220000;1;12;24;0;0;0;0;0;0;0;0;0;0;0;0
2021;09;16;ECOLODGE;TT;TODAS CONSOLIDADAS;AREQUIPA;040000;1;23;51;7,97;8,3;1,38;1,4;1,27;92;77;15;127;108;19;11
2021;09;16;ECOLODGE;TT;TODAS CONSOLIDADAS;SAN MARTÍN;220000;1;12;24;0;0;0;0;0;0;0;0;0;0;0;0
2021;09;TT;TODAS CONSOLIDADAS;00;NO CATEGORIZADO;AMAZONAS;010000;251;2384;3803;25,43;22,99;1,42;1,42;1,51;18417;17041;1376;26228;24147;2081;431
2021;09;TT;TODAS CONSOLIDADAS;00;NO CATEGORIZADO;ÁNCASH;020000;569;5671;9796;15,74;13,42;1,27;1,28;1,15;30948;29870;1078;39438;38195;1243;952
2021;09;TT;TODAS CONSOLIDADAS;00;NO CATEGORIZADO;APURÍMAC;030000;447;4191;6435;17,51;13,01;1,12;1,12;1,11;22377;22285;92;25116;25014;102;454
2021;09;TT;TODAS CONSOLIDADAS;00;NO CATEGORIZADO;AYACUCHO;050000;516;5146;8202;9,32;7,98;1,24;1,24;0;15800;15800;0;19643;19643;0;585
2021;09;TT;TODAS CONSOLIDADAS;00;NO CATEGORIZADO;CAJAMARCA;060000;564;5770;8921;12,07;10,27;1,21;1,21;1,06;22774;22711;63;27493;27426;67;711
2021;09;TT;TODAS CONSOLIDADAS;00;NO CATEGORIZADO;CUSCO;080000;1637;16577;30082;19,19;15,79;1,67;1,48;2,07;85231;57397;27834;142462;84734;57728;3012
2021;09;TT;TODAS CONSOLIDADAS;00;NO CATEGORIZADO;HUANCAVELICA;090000;176;2103;3243;17,99;14,82;1,11;1,11;1,24;13016;12999;17;14416;14395;21;278
2021;09;TT;TODAS CONSOLIDADAS;00;NO CATEGORIZADO;HUÁNUCO;100000;451;5276;7772;16,49;13,77;1,09;1,09;1,25;29453;29393;60;32099;32024;75;679
2021;09;TT;TODAS CONSOLIDADAS;00;NO CATEGORIZADO;ICA;110000;677;7970;13809;19,24;14,25;1,18;1,17;1,25;49921;42650;7271;59054;49937;9117;1278
2021;09;TT;TODAS CONSOLIDADAS;00;NO CATEGORIZADO;JUNÍN;120000;1194;13106;21180;17,65;13,23;1,2;1,2;1,18;69809;69569;240;84059;83775;284;1704
2021;09;TT;TODAS CONSOLIDADAS;00;NO CATEGORIZADO;LAMBAYEQUE;140000;333;3649;5226;33,18;23,62;1,02;1,02;1,03;36459;35843;616;37039;36403;636;632
2021;09;TT;TODAS CONSOLIDADAS;00;NO CATEGORIZADO;LORETO;160000;645;6252;9721;20,17;19,56;1,51;1,47;1,62;37902;28645;9257;57043;42063;14980;746
2021;09;TT;TODAS CONSOLIDADAS;00;NO CATEGORIZADO;MADRE DE DIOS;170000;287;4169;6951;24,61;20,26;1,18;1,17;1,44;35797;34040;1757;42254;39729;2525;693
2021;09;TT;TODAS CONSOLIDADAS;00;NO CATEGORIZADO;MOQUEGUA;180000;156;1475;2519;12,5;8,8;1,31;1,31;1;5085;5014;71;6651;6580;71;187
2021;09;TT;TODAS CONSOLIDADAS;00;NO CATEGORIZADO;PASCO;190000;270;3049;4781;21,9;17,81;1,13;1,13;1;22606;22594;12;25545;25533;12;526
2021;09;TT;TODAS CONSOLIDADAS;00;NO CATEGORIZADO;PIURA;200000;941;9897;18120;38,88;33,53;1,8;1,72;2,55;101059;91359;9700;182255;157494;24761;1879
2021;09;TT;TODAS CONSOLIDADAS;00;NO CATEGORIZADO;PUNO;210000;658;6297;10668;24,4;19;1,15;1,16;1,13;52701;47384;5317;60795;54801;5994;1158
2021;09;TT;TODAS CONSOLIDADAS;00;NO CATEGORIZADO;SAN MARTÍN;220000;685;8109;12616;29,99;25,08;1,22;1,22;1,53;77646;76981;665;94940;93925;1015;1100
2021;09;TT;TODAS CONSOLIDADAS;00;NO CATEGORIZADO;TACNA;230000;395;3848;6956;7,89;5,88;1,05;1,05;1,07;11705;10865;840;12272;11374;898;487
2021;09;TT;TODAS CONSOLIDADAS;00;NO CATEGORIZADO;TUMBES;240000;203;2145;4222;22,66;17,48;1,68;1,68;2,04;13174;13079;95;22139;21945;194;346
2021;09;TT;TODAS CONSOLIDADAS;00;NO CATEGORIZADO;UCAYALI;250000;434;4906;7576;27,74;24,11;1,91;1,9;2,41;28758;28351;407;54796;53815;981;875
2021;09;TT;TODAS CONSOLIDADAS;01;1 ESTRELLA;AMAZONAS;010000;16;244;362;48,78;53,55;1,45;1,45;1;4014;3972;42;5816;5774;42;38
2021;09;TT;TODAS CONSOLIDADAS;01;1 ESTRELLA;APURÍMAC;030000;3;90;135;23,67;18,64;1,09;1,09;1;692;691;1;755;754;1;10
2021;09;TT;TODAS CONSOLIDADAS;01;1 ESTRELLA;AREQUIPA;040000;58;991;1561;26,63;18,93;1,34;1,33;2,42;6625;6552;73;8865;8688;177;158
2021;09;TT;TODAS CONSOLIDADAS;01;1 ESTRELLA;AYACUCHO;050000;12;291;506;13,14;14,84;2,07;2,07;0;1086;1086;0;2252;2252;0;50
2021;09;TT;TODAS CONSOLIDADAS;01;1 ESTRELLA;CAJAMARCA;060000;28;546;879;11,21;8,55;1,39;1,4;1;1616;1610;6;2254;2248;6;91
2021;09;TT;TODAS CONSOLIDADAS;01;1 ESTRELLA;CALLAO;070000;12;241;482;31,47;31,45;1;1;1;4416;4398;18;4416;4398;18;38
2021;09;TT;TODAS CONSOLIDADAS;01;1 ESTRELLA;CUSCO;080000;27;501;841;23,58;20,8;1,24;1,24;1,46;4233;4207;26;5247;5209;38;73
2021;09;TT;TODAS CONSOLIDADAS;01;1 ESTRELLA;HUANCAVELICA;090000;2;29;45;40,8;26,96;1,02;1,02;0;356;356;0;364;364;0;5
2021;09;TT;TODAS CONSOLIDADAS;01;1 ESTRELLA;HUÁNUCO;100000;22;470;713;47,18;34,49;1,12;1,12;1,33;6597;6573;24;7377;7345;32;83
2021;09;TT;TODAS CONSOLIDADAS;01;1 ESTRELLA;ICA;110000;17;268;385;21,55;21,32;1;1;0;2462;2462;0;2462;2462;0;30
2021;09;TT;TODAS CONSOLIDADAS;01;1 ESTRELLA;JUNÍN;120000;17;381;686;18,99;14,48;1,38;1,38;0;2160;2160;0;2979;2979;0;52
2021;09;TT;TODAS CONSOLIDADAS;01;1 ESTRELLA;LA LIBERTAD;130000;36;519;919;51,48;28,51;1,73;1,73;0;4555;4555;0;7861;7861;0;82
2021;09;TT;TODAS CONSOLIDADAS;01;1 ESTRELLA;LAMBAYEQUE;140000;21;346;470;15,89;12,9;1,13;1,12;1,5;1614;1598;16;1819;1795;24;40
2021;09;TT;TODAS CONSOLIDADAS;01;1 ESTRELLA;LIMA;150000;85;1947;3543;26,89;26,53;1,05;1,05;1,05;30767;30282;485;32398;31891;507;359
2021;09;TT;TODAS CONSOLIDADAS;01;1 ESTRELLA;LORETO;160000;6;91;134;4,54;3,28;1,45;1,51;1,38;91;51;40;132;77;55;15
2021;09;TT;TODAS CONSOLIDADAS;01;1 ESTRELLA;MADRE DE DIOS;170000;5;150;268;34,38;29,18;1,08;1,08;1;2176;2156;20;2346;2326;20;24
2021;09;TT;TODAS CONSOLIDADAS;01;1 ESTRELLA;MOQUEGUA;180000;15;209;384;29,63;21,92;1,77;1,78;1,2;1424;1419;5;2525;2519;6;36
2021;09;TT;TODAS CONSOLIDADAS;01;1 ESTRELLA;PASCO;190000;23;458;703;70,26;47,98;1,08;1,08;0;9389;9389;0;10119;10119;0;79
2021;09;TT;TODAS CONSOLIDADAS;01;1 ESTRELLA;PIURA;200000;4;76;138;14,12;8,07;1,65;1,67;1,3;202;192;10;334;321;13;8
2021;09;TT;TODAS CONSOLIDADAS;01;1 ESTRELLA;SAN MARTÍN;220000;6;124;208;0;0;0;0;0;0;0;0;0;0;0;0
2021;09;TT;TODAS CONSOLIDADAS;01;1 ESTRELLA;TACNA;230000;12;239;433;6,42;4,83;1,29;1,27;2,44;488;479;9;628;606;22;31
2021;09;TT;TODAS CONSOLIDADAS;02;2 ESTRELLAS;AMAZONAS;010000;71;1463;2317;23,61;21,61;1,18;1,18;1,74;12737;12691;46;15020;14940;80;231
2021;09;TT;TODAS CONSOLIDADAS;02;2 ESTRELLAS;ÁNCASH;020000;164;3124;5462;33,36;29,84;1,15;1,15;1,24;42558;42323;235;48897;48606;291;513
2021;09;TT;TODAS CONSOLIDADAS;02;2 ESTRELLAS;APURÍMAC;030000;10;333;535;19,73;16,54;1,17;1,16;3,5;2275;2273;2;2655;2648;7;36
2021;09;TT;TODAS CONSOLIDADAS;02;2 ESTRELLAS;AREQUIPA;040000;167;3209;5730;25,63;21,9;1,39;1,39;1,43;27157;26848;309;37642;37199;443;541
2021;09;TT;TODAS CONSOLIDADAS;02;2 ESTRELLAS;AYACUCHO;050000;12;304;526;13,31;17,16;1,28;1,28;1;2109;2106;3;2708;2705;3;49
2021;09;TT;TODAS CONSOLIDADAS;02;2 ESTRELLAS;CAJAMARCA;060000;150;3196;4944;18,71;15,26;1,22;1,22;1,03;18511;18419;92;22637;22542;95;502
2021;09;TT;TODAS CONSOLIDADAS;02;2 ESTRELLAS;CALLAO;070000;8;246;453;52,22;54,76;1;1;1;9152;8974;178;9173;8995;178;46
2021;09;TT;TODAS CONSOLIDADAS;02;2 ESTRELLAS;CUSCO;080000;99;2020;3580;19,96;17,59;1,92;1,91;1,96;9848;7758;2090;18892;14789;4103;419
2021;09;TT;TODAS CONSOLIDADAS;02;2 ESTRELLAS;HUANCAVELICA;090000;4;89;150;15,43;13,56;1,69;1,69;1,81;360;344;16;610;581;29;9
2021;09;TT;TODAS CONSOLIDADAS;02;2 ESTRELLAS;ICA;110000;112;2277;3889;25,23;20,38;1,3;1,3;1,17;18286;17882;404;23783;23311;472;375
2021;09;TT;TODAS CONSOLIDADAS;02;2 ESTRELLAS;JUNÍN;120000;48;1195;2172;24,91;17,49;1,48;1,48;2,05;7682;7619;63;11397;11268;129;186
2021;09;TT;TODAS CONSOLIDADAS;02;2 ESTRELLAS;LA LIBERTAD;130000;152;2799;4962;26,39;22,22;1,35;1,34;1,63;24573;24179;394;33082;32441;641;502
2021;09;TT;TODAS CONSOLIDADAS;02;2 ESTRELLAS;LAMBAYEQUE;140000;230;4326;6213;23,96;18,1;1,14;1,14;1,11;29583;29350;233;33741;33483;258;712
2021;09;TT;TODAS CONSOLIDADAS;02;2 ESTRELLAS;LIMA;150000;251;8225;14690;36,13;32,52;1,35;1,33;1,71;142159;134016;8143;191836;177902;13933;1769
2021;09;TT;TODAS CONSOLIDADAS;02;2 ESTRELLAS;MADRE DE DIOS;170000;11;334;560;37,26;28,74;1,37;1,36;1,49;3536;3448;88;4829;4698;131;50
2021;09;TT;TODAS CONSOLIDADAS;02;2 ESTRELLAS;MOQUEGUA;180000;72;1292;2173;42,53;30,75;3,05;3,05;2,27;6582;6567;15;20046;20012;34;226
2021;09;TT;TODAS CONSOLIDADAS;02;2 ESTRELLAS;PASCO;190000;16;340;625;52,78;38,77;1,36;1,36;1;5348;5345;3;7269;7266;3;66
2021;09;TT;TODAS CONSOLIDADAS;02;2 ESTRELLAS;PUNO;210000;58;1099;1997;16,84;13;1,42;1,42;1,64;5486;5374;112;7790;7606;184;159
2021;09;TT;TODAS CONSOLIDADAS;02;2 ESTRELLAS;SAN MARTÍN;220000;46;1102;1832;38,17;32,12;1,65;1,65;1,51;10673;10587;86;17651;17521;130;201
2021;09;TT;TODAS CONSOLIDADAS;02;2 ESTRELLAS;TACNA;230000;51;1238;2440;18,2;13,59;1,77;1,77;1,78;5604;5446;158;9947;9666;281;215
2021;09;TT;TODAS CONSOLIDADAS;02;2 ESTRELLAS;TUMBES;240000;13;324;680;77,82;38,93;14,63;14,63;0;543;543;0;7942;7942;0;67
2021;09;TT;TODAS CONSOLIDADAS;02;2 ESTRELLAS;UCAYALI;250000;4;119;201;17,93;12,32;1,54;1,54;2;482;477;5;743;733;10;22
2021;09;TT;TODAS CONSOLIDADAS;03;3 ESTRELLAS;AMAZONAS;010000;22;454;830;27,22;22,77;1,46;1,46;1,44;3888;3647;241;5669;5323;346;107
2021;09;TT;TODAS CONSOLIDADAS;03;3 ESTRELLAS;ÁNCASH;020000;63;1717;3061;25,48;20,89;1,37;1,36;1,61;14029;13549;480;19179;18407;772;337
2021;09;TT;TODAS CONSOLIDADAS;03;3 ESTRELLAS;APURÍMAC;030000;5;143;245;57,25;36,31;1,75;1,75;1,38;1526;1502;24;2669;2636;33;34
2021;09;TT;TODAS CONSOLIDADAS;03;3 ESTRELLAS;AREQUIPA;040000;103;2486;4570;33,02;22,45;1,97;1,98;1,91;15614;14182;1432;30785;28047;2738;644
2021;09;TT;TODAS CONSOLIDADAS;03;3 ESTRELLAS;AYACUCHO;050000;9;277;533;34,01;26,15;2,24;2,21;2,55;1870;1746;124;4182;3866;316;98
2021;09;TT;TODAS CONSOLIDADAS;03;3 ESTRELLAS;CAJAMARCA;060000;112;2754;4563;28,65;19,26;1,89;1,89;1,37;13972;13885;87;26365;26246;119;548
2021;09;TT;TODAS CONSOLIDADAS;03;3 ESTRELLAS;CALLAO;070000;4;233;396;28,45;26,11;1,51;1,41;1,88;2052;1617;435;3102;2285;817;43
2021;09;TT;TODAS CONSOLIDADAS;03;3 ESTRELLAS;CUSCO;080000;99;3183;6124;27,31;21,7;2,04;2,13;1,94;19568;10018;9550;39874;21321;18553;805
2021;09;TT;TODAS CONSOLIDADAS;03;3 ESTRELLAS;HUANCAVELICA;090000;4;85;131;11,8;9,64;1,42;1,42;4;266;265;1;379;375;4;14
2021;09;TT;TODAS CONSOLIDADAS;03;3 ESTRELLAS;HUÁNUCO;100000;16;579;1071;38,93;38;1,65;1,64;1,93;7396;7230;166;12208;11888;320;138
2021;09;TT;TODAS CONSOLIDADAS;03;3 ESTRELLAS;ICA;110000;81;2372;4656;30,78;24,39;1,44;1,45;1,31;23627;21944;1683;34061;31853;2208;528
2021;09;TT;TODAS CONSOLIDADAS;03;3 ESTRELLAS;JUNÍN;120000;22;812;1497;20,23;13,64;1,48;1,48;1,56;4137;4112;25;6124;6085;39;195
2021;09;TT;TODAS CONSOLIDADAS;03;3 ESTRELLAS;LA LIBERTAD;130000;140;3256;6166;36,36;28,14;1,44;1,43;1,88;36110;35227;883;52056;50400;1656;680
2021;09;TT;TODAS CONSOLIDADAS;03;3 ESTRELLAS;LAMBAYEQUE;140000;58;1552;2543;23,99;18,65;1,45;1,45;1,48;9802;9609;193;14230;13945;285;289
2021;09;TT;TODAS CONSOLIDADAS;03;3 ESTRELLAS;LIMA;150000;177;8184;15548;32,35;26,67;1,68;1,55;2,22;74244;59518;14726;124899;92239;32660;1684
2021;09;01;HOTEL;TT;TODAS CONSOLIDADAS;ÁNCASH;020000;92;2833;4979;24,32;19,12;1,37;1,36;1,54;20922;20363;559;28562;27702;860;496
2021;09;02;APART HOTEL;TT;TODAS CONSOLIDADAS;ÁNCASH;020000;2;16;44;0;0;0;0;0;0;0;0;0;0;0;0
2021;09;05;ALBERGUE;TT;TODAS CONSOLIDADAS;ÁNCASH;020000;8;76;172;18,29;15,68;4,47;4,47;0;181;181;0;809;809;0;17
2021;09;01;HOTEL;TT;TODAS CONSOLIDADAS;CUSCO;080000;151;6071;11518;29,5;24,47;1,86;1,91;1,81;45466;23456;22010;84553;44766;39787;1941
2021;09;03;HOSTAL;TT;TODAS CONSOLIDADAS;CUSCO;080000;98;1648;2921;25,87;22,82;1,91;1,84;2,31;10450;8779;1671;20001;16134;3867;280
2021;09;01;HOTEL;TT;TODAS CONSOLIDADAS;LORETO;160000;39;1173;1945;33,51;28,78;2,14;2,14;2,12;7860;6544;1316;16794;13999;2795;285
2021;09;02;APART HOTEL;TT;TODAS CONSOLIDADAS;LORETO;160000;2;33;59;69,19;45,82;1,51;2,54;1,09;538;155;383;811;393;418;18
2021;09;TT;TODAS CONSOLIDADAS;02;2 ESTRELLAS;LORETO;160000;20;458;731;19,71;26,06;1,69;1,7;1,66;3372;3069;303;5714;5211;503;81
2021;09;02;APART HOTEL;03;3 ESTRELLAS;LIMA;150000;8;206;394;40,74;28,84;4,01;3,9;4,12;850;417;433;3409;1626;1783;46
2021;09;03;HOSTAL;01;1 ESTRELLA;LIMA;150000;75;1544;2859;22,9;22,86;1,06;1,06;1,05;22478;22038;441;23831;23369;463;306
2021;09;03;HOSTAL;TT;TODAS CONSOLIDADAS;LIMA;150000;221;4831;8951;26,39;24,36;1,2;1,15;1,78;69763;64090;5673;84002;73909;10093;1070
2021;09;TT;TODAS CONSOLIDADAS;00;NO CATEGORIZADO;LIMA;150000;5737;50278;87247;22,83;21,99;1,12;1,12;1,19;2371581;2310113;61468;2649114;2575956;73158;32697
2021;09;03;HOSTAL;TT;TODAS CONSOLIDADAS;JUNÍN;120000;35;578;1091;22,47;16,73;1,35;1,35;1,69;4060;4044;16;5476;5449;27;122
2021;09;05;ALBERGUE;TT;TODAS CONSOLIDADAS;JUNÍN;120000;1;32;104;38,54;26,38;1,83;1,84;1;450;442;8;823;815;8;17
2021;09;05;ALBERGUE;12;ALBERGUE;AREQUIPA;040000;5;99;239;33,94;28,41;1,51;1,49;1,56;1351;975;376;2037;1451;586;97
2021;09;TT;TODAS CONSOLIDADAS;00;NO CATEGORIZADO;AREQUIPA;040000;1078;9915;16542;22,72;18,64;1,52;1,49;1,88;60967;56100;4867;92491;83331;9160;1862
2021;09;TT;TODAS CONSOLIDADAS;00;NO CATEGORIZADO;CALLAO;070000;257;3721;6866;31,6;29,4;1,02;1,02;1,06;102313;101163;1150;103977;102753;1224;974
2021;09;TT;TODAS CONSOLIDADAS;00;NO CATEGORIZADO;LA LIBERTAD;130000;769;6671;11150;29,53;19,3;1,2;1,2;1,2;53710;53205;505;64561;63953;608;747
2021;09;TT;TODAS CONSOLIDADAS;01;1 ESTRELLA;ÁNCASH;020000;54;934;1486;22,06;21,09;1,09;1,09;0;8646;8646;0;9401;9401;0;142
2021;09;TT;TODAS CONSOLIDADAS;01;1 ESTRELLA;PUNO;210000;26;483;818;20,9;18,65;1,24;1,27;1,01;3691;3325;366;4576;4207;369;63
2021;09;TT;TODAS CONSOLIDADAS;02;2 ESTRELLAS;HUÁNUCO;100000;61;1518;2397;20,81;16,41;1,13;1,13;1;10412;10385;27;11803;11776;27;263
2021;09;TT;TODAS CONSOLIDADAS;02;2 ESTRELLAS;PIURA;200000;50;1072;1765;25,02;25,04;2,08;2,08;2,03;6385;6083;302;13257;12644;613;209
2021;09;TT;TODAS CONSOLIDADAS;03;3 ESTRELLAS;LORETO;160000;30;781;1326;40,43;30,73;2,41;2,4;2,48;5065;4411;654;12226;10606;1620;187
2021;09;TT;TODAS CONSOLIDADAS;03;3 ESTRELLAS;MADRE DE DIOS;170000;6;420;994;17,6;10,06;1,76;1,8;1,36;1704;1556;148;3000;2798;202;61
2021;09;TT;TODAS CONSOLIDADAS;03;3 ESTRELLAS;MOQUEGUA;180000;13;375;682;40,36;22,75;2,17;2,17;2,41;2145;2111;34;4654;4572;82;66
2021;09;TT;TODAS CONSOLIDADAS;03;3 ESTRELLAS;PASCO;190000;6;134;253;26,47;46,39;1,7;1,69;1,93;2075;2048;27;3521;3469;52;17
2021;09;TT;TODAS CONSOLIDADAS;03;3 ESTRELLAS;PIURA;200000;18;633;1106;28,03;22,66;1,9;1,87;2,14;3952;3484;468;7517;6515;1002;164
2021;09;TT;TODAS CONSOLIDADAS;03;3 ESTRELLAS;PUNO;210000;32;993;1889;29,93;21,82;2;2,08;1,68;6196;4890;1306;12364;10173;2191;184
2021;09;TT;TODAS CONSOLIDADAS;03;3 ESTRELLAS;SAN MARTÍN;220000;26;964;1675;24,31;30,86;2,41;2,41;2,47;6434;6343;91;15509;15284;225;170
2021;09;TT;TODAS CONSOLIDADAS;03;3 ESTRELLAS;TACNA;230000;20;587;1238;17,63;11,2;1,84;1,85;1,64;2261;2145;116;4160;3970;190;132
2021;09;TT;TODAS CONSOLIDADAS;03;3 ESTRELLAS;TUMBES;240000;15;334;680;13,41;12,12;1,46;1,46;0;1697;1697;0;2473;2473;0;78
2021;09;TT;TODAS CONSOLIDADAS;03;3 ESTRELLAS;UCAYALI;250000;18;605;991;33,58;27,43;2,06;2,07;2,03;3952;3800;152;8156;7848;308;151
2021;09;TT;TODAS CONSOLIDADAS;04;4 ESTRELLAS;AREQUIPA;040000;11;471;901;48,03;33,68;1,78;1,76;1,88;5129;4523;606;9104;7967;1137;150
2021;09;TT;TODAS CONSOLIDADAS;04;4 ESTRELLAS;CAJAMARCA;060000;4;214;393;61,07;48,94;2,57;2,57;2,55;2248;2166;82;5770;5561;209;108
2021;09;TT;TODAS CONSOLIDADAS;04;4 ESTRELLAS;CALLAO;070000;2;371;599;71,02;56,4;1,39;1,37;1,4;7306;2778;4528;10135;3797;6338;103
2021;09;TT;TODAS CONSOLIDADAS;04;4 ESTRELLAS;CUSCO;080000;11;891;1703;45,31;38,05;2;1,93;2,08;9724;5331;4393;19439;10290;9149;297
2021;09;TT;TODAS CONSOLIDADAS;04;4 ESTRELLAS;HUÁNUCO;100000;1;61;104;26,99;22,44;1,8;1,81;1,17;389;383;6;700;693;7;22
2021;09;TT;TODAS CONSOLIDADAS;04;4 ESTRELLAS;ICA;110000;6;583;1157;50,69;32,52;4,41;4,61;2,2;2560;2350;210;11287;10825;462;152
2021;09;TT;TODAS CONSOLIDADAS;04;4 ESTRELLAS;JUNÍN;120000;1;40;66;49,83;35,45;2,37;2,37;0;296;296;0;702;702;0;21
2021;09;TT;TODAS CONSOLIDADAS;04;4 ESTRELLAS;LA LIBERTAD;130000;3;207;322;60,18;49,28;2,29;2,28;2,4;2080;1856;224;4760;4223;537;46
2021;09;TT;TODAS CONSOLIDADAS;04;4 ESTRELLAS;LAMBAYEQUE;140000;5;332;544;51,91;47,56;1,53;1,5;1,89;5067;4666;401;7761;7004;757;207
2021;09;TT;TODAS CONSOLIDADAS;04;4 ESTRELLAS;LIMA;150000;51;4681;8356;38,46;28,7;1,98;1,83;2,49;36283;27775;8508;71953;50786;21167;1736
2021;09;TT;TODAS CONSOLIDADAS;04;4 ESTRELLAS;LORETO;160000;3;103;173;24,63;19,4;1,4;1,76;1,12;719;318;401;1007;559;448;31
2021;09;TT;TODAS CONSOLIDADAS;04;4 ESTRELLAS;PIURA;200000;2;180;3735;48,04;3,42;2,1;2,03;2,82;1822;1640;182;3835;3322;513;38
2021;09;TT;TODAS CONSOLIDADAS;04;4 ESTRELLAS;PUNO;210000;7;447;843;40,66;27,82;1,97;2,06;1,78;3568;2458;1110;7035;5061;1974;109
2021;09;TT;TODAS CONSOLIDADAS;04;4 ESTRELLAS;SAN MARTÍN;220000;2;74;146;75,81;60,53;2,1;1,77;7,1;1260;1181;79;2651;2090;561;60
2021;09;TT;TODAS CONSOLIDADAS;04;4 ESTRELLAS;TACNA;230000;1;150;300;62,4;34,37;2,16;2,16;2,39;1432;1414;18;3093;3050;43;32
2021;09;TT;TODAS CONSOLIDADAS;04;4 ESTRELLAS;TUMBES;240000;6;667;1324;61,65;68,45;2,19;2,21;1,83;12427;11822;605;27188;26083;1105;516
2021;09;TT;TODAS CONSOLIDADAS;04;4 ESTRELLAS;UCAYALI;250000;5;289;515;43,73;38,45;2,45;2,32;3,46;2428;2166;262;5940;5034;906;71
2021;09;TT;TODAS CONSOLIDADAS;05;5 ESTRELLAS;AREQUIPA;040000;3;241;346;60,64;48,97;1,59;1,58;1,76;3187;2841;346;5083;4475;608;120
2021;09;TT;TODAS CONSOLIDADAS;05;5 ESTRELLAS;CUSCO;080000;13;1124;2191;37,65;32,1;1,68;1,89;1,55;12543;4921;7622;21102;9291;11811;627
2021;09;TT;TODAS CONSOLIDADAS;05;5 ESTRELLAS;ICA;110000;4;460;1046;45,42;38,74;1,79;1,75;2,19;6789;6175;614;12156;10809;1347;429
2021;09;TT;TODAS CONSOLIDADAS;05;5 ESTRELLAS;LA LIBERTAD;130000;1;120;240;52,28;40,06;1,8;1,74;2,16;1605;1404;201;2884;2449;435;61
2021;09;TT;TODAS CONSOLIDADAS;05;5 ESTRELLAS;LIMA;150000;28;4386;7853;46,67;32,06;1,81;1,47;2,69;41683;30125;11558;75524;44414;31110;2289
2021;09;TT;TODAS CONSOLIDADAS;05;5 ESTRELLAS;LORETO;160000;1;60;93;84,17;79,78;2,08;2,18;1,91;1070;677;393;2226;1475;751;49
2021;09;TT;TODAS CONSOLIDADAS;05;5 ESTRELLAS;PIURA;200000;1;83;168;47,55;47,42;2,06;1,93;2,65;1159;952;207;2390;1841;549;53
2021;09;TT;TODAS CONSOLIDADAS;05;5 ESTRELLAS;PUNO;210000;1;123;231;102,52;84,76;1,76;1,73;2,03;3344;3096;248;5874;5371;503;45
2021;09;TT;TODAS CONSOLIDADAS;05;5 ESTRELLAS;UCAYALI;250000;2;165;306;34,89;26,69;2,45;2,35;3,54;1002;923;79;2450;2170;280;33
2021;09;TT;TODAS CONSOLIDADAS;12;ALBERGUE;AMAZONAS;010000;1;6;11;0;0;0;0;0;0;0;0;0;0;0;0
2021;09;TT;TODAS CONSOLIDADAS;12;ALBERGUE;ÁNCASH;020000;8;76;172;18,29;15,68;4,47;4,47;0;181;181;0;809;809;0;17
2021;09;TT;TODAS CONSOLIDADAS;12;ALBERGUE;AREQUIPA;040000;5;99;239;33,94;28,41;1,51;1,49;1,56;1351;975;376;2037;1451;586;97
2021;09;TT;TODAS CONSOLIDADAS;12;ALBERGUE;CAJAMARCA;060000;1;11;22;0;0;0;0;0;0;0;0;0;0;0;0
2021;09;TT;TODAS CONSOLIDADAS;12;ALBERGUE;CUSCO;080000;17;228;742;21,81;16,28;1,22;1,2;1,23;2977;1165;1812;3623;1396;2227;69
2021;09;TT;TODAS CONSOLIDADAS;12;ALBERGUE;JUNÍN;120000;1;32;104;38,54;26,38;1,83;1,84;1;450;442;8;823;815;8;17
2021;09;TT;TODAS CONSOLIDADAS;12;ALBERGUE;LIMA;150000;8;127;269;30,37;28,39;1,64;1,54;1,84;1395;930;465;2291;1435;856;44
2021;09;TT;TODAS CONSOLIDADAS;12;ALBERGUE;LORETO;160000;55;709;1525;16,45;14,21;2,01;1,58;2,51;3243;1759;1484;6503;2776;3727;189
2021;09;TT;TODAS CONSOLIDADAS;12;ALBERGUE;MADRE DE DIOS;170000;5;105;229;20,6;19,48;2,56;2,43;2,58;522;72;450;1338;175;1163;157
2021;09;TT;TODAS CONSOLIDADAS;12;ALBERGUE;PASCO;190000;15;249;670;12,82;8,94;1,47;1,47;1,16;1224;1205;19;1796;1774;22;53
2021;09;TT;TODAS CONSOLIDADAS;12;ALBERGUE;PUNO;210000;1;13;35;0;0;0;0;0;0;0;0;0;0;0;0
2021;09;TT;TODAS CONSOLIDADAS;12;ALBERGUE;SAN MARTÍN;220000;10;192;452;16,68;14,79;2,46;2,36;3,5;814;742;72;2006;1754;252;39
2021;09;TT;TODAS CONSOLIDADAS;12;ALBERGUE;UCAYALI;250000;4;44;115;22,05;11,8;2,19;1,41;4,3;186;136;50;407;192;215;20
2021;09;TT;TODAS CONSOLIDADAS;13;ECOLODGE;AREQUIPA;040000;1;23;51;7,97;8,3;1,38;1,4;1,27;92;77;15;127;108;19;11
2021;09;TT;TODAS CONSOLIDADAS;13;ECOLODGE;SAN MARTÍN;220000;1;12;24;0;0;0;0;0;0;0;0;0;0;0;0
2021;09;TT;TODAS CONSOLIDADAS;TT;TODAS CONSOLIDADAS;AMAZONAS;010000;361;4551;7323;26,14;23,99;1,38;1,37;1,53;39056;37351;1705;52733;50184;2549;807
2021;09;TT;TODAS CONSOLIDADAS;TT;TODAS CONSOLIDADAS;ÁNCASH;020000;858;11522;19977;20,24;17,61;1,28;1,28;1,12;96362;94569;1793;117724;115418;2306;1961
2021;09;TT;TODAS CONSOLIDADAS;TT;TODAS CONSOLIDADAS;APURÍMAC;030000;465;4757;7350;18,02;13,37;1,13;1,13;1,16;26870;26751;119;31195;31052;143;534
2021;09;TT;TODAS CONSOLIDADAS;TT;TODAS CONSOLIDADAS;AREQUIPA;040000;1426;17435;29940;24,27;19,51;1,53;1,51;1,85;120122;112098;8024;186134;171266;14868;3583
2021;09;TT;TODAS CONSOLIDADAS;TT;TODAS CONSOLIDADAS;AYACUCHO;050000;549;6018;9767;9,9;8,63;1,28;1,28;,06;20865;20738;127;28785;28466;319;782
2021;09;TT;TODAS CONSOLIDADAS;TT;TODAS CONSOLIDADAS;CAJAMARCA;060000;859;12491;19722;15,58;12,43;1,31;1,31;1,1;59121;58791;330;84519;84023;496;1960
2021;09;TT;TODAS CONSOLIDADAS;TT;TODAS CONSOLIDADAS;CALLAO;070000;283;4812;8796;32,41;30,35;1,02;1,02;1,07;125239;118931;6308;130803;122228;8575;1204
2021;09;TT;TODAS CONSOLIDADAS;TT;TODAS CONSOLIDADAS;CUSCO;080000;1903;24524;45263;20,01;16,5;1,7;1,53;2,04;144124;90797;53327;250639;147030;103609;5302
2021;09;TT;TODAS CONSOLIDADAS;TT;TODAS CONSOLIDADAS;HUANCAVELICA;090000;186;2306;3569;18,05;14,81;1,13;1,13;1,29;13998;13964;34;15769;15715;54;306
2021;09;TT;TODAS CONSOLIDADAS;TT;TODAS CONSOLIDADAS;HUÁNUCO;100000;551;7904;12057;18,87;15,61;1,11;1,11;1,25;54247;53964;283;64187;63726;461;1185
2021;09;TT;TODAS CONSOLIDADAS;TT;TODAS CONSOLIDADAS;ICA;110000;899;13948;24985;21,38;16,29;1,24;1,24;1,23;103751;93566;10185;142947;129338;13609;2797
2021;09;TT;TODAS CONSOLIDADAS;TT;TODAS CONSOLIDADAS;JUNÍN;120000;1283;15566;25705;18,03;13,44;1,22;1,22;1,21;84534;84198;336;106084;105624;460;2175
2021;09;TT;TODAS CONSOLIDADAS;TT;TODAS CONSOLIDADAS;LA LIBERTAD;130000;1101;13572;23759;30,79;21,23;1,27;1,27;1,31;122633;120426;2207;165204;161327;3877;2118
2021;09;TT;TODAS CONSOLIDADAS;TT;TODAS CONSOLIDADAS;LIMA;150000;6337;77828;137506;23,92;22,7;1,15;1,14;1,26;2698112;2592759;105352;3148014;2974623;173390;40577
2021;09;TT;TODAS CONSOLIDADAS;TT;TODAS CONSOLIDADAS;MADRE DE DIOS;170000;314;5178;9002;25,01;20,49;1,22;1,2;1,45;43735;41272;2463;53767;49726;4041;985
2021;09;TT;TODAS CONSOLIDADAS;TT;TODAS CONSOLIDADAS;MOQUEGUA;180000;258;3474;5987;23,66;16,9;1,94;1,94;1,57;15704;15567;137;38992;38574;418;555
2021;09;TT;TODAS CONSOLIDADAS;TT;TODAS CONSOLIDADAS;PASCO;190000;330;4230;7032;26,44;21,05;1,16;1,16;,95;40642;40581;61;48250;48161;89;741
2021;09;TT;TODAS CONSOLIDADAS;TT;TODAS CONSOLIDADAS;PIURA;200000;1016;11941;25032;37,93;32,77;1,82;1,74;2,52;114579;103710;10869;209588;182137;27451;2351
2021;09;TT;TODAS CONSOLIDADAS;TT;TODAS CONSOLIDADAS;PUNO;210000;783;9455;16481;24,16;18,79;1,22;1,22;1,19;74986;66527;8459;98434;87219;11215;1718
2021;09;TT;TODAS CONSOLIDADAS;TT;TODAS CONSOLIDADAS;SAN MARTÍN;220000;776;10577;16953;29,96;25,43;1,3;1,29;1,58;96827;95834;993;132757;130574;2183;1570
2021;09;TT;TODAS CONSOLIDADAS;TT;TODAS CONSOLIDADAS;TACNA;230000;479;6062;11367;9,47;6,96;1,17;1,17;1,21;21490;20349;1141;30100;28666;1434;897
2021;09;TT;TODAS CONSOLIDADAS;TT;TODAS CONSOLIDADAS;TUMBES;240000;237;3470;6906;26,08;19,61;2,39;2,39;1,8;27841;27141;700;59742;58443;1299;1007
2021;09;TT;TODAS CONSOLIDADAS;TT;TODAS CONSOLIDADAS;UCAYALI;250000;467;6128;9704;28,03;24,2;1,92;1,9;2,42;36808;35853;955;72492;69792;2700;1172
2021;10;00;NO CLASIFICADO;00;NO CATEGORIZADO;APURÍMAC;030000;447;4184;6430;17,58;13,44;1,13;1,13;1,13;23760;23624;136;26780;26627;153;466
2021;10;00;NO CLASIFICADO;00;NO CATEGORIZADO;AREQUIPA;040000;1077;9921;16578;23,98;20,67;1,59;1,55;1,93;67019;61550;5469;106227;95658;10569;1860
2021;10;00;NO CLASIFICADO;00;NO CATEGORIZADO;LA LIBERTAD;130000;770;6692;11190;34,1;27,93;1,45;1,45;1,07;66867;66243;624;96877;96209;668;1180
2021;10;00;NO CLASIFICADO;00;NO CATEGORIZADO;PIURA;200000;941;9945;18215;42,09;37,99;1,87;1,81;3,32;114640;110003;4637;214543;199166;15377;1882
2021;09;TT;TODAS CONSOLIDADAS;04;4 ESTRELLAS;MOQUEGUA;180000;2;123;229;61,17;74,47;10,93;10,73;18,75;468;456;12;5116;4891;225;40
2021;09;TT;TODAS CONSOLIDADAS;12;ALBERGUE;ICA;110000;2;18;43;11,3;11,16;1,36;1,37;1;106;103;3;144;141;3;5
2021;09;TT;TODAS CONSOLIDADAS;TT;TODAS CONSOLIDADAS;LAMBAYEQUE;140000;647;10205;14996;28,66;21,05;1,11;1,11;1,12;82525;81066;1459;94590;92630;1960;1880
2021;09;TT;TODAS CONSOLIDADAS;TT;TODAS CONSOLIDADAS;LORETO;160000;760;8454;13703;20,66;19,74;1,58;1,52;1,71;51462;38930;12532;84851;62767;22084;1298
2021;10;00;NO CLASIFICADO;00;NO CATEGORIZADO;AMAZONAS;010000;250;2385;3810;30,93;25,22;1,39;1,38;1,49;21465;19392;2073;29793;26713;3080;430
2021;10;00;NO CLASIFICADO;00;NO CATEGORIZADO;ÁNCASH;020000;566;5627;9713;21,81;18,88;1,29;1,3;1,01;43930;43531;399;56837;56434;403;941
2021;10;00;NO CLASIFICADO;00;NO CATEGORIZADO;AYACUCHO;050000;515;5138;8174;9,88;6,91;1,09;1,09;1;16036;15949;87;17511;17424;87;584
2021;10;00;NO CLASIFICADO;00;NO CATEGORIZADO;CAJAMARCA;060000;564;5776;8928;12,57;10,53;1,23;1,23;1;23713;23673;40;29137;29097;40;715
2021;10;00;NO CLASIFICADO;00;NO CATEGORIZADO;CALLAO;070000;258;3729;6880;29,19;28,89;1,02;1,02;1,03;104280;103193;1086;106337;105223;1113;978
2021;10;00;NO CLASIFICADO;00;NO CATEGORIZADO;CUSCO;080000;1636;16435;29837;21,2;18,13;1,68;1,55;1,93;99655;65023;34632;167718;100726;66992;3006
2021;10;00;NO CLASIFICADO;00;NO CATEGORIZADO;HUANCAVELICA;090000;176;2118;3249;19,98;17,11;1,13;1,13;1,48;15256;15206;50;17233;17159;74;278
2021;10;00;NO CLASIFICADO;00;NO CATEGORIZADO;HUÁNUCO;100000;452;5275;7789;18,53;15,59;1,13;1,13;1,27;33433;33422;11;37645;37631;14;693
2021;10;00;NO CLASIFICADO;00;NO CATEGORIZADO;ICA;110000;680;8005;13853;24,39;19,64;1,26;1,24;1,35;66968;53712;13256;84350;66451;17899;1090
2021;10;00;NO CLASIFICADO;00;NO CATEGORIZADO;JUNÍN;120000;1190;13115;21179;19,35;14,37;1,24;1,23;1,62;76341;76128;213;94331;93986;345;1711
2021;10;00;NO CLASIFICADO;00;NO CATEGORIZADO;LAMBAYEQUE;140000;334;3662;5242;30,33;24,66;1,02;1,02;1,08;39396;38898;498;40074;39538;536;635
2021;10;00;NO CLASIFICADO;00;NO CATEGORIZADO;LIMA;150000;5737;50185;87056;25,11;24,75;1,13;1,13;1,19;2675038;2594504;80534;3023011;2927121;95890;31532
2021;10;00;NO CLASIFICADO;00;NO CATEGORIZADO;LORETO;160000;646;6260;9732;20,97;21,95;1,58;1,54;1,71;41957;33693;8264;66222;52051;14171;749
2021;10;00;NO CLASIFICADO;00;NO CATEGORIZADO;MADRE DE DIOS;170000;285;4136;6908;25,25;21,1;1,18;1,17;1,59;38159;36528;1631;45179;42584;2595;694
2021;10;00;NO CLASIFICADO;00;NO CATEGORIZADO;MOQUEGUA;180000;158;1501;2558;12,05;8,46;1,18;1,18;1;5688;5628;60;6707;6647;60;184
2021;10;00;NO CLASIFICADO;00;NO CATEGORIZADO;PASCO;190000;271;3057;4781;20,48;18,38;1,16;1,16;1;23451;23448;3;27236;27233;3;530
2021;10;00;NO CLASIFICADO;00;NO CATEGORIZADO;TUMBES;240000;204;2168;4285;19,8;14,66;1,58;1,58;1,74;12291;12230;61;19469;19363;106;350
2021;10;00;NO CLASIFICADO;TT;TODAS CONSOLIDADAS;AMAZONAS;010000;250;2385;3810;30,93;25,22;1,39;1,38;1,49;21465;19392;2073;29793;26713;3080;430
2021;10;00;NO CLASIFICADO;TT;TODAS CONSOLIDADAS;ÁNCASH;020000;566;5627;9713;21,81;18,88;1,29;1,3;1,01;43930;43531;399;56837;56434;403;941
2021;10;00;NO CLASIFICADO;TT;TODAS CONSOLIDADAS;AREQUIPA;040000;1077;9921;16578;23,98;20,67;1,59;1,55;1,93;67019;61550;5469;106227;95658;10569;1860
2021;10;00;NO CLASIFICADO;TT;TODAS CONSOLIDADAS;AYACUCHO;050000;515;5138;8174;9,88;6,91;1,09;1,09;1;16036;15949;87;17511;17424;87;584
2021;10;00;NO CLASIFICADO;TT;TODAS CONSOLIDADAS;CAJAMARCA;060000;564;5776;8928;12,57;10,53;1,23;1,23;1;23713;23673;40;29137;29097;40;715
2021;10;00;NO CLASIFICADO;TT;TODAS CONSOLIDADAS;CALLAO;070000;258;3729;6880;29,19;28,89;1,02;1,02;1,03;104280;103193;1086;106337;105223;1113;978
2021;10;00;NO CLASIFICADO;TT;TODAS CONSOLIDADAS;LA LIBERTAD;130000;770;6692;11190;34,1;27,93;1,45;1,45;1,07;66867;66243;624;96877;96209;668;1180
2021;10;00;NO CLASIFICADO;TT;TODAS CONSOLIDADAS;LAMBAYEQUE;140000;334;3662;5242;30,33;24,66;1,02;1,02;1,08;39396;38898;498;40074;39538;536;635
2021;10;00;NO CLASIFICADO;TT;TODAS CONSOLIDADAS;LORETO;160000;646;6260;9732;20,97;21,95;1,58;1,54;1,71;41957;33693;8264;66222;52051;14171;749
2021;10;00;NO CLASIFICADO;TT;TODAS CONSOLIDADAS;MADRE DE DIOS;170000;285;4136;6908;25,25;21,1;1,18;1,17;1,59;38159;36528;1631;45179;42584;2595;694
2021;10;00;NO CLASIFICADO;TT;TODAS CONSOLIDADAS;MOQUEGUA;180000;158;1501;2558;12,05;8,46;1,18;1,18;1;5688;5628;60;6707;6647;60;184
2021;10;00;NO CLASIFICADO;TT;TODAS CONSOLIDADAS;PASCO;190000;271;3057;4781;20,48;18,38;1,16;1,16;1;23451;23448;3;27236;27233;3;530
2021;10;00;NO CLASIFICADO;TT;TODAS CONSOLIDADAS;PIURA;200000;941;9945;18215;42,09;37,99;1,87;1,81;3,32;114640;110003;4637;214543;199166;15377;1882
2021;10;00;NO CLASIFICADO;TT;TODAS CONSOLIDADAS;TUMBES;240000;204;2168;4285;19,8;14,66;1,58;1,58;1,74;12291;12230;61;19469;19363;106;350
2021;10;01;HOTEL;01;1 ESTRELLA;AMAZONAS;010000;1;20;35;0;0;0;0;0;0;0;0;0;0;0;0
2021;10;01;HOTEL;01;1 ESTRELLA;ÁNCASH;020000;12;362;565;17,1;13,38;1,08;1,08;0;2166;2166;0;2343;2343;0;50
2021;10;01;HOTEL;01;1 ESTRELLA;APURÍMAC;030000;2;80;115;25,48;21,21;1,11;1,11;1;682;681;1;756;755;1;10
2021;10;01;HOTEL;01;1 ESTRELLA;AREQUIPA;040000;6;208;351;77,68;41,7;2,46;2,31;3,21;1844;1534;310;4537;3542;995;36
2021;10;01;HOTEL;01;1 ESTRELLA;AYACUCHO;050000;8;200;345;11,13;12,44;2,08;2,08;0;640;640;0;1330;1330;0;34
2021;10;01;HOTEL;01;1 ESTRELLA;CALLAO;070000;1;37;74;0;0;0;0;0;0;0;0;0;0;0;0
2021;10;01;HOTEL;01;1 ESTRELLA;CUSCO;080000;5;127;225;19,61;17,69;1,12;1,12;0;1099;1099;0;1234;1234;0;20
2021;10;01;HOTEL;01;1 ESTRELLA;HUÁNUCO;100000;9;268;400;47,45;35,19;1,12;1,12;1,34;3895;3834;61;4363;4281;82;48
2021;10;01;HOTEL;01;1 ESTRELLA;ICA;110000;5;102;130;0;0;0;0;0;0;0;0;0;0;0;0
2021;10;01;HOTEL;01;1 ESTRELLA;JUNÍN;120000;5;210;396;13,07;9,78;1,36;1,36;0;885;885;0;1200;1200;0;22
2021;10;01;HOTEL;01;1 ESTRELLA;LA LIBERTAD;130000;2;46;88;0;0;0;0;0;0;0;0;0;0;0;0
2021;10;01;HOTEL;01;1 ESTRELLA;LAMBAYEQUE;140000;3;103;149;0;0;0;0;0;0;0;0;0;0;0;0
2021;10;01;HOTEL;01;1 ESTRELLA;LIMA;150000;10;403;684;51,1;50,76;1,03;1,03;0;9197;9197;0;9493;9493;0;53
2021;10;01;HOTEL;01;1 ESTRELLA;MADRE DE DIOS;170000;4;115;200;42,13;32,65;1,06;1,06;1;1917;1890;27;2024;1997;27;21
2021;10;01;HOTEL;01;1 ESTRELLA;MOQUEGUA;180000;1;21;42;78,03;46,08;10,34;10,34;0;58;58;0;600;600;0;4
2021;10;01;HOTEL;01;1 ESTRELLA;PASCO;190000;6;168;272;37,23;27,88;1,13;1,13;0;2079;2079;0;2351;2351;0;31
2021;10;01;HOTEL;01;1 ESTRELLA;PIURA;200000;2;40;87;0;0;0;0;0;0;0;0;0;0;0;0
2021;10;01;HOTEL;02;2 ESTRELLAS;AMAZONAS;010000;25;648;1026;20,96;17,39;1,49;1,48;1,83;3725;3701;24;5532;5488;44;99
2021;10;01;HOTEL;02;2 ESTRELLAS;ÁNCASH;020000;42;1121;2038;26,01;20,01;1,44;1,44;1,11;8781;8745;36;12640;12600;40;179
2021;10;01;HOTEL;02;2 ESTRELLAS;AREQUIPA;040000;41;1176;2052;22,48;17,19;1,75;1,75;1,84;6235;6136;99;10933;10751;182;186
2021;10;01;HOTEL;02;2 ESTRELLAS;AYACUCHO;050000;8;244;434;18,77;22,94;1,48;1,48;1,43;2091;2047;44;3087;3024;63;37
2021;10;01;HOTEL;02;2 ESTRELLAS;CALLAO;070000;1;40;67;4,03;3,71;1,04;1,12;1;74;26;48;77;29;48;3
2021;10;01;HOTEL;02;2 ESTRELLAS;HUANCAVELICA;090000;2;46;85;72,86;68,46;1,62;1,62;1,7;1114;1104;10;1804;1787;17;9
2021;10;01;HOTEL;02;2 ESTRELLAS;ICA;110000;51;1375;2416;20,3;15,25;1,72;1,72;1,61;6655;6624;31;11420;11370;50;226
2021;10;01;HOTEL;02;2 ESTRELLAS;JUNÍN;120000;27;834;1456;26,62;19,57;1,4;1,39;1,8;6319;6255;64;8832;8717;115;126
2021;10;01;HOTEL;02;2 ESTRELLAS;LA LIBERTAD;130000;22;609;998;19,76;44,04;1,99;1,99;2,07;6841;6555;286;13624;13031;593;112
2021;10;01;HOTEL;02;2 ESTRELLAS;LAMBAYEQUE;140000;71;1978;2958;20,91;16,16;1,21;1,21;1,26;12281;12201;80;14822;14721;101;289
2021;10;01;HOTEL;02;2 ESTRELLAS;LIMA;150000;120;5121;9071;44,5;38,04;1,31;1,3;1,67;93344;90552;2792;122437;117780;4657;923
2021;10;01;HOTEL;02;2 ESTRELLAS;LORETO;160000;15;379;602;15,9;22,84;1,85;1,86;1,79;2310;1860;450;4263;3457;806;66
2021;10;01;HOTEL;02;2 ESTRELLAS;MADRE DE DIOS;170000;7;225;379;35,56;24,35;1,22;1,2;2,62;2345;2311;34;2861;2772;89;32
2021;10;01;HOTEL;02;2 ESTRELLAS;MOQUEGUA;180000;17;431;733;44,56;30,2;3,68;3,69;1,44;1865;1856;9;6862;6849;13;72
2021;10;01;HOTEL;02;2 ESTRELLAS;PASCO;190000;5;147;265;55,54;29,39;1;1;0;2414;2414;0;2414;2414;0;23
2021;10;01;HOTEL;02;2 ESTRELLAS;TUMBES;240000;8;257;548;95,03;45,24;28,05;28,05;0;274;274;0;7685;7685;0;48
2021;10;01;HOTEL;03;3 ESTRELLAS;AMAZONAS;010000;14;331;586;31,03;27,28;1,55;1,62;1,29;3196;2530;666;4955;4093;862;82
2021;10;01;HOTEL;03;3 ESTRELLAS;AREQUIPA;040000;64;1882;3504;36,18;26,17;1,82;1,83;1,69;15654;13794;1860;28430;25294;3136;499
2021;10;01;HOTEL;03;3 ESTRELLAS;AYACUCHO;050000;8;274;548;31,4;26,55;2,23;2,23;2,39;2019;1913;106;4511;4258;253;79
2021;10;01;HOTEL;03;3 ESTRELLAS;CAJAMARCA;060000;63;1983;3274;29,66;19;2,06;2,07;1,53;9343;9292;51;19279;19201;78;396
2021;10;01;HOTEL;03;3 ESTRELLAS;CALLAO;070000;4;233;396;26,43;25,91;1,37;1,26;1,88;2323;1903;420;3181;2391;790;43
2021;10;01;HOTEL;03;3 ESTRELLAS;HUANCAVELICA;090000;2;65;108;15,09;11,8;1,26;1,26;0;314;314;0;395;395;0;14
2021;10;01;HOTEL;03;3 ESTRELLAS;ICA;110000;47;1724;3441;44,99;38,62;1,59;1,6;1,46;25972;23935;2037;41193;38209;2984;383
2021;10;01;HOTEL;03;3 ESTRELLAS;JUNÍN;120000;20;765;1409;17,85;12,96;1,4;1,4;1,62;4043;4004;39;5661;5598;63;165
2021;10;01;HOTEL;03;3 ESTRELLAS;LA LIBERTAD;130000;81;2308;4390;30,98;24,1;1,63;1,64;1,59;20066;19114;952;32803;31289;1514;477
2021;10;01;HOTEL;03;3 ESTRELLAS;LAMBAYEQUE;140000;39;1315;2169;24,49;21,42;1,45;1,46;1,39;9907;9734;173;14403;14163;240;231
2021;10;01;HOTEL;03;3 ESTRELLAS;LORETO;160000;21;642;1094;40,22;31,84;2,26;2,27;2,17;4784;4015;769;10798;9128;1670;147
2021;10;01;HOTEL;03;3 ESTRELLAS;MADRE DE DIOS;170000;5;190;339;40,27;33,18;1,87;1,92;1,56;1860;1638;222;3487;3141;346;67
2021;10;01;HOTEL;03;3 ESTRELLAS;MOQUEGUA;180000;10;323;592;49,7;31,1;1,87;1,87;1,83;3051;3033;18;5708;5675;33;67
2021;10;01;HOTEL;03;3 ESTRELLAS;PASCO;190000;4;114;217;48,7;59,12;1,87;1,87;2;2124;2101;23;3977;3931;46;17
2021;10;01;HOTEL;03;3 ESTRELLAS;PIURA;200000;16;597;1030;27,52;23,63;2,25;2,22;2,5;3353;2942;411;7544;6518;1026;143
2021;10;01;HOTEL;03;3 ESTRELLAS;PUNO;210000;25;841;1623;24,55;20,84;1,86;1,96;1,65;5631;3822;1809;10484;7494;2990;152
2021;10;00;NO CLASIFICADO;00;NO CATEGORIZADO;PUNO;210000;659;6340;10746;23,26;19,45;1,12;1,13;1,1;57643;54885;2758;64809;61762;3047;1152
2021;10;01;HOTEL;01;1 ESTRELLA;PUNO;210000;4;111;190;29,56;27,28;2,7;2,7;0;595;595;0;1607;1607;0;15
2021;10;01;HOTEL;02;2 ESTRELLAS;PUNO;210000;20;494;862;15,71;10,8;1,26;1,25;1,49;2291;2193;98;2886;2740;146;65
2021;10;00;NO CLASIFICADO;00;NO CATEGORIZADO;SAN MARTÍN;220000;686;8142;12666;29,93;25,37;1,2;1,2;1,28;83252;82487;765;99610;98628;982;1106
2021;10;01;HOTEL;01;1 ESTRELLA;SAN MARTÍN;220000;5;104;170;0;0;0;0;0;0;0;0;0;0;0;0
2021;10;01;HOTEL;02;2 ESTRELLAS;SAN MARTÍN;220000;30;851;1421;41,05;34,84;1,64;1,63;1,78;9381;9221;160;15349;15064;285;162
2021;10;00;NO CLASIFICADO;00;NO CATEGORIZADO;TACNA;230000;395;3852;6945;11,2;7,69;1,41;1,44;1,11;11768;10724;1044;16562;15405;1157;488
2021;10;00;NO CLASIFICADO;TT;TODAS CONSOLIDADAS;TACNA;230000;395;3852;6945;11,2;7,69;1,41;1,44;1,11;11768;10724;1044;16562;15405;1157;488
2021;10;01;HOTEL;01;1 ESTRELLA;TACNA;230000;2;57;112;7,41;5,88;1,69;1,68;2;121;118;3;204;198;6;5
2021;10;01;HOTEL;02;2 ESTRELLAS;TACNA;230000;29;860;1733;15,43;12,66;1,81;1,81;1,74;3760;3682;78;6800;6664;136;148
2021;10;00;NO CLASIFICADO;00;NO CATEGORIZADO;UCAYALI;250000;431;4883;7548;28,71;24;2,08;2,08;2,03;27032;26716;316;56167;55525;642;872
2021;10;01;HOTEL;02;2 ESTRELLAS;UCAYALI;250000;2;48;65;0;0;0;0;0;0;0;0;0;0;0;0
2021;10;00;NO CLASIFICADO;TT;TODAS CONSOLIDADAS;APURÍMAC;030000;447;4184;6430;17,58;13,44;1,13;1,13;1,13;23760;23624;136;26780;26627;153;466
2021;10;01;HOTEL;02;2 ESTRELLAS;APURÍMAC;030000;4;180;311;14,5;11,09;1,27;1,25;4;845;839;6;1069;1045;24;14
2021;10;01;HOTEL;03;3 ESTRELLAS;APURÍMAC;030000;3;98;172;44,04;30,89;1,28;1,29;1,11;1285;1228;57;1647;1584;63;19
2021;10;00;NO CLASIFICADO;TT;TODAS CONSOLIDADAS;CUSCO;080000;1636;16435;29837;21,2;18,13;1,68;1,55;1,93;99655;65023;34632;167718;100726;66992;3006
2021;10;01;HOTEL;02;2 ESTRELLAS;CUSCO;080000;47;1165;2081;18,29;15,62;1,83;1,75;2,12;5497;4245;1252;10077;7429;2648;260
2021;10;01;HOTEL;03;3 ESTRELLAS;CUSCO;080000;77;2851;5492;33,51;29,35;2,11;2,22;2,01;23645;11776;11869;49970;26136;23834;779
2021;10;00;NO CLASIFICADO;TT;TODAS CONSOLIDADAS;HUANCAVELICA;090000;176;2118;3249;19,98;17,11;1,13;1,13;1,48;15256;15206;50;17233;17159;74;278
2021;10;00;NO CLASIFICADO;TT;TODAS CONSOLIDADAS;JUNÍN;120000;1190;13115;21179;19,35;14,37;1,24;1,23;1,62;76341;76128;213;94331;93986;345;1711
2021;10;00;NO CLASIFICADO;TT;TODAS CONSOLIDADAS;HUÁNUCO;100000;452;5275;7789;18,53;15,59;1,13;1,13;1,27;33433;33422;11;37645;37631;14;693
2021;10;01;HOTEL;02;2 ESTRELLAS;HUÁNUCO;100000;39;1207;1892;31,6;27,09;1,14;1,14;1,08;13930;13892;38;15887;15846;41;188
2021;10;01;HOTEL;03;3 ESTRELLAS;HUÁNUCO;100000;13;526;971;44,05;42,44;1,6;1,6;1,71;7965;7713;252;12776;12345;431;127
2021;10;00;NO CLASIFICADO;TT;TODAS CONSOLIDADAS;ICA;110000;680;8005;13853;24,39;19,64;1,26;1,24;1,35;66968;53712;13256;84350;66451;17899;1090
2021;10;00;NO CLASIFICADO;TT;TODAS CONSOLIDADAS;LIMA;150000;5737;50185;87056;25,11;24,75;1,13;1,13;1,19;2675038;2594504;80534;3023011;2927121;95890;31532
2021;10;01;HOTEL;03;3 ESTRELLAS;LIMA;150000;159;8085;15216;36,87;30,7;1,74;1,62;2,2;83226;65682;17544;144819;106238;38581;1612
2021;10;00;NO CLASIFICADO;TT;TODAS CONSOLIDADAS;PUNO;210000;659;6340;10746;23,26;19,45;1,12;1,13;1,1;57643;54885;2758;64809;61762;3047;1152
2021;10;00;NO CLASIFICADO;TT;TODAS CONSOLIDADAS;SAN MARTÍN;220000;686;8142;12666;29,93;25,37;1,2;1,2;1,28;83252;82487;765;99610;98628;982;1106
2021;10;00;NO CLASIFICADO;TT;TODAS CONSOLIDADAS;UCAYALI;250000;431;4883;7548;28,71;24;2,08;2,08;2,03;27032;26716;316;56167;55525;642;872
2021;10;01;HOTEL;01;1 ESTRELLA;CAJAMARCA;060000;6;170;292;11,31;10,3;1,47;1,47;1;635;629;6;932;926;6;26
2021;10;01;HOTEL;02;2 ESTRELLAS;CAJAMARCA;060000;42;1203;1868;27,35;19,41;1,17;1,17;1;9582;9562;20;11240;11220;20;196
2021;10;01;HOTEL;02;2 ESTRELLAS;PIURA;200000;21;498;838;31,77;27,02;1,86;1,86;1,25;3776;3752;24;7019;6989;30;98
2021;10;01;HOTEL;03;3 ESTRELLAS;ÁNCASH;020000;40;1390;2469;35,19;27,97;1,51;1,51;1,82;14158;13897;261;21406;20932;474;276
2021;10;01;HOTEL;03;3 ESTRELLAS;SAN MARTÍN;220000;20;852;1420;27,83;29,43;1,62;1,62;1,91;7978;7826;152;12954;12663;291;140
2021;10;01;HOTEL;03;3 ESTRELLAS;TACNA;230000;13;444;947;23,79;13,28;1,87;1,87;1,89;2087;2041;46;3898;3811;87;108
2021;10;01;HOTEL;03;3 ESTRELLAS;TUMBES;240000;8;234;464;1,23;,65;1;1;0;93;93;0;93;93;0;38
2021;10;01;HOTEL;03;3 ESTRELLAS;UCAYALI;250000;16;560;920;35,48;29,31;2,08;2,08;1,99;4024;3888;136;8358;8088;270;121
2021;10;01;HOTEL;04;4 ESTRELLAS;CAJAMARCA;060000;4;214;393;53,62;51,59;2,31;2,31;2,56;2715;2609;106;6285;6014;271;109
2021;10;01;HOTEL;04;4 ESTRELLAS;CALLAO;070000;2;371;599;64,42;59,79;1,4;1,47;1,36;7946;2512;5434;11102;3691;7411;103
2021;10;01;HOTEL;04;4 ESTRELLAS;CUSCO;080000;12;923;1764;51,97;46,49;2,13;2,06;2,2;11953;6557;5396;25420;13523;11897;297
2021;10;01;HOTEL;04;4 ESTRELLAS;HUÁNUCO;100000;1;63;110;34,36;28,74;1,64;1,67;1,08;596;572;24;980;954;26;22
2021;10;01;HOTEL;04;4 ESTRELLAS;ICA;110000;6;587;1169;52,09;36,73;3,94;4,12;1,71;3375;3126;249;13312;12886;426;144
2021;10;01;HOTEL;04;4 ESTRELLAS;JUNÍN;120000;1;40;66;21,85;23,41;2,36;2,36;0;203;203;0;479;479;0;21
2021;10;01;HOTEL;04;4 ESTRELLAS;LA LIBERTAD;130000;3;207;322;64,7;58,61;2,14;2,16;1,96;2737;2479;258;5850;5345;505;47
2021;10;01;HOTEL;04;4 ESTRELLAS;LAMBAYEQUE;140000;5;332;544;57,78;61,23;1,48;1,47;1,68;6965;6559;406;10326;9642;684;207
2021;10;01;HOTEL;04;4 ESTRELLAS;LIMA;150000;41;4166;7225;37,28;30,56;1,98;1,8;2,4;34531;24256;10275;68451;43767;24684;1178
2021;10;01;HOTEL;04;4 ESTRELLAS;LORETO;160000;2;90;150;17,85;16;1,62;1,61;1,9;459;439;20;744;706;38;27
2021;10;01;HOTEL;04;4 ESTRELLAS;MOQUEGUA;180000;2;123;229;60,66;74,14;12,38;17,7;2,54;425;276;149;5263;4884;379;40
2021;10;01;HOTEL;04;4 ESTRELLAS;PIURA;200000;2;181;361;54,18;44,31;2,07;1,95;3,04;2398;2141;257;4959;4177;782;38
2021;10;01;HOTEL;04;4 ESTRELLAS;PUNO;210000;7;447;842;35,69;28,86;1,95;2,07;1,74;3863;2438;1425;7532;5054;2478;116
2021;10;01;HOTEL;04;4 ESTRELLAS;SAN MARTÍN;220000;1;50;108;99,68;92,32;1,78;1,79;1,45;1734;1705;29;3091;3049;42;48
2021;10;01;HOTEL;04;4 ESTRELLAS;TACNA;230000;1;150;300;53,72;34,42;1,97;1,95;2,43;1626;1554;72;3201;3026;175;32
2021;10;01;HOTEL;04;4 ESTRELLAS;TUMBES;240000;5;265;521;71,8;74,08;1,58;1,57;1,59;7595;7004;591;11964;11027;937;68
2021;10;01;HOTEL;04;4 ESTRELLAS;UCAYALI;250000;5;289;515;41,9;39,33;2,43;2,37;3,01;2587;2361;226;6279;5599;680;77
2021;10;01;HOTEL;05;5 ESTRELLAS;CUSCO;080000;12;1113;2169;48,85;46,06;1,89;2,1;1,76;16365;6476;9889;30972;13573;17399;646
2021;10;01;HOTEL;05;5 ESTRELLAS;ICA;110000;3;345;796;86,84;73,28;2,15;2,14;2,28;8391;7391;1000;18082;15799;2283;339
2021;10;01;HOTEL;05;5 ESTRELLAS;LA LIBERTAD;130000;1;120;240;63,58;55,97;1,97;1,92;2,33;2115;1878;237;4164;3611;553;67
2021;10;01;HOTEL;05;5 ESTRELLAS;LIMA;150000;22;3987;7179;50,76;35,61;1,89;1,53;2,65;41930;28487;13443;79248;43572;35676;2149
2021;10;01;HOTEL;05;5 ESTRELLAS;LORETO;160000;1;60;93;95,27;102,08;2,29;2,49;1,82;1283;910;373;2943;2266;677;49
2021;10;01;HOTEL;05;5 ESTRELLAS;PIURA;200000;1;83;168;76,53;63,23;2,02;1,92;2,62;1628;1388;240;3293;2665;628;54
2021;10;01;HOTEL;05;5 ESTRELLAS;PUNO;210000;1;123;231;95,59;76,78;1,65;1,63;1,83;3334;3046;288;5498;4971;527;45
2021;10;01;HOTEL;05;5 ESTRELLAS;UCAYALI;250000;2;165;306;40,86;35,6;2,58;2,58;2,55;1310;1189;121;3377;3069;308;43
2021;10;01;HOTEL;TT;TODAS CONSOLIDADAS;AMAZONAS;010000;40;999;1647;23,88;20,54;1,52;1,54;1,31;6921;6231;690;10487;9581;906;181
2021;10;01;HOTEL;TT;TODAS CONSOLIDADAS;ÁNCASH;020000;94;2873;5072;29,33;23,14;1,45;1,45;1,73;25105;24808;297;36389;35875;514;505
2021;10;01;HOTEL;TT;TODAS CONSOLIDADAS;APURÍMAC;030000;9;358;598;25,04;18,73;1,23;1,23;1,38;2812;2748;64;3472;3384;88;43
2021;10;01;HOTEL;TT;TODAS CONSOLIDADAS;AREQUIPA;040000;124;3940;7115;37,96;27,55;1,84;1,83;1,89;33081;29502;3579;60757;53984;6773;983
2021;10;01;HOTEL;TT;TODAS CONSOLIDADAS;AYACUCHO;050000;24;718;1327;21,46;21,7;1,88;1,87;2,11;4750;4600;150;8928;8612;316;150
2021;10;01;HOTEL;TT;TODAS CONSOLIDADAS;CAJAMARCA;060000;115;3570;5827;29,44;20,89;1,69;1,69;2,05;22275;22092;183;37736;37361;375;727
2021;10;01;HOTEL;TT;TODAS CONSOLIDADAS;CALLAO;070000;8;681;1136;46,92;43,62;1,39;1,38;1,4;11821;5075;6745;16411;6984;9427;170
2021;10;01;HOTEL;TT;TODAS CONSOLIDADAS;CUSCO;080000;153;6179;11731;35,87;32,36;2,01;2,05;1,96;58559;30153;28406;117673;61895;55778;2002
2021;10;01;HOTEL;TT;TODAS CONSOLIDADAS;HUANCAVELICA;090000;4;111;193;39,03;36,75;1,54;1,54;1,7;1428;1418;10;2199;2182;17;23
2021;10;01;HOTEL;TT;TODAS CONSOLIDADAS;HUÁNUCO;100000;62;2064;3373;36,92;32,52;1,29;1,29;1,55;26386;26011;375;34006;33426;580;385
2021;10;01;HOTEL;TT;TODAS CONSOLIDADAS;ICA;110000;112;4133;7952;40,17;34,08;1,89;1,91;1,73;44393;41076;3317;84007;78264;5743;1092
2021;10;01;HOTEL;TT;TODAS CONSOLIDADAS;JUNÍN;120000;53;1849;3327;21,35;15,68;1,41;1,41;1,73;11450;11347;103;16172;15994;178;334
2021;10;01;HOTEL;TT;TODAS CONSOLIDADAS;LA LIBERTAD;130000;109;3290;6038;31,78;30,15;1,78;1,77;1,83;31759;30026;1733;56441;53276;3165;703
2021;10;01;HOTEL;TT;TODAS CONSOLIDADAS;LAMBAYEQUE;140000;118;3728;5820;24,88;21,92;1,36;1,35;1,56;29153;28494;659;39551;38526;1025;727
2021;10;01;HOTEL;TT;TODAS CONSOLIDADAS;LIMA;150000;352;21762;39375;40,96;32,77;1,72;1,54;2,38;257830;203859;53972;442760;314466;128294;6805
2021;10;01;HOTEL;TT;TODAS CONSOLIDADAS;LORETO;160000;39;1171;1939;33,45;31,19;2,12;2,15;1,98;8836;7224;1612;18748;15557;3191;289
2021;10;01;HOTEL;TT;TODAS CONSOLIDADAS;MADRE DE DIOS;170000;16;530;918;38,67;29,42;1,37;1,35;1,63;6122;5839;283;8372;7910;462;120
2021;10;01;HOTEL;TT;TODAS CONSOLIDADAS;MOQUEGUA;180000;30;898;1596;49,4;37,26;3,41;3,45;2,41;5399;5223;176;18433;18008;425;183
2021;10;01;HOTEL;TT;TODAS CONSOLIDADAS;PASCO;190000;15;429;754;46,55;37,4;1,32;1,32;2;6617;6594;23;8742;8696;46;71
2021;10;01;HOTEL;TT;TODAS CONSOLIDADAS;PIURA;200000;42;1399;2484;34,6;29,63;2,05;1,99;2,65;11155;10223;932;22815;20349;2466;333
2021;10;01;HOTEL;TT;TODAS CONSOLIDADAS;PUNO;210000;57;2016;3748;29,47;24,1;1,78;1,81;1,7;15714;12094;3620;28007;21866;6141;393
2021;10;01;HOTEL;TT;TODAS CONSOLIDADAS;SAN MARTÍN;220000;56;1857;3119;34,26;32,47;1,64;1,64;1,81;19093;18752;341;31394;30776;618;350
2021;10;01;HOTEL;TT;TODAS CONSOLIDADAS;TACNA;230000;45;1511;3092;21,39;14,71;1,86;1,85;2,03;7594;7395;199;14103;13699;404;293
2021;10;01;HOTEL;TT;TODAS CONSOLIDADAS;TUMBES;240000;21;756;1533;57,85;41,54;2,48;2,55;1,59;7962;7371;591;19742;18805;937;154
2021;10;01;HOTEL;TT;TODAS CONSOLIDADAS;UCAYALI;250000;25;1062;1806;36,46;32,18;2,27;2,25;2,6;7921;7438;483;18014;16756;1258;241
2021;10;02;APART HOTEL;03;3 ESTRELLAS;ÁNCASH;020000;2;16;52;0;0;0;0;0;0;0;0;0;0;0;0
2021;10;02;APART HOTEL;03;3 ESTRELLAS;APURÍMAC;030000;1;21;30;40,55;46,77;1,68;1,75;1;259;235;24;435;411;24;8
2021;10;02;APART HOTEL;03;3 ESTRELLAS;AREQUIPA;040000;1;18;36;8,24;8,24;1,59;1,59;0;58;58;0;92;92;0;2
2021;10;02;APART HOTEL;03;3 ESTRELLAS;CAJAMARCA;060000;1;7;12;0;0;0;0;0;0;0;0;0;0;0;0
2021;10;02;APART HOTEL;03;3 ESTRELLAS;ICA;110000;1;10;20;5,81;5,81;2;2,2;1,75;18;10;8;36;22;14;4
2021;10;02;APART HOTEL;03;3 ESTRELLAS;LA LIBERTAD;130000;1;11;24;0;0;0;0;0;0;0;0;0;0;0;0
2021;10;02;APART HOTEL;03;3 ESTRELLAS;LIMA;150000;8;206;394;49,03;34,08;3,85;3,54;4,05;1082;429;653;4162;1517;2645;46
2021;10;02;APART HOTEL;03;3 ESTRELLAS;LORETO;160000;1;20;36;36,77;28,94;2,23;2,24;1;145;144;1;323;322;1;12
2021;10;02;APART HOTEL;03;3 ESTRELLAS;PASCO;190000;1;15;17;0;0;0;0;0;0;0;0;0;0;0;0
2021;10;02;APART HOTEL;03;3 ESTRELLAS;TUMBES;240000;2;18;50;0;0;0;0;0;0;0;0;0;0;0;0
2021;10;02;APART HOTEL;04;4 ESTRELLAS;AREQUIPA;040000;1;19;38;65,37;65,37;3,01;2,77;3,89;256;202;54;770;560;210;6
2021;10;02;APART HOTEL;04;4 ESTRELLAS;LIMA;150000;10;699;1442;66,43;52,86;2,45;2,3;3,34;9651;8303;1348;23631;19128;4503;452
2021;10;02;APART HOTEL;04;4 ESTRELLAS;LORETO;160000;1;13;23;56,82;51,75;1,61;1,35;1,9;229;120;109;369;162;207;6
2021;10;02;APART HOTEL;04;4 ESTRELLAS;SAN MARTÍN;220000;1;24;38;85,62;79,88;3,08;3,1;2,71;306;285;21;941;884;57;12
2021;10;02;APART HOTEL;TT;TODAS CONSOLIDADAS;ÁNCASH;020000;2;16;52;0;0;0;0;0;0;0;0;0;0;0;0
2021;10;02;APART HOTEL;TT;TODAS CONSOLIDADAS;APURÍMAC;030000;1;21;30;40,55;46,77;1,68;1,75;1;259;235;24;435;411;24;8
2021;10;02;APART HOTEL;TT;TODAS CONSOLIDADAS;AREQUIPA;040000;2;37;74;37,58;37,58;2,75;2,51;3,89;314;260;54;862;652;210;8
2021;10;02;APART HOTEL;TT;TODAS CONSOLIDADAS;CAJAMARCA;060000;1;7;12;0;0;0;0;0;0;0;0;0;0;0;0
2021;10;02;APART HOTEL;TT;TODAS CONSOLIDADAS;ICA;110000;1;10;20;5,81;5,81;2;2,2;1,75;18;10;8;36;22;14;4
2021;10;02;APART HOTEL;TT;TODAS CONSOLIDADAS;LA LIBERTAD;130000;1;11;24;0;0;0;0;0;0;0;0;0;0;0;0
2021;10;02;APART HOTEL;TT;TODAS CONSOLIDADAS;LIMA;150000;24;1304;2510;54,6;43,68;2,7;2,47;3,63;12606;10124;2482;33991;24983;9008;641
2021;10;02;APART HOTEL;TT;TODAS CONSOLIDADAS;LORETO;160000;2;33;59;44,67;37,83;1,85;1,83;1,89;374;264;110;692;484;208;18
2021;10;02;APART HOTEL;TT;TODAS CONSOLIDADAS;PASCO;190000;1;15;17;0;0;0;0;0;0;0;0;0;0;0;0
2021;10;02;APART HOTEL;TT;TODAS CONSOLIDADAS;SAN MARTÍN;220000;1;24;38;85,62;79,88;3,08;3,1;2,71;306;285;21;941;884;57;12
2021;10;02;APART HOTEL;TT;TODAS CONSOLIDADAS;TUMBES;240000;2;18;50;0;0;0;0;0;0;0;0;0;0;0;0
2021;10;03;HOSTAL;01;1 ESTRELLA;AMAZONAS;010000;15;221;319;58,24;55,84;1,25;1,25;1;4415;4368;47;5522;5475;47;38
2021;10;03;HOSTAL;01;1 ESTRELLA;ÁNCASH;020000;43;587;956;31,06;29,65;1,1;1,1;1;7957;7928;29;8787;8758;29;95
2021;10;03;HOSTAL;01;1 ESTRELLA;APURÍMAC;030000;1;10;20;0;0;0;0;0;0;0;0;0;0;0;0
2021;10;03;HOSTAL;01;1 ESTRELLA;AREQUIPA;040000;52;783;1215;26,33;21,32;1,14;1,14;1,2;7056;7051;5;8030;8024;6;125
2021;10;03;HOSTAL;01;1 ESTRELLA;AYACUCHO;050000;4;91;161;15,03;21,12;2,21;2,21;0;478;478;0;1054;1054;0;15
2021;10;03;HOSTAL;01;1 ESTRELLA;CAJAMARCA;060000;22;376;595;9,48;5,05;1,24;1,24;0;750;750;0;931;931;0;65
2021;10;03;HOSTAL;01;1 ESTRELLA;CALLAO;070000;11;204;408;31,53;34,67;1;1;1;4610;4602;8;4610;4602;8;34
2021;10;03;HOSTAL;01;1 ESTRELLA;CUSCO;080000;22;374;616;25,38;23,56;1,17;1,17;1,61;3833;3797;36;4499;4441;58;53
2021;10;03;HOSTAL;01;1 ESTRELLA;HUANCAVELICA;090000;2;29;45;35,37;23,37;1,03;1,03;0;318;318;0;326;326;0;5
2021;10;03;HOSTAL;01;1 ESTRELLA;HUÁNUCO;100000;13;202;313;33,62;21,39;1;1;0;2075;2075;0;2075;2075;0;35
2021;10;03;HOSTAL;01;1 ESTRELLA;ICA;110000;12;166;245;14,28;9,53;1;1;0;724;724;0;724;724;0;29
2021;10;03;HOSTAL;01;1 ESTRELLA;JUNÍN;120000;12;171;290;31,09;19,93;1,25;1,25;0;1433;1433;0;1792;1792;0;30
2021;10;03;HOSTAL;01;1 ESTRELLA;LA LIBERTAD;130000;34;473;831;46,06;29,99;1,62;1,62;0;4754;4754;0;7725;7725;0;82
2021;10;03;HOSTAL;01;1 ESTRELLA;LAMBAYEQUE;140000;18;243;321;22,35;18,99;1,13;1,13;1,34;1668;1636;32;1890;1847;43;40
2021;10;03;HOSTAL;01;1 ESTRELLA;LIMA;150000;75;1544;2859;21,54;22,48;1,08;1,08;1,14;22356;21863;494;24216;23653;563;309
2021;10;03;HOSTAL;01;1 ESTRELLA;LORETO;160000;5;75;102;13,46;13,57;2,23;2,2;2,33;192;143;49;429;315;114;12
2021;10;03;HOSTAL;01;1 ESTRELLA;MADRE DE DIOS;170000;1;35;68;12,35;11,01;2,02;2,02;2;115;110;5;232;222;10;4
2021;10;03;HOSTAL;01;1 ESTRELLA;MOQUEGUA;180000;14;188;342;19,49;15,5;1,18;1,18;1,08;1393;1367;26;1643;1615;28;32
2021;10;03;HOSTAL;01;1 ESTRELLA;PASCO;190000;17;289;428;76,78;46,31;1,28;1,28;1;4799;4785;14;6144;6130;14;50
2021;10;03;HOSTAL;01;1 ESTRELLA;PIURA;200000;2;36;51;25,36;18,03;1,83;1,84;1;156;154;2;285;283;2;8
2021;10;03;HOSTAL;01;1 ESTRELLA;PUNO;210000;21;359;606;21,43;19,28;1,05;1,06;1,01;3434;3042;392;3622;3227;395;48
2021;10;03;HOSTAL;01;1 ESTRELLA;SAN MARTÍN;220000;1;20;30;30,65;24,73;1,8;1,8;0;128;128;0;230;230;0;8
2021;10;03;HOSTAL;01;1 ESTRELLA;TACNA;230000;10;182;321;7,75;7,39;1;1;1;735;715;20;735;715;20;26
2021;10;03;HOSTAL;02;2 ESTRELLAS;AMAZONAS;010000;50;908;1409;35,59;33,53;1,44;1,4;2,44;10183;9766;417;14647;13631;1016;146
2021;10;03;HOSTAL;02;2 ESTRELLAS;ÁNCASH;020000;125;2045;3496;37,7;36,49;1,09;1,09;1,34;36213;36154;59;39551;39472;79;343
2021;10;03;HOSTAL;02;2 ESTRELLAS;APURÍMAC;030000;6;153;224;27,94;22,9;1,1;1,1;1;1451;1447;4;1590;1586;4;22
2021;10;03;HOSTAL;02;2 ESTRELLAS;AYACUCHO;050000;4;51;93;26,82;26,78;1,14;1,14;1,19;676;640;36;772;729;43;10
2021;10;03;HOSTAL;02;2 ESTRELLAS;CAJAMARCA;060000;111;2061;3174;19,58;17,59;1,52;1,52;1,02;11375;11327;48;17308;17259;49;330
2021;10;03;HOSTAL;02;2 ESTRELLAS;CALLAO;070000;7;206;386;67,48;69,02;1;1;1;10518;10425;93;10560;10467;93;46
2021;10;03;HOSTAL;02;2 ESTRELLAS;CUSCO;080000;53;862;1509;35,94;30,86;2,28;2,27;2,29;6343;4740;1603;14436;10768;3668;157
2021;10;03;HOSTAL;02;2 ESTRELLAS;HUANCAVELICA;090000;2;47;77;0;0;0;0;0;0;0;0;0;0;0;0
2021;10;03;HOSTAL;02;2 ESTRELLAS;HUÁNUCO;100000;22;313;507;32,19;25,26;1,08;1,08;1;3689;3670;19;3970;3951;19;64
2021;10;03;HOSTAL;02;2 ESTRELLAS;ICA;110000;61;901;1488;15,81;13,33;1,13;1,13;1;5428;5426;2;6151;6149;2;152
2021;10;03;HOSTAL;02;2 ESTRELLAS;JUNÍN;120000;21;399;761;21,84;14,8;1,27;1,27;1,46;2756;2743;13;3492;3473;19;69
2021;10;03;HOSTAL;02;2 ESTRELLAS;LA LIBERTAD;130000;130;2190;3964;24,24;23,26;1,17;1,17;1,26;24362;23896;466;28583;27995;588;390
2021;10;03;HOSTAL;02;2 ESTRELLAS;LAMBAYEQUE;140000;161;2352;3239;27,5;21,27;1,06;1,06;1,02;20145;19957;188;21361;21169;192;423
2021;10;03;HOSTAL;02;2 ESTRELLAS;LORETO;160000;5;79;126;25,6;43,86;2,27;2,27;2,67;754;751;3;1713;1705;8;19
2021;10;03;HOSTAL;02;2 ESTRELLAS;MADRE DE DIOS;170000;4;111;171;35,4;24,79;1,33;1,33;1,48;987;960;27;1314;1274;40;18
2021;10;03;HOSTAL;02;2 ESTRELLAS;MOQUEGUA;180000;55;750;1217;28,95;25,31;1,99;1,99;1,45;4801;4768;33;9548;9500;48;137
2021;10;03;HOSTAL;02;2 ESTRELLAS;PASCO;190000;11;189;356;31,34;27,52;1,29;1,29;0;2357;2357;0;3037;3037;0;33
2021;10;03;HOSTAL;02;2 ESTRELLAS;PIURA;200000;29;573;939;36,47;35,46;2,05;1,94;2,66;5033;4239;794;10322;8211;2111;118
2021;10;03;HOSTAL;02;2 ESTRELLAS;PUNO;210000;39;615;1153;20,16;14,97;1,32;1,32;1,26;4056;3952;104;5352;5221;131;99
2021;10;03;HOSTAL;02;2 ESTRELLAS;SAN MARTÍN;220000;15;238;392;37,21;32,8;1,6;1,59;2,42;2484;2431;53;3986;3858;128;51
2021;10;03;HOSTAL;02;2 ESTRELLAS;TACNA;230000;22;380;713;25,22;22,64;1,18;1,18;1,07;4250;4235;15;5005;4989;16;67
2021;10;03;HOSTAL;02;2 ESTRELLAS;TUMBES;240000;5;66;131;18,33;19,16;1,93;1,93;0;403;403;0;778;778;0;16
2021;10;03;HOSTAL;02;2 ESTRELLAS;UCAYALI;250000;2;71;136;28,17;16,79;1,49;1,49;1,67;475;469;6;708;698;10;22
2021;10;03;HOSTAL;03;3 ESTRELLAS;AMAZONAS;010000;8;123;244;39,21;26,43;1,19;1,19;1,2;1674;1664;10;1999;1987;12;24
2021;10;03;HOSTAL;03;3 ESTRELLAS;ÁNCASH;020000;22;330;607;27,76;20,21;1,79;1,79;1,52;2129;2096;33;3803;3753;50;63
2021;10;03;HOSTAL;03;3 ESTRELLAS;APURÍMAC;030000;1;24;43;64,92;36,23;2,14;2,14;0;226;226;0;483;483;0;7
2021;10;03;HOSTAL;03;3 ESTRELLAS;AREQUIPA;040000;38;586;1020;35,51;31,11;2,04;2,06;1,89;4816;4299;517;9838;8859;979;146
2021;10;03;HOSTAL;03;3 ESTRELLAS;AYACUCHO;050000;2;38;77;44,57;36,87;2,09;2,12;1,81;421;378;43;880;802;78;17
2021;10;03;HOSTAL;03;3 ESTRELLAS;CAJAMARCA;060000;48;760;1246;34;28,13;1,46;1,45;1,7;7450;7286;164;10864;10585;279;142
2021;10;03;HOSTAL;03;3 ESTRELLAS;CUSCO;080000;24;420;817;23,11;19,74;2,56;2,43;2,71;1951;1034;917;5000;2515;2485;70
2021;10;03;HOSTAL;03;3 ESTRELLAS;HUANCAVELICA;090000;2;20;23;0;0;0;0;0;0;0;0;0;0;0;0
2021;10;03;HOSTAL;03;3 ESTRELLAS;HUÁNUCO;100000;2;27;50;19,12;19,1;1;1;0;296;296;0;296;296;0;6
2021;10;03;HOSTAL;03;3 ESTRELLAS;ICA;110000;32;581;1099;37,25;26,27;1,16;1,16;1,17;7721;7166;555;8951;8303;648;122
2021;10;03;HOSTAL;03;3 ESTRELLAS;JUNÍN;120000;2;47;88;45,57;36,51;1,87;1,86;2;534;531;3;996;990;6;30
2021;10;03;HOSTAL;03;3 ESTRELLAS;LA LIBERTAD;130000;58;937;1740;53,73;45,58;1,17;1,17;1,2;20959;20767;192;24586;24355;231;176
2021;10;03;HOSTAL;03;3 ESTRELLAS;LAMBAYEQUE;140000;20;267;384;39,85;29,07;1,39;1,38;1,86;2482;2406;76;3460;3319;141;60
2021;10;03;HOSTAL;03;3 ESTRELLAS;LIMA;150000;16;348;701;17,95;13,7;1,13;1,13;1;2699;2673;26;3057;3031;26;69
2021;10;03;HOSTAL;03;3 ESTRELLAS;LORETO;160000;8;117;195;32,53;25,43;2,38;2,4;2,12;645;611;34;1537;1465;72;28
2021;10;03;HOSTAL;03;3 ESTRELLAS;MADRE DE DIOS;170000;1;22;29;18,48;19,35;1,38;1,38;0;126;126;0;174;174;0;2
2021;10;03;HOSTAL;03;3 ESTRELLAS;MOQUEGUA;180000;3;52;90;0;0;0;0;0;0;0;0;0;0;0;0
2021;10;03;HOSTAL;03;3 ESTRELLAS;PASCO;190000;1;9;18;0;0;0;0;0;0;0;0;0;0;0;0
2021;10;03;HOSTAL;03;3 ESTRELLAS;PIURA;200000;2;36;76;7,44;12,78;2,09;2,05;2,38;144;128;16;301;263;38;11
2021;10;03;HOSTAL;03;3 ESTRELLAS;PUNO;210000;7;152;265;10,91;7,07;1,73;1,74;1,5;335;321;14;581;560;21;27
2021;10;03;HOSTAL;03;3 ESTRELLAS;SAN MARTÍN;220000;6;111;243;48,59;47,13;2,05;2,05;2,42;1729;1693;36;3550;3463;87;30
2021;10;03;HOSTAL;03;3 ESTRELLAS;TACNA;230000;6;109;226;10,8;7,71;1,88;1,88;1,5;288;282;6;540;531;9;19
2021;10;03;HOSTAL;03;3 ESTRELLAS;TUMBES;240000;5;82;166;33,32;24,56;1,29;1,29;0;981;981;0;1264;1264;0;15
2021;10;03;HOSTAL;03;3 ESTRELLAS;UCAYALI;250000;2;45;71;12,11;10,68;2,24;2,2;6;105;104;1;235;229;6;7
2021;10;03;HOSTAL;TT;TODAS CONSOLIDADAS;AMAZONAS;010000;73;1252;1972;39,94;36,26;1,36;1,34;2,27;16272;15798;474;22168;21093;1075;208
2021;10;03;HOSTAL;TT;TODAS CONSOLIDADAS;ÁNCASH;020000;190;2962;5059;35,28;33,25;1,13;1,13;1,31;46299;46178;121;52141;51983;158;501
2021;10;03;HOSTAL;TT;TODAS CONSOLIDADAS;APURÍMAC;030000;8;187;287;31,19;23,3;1,24;1,24;1;1677;1673;4;2073;2069;4;29
2021;10;03;HOSTAL;TT;TODAS CONSOLIDADAS;AREQUIPA;040000;216;3403;5918;27,1;22,02;1,26;1,25;1,54;32047;31036;1011;40398;38846;1552;624
2021;10;03;HOSTAL;TT;TODAS CONSOLIDADAS;AYACUCHO;050000;10;180;331;24,61;26,37;1,72;1,73;1,53;1575;1496;79;2706;2585;121;42
2021;10;03;HOSTAL;TT;TODAS CONSOLIDADAS;CAJAMARCA;060000;181;3197;5015;21,82;18,72;1,49;1,49;1,55;19575;19363;212;29103;28775;328;537
2021;10;03;HOSTAL;TT;TODAS CONSOLIDADAS;CALLAO;070000;18;410;794;49,03;50,98;1;1;1;14045;13956;89;14081;13992;89;77
2021;10;03;HOSTAL;TT;TODAS CONSOLIDADAS;CUSCO;080000;99;1656;2942;30,3;26,24;1,97;1,85;2,43;12127;9571;2556;23935;17724;6211;280
2021;10;03;HOSTAL;TT;TODAS CONSOLIDADAS;HUANCAVELICA;090000;6;96;145;10,69;7,25;1,03;1,03;0;318;318;0;326;326;0;5
2021;10;03;HOSTAL;TT;TODAS CONSOLIDADAS;HUÁNUCO;100000;37;542;870;32,07;23,51;1,05;1,05;1;6060;6041;19;6341;6322;19;105
2021;10;03;HOSTAL;TT;TODAS CONSOLIDADAS;ICA;110000;105;1648;2832;23,21;18,03;1,14;1,14;1,17;13873;13316;557;15826;15176;650;303
2021;10;03;HOSTAL;TT;TODAS CONSOLIDADAS;JUNÍN;120000;35;617;1139;26,21;17,79;1,33;1,33;1,56;4723;4707;16;6280;6255;25;129
2021;10;03;HOSTAL;TT;TODAS CONSOLIDADAS;LA LIBERTAD;130000;222;3600;6535;34,78;30,06;1,22;1,22;1,24;50075;49417;658;60894;60075;819;648
2021;10;03;HOSTAL;TT;TODAS CONSOLIDADAS;LAMBAYEQUE;140000;199;2862;3944;28,21;21,85;1,1;1,1;1,27;24295;23999;296;26711;26335;376;523
2021;10;03;HOSTAL;TT;TODAS CONSOLIDADAS;LORETO;160000;18;271;423;25,24;28,06;2,31;2,32;2,26;1591;1505;86;3679;3485;194;59
2021;10;03;HOSTAL;TT;TODAS CONSOLIDADAS;MADRE DE DIOS;170000;6;168;268;28,38;20,7;1,4;1,4;1,56;1228;1196;32;1720;1670;50;24
2021;10;03;HOSTAL;TT;TODAS CONSOLIDADAS;MOQUEGUA;180000;72;990;1649;25,64;21,89;1,81;1,81;1,29;6194;6135;59;11191;11115;76;169
2021;10;03;HOSTAL;TT;TODAS CONSOLIDADAS;PASCO;190000;29;487;802;57,73;36,93;1,28;1,28;1;7156;7142;14;9181;9167;14;83
2021;10;03;HOSTAL;TT;TODAS CONSOLIDADAS;PIURA;200000;33;645;1066;34,23;33,01;2,05;1,94;2,65;5333;4521;812;10908;8757;2151;137
2021;10;03;HOSTAL;TT;TODAS CONSOLIDADAS;PUNO;210000;67;1126;2024;19,31;15,23;1,22;1,23;1,07;7825;7315;510;9555;9008;547;174
2021;10;03;HOSTAL;TT;TODAS CONSOLIDADAS;SAN MARTÍN;220000;22;369;665;40,27;37,67;1,79;1,78;2,42;4341;4252;89;7766;7551;215;89
2021;10;03;HOSTAL;TT;TODAS CONSOLIDADAS;TACNA;230000;38;671;1260;18,14;16,08;1,19;1,19;1,1;5273;5232;41;6280;6235;45;112
2021;10;03;HOSTAL;TT;TODAS CONSOLIDADAS;TUMBES;240000;10;148;297;26,63;22,18;1,48;1,48;0;1384;1384;0;2042;2042;0;31
2021;10;03;HOSTAL;TT;TODAS CONSOLIDADAS;UCAYALI;250000;4;116;207;21,94;14,7;1,63;1,62;2,29;580;573;7;943;927;16;29
2021;10;05;ALBERGUE;12;ALBERGUE;AMAZONAS;010000;1;6;11;0;0;0;0;0;0;0;0;0;0;0;0
2021;10;05;ALBERGUE;12;ALBERGUE;ÁNCASH;020000;8;76;172;7,3;7,58;3,34;3,34;0;121;121;0;404;404;0;17
2021;10;05;ALBERGUE;12;ALBERGUE;CAJAMARCA;060000;1;11;22;0;0;0;0;0;0;0;0;0;0;0;0
2021;10;05;ALBERGUE;12;ALBERGUE;CUSCO;080000;17;228;742;23,34;21,78;1,21;1,21;1,2;4151;1689;2462;5009;2046;2963;69
2021;10;05;ALBERGUE;12;ALBERGUE;ICA;110000;2;18;43;24,19;24,98;1,59;1,6;1,2;210;205;5;333;327;6;5
2021;10;05;ALBERGUE;12;ALBERGUE;JUNÍN;120000;1;32;104;47,98;38,93;2,16;2,16;2;580;579;1;1255;1253;2;16
2021;10;05;ALBERGUE;12;ALBERGUE;LIMA;150000;8;127;269;34,11;32,25;1,68;1,55;1,84;1598;886;712;2689;1376;1313;44
2021;10;05;ALBERGUE;12;ALBERGUE;MADRE DE DIOS;170000;6;124;276;58,3;59,65;2,02;1,98;2,11;2527;1667;860;5104;3293;1811;156
2021;10;05;ALBERGUE;12;ALBERGUE;PASCO;190000;16;255;722;17,46;13,56;1,6;1,6;1,48;1901;1876;25;3035;2998;37;56
2021;10;05;ALBERGUE;12;ALBERGUE;PUNO;210000;1;13;35;0;0;0;0;0;0;0;0;0;0;0;0
2021;10;05;ALBERGUE;12;ALBERGUE;SAN MARTÍN;220000;10;192;444;17,36;15,58;1,53;1,55;1,26;1400;1295;105;2145;2013;132;58
2021;10;05;ALBERGUE;12;ALBERGUE;UCAYALI;250000;4;44;115;20,53;10,29;1,64;1,56;2,09;224;191;33;367;298;69;21
2021;10;05;ALBERGUE;TT;TODAS CONSOLIDADAS;AMAZONAS;010000;1;6;11;0;0;0;0;0;0;0;0;0;0;0;0
2021;10;05;ALBERGUE;TT;TODAS CONSOLIDADAS;ÁNCASH;020000;8;76;172;7,3;7,58;3,34;3,34;0;121;121;0;404;404;0;17
2021;10;05;ALBERGUE;TT;TODAS CONSOLIDADAS;AREQUIPA;040000;5;99;239;47,64;41,8;1,5;1,53;1,44;2059;1557;502;3097;2376;721;101
2021;10;05;ALBERGUE;TT;TODAS CONSOLIDADAS;CAJAMARCA;060000;1;11;22;0;0;0;0;0;0;0;0;0;0;0;0
2021;10;05;ALBERGUE;TT;TODAS CONSOLIDADAS;CUSCO;080000;17;228;742;23,34;21,78;1,21;1,21;1,2;4151;1689;2462;5009;2046;2963;69
2021;10;05;ALBERGUE;TT;TODAS CONSOLIDADAS;ICA;110000;2;18;43;24,19;24,98;1,59;1,6;1,2;210;205;5;333;327;6;5
2021;10;05;ALBERGUE;TT;TODAS CONSOLIDADAS;JUNÍN;120000;1;32;104;47,98;38,93;2,16;2,16;2;580;579;1;1255;1253;2;16
2021;10;05;ALBERGUE;TT;TODAS CONSOLIDADAS;LIMA;150000;8;127;269;34,11;32,25;1,68;1,55;1,84;1598;886;712;2689;1376;1313;44
2021;10;05;ALBERGUE;TT;TODAS CONSOLIDADAS;LORETO;160000;56;709;1525;18,08;17,93;1,68;1,51;2,34;5054;4021;1033;8476;6056;2420;181
2021;10;05;ALBERGUE;TT;TODAS CONSOLIDADAS;MADRE DE DIOS;170000;6;124;276;58,3;59,65;2,02;1,98;2,11;2527;1667;860;5104;3293;1811;156
2021;10;05;ALBERGUE;TT;TODAS CONSOLIDADAS;PASCO;190000;16;255;722;17,46;13,56;1,6;1,6;1,48;1901;1876;25;3035;2998;37;56
2021;10;05;ALBERGUE;TT;TODAS CONSOLIDADAS;PUNO;210000;1;13;35;0;0;0;0;0;0;0;0;0;0;0;0
2021;10;05;ALBERGUE;TT;TODAS CONSOLIDADAS;SAN MARTÍN;220000;10;192;444;17,36;15,58;1,53;1,55;1,26;1400;1295;105;2145;2013;132;58
2021;10;05;ALBERGUE;TT;TODAS CONSOLIDADAS;UCAYALI;250000;4;44;115;20,53;10,29;1,64;1,56;2,09;224;191;33;367;298;69;21
2021;10;14;RESORT;03;3 ESTRELLAS;ICA;110000;1;51;86;0;0;0;0;0;0;0;0;0;0;0;0
2021;10;14;RESORT;04;4 ESTRELLAS;TUMBES;240000;1;402;804;80,23;103,21;2,68;2,68;2,98;9586;9488;98;25725;25433;292;481
2021;10;14;RESORT;05;5 ESTRELLAS;ICA;110000;1;115;250;75,34;87,95;1,99;1,91;2,92;3427;3150;277;6816;6007;809;90
2021;10;14;RESORT;TT;TODAS CONSOLIDADAS;ICA;110000;2;166;336;52,2;65,44;1,99;1,91;2,92;3427;3150;277;6816;6007;809;90
2021;10;14;RESORT;TT;TODAS CONSOLIDADAS;TUMBES;240000;1;402;804;80,23;103,21;2,68;2,68;2,98;9586;9488;98;25725;25433;292;481
2021;10;16;ECOLODGE;13;ECOLODGE;AREQUIPA;040000;1;23;51;12,62;14,36;1,52;1,6;1,36;149;104;45;227;166;61;8
2021;10;16;ECOLODGE;13;ECOLODGE;SAN MARTÍN;220000;1;12;24;0;0;0;0;0;0;0;0;0;0;0;0
2021;10;16;ECOLODGE;TT;TODAS CONSOLIDADAS;SAN MARTÍN;220000;1;12;24;0;0;0;0;0;0;0;0;0;0;0;0
2021;10;TT;TODAS CONSOLIDADAS;00;NO CATEGORIZADO;AMAZONAS;010000;250;2385;3810;30,93;25,22;1,39;1,38;1,49;21465;19392;2073;29793;26713;3080;430
2021;10;TT;TODAS CONSOLIDADAS;00;NO CATEGORIZADO;APURÍMAC;030000;447;4184;6430;17,58;13,44;1,13;1,13;1,13;23760;23624;136;26780;26627;153;466
2021;10;TT;TODAS CONSOLIDADAS;00;NO CATEGORIZADO;AREQUIPA;040000;1077;9921;16578;23,98;20,67;1,59;1,55;1,93;67019;61550;5469;106227;95658;10569;1860
2021;10;TT;TODAS CONSOLIDADAS;00;NO CATEGORIZADO;AYACUCHO;050000;515;5138;8174;9,88;6,91;1,09;1,09;1;16036;15949;87;17511;17424;87;584
2021;10;TT;TODAS CONSOLIDADAS;00;NO CATEGORIZADO;CAJAMARCA;060000;564;5776;8928;12,57;10,53;1,23;1,23;1;23713;23673;40;29137;29097;40;715
2021;10;TT;TODAS CONSOLIDADAS;00;NO CATEGORIZADO;HUANCAVELICA;090000;176;2118;3249;19,98;17,11;1,13;1,13;1,48;15256;15206;50;17233;17159;74;278
2021;10;TT;TODAS CONSOLIDADAS;00;NO CATEGORIZADO;HUÁNUCO;100000;452;5275;7789;18,53;15,59;1,13;1,13;1,27;33433;33422;11;37645;37631;14;693
2021;10;TT;TODAS CONSOLIDADAS;00;NO CATEGORIZADO;ICA;110000;680;8005;13853;24,39;19,64;1,26;1,24;1,35;66968;53712;13256;84350;66451;17899;1090
2021;10;TT;TODAS CONSOLIDADAS;00;NO CATEGORIZADO;JUNÍN;120000;1190;13115;21179;19,35;14,37;1,24;1,23;1,62;76341;76128;213;94331;93986;345;1711
2021;10;TT;TODAS CONSOLIDADAS;00;NO CATEGORIZADO;LA LIBERTAD;130000;770;6692;11190;34,1;27,93;1,45;1,45;1,07;66867;66243;624;96877;96209;668;1180
2021;10;TT;TODAS CONSOLIDADAS;00;NO CATEGORIZADO;LAMBAYEQUE;140000;334;3662;5242;30,33;24,66;1,02;1,02;1,08;39396;38898;498;40074;39538;536;635
2021;10;TT;TODAS CONSOLIDADAS;00;NO CATEGORIZADO;LORETO;160000;646;6260;9732;20,97;21,95;1,58;1,54;1,71;41957;33693;8264;66222;52051;14171;749
2021;10;TT;TODAS CONSOLIDADAS;00;NO CATEGORIZADO;MADRE DE DIOS;170000;285;4136;6908;25,25;21,1;1,18;1,17;1,59;38159;36528;1631;45179;42584;2595;694
2021;10;TT;TODAS CONSOLIDADAS;00;NO CATEGORIZADO;MOQUEGUA;180000;158;1501;2558;12,05;8,46;1,18;1,18;1;5688;5628;60;6707;6647;60;184
2021;10;TT;TODAS CONSOLIDADAS;00;NO CATEGORIZADO;PASCO;190000;271;3057;4781;20,48;18,38;1,16;1,16;1;23451;23448;3;27236;27233;3;530
2021;10;TT;TODAS CONSOLIDADAS;00;NO CATEGORIZADO;PIURA;200000;941;9945;18215;42,09;37,99;1,87;1,81;3,32;114640;110003;4637;214543;199166;15377;1882
2021;10;TT;TODAS CONSOLIDADAS;00;NO CATEGORIZADO;PUNO;210000;659;6340;10746;23,26;19,45;1,12;1,13;1,1;57643;54885;2758;64809;61762;3047;1152
2021;10;TT;TODAS CONSOLIDADAS;00;NO CATEGORIZADO;SAN MARTÍN;220000;686;8142;12666;29,93;25,37;1,2;1,2;1,28;83252;82487;765;99610;98628;982;1106
2021;10;TT;TODAS CONSOLIDADAS;00;NO CATEGORIZADO;TACNA;230000;395;3852;6945;11,2;7,69;1,41;1,44;1,11;11768;10724;1044;16562;15405;1157;488
2021;10;TT;TODAS CONSOLIDADAS;00;NO CATEGORIZADO;TUMBES;240000;204;2168;4285;19,8;14,66;1,58;1,58;1,74;12291;12230;61;19469;19363;106;350
2021;10;TT;TODAS CONSOLIDADAS;00;NO CATEGORIZADO;UCAYALI;250000;431;4883;7548;28,71;24;2,08;2,08;2,03;27032;26716;316;56167;55525;642;872
2021;10;TT;TODAS CONSOLIDADAS;01;1 ESTRELLA;AMAZONAS;010000;16;241;354;53,41;50,32;1,25;1,25;1;4415;4368;47;5522;5475;47;38
2021;10;TT;TODAS CONSOLIDADAS;01;1 ESTRELLA;ÁNCASH;020000;55;949;1521;25,74;23,61;1,1;1,1;1;10123;10094;29;11130;11101;29;145
2021;10;TT;TODAS CONSOLIDADAS;01;1 ESTRELLA;APURÍMAC;030000;3;90;135;22,65;18,06;1,11;1,11;1;682;681;1;756;755;1;10
2021;10;TT;TODAS CONSOLIDADAS;01;1 ESTRELLA;AREQUIPA;040000;58;991;1566;37,1;25,89;1,41;1,35;3,18;8900;8585;315;12567;11566;1001;161
2021;10;TT;TODAS CONSOLIDADAS;01;1 ESTRELLA;AYACUCHO;050000;12;291;506;12,35;15,2;2,13;2,13;0;1118;1118;0;2384;2384;0;49
2021;10;TT;TODAS CONSOLIDADAS;01;1 ESTRELLA;CAJAMARCA;060000;28;546;887;10,05;6,78;1,35;1,35;1;1385;1379;6;1863;1857;6;91
2021;10;TT;TODAS CONSOLIDADAS;01;1 ESTRELLA;CALLAO;070000;12;241;482;31,53;34,67;1;1;1;5030;5021;9;5030;5021;9;38
2021;10;TT;TODAS CONSOLIDADAS;01;1 ESTRELLA;CUSCO;080000;27;501;841;23,91;21,99;1,16;1,16;1,61;4932;4896;36;5733;5675;58;73
2021;10;TT;TODAS CONSOLIDADAS;01;1 ESTRELLA;HUANCAVELICA;090000;2;29;45;35,37;23,37;1,03;1,03;0;318;318;0;326;326;0;5
2021;10;TT;TODAS CONSOLIDADAS;01;1 ESTRELLA;HUÁNUCO;100000;22;470;713;41,5;29,13;1,08;1,08;1,34;5970;5909;61;6438;6356;82;83
2021;10;TT;TODAS CONSOLIDADAS;01;1 ESTRELLA;ICA;110000;17;268;375;8,85;6,23;1;1;0;724;724;0;724;724;0;29
2021;10;TT;TODAS CONSOLIDADAS;01;1 ESTRELLA;JUNÍN;120000;17;381;686;21,16;14,07;1,29;1,29;0;2318;2318;0;2992;2992;0;52
2021;10;TT;TODAS CONSOLIDADAS;01;1 ESTRELLA;LA LIBERTAD;130000;36;519;919;41,98;27,12;1,62;1,62;0;4754;4754;0;7725;7725;0;82
2021;10;TT;TODAS CONSOLIDADAS;01;1 ESTRELLA;LAMBAYEQUE;140000;21;346;470;15,7;12,97;1,13;1,13;1,34;1668;1636;32;1890;1847;43;40
2021;10;TT;TODAS CONSOLIDADAS;01;1 ESTRELLA;LIMA;150000;85;1947;3543;25,95;26,44;1,07;1,07;1,14;31208;30710;497;33361;32794;567;362
2021;10;TT;TODAS CONSOLIDADAS;01;1 ESTRELLA;LORETO;160000;5;75;102;13,46;13,57;2,23;2,2;2,33;192;143;49;429;315;114;12
2021;10;TT;TODAS CONSOLIDADAS;01;1 ESTRELLA;MADRE DE DIOS;170000;5;150;268;35,18;27,15;1,11;1,11;1,16;2032;2000;32;2256;2219;37;25
2021;10;TT;TODAS CONSOLIDADAS;01;1 ESTRELLA;MOQUEGUA;180000;15;209;384;25,37;18,84;1,55;1,55;1,08;1451;1425;26;2243;2215;28;36
2021;10;TT;TODAS CONSOLIDADAS;01;1 ESTRELLA;PASCO;190000;23;457;700;62,24;39,15;1,24;1,24;1;6878;6864;14;8495;8481;14;81
2021;10;TT;TODAS CONSOLIDADAS;01;1 ESTRELLA;PIURA;200000;4;76;138;12,01;6,66;1,83;1,84;1;156;154;2;285;283;2;8
2021;10;TT;TODAS CONSOLIDADAS;01;1 ESTRELLA;PUNO;210000;25;470;796;23,35;21,19;1,3;1,33;1,01;4029;3637;392;5229;4834;395;63
2021;10;TT;TODAS CONSOLIDADAS;01;1 ESTRELLA;SAN MARTÍN;220000;6;124;200;4,94;3,71;1,8;1,8;0;128;128;0;230;230;0;8
2021;10;TT;TODAS CONSOLIDADAS;01;1 ESTRELLA;TACNA;230000;12;239;433;7,67;7;1,1;1,1;1,13;856;833;23;939;913;26;31
2021;10;TT;TODAS CONSOLIDADAS;02;2 ESTRELLAS;AMAZONAS;010000;75;1556;2435;29,5;26,73;1,45;1,42;2,4;13908;13467;441;20179;19119;1060;245
2021;10;TT;TODAS CONSOLIDADAS;02;2 ESTRELLAS;ÁNCASH;020000;167;3166;5534;33,56;30,42;1,16;1,16;1,25;44994;44899;95;52191;52072;119;522
2021;10;TT;TODAS CONSOLIDADAS;02;2 ESTRELLAS;APURÍMAC;030000;10;333;535;20,67;16,03;1,16;1,15;2,8;2296;2286;10;2659;2631;28;36
2021;10;TT;TODAS CONSOLIDADAS;02;2 ESTRELLAS;AYACUCHO;050000;12;295;527;20,16;23,62;1,39;1,4;1,33;2767;2687;80;3859;3753;106;47
2021;10;TT;TODAS CONSOLIDADAS;02;2 ESTRELLAS;CAJAMARCA;060000;153;3264;5042;22,44;18,26;1,36;1,36;1,01;20957;20889;68;28548;28479;69;526
2021;10;TT;TODAS CONSOLIDADAS;02;2 ESTRELLAS;CALLAO;070000;8;246;453;53,98;56,48;1;1;1;9734;9573;162;9778;9616;162;46
2021;10;TT;TODAS CONSOLIDADAS;02;2 ESTRELLAS;CUSCO;080000;100;2027;3590;25,79;22,03;2,07;2,03;2,21;11840;8985;2855;24513;18197;6316;417
2021;10;TT;TODAS CONSOLIDADAS;02;2 ESTRELLAS;HUANCAVELICA;090000;4;93;162;36,04;35,92;1,62;1,62;1,7;1114;1104;10;1804;1787;17;9
2021;10;TT;TODAS CONSOLIDADAS;02;2 ESTRELLAS;HUÁNUCO;100000;61;1520;2399;31,72;26,7;1,13;1,13;1,05;17619;17562;57;19857;19797;60;252
2021;10;TT;TODAS CONSOLIDADAS;02;2 ESTRELLAS;ICA;110000;112;2276;3904;18,52;14,52;1,45;1,45;1,58;12083;12050;33;17571;17519;52;378
2021;10;TT;TODAS CONSOLIDADAS;02;2 ESTRELLAS;JUNÍN;120000;48;1233;2217;25,07;17,93;1,36;1,35;1,74;9075;8998;77;12324;12190;134;195
2021;10;TT;TODAS CONSOLIDADAS;02;2 ESTRELLAS;LA LIBERTAD;130000;152;2799;4962;23,26;27,44;1,35;1,35;1,57;31203;30451;752;42207;41026;1181;502
2021;10;TT;TODAS CONSOLIDADAS;02;2 ESTRELLAS;LAMBAYEQUE;140000;232;4330;6197;24,49;18,83;1,12;1,12;1,09;32426;32158;268;36183;35890;293;712
2021;10;TT;TODAS CONSOLIDADAS;02;2 ESTRELLAS;LIMA;150000;249;8052;14448;41,57;35,94;1,32;1,29;1,81;161058;151401;9657;212334;194808;17526;1725
2021;10;TT;TODAS CONSOLIDADAS;02;2 ESTRELLAS;LORETO;160000;20;458;728;17,57;26,48;1,95;1,98;1,8;3064;2611;453;5976;5162;814;85
2021;10;TT;TODAS CONSOLIDADAS;02;2 ESTRELLAS;MADRE DE DIOS;170000;11;336;550;35,5;24,49;1,25;1,24;2,11;3332;3271;61;4175;4046;129;50
2021;10;TT;TODAS CONSOLIDADAS;02;2 ESTRELLAS;MOQUEGUA;180000;72;1181;1950;34,65;27,15;2,46;2,47;1,45;6666;6624;42;16410;16349;61;209
2021;10;TT;TODAS CONSOLIDADAS;02;2 ESTRELLAS;PIURA;200000;50;1071;1777;34,29;31,48;1,97;1,9;2,62;8809;7991;818;17341;15200;2141;216
2021;10;TT;TODAS CONSOLIDADAS;02;2 ESTRELLAS;SAN MARTÍN;220000;45;1089;1813;40,21;34,4;1,63;1,62;1,94;11865;11652;213;19335;18922;413;213
2021;10;TT;TODAS CONSOLIDADAS;02;2 ESTRELLAS;TACNA;230000;51;1240;2446;18,43;15,57;1,47;1,47;1,63;8010;7917;93;11805;11653;152;215
2021;10;TT;TODAS CONSOLIDADAS;02;2 ESTRELLAS;TUMBES;240000;13;323;679;79,36;40,21;12,5;12,5;0;677;677;0;8463;8463;0;64
2021;10;TT;TODAS CONSOLIDADAS;02;2 ESTRELLAS;UCAYALI;250000;4;119;201;16,81;11,36;1,49;1,49;1,67;475;469;6;708;698;10;22
2021;10;TT;TODAS CONSOLIDADAS;03;3 ESTRELLAS;AMAZONAS;010000;22;454;830;33,25;27,03;1,43;1,45;1,29;4870;4194;676;6954;6080;874;106
2021;10;TT;TODAS CONSOLIDADAS;03;3 ESTRELLAS;ÁNCASH;020000;64;1736;3128;33,45;26;1,55;1,54;1,78;16287;15993;294;25209;24685;524;339
2021;10;TT;TODAS CONSOLIDADAS;03;3 ESTRELLAS;APURÍMAC;030000;5;143;245;47,03;33,77;1,45;1,47;1,07;1770;1689;81;2565;2478;87;34
2021;10;TT;TODAS CONSOLIDADAS;03;3 ESTRELLAS;AREQUIPA;040000;103;2486;4560;35,82;27,14;1,87;1,89;1,73;20528;18151;2377;38360;34245;4115;647
2021;10;TT;TODAS CONSOLIDADAS;03;3 ESTRELLAS;AYACUCHO;050000;10;312;625;33;27,82;2,21;2,21;2,22;2440;2291;149;5391;5060;331;96
2021;10;TT;TODAS CONSOLIDADAS;03;3 ESTRELLAS;CAJAMARCA;060000;112;2750;4532;30,78;21,46;1,79;1,8;1,66;16793;16578;215;30143;29786;357;538
2021;10;TT;TODAS CONSOLIDADAS;03;3 ESTRELLAS;CALLAO;070000;4;233;396;26,43;25,91;1,37;1,26;1,88;2323;1903;420;3181;2391;790;43
2021;10;TT;TODAS CONSOLIDADAS;03;3 ESTRELLAS;CUSCO;080000;101;3271;6309;32,17;28,11;2,15;2,24;2,06;25596;12810;12786;54970;28651;26319;849
2021;10;TT;TODAS CONSOLIDADAS;03;3 ESTRELLAS;HUANCAVELICA;090000;4;85;131;11,54;9,73;1,26;1,26;0;314;314;0;395;395;0;14
2021;10;TT;TODAS CONSOLIDADAS;03;3 ESTRELLAS;HUÁNUCO;100000;15;553;1021;42,83;41,3;1,58;1,58;1,71;8261;8009;252;13072;12641;431;133
2021;10;TT;TODAS CONSOLIDADAS;03;3 ESTRELLAS;JUNÍN;120000;22;812;1497;19,45;14,34;1,45;1,45;1,64;4577;4535;42;6657;6588;69;195
2021;10;TT;TODAS CONSOLIDADAS;03;3 ESTRELLAS;LAMBAYEQUE;140000;59;1582;2553;27,08;22,57;1,44;1,44;1,53;12389;12140;249;17863;17482;381;291
2021;10;TT;TODAS CONSOLIDADAS;03;3 ESTRELLAS;LIMA;150000;183;8639;16311;36,42;30,08;1,75;1,61;2,26;87315;68994;18321;152681;111205;41477;1732
2021;10;01;HOTEL;04;4 ESTRELLAS;AREQUIPA;040000;10;433;862;53,63;39,38;1,94;1,98;1,79;5411;4499;912;10524;8889;1635;142
2021;10;01;HOTEL;05;5 ESTRELLAS;AREQUIPA;040000;3;241;346;64,89;59,04;1,61;1,56;2,07;3937;3539;398;6333;5508;825;120
2021;10;03;HOSTAL;02;2 ESTRELLAS;AREQUIPA;040000;126;2034;3683;24,98;19,73;1,12;1,12;1,16;20175;19686;489;22530;21963;567;353
2021;10;05;ALBERGUE;12;ALBERGUE;AREQUIPA;040000;5;99;239;47,64;41,8;1,5;1,53;1,44;2059;1557;502;3097;2376;721;101
2021;10;02;APART HOTEL;05;5 ESTRELLAS;LIMA;150000;6;399;674;36,75;29,66;3,31;3,12;3,87;1873;1392;481;6198;4338;1860;143
2021;10;03;HOSTAL;02;2 ESTRELLAS;LIMA;150000;129;2931;5377;34,22;30,83;1,34;1,24;1,9;55083;46723;8360;73746;57834;15913;728
2021;10;TT;TODAS CONSOLIDADAS;00;NO CATEGORIZADO;LIMA;150000;5737;50185;87056;25,11;24,75;1,13;1,13;1,19;2675038;2594504;80534;3023011;2927121;95890;31532
2021;10;03;HOSTAL;TT;TODAS CONSOLIDADAS;LIMA;150000;220;4823;8937;27,3;25,11;1,24;1,17;1,84;72037;65151;6886;89059;76400;12659;1065
2021;10;05;ALBERGUE;12;ALBERGUE;LORETO;160000;56;709;1525;18,08;17,93;1,68;1,51;2,34;5054;4021;1033;8476;6056;2420;181
2021;10;16;ECOLODGE;TT;TODAS CONSOLIDADAS;AREQUIPA;040000;1;23;51;12,62;14,36;1,52;1,6;1,36;149;104;45;227;166;61;8
2021;10;TT;TODAS CONSOLIDADAS;00;NO CATEGORIZADO;ÁNCASH;020000;566;5627;9713;21,81;18,88;1,29;1,3;1,01;43930;43531;399;56837;56434;403;941
2021;10;TT;TODAS CONSOLIDADAS;00;NO CATEGORIZADO;CALLAO;070000;258;3729;6880;29,19;28,89;1,02;1,02;1,03;104280;103193;1086;106337;105223;1113;978
2021;10;TT;TODAS CONSOLIDADAS;00;NO CATEGORIZADO;CUSCO;080000;1636;16435;29837;21,2;18,13;1,68;1,55;1,93;99655;65023;34632;167718;100726;66992;3006
2021;10;TT;TODAS CONSOLIDADAS;02;2 ESTRELLAS;AREQUIPA;040000;167;3210;5735;24,06;18,82;1,27;1,27;1,27;26410;25822;588;33463;32714;749;539
2021;10;TT;TODAS CONSOLIDADAS;02;2 ESTRELLAS;PASCO;190000;16;336;621;41,93;28,32;1,14;1,14;0;4771;4771;0;5451;5451;0;56
2021;10;TT;TODAS CONSOLIDADAS;02;2 ESTRELLAS;PUNO;210000;59;1109;2015;18,18;13,19;1,3;1,3;1,37;6347;6145;202;8238;7961;277;164
2021;10;TT;TODAS CONSOLIDADAS;03;3 ESTRELLAS;ICA;110000;81;2366;4646;41,95;34,84;1,49;1,5;1,4;33711;31111;2600;50180;46534;3646;509
2021;10;TT;TODAS CONSOLIDADAS;03;3 ESTRELLAS;LA LIBERTAD;130000;140;3256;6154;37,42;30,08;1,4;1,4;1,53;41025;39881;1144;57389;55644;1745;653
2021;10;TT;TODAS CONSOLIDADAS;03;3 ESTRELLAS;LORETO;160000;30;779;1325;38,98;30,82;2,27;2,29;2,17;5574;4770;804;12658;10915;1743;187
2021;10;TT;TODAS CONSOLIDADAS;03;3 ESTRELLAS;MOQUEGUA;180000;13;375;682;42,8;27;1,87;1,87;1,83;3051;3033;18;5708;5675;33;67
2021;10;TT;TODAS CONSOLIDADAS;03;3 ESTRELLAS;PASCO;190000;6;138;252;40,23;50,91;1,87;1,87;2;2124;2101;23;3977;3931;46;17
2021;10;TT;TODAS CONSOLIDADAS;03;3 ESTRELLAS;PIURA;200000;18;633;1106;26,38;22,88;2,24;2,21;2,49;3497;3070;427;7845;6781;1064;154
2021;10;TT;TODAS CONSOLIDADAS;03;3 ESTRELLAS;PUNO;210000;32;993;1888;22,46;18,91;1,85;1,94;1,65;5966;4143;1823;11065;8054;3011;179
2021;10;TT;TODAS CONSOLIDADAS;03;3 ESTRELLAS;SAN MARTÍN;220000;26;963;1663;30,22;32,01;1,7;1,69;2,01;9707;9519;188;16504;16126;378;170
2021;10;TT;TODAS CONSOLIDADAS;03;3 ESTRELLAS;TACNA;230000;19;553;1173;21,23;12,2;1,87;1,87;1,85;2375;2323;52;4438;4342;96;127
2021;10;TT;TODAS CONSOLIDADAS;03;3 ESTRELLAS;TUMBES;240000;15;334;680;9,04;6,44;1,26;1,26;0;1074;1074;0;1357;1357;0;53
2021;10;TT;TODAS CONSOLIDADAS;04;4 ESTRELLAS;AREQUIPA;040000;11;452;900;54,13;40,48;1,99;2,01;1,91;5667;4701;966;11294;9449;1845;148
2021;10;TT;TODAS CONSOLIDADAS;04;4 ESTRELLAS;CAJAMARCA;060000;4;214;393;53,62;51,59;2,31;2,31;2,56;2715;2609;106;6285;6014;271;109
2021;10;TT;TODAS CONSOLIDADAS;04;4 ESTRELLAS;CALLAO;070000;2;371;599;64,42;59,79;1,4;1,47;1,36;7946;2512;5434;11102;3691;7411;103
2021;10;TT;TODAS CONSOLIDADAS;04;4 ESTRELLAS;CUSCO;080000;12;923;1764;51,97;46,49;2,13;2,06;2,2;11953;6557;5396;25420;13523;11897;297
2021;10;TT;TODAS CONSOLIDADAS;04;4 ESTRELLAS;HUÁNUCO;100000;1;63;110;34,36;28,74;1,64;1,67;1,08;596;572;24;980;954;26;22
2021;10;TT;TODAS CONSOLIDADAS;04;4 ESTRELLAS;ICA;110000;6;587;1169;52,09;36,73;3,94;4,12;1,71;3375;3126;249;13312;12886;426;144
2021;10;TT;TODAS CONSOLIDADAS;04;4 ESTRELLAS;JUNÍN;120000;1;40;66;21,85;23,41;2,36;2,36;0;203;203;0;479;479;0;21
2021;10;TT;TODAS CONSOLIDADAS;04;4 ESTRELLAS;LA LIBERTAD;130000;3;207;322;64,7;58,61;2,14;2,16;1,96;2737;2479;258;5850;5345;505;47
2021;10;TT;TODAS CONSOLIDADAS;04;4 ESTRELLAS;LAMBAYEQUE;140000;5;332;544;57,78;61,23;1,48;1,47;1,68;6965;6559;406;10326;9642;684;207
2021;10;TT;TODAS CONSOLIDADAS;04;4 ESTRELLAS;LIMA;150000;51;4865;8667;41,46;34,27;2,08;1,93;2,51;44182;32559;11623;92082;62895;29187;1630
2021;10;TT;TODAS CONSOLIDADAS;04;4 ESTRELLAS;LORETO;160000;3;103;173;22,77;20,75;1,62;1,55;1,9;688;559;129;1113;868;245;33
2021;10;TT;TODAS CONSOLIDADAS;04;4 ESTRELLAS;MOQUEGUA;180000;2;123;229;60,66;74,14;12,38;17,7;2,54;425;276;149;5263;4884;379;40
2021;10;TT;TODAS CONSOLIDADAS;04;4 ESTRELLAS;PIURA;200000;2;181;361;54,18;44,31;2,07;1,95;3,04;2398;2141;257;4959;4177;782;38
2021;10;TT;TODAS CONSOLIDADAS;04;4 ESTRELLAS;PUNO;210000;7;447;842;35,69;28,86;1,95;2,07;1,74;3863;2438;1425;7532;5054;2478;116
2021;10;TT;TODAS CONSOLIDADAS;04;4 ESTRELLAS;SAN MARTÍN;220000;2;74;146;95,12;89,09;1,98;1,98;1,98;2040;1990;50;4032;3933;99;60
2021;10;TT;TODAS CONSOLIDADAS;04;4 ESTRELLAS;TACNA;230000;1;150;300;53,72;34,42;1,97;1,95;2,43;1626;1554;72;3201;3026;175;32
2021;10;TT;TODAS CONSOLIDADAS;04;4 ESTRELLAS;TUMBES;240000;6;667;1325;76,88;91,76;2,19;2,21;1,78;17181;16492;689;37689;36460;1229;549
2021;10;TT;TODAS CONSOLIDADAS;04;4 ESTRELLAS;UCAYALI;250000;5;289;515;41,9;39,33;2,43;2,37;3,01;2587;2361;226;6279;5599;680;77
2021;10;TT;TODAS CONSOLIDADAS;05;5 ESTRELLAS;AREQUIPA;040000;3;241;346;64,89;59,04;1,61;1,56;2,07;3937;3539;398;6333;5508;825;120
2021;10;TT;TODAS CONSOLIDADAS;05;5 ESTRELLAS;CUSCO;080000;12;1113;2169;48,85;46,06;1,89;2,1;1,76;16365;6476;9889;30972;13573;17399;646
2021;10;TT;TODAS CONSOLIDADAS;05;5 ESTRELLAS;ICA;110000;4;460;1046;83,97;76,78;2,11;2,07;2,42;11818;10541;1277;24898;21806;3092;429
2021;10;TT;TODAS CONSOLIDADAS;05;5 ESTRELLAS;LA LIBERTAD;130000;1;120;240;63,58;55,97;1,97;1,92;2,33;2115;1878;237;4164;3611;553;67
2021;10;TT;TODAS CONSOLIDADAS;05;5 ESTRELLAS;LIMA;150000;28;4386;7853;49,49;35,1;1,95;1,6;2,7;43803;29879;13924;85446;47910;37536;2292
2021;10;TT;TODAS CONSOLIDADAS;05;5 ESTRELLAS;LORETO;160000;1;60;93;95,27;102,08;2,29;2,49;1,82;1283;910;373;2943;2266;677;49
2021;10;TT;TODAS CONSOLIDADAS;05;5 ESTRELLAS;PIURA;200000;1;83;168;76,53;63,23;2,02;1,92;2,62;1628;1388;240;3293;2665;628;54
2021;10;TT;TODAS CONSOLIDADAS;05;5 ESTRELLAS;PUNO;210000;1;123;231;95,59;76,78;1,65;1,63;1,83;3334;3046;288;5498;4971;527;45
2021;10;TT;TODAS CONSOLIDADAS;05;5 ESTRELLAS;UCAYALI;250000;2;165;306;40,86;35,6;2,58;2,58;2,55;1310;1189;121;3377;3069;308;43
2021;10;TT;TODAS CONSOLIDADAS;12;ALBERGUE;AMAZONAS;010000;1;6;11;0;0;0;0;0;0;0;0;0;0;0;0
2021;10;TT;TODAS CONSOLIDADAS;12;ALBERGUE;ÁNCASH;020000;8;76;172;7,3;7,58;3,34;3,34;0;121;121;0;404;404;0;17
2021;10;TT;TODAS CONSOLIDADAS;12;ALBERGUE;AREQUIPA;040000;5;99;239;47,64;41,8;1,5;1,53;1,44;2059;1557;502;3097;2376;721;101
2021;10;TT;TODAS CONSOLIDADAS;12;ALBERGUE;CAJAMARCA;060000;1;11;22;0;0;0;0;0;0;0;0;0;0;0;0
2021;10;TT;TODAS CONSOLIDADAS;12;ALBERGUE;CUSCO;080000;17;228;742;23,34;21,78;1,21;1,21;1,2;4151;1689;2462;5009;2046;2963;69
2021;10;TT;TODAS CONSOLIDADAS;12;ALBERGUE;ICA;110000;2;18;43;24,19;24,98;1,59;1,6;1,2;210;205;5;333;327;6;5
2021;10;TT;TODAS CONSOLIDADAS;12;ALBERGUE;JUNÍN;120000;1;32;104;47,98;38,93;2,16;2,16;2;580;579;1;1255;1253;2;16
2021;10;TT;TODAS CONSOLIDADAS;12;ALBERGUE;LIMA;150000;8;127;269;34,11;32,25;1,68;1,55;1,84;1598;886;712;2689;1376;1313;44
2021;10;TT;TODAS CONSOLIDADAS;12;ALBERGUE;MADRE DE DIOS;170000;6;124;276;58,3;59,65;2,02;1,98;2,11;2527;1667;860;5104;3293;1811;156
2021;10;TT;TODAS CONSOLIDADAS;12;ALBERGUE;PASCO;190000;16;255;722;17,46;13,56;1,6;1,6;1,48;1901;1876;25;3035;2998;37;56
2021;10;TT;TODAS CONSOLIDADAS;12;ALBERGUE;PUNO;210000;1;13;35;0;0;0;0;0;0;0;0;0;0;0;0
2021;10;TT;TODAS CONSOLIDADAS;12;ALBERGUE;SAN MARTÍN;220000;10;192;444;17,36;15,58;1,53;1,55;1,26;1400;1295;105;2145;2013;132;58
2021;10;TT;TODAS CONSOLIDADAS;12;ALBERGUE;UCAYALI;250000;4;44;115;20,53;10,29;1,64;1,56;2,09;224;191;33;367;298;69;21
2021;10;TT;TODAS CONSOLIDADAS;13;ECOLODGE;AREQUIPA;040000;1;23;51;12,62;14,36;1,52;1,6;1,36;149;104;45;227;166;61;8
2021;10;TT;TODAS CONSOLIDADAS;13;ECOLODGE;SAN MARTÍN;220000;1;12;24;0;0;0;0;0;0;0;0;0;0;0;0
2021;10;TT;TODAS CONSOLIDADAS;TT;TODAS CONSOLIDADAS;ÁNCASH;020000;860;11554;20068;25,07;21,85;1,29;1,29;1,1;115455;114638;817;145771;144696;1075;1964
2021;10;TT;TODAS CONSOLIDADAS;TT;TODAS CONSOLIDADAS;APURÍMAC;030000;465;4750;7345;18;13,74;1,13;1,13;1,16;28508;28280;228;32760;32491;269;546
2021;10;TT;TODAS CONSOLIDADAS;TT;TODAS CONSOLIDADAS;AREQUIPA;040000;1425;17423;29975;25,77;21,44;1,56;1,54;1,89;134669;124009;10660;211568;191682;19886;3584
2021;10;TT;TODAS CONSOLIDADAS;TT;TODAS CONSOLIDADAS;CALLAO;070000;284;4820;8810;30,2;30,08;1,03;1,02;1,04;129312;122202;7111;135427;125942;9485;1208
2021;10;TT;TODAS CONSOLIDADAS;TT;TODAS CONSOLIDADAS;CUSCO;080000;1905;24498;45252;22,45;19,31;1,72;1,61;1,95;174492;106436;68056;314335;182391;131944;5357
2021;10;TT;TODAS CONSOLIDADAS;TT;TODAS CONSOLIDADAS;HUANCAVELICA;090000;186;2325;3587;20,31;17,42;1,14;1,14;1,44;17002;16942;60;19758;19667;91;306
2021;10;TT;TODAS CONSOLIDADAS;TT;TODAS CONSOLIDADAS;HUÁNUCO;100000;551;7881;12032;21,6;18,08;1,14;1,14;1,26;65879;65474;405;77992;77379;613;1183
2021;10;TT;TODAS CONSOLIDADAS;TT;TODAS CONSOLIDADAS;ICA;110000;902;13980;25036;25,39;20,5;1,32;1,31;1,36;128889;111469;17420;191368;166247;25121;2584
2021;10;TT;TODAS CONSOLIDADAS;TT;TODAS CONSOLIDADAS;JUNÍN;120000;1279;15613;25749;19,61;14,52;1,25;1,25;1,6;93094;92761;333;118038;117488;550;2190
2021;10;TT;TODAS CONSOLIDADAS;TT;TODAS CONSOLIDADAS;LA LIBERTAD;130000;1102;13593;23787;33,4;28,22;1,44;1,44;1,17;148701;145686;3015;214212;209560;4652;2531
2021;10;TT;TODAS CONSOLIDADAS;TT;TODAS CONSOLIDADAS;LAMBAYEQUE;140000;651;10252;15006;27,69;22,3;1,1;1,1;1,14;92844;91391;1453;106336;104399;1937;1885
2021;10;TT;TODAS CONSOLIDADAS;TT;TODAS CONSOLIDADAS;LIMA;150000;6341;78201;138147;26,34;25,5;1,17;1,16;1,26;3044202;2908934;135268;3601604;3378109;223495;39317
2021;10;TT;TODAS CONSOLIDADAS;TT;TODAS CONSOLIDADAS;LORETO;160000;761;8444;13678;21,44;22,17;1,63;1,59;1,79;57812;46707;11105;97817;77633;20184;1296
2021;10;TT;TODAS CONSOLIDADAS;TT;TODAS CONSOLIDADAS;MADRE DE DIOS;170000;313;4958;8370;26,64;22,26;1,21;1,2;1,61;48036;45230;2806;60375;55457;4918;994
2021;10;TT;TODAS CONSOLIDADAS;TT;TODAS CONSOLIDADAS;PASCO;190000;332;4243;7076;24,62;20,65;1,2;1,2;,99;39125;39060;65;48194;48094;100;740
2021;10;TT;TODAS CONSOLIDADAS;TT;TODAS CONSOLIDADAS;PIURA;200000;1016;11989;21765;41,37;37,32;1,88;1,82;3,26;131128;124747;6381;248266;228272;19994;2352
2021;10;TT;TODAS CONSOLIDADAS;TT;TODAS CONSOLIDADAS;SAN MARTÍN;220000;776;10596;16956;30,31;25,95;1,25;1,25;1,34;108392;107071;1321;141856;139852;2004;1615
2021;10;TT;TODAS CONSOLIDADAS;TT;TODAS CONSOLIDADAS;TACNA;230000;478;6034;11297;12,37;8,75;1,43;1,45;1,2;24635;23351;1284;36945;35339;1606;893
2021;10;TT;TODAS CONSOLIDADAS;TT;TODAS CONSOLIDADAS;TUMBES;240000;238;3492;6969;23,81;17,48;2,18;2,18;1,53;31223;30473;750;66978;65643;1335;1016
2021;11;00;NO CLASIFICADO;00;NO CATEGORIZADO;AYACUCHO;050000;513;5114;8144;13,39;9,73;1,27;1,26;6,36;18763;18749;14;23767;23678;89;581
2021;11;00;NO CLASIFICADO;00;NO CATEGORIZADO;PUNO;210000;657;6335;10740;23,78;20,39;1,16;1,16;1,15;56813;53471;3342;65695;61835;3860;1153
2021;11;00;NO CLASIFICADO;00;NO CATEGORIZADO;SAN MARTÍN;220000;685;8119;12650;30,31;25,62;1,26;1,26;1,35;76945;76276;669;97226;96326;900;1111
2021;11;00;NO CLASIFICADO;00;NO CATEGORIZADO;TACNA;230000;395;3851;6937;11,26;10,42;1,86;1,91;1,06;11641;11028;613;21694;21046;648;488
2021;10;TT;TODAS CONSOLIDADAS;03;3 ESTRELLAS;MADRE DE DIOS;170000;6;212;368;38,01;32,09;1,84;1,88;1,56;1986;1764;222;3661;3315;346;69
2021;10;TT;TODAS CONSOLIDADAS;03;3 ESTRELLAS;UCAYALI;250000;18;605;991;33,75;27,97;2,08;2,08;2,01;4129;3992;137;8593;8317;276;128
2021;10;TT;TODAS CONSOLIDADAS;TT;TODAS CONSOLIDADAS;UCAYALI;250000;464;6105;9676;28,93;24,15;2,07;2,07;2,04;35757;34918;839;75491;73506;1985;1163
2021;10;TT;TODAS CONSOLIDADAS;12;ALBERGUE;LORETO;160000;56;709;1525;18,08;17,93;1,68;1,51;2,34;5054;4021;1033;8476;6056;2420;181
2021;10;TT;TODAS CONSOLIDADAS;TT;TODAS CONSOLIDADAS;AMAZONAS;010000;364;4642;7440;31,68;26,68;1,39;1,38;1,64;44658;41421;3237;62448;57387;5061;819
2021;10;TT;TODAS CONSOLIDADAS;TT;TODAS CONSOLIDADAS;AYACUCHO;050000;549;6036;9832;10,58;7,84;1,14;1,14;1,01;22361;22045;316;29145;28621;524;776
2021;10;TT;TODAS CONSOLIDADAS;TT;TODAS CONSOLIDADAS;CAJAMARCA;060000;862;12561;19804;16,78;13,38;1,33;1,33;1,09;65563;65128;435;95976;95233;743;1979
2021;10;TT;TODAS CONSOLIDADAS;TT;TODAS CONSOLIDADAS;MOQUEGUA;180000;260;3389;5803;20,99;15,66;1,68;1,72;1,18;17281;16986;295;36331;35770;561;536
2021;10;TT;TODAS CONSOLIDADAS;TT;TODAS CONSOLIDADAS;PUNO;210000;784;9495;16553;23,02;19,15;1,18;1,19;1,15;81182;74294;6888;102371;92636;9735;1719
2021;11;00;NO CLASIFICADO;00;NO CATEGORIZADO;AMAZONAS;010000;250;2385;3799;20,1;16,57;1,31;1,3;1,52;14429;13838;591;18885;17984;901;427
2021;11;00;NO CLASIFICADO;00;NO CATEGORIZADO;ÁNCASH;020000;568;5646;9746;16,26;13,43;1,23;1,23;1,42;31838;31795;43;39254;39193;61;943
2021;11;00;NO CLASIFICADO;00;NO CATEGORIZADO;APURÍMAC;030000;447;4165;6413;17,53;13,45;1,12;1,12;1,05;23117;22993;124;25872;25742;130;445
2021;11;00;NO CLASIFICADO;00;NO CATEGORIZADO;AREQUIPA;040000;1075;9893;16549;25,56;21,61;1,59;1,53;2,04;67380;58790;8590;107301;89810;17491;1857
2021;11;00;NO CLASIFICADO;00;NO CATEGORIZADO;CAJAMARCA;060000;567;5811;8973;13,57;11,87;1,23;1,23;1;26059;26008;51;31950;31899;51;725
2021;11;00;NO CLASIFICADO;00;NO CATEGORIZADO;CALLAO;070000;258;3728;6878;30,47;29,91;1,02;1,02;1,14;104232;102521;1711;106432;104476;1955;978
2021;11;00;NO CLASIFICADO;00;NO CATEGORIZADO;CUSCO;080000;1639;16509;29960;21,99;18,36;1,6;1,39;1,93;103124;62852;40272;165056;87160;77896;3025
2021;11;00;NO CLASIFICADO;00;NO CATEGORIZADO;HUANCAVELICA;090000;176;2126;3253;19,1;17,14;1,08;1,08;1,21;15441;15427;14;16726;16709;17;280
2021;11;00;NO CLASIFICADO;00;NO CATEGORIZADO;HUÁNUCO;100000;450;5279;7792;18,84;15,7;1,18;1,18;1;31096;31093;3;36699;36696;3;680
2021;11;00;NO CLASIFICADO;00;NO CATEGORIZADO;ICA;110000;681;8053;13935;20,11;16,55;1,29;1,23;1,4;53845;37464;16381;69198;46199;22999;1039
2021;11;00;NO CLASIFICADO;00;NO CATEGORIZADO;JUNÍN;120000;1191;13138;21233;16,81;12,44;1,2;1,2;1,6;66019;65654;365;79264;78679;585;1712
2021;11;00;NO CLASIFICADO;00;NO CATEGORIZADO;LA LIBERTAD;130000;770;6697;11206;34,16;25,68;1,17;1,16;1,93;73968;73111;857;86317;84666;1651;755
2021;11;00;NO CLASIFICADO;00;NO CATEGORIZADO;LAMBAYEQUE;140000;333;3659;5253;32,02;25,43;1,02;1,02;1,1;39304;38595;709;40070;39289;781;629
2021;11;00;NO CLASIFICADO;00;NO CATEGORIZADO;LIMA;150000;5739;50341;87430;23,12;20,91;1,13;1,12;1,25;2237450;2148791;88659;2520603;2410169;110434;31902
2021;11;00;NO CLASIFICADO;00;NO CATEGORIZADO;LORETO;160000;646;6266;9750;20,78;17,05;1,37;1,32;1,64;36335;30509;5826;49860;40305;9555;755
2021;11;00;NO CLASIFICADO;00;NO CATEGORIZADO;MADRE DE DIOS;170000;286;4189;7000;24,93;21,05;1,24;1,21;1,48;35794;32901;2893;44211;39926;4285;702
2021;11;00;NO CLASIFICADO;00;NO CATEGORIZADO;MOQUEGUA;180000;159;1510;2573;11,36;8,74;1,26;1,26;1,04;5357;5330;27;6750;6722;28;189
2021;11;00;NO CLASIFICADO;00;NO CATEGORIZADO;PASCO;190000;273;3091;4827;17,55;13,88;1,17;1,17;1;17162;17122;40;20096;20056;40;530
2021;11;00;NO CLASIFICADO;00;NO CATEGORIZADO;PIURA;200000;940;9913;18157;36,63;32,56;1,73;1,66;2,81;102226;95515;6711;177351;158505;18846;1866
2021;11;00;NO CLASIFICADO;TT;TODAS CONSOLIDADAS;AMAZONAS;010000;250;2385;3799;20,1;16,57;1,31;1,3;1,52;14429;13838;591;18885;17984;901;427
2021;11;00;NO CLASIFICADO;TT;TODAS CONSOLIDADAS;ÁNCASH;020000;568;5646;9746;16,26;13,43;1,23;1,23;1,42;31838;31795;43;39254;39193;61;943
2021;11;00;NO CLASIFICADO;TT;TODAS CONSOLIDADAS;AREQUIPA;040000;1075;9893;16549;25,56;21,61;1,59;1,53;2,04;67380;58790;8590;107301;89810;17491;1857
2021;11;00;NO CLASIFICADO;TT;TODAS CONSOLIDADAS;HUANCAVELICA;090000;176;2126;3253;19,1;17,14;1,08;1,08;1,21;15441;15427;14;16726;16709;17;280
2021;11;00;NO CLASIFICADO;TT;TODAS CONSOLIDADAS;JUNÍN;120000;1191;13138;21233;16,81;12,44;1,2;1,2;1,6;66019;65654;365;79264;78679;585;1712
2021;11;00;NO CLASIFICADO;TT;TODAS CONSOLIDADAS;LA LIBERTAD;130000;770;6697;11206;34,16;25,68;1,17;1,16;1,93;73968;73111;857;86317;84666;1651;755
2021;11;00;NO CLASIFICADO;TT;TODAS CONSOLIDADAS;LAMBAYEQUE;140000;333;3659;5253;32,02;25,43;1,02;1,02;1,1;39304;38595;709;40070;39289;781;629
2021;11;00;NO CLASIFICADO;TT;TODAS CONSOLIDADAS;LORETO;160000;646;6266;9750;20,78;17,05;1,37;1,32;1,64;36335;30509;5826;49860;40305;9555;755
2021;11;00;NO CLASIFICADO;TT;TODAS CONSOLIDADAS;MADRE DE DIOS;170000;286;4189;7000;24,93;21,05;1,24;1,21;1,48;35794;32901;2893;44211;39926;4285;702
2021;11;00;NO CLASIFICADO;TT;TODAS CONSOLIDADAS;MOQUEGUA;180000;159;1510;2573;11,36;8,74;1,26;1,26;1,04;5357;5330;27;6750;6722;28;189
2021;11;00;NO CLASIFICADO;TT;TODAS CONSOLIDADAS;PASCO;190000;273;3091;4827;17,55;13,88;1,17;1,17;1;17162;17122;40;20096;20056;40;530
2021;11;00;NO CLASIFICADO;TT;TODAS CONSOLIDADAS;PIURA;200000;940;9913;18157;36,63;32,56;1,73;1,66;2,81;102226;95515;6711;177351;158505;18846;1866
2021;11;01;HOTEL;01;1 ESTRELLA;AMAZONAS;010000;1;20;35;0;0;0;0;0;0;0;0;0;0;0;0
2021;11;01;HOTEL;01;1 ESTRELLA;ÁNCASH;020000;12;362;565;7,6;17;1,06;1,06;0;2728;2728;0;2881;2881;0;50
2021;11;01;HOTEL;01;1 ESTRELLA;APURÍMAC;030000;2;80;115;25,83;21,19;1,05;1,06;1;693;690;3;731;728;3;10
2021;11;01;HOTEL;01;1 ESTRELLA;AREQUIPA;040000;6;208;351;83,65;44,16;2,32;2,15;3,02;2002;1610;392;4650;3467;1183;36
2021;11;01;HOTEL;01;1 ESTRELLA;AYACUCHO;050000;8;200;345;14,37;13,81;1,98;1,98;0;720;720;0;1429;1429;0;35
2021;11;01;HOTEL;01;1 ESTRELLA;CAJAMARCA;060000;6;170;292;9,69;6,84;1,15;1,15;1;520;514;6;599;593;6;26
2021;11;01;HOTEL;01;1 ESTRELLA;CALLAO;070000;1;37;74;0;0;0;0;0;0;0;0;0;0;0;0
2021;11;01;HOTEL;01;1 ESTRELLA;CUSCO;080000;5;127;225;9,63;10;1,59;1,59;0;424;424;0;675;675;0;20
2021;11;01;HOTEL;01;1 ESTRELLA;HUÁNUCO;100000;9;268;400;22;23,83;1;1;0;2859;2859;0;2859;2859;0;43
2021;11;01;HOTEL;01;1 ESTRELLA;JUNÍN;120000;5;210;396;12,54;8,66;1,5;1,5;0;684;684;0;1029;1029;0;22
2021;11;01;HOTEL;01;1 ESTRELLA;LA LIBERTAD;130000;2;46;88;0;0;0;0;0;0;0;0;0;0;0;0
2021;11;01;HOTEL;01;1 ESTRELLA;LAMBAYEQUE;140000;3;103;149;0;0;0;0;0;0;0;0;0;0;0;0
2021;11;01;HOTEL;01;1 ESTRELLA;LIMA;150000;10;403;684;50,89;50,31;1,05;1,04;1,35;8697;8620;77;9107;9003;103;53
2021;11;01;HOTEL;01;1 ESTRELLA;MADRE DE DIOS;170000;4;115;200;37,07;31,2;1,03;1,03;1;1812;1765;47;1872;1825;47;21
2021;11;01;HOTEL;01;1 ESTRELLA;MOQUEGUA;180000;1;21;42;42,86;22,46;8,58;8,58;0;33;33;0;283;283;0;4
2021;11;01;HOTEL;01;1 ESTRELLA;PASCO;190000;6;168;272;31,98;25,94;1,22;1,22;0;1733;1733;0;2117;2117;0;31
2021;11;01;HOTEL;01;1 ESTRELLA;PIURA;200000;2;40;87;0;0;0;0;0;0;0;0;0;0;0;0
2021;11;01;HOTEL;01;1 ESTRELLA;PUNO;210000;4;106;184;24,65;20,82;1,98;1,98;0;579;579;0;1149;1149;0;14
2021;11;01;HOTEL;01;1 ESTRELLA;SAN MARTÍN;220000;5;104;170;0;0;0;0;0;0;0;0;0;0;0;0
2021;11;01;HOTEL;01;1 ESTRELLA;TACNA;230000;2;57;112;7,19;5,48;1,44;1,44;0;128;128;0;184;184;0;5
2021;11;01;HOTEL;02;2 ESTRELLAS;AMAZONAS;010000;25;656;1008;25,18;21,32;1,57;1,57;1,81;4100;4063;37;6448;6381;67;103
2021;11;01;HOTEL;02;2 ESTRELLAS;ÁNCASH;020000;42;1121;2025;27,97;20,58;1,41;1,41;1,17;8840;8834;6;12503;12496;7;179
2021;11;01;HOTEL;02;2 ESTRELLAS;APURÍMAC;030000;4;180;311;13,87;11,02;1,29;1,29;0;799;799;0;1028;1028;0;14
2021;11;01;HOTEL;02;2 ESTRELLAS;AREQUIPA;040000;41;1178;2059;19,71;15,73;1,53;1,53;1,57;6336;6189;147;9719;9488;231;186
2021;11;01;HOTEL;02;2 ESTRELLAS;AYACUCHO;050000;8;244;434;17,64;21,77;1,59;1,59;1,32;1785;1747;38;2835;2785;50;37
2021;11;01;HOTEL;02;2 ESTRELLAS;CAJAMARCA;060000;42;1203;1868;26,61;19,76;1,2;1,2;1,03;9246;9209;37;11071;11033;38;204
2021;11;01;HOTEL;02;2 ESTRELLAS;CALLAO;070000;1;40;67;5;4,38;1,09;1;1,14;81;30;51;88;30;58;3
2021;11;01;HOTEL;02;2 ESTRELLAS;CUSCO;080000;47;1165;2081;16,62;14,03;1,64;1,58;1,77;5352;3780;1572;8760;5970;2790;259
2021;11;01;HOTEL;02;2 ESTRELLAS;HUANCAVELICA;090000;2;46;85;33,04;23,92;1,63;1,62;1,8;374;354;20;610;574;36;9
2021;11;01;HOTEL;02;2 ESTRELLAS;HUÁNUCO;100000;39;1213;1898;30,15;25,13;1,15;1,15;1;12473;12462;11;14308;14297;11;194
2021;11;01;HOTEL;02;2 ESTRELLAS;ICA;110000;51;1361;2385;19,41;12,12;1,83;1,84;1;4729;4703;26;8672;8646;26;226
2021;11;01;HOTEL;02;2 ESTRELLAS;JUNÍN;120000;27;835;1459;25,86;19,31;1,51;1,51;1,63;5586;5497;89;8451;8306;145;126
2021;11;01;HOTEL;02;2 ESTRELLAS;LA LIBERTAD;130000;22;609;998;36,32;32,6;2,1;2,1;2,12;4642;4339;303;9759;9118;641;111
2021;11;01;HOTEL;02;2 ESTRELLAS;LAMBAYEQUE;140000;71;1978;2955;19,58;14,72;1,24;1,23;1,51;10552;10482;70;13049;12943;106;295
2021;11;01;HOTEL;02;2 ESTRELLAS;LIMA;150000;120;5090;9029;43,24;37,2;1,29;1,28;1,56;88846;85807;3039;114798;110072;4726;916
2021;11;01;HOTEL;02;2 ESTRELLAS;LORETO;160000;15;379;602;23,48;24,87;2,3;2,29;2,37;1952;1641;311;4491;3755;736;64
2021;11;01;HOTEL;02;2 ESTRELLAS;MADRE DE DIOS;170000;7;223;373;32,17;24,5;1,31;1,29;2,11;2086;2016;70;2742;2594;148;32
2021;11;01;HOTEL;02;2 ESTRELLAS;MOQUEGUA;180000;17;431;733;41,29;28,34;4,04;4,05;3,55;1542;1531;11;6233;6194;39;76
2021;11;01;HOTEL;02;2 ESTRELLAS;PASCO;190000;5;152;266;0;0;0;0;0;0;0;0;0;0;0;0
2021;11;01;HOTEL;02;2 ESTRELLAS;PIURA;200000;21;498;838;32,89;28,44;2,02;2,02;1,72;3536;3500;36;7149;7087;62;99
2021;11;01;HOTEL;02;2 ESTRELLAS;PUNO;210000;20;492;859;17,07;12,5;1,3;1,3;1,33;2477;2405;72;3221;3125;96;66
2021;11;01;HOTEL;02;2 ESTRELLAS;SAN MARTÍN;220000;30;850;1420;35,98;29,2;1,87;1,87;2,06;6646;6552;94;12440;12246;194;161
2021;11;01;HOTEL;02;2 ESTRELLAS;TACNA;230000;29;856;1726;16,25;12,99;1,91;1,91;1,95;3515;3452;63;6724;6601;123;148
2021;11;01;HOTEL;03;3 ESTRELLAS;AMAZONAS;010000;14;331;585;31,12;24,9;1,41;1,44;1,21;3104;2675;429;4370;3853;517;90
2021;11;01;HOTEL;03;3 ESTRELLAS;ÁNCASH;020000;41;1413;2511;29,81;23,76;1,43;1,43;1,58;12503;12154;349;17902;17351;551;274
2021;11;01;HOTEL;03;3 ESTRELLAS;APURÍMAC;030000;3;98;172;43,1;27,69;1,34;1,35;1,15;1070;984;86;1429;1330;99;19
2021;11;01;HOTEL;03;3 ESTRELLAS;AREQUIPA;040000;63;1856;3460;29,48;23,19;1,93;1,97;1,76;12454;10124;2330;24072;19965;4107;478
2021;11;01;HOTEL;03;3 ESTRELLAS;AYACUCHO;050000;9;311;616;23,85;18,26;2,14;2,16;1,95;1575;1464;111;3374;3158;216;92
2021;11;01;HOTEL;03;3 ESTRELLAS;CAJAMARCA;060000;63;1978;3222;28,51;18,84;1,96;1,96;1,43;9301;9250;51;18213;18140;73;395
2021;11;01;HOTEL;03;3 ESTRELLAS;CALLAO;070000;4;233;396;27,27;25,11;1,48;1,24;2,65;2014;1674;340;2983;2083;900;43
2021;11;01;HOTEL;03;3 ESTRELLAS;HUANCAVELICA;090000;2;65;108;10,67;8,18;1,24;1,24;0;214;214;0;265;265;0;14
2021;11;01;HOTEL;03;3 ESTRELLAS;ICA;110000;48;1761;3513;34;27,03;1,5;1,5;1,48;18972;16839;2133;28485;25325;3160;390
2021;11;01;HOTEL;03;3 ESTRELLAS;JUNÍN;120000;20;765;1409;13,27;9,68;1,28;1,28;1;3206;3192;14;4093;4079;14;163
2021;11;01;HOTEL;03;3 ESTRELLAS;LA LIBERTAD;130000;81;2309;4422;25,99;20,88;1,58;1,57;1,65;17554;16573;981;27702;26085;1617;470
2021;11;01;HOTEL;03;3 ESTRELLAS;LAMBAYEQUE;140000;39;1315;2169;23,71;19,06;1,53;1,53;1,49;8128;7900;228;12401;12062;339;227
2021;11;01;HOTEL;03;3 ESTRELLAS;LIMA;150000;157;7984;15028;40,15;32,66;1,82;1,68;2,24;80919;60644;20275;147258;101876;45382;1596
2021;11;01;HOTEL;03;3 ESTRELLAS;LORETO;160000;21;657;1112;42,34;32,16;2,35;2,36;2,28;4571;3978;593;10729;9375;1354;166
2021;11;01;HOTEL;03;3 ESTRELLAS;MADRE DE DIOS;170000;5;195;344;35,81;30,57;1,85;1,92;1,36;1707;1479;228;3155;2846;309;69
2021;11;01;HOTEL;03;3 ESTRELLAS;MOQUEGUA;180000;10;323;592;49,15;29,03;1,83;1,83;2,1;2812;2761;51;5155;5048;107;67
2021;11;01;HOTEL;03;3 ESTRELLAS;PASCO;190000;4;114;217;43,57;46,41;1,67;1,66;2;1812;1779;33;3021;2955;66;17
2021;11;01;HOTEL;03;3 ESTRELLAS;PIURA;200000;16;597;1025;36,21;27,27;2,27;2,21;2,86;3686;3327;359;8384;7358;1026;146
2021;11;01;HOTEL;03;3 ESTRELLAS;PUNO;210000;25;840;1623;21,88;18,04;1,85;1,94;1,69;4757;3004;1753;8786;5830;2956;150
2021;11;01;HOTEL;03;3 ESTRELLAS;SAN MARTÍN;220000;20;847;1413;20,85;25,28;1,66;1,66;1,68;6464;6326;138;10717;10485;232;141
2021;11;01;HOTEL;03;3 ESTRELLAS;TACNA;230000;13;444;950;19,61;10,4;1,72;1,72;1,54;1723;1682;41;2963;2900;63;108
2021;11;01;HOTEL;03;3 ESTRELLAS;UCAYALI;250000;16;550;917;34,39;26,96;2,18;2,18;2,28;3395;3286;109;7416;7167;249;118
2021;11;00;NO CLASIFICADO;00;NO CATEGORIZADO;TUMBES;240000;205;2173;4293;20,8;15,94;1,81;1,8;2,14;11370;11239;131;20535;20255;280;278
2021;11;01;HOTEL;02;2 ESTRELLAS;TUMBES;240000;8;257;548;95,01;45,24;30,11;30,11;0;247;247;0;7438;7438;0;48
2021;11;01;HOTEL;03;3 ESTRELLAS;TUMBES;240000;8;256;502;1,26;,67;1;1;0;101;101;0;101;101;0;41
2021;11;00;NO CLASIFICADO;00;NO CATEGORIZADO;UCAYALI;250000;431;4876;7542;27,05;24,2;1,91;1,91;1,97;28616;28195;421;54745;53915;830;872
2021;11;00;NO CLASIFICADO;TT;TODAS CONSOLIDADAS;UCAYALI;250000;431;4876;7542;27,05;24,2;1,91;1,91;1,97;28616;28195;421;54745;53915;830;872
2021;11;01;HOTEL;02;2 ESTRELLAS;UCAYALI;250000;2;48;65;0;0;0;0;0;0;0;0;0;0;0;0
2021;11;00;NO CLASIFICADO;TT;TODAS CONSOLIDADAS;APURÍMAC;030000;447;4165;6413;17,53;13,45;1,12;1,12;1,05;23117;22993;124;25872;25742;130;445
2021;11;00;NO CLASIFICADO;TT;TODAS CONSOLIDADAS;AYACUCHO;050000;513;5114;8144;13,39;9,73;1,27;1,26;6,36;18763;18749;14;23767;23678;89;581
2021;11;00;NO CLASIFICADO;TT;TODAS CONSOLIDADAS;CAJAMARCA;060000;567;5811;8973;13,57;11,87;1,23;1,23;1;26059;26008;51;31950;31899;51;725
2021;11;00;NO CLASIFICADO;TT;TODAS CONSOLIDADAS;CALLAO;070000;258;3728;6878;30,47;29,91;1,02;1,02;1,14;104232;102521;1711;106432;104476;1955;978
2021;11;00;NO CLASIFICADO;TT;TODAS CONSOLIDADAS;CUSCO;080000;1639;16509;29960;21,99;18,36;1,6;1,39;1,93;103124;62852;40272;165056;87160;77896;3025
2021;11;00;NO CLASIFICADO;TT;TODAS CONSOLIDADAS;HUÁNUCO;100000;450;5279;7792;18,84;15,7;1,18;1,18;1;31096;31093;3;36699;36696;3;680
2021;11;01;HOTEL;03;3 ESTRELLAS;HUÁNUCO;100000;13;526;969;33,96;26,29;1,5;1,5;1,66;5104;5075;29;7642;7594;48;108
2021;11;00;NO CLASIFICADO;TT;TODAS CONSOLIDADAS;ICA;110000;681;8053;13935;20,11;16,55;1,29;1,23;1,4;53845;37464;16381;69198;46199;22999;1039
2021;11;00;NO CLASIFICADO;TT;TODAS CONSOLIDADAS;LIMA;150000;5739;50341;87430;23,12;20,91;1,13;1,12;1,25;2237450;2148791;88659;2520603;2410169;110434;31902
2021;11;00;NO CLASIFICADO;TT;TODAS CONSOLIDADAS;PUNO;210000;657;6335;10740;23,78;20,39;1,16;1,16;1,15;56813;53471;3342;65695;61835;3860;1153
2021;11;00;NO CLASIFICADO;TT;TODAS CONSOLIDADAS;SAN MARTÍN;220000;685;8119;12650;30,31;25,62;1,26;1,26;1,35;76945;76276;669;97226;96326;900;1111
2021;11;00;NO CLASIFICADO;TT;TODAS CONSOLIDADAS;TACNA;230000;395;3851;6937;11,26;10,42;1,86;1,91;1,06;11641;11028;613;21694;21046;648;488
2021;11;00;NO CLASIFICADO;TT;TODAS CONSOLIDADAS;TUMBES;240000;205;2173;4293;20,8;15,94;1,81;1,8;2,14;11370;11239;131;20535;20255;280;278
2021;11;01;HOTEL;01;1 ESTRELLA;ICA;110000;5;102;130;0;0;0;0;0;0;0;0;0;0;0;0
2021;11;01;HOTEL;03;3 ESTRELLAS;CUSCO;080000;76;2808;5407;27,69;23,33;1,81;1,86;1,77;20921;9252;11669;37849;17240;20609;767
2021;11;01;HOTEL;04;4 ESTRELLAS;AREQUIPA;040000;10;433;862;47,81;36,4;2;2,07;1,76;4717;3590;1127;9413;7435;1978;142
2021;11;01;HOTEL;04;4 ESTRELLAS;CAJAMARCA;060000;4;214;393;67,79;49,24;2,64;2,68;2,3;2196;2009;187;5805;5375;430;103
2021;11;01;HOTEL;04;4 ESTRELLAS;CALLAO;070000;2;371;599;81,24;67,91;1,39;1,55;1,31;8789;2798;5991;12204;4342;7862;103
2021;11;01;HOTEL;04;4 ESTRELLAS;CUSCO;080000;12;923;1764;53,94;44,72;2,04;1,86;2,22;11589;5712;5877;23664;10626;13038;316
2021;11;01;HOTEL;04;4 ESTRELLAS;HUÁNUCO;100000;1;61;104;40,77;30,99;1,68;1,71;1,29;577;536;41;967;914;53;22
2021;11;01;HOTEL;04;4 ESTRELLAS;ICA;110000;6;587;1147;46,23;28,74;4,39;4,93;1,45;2255;1902;353;9890;9379;511;153
2021;11;01;HOTEL;04;4 ESTRELLAS;JUNÍN;120000;1;40;66;31,83;23,23;1,64;1,64;0;281;281;0;460;460;0;21
2021;11;01;HOTEL;04;4 ESTRELLAS;LA LIBERTAD;130000;3;207;322;56,28;50,26;2,24;2,22;2,39;2170;1908;262;4855;4230;625;45
2021;11;01;HOTEL;04;4 ESTRELLAS;LAMBAYEQUE;140000;5;332;544;60,43;54;1,53;1,5;1,73;5765;5123;642;8813;7702;1111;212
2021;11;01;HOTEL;04;4 ESTRELLAS;LIMA;150000;43;4390;7660;42,74;34,59;2,33;2,07;2,75;34049;20895;13154;79477;43331;36146;1256
2021;11;01;HOTEL;04;4 ESTRELLAS;LORETO;160000;2;90;150;24,89;20,69;1,92;1,91;2,01;484;408;76;931;778;153;27
2021;11;01;HOTEL;04;4 ESTRELLAS;MOQUEGUA;180000;2;123;229;68,29;78,46;11,92;17,03;2,88;452;289;163;5390;4921;469;40
2021;11;01;HOTEL;04;4 ESTRELLAS;PIURA;200000;2;181;361;57,03;41,44;2,02;1,83;3,42;2227;1968;259;4488;3601;887;38
2021;11;01;HOTEL;04;4 ESTRELLAS;PUNO;210000;7;447;842;29,78;22,43;1,86;1,9;1,83;3039;1671;1368;5667;3169;2498;116
2021;11;01;HOTEL;04;4 ESTRELLAS;SAN MARTÍN;220000;1;50;108;60;54,78;1,68;1,68;1,73;1054;1028;26;1775;1730;45;48
2021;11;01;HOTEL;04;4 ESTRELLAS;TACNA;230000;1;150;300;57,64;34,71;2;1,99;2,23;1560;1483;77;3124;2952;172;32
2021;11;01;HOTEL;04;4 ESTRELLAS;TUMBES;240000;5;265;521;78,74;74,37;1,86;1,86;1,83;6247;5826;421;11624;10855;769;68
2021;11;01;HOTEL;04;4 ESTRELLAS;UCAYALI;250000;5;289;515;43,08;37,29;2,51;2,53;2,36;2293;2068;225;5761;5231;530;77
2021;11;01;HOTEL;05;5 ESTRELLAS;AREQUIPA;040000;3;241;346;56,83;47,27;1,69;1,63;2,25;2895;2612;283;4907;4269;638;120
2021;11;01;HOTEL;05;5 ESTRELLAS;CUSCO;080000;14;1246;2441;36,23;35;1,74;1,68;1,76;14762;4907;9855;25633;8257;17376;788
2021;11;01;HOTEL;05;5 ESTRELLAS;ICA;110000;3;345;796;61,51;50,81;1,93;1,91;2,01;6299;5320;979;12134;10168;1966;339
2021;11;01;HOTEL;05;5 ESTRELLAS;LA LIBERTAD;130000;1;120;240;59,83;47,19;1,91;1,88;2,01;1782;1457;325;3398;2746;652;67
2021;11;01;HOTEL;05;5 ESTRELLAS;LIMA;150000;22;3981;7166;53,82;37,03;1,96;1,49;2,78;40693;26022;14671;79597;38870;40727;2137
2021;11;01;HOTEL;05;5 ESTRELLAS;LORETO;160000;1;60;91;79,89;82,6;2,05;2,15;1,85;1098;749;349;2255;1609;646;49
2021;11;01;HOTEL;05;5 ESTRELLAS;PIURA;200000;1;83;168;74,54;53,53;2,12;1,97;2,59;1274;963;311;2698;1894;804;54
2021;11;01;HOTEL;05;5 ESTRELLAS;PUNO;210000;1;123;231;67,7;54,36;1,66;1,67;1,56;2273;1976;297;3767;3305;462;45
2021;11;01;HOTEL;05;5 ESTRELLAS;UCAYALI;250000;2;165;306;39,45;31,98;2,25;2,36;1,67;1306;1087;219;2936;2570;366;59
2021;11;01;HOTEL;TT;TODAS CONSOLIDADAS;AMAZONAS;010000;40;1007;1628;26,63;22,15;1,5;1,52;1,25;7204;6738;466;10818;10234;584;193
2021;11;01;HOTEL;TT;TODAS CONSOLIDADAS;ÁNCASH;020000;95;2896;5101;26,32;21,75;1,38;1,38;1,57;24071;23716;355;33286;32728;558;503
2021;11;01;HOTEL;TT;TODAS CONSOLIDADAS;APURÍMAC;030000;9;358;598;24,54;17,77;1,24;1,25;1,15;2562;2473;89;3188;3086;102;43
2021;11;01;HOTEL;TT;TODAS CONSOLIDADAS;AREQUIPA;040000;123;3916;7078;33,13;24,85;1,86;1,85;1,9;28404;24125;4279;52761;44624;8137;962
2021;11;01;HOTEL;TT;TODAS CONSOLIDADAS;AYACUCHO;050000;25;755;1395;19,33;18,25;1,87;1,88;1,79;4080;3931;149;7638;7372;266;164
2021;11;01;HOTEL;TT;TODAS CONSOLIDADAS;CAJAMARCA;060000;115;3565;5775;29,33;20,6;1,68;1,67;1,95;21263;20982;281;35688;35141;547;728
2021;11;01;HOTEL;TT;TODAS CONSOLIDADAS;CALLAO;070000;8;681;1136;56,98;47,94;1,4;1,43;1,38;12439;5145;7294;17457;7377;10080;170
2021;11;01;HOTEL;TT;TODAS CONSOLIDADAS;CUSCO;080000;154;6269;11918;30,83;27,01;1,82;1,78;1,86;53048;24075;28973;96581;42768;53813;2150
2021;11;01;HOTEL;TT;TODAS CONSOLIDADAS;HUANCAVELICA;090000;4;111;193;19,94;15,11;1,49;1,48;1,8;588;568;20;875;839;36;23
2021;11;01;HOTEL;TT;TODAS CONSOLIDADAS;HUÁNUCO;100000;62;2068;3371;30,37;25,49;1,23;1,23;1,38;21013;20932;81;25776;25664;112;367
2021;11;01;HOTEL;TT;TODAS CONSOLIDADAS;JUNÍN;120000;53;1850;3330;19,27;14,05;1,44;1,44;1,54;9757;9654;103;14033;13874;159;332
2021;11;01;HOTEL;TT;TODAS CONSOLIDADAS;LA LIBERTAD;130000;109;3291;6070;30,68;25,1;1,75;1,74;1,89;26148;24277;1871;45714;42179;3535;693
2021;11;01;HOTEL;TT;TODAS CONSOLIDADAS;LAMBAYEQUE;140000;118;3728;5817;24,13;19,63;1,4;1,39;1,66;24445;23505;940;34263;32707;1556;734
2021;11;01;HOTEL;TT;TODAS CONSOLIDADAS;LIMA;150000;352;21848;39567;44,09;34,68;1,82;1,59;2,51;250047;187221;62826;455961;297962;157998;6865
2021;11;01;HOTEL;TT;TODAS CONSOLIDADAS;LORETO;160000;39;1186;1955;36,89;31,38;2,27;2,29;2,17;8105;6776;1329;18406;15517;2889;306
2021;11;01;HOTEL;TT;TODAS CONSOLIDADAS;MADRE DE DIOS;170000;16;533;917;34,56;28,24;1,39;1,38;1,46;5605;5260;345;7769;7265;504;122
2021;11;01;HOTEL;TT;TODAS CONSOLIDADAS;MOQUEGUA;180000;30;898;1596;47,85;35,63;3,53;3,56;2,73;4839;4614;225;17061;16446;615;187
2021;11;01;HOTEL;TT;TODAS CONSOLIDADAS;PASCO;190000;15;434;755;23,82;22,68;1,45;1,44;2;3545;3512;33;5138;5072;66;48
2021;11;01;HOTEL;TT;TODAS CONSOLIDADAS;PIURA;200000;42;1399;2479;38,96;30,55;2,12;2,04;2,88;10723;9758;965;22719;19940;2779;337
2021;11;01;HOTEL;TT;TODAS CONSOLIDADAS;PUNO;210000;57;2008;3739;25,41;20,14;1,72;1,72;1,72;13125;9635;3490;22590;16578;6012;391
2021;11;01;HOTEL;TT;TODAS CONSOLIDADAS;SAN MARTÍN;220000;56;1851;3111;27,69;26,71;1,76;1,76;1,83;14164;13906;258;24932;24461;471;350
2021;11;01;HOTEL;TT;TODAS CONSOLIDADAS;TACNA;230000;45;1507;3088;21,02;14,03;1,88;1,87;1,98;6926;6745;181;12995;12637;358;293
2021;11;01;HOTEL;TT;TODAS CONSOLIDADAS;TUMBES;240000;21;778;1571;58,62;40,66;2,91;2,98;1,83;6595;6174;421;19163;18394;769;157
2021;11;01;HOTEL;TT;TODAS CONSOLIDADAS;UCAYALI;250000;25;1052;1803;36;29,79;2,3;2,32;2,07;6994;6441;553;16113;14968;1145;254
2021;11;02;APART HOTEL;03;3 ESTRELLAS;ÁNCASH;020000;2;16;52;0;0;0;0;0;0;0;0;0;0;0;0
2021;11;02;APART HOTEL;03;3 ESTRELLAS;APURÍMAC;030000;1;21;30;66,83;68,67;2,11;2,24;1,49;293;242;51;618;542;76;8
2021;11;02;APART HOTEL;03;3 ESTRELLAS;AREQUIPA;040000;1;18;36;2,22;2,22;1,2;1,2;0;20;20;0;24;24;0;2
2021;11;02;APART HOTEL;03;3 ESTRELLAS;CAJAMARCA;060000;1;7;12;0;0;0;0;0;0;0;0;0;0;0;0
2021;11;02;APART HOTEL;03;3 ESTRELLAS;ICA;110000;1;10;20;4;4;2;2;0;12;12;0;24;24;0;4
2021;11;02;APART HOTEL;03;3 ESTRELLAS;LA LIBERTAD;130000;1;11;24;0;0;0;0;0;0;0;0;0;0;0;0
2021;11;02;APART HOTEL;03;3 ESTRELLAS;LIMA;150000;8;206;394;42,49;26,79;5,08;4,99;5,18;623;309;314;3167;1542;1625;39
2021;11;02;APART HOTEL;03;3 ESTRELLAS;LORETO;160000;1;20;36;43,17;39,07;2,67;2,68;1;158;157;1;422;421;1;12
2021;11;02;APART HOTEL;03;3 ESTRELLAS;PASCO;190000;1;15;17;0;0;0;0;0;0;0;0;0;0;0;0
2021;11;02;APART HOTEL;03;3 ESTRELLAS;TUMBES;240000;2;18;50;0;0;0;0;0;0;0;0;0;0;0;0
2021;11;02;APART HOTEL;04;4 ESTRELLAS;AREQUIPA;040000;1;19;32;35,09;41,67;2,15;2,16;2,14;186;114;72;400;246;154;6
2021;11;02;APART HOTEL;04;4 ESTRELLAS;LIMA;150000;9;633;1310;77,2;54,45;2,45;2,2;3,33;8743;6812;1931;21399;14972;6427;406
2021;11;02;APART HOTEL;04;4 ESTRELLAS;LORETO;160000;1;13;23;65,38;56,52;1,53;2,1;1,39;255;50;205;390;105;285;6
2021;11;02;APART HOTEL;04;4 ESTRELLAS;SAN MARTÍN;220000;1;24;57;74,03;56,67;2,34;2,28;2,69;414;352;62;969;802;167;12
2021;11;02;APART HOTEL;05;5 ESTRELLAS;LIMA;150000;6;399;674;33,43;27,12;2,15;1,9;2,97;2554;1959;595;5483;3713;1770;144
2021;11;02;APART HOTEL;TT;TODAS CONSOLIDADAS;ÁNCASH;020000;2;16;52;0;0;0;0;0;0;0;0;0;0;0;0
2021;11;02;APART HOTEL;TT;TODAS CONSOLIDADAS;APURÍMAC;030000;1;21;30;66,83;68,67;2,11;2,24;1,49;293;242;51;618;542;76;8
2021;11;02;APART HOTEL;TT;TODAS CONSOLIDADAS;AREQUIPA;040000;2;37;68;19,1;20,78;2,06;2,01;2,14;206;134;72;424;270;154;8
2021;11;02;APART HOTEL;TT;TODAS CONSOLIDADAS;CAJAMARCA;060000;1;7;12;0;0;0;0;0;0;0;0;0;0;0;0
2021;11;02;APART HOTEL;TT;TODAS CONSOLIDADAS;ICA;110000;1;10;20;4;4;2;2;0;12;12;0;24;24;0;4
2021;11;02;APART HOTEL;TT;TODAS CONSOLIDADAS;LA LIBERTAD;130000;1;11;24;0;0;0;0;0;0;0;0;0;0;0;0
2021;11;02;APART HOTEL;TT;TODAS CONSOLIDADAS;LIMA;150000;23;1238;2378;57,32;42,12;2,52;2,23;3,46;11920;9080;2840;30049;20227;9822;589
2021;11;02;APART HOTEL;TT;TODAS CONSOLIDADAS;LORETO;160000;2;33;59;51,92;45,88;1,97;2,54;1,39;413;207;206;812;526;286;18
2021;11;02;APART HOTEL;TT;TODAS CONSOLIDADAS;PASCO;190000;1;15;17;0;0;0;0;0;0;0;0;0;0;0;0
2021;11;02;APART HOTEL;TT;TODAS CONSOLIDADAS;SAN MARTÍN;220000;1;24;57;74,03;56,67;2,34;2,28;2,69;414;352;62;969;802;167;12
2021;11;02;APART HOTEL;TT;TODAS CONSOLIDADAS;TUMBES;240000;2;18;50;0;0;0;0;0;0;0;0;0;0;0;0
2021;11;03;HOSTAL;01;1 ESTRELLA;AMAZONAS;010000;15;221;319;58,72;58,79;1,32;1,33;1,2;4247;4202;45;5626;5572;54;38
2021;11;03;HOSTAL;01;1 ESTRELLA;ÁNCASH;020000;43;587;956;30,68;28,8;1,09;1,09;1;7550;7544;6;8259;8253;6;95
2021;11;03;HOSTAL;01;1 ESTRELLA;APURÍMAC;030000;1;10;20;0;0;0;0;0;0;0;0;0;0;0;0
2021;11;03;HOSTAL;01;1 ESTRELLA;AREQUIPA;040000;52;798;1228;24,24;20,43;1,33;1,33;1;5640;5638;2;7526;7524;2;131
2021;11;03;HOSTAL;01;1 ESTRELLA;AYACUCHO;050000;4;91;161;13,99;19,79;2,23;2,23;0;429;429;0;956;956;0;15
2021;11;03;HOSTAL;01;1 ESTRELLA;CAJAMARCA;060000;22;376;595;7;5,34;1,26;1,26;0;759;759;0;953;953;0;65
2021;11;03;HOSTAL;01;1 ESTRELLA;CALLAO;070000;11;204;408;36,2;36,2;1;1;1;4659;4615;44;4659;4615;44;34
2021;11;03;HOSTAL;01;1 ESTRELLA;CUSCO;080000;22;374;616;28,18;24,52;1,14;1,12;1,81;3974;3863;111;4532;4331;201;54
2021;11;03;HOSTAL;01;1 ESTRELLA;HUANCAVELICA;090000;2;29;45;45,4;29,63;1,02;1,02;0;394;394;0;400;400;0;5
2021;11;03;HOSTAL;01;1 ESTRELLA;HUÁNUCO;100000;13;202;313;35,73;22,75;1;1;0;2136;2136;0;2136;2136;0;35
2021;11;03;HOSTAL;01;1 ESTRELLA;ICA;110000;12;166;249;13,09;8,77;1;1;0;655;655;0;655;655;0;29
2021;11;03;HOSTAL;01;1 ESTRELLA;JUNÍN;120000;12;171;290;27,52;20,7;1,34;1,33;1,67;1346;1328;18;1801;1771;30;29
2021;11;03;HOSTAL;01;1 ESTRELLA;LA LIBERTAD;130000;34;473;831;32,66;34,02;1,64;1,64;0;5173;5173;0;8481;8481;0;82
2021;11;03;HOSTAL;01;1 ESTRELLA;LAMBAYEQUE;140000;18;243;321;23,06;18,15;1,12;1,11;1,26;1566;1547;19;1748;1724;24;40
2021;11;03;HOSTAL;01;1 ESTRELLA;LIMA;150000;75;1544;2859;21,88;21,82;1,06;1,06;1,1;21381;21191;191;22747;22538;209;313
2021;11;03;HOSTAL;01;1 ESTRELLA;LORETO;160000;5;75;102;15,33;15,29;1,96;1,97;1,93;239;155;84;468;306;162;12
2021;11;03;HOSTAL;01;1 ESTRELLA;MADRE DE DIOS;170000;1;35;68;14,29;11,76;2;2;0;120;120;0;240;240;0;4
2021;11;03;HOSTAL;01;1 ESTRELLA;MOQUEGUA;180000;14;188;342;21,74;14,5;1,21;1,21;0;1225;1225;0;1488;1488;0;31
2021;11;03;HOSTAL;01;1 ESTRELLA;PIURA;200000;2;36;51;34,63;26,14;2,47;2,47;0;162;162;0;400;400;0;8
2021;11;03;HOSTAL;01;1 ESTRELLA;PUNO;210000;21;359;606;21,43;18,1;1,06;1,07;1,01;3099;2589;510;3290;2776;514;48
2021;11;03;HOSTAL;01;1 ESTRELLA;SAN MARTÍN;220000;1;20;30;33,17;22,11;1,75;1,75;0;114;114;0;199;199;0;8
2021;11;03;HOSTAL;01;1 ESTRELLA;TACNA;230000;10;182;321;7,73;5,99;1;1;0;577;577;0;577;577;0;26
2021;11;03;HOSTAL;02;2 ESTRELLAS;AMAZONAS;010000;50;908;1409;29,51;26,17;1,33;1,25;2,43;8311;7712;599;11063;9607;1456;145
2021;11;03;HOSTAL;02;2 ESTRELLAS;ÁNCASH;020000;125;2045;3500;39,21;37,28;1,08;1,08;1,16;36192;36090;102;39142;39024;118;343
2021;11;03;HOSTAL;02;2 ESTRELLAS;APURÍMAC;030000;6;152;225;33,07;25,05;1,1;1,1;1;1532;1526;6;1691;1685;6;25
2021;11;03;HOSTAL;02;2 ESTRELLAS;AREQUIPA;040000;130;2086;3742;25,08;19,52;1,15;1,15;1,18;19020;18697;323;21918;21537;381;363
2021;11;03;HOSTAL;02;2 ESTRELLAS;AYACUCHO;050000;4;51;93;5,49;7,53;1,84;1,84;0;114;114;0;210;210;0;10
2021;11;03;HOSTAL;02;2 ESTRELLAS;CAJAMARCA;060000;111;2061;3174;23,88;18,74;1,58;1,58;1;11290;11271;19;17848;17829;19;332
2021;11;03;HOSTAL;02;2 ESTRELLAS;CALLAO;070000;7;213;400;69,03;70,82;1,01;1,01;1;10910;10834;75;11006;10931;75;46
2021;11;03;HOSTAL;02;2 ESTRELLAS;CUSCO;080000;54;911;1572;31,47;30,24;2,23;2,25;2,18;6407;4015;2392;14260;9036;5224;157
2021;11;03;HOSTAL;02;2 ESTRELLAS;HUANCAVELICA;090000;2;47;77;0;0;0;0;0;0;0;0;0;0;0;0
2021;11;03;HOSTAL;02;2 ESTRELLAS;HUÁNUCO;100000;22;313;506;29,51;22,92;1,05;1,05;1;3322;3321;1;3480;3479;1;61
2021;11;03;HOSTAL;02;2 ESTRELLAS;ICA;110000;61;900;1482;16,04;12,66;1,08;1,08;1,03;5222;5189;33;5629;5595;34;154
2021;11;03;HOSTAL;02;2 ESTRELLAS;JUNÍN;120000;21;399;761;20,94;15,87;1,31;1,31;1,67;2770;2758;12;3624;3604;20;69
2021;11;03;HOSTAL;02;2 ESTRELLAS;LA LIBERTAD;130000;130;2190;3964;23,89;23,91;1,19;1,19;1,37;23818;23429;389;28431;27898;533;380
2021;11;03;HOSTAL;02;2 ESTRELLAS;LAMBAYEQUE;140000;161;2348;3240;26,38;20,18;1,07;1,07;1,13;18315;18087;228;19617;19360;257;421
2021;11;03;HOSTAL;02;2 ESTRELLAS;LIMA;150000;127;2917;5371;32,55;30,73;1,3;1,2;1,79;53411;44454;8957;69441;53364;16077;718
2021;11;03;HOSTAL;02;2 ESTRELLAS;LORETO;160000;5;79;126;28,9;38,94;1,71;1,71;1,65;861;838;23;1472;1434;38;18
2021;11;03;HOSTAL;02;2 ESTRELLAS;MADRE DE DIOS;170000;4;111;171;35,86;24,99;1,3;1,29;1,52;986;955;31;1282;1235;47;18
2021;11;03;HOSTAL;02;2 ESTRELLAS;MOQUEGUA;180000;56;774;1268;36,06;30,93;2,54;2,54;2,33;4638;4629;9;11765;11744;21;142
2021;11;03;HOSTAL;02;2 ESTRELLAS;PASCO;190000;11;189;356;26,56;22,51;1,47;1,45;8,25;1640;1636;4;2404;2371;33;32
2021;11;03;HOSTAL;02;2 ESTRELLAS;PIURA;200000;29;567;930;37,78;31,74;2,16;2;3,1;4105;3507;598;8856;7003;1853;113
2021;11;03;HOSTAL;02;2 ESTRELLAS;PUNO;210000;40;624;1187;17,37;13,68;1,47;1,48;1,23;3322;3141;181;4870;4648;222;99
2021;11;03;HOSTAL;02;2 ESTRELLAS;SAN MARTÍN;220000;16;256;417;28,76;30,43;1,49;1,48;2,29;2549;2508;41;3807;3713;94;53
2021;11;03;HOSTAL;02;2 ESTRELLAS;TACNA;230000;22;382;717;20,51;18,38;1,1;1,1;1,18;3582;3514;68;3953;3873;80;68
2021;11;03;HOSTAL;02;2 ESTRELLAS;TUMBES;240000;5;65;135;0;0;0;0;0;0;0;0;0;0;0;0
2021;11;03;HOSTAL;02;2 ESTRELLAS;UCAYALI;250000;2;71;136;25,77;15,39;1,59;1,57;2,5;395;387;8;628;608;20;22
2021;11;03;HOSTAL;03;3 ESTRELLAS;AMAZONAS;010000;8;125;241;16,83;21,3;1,03;1,03;0;1500;1500;0;1540;1540;0;21
2021;11;03;HOSTAL;03;3 ESTRELLAS;ÁNCASH;020000;23;340;625;20,73;14,04;1,74;1,75;1,35;1512;1478;34;2632;2586;46;65
2021;11;03;HOSTAL;03;3 ESTRELLAS;APURÍMAC;030000;1;24;43;61,11;34,11;1,8;1,83;1,18;244;233;11;440;427;13;7
2021;11;03;HOSTAL;03;3 ESTRELLAS;AYACUCHO;050000;2;38;77;41,67;29,18;1,98;2,06;1,56;341;286;55;674;588;86;19
2021;11;03;HOSTAL;03;3 ESTRELLAS;CAJAMARCA;060000;48;760;1246;32,67;28,26;1,67;1,65;2,13;6312;6055;257;10565;10018;547;137
2021;11;03;HOSTAL;03;3 ESTRELLAS;CUSCO;080000;24;420;817;21,88;16,37;2,16;2,11;2,19;1861;820;1041;4013;1730;2283;70
2021;11;03;HOSTAL;03;3 ESTRELLAS;HUANCAVELICA;090000;2;20;23;0;0;0;0;0;0;0;0;0;0;0;0
2021;11;03;HOSTAL;03;3 ESTRELLAS;HUÁNUCO;100000;2;27;50;0;0;0;0;0;0;0;0;0;0;0;0
2021;11;03;HOSTAL;03;3 ESTRELLAS;ICA;110000;32;581;1099;36,87;25,54;1,53;1,53;1,52;5508;4917;591;8422;7525;897;124
2021;11;03;HOSTAL;03;3 ESTRELLAS;JUNÍN;120000;2;47;88;51,84;40,19;1,73;1,73;1,69;615;599;16;1061;1034;27;30
2021;11;03;HOSTAL;03;3 ESTRELLAS;LA LIBERTAD;130000;58;937;1740;40,17;42,34;1,17;1,17;1,21;18854;18684;170;22102;21897;205;176
2021;11;03;HOSTAL;03;3 ESTRELLAS;LAMBAYEQUE;140000;20;265;379;36,03;26,44;1,34;1,34;1,49;2238;2197;41;3006;2945;61;61
2021;11;03;HOSTAL;03;3 ESTRELLAS;LORETO;160000;8;117;195;29,52;22,94;2,61;2,58;3,07;515;487;28;1342;1256;86;28
2021;11;03;HOSTAL;03;3 ESTRELLAS;MADRE DE DIOS;170000;1;22;29;26,06;20;1,47;1,48;1;118;117;1;174;173;1;2
2021;11;03;HOSTAL;03;3 ESTRELLAS;MOQUEGUA;180000;3;52;90;0;0;0;0;0;0;0;0;0;0;0;0
2021;11;03;HOSTAL;03;3 ESTRELLAS;PASCO;190000;1;9;18;0;0;0;0;0;0;0;0;0;0;0;0
2021;11;03;HOSTAL;03;3 ESTRELLAS;PIURA;200000;2;36;76;11,02;19,39;2,58;2,38;3,42;171;138;33;442;329;113;11
2021;11;03;HOSTAL;03;3 ESTRELLAS;PUNO;210000;7;152;265;49,65;35,66;2,31;2,34;1,72;1229;1161;68;2835;2718;117;32
2021;11;03;HOSTAL;03;3 ESTRELLAS;SAN MARTÍN;220000;6;111;243;62,04;39,99;2,1;2,1;2,07;1390;1334;56;2915;2799;116;30
2021;11;03;HOSTAL;03;3 ESTRELLAS;TACNA;230000;6;109;226;14,04;9,48;2,05;2,05;0;314;314;0;643;643;0;19
2021;11;03;HOSTAL;03;3 ESTRELLAS;TUMBES;240000;5;83;164;37,75;27,28;1,43;1,43;0;939;939;0;1342;1342;0;15
2021;11;03;HOSTAL;03;3 ESTRELLAS;UCAYALI;250000;1;35;52;14,86;13,78;2,01;2,01;0;107;107;0;215;215;0;5
2021;11;03;HOSTAL;TT;TODAS CONSOLIDADAS;AMAZONAS;010000;73;1254;1969;33,39;30,86;1,3;1,25;2,34;14058;13414;644;18229;16719;1510;204
2021;11;03;HOSTAL;TT;TODAS CONSOLIDADAS;ÁNCASH;020000;191;2972;5081;35,41;32,82;1,11;1,11;1,2;45254;45112;142;50033;49863;170;503
2021;11;03;HOSTAL;TT;TODAS CONSOLIDADAS;APURÍMAC;030000;8;186;288;34,91;24,66;1,2;1,2;1,12;1776;1759;17;2131;2112;19;32
2021;11;03;HOSTAL;TT;TODAS CONSOLIDADAS;AREQUIPA;040000;219;3452;5964;27,24;21,24;1,32;1,3;1,81;28712;27656;1056;38004;36091;1913;635
2021;11;03;HOSTAL;TT;TODAS CONSOLIDADAS;AYACUCHO;050000;10;180;331;17,43;18,53;2,08;2,12;1,56;884;829;55;1840;1754;86;44
2021;11;03;HOSTAL;TT;TODAS CONSOLIDADAS;CAJAMARCA;060000;181;3197;5015;23,98;19,52;1,6;1,59;2,05;18361;18085;276;29366;28800;566;534
2021;11;03;HOSTAL;TT;TODAS CONSOLIDADAS;CALLAO;070000;18;417;808;52,56;53,05;1,01;1,01;1;14433;14321;113;14516;14403;113;77
2021;11;03;HOSTAL;TT;TODAS CONSOLIDADAS;CUSCO;080000;100;1705;3005;28,39;25,3;1,86;1,74;2,17;12242;8698;3544;22805;15097;7708;281
2021;11;03;HOSTAL;TT;TODAS CONSOLIDADAS;HUANCAVELICA;090000;6;96;145;13,72;9,2;1,02;1,02;0;394;394;0;400;400;0;5
2021;11;03;HOSTAL;TT;TODAS CONSOLIDADAS;HUÁNUCO;100000;37;542;869;30,36;21,54;1,03;1,03;1;5458;5457;1;5616;5615;1;96
2021;11;03;HOSTAL;TT;TODAS CONSOLIDADAS;ICA;110000;105;1647;2830;23,09;17,32;1,29;1,28;1,49;11385;10761;624;14706;13775;931;307
2021;11;03;HOSTAL;TT;TODAS CONSOLIDADAS;JUNÍN;120000;35;617;1139;25,12;18,98;1,37;1,37;1,67;4731;4685;46;6486;6409;77;128
2021;11;03;HOSTAL;TT;TODAS CONSOLIDADAS;LA LIBERTAD;130000;222;3600;6535;29,28;30,1;1,23;1,23;1,32;47845;47286;559;59014;58276;738;638
2021;11;03;HOSTAL;TT;TODAS CONSOLIDADAS;LAMBAYEQUE;140000;199;2856;3940;26,99;20,62;1,1;1,1;1,19;22119;21831;288;24371;24029;342;522
2021;11;03;HOSTAL;TT;TODAS CONSOLIDADAS;LIMA;150000;219;4840;8987;26,59;24,98;1,23;1,16;1,74;69587;61956;7632;85273;71960;13313;1083
2021;11;03;HOSTAL;TT;TODAS CONSOLIDADAS;LORETO;160000;18;271;423;25,41;25,86;2,03;2,02;2,12;1615;1480;135;3282;2996;286;58
2021;11;03;HOSTAL;TT;TODAS CONSOLIDADAS;MADRE DE DIOS;170000;6;168;268;30,08;21,09;1,39;1,38;1,5;1224;1192;32;1696;1648;48;24
2021;11;03;HOSTAL;TT;TODAS CONSOLIDADAS;MOQUEGUA;180000;73;1014;1700;31,55;25,99;2,26;2,26;2,33;5863;5854;9;13253;13232;21;173
2021;11;03;HOSTAL;TT;TODAS CONSOLIDADAS;PASCO;190000;30;507;840;12,12;11,06;1,39;1,38;8,25;1999;1995;4;2786;2753;33;83
2021;11;03;HOSTAL;TT;TODAS CONSOLIDADAS;PIURA;200000;33;639;1057;36,09;30,58;2,19;2,03;3,12;4438;3807;631;9698;7732;1966;132
2021;11;03;HOSTAL;TT;TODAS CONSOLIDADAS;PUNO;210000;68;1135;2058;22,98;17,81;1,44;1,47;1,12;7650;6891;759;10995;10142;853;179
2021;11;03;HOSTAL;TT;TODAS CONSOLIDADAS;SAN MARTÍN;220000;23;387;690;38,54;33,43;1,71;1,7;2,16;4053;3956;97;6921;6711;210;91
2021;11;03;HOSTAL;TT;TODAS CONSOLIDADAS;TACNA;230000;38;673;1264;16,01;13,64;1,16;1,16;1,18;4473;4405;68;5173;5093;80;113
2021;11;03;HOSTAL;TT;TODAS CONSOLIDADAS;TUMBES;240000;10;148;299;21,17;14,96;1,43;1,43;0;939;939;0;1342;1342;0;15
2021;11;03;HOSTAL;TT;TODAS CONSOLIDADAS;UCAYALI;250000;3;106;188;22,17;14,95;1,68;1,67;2,5;502;494;8;843;823;20;27
2021;11;05;ALBERGUE;12;ALBERGUE;AMAZONAS;010000;1;6;11;0;0;0;0;0;0;0;0;0;0;0;0
2021;11;05;ALBERGUE;12;ALBERGUE;ÁNCASH;020000;7;72;155;0;0;0;0;0;0;0;0;0;0;0;0
2021;11;05;ALBERGUE;12;ALBERGUE;AREQUIPA;040000;5;99;239;35,72;29,37;1,48;1,5;1,46;1422;829;593;2106;1242;864;101
2021;11;05;ALBERGUE;12;ALBERGUE;CAJAMARCA;060000;1;11;22;0;0;0;0;0;0;0;0;0;0;0;0
2021;11;05;ALBERGUE;12;ALBERGUE;CUSCO;080000;17;228;742;29,27;25,78;1,28;1,28;1,28;4469;832;3637;5738;1066;4672;69
2021;11;05;ALBERGUE;12;ALBERGUE;ICA;110000;2;18;43;5,93;4,11;1,13;1,09;1,67;47;44;3;53;48;5;5
2021;11;05;ALBERGUE;12;ALBERGUE;JUNÍN;120000;1;32;104;18,54;12,56;1,74;1,75;1,5;225;221;4;392;386;6;16
2021;11;05;ALBERGUE;12;ALBERGUE;LIMA;150000;8;127;269;34,04;33,53;1,79;1,7;1,86;1515;685;830;2706;1163;1543;44
2021;11;05;ALBERGUE;12;ALBERGUE;LORETO;160000;57;711;1557;14,25;19,66;1,56;1,38;2,33;5875;4731;1144;9182;6517;2665;190
2021;11;05;ALBERGUE;12;ALBERGUE;MADRE DE DIOS;170000;5;125;274;33,63;33,59;2,62;2,6;2,63;1054;292;762;2761;760;2001;154
2021;11;05;ALBERGUE;12;ALBERGUE;PASCO;190000;15;223;623;20,4;11,35;1,65;1,65;1,47;1289;1270;19;2122;2094;28;39
2021;11;05;ALBERGUE;12;ALBERGUE;PUNO;210000;1;13;35;0;0;0;0;0;0;0;0;0;0;0;0
2021;11;05;ALBERGUE;12;ALBERGUE;SAN MARTÍN;220000;10;192;444;19,39;13;2,05;1,76;2,99;845;645;200;1731;1133;598;50
2021;11;05;ALBERGUE;12;ALBERGUE;UCAYALI;250000;4;44;115;24,85;19,01;3,02;1,96;4,91;217;139;78;656;273;383;24
2021;11;05;ALBERGUE;TT;TODAS CONSOLIDADAS;AMAZONAS;010000;1;6;11;0;0;0;0;0;0;0;0;0;0;0;0
2021;11;05;ALBERGUE;TT;TODAS CONSOLIDADAS;ÁNCASH;020000;7;72;155;0;0;0;0;0;0;0;0;0;0;0;0
2021;11;05;ALBERGUE;TT;TODAS CONSOLIDADAS;AREQUIPA;040000;5;99;239;35,72;29,37;1,48;1,5;1,46;1422;829;593;2106;1242;864;101
2021;11;05;ALBERGUE;TT;TODAS CONSOLIDADAS;CAJAMARCA;060000;1;11;22;0;0;0;0;0;0;0;0;0;0;0;0
2021;11;05;ALBERGUE;TT;TODAS CONSOLIDADAS;CUSCO;080000;17;228;742;29,27;25,78;1,28;1,28;1,28;4469;832;3637;5738;1066;4672;69
2021;11;05;ALBERGUE;TT;TODAS CONSOLIDADAS;ICA;110000;2;18;43;5,93;4,11;1,13;1,09;1,67;47;44;3;53;48;5;5
2021;11;05;ALBERGUE;TT;TODAS CONSOLIDADAS;JUNÍN;120000;1;32;104;18,54;12,56;1,74;1,75;1,5;225;221;4;392;386;6;16
2021;11;05;ALBERGUE;TT;TODAS CONSOLIDADAS;LIMA;150000;8;127;269;34,04;33,53;1,79;1,7;1,86;1515;685;830;2706;1163;1543;44
2021;11;05;ALBERGUE;TT;TODAS CONSOLIDADAS;LORETO;160000;57;711;1557;14,25;19,66;1,56;1,38;2,33;5875;4731;1144;9182;6517;2665;190
2021;11;05;ALBERGUE;TT;TODAS CONSOLIDADAS;MADRE DE DIOS;170000;5;125;274;33,63;33,59;2,62;2,6;2,63;1054;292;762;2761;760;2001;154
2021;11;05;ALBERGUE;TT;TODAS CONSOLIDADAS;PASCO;190000;15;223;623;20,4;11,35;1,65;1,65;1,47;1289;1270;19;2122;2094;28;39
2021;11;05;ALBERGUE;TT;TODAS CONSOLIDADAS;PUNO;210000;1;13;35;0;0;0;0;0;0;0;0;0;0;0;0
2021;11;05;ALBERGUE;TT;TODAS CONSOLIDADAS;SAN MARTÍN;220000;10;192;444;19,39;13;2,05;1,76;2,99;845;645;200;1731;1133;598;50
2021;11;05;ALBERGUE;TT;TODAS CONSOLIDADAS;UCAYALI;250000;4;44;115;24,85;19,01;3,02;1,96;4,91;217;139;78;656;273;383;24
2021;11;14;RESORT;03;3 ESTRELLAS;ICA;110000;1;51;86;0;0;0;0;0;0;0;0;0;0;0;0
2021;11;14;RESORT;04;4 ESTRELLAS;TUMBES;240000;1;402;804;81,73;99,87;2,67;2,65;3,91;9031;8890;141;24089;23538;551;685
2021;11;14;RESORT;05;5 ESTRELLAS;ICA;110000;1;115;250;56,84;62,27;1,73;1,73;1,75;2694;2339;355;4670;4049;621;90
2021;11;14;RESORT;TT;TODAS CONSOLIDADAS;ICA;110000;2;166;336;39,38;46,33;1,73;1,73;1,75;2694;2339;355;4670;4049;621;90
2021;11;14;RESORT;TT;TODAS CONSOLIDADAS;TUMBES;240000;1;402;804;81,73;99,87;2,67;2,65;3,91;9031;8890;141;24089;23538;551;685
2021;11;16;ECOLODGE;13;ECOLODGE;SAN MARTÍN;220000;1;12;24;0;0;0;0;0;0;0;0;0;0;0;0
2021;11;16;ECOLODGE;TT;TODAS CONSOLIDADAS;AREQUIPA;040000;1;23;51;10,14;12,09;2,53;3,02;1,41;73;51;22;185;154;31;8
2021;11;16;ECOLODGE;TT;TODAS CONSOLIDADAS;SAN MARTÍN;220000;1;12;24;0;0;0;0;0;0;0;0;0;0;0;0
2021;11;TT;TODAS CONSOLIDADAS;00;NO CATEGORIZADO;AMAZONAS;010000;250;2385;3799;20,1;16,57;1,31;1,3;1,52;14429;13838;591;18885;17984;901;427
2021;11;TT;TODAS CONSOLIDADAS;00;NO CATEGORIZADO;ÁNCASH;020000;568;5646;9746;16,26;13,43;1,23;1,23;1,42;31838;31795;43;39254;39193;61;943
2021;11;TT;TODAS CONSOLIDADAS;00;NO CATEGORIZADO;APURÍMAC;030000;447;4165;6413;17,53;13,45;1,12;1,12;1,05;23117;22993;124;25872;25742;130;445
2021;11;TT;TODAS CONSOLIDADAS;00;NO CATEGORIZADO;AREQUIPA;040000;1075;9893;16549;25,56;21,61;1,59;1,53;2,04;67380;58790;8590;107301;89810;17491;1857
2021;11;TT;TODAS CONSOLIDADAS;00;NO CATEGORIZADO;AYACUCHO;050000;513;5114;8144;13,39;9,73;1,27;1,26;6,36;18763;18749;14;23767;23678;89;581
2021;11;TT;TODAS CONSOLIDADAS;00;NO CATEGORIZADO;CAJAMARCA;060000;567;5811;8973;13,57;11,87;1,23;1,23;1;26059;26008;51;31950;31899;51;725
2021;11;TT;TODAS CONSOLIDADAS;00;NO CATEGORIZADO;CALLAO;070000;258;3728;6878;30,47;29,91;1,02;1,02;1,14;104232;102521;1711;106432;104476;1955;978
2021;11;TT;TODAS CONSOLIDADAS;00;NO CATEGORIZADO;CUSCO;080000;1639;16509;29960;21,99;18,36;1,6;1,39;1,93;103124;62852;40272;165056;87160;77896;3025
2021;11;TT;TODAS CONSOLIDADAS;00;NO CATEGORIZADO;HUANCAVELICA;090000;176;2126;3253;19,1;17,14;1,08;1,08;1,21;15441;15427;14;16726;16709;17;280
2021;11;TT;TODAS CONSOLIDADAS;00;NO CATEGORIZADO;HUÁNUCO;100000;450;5279;7792;18,84;15,7;1,18;1,18;1;31096;31093;3;36699;36696;3;680
2021;11;TT;TODAS CONSOLIDADAS;00;NO CATEGORIZADO;ICA;110000;681;8053;13935;20,11;16,55;1,29;1,23;1,4;53845;37464;16381;69198;46199;22999;1039
2021;11;TT;TODAS CONSOLIDADAS;00;NO CATEGORIZADO;JUNÍN;120000;1191;13138;21233;16,81;12,44;1,2;1,2;1,6;66019;65654;365;79264;78679;585;1712
2021;11;TT;TODAS CONSOLIDADAS;00;NO CATEGORIZADO;LAMBAYEQUE;140000;333;3659;5253;32,02;25,43;1,02;1,02;1,1;39304;38595;709;40070;39289;781;629
2021;11;TT;TODAS CONSOLIDADAS;00;NO CATEGORIZADO;LIMA;150000;5739;50341;87430;23,12;20,91;1,13;1,12;1,25;2237450;2148791;88659;2520603;2410169;110434;31902
2021;11;TT;TODAS CONSOLIDADAS;00;NO CATEGORIZADO;LORETO;160000;646;6266;9750;20,78;17,05;1,37;1,32;1,64;36335;30509;5826;49860;40305;9555;755
2021;11;TT;TODAS CONSOLIDADAS;00;NO CATEGORIZADO;MADRE DE DIOS;170000;286;4189;7000;24,93;21,05;1,24;1,21;1,48;35794;32901;2893;44211;39926;4285;702
2021;11;TT;TODAS CONSOLIDADAS;00;NO CATEGORIZADO;MOQUEGUA;180000;159;1510;2573;11,36;8,74;1,26;1,26;1,04;5357;5330;27;6750;6722;28;189
2021;11;TT;TODAS CONSOLIDADAS;00;NO CATEGORIZADO;PASCO;190000;273;3091;4827;17,55;13,88;1,17;1,17;1;17162;17122;40;20096;20056;40;530
2021;11;TT;TODAS CONSOLIDADAS;00;NO CATEGORIZADO;PIURA;200000;940;9913;18157;36,63;32,56;1,73;1,66;2,81;102226;95515;6711;177351;158505;18846;1866
2021;11;TT;TODAS CONSOLIDADAS;00;NO CATEGORIZADO;SAN MARTÍN;220000;685;8119;12650;30,31;25,62;1,26;1,26;1,35;76945;76276;669;97226;96326;900;1111
2021;11;TT;TODAS CONSOLIDADAS;00;NO CATEGORIZADO;TACNA;230000;395;3851;6937;11,26;10,42;1,86;1,91;1,06;11641;11028;613;21694;21046;648;488
2021;11;TT;TODAS CONSOLIDADAS;00;NO CATEGORIZADO;TUMBES;240000;205;2173;4293;20,8;15,94;1,81;1,8;2,14;11370;11239;131;20535;20255;280;278
2021;11;TT;TODAS CONSOLIDADAS;00;NO CATEGORIZADO;UCAYALI;250000;431;4876;7542;27,05;24,2;1,91;1,91;1,97;28616;28195;421;54745;53915;830;872
2021;11;TT;TODAS CONSOLIDADAS;01;1 ESTRELLA;AMAZONAS;010000;16;241;354;53,85;52,98;1,32;1,33;1,2;4247;4202;45;5626;5572;54;38
2021;11;TT;TODAS CONSOLIDADAS;01;1 ESTRELLA;ÁNCASH;020000;55;949;1521;21,87;24,41;1,08;1,08;1;10278;10272;6;11140;11134;6;145
2021;11;TT;TODAS CONSOLIDADAS;01;1 ESTRELLA;APURÍMAC;030000;3;90;135;22,96;18,05;1,05;1,06;1;693;690;3;731;728;3;10
2021;11;TT;TODAS CONSOLIDADAS;01;1 ESTRELLA;AYACUCHO;050000;12;291;506;14,25;15,71;2,08;2,08;0;1149;1149;0;2385;2385;0;50
2021;11;TT;TODAS CONSOLIDADAS;01;1 ESTRELLA;CALLAO;070000;12;241;482;36,2;36,2;1;1;1;5082;5034;48;5082;5034;48;38
2021;11;TT;TODAS CONSOLIDADAS;01;1 ESTRELLA;CUSCO;080000;27;501;841;23,48;20,64;1,18;1,17;1,81;4398;4287;111;5207;5006;201;74
2021;11;TT;TODAS CONSOLIDADAS;01;1 ESTRELLA;HUANCAVELICA;090000;2;29;45;45,4;29,63;1,02;1,02;0;394;394;0;400;400;0;5
2021;11;TT;TODAS CONSOLIDADAS;01;1 ESTRELLA;HUÁNUCO;100000;22;470;713;27,9;23,35;1;1;0;4995;4995;0;4995;4995;0;78
2021;11;TT;TODAS CONSOLIDADAS;01;1 ESTRELLA;ICA;110000;17;268;379;8,11;5,76;1;1;0;655;655;0;655;655;0;29
2021;11;TT;TODAS CONSOLIDADAS;01;1 ESTRELLA;LA LIBERTAD;130000;36;519;919;29,77;30,76;1,64;1,64;0;5173;5173;0;8481;8481;0;82
2021;11;TT;TODAS CONSOLIDADAS;01;1 ESTRELLA;LAMBAYEQUE;140000;21;346;470;16,19;12,4;1,12;1,11;1,26;1566;1547;19;1748;1724;24;40
2021;11;TT;TODAS CONSOLIDADAS;01;1 ESTRELLA;LIMA;150000;85;1947;3543;26,2;25,81;1,06;1,06;1,17;29753;29489;264;31516;31208;309;365
2021;11;TT;TODAS CONSOLIDADAS;01;1 ESTRELLA;LORETO;160000;5;75;102;15,33;15,29;1,96;1,97;1,93;239;155;84;468;306;162;12
2021;11;TT;TODAS CONSOLIDADAS;01;1 ESTRELLA;MADRE DE DIOS;170000;5;150;268;31,76;26,27;1,09;1,1;1;1932;1885;47;2112;2065;47;25
2021;11;TT;TODAS CONSOLIDADAS;01;1 ESTRELLA;MOQUEGUA;180000;15;209;384;23,86;15,37;1,41;1,41;0;1258;1258;0;1771;1771;0;35
2021;11;TT;TODAS CONSOLIDADAS;01;1 ESTRELLA;PASCO;190000;24;477;738;13,63;11,29;1,19;1,19;0;2092;2092;0;2499;2499;0;82
2021;11;TT;TODAS CONSOLIDADAS;01;1 ESTRELLA;PUNO;210000;25;465;790;22,16;18,73;1,21;1,24;1,01;3678;3168;510;4439;3925;514;62
2021;11;TT;TODAS CONSOLIDADAS;01;1 ESTRELLA;SAN MARTÍN;220000;6;124;200;5,35;3,32;1,75;1,75;0;114;114;0;199;199;0;8
2021;11;TT;TODAS CONSOLIDADAS;01;1 ESTRELLA;TACNA;230000;12;239;433;7,6;5,86;1,08;1,08;0;705;705;0;761;761;0;31
2021;11;TT;TODAS CONSOLIDADAS;02;2 ESTRELLAS;AMAZONAS;010000;75;1564;2417;27,69;24,15;1,41;1,36;2,39;12411;11775;636;17511;15988;1523;248
2021;11;TT;TODAS CONSOLIDADAS;02;2 ESTRELLAS;APURÍMAC;030000;10;332;536;22,66;16,91;1,17;1,17;1;2331;2325;6;2719;2713;6;39
2021;11;TT;TODAS CONSOLIDADAS;02;2 ESTRELLAS;AREQUIPA;040000;171;3264;5801;23,14;18,18;1,25;1,25;1,3;25356;24886;470;31637;31025;612;549
2021;11;TT;TODAS CONSOLIDADAS;02;2 ESTRELLAS;AYACUCHO;050000;12;295;527;15,54;19,26;1,6;1,61;1,32;1899;1861;38;3045;2995;50;47
2021;11;TT;TODAS CONSOLIDADAS;02;2 ESTRELLAS;CAJAMARCA;060000;153;3264;5042;24,88;19,12;1,41;1,41;1,02;20536;20480;56;28919;28862;57;536
2021;11;TT;TODAS CONSOLIDADAS;02;2 ESTRELLAS;CALLAO;070000;8;253;467;55,9;58,56;1,01;1,01;1,07;10104;9954;150;10203;10042;162;46
2021;11;TT;TODAS CONSOLIDADAS;02;2 ESTRELLAS;CUSCO;080000;101;2076;3653;23,14;21,01;1,96;1,93;2,02;11759;7795;3964;23020;15006;8014;416
2021;11;TT;TODAS CONSOLIDADAS;02;2 ESTRELLAS;HUANCAVELICA;090000;4;93;162;16,34;12,55;1,63;1,62;1,8;374;354;20;610;574;36;9
2021;11;TT;TODAS CONSOLIDADAS;02;2 ESTRELLAS;HUÁNUCO;100000;61;1526;2404;30,02;24,66;1,13;1,13;1;15795;15783;12;17788;17776;12;255
2021;11;TT;TODAS CONSOLIDADAS;02;2 ESTRELLAS;ICA;110000;112;2261;3867;18,07;12,33;1,44;1,44;1,02;9951;9892;59;14301;14241;60;380
2021;11;TT;TODAS CONSOLIDADAS;02;2 ESTRELLAS;JUNÍN;120000;48;1234;2220;24,27;18,13;1,45;1,44;1,63;8356;8255;101;12075;11910;165;195
2021;11;TT;TODAS CONSOLIDADAS;02;2 ESTRELLAS;LA LIBERTAD;130000;152;2799;4962;26,6;25,65;1,34;1,33;1,7;28460;27768;692;38190;37016;1174;491
2021;11;TT;TODAS CONSOLIDADAS;02;2 ESTRELLAS;LAMBAYEQUE;140000;232;4326;6195;23,27;17,58;1,13;1,13;1,22;28867;28569;298;32666;32303;363;716
2021;11;TT;TODAS CONSOLIDADAS;02;2 ESTRELLAS;LIMA;150000;247;8007;14400;40,11;35,27;1,29;1,26;1,71;152781;142272;10509;197726;179792;17934;1700
2021;11;TT;TODAS CONSOLIDADAS;02;2 ESTRELLAS;LORETO;160000;20;458;728;24,42;27,3;2,12;2,09;2,32;2813;2479;334;5963;5189;774;82
2021;11;TT;TODAS CONSOLIDADAS;02;2 ESTRELLAS;MADRE DE DIOS;170000;11;334;544;33,39;24,66;1,31;1,29;1,93;3072;2971;101;4024;3829;195;50
2021;11;TT;TODAS CONSOLIDADAS;02;2 ESTRELLAS;MOQUEGUA;180000;73;1205;2001;37,93;29,98;2,91;2,91;3;6180;6160;20;17998;17938;60;218
2021;11;TT;TODAS CONSOLIDADAS;02;2 ESTRELLAS;PASCO;190000;16;341;622;14,72;12,88;1,47;1,45;8,25;1640;1636;4;2404;2371;33;32
2021;11;TT;TODAS CONSOLIDADAS;02;2 ESTRELLAS;PIURA;200000;50;1065;1768;35,49;30,18;2,09;2,01;3,02;7641;7007;634;16005;14090;1915;212
2021;11;TT;TODAS CONSOLIDADAS;02;2 ESTRELLAS;PUNO;210000;60;1116;2046;17,24;13,18;1,4;1,4;1,26;5799;5546;253;8091;7773;318;165
2021;11;TT;TODAS CONSOLIDADAS;02;2 ESTRELLAS;SAN MARTÍN;220000;46;1106;1837;34,31;29,48;1,77;1,76;2,13;9195;9060;135;16247;15959;288;214
2021;11;TT;TODAS CONSOLIDADAS;02;2 ESTRELLAS;TACNA;230000;51;1238;2443;17,56;14,57;1,5;1,5;1,55;7097;6966;131;10677;10474;203;216
2021;11;TT;TODAS CONSOLIDADAS;02;2 ESTRELLAS;TUMBES;240000;13;322;683;75,83;36,3;30,11;30,11;0;247;247;0;7438;7438;0;48
2021;11;TT;TODAS CONSOLIDADAS;02;2 ESTRELLAS;UCAYALI;250000;4;119;201;15,38;10,41;1,59;1,57;2,5;395;387;8;628;608;20;22
2021;11;TT;TODAS CONSOLIDADAS;03;3 ESTRELLAS;AMAZONAS;010000;22;456;826;27,2;23,85;1,28;1,29;1,21;4604;4175;429;5910;5393;517;111
2021;11;TT;TODAS CONSOLIDADAS;03;3 ESTRELLAS;ÁNCASH;020000;66;1769;3188;27,8;21,47;1,47;1,46;1,56;14015;13632;383;20534;19937;597;339
2021;11;TT;TODAS CONSOLIDADAS;03;3 ESTRELLAS;APURÍMAC;030000;5;143;245;49,6;33,84;1,55;1,58;1,27;1607;1459;148;2487;2299;188;34
2021;11;TT;TODAS CONSOLIDADAS;03;3 ESTRELLAS;AREQUIPA;040000;101;2442;4490;31,58;24,24;1,98;2,01;1,84;16526;13465;3061;32656;27019;5637;621
2021;11;TT;TODAS CONSOLIDADAS;03;3 ESTRELLAS;AYACUCHO;050000;11;349;693;25,79;19,47;2,11;2,14;1,82;1916;1750;166;4048;3746;302;111
2021;11;TT;TODAS CONSOLIDADAS;03;3 ESTRELLAS;CAJAMARCA;060000;112;2745;4480;29,59;21,41;1,84;1,84;2,01;15613;15305;308;28778;28158;620;532
2021;11;TT;TODAS CONSOLIDADAS;03;3 ESTRELLAS;CALLAO;070000;4;233;396;27,27;25,11;1,48;1,24;2,65;2014;1674;340;2983;2083;900;43
2021;11;TT;TODAS CONSOLIDADAS;03;3 ESTRELLAS;CUSCO;080000;100;3228;6224;26,93;22,42;1,84;1,88;1,8;22782;10072;12710;41862;18970;22892;837
2021;11;TT;TODAS CONSOLIDADAS;03;3 ESTRELLAS;HUANCAVELICA;090000;4;85;131;8,16;6,74;1,24;1,24;0;214;214;0;265;265;0;14
2021;11;TT;TODAS CONSOLIDADAS;03;3 ESTRELLAS;HUÁNUCO;100000;15;553;1019;32,3;25;1,5;1,5;1,66;5104;5075;29;7642;7594;48;108
2021;11;TT;TODAS CONSOLIDADAS;03;3 ESTRELLAS;ICA;110000;82;2403;4718;33,84;26,09;1,51;1,51;1,49;24492;21768;2724;36931;32874;4057;518
2021;11;TT;TODAS CONSOLIDADAS;03;3 ESTRELLAS;JUNÍN;120000;22;812;1497;15,5;11,48;1,35;1,35;1,37;3821;3791;30;5154;5113;41;193
2021;11;TT;TODAS CONSOLIDADAS;03;3 ESTRELLAS;LA LIBERTAD;130000;140;3257;6186;29,98;26,84;1,37;1,36;1,58;36408;35257;1151;49804;47982;1822;646
2021;11;TT;TODAS CONSOLIDADAS;03;3 ESTRELLAS;LAMBAYEQUE;140000;59;1580;2548;25,78;20,16;1,49;1,49;1,49;10366;10097;269;15407;15007;400;288
2021;11;TT;TODAS CONSOLIDADAS;03;3 ESTRELLAS;LIMA;150000;182;8569;16179;39,27;31,71;1,83;1,68;2,27;84585;63690;20895;154533;107006;47527;1719
2021;11;01;HOTEL;TT;TODAS CONSOLIDADAS;ICA;110000;113;4156;7971;32,4;24,75;1,83;1,86;1,62;32255;28764;3491;59181;53518;5663;1108
2021;11;03;HOSTAL;01;1 ESTRELLA;PASCO;190000;18;309;466;3,65;2,73;1,06;1,06;0;359;359;0;382;382;0;51
2021;11;03;HOSTAL;03;3 ESTRELLAS;AREQUIPA;040000;37;568;994;39,38;28,71;2,11;2,12;2,09;4052;3321;731;8560;7030;1530;141
2021;11;16;ECOLODGE;13;ECOLODGE;AREQUIPA;040000;1;23;51;10,14;12,09;2,53;3,02;1,41;73;51;22;185;154;31;8
2021;11;TT;TODAS CONSOLIDADAS;01;1 ESTRELLA;AREQUIPA;040000;58;1006;1579;36,53;25,7;1,59;1,52;3,01;7642;7248;394;12176;10991;1185;167
2021;11;03;HOSTAL;03;3 ESTRELLAS;LIMA;150000;17;379;757;18,42;14,86;1,26;1,26;1,36;2739;2536;203;3463;3188;275;80
2021;11;TT;TODAS CONSOLIDADAS;00;NO CATEGORIZADO;LA LIBERTAD;130000;770;6697;11206;34,16;25,68;1,17;1,16;1,93;73968;73111;857;86317;84666;1651;755
2021;11;TT;TODAS CONSOLIDADAS;00;NO CATEGORIZADO;PUNO;210000;657;6335;10740;23,78;20,39;1,16;1,16;1,15;56813;53471;3342;65695;61835;3860;1153
2021;11;TT;TODAS CONSOLIDADAS;01;1 ESTRELLA;CAJAMARCA;060000;28;546;887;7,84;5,83;1,21;1,21;1;1279;1273;6;1552;1546;6;91
2021;11;TT;TODAS CONSOLIDADAS;01;1 ESTRELLA;JUNÍN;120000;17;381;686;19,27;13,75;1,39;1,39;1,67;2030;2012;18;2830;2800;30;51
2021;11;TT;TODAS CONSOLIDADAS;01;1 ESTRELLA;PIURA;200000;4;76;138;16,4;9,66;2,47;2,47;0;162;162;0;400;400;0;8
2021;11;TT;TODAS CONSOLIDADAS;02;2 ESTRELLAS;ÁNCASH;020000;167;3166;5525;35,23;31,16;1,15;1,15;1,16;45032;44924;108;51645;51520;125;522
2021;11;TT;TODAS CONSOLIDADAS;03;3 ESTRELLAS;LORETO;160000;30;794;1343;40,47;31,01;2,38;2,39;2,32;5244;4622;622;12493;11052;1441;206
2021;11;TT;TODAS CONSOLIDADAS;03;3 ESTRELLAS;MADRE DE DIOS;170000;6;217;373;34,82;29,75;1,82;1,89;1,35;1825;1596;229;3329;3019;310;71
2021;11;TT;TODAS CONSOLIDADAS;03;3 ESTRELLAS;MOQUEGUA;180000;13;375;682;42,34;25,2;1,83;1,83;2,1;2812;2761;51;5155;5048;107;67
2021;11;TT;TODAS CONSOLIDADAS;03;3 ESTRELLAS;PASCO;190000;6;138;252;35,99;39,96;1,67;1,66;2;1812;1779;33;3021;2955;66;17
2021;11;TT;TODAS CONSOLIDADAS;03;3 ESTRELLAS;PIURA;200000;18;633;1101;34,78;26,72;2,29;2,22;2,91;3857;3465;392;8826;7687;1139;157
2021;11;TT;TODAS CONSOLIDADAS;03;3 ESTRELLAS;PUNO;210000;32;992;1888;26,14;20,52;1,94;2,05;1,69;5986;4165;1821;11621;8548;3073;182
2021;11;TT;TODAS CONSOLIDADAS;03;3 ESTRELLAS;TACNA;230000;19;553;1176;18,51;10,22;1,77;1,78;1,54;2037;1996;41;3606;3543;63;127
2021;11;TT;TODAS CONSOLIDADAS;03;3 ESTRELLAS;TUMBES;240000;15;357;716;9,68;6,72;1,39;1,39;0;1040;1040;0;1443;1443;0;56
2021;11;TT;TODAS CONSOLIDADAS;03;3 ESTRELLAS;UCAYALI;250000;17;585;969;33,22;26,25;2,18;2,18;2,28;3502;3393;109;7631;7382;249;123
2021;11;TT;TODAS CONSOLIDADAS;04;4 ESTRELLAS;AREQUIPA;040000;11;452;894;47,28;36,59;2;2,07;1,78;4903;3704;1199;9813;7681;2132;148
2021;11;TT;TODAS CONSOLIDADAS;04;4 ESTRELLAS;CAJAMARCA;060000;4;214;393;67,79;49,24;2,64;2,68;2,3;2196;2009;187;5805;5375;430;103
2021;11;TT;TODAS CONSOLIDADAS;04;4 ESTRELLAS;CALLAO;070000;2;371;599;81,24;67,91;1,39;1,55;1,31;8789;2798;5991;12204;4342;7862;103
2021;11;TT;TODAS CONSOLIDADAS;04;4 ESTRELLAS;CUSCO;080000;12;923;1764;53,94;44,72;2,04;1,86;2,22;11589;5712;5877;23664;10626;13038;316
2021;11;TT;TODAS CONSOLIDADAS;04;4 ESTRELLAS;HUÁNUCO;100000;1;61;104;40,77;30,99;1,68;1,71;1,29;577;536;41;967;914;53;22
2021;11;TT;TODAS CONSOLIDADAS;04;4 ESTRELLAS;ICA;110000;6;587;1147;46,23;28,74;4,39;4,93;1,45;2255;1902;353;9890;9379;511;153
2021;11;TT;TODAS CONSOLIDADAS;04;4 ESTRELLAS;JUNÍN;120000;1;40;66;31,83;23,23;1,64;1,64;0;281;281;0;460;460;0;21
2021;11;TT;TODAS CONSOLIDADAS;04;4 ESTRELLAS;LA LIBERTAD;130000;3;207;322;56,28;50,26;2,24;2,22;2,39;2170;1908;262;4855;4230;625;45
2021;11;TT;TODAS CONSOLIDADAS;04;4 ESTRELLAS;LAMBAYEQUE;140000;5;332;544;60,43;54;1,53;1,5;1,73;5765;5123;642;8813;7702;1111;212
2021;11;TT;TODAS CONSOLIDADAS;04;4 ESTRELLAS;LIMA;150000;52;5023;8970;47,08;37,49;2,36;2,1;2,82;42792;27707;15085;100876;58303;42573;1662
2021;11;TT;TODAS CONSOLIDADAS;04;4 ESTRELLAS;LORETO;160000;3;103;173;30;25,45;1,79;1,93;1,56;739;458;281;1321;883;438;33
2021;11;TT;TODAS CONSOLIDADAS;04;4 ESTRELLAS;MOQUEGUA;180000;2;123;229;68,29;78,46;11,92;17,03;2,88;452;289;163;5390;4921;469;40
2021;11;TT;TODAS CONSOLIDADAS;04;4 ESTRELLAS;PIURA;200000;2;181;361;57,03;41,44;2,02;1,83;3,42;2227;1968;259;4488;3601;887;38
2021;11;TT;TODAS CONSOLIDADAS;04;4 ESTRELLAS;PUNO;210000;7;447;842;29,78;22,43;1,86;1,9;1,83;3039;1671;1368;5667;3169;2498;116
2021;11;TT;TODAS CONSOLIDADAS;04;4 ESTRELLAS;SAN MARTÍN;220000;2;74;165;64,55;55,43;1,87;1,83;2,41;1468;1380;88;2744;2532;212;60
2021;11;TT;TODAS CONSOLIDADAS;04;4 ESTRELLAS;TACNA;230000;1;150;300;57,64;34,71;2;1,99;2,23;1560;1483;77;3124;2952;172;32
2021;11;TT;TODAS CONSOLIDADAS;04;4 ESTRELLAS;TUMBES;240000;6;667;1325;80,54;89,84;2,34;2,34;2,35;15278;14716;562;35713;34393;1320;753
2021;11;TT;TODAS CONSOLIDADAS;05;5 ESTRELLAS;AREQUIPA;040000;3;241;346;56,83;47,27;1,69;1,63;2,25;2895;2612;283;4907;4269;638;120
2021;11;TT;TODAS CONSOLIDADAS;05;5 ESTRELLAS;CUSCO;080000;14;1246;2441;36,23;35;1,74;1,68;1,76;14762;4907;9855;25633;8257;17376;788
2021;11;TT;TODAS CONSOLIDADAS;05;5 ESTRELLAS;ICA;110000;4;460;1046;60,34;53,55;1,87;1,86;1,94;8993;7659;1334;16804;14217;2587;429
2021;11;TT;TODAS CONSOLIDADAS;05;5 ESTRELLAS;LA LIBERTAD;130000;1;120;240;59,83;47,19;1,91;1,88;2,01;1782;1457;325;3398;2746;652;67
2021;11;TT;TODAS CONSOLIDADAS;05;5 ESTRELLAS;LIMA;150000;28;4380;7840;51,96;36,17;1,97;1,52;2,78;43247;27981;15266;85080;42583;42497;2281
2021;11;TT;TODAS CONSOLIDADAS;05;5 ESTRELLAS;LORETO;160000;1;60;91;79,89;82,6;2,05;2,15;1,85;1098;749;349;2255;1609;646;49
2021;11;TT;TODAS CONSOLIDADAS;05;5 ESTRELLAS;PIURA;200000;1;83;168;74,54;53,53;2,12;1,97;2,59;1274;963;311;2698;1894;804;54
2021;11;TT;TODAS CONSOLIDADAS;05;5 ESTRELLAS;PUNO;210000;1;123;231;67,7;54,36;1,66;1,67;1,56;2273;1976;297;3767;3305;462;45
2021;11;TT;TODAS CONSOLIDADAS;05;5 ESTRELLAS;UCAYALI;250000;2;165;306;39,45;31,98;2,25;2,36;1,67;1306;1087;219;2936;2570;366;59
2021;11;TT;TODAS CONSOLIDADAS;12;ALBERGUE;AMAZONAS;010000;1;6;11;0;0;0;0;0;0;0;0;0;0;0;0
2021;11;TT;TODAS CONSOLIDADAS;12;ALBERGUE;ÁNCASH;020000;7;72;155;0;0;0;0;0;0;0;0;0;0;0;0
2021;11;TT;TODAS CONSOLIDADAS;12;ALBERGUE;AREQUIPA;040000;5;99;239;35,72;29,37;1,48;1,5;1,46;1422;829;593;2106;1242;864;101
2021;11;TT;TODAS CONSOLIDADAS;12;ALBERGUE;CAJAMARCA;060000;1;11;22;0;0;0;0;0;0;0;0;0;0;0;0
2021;11;TT;TODAS CONSOLIDADAS;12;ALBERGUE;CUSCO;080000;17;228;742;29,27;25,78;1,28;1,28;1,28;4469;832;3637;5738;1066;4672;69
2021;11;TT;TODAS CONSOLIDADAS;12;ALBERGUE;ICA;110000;2;18;43;5,93;4,11;1,13;1,09;1,67;47;44;3;53;48;5;5
2021;11;TT;TODAS CONSOLIDADAS;12;ALBERGUE;JUNÍN;120000;1;32;104;18,54;12,56;1,74;1,75;1,5;225;221;4;392;386;6;16
2021;11;TT;TODAS CONSOLIDADAS;12;ALBERGUE;LIMA;150000;8;127;269;34,04;33,53;1,79;1,7;1,86;1515;685;830;2706;1163;1543;44
2021;11;TT;TODAS CONSOLIDADAS;12;ALBERGUE;LORETO;160000;57;711;1557;14,25;19,66;1,56;1,38;2,33;5875;4731;1144;9182;6517;2665;190
2021;11;TT;TODAS CONSOLIDADAS;12;ALBERGUE;PASCO;190000;15;223;623;20,4;11,35;1,65;1,65;1,47;1289;1270;19;2122;2094;28;39
2021;11;TT;TODAS CONSOLIDADAS;12;ALBERGUE;PUNO;210000;1;13;35;0;0;0;0;0;0;0;0;0;0;0;0
2021;11;TT;TODAS CONSOLIDADAS;12;ALBERGUE;SAN MARTÍN;220000;10;192;444;19,39;13;2,05;1,76;2,99;845;645;200;1731;1133;598;50
2021;11;TT;TODAS CONSOLIDADAS;12;ALBERGUE;UCAYALI;250000;4;44;115;24,85;19,01;3,02;1,96;4,91;217;139;78;656;273;383;24
2021;11;TT;TODAS CONSOLIDADAS;13;ECOLODGE;AREQUIPA;040000;1;23;51;10,14;12,09;2,53;3,02;1,41;73;51;22;185;154;31;8
2021;11;TT;TODAS CONSOLIDADAS;13;ECOLODGE;SAN MARTÍN;220000;1;12;24;0;0;0;0;0;0;0;0;0;0;0;0
2021;11;TT;TODAS CONSOLIDADAS;TT;TODAS CONSOLIDADAS;AMAZONAS;010000;364;4652;7407;23,52;20,13;1,33;1,31;1,67;35691;33990;1701;47932;44937;2995;824
2021;11;TT;TODAS CONSOLIDADAS;TT;TODAS CONSOLIDADAS;ÁNCASH;020000;863;11602;20135;21,04;18,06;1,21;1,21;1,34;101163;100623;540;122573;121784;789;1949
2021;11;TT;TODAS CONSOLIDADAS;TT;TODAS CONSOLIDADAS;APURÍMAC;030000;465;4730;7329;18,02;13,77;1,12;1,13;1,05;27748;27467;281;31809;31482;327;528
2021;11;TT;TODAS CONSOLIDADAS;TT;TODAS CONSOLIDADAS;AREQUIPA;040000;1425;17420;29949;26,4;21,74;1,58;1,53;1,97;126197;111585;14612;200781;172191;28590;3571
2021;11;TT;TODAS CONSOLIDADAS;TT;TODAS CONSOLIDADAS;AYACUCHO;050000;548;6049;9870;13,71;10,26;1,31;1,31;6,02;23727;23509;218;33245;32804;441;789
2021;11;TT;TODAS CONSOLIDADAS;TT;TODAS CONSOLIDADAS;CAJAMARCA;060000;865;12591;19797;17,7;14,35;1,34;1,34;1,14;65683;65075;608;97004;95840;1164;1987
2021;11;TT;TODAS CONSOLIDADAS;TT;TODAS CONSOLIDADAS;CALLAO;070000;284;4826;8822;31,74;31,18;1,03;1,02;1,16;130221;121981;8240;136904;125977;10927;1208
2021;11;TT;TODAS CONSOLIDADAS;TT;TODAS CONSOLIDADAS;CUSCO;080000;1910;24711;45625;22,7;19,1;1,63;1,44;1,92;172883;96457;76426;290180;146091;144089;5525
2021;11;TT;TODAS CONSOLIDADAS;TT;TODAS CONSOLIDADAS;HUANCAVELICA;090000;186;2333;3591;19,09;16,95;1,1;1,1;1,19;16423;16389;34;18001;17948;53;308
2021;11;TT;TODAS CONSOLIDADAS;TT;TODAS CONSOLIDADAS;HUÁNUCO;100000;549;7889;12032;20,85;17,28;1,18;1,18;,98;57567;57482;85;68091;67975;116;1143
2021;11;TT;TODAS CONSOLIDADAS;TT;TODAS CONSOLIDADAS;ICA;110000;904;14050;25135;21,2;16,91;1,34;1,31;1,34;100238;79384;20854;147832;117613;30219;2553
2021;11;TT;TODAS CONSOLIDADAS;TT;TODAS CONSOLIDADAS;JUNÍN;120000;1280;15637;25806;17,11;12,67;1,22;1,21;1,6;80732;80214;518;100175;99348;827;2188
2021;11;TT;TODAS CONSOLIDADAS;TT;TODAS CONSOLIDADAS;LA LIBERTAD;130000;1102;13599;23835;32,53;26,07;1,24;1,23;1,79;147961;144674;3287;191045;185121;5924;2086
2021;11;TT;TODAS CONSOLIDADAS;TT;TODAS CONSOLIDADAS;LIMA;150000;6341;78394;138631;24,62;22,06;1,17;1,15;1,31;2592124;2440615;151509;3093040;2830224;262816;39673
2021;11;TT;TODAS CONSOLIDADAS;TT;TODAS CONSOLIDADAS;LORETO;160000;762;8467;13744;21,24;18,17;1,45;1,4;1,74;52343;43703;8640;81542;65861;15681;1327
2021;11;TT;TODAS CONSOLIDADAS;TT;TODAS CONSOLIDADAS;MADRE DE DIOS;170000;313;5015;8459;25,67;21,63;1,27;1,25;1,51;43677;39645;4032;56437;49599;6838;1002
2021;11;TT;TODAS CONSOLIDADAS;TT;TODAS CONSOLIDADAS;MOQUEGUA;180000;262;3422;5869;21,45;16,39;1,84;1,88;1,59;16059;15798;261;37064;36400;664;549
2021;11;TT;TODAS CONSOLIDADAS;TT;TODAS CONSOLIDADAS;PASCO;190000;334;4270;7062;17,59;14;1,22;1,22;1,31;23995;23899;96;30142;29975;167;700
2021;11;TT;TODAS CONSOLIDADAS;TT;TODAS CONSOLIDADAS;PIURA;200000;1015;11951;21693;36,54;32,29;1,77;1,69;2,81;117387;109080;8307;209768;186177;23591;2335
2021;11;TT;TODAS CONSOLIDADAS;TT;TODAS CONSOLIDADAS;PUNO;210000;783;9491;16572;23,4;19,83;1,21;1,22;1,18;77588;69997;7591;99280;88555;10725;1723
2021;11;TT;TODAS CONSOLIDADAS;TT;TODAS CONSOLIDADAS;SAN MARTÍN;220000;776;10585;16976;30,1;25,62;1,32;1,32;1,42;96421;95135;1286;131779;129433;2346;1614
2021;11;TT;TODAS CONSOLIDADAS;TT;TODAS CONSOLIDADAS;TACNA;230000;478;6031;11289;12,23;10,79;1,8;1,84;1,1;23040;22178;862;39862;38776;1086;894
2021;11;TT;TODAS CONSOLIDADAS;TT;TODAS CONSOLIDADAS;TUMBES;240000;239;3519;7017;24,59;18,33;3,33;3,33;1,89;27935;27242;693;65129;63529;1600;1135
2021;11;TT;TODAS CONSOLIDADAS;TT;TODAS CONSOLIDADAS;UCAYALI;250000;463;6078;9648;27,39;24,28;1,94;1,93;2,02;36329;35269;1060;72357;69979;2378;1177
2021;12;00;NO CLASIFICADO;00;NO CATEGORIZADO;CAJAMARCA;060000;567;5835;9036;16,41;13,56;1,19;1,19;1,2;32029;32014;15;37990;37972;18;725
2021;12;00;NO CLASIFICADO;00;NO CATEGORIZADO;HUANCAVELICA;090000;176;2120;3250;19,22;16,54;1,13;1,13;1;14804;14790;14;16668;16654;14;269
2021;12;00;NO CLASIFICADO;00;NO CATEGORIZADO;SAN MARTÍN;220000;684;8086;12590;28;22,94;1,21;1,21;1,43;73905;72892;1013;89528;88076;1452;1088
2021;11;TT;TODAS CONSOLIDADAS;03;3 ESTRELLAS;SAN MARTÍN;220000;26;958;1656;25,62;27,44;1,74;1,73;1,79;7854;7660;194;13632;13284;348;171
2021;11;TT;TODAS CONSOLIDADAS;04;4 ESTRELLAS;UCAYALI;250000;5;289;515;43,08;37,29;2,51;2,53;2,36;2293;2068;225;5761;5231;530;77
2021;11;TT;TODAS CONSOLIDADAS;12;ALBERGUE;MADRE DE DIOS;170000;5;125;274;33,63;33,59;2,62;2,6;2,63;1054;292;762;2761;760;2001;154
2021;11;TT;TODAS CONSOLIDADAS;TT;TODAS CONSOLIDADAS;LAMBAYEQUE;140000;650;10243;15010;28,03;21,95;1,11;1,11;1,19;85868;83931;1937;98704;96025;2679;1885
2021;12;00;NO CLASIFICADO;00;NO CATEGORIZADO;AMAZONAS;010000;250;2381;3790;15,33;11,17;1,34;1,34;1,4;9787;9147;640;13129;12230;899;423
2021;12;00;NO CLASIFICADO;00;NO CATEGORIZADO;ÁNCASH;020000;570;5676;9800;14,47;12,34;1,28;1,28;1,84;29305;29134;171;37504;37189;315;948
2021;12;00;NO CLASIFICADO;00;NO CATEGORIZADO;APURÍMAC;030000;448;4193;6450;19,67;14,41;1,07;1,07;1,27;26893;26808;85;28810;28702;108;446
2021;12;00;NO CLASIFICADO;00;NO CATEGORIZADO;AREQUIPA;040000;1078;9927;16618;23,34;18,84;1,53;1,46;2,07;63463;56308;7155;97064;82253;14811;1863
2021;12;00;NO CLASIFICADO;00;NO CATEGORIZADO;AYACUCHO;050000;513;5110;8144;6,68;6,38;1,46;1,45;2,57;11009;10841;168;16101;15669;432;580
2021;12;00;NO CLASIFICADO;00;NO CATEGORIZADO;CALLAO;070000;258;3725;6872;30,86;30,56;1,02;1,02;1,14;110030;108740;1290;111979;110512;1467;978
2021;12;00;NO CLASIFICADO;00;NO CATEGORIZADO;CUSCO;080000;1642;16523;29968;20,74;18,5;1,72;1,53;2,13;99687;67459;32228;171838;103042;68796;3023
2021;12;00;NO CLASIFICADO;00;NO CATEGORIZADO;HUÁNUCO;100000;450;5246;7759;19,07;15,33;1,09;1,09;1;33942;33932;10;36873;36863;10;639
2021;12;00;NO CLASIFICADO;00;NO CATEGORIZADO;ICA;110000;681;8071;13952;17,68;14,93;1,35;1,33;1,42;47749;34265;13484;64566;45411;19155;1232
2021;12;00;NO CLASIFICADO;00;NO CATEGORIZADO;JUNÍN;120000;1198;13187;21285;15,18;10,83;1,19;1,18;1,91;60166;59943;223;71434;71008;426;1727
2021;12;00;NO CLASIFICADO;00;NO CATEGORIZADO;LA LIBERTAD;130000;772;6741;11257;25,47;20,48;1,13;1,13;1,22;63298;62452;846;71481;70449;1032;797
2021;12;00;NO CLASIFICADO;00;NO CATEGORIZADO;LAMBAYEQUE;140000;333;3648;5201;31,66;23,93;1,02;1,02;1,04;37881;36691;1190;38584;37350;1234;626
2021;12;00;NO CLASIFICADO;00;NO CATEGORIZADO;LIMA;150000;5738;50210;87192;24,06;21,26;1,08;1,08;1,08;2432655;2364613;68042;2618712;2545146;73566;31431
2021;12;00;NO CLASIFICADO;00;NO CATEGORIZADO;LORETO;160000;647;6276;9777;18,96;16,39;1,5;1,4;2,04;33124;28036;5088;49678;39284;10394;750
2021;12;00;NO CLASIFICADO;00;NO CATEGORIZADO;MADRE DE DIOS;170000;286;4188;6995;23,19;19,84;1,19;1,17;1,48;36267;33838;2429;43026;39433;3593;720
2021;12;00;NO CLASIFICADO;00;NO CATEGORIZADO;MOQUEGUA;180000;159;1510;2573;11,01;9,16;1,17;1,17;1;6224;6211;13;7306;7293;13;185
2021;12;00;NO CLASIFICADO;00;NO CATEGORIZADO;PASCO;190000;274;3123;4880;16,82;13,32;1,08;1,08;1;18730;18650;80;20143;20063;80;536
2021;12;00;NO CLASIFICADO;00;NO CATEGORIZADO;PIURA;200000;939;9882;18107;37,91;33,15;2,02;1,92;3,07;92303;84323;7980;186052;161576;24476;1779
2021;12;00;NO CLASIFICADO;00;NO CATEGORIZADO;PUNO;210000;657;6271;10668;22,22;19,1;1,14;1,14;1,11;55632;52234;3398;63151;59391;3760;1141
2021;12;00;NO CLASIFICADO;TT;TODAS CONSOLIDADAS;CAJAMARCA;060000;567;5835;9036;16,41;13,56;1,19;1,19;1,2;32029;32014;15;37990;37972;18;725
2021;12;00;NO CLASIFICADO;TT;TODAS CONSOLIDADAS;HUANCAVELICA;090000;176;2120;3250;19,22;16,54;1,13;1,13;1;14804;14790;14;16668;16654;14;269
2021;12;00;NO CLASIFICADO;TT;TODAS CONSOLIDADAS;HUÁNUCO;100000;450;5246;7759;19,07;15,33;1,09;1,09;1;33942;33932;10;36873;36863;10;639
2021;12;00;NO CLASIFICADO;TT;TODAS CONSOLIDADAS;ICA;110000;681;8071;13952;17,68;14,93;1,35;1,33;1,42;47749;34265;13484;64566;45411;19155;1232
2021;12;00;NO CLASIFICADO;TT;TODAS CONSOLIDADAS;JUNÍN;120000;1198;13187;21285;15,18;10,83;1,19;1,18;1,91;60166;59943;223;71434;71008;426;1727
2021;12;00;NO CLASIFICADO;TT;TODAS CONSOLIDADAS;LAMBAYEQUE;140000;333;3648;5201;31,66;23,93;1,02;1,02;1,04;37881;36691;1190;38584;37350;1234;626
2021;12;00;NO CLASIFICADO;TT;TODAS CONSOLIDADAS;MADRE DE DIOS;170000;286;4188;6995;23,19;19,84;1,19;1,17;1,48;36267;33838;2429;43026;39433;3593;720
2021;12;00;NO CLASIFICADO;TT;TODAS CONSOLIDADAS;MOQUEGUA;180000;159;1510;2573;11,01;9,16;1,17;1,17;1;6224;6211;13;7306;7293;13;185
2021;12;00;NO CLASIFICADO;TT;TODAS CONSOLIDADAS;PASCO;190000;274;3123;4880;16,82;13,32;1,08;1,08;1;18730;18650;80;20143;20063;80;536
2021;12;01;HOTEL;01;1 ESTRELLA;AMAZONAS;010000;1;20;35;0;0;0;0;0;0;0;0;0;0;0;0
2021;12;01;HOTEL;01;1 ESTRELLA;ÁNCASH;020000;12;362;565;22,58;13,29;1;1;0;2328;2328;0;2328;2328;0;60
2021;12;01;HOTEL;01;1 ESTRELLA;APURÍMAC;030000;2;79;112;30,13;24,77;1;1;0;860;860;0;860;860;0;12
2021;12;01;HOTEL;01;1 ESTRELLA;AREQUIPA;040000;6;208;351;39,84;26,54;1,17;1,17;0;2462;2462;0;2888;2888;0;36
2021;12;01;HOTEL;01;1 ESTRELLA;AYACUCHO;050000;8;200;345;9,08;11,63;2,39;2,39;0;521;521;0;1244;1244;0;34
2021;12;01;HOTEL;01;1 ESTRELLA;CAJAMARCA;060000;6;170;292;10,76;8,46;1,1;1,1;0;698;698;0;766;766;0;26
2021;12;01;HOTEL;01;1 ESTRELLA;CALLAO;070000;1;37;74;0;0;0;0;0;0;0;0;0;0;0;0
2021;12;01;HOTEL;01;1 ESTRELLA;CUSCO;080000;5;127;225;8,81;8,49;1,46;1,46;0;405;405;0;592;592;0;20
2021;12;01;HOTEL;01;1 ESTRELLA;HUÁNUCO;100000;9;268;400;53,07;42,87;1,17;1,17;1,33;4536;4453;83;5316;5206;110;47
2021;12;01;HOTEL;01;1 ESTRELLA;ICA;110000;5;102;130;0;0;0;0;0;0;0;0;0;0;0;0
2021;12;01;HOTEL;01;1 ESTRELLA;JUNÍN;120000;5;210;396;13,64;9,37;1,7;1,7;0;675;675;0;1150;1150;0;22
2021;12;01;HOTEL;01;1 ESTRELLA;LA LIBERTAD;130000;2;46;88;0;0;0;0;0;0;0;0;0;0;0;0
2021;12;01;HOTEL;01;1 ESTRELLA;LAMBAYEQUE;140000;3;103;149;0;0;0;0;0;0;0;0;0;0;0;0
2021;12;01;HOTEL;01;1 ESTRELLA;LIMA;150000;10;403;684;52,54;51,7;1,05;1,05;1,1;9230;9160;70;9670;9593;77;53
2021;12;01;HOTEL;01;1 ESTRELLA;MADRE DE DIOS;170000;4;115;200;47,29;39,42;1,07;1,08;1;2275;2247;28;2444;2416;28;21
2021;12;01;HOTEL;01;1 ESTRELLA;MOQUEGUA;180000;1;21;42;1,23;1,31;1,21;1,21;0;14;14;0;17;17;0;4
2021;12;01;HOTEL;01;1 ESTRELLA;PASCO;190000;6;168;272;33,47;22,11;1;1;0;1864;1864;0;1864;1864;0;31
2021;12;01;HOTEL;01;1 ESTRELLA;PUNO;210000;4;106;184;15,49;14,71;1,53;1,53;0;548;548;0;839;839;0;14
2021;12;01;HOTEL;01;1 ESTRELLA;SAN MARTÍN;220000;5;104;170;41,78;33,55;3,16;3,18;1,8;559;554;5;1768;1759;9;18
2021;12;01;HOTEL;02;2 ESTRELLAS;AMAZONAS;010000;25;660;1021;29,48;21,72;1,56;1,56;1,39;4408;4385;23;6875;6843;32;101
2021;12;01;HOTEL;02;2 ESTRELLAS;ÁNCASH;020000;42;1121;2025;24,68;18,26;1,36;1,36;1,21;8403;8365;38;11463;11417;46;179
2021;12;01;HOTEL;02;2 ESTRELLAS;APURÍMAC;030000;4;180;311;11,52;9,58;1,19;1,17;4,2;779;774;5;924;903;21;15
2021;12;01;HOTEL;02;2 ESTRELLAS;AREQUIPA;040000;41;1176;2052;15,42;13,39;1,32;1,31;1,52;6475;6302;173;8518;8255;263;191
2021;12;01;HOTEL;02;2 ESTRELLAS;AYACUCHO;050000;8;244;434;13,56;18,34;1,42;1,42;1,42;1738;1705;33;2467;2420;47;37
2021;12;01;HOTEL;02;2 ESTRELLAS;CAJAMARCA;060000;44;1249;1960;19,81;15,04;1,28;1,28;1,55;7151;7118;33;9140;9089;51;214
2021;12;01;HOTEL;02;2 ESTRELLAS;CALLAO;070000;1;40;67;3,63;3,66;1,13;1,21;1,08;67;28;39;76;34;42;3
2021;12;01;HOTEL;02;2 ESTRELLAS;CUSCO;080000;48;1189;2131;15,65;14,36;1,65;1,49;1,93;5744;3653;2091;9488;5448;4040;266
2021;12;01;HOTEL;02;2 ESTRELLAS;HUANCAVELICA;090000;2;46;85;27,14;20,15;1,64;1,64;0;323;323;0;531;531;0;9
2021;12;01;HOTEL;02;2 ESTRELLAS;HUÁNUCO;100000;39;1213;1898;26,64;22,38;1,12;1,12;1;11783;11777;6;13170;13164;6;193
2021;12;01;HOTEL;02;2 ESTRELLAS;ICA;110000;50;1339;2348;12,13;9,53;1,92;1,92;0;3611;3611;0;6935;6935;0;227
2021;12;01;HOTEL;02;2 ESTRELLAS;JUNÍN;120000;27;835;1457;22,5;16,61;1,51;1,51;1,46;4962;4923;39;7500;7443;57;127
2021;12;01;HOTEL;02;2 ESTRELLAS;LA LIBERTAD;130000;22;609;998;20,8;23,08;1,18;1,17;1,24;6067;5733;334;7140;6727;413;109
2021;12;01;HOTEL;02;2 ESTRELLAS;LAMBAYEQUE;140000;71;1980;2926;17,42;13,65;1,26;1,26;1,11;9820;9741;79;12383;12295;88;304
2021;12;01;HOTEL;02;2 ESTRELLAS;LIMA;150000;121;5146;9159;41,97;35,34;1,24;1,24;1,46;92277;89887;2390;114717;111229;3488;929
2021;12;01;HOTEL;02;2 ESTRELLAS;LORETO;160000;15;379;608;12,54;18,54;2,05;2,02;2,14;1704;1263;441;3494;2552;942;64
2021;12;01;HOTEL;02;2 ESTRELLAS;MADRE DE DIOS;170000;7;223;373;39,38;30,33;1,26;1,26;1,29;2793;2737;56;3507;3435;72;37
2021;12;01;HOTEL;02;2 ESTRELLAS;MOQUEGUA;180000;17;430;727;47,05;30,43;4,98;5;1,5;1377;1369;8;6859;6847;12;77
2021;12;01;HOTEL;02;2 ESTRELLAS;PASCO;190000;5;156;270;0;0;0;0;0;0;0;0;0;0;0;0
2021;12;01;HOTEL;02;2 ESTRELLAS;PIURA;200000;21;500;838;25,99;22,09;1,91;1,92;1,52;2997;2955;42;5738;5674;64;99
2021;12;01;HOTEL;02;2 ESTRELLAS;PUNO;210000;20;489;856;17,19;12,67;1,26;1,26;1,41;2662;2606;56;3363;3284;79;65
2021;12;01;HOTEL;02;2 ESTRELLAS;SAN MARTÍN;220000;30;852;1410;30,57;25,85;1,76;1,76;1,82;6407;6264;143;11301;11041;260;163
2021;12;01;HOTEL;03;3 ESTRELLAS;AMAZONAS;010000;14;330;584;31,87;24,73;1,52;1,55;1,34;2948;2533;415;4478;3920;558;94
2021;12;01;HOTEL;03;3 ESTRELLAS;ÁNCASH;020000;41;1413;2511;21,43;17,78;1,31;1,3;1,63;10587;10339;248;13842;13439;403;270
2021;12;01;HOTEL;03;3 ESTRELLAS;APURÍMAC;030000;3;98;172;44,57;29,54;1,21;1,21;1,14;1301;1272;29;1575;1542;33;19
2021;12;01;HOTEL;03;3 ESTRELLAS;AREQUIPA;040000;63;1858;3471;21,12;17,6;2,02;2,03;1,96;9364;8115;1249;18943;16497;2446;468
2021;12;01;HOTEL;03;3 ESTRELLAS;AYACUCHO;050000;9;311;616;18,69;15,07;2,12;2,14;1,91;1357;1263;94;2877;2697;180;88
2021;12;01;HOTEL;03;3 ESTRELLAS;CAJAMARCA;060000;63;1985;3212;18,33;11,96;1,71;1,71;1,49;6985;6950;35;11912;11860;52;373
2021;12;01;HOTEL;03;3 ESTRELLAS;CALLAO;070000;4;233;396;49,26;43,23;2,75;2,65;3,07;1933;1504;429;5307;3990;1317;41
2021;12;01;HOTEL;03;3 ESTRELLAS;CUSCO;080000;77;2845;5490;22,32;19,66;1,87;2,05;1,73;17901;7922;9979;33465;16224;17241;776
2021;12;01;HOTEL;03;3 ESTRELLAS;HUANCAVELICA;090000;2;65;108;12,16;10,27;1,39;1,39;0;247;247;0;344;344;0;14
2021;12;01;HOTEL;03;3 ESTRELLAS;HUÁNUCO;100000;12;495;897;52,13;56,59;1,91;1,91;1,94;8235;7973;262;15737;15229;508;91
2021;12;01;HOTEL;03;3 ESTRELLAS;ICA;110000;48;1770;3499;35,68;29,06;1,68;1,69;1,6;18740;16507;2233;31520;27945;3575;336
2021;12;01;HOTEL;03;3 ESTRELLAS;JUNÍN;120000;20;765;1409;11,9;8,53;1,32;1,32;1,25;2816;2800;16;3726;3706;20;165
2021;12;01;HOTEL;03;3 ESTRELLAS;LA LIBERTAD;130000;81;2310;4424;27,97;22,9;1,55;1,53;1,76;20266;18954;1312;31401;29088;2313;448
2021;12;01;HOTEL;03;3 ESTRELLAS;LAMBAYEQUE;140000;39;1329;2220;21,76;17,36;1,46;1,46;1,51;8164;7918;246;11945;11574;371;223
2021;12;01;HOTEL;03;3 ESTRELLAS;LIMA;150000;158;8060;15212;31,37;26,62;1,66;1,52;2,08;75745;57558;18187;125539;87751;37788;1579
2021;12;01;HOTEL;03;3 ESTRELLAS;LORETO;160000;21;644;1106;27,41;21,72;2,17;2,18;2,09;3434;3045;389;7446;6633;813;156
2021;12;01;HOTEL;03;3 ESTRELLAS;MADRE DE DIOS;170000;5;195;344;33,68;27,05;1,98;2,01;1,62;1459;1345;114;2885;2700;185;69
2021;12;01;HOTEL;03;3 ESTRELLAS;MOQUEGUA;180000;10;323;592;36,02;24,11;2,01;2,01;2,02;2197;2148;49;4424;4325;99;65
2021;12;01;HOTEL;03;3 ESTRELLAS;PASCO;190000;4;114;217;0;0;0;0;0;0;0;0;0;0;0;0
2021;12;01;HOTEL;03;3 ESTRELLAS;PUNO;210000;25;840;1623;20,02;17,04;1,69;1,72;1,61;5062;3956;1106;8572;6788;1784;156
2021;12;01;HOTEL;03;3 ESTRELLAS;SAN MARTÍN;220000;20;808;1347;19,82;18,57;1,49;1,48;1,76;5196;5039;157;7755;7479;276;134
2021;12;01;HOTEL;04;4 ESTRELLAS;AREQUIPA;040000;10;433;862;26,3;23,88;1,94;1,95;1,89;3293;2677;616;6380;5215;1165;142
2021;12;01;HOTEL;04;4 ESTRELLAS;CAJAMARCA;060000;4;214;393;46,25;43,57;2,53;2,54;2,45;2097;1965;132;5308;4984;324;100
2021;12;01;HOTEL;04;4 ESTRELLAS;CALLAO;070000;2;371;599;80,11;72,97;1,06;1,05;1,06;12815;3779;9036;13550;3978;9572;58
2021;12;01;HOTEL;04;4 ESTRELLAS;CUSCO;080000;12;923;1769;34,29;32,92;2,1;2,11;2,09;8592;3426;5166;18053;7241;10812;300
2021;12;01;HOTEL;04;4 ESTRELLAS;HUÁNUCO;100000;1;61;104;26,65;21,87;1,64;1,65;1,42;431;407;24;705;671;34;22
2021;12;01;HOTEL;04;4 ESTRELLAS;ICA;110000;6;587;1147;35,89;26,96;2,85;2,99;1,8;3369;2949;420;9587;8830;757;180
2021;12;01;HOTEL;04;4 ESTRELLAS;JUNÍN;120000;1;40;66;22,1;18,62;1,61;1,61;0;237;237;0;381;381;0;21
2021;12;01;HOTEL;04;4 ESTRELLAS;LA LIBERTAD;130000;3;206;331;57,78;51,6;2,19;2,19;2,23;2416;2094;322;5295;4577;718;45
2021;12;01;HOTEL;04;4 ESTRELLAS;LAMBAYEQUE;140000;5;332;544;58,33;59,61;1,57;1,52;2,01;6409;5821;588;10052;8871;1181;212
2021;12;01;HOTEL;04;4 ESTRELLAS;LIMA;150000;44;4434;7713;28,17;24,91;1,86;1,61;2,29;31995;20036;11959;59567;32158;27409;1168
2021;12;01;HOTEL;04;4 ESTRELLAS;LORETO;160000;2;90;150;20,97;17,83;2,09;2,1;1,78;397;388;9;829;813;16;27
2021;12;01;HOTEL;04;4 ESTRELLAS;MOQUEGUA;180000;2;123;229;60,06;73,86;12,88;16,11;2,58;407;310;97;5243;4993;250;40
2021;12;01;HOTEL;04;4 ESTRELLAS;PIURA;200000;2;181;361;44,39;37,79;2,06;1,94;3,1;2050;1834;216;4229;3560;669;38
2021;12;00;NO CLASIFICADO;00;NO CATEGORIZADO;TACNA;230000;395;3852;6945;9,66;9,11;1,36;1,38;1,04;14419;13474;945;19606;18619;987;487
2021;12;00;NO CLASIFICADO;TT;TODAS CONSOLIDADAS;TACNA;230000;395;3852;6945;9,66;9,11;1,36;1,38;1,04;14419;13474;945;19606;18619;987;487
2021;12;01;HOTEL;01;1 ESTRELLA;TACNA;230000;2;57;112;10,13;7,6;2,03;2,03;0;130;130;0;264;264;0;5
2021;12;01;HOTEL;02;2 ESTRELLAS;TACNA;230000;29;862;1739;15,19;13,1;1,78;1,79;1,08;3958;3945;13;7061;7047;14;153
2021;12;01;HOTEL;03;3 ESTRELLAS;TACNA;230000;13;449;965;12,05;6,98;1,63;1,64;1,43;1281;1216;65;2087;1994;93;108
2021;12;00;NO CLASIFICADO;00;NO CATEGORIZADO;TUMBES;240000;205;2190;4332;20,83;16,55;2,16;2,16;2,32;10282;10213;69;22220;22060;160;264
2021;12;00;NO CLASIFICADO;TT;TODAS CONSOLIDADAS;PUNO;210000;657;6271;10668;22,22;19,1;1,14;1,14;1,11;55632;52234;3398;63151;59391;3760;1141
2021;12;00;NO CLASIFICADO;00;NO CATEGORIZADO;UCAYALI;250000;431;4867;7517;30,12;28,16;2,13;2,14;1,73;30768;30106;662;65623;64479;1144;873
2021;12;00;NO CLASIFICADO;TT;TODAS CONSOLIDADAS;UCAYALI;250000;431;4867;7517;30,12;28,16;2,13;2,14;1,73;30768;30106;662;65623;64479;1144;873
2021;12;01;HOTEL;02;2 ESTRELLAS;UCAYALI;250000;2;48;65;0;0;0;0;0;0;0;0;0;0;0;0
2021;12;01;HOTEL;03;3 ESTRELLAS;UCAYALI;250000;16;550;917;27,17;21,89;2,06;2,07;1,75;3024;2911;113;6224;6026;198;122
2021;12;00;NO CLASIFICADO;TT;TODAS CONSOLIDADAS;AMAZONAS;010000;250;2381;3790;15,33;11,17;1,34;1,34;1,4;9787;9147;640;13129;12230;899;423
2021;12;00;NO CLASIFICADO;TT;TODAS CONSOLIDADAS;ÁNCASH;020000;570;5676;9800;14,47;12,34;1,28;1,28;1,84;29305;29134;171;37504;37189;315;948
2021;12;00;NO CLASIFICADO;TT;TODAS CONSOLIDADAS;APURÍMAC;030000;448;4193;6450;19,67;14,41;1,07;1,07;1,27;26893;26808;85;28810;28702;108;446
2021;12;00;NO CLASIFICADO;TT;TODAS CONSOLIDADAS;AREQUIPA;040000;1078;9927;16618;23,34;18,84;1,53;1,46;2,07;63463;56308;7155;97064;82253;14811;1863
2021;12;00;NO CLASIFICADO;TT;TODAS CONSOLIDADAS;AYACUCHO;050000;513;5110;8144;6,68;6,38;1,46;1,45;2,57;11009;10841;168;16101;15669;432;580
2021;12;00;NO CLASIFICADO;TT;TODAS CONSOLIDADAS;CALLAO;070000;258;3725;6872;30,86;30,56;1,02;1,02;1,14;110030;108740;1290;111979;110512;1467;978
2021;12;00;NO CLASIFICADO;TT;TODAS CONSOLIDADAS;CUSCO;080000;1642;16523;29968;20,74;18,5;1,72;1,53;2,13;99687;67459;32228;171838;103042;68796;3023
2021;12;00;NO CLASIFICADO;TT;TODAS CONSOLIDADAS;LA LIBERTAD;130000;772;6741;11257;25,47;20,48;1,13;1,13;1,22;63298;62452;846;71481;70449;1032;797
2021;12;00;NO CLASIFICADO;TT;TODAS CONSOLIDADAS;LIMA;150000;5738;50210;87192;24,06;21,26;1,08;1,08;1,08;2432655;2364613;68042;2618712;2545146;73566;31431
2021;12;00;NO CLASIFICADO;TT;TODAS CONSOLIDADAS;LORETO;160000;647;6276;9777;18,96;16,39;1,5;1,4;2,04;33124;28036;5088;49678;39284;10394;750
2021;12;00;NO CLASIFICADO;TT;TODAS CONSOLIDADAS;PIURA;200000;939;9882;18107;37,91;33,15;2,02;1,92;3,07;92303;84323;7980;186052;161576;24476;1779
2021;12;00;NO CLASIFICADO;TT;TODAS CONSOLIDADAS;SAN MARTÍN;220000;684;8086;12590;28;22,94;1,21;1,21;1,43;73905;72892;1013;89528;88076;1452;1088
2021;12;01;HOTEL;03;3 ESTRELLAS;PIURA;200000;16;602;1025;31,45;25,75;2,49;2,39;3,13;3283;2824;459;8182;6746;1436;144
2021;12;00;NO CLASIFICADO;TT;TODAS CONSOLIDADAS;TUMBES;240000;205;2190;4332;20,83;16,55;2,16;2,16;2,32;10282;10213;69;22220;22060;160;264
2021;12;01;HOTEL;03;3 ESTRELLAS;TUMBES;240000;8;256;502;1,22;,65;1;1;0;101;101;0;101;101;0;41
2021;12;01;HOTEL;01;1 ESTRELLA;PIURA;200000;2;40;87;0;0;0;0;0;0;0;0;0;0;0;0
2021;12;01;HOTEL;02;2 ESTRELLAS;TUMBES;240000;8;257;548;95,03;45,24;31,11;31,11;0;247;247;0;7685;7685;0;48
2021;12;01;HOTEL;04;4 ESTRELLAS;PUNO;210000;7;447;842;20,2;16,6;2,05;2,24;1,81;2116;1167;949;4332;2618;1714;116
2021;12;01;HOTEL;04;4 ESTRELLAS;SAN MARTÍN;220000;1;50;108;77,61;71,89;1,84;1,84;1,98;1307;1262;45;2407;2318;89;48
2021;12;01;HOTEL;04;4 ESTRELLAS;TACNA;230000;1;150;300;24,52;19,42;1,85;1,76;3,24;975;912;63;1806;1602;204;32
2021;12;01;HOTEL;04;4 ESTRELLAS;TUMBES;240000;5;265;521;85,09;80,37;1,83;1,84;1,78;7088;6628;460;12981;12164;817;68
2021;12;01;HOTEL;04;4 ESTRELLAS;UCAYALI;250000;5;289;515;37,81;33,89;2,36;2,34;2,55;2297;2098;199;5410;4902;508;77
2021;12;01;HOTEL;05;5 ESTRELLAS;AREQUIPA;040000;3;241;346;41,48;45,66;1,7;1,66;1,88;2883;2335;548;4898;3868;1030;120
2021;12;01;HOTEL;05;5 ESTRELLAS;CUSCO;080000;13;1184;2315;36,12;34,59;1,74;1,89;1,68;14232;4266;9966;24821;8051;16770;758
2021;12;01;HOTEL;05;5 ESTRELLAS;ICA;110000;3;345;796;72,35;60,87;2,05;2,03;2,13;7327;5687;1640;15021;11524;3497;339
2021;12;01;HOTEL;05;5 ESTRELLAS;LA LIBERTAD;130000;1;120;240;56,18;54,19;1,92;1,81;2,59;2096;1790;306;4032;3238;794;67
2021;12;01;HOTEL;05;5 ESTRELLAS;LIMA;150000;23;4068;7338;40,06;29,88;1,79;1,38;2,46;37985;23638;14347;67971;32719;35252;1948
2021;12;01;HOTEL;05;5 ESTRELLAS;LORETO;160000;1;60;91;70,38;80,75;2,12;2,24;1,82;1073;771;302;2278;1727;551;49
2021;12;01;HOTEL;05;5 ESTRELLAS;PIURA;200000;1;83;168;68,87;62,12;2,1;2,03;2,54;1537;1309;228;3235;2657;578;54
2021;12;01;HOTEL;05;5 ESTRELLAS;PUNO;210000;1;123;231;64,62;54,94;1,8;1,79;1,84;2189;1780;409;3934;3180;754;45
2021;12;01;HOTEL;05;5 ESTRELLAS;UCAYALI;250000;2;165;306;37,01;32,92;2,45;2,46;2,29;1276;1151;125;3123;2837;286;57
2021;12;01;HOTEL;TT;TODAS CONSOLIDADAS;AMAZONAS;010000;40;1010;1640;29,67;22,33;1,54;1,56;1,35;7356;6918;438;11353;10763;590;195
2021;12;01;HOTEL;TT;TODAS CONSOLIDADAS;ÁNCASH;020000;95;2896;5101;22,83;17,47;1,3;1,29;1,57;21318;21032;286;27633;27184;449;509
2021;12;01;HOTEL;TT;TODAS CONSOLIDADAS;APURÍMAC;030000;9;357;595;24,71;18,21;1,14;1,14;1,59;2940;2906;34;3359;3305;54;46
2021;12;01;HOTEL;TT;TODAS CONSOLIDADAS;AREQUIPA;040000;123;3916;7082;22,23;18,96;1,7;1,68;1,9;24477;21891;2586;41627;36723;4904;957
2021;12;01;HOTEL;TT;TODAS CONSOLIDADAS;AYACUCHO;050000;25;755;1395;14,49;15,23;1,82;1,82;1,79;3616;3489;127;6588;6361;227;159
2021;12;01;HOTEL;TT;TODAS CONSOLIDADAS;CAJAMARCA;060000;117;3618;5857;20,14;14,94;1,6;1,6;2,14;16931;16731;200;27126;26699;427;713
2021;12;01;HOTEL;TT;TODAS CONSOLIDADAS;CALLAO;070000;8;681;1136;64,2;57,51;1,28;1,51;1,15;16931;6070;10862;21638;9145;12493;117
2021;12;01;HOTEL;TT;TODAS CONSOLIDADAS;CUSCO;080000;155;6268;11930;25,15;23,37;1,84;1,91;1,8;46874;19672;27202;86419;37556;48863;2120
2021;12;01;HOTEL;TT;TODAS CONSOLIDADAS;HUANCAVELICA;090000;4;111;193;18,37;14,62;1,54;1,54;0;570;570;0;875;875;0;23
2021;12;01;HOTEL;TT;TODAS CONSOLIDADAS;HUÁNUCO;100000;61;2037;3299;36,31;34,15;1,4;1,39;1,75;24985;24610;375;34928;34270;658;353
2021;12;01;HOTEL;TT;TODAS CONSOLIDADAS;ICA;110000;112;4143;7920;30,27;25,69;1,91;1,92;1,82;33047;28754;4293;63063;55234;7829;1082
2021;12;01;HOTEL;TT;TODAS CONSOLIDADAS;JUNÍN;120000;53;1850;3328;17,1;12,37;1,47;1,47;1,4;8690;8635;55;12757;12680;77;335
2021;12;01;HOTEL;TT;TODAS CONSOLIDADAS;LA LIBERTAD;130000;109;3291;6081;29,14;25,39;1,55;1,53;1,86;30845;28571;2274;47868;43630;4238;669
2021;12;01;HOTEL;TT;TODAS CONSOLIDADAS;LAMBAYEQUE;140000;118;3744;5839;22,11;18,99;1,41;1,39;1,8;24393;23480;913;34380;32740;1640;739
2021;12;01;HOTEL;TT;TODAS CONSOLIDADAS;LIMA;150000;356;22111;40106;33,91;28,2;1,62;1,42;2,24;239335;181613;57721;387959;258735;129224;6484
2021;12;01;HOTEL;TT;TODAS CONSOLIDADAS;LORETO;160000;39;1173;1955;24,31;23,18;2,13;2,14;2,04;6608;5467;1141;14047;11725;2322;296
2021;12;01;HOTEL;TT;TODAS CONSOLIDADAS;MADRE DE DIOS;170000;16;533;917;39;31,08;1,35;1,35;1,44;6527;6329;198;8836;8551;285;127
2021;12;01;HOTEL;TT;TODAS CONSOLIDADAS;MOQUEGUA;180000;30;897;1590;43,79;33,56;4,14;4,21;2,34;3995;3841;154;16543;16182;361;186
2021;12;01;HOTEL;TT;TODAS CONSOLIDADAS;PASCO;190000;15;438;759;12,84;7,92;1;1;0;1864;1864;0;1864;1864;0;31
2021;12;01;HOTEL;TT;TODAS CONSOLIDADAS;PIURA;200000;42;1406;2479;32,49;27,83;2,17;2,09;2,91;9867;8922;945;21384;18637;2747;335
2021;12;01;HOTEL;TT;TODAS CONSOLIDADAS;PUNO;210000;57;2005;3736;21,87;18,17;1,67;1,66;1,72;12577;10057;2520;21040;16709;4331;396
2021;12;01;HOTEL;TT;TODAS CONSOLIDADAS;SAN MARTÍN;220000;56;1814;3035;27,72;24,69;1,72;1,72;1,81;13469;13119;350;23231;22597;634;363
2021;12;01;HOTEL;TT;TODAS CONSOLIDADAS;TACNA;230000;45;1518;3116;14,99;11,61;1,77;1,76;2,21;6344;6203;141;11218;10907;311;298
2021;12;01;HOTEL;TT;TODAS CONSOLIDADAS;TUMBES;240000;21;778;1571;60,78;42,64;2,79;2,86;1,78;7436;6976;460;20767;19950;817;157
2021;12;01;HOTEL;TT;TODAS CONSOLIDADAS;UCAYALI;250000;25;1052;1803;30,39;26,4;2,24;2,23;2,27;6597;6160;437;14757;13765;992;256
2021;12;02;APART HOTEL;03;3 ESTRELLAS;ÁNCASH;020000;2;16;52;0;0;0;0;0;0;0;0;0;0;0;0
2021;12;02;APART HOTEL;03;3 ESTRELLAS;APURÍMAC;030000;1;21;30;59,6;63,87;1,84;1,84;1,88;323;307;16;594;564;30;8
2021;12;02;APART HOTEL;03;3 ESTRELLAS;AREQUIPA;040000;1;18;36;5,91;5,91;2,36;2,36;0;28;28;0;66;66;0;2
2021;12;02;APART HOTEL;03;3 ESTRELLAS;CAJAMARCA;060000;1;7;12;0;0;0;0;0;0;0;0;0;0;0;0
2021;12;02;APART HOTEL;03;3 ESTRELLAS;ICA;110000;1;10;20;12,9;6,45;2;2;2;20;16;4;40;32;8;4
2021;12;02;APART HOTEL;03;3 ESTRELLAS;LA LIBERTAD;130000;1;11;24;0;0;0;0;0;0;0;0;0;0;0;0
2021;12;02;APART HOTEL;03;3 ESTRELLAS;LIMA;150000;8;206;389;39,77;27,09;4,83;4,89;4,73;676;424;252;3267;2075;1192;39
2021;12;02;APART HOTEL;03;3 ESTRELLAS;LORETO;160000;1;20;36;15,81;12,28;2,45;2,45;0;56;56;0;137;137;0;12
2021;12;02;APART HOTEL;03;3 ESTRELLAS;PASCO;190000;1;15;17;0;0;0;0;0;0;0;0;0;0;0;0
2021;12;02;APART HOTEL;03;3 ESTRELLAS;TUMBES;240000;2;18;50;0;0;0;0;0;0;0;0;0;0;0;0
2021;12;02;APART HOTEL;04;4 ESTRELLAS;AREQUIPA;040000;1;19;32;24,28;21,47;2,48;2,15;3,72;86;68;18;213;146;67;6
2021;12;02;APART HOTEL;04;4 ESTRELLAS;LIMA;150000;9;633;1310;82,67;63,59;2,25;2,09;3,45;11470;10117;1353;25824;21153;4671;378
2021;12;02;APART HOTEL;04;4 ESTRELLAS;LORETO;160000;1;13;23;66;51,61;1,38;1,64;1,29;266;72;194;368;118;250;6
2021;12;02;APART HOTEL;04;4 ESTRELLAS;SAN MARTÍN;220000;1;24;57;54,57;44,99;1,93;1,96;1,73;411;371;40;795;726;69;13
2021;12;02;APART HOTEL;05;5 ESTRELLAS;LIMA;150000;7;480;836;31,09;24;3,06;2,94;3,33;2033;1405;628;6219;4130;2089;164
2021;12;02;APART HOTEL;TT;TODAS CONSOLIDADAS;ÁNCASH;020000;2;16;52;0;0;0;0;0;0;0;0;0;0;0;0
2021;12;02;APART HOTEL;TT;TODAS CONSOLIDADAS;APURÍMAC;030000;1;21;30;59,6;63,87;1,84;1,84;1,88;323;307;16;594;564;30;8
2021;12;02;APART HOTEL;TT;TODAS CONSOLIDADAS;AREQUIPA;040000;2;37;68;15,34;13,24;2,45;2,21;3,72;114;96;18;279;212;67;8
2021;12;02;APART HOTEL;TT;TODAS CONSOLIDADAS;CAJAMARCA;060000;1;7;12;0;0;0;0;0;0;0;0;0;0;0;0
2021;12;02;APART HOTEL;TT;TODAS CONSOLIDADAS;ICA;110000;1;10;20;12,9;6,45;2;2;2;20;16;4;40;32;8;4
2021;12;02;APART HOTEL;TT;TODAS CONSOLIDADAS;LA LIBERTAD;130000;1;11;24;0;0;0;0;0;0;0;0;0;0;0;0
2021;12;02;APART HOTEL;TT;TODAS CONSOLIDADAS;LIMA;150000;24;1319;2535;57,2;44,93;2,49;2,29;3,56;14179;11946;2233;35310;27358;7952;581
2021;12;02;APART HOTEL;TT;TODAS CONSOLIDADAS;LORETO;160000;2;33;59;35,58;27,61;1,57;1,99;1,29;322;128;194;505;255;250;18
2021;12;02;APART HOTEL;TT;TODAS CONSOLIDADAS;PASCO;190000;1;15;17;0;0;0;0;0;0;0;0;0;0;0;0
2021;12;02;APART HOTEL;TT;TODAS CONSOLIDADAS;TUMBES;240000;2;18;50;0;0;0;0;0;0;0;0;0;0;0;0
2021;12;03;HOSTAL;01;1 ESTRELLA;ÁNCASH;020000;43;587;956;37,5;34,27;1,08;1,09;1;9362;9348;14;10157;10143;14;93
2021;12;03;HOSTAL;01;1 ESTRELLA;APURÍMAC;030000;1;10;20;0;0;0;0;0;0;0;0;0;0;0;0
2021;12;03;HOSTAL;01;1 ESTRELLA;AREQUIPA;040000;52;785;1221;19,93;16,25;1,2;1,2;0;5130;5130;0;6149;6149;0;129
2021;12;03;HOSTAL;01;1 ESTRELLA;AYACUCHO;050000;4;91;161;11,02;16,43;2,34;2,34;0;351;351;0;820;820;0;15
2021;12;03;HOSTAL;01;1 ESTRELLA;CAJAMARCA;060000;22;376;598;19,9;13,52;1,09;1,09;0;2302;2302;0;2507;2507;0;65
2021;12;03;HOSTAL;01;1 ESTRELLA;CALLAO;070000;11;204;408;37,86;37,86;1;1;1;5035;5033;3;5035;5033;3;34
2021;12;03;HOSTAL;01;1 ESTRELLA;CUSCO;080000;22;374;616;25,6;26,12;1,07;1,07;1,49;4647;4568;79;4988;4870;118;56
2021;12;03;HOSTAL;01;1 ESTRELLA;HUANCAVELICA;090000;2;29;45;47,16;31,4;1,02;1,02;0;429;429;0;438;438;0;5
2021;12;03;HOSTAL;01;1 ESTRELLA;HUÁNUCO;100000;13;202;313;39,16;24,92;1;1;0;2418;2418;0;2418;2418;0;35
2021;12;03;HOSTAL;01;1 ESTRELLA;ICA;110000;12;162;239;11,53;10,65;1;1;0;789;789;0;789;789;0;27
2021;12;03;HOSTAL;01;1 ESTRELLA;JUNÍN;120000;12;171;294;32,09;24,15;1,43;1,43;1,33;1539;1530;9;2201;2189;12;30
2021;12;03;HOSTAL;01;1 ESTRELLA;LA LIBERTAD;130000;34;473;831;30,4;30,38;2;2;0;3922;3922;0;7826;7826;0;82
2021;12;03;HOSTAL;01;1 ESTRELLA;LAMBAYEQUE;140000;18;226;288;21,4;21,68;1,14;1,14;1,4;1696;1691;5;1936;1929;7;41
2021;12;03;HOSTAL;01;1 ESTRELLA;LIMA;150000;75;1544;2859;21,7;21,66;1,06;1,06;1,14;22056;21703;353;23328;22925;403;313
2021;12;03;HOSTAL;01;1 ESTRELLA;LORETO;160000;6;91;134;6,35;12,35;4,04;4,29;2,91;127;104;23;513;446;67;15
2021;12;03;HOSTAL;01;1 ESTRELLA;MADRE DE DIOS;170000;1;35;68;12,53;10,72;2;2;2;113;110;3;226;220;6;4
2021;12;03;HOSTAL;01;1 ESTRELLA;MOQUEGUA;180000;14;198;359;17,95;13,51;1,28;1,29;1,18;1172;1134;38;1503;1458;45;31
2021;12;03;HOSTAL;01;1 ESTRELLA;PASCO;190000;18;310;463;38,1;19,76;1;1;1;2830;2803;27;2836;2809;27;53
2021;12;03;HOSTAL;01;1 ESTRELLA;PIURA;200000;2;36;51;20,88;14,74;1,96;1,97;1,5;119;115;4;233;227;6;8
2021;12;03;HOSTAL;01;1 ESTRELLA;PUNO;210000;21;359;606;22,22;17,67;1,08;1,1;1;3064;2582;482;3320;2836;484;50
2021;12;03;HOSTAL;01;1 ESTRELLA;SAN MARTÍN;220000;1;20;30;20;15,59;1,24;1,24;0;117;117;0;145;145;0;8
2021;12;03;HOSTAL;01;1 ESTRELLA;TACNA;230000;10;182;321;11,34;10,16;1;1;1;1011;1008;3;1011;1008;3;26
2021;12;03;HOSTAL;02;2 ESTRELLAS;AMAZONAS;010000;51;927;1443;20,02;15,81;1,15;1,1;2,18;6132;5847;285;7073;6451;622;149
2021;12;02;APART HOTEL;TT;TODAS CONSOLIDADAS;SAN MARTÍN;220000;1;24;57;54,57;44,99;1,93;1,96;1,73;411;371;40;795;726;69;13
2021;12;03;HOSTAL;01;1 ESTRELLA;AMAZONAS;010000;15;221;319;48,59;53,29;1,44;1,44;1;3649;3645;4;5270;5266;4;38
2021;12;03;HOSTAL;02;2 ESTRELLAS;ÁNCASH;020000;125;2045;3502;39,68;37,37;1,09;1,09;1,29;37348;37240;108;40566;40427;139;344
2021;12;03;HOSTAL;02;2 ESTRELLAS;APURÍMAC;030000;6;165;249;25,69;22,26;1,16;1,16;1;1486;1484;2;1718;1716;2;26
2021;12;03;HOSTAL;02;2 ESTRELLAS;AREQUIPA;040000;131;2089;3735;24,62;20,34;1,14;1,14;1,18;20590;20126;464;23546;22999;547;358
2021;12;03;HOSTAL;02;2 ESTRELLAS;AYACUCHO;050000;4;51;93;3,23;2,74;1,27;1,29;1;62;58;4;79;75;4;10
2021;12;03;HOSTAL;02;2 ESTRELLAS;CAJAMARCA;060000;112;2084;3230;22,63;18,74;1,56;1,56;1;12009;12006;3;18767;18764;3;336
2021;12;03;HOSTAL;02;2 ESTRELLAS;CALLAO;070000;7;213;400;70,28;71,96;1;1;1;11515;11447;68;11555;11487;68;46
2021;12;03;HOSTAL;02;2 ESTRELLAS;CUSCO;080000;54;906;1562;25,35;24;1,82;1,67;2,23;6376;4610;1766;11619;7684;3935;155
2021;12;03;HOSTAL;02;2 ESTRELLAS;HUANCAVELICA;090000;2;47;77;0;0;0;0;0;0;0;0;0;0;0;0
2021;12;03;HOSTAL;02;2 ESTRELLAS;HUÁNUCO;100000;22;313;506;29,94;23,61;1,04;1,04;1;3575;3571;4;3704;3700;4;63
2021;12;03;HOSTAL;02;2 ESTRELLAS;ICA;110000;60;869;1440;16,13;14,48;1,09;1,09;1;5931;5923;8;6463;6455;8;144
2021;12;03;HOSTAL;02;2 ESTRELLAS;JUNÍN;120000;22;414;782;17,3;14,25;1,28;1,27;1,5;2708;2672;36;3455;3401;54;71
2021;12;03;HOSTAL;02;2 ESTRELLAS;LA LIBERTAD;130000;130;2187;3961;24,15;22,41;1,14;1,14;1,08;24180;23959;221;27522;27284;238;387
2021;12;03;HOSTAL;02;2 ESTRELLAS;LAMBAYEQUE;140000;161;2346;3240;24,34;18,97;1,06;1,06;1,04;17998;17793;205;19056;18842;214;421
2021;12;03;HOSTAL;02;2 ESTRELLAS;LIMA;150000;127;2917;5371;35,05;33,48;1,29;1,2;1,86;60559;52368;8192;78172;62925;15248;699
2021;12;03;HOSTAL;02;2 ESTRELLAS;LORETO;160000;5;79;126;14,33;23,94;1,98;1,96;2,29;473;452;21;935;887;48;18
2021;12;03;HOSTAL;02;2 ESTRELLAS;MADRE DE DIOS;170000;4;111;171;42,72;36,69;1,4;1,41;1,28;1388;1345;43;1945;1890;55;20
2021;12;03;HOSTAL;02;2 ESTRELLAS;MOQUEGUA;180000;56;774;1270;23,82;22,42;2,08;2,08;2,5;4240;4230;10;8828;8803;25;140
2021;12;03;HOSTAL;02;2 ESTRELLAS;PIURA;200000;29;567;930;46,63;37,7;1,94;1,86;2,57;5602;4989;613;10870;9293;1577;121
2021;12;03;HOSTAL;02;2 ESTRELLAS;PUNO;210000;40;625;1182;20,26;14,88;1,56;1,57;1,27;3493;3365;128;5454;5291;163;100
2021;12;03;HOSTAL;02;2 ESTRELLAS;SAN MARTÍN;220000;16;256;417;26,81;22,5;1,89;1,86;2,15;1536;1364;172;2908;2538;370;46
2021;12;03;HOSTAL;02;2 ESTRELLAS;TACNA;230000;21;363;678;30,34;27,54;1,07;1,07;1,06;5425;5408;17;5788;5770;18;64
2021;12;03;HOSTAL;02;2 ESTRELLAS;TUMBES;240000;5;64;138;0;0;0;0;0;0;0;0;0;0;0;0
2021;12;03;HOSTAL;02;2 ESTRELLAS;UCAYALI;250000;2;71;136;25,67;15,87;1,59;1,59;1;421;418;3;669;666;3;22
2021;12;03;HOSTAL;03;3 ESTRELLAS;AMAZONAS;010000;8;125;241;23,66;13,34;1,15;1,15;1;867;857;10;997;987;10;24
2021;12;03;HOSTAL;03;3 ESTRELLAS;ÁNCASH;020000;22;327;606;18,01;15,29;1,86;1,85;2,1;1544;1503;41;2873;2787;86;63
2021;12;03;HOSTAL;03;3 ESTRELLAS;APURÍMAC;030000;1;24;43;40,32;22,51;1,68;1,69;1;179;176;3;300;297;3;7
2021;12;03;HOSTAL;03;3 ESTRELLAS;AREQUIPA;040000;38;579;1018;28,27;22,68;2,01;1,97;2,23;3563;2981;582;7157;5861;1296;144
2021;12;03;HOSTAL;03;3 ESTRELLAS;AYACUCHO;050000;2;38;77;33,45;27,82;2,11;2,14;2;314;264;50;664;564;100;19
2021;12;03;HOSTAL;03;3 ESTRELLAS;CAJAMARCA;060000;49;774;1260;28,42;23,02;1,49;1,48;1,64;6048;5918;130;8990;8777;213;139
2021;12;03;HOSTAL;03;3 ESTRELLAS;CUSCO;080000;24;420;817;16,27;12,52;2;1,73;2,32;1582;860;722;3170;1492;1678;70
2021;12;03;HOSTAL;03;3 ESTRELLAS;HUANCAVELICA;090000;2;20;23;0;0;0;0;0;0;0;0;0;0;0;0
2021;12;03;HOSTAL;03;3 ESTRELLAS;HUÁNUCO;100000;2;45;63;0;0;0;0;0;0;0;0;0;0;0;0
2021;12;03;HOSTAL;03;3 ESTRELLAS;ICA;110000;32;581;1103;55,93;38,34;1,73;1,71;1,97;7560;7002;558;13108;12006;1102;109
2021;12;03;HOSTAL;03;3 ESTRELLAS;JUNÍN;120000;2;47;115;36,1;20,87;1,58;1,57;2,67;471;465;6;744;728;16;30
2021;12;03;HOSTAL;03;3 ESTRELLAS;LA LIBERTAD;130000;58;934;1738;41,84;42,97;1,07;1,07;1,01;21707;21549;158;23149;22989;160;172
2021;12;03;HOSTAL;03;3 ESTRELLAS;LAMBAYEQUE;140000;20;265;379;33,43;24,45;1,33;1,33;1,26;2161;2142;19;2873;2849;24;61
2021;12;03;HOSTAL;03;3 ESTRELLAS;LIMA;150000;17;379;757;16,53;12,91;1,3;1,28;1,54;2390;2200;189;3108;2816;292;81
2021;12;03;HOSTAL;03;3 ESTRELLAS;LORETO;160000;8;117;195;22,83;15,62;1,72;1,7;2,16;548;516;32;944;875;69;28
2021;12;03;HOSTAL;03;3 ESTRELLAS;MADRE DE DIOS;170000;1;22;29;22,14;36,04;2,12;2,13;1,5;153;151;2;324;321;3;2
2021;12;03;HOSTAL;03;3 ESTRELLAS;MOQUEGUA;180000;3;52;90;0;0;0;0;0;0;0;0;0;0;0;0
2021;12;03;HOSTAL;03;3 ESTRELLAS;PASCO;190000;1;9;18;10,39;7,71;1,43;1,43;0;30;30;0;43;43;0;3
2021;12;03;HOSTAL;03;3 ESTRELLAS;PIURA;200000;2;36;76;12,01;20,5;2,82;2,46;4,96;171;146;25;483;359;124;11
2021;12;03;HOSTAL;03;3 ESTRELLAS;PUNO;210000;7;152;265;48,58;34,74;2,28;2,32;1,7;1250;1184;66;2854;2742;112;32
2021;12;03;HOSTAL;03;3 ESTRELLAS;SAN MARTÍN;220000;6;111;243;38,71;34,25;2,07;2,05;2,19;1246;1101;145;2580;2262;318;27
2021;12;03;HOSTAL;03;3 ESTRELLAS;TACNA;230000;6;109;226;10,12;6,82;1,98;1,98;0;242;242;0;478;478;0;19
2021;12;03;HOSTAL;03;3 ESTRELLAS;TUMBES;240000;5;83;164;53,44;37,41;1,26;1,26;0;1508;1508;0;1902;1902;0;14
2021;12;03;HOSTAL;03;3 ESTRELLAS;UCAYALI;250000;1;35;52;12,35;11,66;1,84;1,84;0;102;102;0;188;188;0;5
2021;12;03;HOSTAL;TT;TODAS CONSOLIDADAS;AMAZONAS;010000;74;1273;2003;25,34;21,48;1,25;1,23;2,13;10648;10349;299;13340;12704;636;211
2021;12;03;HOSTAL;TT;TODAS CONSOLIDADAS;ÁNCASH;020000;190;2959;5064;36,85;34,14;1,11;1,11;1,47;48254;48091;163;53596;53357;239;500
2021;12;03;HOSTAL;TT;TODAS CONSOLIDADAS;APURÍMAC;030000;8;199;312;26,16;20,86;1,21;1,21;1;1665;1660;5;2018;2013;5;33
2021;12;03;HOSTAL;TT;TODAS CONSOLIDADAS;AREQUIPA;040000;221;3453;5974;24,17;19,9;1,26;1,24;1,76;29283;28237;1046;36852;35009;1843;631
2021;12;03;HOSTAL;TT;TODAS CONSOLIDADAS;AYACUCHO;050000;10;180;331;13,55;15,23;2,15;2,17;1,93;727;673;54;1563;1459;104;44
2021;12;03;HOSTAL;TT;TODAS CONSOLIDADAS;CAJAMARCA;060000;183;3234;5088;23,7;19,19;1,49;1,49;1,62;20359;20226;133;30264;30048;216;540
2021;12;03;HOSTAL;TT;TODAS CONSOLIDADAS;CALLAO;070000;18;417;808;54,02;54,46;1;1;1;15363;15302;62;15398;15336;62;77
2021;12;03;HOSTAL;TT;TODAS CONSOLIDADAS;CUSCO;080000;100;1700;2995;23,16;21,3;1,57;1,4;2,23;12605;10038;2567;19777;14046;5731;281
2021;12;03;HOSTAL;TT;TODAS CONSOLIDADAS;HUANCAVELICA;090000;6;96;145;14,25;9,74;1,02;1,02;0;429;429;0;438;438;0;5
2021;12;03;HOSTAL;TT;TODAS CONSOLIDADAS;ICA;110000;104;1612;2782;30,01;23,61;1,43;1,4;1,96;14280;13714;566;20360;19250;1110;280
2021;12;03;HOSTAL;TT;TODAS CONSOLIDADAS;JUNÍN;120000;36;632;1191;22,7;17,33;1,36;1,35;1,61;4718;4667;51;6400;6318;82;131
2021;12;03;HOSTAL;TT;TODAS CONSOLIDADAS;LA LIBERTAD;130000;222;3594;6530;29,57;28,9;1,17;1,18;1,05;49809;49430;379;58497;58099;398;641
2021;12;03;HOSTAL;TT;TODAS CONSOLIDADAS;LAMBAYEQUE;140000;199;2837;3907;24,96;19,7;1,09;1,09;1,07;21855;21626;229;23865;23620;245;523
2021;12;03;HOSTAL;TT;TODAS CONSOLIDADAS;LIMA;150000;219;4840;8987;27,43;25,94;1,22;1,16;1,8;74722;67558;7163;91515;78600;12915;1071
2021;12;03;HOSTAL;TT;TODAS CONSOLIDADAS;LORETO;160000;19;287;455;15,26;16,96;2,08;2,06;2,42;1148;1072;76;2392;2208;184;61
2021;12;03;HOSTAL;TT;TODAS CONSOLIDADAS;MADRE DE DIOS;170000;6;168;268;33,74;30,03;1,51;1,51;1,33;1654;1606;48;2495;2431;64;26
2021;12;03;HOSTAL;TT;TODAS CONSOLIDADAS;MOQUEGUA;180000;73;1024;1719;21,48;19,39;1,91;1,91;1,46;5412;5364;48;10331;10261;70;171
2021;12;03;HOSTAL;TT;TODAS CONSOLIDADAS;PASCO;190000;30;508;837;30,04;15,59;1,11;1,11;1;3638;3611;27;4046;4019;27;89
2021;12;03;HOSTAL;TT;TODAS CONSOLIDADAS;PIURA;200000;33;639;1057;43,23;35,36;1,97;1,88;2,66;5892;5250;642;11586;9879;1707;140
2021;12;03;HOSTAL;TT;TODAS CONSOLIDADAS;PUNO;210000;68;1136;2053;24,67;18,27;1,49;1,52;1,12;7807;7131;676;11628;10869;759;182
2021;12;03;HOSTAL;TT;TODAS CONSOLIDADAS;SAN MARTÍN;220000;23;387;690;29,87;26,33;1,94;1,92;2,17;2899;2582;317;5633;4945;688;81
2021;12;03;HOSTAL;TT;TODAS CONSOLIDADAS;TACNA;230000;37;654;1225;21,68;19,16;1,09;1,09;1,05;6678;6658;20;7277;7256;21;109
2021;12;03;HOSTAL;TT;TODAS CONSOLIDADAS;TUMBES;240000;10;147;302;30,17;20,32;1,26;1,26;0;1508;1508;0;1902;1902;0;14
2021;12;03;HOSTAL;TT;TODAS CONSOLIDADAS;UCAYALI;250000;3;106;188;21,27;14,7;1,64;1,64;1;523;520;3;857;854;3;27
2021;12;05;ALBERGUE;12;ALBERGUE;AMAZONAS;010000;1;6;11;0;0;0;0;0;0;0;0;0;0;0;0
2021;12;05;ALBERGUE;12;ALBERGUE;ÁNCASH;020000;8;78;170;0;0;0;0;0;0;0;0;0;0;0;0
2021;12;05;ALBERGUE;12;ALBERGUE;APURÍMAC;030000;1;8;21;0;0;0;0;0;0;0;0;0;0;0;0
2021;12;05;ALBERGUE;12;ALBERGUE;AREQUIPA;040000;5;99;239;31,93;28,42;1,49;1,51;1,47;1411;928;483;2106;1397;709;101
2021;12;05;ALBERGUE;12;ALBERGUE;CAJAMARCA;060000;1;11;22;0;0;0;0;0;0;0;0;0;0;0;0
2021;12;05;ALBERGUE;12;ALBERGUE;CUSCO;080000;17;235;756;37,04;30,48;1,39;1,34;1,4;5157;1232;3925;7144;1646;5498;71
2021;12;05;ALBERGUE;12;ALBERGUE;ICA;110000;2;18;43;23,48;23,93;1,53;1,53;1;209;206;3;319;316;3;5
2021;12;05;ALBERGUE;12;ALBERGUE;JUNÍN;120000;1;32;104;21,17;14,42;1,88;1,88;2;247;240;7;465;451;14;16
2021;12;05;ALBERGUE;12;ALBERGUE;LIMA;150000;8;127;269;45,69;32,91;2,04;2,07;2,02;1346;500;846;2744;1035;1709;33
2021;12;05;ALBERGUE;12;ALBERGUE;LORETO;160000;58;735;1615;12,96;19,65;1,66;1,54;2,31;5941;5041;900;9839;7757;2082;182
2021;12;05;ALBERGUE;12;ALBERGUE;MADRE DE DIOS;170000;7;179;374;0;0;0;0;0;0;0;0;0;0;0;0
2021;12;05;ALBERGUE;12;ALBERGUE;PASCO;190000;16;228;634;14,42;8,57;1,37;1,37;1,24;1230;1213;17;1684;1663;21;40
2021;12;05;ALBERGUE;12;ALBERGUE;PUNO;210000;1;13;35;0;0;0;0;0;0;0;0;0;0;0;0
2021;12;05;ALBERGUE;12;ALBERGUE;SAN MARTÍN;220000;10;191;444;30,94;23,09;2,68;2,54;3,04;1187;867;320;3178;2205;973;50
2021;12;05;ALBERGUE;12;ALBERGUE;UCAYALI;250000;4;44;115;29,03;20,06;2,76;1,81;4,35;259;162;97;715;293;422;24
2021;12;05;ALBERGUE;TT;TODAS CONSOLIDADAS;AMAZONAS;010000;1;6;11;0;0;0;0;0;0;0;0;0;0;0;0
2021;12;05;ALBERGUE;TT;TODAS CONSOLIDADAS;ÁNCASH;020000;8;78;170;0;0;0;0;0;0;0;0;0;0;0;0
2021;12;05;ALBERGUE;TT;TODAS CONSOLIDADAS;APURÍMAC;030000;1;8;21;0;0;0;0;0;0;0;0;0;0;0;0
2021;12;05;ALBERGUE;TT;TODAS CONSOLIDADAS;AREQUIPA;040000;5;99;239;31,93;28,42;1,49;1,51;1,47;1411;928;483;2106;1397;709;101
2021;12;05;ALBERGUE;TT;TODAS CONSOLIDADAS;CAJAMARCA;060000;1;11;22;0;0;0;0;0;0;0;0;0;0;0;0
2021;12;05;ALBERGUE;TT;TODAS CONSOLIDADAS;CUSCO;080000;17;235;756;37,04;30,48;1,39;1,34;1,4;5157;1232;3925;7144;1646;5498;71
2021;12;05;ALBERGUE;TT;TODAS CONSOLIDADAS;ICA;110000;2;18;43;23,48;23,93;1,53;1,53;1;209;206;3;319;316;3;5
2021;12;05;ALBERGUE;TT;TODAS CONSOLIDADAS;JUNÍN;120000;1;32;104;21,17;14,42;1,88;1,88;2;247;240;7;465;451;14;16
2021;12;05;ALBERGUE;TT;TODAS CONSOLIDADAS;LIMA;150000;8;127;269;45,69;32,91;2,04;2,07;2,02;1346;500;846;2744;1035;1709;33
2021;12;05;ALBERGUE;TT;TODAS CONSOLIDADAS;LORETO;160000;58;735;1615;12,96;19,65;1,66;1,54;2,31;5941;5041;900;9839;7757;2082;182
2021;12;05;ALBERGUE;TT;TODAS CONSOLIDADAS;MADRE DE DIOS;170000;7;179;374;0;0;0;0;0;0;0;0;0;0;0;0
2021;12;05;ALBERGUE;TT;TODAS CONSOLIDADAS;PASCO;190000;16;228;634;14,42;8,57;1,37;1,37;1,24;1230;1213;17;1684;1663;21;40
2021;12;05;ALBERGUE;TT;TODAS CONSOLIDADAS;PUNO;210000;1;13;35;0;0;0;0;0;0;0;0;0;0;0;0
2021;12;05;ALBERGUE;TT;TODAS CONSOLIDADAS;SAN MARTÍN;220000;10;191;444;30,94;23,09;2,68;2,54;3,04;1187;867;320;3178;2205;973;50
2021;12;05;ALBERGUE;TT;TODAS CONSOLIDADAS;UCAYALI;250000;4;44;115;29,03;20,06;2,76;1,81;4,35;259;162;97;715;293;422;24
2021;12;14;RESORT;03;3 ESTRELLAS;ICA;110000;1;51;86;0;0;0;0;0;0;0;0;0;0;0;0
2021;12;14;RESORT;04;4 ESTRELLAS;TUMBES;240000;1;402;804;82,11;101,08;2,75;2,73;3,63;9154;8946;208;25193;24439;754;501
2021;12;14;RESORT;05;5 ESTRELLAS;ICA;110000;1;115;250;67,83;82,95;1,95;1,95;1,92;3300;2966;334;6429;5787;642;90
2021;12;14;RESORT;TT;TODAS CONSOLIDADAS;ICA;110000;2;166;336;46,99;61,72;1,95;1,95;1,92;3300;2966;334;6429;5787;642;90
2021;12;14;RESORT;TT;TODAS CONSOLIDADAS;TUMBES;240000;1;402;804;82,11;101,08;2,75;2,73;3,63;9154;8946;208;25193;24439;754;501
2021;12;16;ECOLODGE;13;ECOLODGE;AREQUIPA;040000;1;23;51;7,01;9,61;1,77;1,78;1,76;86;37;49;152;66;86;8
2021;12;16;ECOLODGE;13;ECOLODGE;SAN MARTÍN;220000;1;12;24;0;0;0;0;0;0;0;0;0;0;0;0
2021;12;16;ECOLODGE;TT;TODAS CONSOLIDADAS;AREQUIPA;040000;1;23;51;7,01;9,61;1,77;1,78;1,76;86;37;49;152;66;86;8
2021;12;16;ECOLODGE;TT;TODAS CONSOLIDADAS;SAN MARTÍN;220000;1;12;24;0;0;0;0;0;0;0;0;0;0;0;0
2021;12;TT;TODAS CONSOLIDADAS;00;NO CATEGORIZADO;AMAZONAS;010000;250;2381;3790;15,33;11,17;1,34;1,34;1,4;9787;9147;640;13129;12230;899;423
2021;12;TT;TODAS CONSOLIDADAS;00;NO CATEGORIZADO;ÁNCASH;020000;570;5676;9800;14,47;12,34;1,28;1,28;1,84;29305;29134;171;37504;37189;315;948
2021;12;TT;TODAS CONSOLIDADAS;00;NO CATEGORIZADO;APURÍMAC;030000;448;4193;6450;19,67;14,41;1,07;1,07;1,27;26893;26808;85;28810;28702;108;446
2021;12;TT;TODAS CONSOLIDADAS;00;NO CATEGORIZADO;AREQUIPA;040000;1078;9927;16618;23,34;18,84;1,53;1,46;2,07;63463;56308;7155;97064;82253;14811;1863
2021;12;TT;TODAS CONSOLIDADAS;00;NO CATEGORIZADO;AYACUCHO;050000;513;5110;8144;6,68;6,38;1,46;1,45;2,57;11009;10841;168;16101;15669;432;580
2021;12;TT;TODAS CONSOLIDADAS;00;NO CATEGORIZADO;CAJAMARCA;060000;567;5835;9036;16,41;13,56;1,19;1,19;1,2;32029;32014;15;37990;37972;18;725
2021;12;TT;TODAS CONSOLIDADAS;00;NO CATEGORIZADO;CALLAO;070000;258;3725;6872;30,86;30,56;1,02;1,02;1,14;110030;108740;1290;111979;110512;1467;978
2021;12;TT;TODAS CONSOLIDADAS;00;NO CATEGORIZADO;CUSCO;080000;1642;16523;29968;20,74;18,5;1,72;1,53;2,13;99687;67459;32228;171838;103042;68796;3023
2021;12;TT;TODAS CONSOLIDADAS;00;NO CATEGORIZADO;HUANCAVELICA;090000;176;2120;3250;19,22;16,54;1,13;1,13;1;14804;14790;14;16668;16654;14;269
2021;12;TT;TODAS CONSOLIDADAS;00;NO CATEGORIZADO;HUÁNUCO;100000;450;5246;7759;19,07;15,33;1,09;1,09;1;33942;33932;10;36873;36863;10;639
2021;12;TT;TODAS CONSOLIDADAS;00;NO CATEGORIZADO;ICA;110000;681;8071;13952;17,68;14,93;1,35;1,33;1,42;47749;34265;13484;64566;45411;19155;1232
2021;12;TT;TODAS CONSOLIDADAS;00;NO CATEGORIZADO;JUNÍN;120000;1198;13187;21285;15,18;10,83;1,19;1,18;1,91;60166;59943;223;71434;71008;426;1727
2021;12;TT;TODAS CONSOLIDADAS;00;NO CATEGORIZADO;LA LIBERTAD;130000;772;6741;11257;25,47;20,48;1,13;1,13;1,22;63298;62452;846;71481;70449;1032;797
2021;12;TT;TODAS CONSOLIDADAS;00;NO CATEGORIZADO;LAMBAYEQUE;140000;333;3648;5201;31,66;23,93;1,02;1,02;1,04;37881;36691;1190;38584;37350;1234;626
2021;12;TT;TODAS CONSOLIDADAS;00;NO CATEGORIZADO;LIMA;150000;5738;50210;87192;24,06;21,26;1,08;1,08;1,08;2432655;2364613;68042;2618712;2545146;73566;31431
2021;12;TT;TODAS CONSOLIDADAS;00;NO CATEGORIZADO;LORETO;160000;647;6276;9777;18,96;16,39;1,5;1,4;2,04;33124;28036;5088;49678;39284;10394;750
2021;12;TT;TODAS CONSOLIDADAS;00;NO CATEGORIZADO;MADRE DE DIOS;170000;286;4188;6995;23,19;19,84;1,19;1,17;1,48;36267;33838;2429;43026;39433;3593;720
2021;12;TT;TODAS CONSOLIDADAS;00;NO CATEGORIZADO;MOQUEGUA;180000;159;1510;2573;11,01;9,16;1,17;1,17;1;6224;6211;13;7306;7293;13;185
2021;12;TT;TODAS CONSOLIDADAS;00;NO CATEGORIZADO;PASCO;190000;274;3123;4880;16,82;13,32;1,08;1,08;1;18730;18650;80;20143;20063;80;536
2021;12;TT;TODAS CONSOLIDADAS;00;NO CATEGORIZADO;PIURA;200000;939;9882;18107;37,91;33,15;2,02;1,92;3,07;92303;84323;7980;186052;161576;24476;1779
2021;12;TT;TODAS CONSOLIDADAS;00;NO CATEGORIZADO;SAN MARTÍN;220000;684;8086;12590;28;22,94;1,21;1,21;1,43;73905;72892;1013;89528;88076;1452;1088
2021;12;TT;TODAS CONSOLIDADAS;00;NO CATEGORIZADO;TACNA;230000;395;3852;6945;9,66;9,11;1,36;1,38;1,04;14419;13474;945;19606;18619;987;487
2021;12;TT;TODAS CONSOLIDADAS;00;NO CATEGORIZADO;TUMBES;240000;205;2190;4332;20,83;16,55;2,16;2,16;2,32;10282;10213;69;22220;22060;160;264
2021;12;TT;TODAS CONSOLIDADAS;00;NO CATEGORIZADO;UCAYALI;250000;431;4867;7517;30,12;28,16;2,13;2,14;1,73;30768;30106;662;65623;64479;1144;873
2021;12;TT;TODAS CONSOLIDADAS;01;1 ESTRELLA;AMAZONAS;010000;16;241;354;44,56;48,02;1,44;1,44;1;3649;3645;4;5270;5266;4;38
2021;12;TT;TODAS CONSOLIDADAS;01;1 ESTRELLA;ÁNCASH;020000;55;949;1521;31,81;26,48;1,07;1,07;1;11690;11676;14;12485;12471;14;153
2021;12;TT;TODAS CONSOLIDADAS;01;1 ESTRELLA;APURÍMAC;030000;3;89;132;26,75;21,02;1;1;0;860;860;0;860;860;0;12
2021;12;TT;TODAS CONSOLIDADAS;01;1 ESTRELLA;AREQUIPA;040000;58;993;1572;24,1;18,54;1,19;1,19;0;7592;7592;0;9037;9037;0;165
2021;12;TT;TODAS CONSOLIDADAS;01;1 ESTRELLA;AYACUCHO;050000;12;291;506;9,69;13,16;2,37;2,37;0;872;872;0;2064;2064;0;49
2021;12;TT;TODAS CONSOLIDADAS;01;1 ESTRELLA;CAJAMARCA;060000;28;546;890;17,05;11,86;1,09;1,09;0;3000;3000;0;3273;3273;0;91
2021;12;TT;TODAS CONSOLIDADAS;01;1 ESTRELLA;CALLAO;070000;12;241;482;37,86;37,86;1;1;1;5493;5490;3;5493;5490;3;38
2021;12;TT;TODAS CONSOLIDADAS;01;1 ESTRELLA;CUSCO;080000;27;501;841;21,34;21,4;1,1;1,1;1,49;5052;4973;79;5580;5462;118;76
2021;12;TT;TODAS CONSOLIDADAS;01;1 ESTRELLA;HUANCAVELICA;090000;2;29;45;47,16;31,4;1,02;1,02;0;429;429;0;438;438;0;5
2021;12;TT;TODAS CONSOLIDADAS;01;1 ESTRELLA;HUÁNUCO;100000;22;470;713;47,09;34,99;1,11;1,11;1,33;6954;6871;83;7734;7624;110;82
2021;12;TT;TODAS CONSOLIDADAS;01;1 ESTRELLA;ICA;110000;17;264;369;7,07;6,9;1;1;0;789;789;0;789;789;0;27
2021;12;TT;TODAS CONSOLIDADAS;01;1 ESTRELLA;JUNÍN;120000;17;381;690;21,92;15,67;1,51;1,51;1,33;2214;2205;9;3351;3339;12;52
2021;12;TT;TODAS CONSOLIDADAS;01;1 ESTRELLA;LA LIBERTAD;130000;36;519;919;27,7;27,47;2;2;0;3922;3922;0;7826;7826;0;82
2021;12;TT;TODAS CONSOLIDADAS;01;1 ESTRELLA;LAMBAYEQUE;140000;21;329;437;14,7;14,29;1,14;1,14;1,4;1696;1691;5;1936;1929;7;41
2021;12;TT;TODAS CONSOLIDADAS;01;1 ESTRELLA;LIMA;150000;85;1947;3543;26,3;25,86;1,05;1,05;1,13;30937;30515;422;32634;32155;479;365
2021;12;TT;TODAS CONSOLIDADAS;01;1 ESTRELLA;LORETO;160000;6;91;134;6,35;12,35;4,04;4,29;2,91;127;104;23;513;446;67;15
2021;12;TT;TODAS CONSOLIDADAS;01;1 ESTRELLA;MADRE DE DIOS;170000;5;150;268;39,18;32,14;1,12;1,12;1,1;2388;2357;31;2670;2636;34;25
2021;12;TT;TODAS CONSOLIDADAS;01;1 ESTRELLA;MOQUEGUA;180000;15;219;401;16,35;12,23;1,28;1,28;1,18;1186;1148;38;1520;1475;45;35
2021;12;TT;TODAS CONSOLIDADAS;01;1 ESTRELLA;PASCO;190000;24;478;735;36,47;20,63;1;1;1;4694;4667;27;4700;4673;27;84
2021;12;TT;TODAS CONSOLIDADAS;01;1 ESTRELLA;PIURA;200000;4;76;138;9,89;5,45;1,96;1,97;1,5;119;115;4;233;227;6;8
2021;12;TT;TODAS CONSOLIDADAS;01;1 ESTRELLA;PUNO;210000;25;465;790;20,69;16,98;1,15;1,17;1;3612;3130;482;4159;3675;484;64
2021;12;TT;TODAS CONSOLIDADAS;01;1 ESTRELLA;SAN MARTÍN;220000;6;124;200;38,27;30,85;2,83;2,84;1,8;676;671;5;1913;1904;9;26
2021;12;TT;TODAS CONSOLIDADAS;01;1 ESTRELLA;TACNA;230000;12;239;433;11,05;9,5;1,12;1,12;1;1141;1138;3;1275;1272;3;31
2021;12;TT;TODAS CONSOLIDADAS;02;2 ESTRELLAS;AMAZONAS;010000;76;1587;2464;23,95;18,26;1,32;1,3;2,12;10540;10232;308;13948;13294;654;250
2021;12;TT;TODAS CONSOLIDADAS;02;2 ESTRELLAS;ÁNCASH;020000;167;3166;5527;34,37;30,37;1,14;1,14;1,27;45751;45605;146;52029;51844;185;523
2021;12;TT;TODAS CONSOLIDADAS;02;2 ESTRELLAS;APURÍMAC;030000;10;345;560;18,3;15,22;1,17;1,16;3,29;2265;2258;7;2642;2619;23;41
2021;12;TT;TODAS CONSOLIDADAS;02;2 ESTRELLAS;AREQUIPA;040000;172;3265;5787;21,3;17,87;1,18;1,18;1,27;27065;26428;637;32064;31254;810;549
2021;12;TT;TODAS CONSOLIDADAS;02;2 ESTRELLAS;AYACUCHO;050000;12;295;527;11,78;15,58;1,41;1,42;1,38;1800;1763;37;2546;2495;51;47
2021;12;TT;TODAS CONSOLIDADAS;02;2 ESTRELLAS;CAJAMARCA;060000;156;3333;5190;21,58;17,35;1,46;1,46;1,5;19160;19124;36;27907;27853;54;550
2021;12;TT;TODAS CONSOLIDADAS;02;2 ESTRELLAS;CALLAO;070000;8;253;467;56,61;59,35;1;1;1,04;10635;10510;125;10686;10557;130;46
2021;12;TT;TODAS CONSOLIDADAS;02;2 ESTRELLAS;CUSCO;080000;102;2095;3693;19,85;18,44;1,74;1,59;2,07;12120;8263;3857;21107;13132;7975;421
2021;12;TT;TODAS CONSOLIDADAS;02;2 ESTRELLAS;HUANCAVELICA;090000;4;93;162;13,42;10,57;1,64;1,64;0;323;323;0;531;531;0;9
2021;12;TT;TODAS CONSOLIDADAS;02;2 ESTRELLAS;HUÁNUCO;100000;61;1526;2404;27,32;22,64;1,1;1,1;1;15358;15348;10;16874;16864;10;256
2021;12;TT;TODAS CONSOLIDADAS;02;2 ESTRELLAS;ICA;110000;110;2208;3788;13,7;11,41;1,4;1,4;1;9542;9534;8;13398;13390;8;371
2021;12;TT;TODAS CONSOLIDADAS;02;2 ESTRELLAS;JUNÍN;120000;49;1249;2239;20,77;15,78;1,43;1,43;1,48;7670;7595;75;10955;10844;111;198
2021;12;TT;TODAS CONSOLIDADAS;02;2 ESTRELLAS;LA LIBERTAD;130000;152;2796;4959;23,42;22,55;1,15;1,15;1,17;30247;29692;555;34662;34011;651;496
2021;12;TT;TODAS CONSOLIDADAS;02;2 ESTRELLAS;LAMBAYEQUE;140000;232;4326;6166;21,18;16,45;1,13;1,13;1,06;27818;27534;284;31439;31137;302;725
2021;12;TT;TODAS CONSOLIDADAS;02;2 ESTRELLAS;LIMA;150000;248;8063;14530;39,98;34,79;1,26;1,23;1,73;162449;153372;9077;204075;188407;15668;1701
2021;12;TT;TODAS CONSOLIDADAS;02;2 ESTRELLAS;LORETO;160000;20;458;734;12,85;19,46;2,03;2,01;2,14;2177;1715;462;4429;3439;990;82
2021;12;TT;TODAS CONSOLIDADAS;02;2 ESTRELLAS;MADRE DE DIOS;170000;11;334;544;40,49;32,33;1,3;1,3;1,28;4181;4082;99;5452;5325;127;57
2021;12;TT;TODAS CONSOLIDADAS;02;2 ESTRELLAS;MOQUEGUA;180000;73;1204;1997;32,12;25,34;2,79;2,8;2,06;5617;5599;18;15687;15650;37;217
2021;12;TT;TODAS CONSOLIDADAS;02;2 ESTRELLAS;PASCO;190000;16;345;626;9,73;6,01;1,5;1,5;0;778;778;0;1167;1167;0;33
2021;12;TT;TODAS CONSOLIDADAS;02;2 ESTRELLAS;PIURA;200000;50;1067;1768;36,96;30,3;1,93;1,88;2,51;8599;7944;655;16608;14967;1641;220
2021;12;TT;TODAS CONSOLIDADAS;02;2 ESTRELLAS;PUNO;210000;60;1114;2038;18,91;13,96;1,43;1,44;1,32;6155;5971;184;8817;8575;242;165
2021;12;TT;TODAS CONSOLIDADAS;02;2 ESTRELLAS;SAN MARTÍN;220000;46;1108;1827;29,7;25,09;1,79;1,78;2;7943;7628;315;14209;13579;630;209
2021;12;TT;TODAS CONSOLIDADAS;02;2 ESTRELLAS;TACNA;230000;50;1225;2417;19,68;17,15;1,37;1,37;1,07;9383;9353;30;12849;12817;32;217
2021;12;TT;TODAS CONSOLIDADAS;02;2 ESTRELLAS;TUMBES;240000;13;321;686;76,08;36,14;31,11;31,11;0;247;247;0;7685;7685;0;48
2021;12;TT;TODAS CONSOLIDADAS;02;2 ESTRELLAS;UCAYALI;250000;4;119;201;15,32;10,74;1,59;1,59;1;421;418;3;669;666;3;22
2021;12;TT;TODAS CONSOLIDADAS;03;3 ESTRELLAS;AMAZONAS;010000;22;455;825;29,61;21,41;1,44;1,45;1,34;3815;3390;425;5475;4907;568;118
2021;12;TT;TODAS CONSOLIDADAS;03;3 ESTRELLAS;ÁNCASH;020000;65;1756;3169;20,59;17,01;1,38;1,37;1,69;12131;11842;289;16715;16226;489;333
2021;12;TT;TODAS CONSOLIDADAS;03;3 ESTRELLAS;APURÍMAC;030000;5;143;245;46,06;32,51;1,37;1,37;1,38;1803;1755;48;2469;2403;66;34
2021;12;TT;TODAS CONSOLIDADAS;03;3 ESTRELLAS;AREQUIPA;040000;102;2455;4525;22,69;18,65;2,02;2,02;2,04;12955;11124;1831;26166;22424;3742;614
2021;12;TT;TODAS CONSOLIDADAS;03;3 ESTRELLAS;AYACUCHO;050000;11;349;693;20,3;16,48;2,12;2,14;1,94;1671;1527;144;3541;3261;280;107
2021;12;TT;TODAS CONSOLIDADAS;03;3 ESTRELLAS;CALLAO;070000;4;233;396;49,26;43,23;2,75;2,65;3,07;1933;1504;429;5307;3990;1317;41
2021;12;TT;TODAS CONSOLIDADAS;03;3 ESTRELLAS;HUANCAVELICA;090000;4;85;131;9,3;8,47;1,39;1,39;0;247;247;0;344;344;0;14
2021;12;TT;TODAS CONSOLIDADAS;03;3 ESTRELLAS;HUÁNUCO;100000;14;540;960;47,79;52,88;1,91;1,91;1,94;8235;7973;262;15737;15229;508;91
2021;12;TT;TODAS CONSOLIDADAS;03;3 ESTRELLAS;ICA;110000;82;2412;4708;39,71;30,61;1,7;1,7;1,68;26320;23525;2795;44668;39983;4685;449
2021;12;TT;TODAS CONSOLIDADAS;03;3 ESTRELLAS;JUNÍN;120000;22;812;1524;13,3;9,46;1,36;1,36;1,64;3287;3265;22;4470;4434;36;195
2021;12;TT;TODAS CONSOLIDADAS;03;3 ESTRELLAS;LA LIBERTAD;130000;140;3255;6186;31,85;28,45;1,3;1,29;1,68;41973;40503;1470;54550;52077;2473;620
2021;12;TT;TODAS CONSOLIDADAS;03;3 ESTRELLAS;LAMBAYEQUE;140000;59;1594;2599;23,7;18,39;1,44;1,43;1,49;10325;10060;265;14818;14423;395;284
2021;12;TT;TODAS CONSOLIDADAS;03;3 ESTRELLAS;LIMA;150000;183;8645;16358;30,94;26,02;1,67;1,54;2,11;79102;60383;18719;132455;92984;39471;1703
2021;12;TT;TODAS CONSOLIDADAS;03;3 ESTRELLAS;LORETO;160000;30;781;1337;26,43;20,57;2,11;2,11;2,1;4038;3617;421;8527;7645;882;196
2021;12;TT;TODAS CONSOLIDADAS;03;3 ESTRELLAS;MADRE DE DIOS;170000;6;217;373;32,51;27,75;1,99;2,02;1,62;1612;1496;116;3209;3021;188;71
2021;12;TT;TODAS CONSOLIDADAS;03;3 ESTRELLAS;MOQUEGUA;180000;13;375;682;31,03;20,93;2,01;2,01;2,02;2197;2148;49;4424;4325;99;65
2021;12;TT;TODAS CONSOLIDADAS;03;3 ESTRELLAS;PASCO;190000;6;138;252;,68;,55;1,43;1,43;0;30;30;0;43;43;0;3
2021;12;TT;TODAS CONSOLIDADAS;03;3 ESTRELLAS;PIURA;200000;18;638;1101;30,35;25,39;2,51;2,39;3,22;3454;2970;484;8665;7105;1560;155
2021;12;TT;TODAS CONSOLIDADAS;03;3 ESTRELLAS;PUNO;210000;32;992;1888;24,4;19,52;1,81;1,85;1,62;6312;5140;1172;11426;9530;1896;188
2021;12;TT;TODAS CONSOLIDADAS;03;3 ESTRELLAS;SAN MARTÍN;220000;26;919;1590;22,1;20,97;1,6;1,59;1,97;6442;6140;302;10335;9741;594;161
2021;12;TT;TODAS CONSOLIDADAS;03;3 ESTRELLAS;TACNA;230000;19;558;1191;11,67;6,95;1,68;1,7;1,43;1523;1458;65;2565;2472;93;127
2021;12;TT;TODAS CONSOLIDADAS;03;3 ESTRELLAS;TUMBES;240000;15;357;716;13,3;9,02;1,24;1,24;0;1609;1609;0;2003;2003;0;55
2021;12;TT;TODAS CONSOLIDADAS;03;3 ESTRELLAS;UCAYALI;250000;17;585;969;26,28;21,35;2,05;2,06;1,75;3126;3013;113;6412;6214;198;127
2021;12;TT;TODAS CONSOLIDADAS;04;4 ESTRELLAS;AREQUIPA;040000;11;452;894;26,21;23,79;1,95;1,95;1,94;3379;2745;634;6593;5361;1232;148
2021;12;TT;TODAS CONSOLIDADAS;04;4 ESTRELLAS;CAJAMARCA;060000;4;214;393;46,25;43,57;2,53;2,54;2,45;2097;1965;132;5308;4984;324;100
2021;12;TT;TODAS CONSOLIDADAS;04;4 ESTRELLAS;CALLAO;070000;2;371;599;80,11;72,97;1,06;1,05;1,06;12815;3779;9036;13550;3978;9572;58
2021;12;TT;TODAS CONSOLIDADAS;04;4 ESTRELLAS;CUSCO;080000;12;923;1769;34,29;32,92;2,1;2,11;2,09;8592;3426;5166;18053;7241;10812;300
2021;12;TT;TODAS CONSOLIDADAS;04;4 ESTRELLAS;HUÁNUCO;100000;1;61;104;26,65;21,87;1,64;1,65;1,42;431;407;24;705;671;34;22
2021;12;TT;TODAS CONSOLIDADAS;04;4 ESTRELLAS;ICA;110000;6;587;1147;35,89;26,96;2,85;2,99;1,8;3369;2949;420;9587;8830;757;180
2021;12;TT;TODAS CONSOLIDADAS;04;4 ESTRELLAS;JUNÍN;120000;1;40;66;22,1;18,62;1,61;1,61;0;237;237;0;381;381;0;21
2021;12;TT;TODAS CONSOLIDADAS;04;4 ESTRELLAS;LA LIBERTAD;130000;3;206;331;57,78;51,6;2,19;2,19;2,23;2416;2094;322;5295;4577;718;45
2021;12;TT;TODAS CONSOLIDADAS;04;4 ESTRELLAS;LAMBAYEQUE;140000;5;332;544;58,33;59,61;1,57;1,52;2,01;6409;5821;588;10052;8871;1181;212
2021;12;TT;TODAS CONSOLIDADAS;04;4 ESTRELLAS;LIMA;150000;53;5067;9023;34,98;30,53;1,96;1,77;2,41;43465;30153;13312;85391;53311;32080;1546
2021;12;TT;TODAS CONSOLIDADAS;04;4 ESTRELLAS;LORETO;160000;3;103;173;26,65;22,32;1,81;2,02;1,31;663;460;203;1197;931;266;33
2021;12;TT;TODAS CONSOLIDADAS;04;4 ESTRELLAS;MOQUEGUA;180000;2;123;229;60,06;73,86;12,88;16,11;2,58;407;310;97;5243;4993;250;40
2021;12;TT;TODAS CONSOLIDADAS;04;4 ESTRELLAS;PIURA;200000;2;181;361;44,39;37,79;2,06;1,94;3,1;2050;1834;216;4229;3560;669;38
2021;12;TT;TODAS CONSOLIDADAS;04;4 ESTRELLAS;TACNA;230000;1;150;300;24,52;19,42;1,85;1,76;3,24;975;912;63;1806;1602;204;32
2021;12;TT;TODAS CONSOLIDADAS;04;4 ESTRELLAS;TUMBES;240000;6;667;1325;83,29;92,94;2,35;2,35;2,35;16242;15574;668;38174;36603;1571;569
2021;12;TT;TODAS CONSOLIDADAS;04;4 ESTRELLAS;UCAYALI;250000;5;289;515;37,81;33,89;2,36;2,34;2,55;2297;2098;199;5410;4902;508;77
2021;12;TT;TODAS CONSOLIDADAS;05;5 ESTRELLAS;AREQUIPA;040000;3;241;346;41,48;45,66;1,7;1,66;1,88;2883;2335;548;4898;3868;1030;120
2021;12;TT;TODAS CONSOLIDADAS;05;5 ESTRELLAS;CUSCO;080000;13;1184;2315;36,12;34,59;1,74;1,89;1,68;14232;4266;9966;24821;8051;16770;758
2021;12;TT;TODAS CONSOLIDADAS;05;5 ESTRELLAS;ICA;110000;4;460;1046;71,22;66,15;2,02;2;2,1;10627;8653;1974;21450;17311;4139;429
2021;12;TT;TODAS CONSOLIDADAS;05;5 ESTRELLAS;LA LIBERTAD;130000;1;120;240;56,18;54,19;1,92;1,81;2,59;2096;1790;306;4032;3238;794;67
2021;12;TT;TODAS CONSOLIDADAS;05;5 ESTRELLAS;LIMA;150000;30;4548;8174;39,11;29,28;1,85;1,47;2,49;40018;25043;14975;74190;36849;37341;2112
2021;12;TT;TODAS CONSOLIDADAS;05;5 ESTRELLAS;LORETO;160000;1;60;91;70,38;80,75;2,12;2,24;1,82;1073;771;302;2278;1727;551;49
2021;12;TT;TODAS CONSOLIDADAS;05;5 ESTRELLAS;PIURA;200000;1;83;168;68,87;62,12;2,1;2,03;2,54;1537;1309;228;3235;2657;578;54
2021;12;TT;TODAS CONSOLIDADAS;05;5 ESTRELLAS;PUNO;210000;1;123;231;64,62;54,94;1,8;1,79;1,84;2189;1780;409;3934;3180;754;45
2021;12;TT;TODAS CONSOLIDADAS;12;ALBERGUE;AMAZONAS;010000;1;6;11;0;0;0;0;0;0;0;0;0;0;0;0
2021;12;TT;TODAS CONSOLIDADAS;12;ALBERGUE;ÁNCASH;020000;8;78;170;0;0;0;0;0;0;0;0;0;0;0;0
2021;12;TT;TODAS CONSOLIDADAS;12;ALBERGUE;APURÍMAC;030000;1;8;21;0;0;0;0;0;0;0;0;0;0;0;0
2021;12;TT;TODAS CONSOLIDADAS;12;ALBERGUE;AREQUIPA;040000;5;99;239;31,93;28,42;1,49;1,51;1,47;1411;928;483;2106;1397;709;101
2021;12;TT;TODAS CONSOLIDADAS;12;ALBERGUE;CAJAMARCA;060000;1;11;22;0;0;0;0;0;0;0;0;0;0;0;0
2021;12;TT;TODAS CONSOLIDADAS;12;ALBERGUE;CUSCO;080000;17;235;756;37,04;30,48;1,39;1,34;1,4;5157;1232;3925;7144;1646;5498;71
2021;12;TT;TODAS CONSOLIDADAS;12;ALBERGUE;ICA;110000;2;18;43;23,48;23,93;1,53;1,53;1;209;206;3;319;316;3;5
2021;12;TT;TODAS CONSOLIDADAS;12;ALBERGUE;JUNÍN;120000;1;32;104;21,17;14,42;1,88;1,88;2;247;240;7;465;451;14;16
2021;12;TT;TODAS CONSOLIDADAS;12;ALBERGUE;LIMA;150000;8;127;269;45,69;32,91;2,04;2,07;2,02;1346;500;846;2744;1035;1709;33
2021;12;TT;TODAS CONSOLIDADAS;12;ALBERGUE;LORETO;160000;58;735;1615;12,96;19,65;1,66;1,54;2,31;5941;5041;900;9839;7757;2082;182
2021;12;TT;TODAS CONSOLIDADAS;12;ALBERGUE;MADRE DE DIOS;170000;7;179;374;0;0;0;0;0;0;0;0;0;0;0;0
2021;12;TT;TODAS CONSOLIDADAS;12;ALBERGUE;PASCO;190000;16;228;634;14,42;8,57;1,37;1,37;1,24;1230;1213;17;1684;1663;21;40
2021;12;TT;TODAS CONSOLIDADAS;12;ALBERGUE;PUNO;210000;1;13;35;0;0;0;0;0;0;0;0;0;0;0;0
2021;12;TT;TODAS CONSOLIDADAS;12;ALBERGUE;SAN MARTÍN;220000;10;191;444;30,94;23,09;2,68;2,54;3,04;1187;867;320;3178;2205;973;50
2021;12;TT;TODAS CONSOLIDADAS;12;ALBERGUE;UCAYALI;250000;4;44;115;29,03;20,06;2,76;1,81;4,35;259;162;97;715;293;422;24
2021;12;TT;TODAS CONSOLIDADAS;13;ECOLODGE;AREQUIPA;040000;1;23;51;7,01;9,61;1,77;1,78;1,76;86;37;49;152;66;86;8
2021;12;TT;TODAS CONSOLIDADAS;13;ECOLODGE;SAN MARTÍN;220000;1;12;24;0;0;0;0;0;0;0;0;0;0;0;0
2021;12;TT;TODAS CONSOLIDADAS;TT;TODAS CONSOLIDADAS;AMAZONAS;010000;365;4670;7444;19,22;14,85;1,34;1,34;1,53;27791;26414;1377;37822;35697;2125;829
2021;12;TT;TODAS CONSOLIDADAS;TT;TODAS CONSOLIDADAS;ÁNCASH;020000;865;11625;20187;19,74;16,96;1,23;1,23;1,65;98877;98257;620;118733;117730;1003;1957
2021;12;TT;TODAS CONSOLIDADAS;TT;TODAS CONSOLIDADAS;APURÍMAC;030000;467;4778;7408;19,93;14,63;1,07;1,07;1,3;31821;31681;140;34781;34584;197;533
2021;12;TT;TODAS CONSOLIDADAS;TT;TODAS CONSOLIDADAS;AREQUIPA;040000;1430;17455;30032;23,16;18,82;1,51;1,46;1,88;118834;107497;11337;178080;155660;22420;3568
2021;12;TT;TODAS CONSOLIDADAS;TT;TODAS CONSOLIDADAS;AYACUCHO;050000;548;6045;9870;7,13;6,93;1,49;1,48;2,48;15352;15003;349;24252;23489;763;783
2021;12;TT;TODAS CONSOLIDADAS;TT;TODAS CONSOLIDADAS;CAJAMARCA;060000;869;12705;20015;18,09;14,5;1,29;1,29;1,27;69319;68971;348;95380;94719;661;1978
2021;12;TT;TODAS CONSOLIDADAS;TT;TODAS CONSOLIDADAS;CALLAO;070000;284;4823;8816;32,49;32,16;1,04;1,04;1,15;140906;130024;10883;147015;134527;12488;1161
2021;12;TT;TODAS CONSOLIDADAS;TT;TODAS CONSOLIDADAS;CUSCO;080000;1914;24726;45649;21,08;18,85;1,72;1,55;2,09;164323;98401;65922;285178;156290;128888;5495
2021;12;TT;TODAS CONSOLIDADAS;TT;TODAS CONSOLIDADAS;HUANCAVELICA;090000;186;2327;3588;19,18;16,4;1,14;1,14;,95;15803;15789;14;17981;17967;14;297
2021;12;TT;TODAS CONSOLIDADAS;TT;TODAS CONSOLIDADAS;ICA;110000;902;14020;25053;19,37;16,1;1,4;1,38;1,37;98605;79921;18684;154777;126030;28747;2693
2021;12;TT;TODAS CONSOLIDADAS;TT;TODAS CONSOLIDADAS;JUNÍN;120000;1288;15701;25908;15,46;11,06;1,2;1,2;1,88;73821;73485;336;91056;90457;599;2209
2021;12;TT;TODAS CONSOLIDADAS;TT;TODAS CONSOLIDADAS;LA LIBERTAD;130000;1104;13637;23892;26,19;22,12;1,19;1,18;1,24;143952;140453;3499;177846;172178;5668;2107
2021;12;TT;TODAS CONSOLIDADAS;TT;TODAS CONSOLIDADAS;LIMA;150000;6345;78607;139089;25,1;22,12;1,11;1,1;1,16;2789972;2664579;125393;3150200;2949887;200313;38891
2021;12;TT;TODAS CONSOLIDADAS;TT;TODAS CONSOLIDADAS;LORETO;160000;765;8504;13861;18,64;16,96;1,57;1,48;2,07;47143;39744;7399;76461;61229;15232;1307
2021;12;TT;TODAS CONSOLIDADAS;TT;TODAS CONSOLIDADAS;MADRE DE DIOS;170000;315;5068;8554;23,71;20,18;1,18;1,16;1,44;44448;41773;2675;54357;50415;3942;873
2021;12;TT;TODAS CONSOLIDADAS;TT;TODAS CONSOLIDADAS;PASCO;190000;336;4312;7127;17,48;13,04;1,11;1,11;,95;25462;25338;124;27737;27609;128;696
2021;12;TT;TODAS CONSOLIDADAS;TT;TODAS CONSOLIDADAS;PIURA;200000;1014;11927;21643;37,66;32,8;2,02;1,92;3,04;108062;98495;9567;219022;190092;28930;2254
2021;12;TT;TODAS CONSOLIDADAS;TT;TODAS CONSOLIDADAS;SAN MARTÍN;220000;775;10514;16840;28,09;23,14;1,29;1,28;1,51;91871;89831;2040;122365;118549;3816;1595
2021;12;TT;TODAS CONSOLIDADAS;TT;TODAS CONSOLIDADAS;TACNA;230000;477;6024;11286;10,86;9,9;1,37;1,39;1,07;27441;26335;1106;38101;36782;1319;894
2021;12;TT;TODAS CONSOLIDADAS;TT;TODAS CONSOLIDADAS;TUMBES;240000;239;3535;7059;24,93;19,06;3,68;3,68;2,05;28380;27643;737;70082;68351;1731;936
2021;12;TT;TODAS CONSOLIDADAS;TT;TODAS CONSOLIDADAS;UCAYALI;250000;463;6069;9623;29,95;27,77;2,13;2,13;1,76;38147;36948;1199;81952;79391;2561;1180
2021;12;03;HOSTAL;02;2 ESTRELLAS;PASCO;190000;11;189;356;17,77;10,57;1,5;1,5;0;778;778;0;1167;1167;0;33
2021;12;TT;TODAS CONSOLIDADAS;TT;TODAS CONSOLIDADAS;MOQUEGUA;180000;262;3431;5882;18,57;14,92;1,76;1,79;1,37;15631;15416;215;34180;33736;444;542
2021;12;03;HOSTAL;TT;TODAS CONSOLIDADAS;HUÁNUCO;100000;37;560;882;30,86;22,39;1,02;1,02;1;5993;5989;4;6122;6118;4;98
2021;12;TT;TODAS CONSOLIDADAS;00;NO CATEGORIZADO;PUNO;210000;657;6271;10668;22,22;19,1;1,14;1,14;1,11;55632;52234;3398;63151;59391;3760;1141
2021;12;TT;TODAS CONSOLIDADAS;04;4 ESTRELLAS;PUNO;210000;7;447;842;20,2;16,6;2,05;2,24;1,81;2116;1167;949;4332;2618;1714;116
2021;12;TT;TODAS CONSOLIDADAS;03;3 ESTRELLAS;CAJAMARCA;060000;113;2766;4484;21,11;15,04;1,6;1,6;1,61;13033;12868;165;20902;20637;265;512
2021;12;TT;TODAS CONSOLIDADAS;03;3 ESTRELLAS;CUSCO;080000;101;3265;6307;21,54;18,74;1,88;2,02;1,77;19483;8782;10701;36635;17716;18919;846
2021;12;TT;TODAS CONSOLIDADAS;04;4 ESTRELLAS;SAN MARTÍN;220000;2;74;165;70,14;62,6;1,86;1,86;1,86;1718;1633;85;3202;3044;158;61
2021;12;TT;TODAS CONSOLIDADAS;05;5 ESTRELLAS;UCAYALI;250000;2;165;306;37,01;32,92;2,45;2,46;2,29;1276;1151;125;3123;2837;286;57
2021;12;TT;TODAS CONSOLIDADAS;TT;TODAS CONSOLIDADAS;HUÁNUCO;100000;548;7843;11940;21,86;17,9;1,11;1,11;1,04;64920;64531;389;77923;77251;672;1090
2021;12;TT;TODAS CONSOLIDADAS;TT;TODAS CONSOLIDADAS;LAMBAYEQUE;140000;650;10229;14947;26,85;20,72;1,1;1,1;1,11;84129;81797;2332;96829;93710;3119;1888
2021;12;TT;TODAS CONSOLIDADAS;TT;TODAS CONSOLIDADAS;PUNO;210000;783;9425;16492;22,01;18,65;1,19;1,2;1,15;76016;69422;6594;95819;86969;8850;1719
