FECHA_CORTE;ANIO;MES;ID_CLASE;CLASE;ID_CATEGORIA;CATEGORIA;DEPARTAMENTO;ID_UBIGEO;NUMERO_ESTABLECIMIENTOS;NUMERO_HABITACIONES;NUMERO_PLAZAS_CAMA;PORCENTAJE_TNOH;PORCENTAJE_TNOC;PROMEDIO_PERMANENCIA;PROMEDIO_PERMANENCIA_NAC;PROMEDIO_PERMANENCIA_EXT;TOTAL_ARRIBOS;TOTAL_ARRIBOS_NAC;TOTAL_ARRIBOS_EXT;TOTAL_PERNOCT;TOTAL_PERNOCT_NAC;TOTAL_PERNOCT_EXT;TOTAL_EMPLEO
20260330;2024;01;00;NO CLASIFICADO;00;NO CATEGORIZADO;AMAZONAS;010000;302;2891;4530;12,63;9,36;1,3;1,28;1,53;10143;9642;501;13139;12373;766;538
20260330;2024;01;00;NO CLASIFICADO;00;NO CATEGORIZADO;ÁNCASH;020000;719;6308;10671;18,62;13,66;1,17;1,18;1,07;38666;34928;3738;45201;41212;3989;1162
20260330;2024;01;00;NO CLASIFICADO;00;NO CATEGORIZADO;APURÍMAC;030000;510;4503;7047;19,27;14,28;1,15;1,15;1,13;27188;27074;114;31186;31057;129;441
20260330;2024;01;00;NO CLASIFICADO;TT;TODAS CONSOLIDADAS;AMAZONAS;010000;302;2891;4530;12,63;9,36;1,3;1,28;1,53;10143;9642;501;13139;12373;766;538
20260330;2024;01;00;NO CLASIFICADO;TT;TODAS CONSOLIDADAS;ÁNCASH;020000;719;6308;10671;18,62;13,66;1,17;1,18;1,07;38666;34928;3738;45201;41212;3989;1162
20260330;2024;01;00;NO CLASIFICADO;TT;TODAS CONSOLIDADAS;APURÍMAC;030000;510;4503;7047;19,27;14,28;1,15;1,15;1,13;27188;27074;114;31186;31057;129;441
20260330;2024;01;01;HOTEL;01;1 ESTRELLA;AMAZONAS;010000;1;20;24;0;0;0;0;0;0;0;0;0;0;0;0
20260330;2024;01;01;HOTEL;01;1 ESTRELLA;ÁNCASH;020000;14;401;619;14,21;12,94;1,09;1,09;0;2288;2288;0;2483;2483;0;53
20260330;2024;01;01;HOTEL;01;1 ESTRELLA;APURÍMAC;030000;2;67;99;20,03;16,65;1;1;0;511;511;0;511;511;0;10
20260330;2024;01;01;HOTEL;01;1 ESTRELLA;TUMBES;240000;2;47;100;0;0;0;0;0;0;0;0;0;0;0;0
20260330;2024;01;00;NO CLASIFICADO;00;NO CATEGORIZADO;AREQUIPA;040000;1265;10848;18374;17,6;14,18;1,43;1,36;1,75;56297;45490;10807;80751;61855;18896;1264
20260330;2024;01;01;HOTEL;01;1 ESTRELLA;AREQUIPA;040000;6;208;347;28,44;24,89;1,12;1,11;1,59;2392;2365;27;2677;2634;43;34
20260330;2024;01;00;NO CLASIFICADO;00;NO CATEGORIZADO;AYACUCHO;050000;612;5722;9244;15,07;11,95;1,17;1,17;1,15;29246;28675;571;34240;33584;656;686
20260330;2024;01;01;HOTEL;01;1 ESTRELLA;AYACUCHO;050000;8;200;353;10,74;9,48;1,93;1,83;3,52;536;503;33;1037;921;116;35
20260330;2024;01;00;NO CLASIFICADO;00;NO CATEGORIZADO;CAJAMARCA;060000;734;6502;10396;12,73;9,52;1,24;1,24;1,97;24702;24664;38;30676;30601;75;732
20260330;2024;01;01;HOTEL;01;1 ESTRELLA;CAJAMARCA;060000;5;132;245;9,16;7,87;1,49;1,49;0;401;401;0;598;598;0;21
20260330;2024;01;00;NO CLASIFICADO;00;NO CATEGORIZADO;CALLAO;070000;272;3770;7034;39,52;37,6;1,02;1,01;1,22;139972;137392;2581;142294;139144;3150;1145
20260330;2024;01;00;NO CLASIFICADO;TT;TODAS CONSOLIDADAS;CALLAO;070000;272;3770;7034;39,52;37,6;1,02;1,01;1,22;139972;137392;2581;142294;139144;3150;1145
20260330;2024;01;00;NO CLASIFICADO;00;NO CATEGORIZADO;CUSCO;080000;1997;19093;34162;18,28;16,47;1,48;1,28;1,69;118083;60435;57648;174433;77187;97246;3678
20260330;2024;01;00;NO CLASIFICADO;TT;TODAS CONSOLIDADAS;CUSCO;080000;1997;19093;34162;18,28;16,47;1,48;1,28;1,69;118083;60435;57648;174433;77187;97246;3678
20260330;2024;01;01;HOTEL;01;1 ESTRELLA;CUSCO;080000;4;118;193;13,91;14,01;1,31;1,31;0;640;640;0;838;838;0;19
20260330;2024;01;00;NO CLASIFICADO;00;NO CATEGORIZADO;HUANCAVELICA;090000;239;2564;3966;15,77;12,48;1,1;1,1;1,48;13985;13964;21;15341;15310;31;301
20260330;2024;01;00;NO CLASIFICADO;TT;TODAS CONSOLIDADAS;HUANCAVELICA;090000;239;2564;3966;15,77;12,48;1,1;1,1;1,48;13985;13964;21;15341;15310;31;301
20260330;2024;01;00;NO CLASIFICADO;00;NO CATEGORIZADO;HUÁNUCO;100000;508;5395;8119;18,82;15,02;1,21;1,21;1,17;31259;31143;116;37799;37663;136;668
20260330;2024;01;00;NO CLASIFICADO;TT;TODAS CONSOLIDADAS;HUÁNUCO;100000;508;5395;8119;18,82;15,02;1,21;1,21;1,17;31259;31143;116;37799;37663;136;668
20260330;2024;01;01;HOTEL;01;1 ESTRELLA;HUÁNUCO;100000;8;241;369;21,68;13,67;1,03;1,03;0;1522;1522;0;1564;1564;0;33
20260330;2024;01;00;NO CLASIFICADO;00;NO CATEGORIZADO;ICA;110000;796;8010;13480;22,04;16,89;1,23;1,22;1,3;57330;48985;8345;70593;59781;10812;1450
20260330;2024;01;01;HOTEL;01;1 ESTRELLA;ICA;110000;5;106;147;9,37;9,94;1;1;1;453;446;7;453;446;7;17
20260330;2024;01;00;NO CLASIFICADO;00;NO CATEGORIZADO;JUNÍN;120000;1509;15283;24838;17,7;13,97;1,16;1,15;1,49;93123;92876;247;107565;107196;369;2762
20260330;2024;01;01;HOTEL;01;1 ESTRELLA;JUNÍN;120000;6;246;511;19,26;12,66;1,53;1,53;0;1310;1310;0;2005;2005;0;26
20260330;2024;01;00;NO CLASIFICADO;00;NO CATEGORIZADO;LA LIBERTAD;130000;992;7375;12342;15,33;14,09;1,08;1,05;1,64;50032;47638;2394;53903;49980;3923;692
20260330;2024;01;01;HOTEL;01;1 ESTRELLA;LA LIBERTAD;130000;5;116;201;33,06;22,81;1;1;1;1421;1407;14;1421;1407;14;20
20260330;2024;01;00;NO CLASIFICADO;00;NO CATEGORIZADO;LAMBAYEQUE;140000;457;4553;6663;15,52;12,45;1,05;1,05;1,06;24390;23803;587;25710;25089;621;577
20260330;2024;01;00;NO CLASIFICADO;TT;TODAS CONSOLIDADAS;LAMBAYEQUE;140000;457;4553;6663;15,52;12,45;1,05;1,05;1,06;24390;23803;587;25710;25089;621;577
20260330;2024;01;01;HOTEL;01;1 ESTRELLA;LAMBAYEQUE;140000;2;63;70;1,38;1,11;1;1;0;24;24;0;24;24;0;11
20260330;2024;01;00;NO CLASIFICADO;00;NO CATEGORIZADO;LIMA;150000;7137;55717;96243;22,21;21,19;1,24;1,24;1,27;2512339;2435789;76550;3125258;3027987;97270;38505
20260330;2024;01;00;NO CLASIFICADO;TT;TODAS CONSOLIDADAS;LIMA;150000;7137;55717;96243;22,21;21,19;1,24;1,24;1,27;2512339;2435789;76550;3125258;3027987;97270;38505
20260330;2024;01;01;HOTEL;01;1 ESTRELLA;LIMA;150000;12;428;752;38,11;36,82;1,1;1,1;1,12;7578;7527;51;8355;8298;57;63
20260330;2024;01;00;NO CLASIFICADO;00;NO CATEGORIZADO;LORETO;160000;804;6890;10773;14,26;12,86;1,66;1,63;1,75;25901;19942;5959;42940;32537;10403;711
20260330;2024;01;00;NO CLASIFICADO;TT;TODAS CONSOLIDADAS;LORETO;160000;804;6890;10773;14,26;12,86;1,66;1,63;1,75;25901;19942;5959;42940;32537;10403;711
20260330;2024;01;00;NO CLASIFICADO;00;NO CATEGORIZADO;MADRE DE DIOS;170000;343;4527;7455;21,22;17,84;1,16;1,11;1,84;35565;33118;2447;41233;36729;4504;792
20260330;2024;01;00;NO CLASIFICADO;TT;TODAS CONSOLIDADAS;MADRE DE DIOS;170000;343;4527;7455;21,22;17,84;1,16;1,11;1,84;35565;33118;2447;41233;36729;4504;792
20260330;2024;01;01;HOTEL;01;1 ESTRELLA;MADRE DE DIOS;170000;5;142;252;22,88;19,29;1;1;1;1505;1462;43;1507;1464;43;22
20260330;2024;01;00;NO CLASIFICADO;00;NO CATEGORIZADO;MOQUEGUA;180000;168;1720;2973;16,61;11,35;1,16;1,16;1,23;8992;8885;107;10464;10332;132;230
20260330;2024;01;00;NO CLASIFICADO;TT;TODAS CONSOLIDADAS;MOQUEGUA;180000;168;1720;2973;16,61;11,35;1,16;1,16;1,23;8992;8885;107;10464;10332;132;230
20260330;2024;01;01;HOTEL;01;1 ESTRELLA;MOQUEGUA;180000;2;61;87;45,21;35,6;1,07;1,07;1,67;898;895;3;960;955;5;8
20260330;2024;01;00;NO CLASIFICADO;00;NO CATEGORIZADO;PASCO;190000;360;3771;5786;14,89;11,84;1,17;1,17;1,27;18138;18043;95;21241;21120;121;669
20260330;2024;01;01;HOTEL;01;1 ESTRELLA;PASCO;190000;5;148;240;18,55;14,22;1,13;1,13;0;936;936;0;1058;1058;0;25
20260330;2024;01;00;NO CLASIFICADO;00;NO CATEGORIZADO;PIURA;200000;1161;10648;19207;41,32;32,87;1,64;1,59;2,05;119414;107361;12053;195721;171060;24661;2109
20260330;2024;01;00;NO CLASIFICADO;TT;TODAS CONSOLIDADAS;PIURA;200000;1161;10648;19207;41,32;32,87;1,64;1,59;2,05;119414;107361;12053;195721;171060;24661;2109
20260330;2024;01;01;HOTEL;01;1 ESTRELLA;PIURA;200000;2;40;77;5;19,82;1,35;1,35;0;350;350;0;473;473;0;6
20260330;2024;01;00;NO CLASIFICADO;00;NO CATEGORIZADO;PUNO;210000;840;7464;12529;22,06;19,05;1,2;1,19;1,29;61800;59212;2588;74002;70653;3349;1344
20260330;2024;01;00;NO CLASIFICADO;TT;TODAS CONSOLIDADAS;PUNO;210000;840;7464;12529;22,06;19,05;1,2;1,19;1,29;61800;59212;2588;74002;70653;3349;1344
20260330;2024;01;01;HOTEL;01;1 ESTRELLA;PUNO;210000;4;102;181;41,81;30,55;1,19;1,19;1,05;1437;1418;19;1714;1694;20;12
20260330;2024;01;00;NO CLASIFICADO;00;NO CATEGORIZADO;SAN MARTÍN;220000;878;9275;14546;22,71;17,84;1,32;1,28;2,64;61131;59591;1540;80425;76362;4063;1624
20260330;2024;01;01;HOTEL;01;1 ESTRELLA;SAN MARTÍN;220000;6;126;199;33,08;30,18;1,63;1,62;2,08;1144;1132;12;1862;1837;25;25
20260330;2024;01;00;NO CLASIFICADO;00;NO CATEGORIZADO;TACNA;230000;432;4135;7426;20,79;17,25;1,38;1,28;1,49;28800;15354;13446;39715;19672;20043;511
20260330;2024;01;00;NO CLASIFICADO;TT;TODAS CONSOLIDADAS;TACNA;230000;432;4135;7426;20,79;17,25;1,38;1,28;1,49;28800;15354;13446;39715;19672;20043;511
20260330;2024;01;01;HOTEL;01;1 ESTRELLA;TACNA;230000;3;99;205;6,81;5,38;2,05;2,04;3;167;166;1;342;339;3;12
20260330;2024;01;00;NO CLASIFICADO;00;NO CATEGORIZADO;TUMBES;240000;248;2434;4624;15,91;15,67;1,56;1,54;1,8;14421;13678;743;22456;21116;1340;316
20260330;2024;01;00;NO CLASIFICADO;TT;TODAS CONSOLIDADAS;TUMBES;240000;248;2434;4624;15,91;15,67;1,56;1,54;1,8;14421;13678;743;22456;21116;1340;316
20260330;2024;01;00;NO CLASIFICADO;00;NO CATEGORIZADO;UCAYALI;250000;548;5433;8394;34,97;23,95;3,26;3,3;1,81;19097;18587;510;62317;61394;923;979
20260330;2024;01;00;NO CLASIFICADO;TT;TODAS CONSOLIDADAS;UCAYALI;250000;548;5433;8394;34,97;23,95;3,26;3,3;1,81;19097;18587;510;62317;61394;923;979
20260330;2024;01;00;NO CLASIFICADO;TT;TODAS CONSOLIDADAS;AREQUIPA;040000;1265;10848;18374;17,6;14,18;1,43;1,36;1,75;56297;45490;10807;80751;61855;18896;1264
20260330;2024;01;00;NO CLASIFICADO;TT;TODAS CONSOLIDADAS;AYACUCHO;050000;612;5722;9244;15,07;11,95;1,17;1,17;1,15;29246;28675;571;34240;33584;656;686
20260330;2024;01;00;NO CLASIFICADO;TT;TODAS CONSOLIDADAS;CAJAMARCA;060000;734;6502;10396;12,73;9,52;1,24;1,24;1,97;24702;24664;38;30676;30601;75;732
20260330;2024;01;00;NO CLASIFICADO;TT;TODAS CONSOLIDADAS;ICA;110000;796;8010;13480;22,04;16,89;1,23;1,22;1,3;57330;48985;8345;70593;59781;10812;1450
20260330;2024;01;00;NO CLASIFICADO;TT;TODAS CONSOLIDADAS;JUNÍN;120000;1509;15283;24838;17,7;13,97;1,16;1,15;1,49;93123;92876;247;107565;107196;369;2762
20260330;2024;01;00;NO CLASIFICADO;TT;TODAS CONSOLIDADAS;LA LIBERTAD;130000;992;7375;12342;15,33;14,09;1,08;1,05;1,64;50032;47638;2394;53903;49980;3923;692
20260330;2024;01;00;NO CLASIFICADO;TT;TODAS CONSOLIDADAS;PASCO;190000;360;3771;5786;14,89;11,84;1,17;1,17;1,27;18138;18043;95;21241;21120;121;669
20260330;2024;01;00;NO CLASIFICADO;TT;TODAS CONSOLIDADAS;SAN MARTÍN;220000;878;9275;14546;22,71;17,84;1,32;1,28;2,64;61131;59591;1540;80425;76362;4063;1624
20260330;2024;01;01;HOTEL;02;2 ESTRELLAS;AMAZONAS;010000;38;1015;1660;19,24;16,77;1,23;1,23;2,15;7003;6970;33;8629;8558;71;167
20260330;2024;01;01;HOTEL;02;2 ESTRELLAS;ÁNCASH;020000;58;1570;2879;18,22;13,24;1,32;1,31;1,4;8974;8744;230;11814;11492;322;236
20260330;2024;01;01;HOTEL;02;2 ESTRELLAS;APURÍMAC;030000;7;277;473;21,5;16,4;1,13;1,13;1,58;2121;2109;12;2405;2386;19;27
20260330;2024;01;01;HOTEL;02;2 ESTRELLAS;AREQUIPA;040000;42;1165;2051;21,3;18,52;1,44;1,44;1,41;8170;7772;398;11776;11214;562;191
20260330;2024;01;01;HOTEL;02;2 ESTRELLAS;AYACUCHO;050000;8;339;590;9,85;9,22;1,89;1,89;2,33;892;883;9;1686;1665;21;50
20260330;2024;01;01;HOTEL;02;2 ESTRELLAS;CAJAMARCA;060000;62;1676;2617;20,32;15,02;1,19;1,19;1,07;10220;10138;82;12184;12096;88;254
20260330;2024;01;01;HOTEL;02;2 ESTRELLAS;CALLAO;070000;1;40;67;18,39;20,46;1,37;1,88;1,13;310;99;211;425;186;239;6
20260330;2024;01;01;HOTEL;02;2 ESTRELLAS;CUSCO;080000;48;1205;2249;19,3;16,35;1,61;1,5;1,76;7067;3955;3112;11398;5922;5476;352
20260330;2024;01;01;HOTEL;02;2 ESTRELLAS;HUANCAVELICA;090000;2;40;69;37,26;34,69;1,62;1,63;1,33;457;442;15;742;722;20;9
20260330;2024;01;01;HOTEL;02;2 ESTRELLAS;HUÁNUCO;100000;51;1578;2474;31,18;25,83;1,3;1,3;1,52;15233;15154;79;19813;19693;120;253
20260330;2024;01;01;HOTEL;02;2 ESTRELLAS;ICA;110000;57;1646;2931;21,15;17;1,26;1,27;1,05;12231;11812;419;15443;15004;439;252
20260330;2024;01;01;HOTEL;02;2 ESTRELLAS;JUNÍN;120000;29;892;1583;17,78;13,35;1,29;1,28;1,45;5096;5045;51;6550;6476;74;138
20260330;2024;01;01;HOTEL;02;2 ESTRELLAS;LA LIBERTAD;130000;22;555;960;29,03;29,82;1,15;1,13;1,56;7744;7402;342;8874;8341;533;102
20260330;2024;01;01;HOTEL;02;2 ESTRELLAS;LAMBAYEQUE;140000;70;2020;3119;17,55;13,46;1,15;1,15;1,24;11317;11233;84;13010;12906;104;297
20260330;2024;01;01;HOTEL;02;2 ESTRELLAS;LIMA;150000;123;5081;8956;40,05;33,53;1,25;1,24;1,57;86968;83984;2984;108682;103999;4683;936
20260330;2024;01;01;HOTEL;02;2 ESTRELLAS;LORETO;160000;9;205;358;14,15;9,52;1,21;1,19;1,45;870;790;80;1056;940;116;41
20260330;2024;01;01;HOTEL;02;2 ESTRELLAS;MADRE DE DIOS;170000;7;193;343;32,24;25,72;1,28;1,27;1,34;2142;1941;201;2735;2465;270;37
20260330;2024;01;01;HOTEL;02;2 ESTRELLAS;MOQUEGUA;180000;24;596;994;22,2;17,11;1,68;1,61;2,24;3136;2791;345;5273;4499;774;124
20260330;2024;01;01;HOTEL;02;2 ESTRELLAS;PASCO;190000;5;168;318;23,43;18,75;1,4;1,4;1;1323;1322;1;1848;1847;1;29
20260330;2024;01;01;HOTEL;02;2 ESTRELLAS;PIURA;200000;17;420;701;27,59;21,52;1,65;1,65;1,73;2829;2734;95;4677;4513;164;79
20260330;2024;01;01;HOTEL;02;2 ESTRELLAS;PUNO;210000;28;649;1142;13,47;9,4;1,22;1,2;1,55;2721;2521;200;3329;3019;310;85
20260330;2024;01;01;HOTEL;02;2 ESTRELLAS;SAN MARTÍN;220000;27;726;1254;39,97;34,95;1,87;1,86;2,08;7278;6999;279;13585;13006;579;146
20260330;2024;01;01;HOTEL;02;2 ESTRELLAS;TACNA;230000;28;799;1590;33,82;32,19;1,67;1,68;1,66;9497;4743;4754;15867;7975;7892;155
20260330;2024;01;01;HOTEL;02;2 ESTRELLAS;TUMBES;240000;6;162;295;22,72;15,12;1,72;1,73;1,5;804;764;40;1383;1323;60;38
20260330;2024;01;01;HOTEL;02;2 ESTRELLAS;UCAYALI;250000;2;63;116;6,2;4,39;1,98;1,95;4;80;79;1;158;154;4;13
20260330;2024;01;01;HOTEL;03;3 ESTRELLAS;AMAZONAS;010000;18;418;718;22,23;19,81;1,29;1,28;1,79;3414;3309;105;4410;4222;188;114
20260330;2024;01;01;HOTEL;03;3 ESTRELLAS;ÁNCASH;020000;40;1371;2421;21,24;16,13;1,56;1,53;2,34;7737;7373;364;12105;11255;850;322
20260330;2024;01;01;HOTEL;03;3 ESTRELLAS;APURÍMAC;030000;5;178;297;37,51;27,67;1,39;1,4;1,28;1829;1699;130;2548;2381;167;50
20260330;2024;01;01;HOTEL;03;3 ESTRELLAS;AREQUIPA;040000;69;2064;3832;25,16;21,7;2,02;2,06;1,89;12777;9607;3170;25781;19780;6001;612
20260330;2024;01;01;HOTEL;03;3 ESTRELLAS;AYACUCHO;050000;9;280;534;18,4;18,55;2,54;2,54;2,51;1210;1122;88;3070;2849;221;84
20260330;2024;01;01;HOTEL;03;3 ESTRELLAS;CAJAMARCA;060000;70;2191;3812;16,93;12,19;1,5;1,49;1,58;9633;9421;212;14407;14071;336;424
20260330;2024;01;01;HOTEL;03;3 ESTRELLAS;CALLAO;070000;4;233;391;37,03;35,29;1,63;1,53;2,06;2631;2138;493;4278;3261;1017;56
20260330;2024;01;01;HOTEL;03;3 ESTRELLAS;CUSCO;080000;88;3161;6175;30,55;26,48;1,81;1,8;1,81;28047;7853;20194;50680;14128;36552;1014
20260330;2024;01;01;HOTEL;03;3 ESTRELLAS;HUANCAVELICA;090000;2;65;108;6,85;5,05;1,36;1,36;0;124;124;0;169;169;0;10
20260330;2024;01;01;HOTEL;03;3 ESTRELLAS;HUÁNUCO;100000;18;658;1297;25,85;21,88;1,61;1,59;2,04;5466;5260;206;8798;8378;420;155
20260330;2024;01;01;HOTEL;03;3 ESTRELLAS;ICA;110000;66;2253;4382;37,73;29,17;1,47;1,51;1,31;27009;21181;5828;39628;32008;7620;509
20260330;2024;01;01;HOTEL;03;3 ESTRELLAS;JUNÍN;120000;20;771;1434;20,29;14,8;1,59;1,58;1,79;4134;4001;133;6578;6340;238;192
20260330;2024;01;01;HOTEL;03;3 ESTRELLAS;LA LIBERTAD;130000;77;2294;4438;28,71;22,68;1,58;1,56;1,9;19748;18624;1124;31202;29071;2131;551
20260330;2024;01;01;HOTEL;03;3 ESTRELLAS;LAMBAYEQUE;140000;35;1134;1895;26,19;22,11;1,43;1,42;1,71;9060;8673;387;12987;12327;660;240
20260330;2024;01;01;HOTEL;03;3 ESTRELLAS;LIMA;150000;163;8441;16102;38,78;33,48;1,63;1,43;2,11;102275;71417;30858;167132;101953;65179;1857
20260330;2024;01;01;HOTEL;03;3 ESTRELLAS;LORETO;160000;26;756;1325;34,7;29,62;2,25;2,31;1,98;5410;4364;1046;12168;10096;2072;232
20260330;2024;01;01;HOTEL;03;3 ESTRELLAS;MADRE DE DIOS;170000;5;181;332;31,26;31,06;1,39;1,64;1,18;2296;1078;1218;3197;1765;1432;57
20260330;2024;01;01;HOTEL;03;3 ESTRELLAS;MOQUEGUA;180000;12;378;648;43,86;31,79;1,66;1,67;1,49;3843;3602;241;6385;6025;360;85
20260330;2024;01;01;HOTEL;03;3 ESTRELLAS;PASCO;190000;4;109;184;3,82;3,12;1,19;1,19;0;149;149;0;178;178;0;16
20260330;2024;01;01;HOTEL;03;3 ESTRELLAS;PIURA;200000;20;725;1205;43,49;35,05;1,64;1,53;2,25;7982;6798;1184;13094;10430;2664;222
20260330;2024;01;01;HOTEL;03;3 ESTRELLAS;PUNO;210000;27;868;1653;21,85;18,38;1,53;1,6;1,48;6144;2831;3313;9420;4529;4891;176
20260330;2024;01;01;HOTEL;03;3 ESTRELLAS;SAN MARTÍN;220000;24;855;1486;31,41;27,48;1,68;1,66;2,1;7557;7375;182;12660;12278;382;218
20260330;2024;01;01;HOTEL;03;3 ESTRELLAS;TACNA;230000;9;367;806;66,24;63,76;3,95;4,14;3,88;4030;1098;2932;15932;4542;11390;94
20260330;2024;01;01;HOTEL;03;3 ESTRELLAS;TUMBES;240000;9;284;565;51,73;54,41;2,88;2,87;2,89;3313;2715;598;9530;7799;1731;127
20260330;2024;01;01;HOTEL;03;3 ESTRELLAS;UCAYALI;250000;15;535;879;29,75;26,98;1,9;1,92;1,69;3872;3574;298;7353;6849;504;124
20260330;2024;01;01;HOTEL;04;4 ESTRELLAS;APURÍMAC;030000;1;32;56;44,56;25,46;3,09;3,29;1,59;143;126;17;442;415;27;17
20260330;2024;01;01;HOTEL;04;4 ESTRELLAS;AREQUIPA;040000;11;558;1042;23,43;22,84;1,89;1,93;1,84;3896;2213;1683;7378;4273;3105;237
20260330;2024;01;01;HOTEL;04;4 ESTRELLAS;CAJAMARCA;060000;4;214;373;48,01;41,2;1,86;1,77;2,7;2558;2304;254;4764;4079;685;154
20260330;2024;01;01;HOTEL;04;4 ESTRELLAS;CALLAO;070000;2;371;599;91,49;91,72;1,41;1,49;1,39;12117;2305;9812;17031;3433;13598;130
20260330;2024;01;01;HOTEL;04;4 ESTRELLAS;CUSCO;080000;20;1519;2983;48,33;45,86;1,85;1,64;1,89;22928;3484;19444;42404;5710;36694;829
20260330;2024;01;01;HOTEL;04;4 ESTRELLAS;HUÁNUCO;100000;1;60;101;32,9;30,63;1,87;1,88;1,52;514;493;21;959;927;32;28
20260330;2024;01;01;HOTEL;04;4 ESTRELLAS;ICA;110000;8;814;1731;50,73;51,23;1,9;1,96;1,59;14477;11976;2501;27488;23513;3975;381
20260330;2024;01;01;HOTEL;04;4 ESTRELLAS;JUNÍN;120000;1;40;82;18,87;18,17;1,25;1,17;6;369;363;6;462;426;36;19
20260330;2024;01;01;HOTEL;04;4 ESTRELLAS;LA LIBERTAD;130000;4;318;550;47,74;46,97;1,96;1,95;2,03;4077;3469;608;8008;6771;1237;124
20260330;2024;01;01;HOTEL;04;4 ESTRELLAS;LAMBAYEQUE;140000;5;359;656;64,66;57,5;1,56;1,51;1,91;7516;6710;806;11693;10153;1540;269
20260330;2024;01;01;HOTEL;04;4 ESTRELLAS;LIMA;150000;44;4528;8144;36,54;35,12;1,95;1,68;2,14;45361;18265;27096;88664;30600;58064;1710
20260330;2024;01;01;HOTEL;04;4 ESTRELLAS;LORETO;160000;3;136;203;15,46;15,72;1,76;1,78;1,66;562;460;102;989;820;169;58
20260330;2024;01;01;HOTEL;04;4 ESTRELLAS;MOQUEGUA;180000;2;123;234;72,99;84,99;6,92;7,47;3,73;891;759;132;6165;5672;493;58
20260330;2024;01;01;HOTEL;04;4 ESTRELLAS;PIURA;200000;4;393;744;36,39;30,06;1,93;1,88;2,21;3598;3072;526;6934;5770;1164;137
20260330;2024;01;01;HOTEL;04;4 ESTRELLAS;PUNO;210000;8;508;963;21,23;20,63;1,58;1,77;1,53;3888;868;3020;6158;1538;4620;166
20260330;2024;01;01;HOTEL;04;4 ESTRELLAS;SAN MARTÍN;220000;1;54;81;36,38;39,51;3,32;3,34;1,8;299;294;5;992;983;9;20
20260330;2024;01;01;HOTEL;04;4 ESTRELLAS;TACNA;230000;1;150;300;50,71;50,15;1,8;1,9;1,76;2584;829;1755;4664;1576;3088;32
20260330;2024;01;01;HOTEL;04;4 ESTRELLAS;TUMBES;240000;5;265;533;45;52,7;2,17;2,19;2,03;4004;3518;486;8708;7721;987;141
20260330;2024;01;01;HOTEL;04;4 ESTRELLAS;UCAYALI;250000;5;288;513;35,19;30,99;2,31;2,23;2,63;2133;1688;445;4928;3757;1171;121
20260330;2024;01;01;HOTEL;05;5 ESTRELLAS;AREQUIPA;040000;3;241;341;37,91;41,68;2,23;1,82;2,84;1979;1188;791;4406;2161;2245;182
20260330;2024;01;01;HOTEL;05;5 ESTRELLAS;CUSCO;080000;15;1283;2519;36,43;32,68;1,68;1,97;1,64;15148;1869;13279;25522;3683;21839;1102
20260330;2024;01;01;HOTEL;05;5 ESTRELLAS;ICA;110000;4;439;1083;55,4;50,72;1,88;1,83;2,02;9064;6953;2111;17028;12757;4271;503
20260330;2024;01;01;HOTEL;05;5 ESTRELLAS;LA LIBERTAD;130000;2;267;450;49,08;51,56;1,95;1,85;2,4;3692;3048;644;7193;5646;1547;190
20260330;2024;01;01;HOTEL;05;5 ESTRELLAS;LIMA;150000;25;4441;7894;38,9;32,73;2,34;1,69;2,63;34230;10673;23557;80083;18078;62005;3204
20260330;2024;01;01;HOTEL;05;5 ESTRELLAS;LORETO;160000;1;60;89;59,84;66,29;1,74;1,79;1,67;1053;562;491;1829;1007;822;54
20260330;2024;01;01;HOTEL;05;5 ESTRELLAS;PIURA;200000;1;83;166;65,14;53,83;1,83;1,71;2,31;1513;1202;311;2770;2053;717;82
20260330;2024;01;01;HOTEL;05;5 ESTRELLAS;PUNO;210000;1;123;231;37,06;40,39;1,84;1,75;1,86;1575;366;1209;2892;639;2253;22
20260330;2024;01;01;HOTEL;05;5 ESTRELLAS;SAN MARTÍN;220000;1;50;108;37,55;49,67;1,8;1,79;2,09;922;877;45;1663;1569;94;63
20260330;2024;01;01;HOTEL;05;5 ESTRELLAS;UCAYALI;250000;2;162;300;33,03;28,27;2,19;2,21;2,04;1202;1039;163;2629;2296;333;72
20260330;2024;01;01;HOTEL;TT;TODAS CONSOLIDADAS;AMAZONAS;010000;57;1453;2402;19,84;17,51;1,25;1,24;1,88;10417;10279;138;13039;12780;259;281
20260330;2024;01;01;HOTEL;TT;TODAS CONSOLIDADAS;ÁNCASH;020000;112;3342;5919;18,98;14,39;1,39;1,37;1,97;18999;18405;594;26402;25230;1172;611
20260330;2024;01;01;HOTEL;TT;TODAS CONSOLIDADAS;APURÍMAC;030000;15;554;925;27,8;20,6;1,28;1,28;1,34;4604;4445;159;5906;5693;213;104
20260330;2024;01;01;HOTEL;TT;TODAS CONSOLIDADAS;AREQUIPA;040000;131;4236;7613;24,76;22,04;1,78;1,73;1,97;29214;23145;6069;52018;40062;11956;1256
20260330;2024;01;01;HOTEL;TT;TODAS CONSOLIDADAS;AYACUCHO;050000;25;819;1477;12,99;12,65;2,2;2,17;2,75;2638;2508;130;5793;5435;358;169
20260330;2024;01;01;HOTEL;TT;TODAS CONSOLIDADAS;CAJAMARCA;060000;141;4213;7047;19,61;14,63;1,4;1,39;2,02;22812;22264;548;31953;30844;1109;853
20260330;2024;01;01;HOTEL;TT;TODAS CONSOLIDADAS;CALLAO;070000;7;644;1057;67,25;66,33;1,44;1,51;1,41;15058;4542;10516;21734;6880;14854;192
20260330;2024;01;01;HOTEL;TT;TODAS CONSOLIDADAS;CUSCO;080000;175;7286;14119;33,16;29,89;1,77;1,7;1,79;73830;17801;56029;130842;30281;100561;3316
20260330;2024;01;01;HOTEL;TT;TODAS CONSOLIDADAS;HUANCAVELICA;090000;4;105;177;18,43;16,6;1,57;1,57;1,33;581;566;15;911;891;20;19
20260330;2024;01;01;HOTEL;TT;TODAS CONSOLIDADAS;HUÁNUCO;100000;78;2537;4241;28,94;23,68;1,37;1,36;1,87;22735;22429;306;31134;30562;572;469
20260330;2024;01;01;HOTEL;TT;TODAS CONSOLIDADAS;ICA;110000;140;5258;10274;35,46;31,41;1,58;1,6;1,5;63234;52368;10866;100040;83728;16312;1662
20260330;2024;01;01;HOTEL;TT;TODAS CONSOLIDADAS;LA LIBERTAD;130000;110;3550;6599;32,14;27,72;1,55;1,51;2;36682;33950;2732;56698;51236;5462;987
20260330;2024;01;01;HOTEL;TT;TODAS CONSOLIDADAS;LAMBAYEQUE;140000;112;3576;5740;24,73;21,19;1,35;1,33;1,8;27917;26640;1277;37714;35410;2304;817
20260330;2024;01;01;HOTEL;TT;TODAS CONSOLIDADAS;LIMA;150000;367;22919;41848;38,44;33,71;1,74;1,42;2,26;281670;176837;104833;488968;251908;237060;9116
20260330;2024;01;01;HOTEL;TT;TODAS CONSOLIDADAS;LORETO;160000;39;1157;1975;30,1;26,2;2,03;2,08;1,85;7895;6176;1719;16042;12863;3179;385
20260330;2024;01;01;HOTEL;TT;TODAS CONSOLIDADAS;MADRE DE DIOS;170000;17;516;927;29,32;25,89;1,25;1,27;1,19;5943;4481;1462;7439;5694;1745;116
20260330;2024;01;01;HOTEL;TT;TODAS CONSOLIDADAS;MOQUEGUA;180000;40;1158;1963;35,87;30,87;2,14;2,13;2,26;8768;8047;721;18783;17151;1632;275
20260330;2024;01;01;HOTEL;TT;TODAS CONSOLIDADAS;PASCO;190000;14;425;742;16,7;13,41;1,28;1,28;1;2408;2407;1;3084;3083;1;70
20260330;2024;01;01;HOTEL;TT;TODAS CONSOLIDADAS;PIURA;200000;44;1661;2893;37,94;31,16;1,72;1,64;2,23;16272;14156;2116;27948;23239;4709;526
20260330;2024;01;01;HOTEL;TT;TODAS CONSOLIDADAS;PUNO;210000;68;2250;4170;21,03;18,19;1,49;1,43;1,56;15765;8004;7761;23513;11419;12094;461
20260330;2024;01;01;HOTEL;TT;TODAS CONSOLIDADAS;SAN MARTÍN;220000;59;1811;3128;35,28;31,72;1,79;1,78;2,08;17200;16677;523;30762;29673;1089;472
20260330;2024;01;01;HOTEL;TT;TODAS CONSOLIDADAS;TACNA;230000;41;1415;2901;42,13;40,93;2,26;2,11;2,37;16278;6836;9442;36805;14432;22373;293
20260330;2024;01;01;HOTEL;TT;TODAS CONSOLIDADAS;TUMBES;240000;22;758;1493;39,97;42,39;2,42;2,41;2,47;8121;6997;1124;19621;16843;2778;306
20260330;2024;01;01;HOTEL;TT;TODAS CONSOLIDADAS;UCAYALI;250000;24;1048;1808;30,34;26,88;2,07;2,05;2,22;7287;6380;907;15068;13056;2012;330
20260330;2024;01;02;APART HOTEL;03;3 ESTRELLAS;ÁNCASH;020000;2;16;44;24,6;24,63;1,74;1,74;0;193;193;0;336;336;0;4
20260330;2024;01;02;APART HOTEL;03;3 ESTRELLAS;APURÍMAC;030000;1;21;30;57,45;54,19;1,77;1,89;1,14;284;240;44;504;454;50;9
20260330;2024;01;02;APART HOTEL;03;3 ESTRELLAS;AREQUIPA;040000;1;19;35;3,4;3,41;1,76;1,33;2,83;21;15;6;37;20;17;5
20260330;2024;01;02;APART HOTEL;03;3 ESTRELLAS;CAJAMARCA;060000;2;13;24;0;0;0;0;0;0;0;0;0;0;0;0
20260330;2024;01;02;APART HOTEL;03;3 ESTRELLAS;ICA;110000;3;36;52;11,56;9,8;1,22;1,14;2;129;116;13;158;132;26;10
20260330;2024;01;02;APART HOTEL;03;3 ESTRELLAS;LIMA;150000;6;138;268;45,68;39,37;3,94;3,78;4,12;830;443;387;3271;1676;1595;46
20260330;2024;01;02;APART HOTEL;03;3 ESTRELLAS;LORETO;160000;1;24;46;0;0;0;0;0;0;0;0;0;0;0;0
20260330;2024;01;02;APART HOTEL;03;3 ESTRELLAS;MOQUEGUA;180000;1;10;16;22,26;14,11;2;1,91;3,5;35;33;2;70;63;7;3
20260330;2024;01;02;APART HOTEL;03;3 ESTRELLAS;PASCO;190000;1;15;17;0;0;0;0;0;0;0;0;0;0;0;0
20260330;2024;01;02;APART HOTEL;03;3 ESTRELLAS;TUMBES;240000;2;19;54;50,25;40,08;3,14;3,15;3,07;214;173;41;671;545;126;15
20260330;2024;01;02;APART HOTEL;04;4 ESTRELLAS;AREQUIPA;040000;1;19;31;35,31;36,84;3,25;3,52;2,29;109;85;24;354;299;55;8
20260330;2024;01;02;APART HOTEL;04;4 ESTRELLAS;LIMA;150000;7;576;1209;35,9;38,78;1,94;1,92;2,27;7477;6944;533;14535;13323;1212;423
20260330;2024;01;02;APART HOTEL;04;4 ESTRELLAS;LORETO;160000;1;13;23;50,12;43,48;1;1;1;310;45;265;310;45;265;6
20260330;2024;01;02;APART HOTEL;04;4 ESTRELLAS;SAN MARTÍN;220000;1;24;48;63,44;73,45;2,18;2,24;1,8;501;432;69;1093;969;124;18
20260330;2024;01;02;APART HOTEL;05;5 ESTRELLAS;LIMA;150000;4;250;435;24,81;20,54;3,73;3,33;3,94;743;261;482;2770;870;1900;106
20260330;2024;01;02;APART HOTEL;TT;TODAS CONSOLIDADAS;ÁNCASH;020000;2;16;44;24,6;24,63;1,74;1,74;0;193;193;0;336;336;0;4
20260330;2024;01;02;APART HOTEL;TT;TODAS CONSOLIDADAS;APURÍMAC;030000;1;21;30;57,45;54,19;1,77;1,89;1,14;284;240;44;504;454;50;9
20260330;2024;01;02;APART HOTEL;TT;TODAS CONSOLIDADAS;AREQUIPA;040000;2;38;66;19,35;19,11;3,01;3,19;2,4;130;100;30;391;319;72;13
20260330;2024;01;02;APART HOTEL;TT;TODAS CONSOLIDADAS;CAJAMARCA;060000;2;13;24;0;0;0;0;0;0;0;0;0;0;0;0
20260330;2024;01;02;APART HOTEL;TT;TODAS CONSOLIDADAS;ICA;110000;3;36;52;11,56;9,8;1,22;1,14;2;129;116;13;158;132;26;10
20260330;2024;01;02;APART HOTEL;TT;TODAS CONSOLIDADAS;LIMA;150000;17;964;1912;34,43;34,71;2,27;2,07;3,36;9050;7648;1402;20576;15869;4707;575
20260330;2024;01;02;APART HOTEL;TT;TODAS CONSOLIDADAS;LORETO;160000;2;37;69;17,61;14,49;1;1;1;310;45;265;310;45;265;6
20260330;2024;01;02;APART HOTEL;TT;TODAS CONSOLIDADAS;MOQUEGUA;180000;1;10;16;22,26;14,11;2;1,91;3,5;35;33;2;70;63;7;3
20260330;2024;01;02;APART HOTEL;TT;TODAS CONSOLIDADAS;PASCO;190000;1;15;17;0;0;0;0;0;0;0;0;0;0;0;0
20260330;2024;01;02;APART HOTEL;TT;TODAS CONSOLIDADAS;SAN MARTÍN;220000;1;24;48;63,44;73,45;2,18;2,24;1,8;501;432;69;1093;969;124;18
20260330;2024;01;02;APART HOTEL;TT;TODAS CONSOLIDADAS;TUMBES;240000;2;19;54;50,25;40,08;3,14;3,15;3,07;214;173;41;671;545;126;15
20260330;2024;01;03;HOSTAL;01;1 ESTRELLA;AMAZONAS;010000;17;245;354;23,12;20,07;1,04;1,04;1,39;2115;2097;18;2202;2177;25;43
20260330;2024;01;03;HOSTAL;01;1 ESTRELLA;ÁNCASH;020000;39;571;940;24,7;21,7;1,09;1,09;1,03;5789;5758;31;6322;6290;32;95
20260330;2024;01;03;HOSTAL;01;1 ESTRELLA;APURÍMAC;030000;4;72;114;40,64;38;1,05;1,05;0;1275;1275;0;1343;1343;0;11
20260330;2024;01;03;HOSTAL;01;1 ESTRELLA;AREQUIPA;040000;51;778;1190;28,51;24,57;1,12;1,12;1,11;8087;7670;417;9065;8601;464;136
20260330;2024;01;03;HOSTAL;01;1 ESTRELLA;AYACUCHO;050000;12;166;301;8,43;6,72;1,37;1,37;0;459;459;0;627;627;0;26
20260330;2024;01;03;HOSTAL;01;1 ESTRELLA;CAJAMARCA;060000;21;342;539;25,77;16,01;1,24;1,24;0;2158;2158;0;2675;2675;0;65
20260330;2024;01;03;HOSTAL;01;1 ESTRELLA;CALLAO;070000;8;159;301;42,82;45,23;1,02;1,01;1,18;4459;4191;268;4543;4225;317;29
20260330;2024;01;03;HOSTAL;01;1 ESTRELLA;CUSCO;080000;25;425;708;23,64;21;1,11;1,09;2,29;4169;4131;38;4609;4522;87;60
20260330;2024;01;03;HOSTAL;01;1 ESTRELLA;HUANCAVELICA;090000;2;66;94;15,4;11,12;1,04;1,04;0;313;313;0;324;324;0;5
20260330;2024;01;03;HOSTAL;01;1 ESTRELLA;HUÁNUCO;100000;25;360;536;47,64;45,59;1,51;1,51;0;5026;5026;0;7575;7575;0;65
20260330;2024;01;03;HOSTAL;01;1 ESTRELLA;ICA;110000;18;216;324;31,33;29,19;1;1;0;2932;2932;0;2932;2932;0;39
20260330;2024;01;03;HOSTAL;01;1 ESTRELLA;JUNÍN;120000;12;170;294;21,31;18,89;1,43;1,43;0;1201;1201;0;1722;1722;0;29
20260330;2024;01;03;HOSTAL;01;1 ESTRELLA;LA LIBERTAD;130000;26;371;648;35,46;25,9;1,36;1,36;1;3814;3810;4;5203;5199;4;64
20260330;2024;01;03;HOSTAL;01;1 ESTRELLA;LAMBAYEQUE;140000;14;187;262;15,87;13;1,13;1,13;1;934;932;2;1056;1054;2;33
20260330;2024;01;03;HOSTAL;01;1 ESTRELLA;LIMA;150000;77;1612;2854;33,79;25,21;1,18;1,17;1,37;24539;24052;487;28907;28242;665;343
20260330;2024;01;03;HOSTAL;01;1 ESTRELLA;LORETO;160000;6;101;162;22,61;19,14;1,73;1,72;1,84;555;500;55;961;860;101;28
20260330;2024;01;03;HOSTAL;01;1 ESTRELLA;MADRE DE DIOS;170000;2;53;101;21,18;18,97;2;2;0;297;297;0;594;594;0;7
20260330;2024;01;03;HOSTAL;01;1 ESTRELLA;MOQUEGUA;180000;18;242;414;14,76;10,65;1,26;1,27;1,03;1084;1050;34;1367;1332;35;43
20260330;2024;01;03;HOSTAL;01;1 ESTRELLA;PASCO;190000;16;264;351;32,71;22,83;1,04;1,04;1;2398;2395;3;2484;2481;3;48
20260330;2024;01;03;HOSTAL;01;1 ESTRELLA;PIURA;200000;3;56;81;27,07;18,96;2,23;2,23;0;213;213;0;476;476;0;11
20260330;2024;01;03;HOSTAL;01;1 ESTRELLA;PUNO;210000;29;428;728;22,02;17,38;1,08;1,07;1,32;3639;3471;168;3922;3701;221;64
20260330;2024;01;03;HOSTAL;01;1 ESTRELLA;SAN MARTÍN;220000;1;20;34;8,23;6,45;1,55;1,55;0;44;44;0;68;68;0;8
20260330;2024;01;03;HOSTAL;01;1 ESTRELLA;TACNA;230000;10;175;306;25,49;22,78;1,06;1,05;1,09;2032;1271;761;2161;1329;832;29
20260330;2024;01;03;HOSTAL;02;2 ESTRELLAS;AMAZONAS;010000;54;914;1447;22,37;19,5;1,12;1,1;2,24;7779;7630;149;8746;8412;334;153
20260330;2024;01;03;HOSTAL;02;2 ESTRELLAS;ÁNCASH;020000;127;2107;3682;33,23;29,64;1,07;1,07;1,2;31469;31341;128;33826;33673;153;364
20260330;2024;01;03;HOSTAL;02;2 ESTRELLAS;APURÍMAC;030000;7;143;221;32,17;26,17;1,12;1,12;1;1601;1575;26;1793;1767;26;25
20260330;2024;01;03;HOSTAL;02;2 ESTRELLAS;AREQUIPA;040000;128;2035;3664;29,94;25,72;1,23;1,23;1,44;23654;22659;995;29210;27774;1436;362
20260330;2024;01;03;HOSTAL;02;2 ESTRELLAS;AYACUCHO;050000;7;112;193;31,51;29,55;2,09;2,09;2,28;845;820;25;1768;1711;57;19
20260330;2024;01;03;HOSTAL;02;2 ESTRELLAS;CAJAMARCA;060000;129;2308;3693;17,56;12,21;1,14;1,14;1,44;12246;12162;84;13980;13859;121;364
20260330;2024;01;03;HOSTAL;02;2 ESTRELLAS;CALLAO;070000;5;207;400;43,4;38,73;1,01;1,01;1;4768;4767;1;4802;4801;1;32
20260330;2024;01;03;HOSTAL;02;2 ESTRELLAS;CUSCO;080000;45;759;1354;25,11;23,32;1,61;1,5;1,88;6063;4200;1863;9787;6283;3504;139
20260330;2024;01;03;HOSTAL;02;2 ESTRELLAS;HUANCAVELICA;090000;1;44;82;12,02;9,99;1,13;1,13;1,33;224;221;3;254;250;4;3
20260330;2024;01;03;HOSTAL;02;2 ESTRELLAS;HUÁNUCO;100000;26;628;1067;18,04;14,23;1,13;1,13;1,05;4155;4097;58;4708;4647;61;111
20260330;2024;01;03;HOSTAL;02;2 ESTRELLAS;ICA;110000;80;1196;1946;26,16;25,03;1,06;1,06;1,15;14241;13981;260;15097;14798;299;193
20260330;2024;01;03;HOSTAL;02;2 ESTRELLAS;JUNÍN;120000;23;383;741;26,56;24,4;1,2;1,19;1,7;4689;4659;30;5606;5555;51;76
20260330;2024;01;03;HOSTAL;02;2 ESTRELLAS;LA LIBERTAD;130000;122;2051;3667;19,31;18,91;1,23;1,23;1;17527;17463;64;21495;21431;64;355
20260330;2024;01;03;HOSTAL;02;2 ESTRELLAS;LAMBAYEQUE;140000;141;2065;2987;28,78;20,42;1,12;1,12;1,04;16870;16777;93;18909;18812;97;397
20260330;2024;01;03;HOSTAL;02;2 ESTRELLAS;LIMA;150000;119;2914;5311;32,52;30,84;1,4;1,27;2,45;52975;47207;5768;74141;60020;14121;714
20260330;2024;01;03;HOSTAL;02;2 ESTRELLAS;LORETO;160000;8;152;242;18,29;15,72;2,1;2,09;2,29;561;520;41;1179;1085;94;32
20260330;2024;01;03;HOSTAL;02;2 ESTRELLAS;MADRE DE DIOS;170000;5;129;191;37,46;30,13;1,26;1,26;1,23;1416;1326;90;1784;1673;111;23
20260330;2024;01;03;HOSTAL;02;2 ESTRELLAS;MOQUEGUA;180000;63;953;1568;18,9;15,86;1,36;1,36;1,31;5667;5465;202;7710;7445;265;168
20260330;2024;01;03;HOSTAL;02;2 ESTRELLAS;PASCO;190000;14;277;519;12,23;8,76;1,34;1,34;2;1049;1048;1;1409;1407;2;36
20260330;2024;01;03;HOSTAL;02;2 ESTRELLAS;PIURA;200000;23;475;808;28,05;21,54;1,53;1,54;1,31;3515;3406;109;5395;5252;143;85
20260330;2024;01;03;HOSTAL;02;2 ESTRELLAS;PUNO;210000;54;828;1571;19,74;15,35;1,28;1,28;1,25;5861;4926;935;7477;6311;1166;141
20260330;2024;01;03;HOSTAL;02;2 ESTRELLAS;SAN MARTÍN;220000;22;316;500;25,94;24,91;1,68;1,68;2,04;2293;2265;28;3861;3804;57;71
20260330;2024;01;03;HOSTAL;02;2 ESTRELLAS;TACNA;230000;26;432;848;32,24;20,16;1,58;1,61;1,57;3352;912;2440;5299;1465;3834;81
20260330;2024;01;03;HOSTAL;02;2 ESTRELLAS;TUMBES;240000;5;66;131;13,83;12,46;1,74;1,75;1;291;287;4;506;502;4;18
20260330;2024;01;03;HOSTAL;02;2 ESTRELLAS;UCAYALI;250000;2;71;136;16,54;8,97;1,58;1,58;2;239;237;2;378;374;4;16
20260330;2024;01;03;HOSTAL;03;3 ESTRELLAS;AMAZONAS;010000;9;122;243;17,4;15,39;1,8;1,74;1,96;645;465;180;1159;807;352;29
20260330;2024;01;03;HOSTAL;03;3 ESTRELLAS;ÁNCASH;020000;21;325;624;16,35;14,88;1,47;1,47;1,67;1963;1954;9;2878;2863;15;72
20260330;2024;01;03;HOSTAL;03;3 ESTRELLAS;APURÍMAC;030000;1;24;43;30,24;16,88;1,63;1,33;2,85;138;111;27;225;148;77;5
20260330;2024;01;03;HOSTAL;03;3 ESTRELLAS;AREQUIPA;040000;44;690;1265;27,6;24,72;1,97;1,87;2,25;4928;3708;1220;9693;6946;2747;169
20260330;2024;01;03;HOSTAL;03;3 ESTRELLAS;AYACUCHO;050000;3;51;103;24,1;15,91;1,67;1,66;1,83;304;280;24;508;464;44;22
20260330;2024;01;03;HOSTAL;03;3 ESTRELLAS;CAJAMARCA;060000;52;787;1287;19,49;14,47;1,44;1,44;1,34;4001;3911;90;5772;5651;121;190
20260330;2024;01;03;HOSTAL;03;3 ESTRELLAS;CUSCO;080000;19;323;639;24,42;20,42;1,54;1,29;1,89;2629;1546;1083;4045;1999;2046;74
20260330;2024;01;03;HOSTAL;03;3 ESTRELLAS;HUÁNUCO;100000;1;31;39;0;0;0;0;0;0;0;0;0;0;0;0
20260330;2024;01;03;HOSTAL;03;3 ESTRELLAS;ICA;110000;40;669;1266;40,54;29,54;1,31;1,31;1,29;8868;6234;2634;11593;8192;3401;159
20260330;2024;01;03;HOSTAL;03;3 ESTRELLAS;JUNÍN;120000;3;60;117;30,65;20,46;1,74;1,74;1;427;426;1;742;741;1;39
20260330;2024;01;03;HOSTAL;03;3 ESTRELLAS;LA LIBERTAD;130000;46;839;1625;36,48;30,3;1,11;1,11;1,2;13711;13419;292;15262;14912;350;166
20260330;2024;01;03;HOSTAL;03;3 ESTRELLAS;LAMBAYEQUE;140000;23;339;514;40,21;32,52;1,27;1,27;1,11;4093;4009;84;5182;5089;93;73
20260330;2024;01;03;HOSTAL;03;3 ESTRELLAS;LIMA;150000;24;494;934;19,03;15,97;1,15;1,16;1,11;4008;3455;553;4623;4009;614;91
20260330;2024;01;03;HOSTAL;03;3 ESTRELLAS;LORETO;160000;8;131;212;21,67;21,68;2,11;2,02;2,66;675;577;98;1425;1164;261;31
20260330;2024;01;03;HOSTAL;03;3 ESTRELLAS;MADRE DE DIOS;170000;1;22;28;46,63;36,87;1,45;1,45;1;221;220;1;320;319;1;2
20260330;2024;01;03;HOSTAL;03;3 ESTRELLAS;MOQUEGUA;180000;6;89;164;52,16;31,35;2,25;2,25;2,33;708;666;42;1594;1496;98;18
20260330;2024;01;03;HOSTAL;03;3 ESTRELLAS;PASCO;190000;1;12;26;23,66;24,69;1,31;1,31;1;152;150;2;199;197;2;6
20260330;2024;01;03;HOSTAL;03;3 ESTRELLAS;PIURA;200000;2;36;88;17,74;18,62;2,22;2,18;2,56;229;204;25;508;444;64;19
20260330;2024;01;03;HOSTAL;03;3 ESTRELLAS;PUNO;210000;11;206;361;25,07;19,46;1,36;1,44;1,12;1606;1184;422;2178;1704;474;46
20260330;2024;01;03;HOSTAL;03;3 ESTRELLAS;SAN MARTÍN;220000;6;112;244;52,48;54,87;1,96;1,95;2,27;2112;1984;128;4150;3860;290;48
20260330;2024;01;03;HOSTAL;03;3 ESTRELLAS;TACNA;230000;4;78;178;30,77;25,99;2,98;2,62;3,41;481;261;220;1434;683;751;16
20260330;2024;01;03;HOSTAL;03;3 ESTRELLAS;TUMBES;240000;3;51;102;0;0;0;0;0;0;0;0;0;0;0;0
20260330;2024;01;03;HOSTAL;03;3 ESTRELLAS;UCAYALI;250000;1;35;52;15,76;14,83;1,88;1,88;0;127;127;0;239;239;0;5
20260330;2024;01;03;HOSTAL;TT;TODAS CONSOLIDADAS;AMAZONAS;010000;80;1281;2044;22,04;19,11;1,15;1,12;2,05;10539;10192;347;12107;11396;711;225
20260330;2024;01;03;HOSTAL;TT;TODAS CONSOLIDADAS;ÁNCASH;020000;187;3003;5246;29,78;26,46;1,1;1,1;1,19;39221;39053;168;43026;42826;200;531
20260330;2024;01;03;HOSTAL;TT;TODAS CONSOLIDADAS;APURÍMAC;030000;12;239;378;34,53;28,68;1,12;1,1;1,94;3014;2961;53;3361;3258;103;41
20260330;2024;01;03;HOSTAL;TT;TODAS CONSOLIDADAS;AREQUIPA;040000;223;3503;6119;29,16;25,29;1,31;1,27;1,77;36669;34037;2632;47968;43321;4647;667
20260330;2024;01;03;HOSTAL;TT;TODAS CONSOLIDADAS;AYACUCHO;050000;22;329;597;18,72;15,69;1,81;1,8;2,06;1608;1559;49;2903;2802;101;67
20260330;2024;01;03;HOSTAL;TT;TODAS CONSOLIDADAS;CAJAMARCA;060000;202;3437;5519;18,82;13,11;1,22;1,22;1,39;18405;18231;174;22427;22185;242;619
20260330;2024;01;03;HOSTAL;TT;TODAS CONSOLIDADAS;CALLAO;070000;13;366;701;43,18;41,18;1,01;1,01;1,18;9587;9348;239;9702;9419;282;64
20260330;2024;01;03;HOSTAL;TT;TODAS CONSOLIDADAS;CUSCO;080000;89;1507;2701;24,55;22,02;1,43;1,3;1,89;12861;9877;2984;18441;12804;5637;273
20260330;2024;01;03;HOSTAL;TT;TODAS CONSOLIDADAS;HUANCAVELICA;090000;3;110;176;14,05;10,59;1,08;1,07;1,33;537;534;3;578;574;4;8
20260330;2024;01;03;HOSTAL;TT;TODAS CONSOLIDADAS;HUÁNUCO;100000;52;1019;1642;27,95;24,13;1,34;1,34;1,05;9181;9123;58;12283;12222;61;176
20260330;2024;01;03;HOSTAL;TT;TODAS CONSOLIDADAS;ICA;110000;138;2081;3536;31,32;27,02;1,14;1,12;1,28;26041;23147;2894;29622;25922;3700;391
20260330;2024;01;03;HOSTAL;TT;TODAS CONSOLIDADAS;LA LIBERTAD;130000;194;3261;5940;25,57;22,79;1,2;1,2;1,16;35052;34692;360;41960;41542;418;585
20260330;2024;01;03;HOSTAL;TT;TODAS CONSOLIDADAS;LAMBAYEQUE;140000;178;2591;3763;29,34;21,56;1,15;1,15;1,07;21897;21718;179;25147;24955;192;503
20260330;2024;01;03;HOSTAL;TT;TODAS CONSOLIDADAS;LIMA;150000;220;5020;9099;29,65;25,81;1,3;1,22;2,03;70556;64344;6212;91396;78763;12633;1068
20260330;2024;01;03;HOSTAL;TT;TODAS CONSOLIDADAS;LORETO;160000;22;384;616;20,58;18,67;1,99;1,95;2,35;1791;1597;194;3565;3109;456;91
20260330;2024;01;03;HOSTAL;TT;TODAS CONSOLIDADAS;MADRE DE DIOS;170000;8;204;320;34,22;27,2;1,4;1,4;1,23;1934;1843;91;2698;2586;112;32
20260330;2024;01;03;HOSTAL;TT;TODAS CONSOLIDADAS;MOQUEGUA;180000;87;1284;2146;20,42;16,04;1,43;1,43;1,43;7459;7181;278;10671;10273;398;229
20260330;2024;01;03;HOSTAL;TT;TODAS CONSOLIDADAS;PASCO;190000;31;553;896;22,25;14,73;1,14;1,14;1,17;3599;3593;6;4092;4085;7;90
20260330;2024;01;03;HOSTAL;TT;TODAS CONSOLIDADAS;PIURA;200000;28;567;977;27,3;21,06;1,61;1,61;1,54;3957;3823;134;6379;6172;207;115
20260330;2024;01;03;HOSTAL;TT;TODAS CONSOLIDADAS;PUNO;210000;94;1462;2660;21,16;16,46;1,22;1,22;1,22;11106;9581;1525;13577;11716;1861;251
20260330;2024;01;03;HOSTAL;TT;TODAS CONSOLIDADAS;SAN MARTÍN;220000;29;448;778;31,78;33,5;1,82;1,8;2,22;4449;4293;156;8079;7732;347;127
20260330;2024;01;03;HOSTAL;TT;TODAS CONSOLIDADAS;TACNA;230000;40;685;1332;30,35;21,54;1,52;1,42;1,58;5865;2444;3421;8894;3477;5417;126
20260330;2024;01;03;HOSTAL;TT;TODAS CONSOLIDADAS;TUMBES;240000;8;117;233;7,8;7,01;1,74;1,75;1;291;287;4;506;502;4;18
20260330;2024;01;03;HOSTAL;TT;TODAS CONSOLIDADAS;UCAYALI;250000;3;106;188;16,28;10,59;1,69;1,68;2;366;364;2;617;613;4;21
20260330;2024;01;05;ALBERGUE;12;ALBERGUE;AMAZONAS;010000;1;6;11;0;0;0;0;0;0;0;0;0;0;0;0
20260330;2024;01;05;ALBERGUE;12;ALBERGUE;ÁNCASH;020000;6;64;132;9,48;5,08;1,24;1,22;1,28;168;121;47;208;148;60;13
20260330;2024;01;05;ALBERGUE;12;ALBERGUE;AREQUIPA;040000;10;166;377;16,69;16,3;1,53;1,55;1,5;1246;676;570;1905;1049;856;107
20260330;2024;01;05;ALBERGUE;12;ALBERGUE;AYACUCHO;050000;1;10;20;0;0;0;0;0;0;0;0;0;0;0;0
20260330;2024;01;05;ALBERGUE;12;ALBERGUE;CAJAMARCA;060000;1;11;22;0;0;0;0;0;0;0;0;0;0;0;0
20260330;2024;01;05;ALBERGUE;12;ALBERGUE;CUSCO;080000;13;332;550;10,17;12,17;1,5;1,66;1,48;1383;135;1248;2075;224;1851;146
20260330;2024;01;05;ALBERGUE;12;ALBERGUE;HUÁNUCO;100000;5;59;75;0;0;0;0;0;0;0;0;0;0;0;0
20260330;2024;01;05;ALBERGUE;12;ALBERGUE;ICA;110000;5;47;177;22,99;26,7;1,55;1,55;1,55;947;557;390;1465;862;603;16
20260330;2024;01;05;ALBERGUE;12;ALBERGUE;JUNÍN;120000;1;32;104;17,54;13,71;1,94;1,95;1,75;228;220;8;442;428;14;20
20260330;2024;01;05;ALBERGUE;12;ALBERGUE;LA LIBERTAD;130000;1;15;27;62,15;40,86;1,71;1,74;1,5;200;176;24;342;306;36;4
20260330;2024;01;05;ALBERGUE;12;ALBERGUE;LIMA;150000;8;128;417;16,13;18,69;1,92;1,89;2,58;1259;1199;60;2416;2261;155;33
20260330;2024;01;05;ALBERGUE;12;ALBERGUE;LORETO;160000;60;838;1758;16,43;14,57;1,99;1,67;2,09;3993;1012;2981;7939;1695;6244;286
20260330;2024;01;05;ALBERGUE;12;ALBERGUE;MADRE DE DIOS;170000;14;286;578;17,67;17,87;2,6;2,42;2,62;1231;132;1099;3202;320;2882;171
20260330;2024;01;05;ALBERGUE;12;ALBERGUE;PASCO;190000;12;184;516;11,82;10,2;1,21;1,21;2;1344;1341;3;1631;1625;6;45
20260330;2024;01;05;ALBERGUE;12;ALBERGUE;PUNO;210000;1;13;35;0;0;0;0;0;0;0;0;0;0;0;0
20260330;2024;01;05;ALBERGUE;12;ALBERGUE;SAN MARTÍN;220000;11;159;352;34,33;32,62;2,48;2,48;2,47;1438;1234;204;3560;3057;503;53
20260330;2024;01;05;ALBERGUE;12;ALBERGUE;UCAYALI;250000;4;49;133;12,71;9,53;2,09;2,07;2,44;188;179;9;393;371;22;25
20260330;2024;01;05;ALBERGUE;TT;TODAS CONSOLIDADAS;AMAZONAS;010000;1;6;11;0;0;0;0;0;0;0;0;0;0;0;0
20260330;2024;01;05;ALBERGUE;TT;TODAS CONSOLIDADAS;ÁNCASH;020000;6;64;132;9,48;5,08;1,24;1,22;1,28;168;121;47;208;148;60;13
20260330;2024;01;05;ALBERGUE;TT;TODAS CONSOLIDADAS;AREQUIPA;040000;10;166;377;16,69;16,3;1,53;1,55;1,5;1246;676;570;1905;1049;856;107
20260330;2024;01;05;ALBERGUE;TT;TODAS CONSOLIDADAS;AYACUCHO;050000;1;10;20;0;0;0;0;0;0;0;0;0;0;0;0
20260330;2024;01;05;ALBERGUE;TT;TODAS CONSOLIDADAS;CAJAMARCA;060000;1;11;22;0;0;0;0;0;0;0;0;0;0;0;0
20260330;2024;01;05;ALBERGUE;TT;TODAS CONSOLIDADAS;CUSCO;080000;13;332;550;10,17;12,17;1,5;1,66;1,48;1383;135;1248;2075;224;1851;146
20260330;2024;01;05;ALBERGUE;TT;TODAS CONSOLIDADAS;HUÁNUCO;100000;5;59;75;0;0;0;0;0;0;0;0;0;0;0;0
20260330;2024;01;05;ALBERGUE;TT;TODAS CONSOLIDADAS;ICA;110000;5;47;177;22,99;26,7;1,55;1,55;1,55;947;557;390;1465;862;603;16
20260330;2024;01;05;ALBERGUE;TT;TODAS CONSOLIDADAS;LA LIBERTAD;130000;1;15;27;62,15;40,86;1,71;1,74;1,5;200;176;24;342;306;36;4
20260330;2024;01;05;ALBERGUE;TT;TODAS CONSOLIDADAS;LIMA;150000;8;128;417;16,13;18,69;1,92;1,89;2,58;1259;1199;60;2416;2261;155;33
20260330;2024;01;05;ALBERGUE;TT;TODAS CONSOLIDADAS;LORETO;160000;60;838;1758;16,43;14,57;1,99;1,67;2,09;3993;1012;2981;7939;1695;6244;286
20260330;2024;01;05;ALBERGUE;TT;TODAS CONSOLIDADAS;MADRE DE DIOS;170000;14;286;578;17,67;17,87;2,6;2,42;2,62;1231;132;1099;3202;320;2882;171
20260330;2024;01;05;ALBERGUE;TT;TODAS CONSOLIDADAS;PASCO;190000;12;184;516;11,82;10,2;1,21;1,21;2;1344;1341;3;1631;1625;6;45
20260330;2024;01;05;ALBERGUE;TT;TODAS CONSOLIDADAS;PUNO;210000;1;13;35;0;0;0;0;0;0;0;0;0;0;0;0
20260330;2024;01;05;ALBERGUE;TT;TODAS CONSOLIDADAS;SAN MARTÍN;220000;11;159;352;34,33;32,62;2,48;2,48;2,47;1438;1234;204;3560;3057;503;53
20260330;2024;01;05;ALBERGUE;TT;TODAS CONSOLIDADAS;UCAYALI;250000;4;49;133;12,71;9,53;2,09;2,07;2,44;188;179;9;393;371;22;25
20260330;2024;01;14;RESORT;03;3 ESTRELLAS;ICA;110000;1;51;86;0;0;0;0;0;0;0;0;0;0;0;0
20260330;2024;01;14;RESORT;03;3 ESTRELLAS;TUMBES;240000;1;28;62;4,38;4,47;1,72;1,71;2;50;48;2;86;82;4;10
20260330;2024;01;14;RESORT;04;4 ESTRELLAS;TUMBES;240000;1;402;1101;80,44;74,93;2,69;2,64;3,17;9508;8627;881;25574;22781;2793;498
20260330;2024;01;14;RESORT;05;5 ESTRELLAS;ICA;110000;1;115;250;32,31;36,55;1,59;1,59;1,56;1787;1417;370;2833;2257;576;111
20260330;2024;01;14;RESORT;TT;TODAS CONSOLIDADAS;ICA;110000;2;166;336;22,39;27,2;1,59;1,59;1,56;1787;1417;370;2833;2257;576;111
20260330;2024;01;14;RESORT;TT;TODAS CONSOLIDADAS;TUMBES;240000;2;430;1163;75,48;71,17;2,68;2,64;3,17;9558;8675;883;25660;22863;2797;508
20260330;2024;01;16;ECOLODGE;13;ECOLODGE;AREQUIPA;040000;1;23;51;7,57;8,29;1,77;1,68;1,81;74;22;52;131;37;94;7
20260330;2024;01;16;ECOLODGE;13;ECOLODGE;SAN MARTÍN;220000;1;12;24;0;0;0;0;0;0;0;0;0;0;0;0
20260330;2024;01;16;ECOLODGE;TT;TODAS CONSOLIDADAS;AREQUIPA;040000;1;23;51;7,57;8,29;1,77;1,68;1,81;74;22;52;131;37;94;7
20260330;2024;01;16;ECOLODGE;TT;TODAS CONSOLIDADAS;SAN MARTÍN;220000;1;12;24;0;0;0;0;0;0;0;0;0;0;0;0
20260330;2024;01;TT;TODAS CONSOLIDADAS;00;NO CATEGORIZADO;AMAZONAS;010000;302;2891;4530;12,63;9,36;1,3;1,28;1,53;10143;9642;501;13139;12373;766;538
20260330;2024;01;TT;TODAS CONSOLIDADAS;00;NO CATEGORIZADO;ÁNCASH;020000;719;6308;10671;18,62;13,66;1,17;1,18;1,07;38666;34928;3738;45201;41212;3989;1162
20260330;2024;01;TT;TODAS CONSOLIDADAS;00;NO CATEGORIZADO;APURÍMAC;030000;510;4503;7047;19,27;14,28;1,15;1,15;1,13;27188;27074;114;31186;31057;129;441
20260330;2024;01;TT;TODAS CONSOLIDADAS;00;NO CATEGORIZADO;AREQUIPA;040000;1265;10848;18374;17,6;14,18;1,43;1,36;1,75;56297;45490;10807;80751;61855;18896;1264
20260330;2024;01;TT;TODAS CONSOLIDADAS;00;NO CATEGORIZADO;AYACUCHO;050000;612;5722;9244;15,07;11,95;1,17;1,17;1,15;29246;28675;571;34240;33584;656;686
20260330;2024;01;TT;TODAS CONSOLIDADAS;00;NO CATEGORIZADO;CAJAMARCA;060000;734;6502;10396;12,73;9,52;1,24;1,24;1,97;24702;24664;38;30676;30601;75;732
20260330;2024;01;TT;TODAS CONSOLIDADAS;00;NO CATEGORIZADO;CALLAO;070000;272;3770;7034;39,52;37,6;1,02;1,01;1,22;139972;137392;2581;142294;139144;3150;1145
20260330;2024;01;TT;TODAS CONSOLIDADAS;00;NO CATEGORIZADO;CUSCO;080000;1997;19093;34162;18,28;16,47;1,48;1,28;1,69;118083;60435;57648;174433;77187;97246;3678
20260330;2024;01;TT;TODAS CONSOLIDADAS;00;NO CATEGORIZADO;HUANCAVELICA;090000;239;2564;3966;15,77;12,48;1,1;1,1;1,48;13985;13964;21;15341;15310;31;301
20260330;2024;01;TT;TODAS CONSOLIDADAS;00;NO CATEGORIZADO;HUÁNUCO;100000;508;5395;8119;18,82;15,02;1,21;1,21;1,17;31259;31143;116;37799;37663;136;668
20260330;2024;01;TT;TODAS CONSOLIDADAS;00;NO CATEGORIZADO;ICA;110000;796;8010;13480;22,04;16,89;1,23;1,22;1,3;57330;48985;8345;70593;59781;10812;1450
20260330;2024;01;TT;TODAS CONSOLIDADAS;00;NO CATEGORIZADO;JUNÍN;120000;1509;15283;24838;17,7;13,97;1,16;1,15;1,49;93123;92876;247;107565;107196;369;2762
20260330;2024;01;TT;TODAS CONSOLIDADAS;00;NO CATEGORIZADO;LA LIBERTAD;130000;992;7375;12342;15,33;14,09;1,08;1,05;1,64;50032;47638;2394;53903;49980;3923;692
20260330;2024;01;TT;TODAS CONSOLIDADAS;00;NO CATEGORIZADO;LAMBAYEQUE;140000;457;4553;6663;15,52;12,45;1,05;1,05;1,06;24390;23803;587;25710;25089;621;577
20260330;2024;01;TT;TODAS CONSOLIDADAS;00;NO CATEGORIZADO;LIMA;150000;7137;55717;96243;22,21;21,19;1,24;1,24;1,27;2512339;2435789;76550;3125258;3027987;97270;38505
20260330;2024;01;TT;TODAS CONSOLIDADAS;00;NO CATEGORIZADO;LORETO;160000;804;6890;10773;14,26;12,86;1,66;1,63;1,75;25901;19942;5959;42940;32537;10403;711
20260330;2024;01;TT;TODAS CONSOLIDADAS;00;NO CATEGORIZADO;MADRE DE DIOS;170000;343;4527;7455;21,22;17,84;1,16;1,11;1,84;35565;33118;2447;41233;36729;4504;792
20260330;2024;01;TT;TODAS CONSOLIDADAS;00;NO CATEGORIZADO;MOQUEGUA;180000;168;1720;2973;16,61;11,35;1,16;1,16;1,23;8992;8885;107;10464;10332;132;230
20260330;2024;01;TT;TODAS CONSOLIDADAS;00;NO CATEGORIZADO;PASCO;190000;360;3771;5786;14,89;11,84;1,17;1,17;1,27;18138;18043;95;21241;21120;121;669
20260330;2024;01;TT;TODAS CONSOLIDADAS;00;NO CATEGORIZADO;PIURA;200000;1161;10648;19207;41,32;32,87;1,64;1,59;2,05;119414;107361;12053;195721;171060;24661;2109
20260330;2024;01;TT;TODAS CONSOLIDADAS;00;NO CATEGORIZADO;PUNO;210000;840;7464;12529;22,06;19,05;1,2;1,19;1,29;61800;59212;2588;74002;70653;3349;1344
20260330;2024;01;TT;TODAS CONSOLIDADAS;00;NO CATEGORIZADO;SAN MARTÍN;220000;878;9275;14546;22,71;17,84;1,32;1,28;2,64;61131;59591;1540;80425;76362;4063;1624
20260330;2024;01;TT;TODAS CONSOLIDADAS;00;NO CATEGORIZADO;TACNA;230000;432;4135;7426;20,79;17,25;1,38;1,28;1,49;28800;15354;13446;39715;19672;20043;511
20260330;2024;01;TT;TODAS CONSOLIDADAS;00;NO CATEGORIZADO;TUMBES;240000;248;2434;4624;15,91;15,67;1,56;1,54;1,8;14421;13678;743;22456;21116;1340;316
20260330;2024;01;TT;TODAS CONSOLIDADAS;00;NO CATEGORIZADO;UCAYALI;250000;548;5433;8394;34,97;23,95;3,26;3,3;1,81;19097;18587;510;62317;61394;923;979
20260330;2024;01;TT;TODAS CONSOLIDADAS;01;1 ESTRELLA;AMAZONAS;010000;18;265;378;21,38;18,79;1,04;1,04;1,39;2115;2097;18;2202;2177;25;43
20260330;2024;01;TT;TODAS CONSOLIDADAS;01;1 ESTRELLA;ÁNCASH;020000;53;972;1559;20,37;18,22;1,09;1,09;1,03;8077;8046;31;8805;8773;32;148
20260330;2024;01;TT;TODAS CONSOLIDADAS;01;1 ESTRELLA;APURÍMAC;030000;6;139;213;30,7;28,08;1,04;1,04;0;1786;1786;0;1854;1854;0;21
20260330;2024;01;TT;TODAS CONSOLIDADAS;01;1 ESTRELLA;AREQUIPA;040000;57;986;1537;28,5;24,64;1,12;1,12;1,14;10479;10035;444;11742;11235;507;170
20260330;2024;01;TT;TODAS CONSOLIDADAS;01;1 ESTRELLA;AYACUCHO;050000;20;366;654;9,7;8,21;1,67;1,61;3,52;995;962;33;1664;1548;116;61
20260330;2024;01;TT;TODAS CONSOLIDADAS;01;1 ESTRELLA;CAJAMARCA;060000;26;474;784;21,14;13,47;1,28;1,28;0;2559;2559;0;3273;3273;0;86
20260330;2024;01;TT;TODAS CONSOLIDADAS;01;1 ESTRELLA;CALLAO;070000;8;159;301;42,82;45,23;1,02;1,01;1,18;4459;4191;268;4543;4225;317;29
20260330;2024;01;TT;TODAS CONSOLIDADAS;01;1 ESTRELLA;CUSCO;080000;29;543;901;21,53;19,5;1,13;1,12;2,29;4809;4771;38;5447;5360;87;79
20260330;2024;01;TT;TODAS CONSOLIDADAS;01;1 ESTRELLA;HUANCAVELICA;090000;2;66;94;15,4;11,12;1,04;1,04;0;313;313;0;324;324;0;5
20260330;2024;01;TT;TODAS CONSOLIDADAS;01;1 ESTRELLA;HUÁNUCO;100000;33;601;905;37,23;32,58;1,4;1,4;0;6548;6548;0;9139;9139;0;98
20260330;2024;01;TT;TODAS CONSOLIDADAS;01;1 ESTRELLA;ICA;110000;23;322;471;24,1;23,18;1;1;1;3385;3378;7;3385;3378;7;56
20260330;2024;01;TT;TODAS CONSOLIDADAS;01;1 ESTRELLA;JUNÍN;120000;18;416;805;20,1;14,93;1,48;1,48;0;2511;2511;0;3727;3727;0;55
20260330;2024;01;01;HOTEL;TT;TODAS CONSOLIDADAS;JUNÍN;120000;56;1949;3610;18,98;13,94;1,43;1,42;1,83;10909;10719;190;15595;15247;348;375
20260330;2024;01;03;HOSTAL;TT;TODAS CONSOLIDADAS;JUNÍN;120000;38;613;1152;25,5;22,6;1,28;1,28;1,68;6317;6286;31;8070;8018;52;144
20260330;2024;01;05;ALBERGUE;TT;TODAS CONSOLIDADAS;JUNÍN;120000;1;32;104;17,54;13,71;1,94;1,95;1,75;228;220;8;442;428;14;20
20260330;2024;01;TT;TODAS CONSOLIDADAS;01;1 ESTRELLA;LA LIBERTAD;130000;31;487;849;34,89;25,17;1,27;1,27;1;5235;5217;18;6624;6606;18;84
20260330;2024;01;TT;TODAS CONSOLIDADAS;01;1 ESTRELLA;LAMBAYEQUE;140000;16;250;332;12,22;10,49;1,13;1,13;1;958;956;2;1080;1078;2;44
20260330;2024;01;TT;TODAS CONSOLIDADAS;01;1 ESTRELLA;LIMA;150000;89;2040;3606;34,58;27,38;1,16;1,15;1,34;32646;32112;534;37804;37089;715;407
20260330;2024;01;TT;TODAS CONSOLIDADAS;01;1 ESTRELLA;LORETO;160000;6;101;162;22,61;19,14;1,73;1,72;1,84;555;500;55;961;860;101;28
20260330;2024;01;TT;TODAS CONSOLIDADAS;01;1 ESTRELLA;MADRE DE DIOS;170000;7;195;353;22,42;19,2;1,17;1,17;1;1802;1759;43;2101;2058;43;29
20260330;2024;01;TT;TODAS CONSOLIDADAS;01;1 ESTRELLA;MOQUEGUA;180000;20;303;501;20,89;14,98;1,17;1,18;1,08;1982;1945;37;2327;2287;40;51
20260330;2024;01;TT;TODAS CONSOLIDADAS;01;1 ESTRELLA;PASCO;190000;21;412;591;27,62;19,33;1,06;1,06;1;3334;3331;3;3542;3539;3;73
20260330;2024;01;TT;TODAS CONSOLIDADAS;01;1 ESTRELLA;PIURA;200000;5;96;158;17,88;19,38;1,69;1,69;0;563;563;0;949;949;0;17
20260330;2024;01;TT;TODAS CONSOLIDADAS;01;1 ESTRELLA;PUNO;210000;33;530;909;25,82;20;1,11;1,1;1,29;5076;4889;187;5636;5395;241;76
20260330;2024;01;TT;TODAS CONSOLIDADAS;01;1 ESTRELLA;SAN MARTÍN;220000;7;146;233;29,67;26,72;1,62;1,62;2,08;1188;1176;12;1930;1905;25;33
20260330;2024;01;TT;TODAS CONSOLIDADAS;01;1 ESTRELLA;TACNA;230000;13;274;511;18,74;15,8;1,14;1,16;1,1;2199;1437;762;2503;1668;835;41
20260330;2024;01;TT;TODAS CONSOLIDADAS;01;1 ESTRELLA;TUMBES;240000;2;47;100;0;0;0;0;0;0;0;0;0;0;0;0
20260330;2024;01;TT;TODAS CONSOLIDADAS;02;2 ESTRELLAS;AMAZONAS;010000;92;1929;3107;20,72;18,04;1,18;1,16;2,23;14782;14600;182;17375;16970;405;320
20260330;2024;01;TT;TODAS CONSOLIDADAS;02;2 ESTRELLAS;ÁNCASH;020000;185;3677;6561;26,82;22,44;1,13;1,13;1,33;40443;40085;358;45640;45165;475;600
20260330;2024;01;TT;TODAS CONSOLIDADAS;02;2 ESTRELLAS;APURÍMAC;030000;14;420;694;25,13;19,51;1,13;1,13;1,18;3722;3684;38;4198;4153;45;52
20260330;2024;01;TT;TODAS CONSOLIDADAS;02;2 ESTRELLAS;AREQUIPA;040000;170;3200;5715;26,79;23,13;1,29;1,28;1,43;31824;30431;1393;40986;38988;1998;553
20260330;2024;01;TT;TODAS CONSOLIDADAS;02;2 ESTRELLAS;AYACUCHO;050000;15;451;783;15,23;14,23;1,99;1,98;2,29;1737;1703;34;3454;3376;78;69
20260330;2024;01;TT;TODAS CONSOLIDADAS;02;2 ESTRELLAS;CAJAMARCA;060000;191;3984;6310;18,72;13,38;1,16;1,16;1,26;22466;22300;166;26164;25955;209;618
20260330;2024;01;TT;TODAS CONSOLIDADAS;02;2 ESTRELLAS;CALLAO;070000;6;247;467;39,35;36,11;1,03;1,02;1,13;5078;4866;212;5227;4987;240;38
20260330;2024;01;TT;TODAS CONSOLIDADAS;02;2 ESTRELLAS;CUSCO;080000;93;1964;3603;21,55;18,97;1,61;1,5;1,81;13130;8155;4975;21185;12205;8980;491
20260330;2024;01;TT;TODAS CONSOLIDADAS;02;2 ESTRELLAS;HUANCAVELICA;090000;3;84;151;24,04;21,28;1,46;1,47;1,33;681;663;18;996;972;24;12
20260330;2024;01;TT;TODAS CONSOLIDADAS;02;2 ESTRELLAS;HUÁNUCO;100000;77;2206;3541;27,44;22,34;1,26;1,26;1,32;19388;19251;137;24521;24340;181;364
20260330;2024;01;TT;TODAS CONSOLIDADAS;02;2 ESTRELLAS;ICA;110000;137;2842;4877;23,26;20,2;1,15;1,16;1,09;26472;25793;679;30540;29802;738;445
20260330;2024;01;TT;TODAS CONSOLIDADAS;02;2 ESTRELLAS;JUNÍN;120000;52;1275;2324;20,41;16,87;1,24;1,24;1,54;9785;9704;81;12156;12031;125;214
20260330;2024;01;TT;TODAS CONSOLIDADAS;02;2 ESTRELLAS;LA LIBERTAD;130000;144;2606;4627;21,38;21,17;1,2;1,2;1,47;25271;24865;406;30369;29772;597;457
20260330;2024;01;TT;TODAS CONSOLIDADAS;02;2 ESTRELLAS;LAMBAYEQUE;140000;211;4085;6106;23,23;16,86;1,13;1,13;1,14;28187;28010;177;31919;31718;201;694
20260330;2024;01;TT;TODAS CONSOLIDADAS;02;2 ESTRELLAS;LIMA;150000;242;7995;14267;37,84;32,73;1,29;1,25;2,03;148473;140510;7963;191310;175130;16179;1703
20260330;2024;01;TT;TODAS CONSOLIDADAS;02;2 ESTRELLAS;LORETO;160000;17;357;600;15,91;12,02;1,56;1,55;1,74;1431;1310;121;2235;2025;210;73
20260330;2024;01;TT;TODAS CONSOLIDADAS;02;2 ESTRELLAS;MADRE DE DIOS;170000;12;322;534;34,33;27,3;1,27;1,27;1,31;3558;3267;291;4519;4138;381;60
20260330;2024;01;TT;TODAS CONSOLIDADAS;02;2 ESTRELLAS;MOQUEGUA;180000;87;1549;2562;20,17;16,35;1,47;1,45;1,9;8803;8256;547;12983;11944;1039;292
20260330;2024;01;TT;TODAS CONSOLIDADAS;02;2 ESTRELLAS;PASCO;190000;19;445;837;16,46;12,55;1,37;1,37;1,5;2372;2370;2;3257;3254;3;65
20260330;2024;01;TT;TODAS CONSOLIDADAS;02;2 ESTRELLAS;PIURA;200000;40;895;1509;27,83;21,53;1,59;1,59;1,5;6344;6140;204;10072;9765;307;164
20260330;2024;01;TT;TODAS CONSOLIDADAS;02;2 ESTRELLAS;PUNO;210000;82;1477;2713;16,99;12,85;1,26;1,25;1,3;8582;7447;1135;10806;9330;1476;226
20260330;2024;01;TT;TODAS CONSOLIDADAS;02;2 ESTRELLAS;SAN MARTÍN;220000;49;1042;1754;35,71;32,09;1,82;1,81;2,07;9571;9264;307;17446;16810;636;217
20260330;2024;01;TT;TODAS CONSOLIDADAS;02;2 ESTRELLAS;TACNA;230000;54;1231;2438;33,26;28,01;1,65;1,67;1,63;12849;5655;7194;21166;9440;11726;236
20260330;2024;01;TT;TODAS CONSOLIDADAS;02;2 ESTRELLAS;TUMBES;240000;11;228;426;20,15;14,3;1,73;1,74;1,45;1095;1051;44;1889;1825;64;56
20260330;2024;01;TT;TODAS CONSOLIDADAS;02;2 ESTRELLAS;UCAYALI;250000;4;134;252;11,68;6,86;1,68;1,67;2,67;319;316;3;536;528;8;29
20260330;2024;01;TT;TODAS CONSOLIDADAS;03;3 ESTRELLAS;AMAZONAS;010000;27;540;961;21,14;18,69;1,37;1,33;1,89;4059;3774;285;5569;5029;540;143
20260330;2024;01;TT;TODAS CONSOLIDADAS;03;3 ESTRELLAS;ÁNCASH;020000;63;1712;3089;20,34;16;1,55;1,52;2,32;9893;9520;373;15319;14454;865;398
20260330;2024;01;TT;TODAS CONSOLIDADAS;03;3 ESTRELLAS;APURÍMAC;030000;7;223;370;38,61;28,57;1,46;1,46;1,46;2251;2050;201;3277;2983;294;64
20260330;2024;01;TT;TODAS CONSOLIDADAS;03;3 ESTRELLAS;AREQUIPA;040000;114;2773;5132;25,62;22,32;2;2,01;1,99;17726;13330;4396;35511;26746;8765;786
20260330;2024;01;TT;TODAS CONSOLIDADAS;03;3 ESTRELLAS;AYACUCHO;050000;12;331;637;19,28;18,12;2,36;2,36;2,37;1514;1402;112;3578;3313;265;106
20260330;2024;01;TT;TODAS CONSOLIDADAS;03;3 ESTRELLAS;CAJAMARCA;060000;124;2991;5123;17,53;12,71;1,48;1,48;1,51;13634;13332;302;20179;19722;457;614
20260330;2024;01;TT;TODAS CONSOLIDADAS;03;3 ESTRELLAS;CALLAO;070000;4;233;391;37,03;35,29;1,63;1,53;2,06;2631;2138;493;4278;3261;1017;56
20260330;2024;01;TT;TODAS CONSOLIDADAS;03;3 ESTRELLAS;CUSCO;080000;107;3484;6814;29,98;25,91;1,78;1,72;1,81;30676;9399;21277;54725;16127;38598;1088
20260330;2024;01;TT;TODAS CONSOLIDADAS;03;3 ESTRELLAS;HUANCAVELICA;090000;2;65;108;6,85;5,05;1,36;1,36;0;124;124;0;169;169;0;10
20260330;2024;01;TT;TODAS CONSOLIDADAS;03;3 ESTRELLAS;HUÁNUCO;100000;19;689;1336;24,68;21,24;1,61;1,59;2,04;5466;5260;206;8798;8378;420;155
20260330;2024;01;TT;TODAS CONSOLIDADAS;03;3 ESTRELLAS;ICA;110000;110;3009;5786;37,4;28,64;1,43;1,46;1,3;36006;27531;8475;51379;40332;11047;678
20260330;2024;01;TT;TODAS CONSOLIDADAS;03;3 ESTRELLAS;JUNÍN;120000;23;831;1551;21,04;15,22;1,6;1,6;1,78;4561;4427;134;7320;7081;239;231
20260330;2024;01;TT;TODAS CONSOLIDADAS;03;3 ESTRELLAS;LA LIBERTAD;130000;123;3133;6063;30,79;24,72;1,39;1,37;1,75;33459;32043;1416;46464;43983;2481;717
20260330;2024;01;TT;TODAS CONSOLIDADAS;03;3 ESTRELLAS;LAMBAYEQUE;140000;58;1473;2409;29,42;24,33;1,38;1,37;1,6;13153;12682;471;18169;17416;753;313
20260330;2024;01;TT;TODAS CONSOLIDADAS;03;3 ESTRELLAS;LIMA;150000;193;9073;17304;37,81;32,63;1,63;1,43;2,12;107113;75315;31798;175026;107638;67388;1994
20260330;2024;01;TT;TODAS CONSOLIDADAS;03;3 ESTRELLAS;LORETO;160000;35;911;1583;31,91;27,7;2,23;2,28;2,04;6085;4941;1144;13593;11260;2333;263
20260330;2024;01;TT;TODAS CONSOLIDADAS;03;3 ESTRELLAS;MADRE DE DIOS;170000;6;203;360;32,93;31,51;1,4;1,61;1,18;2517;1298;1219;3517;2084;1433;59
20260330;2024;01;TT;TODAS CONSOLIDADAS;03;3 ESTRELLAS;MOQUEGUA;180000;19;477;828;44,95;31,36;1,76;1,76;1,63;4586;4301;285;8049;7584;465;106
20260330;2024;01;TT;TODAS CONSOLIDADAS;03;3 ESTRELLAS;PASCO;190000;6;136;227;5,15;5,36;1,25;1,25;1;301;299;2;377;375;2;22
20260330;2024;01;TT;TODAS CONSOLIDADAS;03;3 ESTRELLAS;PIURA;200000;22;761;1293;42,27;33,93;1,66;1,55;2,26;8211;7002;1209;13602;10874;2728;241
20260330;2024;01;TT;TODAS CONSOLIDADAS;03;3 ESTRELLAS;PUNO;210000;38;1074;2014;22,47;18,58;1,5;1,55;1,44;7750;4015;3735;11598;6233;5365;222
20260330;2024;01;TT;TODAS CONSOLIDADAS;03;3 ESTRELLAS;SAN MARTÍN;220000;30;967;1730;33,85;31,34;1,74;1,72;2,17;9669;9359;310;16810;16138;672;266
20260330;2024;01;TT;TODAS CONSOLIDADAS;03;3 ESTRELLAS;TACNA;230000;13;445;984;60,02;56,93;3,85;3,84;3,85;4511;1359;3152;17366;5225;12141;110
20260330;2024;01;TT;TODAS CONSOLIDADAS;03;3 ESTRELLAS;TUMBES;240000;15;382;783;41,28;42,38;2,88;2,87;2,9;3577;2936;641;10287;8426;1861;152
20260330;2024;01;TT;TODAS CONSOLIDADAS;03;3 ESTRELLAS;UCAYALI;250000;16;570;931;28,89;26,31;1,9;1,92;1,69;3999;3701;298;7592;7088;504;129
20260330;2024;01;TT;TODAS CONSOLIDADAS;04;4 ESTRELLAS;APURÍMAC;030000;1;32;56;44,56;25,46;3,09;3,29;1,59;143;126;17;442;415;27;17
20260330;2024;01;TT;TODAS CONSOLIDADAS;04;4 ESTRELLAS;AREQUIPA;040000;12;577;1073;23,82;23,25;1,93;1,99;1,85;4005;2298;1707;7732;4572;3160;245
20260330;2024;01;TT;TODAS CONSOLIDADAS;04;4 ESTRELLAS;CAJAMARCA;060000;4;214;373;48,01;41,2;1,86;1,77;2,7;2558;2304;254;4764;4079;685;154
20260330;2024;01;TT;TODAS CONSOLIDADAS;04;4 ESTRELLAS;CALLAO;070000;2;371;599;91,49;91,72;1,41;1,49;1,39;12117;2305;9812;17031;3433;13598;130
20260330;2024;01;TT;TODAS CONSOLIDADAS;04;4 ESTRELLAS;CUSCO;080000;20;1519;2983;48,33;45,86;1,85;1,64;1,89;22928;3484;19444;42404;5710;36694;829
20260330;2024;01;TT;TODAS CONSOLIDADAS;04;4 ESTRELLAS;HUÁNUCO;100000;1;60;101;32,9;30,63;1,87;1,88;1,52;514;493;21;959;927;32;28
20260330;2024;01;TT;TODAS CONSOLIDADAS;04;4 ESTRELLAS;ICA;110000;8;814;1731;50,73;51,23;1,9;1,96;1,59;14477;11976;2501;27488;23513;3975;381
20260330;2024;01;TT;TODAS CONSOLIDADAS;04;4 ESTRELLAS;JUNÍN;120000;1;40;82;18,87;18,17;1,25;1,17;6;369;363;6;462;426;36;19
20260330;2024;01;TT;TODAS CONSOLIDADAS;04;4 ESTRELLAS;LA LIBERTAD;130000;4;318;550;47,74;46,97;1,96;1,95;2,03;4077;3469;608;8008;6771;1237;124
20260330;2024;01;TT;TODAS CONSOLIDADAS;04;4 ESTRELLAS;LAMBAYEQUE;140000;5;359;656;64,66;57,5;1,56;1,51;1,91;7516;6710;806;11693;10153;1540;269
20260330;2024;01;TT;TODAS CONSOLIDADAS;04;4 ESTRELLAS;LIMA;150000;51;5104;9353;36,46;35,59;1,95;1,74;2,15;52838;25209;27629;103199;43923;59276;2133
20260330;2024;01;TT;TODAS CONSOLIDADAS;04;4 ESTRELLAS;LORETO;160000;4;149;226;18,49;18,54;1,49;1,71;1,18;872;505;367;1299;865;434;64
20260330;2024;01;TT;TODAS CONSOLIDADAS;04;4 ESTRELLAS;MOQUEGUA;180000;2;123;234;72,99;84,99;6,92;7,47;3,73;891;759;132;6165;5672;493;58
20260330;2024;01;TT;TODAS CONSOLIDADAS;04;4 ESTRELLAS;PIURA;200000;4;393;744;36,39;30,06;1,93;1,88;2,21;3598;3072;526;6934;5770;1164;137
20260330;2024;01;TT;TODAS CONSOLIDADAS;04;4 ESTRELLAS;PUNO;210000;8;508;963;21,23;20,63;1,58;1,77;1,53;3888;868;3020;6158;1538;4620;166
20260330;2024;01;TT;TODAS CONSOLIDADAS;04;4 ESTRELLAS;SAN MARTÍN;220000;2;78;129;44,71;52,14;2,61;2,69;1,8;800;726;74;2085;1952;133;38
20260330;2024;01;TT;TODAS CONSOLIDADAS;04;4 ESTRELLAS;TACNA;230000;1;150;300;50,71;50,15;1,8;1,9;1,76;2584;829;1755;4664;1576;3088;32
20260330;2024;01;TT;TODAS CONSOLIDADAS;04;4 ESTRELLAS;TUMBES;240000;6;667;1634;66,36;67,68;2,54;2,51;2,77;13512;12145;1367;34282;30502;3780;639
20260330;2024;01;TT;TODAS CONSOLIDADAS;04;4 ESTRELLAS;UCAYALI;250000;5;288;513;35,19;30,99;2,31;2,23;2,63;2133;1688;445;4928;3757;1171;121
20260330;2024;01;TT;TODAS CONSOLIDADAS;05;5 ESTRELLAS;AREQUIPA;040000;3;241;341;37,91;41,68;2,23;1,82;2,84;1979;1188;791;4406;2161;2245;182
20260330;2024;01;TT;TODAS CONSOLIDADAS;05;5 ESTRELLAS;CUSCO;080000;15;1283;2519;36,43;32,68;1,68;1,97;1,64;15148;1869;13279;25522;3683;21839;1102
20260330;2024;01;TT;TODAS CONSOLIDADAS;05;5 ESTRELLAS;ICA;110000;5;554;1333;50,61;48,06;1,83;1,79;1,95;10851;8370;2481;19861;15014;4847;614
20260330;2024;01;TT;TODAS CONSOLIDADAS;05;5 ESTRELLAS;LA LIBERTAD;130000;2;267;450;49,08;51,56;1,95;1,85;2,4;3692;3048;644;7193;5646;1547;190
20260330;2024;01;TT;TODAS CONSOLIDADAS;05;5 ESTRELLAS;LIMA;150000;29;4691;8329;38,15;32,09;2,37;1,73;2,66;34973;10934;24039;82853;18948;63905;3310
20260330;2024;01;TT;TODAS CONSOLIDADAS;05;5 ESTRELLAS;LORETO;160000;1;60;89;59,84;66,29;1,74;1,79;1,67;1053;562;491;1829;1007;822;54
20260330;2024;01;TT;TODAS CONSOLIDADAS;05;5 ESTRELLAS;PIURA;200000;1;83;166;65,14;53,83;1,83;1,71;2,31;1513;1202;311;2770;2053;717;82
20260330;2024;01;TT;TODAS CONSOLIDADAS;05;5 ESTRELLAS;PUNO;210000;1;123;231;37,06;40,39;1,84;1,75;1,86;1575;366;1209;2892;639;2253;22
20260330;2024;01;TT;TODAS CONSOLIDADAS;05;5 ESTRELLAS;SAN MARTÍN;220000;1;50;108;37,55;49,67;1,8;1,79;2,09;922;877;45;1663;1569;94;63
20260330;2024;01;TT;TODAS CONSOLIDADAS;05;5 ESTRELLAS;UCAYALI;250000;2;162;300;33,03;28,27;2,19;2,21;2,04;1202;1039;163;2629;2296;333;72
20260330;2024;01;TT;TODAS CONSOLIDADAS;12;ALBERGUE;AMAZONAS;010000;1;6;11;0;0;0;0;0;0;0;0;0;0;0;0
20260330;2024;01;TT;TODAS CONSOLIDADAS;12;ALBERGUE;ÁNCASH;020000;6;64;132;9,48;5,08;1,24;1,22;1,28;168;121;47;208;148;60;13
20260330;2024;01;TT;TODAS CONSOLIDADAS;12;ALBERGUE;AREQUIPA;040000;10;166;377;16,69;16,3;1,53;1,55;1,5;1246;676;570;1905;1049;856;107
20260330;2024;01;TT;TODAS CONSOLIDADAS;12;ALBERGUE;AYACUCHO;050000;1;10;20;0;0;0;0;0;0;0;0;0;0;0;0
20260330;2024;01;TT;TODAS CONSOLIDADAS;12;ALBERGUE;CAJAMARCA;060000;1;11;22;0;0;0;0;0;0;0;0;0;0;0;0
20260330;2024;01;TT;TODAS CONSOLIDADAS;12;ALBERGUE;CUSCO;080000;13;332;550;10,17;12,17;1,5;1,66;1,48;1383;135;1248;2075;224;1851;146
20260330;2024;01;TT;TODAS CONSOLIDADAS;12;ALBERGUE;HUÁNUCO;100000;5;59;75;0;0;0;0;0;0;0;0;0;0;0;0
20260330;2024;01;TT;TODAS CONSOLIDADAS;12;ALBERGUE;ICA;110000;5;47;177;22,99;26,7;1,55;1,55;1,55;947;557;390;1465;862;603;16
20260330;2024;01;TT;TODAS CONSOLIDADAS;12;ALBERGUE;JUNÍN;120000;1;32;104;17,54;13,71;1,94;1,95;1,75;228;220;8;442;428;14;20
20260330;2024;01;TT;TODAS CONSOLIDADAS;12;ALBERGUE;LA LIBERTAD;130000;1;15;27;62,15;40,86;1,71;1,74;1,5;200;176;24;342;306;36;4
20260330;2024;01;TT;TODAS CONSOLIDADAS;12;ALBERGUE;LIMA;150000;8;128;417;16,13;18,69;1,92;1,89;2,58;1259;1199;60;2416;2261;155;33
20260330;2024;01;TT;TODAS CONSOLIDADAS;12;ALBERGUE;LORETO;160000;60;838;1758;16,43;14,57;1,99;1,67;2,09;3993;1012;2981;7939;1695;6244;286
20260330;2024;01;TT;TODAS CONSOLIDADAS;12;ALBERGUE;MADRE DE DIOS;170000;14;286;578;17,67;17,87;2,6;2,42;2,62;1231;132;1099;3202;320;2882;171
20260330;2024;01;TT;TODAS CONSOLIDADAS;12;ALBERGUE;PASCO;190000;12;184;516;11,82;10,2;1,21;1,21;2;1344;1341;3;1631;1625;6;45
20260330;2024;01;TT;TODAS CONSOLIDADAS;12;ALBERGUE;PUNO;210000;1;13;35;0;0;0;0;0;0;0;0;0;0;0;0
20260330;2024;01;TT;TODAS CONSOLIDADAS;12;ALBERGUE;SAN MARTÍN;220000;11;159;352;34,33;32,62;2,48;2,48;2,47;1438;1234;204;3560;3057;503;53
20260330;2024;01;TT;TODAS CONSOLIDADAS;12;ALBERGUE;UCAYALI;250000;4;49;133;12,71;9,53;2,09;2,07;2,44;188;179;9;393;371;22;25
20260330;2024;01;TT;TODAS CONSOLIDADAS;13;ECOLODGE;AREQUIPA;040000;1;23;51;7,57;8,29;1,77;1,68;1,81;74;22;52;131;37;94;7
20260330;2024;01;TT;TODAS CONSOLIDADAS;13;ECOLODGE;SAN MARTÍN;220000;1;12;24;0;0;0;0;0;0;0;0;0;0;0;0
20260330;2024;01;TT;TODAS CONSOLIDADAS;TT;TODAS CONSOLIDADAS;AMAZONAS;010000;440;5631;8987;15,17;12,11;1,26;1,25;1,69;31099;30113;986;38285;36549;1736;1044
20260330;2024;01;TT;TODAS CONSOLIDADAS;TT;TODAS CONSOLIDADAS;ÁNCASH;020000;1026;12733;22012;20,24;15,57;1,18;1,19;1,19;97247;92700;4547;115173;109752;5421;2321
20260330;2024;01;TT;TODAS CONSOLIDADAS;TT;TODAS CONSOLIDADAS;APURÍMAC;030000;538;5317;8380;19,85;14,77;1,15;1,15;1,13;35090;34720;370;40957;40462;495;595
20260330;2024;01;TT;TODAS CONSOLIDADAS;TT;TODAS CONSOLIDADAS;AREQUIPA;040000;1632;18814;32600;19,57;16,17;1,45;1,4;1,71;123630;103470;20160;183164;146643;36521;3314
20260330;2024;01;TT;TODAS CONSOLIDADAS;TT;TODAS CONSOLIDADAS;AYACUCHO;050000;660;6880;11338;14,97;11,98;1,22;1,22;1,27;33492;32742;750;42936;41821;1115;922
20260330;2024;01;TT;TODAS CONSOLIDADAS;TT;TODAS CONSOLIDADAS;CAJAMARCA;060000;1080;14176;23008;14,66;10,77;1,26;1,26;1,75;65919;65159;760;85056;83630;1426;2204
20260330;2024;01;TT;TODAS CONSOLIDADAS;TT;TODAS CONSOLIDADAS;CALLAO;070000;292;4780;8792;39,93;38,12;1,03;1,02;1,23;164257;150891;13366;173373;155050;18322;1398
20260330;2024;01;TT;TODAS CONSOLIDADAS;TT;TODAS CONSOLIDADAS;CUSCO;080000;2274;28218;51532;19,34;17,4;1,5;1,31;1,71;206157;88248;117909;325791;120496;205295;7413
20260330;2024;01;TT;TODAS CONSOLIDADAS;TT;TODAS CONSOLIDADAS;HUANCAVELICA;090000;246;2779;4319;15,79;12,51;1,1;1,1;1,45;15103;15064;39;16830;16775;55;328
20260330;2024;01;TT;TODAS CONSOLIDADAS;TT;TODAS CONSOLIDADAS;HUÁNUCO;100000;643;9010;14077;20,84;16,89;1,23;1,23;1,15;63175;62695;480;81216;80447;769;1313
20260330;2024;01;TT;TODAS CONSOLIDADAS;TT;TODAS CONSOLIDADAS;ICA;110000;1084;15598;27855;24,14;19,08;1,25;1,24;1,27;149468;126590;22878;204711;172682;32029;3640
20260330;2024;01;TT;TODAS CONSOLIDADAS;TT;TODAS CONSOLIDADAS;JUNÍN;120000;1604;17877;29704;17,87;14,1;1,17;1,17;1,49;110577;110101;476;131672;130889;783;3301
20260330;2024;01;TT;TODAS CONSOLIDADAS;TT;TODAS CONSOLIDADAS;LA LIBERTAD;130000;1297;14201;24908;18,12;16,33;1,13;1,11;1,62;121966;116456;5510;152903;143064;9839;2268
20260330;2024;01;TT;TODAS CONSOLIDADAS;TT;TODAS CONSOLIDADAS;LAMBAYEQUE;140000;747;10720;16166;19,03;14,88;1,11;1,11;1,13;74204;72161;2043;88571;85454;3117;1897
20260330;2024;01;TT;TODAS CONSOLIDADAS;TT;TODAS CONSOLIDADAS;LIMA;150000;7749;84748;149519;23,38;22,03;1,26;1,25;1,33;2889641;2721068;168573;3717866;3412977;304889;48085
20260330;2024;01;TT;TODAS CONSOLIDADAS;TT;TODAS CONSOLIDADAS;LORETO;160000;927;9306;15191;15,22;13,64;1,7;1,66;1,78;39890;28772;11118;70796;50249;20547;1479
20260330;2024;01;TT;TODAS CONSOLIDADAS;TT;TODAS CONSOLIDADAS;MADRE DE DIOS;170000;382;5533;9280;21,71;18,38;1,22;1,17;1,83;44673;39574;5099;54572;45329;9243;1111
20260330;2024;01;TT;TODAS CONSOLIDADAS;TT;TODAS CONSOLIDADAS;MOQUEGUA;180000;296;4172;7098;20,14;14,85;1,33;1,33;1,46;25254;24146;1108;39988;37819;2169;737
20260330;2024;01;TT;TODAS CONSOLIDADAS;TT;TODAS CONSOLIDADAS;PASCO;190000;418;4948;7957;15,37;12,11;1,18;1,18;1,29;25489;25384;105;30048;29913;135;874
20260330;2024;01;TT;TODAS CONSOLIDADAS;TT;TODAS CONSOLIDADAS;PIURA;200000;1233;12876;23077;40,81;32,48;1,64;1,59;2,02;139643;125340;14303;230048;200471;29577;2750
20260330;2024;01;TT;TODAS CONSOLIDADAS;TT;TODAS CONSOLIDADAS;PUNO;210000;1003;11189;19394;21,77;18,57;1,21;1,21;1,3;88671;76797;11874;111092;93788;17304;2056
20260330;2024;01;TT;TODAS CONSOLIDADAS;TT;TODAS CONSOLIDADAS;SAN MARTÍN;220000;979;11729;18876;23,92;19,28;1,37;1,34;2,58;84719;82227;2492;123919;117793;6126;2294
20260330;2024;01;TT;TODAS CONSOLIDADAS;TT;TODAS CONSOLIDADAS;TACNA;230000;513;6235;11659;23,1;19,42;1,46;1,39;1,56;50943;24634;26309;85414;37581;47833;930
20260330;2024;01;TT;TODAS CONSOLIDADAS;TT;TODAS CONSOLIDADAS;TUMBES;240000;282;3758;7567;18,38;18,03;1,64;1,63;1,86;32605;29810;2795;68914;61869;7045;1163
20260330;2024;01;TT;TODAS CONSOLIDADAS;TT;TODAS CONSOLIDADAS;UCAYALI;250000;579;6636;10523;34,48;23,87;3,19;3,23;1,82;26938;25510;1428;78395;75434;2961;1355
20260330;2024;02;01;HOTEL;01;1 ESTRELLA;JUNÍN;120000;6;246;511;19,92;12,56;1,4;1,4;0;1282;1282;0;1797;1797;0;26
20260330;2024;02;00;NO CLASIFICADO;00;NO CATEGORIZADO;AMAZONAS;010000;299;2824;4437;11,61;9,24;1,31;1,31;1,33;8774;8327;447;11479;10883;596;513
20260330;2024;02;00;NO CLASIFICADO;TT;TODAS CONSOLIDADAS;AMAZONAS;010000;299;2824;4437;11,61;9,24;1,31;1,31;1,33;8774;8327;447;11479;10883;596;513
20260330;2024;02;01;HOTEL;01;1 ESTRELLA;AMAZONAS;010000;1;20;24;0;0;0;0;0;0;0;0;0;0;0;0
20260330;2024;02;00;NO CLASIFICADO;00;NO CATEGORIZADO;ÁNCASH;020000;723;6320;10679;19,68;15,44;1,23;1,23;1,23;37653;35684;1969;46164;43742;2422;1158
20260330;2024;02;00;NO CLASIFICADO;TT;TODAS CONSOLIDADAS;ÁNCASH;020000;723;6320;10679;19,68;15,44;1,23;1,23;1,23;37653;35684;1969;46164;43742;2422;1158
20260330;2024;02;01;HOTEL;01;1 ESTRELLA;ÁNCASH;020000;14;401;619;18,23;17,86;1,13;1,13;0;2743;2743;0;3095;3095;0;53
20260330;2024;02;00;NO CLASIFICADO;00;NO CATEGORIZADO;APURÍMAC;030000;508;4510;7064;19,82;14,51;1,13;1,13;1,24;25310;25197;113;28705;28565;140;441
20260330;2024;02;00;NO CLASIFICADO;TT;TODAS CONSOLIDADAS;APURÍMAC;030000;508;4510;7064;19,82;14,51;1,13;1,13;1,24;25310;25197;113;28705;28565;140;441
20260330;2024;02;01;HOTEL;01;1 ESTRELLA;APURÍMAC;030000;2;67;99;52,72;37,63;1;1;0;1043;1043;0;1043;1043;0;9
20260330;2024;02;00;NO CLASIFICADO;00;NO CATEGORIZADO;AREQUIPA;040000;1269;10879;18435;19,37;15,72;1,55;1,5;1,75;52247;41127;11120;81164;61757;19407;1287
20260330;2024;02;00;NO CLASIFICADO;TT;TODAS CONSOLIDADAS;AREQUIPA;040000;1269;10879;18435;19,37;15,72;1,55;1,5;1,75;52247;41127;11120;81164;61757;19407;1287
20260330;2024;02;01;HOTEL;01;1 ESTRELLA;AREQUIPA;040000;6;208;347;31,39;27,33;1,15;1,13;2,48;2318;2297;21;2655;2603;52;35
20260330;2024;02;00;NO CLASIFICADO;00;NO CATEGORIZADO;AYACUCHO;050000;615;5756;9283;18,14;14,91;1,22;1,22;1,46;31709;31352;357;38752;38231;521;691
20260330;2024;02;00;NO CLASIFICADO;TT;TODAS CONSOLIDADAS;AYACUCHO;050000;615;5756;9283;18,14;14,91;1,22;1,22;1,46;31709;31352;357;38752;38231;521;691
20260330;2024;02;01;HOTEL;01;1 ESTRELLA;AYACUCHO;050000;8;200;353;14,86;11,81;1,8;1,8;2,8;647;642;5;1167;1153;14;35
20260330;2024;02;00;NO CLASIFICADO;00;NO CATEGORIZADO;CAJAMARCA;060000;737;6505;10411;16,94;13,82;1,44;1,43;1,9;28072;27799;273;40299;39780;519;683
20260330;2024;02;00;NO CLASIFICADO;TT;TODAS CONSOLIDADAS;CAJAMARCA;060000;737;6505;10411;16,94;13,82;1,44;1,43;1,9;28072;27799;273;40299;39780;519;683
20260330;2024;02;01;HOTEL;01;1 ESTRELLA;CAJAMARCA;060000;5;132;235;15,45;13,95;1,39;1,39;0;659;659;0;918;918;0;22
20260330;2024;02;00;NO CLASIFICADO;00;NO CATEGORIZADO;CALLAO;070000;272;3770;7034;42,48;40,19;1,02;1,02;1,19;134767;133008;1759;137373;135279;2094;1145
20260330;2024;02;00;NO CLASIFICADO;TT;TODAS CONSOLIDADAS;CALLAO;070000;272;3770;7034;42,48;40,19;1,02;1,02;1,19;134767;133008;1759;137373;135279;2094;1145
20260330;2024;02;00;NO CLASIFICADO;00;NO CATEGORIZADO;CUSCO;080000;1989;19028;33958;21,92;17,39;1,66;1,29;2,09;99371;52740;46631;165377;67909;97468;3637
20260330;2024;02;00;NO CLASIFICADO;TT;TODAS CONSOLIDADAS;CUSCO;080000;1989;19028;33958;21,92;17,39;1,66;1,29;2,09;99371;52740;46631;165377;67909;97468;3637
20260330;2024;02;01;HOTEL;01;1 ESTRELLA;CUSCO;080000;4;118;193;13,62;13,16;1,42;1,42;1,25;501;497;4;711;706;5;19
20260330;2024;02;00;NO CLASIFICADO;00;NO CATEGORIZADO;HUANCAVELICA;090000;239;2544;3908;16,37;13,02;1,09;1,09;1,56;13062;13026;36;14247;14191;56;295
20260330;2024;02;00;NO CLASIFICADO;TT;TODAS CONSOLIDADAS;HUANCAVELICA;090000;239;2544;3908;16,37;13,02;1,09;1,09;1,56;13062;13026;36;14247;14191;56;295
20260330;2024;02;00;NO CLASIFICADO;00;NO CATEGORIZADO;HUÁNUCO;100000;506;5341;8013;19,02;15,5;1,19;1,19;1,27;29129;29026;103;34778;34647;131;666
20260330;2024;02;01;HOTEL;01;1 ESTRELLA;HUÁNUCO;100000;8;241;369;23,28;16,9;1,1;1,1;0;1582;1582;0;1746;1746;0;34
20260330;2024;02;00;NO CLASIFICADO;00;NO CATEGORIZADO;ICA;110000;794;8002;13481;22,95;17,04;1,23;1,22;1,32;52091;44325;7766;64315;54053;10262;1441
20260330;2024;02;00;NO CLASIFICADO;00;NO CATEGORIZADO;JUNÍN;120000;1512;15297;24842;19,05;14,98;1,17;1,17;2,04;89195;88895;300;104226;103614;612;2759
20260330;2024;02;00;NO CLASIFICADO;TT;TODAS CONSOLIDADAS;JUNÍN;120000;1512;15297;24842;19,05;14,98;1,17;1,17;2,04;89195;88895;300;104226;103614;612;2759
20260330;2024;02;00;NO CLASIFICADO;00;NO CATEGORIZADO;LA LIBERTAD;130000;995;7390;12366;17,23;16,49;1,24;1,05;2,91;46058;41358;4700;57080;43394;13686;691
20260330;2024;02;00;NO CLASIFICADO;TT;TODAS CONSOLIDADAS;LA LIBERTAD;130000;995;7390;12366;17,23;16,49;1,24;1,05;2,91;46058;41358;4700;57080;43394;13686;691
20260330;2024;02;00;NO CLASIFICADO;00;NO CATEGORIZADO;LAMBAYEQUE;140000;455;4519;6595;16,47;13,36;1,06;1,06;1,04;23375;23067;308;24665;24344;321;567
20260330;2024;02;00;NO CLASIFICADO;TT;TODAS CONSOLIDADAS;LAMBAYEQUE;140000;455;4519;6595;16,47;13,36;1,06;1,06;1,04;23375;23067;308;24665;24344;321;567
20260330;2024;02;00;NO CLASIFICADO;00;NO CATEGORIZADO;LIMA;150000;7139;55788;96378;25,99;25,4;1,29;1,29;1,25;2659623;2573725;85898;3419926;3312323;107603;38861
20260330;2024;02;00;NO CLASIFICADO;TT;TODAS CONSOLIDADAS;LIMA;150000;7139;55788;96378;25,99;25,4;1,29;1,29;1,25;2659623;2573725;85898;3419926;3312323;107603;38861
20260330;2024;02;00;NO CLASIFICADO;00;NO CATEGORIZADO;LORETO;160000;806;6918;10817;10,44;9,63;1,46;1,45;1,49;19958;13383;6575;29165;19356;9809;703
20260330;2024;02;00;NO CLASIFICADO;TT;TODAS CONSOLIDADAS;LORETO;160000;806;6918;10817;10,44;9,63;1,46;1,45;1,49;19958;13383;6575;29165;19356;9809;703
20260330;2024;02;00;NO CLASIFICADO;00;NO CATEGORIZADO;MADRE DE DIOS;170000;341;4745;7737;19,61;16,5;1,14;1,12;1,43;31474;29555;1919;35740;33004;2736;624
20260330;2024;02;00;NO CLASIFICADO;TT;TODAS CONSOLIDADAS;MADRE DE DIOS;170000;341;4745;7737;19,61;16,5;1,14;1,12;1,43;31474;29555;1919;35740;33004;2736;624
20260330;2024;02;00;NO CLASIFICADO;00;NO CATEGORIZADO;MOQUEGUA;180000;170;1753;3020;17,81;13,29;1,13;1,13;1,06;9935;9899;36;11237;11199;38;237
20260330;2024;02;00;NO CLASIFICADO;TT;TODAS CONSOLIDADAS;MOQUEGUA;180000;170;1753;3020;17,81;13,29;1,13;1,13;1,06;9935;9899;36;11237;11199;38;237
20260330;2024;02;00;NO CLASIFICADO;00;NO CATEGORIZADO;PASCO;190000;390;4182;6605;19,34;15,63;1,18;1,18;1,4;24527;24522;5;28905;28898;7;751
20260330;2024;02;00;NO CLASIFICADO;TT;TODAS CONSOLIDADAS;PASCO;190000;390;4182;6605;19,34;15,63;1,18;1,18;1,4;24527;24522;5;28905;28898;7;751
20260330;2024;02;00;NO CLASIFICADO;00;NO CATEGORIZADO;PIURA;200000;1164;10637;19169;40,68;32,8;1,62;1,58;2,02;108352;98332;10020;176043;155816;20227;2112
20260330;2024;02;00;NO CLASIFICADO;TT;TODAS CONSOLIDADAS;PIURA;200000;1164;10637;19169;40,68;32,8;1,62;1,58;2,02;108352;98332;10020;176043;155816;20227;2112
20260330;2024;02;00;NO CLASIFICADO;00;NO CATEGORIZADO;PUNO;210000;842;7489;12606;26,44;22,92;1,21;1,21;1,17;66904;63528;3376;80890;76955;3935;1349
20260330;2024;02;00;NO CLASIFICADO;00;NO CATEGORIZADO;SAN MARTÍN;220000;879;9267;14548;25,24;19,61;1,37;1,36;1,7;58471;57464;1007;79874;78166;1708;1628
20260330;2024;02;00;NO CLASIFICADO;00;NO CATEGORIZADO;TACNA;230000;432;4191;7479;22,98;21,76;1,32;1,24;1,39;34416;15154;19262;45571;18805;26766;506
20260330;2024;02;00;NO CLASIFICADO;TT;TODAS CONSOLIDADAS;TACNA;230000;432;4191;7479;22,98;21,76;1,32;1,24;1,39;34416;15154;19262;45571;18805;26766;506
20260330;2024;02;00;NO CLASIFICADO;00;NO CATEGORIZADO;TUMBES;240000;249;2416;4577;16,13;15,83;1,58;1,54;2,02;12811;11639;1172;20283;17918;2365;347
20260330;2024;02;00;NO CLASIFICADO;TT;TODAS CONSOLIDADAS;TUMBES;240000;249;2416;4577;16,13;15,83;1,58;1,54;2,02;12811;11639;1172;20283;17918;2365;347
20260330;2024;02;00;NO CLASIFICADO;00;NO CATEGORIZADO;UCAYALI;250000;549;5441;8388;23,66;22,59;2,99;3,01;1,87;17771;17367;405;53055;52296;758;982
20260330;2024;02;00;NO CLASIFICADO;TT;TODAS CONSOLIDADAS;UCAYALI;250000;549;5441;8388;23,66;22,59;2,99;3,01;1,87;17771;17367;405;53055;52296;758;982
20260330;2024;02;00;NO CLASIFICADO;TT;TODAS CONSOLIDADAS;HUÁNUCO;100000;506;5341;8013;19,02;15,5;1,19;1,19;1,27;29129;29026;103;34778;34647;131;666
20260330;2024;02;00;NO CLASIFICADO;TT;TODAS CONSOLIDADAS;ICA;110000;794;8002;13481;22,95;17,04;1,23;1,22;1,32;52091;44325;7766;64315;54053;10262;1441
20260330;2024;02;01;HOTEL;01;1 ESTRELLA;ICA;110000;5;106;147;12,67;12,34;1;1;1;508;487;21;508;487;21;17
20260330;2024;02;00;NO CLASIFICADO;TT;TODAS CONSOLIDADAS;PUNO;210000;842;7489;12606;26,44;22,92;1,21;1,21;1,17;66904;63528;3376;80890;76955;3935;1349
20260330;2024;02;00;NO CLASIFICADO;TT;TODAS CONSOLIDADAS;SAN MARTÍN;220000;879;9267;14548;25,24;19,61;1,37;1,36;1,7;58471;57464;1007;79874;78166;1708;1628
20260330;2024;02;01;HOTEL;01;1 ESTRELLA;LA LIBERTAD;130000;5;116;201;45,38;31,27;1;1;0;1760;1760;0;1760;1760;0;20
20260330;2024;02;01;HOTEL;01;1 ESTRELLA;LAMBAYEQUE;140000;3;83;90;4,78;3,85;1;1;0;97;97;0;97;97;0;14
20260330;2024;02;01;HOTEL;01;1 ESTRELLA;LIMA;150000;12;428;752;40,11;38,64;1,11;1,11;1,05;7122;7062;60;7920;7857;63;63
20260330;2024;02;01;HOTEL;01;1 ESTRELLA;MADRE DE DIOS;170000;5;145;258;25,94;22,13;1;1;1;1599;1554;45;1599;1554;45;22
20260330;2024;02;01;HOTEL;01;1 ESTRELLA;MOQUEGUA;180000;2;61;87;26;19,99;1,06;1,05;2;461;457;4;487;479;8;8
20260330;2024;02;01;HOTEL;01;1 ESTRELLA;PASCO;190000;6;176;274;29,87;22,75;1,06;1,06;0;1645;1645;0;1745;1745;0;29
20260330;2024;02;01;HOTEL;01;1 ESTRELLA;PIURA;200000;2;40;77;5,18;23,28;1,38;1,38;0;364;364;0;502;502;0;6
20260330;2024;02;01;HOTEL;01;1 ESTRELLA;PUNO;210000;4;102;181;37,89;27,07;1,39;1,4;1,1;985;965;20;1372;1350;22;15
20260330;2024;02;01;HOTEL;01;1 ESTRELLA;SAN MARTÍN;220000;6;126;199;36;31,8;1,28;1,28;1,4;1382;1377;5;1772;1765;7;25
20260330;2024;02;01;HOTEL;01;1 ESTRELLA;TACNA;230000;3;99;205;8,77;6,69;2,29;2,29;0;168;168;0;384;384;0;12
20260330;2024;02;01;HOTEL;01;1 ESTRELLA;TUMBES;240000;2;47;100;0;0;0;0;0;0;0;0;0;0;0;0
20260330;2024;02;01;HOTEL;02;2 ESTRELLAS;AMAZONAS;010000;38;1015;1660;21,3;19,07;1,22;1,21;1,66;7290;7192;98;8864;8701;163;167
20260330;2024;02;01;HOTEL;02;2 ESTRELLAS;ÁNCASH;020000;58;1570;2879;21,08;15,61;1,33;1,33;1,48;9438;9213;225;12584;12252;332;236
20260330;2024;02;01;HOTEL;02;2 ESTRELLAS;APURÍMAC;030000;7;277;473;22,76;17,58;1,11;1,11;1,32;2088;2069;19;2328;2303;25;27
20260330;2024;02;01;HOTEL;02;2 ESTRELLAS;AREQUIPA;040000;42;1173;2068;22,17;19,45;1,51;1,5;1,6;7465;7027;438;11263;10564;699;190
20260330;2024;02;01;HOTEL;02;2 ESTRELLAS;AYACUCHO;050000;8;340;591;16,76;18,19;1,98;1,97;2,51;1519;1476;43;3010;2902;108;50
20260330;2024;02;01;HOTEL;02;2 ESTRELLAS;CAJAMARCA;060000;63;1709;2680;25,91;20,85;1,29;1,29;1,36;12162;12055;107;15645;15499;146;260
20260330;2024;02;01;HOTEL;02;2 ESTRELLAS;CALLAO;070000;1;40;67;15,89;17,59;1,25;1,19;1,33;263;135;128;330;160;170;6
20260330;2024;02;01;HOTEL;02;2 ESTRELLAS;CUSCO;080000;47;1184;2221;16,93;15,35;1,67;1,49;2,03;5709;3810;1899;9544;5690;3854;346
20260330;2024;02;01;HOTEL;02;2 ESTRELLAS;HUANCAVELICA;090000;2;40;69;55,71;47,2;2;2,01;1,5;455;449;6;912;903;9;9
20260330;2024;02;01;HOTEL;02;2 ESTRELLAS;HUÁNUCO;100000;52;1600;2513;29,96;24,05;1,28;1,28;1,38;13231;13126;105;16921;16776;145;266
20260330;2024;02;01;HOTEL;02;2 ESTRELLAS;ICA;110000;57;1646;2931;22,14;16,84;1,11;1,11;1,14;12416;12088;328;13824;13449;375;254
20260330;2024;02;01;HOTEL;02;2 ESTRELLAS;JUNÍN;120000;29;892;1583;20,05;14,91;1,34;1,34;1,72;4927;4859;68;6610;6493;117;139
20260330;2024;02;01;HOTEL;02;2 ESTRELLAS;LA LIBERTAD;130000;22;555;962;31,47;32,17;1,2;1,19;1,5;7212;7010;202;8665;8363;302;101
20260330;2024;02;01;HOTEL;02;2 ESTRELLAS;LAMBAYEQUE;140000;71;2046;3171;19,31;14,82;1,21;1,2;1,59;10916;10819;97;13160;13006;154;297
20260330;2024;02;01;HOTEL;02;2 ESTRELLAS;LIMA;150000;123;5081;8937;42,97;36,53;1,23;1,22;1,52;86430;83547;2884;106482;102111;4371;932
20260330;2024;02;01;HOTEL;02;2 ESTRELLAS;LORETO;160000;9;205;350;14,7;12,35;1,29;1,16;2,49;937;845;92;1210;981;229;44
20260330;2024;02;01;HOTEL;02;2 ESTRELLAS;MADRE DE DIOS;170000;7;193;343;33,88;25,17;1,23;1,23;1,32;1958;1859;99;2417;2286;131;36
20260330;2024;02;01;HOTEL;02;2 ESTRELLAS;MOQUEGUA;180000;24;596;994;29,45;25,66;1,71;1,66;2,09;4176;3707;469;7142;6163;979;117
20260330;2024;02;01;HOTEL;02;2 ESTRELLAS;PASCO;190000;6;191;358;20,77;17,05;1,41;1,41;1;1216;1214;2;1709;1707;2;31
20260330;2024;02;01;HOTEL;02;2 ESTRELLAS;PIURA;200000;16;389;650;35,43;29,59;1,88;1,89;1,43;2865;2789;76;5385;5276;109;76
20260330;2024;02;01;HOTEL;02;2 ESTRELLAS;PUNO;210000;29;675;1197;19,6;14,39;1,37;1,36;1,48;3530;3335;195;4824;4535;289;90
20260330;2024;02;01;HOTEL;02;2 ESTRELLAS;SAN MARTÍN;220000;28;783;1345;34,3;32,29;1,7;1,69;1,98;7161;6961;200;12160;11764;396;167
20260330;2024;02;01;HOTEL;02;2 ESTRELLAS;TACNA;230000;29;817;2101;47,62;22,52;1,63;1,63;1,62;8152;3392;4760;13251;5537;7714;160
20260330;2024;02;01;HOTEL;02;2 ESTRELLAS;TUMBES;240000;6;162;295;26,01;17,3;1,72;1,74;1,4;832;787;45;1429;1366;63;38
20260330;2024;02;01;HOTEL;03;3 ESTRELLAS;AMAZONAS;010000;18;418;719;28,14;24,17;1,33;1,29;1,96;3666;3486;180;4866;4514;352;109
20260330;2024;02;01;HOTEL;03;3 ESTRELLAS;ÁNCASH;020000;40;1371;2421;20,9;15,94;1,5;1,47;2,04;7200;6758;442;10807;9907;900;322
20260330;2024;02;01;HOTEL;03;3 ESTRELLAS;APURÍMAC;030000;5;178;298;37,8;28,2;1,37;1,38;1,3;1712;1534;178;2353;2122;231;50
20260330;2024;02;01;HOTEL;03;3 ESTRELLAS;AREQUIPA;040000;68;2041;3797;29;24,74;2,01;2,05;1,88;13079;10061;3018;26307;20642;5665;604
20260330;2024;02;01;HOTEL;03;3 ESTRELLAS;AYACUCHO;050000;9;297;563;23,76;22,5;2,22;2,2;2,35;1597;1407;190;3547;3100;447;91
20260330;2024;02;01;HOTEL;03;3 ESTRELLAS;CAJAMARCA;060000;71;2227;3851;24,59;18,3;1,52;1,52;1,65;12982;12759;223;19734;19366;368;432
20260330;2024;02;01;HOTEL;03;3 ESTRELLAS;CALLAO;070000;4;233;391;42,4;41,21;1,71;1,65;1,96;2645;2159;486;4512;3560;952;56
20260330;2024;02;01;HOTEL;03;3 ESTRELLAS;CUSCO;080000;87;3150;6150;26,38;21,82;1,73;1,65;1,76;21779;6920;14859;37578;11384;26194;1017
20260330;2024;02;01;HOTEL;03;3 ESTRELLAS;HUANCAVELICA;090000;2;65;108;12,36;8,63;1,44;1,44;1,4;181;171;10;261;247;14;10
20260330;2024;02;01;HOTEL;03;3 ESTRELLAS;HUÁNUCO;100000;18;658;1294;25,18;20,88;1,41;1,4;1,53;5376;5199;177;7565;7294;271;152
20260330;2024;02;01;HOTEL;03;3 ESTRELLAS;ICA;110000;65;2232;4341;39,64;30,19;1,48;1,51;1,32;24836;20178;4658;36691;30557;6134;503
20260330;2024;02;01;HOTEL;03;3 ESTRELLAS;JUNÍN;120000;20;771;1434;17,05;12,62;1,47;1,47;1,43;3443;3373;70;5067;4967;100;193
20260330;2024;02;01;HOTEL;03;3 ESTRELLAS;LA LIBERTAD;130000;77;2294;4453;33,43;26,13;1,71;1,66;2,35;19068;17600;1468;32581;29138;3443;545
20260330;2024;02;01;HOTEL;03;3 ESTRELLAS;LAMBAYEQUE;140000;35;1134;1895;31,44;25,87;1,48;1,46;1,94;9293;8892;401;13728;12952;776;241
20260330;2024;02;01;HOTEL;03;3 ESTRELLAS;LIMA;150000;159;8297;15763;45,03;39,6;1,64;1,41;2,28;106570;78133;28437;174799;109864;64935;1857
20260330;2024;02;01;HOTEL;03;3 ESTRELLAS;LORETO;160000;27;789;1358;37,53;32,99;2,27;2,28;2,24;5530;4437;1093;12544;10095;2449;249
20260330;2024;02;01;HOTEL;03;3 ESTRELLAS;MADRE DE DIOS;170000;5;191;355;33,75;27,59;1,6;1,76;1,28;1714;1135;579;2742;2002;740;60
20260330;2024;02;01;HOTEL;03;3 ESTRELLAS;MOQUEGUA;180000;12;378;648;42,67;30,48;1,62;1,62;1,73;3406;3151;255;5531;5090;441;83
20260330;2024;02;01;HOTEL;03;3 ESTRELLAS;PASCO;190000;5;134;237;16,66;16,31;3,62;3,62;0;299;299;0;1082;1082;0;18
20260330;2024;02;01;HOTEL;03;3 ESTRELLAS;PIURA;200000;19;668;1119;50,63;42,23;1,73;1,63;2,38;7648;6619;1029;13231;10779;2452;211
20260330;2024;02;01;HOTEL;03;3 ESTRELLAS;PUNO;210000;28;888;1698;34,87;30,27;1,83;2,05;1,5;7878;4721;3157;14391;9671;4720;188
20260330;2024;02;01;HOTEL;03;3 ESTRELLAS;SAN MARTÍN;220000;23;816;1416;39,52;34,95;1,82;1,81;1,98;7612;7362;250;13855;13361;494;209
20260330;2024;02;01;HOTEL;03;3 ESTRELLAS;TACNA;230000;10;420;9888;64,04;5,82;3,24;3,24;3,24;4972;1348;3624;16124;4373;11751;128
20260330;2024;02;01;HOTEL;03;3 ESTRELLAS;TUMBES;240000;9;284;565;53,46;59,58;3,01;2,92;3,36;3134;2515;619;9426;7349;2077;127
20260330;2024;02;01;HOTEL;04;4 ESTRELLAS;APURÍMAC;030000;1;32;56;35,6;20,34;2,16;2,24;1,4;148;133;15;319;298;21;15
20260330;2024;02;01;HOTEL;04;4 ESTRELLAS;AREQUIPA;040000;11;558;1042;26,02;22,45;1,81;1,8;1,81;3627;1955;1672;6549;3521;3028;245
20260330;2024;02;01;HOTEL;04;4 ESTRELLAS;CAJAMARCA;060000;4;214;373;55,64;51,19;1,97;1,92;2,46;2716;2459;257;5346;4714;632;154
20260330;2024;02;01;HOTEL;04;4 ESTRELLAS;CALLAO;070000;2;371;599;98,19;85,49;1,29;1,37;1,27;11097;2596;8501;14339;3569;10770;130
20260330;2024;02;01;HOTEL;04;4 ESTRELLAS;CUSCO;080000;20;1521;2987;43,32;39,18;1,78;1,61;1,82;18356;2771;15585;32765;4465;28300;828
20260330;2024;02;01;HOTEL;04;4 ESTRELLAS;HUÁNUCO;100000;1;60;101;39,35;32,36;1,92;1,9;2,6;476;461;15;915;876;39;30
20260330;2024;02;01;HOTEL;04;4 ESTRELLAS;ICA;110000;8;814;1731;55,24;61,21;1,92;1,99;1,57;15422;12955;2467;29669;25798;3871;383
20260330;2024;02;01;HOTEL;04;4 ESTRELLAS;JUNÍN;120000;1;40;82;20,18;31,97;2,2;2,17;6,5;334;332;2;734;721;13;19
20260330;2024;02;01;HOTEL;04;4 ESTRELLAS;LA LIBERTAD;130000;4;318;544;54,45;54,58;2,08;2,01;2,48;3995;3406;589;8314;6855;1459;126
20260330;2024;02;01;HOTEL;04;4 ESTRELLAS;LAMBAYEQUE;140000;5;359;656;75,21;66,2;1,49;1,43;2,07;8140;7367;773;12159;10559;1600;269
20260330;2024;02;01;HOTEL;04;4 ESTRELLAS;LIMA;150000;44;4332;7844;48,98;46,03;2,19;1,74;2,65;46206;23367;22839;101087;40623;60464;1616
20260330;2024;02;01;HOTEL;04;4 ESTRELLAS;LORETO;160000;3;140;219;31,81;29,99;2,24;2,18;2,54;822;697;125;1839;1521;318;58
20260330;2024;02;01;HOTEL;04;4 ESTRELLAS;MOQUEGUA;180000;2;123;234;77,67;97,45;7,13;7,8;2,27;895;787;108;6385;6140;245;55
20260330;2024;02;01;HOTEL;04;4 ESTRELLAS;PIURA;200000;4;393;744;39,65;31,99;1,84;1,76;2,21;3627;3012;615;6664;5302;1362;137
20260330;2024;02;01;HOTEL;04;4 ESTRELLAS;PUNO;210000;8;508;963;32,99;31,38;1,9;2,23;1,64;4448;2004;2444;8460;4464;3996;170
20260330;2024;02;01;HOTEL;04;4 ESTRELLAS;SAN MARTÍN;220000;1;54;81;21,3;24,69;1,8;1,81;1,43;311;304;7;560;550;10;20
20260330;2024;02;01;HOTEL;04;4 ESTRELLAS;TACNA;230000;1;150;300;70,48;73,29;1,91;1,93;1,91;3219;902;2317;6156;1738;4418;32
20260330;2024;02;01;HOTEL;04;4 ESTRELLAS;TUMBES;240000;5;265;533;48,84;58,47;2,26;2,31;2,04;3857;3173;684;8726;7334;1392;140
20260330;2024;02;01;HOTEL;05;5 ESTRELLAS;AREQUIPA;040000;3;241;341;37,73;39,73;2,04;1,82;2,36;1859;1088;771;3793;1976;1817;181
20260330;2024;02;01;HOTEL;05;5 ESTRELLAS;CUSCO;080000;15;1283;2519;33,78;29,1;1,68;1,94;1,64;12249;1494;10755;20526;2901;17625;1110
20260330;2024;02;01;HOTEL;05;5 ESTRELLAS;ICA;110000;4;439;1083;66,25;62,5;1,91;1,87;2,04;9947;7955;1992;18953;14889;4064;530
20260330;2024;02;01;HOTEL;05;5 ESTRELLAS;LA LIBERTAD;130000;2;267;450;49,93;55,1;1,77;1,69;2,35;3929;3474;455;6942;5873;1069;185
20260330;2024;02;01;HOTEL;05;5 ESTRELLAS;LIMA;150000;26;4691;8265;48,73;40,04;2,28;1,56;2,64;40690;13824;26866;92655;21614;71041;3458
20260330;2024;02;01;HOTEL;05;5 ESTRELLAS;LORETO;160000;1;60;89;67,86;75,44;2,04;2,07;2,01;922;439;483;1880;910;970;54
20260330;2024;02;01;HOTEL;05;5 ESTRELLAS;PIURA;200000;1;83;166;65,79;54,67;1,79;1,61;2,51;1419;1133;286;2541;1822;719;82
20260330;2024;02;01;HOTEL;05;5 ESTRELLAS;PUNO;210000;1;123;231;62,43;71,43;1,89;2,16;1,74;2446;852;1594;4620;1839;2781;29
20260330;2024;02;01;HOTEL;05;5 ESTRELLAS;SAN MARTÍN;220000;1;50;108;41,36;56,32;1,96;1,97;1,67;867;843;24;1703;1663;40;63
20260330;2024;02;01;HOTEL;05;5 ESTRELLAS;UCAYALI;250000;2;162;300;44,93;37,43;2,14;2,14;2,15;1467;1247;220;3144;2671;473;72
20260330;2024;02;01;HOTEL;02;2 ESTRELLAS;UCAYALI;250000;2;63;116;2,95;2,12;1,33;1,33;1;52;51;1;69;68;1;13
20260330;2024;02;01;HOTEL;03;3 ESTRELLAS;UCAYALI;250000;15;535;874;31,9;27,12;1,86;1,89;1,5;3568;3314;254;6637;6255;382;124
20260330;2024;02;01;HOTEL;04;4 ESTRELLAS;UCAYALI;250000;5;288;513;35,48;29,32;2,17;2,1;2,51;1944;1630;314;4211;3423;788;121
20260330;2024;02;01;HOTEL;TT;TODAS CONSOLIDADAS;AMAZONAS;010000;57;1453;2403;22,97;20,41;1,25;1,24;1,85;10956;10678;278;13730;13215;515;276
20260330;2024;02;01;HOTEL;TT;TODAS CONSOLIDADAS;ÁNCASH;020000;112;3342;5919;20,67;15,98;1,37;1,35;1,85;19381;18714;667;26486;25254;1232;611
20260330;2024;02;01;HOTEL;TT;TODAS CONSOLIDADAS;APURÍMAC;030000;15;554;926;31,96;23,31;1,21;1,21;1,31;4991;4779;212;6043;5766;277;101
20260330;2024;02;01;HOTEL;TT;TODAS CONSOLIDADAS;AREQUIPA;040000;130;4221;7595;27,32;23,78;1,78;1,75;1,9;28348;22428;5920;50567;39306;11261;1255
20260330;2024;02;01;HOTEL;TT;TODAS CONSOLIDADAS;AYACUCHO;050000;25;837;1507;18,79;18,31;2,05;2,03;2,39;3763;3525;238;7724;7155;569;176
20260330;2024;02;01;HOTEL;TT;TODAS CONSOLIDADAS;CAJAMARCA;060000;143;4282;7139;26,39;20,83;1,46;1,45;1,95;28519;27932;587;41643;40497;1146;868
20260330;2024;02;01;HOTEL;TT;TODAS CONSOLIDADAS;CALLAO;070000;7;644;1057;72,89;64,81;1,37;1,49;1,3;14005;4890;9115;19181;7289;11892;192
20260330;2024;02;01;HOTEL;TT;TODAS CONSOLIDADAS;CUSCO;080000;173;7256;14070;29,49;25,67;1,73;1,62;1,76;58594;15492;43102;101124;25146;75978;3320
20260330;2024;02;01;HOTEL;TT;TODAS CONSOLIDADAS;HUANCAVELICA;090000;4;105;177;28,88;23,67;1,84;1,85;1,44;636;620;16;1173;1150;23;19
20260330;2024;02;01;HOTEL;TT;TODAS CONSOLIDADAS;HUÁNUCO;100000;79;2559;4277;28,32;22,67;1,31;1,31;1,53;20665;20368;297;27147;26692;455;482
20260330;2024;02;01;HOTEL;TT;TODAS CONSOLIDADAS;ICA;110000;139;5237;10233;38,25;34,78;1,58;1,59;1,53;63129;53663;9466;99645;85180;14465;1687
20260330;2024;02;01;HOTEL;TT;TODAS CONSOLIDADAS;JUNÍN;120000;56;1949;3610;18,85;14,06;1,42;1,42;1,64;9986;9846;140;14208;13978;230;377
20260330;2024;02;01;HOTEL;TT;TODAS CONSOLIDADAS;LA LIBERTAD;130000;110;3550;6610;36,64;31,48;1,62;1,56;2,31;35964;33250;2714;58262;51989;6273;977
20260330;2024;02;01;HOTEL;TT;TODAS CONSOLIDADAS;LAMBAYEQUE;140000;114;3622;5812;28,32;24,05;1,38;1,35;1,99;28446;27175;1271;39144;36614;2530;821
20260330;2024;02;01;HOTEL;TT;TODAS CONSOLIDADAS;LIMA;150000;364;22829;41561;46,5;40,68;1,79;1,42;2,5;296508;195770;100738;530056;278452;251604;9336
20260330;2024;02;01;HOTEL;TT;TODAS CONSOLIDADAS;LORETO;160000;40;1194;2016;34,47;30,95;2,13;2,1;2,21;8211;6418;1793;17473;13507;3966;405
20260330;2024;02;01;HOTEL;TT;TODAS CONSOLIDADAS;MADRE DE DIOS;170000;17;529;956;31,66;25,25;1,28;1,28;1,27;5271;4548;723;6758;5842;916;118
20260330;2024;02;01;HOTEL;TT;TODAS CONSOLIDADAS;MOQUEGUA;180000;40;1158;1963;38,71;35,56;2,19;2,21;2;8938;8102;836;19545;17872;1673;263
20260330;2024;02;01;HOTEL;TT;TODAS CONSOLIDADAS;PASCO;190000;17;501;869;22,87;18,64;1,44;1,44;1;3160;3158;2;4536;4534;2;78
20260330;2024;02;01;HOTEL;TT;TODAS CONSOLIDADAS;PIURA;200000;42;1573;2756;43,77;36,7;1,78;1,7;2,31;15923;13917;2006;28323;23681;4642;512
20260330;2024;02;01;HOTEL;TT;TODAS CONSOLIDADAS;PUNO;210000;70;2296;4270;31,58;28,16;1,75;1,84;1,59;19287;11877;7410;33667;21859;11808;492
20260330;2024;02;01;HOTEL;TT;TODAS CONSOLIDADAS;SAN MARTÍN;220000;59;1829;3149;36,55;34,08;1,73;1,73;1,95;17333;16847;486;30050;29103;947;484
20260330;2024;02;01;HOTEL;TT;TODAS CONSOLIDADAS;TACNA;230000;43;1486;12494;51,98;10,27;2,18;2,07;2,23;16511;5810;10701;35915;12032;23883;332
20260330;2024;02;01;HOTEL;TT;TODAS CONSOLIDADAS;TUMBES;240000;22;758;1493;42,66;46,84;2,5;2,48;2,62;7823;6475;1348;19581;16049;3532;305
20260330;2024;02;01;HOTEL;TT;TODAS CONSOLIDADAS;UCAYALI;250000;24;1048;1803;33,15;27,85;2;1,99;2,08;7031;6242;789;14061;12417;1644;330
20260330;2024;02;02;APART HOTEL;03;3 ESTRELLAS;ÁNCASH;020000;2;16;44;19,2;18,99;2,19;2,19;0;107;107;0;234;234;0;4
20260330;2024;02;02;APART HOTEL;03;3 ESTRELLAS;APURÍMAC;030000;1;21;30;64,8;50,71;2,05;2,15;1,56;208;172;36;426;370;56;9
20260330;2024;02;02;APART HOTEL;03;3 ESTRELLAS;AREQUIPA;040000;1;19;35;6,39;3,47;1,7;1,54;2;20;13;7;34;20;14;5
20260330;2024;02;02;APART HOTEL;03;3 ESTRELLAS;CAJAMARCA;060000;2;13;24;0;0;0;0;0;0;0;0;0;0;0;0
20260330;2024;02;02;APART HOTEL;03;3 ESTRELLAS;ICA;110000;3;36;52;17,06;13,12;1,11;1,11;0;172;172;0;191;191;0;10
20260330;2024;02;02;APART HOTEL;03;3 ESTRELLAS;LIMA;150000;6;138;268;48,06;38,95;3,04;2,77;3,52;961;614;347;2923;1703;1220;46
20260330;2024;02;02;APART HOTEL;03;3 ESTRELLAS;LORETO;160000;1;24;46;0;0;0;0;0;0;0;0;0;0;0;0
20260330;2024;02;02;APART HOTEL;03;3 ESTRELLAS;MOQUEGUA;180000;1;10;16;0;0;0;0;0;0;0;0;0;0;0;0
20260330;2024;02;02;APART HOTEL;03;3 ESTRELLAS;PASCO;190000;1;15;17;0;0;0;0;0;0;0;0;0;0;0;0
20260330;2024;02;02;APART HOTEL;03;3 ESTRELLAS;TUMBES;240000;2;19;54;60,15;45,11;2,44;2,28;3,14;280;229;51;682;522;160;15
20260330;2024;02;02;APART HOTEL;04;4 ESTRELLAS;AREQUIPA;040000;1;19;31;23,31;26,5;2,67;2,62;2,83;86;63;23;230;165;65;8
20260330;2024;02;02;APART HOTEL;04;4 ESTRELLAS;LIMA;150000;7;576;1209;65,74;72,19;1,98;1,94;2,43;12369;11379;990;24437;22030;2407;421
20260330;2024;02;02;APART HOTEL;04;4 ESTRELLAS;LORETO;160000;1;13;23;46,7;37,42;1;1;1;241;58;183;241;58;183;6
20260330;2024;02;02;APART HOTEL;04;4 ESTRELLAS;SAN MARTÍN;220000;1;24;48;72,17;77,9;2,04;2,08;1,75;512;461;51;1047;958;89;18
20260330;2024;02;02;APART HOTEL;05;5 ESTRELLAS;LIMA;150000;4;250;435;37,44;30,62;2,88;2,48;3,13;1294;486;808;3729;1203;2526;106
20260330;2024;02;02;APART HOTEL;TT;TODAS CONSOLIDADAS;ÁNCASH;020000;2;16;44;19,2;18,99;2,19;2,19;0;107;107;0;234;234;0;4
20260330;2024;02;02;APART HOTEL;TT;TODAS CONSOLIDADAS;APURÍMAC;030000;1;21;30;64,8;50,71;2,05;2,15;1,56;208;172;36;426;370;56;9
20260330;2024;02;02;APART HOTEL;TT;TODAS CONSOLIDADAS;AREQUIPA;040000;2;38;66;14,85;14,29;2,49;2,43;2,63;106;76;30;264;185;79;13
20260330;2024;02;02;APART HOTEL;TT;TODAS CONSOLIDADAS;CAJAMARCA;060000;2;13;24;0;0;0;0;0;0;0;0;0;0;0;0
20260330;2024;02;02;APART HOTEL;TT;TODAS CONSOLIDADAS;ICA;110000;3;36;52;17,06;13,12;1,11;1,11;0;172;172;0;191;191;0;10
20260330;2024;02;02;APART HOTEL;TT;TODAS CONSOLIDADAS;LIMA;150000;17;964;1912;55,87;58,07;2,13;2;2,87;14624;12479;2145;31089;24936;6153;573
20260330;2024;02;02;APART HOTEL;TT;TODAS CONSOLIDADAS;LORETO;160000;2;37;69;16,41;12,47;1;1;1;241;58;183;241;58;183;6
20260330;2024;02;02;APART HOTEL;TT;TODAS CONSOLIDADAS;MOQUEGUA;180000;1;10;16;0;0;0;0;0;0;0;0;0;0;0;0
20260330;2024;02;02;APART HOTEL;TT;TODAS CONSOLIDADAS;PASCO;190000;1;15;17;0;0;0;0;0;0;0;0;0;0;0;0
20260330;2024;02;02;APART HOTEL;TT;TODAS CONSOLIDADAS;SAN MARTÍN;220000;1;24;48;72,17;77,9;2,04;2,08;1,75;512;461;51;1047;958;89;18
20260330;2024;02;02;APART HOTEL;TT;TODAS CONSOLIDADAS;TUMBES;240000;2;19;54;60,15;45,11;2,44;2,28;3,14;280;229;51;682;522;160;15
20260330;2024;02;03;HOSTAL;01;1 ESTRELLA;AMAZONAS;010000;17;245;354;23,95;21,43;1,05;1,05;0;2016;2016;0;2124;2124;0;43
20260330;2024;02;03;HOSTAL;01;1 ESTRELLA;ÁNCASH;020000;39;571;940;33,03;25,95;1,1;1,1;1,75;6204;6196;8;6830;6816;14;94
20260330;2024;02;03;HOSTAL;01;1 ESTRELLA;APURÍMAC;030000;4;72;111;31,89;31,92;1;1;1;990;986;4;992;988;4;11
20260330;2024;02;03;HOSTAL;01;1 ESTRELLA;AREQUIPA;040000;51;778;1190;29,32;25,23;1,12;1,12;1,11;7491;7149;342;8408;8029;379;136
20260330;2024;02;03;HOSTAL;01;1 ESTRELLA;AYACUCHO;050000;12;166;301;16,74;13,09;1,42;1,42;0;777;777;0;1103;1103;0;26
20260330;2024;02;03;HOSTAL;01;1 ESTRELLA;CAJAMARCA;060000;20;333;521;31,97;19,64;1,14;1,14;0;2513;2513;0;2865;2865;0;66
20260330;2024;02;03;HOSTAL;01;1 ESTRELLA;CALLAO;070000;8;159;301;45,37;48,05;1,01;1;1,06;4333;4089;244;4359;4100;259;29
20260330;2024;02;03;HOSTAL;01;1 ESTRELLA;CUSCO;080000;25;425;708;25,8;22,25;1,1;1,09;1,89;4026;3989;37;4411;4341;70;60
20260330;2024;02;03;HOSTAL;01;1 ESTRELLA;HUANCAVELICA;090000;2;66;94;16,77;11,93;1,02;1,02;0;308;308;0;314;314;0;5
20260330;2024;02;03;HOSTAL;01;1 ESTRELLA;HUÁNUCO;100000;25;360;536;52,2;49,27;1,49;1,49;0;4951;4951;0;7395;7395;0;65
20260330;2024;02;03;HOSTAL;01;1 ESTRELLA;ICA;110000;18;216;324;32,03;29,44;1;1;0;2671;2671;0;2671;2671;0;39
20260330;2024;02;03;HOSTAL;01;1 ESTRELLA;JUNÍN;120000;12;170;294;27,1;22,86;1,28;1,28;0;1472;1472;0;1882;1882;0;29
20260330;2024;02;03;HOSTAL;01;1 ESTRELLA;LA LIBERTAD;130000;26;371;648;28,15;23,66;1,65;1,65;0;2596;2596;0;4292;4292;0;62
20260330;2024;02;03;HOSTAL;01;1 ESTRELLA;LAMBAYEQUE;140000;15;206;300;18,26;14,8;1,09;1,09;1;1136;1132;4;1243;1239;4;39
20260330;2024;02;03;HOSTAL;01;1 ESTRELLA;LIMA;150000;77;1612;2854;36,94;26,87;1,2;1,2;1,32;23142;22558;585;27836;27062;774;343
20260330;2024;02;03;HOSTAL;01;1 ESTRELLA;LORETO;160000;6;101;162;25,6;19,69;1,63;1,63;1,65;548;517;31;893;842;51;26
20260330;2024;02;03;HOSTAL;01;1 ESTRELLA;MADRE DE DIOS;170000;2;53;101;15,3;13,65;2;2;0;193;193;0;386;386;0;7
20260330;2024;02;03;HOSTAL;01;1 ESTRELLA;MOQUEGUA;180000;18;243;408;16,96;15,14;1,43;1,46;1,12;1208;1117;91;1730;1628;102;44
20260330;2024;02;03;HOSTAL;01;1 ESTRELLA;PASCO;190000;19;328;475;27,54;19,66;1,09;1,09;0;2400;2400;0;2615;2615;0;52
20260330;2024;02;03;HOSTAL;01;1 ESTRELLA;PIURA;200000;3;56;81;24,3;15,78;1,85;1,87;1,4;193;188;5;358;351;7;11
20260330;2024;02;03;HOSTAL;01;1 ESTRELLA;PUNO;210000;30;451;786;27,16;20,64;1,06;1,05;1,12;4302;4120;182;4543;4339;204;68
20260330;2024;02;03;HOSTAL;01;1 ESTRELLA;SAN MARTÍN;220000;1;20;34;13,21;11,34;1,26;1,26;0;86;86;0;108;108;0;8
20260330;2024;02;03;HOSTAL;01;1 ESTRELLA;TACNA;230000;10;175;306;27,78;25,26;1,09;1,07;1,11;1988;1123;865;2164;1202;962;29
20260330;2024;02;03;HOSTAL;02;2 ESTRELLAS;AMAZONAS;010000;52;886;1403;25,04;20,32;1,12;1,1;2,1;7154;7050;104;7984;7766;218;149
20260330;2024;02;03;HOSTAL;02;2 ESTRELLAS;ÁNCASH;020000;127;2123;3737;35,03;32,6;1,18;1,18;1,4;28996;28824;172;34113;33873;240;365
20260330;2024;02;03;HOSTAL;02;2 ESTRELLAS;APURÍMAC;030000;7;145;220;37,86;29,95;1,14;1,14;1;1625;1557;68;1845;1777;68;24
20260330;2024;02;03;HOSTAL;02;2 ESTRELLAS;AREQUIPA;040000;127;2025;3644;31,95;27,66;1,26;1,25;1,45;22455;21624;831;28219;27014;1205;360
20260330;2024;02;03;HOSTAL;02;2 ESTRELLAS;AYACUCHO;050000;6;93;163;33,76;47,46;2,05;2,05;2,08;1057;1021;36;2166;2091;75;17
20260330;2024;02;03;HOSTAL;02;2 ESTRELLAS;CAJAMARCA;060000;132;2350;3763;22,86;17,56;1,2;1,2;1,3;15437;15315;122;18500;18342;158;371
20260330;2024;02;03;HOSTAL;02;2 ESTRELLAS;CALLAO;070000;5;207;400;48,15;41,95;1,01;1,01;1;4655;4652;3;4698;4695;3;31
20260330;2024;02;03;HOSTAL;02;2 ESTRELLAS;CUSCO;080000;45;759;1354;25,1;22,21;1,65;1,47;2,16;5103;3772;1331;8420;5542;2878;137
20260330;2024;02;03;HOSTAL;02;2 ESTRELLAS;HUANCAVELICA;090000;1;44;82;11,53;8,8;1,06;1,06;0;190;190;0;202;202;0;3
20260330;2024;02;03;HOSTAL;02;2 ESTRELLAS;HUÁNUCO;100000;26;348;571;41,89;30,89;1,16;1,16;1,57;4250;4229;21;4938;4905;33;94
20260330;2024;02;03;HOSTAL;02;2 ESTRELLAS;ICA;110000;82;1245;2008;30,52;25,96;1,07;1,07;1,15;13630;13433;197;14593;14366;227;197
20260330;2024;02;03;HOSTAL;02;2 ESTRELLAS;JUNÍN;120000;23;383;741;30,19;27,75;1,17;1,17;1,41;4936;4914;22;5758;5727;31;73
20260330;2024;02;03;HOSTAL;02;2 ESTRELLAS;LA LIBERTAD;130000;123;2077;3708;19,78;20,1;1,33;1,33;1;15639;15623;16;20866;20850;16;359
20260330;2024;02;03;HOSTAL;02;2 ESTRELLAS;LAMBAYEQUE;140000;141;2060;2977;28,66;21,17;1,12;1,12;1,12;15807;15707;100;17644;17532;112;399
20260330;2024;02;03;HOSTAL;02;2 ESTRELLAS;LIMA;150000;120;2938;5359;38,18;35,6;1,39;1,3;2,3;55769;50814;4955;77284;65868;11415;716
20260330;2024;02;03;HOSTAL;02;2 ESTRELLAS;LORETO;160000;8;144;228;35,34;34,79;2,19;2,16;2,32;1014;805;209;2221;1737;484;32
20260330;2024;02;03;HOSTAL;02;2 ESTRELLAS;MADRE DE DIOS;170000;5;130;196;35,25;28,33;1,3;1,3;1,33;1197;1137;60;1555;1475;80;23
20260330;2024;02;03;HOSTAL;02;2 ESTRELLAS;MOQUEGUA;180000;63;956;1588;29,48;21,81;1,74;1,75;1,52;5566;5379;187;9698;9414;284;168
20260330;2024;02;03;HOSTAL;02;2 ESTRELLAS;PASCO;190000;15;265;511;20,27;13,46;1,23;1,22;2;1571;1568;3;1926;1920;6;38
20260330;2024;02;03;HOSTAL;02;2 ESTRELLAS;PIURA;200000;23;475;809;31,83;24,12;1,67;1,68;1,55;3263;3102;161;5463;5213;250;87
20260330;2024;02;03;HOSTAL;02;2 ESTRELLAS;PUNO;210000;55;842;1592;29,9;23,01;1,37;1,38;1,29;7485;6704;781;10255;9248;1007;147
20260330;2024;02;03;HOSTAL;02;2 ESTRELLAS;SAN MARTÍN;220000;22;316;500;29,75;29,67;1,57;1,56;1,97;2651;2620;31;4154;4093;61;71
20260330;2024;02;03;HOSTAL;02;2 ESTRELLAS;TACNA;230000;26;439;879;41,62;28,71;1,69;1,64;1,7;4181;894;3287;7065;1466;5599;85
20260330;2024;02;03;HOSTAL;02;2 ESTRELLAS;TUMBES;240000;5;66;131;14,61;14,37;1,68;1,68;1,79;313;294;19;527;493;34;18
20260330;2024;02;03;HOSTAL;02;2 ESTRELLAS;UCAYALI;250000;2;68;124;20,75;12,13;1,61;1,61;3;261;260;1;421;418;3;16
20260330;2024;02;03;HOSTAL;03;3 ESTRELLAS;AMAZONAS;010000;9;122;243;17,3;15,29;1,52;1,52;1,58;684;672;12;1040;1021;19;30
20260330;2024;02;03;HOSTAL;03;3 ESTRELLAS;ÁNCASH;020000;21;325;625;16,96;14,93;1,4;1,4;1,57;1869;1846;23;2613;2577;36;72
20260330;2024;02;03;HOSTAL;03;3 ESTRELLAS;APURÍMAC;030000;1;24;43;31,99;17,86;1,65;1,7;1;130;122;8;215;207;8;5
20260330;2024;02;03;HOSTAL;03;3 ESTRELLAS;AREQUIPA;040000;45;706;1298;26,04;23,98;1,9;1,84;2,05;4584;3301;1283;8715;6082;2633;184
20260330;2024;02;03;HOSTAL;03;3 ESTRELLAS;AYACUCHO;050000;3;51;100;35,43;27,68;2,13;2,11;2,31;363;312;51;775;657;118;28
20260330;2024;02;03;HOSTAL;03;3 ESTRELLAS;CAJAMARCA;060000;53;819;1326;29,25;24,74;1,31;1,31;1,48;7002;6891;111;9186;9022;164;195
20260330;2024;02;03;HOSTAL;03;3 ESTRELLAS;CUSCO;080000;17;296;576;16,12;11,82;1,61;1,47;2,37;1181;996;185;1907;1469;438;62
20260330;2024;02;03;HOSTAL;03;3 ESTRELLAS;HUÁNUCO;100000;1;31;39;0;0;0;0;0;0;0;0;0;0;0;0
20260330;2024;02;03;HOSTAL;03;3 ESTRELLAS;ICA;110000;40;672;1263;44,41;32,03;1,32;1,29;1,41;8579;6532;2047;11327;8439;2888;157
20260330;2024;02;03;HOSTAL;03;3 ESTRELLAS;JUNÍN;120000;3;60;117;29,58;21,7;1,69;1,69;1,71;420;413;7;711;699;12;35
20260330;2024;02;03;HOSTAL;03;3 ESTRELLAS;LA LIBERTAD;130000;46;839;1632;38,34;30,91;1,11;1,11;1,19;12696;12372;324;14123;13739;384;165
20260330;2024;02;03;HOSTAL;03;3 ESTRELLAS;LAMBAYEQUE;140000;23;339;509;38,03;32,27;1,29;1,3;1,22;3553;3521;32;4599;4560;39;72
20260330;2024;02;03;HOSTAL;03;3 ESTRELLAS;LIMA;150000;24;494;934;19,93;16,25;1,2;1,19;1,4;3528;3283;245;4250;3907;343;91
20260330;2024;02;03;HOSTAL;03;3 ESTRELLAS;LORETO;160000;7;121;197;33,15;32,29;3,77;3,17;5,23;472;333;139;1781;1054;727;30
20260330;2024;02;03;HOSTAL;03;3 ESTRELLAS;MADRE DE DIOS;170000;1;22;28;16,23;38,39;1,49;1,5;1;202;200;2;301;299;2;2
20260330;2024;02;03;HOSTAL;03;3 ESTRELLAS;MOQUEGUA;180000;6;89;164;42,5;32,14;2,11;2,11;2,17;699;681;18;1476;1437;39;18
20260330;2024;02;03;HOSTAL;03;3 ESTRELLAS;PASCO;190000;2;21;44;16,16;13,07;1,31;1,27;2;123;117;6;161;149;12;9
20260330;2024;02;03;HOSTAL;03;3 ESTRELLAS;PIURA;200000;2;36;88;25;27,19;2,57;2,4;3,24;261;210;51;670;505;165;19
20260330;2024;02;03;HOSTAL;03;3 ESTRELLAS;PUNO;210000;11;206;361;38,66;31,45;1,59;1,67;1,2;1998;1655;343;3179;2768;411;46
20260330;2024;02;03;HOSTAL;03;3 ESTRELLAS;SAN MARTÍN;220000;6;112;244;52,04;55,75;2,46;2,47;2,33;1548;1479;69;3809;3648;161;44
20260330;2024;02;03;HOSTAL;03;3 ESTRELLAS;TACNA;230000;4;78;178;34,52;30,8;3,04;2,39;3,51;505;213;292;1535;510;1025;16
20260330;2024;02;03;HOSTAL;03;3 ESTRELLAS;TUMBES;240000;3;51;102;0;0;0;0;0;0;0;0;0;0;0;0
20260330;2024;02;03;HOSTAL;03;3 ESTRELLAS;UCAYALI;250000;1;35;52;18,98;18,27;1,9;1,9;0;140;140;0;266;266;0;5
20260330;2024;02;03;HOSTAL;TT;TODAS CONSOLIDADAS;AMAZONAS;010000;78;1253;2000;24,07;19,91;1,13;1,12;2,04;9854;9738;116;11148;10911;237;222
20260330;2024;02;03;HOSTAL;TT;TODAS CONSOLIDADAS;ÁNCASH;020000;187;3019;5302;32,71;29,34;1,17;1,17;1,43;37069;36866;203;43556;43266;290;531
20260330;2024;02;03;HOSTAL;TT;TODAS CONSOLIDADAS;APURÍMAC;030000;12;241;374;35,49;29,14;1,11;1,12;1;2745;2665;80;3052;2972;80;40
20260330;2024;02;03;HOSTAL;TT;TODAS CONSOLIDADAS;AREQUIPA;040000;223;3509;6132;30,18;26,41;1,31;1,28;1,72;34530;32074;2456;45342;41125;4217;680
20260330;2024;02;03;HOSTAL;TT;TODAS CONSOLIDADAS;AYACUCHO;050000;21;310;564;24,92;25,61;1,84;1,83;2,22;2197;2110;87;4044;3851;193;71
20260330;2024;02;03;HOSTAL;TT;TODAS CONSOLIDADAS;CAJAMARCA;060000;205;3502;5610;25,22;19,45;1,22;1,22;1,38;24952;24719;233;30551;30229;322;632
20260330;2024;02;03;HOSTAL;TT;TODAS CONSOLIDADAS;CALLAO;070000;13;366;701;47,07;44,25;1,01;1,01;1,06;9342;9122;220;9416;9183;233;63
20260330;2024;02;03;HOSTAL;TT;TODAS CONSOLIDADAS;CUSCO;080000;87;1480;2638;23,5;19,95;1,43;1,3;2,18;10310;8757;1553;14738;11352;3386;259
20260330;2024;02;03;HOSTAL;TT;TODAS CONSOLIDADAS;HUANCAVELICA;090000;3;110;176;14,68;10,47;1,04;1,04;0;498;498;0;516;516;0;8
20260330;2024;02;03;HOSTAL;TT;TODAS CONSOLIDADAS;HUÁNUCO;100000;52;739;1146;45,16;38,43;1,34;1,34;1,57;9201;9180;21;12333;12300;33;159
20260330;2024;02;03;HOSTAL;TT;TODAS CONSOLIDADAS;ICA;110000;140;2133;3595;35,05;28,4;1,15;1,13;1,39;24880;22636;2244;28591;25476;3115;393
20260330;2024;02;03;HOSTAL;TT;TODAS CONSOLIDADAS;JUNÍN;120000;38;613;1152;29,28;25,89;1,22;1,22;1,48;6828;6799;29;8351;8308;43;137
20260330;2024;02;03;HOSTAL;TT;TODAS CONSOLIDADAS;LA LIBERTAD;130000;195;3287;5988;25,46;23,43;1,27;1,27;1,18;30931;30591;340;39281;38881;400;586
20260330;2024;02;03;HOSTAL;TT;TODAS CONSOLIDADAS;LAMBAYEQUE;140000;179;2605;3786;29,05;22,15;1,15;1,15;1,14;20496;20360;136;23486;23331;155;510
20260330;2024;02;03;HOSTAL;TT;TODAS CONSOLIDADAS;LIMA;150000;221;5044;9147;33,5;28,76;1,31;1,25;2,08;70453;65597;4856;92326;82244;10083;1073
20260330;2024;02;03;HOSTAL;TT;TODAS CONSOLIDADAS;LORETO;160000;21;366;587;31,93;29,78;2,41;2,2;3,33;2034;1655;379;4895;3633;1262;88
20260330;2024;02;03;HOSTAL;TT;TODAS CONSOLIDADAS;MADRE DE DIOS;170000;8;205;325;28,05;24,64;1,41;1,41;1,32;1592;1530;62;2242;2160;82;32
20260330;2024;02;03;HOSTAL;TT;TODAS CONSOLIDADAS;MOQUEGUA;180000;87;1288;2160;28,01;21,34;1,73;1,74;1,44;7473;7177;296;12904;12479;425;230
20260330;2024;02;03;HOSTAL;TT;TODAS CONSOLIDADAS;PASCO;190000;36;614;1030;24,01;16,3;1,15;1,15;2;4094;4085;9;4702;4684;18;99
20260330;2024;02;03;HOSTAL;TT;TODAS CONSOLIDADAS;PIURA;200000;28;567;978;30,65;23,7;1,75;1,73;1,94;3717;3500;217;6491;6069;422;117
20260330;2024;02;03;HOSTAL;TT;TODAS CONSOLIDADAS;PUNO;210000;96;1499;2739;30,28;23,44;1,3;1,31;1,24;13785;12479;1306;17977;16355;1622;261
20260330;2024;02;03;HOSTAL;TT;TODAS CONSOLIDADAS;SAN MARTÍN;220000;29;448;778;34,58;37,05;1,88;1,88;2,22;4285;4185;100;8071;7849;222;123
20260330;2024;02;03;HOSTAL;TT;TODAS CONSOLIDADAS;TACNA;230000;40;692;1363;37,32;28,2;1,61;1,43;1,71;6674;2230;4444;10764;3178;7586;130
20260330;2024;02;03;HOSTAL;TT;TODAS CONSOLIDADAS;TUMBES;240000;8;117;233;8,24;8,08;1,68;1,68;1,79;313;294;19;527;493;34;18
20260330;2024;02;03;HOSTAL;TT;TODAS CONSOLIDADAS;UCAYALI;250000;3;103;176;20,15;13,94;1,71;1,71;3;401;400;1;687;684;3;21
20260330;2024;02;05;ALBERGUE;12;ALBERGUE;AMAZONAS;010000;1;6;11;0;0;0;0;0;0;0;0;0;0;0;0
20260330;2024;02;05;ALBERGUE;12;ALBERGUE;ÁNCASH;020000;7;68;149;12,55;7,55;2,05;1,59;2,41;154;69;85;315;110;205;16
20260330;2024;02;05;ALBERGUE;12;ALBERGUE;AREQUIPA;040000;9;165;369;19,63;18,22;1,46;1,47;1,46;1286;678;608;1883;995;888;92
20260330;2024;02;05;ALBERGUE;12;ALBERGUE;AYACUCHO;050000;1;10;20;0;0;0;0;0;0;0;0;0;0;0;0
20260330;2024;02;05;ALBERGUE;12;ALBERGUE;CAJAMARCA;060000;1;11;22;0;0;0;0;0;0;0;0;0;0;0;0
20260330;2024;02;05;ALBERGUE;12;ALBERGUE;CUSCO;080000;10;317;521;10,6;14,14;1,72;1,73;1,71;1202;83;1119;2063;144;1919;104
20260330;2024;02;05;ALBERGUE;12;ALBERGUE;HUÁNUCO;100000;5;59;75;0;0;0;0;0;0;0;0;0;0;0;0
20260330;2024;02;05;ALBERGUE;12;ALBERGUE;ICA;110000;5;47;177;36,7;45,36;1,91;2,02;1,77;1179;651;528;2248;1314;934;16
20260330;2024;02;05;ALBERGUE;12;ALBERGUE;JUNÍN;120000;1;32;104;21,99;16,79;1,71;1,69;1,83;286;250;36;489;423;66;20
20260330;2024;02;05;ALBERGUE;12;ALBERGUE;LA LIBERTAD;130000;1;15;27;73,1;51,85;1,62;1,63;1,55;242;220;22;392;358;34;4
20260330;2024;02;05;ALBERGUE;12;ALBERGUE;LIMA;150000;8;128;417;35,02;44,6;2,47;2,45;3,32;2107;2066;41;5208;5072;136;33
20260330;2024;02;05;ALBERGUE;12;ALBERGUE;LORETO;160000;60;835;1739;17,69;16,25;1,93;1,97;1,92;4098;808;3290;7914;1592;6322;292
20260330;2024;02;05;ALBERGUE;12;ALBERGUE;MADRE DE DIOS;170000;13;257;519;13,74;14,04;2,41;1,71;2,5;847;101;746;2041;173;1868;154
20260330;2024;02;05;ALBERGUE;12;ALBERGUE;PASCO;190000;14;207;569;11,75;9,25;1,14;1,14;0;1294;1294;0;1474;1474;0;53
20260330;2024;02;05;ALBERGUE;12;ALBERGUE;PUNO;210000;1;13;35;0;0;0;0;0;0;0;0;0;0;0;0
20260330;2024;02;05;ALBERGUE;12;ALBERGUE;SAN MARTÍN;220000;11;159;352;34,16;33,44;2,44;2,43;2,5;1352;1220;132;3296;2966;330;53
20260330;2024;02;05;ALBERGUE;12;ALBERGUE;UCAYALI;250000;3;34;88;27;20,37;2,7;2,32;3,72;186;136;50;502;316;186;21
20260330;2024;02;05;ALBERGUE;TT;TODAS CONSOLIDADAS;AMAZONAS;010000;1;6;11;0;0;0;0;0;0;0;0;0;0;0;0
20260330;2024;02;05;ALBERGUE;TT;TODAS CONSOLIDADAS;ÁNCASH;020000;7;68;149;12,55;7,55;2,05;1,59;2,41;154;69;85;315;110;205;16
20260330;2024;02;05;ALBERGUE;TT;TODAS CONSOLIDADAS;AREQUIPA;040000;9;165;369;19,63;18,22;1,46;1,47;1,46;1286;678;608;1883;995;888;92
20260330;2024;02;05;ALBERGUE;TT;TODAS CONSOLIDADAS;AYACUCHO;050000;1;10;20;0;0;0;0;0;0;0;0;0;0;0;0
20260330;2024;02;05;ALBERGUE;TT;TODAS CONSOLIDADAS;CAJAMARCA;060000;1;11;22;0;0;0;0;0;0;0;0;0;0;0;0
20260330;2024;02;05;ALBERGUE;TT;TODAS CONSOLIDADAS;CUSCO;080000;10;317;521;10,6;14,14;1,72;1,73;1,71;1202;83;1119;2063;144;1919;104
20260330;2024;02;05;ALBERGUE;TT;TODAS CONSOLIDADAS;HUÁNUCO;100000;5;59;75;0;0;0;0;0;0;0;0;0;0;0;0
20260330;2024;02;05;ALBERGUE;TT;TODAS CONSOLIDADAS;ICA;110000;5;47;177;36,7;45,36;1,91;2,02;1,77;1179;651;528;2248;1314;934;16
20260330;2024;02;05;ALBERGUE;TT;TODAS CONSOLIDADAS;JUNÍN;120000;1;32;104;21,99;16,79;1,71;1,69;1,83;286;250;36;489;423;66;20
20260330;2024;02;05;ALBERGUE;TT;TODAS CONSOLIDADAS;LA LIBERTAD;130000;1;15;27;73,1;51,85;1,62;1,63;1,55;242;220;22;392;358;34;4
20260330;2024;02;05;ALBERGUE;TT;TODAS CONSOLIDADAS;LIMA;150000;8;128;417;35,02;44,6;2,47;2,45;3,32;2107;2066;41;5208;5072;136;33
20260330;2024;02;05;ALBERGUE;TT;TODAS CONSOLIDADAS;LORETO;160000;60;835;1739;17,69;16,25;1,93;1,97;1,92;4098;808;3290;7914;1592;6322;292
20260330;2024;02;05;ALBERGUE;TT;TODAS CONSOLIDADAS;MADRE DE DIOS;170000;13;257;519;13,74;14,04;2,41;1,71;2,5;847;101;746;2041;173;1868;154
20260330;2024;02;05;ALBERGUE;TT;TODAS CONSOLIDADAS;PASCO;190000;14;207;569;11,75;9,25;1,14;1,14;0;1294;1294;0;1474;1474;0;53
20260330;2024;02;05;ALBERGUE;TT;TODAS CONSOLIDADAS;PUNO;210000;1;13;35;0;0;0;0;0;0;0;0;0;0;0;0
20260330;2024;02;05;ALBERGUE;TT;TODAS CONSOLIDADAS;SAN MARTÍN;220000;11;159;352;34,16;33,44;2,44;2,43;2,5;1352;1220;132;3296;2966;330;53
20260330;2024;02;05;ALBERGUE;TT;TODAS CONSOLIDADAS;UCAYALI;250000;3;34;88;27;20,37;2,7;2,32;3,72;186;136;50;502;316;186;21
20260330;2024;02;14;RESORT;03;3 ESTRELLAS;ICA;110000;1;51;86;0;0;0;0;0;0;0;0;0;0;0;0
20260330;2024;02;14;RESORT;03;3 ESTRELLAS;TUMBES;240000;1;28;62;3,32;3,11;1,46;1,26;2;37;27;10;54;34;20;10
20260330;2024;02;14;RESORT;04;4 ESTRELLAS;TUMBES;240000;1;402;1101;88,79;82,05;2,67;2,63;2,94;9474;8168;1306;25294;21459;3835;500
20260330;2024;02;14;RESORT;05;5 ESTRELLAS;ICA;110000;1;115;250;73,29;96,11;1,79;1,85;1,5;3760;3156;604;6728;5824;904;108
20260330;2024;02;14;RESORT;TT;TODAS CONSOLIDADAS;ICA;110000;2;166;336;50,77;71,51;1,79;1,85;1,5;3760;3156;604;6728;5824;904;108
20260330;2024;02;14;RESORT;TT;TODAS CONSOLIDADAS;TUMBES;240000;2;430;1163;83,22;77,84;2,67;2,62;2,93;9511;8195;1316;25348;21493;3855;510
20260330;2024;02;16;ECOLODGE;13;ECOLODGE;AREQUIPA;040000;1;23;51;23,91;21,5;3,34;2,62;4,09;92;47;45;307;123;184;7
20260330;2024;02;16;ECOLODGE;13;ECOLODGE;SAN MARTÍN;220000;1;12;24;0;0;0;0;0;0;0;0;0;0;0;0
20260330;2024;02;16;ECOLODGE;TT;TODAS CONSOLIDADAS;AREQUIPA;040000;1;23;51;23,91;21,5;3,34;2,62;4,09;92;47;45;307;123;184;7
20260330;2024;02;16;ECOLODGE;TT;TODAS CONSOLIDADAS;SAN MARTÍN;220000;1;12;24;0;0;0;0;0;0;0;0;0;0;0;0
20260330;2024;02;TT;TODAS CONSOLIDADAS;00;NO CATEGORIZADO;AMAZONAS;010000;299;2824;4437;11,61;9,24;1,31;1,31;1,33;8774;8327;447;11479;10883;596;513
20260330;2024;02;TT;TODAS CONSOLIDADAS;00;NO CATEGORIZADO;ÁNCASH;020000;723;6320;10679;19,68;15,44;1,23;1,23;1,23;37653;35684;1969;46164;43742;2422;1158
20260330;2024;02;TT;TODAS CONSOLIDADAS;00;NO CATEGORIZADO;APURÍMAC;030000;508;4510;7064;19,82;14,51;1,13;1,13;1,24;25310;25197;113;28705;28565;140;441
20260330;2024;02;TT;TODAS CONSOLIDADAS;00;NO CATEGORIZADO;AREQUIPA;040000;1269;10879;18435;19,37;15,72;1,55;1,5;1,75;52247;41127;11120;81164;61757;19407;1287
20260330;2024;02;TT;TODAS CONSOLIDADAS;00;NO CATEGORIZADO;AYACUCHO;050000;615;5756;9283;18,14;14,91;1,22;1,22;1,46;31709;31352;357;38752;38231;521;691
20260330;2024;02;TT;TODAS CONSOLIDADAS;00;NO CATEGORIZADO;CAJAMARCA;060000;737;6505;10411;16,94;13,82;1,44;1,43;1,9;28072;27799;273;40299;39780;519;683
20260330;2024;02;TT;TODAS CONSOLIDADAS;00;NO CATEGORIZADO;CALLAO;070000;272;3770;7034;42,48;40,19;1,02;1,02;1,19;134767;133008;1759;137373;135279;2094;1145
20260330;2024;02;TT;TODAS CONSOLIDADAS;00;NO CATEGORIZADO;CUSCO;080000;1989;19028;33958;21,92;17,39;1,66;1,29;2,09;99371;52740;46631;165377;67909;97468;3637
20260330;2024;02;TT;TODAS CONSOLIDADAS;00;NO CATEGORIZADO;HUANCAVELICA;090000;239;2544;3908;16,37;13,02;1,09;1,09;1,56;13062;13026;36;14247;14191;56;295
20260330;2024;02;TT;TODAS CONSOLIDADAS;00;NO CATEGORIZADO;HUÁNUCO;100000;506;5341;8013;19,02;15,5;1,19;1,19;1,27;29129;29026;103;34778;34647;131;666
20260330;2024;02;TT;TODAS CONSOLIDADAS;00;NO CATEGORIZADO;ICA;110000;794;8002;13481;22,95;17,04;1,23;1,22;1,32;52091;44325;7766;64315;54053;10262;1441
20260330;2024;02;TT;TODAS CONSOLIDADAS;00;NO CATEGORIZADO;JUNÍN;120000;1512;15297;24842;19,05;14,98;1,17;1,17;2,04;89195;88895;300;104226;103614;612;2759
20260330;2024;02;TT;TODAS CONSOLIDADAS;00;NO CATEGORIZADO;LA LIBERTAD;130000;995;7390;12366;17,23;16,49;1,24;1,05;2,91;46058;41358;4700;57080;43394;13686;691
20260330;2024;02;TT;TODAS CONSOLIDADAS;00;NO CATEGORIZADO;LAMBAYEQUE;140000;455;4519;6595;16,47;13,36;1,06;1,06;1,04;23375;23067;308;24665;24344;321;567
20260330;2024;02;TT;TODAS CONSOLIDADAS;00;NO CATEGORIZADO;LIMA;150000;7139;55788;96378;25,99;25,4;1,29;1,29;1,25;2659623;2573725;85898;3419926;3312323;107603;38861
20260330;2024;02;TT;TODAS CONSOLIDADAS;00;NO CATEGORIZADO;LORETO;160000;806;6918;10817;10,44;9,63;1,46;1,45;1,49;19958;13383;6575;29165;19356;9809;703
20260330;2024;02;TT;TODAS CONSOLIDADAS;00;NO CATEGORIZADO;MADRE DE DIOS;170000;341;4745;7737;19,61;16,5;1,14;1,12;1,43;31474;29555;1919;35740;33004;2736;624
20260330;2024;02;TT;TODAS CONSOLIDADAS;00;NO CATEGORIZADO;MOQUEGUA;180000;170;1753;3020;17,81;13,29;1,13;1,13;1,06;9935;9899;36;11237;11199;38;237
20260330;2024;02;TT;TODAS CONSOLIDADAS;00;NO CATEGORIZADO;PASCO;190000;390;4182;6605;19,34;15,63;1,18;1,18;1,4;24527;24522;5;28905;28898;7;751
20260330;2024;02;TT;TODAS CONSOLIDADAS;00;NO CATEGORIZADO;PIURA;200000;1164;10637;19169;40,68;32,8;1,62;1,58;2,02;108352;98332;10020;176043;155816;20227;2112
20260330;2024;02;TT;TODAS CONSOLIDADAS;00;NO CATEGORIZADO;PUNO;210000;842;7489;12606;26,44;22,92;1,21;1,21;1,17;66904;63528;3376;80890;76955;3935;1349
20260330;2024;02;TT;TODAS CONSOLIDADAS;00;NO CATEGORIZADO;SAN MARTÍN;220000;879;9267;14548;25,24;19,61;1,37;1,36;1,7;58471;57464;1007;79874;78166;1708;1628
20260330;2024;02;TT;TODAS CONSOLIDADAS;00;NO CATEGORIZADO;TACNA;230000;432;4191;7479;22,98;21,76;1,32;1,24;1,39;34416;15154;19262;45571;18805;26766;506
20260330;2024;02;TT;TODAS CONSOLIDADAS;00;NO CATEGORIZADO;TUMBES;240000;249;2416;4577;16,13;15,83;1,58;1,54;2,02;12811;11639;1172;20283;17918;2365;347
20260330;2024;02;TT;TODAS CONSOLIDADAS;00;NO CATEGORIZADO;UCAYALI;250000;549;5441;8388;23,66;22,59;2,99;3,01;1,87;17771;17367;405;53055;52296;758;982
20260330;2024;02;TT;TODAS CONSOLIDADAS;01;1 ESTRELLA;AMAZONAS;010000;18;265;378;22,14;20,07;1,05;1,05;0;2016;2016;0;2124;2124;0;43
20260330;2024;02;TT;TODAS CONSOLIDADAS;01;1 ESTRELLA;ÁNCASH;020000;53;972;1559;26,93;22,74;1,11;1,11;1,75;8947;8939;8;9925;9911;14;147
20260330;2024;02;TT;TODAS CONSOLIDADAS;01;1 ESTRELLA;APURÍMAC;030000;6;139;210;41,93;34,61;1;1;1;2033;2029;4;2035;2031;4;20
20260330;2024;02;TT;TODAS CONSOLIDADAS;01;1 ESTRELLA;AREQUIPA;040000;57;986;1537;29,75;25,71;1,13;1,13;1,19;9809;9446;363;11063;10632;431;171
20260330;2024;02;TT;TODAS CONSOLIDADAS;01;1 ESTRELLA;AYACUCHO;050000;20;366;654;15,71;12,4;1,59;1,59;2,8;1424;1419;5;2270;2256;14;61
20260330;2024;02;TT;TODAS CONSOLIDADAS;01;1 ESTRELLA;CAJAMARCA;060000;25;465;756;27,28;17,87;1,19;1,19;0;3172;3172;0;3783;3783;0;88
20260330;2024;02;TT;TODAS CONSOLIDADAS;01;1 ESTRELLA;CALLAO;070000;8;159;301;45,37;48,05;1,01;1;1,06;4333;4089;244;4359;4100;259;29
20260330;2024;02;TT;TODAS CONSOLIDADAS;01;1 ESTRELLA;CUSCO;080000;29;543;901;23,15;20,3;1,13;1,13;1,83;4527;4486;41;5122;5047;75;79
20260330;2024;02;TT;TODAS CONSOLIDADAS;01;1 ESTRELLA;HUANCAVELICA;090000;2;66;94;16,77;11,93;1,02;1,02;0;308;308;0;314;314;0;5
20260330;2024;02;TT;TODAS CONSOLIDADAS;01;1 ESTRELLA;HUÁNUCO;100000;33;601;905;40,6;36,07;1,4;1,4;0;6533;6533;0;9141;9141;0;99
20260330;2024;02;TT;TODAS CONSOLIDADAS;01;1 ESTRELLA;ICA;110000;23;322;471;25,65;24,11;1;1;1;3179;3158;21;3179;3158;21;56
20260330;2024;02;TT;TODAS CONSOLIDADAS;01;1 ESTRELLA;JUNÍN;120000;18;416;805;22,85;16,32;1,34;1,34;0;2754;2754;0;3679;3679;0;55
20260330;2024;02;TT;TODAS CONSOLIDADAS;01;1 ESTRELLA;LA LIBERTAD;130000;31;487;849;32,25;25,46;1,39;1,39;0;4356;4356;0;6052;6052;0;82
20260330;2024;02;TT;TODAS CONSOLIDADAS;01;1 ESTRELLA;LAMBAYEQUE;140000;18;289;390;14,38;12,27;1,09;1,09;1;1233;1229;4;1340;1336;4;53
20260330;2024;02;TT;TODAS CONSOLIDADAS;01;1 ESTRELLA;LIMA;150000;89;2040;3606;37,51;29,08;1,18;1,18;1,29;30760;30120;640;36261;35432;828;407
20260330;2024;02;TT;TODAS CONSOLIDADAS;01;1 ESTRELLA;LORETO;160000;6;101;162;25,6;19,69;1,63;1,63;1,65;548;517;31;893;842;51;26
20260330;2024;02;TT;TODAS CONSOLIDADAS;01;1 ESTRELLA;MADRE DE DIOS;170000;7;198;359;23,09;19,75;1,11;1,11;1;1792;1747;45;1985;1940;45;29
20260330;2024;02;TT;TODAS CONSOLIDADAS;01;1 ESTRELLA;MOQUEGUA;180000;20;304;495;18,77;16;1,33;1,34;1,16;1669;1574;95;2217;2107;110;52
20260330;2024;02;TT;TODAS CONSOLIDADAS;01;1 ESTRELLA;PASCO;190000;25;504;749;28,35;20,79;1,08;1,08;0;4045;4045;0;4360;4360;0;81
20260330;2024;02;TT;TODAS CONSOLIDADAS;01;1 ESTRELLA;PIURA;200000;5;96;158;16,33;19,44;1,54;1,55;1,4;557;552;5;860;853;7;17
20260330;2024;02;TT;TODAS CONSOLIDADAS;01;1 ESTRELLA;PUNO;210000;34;553;967;29,14;21,85;1,12;1,12;1,12;5287;5085;202;5915;5689;226;83
20260330;2024;02;TT;TODAS CONSOLIDADAS;01;1 ESTRELLA;SAN MARTÍN;220000;7;146;233;32,88;28,82;1,28;1,28;1,4;1468;1463;5;1880;1873;7;33
20260330;2024;02;TT;TODAS CONSOLIDADAS;01;1 ESTRELLA;TACNA;230000;13;274;511;20,91;17,81;1,18;1,23;1,11;2156;1291;865;2548;1586;962;41
20260330;2024;02;TT;TODAS CONSOLIDADAS;01;1 ESTRELLA;TUMBES;240000;2;47;100;0;0;0;0;0;0;0;0;0;0;0;0
20260330;2024;02;TT;TODAS CONSOLIDADAS;02;2 ESTRELLAS;AMAZONAS;010000;90;1901;3063;23,04;19,64;1,17;1,16;1,89;14444;14242;202;16848;16467;381;316
20260330;2024;02;TT;TODAS CONSOLIDADAS;02;2 ESTRELLAS;ÁNCASH;020000;185;3693;6616;29,1;25,21;1,21;1,21;1,44;38434;38037;397;46697;46125;572;601
20260330;2024;02;TT;TODAS CONSOLIDADAS;02;2 ESTRELLAS;APURÍMAC;030000;14;422;693;27,95;21,51;1,12;1,13;1,07;3713;3626;87;4173;4080;93;51
20260330;2024;02;TT;TODAS CONSOLIDADAS;02;2 ESTRELLAS;AREQUIPA;040000;169;3198;5712;28,36;24,69;1,32;1,31;1,5;29920;28651;1269;39482;37578;1904;550
20260330;2024;02;TT;TODAS CONSOLIDADAS;02;2 ESTRELLAS;AYACUCHO;050000;14;433;754;20,41;24,52;2,01;2;2,32;2576;2497;79;5176;4993;183;67
20260330;2024;02;TT;TODAS CONSOLIDADAS;02;2 ESTRELLAS;CAJAMARCA;060000;195;4059;6443;24,14;18,93;1,24;1,24;1,33;27599;27370;229;34145;33841;304;631
20260330;2024;02;TT;TODAS CONSOLIDADAS;02;2 ESTRELLAS;CALLAO;070000;6;247;467;42,93;38,45;1,02;1,01;1,32;4918;4787;131;5028;4855;173;37
20260330;2024;02;TT;TODAS CONSOLIDADAS;02;2 ESTRELLAS;CUSCO;080000;92;1943;3575;20,12;17,95;1,66;1,48;2,08;10812;7582;3230;17964;11232;6732;483
20260330;2024;02;TT;TODAS CONSOLIDADAS;02;2 ESTRELLAS;HUANCAVELICA;090000;3;84;151;32,57;26,35;1,73;1,73;1,5;645;639;6;1114;1105;9;12
20260330;2024;02;TT;TODAS CONSOLIDADAS;02;2 ESTRELLAS;HUÁNUCO;100000;78;1948;3084;32,09;25,31;1,25;1,25;1,41;17481;17355;126;21859;21681;178;360
20260330;2024;02;TT;TODAS CONSOLIDADAS;02;2 ESTRELLAS;ICA;110000;139;2891;4939;25,75;20,55;1,09;1,09;1,15;26046;25521;525;28417;27815;602;451
20260330;2024;02;TT;TODAS CONSOLIDADAS;02;2 ESTRELLAS;JUNÍN;120000;52;1275;2324;23,1;19,01;1,25;1,25;1,64;9863;9773;90;12368;12220;148;212
20260330;2024;02;TT;TODAS CONSOLIDADAS;02;2 ESTRELLAS;LA LIBERTAD;130000;145;2632;4670;22,25;22,58;1,29;1,29;1,46;22851;22633;218;29531;29213;318;460
20260330;2024;02;TT;TODAS CONSOLIDADAS;02;2 ESTRELLAS;LAMBAYEQUE;140000;212;4106;6148;24;17,89;1,15;1,15;1,35;26723;26526;197;30804;30538;266;696
20260330;2024;02;TT;TODAS CONSOLIDADAS;02;2 ESTRELLAS;LIMA;150000;243;8019;14296;41,54;36,24;1,27;1,24;1,91;149665;142387;7279;190721;176804;13917;1698
20260330;2024;02;TT;TODAS CONSOLIDADAS;02;2 ESTRELLAS;LORETO;160000;17;349;578;23,22;21,2;1,76;1,65;2,37;1951;1650;301;3431;2718;713;76
20260330;2024;02;TT;TODAS CONSOLIDADAS;02;2 ESTRELLAS;MADRE DE DIOS;170000;12;323;539;34,43;26,32;1,26;1,26;1,33;3155;2996;159;3972;3761;211;59
20260330;2024;02;TT;TODAS CONSOLIDADAS;02;2 ESTRELLAS;MOQUEGUA;180000;87;1552;2582;29,47;23,29;1,73;1,71;1,93;9742;9086;656;16840;15577;1263;285
20260330;2024;02;TT;TODAS CONSOLIDADAS;02;2 ESTRELLAS;PASCO;190000;21;456;869;20,48;14,94;1,3;1,3;1,6;2787;2782;5;3635;3627;8;69
20260330;2024;02;TT;TODAS CONSOLIDADAS;02;2 ESTRELLAS;PIURA;200000;39;864;1459;33,45;26,55;1,77;1,78;1,51;6128;5891;237;10848;10489;359;163
20260330;2024;02;TT;TODAS CONSOLIDADAS;02;2 ESTRELLAS;PUNO;210000;84;1517;2789;25,32;19,31;1,37;1,37;1,33;11015;10039;976;15079;13783;1296;237
20260330;2024;02;TT;TODAS CONSOLIDADAS;02;2 ESTRELLAS;SAN MARTÍN;220000;50;1099;1845;32,99;31,58;1,66;1,66;1,98;9812;9581;231;16314;15857;457;238
20260330;2024;02;TT;TODAS CONSOLIDADAS;02;2 ESTRELLAS;TACNA;230000;55;1256;2980;45,52;24,35;1,65;1,63;1,65;12333;4286;8047;20316;7003;13313;245
20260330;2024;02;TT;TODAS CONSOLIDADAS;02;2 ESTRELLAS;TUMBES;240000;11;228;426;22,71;16,4;1,71;1,72;1,52;1145;1081;64;1956;1859;97;56
20260330;2024;02;TT;TODAS CONSOLIDADAS;02;2 ESTRELLAS;UCAYALI;250000;4;131;240;12,19;7,29;1,57;1,56;2;313;311;2;490;486;4;29
20260330;2024;02;TT;TODAS CONSOLIDADAS;03;3 ESTRELLAS;AMAZONAS;010000;27;540;962;25,69;21,93;1,36;1,33;1,93;4350;4158;192;5906;5535;371;139
20260330;2024;02;TT;TODAS CONSOLIDADAS;03;3 ESTRELLAS;ÁNCASH;020000;63;1712;3090;20,14;15,78;1,49;1,46;2,01;9176;8711;465;13654;12718;936;398
20260330;2024;02;TT;TODAS CONSOLIDADAS;03;3 ESTRELLAS;APURÍMAC;030000;7;223;371;39,72;28,82;1,46;1,48;1,33;2050;1828;222;2994;2699;295;64
20260330;2024;02;TT;TODAS CONSOLIDADAS;03;3 ESTRELLAS;AREQUIPA;040000;114;2766;5130;28,09;24,41;1,98;2;1,93;17683;13375;4308;35056;26744;8312;793
20260330;2024;02;TT;TODAS CONSOLIDADAS;03;3 ESTRELLAS;AYACUCHO;050000;12;348;663;25,47;23,28;2,21;2,19;2,34;1960;1719;241;4322;3757;565;119
20260330;2024;02;TT;TODAS CONSOLIDADAS;03;3 ESTRELLAS;CAJAMARCA;060000;126;3059;5201;25,73;19,86;1,45;1,44;1,59;19984;19650;334;28920;28388;532;627
20260330;2024;02;TT;TODAS CONSOLIDADAS;03;3 ESTRELLAS;CALLAO;070000;4;233;391;42,4;41,21;1,71;1,65;1,96;2645;2159;486;4512;3560;952;56
20260330;2024;02;TT;TODAS CONSOLIDADAS;03;3 ESTRELLAS;CUSCO;080000;104;3446;6726;25,5;20,97;1,72;1,62;1,77;22960;7916;15044;39485;12853;26632;1079
20260330;2024;02;TT;TODAS CONSOLIDADAS;03;3 ESTRELLAS;HUANCAVELICA;090000;2;65;108;12,36;8,63;1,44;1,44;1,4;181;171;10;261;247;14;10
20260330;2024;02;TT;TODAS CONSOLIDADAS;03;3 ESTRELLAS;HUÁNUCO;100000;19;689;1333;24,05;20,27;1,41;1,4;1,53;5376;5199;177;7565;7294;271;152
20260330;2024;02;TT;TODAS CONSOLIDADAS;03;3 ESTRELLAS;ICA;110000;109;2991;5742;39,76;29,99;1,44;1,46;1,35;33587;26882;6705;48209;39187;9022;670
20260330;2024;02;TT;TODAS CONSOLIDADAS;03;3 ESTRELLAS;JUNÍN;120000;23;831;1551;17,96;13,3;1,5;1,5;1,45;3863;3786;77;5778;5666;112;228
20260330;2024;02;TT;TODAS CONSOLIDADAS;03;3 ESTRELLAS;LA LIBERTAD;130000;123;3133;6085;34,74;27,41;1,47;1,43;2,14;31764;29972;1792;46704;42877;3827;710
20260330;2024;02;TT;TODAS CONSOLIDADAS;03;3 ESTRELLAS;LAMBAYEQUE;140000;58;1473;2404;32,96;27,23;1,43;1,41;1,88;12846;12413;433;18327;17512;815;313
20260330;2024;02;TT;TODAS CONSOLIDADAS;03;3 ESTRELLAS;LIMA;150000;189;8929;16965;43,69;38,31;1,64;1,41;2,29;111059;82030;29029;181972;115474;66498;1994
20260330;2024;02;TT;TODAS CONSOLIDADAS;03;3 ESTRELLAS;LORETO;160000;35;934;1601;36;31,96;2,39;2,34;2,58;6002;4770;1232;14325;11149;3176;279
20260330;2024;02;TT;TODAS CONSOLIDADAS;03;3 ESTRELLAS;MADRE DE DIOS;170000;6;213;383;31,94;28,38;1,59;1,72;1,28;1916;1335;581;3043;2301;742;62
20260330;2024;02;TT;TODAS CONSOLIDADAS;03;3 ESTRELLAS;MOQUEGUA;180000;19;477;828;41,74;30,22;1,71;1,7;1,76;4105;3832;273;7007;6527;480;101
20260330;2024;02;TT;TODAS CONSOLIDADAS;03;3 ESTRELLAS;PASCO;190000;8;170;298;15,13;14,9;2,95;2,96;2;422;416;6;1243;1231;12;27
20260330;2024;02;TT;TODAS CONSOLIDADAS;03;3 ESTRELLAS;PIURA;200000;21;704;1207;49,32;41,13;1,76;1,65;2,42;7909;6829;1080;13901;11284;2617;230
20260330;2024;02;TT;TODAS CONSOLIDADAS;03;3 ESTRELLAS;PUNO;210000;39;1094;2059;35,58;30,48;1,78;1,95;1,47;9876;6376;3500;17570;12439;5131;234
20260330;2024;02;TT;TODAS CONSOLIDADAS;03;3 ESTRELLAS;SAN MARTÍN;220000;29;928;1660;41,03;38;1,93;1,92;2,05;9160;8841;319;17664;17009;655;253
20260330;2024;02;TT;TODAS CONSOLIDADAS;03;3 ESTRELLAS;TACNA;230000;14;498;10066;59,42;6,27;3,22;3,13;3,26;5477;1561;3916;17659;4883;12776;144
20260330;2024;02;TT;TODAS CONSOLIDADAS;03;3 ESTRELLAS;TUMBES;240000;15;382;783;42,98;46,35;2,94;2,85;3,32;3451;2771;680;10162;7905;2257;152
20260330;2024;02;TT;TODAS CONSOLIDADAS;03;3 ESTRELLAS;UCAYALI;250000;16;570;926;31,1;26,62;1,86;1,89;1,5;3708;3454;254;6903;6521;382;129
20260330;2024;02;TT;TODAS CONSOLIDADAS;04;4 ESTRELLAS;APURÍMAC;030000;1;32;56;35,6;20,34;2,16;2,24;1,4;148;133;15;319;298;21;15
20260330;2024;02;TT;TODAS CONSOLIDADAS;04;4 ESTRELLAS;AREQUIPA;040000;12;577;1073;25,93;22,56;1,83;1,83;1,82;3713;2018;1695;6779;3686;3093;253
20260330;2024;02;TT;TODAS CONSOLIDADAS;04;4 ESTRELLAS;CAJAMARCA;060000;4;214;373;55,64;51,19;1,97;1,92;2,46;2716;2459;257;5346;4714;632;154
20260330;2024;02;TT;TODAS CONSOLIDADAS;04;4 ESTRELLAS;CALLAO;070000;2;371;599;98,19;85,49;1,29;1,37;1,27;11097;2596;8501;14339;3569;10770;130
20260330;2024;02;TT;TODAS CONSOLIDADAS;04;4 ESTRELLAS;CUSCO;080000;20;1521;2987;43,32;39,18;1,78;1,61;1,82;18356;2771;15585;32765;4465;28300;828
20260330;2024;02;TT;TODAS CONSOLIDADAS;04;4 ESTRELLAS;HUÁNUCO;100000;1;60;101;39,35;32,36;1,92;1,9;2,6;476;461;15;915;876;39;30
20260330;2024;02;TT;TODAS CONSOLIDADAS;04;4 ESTRELLAS;ICA;110000;8;814;1731;55,24;61,21;1,92;1,99;1,57;15422;12955;2467;29669;25798;3871;383
20260330;2024;02;TT;TODAS CONSOLIDADAS;04;4 ESTRELLAS;JUNÍN;120000;1;40;82;20,18;31,97;2,2;2,17;6,5;334;332;2;734;721;13;19
20260330;2024;02;TT;TODAS CONSOLIDADAS;04;4 ESTRELLAS;LA LIBERTAD;130000;4;318;544;54,45;54,58;2,08;2,01;2,48;3995;3406;589;8314;6855;1459;126
20260330;2024;02;TT;TODAS CONSOLIDADAS;04;4 ESTRELLAS;LAMBAYEQUE;140000;5;359;656;75,21;66,2;1,49;1,43;2,07;8140;7367;773;12159;10559;1600;269
20260330;2024;02;TT;TODAS CONSOLIDADAS;04;4 ESTRELLAS;LIMA;150000;51;4908;9053;50,95;49,52;2,14;1,8;2,64;58575;34746;23829;125524;62653;62871;2037
20260330;2024;02;TT;TODAS CONSOLIDADAS;04;4 ESTRELLAS;LORETO;160000;4;153;242;33,08;30,7;1,96;2,09;1,63;1063;755;308;2080;1579;501;64
20260330;2024;02;TT;TODAS CONSOLIDADAS;04;4 ESTRELLAS;MOQUEGUA;180000;2;123;234;77,67;97,45;7,13;7,8;2,27;895;787;108;6385;6140;245;55
20260330;2024;02;TT;TODAS CONSOLIDADAS;04;4 ESTRELLAS;PIURA;200000;4;393;744;39,65;31,99;1,84;1,76;2,21;3627;3012;615;6664;5302;1362;137
20260330;2024;02;TT;TODAS CONSOLIDADAS;04;4 ESTRELLAS;PUNO;210000;8;508;963;32,99;31,38;1,9;2,23;1,64;4448;2004;2444;8460;4464;3996;170
20260330;2024;02;TT;TODAS CONSOLIDADAS;04;4 ESTRELLAS;SAN MARTÍN;220000;2;78;129;36,95;44,49;1,95;1,97;1,71;823;765;58;1607;1508;99;38
20260330;2024;02;TT;TODAS CONSOLIDADAS;04;4 ESTRELLAS;TACNA;230000;1;150;300;70,48;73,29;1,91;1,93;1,91;3219;902;2317;6156;1738;4418;32
20260330;2024;02;TT;TODAS CONSOLIDADAS;04;4 ESTRELLAS;TUMBES;240000;6;667;1634;72,92;74,36;2,55;2,54;2,63;13331;11341;1990;34020;28793;5227;640
20260330;2024;02;TT;TODAS CONSOLIDADAS;04;4 ESTRELLAS;UCAYALI;250000;5;288;513;35,48;29,32;2,17;2,1;2,51;1944;1630;314;4211;3423;788;121
20260330;2024;02;TT;TODAS CONSOLIDADAS;05;5 ESTRELLAS;AREQUIPA;040000;3;241;341;37,73;39,73;2,04;1,82;2,36;1859;1088;771;3793;1976;1817;181
20260330;2024;02;TT;TODAS CONSOLIDADAS;05;5 ESTRELLAS;CUSCO;080000;15;1283;2519;33,78;29,1;1,68;1,94;1,64;12249;1494;10755;20526;2901;17625;1110
20260330;2024;02;TT;TODAS CONSOLIDADAS;05;5 ESTRELLAS;ICA;110000;5;554;1333;67,72;68,81;1,87;1,86;1,91;13707;11111;2596;25681;20713;4968;638
20260330;2024;02;TT;TODAS CONSOLIDADAS;05;5 ESTRELLAS;LA LIBERTAD;130000;2;267;450;49,93;55,1;1,77;1,69;2,35;3929;3474;455;6942;5873;1069;185
20260330;2024;02;TT;TODAS CONSOLIDADAS;05;5 ESTRELLAS;LIMA;150000;30;4941;8700;48,16;39,57;2,3;1,59;2,66;41984;14310;27674;96384;22817;73567;3564
20260330;2024;02;TT;TODAS CONSOLIDADAS;05;5 ESTRELLAS;LORETO;160000;1;60;89;67,86;75,44;2,04;2,07;2,01;922;439;483;1880;910;970;54
20260330;2024;02;TT;TODAS CONSOLIDADAS;05;5 ESTRELLAS;PIURA;200000;1;83;166;65,79;54,67;1,79;1,61;2,51;1419;1133;286;2541;1822;719;82
20260330;2024;02;TT;TODAS CONSOLIDADAS;05;5 ESTRELLAS;PUNO;210000;1;123;231;62,43;71,43;1,89;2,16;1,74;2446;852;1594;4620;1839;2781;29
20260330;2024;02;TT;TODAS CONSOLIDADAS;05;5 ESTRELLAS;SAN MARTÍN;220000;1;50;108;41,36;56,32;1,96;1,97;1,67;867;843;24;1703;1663;40;63
20260330;2024;02;TT;TODAS CONSOLIDADAS;05;5 ESTRELLAS;UCAYALI;250000;2;162;300;44,93;37,43;2,14;2,14;2,15;1467;1247;220;3144;2671;473;72
20260330;2024;02;TT;TODAS CONSOLIDADAS;12;ALBERGUE;AMAZONAS;010000;1;6;11;0;0;0;0;0;0;0;0;0;0;0;0
20260330;2024;02;TT;TODAS CONSOLIDADAS;12;ALBERGUE;ÁNCASH;020000;7;68;149;12,55;7,55;2,05;1,59;2,41;154;69;85;315;110;205;16
20260330;2024;02;TT;TODAS CONSOLIDADAS;12;ALBERGUE;AREQUIPA;040000;9;165;369;19,63;18,22;1,46;1,47;1,46;1286;678;608;1883;995;888;92
20260330;2024;02;TT;TODAS CONSOLIDADAS;12;ALBERGUE;AYACUCHO;050000;1;10;20;0;0;0;0;0;0;0;0;0;0;0;0
20260330;2024;02;TT;TODAS CONSOLIDADAS;12;ALBERGUE;CAJAMARCA;060000;1;11;22;0;0;0;0;0;0;0;0;0;0;0;0
20260330;2024;02;TT;TODAS CONSOLIDADAS;12;ALBERGUE;CUSCO;080000;10;317;521;10,6;14,14;1,72;1,73;1,71;1202;83;1119;2063;144;1919;104
20260330;2024;02;TT;TODAS CONSOLIDADAS;12;ALBERGUE;HUÁNUCO;100000;5;59;75;0;0;0;0;0;0;0;0;0;0;0;0
20260330;2024;02;TT;TODAS CONSOLIDADAS;12;ALBERGUE;ICA;110000;5;47;177;36,7;45,36;1,91;2,02;1,77;1179;651;528;2248;1314;934;16
20260330;2024;02;TT;TODAS CONSOLIDADAS;12;ALBERGUE;JUNÍN;120000;1;32;104;21,99;16,79;1,71;1,69;1,83;286;250;36;489;423;66;20
20260330;2024;02;TT;TODAS CONSOLIDADAS;12;ALBERGUE;LA LIBERTAD;130000;1;15;27;73,1;51,85;1,62;1,63;1,55;242;220;22;392;358;34;4
20260330;2024;02;TT;TODAS CONSOLIDADAS;12;ALBERGUE;LIMA;150000;8;128;417;35,02;44,6;2,47;2,45;3,32;2107;2066;41;5208;5072;136;33
20260330;2024;02;TT;TODAS CONSOLIDADAS;12;ALBERGUE;LORETO;160000;60;835;1739;17,69;16,25;1,93;1,97;1,92;4098;808;3290;7914;1592;6322;292
20260330;2024;02;TT;TODAS CONSOLIDADAS;12;ALBERGUE;MADRE DE DIOS;170000;13;257;519;13,74;14,04;2,41;1,71;2,5;847;101;746;2041;173;1868;154
20260330;2024;02;TT;TODAS CONSOLIDADAS;12;ALBERGUE;PASCO;190000;14;207;569;11,75;9,25;1,14;1,14;0;1294;1294;0;1474;1474;0;53
20260330;2024;02;TT;TODAS CONSOLIDADAS;12;ALBERGUE;PUNO;210000;1;13;35;0;0;0;0;0;0;0;0;0;0;0;0
20260330;2024;02;TT;TODAS CONSOLIDADAS;12;ALBERGUE;SAN MARTÍN;220000;11;159;352;34,16;33,44;2,44;2,43;2,5;1352;1220;132;3296;2966;330;53
20260330;2024;02;TT;TODAS CONSOLIDADAS;12;ALBERGUE;UCAYALI;250000;3;34;88;27;20,37;2,7;2,32;3,72;186;136;50;502;316;186;21
20260330;2024;02;TT;TODAS CONSOLIDADAS;13;ECOLODGE;AREQUIPA;040000;1;23;51;23,91;21,5;3,34;2,62;4,09;92;47;45;307;123;184;7
20260330;2024;02;TT;TODAS CONSOLIDADAS;13;ECOLODGE;SAN MARTÍN;220000;1;12;24;0;0;0;0;0;0;0;0;0;0;0;0
20260330;2024;02;TT;TODAS CONSOLIDADAS;TT;TODAS CONSOLIDADAS;AMAZONAS;010000;435;5536;8851;15,26;12,61;1,27;1,26;1,43;29584;28743;841;36357;35009;1348;1011
20260330;2024;02;TT;TODAS CONSOLIDADAS;TT;TODAS CONSOLIDADAS;ÁNCASH;020000;1031;12765;22093;21,72;17,53;1,24;1,23;1,35;94364;91440;2924;116755;112606;4149;2320
20260330;2024;02;TT;TODAS CONSOLIDADAS;TT;TODAS CONSOLIDADAS;APURÍMAC;030000;536;5326;8394;20,56;15,12;1,14;1,14;1,23;33254;32813;441;38226;37673;553;591
20260330;2024;02;TT;TODAS CONSOLIDADAS;TT;TODAS CONSOLIDADAS;AREQUIPA;040000;1634;18835;32648;21,36;17,72;1,55;1,51;1,71;116609;96430;20179;179527;143491;36036;3334
20260330;2024;02;TT;TODAS CONSOLIDADAS;TT;TODAS CONSOLIDADAS;AYACUCHO;050000;662;6913;11374;18,22;15,17;1,27;1,26;1,53;37669;36987;682;50520;49237;1283;938
20260330;2024;02;TT;TODAS CONSOLIDADAS;TT;TODAS CONSOLIDADAS;CAJAMARCA;060000;1088;14313;23206;19,62;15,66;1,4;1,39;1,72;81543;80450;1093;112493;110506;1987;2183
20260330;2024;02;TT;TODAS CONSOLIDADAS;TT;TODAS CONSOLIDADAS;CALLAO;070000;292;4780;8792;42,95;40,69;1,03;1,03;1,2;157760;146639;11121;165610;151363;14247;1397
20260330;2024;02;TT;TODAS CONSOLIDADAS;TT;TODAS CONSOLIDADAS;CUSCO;080000;2259;28081;51187;22,24;17,87;1,66;1,32;2,06;169477;77072;92405;283302;104551;178751;7320
20260330;2024;02;TT;TODAS CONSOLIDADAS;TT;TODAS CONSOLIDADAS;HUANCAVELICA;090000;246;2759;4261;16,54;13,14;1,1;1,1;1,54;14196;14144;52;15936;15857;79;322
20260330;2024;02;TT;TODAS CONSOLIDADAS;TT;TODAS CONSOLIDADAS;HUÁNUCO;100000;642;8698;13511;21,75;17,8;1,21;1,21;1,22;58995;58574;421;74258;73639;619;1307
20260330;2024;02;TT;TODAS CONSOLIDADAS;TT;TODAS CONSOLIDADAS;ICA;110000;1083;15621;27874;25,57;19,64;1,24;1,23;1,3;145211;124603;20608;201718;172038;29680;3655
20260330;2024;02;TT;TODAS CONSOLIDADAS;TT;TODAS CONSOLIDADAS;JUNÍN;120000;1607;17891;29708;19,21;15,12;1,18;1,18;2;106295;105790;505;127274;126323;951;3293
20260330;2024;02;TT;TODAS CONSOLIDADAS;TT;TODAS CONSOLIDADAS;LA LIBERTAD;130000;1301;14242;24991;20,01;18,62;1,27;1,12;2,6;113195;105419;7776;155015;134622;20393;2258
20260330;2024;02;TT;TODAS CONSOLIDADAS;TT;TODAS CONSOLIDADAS;LAMBAYEQUE;140000;748;10746;16193;20,23;16,05;1,12;1,11;1,2;72317;70602;1715;87295;84289;3006;1898
20260330;2024;02;TT;TODAS CONSOLIDADAS;TT;TODAS CONSOLIDADAS;LIMA;150000;7749;84753;149415;27,3;26,33;1,3;1,29;1,32;3053773;2879383;174390;4055996;3730575;325420;48595
20260330;2024;02;TT;TODAS CONSOLIDADAS;TT;TODAS CONSOLIDADAS;LORETO;160000;929;9350;15228;12,36;11,34;1,54;1,52;1,58;34542;22322;12220;59688;38146;21542;1494
20260330;2024;02;TT;TODAS CONSOLIDADAS;TT;TODAS CONSOLIDADAS;MADRE DE DIOS;170000;379;5736;9537;20,14;16,97;1,19;1,15;1,45;39184;35734;3450;46781;41179;5602;928
20260330;2024;02;TT;TODAS CONSOLIDADAS;TT;TODAS CONSOLIDADAS;MOQUEGUA;180000;298;4209;7159;23,21;18,04;1,4;1,4;1,37;26346;25178;1168;43686;41550;2136;730
20260330;2024;02;TT;TODAS CONSOLIDADAS;TT;TODAS CONSOLIDADAS;PASCO;190000;458;5519;9090;19,58;15,67;1,21;1,21;1,3;33075;33059;16;39617;39590;27;981
20260330;2024;02;TT;TODAS CONSOLIDADAS;TT;TODAS CONSOLIDADAS;PIURA;200000;1234;12777;22903;40,51;32,7;1,63;1,59;2,01;127992;115749;12243;210857;185566;25291;2741
20260330;2024;02;TT;TODAS CONSOLIDADAS;TT;TODAS CONSOLIDADAS;PUNO;210000;1009;11297;19650;26,85;22,97;1,25;1,26;1,19;99976;87884;12092;132534;115169;17365;2102
20260330;2024;02;TT;TODAS CONSOLIDADAS;TT;TODAS CONSOLIDADAS;SAN MARTÍN;220000;980;11739;18899;26,27;21,05;1,41;1,4;1,73;81953;80177;1776;122338;119042;3296;2306
20260330;2024;02;TT;TODAS CONSOLIDADAS;TT;TODAS CONSOLIDADAS;TACNA;230000;515;6369;21336;26,42;21,62;1,41;1,34;1,46;57601;23194;34407;92250;34015;58235;968
20260330;2024;02;TT;TODAS CONSOLIDADAS;TT;TODAS CONSOLIDADAS;TUMBES;240000;283;3740;7520;18,9;18,6;1,67;1,63;2,07;30738;26832;3906;66421;56475;9946;1195
20260330;2024;02;TT;TODAS CONSOLIDADAS;TT;TODAS CONSOLIDADAS;UCAYALI;250000;579;6626;10455;23,98;22,69;2,93;2,96;1,88;25389;24145;1245;68305;65713;2591;1354
20260330;2024;03;01;HOTEL;01;1 ESTRELLA;LAMBAYEQUE;140000;3;83;90;1,83;1,47;1;1;0;41;41;0;41;41;0;14
20260330;2024;03;00;NO CLASIFICADO;00;NO CATEGORIZADO;AMAZONAS;010000;299;2837;4479;12,6;10,49;1,26;1,26;1,4;11522;11183;339;14569;14093;476;517
20260330;2024;03;00;NO CLASIFICADO;TT;TODAS CONSOLIDADAS;AMAZONAS;010000;299;2837;4479;12,6;10,49;1,26;1,26;1,4;11522;11183;339;14569;14093;476;517
20260330;2024;03;01;HOTEL;01;1 ESTRELLA;AMAZONAS;010000;1;20;24;0;0;0;0;0;0;0;0;0;0;0;0
20260330;2024;03;00;NO CLASIFICADO;00;NO CATEGORIZADO;ÁNCASH;020000;733;6424;10912;17,86;14,26;1,25;1,25;1,48;38459;37169;1290;48250;46344;1906;1175
20260330;2024;03;00;NO CLASIFICADO;TT;TODAS CONSOLIDADAS;ÁNCASH;020000;733;6424;10912;17,86;14,26;1,25;1,25;1,48;38459;37169;1290;48250;46344;1906;1175
20260330;2024;03;01;HOTEL;01;1 ESTRELLA;ÁNCASH;020000;13;380;585;15,1;12,87;1,22;1,22;0;1920;1920;0;2334;2334;0;50
20260330;2024;03;00;NO CLASIFICADO;00;NO CATEGORIZADO;APURÍMAC;030000;507;4496;7038;18,26;13,02;1,15;1,15;1,1;24784;24665;119;28415;28284;131;427
20260330;2024;03;00;NO CLASIFICADO;TT;TODAS CONSOLIDADAS;APURÍMAC;030000;507;4496;7038;18,26;13,02;1,15;1,15;1,1;24784;24665;119;28415;28284;131;427
20260330;2024;03;01;HOTEL;01;1 ESTRELLA;APURÍMAC;030000;2;67;99;43,62;39,56;1,05;1,05;0;1151;1151;0;1214;1214;0;9
20260330;2024;03;00;NO CLASIFICADO;00;NO CATEGORIZADO;AREQUIPA;040000;1276;10948;18573;17,54;14,5;1,45;1,38;1,64;57776;42860;14916;83495;59060;24435;1301
20260330;2024;03;00;NO CLASIFICADO;TT;TODAS CONSOLIDADAS;AREQUIPA;040000;1276;10948;18573;17,54;14,5;1,45;1,38;1,64;57776;42860;14916;83495;59060;24435;1301
20260330;2024;03;01;HOTEL;01;1 ESTRELLA;AREQUIPA;040000;6;208;347;26,94;24,12;1,12;1,12;1,42;2320;2308;12;2595;2578;17;35
20260330;2024;03;00;NO CLASIFICADO;00;NO CATEGORIZADO;AYACUCHO;050000;613;5753;9324;17,74;14,37;1,17;1,17;1,13;35509;35084;425;41550;41068;482;692
20260330;2024;03;00;NO CLASIFICADO;TT;TODAS CONSOLIDADAS;AYACUCHO;050000;613;5753;9324;17,74;14,37;1,17;1,17;1,13;35509;35084;425;41550;41068;482;692
20260330;2024;03;01;HOTEL;01;1 ESTRELLA;AYACUCHO;050000;8;200;353;19,08;14,5;1,92;1,92;1,38;828;820;8;1587;1576;11;35
20260330;2024;03;00;NO CLASIFICADO;00;NO CATEGORIZADO;CAJAMARCA;060000;739;6508;10392;17,06;14,2;1,6;1,59;3,8;28592;28467;125;45748;45273;475;729
20260330;2024;03;00;NO CLASIFICADO;TT;TODAS CONSOLIDADAS;CAJAMARCA;060000;739;6508;10392;17,06;14,2;1,6;1,59;3,8;28592;28467;125;45748;45273;475;729
20260330;2024;03;01;HOTEL;01;1 ESTRELLA;CAJAMARCA;060000;5;132;235;12,07;9,73;1,26;1,26;0;563;563;0;709;709;0;22
20260330;2024;03;00;NO CLASIFICADO;00;NO CATEGORIZADO;CALLAO;070000;273;3788;7070;38,55;36,69;1,01;1,01;1,19;139031;137331;1700;140142;138119;2023;1135
20260330;2024;03;00;NO CLASIFICADO;00;NO CATEGORIZADO;CUSCO;080000;2006;19202;34301;23,8;22,17;1,71;1,36;1,94;138062;54824;83238;235757;74607;161150;3692
20260330;2024;03;01;HOTEL;01;1 ESTRELLA;CUSCO;080000;4;118;193;9,54;11,05;1,21;1,21;0;545;545;0;661;661;0;19
20260330;2024;03;00;NO CLASIFICADO;00;NO CATEGORIZADO;HUANCAVELICA;090000;239;2546;3911;17,49;13,79;1,08;1,08;1,36;15471;15396;75;16725;16623;102;300
20260330;2024;03;00;NO CLASIFICADO;TT;TODAS CONSOLIDADAS;HUANCAVELICA;090000;239;2546;3911;17,49;13,79;1,08;1,08;1,36;15471;15396;75;16725;16623;102;300
20260330;2024;03;00;NO CLASIFICADO;00;NO CATEGORIZADO;HUÁNUCO;100000;503;5340;8006;15,13;12,54;1,12;1,12;1,33;27862;27780;82;31114;31005;109;654
20260330;2024;03;00;NO CLASIFICADO;TT;TODAS CONSOLIDADAS;HUÁNUCO;100000;503;5340;8006;15,13;12,54;1,12;1,12;1,33;27862;27780;82;31114;31005;109;654
20260330;2024;03;01;HOTEL;01;1 ESTRELLA;HUÁNUCO;100000;8;241;369;29,17;22,92;1,08;1,08;0;2430;2430;0;2622;2622;0;36
20260330;2024;03;00;NO CLASIFICADO;00;NO CATEGORIZADO;ICA;110000;794;8023;13519;23,54;17,14;1,24;1,24;1,25;57810;48162;9648;71843;59823;12020;1445
20260330;2024;03;00;NO CLASIFICADO;TT;TODAS CONSOLIDADAS;ICA;110000;794;8023;13519;23,54;17,14;1,24;1,24;1,25;57810;48162;9648;71843;59823;12020;1445
20260330;2024;03;01;HOTEL;01;1 ESTRELLA;ICA;110000;6;126;208;23,22;15,07;1;1;1;972;956;16;972;956;16;19
20260330;2024;03;00;NO CLASIFICADO;00;NO CATEGORIZADO;JUNÍN;120000;1516;15266;24838;19,02;15,14;1,16;1,15;2,06;100925;100674;251;116586;116070;516;2767
20260330;2024;03;00;NO CLASIFICADO;TT;TODAS CONSOLIDADAS;JUNÍN;120000;1516;15266;24838;19,02;15,14;1,16;1,15;2,06;100925;100674;251;116586;116070;516;2767
20260330;2024;03;01;HOTEL;01;1 ESTRELLA;JUNÍN;120000;6;246;511;17,44;12,26;1,38;1,38;0;1405;1405;0;1942;1942;0;26
20260330;2024;03;00;NO CLASIFICADO;00;NO CATEGORIZADO;LA LIBERTAD;130000;999;7400;12388;7,28;6,32;1,42;1,23;2,16;17118;13711;3407;24276;16915;7361;539
20260330;2024;03;00;NO CLASIFICADO;TT;TODAS CONSOLIDADAS;LA LIBERTAD;130000;999;7400;12388;7,28;6,32;1,42;1,23;2,16;17118;13711;3407;24276;16915;7361;539
20260330;2024;03;01;HOTEL;01;1 ESTRELLA;LA LIBERTAD;130000;5;116;201;32,26;22,26;1;1;0;1387;1387;0;1387;1387;0;20
20260330;2024;03;00;NO CLASIFICADO;00;NO CATEGORIZADO;LAMBAYEQUE;140000;455;4522;6605;16,04;12,47;1,05;1,05;1,04;24270;23857;413;25542;25111;431;563
20260330;2024;03;00;NO CLASIFICADO;TT;TODAS CONSOLIDADAS;LAMBAYEQUE;140000;455;4522;6605;16,04;12,47;1,05;1,05;1,04;24270;23857;413;25542;25111;431;563
20260330;2024;03;00;NO CLASIFICADO;00;NO CATEGORIZADO;LIMA;150000;7139;55775;96358;22,94;21,17;1,16;1,15;1,31;2722953;2643906;79047;3148357;3044496;103861;39149
20260330;2024;03;00;NO CLASIFICADO;TT;TODAS CONSOLIDADAS;LIMA;150000;7139;55775;96358;22,94;21,17;1,16;1,15;1,31;2722953;2643906;79047;3148357;3044496;103861;39149
20260330;2024;03;00;NO CLASIFICADO;00;NO CATEGORIZADO;LORETO;160000;802;6873;10747;11,92;10,44;1,61;1,64;1,55;21575;14571;7004;34767;23902;10865;700
20260330;2024;03;00;NO CLASIFICADO;TT;TODAS CONSOLIDADAS;LORETO;160000;802;6873;10747;11,92;10,44;1,61;1,64;1,55;21575;14571;7004;34767;23902;10865;700
20260330;2024;03;00;NO CLASIFICADO;00;NO CATEGORIZADO;MADRE DE DIOS;170000;343;4745;7747;21,16;17,57;1,17;1,13;1,54;36063;32927;3136;42186;37341;4845;809
20260330;2024;03;00;NO CLASIFICADO;TT;TODAS CONSOLIDADAS;MADRE DE DIOS;170000;343;4745;7747;21,16;17,57;1,17;1,13;1,54;36063;32927;3136;42186;37341;4845;809
20260330;2024;03;00;NO CLASIFICADO;00;NO CATEGORIZADO;MOQUEGUA;180000;169;1734;2975;17;13,09;1,22;1,22;1,06;9909;9830;79;12071;11987;84;233
20260330;2024;03;00;NO CLASIFICADO;TT;TODAS CONSOLIDADAS;MOQUEGUA;180000;169;1734;2975;17;13,09;1,22;1,22;1,06;9909;9830;79;12071;11987;84;233
20260330;2024;03;00;NO CLASIFICADO;00;NO CATEGORIZADO;PASCO;190000;391;4212;6681;18,81;14,87;1,19;1,19;1,18;25872;25834;38;30800;30755;45;763
20260330;2024;03;00;NO CLASIFICADO;TT;TODAS CONSOLIDADAS;PASCO;190000;391;4212;6681;18,81;14,87;1,19;1,19;1,18;25872;25834;38;30800;30755;45;763
20260330;2024;03;00;NO CLASIFICADO;00;NO CATEGORIZADO;PIURA;200000;1163;10664;19240;31,3;25,89;1,53;1,48;1,82;101129;87250;13879;154418;129153;25265;2120
20260330;2024;03;00;NO CLASIFICADO;TT;TODAS CONSOLIDADAS;PIURA;200000;1163;10664;19240;31,3;25,89;1,53;1,48;1,82;101129;87250;13879;154418;129153;25265;2120
20260330;2024;03;00;NO CLASIFICADO;00;NO CATEGORIZADO;PUNO;210000;844;7502;12622;20,32;17,11;1,21;1,21;1,2;55554;52862;2692;66952;63730;3222;1344
20260330;2024;03;00;NO CLASIFICADO;TT;TODAS CONSOLIDADAS;PUNO;210000;844;7502;12622;20,32;17,11;1,21;1,21;1,2;55554;52862;2692;66952;63730;3222;1344
20260330;2024;03;00;NO CLASIFICADO;00;NO CATEGORIZADO;SAN MARTÍN;220000;881;9278;14549;22,9;17,07;1,36;1,35;1,58;56672;55697;975;77002;75459;1543;1624
20260330;2024;03;00;NO CLASIFICADO;00;NO CATEGORIZADO;TACNA;230000;431;4075;7309;15,89;12,52;1,5;1,45;1,64;18906;13927;4979;28369;20180;8189;477
20260330;2024;03;00;NO CLASIFICADO;00;NO CATEGORIZADO;TUMBES;240000;249;2420;4609;13,89;13,17;1,6;1,61;1,53;11740;10976;764;18817;17646;1171;345
20260330;2024;03;00;NO CLASIFICADO;TT;TODAS CONSOLIDADAS;TUMBES;240000;249;2420;4609;13,89;13,17;1,6;1,61;1,53;11740;10976;764;18817;17646;1171;345
20260330;2024;03;00;NO CLASIFICADO;00;NO CATEGORIZADO;UCAYALI;250000;548;5433;8378;22,42;20,18;3,05;3,05;3,12;17188;16723;466;52410;50954;1456;981
20260330;2024;03;00;NO CLASIFICADO;TT;TODAS CONSOLIDADAS;CALLAO;070000;273;3788;7070;38,55;36,69;1,01;1,01;1,19;139031;137331;1700;140142;138119;2023;1135
20260330;2024;03;00;NO CLASIFICADO;TT;TODAS CONSOLIDADAS;CUSCO;080000;2006;19202;34301;23,8;22,17;1,71;1,36;1,94;138062;54824;83238;235757;74607;161150;3692
20260330;2024;03;00;NO CLASIFICADO;TT;TODAS CONSOLIDADAS;SAN MARTÍN;220000;881;9278;14549;22,9;17,07;1,36;1,35;1,58;56672;55697;975;77002;75459;1543;1624
20260330;2024;03;00;NO CLASIFICADO;TT;TODAS CONSOLIDADAS;TACNA;230000;431;4075;7309;15,89;12,52;1,5;1,45;1,64;18906;13927;4979;28369;20180;8189;477
20260330;2024;03;00;NO CLASIFICADO;TT;TODAS CONSOLIDADAS;UCAYALI;250000;548;5433;8378;22,42;20,18;3,05;3,05;3,12;17188;16723;466;52410;50954;1456;981
20260330;2024;03;01;HOTEL;01;1 ESTRELLA;LIMA;150000;12;428;752;35,81;34,39;1,11;1,11;1;7026;6984;42;7803;7761;42;63
20260330;2024;03;01;HOTEL;01;1 ESTRELLA;MADRE DE DIOS;170000;5;145;258;24,36;20,31;1;1;1;1624;1574;50;1624;1574;50;25
20260330;2024;03;01;HOTEL;01;1 ESTRELLA;MOQUEGUA;180000;2;61;87;17,5;12,79;1,09;1,09;3;316;315;1;345;342;3;8
20260330;2024;03;01;HOTEL;01;1 ESTRELLA;PASCO;190000;6;176;274;17,06;12,91;1,07;1,07;0;1022;1022;0;1097;1097;0;29
20260330;2024;03;01;HOTEL;01;1 ESTRELLA;PIURA;200000;2;40;77;5;21,7;1,35;1,35;0;385;385;0;518;518;0;6
20260330;2024;03;01;HOTEL;01;1 ESTRELLA;PUNO;210000;4;102;181;33,52;24,7;1,55;1,56;1,11;892;883;9;1386;1376;10;15
20260330;2024;03;01;HOTEL;01;1 ESTRELLA;SAN MARTÍN;220000;6;126;199;22,4;21,22;1,38;1,38;1,88;947;939;8;1309;1294;15;25
20260330;2024;03;01;HOTEL;01;1 ESTRELLA;TACNA;230000;3;99;205;3,23;2,61;1,84;1,87;1;90;87;3;166;163;3;12
20260330;2024;03;01;HOTEL;01;1 ESTRELLA;TUMBES;240000;2;47;100;0;0;0;0;0;0;0;0;0;0;0;0
20260330;2024;03;01;HOTEL;02;2 ESTRELLAS;AMAZONAS;010000;37;994;1622;20,17;16,79;1,21;1,2;1,89;6992;6945;47;8443;8354;89;162
20260330;2024;03;01;HOTEL;02;2 ESTRELLAS;ÁNCASH;020000;59;1607;2937;19,96;15,55;1,49;1,48;1,6;9502;9051;451;14157;13435;722;250
20260330;2024;03;01;HOTEL;02;2 ESTRELLAS;APURÍMAC;030000;7;277;473;23,07;17,29;1,12;1,12;1,11;2264;2255;9;2535;2525;10;27
20260330;2024;03;01;HOTEL;02;2 ESTRELLAS;AREQUIPA;040000;42;1172;2067;20,02;17,38;1,56;1,57;1,39;7132;6783;349;11138;10653;485;189
20260330;2024;03;01;HOTEL;02;2 ESTRELLAS;AYACUCHO;050000;8;340;591;14,72;17,05;1,96;1,98;1,57;1595;1502;93;3124;2978;146;51
20260330;2024;03;01;HOTEL;02;2 ESTRELLAS;CAJAMARCA;060000;63;1696;2658;21,02;15,42;1,22;1,22;1,24;10429;10359;70;12704;12617;87;250
20260330;2024;03;01;HOTEL;02;2 ESTRELLAS;CALLAO;070000;1;40;67;16,85;17,57;1,25;1,37;1,18;292;112;180;365;153;212;6
20260330;2024;03;01;HOTEL;02;2 ESTRELLAS;CUSCO;080000;48;1207;2262;20,21;20,62;1,73;1,63;1,77;8368;2423;5945;14461;3958;10503;358
20260330;2024;03;01;HOTEL;02;2 ESTRELLAS;HUANCAVELICA;090000;2;40;69;38,39;37,21;1,73;1,73;1,7;459;449;10;796;779;17;9
20260330;2024;03;01;HOTEL;02;2 ESTRELLAS;HUÁNUCO;100000;54;1645;2604;27,9;22,4;1,31;1,31;1,33;13779;13731;48;18085;18021;64;268
20260330;2024;03;01;HOTEL;02;2 ESTRELLAS;ICA;110000;56;1611;2879;18,61;14,35;1,08;1,08;1,07;11869;11534;335;12808;12449;359;246
20260330;2024;03;01;HOTEL;02;2 ESTRELLAS;JUNÍN;120000;29;891;1583;20,57;15,41;1,42;1,42;1,5;5341;5293;48;7564;7492;72;139
20260330;2024;03;01;HOTEL;02;2 ESTRELLAS;LA LIBERTAD;130000;21;525;902;27,93;27,4;1,17;1,14;1,62;6545;6156;389;7662;7033;629;97
20260330;2024;03;01;HOTEL;02;2 ESTRELLAS;LAMBAYEQUE;140000;71;1982;3058;17,26;14,1;1,19;1,18;1,86;11250;11132;118;13371;13152;219;296
20260330;2024;03;01;HOTEL;02;2 ESTRELLAS;LIMA;150000;123;5081;8933;40,19;35,06;1,21;1,2;1,51;93200;90157;3043;113051;108466;4585;934
20260330;2024;03;01;HOTEL;02;2 ESTRELLAS;LORETO;160000;9;205;350;13,25;10,43;1,4;1,38;1,56;810;747;63;1132;1034;98;45
20260330;2024;03;01;HOTEL;02;2 ESTRELLAS;MADRE DE DIOS;170000;7;193;343;32,38;23,31;1,27;1,22;2,06;1951;1826;125;2479;2221;258;36
20260330;2024;03;01;HOTEL;02;2 ESTRELLAS;MOQUEGUA;180000;24;596;1000;24,21;18,92;1,68;1,64;2,05;3495;3200;295;5866;5262;604;117
20260330;2024;03;01;HOTEL;02;2 ESTRELLAS;PASCO;190000;6;191;358;18,48;14,53;1,48;1,48;1;1087;1086;1;1612;1611;1;31
20260330;2024;03;01;HOTEL;02;2 ESTRELLAS;PIURA;200000;16;389;650;23,76;20,24;2,03;2,03;2,06;2008;1924;84;4078;3905;173;76
20260330;2024;03;01;HOTEL;02;2 ESTRELLAS;PUNO;210000;29;675;1197;14,7;10,98;1,28;1,23;1,77;3194;2911;283;4074;3573;501;89
20260330;2024;03;01;HOTEL;02;2 ESTRELLAS;SAN MARTÍN;220000;28;783;1345;27,34;24,03;1,63;1,62;2,17;6134;6008;126;10019;9745;274;163
20260330;2024;03;01;HOTEL;02;2 ESTRELLAS;TACNA;230000;29;817;2101;28,52;12,32;1,72;1,72;1,72;4667;2575;2092;8027;4429;3598;161
20260330;2024;03;01;HOTEL;02;2 ESTRELLAS;TUMBES;240000;6;162;295;19,06;18,72;1,42;1,41;1,62;1206;1133;73;1712;1594;118;38
20260330;2024;03;01;HOTEL;02;2 ESTRELLAS;UCAYALI;250000;2;63;116;8,35;5,14;2,28;2,27;3;81;79;2;185;179;6;13
20260330;2024;03;01;HOTEL;03;3 ESTRELLAS;AMAZONAS;010000;17;393;691;26,73;20,89;1,4;1,38;1,71;3199;3043;156;4474;4207;267;108
20260330;2024;03;01;HOTEL;03;3 ESTRELLAS;ÁNCASH;020000;41;1392;2468;21,84;17,5;1,58;1,52;2,53;8455;7912;543;13389;12015;1374;328
20260330;2024;03;01;HOTEL;03;3 ESTRELLAS;APURÍMAC;030000;5;178;298;36,15;27,99;1,43;1,43;1,39;1813;1662;151;2586;2376;210;50
20260330;2024;03;01;HOTEL;03;3 ESTRELLAS;AREQUIPA;040000;69;2068;3854;28,43;23,29;1,85;1,99;1,61;15035;9439;5596;27828;18802;9026;606
20260330;2024;03;01;HOTEL;03;3 ESTRELLAS;AYACUCHO;050000;8;269;515;21,19;18,94;2,22;2,15;2,62;1365;1182;183;3024;2544;480;81
20260330;2024;03;01;HOTEL;03;3 ESTRELLAS;CAJAMARCA;060000;70;2177;3712;17,3;12,1;1,47;1,46;1,74;9454;9179;275;13924;13446;478;423
20260330;2024;03;01;HOTEL;03;3 ESTRELLAS;CALLAO;070000;4;233;391;40,05;35,68;1,68;1,61;1,91;2579;1963;616;4325;3151;1174;56
20260330;2024;03;01;HOTEL;03;3 ESTRELLAS;CUSCO;080000;90;3239;6326;40,03;33,56;1,74;1,64;1,76;37879;7152;30727;65810;11698;54112;1051
20260330;2024;03;01;HOTEL;03;3 ESTRELLAS;HUANCAVELICA;090000;2;65;108;9,88;7,32;1,35;1,37;1,22;181;163;18;245;223;22;10
20260330;2024;03;01;HOTEL;03;3 ESTRELLAS;HUÁNUCO;100000;18;658;1294;24,39;18,69;1,63;1,61;1,94;4605;4375;230;7497;7051;446;145
20260330;2024;03;01;HOTEL;03;3 ESTRELLAS;ICA;110000;66;2253;4388;35,92;25,32;1,45;1,52;1,26;23718;17695;6023;34448;26849;7599;507
20260330;2024;03;01;HOTEL;03;3 ESTRELLAS;JUNÍN;120000;20;771;1434;19,11;13,81;1,68;1,68;1,64;3653;3549;104;6140;5969;171;199
20260330;2024;03;01;HOTEL;03;3 ESTRELLAS;LA LIBERTAD;130000;77;2271;4358;29,64;22,73;1,72;1,7;2,09;17835;16855;980;30702;28654;2048;553
20260330;2024;03;01;HOTEL;03;3 ESTRELLAS;LAMBAYEQUE;140000;35;1134;1896;25,12;19,28;1,53;1,52;1,9;7410;7143;267;11331;10823;508;242
20260330;2024;03;01;HOTEL;03;3 ESTRELLAS;LORETO;160000;27;789;1348;33,3;28,49;2,18;2,19;2,15;5464;4284;1180;11904;9362;2542;251
20260330;2024;03;01;HOTEL;03;3 ESTRELLAS;MADRE DE DIOS;170000;5;191;355;33,07;25,99;1,76;1,85;1,54;1624;1179;445;2860;2176;684;59
20260330;2024;03;01;HOTEL;03;3 ESTRELLAS;MOQUEGUA;180000;12;378;618;35,4;24,74;1,51;1,51;1,56;3135;3006;129;4739;4538;201;83
20260330;2024;03;01;HOTEL;03;3 ESTRELLAS;PASCO;190000;6;144;264;5,82;7,61;2,24;2,24;0;278;278;0;623;623;0;19
20260330;2024;03;01;HOTEL;03;3 ESTRELLAS;PIURA;200000;20;729;1208;44,43;32,03;1,71;1,6;2,43;7028;6133;895;11995;9824;2171;223
20260330;2024;03;01;HOTEL;03;3 ESTRELLAS;PUNO;210000;28;888;1698;27,42;23,48;1,51;1,57;1,48;8181;2662;5519;12357;4169;8188;188
20260330;2024;03;01;HOTEL;03;3 ESTRELLAS;SAN MARTÍN;220000;24;856;1487;29,21;26,98;1,89;1,89;2,04;6566;6408;158;12438;12116;322;214
20260330;2024;03;01;HOTEL;03;3 ESTRELLAS;TACNA;230000;9;370;823;32,95;42,84;2,92;2,65;3,14;3749;1712;2037;10930;4536;6394;94
20260330;2024;03;01;HOTEL;03;3 ESTRELLAS;TUMBES;240000;9;284;565;40,3;40,88;2,85;2,81;2,96;2511;1848;663;7161;5197;1964;127
20260330;2024;03;01;HOTEL;03;3 ESTRELLAS;UCAYALI;250000;15;535;874;29,39;24,69;1,96;1,97;1,87;3413;3170;243;6689;6234;455;124
20260330;2024;03;01;HOTEL;04;4 ESTRELLAS;APURÍMAC;030000;1;32;56;31,75;18,15;2,74;2,77;2,53;115;100;15;315;277;38;14
20260330;2024;03;01;HOTEL;04;4 ESTRELLAS;AREQUIPA;040000;11;558;1042;30,91;26,95;1,82;1,92;1,74;4772;2239;2533;8707;4308;4399;244
20260330;2024;03;01;HOTEL;04;4 ESTRELLAS;CAJAMARCA;060000;4;214;375;51,85;47,6;1,97;1,94;2,32;2809;2562;247;5534;4962;572;152
20260330;2024;03;01;HOTEL;04;4 ESTRELLAS;CALLAO;070000;2;371;599;93,16;85,34;1,3;1,32;1,29;12227;1603;10624;15847;2113;13734;130
20260330;2024;03;01;HOTEL;04;4 ESTRELLAS;CUSCO;080000;21;1607;3164;63,02;58,56;1,7;1,58;1,71;33842;3333;30509;57438;5253;52185;885
20260330;2024;03;01;HOTEL;04;4 ESTRELLAS;HUÁNUCO;100000;1;60;101;36,77;29,99;2,04;2,04;2;461;449;12;939;915;24;29
20260330;2024;03;01;HOTEL;04;4 ESTRELLAS;ICA;110000;8;814;1731;42,57;42,64;1,77;1,88;1,4;12910;9955;2955;22881;18733;4148;387
20260330;2024;03;01;HOTEL;04;4 ESTRELLAS;JUNÍN;120000;1;40;82;18,71;30,45;1,66;1,61;3,27;466;451;15;774;725;49;19
20260330;2024;03;01;HOTEL;04;4 ESTRELLAS;LA LIBERTAD;130000;4;318;550;46,03;43,49;2,05;2,06;1,99;3617;3012;605;7415;6214;1201;127
20260330;2024;03;01;HOTEL;04;4 ESTRELLAS;LAMBAYEQUE;140000;5;359;656;61,87;50,76;1,58;1,52;2,09;6544;5887;657;10322;8951;1371;269
20260330;2024;03;01;HOTEL;04;4 ESTRELLAS;LORETO;160000;3;140;235;25,88;29,62;1,81;1,8;1,85;1191;913;278;2158;1644;514;62
20260330;2024;03;01;HOTEL;04;4 ESTRELLAS;MOQUEGUA;180000;2;123;234;70;82,13;7,31;8,09;2,58;815;700;115;5958;5661;297;56
20260330;2024;03;01;HOTEL;04;4 ESTRELLAS;PIURA;200000;4;393;744;31,38;23,79;2;1,93;2,28;2747;2246;501;5486;4346;1140;138
20260330;2024;03;01;HOTEL;04;4 ESTRELLAS;PUNO;210000;8;508;963;31,31;28,66;1,65;1,71;1,64;5195;734;4461;8557;1254;7303;179
20260330;2024;03;01;HOTEL;04;4 ESTRELLAS;SAN MARTÍN;220000;1;55;85;19,88;18,1;1,9;1,89;2,43;251;244;7;477;460;17;20
20260330;2024;03;01;HOTEL;04;4 ESTRELLAS;TACNA;230000;2;225;450;36,42;31,84;1,69;1,86;1,57;2623;1116;1507;4442;2080;2362;60
20260330;2024;03;01;HOTEL;04;4 ESTRELLAS;TUMBES;240000;5;265;520;33,41;37,44;2,08;2,28;1,56;2902;2106;796;6036;4798;1238;159
20260330;2024;03;01;HOTEL;04;4 ESTRELLAS;UCAYALI;250000;5;288;513;36,68;30,27;2,16;1,98;2,73;2230;1698;532;4814;3364;1450;121
20260330;2024;03;01;HOTEL;05;5 ESTRELLAS;AREQUIPA;040000;3;241;341;41,61;45,97;2,12;2,01;2,23;2295;1210;1085;4859;2435;2424;182
20260330;2024;03;01;HOTEL;05;5 ESTRELLAS;CUSCO;080000;15;1283;2519;58,32;51,9;1,63;1,76;1,61;24926;1904;23022;40526;3351;37175;1143
20260330;2024;03;01;HOTEL;05;5 ESTRELLAS;ICA;110000;4;439;1083;55,76;49,36;1,91;1,92;1,88;8698;6313;2385;16572;12097;4475;535
20260330;2024;03;01;HOTEL;05;5 ESTRELLAS;LA LIBERTAD;130000;2;267;450;45,31;46,91;1,79;1,73;2,19;3656;3175;481;6544;5492;1052;185
20260330;2024;03;01;HOTEL;05;5 ESTRELLAS;LIMA;150000;27;4811;8415;50,16;41,58;2,31;1,65;2,53;47040;12196;34844;108479;20170;88309;3568
20260330;2024;03;01;HOTEL;05;5 ESTRELLAS;LORETO;160000;1;60;89;67,96;72,82;1,98;1,89;2,04;1017;424;593;2009;801;1208;54
20260330;2024;03;01;HOTEL;05;5 ESTRELLAS;PIURA;200000;1;83;166;52,43;40,75;1,8;1,71;2,15;1165;921;244;2097;1573;524;82
20260330;2024;03;01;HOTEL;05;5 ESTRELLAS;PUNO;210000;1;123;231;52,11;59,61;1,67;1,57;1,7;2557;549;2008;4269;860;3409;29
20260330;2024;03;01;HOTEL;05;5 ESTRELLAS;SAN MARTÍN;220000;1;50;108;29,1;32,2;1,78;1,79;1,45;605;583;22;1078;1046;32;63
20260330;2024;03;01;HOTEL;05;5 ESTRELLAS;UCAYALI;250000;2;162;300;38,05;29,97;2,09;2,08;2,14;1336;1184;152;2787;2461;326;72
20260330;2024;03;01;HOTEL;TT;TODAS CONSOLIDADAS;AMAZONAS;010000;55;1407;2337;21,72;17,83;1,27;1,26;1,75;10191;9988;203;12917;12561;356;270
20260330;2024;03;01;HOTEL;TT;TODAS CONSOLIDADAS;ÁNCASH;020000;113;3379;5990;20,19;16,09;1,5;1,47;2,11;19877;18883;994;29880;27784;2096;628
20260330;2024;03;01;HOTEL;TT;TODAS CONSOLIDADAS;APURÍMAC;030000;15;554;926;30,26;23,17;1,24;1,24;1,47;5343;5168;175;6650;6392;258;100
20260330;2024;03;01;HOTEL;TT;TODAS CONSOLIDADAS;AREQUIPA;040000;131;4247;7651;27,11;23,24;1,75;1,76;1,71;31554;21979;9575;55127;38776;16351;1256
20260330;2024;03;01;HOTEL;TT;TODAS CONSOLIDADAS;AYACUCHO;050000;24;809;1459;17,95;17,1;2,04;2,03;2,24;3788;3504;284;7735;7098;637;167
20260330;2024;03;01;HOTEL;TT;TODAS CONSOLIDADAS;CAJAMARCA;060000;142;4219;6980;20,38;15,19;1,41;1,4;1,92;23255;22663;592;32871;31734;1137;847
20260330;2024;03;01;HOTEL;TT;TODAS CONSOLIDADAS;CALLAO;070000;7;644;1057;69,2;62,68;1,36;1,47;1,32;15098;3678;11420;20537;5417;15120;192
20260330;2024;03;01;HOTEL;TT;TODAS CONSOLIDADAS;CUSCO;080000;178;7454;14464;44,44;39,9;1,69;1,62;1,71;105560;15357;90203;178896;24921;153975;3456
20260330;2024;03;01;HOTEL;TT;TODAS CONSOLIDADAS;HUANCAVELICA;090000;4;105;177;20,74;18,97;1,63;1,64;1,39;640;612;28;1041;1002;39;19
20260330;2024;03;01;HOTEL;TT;TODAS CONSOLIDADAS;HUÁNUCO;100000;81;2604;4368;27,34;21,52;1,37;1,36;1,84;21275;20985;290;29143;28609;534;478
20260330;2024;03;01;HOTEL;TT;TODAS CONSOLIDADAS;ICA;110000;140;5243;10289;32,99;27,49;1,51;1,53;1,42;58167;46453;11714;87681;71084;16597;1694
20260330;2024;03;01;HOTEL;TT;TODAS CONSOLIDADAS;JUNÍN;120000;56;1948;3610;19,56;14,67;1,51;1,51;1,75;10865;10698;167;16420;16128;292;383
20260330;2024;03;01;HOTEL;TT;TODAS CONSOLIDADAS;LA LIBERTAD;130000;109;3497;6461;32,16;26,82;1,63;1,59;2,01;33040;30585;2455;53710;48780;4930;982
20260330;2024;03;01;HOTEL;TT;TODAS CONSOLIDADAS;LAMBAYEQUE;140000;114;3558;5700;23,91;19,84;1,39;1,36;2,01;25245;24203;1042;35065;32967;2098;821
20260330;2024;03;01;HOTEL;TT;TODAS CONSOLIDADAS;LIMA;150000;367;23037;41942;44,53;38,71;1,81;1,42;2,34;310168;177843;132325;562954;253245;309709;9458
20260330;2024;03;01;HOTEL;TT;TODAS CONSOLIDADAS;LORETO;160000;40;1194;2022;30,73;27,44;2,03;2,02;2,06;8482;6368;2114;17203;12841;4362;412
20260330;2024;03;01;HOTEL;TT;TODAS CONSOLIDADAS;MADRE DE DIOS;170000;17;529;956;30,43;23,5;1,34;1,3;1,6;5199;4579;620;6963;5971;992;120
20260330;2024;03;01;HOTEL;TT;TODAS CONSOLIDADAS;MOQUEGUA;180000;40;1158;1939;32,37;28,13;2,18;2,19;2,05;7761;7221;540;16908;15803;1105;264
20260330;2024;03;01;HOTEL;TT;TODAS CONSOLIDADAS;PASCO;190000;18;511;896;14,42;12;1,4;1,4;1;2387;2386;1;3332;3331;1;79
20260330;2024;03;01;HOTEL;TT;TODAS CONSOLIDADAS;PIURA;200000;43;1634;2845;35,81;27,41;1,81;1,74;2,32;13333;11609;1724;24174;20166;4008;525
20260330;2024;03;01;HOTEL;TT;TODAS CONSOLIDADAS;PUNO;210000;70;2296;4270;26,14;23,15;1,53;1,45;1,58;20019;7739;12280;30643;11232;19411;500
20260330;2024;03;01;HOTEL;TT;TODAS CONSOLIDADAS;SAN MARTÍN;220000;60;1870;3224;27,69;25,34;1,75;1,74;2,06;14503;14182;321;25321;24661;660;485
20260330;2024;03;01;HOTEL;TT;TODAS CONSOLIDADAS;TACNA;230000;43;1511;3579;29,12;21,24;2,12;2,04;2,19;11129;5490;5639;23565;11208;12357;327
20260330;2024;03;01;HOTEL;TT;TODAS CONSOLIDADAS;TUMBES;240000;22;758;1480;30,85;32,5;2,25;2,28;2,17;6619;5087;1532;14909;11589;3320;324
20260330;2024;03;01;HOTEL;TT;TODAS CONSOLIDADAS;UCAYALI;250000;24;1048;1803;31,47;25,9;2,05;2;2,41;7060;6131;929;14475;12238;2237;330
20260330;2024;03;02;APART HOTEL;03;3 ESTRELLAS;ÁNCASH;020000;2;16;44;20,16;19,94;2,19;2,19;0;124;124;0;272;272;0;4
20260330;2024;03;02;APART HOTEL;03;3 ESTRELLAS;APURÍMAC;030000;1;23;36;37,17;34,95;1,71;1,74;1,29;228;211;17;390;368;22;9
20260330;2024;03;02;APART HOTEL;03;3 ESTRELLAS;AREQUIPA;040000;1;19;35;2,89;2,49;1,59;1,71;1;17;14;3;27;24;3;5
20260330;2024;03;02;APART HOTEL;03;3 ESTRELLAS;CAJAMARCA;060000;2;13;24;0;0;0;0;0;0;0;0;0;0;0;0
20260330;2024;03;02;APART HOTEL;03;3 ESTRELLAS;ICA;110000;3;36;52;12,01;8,31;1;1;0;134;134;0;134;134;0;10
20260330;2024;03;02;APART HOTEL;03;3 ESTRELLAS;LORETO;160000;1;24;46;0;0;0;0;0;0;0;0;0;0;0;0
20260330;2024;03;02;APART HOTEL;03;3 ESTRELLAS;MOQUEGUA;180000;1;8;20;0;0;0;0;0;0;0;0;0;0;0;0
20260330;2024;03;02;APART HOTEL;03;3 ESTRELLAS;PASCO;190000;1;15;17;0;0;0;0;0;0;0;0;0;0;0;0
20260330;2024;03;02;APART HOTEL;03;3 ESTRELLAS;TUMBES;240000;2;19;54;35,48;24,97;3,14;3,16;2,9;133;123;10;418;389;29;15
20260330;2024;03;02;APART HOTEL;04;4 ESTRELLAS;AREQUIPA;040000;1;19;31;26,15;27,99;2,51;2,69;1,59;107;90;17;269;242;27;8
20260330;2024;03;02;APART HOTEL;04;4 ESTRELLAS;LIMA;150000;8;610;1277;49,1;48,92;2,15;1,92;3,28;9002;7469;1533;19366;14339;5027;433
20260330;2024;03;01;HOTEL;03;3 ESTRELLAS;LIMA;150000;161;8380;15993;42,88;36,41;1,7;1,44;2,17;105921;68114;37807;180512;98366;82146;1869
20260330;2024;03;01;HOTEL;04;4 ESTRELLAS;LIMA;150000;44;4337;7849;44,11;42,58;2,12;1,71;2,36;48872;18311;30561;103617;31370;72247;1606
20260330;2024;03;02;APART HOTEL;03;3 ESTRELLAS;LIMA;150000;6;138;268;44,04;36,59;3,22;2,69;3,8;945;495;450;3040;1330;1710;46
20260330;2024;03;02;APART HOTEL;04;4 ESTRELLAS;LORETO;160000;1;13;23;40,2;30,72;1,1;1,07;1,1;200;55;145;219;59;160;6
20260330;2024;03;02;APART HOTEL;04;4 ESTRELLAS;SAN MARTÍN;220000;1;24;48;49,33;47,78;2,31;2,29;2,41;308;264;44;711;605;106;18
20260330;2024;03;02;APART HOTEL;05;5 ESTRELLAS;LIMA;150000;4;250;435;44,76;37,35;3,04;2,8;3,16;1659;572;1087;5037;1601;3436;106
20260330;2024;03;02;APART HOTEL;TT;TODAS CONSOLIDADAS;ÁNCASH;020000;2;16;44;20,16;19,94;2,19;2,19;0;124;124;0;272;272;0;4
20260330;2024;03;02;APART HOTEL;TT;TODAS CONSOLIDADAS;APURÍMAC;030000;1;23;36;37,17;34,95;1,71;1,74;1,29;228;211;17;390;368;22;9
20260330;2024;03;02;APART HOTEL;TT;TODAS CONSOLIDADAS;AREQUIPA;040000;2;38;66;14,52;14,47;2,39;2,56;1,5;124;104;20;296;266;30;13
20260330;2024;03;02;APART HOTEL;TT;TODAS CONSOLIDADAS;CAJAMARCA;060000;2;13;24;0;0;0;0;0;0;0;0;0;0;0;0
20260330;2024;03;02;APART HOTEL;TT;TODAS CONSOLIDADAS;ICA;110000;3;36;52;12,01;8,31;1;1;0;134;134;0;134;134;0;10
20260330;2024;03;02;APART HOTEL;TT;TODAS CONSOLIDADAS;LIMA;150000;18;998;1980;47,31;44,71;2,36;2,02;3,31;11606;8536;3070;27443;17270;10173;585
20260330;2024;03;02;APART HOTEL;TT;TODAS CONSOLIDADAS;LORETO;160000;2;37;69;14,12;10,24;1,1;1,07;1,1;200;55;145;219;59;160;6
20260330;2024;03;02;APART HOTEL;TT;TODAS CONSOLIDADAS;MOQUEGUA;180000;1;8;20;0;0;0;0;0;0;0;0;0;0;0;0
20260330;2024;03;02;APART HOTEL;TT;TODAS CONSOLIDADAS;PASCO;190000;1;15;17;0;0;0;0;0;0;0;0;0;0;0;0
20260330;2024;03;02;APART HOTEL;TT;TODAS CONSOLIDADAS;SAN MARTÍN;220000;1;24;48;49,33;47,78;2,31;2,29;2,41;308;264;44;711;605;106;18
20260330;2024;03;02;APART HOTEL;TT;TODAS CONSOLIDADAS;TUMBES;240000;2;19;54;35,48;24,97;3,14;3,16;2,9;133;123;10;418;389;29;15
20260330;2024;03;03;HOSTAL;01;1 ESTRELLA;AMAZONAS;010000;17;245;354;19,34;17,08;1,03;1,03;0;1817;1817;0;1874;1874;0;43
20260330;2024;03;03;HOSTAL;01;1 ESTRELLA;ÁNCASH;020000;38;557;917;28,2;21,38;1,08;1,08;1,7;5611;5601;10;6079;6062;17;92
20260330;2024;03;03;HOSTAL;01;1 ESTRELLA;APURÍMAC;030000;5;109;166;25,13;26;1,02;1,02;0;1312;1312;0;1338;1338;0;13
20260330;2024;03;03;HOSTAL;01;1 ESTRELLA;AREQUIPA;040000;51;763;1177;27,14;23,6;1,17;1,17;1,18;7362;6966;396;8610;8142;468;132
20260330;2024;03;03;HOSTAL;01;1 ESTRELLA;AYACUCHO;050000;12;166;301;13,45;10,49;1,39;1,39;0;702;702;0;979;979;0;26
20260330;2024;03;03;HOSTAL;01;1 ESTRELLA;CAJAMARCA;060000;20;333;521;25,69;18,08;1,29;1,29;1;2268;2262;6;2920;2914;6;62
20260330;2024;03;03;HOSTAL;01;1 ESTRELLA;CALLAO;070000;8;159;301;41,74;43,94;1,06;1,04;1,35;4155;3805;349;4413;3940;473;29
20260330;2024;03;03;HOSTAL;01;1 ESTRELLA;CUSCO;080000;25;424;709;27,08;24,25;1,08;1,09;1;4949;4268;681;5330;4649;681;60
20260330;2024;03;03;HOSTAL;01;1 ESTRELLA;HUANCAVELICA;090000;2;66;94;17,16;12,18;1,02;1,02;0;347;347;0;355;355;0;5
20260330;2024;03;03;HOSTAL;01;1 ESTRELLA;HUÁNUCO;100000;25;360;536;46,06;45,17;1,55;1,55;0;4838;4838;0;7505;7505;0;65
20260330;2024;03;03;HOSTAL;01;1 ESTRELLA;ICA;110000;18;222;336;35,59;32,33;1;1;0;3368;3368;0;3368;3368;0;41
20260330;2024;03;03;HOSTAL;01;1 ESTRELLA;JUNÍN;120000;12;170;294;18,96;16,26;1,37;1,37;0;1083;1083;0;1482;1482;0;29
20260330;2024;03;03;HOSTAL;01;1 ESTRELLA;LA LIBERTAD;130000;26;371;648;28,4;25,48;1,61;1,61;1;3172;3170;2;5118;5116;2;62
20260330;2024;03;03;HOSTAL;01;1 ESTRELLA;LAMBAYEQUE;140000;15;206;300;24,52;22,47;1,12;1,12;1;1874;1870;4;2090;2086;4;39
20260330;2024;03;03;HOSTAL;01;1 ESTRELLA;LIMA;150000;77;1590;2823;33,58;25,26;1,21;1,21;1,41;23890;23445;445;28885;28259;626;328
20260330;2024;03;03;HOSTAL;01;1 ESTRELLA;LORETO;160000;5;85;130;29,07;22,63;1,56;1,56;1,58;583;533;50;912;833;79;23
20260330;2024;03;03;HOSTAL;01;1 ESTRELLA;MADRE DE DIOS;170000;2;53;101;18,08;14,69;2;2;0;230;230;0;460;460;0;7
20260330;2024;03;03;HOSTAL;01;1 ESTRELLA;MOQUEGUA;180000;19;263;445;15,09;10,31;1,69;1,7;1,09;839;828;11;1422;1410;12;46
20260330;2024;03;03;HOSTAL;01;1 ESTRELLA;PASCO;190000;18;290;408;23,39;15,98;1,16;1,16;1;1747;1740;7;2021;2014;7;50
20260330;2024;03;03;HOSTAL;01;1 ESTRELLA;PIURA;200000;3;56;81;24,08;16,25;1,7;1,7;0;240;240;0;408;408;0;11
20260330;2024;03;03;HOSTAL;01;1 ESTRELLA;PUNO;210000;30;451;786;19,59;14,75;1,05;1,04;1,14;3431;3264;167;3594;3403;191;68
20260330;2024;03;03;HOSTAL;01;1 ESTRELLA;SAN MARTÍN;220000;1;20;34;11,77;8,82;1,11;1,11;0;84;84;0;93;93;0;8
20260330;2024;03;03;HOSTAL;01;1 ESTRELLA;TACNA;230000;10;175;306;19,76;18,4;1,09;1,07;1,11;1608;998;610;1745;1068;677;29
20260330;2024;03;03;HOSTAL;02;2 ESTRELLAS;AMAZONAS;010000;53;896;1420;21,57;18,43;1,2;1,18;2,13;6742;6607;135;8113;7825;288;151
20260330;2024;03;03;HOSTAL;02;2 ESTRELLAS;ÁNCASH;020000;127;2123;3737;32,73;30,16;1,14;1,14;1,27;30617;30470;147;34935;34748;187;363
20260330;2024;03;03;HOSTAL;02;2 ESTRELLAS;APURÍMAC;030000;7;145;220;29,5;25,89;1,17;1,17;1;1515;1473;42;1766;1724;42;25
20260330;2024;03;03;HOSTAL;02;2 ESTRELLAS;AREQUIPA;040000;127;2024;3621;27,81;22,87;1,28;1,28;1,44;20012;19128;884;25672;24400;1272;360
20260330;2024;03;03;HOSTAL;02;2 ESTRELLAS;AYACUCHO;050000;7;102;173;23,28;34,85;1,95;1,95;1,89;958;930;28;1869;1816;53;19
20260330;2024;03;03;HOSTAL;02;2 ESTRELLAS;CAJAMARCA;060000;132;2324;3687;16,97;12,41;1,19;1,19;1,12;11943;11859;84;14181;14087;94;370
20260330;2024;03;03;HOSTAL;02;2 ESTRELLAS;CALLAO;070000;5;207;400;45,99;39,98;1,01;1,01;1;4912;4905;7;4957;4950;7;31
20260330;2024;03;03;HOSTAL;02;2 ESTRELLAS;CUSCO;080000;46;771;1379;26,14;22,95;1,6;1,43;1,84;6118;3485;2633;9809;4967;4842;141
20260330;2024;03;03;HOSTAL;02;2 ESTRELLAS;HUANCAVELICA;090000;1;44;82;14,37;8,03;1,04;1,04;0;196;196;0;204;204;0;3
20260330;2024;03;03;HOSTAL;02;2 ESTRELLAS;HUÁNUCO;100000;26;348;566;37,23;27,44;1,12;1,11;1,56;4293;4225;68;4815;4709;106;90
20260330;2024;03;03;HOSTAL;02;2 ESTRELLAS;ICA;110000;81;1230;1996;28,26;27,12;1,02;1,02;1,32;16387;16238;149;16783;16586;197;195
20260330;2024;03;03;HOSTAL;02;2 ESTRELLAS;JUNÍN;120000;24;388;761;23,42;22,2;1,27;1,27;2,14;4115;4108;7;5237;5222;15;74
20260330;2024;03;03;HOSTAL;02;2 ESTRELLAS;LA LIBERTAD;130000;123;2077;3708;17,6;17,09;1,25;1,25;1,12;15731;15698;33;19639;19602;37;360
20260330;2024;03;03;HOSTAL;02;2 ESTRELLAS;LAMBAYEQUE;140000;143;2083;3015;26,81;20,62;1,18;1,18;1,03;16376;16279;97;19275;19175;100;405
20260330;2024;03;03;HOSTAL;02;2 ESTRELLAS;LIMA;150000;120;2938;5359;34,34;32,06;1,38;1,28;2,22;55970;50028;5942;77055;63836;13219;716
20260330;2024;03;03;HOSTAL;02;2 ESTRELLAS;LORETO;160000;8;154;238;15;16,35;2,29;2,3;2,07;527;497;30;1206;1144;62;32
20260330;2024;03;03;HOSTAL;02;2 ESTRELLAS;MADRE DE DIOS;170000;5;130;196;34,12;25,66;1,18;1,17;1,4;1325;1290;35;1559;1510;49;23
20260330;2024;03;03;HOSTAL;02;2 ESTRELLAS;MOQUEGUA;180000;63;946;1561;22,7;15,76;1,45;1,45;1,43;5257;5196;61;7628;7541;87;168
20260330;2024;03;03;HOSTAL;02;2 ESTRELLAS;PASCO;190000;17;322;627;16,52;10,94;1,35;1,35;0;1571;1571;0;2126;2126;0;44
20260330;2024;03;03;HOSTAL;02;2 ESTRELLAS;PIURA;200000;23;475;809;24,89;18,41;1,72;1,73;1,47;2680;2578;102;4618;4468;150;87
20260330;2024;03;03;HOSTAL;02;2 ESTRELLAS;PUNO;210000;56;868;1635;19,82;14,21;1,3;1,3;1,35;5520;4587;933;7201;5946;1255;146
20260330;2024;03;03;HOSTAL;02;2 ESTRELLAS;SAN MARTÍN;220000;22;316;499;26,35;25,29;1,53;1,53;1,43;2555;2534;21;3912;3882;30;71
20260330;2024;03;03;HOSTAL;02;2 ESTRELLAS;TACNA;230000;26;439;879;31,55;16,87;1,89;1,82;1,92;2430;707;1723;4596;1287;3309;82
20260330;2024;03;03;HOSTAL;02;2 ESTRELLAS;TUMBES;240000;5;66;131;10,8;9,16;1,55;1,55;0;240;240;0;372;372;0;18
20260330;2024;03;03;HOSTAL;02;2 ESTRELLAS;UCAYALI;250000;2;68;124;18,6;10,54;1,6;1,6;1,5;253;251;2;405;402;3;16
20260330;2024;03;03;HOSTAL;03;3 ESTRELLAS;AMAZONAS;010000;9;122;243;19,35;15,27;1,44;1,44;1,63;797;778;19;1150;1119;31;29
20260330;2024;03;03;HOSTAL;03;3 ESTRELLAS;ÁNCASH;020000;21;325;625;15,66;14,11;1,58;1,58;1,5;1728;1700;28;2734;2692;42;72
20260330;2024;03;03;HOSTAL;03;3 ESTRELLAS;APURÍMAC;030000;1;24;43;37,9;21,16;1,97;2,02;1;143;136;7;282;275;7;5
20260330;2024;03;03;HOSTAL;03;3 ESTRELLAS;AREQUIPA;040000;45;706;1298;29,69;25,35;1,83;1,83;1,84;5570;3857;1713;10202;7050;3152;184
20260330;2024;03;03;HOSTAL;03;3 ESTRELLAS;AYACUCHO;050000;3;51;100;34,16;25,39;2,54;2,51;2,63;310;230;80;787;577;210;22
20260330;2024;03;03;HOSTAL;03;3 ESTRELLAS;CAJAMARCA;060000;52;808;1305;24,36;18,13;1,35;1,35;1,57;5432;5326;106;7336;7170;166;193
20260330;2024;03;03;HOSTAL;03;3 ESTRELLAS;CUSCO;080000;20;339;670;21,47;19,06;1,79;1,29;2,42;2215;1237;978;3958;1596;2362;75
20260330;2024;03;03;HOSTAL;03;3 ESTRELLAS;HUÁNUCO;100000;1;31;39;0;0;0;0;0;0;0;0;0;0;0;0
20260330;2024;03;03;HOSTAL;03;3 ESTRELLAS;ICA;110000;40;672;1263;39,82;27,16;1,39;1,42;1,31;7639;5679;1960;10634;8076;2558;149
20260330;2024;03;03;HOSTAL;03;3 ESTRELLAS;JUNÍN;120000;3;57;126;29,94;17,26;2;1,84;6,73;337;326;11;674;600;74;35
20260330;2024;03;03;HOSTAL;03;3 ESTRELLAS;LA LIBERTAD;130000;46;828;1611;36,14;28,96;1,11;1,1;1,19;13075;12823;252;14465;14165;300;164
20260330;2024;03;03;HOSTAL;03;3 ESTRELLAS;LAMBAYEQUE;140000;23;339;509;36,65;27,97;1,3;1,31;1,1;3389;3338;51;4413;4357;56;74
20260330;2024;03;03;HOSTAL;03;3 ESTRELLAS;LIMA;150000;24;494;934;19,36;16,25;1,13;1,14;1,12;4148;3407;741;4706;3877;829;91
20260330;2024;03;03;HOSTAL;03;3 ESTRELLAS;LORETO;160000;7;121;197;27,65;23,89;2,32;2,3;2,55;630;592;38;1459;1362;97;30
20260330;2024;03;03;HOSTAL;03;3 ESTRELLAS;MADRE DE DIOS;170000;1;22;28;34,75;37,44;1,36;1,36;1;239;238;1;325;324;1;2
20260330;2024;03;03;HOSTAL;03;3 ESTRELLAS;MOQUEGUA;180000;6;89;164;46,28;30,59;2,06;2,05;2,19;756;740;16;1555;1520;35;18
20260330;2024;03;03;HOSTAL;03;3 ESTRELLAS;PASCO;190000;2;21;44;21,2;17,96;1,42;1,39;2,4;173;168;5;245;233;12;9
20260330;2024;03;03;HOSTAL;03;3 ESTRELLAS;PIURA;200000;2;36;88;14,78;14,19;1,93;1,91;2,17;201;189;12;387;361;26;19
20260330;2024;03;03;HOSTAL;03;3 ESTRELLAS;PUNO;210000;11;206;361;31,87;24,21;1,58;1,68;1,36;1716;1186;530;2709;1988;721;47
20260330;2024;03;03;HOSTAL;03;3 ESTRELLAS;SAN MARTÍN;220000;6;110;242;55,13;50,61;2,12;2,12;1,98;1794;1739;55;3797;3688;109;44
20260330;2024;03;03;HOSTAL;03;3 ESTRELLAS;TACNA;230000;4;78;178;20,22;16,93;2,45;2,01;2,73;382;153;229;934;308;626;16
20260330;2024;03;03;HOSTAL;03;3 ESTRELLAS;TUMBES;240000;3;51;102;0;0;0;0;0;0;0;0;0;0;0;0
20260330;2024;03;03;HOSTAL;03;3 ESTRELLAS;UCAYALI;250000;1;35;52;12,81;12,53;1,55;1,55;0;130;130;0;202;202;0;5
20260330;2024;03;03;HOSTAL;TT;TODAS CONSOLIDADAS;AMAZONAS;010000;79;1263;2017;20,93;17,81;1,19;1,18;2,07;9356;9202;154;11137;10818;319;223
20260330;2024;03;03;HOSTAL;TT;TODAS CONSOLIDADAS;ÁNCASH;020000;186;3005;5279;30,04;26,73;1,15;1,15;1,33;37956;37771;185;43748;43502;246;527
20260330;2024;03;03;HOSTAL;TT;TODAS CONSOLIDADAS;APURÍMAC;030000;13;278;429;28,51;25,46;1,14;1,14;1;2970;2921;49;3386;3337;49;43
20260330;2024;03;03;HOSTAL;TT;TODAS CONSOLIDADAS;AREQUIPA;040000;223;3493;6096;28,04;23,54;1,35;1,32;1,63;32944;29951;2993;44484;39592;4892;676
20260330;2024;03;03;HOSTAL;TT;TODAS CONSOLIDADAS;AYACUCHO;050000;22;319;574;19,9;20,43;1,85;1,81;2,44;1970;1862;108;3635;3372;263;67
20260330;2024;03;03;HOSTAL;TT;TODAS CONSOLIDADAS;CAJAMARCA;060000;204;3465;5513;19,53;14,3;1,24;1,24;1,36;19643;19447;196;24437;24171;266;625
20260330;2024;03;03;HOSTAL;TT;TODAS CONSOLIDADAS;CALLAO;070000;13;366;701;44,34;41,47;1,03;1,02;1,35;9488;9170;318;9770;9342;428;63
20260330;2024;03;03;HOSTAL;TT;TODAS CONSOLIDADAS;CUSCO;080000;91;1534;2758;25,36;22,34;1,44;1,25;1,84;13282;8990;4292;19097;11212;7885;276
20260330;2024;03;03;HOSTAL;TT;TODAS CONSOLIDADAS;HUANCAVELICA;090000;3;110;176;16,04;10,25;1,03;1,03;0;543;543;0;559;559;0;8
20260330;2024;03;03;HOSTAL;TT;TODAS CONSOLIDADAS;HUÁNUCO;100000;52;739;1141;39,97;34,83;1,35;1,35;1,56;9131;9063;68;12320;12214;106;155
20260330;2024;03;03;HOSTAL;TT;TODAS CONSOLIDADAS;ICA;110000;139;2124;3595;32,68;27,62;1,12;1,11;1,31;27394;25285;2109;30785;28030;2755;385
20260330;2024;03;03;HOSTAL;TT;TODAS CONSOLIDADAS;JUNÍN;120000;39;615;1181;22,79;20,19;1,34;1,32;4,94;5535;5517;18;7393;7304;89;138
20260330;2024;03;03;HOSTAL;TT;TODAS CONSOLIDADAS;LA LIBERTAD;130000;195;3276;5967;23,51;21,2;1,23;1,23;1,18;31978;31691;287;39222;38883;339;586
20260330;2024;03;03;HOSTAL;TT;TODAS CONSOLIDADAS;LAMBAYEQUE;140000;181;2628;3824;27,9;21,75;1,19;1,19;1,05;21639;21487;152;25778;25618;160;518
20260330;2024;03;03;HOSTAL;TT;TODAS CONSOLIDADAS;LIMA;150000;221;5022;9116;30,6;26,55;1,29;1,23;1,84;72939;66113;6826;94180;81626;12555;1060
20260330;2024;03;03;HOSTAL;TT;TODAS CONSOLIDADAS;LORETO;160000;20;360;565;22,57;20,42;2,06;2,06;2,02;1740;1622;118;3577;3339;238;85
20260330;2024;03;03;HOSTAL;TT;TODAS CONSOLIDADAS;MADRE DE DIOS;170000;8;205;325;30,04;23,27;1,31;1,3;1,39;1794;1758;36;2344;2294;50;32
20260330;2024;03;03;HOSTAL;TT;TODAS CONSOLIDADAS;MOQUEGUA;180000;88;1298;2170;22,77;15,76;1,55;1,55;1,52;6852;6764;88;10605;10471;134;232
20260330;2024;03;03;HOSTAL;TT;TODAS CONSOLIDADAS;PASCO;190000;37;633;1079;19,82;13,13;1,26;1,26;1,58;3491;3479;12;4392;4373;19;103
20260330;2024;03;03;HOSTAL;TT;TODAS CONSOLIDADAS;PIURA;200000;28;567;978;24,17;17,85;1,73;1,74;1,54;3121;3007;114;5413;5237;176;117
20260330;2024;03;03;HOSTAL;TT;TODAS CONSOLIDADAS;PUNO;210000;97;1525;2782;21,38;15,66;1,27;1,25;1,33;10667;9037;1630;13504;11337;2167;261
20260330;2024;03;03;HOSTAL;TT;TODAS CONSOLIDADAS;SAN MARTÍN;220000;29;446;775;32,79;32,47;1,76;1,76;1,83;4433;4357;76;7802;7663;139;123
20260330;2024;03;03;HOSTAL;TT;TODAS CONSOLIDADAS;TACNA;230000;40;692;1363;27,29;17,22;1,65;1,43;1,8;4420;1858;2562;7275;2663;4612;127
20260330;2024;03;03;HOSTAL;TT;TODAS CONSOLIDADAS;TUMBES;240000;8;117;233;6,09;5,15;1,55;1,55;0;240;240;0;372;372;0;18
20260330;2024;03;03;HOSTAL;TT;TODAS CONSOLIDADAS;UCAYALI;250000;3;103;176;16,63;11,13;1,58;1,59;1,5;383;381;2;607;604;3;21
20260330;2024;03;05;ALBERGUE;12;ALBERGUE;AMAZONAS;010000;1;6;11;0;0;0;0;0;0;0;0;0;0;0;0
20260330;2024;03;05;ALBERGUE;12;ALBERGUE;ÁNCASH;020000;7;68;149;19,73;11,08;1,58;1,58;1,62;324;311;13;512;491;21;16
20260330;2024;03;05;ALBERGUE;12;ALBERGUE;AREQUIPA;040000;10;153;356;24,33;21,71;1,5;1,55;1,47;1599;590;1009;2396;914;1482;117
20260330;2024;03;05;ALBERGUE;12;ALBERGUE;AYACUCHO;050000;1;10;20;0;0;0;0;0;0;0;0;0;0;0;0
20260330;2024;03;05;ALBERGUE;12;ALBERGUE;CAJAMARCA;060000;1;11;22;0;0;0;0;0;0;0;0;0;0;0;0
20260330;2024;03;05;ALBERGUE;12;ALBERGUE;CUSCO;080000;16;360;622;19,31;20,23;1,51;1,4;1,52;2578;68;2510;3901;95;3806;145
20260330;2024;03;05;ALBERGUE;12;ALBERGUE;HUÁNUCO;100000;6;75;100;0;0;0;0;0;0;0;0;0;0;0;0
20260330;2024;03;05;ALBERGUE;12;ALBERGUE;ICA;110000;5;47;177;35,62;44,98;1,53;1,55;1,5;1616;931;685;2468;1442;1026;16
20260330;2024;03;05;ALBERGUE;12;ALBERGUE;JUNÍN;120000;1;32;104;16,73;14,45;2,08;2,1;1,73;224;213;11;466;447;19;20
20260330;2024;03;05;ALBERGUE;12;ALBERGUE;LA LIBERTAD;130000;1;15;27;42,58;25,57;1,52;1,5;1,67;141;129;12;214;194;20;4
20260330;2024;03;05;ALBERGUE;12;ALBERGUE;LIMA;150000;8;128;417;10,69;12,32;1,97;1,94;2,45;810;763;47;1592;1477;115;33
20260330;2024;03;05;ALBERGUE;12;ALBERGUE;LORETO;160000;61;885;1841;19,62;17,46;1,95;1,5;2,13;5099;1462;3637;9964;2200;7764;277
20260330;2024;03;05;ALBERGUE;12;ALBERGUE;MADRE DE DIOS;170000;13;257;519;27,75;29,47;2,39;2,2;2,4;1985;152;1833;4742;335;4407;166
20260330;2024;03;05;ALBERGUE;12;ALBERGUE;PASCO;190000;18;254;722;10,43;9,06;1,43;1,4;2,47;1423;1393;30;2028;1954;74;62
20260330;2024;03;05;ALBERGUE;12;ALBERGUE;PUNO;210000;1;13;35;0;0;0;0;0;0;0;0;0;0;0;0
20260330;2024;03;05;ALBERGUE;12;ALBERGUE;SAN MARTÍN;220000;11;159;352;28,24;25,88;2,27;2,26;2,33;1245;1064;181;2824;2402;422;52
20260330;2024;03;05;ALBERGUE;12;ALBERGUE;UCAYALI;250000;4;49;133;23,77;18,48;6,15;2,04;9,01;124;51;73;762;104;658;25
20260330;2024;03;05;ALBERGUE;TT;TODAS CONSOLIDADAS;AMAZONAS;010000;1;6;11;0;0;0;0;0;0;0;0;0;0;0;0
20260330;2024;03;05;ALBERGUE;TT;TODAS CONSOLIDADAS;ÁNCASH;020000;7;68;149;19,73;11,08;1,58;1,58;1,62;324;311;13;512;491;21;16
20260330;2024;03;05;ALBERGUE;TT;TODAS CONSOLIDADAS;AREQUIPA;040000;10;153;356;24,33;21,71;1,5;1,55;1,47;1599;590;1009;2396;914;1482;117
20260330;2024;03;05;ALBERGUE;TT;TODAS CONSOLIDADAS;AYACUCHO;050000;1;10;20;0;0;0;0;0;0;0;0;0;0;0;0
20260330;2024;03;05;ALBERGUE;TT;TODAS CONSOLIDADAS;CAJAMARCA;060000;1;11;22;0;0;0;0;0;0;0;0;0;0;0;0
20260330;2024;03;05;ALBERGUE;TT;TODAS CONSOLIDADAS;CUSCO;080000;16;360;622;19,31;20,23;1,51;1,4;1,52;2578;68;2510;3901;95;3806;145
20260330;2024;03;05;ALBERGUE;TT;TODAS CONSOLIDADAS;HUÁNUCO;100000;6;75;100;0;0;0;0;0;0;0;0;0;0;0;0
20260330;2024;03;05;ALBERGUE;TT;TODAS CONSOLIDADAS;ICA;110000;5;47;177;35,62;44,98;1,53;1,55;1,5;1616;931;685;2468;1442;1026;16
20260330;2024;03;05;ALBERGUE;TT;TODAS CONSOLIDADAS;JUNÍN;120000;1;32;104;16,73;14,45;2,08;2,1;1,73;224;213;11;466;447;19;20
20260330;2024;03;05;ALBERGUE;TT;TODAS CONSOLIDADAS;LA LIBERTAD;130000;1;15;27;42,58;25,57;1,52;1,5;1,67;141;129;12;214;194;20;4
20260330;2024;03;05;ALBERGUE;TT;TODAS CONSOLIDADAS;LIMA;150000;8;128;417;10,69;12,32;1,97;1,94;2,45;810;763;47;1592;1477;115;33
20260330;2024;03;05;ALBERGUE;TT;TODAS CONSOLIDADAS;LORETO;160000;61;885;1841;19,62;17,46;1,95;1,5;2,13;5099;1462;3637;9964;2200;7764;277
20260330;2024;03;05;ALBERGUE;TT;TODAS CONSOLIDADAS;MADRE DE DIOS;170000;13;257;519;27,75;29,47;2,39;2,2;2,4;1985;152;1833;4742;335;4407;166
20260330;2024;03;05;ALBERGUE;TT;TODAS CONSOLIDADAS;PASCO;190000;18;254;722;10,43;9,06;1,43;1,4;2,47;1423;1393;30;2028;1954;74;62
20260330;2024;03;05;ALBERGUE;TT;TODAS CONSOLIDADAS;PUNO;210000;1;13;35;0;0;0;0;0;0;0;0;0;0;0;0
20260330;2024;03;05;ALBERGUE;TT;TODAS CONSOLIDADAS;SAN MARTÍN;220000;11;159;352;28,24;25,88;2,27;2,26;2,33;1245;1064;181;2824;2402;422;52
20260330;2024;03;05;ALBERGUE;TT;TODAS CONSOLIDADAS;UCAYALI;250000;4;49;133;23,77;18,48;6,15;2,04;9,01;124;51;73;762;104;658;25
20260330;2024;03;14;RESORT;03;3 ESTRELLAS;ICA;110000;1;51;86;0;0;0;0;0;0;0;0;0;0;0;0
20260330;2024;03;14;RESORT;03;3 ESTRELLAS;TUMBES;240000;1;28;62;2,07;2,03;1,08;1,09;1;36;34;2;39;37;2;10
20260330;2024;03;14;RESORT;04;4 ESTRELLAS;TUMBES;240000;1;402;1101;68,26;57,97;2,38;2,37;2,45;8304;6733;1571;19787;15939;3848;479
20260330;2024;03;14;RESORT;05;5 ESTRELLAS;ICA;110000;1;115;250;50,41;60,43;1,79;1,89;1,53;2616;1905;711;4683;3593;1090;84
20260330;2024;03;14;RESORT;TT;TODAS CONSOLIDADAS;ICA;110000;2;166;336;34,92;44,96;1,79;1,89;1,53;2616;1905;711;4683;3593;1090;84
20260330;2024;03;14;RESORT;TT;TODAS CONSOLIDADAS;TUMBES;240000;2;430;1163;63,95;54,99;2,38;2,36;2,45;8340;6767;1573;19826;15976;3850;489
20260330;2024;03;16;ECOLODGE;13;ECOLODGE;AREQUIPA;040000;1;23;51;19,07;18,6;1,37;1,54;1,32;215;48;167;294;74;220;7
20260330;2024;03;16;ECOLODGE;13;ECOLODGE;SAN MARTÍN;220000;1;12;24;0;0;0;0;0;0;0;0;0;0;0;0
20260330;2024;03;16;ECOLODGE;TT;TODAS CONSOLIDADAS;AREQUIPA;040000;1;23;51;19,07;18,6;1,37;1,54;1,32;215;48;167;294;74;220;7
20260330;2024;03;16;ECOLODGE;TT;TODAS CONSOLIDADAS;SAN MARTÍN;220000;1;12;24;0;0;0;0;0;0;0;0;0;0;0;0
20260330;2024;03;TT;TODAS CONSOLIDADAS;00;NO CATEGORIZADO;AMAZONAS;010000;299;2837;4479;12,6;10,49;1,26;1,26;1,4;11522;11183;339;14569;14093;476;517
20260330;2024;03;TT;TODAS CONSOLIDADAS;00;NO CATEGORIZADO;ÁNCASH;020000;733;6424;10912;17,86;14,26;1,25;1,25;1,48;38459;37169;1290;48250;46344;1906;1175
20260330;2024;03;TT;TODAS CONSOLIDADAS;00;NO CATEGORIZADO;APURÍMAC;030000;507;4496;7038;18,26;13,02;1,15;1,15;1,1;24784;24665;119;28415;28284;131;427
20260330;2024;03;TT;TODAS CONSOLIDADAS;00;NO CATEGORIZADO;AREQUIPA;040000;1276;10948;18573;17,54;14,5;1,45;1,38;1,64;57776;42860;14916;83495;59060;24435;1301
20260330;2024;03;TT;TODAS CONSOLIDADAS;00;NO CATEGORIZADO;AYACUCHO;050000;613;5753;9324;17,74;14,37;1,17;1,17;1,13;35509;35084;425;41550;41068;482;692
20260330;2024;03;TT;TODAS CONSOLIDADAS;00;NO CATEGORIZADO;CAJAMARCA;060000;739;6508;10392;17,06;14,2;1,6;1,59;3,8;28592;28467;125;45748;45273;475;729
20260330;2024;03;TT;TODAS CONSOLIDADAS;00;NO CATEGORIZADO;CALLAO;070000;273;3788;7070;38,55;36,69;1,01;1,01;1,19;139031;137331;1700;140142;138119;2023;1135
20260330;2024;03;TT;TODAS CONSOLIDADAS;00;NO CATEGORIZADO;CUSCO;080000;2006;19202;34301;23,8;22,17;1,71;1,36;1,94;138062;54824;83238;235757;74607;161150;3692
20260330;2024;03;TT;TODAS CONSOLIDADAS;00;NO CATEGORIZADO;HUANCAVELICA;090000;239;2546;3911;17,49;13,79;1,08;1,08;1,36;15471;15396;75;16725;16623;102;300
20260330;2024;03;TT;TODAS CONSOLIDADAS;00;NO CATEGORIZADO;HUÁNUCO;100000;503;5340;8006;15,13;12,54;1,12;1,12;1,33;27862;27780;82;31114;31005;109;654
20260330;2024;03;TT;TODAS CONSOLIDADAS;00;NO CATEGORIZADO;ICA;110000;794;8023;13519;23,54;17,14;1,24;1,24;1,25;57810;48162;9648;71843;59823;12020;1445
20260330;2024;03;TT;TODAS CONSOLIDADAS;00;NO CATEGORIZADO;JUNÍN;120000;1516;15266;24838;19,02;15,14;1,16;1,15;2,06;100925;100674;251;116586;116070;516;2767
20260330;2024;03;TT;TODAS CONSOLIDADAS;00;NO CATEGORIZADO;LA LIBERTAD;130000;999;7400;12388;7,28;6,32;1,42;1,23;2,16;17118;13711;3407;24276;16915;7361;539
20260330;2024;03;TT;TODAS CONSOLIDADAS;00;NO CATEGORIZADO;LAMBAYEQUE;140000;455;4522;6605;16,04;12,47;1,05;1,05;1,04;24270;23857;413;25542;25111;431;563
20260330;2024;03;TT;TODAS CONSOLIDADAS;00;NO CATEGORIZADO;LIMA;150000;7139;55775;96358;22,94;21,17;1,16;1,15;1,31;2722953;2643906;79047;3148357;3044496;103861;39149
20260330;2024;03;TT;TODAS CONSOLIDADAS;00;NO CATEGORIZADO;LORETO;160000;802;6873;10747;11,92;10,44;1,61;1,64;1,55;21575;14571;7004;34767;23902;10865;700
20260330;2024;03;TT;TODAS CONSOLIDADAS;00;NO CATEGORIZADO;MADRE DE DIOS;170000;343;4745;7747;21,16;17,57;1,17;1,13;1,54;36063;32927;3136;42186;37341;4845;809
20260330;2024;03;TT;TODAS CONSOLIDADAS;00;NO CATEGORIZADO;MOQUEGUA;180000;169;1734;2975;17;13,09;1,22;1,22;1,06;9909;9830;79;12071;11987;84;233
20260330;2024;03;TT;TODAS CONSOLIDADAS;00;NO CATEGORIZADO;PASCO;190000;391;4212;6681;18,81;14,87;1,19;1,19;1,18;25872;25834;38;30800;30755;45;763
20260330;2024;03;TT;TODAS CONSOLIDADAS;00;NO CATEGORIZADO;PIURA;200000;1163;10664;19240;31,3;25,89;1,53;1,48;1,82;101129;87250;13879;154418;129153;25265;2120
20260330;2024;03;TT;TODAS CONSOLIDADAS;00;NO CATEGORIZADO;PUNO;210000;844;7502;12622;20,32;17,11;1,21;1,21;1,2;55554;52862;2692;66952;63730;3222;1344
20260330;2024;03;TT;TODAS CONSOLIDADAS;00;NO CATEGORIZADO;SAN MARTÍN;220000;881;9278;14549;22,9;17,07;1,36;1,35;1,58;56672;55697;975;77002;75459;1543;1624
20260330;2024;03;TT;TODAS CONSOLIDADAS;00;NO CATEGORIZADO;TACNA;230000;431;4075;7309;15,89;12,52;1,5;1,45;1,64;18906;13927;4979;28369;20180;8189;477
20260330;2024;03;TT;TODAS CONSOLIDADAS;00;NO CATEGORIZADO;TUMBES;240000;249;2420;4609;13,89;13,17;1,6;1,61;1,53;11740;10976;764;18817;17646;1171;345
20260330;2024;03;TT;TODAS CONSOLIDADAS;00;NO CATEGORIZADO;UCAYALI;250000;548;5433;8378;22,42;20,18;3,05;3,05;3,12;17188;16723;466;52410;50954;1456;981
20260330;2024;03;TT;TODAS CONSOLIDADAS;01;1 ESTRELLA;AMAZONAS;010000;18;265;378;17,88;15,99;1,03;1,03;0;1817;1817;0;1874;1874;0;43
20260330;2024;03;TT;TODAS CONSOLIDADAS;01;1 ESTRELLA;ÁNCASH;020000;51;937;1502;22,89;18,07;1,12;1,12;1,7;7531;7521;10;8413;8396;17;142
20260330;2024;03;TT;TODAS CONSOLIDADAS;01;1 ESTRELLA;APURÍMAC;030000;7;176;265;32,17;31,07;1,04;1,04;0;2463;2463;0;2552;2552;0;22
20260330;2024;03;TT;TODAS CONSOLIDADAS;01;1 ESTRELLA;AREQUIPA;040000;57;971;1524;27,1;23,72;1,16;1,16;1,19;9682;9274;408;11205;10720;485;167
20260330;2024;03;TT;TODAS CONSOLIDADAS;01;1 ESTRELLA;AYACUCHO;050000;20;366;654;16,53;12,66;1,68;1,68;1,38;1530;1522;8;2566;2555;11;61
20260330;2024;03;TT;TODAS CONSOLIDADAS;01;1 ESTRELLA;CAJAMARCA;060000;25;465;756;21,82;15,48;1,28;1,28;1;2831;2825;6;3629;3623;6;84
20260330;2024;03;TT;TODAS CONSOLIDADAS;01;1 ESTRELLA;CALLAO;070000;8;159;301;41,74;43,94;1,06;1,04;1,35;4155;3805;349;4413;3940;473;29
20260330;2024;03;TT;TODAS CONSOLIDADAS;01;1 ESTRELLA;CUSCO;080000;29;542;902;23,26;21,43;1,09;1,1;1;5494;4813;681;5991;5310;681;79
20260330;2024;03;TT;TODAS CONSOLIDADAS;01;1 ESTRELLA;HUANCAVELICA;090000;2;66;94;17,16;12,18;1,02;1,02;0;347;347;0;355;355;0;5
20260330;2024;03;TT;TODAS CONSOLIDADAS;01;1 ESTRELLA;HUÁNUCO;100000;33;601;905;39,28;36,1;1,39;1,39;0;7268;7268;0;10127;10127;0;101
20260330;2024;03;TT;TODAS CONSOLIDADAS;01;1 ESTRELLA;ICA;110000;24;348;544;31,11;25,74;1;1;1;4340;4324;16;4340;4324;16;60
20260330;2024;03;TT;TODAS CONSOLIDADAS;01;1 ESTRELLA;JUNÍN;120000;18;416;805;18,06;13,72;1,38;1,38;0;2488;2488;0;3424;3424;0;55
20260330;2024;03;TT;TODAS CONSOLIDADAS;01;1 ESTRELLA;LA LIBERTAD;130000;31;487;849;29,32;24,72;1,43;1,43;1;4559;4557;2;6505;6503;2;82
20260330;2024;03;TT;TODAS CONSOLIDADAS;01;1 ESTRELLA;LAMBAYEQUE;140000;18;289;390;18;17,63;1,11;1,11;1;1915;1911;4;2131;2127;4;53
20260330;2024;03;TT;TODAS CONSOLIDADAS;01;1 ESTRELLA;LIMA;150000;89;2018;3575;33,97;26,91;1,18;1,18;1,37;31242;30758;485;37014;36352;663;392
20260330;2024;03;TT;TODAS CONSOLIDADAS;01;1 ESTRELLA;LORETO;160000;5;85;130;29,07;22,63;1,56;1,56;1,58;583;533;50;912;833;79;23
20260330;2024;03;TT;TODAS CONSOLIDADAS;01;1 ESTRELLA;MADRE DE DIOS;170000;7;198;359;22,68;18,73;1,12;1,13;1;1854;1804;50;2084;2034;50;32
20260330;2024;03;TT;TODAS CONSOLIDADAS;01;1 ESTRELLA;MOQUEGUA;180000;21;324;532;15,54;10,71;1,53;1,53;1,25;1155;1143;12;1767;1752;15;54
20260330;2024;03;TT;TODAS CONSOLIDADAS;01;1 ESTRELLA;PASCO;190000;24;466;682;21;14,75;1,13;1,13;1;2769;2762;7;3118;3111;7;79
20260330;2024;03;TT;TODAS CONSOLIDADAS;01;1 ESTRELLA;PIURA;200000;5;96;158;16,13;18,91;1,48;1,48;0;625;625;0;926;926;0;17
20260330;2024;03;TT;TODAS CONSOLIDADAS;01;1 ESTRELLA;PUNO;210000;34;553;967;22,16;16,61;1,15;1,15;1,14;4323;4147;176;4980;4779;201;83
20260330;2024;03;TT;TODAS CONSOLIDADAS;01;1 ESTRELLA;SAN MARTÍN;220000;7;146;233;20,95;19,41;1,36;1,36;1,88;1031;1023;8;1402;1387;15;33
20260330;2024;03;TT;TODAS CONSOLIDADAS;01;1 ESTRELLA;TACNA;230000;13;274;511;13,79;12,06;1,13;1,13;1,11;1698;1085;613;1911;1231;680;41
20260330;2024;03;TT;TODAS CONSOLIDADAS;01;1 ESTRELLA;TUMBES;240000;2;47;100;0;0;0;0;0;0;0;0;0;0;0;0
20260330;2024;03;TT;TODAS CONSOLIDADAS;02;2 ESTRELLAS;AMAZONAS;010000;90;1890;3042;20,84;17,56;1,21;1,19;2,07;13734;13552;182;16556;16179;377;313
20260330;2024;03;TT;TODAS CONSOLIDADAS;02;2 ESTRELLAS;ÁNCASH;020000;186;3730;6674;27,23;23,73;1,22;1,22;1,52;40119;39521;598;49092;48183;909;613
20260330;2024;03;TT;TODAS CONSOLIDADAS;02;2 ESTRELLAS;APURÍMAC;030000;14;422;693;25,28;20,02;1,14;1,14;1,02;3779;3728;51;4301;4249;52;52
20260330;2024;03;TT;TODAS CONSOLIDADAS;02;2 ESTRELLAS;AREQUIPA;040000;169;3196;5688;24,95;20,88;1,36;1,35;1,42;27144;25911;1233;36810;35053;1757;549
20260330;2024;03;TT;TODAS CONSOLIDADAS;02;2 ESTRELLAS;AYACUCHO;050000;15;442;764;16,69;21,08;1,96;1,97;1,64;2553;2432;121;4993;4794;199;70
20260330;2024;03;TT;TODAS CONSOLIDADAS;02;2 ESTRELLAS;CAJAMARCA;060000;195;4020;6345;18,68;13,67;1,2;1,2;1,18;22372;22218;154;26885;26704;181;620
20260330;2024;03;TT;TODAS CONSOLIDADAS;02;2 ESTRELLAS;CALLAO;070000;6;247;467;41,27;36,76;1,02;1,02;1,17;5204;5017;187;5322;5103;219;37
20260330;2024;03;TT;TODAS CONSOLIDADAS;02;2 ESTRELLAS;CUSCO;080000;94;1978;3641;22,52;21,5;1,68;1,51;1,79;14486;5908;8578;24270;8925;15345;499
20260330;2024;03;TT;TODAS CONSOLIDADAS;02;2 ESTRELLAS;HUANCAVELICA;090000;3;84;151;25,81;21,36;1,53;1,52;1,7;655;645;10;1000;983;17;12
20260330;2024;03;TT;TODAS CONSOLIDADAS;02;2 ESTRELLAS;HUÁNUCO;100000;80;1993;3170;29,53;23,3;1,27;1,27;1,47;18072;17956;116;22900;22730;170;358
20260330;2024;03;TT;TODAS CONSOLIDADAS;02;2 ESTRELLAS;ICA;110000;137;2841;4875;22,79;19,58;1,05;1,05;1,15;28256;27772;484;29591;29035;556;441
20260330;2024;03;TT;TODAS CONSOLIDADAS;02;2 ESTRELLAS;JUNÍN;120000;53;1279;2344;21,44;17,62;1,35;1,35;1,58;9456;9401;55;12801;12714;87;213
20260330;2024;03;TT;TODAS CONSOLIDADAS;02;2 ESTRELLAS;LA LIBERTAD;130000;144;2602;4610;19,69;19,1;1,23;1,22;1,58;22276;21854;422;27301;26635;666;457
20260330;2024;03;TT;TODAS CONSOLIDADAS;02;2 ESTRELLAS;LAMBAYEQUE;140000;214;4065;6073;22,15;17,34;1,18;1,18;1,48;27626;27411;215;32646;32327;319;701
20260330;2024;03;TT;TODAS CONSOLIDADAS;02;2 ESTRELLAS;LIMA;150000;243;8019;14292;38,44;34,14;1,26;1,22;1,89;158310;150103;8208;198797;183279;15518;1701
20260330;2024;03;TT;TODAS CONSOLIDADAS;02;2 ESTRELLAS;LORETO;160000;17;359;588;14;12,83;1,75;1,75;1,72;1337;1244;93;2338;2178;160;77
20260330;2024;03;TT;TODAS CONSOLIDADAS;02;2 ESTRELLAS;MADRE DE DIOS;170000;12;323;539;33,08;24,17;1,23;1,2;1,92;3276;3116;160;4038;3731;307;59
20260330;2024;03;TT;TODAS CONSOLIDADAS;02;2 ESTRELLAS;MOQUEGUA;180000;87;1542;2561;23,28;17;1,54;1,52;1,94;8752;8396;356;13494;12803;691;285
20260330;2024;03;TT;TODAS CONSOLIDADAS;02;2 ESTRELLAS;PASCO;190000;23;513;985;17,25;12,24;1,41;1,41;1;2658;2657;1;3738;3737;1;75
20260330;2024;03;TT;TODAS CONSOLIDADAS;02;2 ESTRELLAS;PIURA;200000;39;864;1459;24,38;19,23;1,85;1,86;1,74;4688;4502;186;8696;8373;323;163
20260330;2024;03;TT;TODAS CONSOLIDADAS;02;2 ESTRELLAS;PUNO;210000;85;1543;2832;17,58;12,84;1,29;1,27;1,44;8714;7498;1216;11275;9519;1756;235
20260330;2024;03;TT;TODAS CONSOLIDADAS;02;2 ESTRELLAS;SAN MARTÍN;220000;50;1099;1844;27,05;24,37;1,6;1,6;2,07;8689;8542;147;13931;13627;304;234
20260330;2024;03;TT;TODAS CONSOLIDADAS;02;2 ESTRELLAS;TACNA;230000;55;1256;2980;29,58;13,66;1,78;1,74;1,81;7097;3282;3815;12623;5716;6907;243
20260330;2024;03;TT;TODAS CONSOLIDADAS;02;2 ESTRELLAS;TUMBES;240000;11;228;426;16,67;15,78;1,44;1,43;1,62;1446;1373;73;2084;1966;118;56
20260330;2024;03;TT;TODAS CONSOLIDADAS;02;2 ESTRELLAS;UCAYALI;250000;4;131;240;13,67;7,93;1,77;1,76;2,25;334;330;4;590;581;9;29
20260330;2024;03;TT;TODAS CONSOLIDADAS;03;3 ESTRELLAS;AMAZONAS;010000;26;515;934;24,99;19,42;1,41;1,39;1,7;3996;3821;175;5624;5326;298;137
20260330;2024;03;TT;TODAS CONSOLIDADAS;03;3 ESTRELLAS;ÁNCASH;020000;64;1733;3137;20,67;16,86;1,59;1,54;2,48;10307;9736;571;16395;14979;1416;404
20260330;2024;03;TT;TODAS CONSOLIDADAS;03;3 ESTRELLAS;APURÍMAC;030000;7;225;377;36,44;27,88;1,49;1,5;1,37;2184;2009;175;3258;3019;239;64
20260330;2024;03;TT;TODAS CONSOLIDADAS;03;3 ESTRELLAS;AREQUIPA;040000;115;2793;5187;28,58;23,67;1,85;1,94;1,67;20622;13310;7312;38057;25876;12181;795
20260330;2024;03;TT;TODAS CONSOLIDADAS;03;3 ESTRELLAS;AYACUCHO;050000;11;320;615;23,26;19,99;2,28;2,21;2,62;1675;1412;263;3811;3121;690;103
20260330;2024;03;TT;TODAS CONSOLIDADAS;03;3 ESTRELLAS;CAJAMARCA;060000;124;2998;5041;19,13;13,6;1,43;1,42;1,69;14886;14505;381;21260;20616;644;616
20260330;2024;03;TT;TODAS CONSOLIDADAS;03;3 ESTRELLAS;CALLAO;070000;4;233;391;40,05;35,68;1,68;1,61;1,91;2579;1963;616;4325;3151;1174;56
20260330;2024;03;TT;TODAS CONSOLIDADAS;03;3 ESTRELLAS;CUSCO;080000;110;3578;6996;38,27;32,17;1,74;1,58;1,78;40094;8389;31705;69768;13294;56474;1126
20260330;2024;03;TT;TODAS CONSOLIDADAS;03;3 ESTRELLAS;HUANCAVELICA;090000;2;65;108;9,88;7,32;1,35;1,37;1,22;181;163;18;245;223;22;10
20260330;2024;03;TT;TODAS CONSOLIDADAS;03;3 ESTRELLAS;HUÁNUCO;100000;19;689;1333;23,29;18,14;1,63;1,61;1,94;4605;4375;230;7497;7051;446;145
20260330;2024;03;TT;TODAS CONSOLIDADAS;03;3 ESTRELLAS;ICA;110000;110;3012;5789;35,9;25,2;1,44;1,49;1,27;31491;23508;7983;45216;35059;10157;666
20260330;2024;03;TT;TODAS CONSOLIDADAS;03;3 ESTRELLAS;JUNÍN;120000;23;828;1560;19,85;14,09;1,71;1,7;2,13;3990;3875;115;6814;6569;245;234
20260330;2024;03;TT;TODAS CONSOLIDADAS;03;3 ESTRELLAS;LA LIBERTAD;130000;123;3099;5969;31,38;24,41;1,46;1,44;1,91;30910;29678;1232;45167;42819;2348;717
20260330;2024;03;TT;TODAS CONSOLIDADAS;03;3 ESTRELLAS;LAMBAYEQUE;140000;58;1473;2405;27,78;21,12;1,46;1,45;1,77;10799;10481;318;15744;15180;564;316
20260330;2024;03;TT;TODAS CONSOLIDADAS;03;3 ESTRELLAS;LIMA;150000;191;9012;17195;41,6;35,32;1,7;1,44;2,17;111014;72016;38998;188258;103573;84685;2006
20260330;2024;03;TT;TODAS CONSOLIDADAS;03;3 ESTRELLAS;LORETO;160000;35;934;1591;31,71;27,09;2,19;2,2;2,17;6094;4876;1218;13363;10724;2639;281
20260330;2024;03;TT;TODAS CONSOLIDADAS;03;3 ESTRELLAS;MADRE DE DIOS;170000;6;213;383;33,24;26,83;1,71;1,76;1,54;1863;1417;446;3185;2500;685;61
20260330;2024;03;TT;TODAS CONSOLIDADAS;03;3 ESTRELLAS;MOQUEGUA;180000;19;475;802;36,84;25,32;1,62;1,62;1,63;3891;3746;145;6294;6058;236;101
20260330;2024;03;TT;TODAS CONSOLIDADAS;03;3 ESTRELLAS;PASCO;190000;9;180;325;7,13;8,62;1,92;1,92;2,4;451;446;5;868;856;12;28
20260330;2024;03;TT;TODAS CONSOLIDADAS;03;3 ESTRELLAS;PIURA;200000;22;765;1296;43,03;30,82;1,71;1,61;2,42;7229;6322;907;12382;10185;2197;242
20260330;2024;03;TT;TODAS CONSOLIDADAS;03;3 ESTRELLAS;PUNO;210000;39;1094;2059;28,26;23,6;1,52;1,6;1,47;9897;3848;6049;15066;6157;8909;235
20260330;2024;03;TT;TODAS CONSOLIDADAS;03;3 ESTRELLAS;SAN MARTÍN;220000;30;966;1729;32,16;30,29;1,94;1,94;2,02;8360;8147;213;16235;15804;431;258
20260330;2024;03;TT;TODAS CONSOLIDADAS;03;3 ESTRELLAS;TACNA;230000;13;448;1001;30,73;38,23;2,87;2,6;3,1;4131;1865;2266;11864;4844;7020;110
20260330;2024;03;TT;TODAS CONSOLIDADAS;03;3 ESTRELLAS;TUMBES;240000;15;382;783;31,88;31,38;2,84;2,8;2,96;2680;2005;675;7618;5623;1995;152
20260330;2024;03;TT;TODAS CONSOLIDADAS;03;3 ESTRELLAS;UCAYALI;250000;16;570;926;28,37;24,01;1,94;1,95;1,87;3543;3300;243;6891;6436;455;129
20260330;2024;03;TT;TODAS CONSOLIDADAS;04;4 ESTRELLAS;APURÍMAC;030000;1;32;56;31,75;18,15;2,74;2,77;2,53;115;100;15;315;277;38;14
20260330;2024;03;TT;TODAS CONSOLIDADAS;04;4 ESTRELLAS;AREQUIPA;040000;12;577;1073;30,75;26,98;1,84;1,95;1,74;4879;2329;2550;8976;4550;4426;252
20260330;2024;03;TT;TODAS CONSOLIDADAS;04;4 ESTRELLAS;CAJAMARCA;060000;4;214;375;51,85;47,6;1,97;1,94;2,32;2809;2562;247;5534;4962;572;152
20260330;2024;03;TT;TODAS CONSOLIDADAS;04;4 ESTRELLAS;CALLAO;070000;2;371;599;93,16;85,34;1,3;1,32;1,29;12227;1603;10624;15847;2113;13734;130
20260330;2024;03;TT;TODAS CONSOLIDADAS;04;4 ESTRELLAS;CUSCO;080000;21;1607;3164;63,02;58,56;1,7;1,58;1,71;33842;3333;30509;57438;5253;52185;885
20260330;2024;03;TT;TODAS CONSOLIDADAS;04;4 ESTRELLAS;HUÁNUCO;100000;1;60;101;36,77;29,99;2,04;2,04;2;461;449;12;939;915;24;29
20260330;2024;03;TT;TODAS CONSOLIDADAS;04;4 ESTRELLAS;ICA;110000;8;814;1731;42,57;42,64;1,77;1,88;1,4;12910;9955;2955;22881;18733;4148;387
20260330;2024;03;TT;TODAS CONSOLIDADAS;04;4 ESTRELLAS;JUNÍN;120000;1;40;82;18,71;30,45;1,66;1,61;3,27;466;451;15;774;725;49;19
20260330;2024;03;TT;TODAS CONSOLIDADAS;04;4 ESTRELLAS;LA LIBERTAD;130000;4;318;550;46,03;43,49;2,05;2,06;1,99;3617;3012;605;7415;6214;1201;127
20260330;2024;03;TT;TODAS CONSOLIDADAS;04;4 ESTRELLAS;LAMBAYEQUE;140000;5;359;656;61,87;50,76;1,58;1,52;2,09;6544;5887;657;10322;8951;1371;269
20260330;2024;03;TT;TODAS CONSOLIDADAS;04;4 ESTRELLAS;LIMA;150000;52;4947;9126;44,72;43,47;2,13;1,77;2,41;57874;25780;32094;122983;45709;77274;2039
20260330;2024;03;TT;TODAS CONSOLIDADAS;04;4 ESTRELLAS;LORETO;160000;4;153;258;27,09;29,72;1,71;1,76;1,59;1391;968;423;2377;1703;674;68
20260330;2024;03;TT;TODAS CONSOLIDADAS;04;4 ESTRELLAS;MOQUEGUA;180000;2;123;234;70;82,13;7,31;8,09;2,58;815;700;115;5958;5661;297;56
20260330;2024;03;TT;TODAS CONSOLIDADAS;04;4 ESTRELLAS;PIURA;200000;4;393;744;31,38;23,79;2;1,93;2,28;2747;2246;501;5486;4346;1140;138
20260330;2024;03;TT;TODAS CONSOLIDADAS;04;4 ESTRELLAS;PUNO;210000;8;508;963;31,31;28,66;1,65;1,71;1,64;5195;734;4461;8557;1254;7303;179
20260330;2024;03;TT;TODAS CONSOLIDADAS;04;4 ESTRELLAS;SAN MARTÍN;220000;2;79;133;28,83;28,81;2,13;2,1;2,41;559;508;51;1188;1065;123;38
20260330;2024;03;TT;TODAS CONSOLIDADAS;04;4 ESTRELLAS;TACNA;230000;2;225;450;36,42;31,84;1,69;1,86;1,57;2623;1116;1507;4442;2080;2362;60
20260330;2024;03;TT;TODAS CONSOLIDADAS;04;4 ESTRELLAS;TUMBES;240000;6;667;1621;54,42;51,39;2,3;2,35;2,15;11206;8839;2367;25823;20737;5086;638
20260330;2024;03;TT;TODAS CONSOLIDADAS;04;4 ESTRELLAS;UCAYALI;250000;5;288;513;36,68;30,27;2,16;1,98;2,73;2230;1698;532;4814;3364;1450;121
20260330;2024;03;TT;TODAS CONSOLIDADAS;05;5 ESTRELLAS;AREQUIPA;040000;3;241;341;41,61;45,97;2,12;2,01;2,23;2295;1210;1085;4859;2435;2424;182
20260330;2024;03;TT;TODAS CONSOLIDADAS;05;5 ESTRELLAS;CUSCO;080000;15;1283;2519;58,32;51,9;1,63;1,76;1,61;24926;1904;23022;40526;3351;37175;1143
20260330;2024;03;TT;TODAS CONSOLIDADAS;05;5 ESTRELLAS;ICA;110000;5;554;1333;54,65;51,44;1,88;1,91;1,8;11314;8218;3096;21255;15690;5565;619
20260330;2024;03;TT;TODAS CONSOLIDADAS;05;5 ESTRELLAS;LA LIBERTAD;130000;2;267;450;45,31;46,91;1,79;1,73;2,19;3656;3175;481;6544;5492;1052;185
20260330;2024;03;TT;TODAS CONSOLIDADAS;05;5 ESTRELLAS;LIMA;150000;31;5061;8850;49,89;41,38;2,33;1,71;2,55;48699;12768;35931;113516;21771;91745;3674
20260330;2024;03;TT;TODAS CONSOLIDADAS;05;5 ESTRELLAS;LORETO;160000;1;60;89;67,96;72,82;1,98;1,89;2,04;1017;424;593;2009;801;1208;54
20260330;2024;03;TT;TODAS CONSOLIDADAS;05;5 ESTRELLAS;PIURA;200000;1;83;166;52,43;40,75;1,8;1,71;2,15;1165;921;244;2097;1573;524;82
20260330;2024;03;TT;TODAS CONSOLIDADAS;05;5 ESTRELLAS;PUNO;210000;1;123;231;52,11;59,61;1,67;1,57;1,7;2557;549;2008;4269;860;3409;29
20260330;2024;03;TT;TODAS CONSOLIDADAS;05;5 ESTRELLAS;SAN MARTÍN;220000;1;50;108;29,1;32,2;1,78;1,79;1,45;605;583;22;1078;1046;32;63
20260330;2024;03;TT;TODAS CONSOLIDADAS;05;5 ESTRELLAS;UCAYALI;250000;2;162;300;38,05;29,97;2,09;2,08;2,14;1336;1184;152;2787;2461;326;72
20260330;2024;03;TT;TODAS CONSOLIDADAS;12;ALBERGUE;AMAZONAS;010000;1;6;11;0;0;0;0;0;0;0;0;0;0;0;0
20260330;2024;03;TT;TODAS CONSOLIDADAS;12;ALBERGUE;ÁNCASH;020000;7;68;149;19,73;11,08;1,58;1,58;1,62;324;311;13;512;491;21;16
20260330;2024;03;TT;TODAS CONSOLIDADAS;12;ALBERGUE;AREQUIPA;040000;10;153;356;24,33;21,71;1,5;1,55;1,47;1599;590;1009;2396;914;1482;117
20260330;2024;03;TT;TODAS CONSOLIDADAS;12;ALBERGUE;AYACUCHO;050000;1;10;20;0;0;0;0;0;0;0;0;0;0;0;0
20260330;2024;03;TT;TODAS CONSOLIDADAS;12;ALBERGUE;CAJAMARCA;060000;1;11;22;0;0;0;0;0;0;0;0;0;0;0;0
20260330;2024;03;TT;TODAS CONSOLIDADAS;12;ALBERGUE;CUSCO;080000;16;360;622;19,31;20,23;1,51;1,4;1,52;2578;68;2510;3901;95;3806;145
20260330;2024;03;TT;TODAS CONSOLIDADAS;12;ALBERGUE;HUÁNUCO;100000;6;75;100;0;0;0;0;0;0;0;0;0;0;0;0
20260330;2024;03;TT;TODAS CONSOLIDADAS;12;ALBERGUE;ICA;110000;5;47;177;35,62;44,98;1,53;1,55;1,5;1616;931;685;2468;1442;1026;16
20260330;2024;03;TT;TODAS CONSOLIDADAS;12;ALBERGUE;JUNÍN;120000;1;32;104;16,73;14,45;2,08;2,1;1,73;224;213;11;466;447;19;20
20260330;2024;03;TT;TODAS CONSOLIDADAS;12;ALBERGUE;LA LIBERTAD;130000;1;15;27;42,58;25,57;1,52;1,5;1,67;141;129;12;214;194;20;4
20260330;2024;03;TT;TODAS CONSOLIDADAS;12;ALBERGUE;LIMA;150000;8;128;417;10,69;12,32;1,97;1,94;2,45;810;763;47;1592;1477;115;33
20260330;2024;03;TT;TODAS CONSOLIDADAS;12;ALBERGUE;LORETO;160000;61;885;1841;19,62;17,46;1,95;1,5;2,13;5099;1462;3637;9964;2200;7764;277
20260330;2024;03;TT;TODAS CONSOLIDADAS;12;ALBERGUE;MADRE DE DIOS;170000;13;257;519;27,75;29,47;2,39;2,2;2,4;1985;152;1833;4742;335;4407;166
20260330;2024;03;TT;TODAS CONSOLIDADAS;12;ALBERGUE;PASCO;190000;18;254;722;10,43;9,06;1,43;1,4;2,47;1423;1393;30;2028;1954;74;62
20260330;2024;03;TT;TODAS CONSOLIDADAS;12;ALBERGUE;PUNO;210000;1;13;35;0;0;0;0;0;0;0;0;0;0;0;0
20260330;2024;03;TT;TODAS CONSOLIDADAS;12;ALBERGUE;SAN MARTÍN;220000;11;159;352;28,24;25,88;2,27;2,26;2,33;1245;1064;181;2824;2402;422;52
20260330;2024;03;TT;TODAS CONSOLIDADAS;12;ALBERGUE;UCAYALI;250000;4;49;133;23,77;18,48;6,15;2,04;9,01;124;51;73;762;104;658;25
20260330;2024;03;TT;TODAS CONSOLIDADAS;13;ECOLODGE;AREQUIPA;040000;1;23;51;19,07;18,6;1,37;1,54;1,32;215;48;167;294;74;220;7
20260330;2024;03;TT;TODAS CONSOLIDADAS;13;ECOLODGE;SAN MARTÍN;220000;1;12;24;0;0;0;0;0;0;0;0;0;0;0;0
20260330;2024;03;TT;TODAS CONSOLIDADAS;TT;TODAS CONSOLIDADAS;AMAZONAS;010000;434;5513;8844;15,24;12,7;1,25;1,24;1,5;31069;30373;696;38623;37472;1151;1010
20260330;2024;03;TT;TODAS CONSOLIDADAS;TT;TODAS CONSOLIDADAS;ÁNCASH;020000;1041;12892;22374;19,96;16,28;1,27;1,26;1,56;96740;94258;2482;122662;118393;4269;2350
20260330;2024;03;TT;TODAS CONSOLIDADAS;TT;TODAS CONSOLIDADAS;APURÍMAC;030000;536;5351;8429;18,89;13,65;1,15;1,15;1,09;33325;32965;360;38841;38381;460;579
20260330;2024;03;TT;TODAS CONSOLIDADAS;TT;TODAS CONSOLIDADAS;AREQUIPA;040000;1643;18902;32793;19,59;16,31;1,46;1,41;1,6;124212;95532;28680;186092;138682;47410;3370
20260330;2024;03;TT;TODAS CONSOLIDADAS;TT;TODAS CONSOLIDADAS;AYACUCHO;050000;660;6891;11377;17,74;14,55;1,22;1,22;1,18;41267;40450;817;52920;51538;1382;926
20260330;2024;03;TT;TODAS CONSOLIDADAS;TT;TODAS CONSOLIDADAS;CAJAMARCA;060000;1088;14216;22931;17,81;14,18;1,5;1,49;3,02;71490;70577;913;103056;101178;1878;2201
20260330;2024;03;TT;TODAS CONSOLIDADAS;TT;TODAS CONSOLIDADAS;CALLAO;070000;293;4798;8828;39,09;37,21;1,02;1,02;1,2;163196;149720;13476;170049;152426;17623;1388
20260330;2024;03;TT;TODAS CONSOLIDADAS;TT;TODAS CONSOLIDADAS;CUSCO;080000;2291;28550;52145;24,99;23,13;1,7;1,38;1,9;259482;79239;180243;437651;110835;326816;7569
20260330;2024;03;TT;TODAS CONSOLIDADAS;TT;TODAS CONSOLIDADAS;HUANCAVELICA;090000;246;2761;4264;17,52;13,82;1,09;1,09;1,35;16654;16551;103;18325;18184;141;327
20260330;2024;03;TT;TODAS CONSOLIDADAS;TT;TODAS CONSOLIDADAS;HUÁNUCO;100000;642;8758;13615;18,3;15,17;1,16;1,15;1,28;58268;57828;440;72577;71828;749;1287
20260330;2024;03;TT;TODAS CONSOLIDADAS;TT;TODAS CONSOLIDADAS;ICA;110000;1083;15639;27968;25,21;18,93;1,24;1,25;1,24;147737;122870;24867;197594;164106;33488;3634
20260330;2024;03;TT;TODAS CONSOLIDADAS;TT;TODAS CONSOLIDADAS;JUNÍN;120000;1612;17861;29733;19,1;15,2;1,17;1,17;2,02;117549;117102;447;140865;139949;916;3308
20260330;2024;03;TT;TODAS CONSOLIDADAS;TT;TODAS CONSOLIDADAS;LA LIBERTAD;130000;1304;14188;24843;11,65;10,07;1,4;1,26;2,04;82277;76116;6161;117422;104772;12650;2111
20260330;2024;03;TT;TODAS CONSOLIDADAS;TT;TODAS CONSOLIDADAS;LAMBAYEQUE;140000;750;10708;16129;19,04;14,91;1,13;1,12;1,23;71154;69547;1607;86385;83696;2689;1902
20260330;2024;03;TT;TODAS CONSOLIDADAS;TT;TODAS CONSOLIDADAS;LIMA;150000;7753;84960;149813;24,25;22,21;1,18;1,17;1,37;3130902;2936093;194809;3810517;3436656;373860;48995
20260330;2024;03;TT;TODAS CONSOLIDADAS;TT;TODAS CONSOLIDADAS;LORETO;160000;925;9349;15244;13,44;11,79;1,66;1,65;1,62;37096;24078;13018;65730;42341;23389;1480
20260330;2024;03;TT;TODAS CONSOLIDADAS;TT;TODAS CONSOLIDADAS;MADRE DE DIOS;170000;381;5736;9547;21,98;18,35;1,22;1,18;1,58;45041;39416;5625;56235;45941;10294;1127
20260330;2024;03;TT;TODAS CONSOLIDADAS;TT;TODAS CONSOLIDADAS;MOQUEGUA;180000;298;4198;7104;20,35;15,31;1,4;1,4;1,38;24522;23815;707;39584;38261;1323;729
20260330;2024;03;TT;TODAS CONSOLIDADAS;TT;TODAS CONSOLIDADAS;PASCO;190000;465;5625;9395;18,3;14,39;1,22;1,22;1,24;33173;33092;81;40552;40413;139;1007
20260330;2024;03;TT;TODAS CONSOLIDADAS;TT;TODAS CONSOLIDADAS;PIURA;200000;1234;12865;23063;31,25;25,74;1,54;1,5;1,82;117583;101866;15717;184005;154556;29449;2762
20260330;2024;03;TT;TODAS CONSOLIDADAS;TT;TODAS CONSOLIDADAS;PUNO;210000;1012;11336;19709;20,56;17,1;1,23;1,23;1,23;86240;69638;16602;111099;86299;24800;2105
20260330;2024;03;TT;TODAS CONSOLIDADAS;TT;TODAS CONSOLIDADAS;TACNA;230000;514;6278;12251;17,76;13,36;1,56;1,5;1,69;34455;21275;13180;59209;34051;25158;931
20260330;2024;03;TT;TODAS CONSOLIDADAS;TT;TODAS CONSOLIDADAS;TUMBES;240000;283;3744;7539;15,72;14,95;1,67;1,67;1,61;27072;23193;3879;54342;45972;8370;1191
20260330;2024;03;TT;TODAS CONSOLIDADAS;TT;TODAS CONSOLIDADAS;UCAYALI;250000;579;6633;10490;22,71;20,31;3,02;2,99;3,12;24755;23286;1470;68254;63900;4354;1357
20260330;2024;04;01;HOTEL;01;1 ESTRELLA;LA LIBERTAD;130000;5;116;201;19,66;13,57;1;1;1;818;811;7;818;811;7;20
20260330;2024;03;TT;TODAS CONSOLIDADAS;TT;TODAS CONSOLIDADAS;SAN MARTÍN;220000;983;11789;18972;23,43;17,98;1,4;1,4;1,63;77161;75564;1597;113660;110790;2870;2302
20260330;2024;04;00;NO CLASIFICADO;00;NO CATEGORIZADO;AMAZONAS;010000;300;2805;4426;11,39;8,79;1,2;1,18;1,54;9698;9081;617;11667;10718;949;513
20260330;2024;04;00;NO CLASIFICADO;TT;TODAS CONSOLIDADAS;AMAZONAS;010000;300;2805;4426;11,39;8,79;1,2;1,18;1,54;9698;9081;617;11667;10718;949;513
20260330;2024;04;01;HOTEL;01;1 ESTRELLA;AMAZONAS;010000;1;20;24;0;0;0;0;0;0;0;0;0;0;0;0
20260330;2024;04;00;NO CLASIFICADO;00;NO CATEGORIZADO;ÁNCASH;020000;738;6467;10954;17,6;13,73;1,17;1,17;1,19;38481;34880;3601;45125;40840;4285;1189
20260330;2024;04;00;NO CLASIFICADO;TT;TODAS CONSOLIDADAS;ÁNCASH;020000;738;6467;10954;17,6;13,73;1,17;1,17;1,19;38481;34880;3601;45125;40840;4285;1189
20260330;2024;04;01;HOTEL;01;1 ESTRELLA;ÁNCASH;020000;13;380;585;22,86;17,74;1,13;1,13;0;2761;2761;0;3113;3113;0;49
20260330;2024;04;00;NO CLASIFICADO;00;NO CATEGORIZADO;APURÍMAC;030000;507;4508;7073;18,28;12,84;1,14;1,14;1,1;23944;23741;203;27248;27024;224;431
20260330;2024;04;00;NO CLASIFICADO;TT;TODAS CONSOLIDADAS;APURÍMAC;030000;507;4508;7073;18,28;12,84;1,14;1,14;1,1;23944;23741;203;27248;27024;224;431
20260330;2024;04;01;HOTEL;01;1 ESTRELLA;APURÍMAC;030000;2;67;99;45,97;41,72;1,06;1,06;0;1168;1168;0;1239;1239;0;9
20260330;2024;04;00;NO CLASIFICADO;00;NO CATEGORIZADO;AREQUIPA;040000;1275;10909;18504;18,05;15,26;1,4;1,34;1,52;60707;42506;18201;84697;56968;27729;1299
20260330;2024;04;01;HOTEL;01;1 ESTRELLA;AREQUIPA;040000;7;239;401;26,3;23,51;1,08;1,08;1;2617;2611;6;2828;2822;6;40
20260330;2024;04;00;NO CLASIFICADO;00;NO CATEGORIZADO;AYACUCHO;050000;611;5733;9297;12;11,08;1,27;1,27;1,27;24235;24000;235;30895;30597;298;692
20260330;2024;04;00;NO CLASIFICADO;TT;TODAS CONSOLIDADAS;AYACUCHO;050000;611;5733;9297;12;11,08;1,27;1,27;1,27;24235;24000;235;30895;30597;298;692
20260330;2024;04;01;HOTEL;01;1 ESTRELLA;AYACUCHO;050000;8;200;353;12,97;13,92;1,93;1,93;1;765;764;1;1474;1473;1;35
20260330;2024;04;00;NO CLASIFICADO;00;NO CATEGORIZADO;CAJAMARCA;060000;740;6473;10316;15,49;11,73;1,31;1,31;2,01;27712;27535;177;36293;35938;355;727
20260330;2024;04;00;NO CLASIFICADO;TT;TODAS CONSOLIDADAS;CAJAMARCA;060000;740;6473;10316;15,49;11,73;1,31;1,31;2,01;27712;27535;177;36293;35938;355;727
20260330;2024;04;01;HOTEL;01;1 ESTRELLA;CAJAMARCA;060000;5;132;235;10,66;8,5;1,41;1,41;0;424;424;0;599;599;0;22
20260330;2024;04;00;NO CLASIFICADO;00;NO CATEGORIZADO;CALLAO;070000;272;3748;7017;39,19;37,55;1;1;1,04;137246;135677;1569;137746;136120;1626;1113
20260330;2024;04;00;NO CLASIFICADO;TT;TODAS CONSOLIDADAS;CALLAO;070000;272;3748;7017;39,19;37,55;1;1;1,04;137246;135677;1569;137746;136120;1626;1113
20260330;2024;04;00;NO CLASIFICADO;00;NO CATEGORIZADO;CUSCO;080000;1995;19022;33926;26,3;24;1,71;1,34;1,92;142506;50879;91627;244265;68081;176184;3681
20260330;2024;04;00;NO CLASIFICADO;TT;TODAS CONSOLIDADAS;CUSCO;080000;1995;19022;33926;26,3;24;1,71;1,34;1,92;142506;50879;91627;244265;68081;176184;3681
20260330;2024;04;01;HOTEL;01;1 ESTRELLA;CUSCO;080000;4;118;193;11,05;11,24;1,16;1,16;0;563;563;0;651;651;0;19
20260330;2024;04;00;NO CLASIFICADO;00;NO CATEGORIZADO;HUANCAVELICA;090000;239;2537;3875;15,27;12,19;1,09;1,09;1,13;13048;13032;16;14171;14153;18;280
20260330;2024;04;00;NO CLASIFICADO;TT;TODAS CONSOLIDADAS;HUANCAVELICA;090000;239;2537;3875;15,27;12,19;1,09;1,09;1,13;13048;13032;16;14171;14153;18;280
20260330;2024;04;00;NO CLASIFICADO;00;NO CATEGORIZADO;HUÁNUCO;100000;502;5309;7980;17,09;13,92;1,13;1,13;1,31;29397;29294;103;33328;33193;135;657
20260330;2024;04;01;HOTEL;01;1 ESTRELLA;HUÁNUCO;100000;8;241;369;20,65;14,43;1,06;1,06;0;1507;1507;0;1597;1597;0;36
20260330;2024;04;00;NO CLASIFICADO;00;NO CATEGORIZADO;ICA;110000;794;8008;13483;18,53;13,44;1,15;1,13;1,22;47216;36794;10422;54368;41692;12676;1438
20260330;2024;04;00;NO CLASIFICADO;TT;TODAS CONSOLIDADAS;ICA;110000;794;8008;13483;18,53;13,44;1,15;1,13;1,22;47216;36794;10422;54368;41692;12676;1438
20260330;2024;04;01;HOTEL;01;1 ESTRELLA;ICA;110000;6;126;208;16,35;9,31;1;1;1;581;578;3;581;578;3;19
20260330;2024;04;00;NO CLASIFICADO;00;NO CATEGORIZADO;JUNÍN;120000;1512;15262;24806;19,18;14,87;1,14;1,13;1,61;97440;97106;334;110643;110104;539;2749
20260330;2024;04;00;NO CLASIFICADO;TT;TODAS CONSOLIDADAS;JUNÍN;120000;1512;15262;24806;19,18;14,87;1,14;1,13;1,61;97440;97106;334;110643;110104;539;2749
20260330;2024;04;01;HOTEL;01;1 ESTRELLA;JUNÍN;120000;5;221;475;16,97;10,6;1,43;1,43;0;1054;1054;0;1510;1510;0;22
20260330;2024;04;00;NO CLASIFICADO;00;NO CATEGORIZADO;LA LIBERTAD;130000;999;7388;12366;5;4;1,17;1,09;1,84;12645;11188;1457;14849;12164;2685;542
20260330;2024;04;00;NO CLASIFICADO;TT;TODAS CONSOLIDADAS;LA LIBERTAD;130000;999;7388;12366;5;4;1,17;1,09;1,84;12645;11188;1457;14849;12164;2685;542
20260330;2024;04;00;NO CLASIFICADO;00;NO CATEGORIZADO;LAMBAYEQUE;140000;455;4525;6605;15,32;12,28;1,03;1,03;1,01;23570;23237;333;24340;24004;336;560
20260330;2024;04;00;NO CLASIFICADO;TT;TODAS CONSOLIDADAS;LAMBAYEQUE;140000;455;4525;6605;15,32;12,28;1,03;1,03;1,01;23570;23237;333;24340;24004;336;560
20260330;2024;04;00;NO CLASIFICADO;00;NO CATEGORIZADO;LIMA;150000;7137;55721;96233;21,49;18,95;1,09;1,09;1,21;2516378;2451735;64643;2741076;2662686;78390;39195
20260330;2024;04;00;NO CLASIFICADO;TT;TODAS CONSOLIDADAS;LIMA;150000;7137;55721;96233;21,49;18,95;1,09;1,09;1,21;2516378;2451735;64643;2741076;2662686;78390;39195
20260330;2024;04;00;NO CLASIFICADO;00;NO CATEGORIZADO;LORETO;160000;800;6836;10699;13;11,44;1,72;1,76;1,67;21330;12432;8898;36704;21838;14866;694
20260330;2024;04;00;NO CLASIFICADO;TT;TODAS CONSOLIDADAS;LORETO;160000;800;6836;10699;13;11,44;1,72;1,76;1,67;21330;12432;8898;36704;21838;14866;694
20260330;2024;04;00;NO CLASIFICADO;00;NO CATEGORIZADO;MADRE DE DIOS;170000;345;4824;7897;19,75;16,76;1,26;1,17;1,82;31576;27524;4052;39707;32328;7379;826
20260330;2024;04;00;NO CLASIFICADO;TT;TODAS CONSOLIDADAS;MADRE DE DIOS;170000;345;4824;7897;19,75;16,76;1,26;1,17;1,82;31576;27524;4052;39707;32328;7379;826
20260330;2024;04;00;NO CLASIFICADO;00;NO CATEGORIZADO;MOQUEGUA;180000;169;1738;2983;15,24;11,64;1,5;1,5;1,34;6931;6872;59;10415;10336;79;236
20260330;2024;04;00;NO CLASIFICADO;TT;TODAS CONSOLIDADAS;MOQUEGUA;180000;169;1738;2983;15,24;11,64;1,5;1,5;1,34;6931;6872;59;10415;10336;79;236
20260330;2024;04;00;NO CLASIFICADO;00;NO CATEGORIZADO;PASCO;190000;385;4090;6489;17,84;13,43;1,18;1,18;1,06;22230;22214;16;26143;26126;17;760
20260330;2024;04;00;NO CLASIFICADO;TT;TODAS CONSOLIDADAS;PASCO;190000;385;4090;6489;17,84;13,43;1,18;1,18;1,06;22230;22214;16;26143;26126;17;760
20260330;2024;04;00;NO CLASIFICADO;00;NO CATEGORIZADO;PIURA;200000;1165;10655;19216;24,92;18,71;1,58;1,44;2,27;68175;56212;11963;107837;80698;27139;2106
20260330;2024;04;00;NO CLASIFICADO;TT;TODAS CONSOLIDADAS;PIURA;200000;1165;10655;19216;24,92;18,71;1,58;1,44;2,27;68175;56212;11963;107837;80698;27139;2106
20260330;2024;04;00;NO CLASIFICADO;00;NO CATEGORIZADO;PUNO;210000;841;7439;12487;21,28;17,74;1,19;1,19;1,31;55726;53073;2653;66468;62983;3485;1338
20260330;2024;04;00;NO CLASIFICADO;00;NO CATEGORIZADO;SAN MARTÍN;220000;879;9248;14509;21,2;16,62;1,27;1,23;2,67;57157;55802;1355;72336;68722;3614;1619
20260330;2024;04;00;NO CLASIFICADO;00;NO CATEGORIZADO;TACNA;230000;432;4063;7280;9,51;7,43;1,21;1,2;1,22;13419;9829;3590;16221;11825;4396;477
20260330;2024;04;00;NO CLASIFICADO;TT;TODAS CONSOLIDADAS;TACNA;230000;432;4063;7280;9,51;7,43;1,21;1,2;1,22;13419;9829;3590;16221;11825;4396;477
20260330;2024;04;00;NO CLASIFICADO;00;NO CATEGORIZADO;TUMBES;240000;250;2430;4634;11,14;9,76;1,44;1,43;1,56;9435;8712;723;13563;12435;1128;351
20260330;2024;04;00;NO CLASIFICADO;TT;TODAS CONSOLIDADAS;TUMBES;240000;250;2430;4634;11,14;9,76;1,44;1,43;1,56;9435;8712;723;13563;12435;1128;351
20260330;2024;04;00;NO CLASIFICADO;00;NO CATEGORIZADO;UCAYALI;250000;547;5428;8370;22,99;20,66;2,96;2,96;2,69;17552;17025;527;51887;50470;1417;977
20260330;2024;04;00;NO CLASIFICADO;TT;TODAS CONSOLIDADAS;UCAYALI;250000;547;5428;8370;22,99;20,66;2,96;2,96;2,69;17552;17025;527;51887;50470;1417;977
20260330;2024;04;00;NO CLASIFICADO;TT;TODAS CONSOLIDADAS;AREQUIPA;040000;1275;10909;18504;18,05;15,26;1,4;1,34;1,52;60707;42506;18201;84697;56968;27729;1299
20260330;2024;04;00;NO CLASIFICADO;TT;TODAS CONSOLIDADAS;HUÁNUCO;100000;502;5309;7980;17,09;13,92;1,13;1,13;1,31;29397;29294;103;33328;33193;135;657
20260330;2024;04;00;NO CLASIFICADO;TT;TODAS CONSOLIDADAS;PUNO;210000;841;7439;12487;21,28;17,74;1,19;1,19;1,31;55726;53073;2653;66468;62983;3485;1338
20260330;2024;04;00;NO CLASIFICADO;TT;TODAS CONSOLIDADAS;SAN MARTÍN;220000;879;9248;14509;21,2;16,62;1,27;1,23;2,67;57157;55802;1355;72336;68722;3614;1619
20260330;2024;04;01;HOTEL;01;1 ESTRELLA;LAMBAYEQUE;140000;3;83;90;1,61;1,3;1;1;0;35;35;0;35;35;0;14
20260330;2024;04;01;HOTEL;01;1 ESTRELLA;LIMA;150000;12;428;752;34,38;33,13;1,08;1,08;1,17;6717;6627;90;7275;7170;105;63
20260330;2024;04;01;HOTEL;01;1 ESTRELLA;MADRE DE DIOS;170000;5;145;258;22,05;19,19;1;1;1,01;1479;1410;69;1485;1415;70;26
20260330;2024;04;01;HOTEL;01;1 ESTRELLA;MOQUEGUA;180000;2;61;87;26,45;18,97;1,07;1,07;1;461;460;1;495;494;1;8
20260330;2024;04;01;HOTEL;01;1 ESTRELLA;PASCO;190000;6;176;274;17,67;13,8;1,08;1,08;0;1051;1051;0;1134;1134;0;29
20260330;2024;04;01;HOTEL;01;1 ESTRELLA;PIURA;200000;2;40;77;5;21,08;1,29;1,29;0;378;378;0;487;487;0;6
20260330;2024;04;01;HOTEL;01;1 ESTRELLA;PUNO;210000;4;102;181;19,44;23,2;1,67;1,68;1,17;753;747;6;1260;1253;7;15
20260330;2024;04;01;HOTEL;01;1 ESTRELLA;SAN MARTÍN;220000;6;126;199;23,31;25,11;1,25;1,25;1,44;1200;1182;18;1499;1473;26;24
20260330;2024;04;01;HOTEL;01;1 ESTRELLA;TACNA;230000;3;99;205;3,5;2,98;2,69;2,69;0;68;68;0;183;183;0;12
20260330;2024;04;01;HOTEL;01;1 ESTRELLA;TUMBES;240000;2;47;100;0;0;0;0;0;0;0;0;0;0;0;0
20260330;2024;04;01;HOTEL;02;2 ESTRELLAS;AMAZONAS;010000;36;975;1588;21,81;17,6;1,21;1,21;1,47;6934;6875;59;8386;8299;87;156
20260330;2024;04;01;HOTEL;02;2 ESTRELLAS;ÁNCASH;020000;60;1637;2989;16,43;12,1;1,49;1,5;1,33;7277;7087;190;10851;10598;253;251
20260330;2024;04;01;HOTEL;02;2 ESTRELLAS;APURÍMAC;030000;7;277;473;25,03;18,89;1,12;1,12;1,25;2394;2386;8;2681;2671;10;28
20260330;2024;04;01;HOTEL;02;2 ESTRELLAS;AREQUIPA;040000;41;1152;2014;21,52;17,84;1,58;1,59;1,45;6803;6413;390;10780;10213;567;186
20260330;2024;04;01;HOTEL;02;2 ESTRELLAS;AYACUCHO;050000;8;340;593;13,05;12,75;1,51;1,5;1,68;1504;1473;31;2268;2216;52;51
20260330;2024;04;01;HOTEL;02;2 ESTRELLAS;CAJAMARCA;060000;64;1739;2735;18,51;13,92;1,2;1,2;1,17;9523;9445;78;11419;11328;91;257
20260330;2024;04;01;HOTEL;02;2 ESTRELLAS;CALLAO;070000;1;40;67;28,08;30,1;1,15;1,18;1,13;528;204;324;605;240;365;6
20260330;2024;04;01;HOTEL;02;2 ESTRELLAS;CUSCO;080000;49;1227;2291;22,34;20,86;1,62;1,65;1,61;8862;2400;6462;14335;3948;10387;384
20260330;2024;04;01;HOTEL;02;2 ESTRELLAS;HUANCAVELICA;090000;2;40;69;46,33;40,24;1,77;1,77;1,75;471;463;8;833;819;14;9
20260330;2024;04;01;HOTEL;02;2 ESTRELLAS;HUÁNUCO;100000;54;1645;2604;26,5;20,71;1,37;1,37;1,51;11809;11729;80;16177;16056;121;267
20260330;2024;04;01;HOTEL;02;2 ESTRELLAS;ICA;110000;55;1574;2779;17,02;12,31;1,06;1,06;1,04;9652;9342;310;10259;9938;321;241
20260330;2024;04;01;HOTEL;02;2 ESTRELLAS;JUNÍN;120000;29;891;1583;22,13;15,59;1,29;1,28;1,49;5747;5642;105;7404;7248;156;147
20260330;2024;04;01;HOTEL;02;2 ESTRELLAS;LA LIBERTAD;130000;21;525;902;27,23;26,64;1,3;1,25;1,78;5530;4955;575;7208;6187;1021;97
20260330;2024;04;01;HOTEL;02;2 ESTRELLAS;LAMBAYEQUE;140000;71;1965;3021;17,56;13,26;1,16;1,16;1,77;10345;10228;117;12022;11815;207;295
20260330;2024;04;01;HOTEL;02;2 ESTRELLAS;LIMA;150000;123;5081;8933;40,72;35,76;1,28;1,26;1,6;87460;84287;3173;111602;106534;5068;941
20260330;2024;04;01;HOTEL;02;2 ESTRELLAS;LORETO;160000;9;206;354;15,58;10,62;1,28;1,25;1,57;878;774;104;1128;965;163;44
20260330;2024;04;01;HOTEL;02;2 ESTRELLAS;MADRE DE DIOS;170000;7;188;328;36,79;26,96;1,18;1,18;1,41;2241;2159;82;2653;2537;116;36
20260330;2024;04;01;HOTEL;02;2 ESTRELLAS;MOQUEGUA;180000;24;596;1000;25,78;18,87;1,5;1,49;1,6;3777;3525;252;5660;5258;402;117
20260330;2024;04;01;HOTEL;02;2 ESTRELLAS;PASCO;190000;6;191;358;22,16;12,59;1,21;1,21;1;1114;1113;1;1352;1351;1;34
20260330;2024;04;01;HOTEL;02;2 ESTRELLAS;PIURA;200000;17;420;701;25,29;20,24;2,13;2,15;1,48;1995;1937;58;4256;4170;86;78
20260330;2024;04;01;HOTEL;02;2 ESTRELLAS;PUNO;210000;29;675;1197;14,3;10,51;1,26;1,21;1,75;2991;2694;297;3773;3253;520;91
20260330;2024;04;01;HOTEL;02;2 ESTRELLAS;SAN MARTÍN;220000;27;757;1299;26,8;20,94;1,61;1,57;2,34;5079;4862;217;8159;7651;508;158
20260330;2024;04;01;HOTEL;02;2 ESTRELLAS;TACNA;230000;30;869;2190;23,54;10;1,65;1,66;1,64;3977;2528;1449;6568;4192;2376;168
20260330;2024;04;01;HOTEL;02;2 ESTRELLAS;TUMBES;240000;6;162;295;22,04;18,7;2,01;2,04;1,31;824;789;35;1655;1609;46;38
20260330;2024;04;01;HOTEL;02;2 ESTRELLAS;UCAYALI;250000;2;63;116;13,33;7,61;3,15;3,24;1,8;84;79;5;265;256;9;13
20260330;2024;04;01;HOTEL;03;3 ESTRELLAS;AMAZONAS;010000;19;463;822;22,93;16,77;1,32;1,28;1,87;3131;2936;195;4135;3771;364;116
20260330;2024;04;01;HOTEL;03;3 ESTRELLAS;ÁNCASH;020000;41;1392;2468;21,54;15,29;1,5;1,46;2,13;7526;6975;551;11320;10149;1171;328
20260330;2024;04;01;HOTEL;03;3 ESTRELLAS;APURÍMAC;030000;5;178;298;46,16;34,55;1,58;1,61;1,34;1952;1732;220;3089;2795;294;51
20260330;2024;04;01;HOTEL;03;3 ESTRELLAS;AREQUIPA;040000;69;2068;3850;35,67;28,15;1,84;2,06;1,62;17646;9081;8565;32512;18674;13838;611
20260330;2024;04;01;HOTEL;03;3 ESTRELLAS;AYACUCHO;050000;8;259;495;16,65;13,13;1,9;1,91;1,76;1028;939;89;1950;1793;157;74
20260330;2024;04;01;HOTEL;03;3 ESTRELLAS;CAJAMARCA;060000;70;2174;3687;16,7;11,38;1,44;1,43;1,85;8743;8531;212;12584;12192;392;424
20260330;2024;04;01;HOTEL;03;3 ESTRELLAS;CALLAO;070000;4;233;391;39,03;37,4;1,61;1,57;1,71;2732;1987;745;4387;3114;1273;56
20260330;2024;04;01;HOTEL;03;3 ESTRELLAS;CUSCO;080000;91;3261;6383;48,19;41,56;1,72;1,6;1,74;46285;7741;38544;79574;12361;67213;1056
20260330;2024;04;01;HOTEL;03;3 ESTRELLAS;HUANCAVELICA;090000;2;65;108;13,23;9,26;1,42;1,4;2;211;205;6;300;288;12;10
20260330;2024;04;01;HOTEL;03;3 ESTRELLAS;HUÁNUCO;100000;18;658;1201;20,99;16,93;1,6;1,59;1,9;3802;3683;119;6100;5874;226;145
20260330;2024;04;01;HOTEL;03;3 ESTRELLAS;ICA;110000;66;2252;4385;36,04;24,64;1,36;1,43;1,24;23893;14280;9613;32409;20482;11927;510
20260330;2024;04;01;HOTEL;03;3 ESTRELLAS;JUNÍN;120000;20;771;1434;18,27;12,06;1,57;1,57;1,51;3313;3190;123;5188;5002;186;197
20260330;2024;04;01;HOTEL;03;3 ESTRELLAS;LA LIBERTAD;130000;77;2277;4369;29,32;21,24;1,84;1,81;2,33;15119;14094;1025;27839;25451;2388;553
20260330;2024;04;01;HOTEL;03;3 ESTRELLAS;LAMBAYEQUE;140000;35;1134;1879;24,28;18,52;1,55;1,53;2,05;6718;6441;277;10438;9870;568;244
20260330;2024;04;01;HOTEL;03;3 ESTRELLAS;LIMA;150000;160;8355;15971;44,15;36,59;1,73;1,46;2,13;101613;60960;40653;175298;88855;86443;2280
20260330;2024;04;01;HOTEL;03;3 ESTRELLAS;LORETO;160000;27;789;1355;31,43;25,25;2,13;2,12;2,16;4819;3891;928;10265;8264;2001;252
20260330;2024;04;01;HOTEL;03;3 ESTRELLAS;MADRE DE DIOS;170000;5;192;354;32;28,61;1,76;1,95;1,38;1730;1144;586;3038;2229;809;59
20260330;2024;04;01;HOTEL;03;3 ESTRELLAS;MOQUEGUA;180000;12;378;616;33,03;23,43;1,62;1,63;1,53;2671;2518;153;4329;4095;234;85
20260330;2024;04;01;HOTEL;03;3 ESTRELLAS;PASCO;190000;6;144;264;7,94;6,02;1,44;1,44;0;331;331;0;477;477;0;19
20260330;2024;04;01;HOTEL;03;3 ESTRELLAS;PIURA;200000;20;716;1182;41,25;31,97;1,77;1,67;2,46;6421;5646;775;11337;9432;1905;222
20260330;2024;04;01;HOTEL;03;3 ESTRELLAS;PUNO;210000;28;885;1694;34,01;29,01;1,5;1,53;1,49;9827;2900;6927;14743;4439;10304;189
20260330;2024;04;01;HOTEL;03;3 ESTRELLAS;SAN MARTÍN;220000;24;855;1510;28,94;22,32;1,79;1,79;1,93;5633;5498;135;10111;9851;260;198
20260330;2024;04;01;HOTEL;03;3 ESTRELLAS;TACNA;230000;9;370;807;27,91;44,04;3,62;3,01;4,05;2943;1207;1736;10661;3633;7028;95
20260330;2024;04;01;HOTEL;03;3 ESTRELLAS;TUMBES;240000;9;284;565;35,88;30,78;2,45;2,51;2,24;2128;1665;463;5218;4182;1036;118
20260330;2024;04;01;HOTEL;03;3 ESTRELLAS;UCAYALI;250000;15;535;874;28,48;22,48;1,91;1,89;2,21;3079;2811;268;5894;5302;592;127
20260330;2024;04;01;HOTEL;04;4 ESTRELLAS;APURÍMAC;030000;1;32;56;39,06;22,32;2,01;2,01;1,96;187;160;27;375;322;53;14
20260330;2024;04;01;HOTEL;04;4 ESTRELLAS;AREQUIPA;040000;11;558;1042;37,22;32,54;1,71;1,71;1,71;5943;2205;3738;10173;3772;6401;244
20260330;2024;04;01;HOTEL;04;4 ESTRELLAS;CAJAMARCA;060000;4;214;379;44,64;34,61;1,9;1,83;2,3;2066;1751;315;3935;3212;723;154
20260330;2024;04;01;HOTEL;04;4 ESTRELLAS;CALLAO;070000;2;371;599;94,94;86,43;1,3;1,26;1,31;11932;1914;10018;15531;2414;13117;130
20260330;2024;04;01;HOTEL;04;4 ESTRELLAS;CUSCO;080000;21;1610;3167;74,11;68,23;1,77;1,62;1,78;36636;3233;33403;64827;5243;59584;904
20260330;2024;04;01;HOTEL;04;4 ESTRELLAS;HUÁNUCO;100000;1;60;101;54,44;37,26;1,85;1,86;1,52;611;588;23;1129;1094;35;29
20260330;2024;04;01;HOTEL;04;4 ESTRELLAS;ICA;110000;8;814;1731;28,71;27,93;1,58;1,72;1,36;9168;5635;3533;14505;9710;4795;384
20260330;2024;04;01;HOTEL;04;4 ESTRELLAS;JUNÍN;120000;1;40;82;25,75;28,29;1,74;1,71;3,13;401;393;8;696;671;25;19
20260330;2024;04;01;HOTEL;04;4 ESTRELLAS;LA LIBERTAD;130000;4;318;546;47,59;44,14;2,11;2,08;2,22;3430;2744;686;7230;5705;1525;127
20260330;2024;04;01;HOTEL;04;4 ESTRELLAS;LAMBAYEQUE;140000;5;359;656;59,59;43,85;1,46;1,41;1,8;5913;5137;776;8630;7234;1396;269
20260330;2024;04;01;HOTEL;04;4 ESTRELLAS;LIMA;150000;44;4337;7848;49,11;45,09;2,14;1,71;2,35;49594;16414;33180;106156;28037;78119;1616
20260330;2024;04;01;HOTEL;04;4 ESTRELLAS;LORETO;160000;3;137;253;40,41;27,09;1,5;1,45;1,72;1367;1111;256;2056;1616;440;65
20260330;2024;04;01;HOTEL;04;4 ESTRELLAS;MOQUEGUA;180000;2;123;234;58,7;80,9;6,87;7,72;2,06;827;702;125;5679;5421;258;56
20260330;2024;04;01;HOTEL;04;4 ESTRELLAS;PIURA;200000;4;393;744;36,67;26,36;2,13;2,05;2,48;2763;2270;493;5884;4663;1221;137
20260330;2024;04;01;HOTEL;04;4 ESTRELLAS;PUNO;210000;8;508;962;43,18;39,49;1,77;1,63;1,79;6426;763;5663;11398;1245;10153;190
20260330;2024;04;01;HOTEL;04;4 ESTRELLAS;SAN MARTÍN;220000;1;55;85;29,03;23,45;1,97;1,93;3,11;304;295;9;598;570;28;20
20260330;2024;04;01;HOTEL;04;4 ESTRELLAS;TACNA;230000;3;275;541;29,73;24,03;1,58;1,73;1,43;2473;1198;1275;3900;2072;1828;95
20260330;2024;04;01;HOTEL;04;4 ESTRELLAS;TUMBES;240000;5;265;520;29,14;28,96;2,02;2,27;1,63;2241;1361;880;4517;3087;1430;159
20260330;2024;04;01;HOTEL;04;4 ESTRELLAS;UCAYALI;250000;5;288;513;33,39;25,22;2,01;1,91;2,36;1933;1502;431;3881;2865;1016;120
20260330;2024;04;01;HOTEL;05;5 ESTRELLAS;AREQUIPA;040000;3;241;341;45,45;46,46;1,76;1,62;1,92;2708;1483;1225;4753;2397;2356;184
20260330;2024;04;01;HOTEL;05;5 ESTRELLAS;CUSCO;080000;15;1283;2519;67,64;61,43;1,71;1,54;1,73;27080;2390;24690;46419;3671;42748;1164
20260330;2024;04;01;HOTEL;05;5 ESTRELLAS;ICA;110000;4;439;1083;36,23;29,52;1,77;1,73;1,84;5431;3679;1752;9591;6376;3215;532
20260330;2024;04;01;HOTEL;05;5 ESTRELLAS;LA LIBERTAD;130000;2;267;450;37,83;33,39;1,71;1,64;2,07;2634;2210;424;4507;3630;877;191
20260330;2024;04;01;HOTEL;05;5 ESTRELLAS;LIMA;150000;27;4811;8415;52,43;41,37;2,33;1,64;2,53;44912;10182;34730;104435;16698;87737;3575
20260330;2024;04;01;HOTEL;05;5 ESTRELLAS;LORETO;160000;1;60;89;47,89;47,72;1,45;1,49;1,4;881;450;431;1274;671;603;54
20260330;2024;04;01;HOTEL;05;5 ESTRELLAS;PIURA;200000;1;83;166;58,67;38,51;1,74;1,67;1,9;1103;793;310;1918;1328;590;82
20260330;2024;04;01;HOTEL;05;5 ESTRELLAS;PUNO;210000;1;123;231;50,14;71,53;1,59;1,66;1,58;3116;324;2792;4957;538;4419;29
20260330;2024;04;01;HOTEL;05;5 ESTRELLAS;SAN MARTÍN;220000;1;50;108;29,07;30,99;1,88;1,87;2,06;534;518;16;1004;971;33;63
20260330;2024;04;01;HOTEL;05;5 ESTRELLAS;UCAYALI;250000;2;162;300;36,93;28,12;1,92;1,97;1,67;1317;1090;227;2531;2152;379;73
20260330;2024;04;01;HOTEL;TT;TODAS CONSOLIDADAS;AMAZONAS;010000;56;1458;2434;21,87;17,15;1,24;1,23;1,78;10065;9811;254;12521;12070;451;272
20260330;2024;04;01;HOTEL;TT;TODAS CONSOLIDADAS;ÁNCASH;020000;114;3409;6042;19,23;13,95;1,44;1,42;1,92;17564;16823;741;25284;23860;1424;628
20260330;2024;04;01;HOTEL;TT;TODAS CONSOLIDADAS;APURÍMAC;030000;15;554;926;35,16;26,58;1,3;1,29;1,4;5701;5446;255;7384;7027;357;102
20260330;2024;04;01;HOTEL;TT;TODAS CONSOLIDADAS;AREQUIPA;040000;131;4258;7648;32,07;26,61;1,71;1,74;1,66;35717;21793;13924;61046;37878;23168;1265
20260330;2024;04;01;HOTEL;TT;TODAS CONSOLIDADAS;AYACUCHO;050000;24;799;1441;14,2;13,17;1,73;1,73;1,74;3297;3176;121;5692;5482;210;160
20260330;2024;04;01;HOTEL;TT;TODAS CONSOLIDADAS;CAJAMARCA;060000;143;4259;7036;18,66;13,52;1,37;1,36;1,99;20756;20151;605;28537;27331;1206;857
20260330;2024;04;01;HOTEL;TT;TODAS CONSOLIDADAS;CALLAO;070000;7;644;1057;70,56;64,72;1,35;1,41;1,33;15192;4105;11087;20523;5768;14755;192
20260330;2024;04;01;HOTEL;TT;TODAS CONSOLIDADAS;CUSCO;080000;180;7499;14553;52,27;47,14;1,72;1,58;1,75;119426;16327;103099;205806;25874;179932;3527
20260330;2024;04;01;HOTEL;TT;TODAS CONSOLIDADAS;HUANCAVELICA;090000;4;105;177;25,84;21,34;1,66;1,66;1,86;682;668;14;1133;1107;26;19
20260330;2024;04;01;HOTEL;TT;TODAS CONSOLIDADAS;HUÁNUCO;100000;81;2604;4275;25,21;19,5;1,41;1,41;1,72;17729;17507;222;25003;24621;382;477
20260330;2024;04;01;HOTEL;TT;TODAS CONSOLIDADAS;ICA;110000;139;5205;10186;28,68;22,04;1,38;1,4;1,33;48725;33514;15211;67345;47084;20261;1686
20260330;2024;04;01;HOTEL;TT;TODAS CONSOLIDADAS;JUNÍN;120000;55;1923;3574;20,06;13,8;1,41;1,4;1,56;10515;10279;236;14798;14431;367;385
20260330;2024;04;01;HOTEL;TT;TODAS CONSOLIDADAS;LA LIBERTAD;130000;109;3503;6468;31;24,53;1,73;1,68;2,14;27531;24814;2717;47602;41784;5818;988
20260330;2024;04;01;HOTEL;TT;TODAS CONSOLIDADAS;LAMBAYEQUE;140000;114;3541;5646;23,6;18,38;1,35;1,33;1,86;23011;21841;1170;31125;28954;2171;822
20260330;2024;04;01;HOTEL;TT;TODAS CONSOLIDADAS;LIMA;150000;366;23012;41919;46,75;39,35;1,85;1,44;2,31;299835;160545;139290;553825;231442;322383;10011
20260330;2024;04;01;HOTEL;TT;TODAS CONSOLIDADAS;LORETO;160000;40;1192;2051;30,55;23,93;1,85;1,85;1,87;7945;6226;1719;14723;11516;3207;415
20260330;2024;04;01;HOTEL;TT;TODAS CONSOLIDADAS;MADRE DE DIOS;170000;17;525;940;30,97;25,45;1,32;1,31;1,35;5450;4713;737;7176;6181;995;121
20260330;2024;04;01;HOTEL;TT;TODAS CONSOLIDADAS;MOQUEGUA;180000;40;1158;1937;31,68;27,81;2,09;2,12;1,69;7736;7205;531;16163;15268;895;266
20260330;2024;04;01;HOTEL;TT;TODAS CONSOLIDADAS;PASCO;190000;18;511;896;16,61;11,02;1,19;1,19;1;2496;2495;1;2963;2962;1;82
20260330;2024;04;01;HOTEL;TT;TODAS CONSOLIDADAS;PIURA;200000;44;1652;2870;36,1;27,74;1,89;1,82;2,32;12660;11024;1636;23882;20080;3802;525
20260330;2024;04;01;HOTEL;TT;TODAS CONSOLIDADAS;PUNO;210000;70;2293;4265;30,45;28,24;1,56;1,44;1,62;23113;7428;15685;36131;10728;25403;514
20260330;2024;04;01;HOTEL;TT;TODAS CONSOLIDADAS;SAN MARTÍN;220000;59;1843;3201;27,68;22,25;1,68;1,66;2,16;12750;12355;395;21371;20516;855;463
20260330;2024;04;01;HOTEL;TT;TODAS CONSOLIDADAS;TACNA;230000;45;1613;3743;24,37;18,98;2,25;2,02;2,52;9461;5001;4460;21312;10080;11232;370
20260330;2024;04;01;HOTEL;TT;TODAS CONSOLIDADAS;TUMBES;240000;22;758;1480;28,34;25,65;2,19;2,33;1,82;5193;3815;1378;11390;8878;2512;315
20260330;2024;04;01;HOTEL;TT;TODAS CONSOLIDADAS;UCAYALI;250000;24;1048;1803;30,23;23,24;1,96;1,93;2,14;6413;5482;931;12571;10575;1996;333
20260330;2024;04;02;APART HOTEL;03;3 ESTRELLAS;ÁNCASH;020000;2;16;44;24,17;24,17;2,28;2,21;3;140;128;12;319;283;36;4
20260330;2024;04;02;APART HOTEL;03;3 ESTRELLAS;APURÍMAC;030000;1;23;36;48,55;41,94;1,9;1,97;1,53;238;202;36;453;398;55;9
20260330;2024;04;02;APART HOTEL;03;3 ESTRELLAS;AREQUIPA;040000;1;19;35;3,51;2,38;1,25;1,25;0;20;20;0;25;25;0;5
20260330;2024;04;02;APART HOTEL;03;3 ESTRELLAS;CAJAMARCA;060000;2;13;24;0;0;0;0;0;0;0;0;0;0;0;0
20260330;2024;04;02;APART HOTEL;03;3 ESTRELLAS;ICA;110000;3;36;52;8,43;7,05;1,21;1,21;0;91;91;0;110;110;0;11
20260330;2024;04;02;APART HOTEL;03;3 ESTRELLAS;LIMA;150000;6;138;268;39,49;31,09;2,39;2,25;2,58;1044;586;458;2500;1317;1183;46
20260330;2024;04;02;APART HOTEL;03;3 ESTRELLAS;LORETO;160000;1;24;46;0;0;0;0;0;0;0;0;0;0;0;0
20260330;2024;04;02;APART HOTEL;03;3 ESTRELLAS;MOQUEGUA;180000;1;9;17;18,89;11,57;1,64;1,68;1,4;36;31;5;59;52;7;4
20260330;2024;04;02;APART HOTEL;03;3 ESTRELLAS;PASCO;190000;1;15;17;0;0;0;0;0;0;0;0;0;0;0;0
20260330;2024;04;02;APART HOTEL;03;3 ESTRELLAS;TUMBES;240000;2;19;54;7,54;3,46;2,8;3;2,2;20;15;5;56;45;11;15
20260330;2024;04;02;APART HOTEL;04;4 ESTRELLAS;AREQUIPA;040000;1;19;31;44,56;42,04;2,56;2,48;2,87;153;123;30;391;305;86;8
20260330;2024;04;02;APART HOTEL;04;4 ESTRELLAS;LIMA;150000;8;610;1277;56,12;50,69;2,22;1,83;3,1;8754;6100;2654;19418;11183;8235;431
20260330;2024;04;02;APART HOTEL;04;4 ESTRELLAS;LORETO;160000;1;13;23;37,95;30,14;1;1;1;208;47;161;208;47;161;6
20260330;2024;04;02;APART HOTEL;04;4 ESTRELLAS;SAN MARTÍN;220000;1;24;48;49,58;39,17;1,67;1,68;1,64;337;284;53;564;477;87;18
20260330;2024;04;02;APART HOTEL;05;5 ESTRELLAS;LIMA;150000;4;250;435;45,79;38,37;3,4;3,15;3,52;1472;475;997;5007;1496;3511;110
20260330;2024;04;02;APART HOTEL;TT;TODAS CONSOLIDADAS;ÁNCASH;020000;2;16;44;24,17;24,17;2,28;2,21;3;140;128;12;319;283;36;4
20260330;2024;04;02;APART HOTEL;TT;TODAS CONSOLIDADAS;APURÍMAC;030000;1;23;36;48,55;41,94;1,9;1,97;1,53;238;202;36;453;398;55;9
20260330;2024;04;02;APART HOTEL;TT;TODAS CONSOLIDADAS;AREQUIPA;040000;2;38;66;24,04;21,01;2,4;2,31;2,87;173;143;30;416;330;86;13
20260330;2024;04;02;APART HOTEL;TT;TODAS CONSOLIDADAS;CAJAMARCA;060000;2;13;24;0;0;0;0;0;0;0;0;0;0;0;0
20260330;2024;04;02;APART HOTEL;TT;TODAS CONSOLIDADAS;ICA;110000;3;36;52;8,43;7,05;1,21;1,21;0;91;91;0;110;110;0;11
20260330;2024;04;02;APART HOTEL;TT;TODAS CONSOLIDADAS;LIMA;150000;18;998;1980;51,23;45,33;2,39;1,95;3,15;11270;7161;4109;26925;13996;12929;587
20260330;2024;04;02;APART HOTEL;TT;TODAS CONSOLIDADAS;LORETO;160000;2;37;69;13,33;10,05;1;1;1;208;47;161;208;47;161;6
20260330;2024;04;02;APART HOTEL;TT;TODAS CONSOLIDADAS;MOQUEGUA;180000;1;9;17;18,89;11,57;1,64;1,68;1,4;36;31;5;59;52;7;4
20260330;2024;04;02;APART HOTEL;TT;TODAS CONSOLIDADAS;PASCO;190000;1;15;17;0;0;0;0;0;0;0;0;0;0;0;0
20260330;2024;04;02;APART HOTEL;TT;TODAS CONSOLIDADAS;SAN MARTÍN;220000;1;24;48;49,58;39,17;1,67;1,68;1,64;337;284;53;564;477;87;18
20260330;2024;04;02;APART HOTEL;TT;TODAS CONSOLIDADAS;TUMBES;240000;2;19;54;7,54;3,46;2,8;3;2,2;20;15;5;56;45;11;15
20260330;2024;04;03;HOSTAL;01;1 ESTRELLA;AMAZONAS;010000;17;245;354;20,24;17,72;1,03;1,03;0;1831;1831;0;1882;1882;0;43
20260330;2024;04;03;HOSTAL;01;1 ESTRELLA;ÁNCASH;020000;38;557;917;27,88;22,64;1,1;1,1;2,13;5646;5615;31;6228;6162;66;92
20260330;2024;04;03;HOSTAL;01;1 ESTRELLA;APURÍMAC;030000;5;109;166;39,69;40,36;1,06;1,06;1,6;1898;1888;10;2010;1994;16;15
20260330;2024;04;03;HOSTAL;01;1 ESTRELLA;AREQUIPA;040000;51;763;1177;28,48;25,35;1,18;1,19;1,17;7556;7263;293;8950;8608;342;132
20260330;2024;04;03;HOSTAL;01;1 ESTRELLA;AYACUCHO;050000;12;166;301;10,36;10,17;1,5;1,5;0;614;614;0;918;918;0;26
20260330;2024;04;03;HOSTAL;01;1 ESTRELLA;CAJAMARCA;060000;20;333;515;24,72;15,59;1,21;1,21;1;1999;1993;6;2409;2403;6;66
20260330;2024;04;03;HOSTAL;01;1 ESTRELLA;CALLAO;070000;8;159;301;46,18;49,55;1,05;1,03;1,33;4584;4207;377;4816;4313;503;29
20260330;2024;04;03;HOSTAL;01;1 ESTRELLA;CUSCO;080000;25;424;709;21,43;19,11;1,09;1,07;2,11;3739;3695;44;4065;3972;93;60
20260330;2024;04;03;HOSTAL;01;1 ESTRELLA;HUANCAVELICA;090000;2;66;94;16,72;11,88;1,02;1,02;0;327;327;0;335;335;0;5
20260330;2024;04;03;HOSTAL;01;1 ESTRELLA;HUÁNUCO;100000;25;360;536;47,44;44,55;1,52;1,52;0;4703;4703;0;7163;7163;0;65
20260330;2024;04;03;HOSTAL;01;1 ESTRELLA;ICA;110000;18;222;336;24,1;19,46;1;1;0;1962;1962;0;1962;1962;0;39
20260330;2024;04;03;HOSTAL;01;1 ESTRELLA;JUNÍN;120000;12;170;294;23,71;18,49;1,23;1,23;0;1328;1328;0;1631;1631;0;29
20260330;2024;04;03;HOSTAL;01;1 ESTRELLA;LA LIBERTAD;130000;26;371;648;28,19;23,82;1,78;1,78;0;2595;2595;0;4631;4631;0;62
20260330;2024;04;03;HOSTAL;01;1 ESTRELLA;LAMBAYEQUE;140000;15;206;300;21,34;20,52;1,02;1,02;0;1804;1804;0;1847;1847;0;39
20260330;2024;04;03;HOSTAL;01;1 ESTRELLA;LIMA;150000;76;1574;2778;35,39;26,77;1,18;1,18;1,28;24797;24161;636;29322;28507;815;332
20260330;2024;04;03;HOSTAL;01;1 ESTRELLA;LORETO;160000;6;99;158;17,47;13,86;1,42;1,43;1,35;463;414;49;657;591;66;28
20260330;2024;04;03;HOSTAL;01;1 ESTRELLA;MADRE DE DIOS;170000;2;53;101;11,51;7,95;1,26;1,26;0;192;192;0;241;241;0;7
20260330;2024;04;03;HOSTAL;01;1 ESTRELLA;MOQUEGUA;180000;19;279;481;17,44;11,36;1,28;1,28;1,44;1281;1256;25;1639;1603;36;48
20260330;2024;04;03;HOSTAL;01;1 ESTRELLA;PASCO;190000;20;342;504;22,92;16,87;1,05;1,05;0;2438;2438;0;2551;2551;0;57
20260330;2024;04;03;HOSTAL;01;1 ESTRELLA;PIURA;200000;3;56;81;19,11;12,51;1,55;1,55;1,75;196;192;4;304;297;7;11
20260330;2024;04;03;HOSTAL;01;1 ESTRELLA;PUNO;210000;32;460;808;19,03;14,67;1,07;1,06;1,16;3334;3178;156;3556;3375;181;70
20260330;2024;04;03;HOSTAL;01;1 ESTRELLA;SAN MARTÍN;220000;1;20;34;9,5;7,45;1,15;1,15;0;66;66;0;76;76;0;8
20260330;2024;04;03;HOSTAL;01;1 ESTRELLA;TACNA;230000;10;175;306;13,96;13,66;1,1;1,1;1,11;1136;733;403;1254;808;446;29
20260330;2024;04;03;HOSTAL;02;2 ESTRELLAS;AMAZONAS;010000;53;896;1420;19,89;16,42;1,11;1,1;2,06;6285;6204;81;6997;6830;167;149
20260330;2024;04;03;HOSTAL;02;2 ESTRELLAS;ÁNCASH;020000;127;2117;3735;31,73;29,16;1,16;1,16;1,39;28255;28150;105;32678;32532;146;364
20260330;2024;04;03;HOSTAL;02;2 ESTRELLAS;APURÍMAC;030000;7;143;221;36,6;30,87;1,14;1,14;1;1792;1766;26;2047;2021;26;25
20260330;2024;04;03;HOSTAL;02;2 ESTRELLAS;AREQUIPA;040000;128;2047;3651;28,77;23,66;1,3;1,29;1,43;19941;18967;974;25916;24528;1388;364
20260330;2024;04;03;HOSTAL;02;2 ESTRELLAS;AYACUCHO;050000;8;110;203;20,64;22,12;2,03;2,03;1,97;664;626;38;1347;1272;75;22
20260330;2024;04;03;HOSTAL;02;2 ESTRELLAS;CAJAMARCA;060000;132;2314;3664;17,49;12,32;1,17;1,17;1,09;11548;11414;134;13546;13400;146;371
20260330;2024;04;03;HOSTAL;02;2 ESTRELLAS;CALLAO;070000;6;247;453;45,8;40,49;1,01;1,01;1;5472;5463;9;5502;5493;9;38
20260330;2024;04;03;HOSTAL;02;2 ESTRELLAS;CUSCO;080000;45;744;1340;30,14;27,89;1,68;1,55;1,82;6662;3464;3198;11213;5380;5833;141
20260330;2024;04;03;HOSTAL;02;2 ESTRELLAS;HUANCAVELICA;090000;1;44;82;14,24;11,54;1,11;1,1;1,38;256;248;8;284;273;11;3
20260330;2024;04;03;HOSTAL;02;2 ESTRELLAS;HUÁNUCO;100000;26;348;567;34,63;25,78;1,11;1,11;1,38;3953;3932;21;4386;4357;29;88
20260330;2024;04;03;HOSTAL;02;2 ESTRELLAS;ICA;110000;81;1230;2000;31,7;29,59;1,01;1;1,11;17629;17137;492;17756;17208;548;196
20260330;2024;04;03;HOSTAL;02;2 ESTRELLAS;JUNÍN;120000;24;394;759;25,09;23,44;1,21;1,21;1,67;4404;4398;6;5337;5327;10;79
20260330;2024;04;03;HOSTAL;02;2 ESTRELLAS;LA LIBERTAD;130000;122;2051;3675;18,17;17,84;1,21;1,21;1;16263;16247;16;19671;19655;16;358
20260330;2024;04;03;HOSTAL;02;2 ESTRELLAS;LAMBAYEQUE;140000;144;2101;3049;26,6;19,86;1,18;1,18;1,11;15348;15284;64;18163;18092;71;407
20260330;2024;04;03;HOSTAL;02;2 ESTRELLAS;LIMA;150000;118;2911;5313;36,55;33,71;1,42;1,33;2,04;55141;48431;6710;78321;64629;13692;716
20260330;2024;04;03;HOSTAL;02;2 ESTRELLAS;LORETO;160000;8;152;232;12,46;13,46;2,13;2,1;2,43;439;392;47;937;823;114;32
20260330;2024;04;03;HOSTAL;02;2 ESTRELLAS;MADRE DE DIOS;170000;5;130;196;36,92;28,74;1,33;1,32;1,65;1266;1200;66;1690;1581;109;23
20260330;2024;04;03;HOSTAL;02;2 ESTRELLAS;MOQUEGUA;180000;62;925;1511;17,04;12,39;1,41;1,41;1,26;3982;3883;99;5617;5492;125;167
20260330;2024;04;03;HOSTAL;02;2 ESTRELLAS;PASCO;190000;17;322;625;11,38;8,19;1,36;1,35;2,08;1132;1119;13;1535;1508;27;45
20260330;2024;04;03;HOSTAL;02;2 ESTRELLAS;PIURA;200000;23;475;809;26,9;19,67;1,9;1,9;1,86;2517;2361;156;4773;4483;290;85
20260330;2024;04;03;HOSTAL;02;2 ESTRELLAS;PUNO;210000;56;868;1626;21,48;16,01;1,25;1,24;1,28;6247;5112;1135;7811;6357;1454;146
20260330;2024;04;03;HOSTAL;02;2 ESTRELLAS;SAN MARTÍN;220000;22;313;493;25,93;23,88;1,62;1,62;1,87;2179;2164;15;3532;3504;28;71
20260330;2024;04;03;HOSTAL;02;2 ESTRELLAS;TACNA;230000;28;472;906;27,78;16,27;2,04;1,96;2,07;2167;605;1562;4422;1183;3239;88
20260330;2024;04;03;HOSTAL;02;2 ESTRELLAS;TUMBES;240000;5;66;131;9,34;7,05;1,48;1,43;1,63;187;136;51;277;194;83;18
20260330;2024;04;03;HOSTAL;02;2 ESTRELLAS;UCAYALI;250000;2;68;124;15,93;9,41;1,39;1,38;2,5;252;250;2;350;345;5;16
20260330;2024;04;03;HOSTAL;03;3 ESTRELLAS;AMAZONAS;010000;10;135;264;13,98;10,52;1,35;1,34;1,37;619;576;43;833;774;59;32
20260330;2024;04;03;HOSTAL;03;3 ESTRELLAS;ÁNCASH;020000;21;329;633;16,37;13,21;1,64;1,62;1,94;1534;1471;63;2509;2387;122;72
20260330;2024;04;03;HOSTAL;03;3 ESTRELLAS;APURÍMAC;030000;1;24;43;30,97;17,29;1,53;1,55;1;146;140;6;223;217;6;5
20260330;2024;04;03;HOSTAL;03;3 ESTRELLAS;AREQUIPA;040000;45;706;1298;28,94;25,64;1,76;1,7;1,86;5672;3457;2215;9985;5872;4113;183
20260330;2024;04;03;HOSTAL;03;3 ESTRELLAS;AYACUCHO;050000;3;51;100;33,14;22,4;2,04;2,02;2,15;329;269;60;672;543;129;28
20260330;2024;04;03;HOSTAL;03;3 ESTRELLAS;CAJAMARCA;060000;53;820;1329;17,65;14,04;1,53;1,52;1,74;3660;3570;90;5597;5440;157;197
20260330;2024;04;03;HOSTAL;03;3 ESTRELLAS;CUSCO;080000;20;339;670;23,68;20,77;1,74;1,38;2,05;2394;1093;1301;4175;1508;2667;69
20260330;2024;04;03;HOSTAL;03;3 ESTRELLAS;HUÁNUCO;100000;1;31;39;0;0;0;0;0;0;0;0;0;0;0;0
20260330;2024;04;03;HOSTAL;03;3 ESTRELLAS;ICA;110000;42;693;1306;35,76;23,59;1,37;1,4;1,3;6742;4628;2114;9243;6486;2757;148
20260330;2024;04;03;HOSTAL;03;3 ESTRELLAS;JUNÍN;120000;3;57;114;29,65;18,07;1,59;1,59;1;389;387;2;618;616;2;35
20260330;2024;04;03;HOSTAL;03;3 ESTRELLAS;LA LIBERTAD;130000;46;839;1626;32,84;26,13;1,08;1,08;1,13;11790;11432;358;12746;12342;404;163
20260330;2024;04;03;HOSTAL;03;3 ESTRELLAS;LAMBAYEQUE;140000;23;341;513;36,63;27,54;1,31;1,32;1,05;3231;3190;41;4239;4196;43;74
20260330;2024;04;03;HOSTAL;03;3 ESTRELLAS;LIMA;150000;24;494;934;18,44;15,51;1,15;1,16;1,12;3766;3190;576;4347;3703;644;91
20260330;2024;04;03;HOSTAL;03;3 ESTRELLAS;LORETO;160000;7;122;200;22,35;20,22;1,91;1,91;1,95;635;592;43;1213;1129;84;30
20260330;2024;04;03;HOSTAL;03;3 ESTRELLAS;MADRE DE DIOS;170000;1;22;28;32,73;38,1;1,46;1,46;0;219;219;0;320;320;0;2
20260330;2024;04;03;HOSTAL;03;3 ESTRELLAS;MOQUEGUA;180000;6;89;164;34,38;22,11;2,03;2,03;0;535;535;0;1088;1088;0;18
20260330;2024;04;03;HOSTAL;03;3 ESTRELLAS;PASCO;190000;2;21;44;17,3;12,65;1,21;1,22;1;138;133;5;167;162;5;9
20260330;2024;04;03;HOSTAL;03;3 ESTRELLAS;PIURA;200000;2;36;88;8,7;7,69;2,01;1,88;2,69;101;85;16;203;160;43;19
20260330;2024;04;03;HOSTAL;03;3 ESTRELLAS;PUNO;210000;11;206;361;33,12;25,63;1,67;1,75;1,46;1662;1206;456;2776;2112;664;47
20260330;2024;04;03;HOSTAL;03;3 ESTRELLAS;SAN MARTÍN;220000;6;110;242;43,52;39,92;2,56;2,54;2,84;1133;1083;50;2898;2756;142;48
20260330;2024;04;03;HOSTAL;03;3 ESTRELLAS;TACNA;230000;4;78;178;29,27;21,55;2,27;2,25;2,28;508;229;279;1151;515;636;16
20260330;2024;04;03;HOSTAL;03;3 ESTRELLAS;TUMBES;240000;3;51;102;0;0;0;0;0;0;0;0;0;0;0;0
20260330;2024;04;03;HOSTAL;03;3 ESTRELLAS;UCAYALI;250000;1;35;52;15,33;14,68;1,65;1,65;0;139;139;0;229;229;0;5
20260330;2024;04;03;HOSTAL;TT;TODAS CONSOLIDADAS;AMAZONAS;010000;80;1276;2038;19,33;15,88;1,11;1,1;1,82;8735;8611;124;9712;9486;226;224
20260330;2024;04;03;HOSTAL;TT;TODAS CONSOLIDADAS;ÁNCASH;020000;186;3003;5285;29,33;26,12;1,17;1,17;1,68;35435;35236;199;41415;41081;334;528
20260330;2024;04;03;HOSTAL;TT;TODAS CONSOLIDADAS;APURÍMAC;030000;13;276;430;37,33;33,18;1,12;1,12;1,14;3836;3794;42;4280;4232;48;45
20260330;2024;04;03;HOSTAL;TT;TODAS CONSOLIDADAS;AREQUIPA;040000;224;3516;6126;28,74;24,4;1,35;1,31;1,68;33169;29687;3482;44851;39008;5843;679
20260330;2024;04;03;HOSTAL;TT;TODAS CONSOLIDADAS;AYACUCHO;050000;23;327;604;17,37;16,21;1,83;1,81;2,08;1607;1509;98;2937;2733;204;76
20260330;2024;04;03;HOSTAL;TT;TODAS CONSOLIDADAS;CAJAMARCA;060000;205;3467;5508;18,22;13,04;1,25;1,25;1,34;17207;16977;230;21552;21243;309;634
20260330;2024;04;03;HOSTAL;TT;TODAS CONSOLIDADAS;CALLAO;070000;14;406;754;45,93;43,65;1,02;1,01;1,32;10395;10054;341;10633;10183;450;70
20260330;2024;04;03;HOSTAL;TT;TODAS CONSOLIDADAS;CUSCO;080000;90;1507;2719;26,24;23,85;1,52;1,32;1,89;12795;8252;4543;19453;10860;8593;270
20260330;2024;04;03;HOSTAL;TT;TODAS CONSOLIDADAS;HUANCAVELICA;090000;3;110;176;15,73;11,72;1,06;1,06;1,38;583;575;8;619;608;11;8
20260330;2024;04;03;HOSTAL;TT;TODAS CONSOLIDADAS;HUÁNUCO;100000;52;739;1142;39,42;33,71;1,33;1,33;1,38;8656;8635;21;11549;11520;29;153
20260330;2024;04;03;HOSTAL;TT;TODAS CONSOLIDADAS;ICA;110000;141;2145;3642;32,23;26,51;1,1;1,08;1,27;26333;23727;2606;28961;25656;3305;383
20260330;2024;04;03;HOSTAL;TT;TODAS CONSOLIDADAS;JUNÍN;120000;39;621;1167;25,13;21,67;1,24;1,24;1,5;6121;6113;8;7586;7574;12;143
20260330;2024;04;03;HOSTAL;TT;TODAS CONSOLIDADAS;LA LIBERTAD;130000;194;3261;5949;23,09;20,76;1,21;1,21;1,12;30648;30274;374;37048;36628;420;583
20260330;2024;04;03;HOSTAL;TT;TODAS CONSOLIDADAS;LAMBAYEQUE;140000;182;2648;3862;27,49;20,93;1,19;1,19;1,09;20383;20278;105;24249;24135;114;520
20260330;2024;04;03;HOSTAL;TT;TODAS CONSOLIDADAS;LIMA;150000;218;4979;9025;31,88;27,56;1,31;1,26;1,77;71604;64531;7074;93932;81423;12509;1058
20260330;2024;04;03;HOSTAL;TT;TODAS CONSOLIDADAS;LORETO;160000;21;373;590;17,02;15,86;1,83;1,82;1,9;1537;1398;139;2807;2543;264;90
20260330;2024;04;03;HOSTAL;TT;TODAS CONSOLIDADAS;MADRE DE DIOS;170000;8;205;325;29,9;23,09;1,34;1,33;1,65;1677;1611;66;2251;2142;109;32
20260330;2024;04;03;HOSTAL;TT;TODAS CONSOLIDADAS;MOQUEGUA;180000;87;1293;2156;18,32;12,9;1,44;1,44;1,3;5798;5674;124;8344;8183;161;233
20260330;2024;04;03;HOSTAL;TT;TODAS CONSOLIDADAS;PASCO;190000;39;685;1173;17,32;12,09;1,15;1,14;1,78;3708;3690;18;4253;4221;32;111
20260330;2024;04;03;HOSTAL;TT;TODAS CONSOLIDADAS;PIURA;200000;28;567;978;24,97;18;1,88;1,87;1,93;2814;2638;176;5280;4940;340;115
20260330;2024;04;03;HOSTAL;TT;TODAS CONSOLIDADAS;PUNO;210000;99;1534;2795;22,31;16,87;1,26;1,25;1,32;11243;9496;1747;14143;11844;2299;263
20260330;2024;04;03;HOSTAL;TT;TODAS CONSOLIDADAS;SAN MARTÍN;220000;29;443;769;29,56;28,2;1,93;1,91;2,62;3378;3313;65;6506;6336;170;127
20260330;2024;04;03;HOSTAL;TT;TODAS CONSOLIDADAS;TACNA;230000;42;725;1390;24,61;16,37;1,79;1,6;1,93;3811;1567;2244;6827;2506;4321;133
20260330;2024;04;03;HOSTAL;TT;TODAS CONSOLIDADAS;TUMBES;240000;8;117;233;5,27;3,96;1,48;1,43;1,63;187;136;51;277;194;83;18
20260330;2024;04;03;HOSTAL;TT;TODAS CONSOLIDADAS;UCAYALI;250000;3;103;176;15,73;10,97;1,48;1,48;2,5;391;389;2;579;574;5;21
20260330;2024;04;05;ALBERGUE;12;ALBERGUE;AMAZONAS;010000;1;6;11;0;0;0;0;0;0;0;0;0;0;0;0
20260330;2024;04;05;ALBERGUE;12;ALBERGUE;ÁNCASH;020000;7;68;149;22,79;12,64;1,62;1,61;1,69;349;320;29;565;516;49;16
20260330;2024;04;05;ALBERGUE;12;ALBERGUE;AREQUIPA;040000;10;145;341;40,55;35,15;1,37;1,32;1,39;2622;539;2083;3596;711;2885;111
20260330;2024;04;05;ALBERGUE;12;ALBERGUE;AYACUCHO;050000;1;10;20;0;0;0;0;0;0;0;0;0;0;0;0
20260330;2024;04;05;ALBERGUE;12;ALBERGUE;CAJAMARCA;060000;1;11;22;0;0;0;0;0;0;0;0;0;0;0;0
20260330;2024;04;05;ALBERGUE;12;ALBERGUE;CUSCO;080000;16;360;622;31,19;30,14;1,35;1,59;1,34;4180;64;4116;5625;102;5523;159
20260330;2024;04;05;ALBERGUE;12;ALBERGUE;HUANCAVELICA;090000;1;14;47;7,38;5,6;2,19;2,19;0;36;36;0;79;79;0;14
20260330;2024;04;05;ALBERGUE;12;ALBERGUE;HUÁNUCO;100000;6;75;100;0;0;0;0;0;0;0;0;0;0;0;0
20260330;2024;04;05;ALBERGUE;12;ALBERGUE;ICA;110000;5;47;177;31,13;29,94;1,48;1,58;1,41;1072;478;594;1590;754;836;16
20260330;2024;04;05;ALBERGUE;12;ALBERGUE;JUNÍN;120000;1;32;104;13,02;8,62;1,67;1,73;1,29;161;140;21;269;242;27;19
20260330;2024;04;05;ALBERGUE;12;ALBERGUE;LA LIBERTAD;130000;1;15;27;54;39,75;1,77;1,66;2,82;182;165;17;322;274;48;4
20260330;2024;04;05;ALBERGUE;12;ALBERGUE;LIMA;150000;8;128;459;8,41;4,6;1,99;1,99;0;318;318;0;633;633;0;33
20260330;2024;04;05;ALBERGUE;12;ALBERGUE;LORETO;160000;60;829;1738;18,56;16,92;2,19;1,99;2,21;4034;435;3599;8824;864;7960;289
20260330;2024;04;05;ALBERGUE;12;ALBERGUE;MADRE DE DIOS;170000;15;333;689;31,66;32,19;2,3;1,75;2,37;2899;354;2545;6654;621;6033;210
20260330;2024;04;05;ALBERGUE;12;ALBERGUE;PASCO;190000;20;269;736;7,71;7,27;1,65;1,65;0;971;971;0;1606;1606;0;66
20260330;2024;04;05;ALBERGUE;12;ALBERGUE;PUNO;210000;1;13;35;0;0;0;0;0;0;0;0;0;0;0;0
20260330;2024;04;05;ALBERGUE;12;ALBERGUE;SAN MARTÍN;220000;11;159;352;20,34;18,46;2,22;2,11;2,65;878;697;181;1949;1469;480;52
20260330;2024;04;05;ALBERGUE;12;ALBERGUE;UCAYALI;250000;5;52;146;6,22;4,2;1,69;1,62;2,06;109;93;16;184;151;33;30
20260330;2024;04;05;ALBERGUE;TT;TODAS CONSOLIDADAS;AMAZONAS;010000;1;6;11;0;0;0;0;0;0;0;0;0;0;0;0
20260330;2024;04;05;ALBERGUE;TT;TODAS CONSOLIDADAS;ÁNCASH;020000;7;68;149;22,79;12,64;1,62;1,61;1,69;349;320;29;565;516;49;16
20260330;2024;04;05;ALBERGUE;TT;TODAS CONSOLIDADAS;AREQUIPA;040000;10;145;341;40,55;35,15;1,37;1,32;1,39;2622;539;2083;3596;711;2885;111
20260330;2024;04;05;ALBERGUE;TT;TODAS CONSOLIDADAS;AYACUCHO;050000;1;10;20;0;0;0;0;0;0;0;0;0;0;0;0
20260330;2024;04;05;ALBERGUE;TT;TODAS CONSOLIDADAS;CAJAMARCA;060000;1;11;22;0;0;0;0;0;0;0;0;0;0;0;0
20260330;2024;04;05;ALBERGUE;TT;TODAS CONSOLIDADAS;CUSCO;080000;16;360;622;31,19;30,14;1,35;1,59;1,34;4180;64;4116;5625;102;5523;159
20260330;2024;04;05;ALBERGUE;TT;TODAS CONSOLIDADAS;HUANCAVELICA;090000;1;14;47;7,38;5,6;2,19;2,19;0;36;36;0;79;79;0;14
20260330;2024;04;05;ALBERGUE;TT;TODAS CONSOLIDADAS;HUÁNUCO;100000;6;75;100;0;0;0;0;0;0;0;0;0;0;0;0
20260330;2024;04;05;ALBERGUE;TT;TODAS CONSOLIDADAS;ICA;110000;5;47;177;31,13;29,94;1,48;1,58;1,41;1072;478;594;1590;754;836;16
20260330;2024;04;05;ALBERGUE;TT;TODAS CONSOLIDADAS;JUNÍN;120000;1;32;104;13,02;8,62;1,67;1,73;1,29;161;140;21;269;242;27;19
20260330;2024;04;05;ALBERGUE;TT;TODAS CONSOLIDADAS;LA LIBERTAD;130000;1;15;27;54;39,75;1,77;1,66;2,82;182;165;17;322;274;48;4
20260330;2024;04;05;ALBERGUE;TT;TODAS CONSOLIDADAS;LIMA;150000;8;128;459;8,41;4,6;1,99;1,99;0;318;318;0;633;633;0;33
20260330;2024;04;05;ALBERGUE;TT;TODAS CONSOLIDADAS;LORETO;160000;60;829;1738;18,56;16,92;2,19;1,99;2,21;4034;435;3599;8824;864;7960;289
20260330;2024;04;05;ALBERGUE;TT;TODAS CONSOLIDADAS;MADRE DE DIOS;170000;15;333;689;31,66;32,19;2,3;1,75;2,37;2899;354;2545;6654;621;6033;210
20260330;2024;04;05;ALBERGUE;TT;TODAS CONSOLIDADAS;PASCO;190000;20;269;736;7,71;7,27;1,65;1,65;0;971;971;0;1606;1606;0;66
20260330;2024;04;05;ALBERGUE;TT;TODAS CONSOLIDADAS;PUNO;210000;1;13;35;0;0;0;0;0;0;0;0;0;0;0;0
20260330;2024;04;05;ALBERGUE;TT;TODAS CONSOLIDADAS;SAN MARTÍN;220000;11;159;352;20,34;18,46;2,22;2,11;2,65;878;697;181;1949;1469;480;52
20260330;2024;04;05;ALBERGUE;TT;TODAS CONSOLIDADAS;UCAYALI;250000;5;52;146;6,22;4,2;1,69;1,62;2,06;109;93;16;184;151;33;30
20260330;2024;04;14;RESORT;03;3 ESTRELLAS;ICA;110000;1;51;86;0;0;0;0;0;0;0;0;0;0;0;0
20260330;2024;04;14;RESORT;03;3 ESTRELLAS;TUMBES;240000;1;28;62;1,79;1,72;1,28;1,28;0;25;25;0;32;32;0;6
20260330;2024;04;14;RESORT;04;4 ESTRELLAS;TUMBES;240000;1;402;1101;50,23;42,06;2,36;2,35;2,39;5886;4258;1628;13892;10008;3884;463
20260330;2024;04;14;RESORT;05;5 ESTRELLAS;ICA;110000;1;49;94;59,46;66,99;1,58;1,51;1,67;1193;663;530;1889;1002;887;60
20260330;2024;04;14;RESORT;TT;TODAS CONSOLIDADAS;ICA;110000;2;100;180;29,13;34,98;1,58;1,51;1,67;1193;663;530;1889;1002;887;60
20260330;2024;04;14;RESORT;TT;TODAS CONSOLIDADAS;TUMBES;240000;2;430;1163;47,08;39,91;2,36;2,34;2,39;5911;4283;1628;13924;10040;3884;469
20260330;2024;04;16;ECOLODGE;13;ECOLODGE;AREQUIPA;040000;1;23;51;23,48;25,75;1,94;1,14;2,04;203;22;181;394;25;369;7
20260330;2024;04;16;ECOLODGE;TT;TODAS CONSOLIDADAS;AREQUIPA;040000;1;23;51;23,48;25,75;1,94;1,14;2,04;203;22;181;394;25;369;7
20260330;2024;04;TT;TODAS CONSOLIDADAS;00;NO CATEGORIZADO;AMAZONAS;010000;300;2805;4426;11,39;8,79;1,2;1,18;1,54;9698;9081;617;11667;10718;949;513
20260330;2024;04;TT;TODAS CONSOLIDADAS;00;NO CATEGORIZADO;ÁNCASH;020000;738;6467;10954;17,6;13,73;1,17;1,17;1,19;38481;34880;3601;45125;40840;4285;1189
20260330;2024;04;TT;TODAS CONSOLIDADAS;00;NO CATEGORIZADO;APURÍMAC;030000;507;4508;7073;18,28;12,84;1,14;1,14;1,1;23944;23741;203;27248;27024;224;431
20260330;2024;04;TT;TODAS CONSOLIDADAS;00;NO CATEGORIZADO;AREQUIPA;040000;1275;10909;18504;18,05;15,26;1,4;1,34;1,52;60707;42506;18201;84697;56968;27729;1299
20260330;2024;04;TT;TODAS CONSOLIDADAS;00;NO CATEGORIZADO;AYACUCHO;050000;611;5733;9297;12;11,08;1,27;1,27;1,27;24235;24000;235;30895;30597;298;692
20260330;2024;04;TT;TODAS CONSOLIDADAS;00;NO CATEGORIZADO;CAJAMARCA;060000;740;6473;10316;15,49;11,73;1,31;1,31;2,01;27712;27535;177;36293;35938;355;727
20260330;2024;04;TT;TODAS CONSOLIDADAS;00;NO CATEGORIZADO;CALLAO;070000;272;3748;7017;39,19;37,55;1;1;1,04;137246;135677;1569;137746;136120;1626;1113
20260330;2024;04;TT;TODAS CONSOLIDADAS;00;NO CATEGORIZADO;CUSCO;080000;1995;19022;33926;26,3;24;1,71;1,34;1,92;142506;50879;91627;244265;68081;176184;3681
20260330;2024;04;TT;TODAS CONSOLIDADAS;00;NO CATEGORIZADO;HUANCAVELICA;090000;239;2537;3875;15,27;12,19;1,09;1,09;1,13;13048;13032;16;14171;14153;18;280
20260330;2024;04;TT;TODAS CONSOLIDADAS;00;NO CATEGORIZADO;HUÁNUCO;100000;502;5309;7980;17,09;13,92;1,13;1,13;1,31;29397;29294;103;33328;33193;135;657
20260330;2024;04;TT;TODAS CONSOLIDADAS;00;NO CATEGORIZADO;ICA;110000;794;8008;13483;18,53;13,44;1,15;1,13;1,22;47216;36794;10422;54368;41692;12676;1438
20260330;2024;04;TT;TODAS CONSOLIDADAS;00;NO CATEGORIZADO;JUNÍN;120000;1512;15262;24806;19,18;14,87;1,14;1,13;1,61;97440;97106;334;110643;110104;539;2749
20260330;2024;04;TT;TODAS CONSOLIDADAS;00;NO CATEGORIZADO;LA LIBERTAD;130000;999;7388;12366;5;4;1,17;1,09;1,84;12645;11188;1457;14849;12164;2685;542
20260330;2024;04;TT;TODAS CONSOLIDADAS;00;NO CATEGORIZADO;LAMBAYEQUE;140000;455;4525;6605;15,32;12,28;1,03;1,03;1,01;23570;23237;333;24340;24004;336;560
20260330;2024;04;TT;TODAS CONSOLIDADAS;00;NO CATEGORIZADO;LIMA;150000;7137;55721;96233;21,49;18,95;1,09;1,09;1,21;2516378;2451735;64643;2741076;2662686;78390;39195
20260330;2024;04;TT;TODAS CONSOLIDADAS;00;NO CATEGORIZADO;LORETO;160000;800;6836;10699;13;11,44;1,72;1,76;1,67;21330;12432;8898;36704;21838;14866;694
20260330;2024;04;TT;TODAS CONSOLIDADAS;00;NO CATEGORIZADO;MADRE DE DIOS;170000;345;4824;7897;19,75;16,76;1,26;1,17;1,82;31576;27524;4052;39707;32328;7379;826
20260330;2024;04;TT;TODAS CONSOLIDADAS;00;NO CATEGORIZADO;MOQUEGUA;180000;169;1738;2983;15,24;11,64;1,5;1,5;1,34;6931;6872;59;10415;10336;79;236
20260330;2024;04;TT;TODAS CONSOLIDADAS;00;NO CATEGORIZADO;PASCO;190000;385;4090;6489;17,84;13,43;1,18;1,18;1,06;22230;22214;16;26143;26126;17;760
20260330;2024;04;TT;TODAS CONSOLIDADAS;00;NO CATEGORIZADO;PIURA;200000;1165;10655;19216;24,92;18,71;1,58;1,44;2,27;68175;56212;11963;107837;80698;27139;2106
20260330;2024;04;TT;TODAS CONSOLIDADAS;00;NO CATEGORIZADO;PUNO;210000;841;7439;12487;21,28;17,74;1,19;1,19;1,31;55726;53073;2653;66468;62983;3485;1338
20260330;2024;04;TT;TODAS CONSOLIDADAS;00;NO CATEGORIZADO;SAN MARTÍN;220000;879;9248;14509;21,2;16,62;1,27;1,23;2,67;57157;55802;1355;72336;68722;3614;1619
20260330;2024;04;TT;TODAS CONSOLIDADAS;00;NO CATEGORIZADO;TACNA;230000;432;4063;7280;9,51;7,43;1,21;1,2;1,22;13419;9829;3590;16221;11825;4396;477
20260330;2024;04;TT;TODAS CONSOLIDADAS;00;NO CATEGORIZADO;TUMBES;240000;250;2430;4634;11,14;9,76;1,44;1,43;1,56;9435;8712;723;13563;12435;1128;351
20260330;2024;04;TT;TODAS CONSOLIDADAS;00;NO CATEGORIZADO;UCAYALI;250000;547;5428;8370;22,99;20,66;2,96;2,96;2,69;17552;17025;527;51887;50470;1417;977
20260330;2024;04;TT;TODAS CONSOLIDADAS;01;1 ESTRELLA;AMAZONAS;010000;18;265;378;18,72;16,6;1,03;1,03;0;1831;1831;0;1882;1882;0;43
20260330;2024;04;TT;TODAS CONSOLIDADAS;01;1 ESTRELLA;ÁNCASH;020000;51;937;1502;25,84;20,73;1,11;1,11;2,13;8407;8376;31;9341;9275;66;141
20260330;2024;04;TT;TODAS CONSOLIDADAS;01;1 ESTRELLA;APURÍMAC;030000;7;176;265;42,08;40,87;1,06;1,06;1,6;3066;3056;10;3249;3233;16;24
20260330;2024;04;TT;TODAS CONSOLIDADAS;01;1 ESTRELLA;AREQUIPA;040000;58;1002;1578;27,96;24,88;1,16;1,16;1,16;10173;9874;299;11778;11430;348;172
20260330;2024;04;TT;TODAS CONSOLIDADAS;01;1 ESTRELLA;AYACUCHO;050000;20;366;654;11,79;12,19;1,73;1,74;1;1379;1378;1;2392;2391;1;61
20260330;2024;04;TT;TODAS CONSOLIDADAS;01;1 ESTRELLA;CAJAMARCA;060000;25;465;750;20,73;13,37;1,24;1,24;1;2423;2417;6;3008;3002;6;88
20260330;2024;04;TT;TODAS CONSOLIDADAS;01;1 ESTRELLA;CALLAO;070000;8;159;301;46,18;49,55;1,05;1,03;1,33;4584;4207;377;4816;4313;503;29
20260330;2024;04;TT;TODAS CONSOLIDADAS;01;1 ESTRELLA;CUSCO;080000;29;542;902;19,17;17,43;1,1;1,09;2,11;4302;4258;44;4716;4623;93;79
20260330;2024;04;TT;TODAS CONSOLIDADAS;01;1 ESTRELLA;HUANCAVELICA;090000;2;66;94;16,72;11,88;1,02;1,02;0;327;327;0;335;335;0;5
20260330;2024;04;TT;TODAS CONSOLIDADAS;01;1 ESTRELLA;HUÁNUCO;100000;33;601;905;36,7;32,27;1,41;1,41;0;6210;6210;0;8760;8760;0;101
20260330;2024;04;TT;TODAS CONSOLIDADAS;01;1 ESTRELLA;ICA;110000;24;348;544;21,29;15,58;1;1;1;2543;2540;3;2543;2540;3;58
20260330;2024;04;TT;TODAS CONSOLIDADAS;01;1 ESTRELLA;JUNÍN;120000;17;391;769;19,9;13,62;1,32;1,32;0;2382;2382;0;3141;3141;0;51
20260330;2024;04;TT;TODAS CONSOLIDADAS;01;1 ESTRELLA;LA LIBERTAD;130000;31;487;849;26,16;21,39;1,6;1,6;1;3413;3406;7;5449;5442;7;82
20260330;2024;04;TT;TODAS CONSOLIDADAS;01;1 ESTRELLA;LAMBAYEQUE;140000;18;289;390;15,67;16,09;1,02;1,02;0;1839;1839;0;1882;1882;0;53
20260330;2024;04;TT;TODAS CONSOLIDADAS;01;1 ESTRELLA;LIMA;150000;88;2002;3530;35,2;27,96;1,16;1,16;1,27;31873;31149;724;36936;36019;917;396
20260330;2024;04;TT;TODAS CONSOLIDADAS;01;1 ESTRELLA;LORETO;160000;6;99;158;17,47;13,86;1,42;1,43;1,35;463;414;49;657;591;66;28
20260330;2024;04;TT;TODAS CONSOLIDADAS;01;1 ESTRELLA;MADRE DE DIOS;170000;7;198;359;19,23;16,03;1,03;1,03;1,01;1671;1602;69;1726;1656;70;33
20260330;2024;04;TT;TODAS CONSOLIDADAS;01;1 ESTRELLA;MOQUEGUA;180000;21;340;568;19,06;12,52;1,23;1,22;1,42;1742;1716;26;2134;2097;37;56
20260330;2024;04;TT;TODAS CONSOLIDADAS;01;1 ESTRELLA;PASCO;190000;26;518;778;21,14;15,79;1,06;1,06;0;3489;3489;0;3685;3685;0;86
20260330;2024;04;TT;TODAS CONSOLIDADAS;01;1 ESTRELLA;PIURA;200000;5;96;158;13,23;16,69;1,38;1,38;1,75;574;570;4;791;784;7;17
20260330;2024;04;TT;TODAS CONSOLIDADAS;01;1 ESTRELLA;PUNO;210000;36;562;989;19,1;16,23;1,18;1,18;1,16;4087;3925;162;4816;4628;188;85
20260330;2024;04;TT;TODAS CONSOLIDADAS;01;1 ESTRELLA;SAN MARTÍN;220000;7;146;233;21,42;22,53;1,24;1,24;1,44;1266;1248;18;1575;1549;26;32
20260330;2024;04;TT;TODAS CONSOLIDADAS;01;1 ESTRELLA;TACNA;230000;13;274;511;10,18;9,37;1,19;1,24;1,11;1204;801;403;1437;991;446;41
20260330;2024;04;TT;TODAS CONSOLIDADAS;01;1 ESTRELLA;TUMBES;240000;2;47;100;0;0;0;0;0;0;0;0;0;0;0;0
20260330;2024;04;TT;TODAS CONSOLIDADAS;02;2 ESTRELLAS;AMAZONAS;010000;89;1871;3008;20,89;17,05;1,16;1,16;1,81;13219;13079;140;15383;15129;254;305
20260330;2024;04;TT;TODAS CONSOLIDADAS;02;2 ESTRELLAS;ÁNCASH;020000;187;3754;6724;25,06;21,58;1,23;1,22;1,35;35532;35237;295;43529;43130;399;615
20260330;2024;04;TT;TODAS CONSOLIDADAS;02;2 ESTRELLAS;APURÍMAC;030000;14;420;694;28,97;22,71;1,13;1,13;1,06;4186;4152;34;4728;4692;36;53
20260330;2024;04;TT;TODAS CONSOLIDADAS;02;2 ESTRELLAS;AREQUIPA;040000;169;3199;5665;26,16;21,59;1,37;1,37;1,43;26744;25380;1364;36696;34741;1955;550
20260330;2024;04;TT;TODAS CONSOLIDADAS;02;2 ESTRELLAS;AYACUCHO;050000;16;450;796;14,9;15,14;1,67;1,66;1,84;2168;2099;69;3615;3488;127;73
20260330;2024;04;TT;TODAS CONSOLIDADAS;02;2 ESTRELLAS;CAJAMARCA;060000;196;4053;6399;17,93;13;1,18;1,19;1,12;21071;20859;212;24965;24728;237;628
20260330;2024;04;TT;TODAS CONSOLIDADAS;02;2 ESTRELLAS;CALLAO;070000;7;287;520;43,33;39,15;1,02;1,01;1,12;6000;5667;333;6107;5733;374;44
20260330;2024;04;TT;TODAS CONSOLIDADAS;02;2 ESTRELLAS;CUSCO;080000;94;1971;3631;25,28;23,45;1,65;1,59;1,68;15524;5864;9660;25548;9328;16220;525
20260330;2024;04;TT;TODAS CONSOLIDADAS;02;2 ESTRELLAS;HUANCAVELICA;090000;3;84;151;29,52;24,66;1,54;1,54;1,56;727;711;16;1117;1092;25;12
20260330;2024;04;TT;TODAS CONSOLIDADAS;02;2 ESTRELLAS;HUÁNUCO;100000;80;1993;3171;27,92;21,62;1,3;1,3;1,49;15762;15661;101;20563;20413;150;355
20260330;2024;04;TT;TODAS CONSOLIDADAS;02;2 ESTRELLAS;ICA;110000;136;2804;4779;23,46;19,54;1,03;1,03;1,08;27281;26479;802;28015;27146;869;437
20260330;2024;04;TT;TODAS CONSOLIDADAS;02;2 ESTRELLAS;JUNÍN;120000;53;1285;2342;23,04;18,13;1,26;1,25;1,5;10151;10040;111;12741;12575;166;226
20260330;2024;04;TT;TODAS CONSOLIDADAS;02;2 ESTRELLAS;LA LIBERTAD;130000;143;2576;4577;20,02;19,58;1,23;1,22;1,75;21793;21202;591;26879;25842;1037;455
20260330;2024;04;TT;TODAS CONSOLIDADAS;02;2 ESTRELLAS;LAMBAYEQUE;140000;215;4066;6070;22,23;16,58;1,17;1,17;1,54;25693;25512;181;30185;29907;278;702
20260330;2024;04;TT;TODAS CONSOLIDADAS;02;2 ESTRELLAS;LIMA;150000;241;7992;14246;39,49;35,14;1,31;1,28;1,84;150384;141493;8891;197700;181330;16371;1707
20260330;2024;04;TT;TODAS CONSOLIDADAS;02;2 ESTRELLAS;LORETO;160000;17;358;586;14,26;11,75;1,57;1,53;1,83;1317;1166;151;2065;1788;277;76
20260330;2024;04;TT;TODAS CONSOLIDADAS;02;2 ESTRELLAS;MADRE DE DIOS;170000;12;318;524;36,84;27,63;1,24;1,23;1,52;3507;3359;148;4343;4118;225;59
20260330;2024;04;TT;TODAS CONSOLIDADAS;02;2 ESTRELLAS;MOQUEGUA;180000;86;1521;2511;20,46;14,97;1,45;1,45;1,5;7759;7408;351;11277;10750;527;284
20260330;2024;04;TT;TODAS CONSOLIDADAS;02;2 ESTRELLAS;PASCO;190000;23;513;983;15,39;9,79;1,29;1,28;2;2246;2232;14;2887;2859;28;79
20260330;2024;04;TT;TODAS CONSOLIDADAS;02;2 ESTRELLAS;PIURA;200000;40;895;1510;26,14;19,93;2;2,01;1,76;4512;4298;214;9029;8653;376;163
20260330;2024;04;TT;TODAS CONSOLIDADAS;02;2 ESTRELLAS;PUNO;210000;85;1543;2823;18,34;13,68;1,25;1,23;1,38;9238;7806;1432;11584;9610;1974;237
20260330;2024;04;TT;TODAS CONSOLIDADAS;02;2 ESTRELLAS;SAN MARTÍN;220000;49;1070;1792;26,55;21,75;1,61;1,59;2,31;7258;7026;232;11691;11155;536;229
20260330;2024;04;TT;TODAS CONSOLIDADAS;02;2 ESTRELLAS;TACNA;230000;58;1341;3096;25,04;11,83;1,79;1,72;1,86;6144;3133;3011;10990;5375;5615;256
20260330;2024;04;TT;TODAS CONSOLIDADAS;02;2 ESTRELLAS;TUMBES;240000;11;228;426;18,36;15,12;1,91;1,95;1,5;1011;925;86;1932;1803;129;56
20260330;2024;04;TT;TODAS CONSOLIDADAS;02;2 ESTRELLAS;UCAYALI;250000;4;131;240;14,68;8,54;1,83;1,83;2;336;329;7;615;601;14;29
20260330;2024;04;TT;TODAS CONSOLIDADAS;03;3 ESTRELLAS;AMAZONAS;010000;29;598;1086;20,91;15,25;1,32;1,29;1,78;3750;3512;238;4968;4545;423;148
20260330;2024;04;TT;TODAS CONSOLIDADAS;03;3 ESTRELLAS;ÁNCASH;020000;64;1737;3145;20,59;15;1,54;1,5;2,12;9200;8574;626;14148;12819;1329;404
20260330;2024;04;TT;TODAS CONSOLIDADAS;03;3 ESTRELLAS;APURÍMAC;030000;7;225;377;44,79;33,29;1,61;1,64;1,35;2336;2074;262;3765;3410;355;65
20260330;2024;04;TT;TODAS CONSOLIDADAS;03;3 ESTRELLAS;AREQUIPA;040000;115;2793;5183;33,75;27,35;1,82;1,96;1,67;23338;12558;10780;42522;24571;17951;799
20260330;2024;04;TT;TODAS CONSOLIDADAS;03;3 ESTRELLAS;AYACUCHO;050000;11;310;595;19,37;14,69;1,93;1,93;1,92;1357;1208;149;2622;2336;286;102
20260330;2024;04;TT;TODAS CONSOLIDADAS;03;3 ESTRELLAS;CAJAMARCA;060000;125;3007;5040;16,89;12,02;1,47;1,46;1,82;12403;12101;302;18181;17632;549;621
20260330;2024;04;TT;TODAS CONSOLIDADAS;03;3 ESTRELLAS;CALLAO;070000;4;233;391;39,03;37,4;1,61;1,57;1,71;2732;1987;745;4387;3114;1273;56
20260330;2024;04;TT;TODAS CONSOLIDADAS;03;3 ESTRELLAS;CUSCO;080000;111;3600;7053;45,89;39,58;1,72;1,57;1,75;48679;8834;39845;83749;13869;69880;1125
20260330;2024;04;TT;TODAS CONSOLIDADAS;03;3 ESTRELLAS;HUANCAVELICA;090000;2;65;108;13,23;9,26;1,42;1,4;2;211;205;6;300;288;12;10
20260330;2024;04;TT;TODAS CONSOLIDADAS;03;3 ESTRELLAS;HUÁNUCO;100000;19;689;1240;20,05;16,4;1,6;1,59;1,9;3802;3683;119;6100;5874;226;145
20260330;2024;04;TT;TODAS CONSOLIDADAS;03;3 ESTRELLAS;ICA;110000;112;3032;5829;35,04;23,88;1,36;1,43;1,25;30726;18999;11727;41762;27078;14684;669
20260330;2024;04;TT;TODAS CONSOLIDADAS;03;3 ESTRELLAS;JUNÍN;120000;23;828;1548;19,05;12,5;1,57;1,57;1,5;3702;3577;125;5806;5618;188;232
20260330;2024;04;TT;TODAS CONSOLIDADAS;03;3 ESTRELLAS;LA LIBERTAD;130000;123;3116;5995;30,27;22,57;1,51;1,48;2,02;26909;25526;1383;40585;37793;2792;716
20260330;2024;04;TT;TODAS CONSOLIDADAS;03;3 ESTRELLAS;LAMBAYEQUE;140000;58;1475;2392;27,13;20,45;1,48;1,46;1,92;9949;9631;318;14677;14066;611;318
20260330;2024;04;TT;TODAS CONSOLIDADAS;03;3 ESTRELLAS;LIMA;150000;190;8987;17173;42,67;35,35;1,71;1,45;2,12;106423;64736;41687;182145;93875;88270;2417
20260330;2024;04;TT;TODAS CONSOLIDADAS;03;3 ESTRELLAS;LORETO;160000;35;935;1601;29,44;23,9;2,1;2,1;2,15;5454;4483;971;11478;9393;2085;282
20260330;2024;04;TT;TODAS CONSOLIDADAS;03;3 ESTRELLAS;MADRE DE DIOS;170000;6;214;382;32,07;29,3;1,72;1,87;1,38;1949;1363;586;3358;2549;809;61
20260330;2024;04;TT;TODAS CONSOLIDADAS;03;3 ESTRELLAS;MOQUEGUA;180000;19;476;797;33,02;22,9;1,69;1,7;1,53;3242;3084;158;5476;5235;241;107
20260330;2024;04;TT;TODAS CONSOLIDADAS;03;3 ESTRELLAS;PASCO;190000;9;180;325;8,37;6,61;1,37;1,38;1;469;464;5;644;639;5;28
20260330;2024;04;TT;TODAS CONSOLIDADAS;03;3 ESTRELLAS;PIURA;200000;22;752;1270;39,69;30,29;1,77;1,67;2,46;6522;5731;791;11540;9592;1948;241
20260330;2024;04;TT;TODAS CONSOLIDADAS;03;3 ESTRELLAS;PUNO;210000;39;1091;2055;33,84;28,42;1,52;1,6;1,49;11489;4106;7383;17519;6551;10968;236
20260330;2024;04;TT;TODAS CONSOLIDADAS;03;3 ESTRELLAS;SAN MARTÍN;220000;30;965;1752;30,6;24,75;1,92;1,92;2,17;6766;6581;185;13009;12607;402;246
20260330;2024;04;TT;TODAS CONSOLIDADAS;03;3 ESTRELLAS;TACNA;230000;13;448;985;28,15;39,97;3,42;2,89;3,8;3451;1436;2015;11812;4148;7664;111
20260330;2024;04;TT;TODAS CONSOLIDADAS;03;3 ESTRELLAS;TUMBES;240000;15;382;783;27,18;22,59;2,44;2,5;2,24;2173;1705;468;5306;4259;1047;139
20260330;2024;04;TT;TODAS CONSOLIDADAS;03;3 ESTRELLAS;UCAYALI;250000;16;570;926;27,67;22,04;1,9;1,87;2,21;3218;2950;268;6123;5531;592;132
20260330;2024;04;TT;TODAS CONSOLIDADAS;04;4 ESTRELLAS;APURÍMAC;030000;1;32;56;39,06;22,32;2,01;2,01;1,96;187;160;27;375;322;53;14
20260330;2024;04;TT;TODAS CONSOLIDADAS;04;4 ESTRELLAS;AREQUIPA;040000;12;577;1073;37,46;32,82;1,73;1,75;1,72;6096;2328;3768;10564;4077;6487;252
20260330;2024;04;TT;TODAS CONSOLIDADAS;04;4 ESTRELLAS;CAJAMARCA;060000;4;214;379;44,64;34,61;1,9;1,83;2,3;2066;1751;315;3935;3212;723;154
20260330;2024;04;TT;TODAS CONSOLIDADAS;04;4 ESTRELLAS;CALLAO;070000;2;371;599;94,94;86,43;1,3;1,26;1,31;11932;1914;10018;15531;2414;13117;130
20260330;2024;04;TT;TODAS CONSOLIDADAS;04;4 ESTRELLAS;CUSCO;080000;21;1610;3167;74,11;68,23;1,77;1,62;1,78;36636;3233;33403;64827;5243;59584;904
20260330;2024;04;TT;TODAS CONSOLIDADAS;04;4 ESTRELLAS;HUÁNUCO;100000;1;60;101;54,44;37,26;1,85;1,86;1,52;611;588;23;1129;1094;35;29
20260330;2024;04;TT;TODAS CONSOLIDADAS;04;4 ESTRELLAS;ICA;110000;8;814;1731;28,71;27,93;1,58;1,72;1,36;9168;5635;3533;14505;9710;4795;384
20260330;2024;04;TT;TODAS CONSOLIDADAS;04;4 ESTRELLAS;JUNÍN;120000;1;40;82;25,75;28,29;1,74;1,71;3,13;401;393;8;696;671;25;19
20260330;2024;04;TT;TODAS CONSOLIDADAS;04;4 ESTRELLAS;LA LIBERTAD;130000;4;318;546;47,59;44,14;2,11;2,08;2,22;3430;2744;686;7230;5705;1525;127
20260330;2024;04;TT;TODAS CONSOLIDADAS;04;4 ESTRELLAS;LAMBAYEQUE;140000;5;359;656;59,59;43,85;1,46;1,41;1,8;5913;5137;776;8630;7234;1396;269
20260330;2024;04;TT;TODAS CONSOLIDADAS;04;4 ESTRELLAS;LIMA;150000;52;4947;9125;49,97;45,87;2,15;1,74;2,41;58348;22514;35834;125574;39220;86354;2047
20260330;2024;04;TT;TODAS CONSOLIDADAS;04;4 ESTRELLAS;LORETO;160000;4;150;276;40,2;27,34;1,44;1,44;1,44;1575;1158;417;2264;1663;601;71
20260330;2024;04;TT;TODAS CONSOLIDADAS;04;4 ESTRELLAS;MOQUEGUA;180000;2;123;234;58,7;80,9;6,87;7,72;2,06;827;702;125;5679;5421;258;56
20260330;2024;04;TT;TODAS CONSOLIDADAS;04;4 ESTRELLAS;PIURA;200000;4;393;744;36,67;26,36;2,13;2,05;2,48;2763;2270;493;5884;4663;1221;137
20260330;2024;04;TT;TODAS CONSOLIDADAS;04;4 ESTRELLAS;PUNO;210000;8;508;962;43,18;39,49;1,77;1,63;1,79;6426;763;5663;11398;1245;10153;190
20260330;2024;04;TT;TODAS CONSOLIDADAS;04;4 ESTRELLAS;SAN MARTÍN;220000;2;79;133;35,27;29,12;1,81;1,81;1,85;641;579;62;1162;1047;115;38
20260330;2024;04;TT;TODAS CONSOLIDADAS;04;4 ESTRELLAS;TACNA;230000;3;275;541;29,73;24,03;1,58;1,73;1,43;2473;1198;1275;3900;2072;1828;95
20260330;2024;04;TT;TODAS CONSOLIDADAS;04;4 ESTRELLAS;TUMBES;240000;6;667;1621;41,85;37,86;2,27;2,33;2,12;8127;5619;2508;18409;13095;5314;622
20260330;2024;04;TT;TODAS CONSOLIDADAS;04;4 ESTRELLAS;UCAYALI;250000;5;288;513;33,39;25,22;2,01;1,91;2,36;1933;1502;431;3881;2865;1016;120
20260330;2024;04;TT;TODAS CONSOLIDADAS;05;5 ESTRELLAS;AREQUIPA;040000;3;241;341;45,45;46,46;1,76;1,62;1,92;2708;1483;1225;4753;2397;2356;184
20260330;2024;04;TT;TODAS CONSOLIDADAS;05;5 ESTRELLAS;CUSCO;080000;15;1283;2519;67,64;61,43;1,71;1,54;1,73;27080;2390;24690;46419;3671;42748;1164
20260330;2024;04;TT;TODAS CONSOLIDADAS;05;5 ESTRELLAS;ICA;110000;5;488;1177;38,56;32,51;1,73;1,7;1,8;6624;4342;2282;11480;7378;4102;592
20260330;2024;04;TT;TODAS CONSOLIDADAS;05;5 ESTRELLAS;LA LIBERTAD;130000;2;267;450;37,83;33,39;1,71;1,64;2,07;2634;2210;424;4507;3630;877;191
20260330;2024;04;TT;TODAS CONSOLIDADAS;05;5 ESTRELLAS;LIMA;150000;31;5061;8850;52,1;41,22;2,36;1,71;2,55;46384;10657;35727;109442;18194;91248;3685
20260330;2024;04;TT;TODAS CONSOLIDADAS;05;5 ESTRELLAS;LORETO;160000;1;60;89;47,89;47,72;1,45;1,49;1,4;881;450;431;1274;671;603;54
20260330;2024;04;TT;TODAS CONSOLIDADAS;05;5 ESTRELLAS;PIURA;200000;1;83;166;58,67;38,51;1,74;1,67;1,9;1103;793;310;1918;1328;590;82
20260330;2024;04;TT;TODAS CONSOLIDADAS;05;5 ESTRELLAS;PUNO;210000;1;123;231;50,14;71,53;1,59;1,66;1,58;3116;324;2792;4957;538;4419;29
20260330;2024;04;TT;TODAS CONSOLIDADAS;05;5 ESTRELLAS;SAN MARTÍN;220000;1;50;108;29,07;30,99;1,88;1,87;2,06;534;518;16;1004;971;33;63
20260330;2024;04;TT;TODAS CONSOLIDADAS;05;5 ESTRELLAS;UCAYALI;250000;2;162;300;36,93;28,12;1,92;1,97;1,67;1317;1090;227;2531;2152;379;73
20260330;2024;04;TT;TODAS CONSOLIDADAS;12;ALBERGUE;AMAZONAS;010000;1;6;11;0;0;0;0;0;0;0;0;0;0;0;0
20260330;2024;04;TT;TODAS CONSOLIDADAS;12;ALBERGUE;ÁNCASH;020000;7;68;149;22,79;12,64;1,62;1,61;1,69;349;320;29;565;516;49;16
20260330;2024;04;TT;TODAS CONSOLIDADAS;12;ALBERGUE;AREQUIPA;040000;10;145;341;40,55;35,15;1,37;1,32;1,39;2622;539;2083;3596;711;2885;111
20260330;2024;04;TT;TODAS CONSOLIDADAS;12;ALBERGUE;AYACUCHO;050000;1;10;20;0;0;0;0;0;0;0;0;0;0;0;0
20260330;2024;04;TT;TODAS CONSOLIDADAS;12;ALBERGUE;CAJAMARCA;060000;1;11;22;0;0;0;0;0;0;0;0;0;0;0;0
20260330;2024;04;TT;TODAS CONSOLIDADAS;12;ALBERGUE;CUSCO;080000;16;360;622;31,19;30,14;1,35;1,59;1,34;4180;64;4116;5625;102;5523;159
20260330;2024;04;TT;TODAS CONSOLIDADAS;12;ALBERGUE;HUANCAVELICA;090000;1;14;47;7,38;5,6;2,19;2,19;0;36;36;0;79;79;0;14
20260330;2024;04;TT;TODAS CONSOLIDADAS;12;ALBERGUE;HUÁNUCO;100000;6;75;100;0;0;0;0;0;0;0;0;0;0;0;0
20260330;2024;04;TT;TODAS CONSOLIDADAS;12;ALBERGUE;ICA;110000;5;47;177;31,13;29,94;1,48;1,58;1,41;1072;478;594;1590;754;836;16
20260330;2024;04;TT;TODAS CONSOLIDADAS;12;ALBERGUE;JUNÍN;120000;1;32;104;13,02;8,62;1,67;1,73;1,29;161;140;21;269;242;27;19
20260330;2024;04;TT;TODAS CONSOLIDADAS;12;ALBERGUE;LA LIBERTAD;130000;1;15;27;54;39,75;1,77;1,66;2,82;182;165;17;322;274;48;4
20260330;2024;04;TT;TODAS CONSOLIDADAS;12;ALBERGUE;LIMA;150000;8;128;459;8,41;4,6;1,99;1,99;0;318;318;0;633;633;0;33
20260330;2024;04;TT;TODAS CONSOLIDADAS;12;ALBERGUE;LORETO;160000;60;829;1738;18,56;16,92;2,19;1,99;2,21;4034;435;3599;8824;864;7960;289
20260330;2024;04;TT;TODAS CONSOLIDADAS;12;ALBERGUE;MADRE DE DIOS;170000;15;333;689;31,66;32,19;2,3;1,75;2,37;2899;354;2545;6654;621;6033;210
20260330;2024;04;TT;TODAS CONSOLIDADAS;12;ALBERGUE;PASCO;190000;20;269;736;7,71;7,27;1,65;1,65;0;971;971;0;1606;1606;0;66
20260330;2024;04;TT;TODAS CONSOLIDADAS;12;ALBERGUE;PUNO;210000;1;13;35;0;0;0;0;0;0;0;0;0;0;0;0
20260330;2024;04;TT;TODAS CONSOLIDADAS;12;ALBERGUE;SAN MARTÍN;220000;11;159;352;20,34;18,46;2,22;2,11;2,65;878;697;181;1949;1469;480;52
20260330;2024;04;TT;TODAS CONSOLIDADAS;12;ALBERGUE;UCAYALI;250000;5;52;146;6,22;4,2;1,69;1,62;2,06;109;93;16;184;151;33;30
20260330;2024;04;TT;TODAS CONSOLIDADAS;13;ECOLODGE;AREQUIPA;040000;1;23;51;23,48;25,75;1,94;1,14;2,04;203;22;181;394;25;369;7
20260330;2024;04;TT;TODAS CONSOLIDADAS;TT;TODAS CONSOLIDADAS;AMAZONAS;010000;437;5545;8909;14,23;11,2;1,19;1,17;1,54;28498;27503;995;33900;32274;1626;1009
20260330;2024;04;TT;TODAS CONSOLIDADAS;TT;TODAS CONSOLIDADAS;ÁNCASH;020000;1047;12963;22474;19,55;15,54;1,2;1,2;1,33;91969;87387;4582;112708;106580;6128;2365
20260330;2024;04;TT;TODAS CONSOLIDADAS;TT;TODAS CONSOLIDADAS;APURÍMAC;030000;536;5361;8465;19,26;13,75;1,14;1,15;1,11;33719;33183;536;39365;38681;684;587
20260330;2024;04;TT;TODAS CONSOLIDADAS;TT;TODAS CONSOLIDADAS;AREQUIPA;040000;1643;18889;32736;20,67;17,41;1,42;1,38;1,51;132591;94690;37901;195000;134920;60080;3374
20260330;2024;04;TT;TODAS CONSOLIDADAS;TT;TODAS CONSOLIDADAS;AYACUCHO;050000;659;6869;11362;12,17;11,25;1,31;1,31;1,28;29139;28685;454;39524;38812;712;928
20260330;2024;04;TT;TODAS CONSOLIDADAS;TT;TODAS CONSOLIDADAS;CAJAMARCA;060000;1091;14223;22906;16,3;12,1;1,3;1,3;1,8;65675;64663;1012;86382;84512;1870;2218
20260330;2024;04;TT;TODAS CONSOLIDADAS;TT;TODAS CONSOLIDADAS;CALLAO;070000;293;4798;8828;39,86;38,25;1,02;1,01;1,06;162494;149452;13042;168587;151695;16892;1373
20260330;2024;04;TT;TODAS CONSOLIDADAS;TT;TODAS CONSOLIDADAS;CUSCO;080000;2281;28388;51820;27,87;25,35;1,7;1,36;1,9;278907;75522;203385;475149;104917;370232;7637
20260330;2024;04;TT;TODAS CONSOLIDADAS;TT;TODAS CONSOLIDADAS;HUANCAVELICA;090000;247;2766;4275;15,41;12,29;1,1;1,1;1,12;14349;14311;38;16002;15947;55;321
20260330;2024;04;TT;TODAS CONSOLIDADAS;TT;TODAS CONSOLIDADAS;HUÁNUCO;100000;641;8727;13497;19,44;15,81;1,17;1,17;1,27;55782;55436;346;69880;69334;546;1287
20260330;2024;04;TT;TODAS CONSOLIDADAS;TT;TODAS CONSOLIDADAS;ICA;110000;1084;15541;27720;21,14;15,6;1,16;1,16;1,2;124630;95267;29363;154263;116298;37965;3594
20260330;2024;04;TT;TODAS CONSOLIDADAS;TT;TODAS CONSOLIDADAS;JUNÍN;120000;1607;17838;29651;19,31;14,93;1,15;1,15;1,59;114237;113638;599;133296;132351;945;3296
20260330;2024;04;TT;TODAS CONSOLIDADAS;TT;TODAS CONSOLIDADAS;LA LIBERTAD;130000;1303;14167;24810;9,76;8,07;1,23;1,16;1,83;71006;66441;4565;99821;90850;8971;2117
20260330;2024;04;TT;TODAS CONSOLIDADAS;TT;TODAS CONSOLIDADAS;LAMBAYEQUE;140000;751;10714;16113;18,51;14,44;1,11;1,11;1,21;66964;65356;1608;79714;77093;2621;1902
20260330;2024;04;TT;TODAS CONSOLIDADAS;TT;TODAS CONSOLIDADAS;LIMA;150000;7747;84838;149616;23,03;20,22;1,13;1,11;1,27;2910107;2722601;187506;3393507;3031957;361550;49480
20260330;2024;04;TT;TODAS CONSOLIDADAS;TT;TODAS CONSOLIDADAS;LORETO;160000;923;9267;15147;14,19;12,39;1,76;1,78;1,72;35054;20538;14516;63266;36808;26458;1494
20260330;2024;04;TT;TODAS CONSOLIDADAS;TT;TODAS CONSOLIDADAS;MADRE DE DIOS;170000;385;5887;9851;20,93;17,88;1,3;1,21;1,81;41602;34202;7400;55788;41272;14516;1189
20260330;2024;04;TT;TODAS CONSOLIDADAS;TT;TODAS CONSOLIDADAS;MOQUEGUA;180000;297;4198;7093;18,45;13,85;1,52;1,52;1,41;20501;19782;719;34981;33839;1142;739
20260330;2024;04;TT;TODAS CONSOLIDADAS;TT;TODAS CONSOLIDADAS;PASCO;190000;463;5570;9311;17,28;12,98;1,2;1,2;1;29405;29370;35;34965;34915;50;1019
20260330;2024;04;TT;TODAS CONSOLIDADAS;TT;TODAS CONSOLIDADAS;PIURA;200000;1237;12874;23064;25,24;18,98;1,6;1,46;2,25;83649;69874;13775;136999;105718;31281;2746
20260330;2024;04;TT;TODAS CONSOLIDADAS;TT;TODAS CONSOLIDADAS;PUNO;210000;1011;11279;19582;21,62;17,97;1,21;1,21;1,32;90082;69997;20085;116742;85555;31187;2115
20260330;2024;04;TT;TODAS CONSOLIDADAS;TT;TODAS CONSOLIDADAS;SAN MARTÍN;220000;979;11717;18879;21,79;17,23;1,32;1,28;2,62;74500;72451;2049;102726;97520;5206;2279
20260330;2024;04;TT;TODAS CONSOLIDADAS;TT;TODAS CONSOLIDADAS;TACNA;230000;519;6401;12413;11,84;8,88;1,33;1,31;1,36;26691;16397;10294;44360;24411;19949;980
20260330;2024;04;TT;TODAS CONSOLIDADAS;TT;TODAS CONSOLIDADAS;TUMBES;240000;284;3754;7564;12,84;11,17;1,52;1,51;1,59;20746;16961;3785;39210;31592;7618;1168
20260330;2024;04;TT;TODAS CONSOLIDADAS;TT;TODAS CONSOLIDADAS;UCAYALI;250000;579;6631;10495;23,06;20,54;2,9;2,9;2,66;24465;22989;1476;65221;61770;3451;1361
20260330;2024;05;00;NO CLASIFICADO;TT;TODAS CONSOLIDADAS;TACNA;230000;430;4004;7176;12,37;9,45;1,26;1,25;1,32;16639;12909;3730;21025;16088;4937;461
20260330;2024;05;00;NO CLASIFICADO;00;NO CATEGORIZADO;AMAZONAS;010000;301;2823;4454;10,87;8,71;1,26;1,26;1,36;9513;8987;526;12021;11307;714;521
20260330;2024;05;00;NO CLASIFICADO;TT;TODAS CONSOLIDADAS;AMAZONAS;010000;301;2823;4454;10,87;8,71;1,26;1,26;1,36;9513;8987;526;12021;11307;714;521
20260330;2024;05;00;NO CLASIFICADO;00;NO CATEGORIZADO;ÁNCASH;020000;739;6449;10903;15,87;13,64;1,23;1,2;1,55;37516;34645;2871;46108;41671;4437;745
20260330;2024;05;00;NO CLASIFICADO;TT;TODAS CONSOLIDADAS;ÁNCASH;020000;739;6449;10903;15,87;13,64;1,23;1,2;1,55;37516;34645;2871;46108;41671;4437;745
20260330;2024;05;00;NO CLASIFICADO;00;NO CATEGORIZADO;APURÍMAC;030000;507;4512;7069;17,09;12,16;1,16;1,16;1,67;22938;22709;229;26650;26267;383;431
20260330;2024;05;00;NO CLASIFICADO;TT;TODAS CONSOLIDADAS;APURÍMAC;030000;507;4512;7069;17,09;12,16;1,16;1,16;1,67;22938;22709;229;26650;26267;383;431
20260330;2024;05;00;NO CLASIFICADO;00;NO CATEGORIZADO;AREQUIPA;040000;1274;10882;18442;18,78;15,9;1,51;1,48;1,58;60224;43364;16860;90897;64232;26665;1282
20260330;2024;05;00;NO CLASIFICADO;TT;TODAS CONSOLIDADAS;AREQUIPA;040000;1274;10882;18442;18,78;15,9;1,51;1,48;1,58;60224;43364;16860;90897;64232;26665;1282
20260330;2024;05;00;NO CLASIFICADO;00;NO CATEGORIZADO;AYACUCHO;050000;605;5654;9161;10,67;12,19;1,34;1,33;1,61;25866;25491;375;34630;34027;603;685
20260330;2024;05;00;NO CLASIFICADO;TT;TODAS CONSOLIDADAS;AYACUCHO;050000;605;5654;9161;10,67;12,19;1,34;1,33;1,61;25866;25491;375;34630;34027;603;685
20260330;2024;05;00;NO CLASIFICADO;00;NO CATEGORIZADO;CAJAMARCA;060000;739;6467;10308;17,42;13,64;1,25;1,24;1,53;34957;34685;272;43589;43173;416;718
20260330;2024;05;00;NO CLASIFICADO;TT;TODAS CONSOLIDADAS;CAJAMARCA;060000;739;6467;10308;17,42;13,64;1,25;1,24;1,53;34957;34685;272;43589;43173;416;718
20260330;2024;05;00;NO CLASIFICADO;00;NO CATEGORIZADO;CALLAO;070000;272;3748;7017;40,78;38,16;1,02;1,01;1,37;141529;137765;3764;144653;139479;5174;1101
20260330;2024;05;00;NO CLASIFICADO;TT;TODAS CONSOLIDADAS;CALLAO;070000;272;3748;7017;40,78;38,16;1,02;1,01;1,37;141529;137765;3764;144653;139479;5174;1101
20260330;2024;05;00;NO CLASIFICADO;00;NO CATEGORIZADO;CUSCO;080000;1992;18974;33825;32,08;28,23;1,77;1,31;2,03;166778;58870;107908;295979;77261;218718;3677
20260330;2024;05;00;NO CLASIFICADO;TT;TODAS CONSOLIDADAS;CUSCO;080000;1992;18974;33825;32,08;28,23;1,77;1,31;2,03;166778;58870;107908;295979;77261;218718;3677
20260330;2024;05;00;NO CLASIFICADO;00;NO CATEGORIZADO;HUANCAVELICA;090000;239;2539;3865;16,51;13,41;1,1;1,1;1,52;14616;14554;62;16066;15972;94;280
20260330;2024;05;00;NO CLASIFICADO;TT;TODAS CONSOLIDADAS;HUANCAVELICA;090000;239;2539;3865;16,51;13,41;1,1;1,1;1,52;14616;14554;62;16066;15972;94;280
20260330;2024;05;00;NO CLASIFICADO;00;NO CATEGORIZADO;HUÁNUCO;100000;501;5308;7988;15,07;12,19;1,17;1,17;1,29;25816;25767;49;30185;30122;63;663
20260330;2024;05;00;NO CLASIFICADO;TT;TODAS CONSOLIDADAS;HUÁNUCO;100000;501;5308;7988;15,07;12,19;1,17;1,17;1,29;25816;25767;49;30185;30122;63;663
20260330;2024;05;00;NO CLASIFICADO;00;NO CATEGORIZADO;ICA;110000;792;7980;13424;18,73;12,04;1,12;1,11;1,15;44740;36762;7978;50105;40891;9214;1436
20260330;2024;05;00;NO CLASIFICADO;TT;TODAS CONSOLIDADAS;ICA;110000;792;7980;13424;18,73;12,04;1,12;1,11;1,15;44740;36762;7978;50105;40891;9214;1436
20260330;2024;05;00;NO CLASIFICADO;00;NO CATEGORIZADO;JUNÍN;120000;1515;15255;24762;18,65;15,05;1,23;1,23;1,69;93740;93377;363;115502;114887;615;2770
20260330;2024;05;00;NO CLASIFICADO;TT;TODAS CONSOLIDADAS;JUNÍN;120000;1515;15255;24762;18,65;15,05;1,23;1,23;1,69;93740;93377;363;115502;114887;615;2770
20260330;2024;05;00;NO CLASIFICADO;00;NO CATEGORIZADO;LA LIBERTAD;130000;1002;7413;12406;10,48;9,28;1,04;1,04;1,07;34286;33837;449;35676;35195;481;541
20260330;2024;05;00;NO CLASIFICADO;TT;TODAS CONSOLIDADAS;LA LIBERTAD;130000;1002;7413;12406;10,48;9,28;1,04;1,04;1,07;34286;33837;449;35676;35195;481;541
20260330;2024;05;00;NO CLASIFICADO;00;NO CATEGORIZADO;LAMBAYEQUE;140000;454;4528;6610;15,32;12,37;1,07;1,07;1,13;23703;23234;469;25342;24812;530;566
20260330;2024;05;00;NO CLASIFICADO;TT;TODAS CONSOLIDADAS;LAMBAYEQUE;140000;454;4528;6610;15,32;12,37;1,07;1,07;1,13;23703;23234;469;25342;24812;530;566
20260330;2024;05;00;NO CLASIFICADO;00;NO CATEGORIZADO;LIMA;150000;7139;55763;96308;18,91;16,96;1,07;1,07;1,1;2368059;2325689;42370;2534983;2488551;46433;39294
20260330;2024;05;00;NO CLASIFICADO;TT;TODAS CONSOLIDADAS;LIMA;150000;7139;55763;96308;18,91;16,96;1,07;1,07;1,1;2368059;2325689;42370;2534983;2488551;46433;39294
20260330;2024;05;00;NO CLASIFICADO;00;NO CATEGORIZADO;LORETO;160000;798;6837;10687;12,67;11,6;1,55;1,55;1,55;24801;15862;8939;38434;24600;13834;693
20260330;2024;05;00;NO CLASIFICADO;TT;TODAS CONSOLIDADAS;LORETO;160000;798;6837;10687;12,67;11,6;1,55;1,55;1,55;24801;15862;8939;38434;24600;13834;693
20260330;2024;05;00;NO CLASIFICADO;00;NO CATEGORIZADO;MADRE DE DIOS;170000;346;4842;7948;22,88;18,22;1,27;1,21;1,59;35369;29757;5612;44884;35951;8933;845
20260330;2024;05;00;NO CLASIFICADO;TT;TODAS CONSOLIDADAS;MADRE DE DIOS;170000;346;4842;7948;22,88;18,22;1,27;1,21;1,59;35369;29757;5612;44884;35951;8933;845
20260330;2024;05;00;NO CLASIFICADO;00;NO CATEGORIZADO;MOQUEGUA;180000;170;1755;3020;15,53;12,07;1,51;1,51;1,12;7500;7466;34;11301;11263;38;234
20260330;2024;05;00;NO CLASIFICADO;TT;TODAS CONSOLIDADAS;MOQUEGUA;180000;170;1755;3020;15,53;12,07;1,51;1,51;1,12;7500;7466;34;11301;11263;38;234
20260330;2024;05;00;NO CLASIFICADO;00;NO CATEGORIZADO;PASCO;190000;381;4050;6411;16,69;13,42;1,2;1,2;1,05;22233;22212;21;26662;26640;22;747
20260330;2024;05;00;NO CLASIFICADO;TT;TODAS CONSOLIDADAS;PASCO;190000;381;4050;6411;16,69;13,42;1,2;1,2;1,05;22233;22212;21;26662;26640;22;747
20260330;2024;05;00;NO CLASIFICADO;00;NO CATEGORIZADO;PIURA;200000;1163;10619;19126;21,77;16,75;1,54;1,47;1,97;64345;54543;9802;99333;80013;19320;2091
20260330;2024;05;00;NO CLASIFICADO;TT;TODAS CONSOLIDADAS;PIURA;200000;1163;10619;19126;21,77;16,75;1,54;1,47;1,97;64345;54543;9802;99333;80013;19320;2091
20260330;2024;05;00;NO CLASIFICADO;00;NO CATEGORIZADO;PUNO;210000;840;7396;12429;20,93;17,25;1,2;1,2;1,27;55261;51907;3354;66478;62222;4256;1346
20260330;2024;05;00;NO CLASIFICADO;TT;TODAS CONSOLIDADAS;PUNO;210000;840;7396;12429;20,93;17,25;1,2;1,2;1,27;55261;51907;3354;66478;62222;4256;1346
20260330;2024;05;00;NO CLASIFICADO;00;NO CATEGORIZADO;SAN MARTÍN;220000;882;9273;14540;21,96;17,36;1,28;1,25;2,05;61093;58970;2123;78252;73895;4357;1621
20260330;2024;05;00;NO CLASIFICADO;00;NO CATEGORIZADO;TACNA;230000;430;4004;7176;12,37;9,45;1,26;1,25;1,32;16639;12909;3730;21025;16088;4937;461
20260330;2024;05;00;NO CLASIFICADO;00;NO CATEGORIZADO;TUMBES;240000;250;2429;4632;11,31;10,17;1,43;1,43;1,35;10237;9641;596;14602;13799;803;338
20260330;2024;05;00;NO CLASIFICADO;00;NO CATEGORIZADO;UCAYALI;250000;546;5406;8333;26,44;25,24;3,73;3,77;2,42;17495;16909;586;65202;63782;1420;975
20260330;2024;05;00;NO CLASIFICADO;TT;TODAS CONSOLIDADAS;SAN MARTÍN;220000;882;9273;14540;21,96;17,36;1,28;1,25;2,05;61093;58970;2123;78252;73895;4357;1621
20260330;2024;05;00;NO CLASIFICADO;TT;TODAS CONSOLIDADAS;TUMBES;240000;250;2429;4632;11,31;10,17;1,43;1,43;1,35;10237;9641;596;14602;13799;803;338
20260330;2024;05;00;NO CLASIFICADO;TT;TODAS CONSOLIDADAS;UCAYALI;250000;546;5406;8333;26,44;25,24;3,73;3,77;2,42;17495;16909;586;65202;63782;1420;975
20260330;2024;05;01;HOTEL;01;1 ESTRELLA;AMAZONAS;010000;1;20;24;0;0;0;0;0;0;0;0;0;0;0;0
20260330;2024;05;01;HOTEL;01;1 ESTRELLA;ÁNCASH;020000;13;380;585;19,31;14,65;1,12;1,12;0;2370;2370;0;2657;2657;0;50
20260330;2024;05;01;HOTEL;01;1 ESTRELLA;APURÍMAC;030000;2;67;99;42,66;37,76;1,06;1,06;0;1094;1094;0;1159;1159;0;9
20260330;2024;05;01;HOTEL;01;1 ESTRELLA;AREQUIPA;040000;7;239;401;28,38;25,12;1,13;1,13;1,27;2768;2735;33;3123;3081;42;40
20260330;2024;05;01;HOTEL;01;1 ESTRELLA;AYACUCHO;050000;8;200;353;5,1;11,34;1,87;1,87;0;662;662;0;1241;1241;0;35
20260330;2024;05;01;HOTEL;01;1 ESTRELLA;CAJAMARCA;060000;6;153;277;11,17;8,97;1,2;1,2;0;643;643;0;770;770;0;25
20260330;2024;05;01;HOTEL;01;1 ESTRELLA;CUSCO;080000;4;118;193;14,87;12,35;1,06;1,06;1,1;695;685;10;739;728;11;19
20260330;2024;05;01;HOTEL;01;1 ESTRELLA;HUÁNUCO;100000;8;241;369;25,61;18,86;1,06;1,06;0;2026;2026;0;2157;2157;0;35
20260330;2024;05;01;HOTEL;01;1 ESTRELLA;ICA;110000;6;126;208;18,02;10,17;1;1;1;656;634;22;656;634;22;19
20260330;2024;05;01;HOTEL;01;1 ESTRELLA;JUNÍN;120000;5;221;475;14,77;9,62;1,4;1,4;0;1012;1012;0;1416;1416;0;22
20260330;2024;05;01;HOTEL;01;1 ESTRELLA;LA LIBERTAD;130000;5;116;201;26,28;18,14;1;1;1;1130;1095;35;1130;1095;35;20
20260330;2024;05;01;HOTEL;01;1 ESTRELLA;LAMBAYEQUE;140000;3;83;90;1,24;1;1;1;0;28;28;0;28;28;0;14
20260330;2024;05;01;HOTEL;01;1 ESTRELLA;LIMA;150000;12;428;752;31,84;31,09;1,07;1,05;1,87;6606;6444;162;7056;6753;303;63
20260330;2024;05;01;HOTEL;01;1 ESTRELLA;MADRE DE DIOS;170000;5;145;258;28,43;23,18;1;1;1;1854;1764;90;1854;1764;90;26
20260330;2024;05;01;HOTEL;01;1 ESTRELLA;MOQUEGUA;180000;2;61;86;16,87;12,38;1,08;1,08;1;305;297;8;330;322;8;8
20260330;2024;05;01;HOTEL;01;1 ESTRELLA;PASCO;190000;6;176;274;18,62;16,96;1,25;1,25;0;1149;1149;0;1441;1441;0;26
20260330;2024;05;01;HOTEL;01;1 ESTRELLA;PIURA;200000;2;40;77;5;20,15;1,2;1,2;0;402;402;0;481;481;0;6
20260330;2024;05;01;HOTEL;01;1 ESTRELLA;PUNO;210000;4;102;181;17,74;18,61;1,58;1,59;1,17;659;653;6;1044;1037;7;15
20260330;2024;05;01;HOTEL;01;1 ESTRELLA;SAN MARTÍN;220000;6;126;195;26,37;29,33;1,23;1,23;1;1445;1440;5;1773;1768;5;24
20260330;2024;05;01;HOTEL;01;1 ESTRELLA;TACNA;230000;3;99;205;4,01;2,82;2,03;2,03;0;88;88;0;179;179;0;12
20260330;2024;05;01;HOTEL;01;1 ESTRELLA;TUMBES;240000;2;47;100;0;0;0;0;0;0;0;0;0;0;0;0
20260330;2024;05;01;HOTEL;02;2 ESTRELLAS;AMAZONAS;010000;36;975;1594;19,86;16,5;1,31;1,3;1,94;6223;6130;93;8155;7975;180;155
20260330;2024;05;01;HOTEL;02;2 ESTRELLAS;ÁNCASH;020000;60;1605;2925;17,31;12,77;1,58;1,59;1,33;7331;7051;280;11581;11209;372;247
20260330;2024;05;01;HOTEL;02;2 ESTRELLAS;APURÍMAC;030000;7;278;476;26,47;18,03;1,13;1,13;1,36;2362;2351;11;2661;2646;15;28
20260330;2024;05;01;HOTEL;02;2 ESTRELLAS;AREQUIPA;040000;42;1175;2044;20,61;16,19;1,37;1,37;1,43;7479;6853;626;10259;9363;896;196
20260330;2024;05;01;HOTEL;02;2 ESTRELLAS;AYACUCHO;050000;8;340;593;14,98;15,37;2;1,99;2,09;1416;1383;33;2825;2756;69;51
20260330;2024;05;01;HOTEL;02;2 ESTRELLAS;CAJAMARCA;060000;65;1759;2775;19,97;14,71;1,19;1,19;1,11;10624;10580;44;12654;12605;49;255
20260330;2024;05;01;HOTEL;02;2 ESTRELLAS;CALLAO;070000;1;40;67;21,53;21,23;1,23;1,1;1,26;358;61;297;441;67;374;6
20260330;2024;05;01;HOTEL;02;2 ESTRELLAS;CUSCO;080000;48;1205;2246;35,05;30,64;1,46;1,29;1,57;14607;5761;8846;21330;7459;13871;393
20260330;2024;05;01;HOTEL;02;2 ESTRELLAS;HUANCAVELICA;090000;2;40;69;55,73;49,88;1,94;1,95;1,5;549;545;4;1067;1061;6;9
20260330;2024;05;01;HOTEL;02;2 ESTRELLAS;HUÁNUCO;100000;54;1645;2604;26,4;20,44;1,33;1,33;1,46;12394;12329;65;16498;16403;95;267
20260330;2024;05;01;HOTEL;02;2 ESTRELLAS;ICA;110000;55;1566;2750;17,46;11,9;1,05;1,05;1,03;9645;9337;308;10145;9828;317;239
20260330;2024;05;01;HOTEL;02;2 ESTRELLAS;JUNÍN;120000;29;890;1580;24,55;17,34;1,39;1,39;1,46;6126;6041;85;8493;8369;124;139
20260330;2024;05;01;HOTEL;02;2 ESTRELLAS;LA LIBERTAD;130000;21;525;902;28,73;23,39;1,16;1,11;1,53;5613;4854;759;6539;5374;1165;98
20260330;2024;05;01;HOTEL;02;2 ESTRELLAS;LAMBAYEQUE;140000;71;2081;3132;15,89;12,7;1,13;1,12;1,7;10949;10802;147;12327;12077;250;300
20260330;2024;05;01;HOTEL;02;2 ESTRELLAS;LIMA;150000;123;5081;8941;38,11;31,34;1,19;1,18;1,52;85018;81556;3462;101252;96004;5248;943
20260330;2024;05;01;HOTEL;02;2 ESTRELLAS;LORETO;160000;9;205;354;12,89;9,52;1,24;1,2;1,62;842;751;91;1045;898;147;43
20260330;2024;05;01;HOTEL;02;2 ESTRELLAS;MOQUEGUA;180000;24;581;970;23,55;17,88;1,49;1,48;1,62;3613;3386;227;5378;5011;367;115
20260330;2024;05;01;HOTEL;02;2 ESTRELLAS;PASCO;190000;6;191;358;26,28;19,76;1,36;1,36;1;1614;1609;5;2193;2188;5;30
20260330;2024;05;01;HOTEL;02;2 ESTRELLAS;PIURA;200000;17;420;701;25,28;17,36;1,93;1,92;2,12;1957;1891;66;3773;3633;140;76
20260330;2024;05;01;HOTEL;02;2 ESTRELLAS;PUNO;210000;32;747;1336;14,94;11,11;1,33;1,27;1,7;3460;3016;444;4601;3845;756;100
20260330;2024;05;01;HOTEL;02;2 ESTRELLAS;SAN MARTÍN;220000;27;764;1315;32,08;27,99;1,87;1,87;1,98;6087;5897;190;11412;11035;377;152
20260330;2024;05;01;HOTEL;02;2 ESTRELLAS;TACNA;230000;30;867;2163;29,77;11,57;1,6;1,59;1,6;4863;3116;1747;7759;4962;2797;169
20260330;2024;05;01;HOTEL;02;2 ESTRELLAS;TUMBES;240000;6;162;295;29,13;18,7;1,43;1,43;1;1200;1198;2;1710;1708;2;40
20260330;2024;05;01;HOTEL;02;2 ESTRELLAS;UCAYALI;250000;2;63;116;5,84;3,62;2,06;2,05;3;63;62;1;130;127;3;13
20260330;2024;05;01;HOTEL;03;3 ESTRELLAS;AMAZONAS;010000;19;464;823;22,17;17,18;1,52;1,45;2,35;2879;2646;233;4382;3835;547;119
20260330;2024;05;01;HOTEL;03;3 ESTRELLAS;ÁNCASH;020000;41;1392;2479;24,66;18,07;1,81;1,75;2,21;7677;6632;1045;13883;11576;2307;328
20260330;2024;05;01;HOTEL;03;3 ESTRELLAS;APURÍMAC;030000;5;178;298;43,55;32,59;1,57;1,6;1,3;1920;1739;181;3011;2775;236;47
20260330;2024;05;01;HOTEL;03;3 ESTRELLAS;AREQUIPA;040000;69;2066;3850;37,91;31,43;1,82;2,13;1,56;20570;9593;10977;37514;20403;17111;589
20260330;2024;05;01;HOTEL;03;3 ESTRELLAS;AYACUCHO;050000;8;259;495;15,69;14,94;1,83;1,92;1,27;1254;1077;177;2292;2067;225;74
20260330;2024;05;01;HOTEL;03;3 ESTRELLAS;CAJAMARCA;060000;69;2155;3642;18,82;13,46;1,49;1,48;1,8;10184;9899;285;15195;14683;512;419
20260330;2024;05;01;HOTEL;03;3 ESTRELLAS;CALLAO;070000;4;233;391;42,59;41,18;1,89;1,56;2,47;2638;1685;953;4991;2634;2357;56
20260330;2024;05;01;HOTEL;03;3 ESTRELLAS;CUSCO;080000;91;3264;6392;55,84;49,94;1,71;1,69;1,71;57897;8586;49311;98961;14496;84465;1070
20260330;2024;05;01;HOTEL;03;3 ESTRELLAS;HUANCAVELICA;090000;2;65;108;18,01;12,69;1,19;1,16;2,44;357;348;9;425;403;22;10
20260330;2024;05;01;HOTEL;03;3 ESTRELLAS;HUÁNUCO;100000;17;628;1137;30,35;26,66;1,71;1,7;2,06;5482;5265;217;9397;8950;447;145
20260330;2024;05;01;HOTEL;03;3 ESTRELLAS;ICA;110000;66;2254;4388;32,87;22,93;1,39;1,46;1,29;22508;13272;9236;31185;19315;11870;518
20260330;2024;05;01;HOTEL;03;3 ESTRELLAS;JUNÍN;120000;20;771;1434;18,81;12,18;1,59;1,58;1,86;3407;3296;111;5415;5209;206;178
20260330;2024;05;01;HOTEL;03;3 ESTRELLAS;LA LIBERTAD;130000;76;2251;4319;29,12;21,86;1,77;1,72;2,33;16512;15166;1346;29267;26125;3142;550
20260330;2024;05;01;HOTEL;03;3 ESTRELLAS;LIMA;150000;160;8365;15990;46,01;38,89;1,75;1,48;2,1;109970;60801;49169;192796;89783;103013;2291
20260330;2024;05;01;HOTEL;03;3 ESTRELLAS;LORETO;160000;27;789;1353;30,5;26,68;2,14;2,16;2,06;5230;4195;1035;11191;9056;2135;242
20260330;2024;05;01;HOTEL;03;3 ESTRELLAS;MOQUEGUA;180000;12;378;612;30,57;23,36;1,5;1,5;1,55;2948;2574;374;4432;3853;579;85
20260330;2024;05;01;HOTEL;03;3 ESTRELLAS;PASCO;190000;6;144;264;10,55;12,01;1,74;1,74;0;566;566;0;983;983;0;19
20260330;2024;05;01;HOTEL;03;3 ESTRELLAS;PIURA;200000;20;716;1182;41,68;31,3;2;1,87;2,74;5734;4850;884;11468;9049;2419;220
20260330;2024;05;01;HOTEL;03;3 ESTRELLAS;PUNO;210000;28;885;1694;38,9;33,88;1,55;1,63;1,53;11458;2813;8645;17790;4591;13199;185
20260330;2024;05;01;HOTEL;03;3 ESTRELLAS;SAN MARTÍN;220000;24;855;1510;31,44;25,94;1,73;1,72;1,95;7026;6717;309;12141;11537;604;198
20260330;2024;05;01;HOTEL;03;3 ESTRELLAS;TACNA;230000;10;397;863;26,42;19,85;1,61;1,59;1,64;3292;1618;1674;5311;2568;2743;104
20260330;2024;05;01;HOTEL;03;3 ESTRELLAS;TUMBES;240000;9;284;565;35,87;36,95;2,66;2,68;2,51;2437;2040;397;6471;5473;998;118
20260330;2024;05;01;HOTEL;03;3 ESTRELLAS;UCAYALI;250000;15;535;885;29,69;23,22;2,28;2,25;2,72;2799;2636;163;6371;5927;444;130
20260330;2024;05;01;HOTEL;04;4 ESTRELLAS;APURÍMAC;030000;1;32;56;29,33;16,76;1,93;1,93;1,89;151;133;18;291;257;34;14
20260330;2024;05;01;HOTEL;04;4 ESTRELLAS;AREQUIPA;040000;11;558;1042;46,76;39,9;1,9;1,82;1,95;6785;2602;4183;12887;4748;8139;242
20260330;2024;05;01;HOTEL;04;4 ESTRELLAS;CAJAMARCA;060000;4;214;379;54,12;49,89;1,96;1,94;2,21;2983;2677;306;5861;5185;676;154
20260330;2024;05;01;HOTEL;04;4 ESTRELLAS;CALLAO;070000;2;371;599;92,36;86,79;1,31;1,2;1,32;12323;1567;10756;16116;1884;14232;130
20260330;2024;05;01;HOTEL;04;4 ESTRELLAS;CUSCO;080000;21;1610;3166;81,56;75,13;1,71;1,56;1,73;43050;3449;39601;73734;5388;68346;942
20260330;2024;05;01;HOTEL;04;4 ESTRELLAS;HUÁNUCO;100000;1;60;101;51,67;42,86;1,79;1,78;2;750;731;19;1342;1304;38;31
20260330;2024;05;01;HOTEL;04;4 ESTRELLAS;ICA;110000;8;814;1731;30,4;30,2;1,72;1,89;1,39;9432;6116;3316;16204;11586;4618;386
20260330;2024;05;01;HOTEL;04;4 ESTRELLAS;JUNÍN;120000;1;40;82;39,11;19,08;1,89;1,83;3,18;257;246;11;485;450;35;19
20260330;2024;05;01;HOTEL;04;4 ESTRELLAS;LA LIBERTAD;130000;4;318;546;46,86;46,01;2,12;2,04;2,42;3676;2887;789;7787;5881;1906;127
20260330;2024;05;01;HOTEL;04;4 ESTRELLAS;LAMBAYEQUE;140000;5;359;656;58,59;43,67;1,45;1,41;1,69;6126;5305;821;8880;7494;1386;269
20260330;2024;05;01;HOTEL;04;4 ESTRELLAS;LIMA;150000;44;4337;7848;54,24;50,84;2,2;1,74;2,39;56167;16434;39733;123694;28628;95066;1615
20260330;2024;05;01;HOTEL;04;4 ESTRELLAS;LORETO;160000;3;136;219;39,73;32,21;1,74;1,7;1,93;1255;1013;242;2187;1721;466;63
20260330;2024;05;01;HOTEL;04;4 ESTRELLAS;MOQUEGUA;180000;2;123;234;55,28;67,31;6,81;7,48;2,29;717;625;92;4883;4672;211;58
20260330;2024;05;01;HOTEL;04;4 ESTRELLAS;PIURA;200000;4;393;744;37,62;28,62;1,99;1,93;2,26;3323;2757;566;6600;5320;1280;140
20260330;2024;05;01;HOTEL;04;4 ESTRELLAS;PUNO;210000;8;508;961;53,33;48,73;1,68;1,7;1,67;8658;1095;7563;14517;1864;12653;197
20260330;2024;05;01;HOTEL;04;4 ESTRELLAS;SAN MARTÍN;220000;1;58;90;35,98;32,62;2,19;2,22;1,38;416;400;16;910;888;22;20
20260330;2024;05;01;HOTEL;04;4 ESTRELLAS;TACNA;230000;3;275;541;28,2;25,76;1,52;1,67;1,41;2835;1206;1629;4321;2016;2305;97
20260330;2024;05;01;HOTEL;04;4 ESTRELLAS;TUMBES;240000;5;265;520;31,67;34,44;2,15;2,31;1,75;2578;1849;729;5552;4277;1275;156
20260330;2024;05;01;HOTEL;04;4 ESTRELLAS;UCAYALI;250000;5;288;513;37,1;30,27;2,12;2,04;2,49;2275;1875;400;4814;3820;994;120
20260330;2024;05;01;HOTEL;05;5 ESTRELLAS;AREQUIPA;040000;3;241;352;55,19;51,38;2,11;1,93;2,22;2660;1028;1632;5607;1989;3618;184
20260330;2024;05;01;HOTEL;05;5 ESTRELLAS;CUSCO;080000;15;1283;2519;74,37;66,73;1,66;1,72;1,65;31449;3036;28413;52112;5223;46889;1217
20260330;2024;05;01;HOTEL;05;5 ESTRELLAS;ICA;110000;4;439;1083;39,52;37,54;1,78;1,8;1,72;7090;5146;1944;12602;9262;3340;474
20260330;2024;05;01;HOTEL;05;5 ESTRELLAS;LA LIBERTAD;130000;2;267;450;42,12;37,58;1,92;1,82;2,25;2737;2130;607;5242;3876;1366;195
20260330;2024;05;01;HOTEL;05;5 ESTRELLAS;LIMA;150000;27;4811;8415;57,4;45,42;2,44;1,69;2,64;48582;10475;38107;118473;17728;100745;3441
20260330;2024;05;01;HOTEL;05;5 ESTRELLAS;LORETO;160000;1;60;89;64,68;71,37;1,68;1,71;1,66;1171;539;632;1969;923;1046;54
20260330;2024;05;01;HOTEL;05;5 ESTRELLAS;PIURA;200000;1;83;166;51,3;38,34;1,75;1,66;2,01;1129;853;276;1973;1417;556;82
20260330;2024;05;01;HOTEL;05;5 ESTRELLAS;PUNO;210000;1;123;231;62,47;85,99;1,43;1,61;1,42;4301;316;3985;6158;510;5648;29
20260330;2024;05;01;HOTEL;05;5 ESTRELLAS;SAN MARTÍN;220000;1;50;108;39,1;52,72;2,13;2,12;2,33;829;811;18;1765;1723;42;63
20260330;2024;05;01;HOTEL;05;5 ESTRELLAS;UCAYALI;250000;2;162;300;38,31;30,88;2,18;2,22;1,95;1315;1145;170;2872;2540;332;73
20260330;2024;05;01;HOTEL;TT;TODAS CONSOLIDADAS;AMAZONAS;010000;56;1459;2441;20,32;16,57;1,38;1,35;2,23;9102;8776;326;12537;11810;727;274
20260330;2024;05;01;HOTEL;TT;TODAS CONSOLIDADAS;ÁNCASH;020000;114;3377;5989;20,57;15,15;1,62;1,58;2,02;17378;16053;1325;28121;25442;2679;625
20260330;2024;05;01;HOTEL;TT;TODAS CONSOLIDADAS;APURÍMAC;030000;15;555;929;34,07;24,73;1,29;1,29;1,36;5527;5317;210;7122;6837;285;98
20260330;2024;05;01;HOTEL;TT;TODAS CONSOLIDADAS;AREQUIPA;040000;132;4279;7689;34,75;29,11;1,72;1,74;1,71;40262;22811;17451;69390;39584;29806;1251
20260330;2024;05;01;HOTEL;TT;TODAS CONSOLIDADAS;AYACUCHO;050000;24;799;1441;12,74;14,23;1,91;1,94;1,4;3332;3122;210;6358;6064;294;160
20260330;2024;05;01;HOTEL;TT;TODAS CONSOLIDADAS;CAJAMARCA;060000;144;4281;7073;20,78;15,73;1,41;1,4;1,95;24434;23799;635;34480;33243;1237;853
20260330;2024;05;01;HOTEL;TT;TODAS CONSOLIDADAS;CALLAO;070000;7;644;1057;69,95;65,76;1,41;1,38;1,41;15319;3313;12006;21548;4585;16963;192
20260330;2024;05;01;HOTEL;TT;TODAS CONSOLIDADAS;CUSCO;080000;179;7480;14516;60,56;54,86;1,67;1,55;1,69;147698;21517;126181;246876;33294;213582;3641
20260330;2024;05;01;HOTEL;TT;TODAS CONSOLIDADAS;HUANCAVELICA;090000;4;105;177;32,38;27,19;1,65;1,64;2,15;906;893;13;1492;1464;28;19
20260330;2024;05;01;HOTEL;TT;TODAS CONSOLIDADAS;HUÁNUCO;100000;80;2574;4211;27,88;22,52;1,42;1,42;1,93;20652;20351;301;29394;28814;580;478
20260330;2024;05;01;HOTEL;TT;TODAS CONSOLIDADAS;ICA;110000;139;5199;10160;28,04;22,48;1,44;1,47;1,36;49331;34505;14826;70792;50625;20167;1636
20260330;2024;05;01;HOTEL;TT;TODAS CONSOLIDADAS;JUNÍN;120000;55;1922;3571;21,42;14,28;1,46;1,46;1,76;10802;10595;207;15809;15444;365;358
20260330;2024;05;01;HOTEL;TT;TODAS CONSOLIDADAS;LA LIBERTAD;130000;108;3477;6418;31,59;25,11;1,68;1,62;2,15;29668;26132;3536;49965;42351;7614;990
20260330;2024;05;01;HOTEL;TT;TODAS CONSOLIDADAS;LAMBAYEQUE;140000;114;3657;5774;22,14;17,99;1,32;1,29;1,77;24431;23082;1349;32207;29819;2388;827
20260330;2024;05;01;HOTEL;TT;TODAS CONSOLIDADAS;LIMA;150000;366;23022;41946;49,52;41,92;1,89;1,44;2,34;321986;159144;162842;610127;228640;381487;9855
20260330;2024;05;01;HOTEL;TT;TODAS CONSOLIDADAS;LORETO;160000;40;1190;2015;30,25;26,24;1,93;1,94;1,9;8498;6498;2000;16392;12598;3794;402
20260330;2024;05;01;HOTEL;TT;TODAS CONSOLIDADAS;MADRE DE DIOS;170000;17;535;963;28,61;23,36;1,27;1,27;1,29;5478;4755;723;6975;6039;936;121
20260330;2024;05;01;HOTEL;TT;TODAS CONSOLIDADAS;MOQUEGUA;180000;40;1143;1902;28,93;25,48;1,98;2,01;1,66;7583;6882;701;15023;13858;1165;266
20260330;2024;05;01;HOTEL;TT;TODAS CONSOLIDADAS;PASCO;190000;18;511;896;19,21;16,62;1,39;1,39;1;3329;3324;5;4617;4612;5;75
20260330;2024;05;01;HOTEL;TT;TODAS CONSOLIDADAS;PIURA;200000;44;1652;2870;36,14;27,31;1,94;1,85;2,45;12545;10753;1792;24295;19900;4395;524
20260330;2024;05;01;HOTEL;TT;TODAS CONSOLIDADAS;PUNO;210000;73;2365;4403;34,74;32,32;1,55;1,5;1,56;28536;7893;20643;44110;11847;32263;526
20260330;2024;05;01;HOTEL;TT;TODAS CONSOLIDADAS;SAN MARTÍN;220000;59;1853;3218;31,71;28,07;1,77;1,77;1,95;15803;15265;538;28001;26951;1050;457
20260330;2024;05;01;HOTEL;TT;TODAS CONSOLIDADAS;TACNA;230000;46;1638;3772;27,14;15,03;1,59;1,61;1,55;11078;6028;5050;17570;9725;7845;382
20260330;2024;05;01;HOTEL;TT;TODAS CONSOLIDADAS;TUMBES;240000;22;758;1480;30,74;29,93;2,21;2,25;2,02;6215;5087;1128;13733;11458;2275;314
20260330;2024;05;01;HOTEL;TT;TODAS CONSOLIDADAS;UCAYALI;250000;24;1048;1814;31,62;25,23;2,2;2,17;2,42;6452;5718;734;14187;12414;1773;336
20260330;2024;05;02;APART HOTEL;03;3 ESTRELLAS;ÁNCASH;020000;2;16;44;18,95;18,77;2,27;2,21;3,14;113;106;7;256;234;22;4
20260330;2024;05;02;APART HOTEL;03;3 ESTRELLAS;APURÍMAC;030000;1;23;36;54;42,92;1,81;1,86;1,16;265;246;19;479;457;22;9
20260330;2024;05;02;APART HOTEL;03;3 ESTRELLAS;AREQUIPA;040000;1;19;35;3,74;2,03;1,69;1,69;0;13;13;0;22;22;0;5
20260330;2024;05;02;APART HOTEL;03;3 ESTRELLAS;CAJAMARCA;060000;2;13;24;0;0;0;0;0;0;0;0;0;0;0;0
20260330;2024;05;02;APART HOTEL;03;3 ESTRELLAS;ICA;110000;3;36;52;6,81;4,71;1;1;0;76;76;0;76;76;0;11
20260330;2024;05;02;APART HOTEL;03;3 ESTRELLAS;LIMA;150000;6;138;268;41,58;32,69;2,36;2,25;2,46;1152;557;595;2716;1253;1463;46
20260330;2024;05;02;APART HOTEL;03;3 ESTRELLAS;LORETO;160000;1;24;46;0;0;0;0;0;0;0;0;0;0;0;0
20260330;2024;05;02;APART HOTEL;03;3 ESTRELLAS;MOQUEGUA;180000;1;9;17;0;0;0;0;0;0;0;0;0;0;0;0
20260330;2024;05;02;APART HOTEL;03;3 ESTRELLAS;PASCO;190000;1;15;17;0;0;0;0;0;0;0;0;0;0;0;0
20260330;2024;05;02;APART HOTEL;03;3 ESTRELLAS;TUMBES;240000;2;19;54;24,45;15,23;2,71;2,73;2,56;94;85;9;255;232;23;15
20260330;2024;05;02;APART HOTEL;04;4 ESTRELLAS;AREQUIPA;040000;1;19;31;55,18;48,18;3,22;2,82;4,28;144;105;39;463;296;167;8
20260330;2024;05;02;APART HOTEL;04;4 ESTRELLAS;LIMA;150000;8;610;1277;64,95;63,25;2,28;1,88;3,24;10993;7791;3202;25039;14663;10376;431
20260330;2024;05;02;APART HOTEL;04;4 ESTRELLAS;LORETO;160000;1;13;23;46,65;38,71;1;1;1;276;47;229;276;47;229;6
20260330;2024;05;02;APART HOTEL;04;4 ESTRELLAS;SAN MARTÍN;220000;1;24;48;75,13;69,83;2,12;2,08;2,5;491;453;38;1039;944;95;18
20260330;2024;05;02;APART HOTEL;05;5 ESTRELLAS;LIMA;150000;4;250;435;60,06;48,25;3,58;3,11;3,86;1816;680;1136;6506;2118;4388;110
20260330;2024;05;02;APART HOTEL;TT;TODAS CONSOLIDADAS;ÁNCASH;020000;2;16;44;18,95;18,77;2,27;2,21;3,14;113;106;7;256;234;22;4
20260330;2024;05;02;APART HOTEL;TT;TODAS CONSOLIDADAS;APURÍMAC;030000;1;23;36;54;42,92;1,81;1,86;1,16;265;246;19;479;457;22;9
20260330;2024;05;02;APART HOTEL;TT;TODAS CONSOLIDADAS;AREQUIPA;040000;2;38;66;29,46;23,7;3,09;2,69;4,28;157;118;39;485;318;167;13
20260330;2024;05;02;APART HOTEL;TT;TODAS CONSOLIDADAS;CAJAMARCA;060000;2;13;24;0;0;0;0;0;0;0;0;0;0;0;0
20260330;2024;05;02;APART HOTEL;TT;TODAS CONSOLIDADAS;ICA;110000;3;36;52;6,81;4,71;1;1;0;76;76;0;76;76;0;11
20260330;2024;05;02;APART HOTEL;TT;TODAS CONSOLIDADAS;LIMA;150000;18;998;1980;60,5;55,82;2,45;2;3,29;13961;9028;4933;34261;18034;16227;587
20260330;2024;05;02;APART HOTEL;TT;TODAS CONSOLIDADAS;LORETO;160000;2;37;69;16,39;12,9;1;1;1;276;47;229;276;47;229;6
20260330;2024;05;02;APART HOTEL;TT;TODAS CONSOLIDADAS;MOQUEGUA;180000;1;9;17;0;0;0;0;0;0;0;0;0;0;0;0
20260330;2024;05;02;APART HOTEL;TT;TODAS CONSOLIDADAS;PASCO;190000;1;15;17;0;0;0;0;0;0;0;0;0;0;0;0
20260330;2024;05;02;APART HOTEL;TT;TODAS CONSOLIDADAS;SAN MARTÍN;220000;1;24;48;75,13;69,83;2,12;2,08;2,5;491;453;38;1039;944;95;18
20260330;2024;05;02;APART HOTEL;TT;TODAS CONSOLIDADAS;TUMBES;240000;2;19;54;24,45;15,23;2,71;2,73;2,56;94;85;9;255;232;23;15
20260330;2024;05;03;HOSTAL;01;1 ESTRELLA;AMAZONAS;010000;17;245;354;20,95;18,45;1,03;1,02;1,52;1975;1954;21;2025;1993;32;43
20260330;2024;05;03;HOSTAL;01;1 ESTRELLA;ÁNCASH;020000;38;557;917;29,94;23,9;1,08;1,07;1,61;6313;6264;49;6795;6716;79;92
20260330;2024;05;03;HOSTAL;01;1 ESTRELLA;APURÍMAC;030000;5;109;166;33,09;35,21;1,05;1,05;0;1727;1727;0;1812;1812;0;15
20260330;2024;05;03;HOSTAL;01;1 ESTRELLA;AREQUIPA;040000;51;763;1177;27,22;22,39;1,12;1,12;1,15;7288;6854;434;8171;7671;500;132
20260330;2024;05;03;HOSTAL;01;1 ESTRELLA;AYACUCHO;050000;15;199;364;3,86;9,22;1,45;1,45;0;716;716;0;1040;1040;0;31
20260330;2024;05;03;HOSTAL;01;1 ESTRELLA;CAJAMARCA;060000;22;388;621;21,24;14,13;1,19;1,19;1;2285;2279;6;2721;2715;6;75
20260330;2024;05;03;HOSTAL;01;1 ESTRELLA;CALLAO;070000;8;159;301;52,13;48,83;1,03;1,02;1,25;4739;4356;383;4904;4424;480;29
20260330;2024;05;03;HOSTAL;01;1 ESTRELLA;CUSCO;080000;25;425;708;23,42;20,31;1,09;1,09;1,73;4074;4063;11;4457;4438;19;60
20260330;2024;05;03;HOSTAL;01;1 ESTRELLA;HUANCAVELICA;090000;2;66;94;17,64;12,73;1,01;1,01;0;366;366;0;371;371;0;5
20260330;2024;05;03;HOSTAL;01;1 ESTRELLA;HUÁNUCO;100000;25;360;536;44,46;42,65;1,56;1,56;0;4537;4537;0;7086;7086;0;65
20260330;2024;05;03;HOSTAL;01;1 ESTRELLA;ICA;110000;18;222;336;39,41;32,66;1;1;0;3402;3402;0;3402;3402;0;41
20260330;2024;05;03;HOSTAL;01;1 ESTRELLA;JUNÍN;120000;12;170;294;22,81;17,13;1,15;1,15;0;1360;1360;0;1561;1561;0;29
20260330;2024;05;03;HOSTAL;01;1 ESTRELLA;LA LIBERTAD;130000;26;371;648;20,66;19,11;1;1;0;3839;3839;0;3839;3839;0;65
20260330;2024;05;03;HOSTAL;01;1 ESTRELLA;LAMBAYEQUE;140000;15;206;300;22,99;20,16;1,03;1,03;0;1829;1829;0;1875;1875;0;39
20260330;2024;05;03;HOSTAL;01;1 ESTRELLA;LIMA;150000;76;1574;2778;36,38;29,77;1,29;1,29;1,49;26058;25387;670;33699;32697;1002;342
20260330;2024;05;03;HOSTAL;01;1 ESTRELLA;LORETO;160000;6;104;168;14,95;13,48;1,57;1,59;1,35;446;423;23;702;671;31;26
20260330;2024;05;03;HOSTAL;01;1 ESTRELLA;MOQUEGUA;180000;20;289;489;12,87;9,67;1,56;1,55;1,81;942;915;27;1466;1417;49;56
20260330;2024;05;03;HOSTAL;01;1 ESTRELLA;PASCO;190000;20;339;494;23,42;17,41;1,01;1,01;0;2647;2647;0;2666;2666;0;56
20260330;2024;05;03;HOSTAL;01;1 ESTRELLA;PIURA;200000;3;56;81;16,13;10,31;1,69;1,71;1;153;150;3;259;256;3;11
20260330;2024;05;03;HOSTAL;01;1 ESTRELLA;PUNO;210000;32;460;808;18,25;14,54;1,04;1,04;1,08;3505;3313;192;3642;3434;208;72
20260330;2024;05;03;HOSTAL;01;1 ESTRELLA;SAN MARTÍN;220000;1;20;34;8,06;6,36;1,24;1,24;0;54;54;0;67;67;0;8
20260330;2024;05;03;HOSTAL;01;1 ESTRELLA;TACNA;230000;10;175;306;14,32;13,63;1,05;1,05;1,06;1228;785;443;1293;823;470;28
20260330;2024;05;03;HOSTAL;02;2 ESTRELLAS;AMAZONAS;010000;52;879;1390;20,32;17,25;1,17;1,15;1,98;6338;6194;144;7432;7147;285;150
20260330;2024;05;03;HOSTAL;02;2 ESTRELLAS;ÁNCASH;020000;129;2147;3783;30,01;27,13;1,09;1,09;1,1;29277;29167;110;31821;31700;121;503
20260330;2024;05;03;HOSTAL;02;2 ESTRELLAS;APURÍMAC;030000;7;143;221;32,93;27,18;1,1;1,1;1;1695;1672;23;1862;1839;23;25
20260330;2024;05;03;HOSTAL;02;2 ESTRELLAS;AREQUIPA;040000;129;2060;3681;29,19;24,2;1,32;1,32;1,3;20937;18374;2563;27612;24288;3324;371
20260330;2024;05;03;HOSTAL;02;2 ESTRELLAS;AYACUCHO;050000;10;133;238;21;24,09;1,96;1,95;2,05;908;853;55;1777;1664;113;25
20260330;2024;05;03;HOSTAL;02;2 ESTRELLAS;CAJAMARCA;060000;131;2319;3664;19,97;14,1;1,2;1,2;1,31;13386;13287;99;16016;15886;130;372
20260330;2024;05;03;HOSTAL;02;2 ESTRELLAS;CALLAO;070000;6;247;453;46,99;39,56;1;1;1;5530;5525;5;5555;5550;5;38
20260330;2024;05;03;HOSTAL;02;2 ESTRELLAS;CUSCO;080000;46;764;1374;31,51;29,23;1,71;1,53;1,93;7287;4065;3222;12452;6225;6227;136
20260330;2024;05;03;HOSTAL;02;2 ESTRELLAS;HUANCAVELICA;090000;1;44;82;12,54;10,5;1,14;1,14;0;235;235;0;267;267;0;3
20260330;2024;05;03;HOSTAL;02;2 ESTRELLAS;HUÁNUCO;100000;26;348;567;40,96;28,8;1,16;1,16;1,8;4367;4357;10;5063;5045;18;87
20260330;2024;05;03;HOSTAL;02;2 ESTRELLAS;ICA;110000;81;1230;1999;26,2;23,61;1,01;1;1,07;14538;13956;582;14633;14008;625;201
20260330;2024;05;03;HOSTAL;02;2 ESTRELLAS;JUNÍN;120000;24;394;759;24,33;22,52;1,21;1,21;1,8;4379;4374;5;5298;5289;9;79
20260330;2024;05;03;HOSTAL;02;2 ESTRELLAS;LA LIBERTAD;130000;122;2064;3710;20,17;18,1;1,26;1,26;1;16477;16475;2;20817;20815;2;359
20260330;2024;05;03;HOSTAL;02;2 ESTRELLAS;LAMBAYEQUE;140000;144;2096;3040;24,66;17,99;1,13;1,13;1,42;15050;14979;71;16956;16855;101;404
20260330;2024;05;03;HOSTAL;02;2 ESTRELLAS;LIMA;150000;118;2911;5313;37,21;34,77;1,4;1,27;2,13;59838;51279;8559;83489;65234;18255;720
20260330;2024;05;03;HOSTAL;02;2 ESTRELLAS;LORETO;160000;8;152;232;15,07;13,65;2,28;2,12;3,11;430;358;72;982;758;224;32
20260330;2024;05;03;HOSTAL;02;2 ESTRELLAS;MADRE DE DIOS;170000;6;146;214;35,57;27,8;1,28;1,25;1,82;1442;1364;78;1844;1702;142;26
20260330;2024;05;03;HOSTAL;02;2 ESTRELLAS;MOQUEGUA;180000;62;923;1502;17,04;12,33;1,41;1,41;1,28;4073;4030;43;5742;5687;55;164
20260330;2024;05;03;HOSTAL;02;2 ESTRELLAS;PASCO;190000;16;279;542;14,98;10,8;1,32;1,32;1,58;1375;1363;12;1815;1796;19;40
20260330;2024;05;03;HOSTAL;02;2 ESTRELLAS;PIURA;200000;24;491;837;28,03;18,93;2;2;1,94;2459;2331;128;4912;4664;248;90
20260330;2024;05;03;HOSTAL;02;2 ESTRELLAS;PUNO;210000;58;885;1670;23,19;16,85;1,26;1,25;1,28;6946;5627;1319;8721;7029;1692;156
20260330;2024;05;03;HOSTAL;02;2 ESTRELLAS;SAN MARTÍN;220000;22;312;489;22,6;22,15;1,59;1,59;1,67;2117;2102;15;3357;3332;25;71
20260330;2024;05;03;HOSTAL;02;2 ESTRELLAS;TACNA;230000;28;472;906;29,42;17,32;2,06;1,99;2,09;2359;711;1648;4865;1413;3452;88
20260330;2024;05;03;HOSTAL;02;2 ESTRELLAS;TUMBES;240000;5;66;131;8,65;6,23;1,18;1,2;1,07;214;186;28;253;223;30;21
20260330;2024;05;03;HOSTAL;02;2 ESTRELLAS;UCAYALI;250000;2;68;124;19,64;11,37;1,62;1,63;1,5;269;267;2;437;434;3;16
20260330;2024;05;03;HOSTAL;03;3 ESTRELLAS;AMAZONAS;010000;9;125;250;20,65;15,14;1,39;1,36;1,65;843;754;89;1173;1026;147;30
20260330;2024;05;03;HOSTAL;03;3 ESTRELLAS;ÁNCASH;020000;21;329;633;17,27;15,52;1,62;1,6;2,15;1875;1789;86;3045;2860;185;72
20260330;2024;05;03;HOSTAL;03;3 ESTRELLAS;APURÍMAC;030000;1;24;43;32,53;18,15;1,42;1,43;1;171;164;7;242;235;7;5
20260330;2024;05;03;HOSTAL;03;3 ESTRELLAS;AREQUIPA;040000;45;706;1300;35,93;32,01;1,91;1,89;1,94;6746;3998;2748;12902;7572;5330;183
20260330;2024;05;03;HOSTAL;03;3 ESTRELLAS;AYACUCHO;050000;3;51;100;34,72;26,45;2,1;2,13;1,89;390;343;47;820;731;89;28
20260330;2024;05;03;HOSTAL;03;3 ESTRELLAS;CAJAMARCA;060000;53;820;1327;19,44;14,32;1,48;1,48;1,29;3984;3970;14;5890;5872;18;199
20260330;2024;05;03;HOSTAL;03;3 ESTRELLAS;CUSCO;080000;19;323;649;27,42;24,5;1,95;1,47;2,26;2524;980;1544;4929;1444;3485;65
20260330;2024;05;03;HOSTAL;03;3 ESTRELLAS;HUÁNUCO;100000;1;31;39;0;0;0;0;0;0;0;0;0;0;0;0
20260330;2024;05;03;HOSTAL;03;3 ESTRELLAS;ICA;110000;42;693;1306;33,53;22,3;1,49;1,53;1,4;6056;4078;1978;9029;6256;2773;151
20260330;2024;05;03;HOSTAL;03;3 ESTRELLAS;JUNÍN;120000;3;57;114;37,07;24,59;1,72;1,72;1,75;505;501;4;869;862;7;35
20260330;2024;05;03;HOSTAL;03;3 ESTRELLAS;LA LIBERTAD;130000;47;852;1651;32,85;26,74;1,11;1,11;1,23;12287;12053;234;13687;13400;287;162
20260330;2024;05;03;HOSTAL;03;3 ESTRELLAS;LIMA;150000;24;494;934;19,39;15,64;1,16;1,15;1,18;3921;3440;481;4529;3961;568;91
20260330;2024;05;03;HOSTAL;03;3 ESTRELLAS;LORETO;160000;7;122;200;17,85;21,11;2,02;1,97;2,3;647;543;104;1309;1070;239;30
20260330;2024;05;03;HOSTAL;03;3 ESTRELLAS;MADRE DE DIOS;170000;1;22;28;43,11;47,12;1,38;1,38;2;297;296;1;409;407;2;2
20260330;2024;05;01;HOTEL;02;2 ESTRELLAS;MADRE DE DIOS;170000;7;188;328;35,52;24,15;1,22;1,23;1,12;2007;1902;105;2456;2338;118;36
20260330;2024;05;01;HOTEL;03;3 ESTRELLAS;MADRE DE DIOS;170000;5;202;377;22,31;22,8;1,65;1,78;1,38;1617;1089;528;2665;1937;728;59
20260330;2024;05;03;HOSTAL;01;1 ESTRELLA;MADRE DE DIOS;170000;2;53;101;12,42;6,42;1,12;1,12;0;179;179;0;201;201;0;8
20260330;2024;05;01;HOTEL;03;3 ESTRELLAS;LAMBAYEQUE;140000;35;1134;1896;23,6;18,67;1,5;1,47;1,97;7328;6947;381;10972;10220;752;244
20260330;2024;05;03;HOSTAL;03;3 ESTRELLAS;LAMBAYEQUE;140000;23;341;513;32,55;24,57;1,29;1,3;1,02;3024;2982;42;3908;3865;43;73
20260330;2024;05;03;HOSTAL;03;3 ESTRELLAS;MOQUEGUA;180000;6;173;339;7,85;5,84;1,77;1,78;1,42;347;335;12;614;597;17;21
20260330;2024;05;03;HOSTAL;03;3 ESTRELLAS;PASCO;190000;2;21;44;26,88;26,61;1,38;1,38;1,25;264;252;12;363;348;15;9
20260330;2024;05;03;HOSTAL;03;3 ESTRELLAS;PIURA;200000;2;36;78;18,37;15,3;2,66;2,75;2,3;139;112;27;370;308;62;19
20260330;2024;05;03;HOSTAL;03;3 ESTRELLAS;PUNO;210000;12;228;398;29,99;23,2;1,52;1,63;1,21;1880;1401;479;2863;2285;578;53
20260330;2024;05;03;HOSTAL;03;3 ESTRELLAS;SAN MARTÍN;220000;6;110;242;51,44;55,83;2,45;2,48;1,81;1706;1652;54;4188;4090;98;48
20260330;2024;05;03;HOSTAL;03;3 ESTRELLAS;TACNA;230000;4;78;178;32,01;20,99;2,78;2,92;2,67;416;191;225;1158;558;600;16
20260330;2024;05;03;HOSTAL;03;3 ESTRELLAS;TUMBES;240000;3;51;102;0;0;0;0;0;0;0;0;0;0;0;0
20260330;2024;05;03;HOSTAL;03;3 ESTRELLAS;UCAYALI;250000;1;35;52;14,65;13,65;1,71;1,71;0;129;129;0;220;220;0;5
20260330;2024;05;03;HOSTAL;TT;TODAS CONSOLIDADAS;ÁNCASH;020000;188;3033;5333;28,61;25,2;1,11;1,11;1,57;37465;37220;245;41661;41276;385;667
20260330;2024;05;03;HOSTAL;TT;TODAS CONSOLIDADAS;APURÍMAC;030000;13;276;430;32,96;29,38;1,09;1,09;1;3593;3563;30;3916;3886;30;45
20260330;2024;05;03;HOSTAL;TT;TODAS CONSOLIDADAS;AREQUIPA;040000;225;3529;6158;30,11;25,5;1,39;1,35;1,59;34971;29226;5745;48685;39531;9154;686
20260330;2024;05;03;HOSTAL;TT;TODAS CONSOLIDADAS;AYACUCHO;050000;28;383;702;13,92;16,71;1,81;1,8;1,98;2014;1912;102;3637;3435;202;84
20260330;2024;05;03;HOSTAL;TT;TODAS CONSOLIDADAS;CAJAMARCA;060000;206;3527;5612;19,99;14,16;1,25;1,25;1,29;19655;19536;119;24627;24473;154;646
20260330;2024;05;03;HOSTAL;TT;TODAS CONSOLIDADAS;CALLAO;070000;14;406;754;48,77;42,79;1,02;1,01;1,25;10598;10257;341;10772;10346;426;70
20260330;2024;05;03;HOSTAL;TT;TODAS CONSOLIDADAS;CUSCO;080000;90;1512;2731;28,36;25,79;1,57;1,33;2,04;13885;9108;4777;21838;12107;9731;261
20260330;2024;05;03;HOSTAL;TT;TODAS CONSOLIDADAS;HUANCAVELICA;090000;3;110;176;15,6;11,69;1,06;1,06;0;601;601;0;638;638;0;8
20260330;2024;05;03;HOSTAL;TT;TODAS CONSOLIDADAS;HUÁNUCO;100000;52;739;1142;40,95;34,32;1,36;1,36;1,8;8904;8894;10;12149;12131;18;152
20260330;2024;05;03;HOSTAL;TT;TODAS CONSOLIDADAS;ICA;110000;141;2145;3641;29,93;23,98;1,13;1,1;1,33;23996;21436;2560;27064;23666;3398;393
20260330;2024;05;03;HOSTAL;TT;TODAS CONSOLIDADAS;JUNÍN;120000;39;621;1167;25,08;21,36;1,24;1,24;1,78;6244;6235;9;7728;7712;16;143
20260330;2024;05;03;HOSTAL;TT;TODAS CONSOLIDADAS;LA LIBERTAD;130000;195;3287;6009;23,51;20,58;1,18;1,18;1,22;32603;32367;236;38343;38054;289;586
20260330;2024;05;03;HOSTAL;TT;TODAS CONSOLIDADAS;LAMBAYEQUE;140000;182;2643;3853;25,55;19,04;1,14;1,14;1,27;19903;19790;113;22739;22595;144;516
20260330;2024;05;03;HOSTAL;TT;TODAS CONSOLIDADAS;LIMA;150000;218;4979;9025;32,71;28,93;1,33;1,26;1,93;76521;68343;8178;101858;86084;15773;1070
20260330;2024;05;03;HOSTAL;TT;TODAS CONSOLIDADAS;LORETO;160000;21;378;600;15,93;16,09;1,97;1,89;2,48;1523;1324;199;2993;2499;494;88
20260330;2024;05;03;HOSTAL;TT;TODAS CONSOLIDADAS;MADRE DE DIOS;170000;9;221;343;30,77;23,08;1,28;1,26;1,82;1918;1839;79;2454;2310;144;36
20260330;2024;05;03;HOSTAL;TT;TODAS CONSOLIDADAS;MOQUEGUA;180000;88;1385;2330;15,02;10,83;1,46;1,46;1,48;5362;5280;82;7822;7701;121;241
20260330;2024;05;03;HOSTAL;TT;TODAS CONSOLIDADAS;PASCO;190000;38;639;1080;19,85;14,47;1,13;1,13;1,42;4286;4262;24;4844;4810;34;105
20260330;2024;05;03;HOSTAL;TT;TODAS CONSOLIDADAS;PIURA;200000;29;583;996;26,29;17,95;2,01;2,02;1,98;2751;2593;158;5541;5228;313;120
20260330;2024;05;03;HOSTAL;TT;TODAS CONSOLIDADAS;PUNO;210000;102;1573;2876;22,73;17,08;1,23;1,23;1,25;12331;10341;1990;15226;12748;2478;281
20260330;2024;05;03;HOSTAL;TT;TODAS CONSOLIDADAS;SAN MARTÍN;220000;29;442;765;29,12;32,1;1,96;1,97;1,78;3877;3808;69;7612;7489;123;127
20260330;2024;05;03;HOSTAL;TT;TODAS CONSOLIDADAS;TACNA;230000;42;725;1390;26,06;16,98;1,83;1,66;1,95;4003;1687;2316;7316;2794;4522;132
20260330;2024;05;03;HOSTAL;TT;TODAS CONSOLIDADAS;TUMBES;240000;8;117;233;4,88;3,5;1,18;1,2;1,07;214;186;28;253;223;30;21
20260330;2024;05;03;HOSTAL;TT;TODAS CONSOLIDADAS;UCAYALI;250000;3;103;176;17,95;12,04;1,65;1,65;1,5;398;396;2;657;654;3;21
20260330;2024;05;05;ALBERGUE;12;ALBERGUE;AMAZONAS;010000;1;6;11;0;0;0;0;0;0;0;0;0;0;0;0
20260330;2024;05;05;ALBERGUE;12;ALBERGUE;ÁNCASH;020000;7;68;149;16,84;7,4;1,2;1,19;1,24;286;253;33;342;301;41;16
20260330;2024;05;05;ALBERGUE;12;ALBERGUE;AREQUIPA;040000;10;145;340;45,34;39,12;1,47;1,46;1,47;2809;952;1857;4123;1391;2732;110
20260330;2024;05;05;ALBERGUE;12;ALBERGUE;AYACUCHO;050000;1;10;20;0;0;0;0;0;0;0;0;0;0;0;0
20260330;2024;05;05;ALBERGUE;12;ALBERGUE;CAJAMARCA;060000;1;11;22;0;0;0;0;0;0;0;0;0;0;0;0
20260330;2024;05;05;ALBERGUE;12;ALBERGUE;CUSCO;080000;16;372;657;44,86;37,47;1,48;1,55;1,48;5167;140;5027;7632;217;7415;159
20260330;2024;05;05;ALBERGUE;12;ALBERGUE;HUANCAVELICA;090000;1;14;47;27,42;25,39;3,27;3,27;0;113;113;0;370;370;0;17
20260330;2024;05;05;ALBERGUE;12;ALBERGUE;HUÁNUCO;100000;6;75;100;0;0;0;0;0;0;0;0;0;0;0;0
20260330;2024;05;05;ALBERGUE;12;ALBERGUE;ICA;110000;5;47;177;16,82;16,13;1,47;1,4;1,59;603;392;211;885;550;335;16
20260330;2024;05;05;ALBERGUE;12;ALBERGUE;JUNÍN;120000;1;32;104;29,13;23,36;1,63;1,63;1,67;461;452;9;753;738;15;19
20260330;2024;05;05;ALBERGUE;12;ALBERGUE;LA LIBERTAD;130000;1;15;27;47,53;31,9;1,55;1,54;2;172;169;3;267;261;6;4
20260330;2024;05;05;ALBERGUE;12;ALBERGUE;LIMA;150000;8;128;459;16,23;10,22;2,84;2,84;0;512;512;0;1454;1454;0;24
20260330;2024;05;05;ALBERGUE;12;ALBERGUE;LORETO;160000;60;852;1715;20,9;20,7;1,9;1,54;2,01;5784;1292;4492;11005;1985;9020;284
20260330;2024;05;05;ALBERGUE;12;ALBERGUE;MADRE DE DIOS;170000;15;333;689;34,55;34,86;2,57;2,71;2,56;2894;157;2737;7446;426;7020;217
20260330;2024;05;05;ALBERGUE;12;ALBERGUE;PASCO;190000;19;260;661;11,35;11,27;1,59;1,58;2;1452;1423;29;2310;2252;58;58
20260330;2024;05;05;ALBERGUE;12;ALBERGUE;PUNO;210000;1;13;35;0;0;0;0;0;0;0;0;0;0;0;0
20260330;2024;05;05;ALBERGUE;12;ALBERGUE;SAN MARTÍN;220000;11;159;352;28,71;27,05;2,24;2,23;2,38;1315;1161;154;2952;2585;367;52
20260330;2024;05;05;ALBERGUE;12;ALBERGUE;UCAYALI;250000;5;52;146;6,51;4,88;1,74;1,69;2,13;127;112;15;221;189;32;30
20260330;2024;05;05;ALBERGUE;TT;TODAS CONSOLIDADAS;ÁNCASH;020000;7;68;149;16,84;7,4;1,2;1,19;1,24;286;253;33;342;301;41;16
20260330;2024;05;05;ALBERGUE;TT;TODAS CONSOLIDADAS;AREQUIPA;040000;10;145;340;45,34;39,12;1,47;1,46;1,47;2809;952;1857;4123;1391;2732;110
20260330;2024;05;05;ALBERGUE;TT;TODAS CONSOLIDADAS;AYACUCHO;050000;1;10;20;0;0;0;0;0;0;0;0;0;0;0;0
20260330;2024;05;05;ALBERGUE;TT;TODAS CONSOLIDADAS;CAJAMARCA;060000;1;11;22;0;0;0;0;0;0;0;0;0;0;0;0
20260330;2024;05;05;ALBERGUE;TT;TODAS CONSOLIDADAS;CUSCO;080000;16;372;657;44,86;37,47;1,48;1,55;1,48;5167;140;5027;7632;217;7415;159
20260330;2024;05;05;ALBERGUE;TT;TODAS CONSOLIDADAS;HUANCAVELICA;090000;1;14;47;27,42;25,39;3,27;3,27;0;113;113;0;370;370;0;17
20260330;2024;05;05;ALBERGUE;TT;TODAS CONSOLIDADAS;HUÁNUCO;100000;6;75;100;0;0;0;0;0;0;0;0;0;0;0;0
20260330;2024;05;05;ALBERGUE;TT;TODAS CONSOLIDADAS;ICA;110000;5;47;177;16,82;16,13;1,47;1,4;1,59;603;392;211;885;550;335;16
20260330;2024;05;05;ALBERGUE;TT;TODAS CONSOLIDADAS;JUNÍN;120000;1;32;104;29,13;23,36;1,63;1,63;1,67;461;452;9;753;738;15;19
20260330;2024;05;05;ALBERGUE;TT;TODAS CONSOLIDADAS;LA LIBERTAD;130000;1;15;27;47,53;31,9;1,55;1,54;2;172;169;3;267;261;6;4
20260330;2024;05;05;ALBERGUE;TT;TODAS CONSOLIDADAS;LIMA;150000;8;128;459;16,23;10,22;2,84;2,84;0;512;512;0;1454;1454;0;24
20260330;2024;05;05;ALBERGUE;TT;TODAS CONSOLIDADAS;LORETO;160000;60;852;1715;20,9;20,7;1,9;1,54;2,01;5784;1292;4492;11005;1985;9020;284
20260330;2024;05;05;ALBERGUE;TT;TODAS CONSOLIDADAS;MADRE DE DIOS;170000;15;333;689;34,55;34,86;2,57;2,71;2,56;2894;157;2737;7446;426;7020;217
20260330;2024;05;05;ALBERGUE;TT;TODAS CONSOLIDADAS;PASCO;190000;19;260;661;11,35;11,27;1,59;1,58;2;1452;1423;29;2310;2252;58;58
20260330;2024;05;05;ALBERGUE;TT;TODAS CONSOLIDADAS;PUNO;210000;1;13;35;0;0;0;0;0;0;0;0;0;0;0;0
20260330;2024;05;05;ALBERGUE;TT;TODAS CONSOLIDADAS;SAN MARTÍN;220000;11;159;352;28,71;27,05;2,24;2,23;2,38;1315;1161;154;2952;2585;367;52
20260330;2024;05;05;ALBERGUE;TT;TODAS CONSOLIDADAS;UCAYALI;250000;5;52;146;6,51;4,88;1,74;1,69;2,13;127;112;15;221;189;32;30
20260330;2024;05;14;RESORT;03;3 ESTRELLAS;ICA;110000;1;51;86;0;0;0;0;0;0;0;0;0;0;0;0
20260330;2024;05;14;RESORT;03;3 ESTRELLAS;TUMBES;240000;1;28;62;1,15;1,09;1,4;1,4;0;15;15;0;21;21;0;6
20260330;2024;05;14;RESORT;04;4 ESTRELLAS;TUMBES;240000;1;402;1101;53,56;47,77;2,51;2,55;2,34;6486;5321;1165;16305;13577;2728;436
20260330;2024;05;14;RESORT;05;5 ESTRELLAS;ICA;110000;1;49;94;49,24;63,18;1,54;1,69;1,31;1198;703;495;1841;1191;650;60
20260330;2024;05;14;RESORT;TT;TODAS CONSOLIDADAS;ICA;110000;2;100;180;24,13;32,99;1,54;1,69;1,31;1198;703;495;1841;1191;650;60
20260330;2024;05;14;RESORT;TT;TODAS CONSOLIDADAS;TUMBES;240000;2;430;1163;50,15;45,28;2,51;2,55;2,34;6501;5336;1165;16326;13598;2728;442
20260330;2024;05;16;ECOLODGE;13;ECOLODGE;AREQUIPA;040000;1;23;51;28,47;26,57;1,47;1,26;1,51;285;46;239;420;58;362;7
20260330;2024;05;16;ECOLODGE;TT;TODAS CONSOLIDADAS;AREQUIPA;040000;1;23;51;28,47;26,57;1,47;1,26;1,51;285;46;239;420;58;362;7
20260330;2024;05;TT;TODAS CONSOLIDADAS;00;NO CATEGORIZADO;AMAZONAS;010000;301;2823;4454;10,87;8,71;1,26;1,26;1,36;9513;8987;526;12021;11307;714;521
20260330;2024;05;TT;TODAS CONSOLIDADAS;00;NO CATEGORIZADO;ÁNCASH;020000;739;6449;10903;15,87;13,64;1,23;1,2;1,55;37516;34645;2871;46108;41671;4437;745
20260330;2024;05;TT;TODAS CONSOLIDADAS;00;NO CATEGORIZADO;APURÍMAC;030000;507;4512;7069;17,09;12,16;1,16;1,16;1,67;22938;22709;229;26650;26267;383;431
20260330;2024;05;TT;TODAS CONSOLIDADAS;00;NO CATEGORIZADO;AREQUIPA;040000;1274;10882;18442;18,78;15,9;1,51;1,48;1,58;60224;43364;16860;90897;64232;26665;1282
20260330;2024;05;TT;TODAS CONSOLIDADAS;00;NO CATEGORIZADO;AYACUCHO;050000;605;5654;9161;10,67;12,19;1,34;1,33;1,61;25866;25491;375;34630;34027;603;685
20260330;2024;05;TT;TODAS CONSOLIDADAS;00;NO CATEGORIZADO;CAJAMARCA;060000;739;6467;10308;17,42;13,64;1,25;1,24;1,53;34957;34685;272;43589;43173;416;718
20260330;2024;05;TT;TODAS CONSOLIDADAS;00;NO CATEGORIZADO;CALLAO;070000;272;3748;7017;40,78;38,16;1,02;1,01;1,37;141529;137765;3764;144653;139479;5174;1101
20260330;2024;05;TT;TODAS CONSOLIDADAS;00;NO CATEGORIZADO;CUSCO;080000;1992;18974;33825;32,08;28,23;1,77;1,31;2,03;166778;58870;107908;295979;77261;218718;3677
20260330;2024;05;TT;TODAS CONSOLIDADAS;00;NO CATEGORIZADO;HUANCAVELICA;090000;239;2539;3865;16,51;13,41;1,1;1,1;1,52;14616;14554;62;16066;15972;94;280
20260330;2024;05;TT;TODAS CONSOLIDADAS;00;NO CATEGORIZADO;HUÁNUCO;100000;501;5308;7988;15,07;12,19;1,17;1,17;1,29;25816;25767;49;30185;30122;63;663
20260330;2024;05;TT;TODAS CONSOLIDADAS;00;NO CATEGORIZADO;ICA;110000;792;7980;13424;18,73;12,04;1,12;1,11;1,15;44740;36762;7978;50105;40891;9214;1436
20260330;2024;05;TT;TODAS CONSOLIDADAS;00;NO CATEGORIZADO;JUNÍN;120000;1515;15255;24762;18,65;15,05;1,23;1,23;1,69;93740;93377;363;115502;114887;615;2770
20260330;2024;05;TT;TODAS CONSOLIDADAS;00;NO CATEGORIZADO;LA LIBERTAD;130000;1002;7413;12406;10,48;9,28;1,04;1,04;1,07;34286;33837;449;35676;35195;481;541
20260330;2024;05;TT;TODAS CONSOLIDADAS;00;NO CATEGORIZADO;LAMBAYEQUE;140000;454;4528;6610;15,32;12,37;1,07;1,07;1,13;23703;23234;469;25342;24812;530;566
20260330;2024;05;TT;TODAS CONSOLIDADAS;00;NO CATEGORIZADO;LIMA;150000;7139;55763;96308;18,91;16,96;1,07;1,07;1,1;2368059;2325689;42370;2534983;2488551;46433;39294
20260330;2024;05;TT;TODAS CONSOLIDADAS;00;NO CATEGORIZADO;LORETO;160000;798;6837;10687;12,67;11,6;1,55;1,55;1,55;24801;15862;8939;38434;24600;13834;693
20260330;2024;05;TT;TODAS CONSOLIDADAS;00;NO CATEGORIZADO;MADRE DE DIOS;170000;346;4842;7948;22,88;18,22;1,27;1,21;1,59;35369;29757;5612;44884;35951;8933;845
20260330;2024;05;TT;TODAS CONSOLIDADAS;00;NO CATEGORIZADO;MOQUEGUA;180000;170;1755;3020;15,53;12,07;1,51;1,51;1,12;7500;7466;34;11301;11263;38;234
20260330;2024;05;TT;TODAS CONSOLIDADAS;00;NO CATEGORIZADO;PASCO;190000;381;4050;6411;16,69;13,42;1,2;1,2;1,05;22233;22212;21;26662;26640;22;747
20260330;2024;05;TT;TODAS CONSOLIDADAS;00;NO CATEGORIZADO;PIURA;200000;1163;10619;19126;21,77;16,75;1,54;1,47;1,97;64345;54543;9802;99333;80013;19320;2091
20260330;2024;05;TT;TODAS CONSOLIDADAS;00;NO CATEGORIZADO;PUNO;210000;840;7396;12429;20,93;17,25;1,2;1,2;1,27;55261;51907;3354;66478;62222;4256;1346
20260330;2024;05;TT;TODAS CONSOLIDADAS;00;NO CATEGORIZADO;SAN MARTÍN;220000;882;9273;14540;21,96;17,36;1,28;1,25;2,05;61093;58970;2123;78252;73895;4357;1621
20260330;2024;05;TT;TODAS CONSOLIDADAS;00;NO CATEGORIZADO;TACNA;230000;430;4004;7176;12,37;9,45;1,26;1,25;1,32;16639;12909;3730;21025;16088;4937;461
20260330;2024;05;TT;TODAS CONSOLIDADAS;00;NO CATEGORIZADO;TUMBES;240000;250;2429;4632;11,31;10,17;1,43;1,43;1,35;10237;9641;596;14602;13799;803;338
20260330;2024;05;TT;TODAS CONSOLIDADAS;00;NO CATEGORIZADO;UCAYALI;250000;546;5406;8333;26,44;25,24;3,73;3,77;2,42;17495;16909;586;65202;63782;1420;975
20260330;2024;05;TT;TODAS CONSOLIDADAS;01;1 ESTRELLA;AMAZONAS;010000;18;265;378;19,37;17,28;1,03;1,02;1,52;1975;1954;21;2025;1993;32;43
20260330;2024;05;TT;TODAS CONSOLIDADAS;01;1 ESTRELLA;ÁNCASH;020000;51;937;1502;25,63;20,3;1,09;1,09;1,61;8683;8634;49;9452;9373;79;142
20260330;2024;05;TT;TODAS CONSOLIDADAS;01;1 ESTRELLA;APURÍMAC;030000;7;176;265;36,73;36,17;1,05;1,05;0;2821;2821;0;2971;2971;0;24
20260330;2024;05;TT;TODAS CONSOLIDADAS;01;1 ESTRELLA;AREQUIPA;040000;58;1002;1578;27,5;23,09;1,12;1,12;1,16;10056;9589;467;11294;10752;542;172
20260330;2024;05;TT;TODAS CONSOLIDADAS;01;1 ESTRELLA;AYACUCHO;050000;23;399;717;4,48;10,26;1,66;1,66;0;1378;1378;0;2281;2281;0;66
20260330;2024;05;TT;TODAS CONSOLIDADAS;01;1 ESTRELLA;CAJAMARCA;060000;28;541;898;18,39;12,54;1,19;1,19;1;2928;2922;6;3491;3485;6;100
20260330;2024;05;TT;TODAS CONSOLIDADAS;01;1 ESTRELLA;CALLAO;070000;8;159;301;52,13;48,83;1,03;1,02;1,25;4739;4356;383;4904;4424;480;29
20260330;2024;05;TT;TODAS CONSOLIDADAS;01;1 ESTRELLA;CUSCO;080000;29;543;901;21,56;18,6;1,09;1,09;1,43;4769;4748;21;5196;5166;30;79
20260330;2024;05;TT;TODAS CONSOLIDADAS;01;1 ESTRELLA;HUANCAVELICA;090000;2;66;94;17,64;12,73;1,01;1,01;0;366;366;0;371;371;0;5
20260330;2024;05;TT;TODAS CONSOLIDADAS;01;1 ESTRELLA;HUÁNUCO;100000;33;601;905;36,9;32,95;1,41;1,41;0;6563;6563;0;9243;9243;0;100
20260330;2024;05;TT;TODAS CONSOLIDADAS;01;1 ESTRELLA;ICA;110000;24;348;544;31,66;24,06;1;1;1;4058;4036;22;4058;4036;22;60
20260330;2024;05;TT;TODAS CONSOLIDADAS;01;1 ESTRELLA;JUNÍN;120000;17;391;769;18,27;12,49;1,26;1,26;0;2372;2372;0;2977;2977;0;51
20260330;2024;05;TT;TODAS CONSOLIDADAS;01;1 ESTRELLA;LA LIBERTAD;130000;31;487;849;22;18,88;1;1;1;4969;4934;35;4969;4934;35;85
20260330;2024;05;TT;TODAS CONSOLIDADAS;01;1 ESTRELLA;LAMBAYEQUE;140000;18;289;390;16,74;15,74;1,02;1,02;0;1857;1857;0;1903;1903;0;53
20260330;2024;05;TT;TODAS CONSOLIDADAS;01;1 ESTRELLA;LIMA;150000;88;2002;3530;35,56;30,02;1,24;1,23;1,58;32983;32144;839;40978;39654;1323;406
20260330;2024;05;TT;TODAS CONSOLIDADAS;01;1 ESTRELLA;LORETO;160000;6;104;168;14,95;13,48;1,57;1,59;1,35;446;423;23;702;671;31;26
20260330;2024;05;TT;TODAS CONSOLIDADAS;01;1 ESTRELLA;MADRE DE DIOS;170000;7;198;359;24,14;18,47;1,01;1,01;1;2033;1943;90;2055;1965;90;34
20260330;2024;05;TT;TODAS CONSOLIDADAS;01;1 ESTRELLA;MOQUEGUA;180000;22;350;575;13,57;10,08;1,44;1,43;1,63;1247;1212;35;1796;1739;57;64
20260330;2024;05;TT;TODAS CONSOLIDADAS;01;1 ESTRELLA;PASCO;190000;26;515;768;21,78;17,25;1,08;1,08;0;3796;3796;0;4107;4107;0;82
20260330;2024;05;TT;TODAS CONSOLIDADAS;01;1 ESTRELLA;PIURA;200000;5;96;158;11,49;15,11;1,33;1,34;1;555;552;3;740;737;3;17
20260330;2024;05;TT;TODAS CONSOLIDADAS;01;1 ESTRELLA;PUNO;210000;36;562;989;18,16;15,28;1,13;1,13;1,09;4164;3966;198;4686;4471;215;87
20260330;2024;05;TT;TODAS CONSOLIDADAS;01;1 ESTRELLA;SAN MARTÍN;220000;7;146;229;23,86;25,92;1,23;1,23;1;1499;1494;5;1840;1835;5;32
20260330;2024;05;TT;TODAS CONSOLIDADAS;01;1 ESTRELLA;TACNA;230000;13;274;511;10,6;9,29;1,12;1,15;1,06;1316;873;443;1472;1002;470;40
20260330;2024;05;TT;TODAS CONSOLIDADAS;01;1 ESTRELLA;TUMBES;240000;2;47;100;0;0;0;0;0;0;0;0;0;0;0;0
20260330;2024;05;TT;TODAS CONSOLIDADAS;02;2 ESTRELLAS;AMAZONAS;010000;88;1854;2984;20,08;16,85;1,24;1,23;1,96;12561;12324;237;15587;15122;465;305
20260330;2024;05;TT;TODAS CONSOLIDADAS;02;2 ESTRELLAS;ÁNCASH;020000;189;3752;6708;24,58;20,87;1,19;1,18;1,26;36608;36218;390;43402;42909;493;750
20260330;2024;05;TT;TODAS CONSOLIDADAS;02;2 ESTRELLAS;APURÍMAC;030000;14;421;697;28,66;20,93;1,11;1,11;1,12;4057;4023;34;4523;4485;38;53
20260330;2024;05;TT;TODAS CONSOLIDADAS;02;2 ESTRELLAS;AREQUIPA;040000;171;3235;5725;26,07;21,34;1,33;1,33;1,32;28416;25227;3189;37871;33651;4220;567
20260330;2024;05;TT;TODAS CONSOLIDADAS;02;2 ESTRELLAS;AYACUCHO;050000;18;473;831;16,67;17,86;1,98;1,98;2,07;2324;2236;88;4602;4420;182;76
20260330;2024;05;TT;TODAS CONSOLIDADAS;02;2 ESTRELLAS;CAJAMARCA;060000;196;4078;6439;19,97;14,36;1,19;1,19;1,25;24010;23867;143;28670;28491;179;627
20260330;2024;05;TT;TODAS CONSOLIDADAS;02;2 ESTRELLAS;CALLAO;070000;7;287;520;43,44;37,2;1,02;1,01;1,25;5888;5586;302;5996;5617;379;44
20260330;2024;05;TT;TODAS CONSOLIDADAS;02;2 ESTRELLAS;CUSCO;080000;94;1969;3620;33,68;30,1;1,54;1,39;1,67;21894;9826;12068;33782;13684;20098;529
20260330;2024;05;TT;TODAS CONSOLIDADAS;02;2 ESTRELLAS;HUANCAVELICA;090000;3;84;151;33,1;28,5;1,7;1,7;1,5;784;780;4;1334;1328;6;12
20260330;2024;05;TT;TODAS CONSOLIDADAS;02;2 ESTRELLAS;HUÁNUCO;100000;80;1993;3171;28,95;21,93;1,29;1,29;1,51;16761;16686;75;21561;21448;113;354
20260330;2024;05;TT;TODAS CONSOLIDADAS;02;2 ESTRELLAS;ICA;110000;136;2796;4749;21,3;16,83;1,02;1,02;1,06;24183;23293;890;24778;23836;942;440
20260330;2024;05;TT;TODAS CONSOLIDADAS;02;2 ESTRELLAS;JUNÍN;120000;53;1284;2339;24,48;19,02;1,31;1,31;1,48;10505;10415;90;13791;13658;133;218
20260330;2024;05;TT;TODAS CONSOLIDADAS;02;2 ESTRELLAS;LA LIBERTAD;130000;143;2589;4612;21,9;19,13;1,24;1,23;1,53;22090;21329;761;27356;26189;1167;457
20260330;2024;05;TT;TODAS CONSOLIDADAS;02;2 ESTRELLAS;LAMBAYEQUE;140000;215;4177;6172;20,29;15,3;1,13;1,12;1,61;25999;25781;218;29283;28932;351;704
20260330;2024;05;TT;TODAS CONSOLIDADAS;02;2 ESTRELLAS;LIMA;150000;241;7992;14254;37,84;32,38;1,25;1,2;1,88;150734;140130;10604;188433;168508;19926;1713
20260330;2024;05;TT;TODAS CONSOLIDADAS;02;2 ESTRELLAS;LORETO;160000;17;357;586;13,82;11,16;1,59;1,49;2,28;1272;1109;163;2027;1656;371;75
20260330;2024;05;TT;TODAS CONSOLIDADAS;02;2 ESTRELLAS;MADRE DE DIOS;170000;13;334;542;35,54;25,59;1,25;1,24;1,42;3449;3266;183;4300;4040;260;62
20260330;2024;05;TT;TODAS CONSOLIDADAS;02;2 ESTRELLAS;MOQUEGUA;180000;86;1504;2472;19,55;14,51;1,45;1,44;1,56;7686;7416;270;11120;10698;422;279
20260330;2024;05;TT;TODAS CONSOLIDADAS;02;2 ESTRELLAS;PASCO;190000;22;470;900;19,57;14,37;1,34;1,34;1,41;2989;2972;17;4008;3984;24;70
20260330;2024;05;TT;TODAS CONSOLIDADAS;02;2 ESTRELLAS;PIURA;200000;41;911;1538;26,76;18,22;1,97;1,97;2;4416;4222;194;8685;8297;388;166
20260330;2024;05;TT;TODAS CONSOLIDADAS;02;2 ESTRELLAS;PUNO;210000;90;1632;3006;19,41;14,3;1,28;1,26;1,39;10406;8643;1763;13322;10874;2448;256
20260330;2024;05;TT;TODAS CONSOLIDADAS;02;2 ESTRELLAS;SAN MARTÍN;220000;49;1076;1804;29,33;26,41;1,8;1,8;1,96;8204;7999;205;14769;14367;402;223
20260330;2024;05;TT;TODAS CONSOLIDADAS;02;2 ESTRELLAS;TACNA;230000;58;1339;3069;29,65;13,27;1,75;1,67;1,84;7222;3827;3395;12624;6375;6249;257
20260330;2024;05;TT;TODAS CONSOLIDADAS;02;2 ESTRELLAS;TUMBES;240000;11;228;426;23,2;14,86;1,39;1,4;1,07;1414;1384;30;1963;1931;32;61
20260330;2024;05;TT;TODAS CONSOLIDADAS;02;2 ESTRELLAS;UCAYALI;250000;4;131;240;13;7,62;1,71;1,71;2;332;329;3;567;561;6;29
20260330;2024;05;TT;TODAS CONSOLIDADAS;03;3 ESTRELLAS;AMAZONAS;010000;28;589;1073;21,85;16,7;1,49;1,43;2,16;3722;3400;322;5555;4861;694;149
20260330;2024;05;TT;TODAS CONSOLIDADAS;03;3 ESTRELLAS;ÁNCASH;020000;64;1737;3156;23,21;17,56;1,78;1,72;2,21;9665;8527;1138;17184;14670;2514;404
20260330;2024;05;TT;TODAS CONSOLIDADAS;03;3 ESTRELLAS;APURÍMAC;030000;7;225;377;43,44;31,93;1,58;1,61;1,28;2356;2149;207;3732;3467;265;61
20260330;2024;05;TT;TODAS CONSOLIDADAS;03;3 ESTRELLAS;AREQUIPA;040000;115;2791;5185;37,17;31,38;1,85;2,06;1,64;27329;13604;13725;50438;27997;22441;777
20260330;2024;05;TT;TODAS CONSOLIDADAS;03;3 ESTRELLAS;AYACUCHO;050000;11;310;595;18,82;16,87;1,89;1,97;1,4;1644;1420;224;3112;2798;314;102
20260330;2024;05;TT;TODAS CONSOLIDADAS;03;3 ESTRELLAS;CAJAMARCA;060000;124;2988;4993;18,91;13,62;1,49;1,48;1,77;14168;13869;299;21085;20555;530;618
20260330;2024;05;TT;TODAS CONSOLIDADAS;03;3 ESTRELLAS;CALLAO;070000;4;233;391;42,59;41,18;1,89;1,56;2,47;2638;1685;953;4991;2634;2357;56
20260330;2024;05;TT;TODAS CONSOLIDADAS;03;3 ESTRELLAS;CUSCO;080000;110;3587;7041;53,28;47,6;1,72;1,67;1,73;60421;9566;50855;103890;15940;87950;1135
20260330;2024;05;TT;TODAS CONSOLIDADAS;03;3 ESTRELLAS;HUANCAVELICA;090000;2;65;108;18,01;12,69;1,19;1,16;2,44;357;348;9;425;403;22;10
20260330;2024;05;TT;TODAS CONSOLIDADAS;03;3 ESTRELLAS;HUÁNUCO;100000;18;659;1176;28,92;25,78;1,71;1,7;2,06;5482;5265;217;9397;8950;447;145
20260330;2024;05;TT;TODAS CONSOLIDADAS;03;3 ESTRELLAS;ICA;110000;112;3034;5832;32,16;22,29;1,41;1,47;1,31;28640;17426;11214;40290;25647;14643;680
20260330;2024;05;TT;TODAS CONSOLIDADAS;03;3 ESTRELLAS;JUNÍN;120000;23;828;1548;20,06;13,09;1,61;1,6;1,85;3912;3797;115;6284;6071;213;213
20260330;2024;05;TT;TODAS CONSOLIDADAS;03;3 ESTRELLAS;LA LIBERTAD;130000;123;3103;5970;30,15;23,21;1,49;1,45;2,17;28799;27219;1580;42954;39525;3429;712
20260330;2024;05;TT;TODAS CONSOLIDADAS;03;3 ESTRELLAS;LAMBAYEQUE;140000;58;1475;2409;25,67;19,93;1,44;1,42;1,88;10352;9929;423;14880;14085;795;317
20260330;2024;05;TT;TODAS CONSOLIDADAS;03;3 ESTRELLAS;LIMA;150000;190;8997;17192;44,48;37,53;1,74;1,47;2,09;115043;64798;50245;200041;94997;105044;2428
20260330;2024;05;TT;TODAS CONSOLIDADAS;03;3 ESTRELLAS;LORETO;160000;35;935;1599;28,07;25,22;2,13;2,14;2,08;5877;4738;1139;12500;10126;2374;272
20260330;2024;05;TT;TODAS CONSOLIDADAS;03;3 ESTRELLAS;MADRE DE DIOS;170000;6;224;405;24,35;24,48;1,61;1,69;1,38;1914;1385;529;3074;2344;730;61
20260330;2024;05;TT;TODAS CONSOLIDADAS;03;3 ESTRELLAS;MOQUEGUA;180000;19;560;968;23,06;16,82;1,53;1,53;1,54;3295;2909;386;5046;4450;596;106
20260330;2024;05;TT;TODAS CONSOLIDADAS;03;3 ESTRELLAS;PASCO;190000;9;180;325;11,58;13,36;1,62;1,63;1,25;830;818;12;1346;1331;15;28
20260330;2024;05;TT;TODAS CONSOLIDADAS;03;3 ESTRELLAS;PIURA;200000;22;752;1260;40,56;30,31;2,02;1,89;2,72;5873;4962;911;11838;9357;2481;239
20260330;2024;05;TT;TODAS CONSOLIDADAS;03;3 ESTRELLAS;PUNO;210000;40;1113;2092;37,07;31,85;1,55;1,63;1,51;13338;4214;9124;20653;6876;13777;238
20260330;2024;05;TT;TODAS CONSOLIDADAS;03;3 ESTRELLAS;SAN MARTÍN;220000;30;965;1752;33,72;30,07;1,87;1,87;1,93;8732;8369;363;16329;15627;702;246
20260330;2024;05;TT;TODAS CONSOLIDADAS;03;3 ESTRELLAS;TACNA;230000;14;475;1041;27,34;20,05;1,74;1,73;1,76;3708;1809;1899;6469;3126;3343;120
20260330;2024;05;TT;TODAS CONSOLIDADAS;03;3 ESTRELLAS;TUMBES;240000;15;382;783;27,97;27,8;2,65;2,68;2,51;2546;2140;406;6747;5726;1021;139
20260330;2024;05;TT;TODAS CONSOLIDADAS;03;3 ESTRELLAS;UCAYALI;250000;16;570;937;28,77;22,69;2,25;2,22;2,72;2928;2765;163;6591;6147;444;135
20260330;2024;05;TT;TODAS CONSOLIDADAS;04;4 ESTRELLAS;APURÍMAC;030000;1;32;56;29,33;16,76;1,93;1,93;1,89;151;133;18;291;257;34;14
20260330;2024;05;TT;TODAS CONSOLIDADAS;04;4 ESTRELLAS;AREQUIPA;040000;12;577;1073;47,03;40,13;1,93;1,86;1,97;6929;2707;4222;13350;5044;8306;250
20260330;2024;05;TT;TODAS CONSOLIDADAS;04;4 ESTRELLAS;CAJAMARCA;060000;4;214;379;54,12;49,89;1,96;1,94;2,21;2983;2677;306;5861;5185;676;154
20260330;2024;05;TT;TODAS CONSOLIDADAS;04;4 ESTRELLAS;CALLAO;070000;2;371;599;92,36;86,79;1,31;1,2;1,32;12323;1567;10756;16116;1884;14232;130
20260330;2024;05;TT;TODAS CONSOLIDADAS;04;4 ESTRELLAS;CUSCO;080000;21;1610;3166;81,56;75,13;1,71;1,56;1,73;43050;3449;39601;73734;5388;68346;942
20260330;2024;05;TT;TODAS CONSOLIDADAS;04;4 ESTRELLAS;HUÁNUCO;100000;1;60;101;51,67;42,86;1,79;1,78;2;750;731;19;1342;1304;38;31
20260330;2024;05;TT;TODAS CONSOLIDADAS;04;4 ESTRELLAS;ICA;110000;8;814;1731;30,4;30,2;1,72;1,89;1,39;9432;6116;3316;16204;11586;4618;386
20260330;2024;05;TT;TODAS CONSOLIDADAS;04;4 ESTRELLAS;JUNÍN;120000;1;40;82;39,11;19,08;1,89;1,83;3,18;257;246;11;485;450;35;19
20260330;2024;05;TT;TODAS CONSOLIDADAS;04;4 ESTRELLAS;LA LIBERTAD;130000;4;318;546;46,86;46,01;2,12;2,04;2,42;3676;2887;789;7787;5881;1906;127
20260330;2024;05;TT;TODAS CONSOLIDADAS;04;4 ESTRELLAS;LAMBAYEQUE;140000;5;359;656;58,59;43,67;1,45;1,41;1,69;6126;5305;821;8880;7494;1386;269
20260330;2024;05;TT;TODAS CONSOLIDADAS;04;4 ESTRELLAS;LIMA;150000;52;4947;9125;55,56;52,58;2,21;1,79;2,46;67160;24225;42935;148733;43291;105442;2046
20260330;2024;05;TT;TODAS CONSOLIDADAS;04;4 ESTRELLAS;LORETO;160000;4;149;242;40,33;32,83;1,61;1,67;1,48;1531;1060;471;2463;1768;695;69
20260330;2024;05;TT;TODAS CONSOLIDADAS;04;4 ESTRELLAS;MOQUEGUA;180000;2;123;234;55,28;67,31;6,81;7,48;2,29;717;625;92;4883;4672;211;58
20260330;2024;05;TT;TODAS CONSOLIDADAS;04;4 ESTRELLAS;PIURA;200000;4;393;744;37,62;28,62;1,99;1,93;2,26;3323;2757;566;6600;5320;1280;140
20260330;2024;05;TT;TODAS CONSOLIDADAS;04;4 ESTRELLAS;PUNO;210000;8;508;961;53,33;48,73;1,68;1,7;1,67;8658;1095;7563;14517;1864;12653;197
20260330;2024;05;TT;TODAS CONSOLIDADAS;04;4 ESTRELLAS;SAN MARTÍN;220000;2;82;138;47,44;45,56;2,15;2,15;2,17;907;853;54;1949;1832;117;38
20260330;2024;05;TT;TODAS CONSOLIDADAS;04;4 ESTRELLAS;TACNA;230000;3;275;541;28,2;25,76;1,52;1,67;1,41;2835;1206;1629;4321;2016;2305;97
20260330;2024;05;TT;TODAS CONSOLIDADAS;04;4 ESTRELLAS;TUMBES;240000;6;667;1621;44,87;43,5;2,41;2,49;2,11;9064;7170;1894;21857;17854;4003;592
20260330;2024;05;TT;TODAS CONSOLIDADAS;04;4 ESTRELLAS;UCAYALI;250000;5;288;513;37,1;30,27;2,12;2,04;2,49;2275;1875;400;4814;3820;994;120
20260330;2024;05;TT;TODAS CONSOLIDADAS;05;5 ESTRELLAS;AREQUIPA;040000;3;241;352;55,19;51,38;2,11;1,93;2,22;2660;1028;1632;5607;1989;3618;184
20260330;2024;05;TT;TODAS CONSOLIDADAS;05;5 ESTRELLAS;CUSCO;080000;15;1283;2519;74,37;66,73;1,66;1,72;1,65;31449;3036;28413;52112;5223;46889;1217
20260330;2024;05;TT;TODAS CONSOLIDADAS;05;5 ESTRELLAS;ICA;110000;5;488;1177;40,49;39,58;1,74;1,79;1,64;8288;5849;2439;14443;10453;3990;534
20260330;2024;05;TT;TODAS CONSOLIDADAS;05;5 ESTRELLAS;LA LIBERTAD;130000;2;267;450;42,12;37,58;1,92;1,82;2,25;2737;2130;607;5242;3876;1366;195
20260330;2024;05;TT;TODAS CONSOLIDADAS;05;5 ESTRELLAS;LIMA;150000;31;5061;8850;57,54;45,55;2,48;1,78;2,68;50398;11155;39243;124979;19846;105133;3551
20260330;2024;05;TT;TODAS CONSOLIDADAS;05;5 ESTRELLAS;LORETO;160000;1;60;89;64,68;71,37;1,68;1,71;1,66;1171;539;632;1969;923;1046;54
20260330;2024;05;TT;TODAS CONSOLIDADAS;05;5 ESTRELLAS;PIURA;200000;1;83;166;51,3;38,34;1,75;1,66;2,01;1129;853;276;1973;1417;556;82
20260330;2024;05;TT;TODAS CONSOLIDADAS;05;5 ESTRELLAS;PUNO;210000;1;123;231;62,47;85,99;1,43;1,61;1,42;4301;316;3985;6158;510;5648;29
20260330;2024;05;TT;TODAS CONSOLIDADAS;05;5 ESTRELLAS;SAN MARTÍN;220000;1;50;108;39,1;52,72;2,13;2,12;2,33;829;811;18;1765;1723;42;63
20260330;2024;05;TT;TODAS CONSOLIDADAS;05;5 ESTRELLAS;UCAYALI;250000;2;162;300;38,31;30,88;2,18;2,22;1,95;1315;1145;170;2872;2540;332;73
20260330;2024;05;TT;TODAS CONSOLIDADAS;12;ALBERGUE;AMAZONAS;010000;1;6;11;0;0;0;0;0;0;0;0;0;0;0;0
20260330;2024;05;TT;TODAS CONSOLIDADAS;12;ALBERGUE;ÁNCASH;020000;7;68;149;16,84;7,4;1,2;1,19;1,24;286;253;33;342;301;41;16
20260330;2024;05;TT;TODAS CONSOLIDADAS;12;ALBERGUE;AREQUIPA;040000;10;145;340;45,34;39,12;1,47;1,46;1,47;2809;952;1857;4123;1391;2732;110
20260330;2024;05;TT;TODAS CONSOLIDADAS;12;ALBERGUE;AYACUCHO;050000;1;10;20;0;0;0;0;0;0;0;0;0;0;0;0
20260330;2024;05;TT;TODAS CONSOLIDADAS;12;ALBERGUE;CAJAMARCA;060000;1;11;22;0;0;0;0;0;0;0;0;0;0;0;0
20260330;2024;05;TT;TODAS CONSOLIDADAS;12;ALBERGUE;CUSCO;080000;16;372;657;44,86;37,47;1,48;1,55;1,48;5167;140;5027;7632;217;7415;159
20260330;2024;05;TT;TODAS CONSOLIDADAS;12;ALBERGUE;HUANCAVELICA;090000;1;14;47;27,42;25,39;3,27;3,27;0;113;113;0;370;370;0;17
20260330;2024;05;TT;TODAS CONSOLIDADAS;12;ALBERGUE;HUÁNUCO;100000;6;75;100;0;0;0;0;0;0;0;0;0;0;0;0
20260330;2024;05;TT;TODAS CONSOLIDADAS;12;ALBERGUE;ICA;110000;5;47;177;16,82;16,13;1,47;1,4;1,59;603;392;211;885;550;335;16
20260330;2024;05;TT;TODAS CONSOLIDADAS;12;ALBERGUE;JUNÍN;120000;1;32;104;29,13;23,36;1,63;1,63;1,67;461;452;9;753;738;15;19
20260330;2024;05;TT;TODAS CONSOLIDADAS;12;ALBERGUE;LA LIBERTAD;130000;1;15;27;47,53;31,9;1,55;1,54;2;172;169;3;267;261;6;4
20260330;2024;05;TT;TODAS CONSOLIDADAS;12;ALBERGUE;LIMA;150000;8;128;459;16,23;10,22;2,84;2,84;0;512;512;0;1454;1454;0;24
20260330;2024;05;TT;TODAS CONSOLIDADAS;12;ALBERGUE;LORETO;160000;60;852;1715;20,9;20,7;1,9;1,54;2,01;5784;1292;4492;11005;1985;9020;284
20260330;2024;05;TT;TODAS CONSOLIDADAS;12;ALBERGUE;MADRE DE DIOS;170000;15;333;689;34,55;34,86;2,57;2,71;2,56;2894;157;2737;7446;426;7020;217
20260330;2024;05;TT;TODAS CONSOLIDADAS;12;ALBERGUE;PASCO;190000;19;260;661;11,35;11,27;1,59;1,58;2;1452;1423;29;2310;2252;58;58
20260330;2024;05;TT;TODAS CONSOLIDADAS;12;ALBERGUE;PUNO;210000;1;13;35;0;0;0;0;0;0;0;0;0;0;0;0
20260330;2024;05;TT;TODAS CONSOLIDADAS;12;ALBERGUE;SAN MARTÍN;220000;11;159;352;28,71;27,05;2,24;2,23;2,38;1315;1161;154;2952;2585;367;52
20260330;2024;05;TT;TODAS CONSOLIDADAS;12;ALBERGUE;UCAYALI;250000;5;52;146;6,51;4,88;1,74;1,69;2,13;127;112;15;221;189;32;30
20260330;2024;05;TT;TODAS CONSOLIDADAS;13;ECOLODGE;AREQUIPA;040000;1;23;51;28,47;26,57;1,47;1,26;1,51;285;46;239;420;58;362;7
20260330;2024;05;TT;TODAS CONSOLIDADAS;TT;TODAS CONSOLIDADAS;ÁNCASH;020000;1050;12943;22418;18,36;15,46;1,25;1,23;1,54;92758;88277;4481;116488;108924;7564;2057
20260330;2024;05;TT;TODAS CONSOLIDADAS;TT;TODAS CONSOLIDADAS;APURÍMAC;030000;536;5366;8464;18,02;12,97;1,17;1,16;1,63;32323;31835;488;38167;37447;720;583
20260330;2024;05;TT;TODAS CONSOLIDADAS;TT;TODAS CONSOLIDADAS;AREQUIPA;040000;1644;18896;32746;21,57;18,19;1,5;1,5;1,55;138708;96517;42191;214000;145114;68886;3349
20260330;2024;05;TT;TODAS CONSOLIDADAS;TT;TODAS CONSOLIDADAS;AYACUCHO;050000;658;6846;11324;10,74;12,34;1,37;1,37;1,56;31212;30525;687;44625;43526;1099;929
20260330;2024;05;TT;TODAS CONSOLIDADAS;TT;TODAS CONSOLIDADAS;CAJAMARCA;060000;1092;14299;23039;18,19;13,86;1,26;1,26;1,49;79046;78020;1026;102696;100889;1807;2217
20260330;2024;05;TT;TODAS CONSOLIDADAS;TT;TODAS CONSOLIDADAS;CALLAO;070000;293;4798;8828;41,53;38,8;1,04;1,02;1,38;167116;150959;16157;176660;154038;22622;1360
20260330;2024;05;TT;TODAS CONSOLIDADAS;TT;TODAS CONSOLIDADAS;CUSCO;080000;2277;28338;51729;33,86;29,87;1,75;1,34;1,98;333528;89635;243893;572325;122879;449446;7738
20260330;2024;05;TT;TODAS CONSOLIDADAS;TT;TODAS CONSOLIDADAS;HUANCAVELICA;090000;247;2768;4265;16,78;13,63;1,12;1,11;1,51;16236;16161;75;18566;18444;122;324
20260330;2024;05;TT;TODAS CONSOLIDADAS;TT;TODAS CONSOLIDADAS;HUÁNUCO;100000;639;8696;13441;18,24;14,8;1,2;1,2;1,26;55372;55012;360;71728;71067;661;1293
20260330;2024;05;TT;TODAS CONSOLIDADAS;TT;TODAS CONSOLIDADAS;ICA;110000;1082;15507;27634;20,91;14,25;1,14;1,15;1,16;119944;93874;26070;150763;116999;33764;3552
20260330;2024;05;TT;TODAS CONSOLIDADAS;TT;TODAS CONSOLIDADAS;JUNÍN;120000;1610;17830;29604;18,88;15,13;1,24;1,24;1,67;111247;110659;588;139792;138781;1011;3290
20260330;2024;05;TT;TODAS CONSOLIDADAS;TT;TODAS CONSOLIDADAS;LA LIBERTAD;130000;1306;14192;24860;14,05;12,07;1,11;1,1;1,23;96729;92505;4224;124251;115861;8390;2121
20260330;2024;05;TT;TODAS CONSOLIDADAS;TT;TODAS CONSOLIDADAS;LAMBAYEQUE;140000;750;10828;16237;17,87;14,08;1,12;1,11;1,3;68037;66106;1931;80288;77226;3062;1909
20260330;2024;05;TT;TODAS CONSOLIDADAS;TT;TODAS CONSOLIDADAS;LIMA;150000;7749;84890;149718;20,71;18,44;1,11;1,1;1,16;2784889;2598653;186236;3239601;2856301;383300;49461
20260330;2024;05;TT;TODAS CONSOLIDADAS;TT;TODAS CONSOLIDADAS;LORETO;160000;921;9294;15086;14;12,87;1,6;1,57;1,61;40882;25023;15859;69100;41729;27371;1473
20260330;2024;05;TT;TODAS CONSOLIDADAS;TT;TODAS CONSOLIDADAS;MADRE DE DIOS;170000;387;5931;9943;23,8;19,21;1,32;1,27;1,61;45659;36508;9151;61759;44726;17033;1219
20260330;2024;05;TT;TODAS CONSOLIDADAS;TT;TODAS CONSOLIDADAS;PASCO;190000;457;5475;9065;16,8;13,59;1,22;1,22;1,05;31300;31221;79;38433;38314;119;985
20260330;2024;05;TT;TODAS CONSOLIDADAS;TT;TODAS CONSOLIDADAS;PIURA;200000;1236;12854;22992;22,3;17,09;1,57;1,49;1,98;79641;67889;11752;129169;105141;24028;2735
20260330;2024;05;TT;TODAS CONSOLIDADAS;TT;TODAS CONSOLIDADAS;PUNO;210000;1016;11347;19743;21,61;17,79;1,22;1,22;1,28;96128;70141;25987;125814;86817;38997;2153
20260330;2024;05;TT;TODAS CONSOLIDADAS;TT;TODAS CONSOLIDADAS;SAN MARTÍN;220000;982;11751;18923;22,85;18,46;1,34;1,31;2,04;82579;79657;2922;117856;111864;5992;2275
20260330;2024;05;TT;TODAS CONSOLIDADAS;TT;TODAS CONSOLIDADAS;TACNA;230000;518;6367;12338;14,75;10,26;1,33;1,31;1,39;31720;20624;11096;45911;28607;17304;975
20260330;2024;05;TT;TODAS CONSOLIDADAS;TT;TODAS CONSOLIDADAS;TUMBES;240000;284;3753;7562;13,28;11,91;1,5;1,51;1,4;23261;20335;2926;45169;39310;5859;1130
20260330;2024;05;TT;TODAS CONSOLIDADAS;TT;TODAS CONSOLIDADAS;UCAYALI;250000;578;6609;10469;26,38;24,93;3,64;3,68;2,43;24472;23135;1337;80267;77039;3228;1362
20260330;2024;06;00;NO CLASIFICADO;TT;TODAS CONSOLIDADAS;HUÁNUCO;100000;500;5297;7959;16,71;13,65;1,18;1,18;1,86;27638;27580;58;32601;32493;108;658
20260330;2024;05;03;HOSTAL;TT;TODAS CONSOLIDADAS;AMAZONAS;010000;78;1249;1994;20,48;17,2;1,16;1,14;1,83;9156;8902;254;10630;10166;464;223
20260330;2024;05;05;ALBERGUE;TT;TODAS CONSOLIDADAS;AMAZONAS;010000;1;6;11;0;0;0;0;0;0;0;0;0;0;0;0
20260330;2024;05;TT;TODAS CONSOLIDADAS;TT;TODAS CONSOLIDADAS;AMAZONAS;010000;436;5537;8900;13,76;11,2;1,26;1,25;1,53;27771;26665;1106;35188;33283;1905;1018
20260330;2024;05;TT;TODAS CONSOLIDADAS;TT;TODAS CONSOLIDADAS;MOQUEGUA;180000;299;4292;7269;17,29;13,3;1,52;1,53;1,32;20445;19628;817;34146;32822;1324;741
20260330;2024;06;00;NO CLASIFICADO;00;NO CATEGORIZADO;AMAZONAS;010000;306;2859;4509;11,88;9,41;1,27;1,24;1,57;10038;9300;738;12726;11566;1160;527
20260330;2024;06;00;NO CLASIFICADO;TT;TODAS CONSOLIDADAS;AMAZONAS;010000;306;2859;4509;11,88;9,41;1,27;1,24;1,57;10038;9300;738;12726;11566;1160;527
20260330;2024;06;00;NO CLASIFICADO;00;NO CATEGORIZADO;ÁNCASH;020000;742;6479;10963;14,85;13,16;1,22;1,2;1,46;35559;32695;2864;43311;39133;4179;745
20260330;2024;06;00;NO CLASIFICADO;TT;TODAS CONSOLIDADAS;ÁNCASH;020000;742;6479;10963;14,85;13,16;1,22;1,2;1,46;35559;32695;2864;43311;39133;4179;745
20260330;2024;06;00;NO CLASIFICADO;00;NO CATEGORIZADO;APURÍMAC;030000;508;4508;7066;18,03;12,88;1,15;1,15;1,76;23651;23466;185;27296;26971;325;447
20260330;2024;06;00;NO CLASIFICADO;TT;TODAS CONSOLIDADAS;APURÍMAC;030000;508;4508;7066;18,03;12,88;1,15;1,15;1,76;23651;23466;185;27296;26971;325;447
20260330;2024;06;00;NO CLASIFICADO;00;NO CATEGORIZADO;AREQUIPA;040000;1277;10886;18418;17,71;15,06;1,46;1,41;1,61;57036;42618;14418;83208;59991;23217;1281
20260330;2024;06;00;NO CLASIFICADO;TT;TODAS CONSOLIDADAS;AREQUIPA;040000;1277;10886;18418;17,71;15,06;1,46;1,41;1,61;57036;42618;14418;83208;59991;23217;1281
20260330;2024;06;00;NO CLASIFICADO;00;NO CATEGORIZADO;AYACUCHO;050000;606;5653;9160;12,11;10,45;1,19;1,19;1,27;24137;23821;316;28719;28319;400;683
20260330;2024;06;00;NO CLASIFICADO;TT;TODAS CONSOLIDADAS;AYACUCHO;050000;606;5653;9160;12,11;10,45;1,19;1,19;1,27;24137;23821;316;28719;28319;400;683
20260330;2024;06;00;NO CLASIFICADO;00;NO CATEGORIZADO;CAJAMARCA;060000;739;6481;10345;13,42;10,25;1,19;1,19;1,38;26696;26619;77;31799;31693;106;714
20260330;2024;06;00;NO CLASIFICADO;00;NO CATEGORIZADO;CALLAO;070000;271;3733;6987;40;37,86;1,01;1,01;1,14;136489;134101;2389;138374;135651;2723;1103
20260330;2024;06;00;NO CLASIFICADO;00;NO CATEGORIZADO;CUSCO;080000;1995;18987;33858;36,09;32,11;2,01;2,12;1,94;162437;65009;97428;326117;137504;188613;3672
20260330;2024;06;00;NO CLASIFICADO;00;NO CATEGORIZADO;HUANCAVELICA;090000;239;2539;3865;15,16;12,42;1,08;1,08;1,24;13362;13291;71;14401;14313;88;274
20260330;2024;06;00;NO CLASIFICADO;TT;TODAS CONSOLIDADAS;HUANCAVELICA;090000;239;2539;3865;15,16;12,42;1,08;1,08;1,24;13362;13291;71;14401;14313;88;274
20260330;2024;06;00;NO CLASIFICADO;00;NO CATEGORIZADO;HUÁNUCO;100000;500;5297;7959;16,71;13,65;1,18;1,18;1,86;27638;27580;58;32601;32493;108;658
20260330;2024;06;00;NO CLASIFICADO;00;NO CATEGORIZADO;ICA;110000;793;7985;13437;19,64;12,45;1,18;1,19;1,16;42465;35675;6790;50181;42296;7885;1431
20260330;2024;06;00;NO CLASIFICADO;00;NO CATEGORIZADO;JUNÍN;120000;1515;15189;24654;22,23;16,59;1,17;1,17;1,7;104829;103883;946;122730;121121;1609;2739
20260330;2024;06;00;NO CLASIFICADO;00;NO CATEGORIZADO;LA LIBERTAD;130000;1004;7438;12450;11,44;10,56;1,07;1,06;1,38;36932;35535;1397;39427;37506;1921;541
20260330;2024;06;00;NO CLASIFICADO;00;NO CATEGORIZADO;LAMBAYEQUE;140000;452;4475;6491;15,21;12,43;1,07;1,07;1,17;22598;22164;434;24210;23703;507;552
20260330;2024;06;00;NO CLASIFICADO;00;NO CATEGORIZADO;LIMA;150000;7138;55369;94921;21,28;20,06;1,07;1,07;1,09;2275325;2226061;49264;2436398;2382512;53886;33291
20260330;2024;06;00;NO CLASIFICADO;00;NO CATEGORIZADO;LORETO;160000;797;6832;10683;12,54;10,99;1,51;1,44;1,64;23270;15055;8215;35233;21734;13499;725
20260330;2024;06;00;NO CLASIFICADO;00;NO CATEGORIZADO;MADRE DE DIOS;170000;346;4582;7534;23,48;19,67;1,27;1,2;1,69;34950;29588;5362;44467;35397;9070;826
20260330;2024;06;00;NO CLASIFICADO;00;NO CATEGORIZADO;MOQUEGUA;180000;169;1714;2945;15,56;11,6;1,22;1,22;1,14;8377;8281;96;10248;10139;109;235
20260330;2024;06;00;NO CLASIFICADO;00;NO CATEGORIZADO;PASCO;190000;383;4077;6530;18,52;15,18;1,23;1,23;1,32;24179;24117;62;29736;29654;82;750
20260330;2024;06;00;NO CLASIFICADO;00;NO CATEGORIZADO;PIURA;200000;1165;10615;19125;22,91;15,19;1,46;1,38;1,95;59527;50539;8988;87168;69597;17571;2104
20260330;2024;06;00;NO CLASIFICADO;00;NO CATEGORIZADO;PUNO;210000;842;7435;12505;21,08;18,04;1,19;1,19;1,22;56946;54012;2934;67661;64083;3578;1357
20260330;2024;06;00;NO CLASIFICADO;00;NO CATEGORIZADO;SAN MARTÍN;220000;879;9236;14477;23,51;19,12;1,28;1,27;1,71;64766;63184;1582;83032;80319;2713;1159
20260330;2024;06;00;NO CLASIFICADO;00;NO CATEGORIZADO;TACNA;230000;430;4004;7179;10,91;9,21;1,22;1,17;1,31;16309;10671;5638;19842;12440;7402;465
20260330;2024;06;00;NO CLASIFICADO;00;NO CATEGORIZADO;TUMBES;240000;250;2426;4624;13,21;10,26;1,54;1,51;2,03;9243;8683;560;14227;13088;1139;339
20260330;2024;06;00;NO CLASIFICADO;00;NO CATEGORIZADO;UCAYALI;250000;547;5427;8365;28,7;28,68;3,58;3,61;2,13;20120;19660;460;71985;71003;982;978
20260330;2024;06;00;NO CLASIFICADO;TT;TODAS CONSOLIDADAS;CAJAMARCA;060000;739;6481;10345;13,42;10,25;1,19;1,19;1,38;26696;26619;77;31799;31693;106;714
20260330;2024;06;00;NO CLASIFICADO;TT;TODAS CONSOLIDADAS;CALLAO;070000;271;3733;6987;40;37,86;1,01;1,01;1,14;136489;134101;2389;138374;135651;2723;1103
20260330;2024;06;00;NO CLASIFICADO;TT;TODAS CONSOLIDADAS;CUSCO;080000;1995;18987;33858;36,09;32,11;2,01;2,12;1,94;162437;65009;97428;326117;137504;188613;3672
20260330;2024;06;00;NO CLASIFICADO;TT;TODAS CONSOLIDADAS;JUNÍN;120000;1515;15189;24654;22,23;16,59;1,17;1,17;1,7;104829;103883;946;122730;121121;1609;2739
20260330;2024;06;00;NO CLASIFICADO;TT;TODAS CONSOLIDADAS;LA LIBERTAD;130000;1004;7438;12450;11,44;10,56;1,07;1,06;1,38;36932;35535;1397;39427;37506;1921;541
20260330;2024;06;00;NO CLASIFICADO;TT;TODAS CONSOLIDADAS;LAMBAYEQUE;140000;452;4475;6491;15,21;12,43;1,07;1,07;1,17;22598;22164;434;24210;23703;507;552
20260330;2024;06;00;NO CLASIFICADO;TT;TODAS CONSOLIDADAS;LIMA;150000;7138;55369;94921;21,28;20,06;1,07;1,07;1,09;2275325;2226061;49264;2436398;2382512;53886;33291
20260330;2024;06;00;NO CLASIFICADO;TT;TODAS CONSOLIDADAS;LORETO;160000;797;6832;10683;12,54;10,99;1,51;1,44;1,64;23270;15055;8215;35233;21734;13499;725
20260330;2024;06;00;NO CLASIFICADO;TT;TODAS CONSOLIDADAS;MOQUEGUA;180000;169;1714;2945;15,56;11,6;1,22;1,22;1,14;8377;8281;96;10248;10139;109;235
20260330;2024;06;00;NO CLASIFICADO;TT;TODAS CONSOLIDADAS;PASCO;190000;383;4077;6530;18,52;15,18;1,23;1,23;1,32;24179;24117;62;29736;29654;82;750
20260330;2024;06;00;NO CLASIFICADO;TT;TODAS CONSOLIDADAS;PIURA;200000;1165;10615;19125;22,91;15,19;1,46;1,38;1,95;59527;50539;8988;87168;69597;17571;2104
20260330;2024;06;00;NO CLASIFICADO;TT;TODAS CONSOLIDADAS;PUNO;210000;842;7435;12505;21,08;18,04;1,19;1,19;1,22;56946;54012;2934;67661;64083;3578;1357
20260330;2024;06;00;NO CLASIFICADO;TT;TODAS CONSOLIDADAS;SAN MARTÍN;220000;879;9236;14477;23,51;19,12;1,28;1,27;1,71;64766;63184;1582;83032;80319;2713;1159
20260330;2024;06;00;NO CLASIFICADO;TT;TODAS CONSOLIDADAS;TACNA;230000;430;4004;7179;10,91;9,21;1,22;1,17;1,31;16309;10671;5638;19842;12440;7402;465
20260330;2024;06;00;NO CLASIFICADO;TT;TODAS CONSOLIDADAS;TUMBES;240000;250;2426;4624;13,21;10,26;1,54;1,51;2,03;9243;8683;560;14227;13088;1139;339
20260330;2024;06;00;NO CLASIFICADO;TT;TODAS CONSOLIDADAS;UCAYALI;250000;547;5427;8365;28,7;28,68;3,58;3,61;2,13;20120;19660;460;71985;71003;982;978
20260330;2024;06;01;HOTEL;01;1 ESTRELLA;AMAZONAS;010000;1;20;24;0;0;0;0;0;0;0;0;0;0;0;0
20260330;2024;06;01;HOTEL;01;1 ESTRELLA;ÁNCASH;020000;13;380;585;20,96;16,1;1,28;1,28;1;2201;2200;1;2826;2825;1;50
20260330;2024;06;01;HOTEL;01;1 ESTRELLA;APURÍMAC;030000;2;67;99;41,24;36,6;1,07;1,07;0;1018;1018;0;1087;1087;0;9
20260330;2024;06;01;HOTEL;01;1 ESTRELLA;AREQUIPA;040000;7;239;401;29,67;25,83;1,11;1,11;1,22;2787;2760;27;3107;3074;33;40
20260330;2024;06;01;HOTEL;01;1 ESTRELLA;CAJAMARCA;060000;6;153;277;14,73;11,25;1,58;1,58;1,4;592;587;5;935;928;7;26
20260330;2024;06;01;HOTEL;01;1 ESTRELLA;CUSCO;080000;4;118;193;11,92;11,73;1,09;1,09;0;624;624;0;679;679;0;19
20260330;2024;06;01;HOTEL;01;1 ESTRELLA;HUÁNUCO;100000;8;241;369;31,42;22,59;1,05;1,05;0;2378;2378;0;2501;2501;0;35
20260330;2024;06;01;HOTEL;01;1 ESTRELLA;ICA;110000;7;180;313;20,11;11,68;1;1;1;1097;1061;36;1097;1061;36;28
20260330;2024;06;01;HOTEL;01;1 ESTRELLA;JUNÍN;120000;5;221;475;14,98;9,73;1,36;1,36;0;1017;1017;0;1387;1387;0;22
20260330;2024;06;01;HOTEL;01;1 ESTRELLA;LA LIBERTAD;130000;5;116;201;28,36;19,54;1;1;1;1178;1171;7;1178;1171;7;20
20260330;2024;06;01;HOTEL;01;1 ESTRELLA;LAMBAYEQUE;140000;3;83;90;1,61;1,3;1;1;1;35;31;4;35;31;4;14
20260330;2024;06;01;HOTEL;01;1 ESTRELLA;LIMA;150000;12;428;752;31,15;30,78;1,08;1,08;1,21;6249;6192;57;6759;6690;69;63
20260330;2024;06;01;HOTEL;01;1 ESTRELLA;MOQUEGUA;180000;2;61;86;16,07;12,05;1,1;1,1;1;284;280;4;311;307;4;7
20260330;2024;06;01;HOTEL;01;1 ESTRELLA;PASCO;190000;6;176;274;20,57;18;1,21;1,21;0;1220;1220;0;1480;1480;0;27
20260330;2024;06;01;HOTEL;01;1 ESTRELLA;PIURA;200000;2;40;77;5;18,96;1,17;1,17;0;375;375;0;438;438;0;6
20260330;2024;06;01;HOTEL;01;1 ESTRELLA;PUNO;210000;4;102;181;17,78;19,48;1,82;1,82;1,17;582;576;6;1058;1051;7;15
20260330;2024;06;01;HOTEL;01;1 ESTRELLA;SAN MARTÍN;220000;7;150;223;25,27;25,64;1,4;1,4;1,13;1223;1215;8;1715;1706;9;27
20260330;2024;06;01;HOTEL;01;1 ESTRELLA;TACNA;230000;3;102;211;5,26;4,27;1,64;1,64;0;165;165;0;270;270;0;12
20260330;2024;06;01;HOTEL;01;1 ESTRELLA;TUMBES;240000;2;47;100;0;0;0;0;0;0;0;0;0;0;0;0
20260330;2024;06;01;HOTEL;02;2 ESTRELLAS;AMAZONAS;010000;36;975;1594;17,34;15,48;1,24;1,23;1,78;5980;5911;69;7402;7279;123;160
20260330;2024;06;01;HOTEL;02;2 ESTRELLAS;ÁNCASH;020000;60;1604;2949;19,71;14,5;1,63;1,64;1,59;7850;7554;296;12829;12357;472;246
20260330;2024;06;01;HOTEL;02;2 ESTRELLAS;APURÍMAC;030000;7;278;476;28,35;20,37;1,12;1,12;0;2596;2596;0;2909;2909;0;28
20260330;2024;06;01;HOTEL;02;2 ESTRELLAS;AREQUIPA;040000;43;1196;2099;20,49;15,93;1,4;1,39;1,58;7150;6622;528;10031;9195;836;199
20260330;2024;06;01;HOTEL;02;2 ESTRELLAS;AYACUCHO;050000;8;340;593;15,85;16,82;1,79;1,8;1,71;1668;1584;84;2992;2848;144;51
20260330;2024;06;01;HOTEL;02;2 ESTRELLAS;CAJAMARCA;060000;64;1750;2790;22,08;16,4;1,21;1,21;1,22;11322;11237;85;13730;13626;104;254
20260330;2024;06;01;HOTEL;02;2 ESTRELLAS;CALLAO;070000;1;40;67;22,83;24,13;1,12;1,19;1,1;433;78;355;485;93;392;6
20260330;2024;06;01;HOTEL;02;2 ESTRELLAS;CUSCO;080000;48;1205;2246;29,49;27,71;1,74;1,66;1,78;10746;4018;6728;18672;6686;11986;393
20260330;2024;06;01;HOTEL;02;2 ESTRELLAS;HUANCAVELICA;090000;2;40;69;49,08;42,66;1,79;1,79;1,5;494;490;4;883;877;6;9
20260330;2024;06;01;HOTEL;02;2 ESTRELLAS;HUÁNUCO;100000;54;1645;2604;33,49;26,3;1,37;1,37;1,42;14972;14922;50;20543;20472;71;272
20260330;2024;06;01;HOTEL;02;2 ESTRELLAS;ICA;110000;55;1566;2756;17,28;12,01;1,05;1,05;1,08;9489;9217;272;9930;9636;294;234
20260330;2024;06;01;HOTEL;02;2 ESTRELLAS;JUNÍN;120000;29;888;1580;22,76;15,99;1,35;1,35;1,43;5612;5490;122;7580;7406;174;137
20260330;2024;06;01;HOTEL;02;2 ESTRELLAS;LA LIBERTAD;130000;21;525;902;29,66;26,39;1,26;1,21;1,68;5674;5061;613;7141;6114;1027;96
20260330;2024;06;01;HOTEL;02;2 ESTRELLAS;LAMBAYEQUE;140000;72;2142;3227;16,53;13,18;1,13;1,13;1,53;11277;11140;137;12760;12550;210;309
20260330;2024;06;01;HOTEL;02;2 ESTRELLAS;LIMA;150000;124;5478;10337;34,86;27,16;1,26;1,24;1,53;87368;83362;4006;109679;103565;6114;1175
20260330;2024;06;01;HOTEL;02;2 ESTRELLAS;LORETO;160000;9;205;350;14,28;12,9;1,43;1,42;1,52;946;859;87;1355;1223;132;43
20260330;2024;06;01;HOTEL;02;2 ESTRELLAS;MOQUEGUA;180000;25;612;1022;26,16;20,22;1,49;1,48;1,58;4174;3981;193;6200;5895;305;120
20260330;2024;06;01;HOTEL;02;2 ESTRELLAS;PASCO;190000;6;191;358;28,1;14,8;1,18;1,18;1;1344;1342;2;1589;1587;2;32
20260330;2024;06;01;HOTEL;02;2 ESTRELLAS;PIURA;200000;17;420;701;25,98;19,66;2,1;2,1;2,23;1967;1923;44;4134;4036;98;78
20260330;2024;06;01;HOTEL;02;2 ESTRELLAS;PUNO;210000;32;749;1338;14,71;10,56;1,23;1,19;1,56;3458;3150;308;4238;3756;482;99
20260330;2024;06;01;HOTEL;02;2 ESTRELLAS;SAN MARTÍN;220000;27;764;1315;42,29;34,05;1,92;1,91;2,05;7002;6805;197;13431;13028;403;138
20260330;2024;06;01;HOTEL;02;2 ESTRELLAS;TACNA;230000;31;890;2215;32,02;12,88;1,76;1,75;1,77;4877;3093;1784;8562;5413;3149;172
20260330;2024;06;01;HOTEL;02;2 ESTRELLAS;TUMBES;240000;6;171;306;25,05;14,9;2,31;2,32;1,75;592;584;8;1368;1354;14;40
20260330;2024;06;01;HOTEL;02;2 ESTRELLAS;UCAYALI;250000;2;63;116;10,42;7,3;1,87;1,7;5,5;136;130;6;254;221;33;13
20260330;2024;06;01;HOTEL;03;3 ESTRELLAS;AMAZONAS;010000;19;464;823;18,11;14,29;1,35;1,31;2,04;2622;2486;136;3528;3250;278;110
20260330;2024;06;01;HOTEL;03;3 ESTRELLAS;ÁNCASH;020000;41;1392;2479;27,45;21,04;1,54;1,47;1,97;10146;8748;1398;15645;12885;2760;328
20260330;2024;06;01;HOTEL;03;3 ESTRELLAS;APURÍMAC;030000;5;178;298;45,41;36,88;1,56;1,58;1,45;2110;1892;218;3297;2980;317;41
20260330;2024;06;01;HOTEL;03;3 ESTRELLAS;AREQUIPA;040000;69;2068;3869;33,46;28,14;1,77;1,95;1,58;18430;9508;8922;32658;18532;14126;578
20260330;2024;06;01;HOTEL;03;3 ESTRELLAS;CAJAMARCA;060000;68;2129;3604;19,15;13,35;1,41;1,4;1,57;10255;9978;277;14437;14003;434;411
20260330;2024;06;01;HOTEL;03;3 ESTRELLAS;CALLAO;070000;4;233;391;33,98;33,19;1,41;1,32;1,53;2760;1619;1141;3893;2143;1750;56
20260330;2024;06;01;HOTEL;03;3 ESTRELLAS;CUSCO;080000;91;3267;6399;53,43;47,62;1,74;1,71;1,74;52652;8896;43756;91408;15217;76191;1088
20260330;2024;06;01;HOTEL;03;3 ESTRELLAS;HUANCAVELICA;090000;2;65;108;9,59;6,91;1,43;1,42;2;157;154;3;224;218;6;10
20260330;2024;06;01;HOTEL;03;3 ESTRELLAS;HUÁNUCO;100000;18;648;1175;33,37;28,25;1,65;1,64;1,78;6044;5863;181;9959;9636;323;148
20260330;2024;06;01;HOTEL;03;3 ESTRELLAS;ICA;110000;67;2294;4451;35;23,82;1,41;1,46;1,31;22634;14526;8108;31813;21184;10629;515
20260330;2024;06;01;HOTEL;03;3 ESTRELLAS;JUNÍN;120000;20;765;1428;16,85;12,45;1,55;1,54;1,78;3447;3380;67;5333;5214;119;191
20260330;2024;06;01;HOTEL;03;3 ESTRELLAS;LA LIBERTAD;130000;77;2271;4350;28,92;22,53;1,76;1,73;2,23;16699;15519;1180;29404;26773;2631;559
20260330;2024;06;01;HOTEL;03;3 ESTRELLAS;LAMBAYEQUE;140000;36;1155;1935;25,09;20,31;1,53;1,51;1,87;7701;7330;371;11792;11098;694;247
20260330;2024;06;01;HOTEL;03;3 ESTRELLAS;LIMA;150000;160;8368;15991;46,45;38,93;1,73;1,46;2,07;107784;59211;48573;186766;86306;100460;2314
20260330;2024;06;01;HOTEL;03;3 ESTRELLAS;LORETO;160000;27;783;1348;37,61;33,13;2,39;2,36;2,46;5613;4198;1415;13398;9916;3482;236
20260330;2024;06;01;HOTEL;03;3 ESTRELLAS;MADRE DE DIOS;170000;5;202;377;21,96;23;1,52;1,64;1,24;1716;1177;539;2601;1934;667;59
20260330;2024;06;01;HOTEL;03;3 ESTRELLAS;MOQUEGUA;180000;12;378;612;33,89;22,55;1,52;1,52;1,53;2723;2498;225;4141;3797;344;84
20260330;2024;06;01;HOTEL;03;3 ESTRELLAS;PASCO;190000;6;144;264;17,34;22,08;1,38;1,35;2,88;1270;1246;24;1749;1680;69;19
20260330;2024;06;01;HOTEL;03;3 ESTRELLAS;PIURA;200000;20;716;1183;43,42;32,27;1,98;1,86;2,67;5797;4981;816;11453;9271;2182;220
20260330;2024;06;01;HOTEL;03;3 ESTRELLAS;PUNO;210000;27;860;1649;35,85;31,11;1,54;1,52;1,55;9974;2601;7373;15389;3950;11439;179
20260330;2024;06;01;HOTEL;03;3 ESTRELLAS;SAN MARTÍN;220000;25;882;1554;33,59;27,76;1,75;1,73;2,41;7391;7142;249;12940;12339;601;201
20260330;2024;06;01;HOTEL;03;3 ESTRELLAS;TACNA;230000;10;397;863;31,51;24,82;1,75;1,67;1,81;3672;1633;2039;6427;2730;3697;104
20260330;2024;06;01;HOTEL;03;3 ESTRELLAS;TUMBES;240000;9;284;565;30,76;30,87;2,75;2,74;2,77;1906;1427;479;5232;3904;1328;118
20260330;2024;06;01;HOTEL;03;3 ESTRELLAS;UCAYALI;250000;15;535;885;36,98;30,89;2,46;2,24;4,39;3329;2981;348;8201;6672;1529;130
20260330;2024;06;01;HOTEL;04;4 ESTRELLAS;APURÍMAC;030000;1;32;56;34,69;19,82;1,82;1,77;2,17;183;159;24;333;281;52;14
20260330;2024;06;01;HOTEL;04;4 ESTRELLAS;AREQUIPA;040000;11;558;1042;41,15;35,8;1,85;1,96;1,77;6058;2433;3625;11191;4761;6430;248
20260330;2024;06;01;HOTEL;04;4 ESTRELLAS;CAJAMARCA;060000;4;214;379;49,69;44;2;1,94;2,41;2506;2209;297;5003;4286;717;154
20260330;2024;06;01;HOTEL;04;4 ESTRELLAS;CALLAO;070000;2;371;599;95,94;92,72;1,32;1,18;1,34;12635;1315;11320;16662;1547;15115;130
20260330;2024;06;01;HOTEL;04;4 ESTRELLAS;CUSCO;080000;21;1609;3164;75,88;71,42;1,77;1,63;1,79;38202;3540;34662;67794;5765;62029;982
20260330;2024;06;01;HOTEL;04;4 ESTRELLAS;HUÁNUCO;100000;1;60;101;38,83;30,86;1,67;1,66;1,92;560;534;26;935;885;50;30
20260330;2024;06;01;HOTEL;04;4 ESTRELLAS;ICA;110000;8;814;1731;25,86;25,31;1,57;1,73;1,36;8358;4840;3518;13141;8360;4781;382
20260330;2024;06;01;HOTEL;04;4 ESTRELLAS;JUNÍN;120000;1;40;82;50,75;29,02;1,09;1,09;1,67;653;647;6;714;704;10;19
20260330;2024;06;01;HOTEL;04;4 ESTRELLAS;LA LIBERTAD;130000;4;318;546;46,17;43,92;2,01;1,93;2,29;3584;2787;797;7194;5372;1822;127
20260330;2024;06;01;HOTEL;04;4 ESTRELLAS;LAMBAYEQUE;140000;5;359;663;59,92;46,85;1,61;1,51;2,16;5803;4949;854;9319;7475;1844;270
20260330;2024;06;01;HOTEL;04;4 ESTRELLAS;LIMA;150000;44;4337;7848;51,7;49,76;2,14;1,76;2,33;54614;17758;36856;117147;31212;85935;1623
20260330;2024;06;01;HOTEL;04;4 ESTRELLAS;MOQUEGUA;180000;2;123;234;51,14;68,08;7,39;8,16;2,36;647;561;86;4779;4576;203;60
20260330;2024;06;01;HOTEL;04;4 ESTRELLAS;PIURA;200000;4;393;744;38,41;28,8;2,16;2,04;2,67;2980;2417;563;6428;4924;1504;140
20260330;2024;06;01;HOTEL;04;4 ESTRELLAS;PUNO;210000;8;508;961;42,56;39,45;1,78;1,78;1,78;6377;881;5496;11372;1565;9807;196
20260330;2024;06;01;HOTEL;04;4 ESTRELLAS;SAN MARTÍN;220000;1;58;90;23,56;21,67;2,05;1,94;3,61;286;268;18;585;520;65;20
20260330;2024;06;01;HOTEL;04;4 ESTRELLAS;TACNA;230000;3;275;541;32,85;27,7;1,52;1,58;1,48;2950;1230;1720;4496;1948;2548;98
20260330;2024;06;01;HOTEL;04;4 ESTRELLAS;TUMBES;240000;5;265;520;28,35;28,9;2,21;2,26;2,08;2043;1411;632;4508;3194;1314;158
20260330;2024;06;01;HOTEL;04;4 ESTRELLAS;UCAYALI;250000;5;288;513;41,4;34,95;2,12;2,07;2,44;2537;2190;347;5379;4533;846;120
20260330;2024;06;01;HOTEL;05;5 ESTRELLAS;AREQUIPA;040000;3;241;352;48,15;49,95;2,12;1,96;2,28;2493;1298;1195;5275;2545;2730;184
20260330;2024;06;01;HOTEL;05;5 ESTRELLAS;CUSCO;080000;15;1283;2519;66,55;60,91;1,67;1,88;1,66;27483;2000;25483;46031;3762;42269;1231
20260330;2024;06;01;HOTEL;05;5 ESTRELLAS;ICA;110000;4;439;1083;29,99;28,64;1,76;1,76;1,75;5294;3483;1811;9304;6138;3166;469
20260330;2024;06;01;HOTEL;05;5 ESTRELLAS;LA LIBERTAD;130000;2;267;450;45,22;37,67;1,86;1,75;2,34;2736;2246;490;5086;3937;1149;186
20260330;2024;06;01;HOTEL;05;5 ESTRELLAS;LIMA;150000;27;4807;8376;55,46;43,58;2,39;1,67;2,57;45838;9187;36651;109517;15363;94154;3357
20260330;2024;06;01;HOTEL;05;5 ESTRELLAS;LORETO;160000;1;60;89;69,78;74,42;2,03;1,72;2,18;980;325;655;1987;560;1427;54
20260330;2024;06;01;HOTEL;05;5 ESTRELLAS;PIURA;200000;1;83;166;65,62;45,86;2;1,8;2,45;1140;777;363;2284;1396;888;82
20260330;2024;06;01;HOTEL;05;5 ESTRELLAS;PUNO;210000;1;123;231;41,19;57,55;1,45;1,66;1,44;2742;229;2513;3988;380;3608;29
20260330;2024;06;01;HOTEL;05;5 ESTRELLAS;SAN MARTÍN;220000;1;50;108;26,73;31,51;1,62;1,6;2,06;630;597;33;1021;953;68;63
20260330;2024;06;01;HOTEL;05;5 ESTRELLAS;UCAYALI;250000;2;162;300;43,29;34,16;2,28;2,23;2,7;1351;1211;140;3074;2696;378;73
20260330;2024;06;01;HOTEL;TT;TODAS CONSOLIDADAS;AMAZONAS;010000;56;1459;2441;17,35;14,93;1,27;1,25;1,96;8602;8397;205;10930;10529;401;270
20260330;2024;06;01;HOTEL;TT;TODAS CONSOLIDADAS;ÁNCASH;020000;114;3376;6013;23,04;17,35;1,55;1,52;1,91;20197;18502;1695;31300;28067;3233;624
20260330;2024;06;01;HOTEL;TT;TODAS CONSOLIDADAS;APURÍMAC;030000;15;555;929;35,74;27,36;1,29;1,28;1,52;5907;5665;242;7626;7257;369;92
20260330;2024;06;01;HOTEL;TT;TODAS CONSOLIDADAS;AREQUIPA;040000;133;4302;7763;31,46;26,73;1,69;1,68;1,69;36918;22621;14297;62262;38107;24155;1249
20260330;2024;06;01;HOTEL;TT;TODAS CONSOLIDADAS;AYACUCHO;050000;24;799;1441;13,79;13,69;1,88;1,85;2,29;3145;2928;217;5919;5422;497;159
20260330;2024;06;01;HOTEL;TT;TODAS CONSOLIDADAS;CAJAMARCA;060000;142;4246;7050;21,74;16,13;1,38;1,37;1,9;24675;24011;664;34105;32843;1262;845
20260330;2024;06;01;HOTEL;TT;TODAS CONSOLIDADAS;CALLAO;070000;7;644;1057;68,98;66,35;1,33;1,26;1,35;15828;3012;12816;21040;3783;17257;192
20260330;2024;06;01;HOTEL;TT;TODAS CONSOLIDADAS;CUSCO;080000;179;7482;14521;56;51,55;1,73;1,68;1,74;129707;19078;110629;224584;32109;192475;3713
20260330;2024;06;01;HOTEL;TT;TODAS CONSOLIDADAS;HUANCAVELICA;090000;4;105;177;24,63;20,85;1,7;1,7;1,71;651;644;7;1107;1095;12;19
20260330;2024;06;01;HOTEL;TT;TODAS CONSOLIDADAS;HUÁNUCO;100000;81;2594;4249;33,39;26,62;1,42;1,41;1,73;23954;23697;257;33938;33494;444;485
20260330;2024;06;01;HOTEL;TT;TODAS CONSOLIDADAS;JUNÍN;120000;55;1914;3565;20,08;14,04;1,4;1,4;1,55;10729;10534;195;15014;14711;303;369
20260330;2024;06;01;HOTEL;TT;TODAS CONSOLIDADAS;LA LIBERTAD;130000;109;3497;6449;31,83;25,85;1,67;1,62;2,15;29871;26784;3087;50003;43367;6636;988
20260330;2024;06;01;HOTEL;TT;TODAS CONSOLIDADAS;LAMBAYEQUE;140000;116;3739;5915;23,01;19,11;1,37;1,33;2,01;24816;23450;1366;33906;31154;2752;840
20260330;2024;06;01;HOTEL;TT;TODAS CONSOLIDADAS;LIMA;150000;367;23418;43304;48,03;40,28;1,86;1,45;2,29;315204;158436;156767;587619;229118;358501;9917
20260330;2024;06;01;HOTEL;TT;TODAS CONSOLIDADAS;LORETO;160000;40;1184;1990;35,31;31,91;2,17;2,12;2,3;8783;6297;2486;19052;13329;5723;396
20260330;2024;06;01;HOTEL;TT;TODAS CONSOLIDADAS;MOQUEGUA;180000;41;1174;1954;30,74;26,32;1,97;1,99;1,69;7828;7320;508;15431;14575;856;271
20260330;2024;06;01;HOTEL;TT;TODAS CONSOLIDADAS;PASCO;190000;18;511;896;22,47;17,92;1,26;1,25;2,73;3834;3808;26;4818;4747;71;78
20260330;2024;06;01;HOTEL;TT;TODAS CONSOLIDADAS;PIURA;200000;44;1652;2871;37,98;28,72;2,02;1,92;2,62;12259;10473;1786;24737;20065;4672;526
20260330;2024;06;01;HOTEL;TT;TODAS CONSOLIDADAS;PUNO;210000;72;2342;4360;30,04;27,56;1,56;1,44;1,61;23133;7437;15696;36045;10702;25343;518
20260330;2024;06;01;HOTEL;TT;TODAS CONSOLIDADAS;SAN MARTÍN;220000;61;1904;3290;35,94;30,08;1,8;1,78;2,27;16532;16027;505;29692;28546;1146;449
20260330;2024;06;01;HOTEL;TT;TODAS CONSOLIDADAS;TACNA;230000;47;1664;3830;30,39;17,19;1,69;1,69;1,69;11664;6121;5543;19755;10361;9394;386
20260330;2024;06;01;HOTEL;TT;TODAS CONSOLIDADAS;TUMBES;240000;22;767;1491;26,77;24,83;2,45;2,47;2,37;4541;3422;1119;11108;8452;2656;316
20260330;2024;06;01;HOTEL;TT;TODAS CONSOLIDADAS;UCAYALI;250000;24;1048;1814;37,58;31,07;2,3;2,17;3,31;7353;6512;841;16908;14122;2786;336
20260330;2024;06;02;APART HOTEL;03;3 ESTRELLAS;ÁNCASH;020000;2;16;44;0;0;0;0;0;0;0;0;0;0;0;0
20260330;2024;06;02;APART HOTEL;03;3 ESTRELLAS;APURÍMAC;030000;1;23;36;40;40,28;1,97;1,83;2,38;221;166;55;435;304;131;9
20260330;2024;06;02;APART HOTEL;03;3 ESTRELLAS;AREQUIPA;040000;1;19;35;7,89;6,19;1,86;1,94;1,25;35;31;4;65;60;5;5
20260330;2024;06;02;APART HOTEL;03;3 ESTRELLAS;CAJAMARCA;060000;2;13;24;0;0;0;0;0;0;0;0;0;0;0;0
20260330;2024;06;02;APART HOTEL;03;3 ESTRELLAS;ICA;110000;3;36;52;2,78;1,99;1;1;0;31;31;0;31;31;0;11
20260330;2024;06;02;APART HOTEL;03;3 ESTRELLAS;LIMA;150000;6;138;268;50,36;40,2;2,92;2,36;3,41;1107;519;588;3232;1226;2006;46
20260330;2024;06;02;APART HOTEL;03;3 ESTRELLAS;LORETO;160000;1;24;46;0;0;0;0;0;0;0;0;0;0;0;0
20260330;2024;06;02;APART HOTEL;03;3 ESTRELLAS;MOQUEGUA;180000;1;9;14;15,56;10;1,83;1,81;2;23;21;2;42;38;4;3
20260330;2024;06;02;APART HOTEL;03;3 ESTRELLAS;PASCO;190000;1;15;17;0;0;0;0;0;0;0;0;0;0;0;0
20260330;2024;06;02;APART HOTEL;03;3 ESTRELLAS;TUMBES;240000;2;19;54;20;12,96;2,33;2,28;2,67;90;78;12;210;178;32;15
20260330;2024;06;02;APART HOTEL;04;4 ESTRELLAS;AREQUIPA;040000;1;19;31;52,63;53,76;2,82;2,98;2,35;177;134;43;500;399;101;8
20260330;2024;06;02;APART HOTEL;04;4 ESTRELLAS;LIMA;150000;8;610;1277;62,21;55,65;2,28;1,76;3,21;9362;6018;3344;21321;10591;10730;432
20260330;2024;06;02;APART HOTEL;04;4 ESTRELLAS;LORETO;160000;1;13;23;37,95;34,2;1;1;1;236;50;186;236;50;186;6
20260330;2024;06;02;APART HOTEL;04;4 ESTRELLAS;SAN MARTÍN;220000;1;24;48;70,14;61,53;1,99;2,07;1,6;446;366;80;886;758;128;18
20260330;2024;06;02;APART HOTEL;05;5 ESTRELLAS;LIMA;150000;4;250;435;52,49;45,58;4,31;3,64;4,72;1380;528;852;5948;1924;4024;111
20260330;2024;06;02;APART HOTEL;TT;TODAS CONSOLIDADAS;ÁNCASH;020000;2;16;44;0;0;0;0;0;0;0;0;0;0;0;0
20260330;2024;06;02;APART HOTEL;TT;TODAS CONSOLIDADAS;APURÍMAC;030000;1;23;36;40;40,28;1,97;1,83;2,38;221;166;55;435;304;131;9
20260330;2024;06;02;APART HOTEL;TT;TODAS CONSOLIDADAS;AREQUIPA;040000;2;38;66;30,26;28,54;2,67;2,78;2,26;212;165;47;565;459;106;13
20260330;2024;06;02;APART HOTEL;TT;TODAS CONSOLIDADAS;CAJAMARCA;060000;2;13;24;0;0;0;0;0;0;0;0;0;0;0;0
20260330;2024;06;02;APART HOTEL;TT;TODAS CONSOLIDADAS;ICA;110000;3;36;52;2,78;1,99;1;1;0;31;31;0;31;31;0;11
20260330;2024;06;00;NO CLASIFICADO;TT;TODAS CONSOLIDADAS;ICA;110000;793;7985;13437;19,64;12,45;1,18;1,19;1,16;42465;35675;6790;50181;42296;7885;1431
20260330;2024;06;01;HOTEL;TT;TODAS CONSOLIDADAS;ICA;110000;141;5293;10334;27,43;21,06;1,39;1,4;1,38;46872;33127;13745;65285;46379;18906;1628
20260330;2024;06;00;NO CLASIFICADO;TT;TODAS CONSOLIDADAS;MADRE DE DIOS;170000;346;4582;7534;23,48;19,67;1,27;1,2;1,69;34950;29588;5362;44467;35397;9070;826
20260330;2024;06;01;HOTEL;01;1 ESTRELLA;MADRE DE DIOS;170000;5;145;258;21,82;18,84;1;1;1;1458;1343;115;1458;1343;115;25
20260330;2024;06;01;HOTEL;02;2 ESTRELLAS;MADRE DE DIOS;170000;7;188;328;31,83;30,58;1,5;1,37;3,38;2001;1871;130;3009;2569;440;37
20260330;2024;06;01;HOTEL;TT;TODAS CONSOLIDADAS;MADRE DE DIOS;170000;17;535;963;25,39;24,47;1,37;1,33;1,56;5175;4391;784;7068;5846;1222;121
20260330;2024;06;01;HOTEL;01;1 ESTRELLA;AYACUCHO;050000;8;200;353;10,45;11,68;1,92;1,91;2,41;643;626;17;1237;1196;41;35
20260330;2024;06;01;HOTEL;03;3 ESTRELLAS;AYACUCHO;050000;8;259;495;13,67;11,38;2,03;1,92;2,69;834;718;116;1690;1378;312;73
20260330;2024;06;01;HOTEL;04;4 ESTRELLAS;LORETO;160000;3;136;203;38,53;37,96;1,86;1,78;2,07;1244;915;329;2312;1630;682;63
20260330;2024;06;02;APART HOTEL;TT;TODAS CONSOLIDADAS;LIMA;150000;18;998;1980;58,14;51,35;2,57;1,94;3,5;11849;7065;4784;30501;13741;16760;589
20260330;2024;06;02;APART HOTEL;TT;TODAS CONSOLIDADAS;LORETO;160000;2;37;69;13,33;11,4;1;1;1;236;50;186;236;50;186;6
20260330;2024;06;02;APART HOTEL;TT;TODAS CONSOLIDADAS;MOQUEGUA;180000;1;9;14;15,56;10;1,83;1,81;2;23;21;2;42;38;4;3
20260330;2024;06;02;APART HOTEL;TT;TODAS CONSOLIDADAS;PASCO;190000;1;15;17;0;0;0;0;0;0;0;0;0;0;0;0
20260330;2024;06;02;APART HOTEL;TT;TODAS CONSOLIDADAS;SAN MARTÍN;220000;1;24;48;70,14;61,53;1,99;2,07;1,6;446;366;80;886;758;128;18
20260330;2024;06;02;APART HOTEL;TT;TODAS CONSOLIDADAS;TUMBES;240000;2;19;54;20;12,96;2,33;2,28;2,67;90;78;12;210;178;32;15
20260330;2024;06;03;HOSTAL;01;1 ESTRELLA;AMAZONAS;010000;17;245;354;21,58;17,5;1,08;1,08;0;1728;1728;0;1858;1858;0;43
20260330;2024;06;03;HOSTAL;01;1 ESTRELLA;ÁNCASH;020000;38;557;920;27,28;21,75;1,09;1,08;2,03;5522;5493;29;6004;5945;59;93
20260330;2024;06;03;HOSTAL;01;1 ESTRELLA;APURÍMAC;030000;5;109;166;27,98;29,9;1,11;1,11;1;1342;1338;4;1489;1485;4;13
20260330;2024;06;03;HOSTAL;01;1 ESTRELLA;AREQUIPA;040000;51;759;1170;30,47;22,25;1,18;1,18;1,13;6630;6299;331;7810;7436;374;131
20260330;2024;06;03;HOSTAL;01;1 ESTRELLA;AYACUCHO;050000;15;199;364;10,54;8,6;1,46;1,46;0;645;645;0;939;939;0;31
20260330;2024;06;03;HOSTAL;01;1 ESTRELLA;CAJAMARCA;060000;22;388;621;23,98;15,36;1,22;1,22;1,13;2342;2318;24;2861;2834;27;76
20260330;2024;06;03;HOSTAL;01;1 ESTRELLA;CALLAO;070000;8;159;301;38,91;43,54;1;1;0;4232;4232;0;4232;4232;0;25
20260330;2024;06;03;HOSTAL;01;1 ESTRELLA;CUSCO;080000;25;425;708;24,45;21,89;1,08;1,07;2;4297;4255;42;4649;4565;84;60
20260330;2024;06;03;HOSTAL;01;1 ESTRELLA;HUANCAVELICA;090000;2;66;94;18,89;13,51;1,02;1,02;0;373;373;0;381;381;0;5
20260330;2024;06;03;HOSTAL;01;1 ESTRELLA;HUÁNUCO;100000;25;370;550;34,27;28,39;1,32;1,32;0;3559;3559;0;4684;4684;0;67
20260330;2024;06;03;HOSTAL;01;1 ESTRELLA;ICA;110000;18;222;336;38,71;32,81;1;1;0;3307;3307;0;3307;3307;0;41
20260330;2024;06;03;HOSTAL;01;1 ESTRELLA;JUNÍN;120000;12;170;294;22,55;18,04;1,21;1,21;1;1320;1318;2;1591;1589;2;29
20260330;2024;06;03;HOSTAL;01;1 ESTRELLA;LA LIBERTAD;130000;25;356;630;24,95;22,38;1,56;1,56;1;2711;2709;2;4230;4228;2;59
20260330;2024;06;03;HOSTAL;01;1 ESTRELLA;LAMBAYEQUE;140000;15;206;300;22,22;21,51;1,06;1,06;0;1821;1821;0;1936;1936;0;39
20260330;2024;06;03;HOSTAL;01;1 ESTRELLA;LIMA;150000;77;1590;2823;35,55;26,83;1,25;1,25;1,4;23780;23241;539;29692;28935;757;338
20260330;2024;06;03;HOSTAL;01;1 ESTRELLA;LORETO;160000;6;104;168;11,51;16,19;1,49;1,51;1,35;547;496;51;816;747;69;22
20260330;2024;06;03;HOSTAL;01;1 ESTRELLA;MADRE DE DIOS;170000;2;53;101;0;0;0;0;0;0;0;0;0;0;0;0
20260330;2024;06;03;HOSTAL;01;1 ESTRELLA;MOQUEGUA;180000;20;287;470;16,78;12,56;1,68;1,67;2,19;1053;1032;21;1771;1725;46;56
20260330;2024;06;03;HOSTAL;01;1 ESTRELLA;PASCO;190000;22;382;573;27,87;22,51;1,17;1,17;1,16;3299;3267;32;3869;3832;37;61
20260330;2024;06;03;HOSTAL;01;1 ESTRELLA;PIURA;200000;3;56;81;26,19;17,53;2;2;0;213;213;0;426;426;0;12
20260330;2024;06;03;HOSTAL;01;1 ESTRELLA;PUNO;210000;32;460;808;17,74;14,22;1,05;1,05;1,18;3279;3186;93;3447;3337;110;72
20260330;2024;06;03;HOSTAL;01;1 ESTRELLA;SAN MARTÍN;220000;1;20;34;8,67;7,75;1,03;1,03;0;77;77;0;79;79;0;8
20260330;2024;06;03;HOSTAL;01;1 ESTRELLA;TACNA;230000;10;175;306;16,69;15,4;1,08;1,06;1,11;1309;794;515;1414;844;570;28
20260330;2024;06;03;HOSTAL;02;2 ESTRELLAS;AMAZONAS;010000;52;877;1387;20,19;17,61;1,16;1,14;2,04;6298;6120;178;7327;6963;364;150
20260330;2024;06;03;HOSTAL;02;2 ESTRELLAS;ÁNCASH;020000;128;2134;3733;30,74;28,34;1,1;1,1;1,4;28830;28737;93;31735;31605;130;366
20260330;2024;06;03;HOSTAL;02;2 ESTRELLAS;APURÍMAC;030000;7;143;221;32,87;28,55;1,18;1,19;1;1601;1540;61;1893;1832;61;25
20260330;2024;06;03;HOSTAL;02;2 ESTRELLAS;AREQUIPA;040000;130;2082;3724;30,32;25,5;1,42;1,43;1,3;20123;18094;2029;28486;25848;2638;374
20260330;2024;06;03;HOSTAL;02;2 ESTRELLAS;AYACUCHO;050000;10;133;238;16,04;23,25;2,03;2,03;2,09;816;746;70;1660;1514;146;25
20260330;2024;06;03;HOSTAL;02;2 ESTRELLAS;CAJAMARCA;060000;130;2322;3670;18,85;13,87;1,22;1,22;1,22;12482;12339;143;15272;15097;175;365
20260330;2024;06;03;HOSTAL;02;2 ESTRELLAS;CALLAO;070000;6;247;453;29,07;25,86;1,03;1,03;0;3416;3416;0;3515;3515;0;37
20260330;2024;06;03;HOSTAL;02;2 ESTRELLAS;CUSCO;080000;45;748;1333;31,43;27,9;1,64;1,46;1,89;6799;3990;2809;11157;5844;5313;129
20260330;2024;06;03;HOSTAL;02;2 ESTRELLAS;HUANCAVELICA;090000;1;44;82;13,94;10,73;1,02;1,02;0;260;260;0;264;264;0;3
20260330;2024;06;03;HOSTAL;02;2 ESTRELLAS;HUÁNUCO;100000;26;348;567;44,9;32,73;1,15;1,14;2,61;4862;4839;23;5567;5507;60;87
20260330;2024;06;03;HOSTAL;02;2 ESTRELLAS;ICA;110000;81;1243;2021;27,79;23,39;1,02;1,01;1,21;13918;13536;382;14182;13721;461;201
20260330;2024;06;03;HOSTAL;02;2 ESTRELLAS;JUNÍN;120000;24;394;759;26,22;23,81;1,19;1,19;1,86;4543;4506;37;5421;5352;69;79
20260330;2024;06;03;HOSTAL;02;2 ESTRELLAS;LA LIBERTAD;130000;122;2059;3688;18,49;16,58;1,17;1,17;1;15658;15619;39;18344;18305;39;355
20260330;2024;06;03;HOSTAL;02;2 ESTRELLAS;LAMBAYEQUE;140000;145;2105;3055;26,72;19,75;1,14;1,14;1,17;15941;15857;84;18101;18003;98;411
20260330;2024;06;03;HOSTAL;02;2 ESTRELLAS;LIMA;150000;118;2908;5311;38,34;34,15;1,29;1,18;2,51;61474;56589;4885;79253;67008;12244;692
20260330;2024;06;03;HOSTAL;02;2 ESTRELLAS;LORETO;160000;8;152;232;9,43;7,41;1,78;1,75;1,95;290;250;40;516;438;78;28
20260330;2024;06;03;HOSTAL;02;2 ESTRELLAS;MADRE DE DIOS;170000;6;146;214;40,14;29,89;1,28;1,27;1,33;1503;1434;69;1919;1827;92;26
20260330;2024;06;03;HOSTAL;02;2 ESTRELLAS;MOQUEGUA;180000;62;943;1524;17,14;12,73;1,41;1,42;1,04;4124;4055;69;5819;5747;72;173
20260330;2024;06;03;HOSTAL;02;2 ESTRELLAS;PASCO;190000;15;267;519;19,35;16,85;1,32;1,32;0;1982;1982;0;2624;2624;0;41
20260330;2024;06;03;HOSTAL;02;2 ESTRELLAS;PIURA;200000;24;490;836;33,86;23,27;1,92;1,91;2,1;3034;2803;231;5836;5352;484;90
20260330;2024;06;03;HOSTAL;02;2 ESTRELLAS;PUNO;210000;58;885;1676;19,39;15,21;1,23;1,2;1,37;6235;5138;1097;7650;6150;1500;156
20260330;2024;06;03;HOSTAL;02;2 ESTRELLAS;SAN MARTÍN;220000;23;325;516;33,04;29,5;1,67;1,67;1,65;2739;2691;48;4566;4487;79;73
20260330;2024;06;03;HOSTAL;02;2 ESTRELLAS;TACNA;230000;28;473;907;28,66;17,41;1,85;1,74;1,88;2565;639;1926;4736;1114;3622;86
20260330;2024;06;03;HOSTAL;02;2 ESTRELLAS;TUMBES;240000;5;66;131;6,26;3,36;1;1;0;132;132;0;132;132;0;21
20260330;2024;06;03;HOSTAL;02;2 ESTRELLAS;UCAYALI;250000;2;68;124;16,42;9,68;1,4;1,39;1,67;258;255;3;360;355;5;16
20260330;2024;06;03;HOSTAL;03;3 ESTRELLAS;AMAZONAS;010000;9;125;250;21,89;16,93;1,38;1,35;1,68;921;846;75;1270;1144;126;30
20260330;2024;06;03;HOSTAL;03;3 ESTRELLAS;ÁNCASH;020000;21;329;633;21,1;18,58;1,66;1,64;2,05;2130;2042;88;3529;3349;180;72
20260330;2024;06;03;HOSTAL;03;3 ESTRELLAS;APURÍMAC;030000;1;24;43;27,08;15,12;1,56;1,53;1,91;125;114;11;195;174;21;5
20260330;2024;06;03;HOSTAL;03;3 ESTRELLAS;AREQUIPA;040000;46;724;1342;33,69;28,58;1,99;1,98;2;5782;3766;2016;11505;7474;4031;187
20260330;2024;06;03;HOSTAL;03;3 ESTRELLAS;AYACUCHO;050000;3;51;100;41,96;28,8;2,25;2,3;2,07;384;301;83;864;692;172;28
20260330;2024;06;03;HOSTAL;03;3 ESTRELLAS;CAJAMARCA;060000;53;823;1349;20,11;14,99;1,33;1,33;1,19;4560;4507;53;6067;6004;63;197
20260330;2024;06;03;HOSTAL;03;3 ESTRELLAS;CUSCO;080000;19;323;649;28,28;24,79;2,02;1,69;2,26;2392;1014;1378;4827;1709;3118;65
20260330;2024;06;03;HOSTAL;03;3 ESTRELLAS;HUÁNUCO;100000;1;31;39;0;0;0;0;0;0;0;0;0;0;0;0
20260330;2024;06;03;HOSTAL;03;3 ESTRELLAS;ICA;110000;42;690;1309;30,22;20,77;1,32;1,34;1,28;6173;4510;1663;8158;6023;2135;160
20260330;2024;06;03;HOSTAL;03;3 ESTRELLAS;JUNÍN;120000;3;57;114;39,18;24,94;1,93;1,86;4,23;441;428;13;853;798;55;35
20260330;2024;06;03;HOSTAL;03;3 ESTRELLAS;LA LIBERTAD;130000;47;856;1660;31,76;27,23;1,1;1,1;1,19;12306;12076;230;13560;13287;273;162
20260330;2024;06;03;HOSTAL;03;3 ESTRELLAS;LAMBAYEQUE;140000;24;355;531;34,04;26,84;1,27;1,27;1,35;3373;3308;65;4276;4188;88;86
20260330;2024;06;03;HOSTAL;03;3 ESTRELLAS;LIMA;150000;24;494;934;19,44;16,46;1,12;1,12;1,08;4129;3576;553;4613;4015;598;91
20260330;2024;06;03;HOSTAL;03;3 ESTRELLAS;LORETO;160000;8;133;219;18,87;21,43;2,23;2,22;2,27;632;565;67;1408;1256;152;31
20260330;2024;06;03;HOSTAL;03;3 ESTRELLAS;MADRE DE DIOS;170000;1;22;28;42,58;43,33;1,29;1,29;0;282;282;0;364;364;0;2
20260330;2024;06;03;HOSTAL;03;3 ESTRELLAS;MOQUEGUA;180000;6;162;315;9,09;6,91;1,76;1,76;1,67;372;363;9;653;638;15;21
20260330;2024;06;03;HOSTAL;03;3 ESTRELLAS;PASCO;190000;2;21;44;14,76;14,92;1,32;1,3;2;149;145;4;197;189;8;9
20260330;2024;06;03;HOSTAL;03;3 ESTRELLAS;PIURA;200000;2;36;78;14,81;15,04;2,96;2,21;4,49;119;80;39;352;177;175;19
20260330;2024;06;03;HOSTAL;03;3 ESTRELLAS;PUNO;210000;12;228;398;33,25;23,94;1,65;1,74;1,33;1735;1333;402;2859;2326;533;50
20260330;2024;06;03;HOSTAL;03;3 ESTRELLAS;SAN MARTÍN;220000;6;114;256;56,26;47,73;2,32;2,29;2,7;1580;1480;100;3666;3396;270;48
20260330;2024;06;03;HOSTAL;03;3 ESTRELLAS;TACNA;230000;4;78;178;26,45;18,61;2,42;2,16;2,73;410;218;192;994;470;524;17
20260330;2024;06;03;HOSTAL;03;3 ESTRELLAS;TUMBES;240000;3;51;102;0;0;0;0;0;0;0;0;0;0;0;0
20260330;2024;06;03;HOSTAL;03;3 ESTRELLAS;UCAYALI;250000;1;35;52;17,52;16,41;1,65;1,65;0;155;155;0;256;256;0;5
20260330;2024;06;03;HOSTAL;TT;TODAS CONSOLIDADAS;AMAZONAS;010000;78;1247;1991;20,63;17,5;1,17;1,15;1,94;8947;8694;253;10455;9965;490;223
20260330;2024;06;03;HOSTAL;TT;TODAS CONSOLIDADAS;ÁNCASH;020000;187;3020;5286;29,05;26,02;1,13;1,13;1,76;36482;36272;210;41268;40899;369;531
20260330;2024;06;03;HOSTAL;TT;TODAS CONSOLIDADAS;APURÍMAC;030000;13;276;430;30,43;27,73;1,17;1,17;1,13;3068;2992;76;3577;3491;86;43
20260330;2024;06;03;HOSTAL;TT;TODAS CONSOLIDADAS;AREQUIPA;040000;227;3565;6236;31,04;25,55;1,47;1,45;1,61;32535;28159;4376;47801;40758;7043;692
20260330;2024;06;03;HOSTAL;TT;TODAS CONSOLIDADAS;AYACUCHO;050000;28;383;702;16,63;16,44;1,88;1,86;2,08;1845;1692;153;3463;3145;318;84
20260330;2024;06;03;HOSTAL;TT;TODAS CONSOLIDADAS;CAJAMARCA;060000;205;3533;5640;19,71;14,3;1,25;1,25;1,2;19384;19164;220;24200;23935;265;638
20260330;2024;06;03;HOSTAL;TT;TODAS CONSOLIDADAS;CALLAO;070000;14;406;754;32,48;32,04;1,02;1,02;0;7688;7688;0;7804;7804;0;65
20260330;2024;06;03;HOSTAL;TT;TODAS CONSOLIDADAS;CUSCO;080000;89;1496;2690;28,77;25,57;1,53;1,31;2,01;13488;9259;4229;20633;12118;8515;254
20260330;2024;06;03;HOSTAL;TT;TODAS CONSOLIDADAS;HUANCAVELICA;090000;3;110;176;16,91;12,22;1,02;1,02;0;633;633;0;645;645;0;8
20260330;2024;06;03;HOSTAL;TT;TODAS CONSOLIDADAS;HUÁNUCO;100000;52;749;1156;37,79;29,56;1,22;1,21;2,61;8421;8398;23;10251;10191;60;154
20260330;2024;06;03;HOSTAL;TT;TODAS CONSOLIDADAS;ICA;110000;141;2155;3666;29,7;23,32;1,1;1,08;1,27;23398;21353;2045;25647;23051;2596;402
20260330;2024;06;03;HOSTAL;TT;TODAS CONSOLIDADAS;JUNÍN;120000;39;621;1167;26,4;22,47;1,25;1,24;2,42;6304;6252;52;7865;7739;126;143
20260330;2024;06;03;HOSTAL;TT;TODAS CONSOLIDADAS;LA LIBERTAD;130000;194;3271;5978;22,66;20,15;1,18;1,18;1,16;30675;30404;271;36134;35820;314;576
20260330;2024;06;03;HOSTAL;TT;TODAS CONSOLIDADAS;LAMBAYEQUE;140000;184;2666;3886;27,35;20,86;1,15;1,15;1,25;21135;20986;149;24313;24127;186;536
20260330;2024;06;03;HOSTAL;TT;TODAS CONSOLIDADAS;LIMA;150000;219;4992;9068;33,03;28;1,25;1,19;2,01;76397;70834;5563;95652;84454;11197;1047
20260330;2024;06;03;HOSTAL;TT;TODAS CONSOLIDADAS;LORETO;160000;22;389;619;13,21;14,75;1,87;1,86;1,89;1469;1311;158;2740;2441;299;81
20260330;2024;06;03;HOSTAL;TT;TODAS CONSOLIDADAS;MADRE DE DIOS;170000;9;221;343;30,75;22,19;1,28;1,28;1,33;1785;1716;69;2283;2191;92;28
20260330;2024;06;03;HOSTAL;TT;TODAS CONSOLIDADAS;MOQUEGUA;180000;88;1392;2309;16,13;11,9;1,49;1,49;1,34;5549;5450;99;8243;8110;133;250
20260330;2024;06;03;HOSTAL;TT;TODAS CONSOLIDADAS;PASCO;190000;39;670;1136;24,06;19,63;1,23;1,23;1,25;5430;5394;36;6690;6645;45;111
20260330;2024;06;03;HOSTAL;TT;TODAS CONSOLIDADAS;PIURA;200000;29;582;995;31,94;22,16;1,96;1,92;2,44;3366;3096;270;6614;5955;659;121
20260330;2024;06;03;HOSTAL;TT;TODAS CONSOLIDADAS;PUNO;210000;102;1573;2882;20,92;16,14;1,24;1,22;1,35;11249;9657;1592;13956;11813;2143;278
20260330;2024;06;03;HOSTAL;TT;TODAS CONSOLIDADAS;SAN MARTÍN;220000;30;459;806;37,74;34,37;1,89;1,87;2,36;4396;4248;148;8311;7962;349;129
20260330;2024;06;03;HOSTAL;TT;TODAS CONSOLIDADAS;TACNA;230000;42;726;1391;25,54;17,12;1,67;1,47;1,79;4284;1651;2633;7144;2428;4716;131
20260330;2024;06;03;HOSTAL;TT;TODAS CONSOLIDADAS;TUMBES;240000;8;117;233;3,53;1,89;1;1;0;132;132;0;132;132;0;21
20260330;2024;06;03;HOSTAL;TT;TODAS CONSOLIDADAS;UCAYALI;250000;3;103;176;16,8;11,67;1,49;1,49;1,67;413;410;3;616;611;5;21
20260330;2024;06;05;ALBERGUE;12;ALBERGUE;AMAZONAS;010000;1;6;11;0;0;0;0;0;0;0;0;0;0;0;0
20260330;2024;06;05;ALBERGUE;12;ALBERGUE;ÁNCASH;020000;7;68;149;28,19;15,86;2,11;1,95;2,47;336;233;103;709;455;254;16
20260330;2024;06;05;ALBERGUE;12;ALBERGUE;AREQUIPA;040000;10;149;344;33,29;30,2;1,38;1,48;1,32;2261;799;1462;3117;1181;1936;113
20260330;2024;06;05;ALBERGUE;12;ALBERGUE;AYACUCHO;050000;1;10;20;0;0;0;0;0;0;0;0;0;0;0;0
20260330;2024;06;05;ALBERGUE;12;ALBERGUE;CAJAMARCA;060000;1;11;22;0;0;0;0;0;0;0;0;0;0;0;0
20260330;2024;06;05;ALBERGUE;12;ALBERGUE;CUSCO;080000;16;372;657;41,22;37,83;1,52;1,63;1,52;4891;99;4792;7456;161;7295;159
20260330;2024;06;05;ALBERGUE;12;ALBERGUE;HUANCAVELICA;090000;1;14;47;35,95;23,26;2,73;2,73;0;120;120;0;328;328;0;17
20260330;2024;06;05;ALBERGUE;12;ALBERGUE;HUÁNUCO;100000;7;92;128;0;0;0;0;0;0;0;0;0;0;0;0
20260330;2024;06;05;ALBERGUE;12;ALBERGUE;ICA;110000;5;47;177;30;23,28;1,23;1,25;1,21;1007;507;500;1236;633;603;15
20260330;2024;06;05;ALBERGUE;12;ALBERGUE;JUNÍN;120000;1;32;104;26,35;19,26;1,78;1,75;2,24;338;321;17;601;563;38;19
20260330;2024;06;05;ALBERGUE;12;ALBERGUE;LA LIBERTAD;130000;1;15;27;49,56;38,52;2,03;2,05;1,5;154;148;6;312;303;9;4
20260330;2024;06;05;ALBERGUE;12;ALBERGUE;LIMA;150000;8;136;528;12,52;11,11;3,13;3,13;0;563;563;0;1760;1760;0;25
20260330;2024;06;05;ALBERGUE;12;ALBERGUE;LORETO;160000;61;867;1727;21,25;21,58;1,94;1,5;2,1;5764;1549;4215;11180;2328;8852;303
20260330;2024;06;05;ALBERGUE;12;ALBERGUE;MADRE DE DIOS;170000;15;333;693;26,52;32,29;2,57;2,01;2,61;2611;167;2444;6713;335;6378;212
20260330;2024;06;05;ALBERGUE;12;ALBERGUE;PASCO;190000;23;288;781;13,8;12,07;1,45;1,44;1,94;1948;1900;48;2828;2735;93;62
20260330;2024;06;05;ALBERGUE;12;ALBERGUE;PUNO;210000;1;13;35;0;0;0;0;0;0;0;0;0;0;0;0
20260330;2024;06;05;ALBERGUE;12;ALBERGUE;SAN MARTÍN;220000;11;159;352;27,3;24,36;2,29;2,19;2,72;1123;915;208;2572;2007;565;52
20260330;2024;06;05;ALBERGUE;12;ALBERGUE;UCAYALI;250000;5;52;146;12,18;7,05;1,35;1,3;1,44;229;151;78;309;197;112;30
20260330;2024;06;05;ALBERGUE;TT;TODAS CONSOLIDADAS;AMAZONAS;010000;1;6;11;0;0;0;0;0;0;0;0;0;0;0;0
20260330;2024;06;05;ALBERGUE;TT;TODAS CONSOLIDADAS;ÁNCASH;020000;7;68;149;28,19;15,86;2,11;1,95;2,47;336;233;103;709;455;254;16
20260330;2024;06;05;ALBERGUE;TT;TODAS CONSOLIDADAS;AREQUIPA;040000;10;149;344;33,29;30,2;1,38;1,48;1,32;2261;799;1462;3117;1181;1936;113
20260330;2024;06;05;ALBERGUE;TT;TODAS CONSOLIDADAS;AYACUCHO;050000;1;10;20;0;0;0;0;0;0;0;0;0;0;0;0
20260330;2024;06;05;ALBERGUE;TT;TODAS CONSOLIDADAS;CAJAMARCA;060000;1;11;22;0;0;0;0;0;0;0;0;0;0;0;0
20260330;2024;06;05;ALBERGUE;TT;TODAS CONSOLIDADAS;CUSCO;080000;16;372;657;41,22;37,83;1,52;1,63;1,52;4891;99;4792;7456;161;7295;159
20260330;2024;06;05;ALBERGUE;TT;TODAS CONSOLIDADAS;HUANCAVELICA;090000;1;14;47;35,95;23,26;2,73;2,73;0;120;120;0;328;328;0;17
20260330;2024;06;05;ALBERGUE;TT;TODAS CONSOLIDADAS;HUÁNUCO;100000;7;92;128;0;0;0;0;0;0;0;0;0;0;0;0
20260330;2024;06;05;ALBERGUE;TT;TODAS CONSOLIDADAS;ICA;110000;5;47;177;30;23,28;1,23;1,25;1,21;1007;507;500;1236;633;603;15
20260330;2024;06;05;ALBERGUE;TT;TODAS CONSOLIDADAS;JUNÍN;120000;1;32;104;26,35;19,26;1,78;1,75;2,24;338;321;17;601;563;38;19
20260330;2024;06;05;ALBERGUE;TT;TODAS CONSOLIDADAS;LA LIBERTAD;130000;1;15;27;49,56;38,52;2,03;2,05;1,5;154;148;6;312;303;9;4
20260330;2024;06;05;ALBERGUE;TT;TODAS CONSOLIDADAS;LIMA;150000;8;136;528;12,52;11,11;3,13;3,13;0;563;563;0;1760;1760;0;25
20260330;2024;06;05;ALBERGUE;TT;TODAS CONSOLIDADAS;LORETO;160000;61;867;1727;21,25;21,58;1,94;1,5;2,1;5764;1549;4215;11180;2328;8852;303
20260330;2024;06;05;ALBERGUE;TT;TODAS CONSOLIDADAS;MADRE DE DIOS;170000;15;333;693;26,52;32,29;2,57;2,01;2,61;2611;167;2444;6713;335;6378;212
20260330;2024;06;05;ALBERGUE;TT;TODAS CONSOLIDADAS;PASCO;190000;23;288;781;13,8;12,07;1,45;1,44;1,94;1948;1900;48;2828;2735;93;62
20260330;2024;06;05;ALBERGUE;TT;TODAS CONSOLIDADAS;PUNO;210000;1;13;35;0;0;0;0;0;0;0;0;0;0;0;0
20260330;2024;06;05;ALBERGUE;TT;TODAS CONSOLIDADAS;SAN MARTÍN;220000;11;159;352;27,3;24,36;2,29;2,19;2,72;1123;915;208;2572;2007;565;52
20260330;2024;06;05;ALBERGUE;TT;TODAS CONSOLIDADAS;UCAYALI;250000;5;52;146;12,18;7,05;1,35;1,3;1,44;229;151;78;309;197;112;30
20260330;2024;06;14;RESORT;03;3 ESTRELLAS;ICA;110000;1;51;86;0;0;0;0;0;0;0;0;0;0;0;0
20260330;2024;06;14;RESORT;03;3 ESTRELLAS;TUMBES;240000;1;28;62;1,31;1,29;1,09;1,09;0;22;22;0;24;24;0;5
20260330;2024;06;14;RESORT;04;4 ESTRELLAS;TUMBES;240000;1;402;1101;48,94;43,78;2,58;2,46;2,91;5595;4054;1541;14460;9981;4479;406
20260330;2024;06;14;RESORT;05;5 ESTRELLAS;ICA;110000;1;49;94;41,36;44,5;1,47;1,44;1,49;855;425;430;1255;613;642;60
20260330;2024;06;14;RESORT;TT;TODAS CONSOLIDADAS;ICA;110000;2;100;180;20,27;23,24;1,47;1,44;1,49;855;425;430;1255;613;642;60
20260330;2024;06;14;RESORT;TT;TODAS CONSOLIDADAS;TUMBES;240000;2;430;1163;45,84;41,51;2,58;2,45;2,91;5617;4076;1541;14484;10005;4479;411
20260330;2024;06;16;ECOLODGE;13;ECOLODGE;AREQUIPA;040000;1;23;51;15,22;14,25;1,2;1,52;1,16;182;21;161;218;32;186;7
20260330;2024;06;16;ECOLODGE;TT;TODAS CONSOLIDADAS;AREQUIPA;040000;1;23;51;15,22;14,25;1,2;1,52;1,16;182;21;161;218;32;186;7
20260330;2024;06;TT;TODAS CONSOLIDADAS;00;NO CATEGORIZADO;AMAZONAS;010000;306;2859;4509;11,88;9,41;1,27;1,24;1,57;10038;9300;738;12726;11566;1160;527
20260330;2024;06;TT;TODAS CONSOLIDADAS;00;NO CATEGORIZADO;ÁNCASH;020000;742;6479;10963;14,85;13,16;1,22;1,2;1,46;35559;32695;2864;43311;39133;4179;745
20260330;2024;06;TT;TODAS CONSOLIDADAS;00;NO CATEGORIZADO;APURÍMAC;030000;508;4508;7066;18,03;12,88;1,15;1,15;1,76;23651;23466;185;27296;26971;325;447
20260330;2024;06;TT;TODAS CONSOLIDADAS;00;NO CATEGORIZADO;AREQUIPA;040000;1277;10886;18418;17,71;15,06;1,46;1,41;1,61;57036;42618;14418;83208;59991;23217;1281
20260330;2024;06;TT;TODAS CONSOLIDADAS;00;NO CATEGORIZADO;AYACUCHO;050000;606;5653;9160;12,11;10,45;1,19;1,19;1,27;24137;23821;316;28719;28319;400;683
20260330;2024;06;TT;TODAS CONSOLIDADAS;00;NO CATEGORIZADO;CAJAMARCA;060000;739;6481;10345;13,42;10,25;1,19;1,19;1,38;26696;26619;77;31799;31693;106;714
20260330;2024;06;TT;TODAS CONSOLIDADAS;00;NO CATEGORIZADO;CALLAO;070000;271;3733;6987;40;37,86;1,01;1,01;1,14;136489;134101;2389;138374;135651;2723;1103
20260330;2024;06;TT;TODAS CONSOLIDADAS;00;NO CATEGORIZADO;CUSCO;080000;1995;18987;33858;36,09;32,11;2,01;2,12;1,94;162437;65009;97428;326117;137504;188613;3672
20260330;2024;06;TT;TODAS CONSOLIDADAS;00;NO CATEGORIZADO;HUANCAVELICA;090000;239;2539;3865;15,16;12,42;1,08;1,08;1,24;13362;13291;71;14401;14313;88;274
20260330;2024;06;TT;TODAS CONSOLIDADAS;00;NO CATEGORIZADO;HUÁNUCO;100000;500;5297;7959;16,71;13,65;1,18;1,18;1,86;27638;27580;58;32601;32493;108;658
20260330;2024;06;TT;TODAS CONSOLIDADAS;00;NO CATEGORIZADO;ICA;110000;793;7985;13437;19,64;12,45;1,18;1,19;1,16;42465;35675;6790;50181;42296;7885;1431
20260330;2024;06;TT;TODAS CONSOLIDADAS;00;NO CATEGORIZADO;JUNÍN;120000;1515;15189;24654;22,23;16,59;1,17;1,17;1,7;104829;103883;946;122730;121121;1609;2739
20260330;2024;06;TT;TODAS CONSOLIDADAS;00;NO CATEGORIZADO;LA LIBERTAD;130000;1004;7438;12450;11,44;10,56;1,07;1,06;1,38;36932;35535;1397;39427;37506;1921;541
20260330;2024;06;TT;TODAS CONSOLIDADAS;00;NO CATEGORIZADO;LAMBAYEQUE;140000;452;4475;6491;15,21;12,43;1,07;1,07;1,17;22598;22164;434;24210;23703;507;552
20260330;2024;06;TT;TODAS CONSOLIDADAS;00;NO CATEGORIZADO;LIMA;150000;7138;55369;94921;21,28;20,06;1,07;1,07;1,09;2275325;2226061;49264;2436398;2382512;53886;33291
20260330;2024;06;TT;TODAS CONSOLIDADAS;00;NO CATEGORIZADO;LORETO;160000;797;6832;10683;12,54;10,99;1,51;1,44;1,64;23270;15055;8215;35233;21734;13499;725
20260330;2024;06;TT;TODAS CONSOLIDADAS;00;NO CATEGORIZADO;MADRE DE DIOS;170000;346;4582;7534;23,48;19,67;1,27;1,2;1,69;34950;29588;5362;44467;35397;9070;826
20260330;2024;06;TT;TODAS CONSOLIDADAS;00;NO CATEGORIZADO;MOQUEGUA;180000;169;1714;2945;15,56;11,6;1,22;1,22;1,14;8377;8281;96;10248;10139;109;235
20260330;2024;06;TT;TODAS CONSOLIDADAS;00;NO CATEGORIZADO;PASCO;190000;383;4077;6530;18,52;15,18;1,23;1,23;1,32;24179;24117;62;29736;29654;82;750
20260330;2024;06;TT;TODAS CONSOLIDADAS;00;NO CATEGORIZADO;PIURA;200000;1165;10615;19125;22,91;15,19;1,46;1,38;1,95;59527;50539;8988;87168;69597;17571;2104
20260330;2024;06;TT;TODAS CONSOLIDADAS;00;NO CATEGORIZADO;PUNO;210000;842;7435;12505;21,08;18,04;1,19;1,19;1,22;56946;54012;2934;67661;64083;3578;1357
20260330;2024;06;TT;TODAS CONSOLIDADAS;00;NO CATEGORIZADO;SAN MARTÍN;220000;879;9236;14477;23,51;19,12;1,28;1,27;1,71;64766;63184;1582;83032;80319;2713;1159
20260330;2024;06;TT;TODAS CONSOLIDADAS;00;NO CATEGORIZADO;TACNA;230000;430;4004;7179;10,91;9,21;1,22;1,17;1,31;16309;10671;5638;19842;12440;7402;465
20260330;2024;06;TT;TODAS CONSOLIDADAS;00;NO CATEGORIZADO;TUMBES;240000;250;2426;4624;13,21;10,26;1,54;1,51;2,03;9243;8683;560;14227;13088;1139;339
20260330;2024;06;TT;TODAS CONSOLIDADAS;00;NO CATEGORIZADO;UCAYALI;250000;547;5427;8365;28,7;28,68;3,58;3,61;2,13;20120;19660;460;71985;71003;982;978
20260330;2024;06;TT;TODAS CONSOLIDADAS;01;1 ESTRELLA;AMAZONAS;010000;18;265;378;19,95;16,38;1,08;1,08;0;1728;1728;0;1858;1858;0;43
20260330;2024;06;TT;TODAS CONSOLIDADAS;01;1 ESTRELLA;ÁNCASH;020000;51;937;1505;24,71;19,56;1,14;1,14;2;7723;7693;30;8830;8770;60;143
20260330;2024;06;TT;TODAS CONSOLIDADAS;01;1 ESTRELLA;APURÍMAC;030000;7;176;265;33,03;32,4;1,09;1,09;1;2360;2356;4;2576;2572;4;22
20260330;2024;06;TT;TODAS CONSOLIDADAS;01;1 ESTRELLA;AREQUIPA;040000;58;998;1571;30,28;23,16;1,16;1,16;1,14;9417;9059;358;10917;10510;407;171
20260330;2024;06;TT;TODAS CONSOLIDADAS;01;1 ESTRELLA;AYACUCHO;050000;23;399;717;10,49;10,12;1,69;1,68;2,41;1288;1271;17;2176;2135;41;66
20260330;2024;06;TT;TODAS CONSOLIDADAS;01;1 ESTRELLA;CAJAMARCA;060000;28;541;898;21,36;14,09;1,29;1,3;1,17;2934;2905;29;3796;3762;34;102
20260330;2024;06;TT;TODAS CONSOLIDADAS;01;1 ESTRELLA;CALLAO;070000;8;159;301;38,91;43,54;1;1;0;4232;4232;0;4232;4232;0;25
20260330;2024;06;TT;TODAS CONSOLIDADAS;01;1 ESTRELLA;CUSCO;080000;29;543;901;21,73;19,71;1,08;1,07;2;4921;4879;42;5328;5244;84;79
20260330;2024;06;TT;TODAS CONSOLIDADAS;01;1 ESTRELLA;HUANCAVELICA;090000;2;66;94;18,89;13,51;1,02;1,02;0;373;373;0;381;381;0;5
20260330;2024;06;TT;TODAS CONSOLIDADAS;01;1 ESTRELLA;HUÁNUCO;100000;33;611;919;33,15;26,06;1,21;1,21;0;5937;5937;0;7185;7185;0;102
20260330;2024;06;TT;TODAS CONSOLIDADAS;01;1 ESTRELLA;ICA;110000;25;402;649;30,38;22,62;1;1;1;4404;4368;36;4404;4368;36;69
20260330;2024;06;TT;TODAS CONSOLIDADAS;01;1 ESTRELLA;JUNÍN;120000;17;391;769;18,27;12,91;1,27;1,27;1;2337;2335;2;2978;2976;2;51
20260330;2024;06;TT;TODAS CONSOLIDADAS;01;1 ESTRELLA;LA LIBERTAD;130000;30;472;831;25,79;21,69;1,39;1,39;1;3889;3880;9;5408;5399;9;79
20260330;2024;06;TT;TODAS CONSOLIDADAS;01;1 ESTRELLA;LAMBAYEQUE;140000;18;289;390;16,3;16,85;1,06;1,06;1;1856;1852;4;1971;1967;4;53
20260330;2024;06;TT;TODAS CONSOLIDADAS;01;1 ESTRELLA;LIMA;150000;89;2018;3575;34,77;27,54;1,21;1,21;1,38;30280;29686;593;36661;35841;821;402
20260330;2024;06;TT;TODAS CONSOLIDADAS;01;1 ESTRELLA;LORETO;160000;6;104;168;11,51;16,19;1,49;1,51;1,35;547;496;51;816;747;69;22
20260330;2024;06;TT;TODAS CONSOLIDADAS;01;1 ESTRELLA;MADRE DE DIOS;170000;7;198;359;15,98;13,54;1;1;1;1458;1343;115;1458;1343;115;25
20260330;2024;06;TT;TODAS CONSOLIDADAS;01;1 ESTRELLA;MOQUEGUA;180000;22;348;556;16,66;12,48;1,56;1,55;2;1337;1312;25;2082;2032;50;63
20260330;2024;06;TT;TODAS CONSOLIDADAS;01;1 ESTRELLA;PASCO;190000;28;558;847;25,57;21,05;1,18;1,18;1,16;4519;4487;32;5349;5312;37;88
20260330;2024;06;TT;TODAS CONSOLIDADAS;01;1 ESTRELLA;PIURA;200000;5;96;158;17,36;18,23;1,47;1,47;0;588;588;0;864;864;0;18
20260330;2024;06;TT;TODAS CONSOLIDADAS;01;1 ESTRELLA;PUNO;210000;36;562;989;17,75;15,18;1,17;1,17;1,18;3861;3762;99;4505;4388;117;87
20260330;2024;06;TT;TODAS CONSOLIDADAS;01;1 ESTRELLA;SAN MARTÍN;220000;8;170;257;23,31;23,27;1,38;1,38;1,13;1300;1292;8;1794;1785;9;35
20260330;2024;06;TT;TODAS CONSOLIDADAS;01;1 ESTRELLA;TACNA;230000;13;277;517;12,48;10,86;1,14;1,16;1,11;1474;959;515;1684;1114;570;40
20260330;2024;06;TT;TODAS CONSOLIDADAS;01;1 ESTRELLA;TUMBES;240000;2;47;100;0;0;0;0;0;0;0;0;0;0;0;0
20260330;2024;06;TT;TODAS CONSOLIDADAS;02;2 ESTRELLAS;AMAZONAS;010000;88;1852;2981;18,69;16,47;1,2;1,18;1,97;12278;12031;247;14729;14242;487;310
20260330;2024;06;TT;TODAS CONSOLIDADAS;02;2 ESTRELLAS;ÁNCASH;020000;188;3738;6682;26;22,23;1,21;1,21;1,55;36680;36291;389;44564;43962;602;612
20260330;2024;06;TT;TODAS CONSOLIDADAS;02;2 ESTRELLAS;APURÍMAC;030000;14;421;697;29,88;22,97;1,14;1,15;1;4197;4136;61;4802;4741;61;53
20260330;2024;06;TT;TODAS CONSOLIDADAS;02;2 ESTRELLAS;AREQUIPA;040000;173;3278;5823;26,73;22,05;1,41;1,42;1,36;27273;24716;2557;38517;35043;3474;573
20260330;2024;06;TT;TODAS CONSOLIDADAS;02;2 ESTRELLAS;AYACUCHO;050000;18;473;831;15,91;18,66;1,87;1,87;1,88;2484;2330;154;4652;4362;290;76
20260330;2024;06;TT;TODAS CONSOLIDADAS;02;2 ESTRELLAS;CAJAMARCA;060000;194;4072;6460;20,24;14,96;1,22;1,22;1,22;23804;23576;228;29002;28723;279;619
20260330;2024;06;TT;TODAS CONSOLIDADAS;02;2 ESTRELLAS;CALLAO;070000;7;287;520;28,2;25,64;1,04;1,03;1,1;3849;3494;355;4000;3608;392;43
20260330;2024;06;TT;TODAS CONSOLIDADAS;02;2 ESTRELLAS;CUSCO;080000;93;1953;3579;30,23;27,78;1,7;1,56;1,81;17545;8008;9537;29829;12530;17299;522
20260330;2024;06;TT;TODAS CONSOLIDADAS;02;2 ESTRELLAS;HUANCAVELICA;090000;3;84;151;30,67;25,32;1,52;1,52;1,5;754;750;4;1147;1141;6;12
20260330;2024;06;TT;TODAS CONSOLIDADAS;02;2 ESTRELLAS;HUÁNUCO;100000;80;1993;3171;35,48;27,45;1,32;1,31;1,79;19834;19761;73;26110;25979;131;359
20260330;2024;06;TT;TODAS CONSOLIDADAS;02;2 ESTRELLAS;ICA;110000;136;2809;4777;21,93;16,83;1,03;1,03;1,15;23407;22753;654;24112;23357;755;435
20260330;2024;06;TT;TODAS CONSOLIDADAS;02;2 ESTRELLAS;JUNÍN;120000;53;1282;2339;23,82;18,53;1,28;1,28;1,53;10155;9996;159;13001;12758;243;216
20260330;2024;06;TT;TODAS CONSOLIDADAS;02;2 ESTRELLAS;LA LIBERTAD;130000;143;2584;4590;20,76;18,51;1,19;1,18;1,63;21332;20680;652;25485;24419;1066;451
20260330;2024;06;TT;TODAS CONSOLIDADAS;02;2 ESTRELLAS;LAMBAYEQUE;140000;217;4247;6282;21,58;16,38;1,13;1,13;1,39;27218;26997;221;30861;30553;308;720
20260330;2024;06;TT;TODAS CONSOLIDADAS;02;2 ESTRELLAS;LIMA;150000;242;8386;15648;35,78;28,89;1,27;1,23;1,93;154826;146231;8595;195869;179285;16584;1984
20260330;2024;06;TT;TODAS CONSOLIDADAS;02;2 ESTRELLAS;LORETO;160000;17;357;582;12,21;10,72;1,51;1,5;1,65;1236;1109;127;1871;1661;210;71
20260330;2024;06;TT;TODAS CONSOLIDADAS;02;2 ESTRELLAS;MADRE DE DIOS;170000;13;334;542;35,46;30,31;1,41;1,33;2,67;3504;3305;199;4928;4396;532;63
20260330;2024;06;TT;TODAS CONSOLIDADAS;02;2 ESTRELLAS;MOQUEGUA;180000;87;1555;2546;20,69;15,74;1,45;1,45;1,44;8298;8036;262;12019;11642;377;293
20260330;2024;06;TT;TODAS CONSOLIDADAS;02;2 ESTRELLAS;PASCO;190000;21;458;877;23;16,01;1,27;1,27;1;3326;3324;2;4213;4211;2;73
20260330;2024;06;TT;TODAS CONSOLIDADAS;02;2 ESTRELLAS;PIURA;200000;41;910;1537;30,22;21,62;1,99;1,99;2,12;5001;4726;275;9970;9388;582;168
20260330;2024;06;TT;TODAS CONSOLIDADAS;02;2 ESTRELLAS;PUNO;210000;90;1634;3014;17,25;13,15;1,23;1,2;1,41;9693;8288;1405;11888;9906;1982;255
20260330;2024;06;TT;TODAS CONSOLIDADAS;02;2 ESTRELLAS;SAN MARTÍN;220000;50;1089;1831;39,53;32,76;1,85;1,84;1,97;9741;9496;245;17997;17515;482;211
20260330;2024;06;TT;TODAS CONSOLIDADAS;02;2 ESTRELLAS;TACNA;230000;59;1363;3122;30,85;14,2;1,79;1,75;1,83;7442;3732;3710;13298;6527;6771;258
20260330;2024;06;TT;TODAS CONSOLIDADAS;02;2 ESTRELLAS;TUMBES;240000;11;237;437;19,82;11,44;2,07;2,08;1,75;724;716;8;1500;1486;14;61
20260330;2024;06;TT;TODAS CONSOLIDADAS;02;2 ESTRELLAS;UCAYALI;250000;4;131;240;13,54;8,53;1,56;1,5;4,22;394;385;9;614;576;38;29
20260330;2024;06;TT;TODAS CONSOLIDADAS;03;3 ESTRELLAS;AMAZONAS;010000;28;589;1073;18,91;14,91;1,35;1,32;1,91;3543;3332;211;4798;4394;404;140
20260330;2024;06;TT;TODAS CONSOLIDADAS;03;3 ESTRELLAS;ÁNCASH;020000;64;1737;3156;25,99;20,25;1,56;1,5;1,98;12276;10790;1486;19174;16234;2940;400
20260330;2024;06;TT;TODAS CONSOLIDADAS;03;3 ESTRELLAS;APURÍMAC;030000;7;225;377;42,9;34,72;1,6;1,59;1,65;2456;2172;284;3927;3458;469;55
20260330;2024;06;TT;TODAS CONSOLIDADAS;03;3 ESTRELLAS;AREQUIPA;040000;116;2811;5246;33,35;28,1;1,82;1,96;1,66;24247;13305;10942;44228;26066;18162;770
20260330;2024;06;TT;TODAS CONSOLIDADAS;03;3 ESTRELLAS;AYACUCHO;050000;11;310;595;18,32;14,31;2,1;2,03;2,43;1218;1019;199;2554;2070;484;101
20260330;2024;06;TT;TODAS CONSOLIDADAS;03;3 ESTRELLAS;CAJAMARCA;060000;123;2965;4977;19,33;13,73;1,38;1,38;1,51;14815;14485;330;20504;20007;497;608
20260330;2024;06;TT;TODAS CONSOLIDADAS;03;3 ESTRELLAS;CALLAO;070000;4;233;391;33,98;33,19;1,41;1,32;1,53;2760;1619;1141;3893;2143;1750;56
20260330;2024;06;TT;TODAS CONSOLIDADAS;03;3 ESTRELLAS;CUSCO;080000;110;3590;7048;51,16;45,51;1,75;1,71;1,76;55044;9910;45134;96235;16926;79309;1153
20260330;2024;06;TT;TODAS CONSOLIDADAS;03;3 ESTRELLAS;HUANCAVELICA;090000;2;65;108;9,59;6,91;1,43;1,42;2;157;154;3;224;218;6;10
20260330;2024;06;TT;TODAS CONSOLIDADAS;03;3 ESTRELLAS;HUÁNUCO;100000;19;679;1214;31,85;27,34;1,65;1,64;1,78;6044;5863;181;9959;9636;323;148
20260330;2024;06;TT;TODAS CONSOLIDADAS;03;3 ESTRELLAS;ICA;110000;113;3071;5898;32,97;22,61;1,39;1,43;1,31;28838;19067;9771;40002;27238;12764;686
20260330;2024;06;TT;TODAS CONSOLIDADAS;03;3 ESTRELLAS;JUNÍN;120000;23;822;1542;18,4;13,37;1,59;1,58;2,18;3888;3808;80;6186;6012;174;226
20260330;2024;06;TT;TODAS CONSOLIDADAS;03;3 ESTRELLAS;LA LIBERTAD;130000;124;3127;6010;29,7;23,83;1,48;1,45;2,06;29005;27595;1410;42964;40060;2904;721
20260330;2024;06;TT;TODAS CONSOLIDADAS;03;3 ESTRELLAS;LAMBAYEQUE;140000;60;1510;2466;27,19;21,72;1,45;1,44;1,79;11074;10638;436;16068;15286;782;333
20260330;2024;06;TT;TODAS CONSOLIDADAS;03;3 ESTRELLAS;LIMA;150000;190;9000;17193;45,03;37,73;1,72;1,45;2,07;113020;63306;49714;194611;91547;103064;2451
20260330;2024;06;TT;TODAS CONSOLIDADAS;03;3 ESTRELLAS;LORETO;160000;36;940;1613;34;30,6;2,37;2,35;2,45;6245;4763;1482;14806;11172;3634;267
20260330;2024;06;TT;TODAS CONSOLIDADAS;03;3 ESTRELLAS;MADRE DE DIOS;170000;6;224;405;23,99;24,4;1,48;1,58;1,24;1998;1459;539;2965;2298;667;61
20260330;2024;06;TT;TODAS CONSOLIDADAS;03;3 ESTRELLAS;MOQUEGUA;180000;19;549;941;26,27;17,13;1,55;1,55;1,54;3118;2882;236;4836;4473;363;108
20260330;2024;06;TT;TODAS CONSOLIDADAS;03;3 ESTRELLAS;PASCO;190000;9;180;325;15,59;19,96;1,37;1,34;2,75;1419;1391;28;1946;1869;77;28
20260330;2024;06;TT;TODAS CONSOLIDADAS;03;3 ESTRELLAS;PIURA;200000;22;752;1261;42,05;31,21;2;1,87;2,76;5916;5061;855;11805;9448;2357;239
20260330;2024;06;TT;TODAS CONSOLIDADAS;03;3 ESTRELLAS;PUNO;210000;39;1088;2047;35,31;29,72;1,56;1,6;1,54;11709;3934;7775;18248;6276;11972;229
20260330;2024;06;TT;TODAS CONSOLIDADAS;03;3 ESTRELLAS;SAN MARTÍN;220000;31;996;1810;36,19;30,58;1,85;1,82;2,5;8971;8622;349;16606;15735;871;249
20260330;2024;06;TT;TODAS CONSOLIDADAS;03;3 ESTRELLAS;TACNA;230000;14;475;1041;30,68;23,76;1,82;1,73;1,89;4082;1851;2231;7421;3200;4221;121
20260330;2024;06;TT;TODAS CONSOLIDADAS;03;3 ESTRELLAS;TUMBES;240000;15;382;783;23,96;23,27;2,71;2,69;2,77;2018;1527;491;5466;4106;1360;138
20260330;2024;06;TT;TODAS CONSOLIDADAS;03;3 ESTRELLAS;UCAYALI;250000;16;570;937;35,79;30,09;2,43;2,21;4,39;3484;3136;348;8457;6928;1529;135
20260330;2024;06;TT;TODAS CONSOLIDADAS;04;4 ESTRELLAS;APURÍMAC;030000;1;32;56;34,69;19,82;1,82;1,77;2,17;183;159;24;333;281;52;14
20260330;2024;06;TT;TODAS CONSOLIDADAS;04;4 ESTRELLAS;AREQUIPA;040000;12;577;1073;41,53;36,32;1,88;2,01;1,78;6235;2567;3668;11691;5160;6531;256
20260330;2024;06;TT;TODAS CONSOLIDADAS;04;4 ESTRELLAS;CAJAMARCA;060000;4;214;379;49,69;44;2;1,94;2,41;2506;2209;297;5003;4286;717;154
20260330;2024;06;TT;TODAS CONSOLIDADAS;04;4 ESTRELLAS;CALLAO;070000;2;371;599;95,94;92,72;1,32;1,18;1,34;12635;1315;11320;16662;1547;15115;130
20260330;2024;06;TT;TODAS CONSOLIDADAS;04;4 ESTRELLAS;CUSCO;080000;21;1609;3164;75,88;71,42;1,77;1,63;1,79;38202;3540;34662;67794;5765;62029;982
20260330;2024;06;TT;TODAS CONSOLIDADAS;04;4 ESTRELLAS;HUÁNUCO;100000;1;60;101;38,83;30,86;1,67;1,66;1,92;560;534;26;935;885;50;30
20260330;2024;06;TT;TODAS CONSOLIDADAS;04;4 ESTRELLAS;ICA;110000;8;814;1731;25,86;25,31;1,57;1,73;1,36;8358;4840;3518;13141;8360;4781;382
20260330;2024;06;TT;TODAS CONSOLIDADAS;04;4 ESTRELLAS;JUNÍN;120000;1;40;82;50,75;29,02;1,09;1,09;1,67;653;647;6;714;704;10;19
20260330;2024;06;TT;TODAS CONSOLIDADAS;04;4 ESTRELLAS;LA LIBERTAD;130000;4;318;546;46,17;43,92;2,01;1,93;2,29;3584;2787;797;7194;5372;1822;127
20260330;2024;06;TT;TODAS CONSOLIDADAS;04;4 ESTRELLAS;LAMBAYEQUE;140000;5;359;663;59,92;46,85;1,61;1,51;2,16;5803;4949;854;9319;7475;1844;270
20260330;2024;06;TT;TODAS CONSOLIDADAS;04;4 ESTRELLAS;LIMA;150000;52;4947;9125;52,99;50,58;2,16;1,76;2,4;63976;23776;40200;138468;41803;96665;2055
20260330;2024;06;TT;TODAS CONSOLIDADAS;04;4 ESTRELLAS;LORETO;160000;4;149;226;38,48;37,58;1,72;1,74;1,69;1480;965;515;2548;1680;868;69
20260330;2024;06;TT;TODAS CONSOLIDADAS;04;4 ESTRELLAS;MOQUEGUA;180000;2;123;234;51,14;68,08;7,39;8,16;2,36;647;561;86;4779;4576;203;60
20260330;2024;06;TT;TODAS CONSOLIDADAS;04;4 ESTRELLAS;PIURA;200000;4;393;744;38,41;28,8;2,16;2,04;2,67;2980;2417;563;6428;4924;1504;140
20260330;2024;06;TT;TODAS CONSOLIDADAS;04;4 ESTRELLAS;PUNO;210000;8;508;961;42,56;39,45;1,78;1,78;1,78;6377;881;5496;11372;1565;9807;196
20260330;2024;06;TT;TODAS CONSOLIDADAS;04;4 ESTRELLAS;SAN MARTÍN;220000;2;82;138;37,2;35,53;2,01;2,02;1,97;732;634;98;1471;1278;193;38
20260330;2024;06;TT;TODAS CONSOLIDADAS;04;4 ESTRELLAS;TACNA;230000;3;275;541;32,85;27,7;1,52;1,58;1,48;2950;1230;1720;4496;1948;2548;98
20260330;2024;06;TT;TODAS CONSOLIDADAS;04;4 ESTRELLAS;TUMBES;240000;6;667;1621;40,76;39;2,48;2,41;2,67;7638;5465;2173;18968;13175;5793;564
20260330;2024;06;TT;TODAS CONSOLIDADAS;04;4 ESTRELLAS;UCAYALI;250000;5;288;513;41,4;34,95;2,12;2,07;2,44;2537;2190;347;5379;4533;846;120
20260330;2024;06;TT;TODAS CONSOLIDADAS;05;5 ESTRELLAS;AREQUIPA;040000;3;241;352;48,15;49,95;2,12;1,96;2,28;2493;1298;1195;5275;2545;2730;184
20260330;2024;06;TT;TODAS CONSOLIDADAS;05;5 ESTRELLAS;CUSCO;080000;15;1283;2519;66,55;60,91;1,67;1,88;1,66;27483;2000;25483;46031;3762;42269;1231
20260330;2024;06;TT;TODAS CONSOLIDADAS;05;5 ESTRELLAS;ICA;110000;5;488;1177;31,13;29,9;1,72;1,73;1,7;6149;3908;2241;10559;6751;3808;529
20260330;2024;06;TT;TODAS CONSOLIDADAS;05;5 ESTRELLAS;LA LIBERTAD;130000;2;267;450;45,22;37,67;1,86;1,75;2,34;2736;2246;490;5086;3937;1149;186
20260330;2024;06;TT;TODAS CONSOLIDADAS;05;5 ESTRELLAS;LIMA;150000;31;5057;8811;55,32;43,68;2,45;1,78;2,62;47218;9715;37503;115465;17287;98178;3468
20260330;2024;06;TT;TODAS CONSOLIDADAS;05;5 ESTRELLAS;LORETO;160000;1;60;89;69,78;74,42;2,03;1,72;2,18;980;325;655;1987;560;1427;54
20260330;2024;06;TT;TODAS CONSOLIDADAS;05;5 ESTRELLAS;PIURA;200000;1;83;166;65,62;45,86;2;1,8;2,45;1140;777;363;2284;1396;888;82
20260330;2024;06;TT;TODAS CONSOLIDADAS;05;5 ESTRELLAS;PUNO;210000;1;123;231;41,19;57,55;1,45;1,66;1,44;2742;229;2513;3988;380;3608;29
20260330;2024;06;TT;TODAS CONSOLIDADAS;05;5 ESTRELLAS;SAN MARTÍN;220000;1;50;108;26,73;31,51;1,62;1,6;2,06;630;597;33;1021;953;68;63
20260330;2024;06;TT;TODAS CONSOLIDADAS;05;5 ESTRELLAS;UCAYALI;250000;2;162;300;43,29;34,16;2,28;2,23;2,7;1351;1211;140;3074;2696;378;73
20260330;2024;06;TT;TODAS CONSOLIDADAS;12;ALBERGUE;AMAZONAS;010000;1;6;11;0;0;0;0;0;0;0;0;0;0;0;0
20260330;2024;06;TT;TODAS CONSOLIDADAS;12;ALBERGUE;ÁNCASH;020000;7;68;149;28,19;15,86;2,11;1,95;2,47;336;233;103;709;455;254;16
20260330;2024;06;TT;TODAS CONSOLIDADAS;12;ALBERGUE;AREQUIPA;040000;10;149;344;33,29;30,2;1,38;1,48;1,32;2261;799;1462;3117;1181;1936;113
20260330;2024;06;TT;TODAS CONSOLIDADAS;12;ALBERGUE;AYACUCHO;050000;1;10;20;0;0;0;0;0;0;0;0;0;0;0;0
20260330;2024;06;TT;TODAS CONSOLIDADAS;12;ALBERGUE;CAJAMARCA;060000;1;11;22;0;0;0;0;0;0;0;0;0;0;0;0
20260330;2024;06;TT;TODAS CONSOLIDADAS;12;ALBERGUE;CUSCO;080000;16;372;657;41,22;37,83;1,52;1,63;1,52;4891;99;4792;7456;161;7295;159
20260330;2024;06;TT;TODAS CONSOLIDADAS;12;ALBERGUE;HUANCAVELICA;090000;1;14;47;35,95;23,26;2,73;2,73;0;120;120;0;328;328;0;17
20260330;2024;06;TT;TODAS CONSOLIDADAS;12;ALBERGUE;HUÁNUCO;100000;7;92;128;0;0;0;0;0;0;0;0;0;0;0;0
20260330;2024;06;TT;TODAS CONSOLIDADAS;12;ALBERGUE;ICA;110000;5;47;177;30;23,28;1,23;1,25;1,21;1007;507;500;1236;633;603;15
20260330;2024;06;TT;TODAS CONSOLIDADAS;12;ALBERGUE;JUNÍN;120000;1;32;104;26,35;19,26;1,78;1,75;2,24;338;321;17;601;563;38;19
20260330;2024;06;TT;TODAS CONSOLIDADAS;12;ALBERGUE;LA LIBERTAD;130000;1;15;27;49,56;38,52;2,03;2,05;1,5;154;148;6;312;303;9;4
20260330;2024;06;TT;TODAS CONSOLIDADAS;12;ALBERGUE;LIMA;150000;8;136;528;12,52;11,11;3,13;3,13;0;563;563;0;1760;1760;0;25
20260330;2024;06;TT;TODAS CONSOLIDADAS;12;ALBERGUE;LORETO;160000;61;867;1727;21,25;21,58;1,94;1,5;2,1;5764;1549;4215;11180;2328;8852;303
20260330;2024;06;TT;TODAS CONSOLIDADAS;12;ALBERGUE;MADRE DE DIOS;170000;15;333;693;26,52;32,29;2,57;2,01;2,61;2611;167;2444;6713;335;6378;212
20260330;2024;06;TT;TODAS CONSOLIDADAS;12;ALBERGUE;PASCO;190000;23;288;781;13,8;12,07;1,45;1,44;1,94;1948;1900;48;2828;2735;93;62
20260330;2024;06;TT;TODAS CONSOLIDADAS;12;ALBERGUE;PUNO;210000;1;13;35;0;0;0;0;0;0;0;0;0;0;0;0
20260330;2024;06;TT;TODAS CONSOLIDADAS;12;ALBERGUE;SAN MARTÍN;220000;11;159;352;27,3;24,36;2,29;2,19;2,72;1123;915;208;2572;2007;565;52
20260330;2024;06;TT;TODAS CONSOLIDADAS;12;ALBERGUE;UCAYALI;250000;5;52;146;12,18;7,05;1,35;1,3;1,44;229;151;78;309;197;112;30
20260330;2024;06;TT;TODAS CONSOLIDADAS;13;ECOLODGE;AREQUIPA;040000;1;23;51;15,22;14,25;1,2;1,52;1,16;182;21;161;218;32;186;7
20260330;2024;06;TT;TODAS CONSOLIDADAS;TT;TODAS CONSOLIDADAS;AMAZONAS;010000;441;5571;8952;13,98;11,43;1,25;1,23;1,61;27587;26391;1196;34111;32060;2051;1020
20260330;2024;06;TT;TODAS CONSOLIDADAS;TT;TODAS CONSOLIDADAS;ÁNCASH;020000;1052;12959;22455;18,08;15,54;1,24;1,22;1,54;92574;87702;4872;116588;108554;8035;1916
20260330;2024;06;TT;TODAS CONSOLIDADAS;TT;TODAS CONSOLIDADAS;APURÍMAC;030000;537;5362;8461;18,89;13,69;1,16;1,16;1,73;32847;32289;558;38934;38023;911;591
20260330;2024;06;TT;TODAS CONSOLIDADAS;TT;TODAS CONSOLIDADAS;AREQUIPA;040000;1650;18963;32878;20,52;17,3;1,47;1,44;1,57;129144;94383;34761;197171;140528;56643;3355
20260330;2024;06;TT;TODAS CONSOLIDADAS;TT;TODAS CONSOLIDADAS;AYACUCHO;050000;659;6845;11323;12,24;10,71;1,24;1,24;1,34;29127;28441;686;38101;36886;1215;926
20260330;2024;06;TT;TODAS CONSOLIDADAS;TT;TODAS CONSOLIDADAS;CAJAMARCA;060000;1089;14284;23081;15,63;11,69;1,22;1,22;1,36;70755;69794;961;90104;88471;1633;2197
20260330;2024;06;TT;TODAS CONSOLIDADAS;TT;TODAS CONSOLIDADAS;CALLAO;070000;292;4783;8798;39,99;38,04;1,02;1,02;1,11;159965;144761;15205;167161;147181;19980;1357
20260330;2024;06;TT;TODAS CONSOLIDADAS;TT;TODAS CONSOLIDADAS;CUSCO;080000;2279;28337;51726;37;33,01;1,96;2,05;1,92;310523;93445;217078;578790;181892;396898;7798
20260330;2024;06;TT;TODAS CONSOLIDADAS;TT;TODAS CONSOLIDADAS;HUANCAVELICA;090000;247;2768;4265;15,41;12,58;1,09;1,09;1,23;14766;14688;78;16481;16381;100;318
20260330;2024;06;TT;TODAS CONSOLIDADAS;TT;TODAS CONSOLIDADAS;HUÁNUCO;100000;640;8732;13492;20,21;16,3;1,2;1,2;1,74;60013;59675;338;76790;76178;612;1297
20260330;2024;06;TT;TODAS CONSOLIDADAS;TT;TODAS CONSOLIDADAS;ICA;110000;1085;15616;27846;21,71;14,51;1,19;1,19;1,18;114628;91118;23510;143635;113003;30632;3547
20260330;2024;06;TT;TODAS CONSOLIDADAS;TT;TODAS CONSOLIDADAS;JUNÍN;120000;1610;17756;29490;22,2;16,58;1,18;1,18;1,69;122200;120990;1210;146210;144134;2076;3270
20260330;2024;06;TT;TODAS CONSOLIDADAS;TT;TODAS CONSOLIDADAS;LA LIBERTAD;130000;1308;14221;24904;14,7;13,1;1,13;1,12;1,46;97632;92871;4761;125876;116996;8880;2109
20260330;2024;06;TT;TODAS CONSOLIDADAS;TT;TODAS CONSOLIDADAS;LAMBAYEQUE;140000;752;10880;16292;18,33;14,65;1,12;1,12;1,29;68549;66600;1949;82429;78984;3445;1928
20260330;2024;06;TT;TODAS CONSOLIDADAS;TT;TODAS CONSOLIDADAS;LIMA;150000;7750;84913;149801;22,81;21,14;1,11;1,1;1,16;2685208;2499338;185870;3119233;2750035;369198;43677
20260330;2024;06;TT;TODAS CONSOLIDADAS;TT;TODAS CONSOLIDADAS;LORETO;160000;922;9309;15088;14,11;12,67;1,58;1,49;1,7;39522;24262;15260;68441;39882;28559;1511
20260330;2024;06;TT;TODAS CONSOLIDADAS;TT;TODAS CONSOLIDADAS;MADRE DE DIOS;170000;387;5671;9533;23,88;20,48;1,33;1,23;1,74;44521;35862;8659;60531;43769;16762;1187
20260330;2024;06;TT;TODAS CONSOLIDADAS;TT;TODAS CONSOLIDADAS;MOQUEGUA;180000;299;4289;7222;18,05;13,6;1,38;1,38;1,32;21777;21072;705;33964;32862;1102;759
20260330;2024;06;TT;TODAS CONSOLIDADAS;TT;TODAS CONSOLIDADAS;PASCO;190000;464;5561;9360;18,85;15,51;1,24;1,24;1,36;35391;35219;172;44072;43781;291;1001
20260330;2024;06;TT;TODAS CONSOLIDADAS;TT;TODAS CONSOLIDADAS;PIURA;200000;1238;12849;22991;23,55;15,77;1,49;1,41;1,97;75152;64108;11044;118519;95617;22902;2751
20260330;2024;06;TT;TODAS CONSOLIDADAS;TT;TODAS CONSOLIDADAS;PUNO;210000;1017;11363;19782;21,34;18,14;1,21;1,21;1,25;91328;71106;20222;117662;86598;31064;2153
20260330;2024;06;TT;TODAS CONSOLIDADAS;TT;TODAS CONSOLIDADAS;SAN MARTÍN;220000;982;11782;18973;24,79;20,31;1,34;1,33;1,76;87263;84740;2523;124493;119592;4901;1807
20260330;2024;06;TT;TODAS CONSOLIDADAS;TT;TODAS CONSOLIDADAS;TACNA;230000;519;6394;12400;13,88;10,32;1,3;1,25;1,38;32257;18443;13814;46741;25229;21512;982
20260330;2024;06;TT;TODAS CONSOLIDADAS;TT;TODAS CONSOLIDADAS;TUMBES;240000;284;3759;7565;14,52;11,52;1,63;1,6;2,06;19623;16391;3232;40161;31855;8306;1102
20260330;2024;06;TT;TODAS CONSOLIDADAS;TT;TODAS CONSOLIDADAS;UCAYALI;250000;579;6630;10501;28,81;28,47;3,5;3,52;2,21;28115;26733;1382;89818;85933;3885;1365
20260330;2024;07;00;NO CLASIFICADO;00;NO CATEGORIZADO;SAN MARTÍN;220000;875;9210;14499;25,55;21,71;1,28;1,28;1,5;76272;74905;1367;97559;95506;2053;1138
20260330;2024;07;00;NO CLASIFICADO;00;NO CATEGORIZADO;AMAZONAS;010000;311;2936;4623;16,96;14,03;1,35;1,34;1,53;14899;14137;762;20104;18937;1167;538
20260330;2024;07;00;NO CLASIFICADO;00;NO CATEGORIZADO;ÁNCASH;020000;740;6447;10917;17,26;15,61;1,28;1,23;1,67;41465;37637;3828;52870;46459;6412;739
20260330;2024;07;00;NO CLASIFICADO;00;NO CATEGORIZADO;APURÍMAC;030000;506;4499;7056;20,42;14,75;1,15;1,15;1,73;27974;27660;314;32257;31714;543;438
20260330;2024;07;00;NO CLASIFICADO;00;NO CATEGORIZADO;AREQUIPA;040000;1278;10891;18429;19,81;18,06;1,49;1,43;1,61;69459;47944;21515;103194;68644;34550;1289
20260330;2024;07;00;NO CLASIFICADO;00;NO CATEGORIZADO;AYACUCHO;050000;604;5635;9126;17,71;13,53;1,25;1,25;1,4;30574;30031;543;38269;37507;762;681
20260330;2024;07;00;NO CLASIFICADO;00;NO CATEGORIZADO;CAJAMARCA;060000;737;6479;10376;14,56;11,06;1,24;1,23;1,43;28802;28660;142;35583;35380;203;714
20260330;2024;07;00;NO CLASIFICADO;00;NO CATEGORIZADO;CALLAO;070000;271;3733;6987;44,98;42,85;1;1;1,03;161050;159001;2048;161844;159732;2111;1122
20260330;2024;07;00;NO CLASIFICADO;00;NO CATEGORIZADO;CUSCO;080000;1993;18967;33782;31,86;29,24;1,77;1,5;1,97;173071;73987;99084;306259;111142;195117;3649
20260330;2024;07;00;NO CLASIFICADO;00;NO CATEGORIZADO;HUANCAVELICA;090000;239;2539;3865;17,33;13,93;1,11;1,11;1,42;15014;14957;57;16696;16615;81;280
20260330;2024;07;00;NO CLASIFICADO;00;NO CATEGORIZADO;HUÁNUCO;100000;499;5291;7959;16,96;13,86;1,15;1,15;1,34;29767;29732;35;34193;34146;47;654
20260330;2024;07;00;NO CLASIFICADO;00;NO CATEGORIZADO;ICA;110000;792;7974;13401;23,64;17,06;1,29;1,32;1,16;54798;44300;10498;70859;58676;12183;1444
20260330;2024;07;00;NO CLASIFICADO;00;NO CATEGORIZADO;JUNÍN;120000;1521;15282;24873;26,81;21,73;1,19;1,19;1,7;140533;139463;1070;167588;165768;1820;2770
20260330;2024;07;00;NO CLASIFICADO;00;NO CATEGORIZADO;LA LIBERTAD;130000;1005;7442;12459;11,26;10,32;1,03;1,03;1,07;38636;37904;732;39863;39083;780;544
20260330;2024;07;00;NO CLASIFICADO;00;NO CATEGORIZADO;LAMBAYEQUE;140000;453;4489;6518;16,15;13,26;1,1;1,1;1,15;24361;23895;466;26797;26262;535;548
20260330;2024;07;00;NO CLASIFICADO;00;NO CATEGORIZADO;LIMA;150000;7140;55459;95101;22,52;21,15;1,06;1,06;1,09;2537660;2492092;45568;2681447;2631641;49806;33726
20260330;2024;07;00;NO CLASIFICADO;00;NO CATEGORIZADO;LORETO;160000;794;6808;10629;11,74;9,75;1,77;1,62;2;18130;10846;7284;32113;17574;14539;725
20260330;2024;07;00;NO CLASIFICADO;00;NO CATEGORIZADO;MADRE DE DIOS;170000;346;4586;7620;27,8;21,83;1,3;1,18;2,03;39559;33814;5745;51574;39935;11639;842
20260330;2024;07;00;NO CLASIFICADO;00;NO CATEGORIZADO;MOQUEGUA;180000;165;1637;2817;17,47;15,34;1,39;1,4;1,16;9607;9528;79;13393;13301;92;216
20260330;2024;07;00;NO CLASIFICADO;00;NO CATEGORIZADO;PASCO;190000;385;4071;6544;22,07;18,11;1,2;1,19;1,73;30723;30625;98;36735;36565;170;742
20260330;2024;07;00;NO CLASIFICADO;00;NO CATEGORIZADO;PIURA;200000;1163;10615;19131;32,66;25,07;1,7;1,56;2,44;87318;73394;13924;148697;114691;34006;2091
20260330;2024;07;00;NO CLASIFICADO;00;NO CATEGORIZADO;PUNO;210000;840;7402;12457;22,72;19,56;1,18;1,18;1,19;64034;59447;4587;75517;70073;5444;1349
20260330;2024;07;00;NO CLASIFICADO;TT;TODAS CONSOLIDADAS;AMAZONAS;010000;311;2936;4623;16,96;14,03;1,35;1,34;1,53;14899;14137;762;20104;18937;1167;538
20260330;2024;07;00;NO CLASIFICADO;TT;TODAS CONSOLIDADAS;ÁNCASH;020000;740;6447;10917;17,26;15,61;1,28;1,23;1,67;41465;37637;3828;52870;46459;6412;739
20260330;2024;07;00;NO CLASIFICADO;TT;TODAS CONSOLIDADAS;APURÍMAC;030000;506;4499;7056;20,42;14,75;1,15;1,15;1,73;27974;27660;314;32257;31714;543;438
20260330;2024;07;00;NO CLASIFICADO;TT;TODAS CONSOLIDADAS;AREQUIPA;040000;1278;10891;18429;19,81;18,06;1,49;1,43;1,61;69459;47944;21515;103194;68644;34550;1289
20260330;2024;07;00;NO CLASIFICADO;TT;TODAS CONSOLIDADAS;AYACUCHO;050000;604;5635;9126;17,71;13,53;1,25;1,25;1,4;30574;30031;543;38269;37507;762;681
20260330;2024;07;00;NO CLASIFICADO;TT;TODAS CONSOLIDADAS;CAJAMARCA;060000;737;6479;10376;14,56;11,06;1,24;1,23;1,43;28802;28660;142;35583;35380;203;714
20260330;2024;07;00;NO CLASIFICADO;TT;TODAS CONSOLIDADAS;CALLAO;070000;271;3733;6987;44,98;42,85;1;1;1,03;161050;159001;2048;161844;159732;2111;1122
20260330;2024;07;00;NO CLASIFICADO;TT;TODAS CONSOLIDADAS;CUSCO;080000;1993;18967;33782;31,86;29,24;1,77;1,5;1,97;173071;73987;99084;306259;111142;195117;3649
20260330;2024;07;00;NO CLASIFICADO;TT;TODAS CONSOLIDADAS;HUANCAVELICA;090000;239;2539;3865;17,33;13,93;1,11;1,11;1,42;15014;14957;57;16696;16615;81;280
20260330;2024;07;00;NO CLASIFICADO;TT;TODAS CONSOLIDADAS;HUÁNUCO;100000;499;5291;7959;16,96;13,86;1,15;1,15;1,34;29767;29732;35;34193;34146;47;654
20260330;2024;07;00;NO CLASIFICADO;TT;TODAS CONSOLIDADAS;ICA;110000;792;7974;13401;23,64;17,06;1,29;1,32;1,16;54798;44300;10498;70859;58676;12183;1444
20260330;2024;07;00;NO CLASIFICADO;TT;TODAS CONSOLIDADAS;JUNÍN;120000;1521;15282;24873;26,81;21,73;1,19;1,19;1,7;140533;139463;1070;167588;165768;1820;2770
20260330;2024;07;00;NO CLASIFICADO;TT;TODAS CONSOLIDADAS;LA LIBERTAD;130000;1005;7442;12459;11,26;10,32;1,03;1,03;1,07;38636;37904;732;39863;39083;780;544
20260330;2024;07;00;NO CLASIFICADO;TT;TODAS CONSOLIDADAS;LAMBAYEQUE;140000;453;4489;6518;16,15;13,26;1,1;1,1;1,15;24361;23895;466;26797;26262;535;548
20260330;2024;07;00;NO CLASIFICADO;TT;TODAS CONSOLIDADAS;LIMA;150000;7140;55459;95101;22,52;21,15;1,06;1,06;1,09;2537660;2492092;45568;2681447;2631641;49806;33726
20260330;2024;07;00;NO CLASIFICADO;TT;TODAS CONSOLIDADAS;LORETO;160000;794;6808;10629;11,74;9,75;1,77;1,62;2;18130;10846;7284;32113;17574;14539;725
20260330;2024;07;00;NO CLASIFICADO;TT;TODAS CONSOLIDADAS;MADRE DE DIOS;170000;346;4586;7620;27,8;21,83;1,3;1,18;2,03;39559;33814;5745;51574;39935;11639;842
20260330;2024;07;00;NO CLASIFICADO;TT;TODAS CONSOLIDADAS;MOQUEGUA;180000;165;1637;2817;17,47;15,34;1,39;1,4;1,16;9607;9528;79;13393;13301;92;216
20260330;2024;07;00;NO CLASIFICADO;TT;TODAS CONSOLIDADAS;PASCO;190000;385;4071;6544;22,07;18,11;1,2;1,19;1,73;30723;30625;98;36735;36565;170;742
20260330;2024;07;00;NO CLASIFICADO;TT;TODAS CONSOLIDADAS;PIURA;200000;1163;10615;19131;32,66;25,07;1,7;1,56;2,44;87318;73394;13924;148697;114691;34006;2091
20260330;2024;07;00;NO CLASIFICADO;TT;TODAS CONSOLIDADAS;PUNO;210000;840;7402;12457;22,72;19,56;1,18;1,18;1,19;64034;59447;4587;75517;70073;5444;1349
20260330;2024;07;01;HOTEL;01;1 ESTRELLA;AMAZONAS;010000;1;20;24;0;0;0;0;0;0;0;0;0;0;0;0
20260330;2024;07;01;HOTEL;01;1 ESTRELLA;ÁNCASH;020000;13;380;585;42,32;33,01;1,13;1,13;0;5283;5283;0;5987;5987;0;49
20260330;2024;07;01;HOTEL;01;1 ESTRELLA;APURÍMAC;030000;2;67;99;43,48;39,72;1,07;1,07;0;1139;1139;0;1219;1219;0;9
20260330;2024;07;01;HOTEL;01;1 ESTRELLA;AREQUIPA;040000;7;239;401;27,32;24,57;1,09;1,09;1,46;2803;2775;28;3054;3013;41;40
20260330;2024;07;01;HOTEL;01;1 ESTRELLA;AYACUCHO;050000;8;200;353;15,24;13,73;1,92;1,93;1,38;782;774;8;1503;1492;11;35
20260330;2024;07;01;HOTEL;01;1 ESTRELLA;CAJAMARCA;060000;6;153;277;14;12,11;1,38;1,38;0;755;755;0;1040;1040;0;25
20260330;2024;07;01;HOTEL;01;1 ESTRELLA;CUSCO;080000;4;118;193;29,17;31,34;1,52;1,52;0;1230;1230;0;1875;1875;0;19
20260330;2024;07;01;HOTEL;01;1 ESTRELLA;HUÁNUCO;100000;8;241;369;40,42;32,21;1,06;1,06;0;3466;3466;0;3684;3684;0;34
20260330;2024;07;01;HOTEL;01;1 ESTRELLA;ICA;110000;7;180;313;16,72;12,05;1;1;1;1169;1093;76;1169;1093;76;25
20260330;2024;07;01;HOTEL;01;1 ESTRELLA;JUNÍN;120000;5;221;475;18,11;12,5;1,44;1,44;1;1282;1281;1;1840;1839;1;22
20260330;2024;07;01;HOTEL;01;1 ESTRELLA;LA LIBERTAD;130000;5;130;223;21,71;18,44;1;1;1;1275;1271;4;1275;1271;4;21
20260330;2024;07;01;HOTEL;01;1 ESTRELLA;LAMBAYEQUE;140000;3;83;90;1,55;1,25;1;1;0;35;35;0;35;35;0;14
20260330;2024;07;01;HOTEL;01;1 ESTRELLA;LIMA;150000;12;428;752;36,23;35,74;1,07;1,07;1,22;7608;7581;27;8109;8076;33;63
20260330;2024;07;01;HOTEL;01;1 ESTRELLA;MOQUEGUA;180000;2;64;84;22,63;18,86;1,02;1,02;1;482;458;24;491;467;24;8
20260330;2024;07;01;HOTEL;01;1 ESTRELLA;PASCO;190000;6;176;274;19,23;14,86;1,14;1,14;0;1108;1108;0;1262;1262;0;28
20260330;2024;07;01;HOTEL;01;1 ESTRELLA;PIURA;200000;2;40;77;5;19,23;1,14;1,14;0;403;403;0;459;459;0;6
20260330;2024;07;01;HOTEL;01;1 ESTRELLA;PUNO;210000;4;102;181;18,69;18,3;1,22;1,23;1,05;840;819;21;1027;1005;22;15
20260330;2024;07;01;HOTEL;01;1 ESTRELLA;SAN MARTÍN;220000;7;150;223;38,17;37,13;1,25;1,25;0;2051;2051;0;2567;2567;0;27
20260330;2024;07;01;HOTEL;02;2 ESTRELLAS;AMAZONAS;010000;35;953;1562;24,55;21,8;1,34;1,34;1,93;7858;7785;73;10558;10417;141;153
20260330;2024;07;01;HOTEL;02;2 ESTRELLAS;ÁNCASH;020000;61;1624;2985;24,2;18,71;1,56;1,56;1,6;11101;10466;635;17314;16299;1015;250
20260330;2024;07;01;HOTEL;02;2 ESTRELLAS;APURÍMAC;030000;7;278;476;30,91;21,54;1,15;1,15;1,25;2772;2764;8;3178;3168;10;28
20260330;2024;07;01;HOTEL;02;2 ESTRELLAS;AREQUIPA;040000;41;1147;2015;21,37;18,62;1,42;1,42;1,44;8166;7109;1057;11633;10111;1522;191
20260330;2024;07;01;HOTEL;02;2 ESTRELLAS;AYACUCHO;050000;8;328;569;22,04;20,87;1,91;1,89;2,4;1925;1844;81;3682;3488;194;45
20260330;2024;07;01;HOTEL;02;2 ESTRELLAS;CAJAMARCA;060000;65;1783;2829;26,92;19,98;1,22;1,21;1,7;14389;14213;176;17520;17221;299;258
20260330;2024;07;01;HOTEL;02;2 ESTRELLAS;CALLAO;070000;1;40;67;23,79;26;1,13;1,05;1,15;478;106;372;540;111;429;6
20260330;2024;07;01;HOTEL;02;2 ESTRELLAS;CUSCO;080000;48;1205;2246;28,95;29,97;1,73;1,45;1,93;12087;5176;6911;20868;7530;13338;394
20260330;2024;07;01;HOTEL;02;2 ESTRELLAS;HUANCAVELICA;090000;2;40;69;41,61;40,02;1,66;1,66;1,4;517;507;10;856;842;14;9
20260330;2024;07;01;HOTEL;02;2 ESTRELLAS;HUÁNUCO;100000;54;1650;2594;36,3;30,04;1,3;1,3;1,38;18519;18415;104;24158;24015;143;274
20260330;2024;07;01;HOTEL;02;2 ESTRELLAS;ICA;110000;55;1566;2756;19,45;15,13;1,02;1,03;1,01;12611;12300;311;12923;12609;314;239
20260330;2024;07;01;HOTEL;02;2 ESTRELLAS;JUNÍN;120000;29;884;1586;23,85;18,27;1,31;1,31;1,38;6871;6805;66;8983;8892;91;137
20260330;2024;07;01;HOTEL;02;2 ESTRELLAS;LA LIBERTAD;130000;21;525;900;27,14;24,66;1,17;1,15;1,62;5886;5593;293;6879;6404;475;96
20260330;2024;07;01;HOTEL;02;2 ESTRELLAS;LAMBAYEQUE;140000;72;2112;3172;17,27;13,95;1,11;1,11;1,25;12314;12148;166;13721;13513;208;310
20260330;2024;07;01;HOTEL;02;2 ESTRELLAS;LIMA;150000;123;5451;10283;36,78;29,1;1,27;1,24;2,12;95110;91738;3372;120466;113330;7136;1163
20260330;2024;07;01;HOTEL;02;2 ESTRELLAS;LORETO;160000;9;204;351;15,37;10,87;1,13;1,1;1,33;1046;925;121;1183;1022;161;43
20260330;2024;07;01;HOTEL;02;2 ESTRELLAS;MOQUEGUA;180000;25;612;1041;32,11;24,66;1,86;1,85;1,99;4284;4065;219;7957;7522;435;120
20260330;2024;07;01;HOTEL;02;2 ESTRELLAS;PASCO;190000;6;191;364;48,81;36,04;1,67;1,67;1;2432;2426;6;4067;4061;6;30
20260330;2024;07;01;HOTEL;02;2 ESTRELLAS;PIURA;200000;17;420;701;29,17;24,01;2,05;2,04;2,24;2546;2407;139;5218;4906;312;78
20260330;2024;07;01;HOTEL;02;2 ESTRELLAS;PUNO;210000;32;749;1311;14,85;11,93;1,26;1,2;1,65;3861;3383;478;4849;4059;790;103
20260330;2024;07;01;HOTEL;02;2 ESTRELLAS;SAN MARTÍN;220000;28;790;1361;40,02;37,45;1,8;1,8;1,81;8780;8619;161;15800;15508;292;145
20260330;2024;07;01;HOTEL;03;3 ESTRELLAS;AMAZONAS;010000;19;469;834;20,46;17,55;1,43;1,38;2,14;3178;2976;202;4537;4104;433;111
20260330;2024;07;01;HOTEL;03;3 ESTRELLAS;ÁNCASH;020000;42;1424;2563;36,19;29,66;1,72;1,64;2,17;13700;11636;2064;23568;19091;4477;336
20260330;2024;07;01;HOTEL;03;3 ESTRELLAS;APURÍMAC;030000;5;178;298;40,3;33,93;1,5;1,52;1,37;2089;1879;210;3134;2847;287;46
20260330;2024;07;01;HOTEL;03;3 ESTRELLAS;AREQUIPA;040000;69;2074;3927;38,24;34,07;1,72;1,87;1,58;24133;11650;12483;41479;21804;19675;582
20260330;2024;07;01;HOTEL;03;3 ESTRELLAS;AYACUCHO;050000;7;190;351;16,49;16,86;2,04;2,06;1,75;898;850;48;1834;1750;84;45
20260330;2024;07;01;HOTEL;03;3 ESTRELLAS;CAJAMARCA;060000;70;2203;3755;22,7;15,99;1,44;1,43;1,67;12935;12366;569;18612;17663;949;411
20260330;2024;07;01;HOTEL;03;3 ESTRELLAS;CALLAO;070000;4;233;391;32,58;32,62;1,32;1,33;1,31;2993;2082;911;3954;2763;1191;56
20260330;2024;07;01;HOTEL;03;3 ESTRELLAS;CUSCO;080000;91;3250;6382;57,37;52,54;1,75;1,73;1,75;59431;11951;47480;103937;20711;83226;1115
20260330;2024;07;01;HOTEL;03;3 ESTRELLAS;HUANCAVELICA;090000;2;65;108;10,67;8,03;1,51;1,5;2;178;174;4;269;261;8;10
20260330;2024;07;01;HOTEL;03;3 ESTRELLAS;HUÁNUCO;100000;18;648;1183;37,52;32,51;1,57;1,57;1,72;7574;7352;222;11923;11541;382;155
20260330;2024;07;01;HOTEL;03;3 ESTRELLAS;ICA;110000;67;2293;4469;41,37;31,7;1,45;1,54;1,3;30229;19564;10665;43914;30077;13837;520
20260330;2024;07;01;HOTEL;03;3 ESTRELLAS;JUNÍN;120000;20;769;1439;22,14;19,02;1,59;1,58;2,27;5352;5282;70;8486;8327;159;193
20260330;2024;07;01;HOTEL;03;3 ESTRELLAS;LA LIBERTAD;130000;76;2207;4204;31,97;25,36;1,68;1,63;2,12;19726;18002;1724;33053;29393;3660;554
20260330;2024;07;01;HOTEL;03;3 ESTRELLAS;LAMBAYEQUE;140000;36;1155;1916;29,66;26,29;1,46;1,45;1,67;10713;10249;464;15615;14841;774;250
20260330;2024;07;01;HOTEL;03;3 ESTRELLAS;LIMA;150000;160;8385;16021;46,04;40,13;1,72;1,45;2,07;115963;65631;50332;199314;95297;104017;2309
20260330;2024;07;01;HOTEL;03;3 ESTRELLAS;LORETO;160000;27;789;1355;34,27;32,81;2,17;2,13;2,29;6352;4686;1666;13781;9963;3818;236
20260330;2024;07;01;HOTEL;03;3 ESTRELLAS;MOQUEGUA;180000;12;378;612;32,91;25,38;1,57;1,56;1,67;3070;2908;162;4816;4546;270;85
20260330;2024;07;01;HOTEL;03;3 ESTRELLAS;PASCO;190000;6;144;264;21,71;32,88;1,58;1,58;0;1707;1707;0;2691;2691;0;19
20260330;2024;07;01;HOTEL;03;3 ESTRELLAS;PIURA;200000;20;725;1215;44,25;35,65;1,78;1,72;2,19;7535;6607;928;13428;11397;2031;210
20260330;2024;07;01;HOTEL;03;3 ESTRELLAS;PUNO;210000;27;864;1650;37,66;34,46;1,44;1,47;1,43;12254;3157;9097;17625;4655;12970;183
20260330;2024;07;01;HOTEL;03;3 ESTRELLAS;SAN MARTÍN;220000;25;903;1583;38,19;33,83;1,87;1,85;2,44;8874;8606;268;16599;15946;653;205
20260330;2024;07;01;HOTEL;03;3 ESTRELLAS;UCAYALI;250000;15;527;891;34;27,87;1,98;2,01;1,59;3885;3642;243;7699;7312;387;130
20260330;2024;07;00;NO CLASIFICADO;00;NO CATEGORIZADO;TACNA;230000;430;4004;7179;14,69;12,65;1,31;1,28;1,36;21528;13708;7820;28157;17504;10653;466
20260330;2024;07;01;HOTEL;01;1 ESTRELLA;TACNA;230000;3;102;211;5,31;4,75;1,62;1,62;0;192;192;0;311;311;0;12
20260330;2024;07;00;NO CLASIFICADO;00;NO CATEGORIZADO;TUMBES;240000;250;2421;4617;14,58;12,98;1,6;1,57;1,87;11607;10518;1089;18571;16534;2037;330
20260330;2024;07;01;HOTEL;01;1 ESTRELLA;TUMBES;240000;2;47;100;0;0;0;0;0;0;0;0;0;0;0;0
20260330;2024;07;01;HOTEL;02;2 ESTRELLAS;TUMBES;240000;6;171;306;21,41;16,82;1,37;1,37;1,27;1168;1157;11;1596;1582;14;40
20260330;2024;07;01;HOTEL;03;3 ESTRELLAS;TUMBES;240000;9;284;565;48,98;52,59;2,92;2,9;3,07;3150;2679;471;9211;7763;1448;121
20260330;2024;07;00;NO CLASIFICADO;00;NO CATEGORIZADO;UCAYALI;250000;546;5393;8332;29,53;29,8;3,92;3,96;1,9;19625;19275;350;76981;76317;664;984
20260330;2024;07;01;HOTEL;02;2 ESTRELLAS;UCAYALI;250000;2;63;116;9,98;8,23;1,65;1,67;1,29;179;172;7;296;287;9;11
20260330;2024;07;00;NO CLASIFICADO;TT;TODAS CONSOLIDADAS;SAN MARTÍN;220000;875;9210;14499;25,55;21,71;1,28;1,28;1,5;76272;74905;1367;97559;95506;2053;1138
20260330;2024;07;00;NO CLASIFICADO;TT;TODAS CONSOLIDADAS;TACNA;230000;430;4004;7179;14,69;12,65;1,31;1,28;1,36;21528;13708;7820;28157;17504;10653;466
20260330;2024;07;01;HOTEL;02;2 ESTRELLAS;TACNA;230000;31;890;1744;35,78;29,9;1,58;1,63;1,53;10199;5522;4677;16165;9015;7150;166
20260330;2024;07;01;HOTEL;03;3 ESTRELLAS;TACNA;230000;10;397;851;36,74;31,96;1,77;1,69;1,83;4756;1920;2836;8432;3247;5185;103
20260330;2024;07;00;NO CLASIFICADO;TT;TODAS CONSOLIDADAS;TUMBES;240000;250;2421;4617;14,58;12,98;1,6;1,57;1,87;11607;10518;1089;18571;16534;2037;330
20260330;2024;07;00;NO CLASIFICADO;TT;TODAS CONSOLIDADAS;UCAYALI;250000;546;5393;8332;29,53;29,8;3,92;3,96;1,9;19625;19275;350;76981;76317;664;984
20260330;2024;07;01;HOTEL;01;1 ESTRELLA;MADRE DE DIOS;170000;5;145;258;24,45;21,86;1;1;1;1748;1675;73;1748;1675;73;26
20260330;2024;07;01;HOTEL;02;2 ESTRELLAS;MADRE DE DIOS;170000;9;243;429;29,96;28,86;1,35;1,38;1,17;2839;2507;332;3838;3450;388;50
20260330;2024;07;01;HOTEL;03;3 ESTRELLAS;MADRE DE DIOS;170000;5;202;377;32,63;37,38;1,47;1,79;1,15;2968;1497;1471;4369;2683;1686;59
20260330;2024;07;01;HOTEL;04;4 ESTRELLAS;APURÍMAC;030000;1;32;56;26,71;15,26;1,57;1,53;1,86;169;148;21;265;226;39;14
20260330;2024;07;01;HOTEL;04;4 ESTRELLAS;AREQUIPA;040000;11;558;1070;50,25;48,01;1,99;2,01;1,98;7989;3186;4803;15924;6407;9517;250
20260330;2024;07;01;HOTEL;04;4 ESTRELLAS;CAJAMARCA;060000;4;214;379;56,42;54,96;2,07;2,03;2,47;3119;2834;285;6457;5753;704;157
20260330;2024;07;01;HOTEL;04;4 ESTRELLAS;CALLAO;070000;2;371;599;90,55;97,24;1,32;1,27;1,32;13713;1890;11823;18056;2397;15659;130
20260330;2024;07;01;HOTEL;04;4 ESTRELLAS;CUSCO;080000;21;1609;3171;77,72;78,21;1,84;1,86;1,83;41891;4113;37778;76885;7669;69216;991
20260330;2024;07;01;HOTEL;04;4 ESTRELLAS;HUÁNUCO;100000;1;60;101;50,54;45,23;1,78;1,77;1,97;795;763;32;1416;1353;63;30
20260330;2024;07;01;HOTEL;04;4 ESTRELLAS;ICA;110000;8;814;1731;36,63;37,6;1,73;1,85;1,46;11675;8101;3574;20177;14948;5229;379
20260330;2024;07;01;HOTEL;04;4 ESTRELLAS;JUNÍN;120000;1;40;82;39,11;37,18;1,8;1,78;4;526;523;3;945;933;12;19
20260330;2024;07;01;HOTEL;04;4 ESTRELLAS;LA LIBERTAD;130000;4;318;546;46,37;50,76;1,86;1,76;2,36;4618;3808;810;8592;6684;1908;129
20260330;2024;07;01;HOTEL;04;4 ESTRELLAS;LAMBAYEQUE;140000;5;359;618;64,74;62,77;1,55;1,51;1,8;7769;6808;961;12025;10294;1731;283
20260330;2024;07;01;HOTEL;04;4 ESTRELLAS;LIMA;150000;43;4274;7722;47,06;47,16;2,13;1,62;2,39;52909;17476;35433;112885;28306;84579;1634
20260330;2024;07;01;HOTEL;04;4 ESTRELLAS;LORETO;160000;3;136;203;40,75;42,08;2,01;1,94;2,18;1319;952;367;2648;1847;801;63
20260330;2024;07;01;HOTEL;04;4 ESTRELLAS;MOQUEGUA;180000;2;123;234;52,4;74,21;6,83;7,47;2,57;788;685;103;5383;5118;265;60
20260330;2024;07;01;HOTEL;04;4 ESTRELLAS;PIURA;200000;4;393;744;52,12;42,58;2;1,94;2,25;4901;3844;1057;9821;7447;2374;140
20260330;2024;07;01;HOTEL;04;4 ESTRELLAS;PUNO;210000;8;508;961;43,4;44,37;1,67;1,77;1,65;7929;1025;6904;13219;1816;11403;196
20260330;2024;07;01;HOTEL;04;4 ESTRELLAS;SAN MARTÍN;220000;1;58;90;34,65;36,42;2,27;2,25;3,2;448;438;10;1016;984;32;20
20260330;2024;07;01;HOTEL;04;4 ESTRELLAS;TACNA;230000;3;275;541;41,63;39,41;1,6;1,71;1,54;4129;1459;2670;6610;2490;4120;96
20260330;2024;07;01;HOTEL;04;4 ESTRELLAS;TUMBES;240000;5;265;520;37,81;46,36;2,33;2,45;1,95;3213;2419;794;7474;5924;1550;159
20260330;2024;07;01;HOTEL;04;4 ESTRELLAS;UCAYALI;250000;5;288;513;46,86;42,65;2,23;2,19;2,4;3047;2510;537;6782;5494;1288;120
20260330;2024;07;01;HOTEL;05;5 ESTRELLAS;CUSCO;080000;15;1283;2519;69,81;67,29;1,66;2,03;1,61;31733;3565;28168;52545;7229;45316;1260
20260330;2024;07;01;HOTEL;05;5 ESTRELLAS;ICA;110000;4;439;1083;43,05;40,68;1,88;1,92;1,79;7257;5222;2035;13658;10012;3646;452
20260330;2024;07;01;HOTEL;05;5 ESTRELLAS;LA LIBERTAD;130000;2;267;450;45,29;45,91;1,77;1,68;2,22;3619;3036;583;6405;5112;1293;187
20260330;2024;07;01;HOTEL;05;5 ESTRELLAS;LIMA;150000;27;4807;8376;47,92;39,56;2,35;1,7;2,56;43629;10305;33324;102722;17554;85168;3330
20260330;2024;07;01;HOTEL;05;5 ESTRELLAS;LORETO;160000;1;60;89;64,95;80,9;1,67;1,87;1,48;1333;658;675;2232;1231;1001;54
20260330;2024;07;01;HOTEL;05;5 ESTRELLAS;PIURA;200000;1;83;166;73,3;60,92;1,97;1,84;2,39;1595;1228;367;3135;2257;878;82
20260330;2024;07;01;HOTEL;05;5 ESTRELLAS;PUNO;210000;1;123;231;45,48;65,41;1,39;1,53;1,37;3363;441;2922;4684;674;4010;32
20260330;2024;07;01;HOTEL;05;5 ESTRELLAS;SAN MARTÍN;220000;1;50;108;55,55;80,02;2,1;2,12;1,65;1274;1228;46;2679;2603;76;63
20260330;2024;07;01;HOTEL;05;5 ESTRELLAS;UCAYALI;250000;2;162;300;42,15;38,44;2,13;2,15;1,99;1679;1468;211;3575;3156;419;73
20260330;2024;07;01;HOTEL;TT;TODAS CONSOLIDADAS;AMAZONAS;010000;55;1442;2420;22,88;20,12;1,37;1,35;2,09;11036;10761;275;15095;14521;574;264
20260330;2024;07;01;HOTEL;TT;TODAS CONSOLIDADAS;ÁNCASH;020000;116;3428;6133;31,19;24,65;1,56;1,51;2,03;30084;27385;2699;46869;41377;5492;635
20260330;2024;07;01;HOTEL;TT;TODAS CONSOLIDADAS;AREQUIPA;040000;131;4259;7765;35,78;32,78;1,7;1,69;1,71;46531;26614;19917;78907;44909;33998;1247
20260330;2024;07;01;HOTEL;TT;TODAS CONSOLIDADAS;AYACUCHO;050000;23;718;1273;18,68;17,79;1,95;1,94;2,11;3605;3468;137;7019;6730;289;125
20260330;2024;07;01;HOTEL;TT;TODAS CONSOLIDADAS;CAJAMARCA;060000;145;4353;7240;25,78;19,44;1,4;1,38;1,9;31198;30168;1030;43629;41677;1952;851
20260330;2024;07;01;HOTEL;TT;TODAS CONSOLIDADAS;CALLAO;070000;7;644;1057;65,43;68,82;1,31;1,29;1,32;17184;4078;13106;22550;5271;17279;192
20260330;2024;07;01;HOTEL;TT;TODAS CONSOLIDADAS;CUSCO;080000;179;7465;14511;58,86;56,93;1,75;1,73;1,75;146372;26035;120337;256110;45014;211096;3779
20260330;2024;07;01;HOTEL;TT;TODAS CONSOLIDADAS;HUANCAVELICA;090000;4;105;177;22,46;20,5;1,62;1,62;1,57;695;681;14;1125;1103;22;19
20260330;2024;07;01;HOTEL;TT;TODAS CONSOLIDADAS;HUÁNUCO;100000;81;2599;4247;37,31;31,28;1,36;1,35;1,64;30354;29996;358;41181;40593;588;493
20260330;2024;07;01;HOTEL;TT;TODAS CONSOLIDADAS;ICA;110000;141;5292;10352;33,45;28,62;1,46;1,49;1,39;62941;46280;16661;91841;68739;23102;1615
20260330;2024;07;01;HOTEL;TT;TODAS CONSOLIDADAS;JUNÍN;120000;55;1914;3582;22,82;18,24;1,44;1,44;1,88;14031;13891;140;20254;19991;263;371
20260330;2024;07;01;HOTEL;TT;TODAS CONSOLIDADAS;LA LIBERTAD;130000;108;3447;6323;33,21;28,67;1,6;1,54;2,15;35124;31710;3414;56204;48864;7340;987
20260330;2024;07;01;HOTEL;TT;TODAS CONSOLIDADAS;LAMBAYEQUE;140000;116;3709;5796;25,37;23,04;1,34;1,32;1,71;30831;29240;1591;41396;38683;2713;857
20260330;2024;07;01;HOTEL;TT;TODAS CONSOLIDADAS;LIMA;150000;365;23345;43154;45,38;39,68;1,83;1,42;2,3;325300;172977;152322;595482;245680;349801;9869
20260330;2024;07;01;HOTEL;TT;TODAS CONSOLIDADAS;LORETO;160000;40;1189;1998;33,32;32,04;1,97;1,95;2,04;10050;7221;2829;19844;14063;5781;396
20260330;2024;07;01;HOTEL;TT;TODAS CONSOLIDADAS;MADRE DE DIOS;170000;19;590;1064;29,52;30,18;1,32;1,37;1,14;7555;5679;1876;9955;7808;2147;135
20260330;2024;07;01;HOTEL;TT;TODAS CONSOLIDADAS;MOQUEGUA;180000;41;1177;1971;33,97;30,52;2,16;2,18;1,96;8624;8116;508;18647;17653;994;273
20260330;2024;07;01;HOTEL;TT;TODAS CONSOLIDADAS;PASCO;190000;18;511;902;30,98;28,68;1,53;1,53;1;5247;5241;6;8020;8014;6;77
20260330;2024;07;01;HOTEL;TT;TODAS CONSOLIDADAS;PIURA;200000;44;1661;2903;42,81;35,63;1,89;1,83;2,25;16980;14489;2491;32061;26466;5595;516
20260330;2024;07;01;HOTEL;TT;TODAS CONSOLIDADAS;PUNO;210000;72;2346;4334;31,21;30,82;1,47;1,38;1,5;28247;8825;19422;41404;12209;29195;529
20260330;2024;07;01;HOTEL;TT;TODAS CONSOLIDADAS;SAN MARTÍN;220000;62;1951;3365;39,27;37,06;1,8;1,8;2,17;21427;20942;485;38661;37608;1053;460
20260330;2024;07;01;HOTEL;TT;TODAS CONSOLIDADAS;TACNA;230000;47;1664;3347;35,11;30,38;1,64;1,66;1,62;19276;9093;10183;31518;15063;16455;377
20260330;2024;07;01;HOTEL;TT;TODAS CONSOLIDADAS;TUMBES;240000;22;767;1491;35,97;39,55;2,43;2,44;2,36;7531;6255;1276;18281;15269;3012;320
20260330;2024;07;01;HOTEL;TT;TODAS CONSOLIDADAS;UCAYALI;250000;24;1040;1820;37,38;32,53;2,09;2,09;2,11;8790;7792;998;18352;16249;2103;334
20260330;2024;07;02;APART HOTEL;03;3 ESTRELLAS;ÁNCASH;020000;2;16;44;27,82;27,64;3,25;3,25;0;116;116;0;377;377;0;4
20260330;2024;07;02;APART HOTEL;03;3 ESTRELLAS;APURÍMAC;030000;1;23;36;72,79;65,86;2,06;1,94;2,91;356;311;45;735;604;131;9
20260330;2024;07;02;APART HOTEL;03;3 ESTRELLAS;AREQUIPA;040000;1;19;35;9,17;8,76;1,76;1,74;1,79;54;35;19;95;61;34;5
20260330;2024;07;02;APART HOTEL;03;3 ESTRELLAS;CAJAMARCA;060000;2;13;24;0;0;0;0;0;0;0;0;0;0;0;0
20260330;2024;07;02;APART HOTEL;03;3 ESTRELLAS;ICA;110000;3;36;52;6;5,96;1;1;0;96;96;0;96;96;0;6
20260330;2024;07;02;APART HOTEL;03;3 ESTRELLAS;LIMA;150000;7;175;342;45,6;37,98;2,74;2,57;2,88;1469;644;825;4027;1655;2372;52
20260330;2024;07;02;APART HOTEL;03;3 ESTRELLAS;LORETO;160000;1;24;46;0;0;0;0;0;0;0;0;0;0;0;0
20260330;2024;07;02;APART HOTEL;03;3 ESTRELLAS;MOQUEGUA;180000;1;10;16;28,71;17,94;1,75;1,68;2,5;51;47;4;89;79;10;3
20260330;2024;07;02;APART HOTEL;03;3 ESTRELLAS;PASCO;190000;1;15;17;0;0;0;0;0;0;0;0;0;0;0;0
20260330;2024;07;02;APART HOTEL;03;3 ESTRELLAS;TUMBES;240000;2;15;45;33,33;33,91;2,96;2,99;2,77;160;134;26;473;401;72;16
20260330;2024;07;02;APART HOTEL;04;4 ESTRELLAS;AREQUIPA;040000;1;19;31;49,92;60,46;2,68;2,85;1,84;217;179;38;581;511;70;8
20260330;2024;07;02;APART HOTEL;04;4 ESTRELLAS;LIMA;150000;8;610;1277;63,61;64,53;2,3;1,92;3,21;11110;7846;3264;25545;15052;10493;431
20260330;2024;07;02;APART HOTEL;04;4 ESTRELLAS;LORETO;160000;1;13;23;25,06;31,7;1;1;1;226;10;216;226;10;216;6
20260330;2024;07;02;APART HOTEL;04;4 ESTRELLAS;SAN MARTÍN;220000;1;24;48;79,7;90,73;1,96;1,91;2,32;690;605;85;1350;1153;197;18
20260330;2024;07;02;APART HOTEL;05;5 ESTRELLAS;LIMA;150000;4;250;435;33,77;28,77;3,01;2,57;3,44;1289;637;652;3879;1636;2243;111
20260330;2024;07;02;APART HOTEL;TT;TODAS CONSOLIDADAS;ÁNCASH;020000;2;16;44;27,82;27,64;3,25;3,25;0;116;116;0;377;377;0;4
20260330;2024;07;02;APART HOTEL;TT;TODAS CONSOLIDADAS;APURÍMAC;030000;1;23;36;72,79;65,86;2,06;1,94;2,91;356;311;45;735;604;131;9
20260330;2024;07;02;APART HOTEL;TT;TODAS CONSOLIDADAS;AREQUIPA;040000;2;38;66;29,54;33,04;2,49;2,67;1,82;271;214;57;676;572;104;13
20260330;2024;07;02;APART HOTEL;TT;TODAS CONSOLIDADAS;CAJAMARCA;060000;2;13;24;0;0;0;0;0;0;0;0;0;0;0;0
20260330;2024;07;02;APART HOTEL;TT;TODAS CONSOLIDADAS;ICA;110000;3;36;52;6;5,96;1;1;0;96;96;0;96;96;0;6
20260330;2024;07;02;APART HOTEL;TT;TODAS CONSOLIDADAS;LIMA;150000;19;1035;2054;53,36;52,53;2,41;2,01;3,19;13868;9127;4741;33451;18343;15108;594
20260330;2024;07;02;APART HOTEL;TT;TODAS CONSOLIDADAS;LORETO;160000;2;37;69;8,81;10,57;1;1;1;226;10;216;226;10;216;6
20260330;2024;07;02;APART HOTEL;TT;TODAS CONSOLIDADAS;MOQUEGUA;180000;1;10;16;28,71;17,94;1,75;1,68;2,5;51;47;4;89;79;10;3
20260330;2024;07;02;APART HOTEL;TT;TODAS CONSOLIDADAS;PASCO;190000;1;15;17;0;0;0;0;0;0;0;0;0;0;0;0
20260330;2024;07;02;APART HOTEL;TT;TODAS CONSOLIDADAS;SAN MARTÍN;220000;1;24;48;79,7;90,73;1,96;1,91;2,32;690;605;85;1350;1153;197;18
20260330;2024;07;02;APART HOTEL;TT;TODAS CONSOLIDADAS;TUMBES;240000;2;15;45;33,33;33,91;2,96;2,99;2,77;160;134;26;473;401;72;16
20260330;2024;07;03;HOSTAL;01;1 ESTRELLA;AMAZONAS;010000;17;245;354;29,35;24,9;1,04;1,04;3;2622;2617;5;2733;2718;15;47
20260330;2024;07;03;HOSTAL;01;1 ESTRELLA;ÁNCASH;020000;38;557;928;33,64;26,03;1,1;1,1;1,58;6789;6732;57;7487;7397;90;93
20260330;2024;07;03;HOSTAL;01;1 ESTRELLA;APURÍMAC;030000;5;109;166;37,47;38,3;1,12;1,12;1;1767;1761;6;1971;1965;6;13
20260330;2024;07;03;HOSTAL;01;1 ESTRELLA;AYACUCHO;050000;15;199;364;12,45;9,19;1,34;1,34;0;773;773;0;1037;1037;0;31
20260330;2024;07;03;HOSTAL;01;1 ESTRELLA;CAJAMARCA;060000;22;404;640;27,71;20,33;1,4;1,4;1,14;2888;2881;7;4034;4026;8;75
20260330;2024;07;03;HOSTAL;01;1 ESTRELLA;CALLAO;070000;8;159;301;35,68;40,14;1;1;0;4032;4032;0;4032;4032;0;25
20260330;2024;07;03;HOSTAL;01;1 ESTRELLA;CUSCO;080000;25;425;708;26,22;22,39;1,08;1,08;1,71;4546;4532;14;4915;4891;24;60
20260330;2024;07;03;HOSTAL;01;1 ESTRELLA;HUANCAVELICA;090000;2;66;94;21,11;15;1;1;0;437;437;0;437;437;0;5
20260330;2024;07;03;HOSTAL;01;1 ESTRELLA;HUÁNUCO;100000;25;370;550;49,82;47,21;1,52;1,52;0;5296;5296;0;8049;8049;0;67
20260330;2024;07;03;HOSTAL;01;1 ESTRELLA;ICA;110000;18;222;336;35,75;31,96;1;1;1;3329;3305;24;3329;3305;24;41
20260330;2024;07;03;HOSTAL;01;1 ESTRELLA;JUNÍN;120000;12;170;294;30,4;26,07;1,22;1,22;0;1948;1948;0;2376;2376;0;29
20260330;2024;07;03;HOSTAL;01;1 ESTRELLA;LA LIBERTAD;130000;25;356;630;33,83;21,84;1,47;1,47;1;2911;2907;4;4266;4262;4;62
20260330;2024;07;03;HOSTAL;01;1 ESTRELLA;LAMBAYEQUE;140000;15;206;300;22;22,19;1,06;1,06;1;1942;1936;6;2064;2058;6;39
20260330;2024;07;03;HOSTAL;01;1 ESTRELLA;LIMA;150000;77;1590;2823;35,21;26,77;1,2;1,2;1,33;25427;24814;613;30616;29799;817;338
20260330;2024;07;03;HOSTAL;01;1 ESTRELLA;LORETO;160000;5;88;136;26,14;25,85;1,84;1,88;1,35;592;549;43;1090;1032;58;23
20260330;2024;07;03;HOSTAL;01;1 ESTRELLA;MADRE DE DIOS;170000;2;53;101;12,78;7,06;1,03;1,03;1;214;211;3;221;218;3;8
20260330;2024;07;03;HOSTAL;01;1 ESTRELLA;MOQUEGUA;180000;20;290;484;17,53;12,84;1,28;1,28;1,13;1506;1459;47;1927;1874;53;54
20260330;2024;07;03;HOSTAL;01;1 ESTRELLA;PASCO;190000;22;382;573;38;28,63;1,18;1,18;1,13;4326;4303;23;5085;5059;26;63
20260330;2024;07;03;HOSTAL;01;1 ESTRELLA;PIURA;200000;3;56;81;21,08;13,3;1,91;1,91;0;175;175;0;334;334;0;12
20260330;2024;07;03;HOSTAL;01;1 ESTRELLA;PUNO;210000;32;460;808;21,02;17,11;1,05;1,04;1,28;4070;3908;162;4285;4077;208;71
20260330;2024;07;03;HOSTAL;01;1 ESTRELLA;SAN MARTÍN;220000;1;20;34;0;0;0;0;0;0;0;0;0;0;0;0
20260330;2024;07;03;HOSTAL;01;1 ESTRELLA;TACNA;230000;10;175;306;20,28;19,62;1,07;1,06;1,08;1743;1095;648;1861;1161;700;28
20260330;2024;07;03;HOSTAL;02;2 ESTRELLAS;AMAZONAS;010000;50;855;1360;22,74;20,1;1,19;1,15;2,36;7126;6913;213;8475;7972;503;146
20260330;2024;07;03;HOSTAL;02;2 ESTRELLAS;ÁNCASH;020000;131;2177;3812;35,64;31,07;1,07;1,07;1,19;34208;34036;172;36711;36506;205;372
20260330;2024;07;03;HOSTAL;02;2 ESTRELLAS;APURÍMAC;030000;7;143;221;34,92;29,12;1,13;1,14;1;1760;1728;32;1995;1963;32;25
20260330;2024;07;03;HOSTAL;02;2 ESTRELLAS;AREQUIPA;040000;129;2072;3707;32,04;27,79;1,4;1,42;1,28;22756;19864;2892;31931;28233;3698;365
20260330;2024;07;03;HOSTAL;02;2 ESTRELLAS;AYACUCHO;050000;10;133;238;20,76;25,37;1,96;1,96;2;954;843;111;1872;1650;222;25
20260330;2024;07;03;HOSTAL;02;2 ESTRELLAS;CAJAMARCA;060000;130;2327;3687;22,52;16,77;1,26;1,26;1,14;15205;15045;160;19170;18988;182;361
20260330;2024;07;03;HOSTAL;02;2 ESTRELLAS;CALLAO;070000;6;247;453;30,89;27,07;1,02;1,02;0;3726;3726;0;3802;3802;0;37
20260330;2024;07;03;HOSTAL;02;2 ESTRELLAS;CUSCO;080000;46;748;1333;35,01;30,95;1,59;1,44;1,82;8035;4741;3294;12788;6808;5980;130
20260330;2024;07;03;HOSTAL;02;2 ESTRELLAS;HUANCAVELICA;090000;1;44;82;19,72;12,55;1;1;0;319;319;0;319;319;0;3
20260330;2024;07;03;HOSTAL;02;2 ESTRELLAS;HUÁNUCO;100000;26;347;566;42,92;31,16;1,21;1,2;2;4537;4515;22;5468;5424;44;81
20260330;2024;07;03;HOSTAL;02;2 ESTRELLAS;ICA;110000;80;1221;1982;24,4;23,64;1,04;1,03;1,17;14017;13368;649;14522;13763;759;203
20260330;2024;07;03;HOSTAL;02;2 ESTRELLAS;JUNÍN;120000;25;407;789;30,68;27,67;1,28;1,28;1,53;5291;5272;19;6769;6740;29;81
20260330;2024;07;03;HOSTAL;02;2 ESTRELLAS;LA LIBERTAD;130000;120;2039;3638;16,84;15,09;1,17;1,17;1;14603;14572;31;17013;16982;31;356
20260330;2024;07;03;HOSTAL;02;2 ESTRELLAS;LAMBAYEQUE;140000;145;2105;3045;26,93;20,8;1,12;1,12;1,14;17494;17396;98;19635;19523;112;404
20260330;2024;07;03;HOSTAL;02;2 ESTRELLAS;LIMA;150000;118;2908;5311;40,25;37,74;1,24;1,14;2,23;73294;66989;6305;90518;76488;14030;692
20260330;2024;07;03;HOSTAL;02;2 ESTRELLAS;LORETO;160000;8;132;212;17,86;16,65;2,43;2,48;2,12;450;384;66;1094;954;140;23
20260330;2024;07;03;HOSTAL;02;2 ESTRELLAS;MADRE DE DIOS;170000;6;146;214;40,23;29,18;1,15;1,15;1,05;1688;1591;97;1936;1834;102;27
20260330;2024;07;03;HOSTAL;02;2 ESTRELLAS;MOQUEGUA;180000;64;968;1564;17,06;13,85;1,34;1,34;1,07;5024;4899;125;6713;6579;134;177
20260330;2024;07;03;HOSTAL;02;2 ESTRELLAS;PASCO;190000;17;316;600;24,24;18,54;1,36;1,36;1,5;2534;2526;8;3449;3437;12;46
20260330;2024;07;03;HOSTAL;02;2 ESTRELLAS;PIURA;200000;24;490;836;30,32;21,94;1,63;1,63;1,69;3481;3248;233;5687;5293;394;89
20260330;2024;07;03;HOSTAL;02;2 ESTRELLAS;PUNO;210000;59;891;1689;22,06;16,71;1,25;1,23;1,32;7005;5391;1614;8748;6610;2138;155
20260330;2024;07;03;HOSTAL;02;2 ESTRELLAS;SAN MARTÍN;220000;23;325;516;31,58;31,25;1,54;1,54;1,58;3238;3202;36;4998;4941;57;73
20260330;2024;07;03;HOSTAL;02;2 ESTRELLAS;TACNA;230000;28;473;907;25,6;17,21;1,65;1,66;1,65;2925;792;2133;4838;1313;3525;85
20260330;2024;07;03;HOSTAL;02;2 ESTRELLAS;TUMBES;240000;5;66;131;17,94;17,31;1,71;1,73;1,5;411;379;32;703;655;48;21
20260330;2024;07;03;HOSTAL;02;2 ESTRELLAS;UCAYALI;250000;2;68;124;20,4;11,6;1,58;1,57;2;283;281;2;446;442;4;16
20260330;2024;07;03;HOSTAL;03;3 ESTRELLAS;AMAZONAS;010000;8;113;214;32,09;25,63;2,04;2,03;2,09;834;728;106;1700;1478;222;29
20260330;2024;07;03;HOSTAL;03;3 ESTRELLAS;ÁNCASH;020000;21;331;639;28,6;25,36;1,82;1,82;1,88;2761;2592;169;5024;4707;317;72
20260330;2024;07;03;HOSTAL;03;3 ESTRELLAS;APURÍMAC;030000;1;24;43;30,24;16,88;1,57;1,6;1,11;143;134;9;225;215;10;5
20260330;2024;07;03;HOSTAL;03;3 ESTRELLAS;AREQUIPA;040000;46;723;1337;42,56;39,65;1,98;1,97;2;8297;4956;3341;16434;9751;6683;191
20260330;2024;07;03;HOSTAL;03;3 ESTRELLAS;AYACUCHO;050000;3;51;100;41,11;30,13;1,97;1,95;2,06;474;373;101;934;726;208;22
20260330;2024;07;03;HOSTAL;03;3 ESTRELLAS;CAJAMARCA;060000;52;795;1289;25,05;21,37;1,36;1,36;1,33;6294;6189;105;8541;8401;140;192
20260330;2024;07;03;HOSTAL;03;3 ESTRELLAS;CUSCO;080000;19;323;650;32,65;30,59;1,83;1,5;2,09;3376;1527;1849;6163;2295;3868;67
20260330;2024;07;03;HOSTAL;03;3 ESTRELLAS;HUÁNUCO;100000;1;31;39;0;0;0;0;0;0;0;0;0;0;0;0
20260330;2024;07;03;HOSTAL;03;3 ESTRELLAS;ICA;110000;42;690;1309;33,44;25,23;1,23;1,26;1,18;8297;5991;2306;10237;7519;2718;162
20260330;2024;07;03;HOSTAL;03;3 ESTRELLAS;JUNÍN;120000;3;57;114;44,93;35,48;1,94;1,87;5;645;629;16;1254;1174;80;35
20260330;2024;07;03;HOSTAL;03;3 ESTRELLAS;LA LIBERTAD;130000;45;835;1638;32,14;26,42;1,09;1,09;1,18;12295;12132;163;13415;13222;193;157
20260330;2024;07;03;HOSTAL;03;3 ESTRELLAS;LAMBAYEQUE;140000;24;355;531;37,7;29,88;1,25;1,25;1,16;3950;3880;70;4919;4838;81;86
20260330;2024;07;03;HOSTAL;03;3 ESTRELLAS;LIMA;150000;24;494;934;21,47;18,46;1,27;1,28;1,18;4203;3802;401;5346;4871;475;91
20260330;2024;07;03;HOSTAL;03;3 ESTRELLAS;LORETO;160000;8;133;219;18,46;23,82;1,79;1,74;1,95;903;689;214;1617;1199;418;31
20260330;2024;07;03;HOSTAL;03;3 ESTRELLAS;MADRE DE DIOS;170000;1;22;28;46,48;48,96;1,34;1,34;1;318;312;6;425;419;6;2
20260330;2024;07;03;HOSTAL;03;3 ESTRELLAS;MOQUEGUA;180000;6;162;315;10,47;9,03;1,76;1,78;1,46;501;477;24;882;847;35;20
20260330;2024;07;03;HOSTAL;03;3 ESTRELLAS;PASCO;190000;2;21;44;47,16;48,9;1,6;1,61;1,39;417;399;18;667;642;25;9
20260330;2024;07;03;HOSTAL;03;3 ESTRELLAS;PIURA;200000;2;36;86;24,82;20,29;2,6;2,6;2,62;208;174;34;541;452;89;19
20260330;2024;07;03;HOSTAL;03;3 ESTRELLAS;PUNO;210000;11;213;371;32,92;24,35;1,59;1,67;1,39;1759;1293;466;2800;2153;647;47
20260330;2024;07;03;HOSTAL;03;3 ESTRELLAS;SAN MARTÍN;220000;6;114;256;62,14;64,26;2,15;2,15;1,99;2375;2287;88;5100;4925;175;45
20260330;2024;07;03;HOSTAL;03;3 ESTRELLAS;TACNA;230000;4;78;178;42,89;30,68;3,21;3,12;3,34;528;325;203;1693;1014;679;17
20260330;2024;07;03;HOSTAL;03;3 ESTRELLAS;TUMBES;240000;3;51;102;0;0;0;0;0;0;0;0;0;0;0;0
20260330;2024;07;03;HOSTAL;03;3 ESTRELLAS;UCAYALI;250000;2;45;71;12,9;12,49;1,74;1,74;2;158;156;2;275;271;4;6
20260330;2024;07;03;HOSTAL;TT;TODAS CONSOLIDADAS;AMAZONAS;010000;75;1213;1928;24,94;21,6;1,22;1,19;2,28;10582;10258;324;12908;12168;740;222
20260330;2024;07;03;HOSTAL;TT;TODAS CONSOLIDADAS;APURÍMAC;030000;13;276;430;35,52;31,44;1,14;1,14;1,02;3670;3623;47;4191;4143;48;43
20260330;2024;07;03;HOSTAL;TT;TODAS CONSOLIDADAS;AREQUIPA;040000;226;3554;6214;33;29,32;1,48;1,45;1,63;38069;31340;6729;56478;45504;10974;687
20260330;2024;07;03;HOSTAL;TT;TODAS CONSOLIDADAS;AYACUCHO;050000;28;383;702;19,15;17,66;1,75;1,72;2,03;2201;1989;212;3843;3413;430;78
20260330;2024;07;03;HOSTAL;TT;TODAS CONSOLIDADAS;CAJAMARCA;060000;204;3526;5616;23,69;18,23;1,3;1,3;1,21;24387;24115;272;31745;31415;330;628
20260330;2024;07;03;HOSTAL;TT;TODAS CONSOLIDADAS;CALLAO;070000;14;406;754;32,55;31,64;1,01;1,01;0;7875;7875;0;7964;7964;0;65
20260330;2024;07;03;HOSTAL;TT;TODAS CONSOLIDADAS;CUSCO;080000;90;1496;2691;32;28,61;1,5;1,3;1,91;15957;10800;5157;23866;13994;9872;257
20260330;2024;07;03;HOSTAL;TT;TODAS CONSOLIDADAS;HUANCAVELICA;090000;3;110;176;20,56;13,86;1;1;0;756;756;0;756;756;0;8
20260330;2024;07;03;HOSTAL;TT;TODAS CONSOLIDADAS;HUÁNUCO;100000;52;748;1155;44,55;37,75;1,37;1,37;2;9833;9811;22;13517;13473;44;148
20260330;2024;07;03;HOSTAL;TT;TODAS CONSOLIDADAS;ICA;110000;140;2133;3627;28,5;24,98;1,1;1,08;1,18;25643;22664;2979;28088;24587;3501;406
20260330;2024;07;03;HOSTAL;TT;TODAS CONSOLIDADAS;JUNÍN;120000;40;634;1197;31,89;28,02;1,32;1,31;3,11;7884;7849;35;10399;10290;109;145
20260330;2024;07;03;HOSTAL;TT;TODAS CONSOLIDADAS;LA LIBERTAD;130000;190;3230;5906;22,66;18,95;1,16;1,16;1,15;29809;29611;198;34694;34466;228;575
20260330;2024;07;03;HOSTAL;TT;TODAS CONSOLIDADAS;LAMBAYEQUE;140000;184;2666;3876;27,98;22,15;1,14;1,14;1,14;23386;23212;174;26618;26419;199;529
20260330;2024;07;03;HOSTAL;TT;TODAS CONSOLIDADAS;LIMA;150000;219;4992;9068;34,31;30,22;1,23;1,18;1,96;86553;80333;6220;106667;94477;12190;1047
20260330;2024;07;03;HOSTAL;TT;TODAS CONSOLIDADAS;LORETO;160000;21;353;567;20,15;21,62;1,95;1,96;1,91;1945;1622;323;3801;3185;616;77
20260330;2024;07;03;HOSTAL;TT;TODAS CONSOLIDADAS;MADRE DE DIOS;170000;9;221;343;34,27;24,28;1,16;1,17;1,05;2220;2114;106;2582;2471;111;37
20260330;2024;07;03;HOSTAL;TT;TODAS CONSOLIDADAS;MOQUEGUA;180000;90;1420;2363;16,41;13;1,35;1,36;1,13;7031;6835;196;9522;9300;222;251
20260330;2024;07;03;HOSTAL;TT;TODAS CONSOLIDADAS;PASCO;190000;41;719;1217;32,22;24,39;1,26;1,26;1,29;7277;7228;49;9201;9138;63;118
20260330;2024;07;03;HOSTAL;TT;TODAS CONSOLIDADAS;PIURA;200000;29;582;1003;29,09;21,1;1,7;1,69;1,81;3864;3597;267;6562;6079;483;120
20260330;2024;07;03;HOSTAL;TT;TODAS CONSOLIDADAS;PUNO;210000;102;1564;2868;23,23;17,81;1,23;1,21;1,33;12834;10592;2242;15833;12840;2993;273
20260330;2024;07;03;HOSTAL;TT;TODAS CONSOLIDADAS;SAN MARTÍN;220000;30;459;806;37,8;40,41;1,8;1,8;1,87;5613;5489;124;10098;9866;232;118
20260330;2024;07;03;HOSTAL;TT;TODAS CONSOLIDADAS;TACNA;230000;42;726;1391;26,17;19,46;1,62;1,58;1,64;5196;2212;2984;8392;3488;4904;130
20260330;2024;07;03;HOSTAL;TT;TODAS CONSOLIDADAS;TUMBES;240000;8;117;233;10,12;9,73;1,71;1,73;1,5;411;379;32;703;655;48;21
20260330;2024;07;03;HOSTAL;TT;TODAS CONSOLIDADAS;UCAYALI;250000;4;113;195;17,41;11,93;1,63;1,63;2;441;437;4;721;713;8;22
20260330;2024;07;05;ALBERGUE;12;ALBERGUE;AMAZONAS;010000;1;6;11;0;0;0;0;0;0;0;0;0;0;0;0
20260330;2024;07;05;ALBERGUE;12;ALBERGUE;ÁNCASH;020000;7;68;149;34,58;27,54;2,13;2,07;2,28;596;411;185;1272;850;422;18
20260330;2024;07;05;ALBERGUE;12;ALBERGUE;AREQUIPA;040000;10;142;332;48,52;44,05;1,43;1,4;1,45;3164;850;2314;4534;1190;3344;116
20260330;2024;07;05;ALBERGUE;12;ALBERGUE;AYACUCHO;050000;1;10;20;0;0;0;0;0;0;0;0;0;0;0;0
20260330;2024;07;05;ALBERGUE;12;ALBERGUE;CAJAMARCA;060000;1;11;22;0;0;0;0;0;0;0;0;0;0;0;0
20260330;2024;07;05;ALBERGUE;12;ALBERGUE;CUSCO;080000;16;372;657;42,95;39,65;1,46;1,66;1,46;5517;110;5407;8076;183;7893;159
20260330;2024;07;05;ALBERGUE;12;ALBERGUE;HUANCAVELICA;090000;1;14;47;31,34;24,02;2,54;2,54;0;138;138;0;350;350;0;18
20260330;2024;07;05;ALBERGUE;12;ALBERGUE;HUÁNUCO;100000;7;92;128;0;0;0;0;0;0;0;0;0;0;0;0
20260330;2024;07;05;ALBERGUE;12;ALBERGUE;ICA;110000;6;82;212;75,57;52,13;1,16;1,16;1,16;2963;2474;489;3426;2861;565;22
20260330;2024;07;05;ALBERGUE;12;ALBERGUE;JUNÍN;120000;1;32;104;55,85;51,36;2;1,98;2,31;829;793;36;1656;1573;83;20
20260330;2024;07;05;ALBERGUE;12;ALBERGUE;LA LIBERTAD;130000;1;15;27;55,48;44,44;1,81;1,84;1,29;206;192;14;372;354;18;4
20260330;2024;07;05;ALBERGUE;12;ALBERGUE;LIMA;150000;8;136;528;19,76;20,71;2,49;2,56;2,32;1363;930;433;3389;2385;1004;25
20260330;2024;07;05;ALBERGUE;12;ALBERGUE;LORETO;160000;62;863;1709;23,18;25,85;2,11;1,8;2,22;6479;1624;4855;13693;2925;10768;304
20260330;2024;07;05;ALBERGUE;12;ALBERGUE;MADRE DE DIOS;170000;15;357;713;24,94;38,87;2,44;1,71;2,54;3521;432;3089;8592;740;7852;238
20260330;2024;07;05;ALBERGUE;12;ALBERGUE;PASCO;190000;26;320;850;26,11;23,61;1,5;1,49;2,29;4139;4083;56;6221;6093;128;80
20260330;2024;07;05;ALBERGUE;12;ALBERGUE;PUNO;210000;1;13;35;0;0;0;0;0;0;0;0;0;0;0;0
20260330;2024;07;05;ALBERGUE;12;ALBERGUE;SAN MARTÍN;220000;11;159;352;59,34;54,77;2,31;2,27;2,48;2588;2087;501;5976;4733;1243;46
20260330;2024;07;05;ALBERGUE;12;ALBERGUE;UCAYALI;250000;4;37;101;18,4;10,99;1,29;1,27;1,34;266;184;82;344;234;110;26
20260330;2024;07;05;ALBERGUE;TT;TODAS CONSOLIDADAS;AMAZONAS;010000;1;6;11;0;0;0;0;0;0;0;0;0;0;0;0
20260330;2024;07;05;ALBERGUE;TT;TODAS CONSOLIDADAS;ÁNCASH;020000;7;68;149;34,58;27,54;2,13;2,07;2,28;596;411;185;1272;850;422;18
20260330;2024;07;05;ALBERGUE;TT;TODAS CONSOLIDADAS;AREQUIPA;040000;10;142;332;48,52;44,05;1,43;1,4;1,45;3164;850;2314;4534;1190;3344;116
20260330;2024;07;05;ALBERGUE;TT;TODAS CONSOLIDADAS;AYACUCHO;050000;1;10;20;0;0;0;0;0;0;0;0;0;0;0;0
20260330;2024;07;05;ALBERGUE;TT;TODAS CONSOLIDADAS;CAJAMARCA;060000;1;11;22;0;0;0;0;0;0;0;0;0;0;0;0
20260330;2024;07;05;ALBERGUE;TT;TODAS CONSOLIDADAS;CUSCO;080000;16;372;657;42,95;39,65;1,46;1,66;1,46;5517;110;5407;8076;183;7893;159
20260330;2024;07;05;ALBERGUE;TT;TODAS CONSOLIDADAS;HUANCAVELICA;090000;1;14;47;31,34;24,02;2,54;2,54;0;138;138;0;350;350;0;18
20260330;2024;07;05;ALBERGUE;TT;TODAS CONSOLIDADAS;HUÁNUCO;100000;7;92;128;0;0;0;0;0;0;0;0;0;0;0;0
20260330;2024;07;05;ALBERGUE;TT;TODAS CONSOLIDADAS;ICA;110000;6;82;212;75,57;52,13;1,16;1,16;1,16;2963;2474;489;3426;2861;565;22
20260330;2024;07;05;ALBERGUE;TT;TODAS CONSOLIDADAS;JUNÍN;120000;1;32;104;55,85;51,36;2;1,98;2,31;829;793;36;1656;1573;83;20
20260330;2024;07;05;ALBERGUE;TT;TODAS CONSOLIDADAS;LA LIBERTAD;130000;1;15;27;55,48;44,44;1,81;1,84;1,29;206;192;14;372;354;18;4
20260330;2024;07;05;ALBERGUE;TT;TODAS CONSOLIDADAS;LIMA;150000;8;136;528;19,76;20,71;2,49;2,56;2,32;1363;930;433;3389;2385;1004;25
20260330;2024;07;05;ALBERGUE;TT;TODAS CONSOLIDADAS;LORETO;160000;62;863;1709;23,18;25,85;2,11;1,8;2,22;6479;1624;4855;13693;2925;10768;304
20260330;2024;07;05;ALBERGUE;TT;TODAS CONSOLIDADAS;MADRE DE DIOS;170000;15;357;713;24,94;38,87;2,44;1,71;2,54;3521;432;3089;8592;740;7852;238
20260330;2024;07;05;ALBERGUE;TT;TODAS CONSOLIDADAS;PASCO;190000;26;320;850;26,11;23,61;1,5;1,49;2,29;4139;4083;56;6221;6093;128;80
20260330;2024;07;05;ALBERGUE;TT;TODAS CONSOLIDADAS;PUNO;210000;1;13;35;0;0;0;0;0;0;0;0;0;0;0;0
20260330;2024;07;05;ALBERGUE;TT;TODAS CONSOLIDADAS;SAN MARTÍN;220000;11;159;352;59,34;54,77;2,31;2,27;2,48;2588;2087;501;5976;4733;1243;46
20260330;2024;07;05;ALBERGUE;TT;TODAS CONSOLIDADAS;UCAYALI;250000;4;37;101;18,4;10,99;1,29;1,27;1,34;266;184;82;344;234;110;26
20260330;2024;07;14;RESORT;03;3 ESTRELLAS;ICA;110000;1;51;86;0;0;0;0;0;0;0;0;0;0;0;0
20260330;2024;07;14;RESORT;03;3 ESTRELLAS;TUMBES;240000;1;28;62;4,15;3,9;1,79;1,87;1;42;38;4;75;71;4;9
20260330;2024;07;14;RESORT;04;4 ESTRELLAS;TUMBES;240000;1;402;1101;70,75;66,68;2,63;2,57;2,79;8652;6333;2319;22757;16293;6464;462
20260330;2024;07;14;RESORT;05;5 ESTRELLAS;ICA;110000;1;49;94;54,77;73,68;1,63;1,67;1,53;1317;935;382;2147;1561;586;60
20260330;2024;07;14;RESORT;TT;TODAS CONSOLIDADAS;ICA;110000;2;100;180;26,84;38,48;1,63;1,67;1,53;1317;935;382;2147;1561;586;60
20260330;2024;07;14;RESORT;TT;TODAS CONSOLIDADAS;TUMBES;240000;2;430;1163;66,41;63,33;2,63;2,57;2,78;8694;6371;2323;22832;16364;6468;471
20260330;2024;07;16;ECOLODGE;TT;TODAS CONSOLIDADAS;AREQUIPA;040000;1;23;51;26,09;27,89;1,27;1,53;1,24;348;38;310;441;58;383;7
20260330;2024;07;TT;TODAS CONSOLIDADAS;00;NO CATEGORIZADO;AMAZONAS;010000;311;2936;4623;16,96;14,03;1,35;1,34;1,53;14899;14137;762;20104;18937;1167;538
20260330;2024;07;TT;TODAS CONSOLIDADAS;00;NO CATEGORIZADO;ÁNCASH;020000;740;6447;10917;17,26;15,61;1,28;1,23;1,67;41465;37637;3828;52870;46459;6412;739
20260330;2024;07;TT;TODAS CONSOLIDADAS;00;NO CATEGORIZADO;APURÍMAC;030000;506;4499;7056;20,42;14,75;1,15;1,15;1,73;27974;27660;314;32257;31714;543;438
20260330;2024;07;TT;TODAS CONSOLIDADAS;00;NO CATEGORIZADO;AREQUIPA;040000;1278;10891;18429;19,81;18,06;1,49;1,43;1,61;69459;47944;21515;103194;68644;34550;1289
20260330;2024;07;TT;TODAS CONSOLIDADAS;00;NO CATEGORIZADO;AYACUCHO;050000;604;5635;9126;17,71;13,53;1,25;1,25;1,4;30574;30031;543;38269;37507;762;681
20260330;2024;07;TT;TODAS CONSOLIDADAS;00;NO CATEGORIZADO;CAJAMARCA;060000;737;6479;10376;14,56;11,06;1,24;1,23;1,43;28802;28660;142;35583;35380;203;714
20260330;2024;07;TT;TODAS CONSOLIDADAS;00;NO CATEGORIZADO;CALLAO;070000;271;3733;6987;44,98;42,85;1;1;1,03;161050;159001;2048;161844;159732;2111;1122
20260330;2024;07;TT;TODAS CONSOLIDADAS;00;NO CATEGORIZADO;CUSCO;080000;1993;18967;33782;31,86;29,24;1,77;1,5;1,97;173071;73987;99084;306259;111142;195117;3649
20260330;2024;07;TT;TODAS CONSOLIDADAS;00;NO CATEGORIZADO;HUANCAVELICA;090000;239;2539;3865;17,33;13,93;1,11;1,11;1,42;15014;14957;57;16696;16615;81;280
20260330;2024;07;TT;TODAS CONSOLIDADAS;00;NO CATEGORIZADO;HUÁNUCO;100000;499;5291;7959;16,96;13,86;1,15;1,15;1,34;29767;29732;35;34193;34146;47;654
20260330;2024;07;TT;TODAS CONSOLIDADAS;00;NO CATEGORIZADO;ICA;110000;792;7974;13401;23,64;17,06;1,29;1,32;1,16;54798;44300;10498;70859;58676;12183;1444
20260330;2024;07;TT;TODAS CONSOLIDADAS;00;NO CATEGORIZADO;JUNÍN;120000;1521;15282;24873;26,81;21,73;1,19;1,19;1,7;140533;139463;1070;167588;165768;1820;2770
20260330;2024;07;TT;TODAS CONSOLIDADAS;00;NO CATEGORIZADO;LA LIBERTAD;130000;1005;7442;12459;11,26;10,32;1,03;1,03;1,07;38636;37904;732;39863;39083;780;544
20260330;2024;07;TT;TODAS CONSOLIDADAS;00;NO CATEGORIZADO;LAMBAYEQUE;140000;453;4489;6518;16,15;13,26;1,1;1,1;1,15;24361;23895;466;26797;26262;535;548
20260330;2024;07;TT;TODAS CONSOLIDADAS;00;NO CATEGORIZADO;LIMA;150000;7140;55459;95101;22,52;21,15;1,06;1,06;1,09;2537660;2492092;45568;2681447;2631641;49806;33726
20260330;2024;07;TT;TODAS CONSOLIDADAS;00;NO CATEGORIZADO;LORETO;160000;794;6808;10629;11,74;9,75;1,77;1,62;2;18130;10846;7284;32113;17574;14539;725
20260330;2024;07;TT;TODAS CONSOLIDADAS;00;NO CATEGORIZADO;MADRE DE DIOS;170000;346;4586;7620;27,8;21,83;1,3;1,18;2,03;39559;33814;5745;51574;39935;11639;842
20260330;2024;07;TT;TODAS CONSOLIDADAS;00;NO CATEGORIZADO;MOQUEGUA;180000;165;1637;2817;17,47;15,34;1,39;1,4;1,16;9607;9528;79;13393;13301;92;216
20260330;2024;07;TT;TODAS CONSOLIDADAS;00;NO CATEGORIZADO;PASCO;190000;385;4071;6544;22,07;18,11;1,2;1,19;1,73;30723;30625;98;36735;36565;170;742
20260330;2024;07;TT;TODAS CONSOLIDADAS;00;NO CATEGORIZADO;PIURA;200000;1163;10615;19131;32,66;25,07;1,7;1,56;2,44;87318;73394;13924;148697;114691;34006;2091
20260330;2024;07;TT;TODAS CONSOLIDADAS;00;NO CATEGORIZADO;PUNO;210000;840;7402;12457;22,72;19,56;1,18;1,18;1,19;64034;59447;4587;75517;70073;5444;1349
20260330;2024;07;TT;TODAS CONSOLIDADAS;00;NO CATEGORIZADO;SAN MARTÍN;220000;875;9210;14499;25,55;21,71;1,28;1,28;1,5;76272;74905;1367;97559;95506;2053;1138
20260330;2024;07;TT;TODAS CONSOLIDADAS;00;NO CATEGORIZADO;TACNA;230000;430;4004;7179;14,69;12,65;1,31;1,28;1,36;21528;13708;7820;28157;17504;10653;466
20260330;2024;07;TT;TODAS CONSOLIDADAS;00;NO CATEGORIZADO;TUMBES;240000;250;2421;4617;14,58;12,98;1,6;1,57;1,87;11607;10518;1089;18571;16534;2037;330
20260330;2024;07;TT;TODAS CONSOLIDADAS;00;NO CATEGORIZADO;UCAYALI;250000;546;5393;8332;29,53;29,8;3,92;3,96;1,9;19625;19275;350;76981;76317;664;984
20260330;2024;07;TT;TODAS CONSOLIDADAS;01;1 ESTRELLA;AMAZONAS;010000;18;265;378;27,13;23,32;1,04;1,04;3;2622;2617;5;2733;2718;15;47
20260330;2024;07;TT;TODAS CONSOLIDADAS;01;1 ESTRELLA;ÁNCASH;020000;51;937;1513;37,16;28,73;1,12;1,11;1,58;12072;12015;57;13474;13384;90;142
20260330;2024;07;TT;TODAS CONSOLIDADAS;01;1 ESTRELLA;APURÍMAC;030000;7;176;265;39,75;38,83;1,1;1,1;1;2906;2900;6;3190;3184;6;22
20260330;2024;07;TT;TODAS CONSOLIDADAS;01;1 ESTRELLA;AREQUIPA;040000;58;998;1571;26,71;22,93;1,14;1,13;1,21;9819;9295;524;11167;10533;634;171
20260330;2024;07;TT;TODAS CONSOLIDADAS;01;1 ESTRELLA;AYACUCHO;050000;23;399;717;13,85;11,43;1,63;1,63;1,38;1555;1547;8;2540;2529;11;66
20260330;2024;07;TT;TODAS CONSOLIDADAS;01;1 ESTRELLA;CAJAMARCA;060000;28;557;917;23,95;17,85;1,39;1,39;1,14;3643;3636;7;5074;5066;8;100
20260330;2024;07;TT;TODAS CONSOLIDADAS;01;1 ESTRELLA;CALLAO;070000;8;159;301;35,68;40,14;1;1;0;4032;4032;0;4032;4032;0;25
20260330;2024;07;TT;TODAS CONSOLIDADAS;01;1 ESTRELLA;CUSCO;080000;29;543;901;26,86;24,31;1,18;1,17;1,71;5776;5762;14;6790;6766;24;79
20260330;2024;07;TT;TODAS CONSOLIDADAS;01;1 ESTRELLA;HUANCAVELICA;090000;2;66;94;21,11;15;1;1;0;437;437;0;437;437;0;5
20260330;2024;07;TT;TODAS CONSOLIDADAS;01;1 ESTRELLA;HUÁNUCO;100000;33;611;919;46,11;41,18;1,34;1,34;0;8762;8762;0;11733;11733;0;101
20260330;2024;07;TT;TODAS CONSOLIDADAS;01;1 ESTRELLA;ICA;110000;25;402;649;27,23;22,36;1;1;1;4498;4398;100;4498;4398;100;66
20260330;2024;07;TT;TODAS CONSOLIDADAS;01;1 ESTRELLA;JUNÍN;120000;17;391;769;23,46;17,69;1,31;1,31;1;3230;3229;1;4216;4215;1;51
20260330;2024;07;TT;TODAS CONSOLIDADAS;01;1 ESTRELLA;LA LIBERTAD;130000;30;486;853;30,59;20,95;1,32;1,32;1;4186;4178;8;5541;5533;8;83
20260330;2024;07;TT;TODAS CONSOLIDADAS;01;1 ESTRELLA;LAMBAYEQUE;140000;18;289;390;16,13;17,36;1,06;1,06;1;1977;1971;6;2099;2093;6;53
20260330;2024;07;TT;TODAS CONSOLIDADAS;01;1 ESTRELLA;LIMA;150000;89;2018;3575;35,39;28,39;1,17;1,17;1,33;33395;32762;633;39055;38214;841;402
20260330;2024;07;TT;TODAS CONSOLIDADAS;01;1 ESTRELLA;LORETO;160000;5;88;136;26,14;25,85;1,84;1,88;1,35;592;549;43;1090;1032;58;23
20260330;2024;07;TT;TODAS CONSOLIDADAS;01;1 ESTRELLA;MADRE DE DIOS;170000;7;198;359;21,33;17,69;1;1;1;1962;1886;76;1969;1893;76;34
20260330;2024;07;TT;TODAS CONSOLIDADAS;01;1 ESTRELLA;MOQUEGUA;180000;22;354;568;18,45;13,73;1,22;1,22;1,08;1988;1917;71;2418;2341;77;62
20260330;2024;07;TT;TODAS CONSOLIDADAS;01;1 ESTRELLA;PASCO;190000;28;558;847;32,08;24,17;1,17;1,17;1,13;5434;5411;23;6347;6321;26;91
20260330;2024;07;TT;TODAS CONSOLIDADAS;01;1 ESTRELLA;PIURA;200000;5;96;158;14,38;16,19;1,37;1,37;0;578;578;0;793;793;0;18
20260330;2024;07;TT;TODAS CONSOLIDADAS;01;1 ESTRELLA;PUNO;210000;36;562;989;20,59;17,33;1,08;1,08;1,26;4910;4727;183;5312;5082;230;86
20260330;2024;07;TT;TODAS CONSOLIDADAS;01;1 ESTRELLA;SAN MARTÍN;220000;8;170;257;33,68;32,22;1,25;1,25;0;2051;2051;0;2567;2567;0;27
20260330;2024;07;TT;TODAS CONSOLIDADAS;01;1 ESTRELLA;TACNA;230000;13;277;517;14,77;13,55;1,12;1,14;1,08;1935;1287;648;2172;1472;700;40
20260330;2024;07;TT;TODAS CONSOLIDADAS;01;1 ESTRELLA;TUMBES;240000;2;47;100;0;0;0;0;0;0;0;0;0;0;0;0
20260330;2024;07;TT;TODAS CONSOLIDADAS;02;2 ESTRELLAS;AMAZONAS;010000;85;1808;2922;23,69;21,01;1,27;1,25;2,25;14984;14698;286;19033;18389;644;299
20260330;2024;07;TT;TODAS CONSOLIDADAS;02;2 ESTRELLAS;ÁNCASH;020000;192;3801;6797;30,76;25,64;1,19;1,19;1,51;45309;44502;807;54025;52805;1220;622
20260330;2024;07;TT;TODAS CONSOLIDADAS;02;2 ESTRELLAS;APURÍMAC;030000;14;421;697;32,27;23,94;1,14;1,14;1,05;4532;4492;40;5173;5131;42;53
20260330;2024;07;TT;TODAS CONSOLIDADAS;02;2 ESTRELLAS;AREQUIPA;040000;170;3219;5722;28,24;24,56;1,41;1,42;1,32;30922;26973;3949;43564;38344;5220;556
20260330;2024;07;TT;TODAS CONSOLIDADAS;02;2 ESTRELLAS;AYACUCHO;050000;18;461;807;21,67;22,2;1,93;1,91;2,17;2879;2687;192;5554;5138;416;70
20260330;2024;07;TT;TODAS CONSOLIDADAS;02;2 ESTRELLAS;CAJAMARCA;060000;195;4110;6516;24,43;18,16;1,24;1,24;1,43;29594;29258;336;36690;36209;481;619
20260330;2024;07;TT;TODAS CONSOLIDADAS;02;2 ESTRELLAS;CALLAO;070000;7;287;520;29,9;26,94;1,03;1,02;1,15;4204;3832;372;4342;3913;429;43
20260330;2024;07;TT;TODAS CONSOLIDADAS;02;2 ESTRELLAS;CUSCO;080000;94;1953;3579;31,27;30,33;1,67;1,45;1,89;20122;9917;10205;33656;14338;19318;524
20260330;2024;07;TT;TODAS CONSOLIDADAS;02;2 ESTRELLAS;HUANCAVELICA;090000;3;84;151;30,15;25,1;1,41;1,41;1,4;836;826;10;1175;1161;14;12
20260330;2024;07;TT;TODAS CONSOLIDADAS;02;2 ESTRELLAS;HUÁNUCO;100000;80;1997;3160;37,45;30,24;1,28;1,28;1,48;23056;22930;126;29626;29439;187;355
20260330;2024;07;TT;TODAS CONSOLIDADAS;02;2 ESTRELLAS;ICA;110000;135;2787;4738;21,61;18,69;1,03;1,03;1,12;26628;25668;960;27445;26372;1073;442
20260330;2024;07;TT;TODAS CONSOLIDADAS;02;2 ESTRELLAS;JUNÍN;120000;54;1291;2375;26,01;21,39;1,3;1,29;1,41;12162;12077;85;15752;15632;120;218
20260330;2024;07;TT;TODAS CONSOLIDADAS;02;2 ESTRELLAS;LA LIBERTAD;130000;141;2564;4538;18,95;16,98;1,17;1,16;1,56;20489;20165;324;23892;23386;506;452
20260330;2024;07;TT;TODAS CONSOLIDADAS;02;2 ESTRELLAS;LAMBAYEQUE;140000;217;4217;6217;22,09;17,31;1,12;1,12;1,21;29808;29544;264;33356;33036;320;714
20260330;2024;07;TT;TODAS CONSOLIDADAS;02;2 ESTRELLAS;LIMA;150000;241;8359;15594;37,69;31,24;1,26;1,21;2,17;173415;164594;8821;217977;198816;19161;1973
20260330;2024;07;TT;TODAS CONSOLIDADAS;02;2 ESTRELLAS;LORETO;160000;17;336;563;16,35;13,05;1,52;1,51;1,61;1496;1309;187;2277;1976;301;66
20260330;2024;07;TT;TODAS CONSOLIDADAS;02;2 ESTRELLAS;MADRE DE DIOS;170000;15;389;643;33,82;28,97;1,28;1,29;1,14;4527;4098;429;5774;5284;490;77
20260330;2024;07;TT;TODAS CONSOLIDADAS;02;2 ESTRELLAS;MOQUEGUA;180000;89;1580;2605;22,89;18,17;1,58;1,57;1,65;9308;8964;344;14670;14101;569;297
20260330;2024;07;TT;TODAS CONSOLIDADAS;02;2 ESTRELLAS;PASCO;190000;23;507;964;33,5;25,15;1,51;1,51;1,29;4966;4952;14;7516;7498;18;76
20260330;2024;07;TT;TODAS CONSOLIDADAS;02;2 ESTRELLAS;PIURA;200000;41;910;1537;29,79;22,89;1,81;1,8;1,9;6027;5655;372;10905;10199;706;167
20260330;2024;07;TT;TODAS CONSOLIDADAS;02;2 ESTRELLAS;PUNO;210000;91;1640;3000;18,77;14,62;1,25;1,22;1,4;10866;8774;2092;13597;10669;2928;258
20260330;2024;07;TT;TODAS CONSOLIDADAS;02;2 ESTRELLAS;SAN MARTÍN;220000;51;1115;1877;37,56;35,74;1,73;1,73;1,77;12018;11821;197;20798;20449;349;218
20260330;2024;07;TT;TODAS CONSOLIDADAS;02;2 ESTRELLAS;TACNA;230000;59;1363;2651;32,25;25,56;1,6;1,64;1,57;13124;6314;6810;21003;10328;10675;251
20260330;2024;07;TT;TODAS CONSOLIDADAS;02;2 ESTRELLAS;TUMBES;240000;11;237;437;20,44;16,97;1,46;1,46;1,44;1579;1536;43;2299;2237;62;61
20260330;2024;07;TT;TODAS CONSOLIDADAS;02;2 ESTRELLAS;UCAYALI;250000;4;131;240;15,39;9,97;1,61;1,61;1,44;462;453;9;742;729;13;27
20260330;2024;07;TT;TODAS CONSOLIDADAS;03;3 ESTRELLAS;AMAZONAS;010000;27;582;1048;22,72;19,2;1,55;1,51;2,13;4012;3704;308;6237;5582;655;140
20260330;2024;07;TT;TODAS CONSOLIDADAS;03;3 ESTRELLAS;ÁNCASH;020000;65;1771;3246;34,7;28,79;1,75;1,69;2,15;16577;14344;2233;28969;24175;4794;412
20260330;2024;07;TT;TODAS CONSOLIDADAS;03;3 ESTRELLAS;APURÍMAC;030000;7;225;377;42,55;35,03;1,58;1,58;1,62;2588;2324;264;4094;3666;428;60
20260330;2024;07;TT;TODAS CONSOLIDADAS;03;3 ESTRELLAS;AREQUIPA;040000;116;2816;5299;39,15;35,31;1,79;1,9;1,67;32484;16641;15843;58008;31616;26392;778
20260330;2024;07;TT;TODAS CONSOLIDADAS;03;3 ESTRELLAS;AYACUCHO;050000;10;241;451;21,7;19,8;2,02;2,02;1,96;1372;1223;149;2768;2476;292;67
20260330;2024;07;TT;TODAS CONSOLIDADAS;03;3 ESTRELLAS;CAJAMARCA;060000;124;3011;5068;23,22;17,28;1,41;1,4;1,62;19229;18555;674;27153;26064;1089;603
20260330;2024;07;TT;TODAS CONSOLIDADAS;03;3 ESTRELLAS;CALLAO;070000;4;233;391;32,58;32,62;1,32;1,33;1,31;2993;2082;911;3954;2763;1191;56
20260330;2024;07;TT;TODAS CONSOLIDADAS;03;3 ESTRELLAS;CUSCO;080000;110;3573;7032;55,14;50,51;1,75;1,71;1,77;62807;13478;49329;110100;23006;87094;1182
20260330;2024;07;TT;TODAS CONSOLIDADAS;03;3 ESTRELLAS;HUANCAVELICA;090000;2;65;108;10,67;8,03;1,51;1,5;2;178;174;4;269;261;8;10
20260330;2024;07;TT;TODAS CONSOLIDADAS;03;3 ESTRELLAS;HUÁNUCO;100000;19;679;1222;35,81;31,47;1,57;1,57;1,72;7574;7352;222;11923;11541;382;155
20260330;2024;07;TT;TODAS CONSOLIDADAS;03;3 ESTRELLAS;ICA;110000;113;3070;5916;38,48;29,58;1,4;1,47;1,28;38622;25651;12971;54247;37692;16555;688
20260330;2024;07;TT;TODAS CONSOLIDADAS;03;3 ESTRELLAS;JUNÍN;120000;23;826;1553;23,71;20,23;1,62;1,61;2,78;5997;5911;86;9740;9501;239;228
20260330;2024;07;TT;TODAS CONSOLIDADAS;03;3 ESTRELLAS;LA LIBERTAD;130000;121;3042;5842;32,02;25,66;1,45;1,41;2,04;32021;30134;1887;46468;42615;3853;711
20260330;2024;07;TT;TODAS CONSOLIDADAS;03;3 ESTRELLAS;LAMBAYEQUE;140000;60;1510;2447;31,55;27,07;1,4;1,39;1,6;14663;14129;534;20534;19679;855;336
20260330;2024;07;TT;TODAS CONSOLIDADAS;03;3 ESTRELLAS;LIMA;150000;191;9054;17297;44,69;38,92;1,72;1,45;2,07;121635;70077;51558;208687;101823;106864;2452
20260330;2024;07;TT;TODAS CONSOLIDADAS;03;3 ESTRELLAS;LORETO;160000;36;946;1620;31,18;30,66;2,12;2,08;2,25;7255;5375;1880;15398;11162;4236;267
20260330;2024;07;TT;TODAS CONSOLIDADAS;03;3 ESTRELLAS;MADRE DE DIOS;170000;6;224;405;33,99;38,18;1,46;1,71;1,15;3286;1809;1477;4794;3102;1692;61
20260330;2024;07;TT;TODAS CONSOLIDADAS;03;3 ESTRELLAS;MOQUEGUA;180000;19;550;943;26,22;19,8;1,6;1,59;1,66;3622;3432;190;5787;5472;315;108
20260330;2024;07;TT;TODAS CONSOLIDADAS;03;3 ESTRELLAS;PASCO;190000;9;180;325;22,87;33,33;1,58;1,58;1,39;2124;2106;18;3358;3333;25;28
20260330;2024;07;TT;TODAS CONSOLIDADAS;03;3 ESTRELLAS;PIURA;200000;22;761;1301;43,33;34,64;1,8;1,75;2,2;7743;6781;962;13969;11849;2120;229
20260330;2024;07;TT;TODAS CONSOLIDADAS;03;3 ESTRELLAS;PUNO;210000;38;1077;2021;36,73;32,6;1,46;1,53;1,42;14013;4450;9563;20425;6808;13617;230
20260330;2024;07;TT;TODAS CONSOLIDADAS;03;3 ESTRELLAS;SAN MARTÍN;220000;31;1017;1839;40,88;38,06;1,93;1,92;2,33;11249;10893;356;21699;20871;828;250
20260330;2024;07;TT;TODAS CONSOLIDADAS;03;3 ESTRELLAS;TACNA;230000;14;475;1029;37,75;31,74;1,92;1,9;1,93;5284;2245;3039;10125;4261;5864;120
20260330;2024;07;TT;TODAS CONSOLIDADAS;03;3 ESTRELLAS;TUMBES;240000;15;378;774;38,43;40,67;2,91;2,89;3,04;3352;2851;501;9759;8235;1524;146
20260330;2024;07;TT;TODAS CONSOLIDADAS;03;3 ESTRELLAS;UCAYALI;250000;17;572;962;32,34;26,74;1,97;2;1,6;4043;3798;245;7974;7583;391;136
20260330;2024;07;TT;TODAS CONSOLIDADAS;04;4 ESTRELLAS;APURÍMAC;030000;1;32;56;26,71;15,26;1,57;1,53;1,86;169;148;21;265;226;39;14
20260330;2024;07;TT;TODAS CONSOLIDADAS;04;4 ESTRELLAS;AREQUIPA;040000;12;577;1101;50,24;48,36;2,01;2,06;1,98;8206;3365;4841;16505;6918;9587;258
20260330;2024;07;TT;TODAS CONSOLIDADAS;04;4 ESTRELLAS;CAJAMARCA;060000;4;214;379;56,42;54,96;2,07;2,03;2,47;3119;2834;285;6457;5753;704;157
20260330;2024;07;TT;TODAS CONSOLIDADAS;04;4 ESTRELLAS;CALLAO;070000;2;371;599;90,55;97,24;1,32;1,27;1,32;13713;1890;11823;18056;2397;15659;130
20260330;2024;07;TT;TODAS CONSOLIDADAS;04;4 ESTRELLAS;CUSCO;080000;21;1609;3171;77,72;78,21;1,84;1,86;1,83;41891;4113;37778;76885;7669;69216;991
20260330;2024;07;TT;TODAS CONSOLIDADAS;04;4 ESTRELLAS;HUÁNUCO;100000;1;60;101;50,54;45,23;1,78;1,77;1,97;795;763;32;1416;1353;63;30
20260330;2024;07;TT;TODAS CONSOLIDADAS;04;4 ESTRELLAS;ICA;110000;8;814;1731;36,63;37,6;1,73;1,85;1,46;11675;8101;3574;20177;14948;5229;379
20260330;2024;07;TT;TODAS CONSOLIDADAS;04;4 ESTRELLAS;JUNÍN;120000;1;40;82;39,11;37,18;1,8;1,78;4;526;523;3;945;933;12;19
20260330;2024;07;TT;TODAS CONSOLIDADAS;04;4 ESTRELLAS;LA LIBERTAD;130000;4;318;546;46,37;50,76;1,86;1,76;2,36;4618;3808;810;8592;6684;1908;129
20260330;2024;07;TT;TODAS CONSOLIDADAS;04;4 ESTRELLAS;LAMBAYEQUE;140000;5;359;618;64,74;62,77;1,55;1,51;1,8;7769;6808;961;12025;10294;1731;283
20260330;2024;07;TT;TODAS CONSOLIDADAS;04;4 ESTRELLAS;LIMA;150000;51;4884;8999;49,13;49,62;2,16;1,71;2,46;64019;25322;38697;138430;43358;95072;2065
20260330;2024;07;TT;TODAS CONSOLIDADAS;04;4 ESTRELLAS;LORETO;160000;4;149;226;39,38;41,02;1,86;1,93;1,74;1545;962;583;2874;1857;1017;69
20260330;2024;07;TT;TODAS CONSOLIDADAS;04;4 ESTRELLAS;MOQUEGUA;180000;2;123;234;52,4;74,21;6,83;7,47;2,57;788;685;103;5383;5118;265;60
20260330;2024;07;TT;TODAS CONSOLIDADAS;04;4 ESTRELLAS;PIURA;200000;4;393;744;52,12;42,58;2;1,94;2,25;4901;3844;1057;9821;7447;2374;140
20260330;2024;07;TT;TODAS CONSOLIDADAS;04;4 ESTRELLAS;PUNO;210000;8;508;961;43,4;44,37;1,67;1,77;1,65;7929;1025;6904;13219;1816;11403;196
20260330;2024;07;TT;TODAS CONSOLIDADAS;04;4 ESTRELLAS;SAN MARTÍN;220000;2;82;138;47,84;55,31;2,08;2,05;2,41;1138;1043;95;2366;2137;229;38
20260330;2024;07;TT;TODAS CONSOLIDADAS;04;4 ESTRELLAS;TACNA;230000;3;275;541;41,63;39,41;1,6;1,71;1,54;4129;1459;2670;6610;2490;4120;96
20260330;2024;07;TT;TODAS CONSOLIDADAS;04;4 ESTRELLAS;TUMBES;240000;6;667;1621;57,66;60,16;2,55;2,54;2,57;11865;8752;3113;30231;22217;8014;621
20260330;2024;07;TT;TODAS CONSOLIDADAS;04;4 ESTRELLAS;UCAYALI;250000;5;288;513;46,86;42,65;2,23;2,19;2,4;3047;2510;537;6782;5494;1288;120
20260330;2024;07;TT;TODAS CONSOLIDADAS;05;5 ESTRELLAS;AREQUIPA;040000;3;241;352;58,12;62,47;1,98;1,89;2,1;3440;1894;1546;6817;3574;3243;184
20260330;2024;07;TT;TODAS CONSOLIDADAS;05;5 ESTRELLAS;CUSCO;080000;15;1283;2519;69,81;67,29;1,66;2,03;1,61;31733;3565;28168;52545;7229;45316;1260
20260330;2024;07;TT;TODAS CONSOLIDADAS;05;5 ESTRELLAS;ICA;110000;5;488;1177;44,22;43,32;1,84;1,88;1,75;8574;6157;2417;15805;11573;4232;512
20260330;2024;07;TT;TODAS CONSOLIDADAS;05;5 ESTRELLAS;LA LIBERTAD;130000;2;267;450;45,29;45,91;1,77;1,68;2,22;3619;3036;583;6405;5112;1293;187
20260330;2024;07;TT;TODAS CONSOLIDADAS;05;5 ESTRELLAS;LIMA;150000;31;5057;8811;47,22;39,03;2,37;1,75;2,57;44918;10942;33976;106601;19190;87411;3441
20260330;2024;07;TT;TODAS CONSOLIDADAS;05;5 ESTRELLAS;LORETO;160000;1;60;89;64,95;80,9;1,67;1,87;1,48;1333;658;675;2232;1231;1001;54
20260330;2024;07;TT;TODAS CONSOLIDADAS;05;5 ESTRELLAS;PIURA;200000;1;83;166;73,3;60,92;1,97;1,84;2,39;1595;1228;367;3135;2257;878;82
20260330;2024;07;TT;TODAS CONSOLIDADAS;05;5 ESTRELLAS;PUNO;210000;1;123;231;45,48;65,41;1,39;1,53;1,37;3363;441;2922;4684;674;4010;32
20260330;2024;07;TT;TODAS CONSOLIDADAS;05;5 ESTRELLAS;SAN MARTÍN;220000;1;50;108;55,55;80,02;2,1;2,12;1,65;1274;1228;46;2679;2603;76;63
20260330;2024;07;TT;TODAS CONSOLIDADAS;05;5 ESTRELLAS;UCAYALI;250000;2;162;300;42,15;38,44;2,13;2,15;1,99;1679;1468;211;3575;3156;419;73
20260330;2024;07;TT;TODAS CONSOLIDADAS;12;ALBERGUE;AMAZONAS;010000;1;6;11;0;0;0;0;0;0;0;0;0;0;0;0
20260330;2024;07;TT;TODAS CONSOLIDADAS;12;ALBERGUE;ÁNCASH;020000;7;68;149;34,58;27,54;2,13;2,07;2,28;596;411;185;1272;850;422;18
20260330;2024;07;TT;TODAS CONSOLIDADAS;12;ALBERGUE;AREQUIPA;040000;10;142;332;48,52;44,05;1,43;1,4;1,45;3164;850;2314;4534;1190;3344;116
20260330;2024;07;TT;TODAS CONSOLIDADAS;12;ALBERGUE;AYACUCHO;050000;1;10;20;0;0;0;0;0;0;0;0;0;0;0;0
20260330;2024;07;TT;TODAS CONSOLIDADAS;12;ALBERGUE;CAJAMARCA;060000;1;11;22;0;0;0;0;0;0;0;0;0;0;0;0
20260330;2024;07;TT;TODAS CONSOLIDADAS;12;ALBERGUE;CUSCO;080000;16;372;657;42,95;39,65;1,46;1,66;1,46;5517;110;5407;8076;183;7893;159
20260330;2024;07;TT;TODAS CONSOLIDADAS;12;ALBERGUE;HUANCAVELICA;090000;1;14;47;31,34;24,02;2,54;2,54;0;138;138;0;350;350;0;18
20260330;2024;07;TT;TODAS CONSOLIDADAS;12;ALBERGUE;HUÁNUCO;100000;7;92;128;0;0;0;0;0;0;0;0;0;0;0;0
20260330;2024;07;TT;TODAS CONSOLIDADAS;12;ALBERGUE;ICA;110000;6;82;212;75,57;52,13;1,16;1,16;1,16;2963;2474;489;3426;2861;565;22
20260330;2024;07;TT;TODAS CONSOLIDADAS;12;ALBERGUE;JUNÍN;120000;1;32;104;55,85;51,36;2;1,98;2,31;829;793;36;1656;1573;83;20
20260330;2024;07;TT;TODAS CONSOLIDADAS;12;ALBERGUE;LA LIBERTAD;130000;1;15;27;55,48;44,44;1,81;1,84;1,29;206;192;14;372;354;18;4
20260330;2024;07;TT;TODAS CONSOLIDADAS;12;ALBERGUE;LIMA;150000;8;136;528;19,76;20,71;2,49;2,56;2,32;1363;930;433;3389;2385;1004;25
20260330;2024;07;TT;TODAS CONSOLIDADAS;12;ALBERGUE;LORETO;160000;62;863;1709;23,18;25,85;2,11;1,8;2,22;6479;1624;4855;13693;2925;10768;304
20260330;2024;07;TT;TODAS CONSOLIDADAS;12;ALBERGUE;MADRE DE DIOS;170000;15;357;713;24,94;38,87;2,44;1,71;2,54;3521;432;3089;8592;740;7852;238
20260330;2024;07;TT;TODAS CONSOLIDADAS;12;ALBERGUE;PASCO;190000;26;320;850;26,11;23,61;1,5;1,49;2,29;4139;4083;56;6221;6093;128;80
20260330;2024;07;TT;TODAS CONSOLIDADAS;12;ALBERGUE;PUNO;210000;1;13;35;0;0;0;0;0;0;0;0;0;0;0;0
20260330;2024;07;TT;TODAS CONSOLIDADAS;12;ALBERGUE;SAN MARTÍN;220000;11;159;352;59,34;54,77;2,31;2,27;2,48;2588;2087;501;5976;4733;1243;46
20260330;2024;07;TT;TODAS CONSOLIDADAS;12;ALBERGUE;UCAYALI;250000;4;37;101;18,4;10,99;1,29;1,27;1,34;266;184;82;344;234;110;26
20260330;2024;07;TT;TODAS CONSOLIDADAS;13;ECOLODGE;AREQUIPA;040000;1;23;51;26,09;27,89;1,27;1,53;1,24;348;38;310;441;58;383;7
20260330;2024;07;TT;TODAS CONSOLIDADAS;TT;TODAS CONSOLIDADAS;AMAZONAS;010000;442;5597;8982;18,98;16,03;1,33;1,32;1,76;36517;35156;1361;48107;45626;2481;1024
20260330;2024;07;TT;TODAS CONSOLIDADAS;TT;TODAS CONSOLIDADAS;AREQUIPA;040000;1648;18907;32857;22,75;20,58;1,49;1,46;1,57;157842;107000;50842;244230;160877;83353;3359
20260330;2024;07;TT;TODAS CONSOLIDADAS;TT;TODAS CONSOLIDADAS;AYACUCHO;050000;656;6746;11121;17,72;13,77;1,29;1,29;1,43;36380;35488;892;49131;47650;1481;884
20260330;2024;07;TT;TODAS CONSOLIDADAS;TT;TODAS CONSOLIDADAS;CAJAMARCA;060000;1089;14382;23278;17,69;13,37;1,26;1,26;1,45;84387;82943;1444;110957;108472;2485;2193
20260330;2024;07;TT;TODAS CONSOLIDADAS;TT;TODAS CONSOLIDADAS;CALLAO;070000;292;4783;8798;44,51;42,63;1,01;1,01;1,01;185992;170837;15154;192228;172837;19390;1376
20260330;2024;07;TT;TODAS CONSOLIDADAS;TT;TODAS CONSOLIDADAS;CUSCO;080000;2278;28300;51641;33,65;31,03;1,75;1,51;1,95;340917;110932;229985;594311;170333;423978;7844
20260330;2024;07;TT;TODAS CONSOLIDADAS;TT;TODAS CONSOLIDADAS;HUANCAVELICA;090000;247;2768;4265;17,52;14,07;1,12;1,12;1,41;16603;16532;71;18927;18824;103;325
20260330;2024;07;TT;TODAS CONSOLIDADAS;TT;TODAS CONSOLIDADAS;HUÁNUCO;100000;639;8730;13489;21,45;17,74;1,18;1,18;1,29;69954;69539;415;88891;88212;679;1295
20260330;2024;07;TT;TODAS CONSOLIDADAS;TT;TODAS CONSOLIDADAS;ICA;110000;1084;15617;27824;25,49;19,15;1,27;1,3;1,17;147758;116749;31009;196457;156520;39937;3553
20260330;2024;07;TT;TODAS CONSOLIDADAS;TT;TODAS CONSOLIDADAS;JUNÍN;120000;1617;17862;29756;26,73;21,69;1,2;1,2;1,7;163277;161996;1281;199897;197622;2275;3306
20260330;2024;07;TT;TODAS CONSOLIDADAS;TT;TODAS CONSOLIDADAS;LA LIBERTAD;130000;1304;14134;24715;14,66;12,91;1,1;1,09;1,21;103775;99417;4358;131133;122767;8366;2110
20260330;2024;07;TT;TODAS CONSOLIDADAS;TT;TODAS CONSOLIDADAS;LAMBAYEQUE;140000;753;10864;16190;19,41;15,95;1,13;1,13;1,2;78578;76347;2231;94811;91364;3447;1934
20260330;2024;07;TT;TODAS CONSOLIDADAS;TT;TODAS CONSOLIDADAS;LIMA;150000;7751;84967;149905;23,96;22,24;1,09;1,08;1,17;2976405;2796720;179686;3395586;3035428;360158;44085
20260330;2024;07;TT;TODAS CONSOLIDADAS;TT;TODAS CONSOLIDADAS;LORETO;160000;919;9250;14972;13,62;12,01;1,8;1,65;2,01;36830;21323;15507;69677;37757;31920;1508
20260330;2024;07;TT;TODAS CONSOLIDADAS;TT;TODAS CONSOLIDADAS;MADRE DE DIOS;170000;389;5754;9740;27,9;22,94;1,34;1,21;1,98;52855;42039;10816;72703;50954;21749;1252
20260330;2024;07;TT;TODAS CONSOLIDADAS;TT;TODAS CONSOLIDADAS;MOQUEGUA;180000;297;4244;7167;19,96;16,75;1,49;1,49;1,35;25313;24526;787;41651;40333;1318;743
20260330;2024;07;TT;TODAS CONSOLIDADAS;TT;TODAS CONSOLIDADAS;PASCO;190000;471;5636;9530;23,46;19,41;1,23;1,23;1,7;47386;47177;209;60177;59810;367;1017
20260330;2024;07;TT;TODAS CONSOLIDADAS;TT;TODAS CONSOLIDADAS;PIURA;200000;1236;12858;23037;32,78;25,22;1,71;1,57;2,41;108162;91480;16682;187320;147236;40084;2727
20260330;2024;07;TT;TODAS CONSOLIDADAS;TT;TODAS CONSOLIDADAS;PUNO;210000;1015;11325;19694;22,98;19,74;1,2;1,2;1,22;105115;78864;26251;132754;95122;37632;2151
20260330;2024;07;TT;TODAS CONSOLIDADAS;TT;TODAS CONSOLIDADAS;SAN MARTÍN;220000;979;11803;19070;27,19;23,54;1,34;1,33;1,54;106590;104028;2562;153644;148866;4778;1780
20260330;2024;07;TT;TODAS CONSOLIDADAS;TT;TODAS CONSOLIDADAS;TACNA;230000;519;6394;11917;17,47;14,81;1,35;1,33;1,39;46000;25013;20987;68067;36055;32012;973
20260330;2024;07;TT;TODAS CONSOLIDADAS;TT;TODAS CONSOLIDADAS;TUMBES;240000;284;3750;7549;16,88;15,5;1,67;1,65;1,92;28403;23657;4746;60860;49223;11637;1158
20260330;2024;07;TT;TODAS CONSOLIDADAS;TT;TODAS CONSOLIDADAS;UCAYALI;250000;578;6583;10448;29,63;29,59;3,81;3,85;1,89;29122;27688;1434;96398;93513;2885;1366
20260330;2024;08;00;NO CLASIFICADO;00;NO CATEGORIZADO;HUANCAVELICA;090000;239;2539;3865;16,42;13,27;1,1;1,1;1,15;14435;14415;20;15897;15874;23;280
20260330;2024;07;01;HOTEL;05;5 ESTRELLAS;AREQUIPA;040000;3;241;352;58,12;62,47;1,98;1,89;2,1;3440;1894;1546;6817;3574;3243;184
20260330;2024;07;03;HOSTAL;01;1 ESTRELLA;AREQUIPA;040000;51;759;1170;26,52;22,37;1,16;1,15;1,2;7016;6520;496;8113;7520;593;131
20260330;2024;07;16;ECOLODGE;13;ECOLODGE;AREQUIPA;040000;1;23;51;26,09;27,89;1,27;1,53;1,24;348;38;310;441;58;383;7
20260330;2024;07;01;HOTEL;TT;TODAS CONSOLIDADAS;APURÍMAC;030000;15;555;929;35,2;27,07;1,26;1,26;1,41;6169;5930;239;7796;7460;336;97
20260330;2024;07;TT;TODAS CONSOLIDADAS;TT;TODAS CONSOLIDADAS;APURÍMAC;030000;535;5353;8451;21,28;15,57;1,16;1,15;1,7;38169;37524;645;44979;43921;1058;587
20260330;2024;07;03;HOSTAL;TT;TODAS CONSOLIDADAS;ÁNCASH;020000;190;3065;5379;34,52;29,52;1,12;1,12;1,54;43758;43360;398;49222;48610;612;537
20260330;2024;07;TT;TODAS CONSOLIDADAS;TT;TODAS CONSOLIDADAS;ÁNCASH;020000;1055;13024;22622;21,87;18,96;1,29;1,25;1,67;116019;108909;7110;150610;137673;12938;1933
20260330;2024;08;00;NO CLASIFICADO;00;NO CATEGORIZADO;AMAZONAS;010000;314;2971;4667;15,02;11,87;1,3;1,28;1,55;13259;12641;618;17171;16216;955;542
20260330;2024;08;00;NO CLASIFICADO;00;NO CATEGORIZADO;ÁNCASH;020000;745;6506;10978;16,12;14,96;1,29;1,25;1,69;39348;35384;3963;50955;44254;6701;753
20260330;2024;08;00;NO CLASIFICADO;00;NO CATEGORIZADO;APURÍMAC;030000;506;4500;7060;20,04;14,49;1,14;1,14;1,21;27737;27586;151;31708;31526;182;444
20260330;2024;08;00;NO CLASIFICADO;00;NO CATEGORIZADO;AREQUIPA;040000;1280;10920;18483;22,49;20,22;1,52;1,5;1,57;76172;52220;23952;115874;78320;37554;1300
20260330;2024;08;00;NO CLASIFICADO;00;NO CATEGORIZADO;AYACUCHO;050000;604;5613;9060;17,01;13,5;1,24;1,24;1,55;30498;30030;468;37908;37183;725;672
20260330;2024;08;00;NO CLASIFICADO;00;NO CATEGORIZADO;CAJAMARCA;060000;737;6473;10372;11,78;8,44;1,2;1,2;1,74;22609;22524;85;27148;27000;148;676
20260330;2024;08;00;NO CLASIFICADO;00;NO CATEGORIZADO;CALLAO;070000;271;3733;6987;40,59;38,06;1,01;1,01;1,08;142760;140794;1966;143725;141594;2130;1128
20260330;2024;08;00;NO CLASIFICADO;00;NO CATEGORIZADO;CUSCO;080000;1993;18997;33834;27,63;25,99;1,69;1,46;1,85;161467;68384;93083;272616;100150;172466;3654
20260330;2024;08;00;NO CLASIFICADO;TT;TODAS CONSOLIDADAS;AMAZONAS;010000;314;2971;4667;15,02;11,87;1,3;1,28;1,55;13259;12641;618;17171;16216;955;542
20260330;2024;08;00;NO CLASIFICADO;TT;TODAS CONSOLIDADAS;ÁNCASH;020000;745;6506;10978;16,12;14,96;1,29;1,25;1,69;39348;35384;3963;50955;44254;6701;753
20260330;2024;08;00;NO CLASIFICADO;TT;TODAS CONSOLIDADAS;APURÍMAC;030000;506;4500;7060;20,04;14,49;1,14;1,14;1,21;27737;27586;151;31708;31526;182;444
20260330;2024;08;00;NO CLASIFICADO;TT;TODAS CONSOLIDADAS;AREQUIPA;040000;1280;10920;18483;22,49;20,22;1,52;1,5;1,57;76172;52220;23952;115874;78320;37554;1300
20260330;2024;08;00;NO CLASIFICADO;TT;TODAS CONSOLIDADAS;CAJAMARCA;060000;737;6473;10372;11,78;8,44;1,2;1,2;1,74;22609;22524;85;27148;27000;148;676
20260330;2024;08;00;NO CLASIFICADO;TT;TODAS CONSOLIDADAS;CALLAO;070000;271;3733;6987;40,59;38,06;1,01;1,01;1,08;142760;140794;1966;143725;141594;2130;1128
20260330;2024;08;00;NO CLASIFICADO;TT;TODAS CONSOLIDADAS;CUSCO;080000;1993;18997;33834;27,63;25,99;1,69;1,46;1,85;161467;68384;93083;272616;100150;172466;3654
20260330;2024;08;00;NO CLASIFICADO;TT;TODAS CONSOLIDADAS;HUANCAVELICA;090000;239;2539;3865;16,42;13,27;1,1;1,1;1,15;14435;14415;20;15897;15874;23;280
20260330;2024;08;01;HOTEL;01;1 ESTRELLA;AMAZONAS;010000;1;20;24;0;0;0;0;0;0;0;0;0;0;0;0
20260330;2024;08;01;HOTEL;01;1 ESTRELLA;ÁNCASH;020000;13;380;585;16,22;13,53;1,2;1,2;0;2039;2039;0;2453;2453;0;50
20260330;2024;08;01;HOTEL;01;1 ESTRELLA;APURÍMAC;030000;2;67;99;43,86;38,94;1,06;1,06;0;1123;1123;0;1195;1195;0;9
20260330;2024;08;01;HOTEL;01;1 ESTRELLA;AREQUIPA;040000;7;239;401;24,98;22,93;1,08;1,08;1,05;2637;2578;59;2850;2788;62;40
20260330;2024;08;01;HOTEL;01;1 ESTRELLA;CAJAMARCA;060000;6;153;287;10,77;9,22;1,38;1,38;0;593;593;0;820;820;0;25
20260330;2024;08;01;HOTEL;01;1 ESTRELLA;CUSCO;080000;4;118;193;18,34;18,25;1,08;1,08;0;1015;1015;0;1092;1092;0;19
20260330;2024;08;01;HOTEL;01;1 ESTRELLA;TACNA;230000;3;102;211;2,85;2,4;1,71;1,71;0;92;92;0;157;157;0;12
20260330;2024;08;00;NO CLASIFICADO;00;NO CATEGORIZADO;HUÁNUCO;100000;497;5275;7930;19,84;16,25;1,14;1,14;1,59;34891;34795;96;39941;39788;153;651
20260330;2024;08;00;NO CLASIFICADO;TT;TODAS CONSOLIDADAS;HUÁNUCO;100000;497;5275;7930;19,84;16,25;1,14;1,14;1,59;34891;34795;96;39941;39788;153;651
20260330;2024;08;01;HOTEL;01;1 ESTRELLA;HUÁNUCO;100000;8;241;369;37,69;25,26;1,05;1,05;0;2754;2754;0;2890;2890;0;35
20260330;2024;08;00;NO CLASIFICADO;00;NO CATEGORIZADO;ICA;110000;792;8018;13539;21,32;16,06;1,23;1,26;1,13;54807;43633;11174;67419;54766;12653;1492
20260330;2024;08;00;NO CLASIFICADO;TT;TODAS CONSOLIDADAS;ICA;110000;792;8018;13539;21,32;16,06;1,23;1,26;1,13;54807;43633;11174;67419;54766;12653;1492
20260330;2024;08;01;HOTEL;01;1 ESTRELLA;ICA;110000;8;223;401;8,75;8,22;1;1;1;1022;895;127;1022;895;127;33
20260330;2024;08;00;NO CLASIFICADO;00;NO CATEGORIZADO;JUNÍN;120000;1527;15339;24967;26;20,11;1,19;1,19;1,66;131035;130442;593;155619;154637;982;2773
20260330;2024;08;00;NO CLASIFICADO;TT;TODAS CONSOLIDADAS;JUNÍN;120000;1527;15339;24967;26;20,11;1,19;1,19;1,66;131035;130442;593;155619;154637;982;2773
20260330;2024;08;01;HOTEL;01;1 ESTRELLA;JUNÍN;120000;5;221;475;16,51;10,03;1,37;1,37;0;1075;1075;0;1477;1477;0;22
20260330;2024;08;00;NO CLASIFICADO;00;NO CATEGORIZADO;LA LIBERTAD;130000;1005;7448;12463;10,45;7,3;1,12;1,12;1,15;25190;23315;1875;28199;26042;2157;555
20260330;2024;08;00;NO CLASIFICADO;TT;TODAS CONSOLIDADAS;LA LIBERTAD;130000;1005;7448;12463;10,45;7,3;1,12;1,12;1,15;25190;23315;1875;28199;26042;2157;555
20260330;2024;08;01;HOTEL;01;1 ESTRELLA;LA LIBERTAD;130000;5;130;223;14,99;11,92;1;1;1;824;823;1;824;823;1;21
20260330;2024;08;00;NO CLASIFICADO;00;NO CATEGORIZADO;LAMBAYEQUE;140000;452;4482;6510;17,37;14,43;1,11;1,11;1,11;26189;25596;593;29121;28460;661;551
20260330;2024;08;00;NO CLASIFICADO;TT;TODAS CONSOLIDADAS;LAMBAYEQUE;140000;452;4482;6510;17,37;14,43;1,11;1,11;1,11;26189;25596;593;29121;28460;661;551
20260330;2024;08;01;HOTEL;01;1 ESTRELLA;LAMBAYEQUE;140000;3;83;90;2,76;2,22;1;1;0;62;62;0;62;62;0;14
20260330;2024;08;00;NO CLASIFICADO;00;NO CATEGORIZADO;LIMA;150000;7142;55509;95212;22,54;21,44;1,05;1,05;1,07;2582947;2525754;57193;2717331;2656310;61021;33710
20260330;2024;08;00;NO CLASIFICADO;TT;TODAS CONSOLIDADAS;LIMA;150000;7142;55509;95212;22,54;21,44;1,05;1,05;1,07;2582947;2525754;57193;2717331;2656310;61021;33710
20260330;2024;08;01;HOTEL;01;1 ESTRELLA;LIMA;150000;12;428;752;32,7;31,73;1,07;1,07;1,06;6753;6702;51;7200;7146;54;63
20260330;2024;08;00;NO CLASIFICADO;00;NO CATEGORIZADO;LORETO;160000;795;6815;10656;12,26;9,64;1,81;1,82;1,78;17650;11214;6436;31859;20421;11438;695
20260330;2024;08;00;NO CLASIFICADO;TT;TODAS CONSOLIDADAS;LORETO;160000;795;6815;10656;12,26;9,64;1,81;1,82;1,78;17650;11214;6436;31859;20421;11438;695
20260330;2024;08;00;NO CLASIFICADO;00;NO CATEGORIZADO;MADRE DE DIOS;170000;344;4529;7505;27,21;25,2;1,35;1,21;1,85;43398;34008;9390;58620;41292;17328;824
20260330;2024;08;01;HOTEL;01;1 ESTRELLA;MADRE DE DIOS;170000;5;145;258;35,46;30,71;1;1;1;2456;2412;44;2456;2412;44;21
20260330;2024;08;00;NO CLASIFICADO;00;NO CATEGORIZADO;MOQUEGUA;180000;168;1724;2935;20,04;14,99;1,2;1,21;1,06;11337;11192;145;13643;13489;154;305
20260330;2024;08;01;HOTEL;01;1 ESTRELLA;MOQUEGUA;180000;2;64;85;14,87;11,2;1,16;1,16;1;255;250;5;295;290;5;8
20260330;2024;08;00;NO CLASIFICADO;00;NO CATEGORIZADO;PASCO;190000;390;4133;6655;21,5;19,49;1,22;1,22;1,62;32961;32864;97;40205;40048;157;759
20260330;2024;08;00;NO CLASIFICADO;TT;TODAS CONSOLIDADAS;PASCO;190000;390;4133;6655;21,5;19,49;1,22;1,22;1,62;32961;32864;97;40205;40048;157;759
20260330;2024;08;01;HOTEL;01;1 ESTRELLA;PASCO;190000;6;176;276;18,73;15,37;1,21;1,21;0;1089;1089;0;1315;1315;0;27
20260330;2024;08;00;NO CLASIFICADO;00;NO CATEGORIZADO;PIURA;200000;1162;10612;19118;28,77;25,17;1,55;1,43;1,87;96235;69587;26648;149181;99445;49736;2052
20260330;2024;08;00;NO CLASIFICADO;00;NO CATEGORIZADO;PUNO;210000;836;7348;12349;23,15;19,8;1,2;1,2;1,22;63153;58744;4409;75794;70421;5373;1334
20260330;2024;08;00;NO CLASIFICADO;TT;TODAS CONSOLIDADAS;PUNO;210000;836;7348;12349;23,15;19,8;1,2;1,2;1,22;63153;58744;4409;75794;70421;5373;1334
20260330;2024;08;01;HOTEL;01;1 ESTRELLA;PUNO;210000;5;122;215;17,64;16,29;1,41;1,42;1,17;772;743;29;1086;1052;34;20
20260330;2024;08;00;NO CLASIFICADO;00;NO CATEGORIZADO;SAN MARTÍN;220000;873;9184;14432;26,21;22,17;1,35;1,35;1,67;73316;72373;943;99166;97594;1572;1122
20260330;2024;08;01;HOTEL;01;1 ESTRELLA;SAN MARTÍN;220000;7;150;223;35,46;35,06;1,34;1,34;0;1812;1812;0;2424;2424;0;27
20260330;2024;08;00;NO CLASIFICADO;00;NO CATEGORIZADO;TACNA;230000;430;3995;7162;12,93;9,95;1,23;1,2;1,28;18024;11738;6286;22082;14043;8039;465
20260330;2024;08;00;NO CLASIFICADO;TT;TODAS CONSOLIDADAS;TACNA;230000;430;3995;7162;12,93;9,95;1,23;1,2;1,28;18024;11738;6286;22082;14043;8039;465
20260330;2024;08;00;NO CLASIFICADO;00;NO CATEGORIZADO;TUMBES;240000;250;2431;4624;17,72;15,25;1,56;1,47;2,09;14053;12095;1958;21867;17774;4093;327
20260330;2024;08;00;NO CLASIFICADO;TT;TODAS CONSOLIDADAS;TUMBES;240000;250;2431;4624;17,72;15,25;1,56;1,47;2,09;14053;12095;1958;21867;17774;4093;327
20260330;2024;08;00;NO CLASIFICADO;00;NO CATEGORIZADO;UCAYALI;250000;546;5393;8332;27,73;27,4;3,28;3,31;2,03;21559;21120;439;70776;69885;891;981
20260330;2024;08;00;NO CLASIFICADO;TT;TODAS CONSOLIDADAS;UCAYALI;250000;546;5393;8332;27,73;27,4;3,28;3,31;2,03;21559;21120;439;70776;69885;891;981
20260330;2024;08;00;NO CLASIFICADO;TT;TODAS CONSOLIDADAS;AYACUCHO;050000;604;5613;9060;17,01;13,5;1,24;1,24;1,55;30498;30030;468;37908;37183;725;672
20260330;2024;08;00;NO CLASIFICADO;TT;TODAS CONSOLIDADAS;MADRE DE DIOS;170000;344;4529;7505;27,21;25,2;1,35;1,21;1,85;43398;34008;9390;58620;41292;17328;824
20260330;2024;08;00;NO CLASIFICADO;TT;TODAS CONSOLIDADAS;MOQUEGUA;180000;168;1724;2935;20,04;14,99;1,2;1,21;1,06;11337;11192;145;13643;13489;154;305
20260330;2024;08;00;NO CLASIFICADO;TT;TODAS CONSOLIDADAS;PIURA;200000;1162;10612;19118;28,77;25,17;1,55;1,43;1,87;96235;69587;26648;149181;99445;49736;2052
20260330;2024;08;01;HOTEL;01;1 ESTRELLA;PIURA;200000;2;40;77;5;20,23;1,17;1,17;0;413;413;0;483;483;0;6
20260330;2024;08;00;NO CLASIFICADO;TT;TODAS CONSOLIDADAS;SAN MARTÍN;220000;873;9184;14432;26,21;22,17;1,35;1,35;1,67;73316;72373;943;99166;97594;1572;1122
20260330;2024;08;01;HOTEL;01;1 ESTRELLA;AYACUCHO;050000;8;200;353;14,13;12,48;1,86;1,86;1;735;733;2;1366;1364;2;35
20260330;2024;08;01;HOTEL;01;1 ESTRELLA;TUMBES;240000;2;47;100;0;0;0;0;0;0;0;0;0;0;0;0
20260330;2024;08;01;HOTEL;02;2 ESTRELLAS;AMAZONAS;010000;36;974;1603;28,39;25,42;1,23;1,23;1,93;10238;10141;97;12631;12444;187;158
20260330;2024;08;01;HOTEL;02;2 ESTRELLAS;ÁNCASH;020000;61;1624;2985;24,38;19,44;1,69;1,67;1,89;10646;9596;1050;17986;15997;1989;250
20260330;2024;08;01;HOTEL;02;2 ESTRELLAS;APURÍMAC;030000;7;278;475;31,23;23,69;1,13;1,13;1,07;3101;3086;15;3489;3473;16;28
20260330;2024;08;01;HOTEL;02;2 ESTRELLAS;AREQUIPA;040000;42;1173;2068;22,47;20,09;1,38;1,44;1,23;9316;6868;2448;12877;9862;3015;195
20260330;2024;08;01;HOTEL;02;2 ESTRELLAS;AYACUCHO;050000;8;328;569;21,99;20,75;1,94;1,94;1,98;1887;1845;42;3660;3577;83;45
20260330;2024;08;01;HOTEL;02;2 ESTRELLAS;CAJAMARCA;060000;65;1783;2829;25,37;19,02;1,23;1,23;1,17;13606;13528;78;16678;16587;91;254
20260330;2024;08;01;HOTEL;02;2 ESTRELLAS;CALLAO;070000;1;40;67;29,92;33,8;1,2;1,24;1,2;583;74;509;702;92;610;6
20260330;2024;08;01;HOTEL;02;2 ESTRELLAS;CUSCO;080000;48;1211;2262;30,01;29,14;1,69;1,42;1,88;12067;4885;7182;20431;6945;13486;394
20260330;2024;08;01;HOTEL;02;2 ESTRELLAS;HUANCAVELICA;090000;2;40;69;40,32;38,71;1,62;1,62;1,29;512;505;7;828;819;9;9
20260330;2024;08;01;HOTEL;02;2 ESTRELLAS;HUÁNUCO;100000;53;1629;2565;36,8;29,86;1,3;1,3;1,62;18196;18094;102;23741;23576;165;266
20260330;2024;08;01;HOTEL;02;2 ESTRELLAS;ICA;110000;55;1566;2750;19,61;15,22;1,02;1,02;1;12673;12324;349;12975;12626;349;238
20260330;2024;08;01;HOTEL;02;2 ESTRELLAS;JUNÍN;120000;29;884;1586;25,63;19,53;1,3;1,29;1,54;7416;7309;107;9604;9439;165;137
20260330;2024;08;01;HOTEL;02;2 ESTRELLAS;LA LIBERTAD;130000;21;525;900;29,74;27,19;1,17;1,13;1,55;6475;5807;668;7585;6548;1037;96
20260330;2024;08;01;HOTEL;02;2 ESTRELLAS;LAMBAYEQUE;140000;72;2162;3292;16,17;12,79;1,12;1,12;1,23;11629;11535;94;13053;12937;116;303
20260330;2024;08;01;HOTEL;02;2 ESTRELLAS;LIMA;150000;123;5451;10283;39,28;33,91;1,44;1,43;1,59;97597;94214;3384;140354;134962;5392;1161
20260330;2024;08;01;HOTEL;02;2 ESTRELLAS;LORETO;160000;9;210;352;20,83;16,05;1,41;1,4;1,6;1240;1142;98;1751;1594;157;42
20260330;2024;08;01;HOTEL;02;2 ESTRELLAS;MADRE DE DIOS;170000;9;243;429;27,47;24,23;1,37;1,32;1,73;2347;2026;321;3223;2668;555;46
20260330;2024;08;01;HOTEL;02;2 ESTRELLAS;MOQUEGUA;180000;25;612;1041;25,33;19,45;1,58;1,57;1,65;3981;3791;190;6276;5962;314;120
20260330;2024;08;01;HOTEL;02;2 ESTRELLAS;PASCO;190000;6;191;377;42,9;40,1;1,64;1,64;0;2849;2849;0;4686;4686;0;30
20260330;2024;08;01;HOTEL;02;2 ESTRELLAS;PIURA;200000;17;414;686;30,64;26,27;2,08;2,08;2,11;2687;2461;226;5587;5110;477;78
20260330;2024;08;01;HOTEL;02;2 ESTRELLAS;PUNO;210000;32;749;1311;16,15;12,66;1,25;1,19;1,58;4119;3541;578;5145;4230;915;103
20260330;2024;08;01;HOTEL;02;2 ESTRELLAS;SAN MARTÍN;220000;28;777;1340;44,6;40,59;1,91;1,9;2,2;8809;8529;280;16860;16244;616;146
20260330;2024;08;01;HOTEL;02;2 ESTRELLAS;TACNA;230000;31;890;1744;27,73;24,1;1,46;1,48;1,44;8918;4749;4169;13027;7017;6010;164
20260330;2024;08;01;HOTEL;02;2 ESTRELLAS;TUMBES;240000;6;171;306;24,58;15,19;1,74;1,74;0;830;830;0;1441;1441;0;40
20260330;2024;08;01;HOTEL;02;2 ESTRELLAS;UCAYALI;250000;2;63;116;11,78;10,79;2,75;2,67;5;141;136;5;388;363;25;11
20260330;2024;08;01;HOTEL;03;3 ESTRELLAS;AMAZONAS;010000;19;470;836;22,43;18,56;1,49;1,45;2;3229;2989;240;4809;4328;481;111
20260330;2024;08;01;HOTEL;03;3 ESTRELLAS;ÁNCASH;020000;42;1424;2563;35,41;28,39;1,78;1,7;2,32;12703;11114;1589;22558;18870;3688;338
20260330;2024;08;01;HOTEL;03;3 ESTRELLAS;APURÍMAC;030000;5;178;298;43,91;33,09;1,35;1,35;1,32;2265;1938;327;3057;2624;433;46
20260330;2024;08;01;HOTEL;03;3 ESTRELLAS;AREQUIPA;040000;70;2100;3965;46,11;40,51;1,77;1,99;1,58;28155;12792;15363;49787;25471;24316;588
20260330;2024;08;01;HOTEL;03;3 ESTRELLAS;AYACUCHO;050000;7;190;351;16,38;14,79;1,85;1,86;1,77;870;751;119;1609;1398;211;45
20260330;2024;08;01;HOTEL;03;3 ESTRELLAS;CAJAMARCA;060000;70;2199;3714;21,43;15,04;1,43;1,43;1,57;12100;11603;497;17318;16537;781;413
20260330;2024;08;01;HOTEL;03;3 ESTRELLAS;CALLAO;070000;4;233;391;34,22;33,92;1,29;1,32;1,23;3184;2063;1121;4111;2728;1383;56
20260330;2024;08;01;HOTEL;03;3 ESTRELLAS;CUSCO;080000;90;3235;6352;54,85;49,57;1,74;1,79;1,73;55999;10967;45032;97602;19649;77953;1118
20260330;2024;08;01;HOTEL;03;3 ESTRELLAS;HUANCAVELICA;090000;2;65;108;10,67;8,27;1,4;1,36;2,1;198;188;10;277;256;21;10
20260330;2024;08;01;HOTEL;03;3 ESTRELLAS;HUÁNUCO;100000;18;648;1183;34,37;28,07;1,43;1,43;1,4;7191;6866;325;10295;9839;456;155
20260330;2024;08;01;HOTEL;03;3 ESTRELLAS;ICA;110000;68;2342;4549;43,77;35,74;1,45;1,56;1,27;34781;21471;13310;50399;33449;16950;534
20260330;2024;08;01;HOTEL;03;3 ESTRELLAS;JUNÍN;120000;20;769;1464;19,53;17,41;1,51;1,51;1,62;5217;5156;61;7903;7804;99;195
20260330;2024;08;01;HOTEL;03;3 ESTRELLAS;LA LIBERTAD;130000;76;2207;4204;34,91;26,29;1,75;1,71;2,16;19628;17967;1661;34265;30677;3588;552
20260330;2024;08;01;HOTEL;03;3 ESTRELLAS;LAMBAYEQUE;140000;36;1177;1965;32,77;28,54;1,48;1,47;1,8;11714;11172;542;17385;16412;973;252
20260330;2024;08;01;HOTEL;03;3 ESTRELLAS;LIMA;150000;160;8191;15803;50,99;43,68;1,79;1,53;2,1;119649;65089;54560;214001;99325;114676;2292
20260330;2024;08;01;HOTEL;03;3 ESTRELLAS;LORETO;160000;27;789;1352;41,29;35,85;2,1;2,14;1,94;7162;5552;1610;15025;11907;3118;236
20260330;2024;08;01;HOTEL;03;3 ESTRELLAS;MADRE DE DIOS;170000;5;203;378;32,18;32,96;1,72;1,8;1,54;2248;1514;734;3862;2729;1133;59
20260330;2024;08;01;HOTEL;03;3 ESTRELLAS;MOQUEGUA;180000;12;381;616;30,44;22,25;1,48;1,47;1,68;2876;2762;114;4248;4057;191;84
20260330;2024;08;01;HOTEL;03;3 ESTRELLAS;PASCO;190000;6;144;264;17,5;25,15;1,55;1,55;1,64;1330;1297;33;2058;2004;54;19
20260330;2024;08;01;HOTEL;03;3 ESTRELLAS;PIURA;200000;20;719;1207;45,79;38,06;1,74;1,66;2,27;8183;7080;1103;14241;11742;2499;209
20260330;2024;08;01;HOTEL;03;3 ESTRELLAS;PUNO;210000;27;864;1651;46,19;41,83;1,44;1,5;1,43;14825;3403;11422;21409;5108;16301;185
20260330;2024;08;01;HOTEL;03;3 ESTRELLAS;SAN MARTÍN;220000;26;936;1651;39,75;35,48;1,94;1,94;1,98;9351;9086;265;18157;17633;524;212
20260330;2024;08;01;HOTEL;03;3 ESTRELLAS;TACNA;230000;10;397;851;32,85;25,12;1,74;1,74;1,73;3812;2123;1689;6626;3702;2924;103
20260330;2024;08;01;HOTEL;03;3 ESTRELLAS;TUMBES;240000;9;284;565;50,93;50,2;3,04;3,06;2,99;2890;2274;616;8792;6951;1841;124
20260330;2024;08;01;HOTEL;03;3 ESTRELLAS;UCAYALI;250000;15;541;903;39,06;35,06;2,2;2,23;1,65;4460;4200;260;9815;9385;430;130
20260330;2024;08;01;HOTEL;04;4 ESTRELLAS;APURÍMAC;030000;1;32;56;31,45;17,97;1,77;1,72;2,19;176;155;21;312;266;46;14
20260330;2024;08;01;HOTEL;04;4 ESTRELLAS;AREQUIPA;040000;11;558;1066;61,03;56,82;1,83;2,04;1,7;10269;3892;6377;18777;7937;10840;261
20260330;2024;08;01;HOTEL;04;4 ESTRELLAS;CAJAMARCA;060000;4;214;379;59,81;57,27;2,13;2,15;2,03;3153;2804;349;6729;6019;710;158
20260330;2024;08;01;HOTEL;04;4 ESTRELLAS;CALLAO;070000;2;371;599;93,83;89,01;1,28;1,25;1,28;12952;2071;10881;16528;2582;13946;130
20260330;2024;08;01;HOTEL;04;4 ESTRELLAS;CUSCO;080000;21;1609;3170;78,29;74,46;1,77;1,81;1,76;41430;4305;37125;73174;7781;65393;998
20260330;2024;08;01;HOTEL;04;4 ESTRELLAS;HUÁNUCO;100000;1;60;101;56,83;51,9;1,88;1,75;4,26;866;824;42;1625;1446;179;31
20260330;2024;08;01;HOTEL;04;4 ESTRELLAS;ICA;110000;7;707;1488;42,61;44,75;1,74;1,92;1,36;11878;8030;3848;20641;15415;5226;313
20260330;2024;08;01;HOTEL;04;4 ESTRELLAS;JUNÍN;120000;1;40;82;34,19;37,61;1,51;1,44;3,89;634;616;18;956;886;70;20
20260330;2024;08;01;HOTEL;04;4 ESTRELLAS;LA LIBERTAD;130000;4;318;546;55,63;53,3;1,97;1,82;2,55;4589;3661;928;9022;6660;2362;129
20260330;2024;08;01;HOTEL;04;4 ESTRELLAS;LAMBAYEQUE;140000;5;359;618;62,81;60,03;1,59;1,53;1,92;7228;6106;1122;11500;9344;2156;283
20260330;2024;08;01;HOTEL;04;4 ESTRELLAS;LIMA;150000;43;4274;7725;56,4;54,03;2,41;1,81;2,66;53598;15363;38235;129385;27798;101587;1593
20260330;2024;08;01;HOTEL;04;4 ESTRELLAS;LORETO;160000;3;136;203;47,39;45,91;1,83;1,84;1,82;1577;1006;571;2889;1850;1039;66
20260330;2024;08;01;HOTEL;04;4 ESTRELLAS;MOQUEGUA;180000;2;123;234;47,29;37,57;4,38;4,75;2,19;622;532;90;2725;2528;197;60
20260330;2024;08;01;HOTEL;04;4 ESTRELLAS;PIURA;200000;4;393;744;50,38;42,56;2;1,97;2,1;4897;3639;1258;9816;7178;2638;140
20260330;2024;08;01;HOTEL;04;4 ESTRELLAS;PUNO;210000;8;508;961;56,06;54,92;1,65;1,62;1,66;9917;1368;8549;16361;2211;14150;202
20260330;2024;08;01;HOTEL;04;4 ESTRELLAS;SAN MARTÍN;220000;1;58;90;36,99;41,15;2;1,98;3,08;573;561;12;1148;1111;37;20
20260330;2024;08;01;HOTEL;04;4 ESTRELLAS;TACNA;230000;3;275;541;41,38;34,7;1,82;1,91;1,74;3190;1566;1624;5819;2996;2823;81
20260330;2024;08;01;HOTEL;04;4 ESTRELLAS;TUMBES;240000;5;265;520;44,66;51,41;2,24;2,37;2,09;3693;2043;1650;8288;4847;3441;159
20260330;2024;08;01;HOTEL;04;4 ESTRELLAS;UCAYALI;250000;5;288;513;50,54;45,05;2,17;2,15;2,37;3294;2862;432;7164;6141;1023;120
20260330;2024;08;01;HOTEL;05;5 ESTRELLAS;AREQUIPA;040000;3;241;352;69,32;76,72;1,86;1,87;1,85;4492;2397;2095;8372;4490;3882;184
20260330;2024;08;01;HOTEL;05;5 ESTRELLAS;CUSCO;080000;15;1283;2519;69,78;66,4;1,66;1,88;1,64;31261;2943;28318;51853;5524;46329;1290
20260330;2024;08;01;HOTEL;05;5 ESTRELLAS;ICA;110000;4;439;1083;48,14;44,09;1,83;1,86;1,76;8069;6100;1969;14804;11348;3456;482
20260330;2024;08;01;HOTEL;05;5 ESTRELLAS;LA LIBERTAD;130000;2;267;450;55,54;48,81;1,93;1,72;2,68;3531;2757;774;6809;4733;2076;196
20260330;2024;08;01;HOTEL;05;5 ESTRELLAS;LIMA;150000;27;4807;8379;61,23;49,08;2,59;1,84;2,82;49157;11251;37906;127486;20750;106736;3449
20260330;2024;08;01;HOTEL;05;5 ESTRELLAS;LORETO;160000;1;60;88;75,65;87,57;1,88;1,87;1,89;1271;565;706;2389;1058;1331;54
20260330;2024;08;01;HOTEL;05;5 ESTRELLAS;PIURA;200000;1;83;166;70,5;56,57;1,83;1,74;2,04;1592;1139;453;2911;1985;926;82
20260330;2024;08;01;HOTEL;05;5 ESTRELLAS;PUNO;210000;1;123;231;62,23;98,35;1,59;1,65;1,59;4420;422;3998;7043;698;6345;32
20260330;2024;08;01;HOTEL;05;5 ESTRELLAS;SAN MARTÍN;220000;1;50;108;52,39;69,59;1,99;1,98;2,41;1172;1145;27;2330;2265;65;63
20260330;2024;08;01;HOTEL;05;5 ESTRELLAS;UCAYALI;250000;2;162;300;53,9;48,04;2,42;2,44;2,32;1844;1547;297;4468;3780;688;73
20260330;2024;08;01;HOTEL;TT;TODAS CONSOLIDADAS;AMAZONAS;010000;56;1464;2463;26,09;22,84;1,3;1,28;1,98;13467;13130;337;17440;16772;668;269
20260330;2024;08;01;HOTEL;TT;TODAS CONSOLIDADAS;ÁNCASH;020000;116;3428;6133;28,06;22,62;1,69;1,64;2,15;25388;22749;2639;42997;37320;5677;638
20260330;2024;08;01;HOTEL;TT;TODAS CONSOLIDADAS;APURÍMAC;030000;15;555;928;36,83;27,99;1,21;1,2;1,36;6665;6302;363;8053;7558;495;97
20260330;2024;08;01;HOTEL;TT;TODAS CONSOLIDADAS;AREQUIPA;040000;133;4311;7852;41,73;38,07;1,69;1,77;1,6;54869;28527;26342;92663;50548;42115;1268
20260330;2024;08;01;HOTEL;TT;TODAS CONSOLIDADAS;AYACUCHO;050000;23;718;1273;18,32;16,81;1,9;1,9;1,82;3492;3329;163;6635;6339;296;125
20260330;2024;08;01;HOTEL;TT;TODAS CONSOLIDADAS;CAJAMARCA;060000;145;4349;7209;24,56;18,59;1,41;1,4;1,71;29452;28528;924;41545;39963;1582;850
20260330;2024;08;01;HOTEL;TT;TODAS CONSOLIDADAS;CALLAO;070000;7;644;1057;68,29;65,13;1,28;1,28;1,27;16719;4208;12511;21341;5402;15939;192
20260330;2024;08;01;HOTEL;TT;TODAS CONSOLIDADAS;CUSCO;080000;178;7456;14496;57,87;54,33;1,72;1,7;1,73;141772;24115;117657;244152;40991;203161;3819
20260330;2024;08;01;HOTEL;TT;TODAS CONSOLIDADAS;HUANCAVELICA;090000;4;105;177;21,97;20,14;1,56;1,55;1,76;710;693;17;1105;1075;30;19
20260330;2024;08;01;HOTEL;TT;TODAS CONSOLIDADAS;HUÁNUCO;100000;80;2578;4218;36,74;29,48;1,33;1,32;1,71;29007;28538;469;38551;37751;800;487
20260330;2024;08;01;HOTEL;TT;TODAS CONSOLIDADAS;ICA;110000;142;5277;10271;35,33;31,36;1,46;1,51;1,33;68423;48820;19603;99841;73733;26108;1600
20260330;2024;08;01;HOTEL;TT;TODAS CONSOLIDADAS;JUNÍN;120000;55;1914;3607;22,3;17,83;1,39;1,38;1,8;14342;14156;186;19940;19606;334;374
20260330;2024;08;01;HOTEL;TT;TODAS CONSOLIDADAS;LA LIBERTAD;130000;108;3447;6323;36,88;29,85;1,67;1,59;2,25;35047;31015;4032;58505;49441;9064;994
20260330;2024;08;01;HOTEL;TT;TODAS CONSOLIDADAS;LAMBAYEQUE;140000;116;3781;5965;25,47;22,71;1,37;1,34;1,85;30633;28875;1758;42000;38755;3245;852
20260330;2024;08;01;HOTEL;TT;TODAS CONSOLIDADAS;LIMA;150000;365;23151;42942;52,86;45,36;2;1,55;2,46;338851;171847;167005;676995;265988;411008;9945
20260330;2024;08;01;HOTEL;TT;TODAS CONSOLIDADAS;LORETO;160000;40;1195;1995;40,12;35,66;1,96;1,99;1,89;11250;8265;2985;22054;16409;5645;398
20260330;2024;08;01;HOTEL;TT;TODAS CONSOLIDADAS;MADRE DE DIOS;170000;19;591;1065;31,05;28,9;1,35;1,31;1,58;7051;5952;1099;9541;7809;1732;126
20260330;2024;08;01;HOTEL;TT;TODAS CONSOLIDADAS;MOQUEGUA;180000;41;1180;1976;28,7;22,11;1,75;1,75;1,77;7734;7335;399;13544;12837;707;272
20260330;2024;08;01;HOTEL;TT;TODAS CONSOLIDADAS;PASCO;190000;18;511;917;27,42;28,35;1,53;1,53;1,64;5268;5235;33;8059;8005;54;76
20260330;2024;08;01;HOTEL;TT;TODAS CONSOLIDADAS;PIURA;200000;44;1649;2880;43,34;37;1,86;1,8;2,15;17772;14732;3040;33038;26498;6540;515
20260330;2024;08;01;HOTEL;TT;TODAS CONSOLIDADAS;PUNO;210000;73;2366;4369;38,16;37,69;1,5;1,4;1,54;34053;9477;24576;51044;13299;37745;542
20260330;2024;08;01;HOTEL;TT;TODAS CONSOLIDADAS;SAN MARTÍN;220000;63;1971;3412;41,57;38,69;1,88;1,88;2,13;21717;21133;584;40919;39677;1242;468
20260330;2024;08;01;HOTEL;TT;TODAS CONSOLIDADAS;TACNA;230000;47;1664;3347;29,69;24,7;1,6;1,63;1,57;16012;8530;7482;25629;13872;11757;360
20260330;2024;08;01;HOTEL;TT;TODAS CONSOLIDADAS;TUMBES;240000;22;767;1491;39,77;40,07;2,5;2,57;2,33;7413;5147;2266;18521;13239;5282;323
20260330;2024;08;01;HOTEL;TT;TODAS CONSOLIDADAS;UCAYALI;250000;24;1054;1832;42,85;38,45;2,24;2,25;2,18;9739;8745;994;21835;19669;2166;334
20260330;2024;08;02;APART HOTEL;03;3 ESTRELLAS;ÁNCASH;020000;2;16;44;23,79;23,61;2,6;2,54;3,33;124;115;9;322;292;30;4
20260330;2024;08;02;APART HOTEL;03;3 ESTRELLAS;APURÍMAC;030000;1;23;36;66,48;68,28;2,1;2,17;1,29;363;332;31;762;722;40;9
20260330;2024;08;02;APART HOTEL;03;3 ESTRELLAS;AREQUIPA;040000;1;19;35;3,23;2,86;1,94;1,94;0;16;16;0;31;31;0;5
20260330;2024;08;02;APART HOTEL;03;3 ESTRELLAS;CAJAMARCA;060000;2;13;24;0;0;0;0;0;0;0;0;0;0;0;0
20260330;2024;08;02;APART HOTEL;03;3 ESTRELLAS;ICA;110000;3;36;56;11,2;11,12;1;1;0;193;193;0;193;193;0;8
20260330;2024;08;02;APART HOTEL;03;3 ESTRELLAS;LIMA;150000;7;175;342;48,55;40,5;2,58;2,5;2,65;1667;838;829;4294;2095;2199;52
20260330;2024;08;02;APART HOTEL;03;3 ESTRELLAS;LORETO;160000;1;24;46;0;0;0;0;0;0;0;0;0;0;0;0
20260330;2024;08;02;APART HOTEL;03;3 ESTRELLAS;MOQUEGUA;180000;1;10;16;10,32;6,45;1,39;1,33;2;23;21;2;32;28;4;3
20260330;2024;08;02;APART HOTEL;03;3 ESTRELLAS;PASCO;190000;1;15;17;0;0;0;0;0;0;0;0;0;0;0;0
20260330;2024;08;02;APART HOTEL;03;3 ESTRELLAS;TUMBES;240000;2;15;45;58,49;47,81;3,32;3,56;2,87;201;130;71;667;463;204;16
20260330;2024;08;02;APART HOTEL;04;4 ESTRELLAS;LIMA;150000;7;575;1202;67,29;67,25;2,43;1,92;3,62;10315;7223;3092;25059;13881;11178;399
20260330;2024;08;02;APART HOTEL;04;4 ESTRELLAS;LORETO;160000;1;13;23;41,44;46,7;1;1;1;333;6;327;333;6;327;6
20260330;2024;08;02;APART HOTEL;04;4 ESTRELLAS;SAN MARTÍN;220000;1;24;48;79,7;88,98;2,13;2,05;2,77;623;557;66;1324;1141;183;18
20260330;2024;08;02;APART HOTEL;05;5 ESTRELLAS;LIMA;150000;4;250;435;46,52;36,22;3,13;2,8;3,33;1562;607;955;4884;1700;3184;111
20260330;2024;08;02;APART HOTEL;TT;TODAS CONSOLIDADAS;ÁNCASH;020000;2;16;44;23,79;23,61;2,6;2,54;3,33;124;115;9;322;292;30;4
20260330;2024;08;02;APART HOTEL;TT;TODAS CONSOLIDADAS;APURÍMAC;030000;1;23;36;66,48;68,28;2,1;2,17;1,29;363;332;31;762;722;40;9
20260330;2024;08;02;APART HOTEL;TT;TODAS CONSOLIDADAS;CAJAMARCA;060000;2;13;24;0;0;0;0;0;0;0;0;0;0;0;0
20260330;2024;08;02;APART HOTEL;TT;TODAS CONSOLIDADAS;ICA;110000;3;36;56;11,2;11,12;1;1;0;193;193;0;193;193;0;8
20260330;2024;08;02;APART HOTEL;TT;TODAS CONSOLIDADAS;LIMA;150000;18;1000;1979;58,82;55,81;2,53;2,04;3,4;13544;8668;4876;34237;17676;16561;562
20260330;2024;08;02;APART HOTEL;TT;TODAS CONSOLIDADAS;LORETO;160000;2;37;69;14,56;15,57;1;1;1;333;6;327;333;6;327;6
20260330;2024;08;02;APART HOTEL;TT;TODAS CONSOLIDADAS;MOQUEGUA;180000;1;10;16;10,32;6,45;1,39;1,33;2;23;21;2;32;28;4;3
20260330;2024;08;02;APART HOTEL;TT;TODAS CONSOLIDADAS;PASCO;190000;1;15;17;0;0;0;0;0;0;0;0;0;0;0;0
20260330;2024;08;02;APART HOTEL;TT;TODAS CONSOLIDADAS;SAN MARTÍN;220000;1;24;48;79,7;88,98;2,13;2,05;2,77;623;557;66;1324;1141;183;18
20260330;2024;08;02;APART HOTEL;TT;TODAS CONSOLIDADAS;TUMBES;240000;2;15;45;58,49;47,81;3,32;3,56;2,87;201;130;71;667;463;204;16
20260330;2024;08;03;HOSTAL;01;1 ESTRELLA;AMAZONAS;010000;17;246;355;31,05;26,08;1,1;1,1;1;2610;2606;4;2870;2866;4;44
20260330;2024;08;03;HOSTAL;01;1 ESTRELLA;ÁNCASH;020000;38;557;928;32,1;24,89;1,06;1,06;0;6731;6731;0;7161;7161;0;92
20260330;2024;08;03;HOSTAL;01;1 ESTRELLA;APURÍMAC;030000;5;109;166;29,95;32,55;1,12;1,12;1;1500;1486;14;1675;1661;14;14
20260330;2024;08;03;HOSTAL;01;1 ESTRELLA;AREQUIPA;040000;51;759;1170;26,64;22,6;1,17;1,17;1,21;7000;6636;364;8197;7757;440;131
20260330;2024;08;03;HOSTAL;01;1 ESTRELLA;AYACUCHO;050000;15;199;364;14,12;10,51;1,38;1,38;0;858;858;0;1186;1186;0;31
20260330;2024;08;03;HOSTAL;01;1 ESTRELLA;CAJAMARCA;060000;22;404;640;28,04;20,77;1,41;1,41;1,17;2927;2921;6;4120;4113;7;75
20260330;2024;08;03;HOSTAL;01;1 ESTRELLA;CALLAO;070000;8;159;301;30,71;34,71;1;1;0;3487;3487;0;3487;3487;0;25
20260330;2024;08;03;HOSTAL;01;1 ESTRELLA;CUSCO;080000;25;425;708;22,46;19,78;1,09;1,09;2;3994;3989;5;4342;4332;10;60
20260330;2024;08;03;HOSTAL;01;1 ESTRELLA;HUANCAVELICA;090000;2;66;94;24,73;17,91;1;1;0;522;522;0;522;522;0;5
20260330;2024;08;03;HOSTAL;01;1 ESTRELLA;HUÁNUCO;100000;25;360;536;52,82;48,47;1,47;1,47;0;5489;5489;0;8053;8053;0;65
20260330;2024;08;03;HOSTAL;01;1 ESTRELLA;ICA;110000;18;222;336;29,82;25,21;1;1;0;2626;2626;0;2626;2626;0;41
20260330;2024;08;03;HOSTAL;01;1 ESTRELLA;JUNÍN;120000;12;170;294;23,47;19,08;1,19;1,19;0;1462;1462;0;1739;1739;0;29
20260330;2024;08;03;HOSTAL;01;1 ESTRELLA;LA LIBERTAD;130000;25;357;641;36,98;27,49;1,5;1,5;1;3640;3638;2;5462;5460;2;64
20260330;2024;08;03;HOSTAL;01;1 ESTRELLA;LAMBAYEQUE;140000;15;206;300;23,24;22,22;1,05;1,05;1;1968;1964;4;2066;2062;4;39
20260330;2024;08;03;HOSTAL;01;1 ESTRELLA;LIMA;150000;78;1605;2842;31,81;23,74;1,2;1,2;1,36;22344;21827;517;26809;26107;702;338
20260330;2024;08;03;HOSTAL;01;1 ESTRELLA;LORETO;160000;6;104;168;32,54;21,24;1,94;1,97;1,36;570;545;25;1106;1072;34;24
20260330;2024;08;03;HOSTAL;01;1 ESTRELLA;MADRE DE DIOS;170000;2;53;101;10,77;5,94;1,16;1,16;0;161;161;0;186;186;0;8
20260330;2024;08;03;HOSTAL;01;1 ESTRELLA;MOQUEGUA;180000;20;290;484;16,23;12,9;1,26;1,26;1,19;1541;1525;16;1935;1916;19;54
20260330;2024;08;03;HOSTAL;01;1 ESTRELLA;PASCO;190000;22;382;573;33,51;27,39;1,17;1,17;1;4150;4149;1;4866;4865;1;60
20260330;2024;08;03;HOSTAL;01;1 ESTRELLA;PIURA;200000;3;56;81;41,42;30,74;1,97;1,98;1,2;391;386;5;772;766;6;10
20260330;2024;08;03;HOSTAL;01;1 ESTRELLA;PUNO;210000;33;486;851;21,55;16,72;1,05;1,04;1,32;4221;4102;119;4411;4254;157;73
20260330;2024;08;03;HOSTAL;01;1 ESTRELLA;SAN MARTÍN;220000;1;20;33;0;0;0;0;0;0;0;0;0;0;0;0
20260330;2024;08;03;HOSTAL;01;1 ESTRELLA;TACNA;230000;10;175;306;19,58;18,99;1,07;1,07;1,09;1679;1095;584;1801;1167;634;28
20260330;2024;08;03;HOSTAL;02;2 ESTRELLAS;AMAZONAS;010000;51;865;1375;22,76;20,55;1,2;1,18;1,83;7307;7091;216;8760;8364;396;145
20260330;2024;08;03;HOSTAL;02;2 ESTRELLAS;ÁNCASH;020000;131;2194;3848;33,78;29,64;1,05;1,05;1,1;33769;33590;179;35357;35160;197;383
20260330;2024;08;03;HOSTAL;02;2 ESTRELLAS;APURÍMAC;030000;7;143;221;44,06;36,94;1,12;1,12;1;2256;2223;33;2531;2498;33;24
20260330;2024;08;03;HOSTAL;02;2 ESTRELLAS;AREQUIPA;040000;128;2053;3699;33,98;29,11;1,4;1,41;1,35;23783;21117;2666;33384;29779;3605;367
20260330;2024;08;03;HOSTAL;02;2 ESTRELLAS;AYACUCHO;050000;10;133;238;18,29;24,13;1,99;1,99;1,98;896;795;101;1780;1580;200;25
20260330;2024;08;03;HOSTAL;02;2 ESTRELLAS;CAJAMARCA;060000;130;2338;3719;21,76;15,84;1,25;1,24;1,39;14666;14549;117;18260;18097;163;363
20260330;2024;08;03;HOSTAL;02;2 ESTRELLAS;CALLAO;070000;6;247;453;32,13;29,03;1,03;1,03;0;3968;3968;0;4077;4077;0;37
20260330;2024;08;03;HOSTAL;02;2 ESTRELLAS;CUSCO;080000;45;742;1320;36,85;32,94;1,69;1,59;1,89;7953;5178;2775;13478;8225;5253;129
20260330;2024;08;03;HOSTAL;02;2 ESTRELLAS;HUANCAVELICA;090000;1;44;82;13,86;11,09;1,04;1,04;0;270;270;0;282;282;0;3
20260330;2024;08;03;HOSTAL;02;2 ESTRELLAS;HUÁNUCO;100000;27;364;596;50,66;37,26;1,14;1,14;1,07;6018;5962;56;6884;6824;60;84
20260330;2024;08;03;HOSTAL;02;2 ESTRELLAS;ICA;110000;80;1211;1947;27,31;23,08;1,01;1,01;1,18;13738;13084;654;13931;13162;769;202
20260330;2024;08;03;HOSTAL;02;2 ESTRELLAS;JUNÍN;120000;25;407;789;27,68;24,86;1,25;1,25;1,62;4853;4832;21;6080;6046;34;81
20260330;2024;08;03;HOSTAL;02;2 ESTRELLAS;LA LIBERTAD;130000;120;2039;3638;20,03;17,65;1,16;1,16;1;17136;17132;4;19908;19904;4;356
20260330;2024;08;03;HOSTAL;02;2 ESTRELLAS;LAMBAYEQUE;140000;145;2115;3044;27,29;21,44;1,13;1,13;1,13;17982;17707;275;20234;19922;312;406
20260330;2024;08;03;HOSTAL;02;2 ESTRELLAS;LIMA;150000;119;2931;5351;39,17;36,81;1,22;1,15;1,78;71799;62936;8864;87910;72129;15781;714
20260330;2024;08;03;HOSTAL;02;2 ESTRELLAS;LORETO;160000;8;131;211;16,18;25,24;3,2;3,26;2,34;516;484;32;1651;1576;75;25
20260330;2024;08;03;HOSTAL;02;2 ESTRELLAS;MADRE DE DIOS;170000;6;146;214;43,57;32,59;1,36;1,35;1,41;1595;1537;58;2162;2080;82;27
20260330;2024;08;03;HOSTAL;02;2 ESTRELLAS;MOQUEGUA;180000;63;950;1539;18,55;13,87;1,31;1,31;1,08;5054;5006;48;6618;6566;52;180
20260330;2024;08;03;HOSTAL;02;2 ESTRELLAS;PASCO;190000;17;326;621;11,78;11,81;2,1;2,1;0;1081;1081;0;2274;2274;0;50
20260330;2024;08;03;HOSTAL;02;2 ESTRELLAS;PIURA;200000;24;492;855;27,69;20,81;1,8;1,79;1,89;3071;2973;98;5515;5330;185;93
20260330;2024;08;03;HOSTAL;02;2 ESTRELLAS;PUNO;210000;60;916;1724;23,77;18,22;1,25;1,23;1,36;7764;6201;1563;9736;7618;2118;157
20260330;2024;08;03;HOSTAL;02;2 ESTRELLAS;SAN MARTÍN;220000;23;328;522;33,21;30,45;1,41;1,4;2,63;3487;3441;46;4928;4807;121;71
20260330;2024;08;03;HOSTAL;02;2 ESTRELLAS;TACNA;230000;28;473;907;26,71;16,62;1,79;1,73;1,83;2603;888;1715;4672;1538;3134;85
20260330;2024;08;03;HOSTAL;02;2 ESTRELLAS;TUMBES;240000;5;66;131;16,52;17,53;1,8;1,7;1,93;396;226;170;712;384;328;21
20260330;2024;08;03;HOSTAL;02;2 ESTRELLAS;UCAYALI;250000;2;68;124;16,94;10,09;1,58;1,57;2;246;244;2;388;384;4;16
20260330;2024;08;03;HOSTAL;03;3 ESTRELLAS;AMAZONAS;010000;8;116;224;34,68;22,41;1,93;1,93;2,04;805;757;48;1556;1458;98;29
20260330;2024;08;03;HOSTAL;03;3 ESTRELLAS;ÁNCASH;020000;20;320;616;20,69;18,29;1,56;1,53;2,14;2234;2099;135;3492;3203;289;71
20260330;2024;08;03;HOSTAL;03;3 ESTRELLAS;APURÍMAC;030000;1;24;43;38,17;21,31;1,6;1,62;1,33;177;168;9;284;272;12;5
20260330;2024;08;03;HOSTAL;03;3 ESTRELLAS;AREQUIPA;040000;47;733;1347;42,09;39,39;1,9;1,93;1,86;8674;4950;3724;16449;9531;6918;190
20260330;2024;08;03;HOSTAL;03;3 ESTRELLAS;AYACUCHO;050000;3;51;100;34,16;31,29;2,19;2,15;2,42;442;371;71;970;798;172;28
20260330;2024;08;03;HOSTAL;03;3 ESTRELLAS;CAJAMARCA;060000;52;795;1306;24,91;18,61;1,28;1,27;1,58;5900;5819;81;7534;7406;128;195
20260330;2024;08;03;HOSTAL;03;3 ESTRELLAS;CUSCO;080000;18;310;622;28,22;25,89;1,76;1,63;1,85;2832;1104;1728;4992;1800;3192;65
20260330;2024;08;03;HOSTAL;03;3 ESTRELLAS;HUÁNUCO;100000;1;31;39;0;0;0;0;0;0;0;0;0;0;0;0
20260330;2024;08;03;HOSTAL;03;3 ESTRELLAS;ICA;110000;41;673;1260;46,47;29,62;1,3;1,3;1,35;8903;8262;641;11571;10704;867;146
20260330;2024;08;03;HOSTAL;03;3 ESTRELLAS;JUNÍN;120000;3;57;114;39,5;28,64;1,76;1,65;5,63;575;559;16;1012;922;90;35
20260330;2024;08;03;HOSTAL;03;3 ESTRELLAS;LA LIBERTAD;130000;45;835;1638;32,01;27,41;1,13;1,13;1,29;12266;12037;229;13918;13623;295;156
20260330;2024;08;03;HOSTAL;03;3 ESTRELLAS;LAMBAYEQUE;140000;24;355;531;38,4;30,54;1,27;1,27;1,28;3963;3909;54;5028;4959;69;87
20260330;2024;08;03;HOSTAL;03;3 ESTRELLAS;LIMA;150000;24;494;934;23,8;20,21;1,22;1,22;1,21;4810;4227;583;5852;5148;704;91
20260330;2024;08;03;HOSTAL;03;3 ESTRELLAS;LORETO;160000;8;133;219;29,47;34,13;3,12;3,02;3,56;742;602;140;2317;1819;498;31
20260330;2024;08;03;HOSTAL;03;3 ESTRELLAS;MADRE DE DIOS;170000;1;22;28;40,62;47,12;1,47;1,47;1,5;279;277;2;409;406;3;2
20260330;2024;08;03;HOSTAL;03;3 ESTRELLAS;MOQUEGUA;180000;6;162;315;8,6;7,11;1,57;1,58;1,5;441;429;12;694;676;18;20
20260330;2024;08;03;HOSTAL;03;3 ESTRELLAS;PASCO;190000;2;21;44;51,61;53,52;1,46;1,44;2;501;488;13;730;704;26;9
20260330;2024;08;03;HOSTAL;03;3 ESTRELLAS;PIURA;200000;2;36;86;30,2;34,62;2,54;2,53;2,55;364;279;85;923;706;217;19
20260330;2024;08;03;HOSTAL;03;3 ESTRELLAS;PUNO;210000;11;213;371;36,74;27,66;1,57;1,63;1,37;2024;1546;478;3181;2525;656;47
20260330;2024;08;03;HOSTAL;03;3 ESTRELLAS;SAN MARTÍN;220000;6;107;242;57,49;68,18;3,07;3,09;2,47;1666;1617;49;5115;4994;121;44
20260330;2024;08;03;HOSTAL;03;3 ESTRELLAS;TACNA;230000;4;78;178;30,65;21,28;2,9;2,81;2,99;405;200;205;1174;562;612;17
20260330;2024;08;03;HOSTAL;03;3 ESTRELLAS;TUMBES;240000;4;65;142;3,87;8,93;1,82;1,79;1,83;216;61;155;393;109;284;13
20260330;2024;08;03;HOSTAL;03;3 ESTRELLAS;UCAYALI;250000;2;45;70;9,46;9,35;1,49;1,49;2;136;134;2;203;199;4;6
20260330;2024;08;03;HOSTAL;TT;TODAS CONSOLIDADAS;AMAZONAS;010000;76;1227;1954;25,55;21,77;1,23;1,21;1,86;10722;10454;268;13186;12688;498;218
20260330;2024;08;03;HOSTAL;TT;TODAS CONSOLIDADAS;ÁNCASH;020000;189;3071;5392;32,11;27,53;1,08;1,07;1,55;42734;42420;314;46010;45524;486;546
20260330;2024;08;03;HOSTAL;TT;TODAS CONSOLIDADAS;APURÍMAC;030000;13;276;430;37,97;33,68;1,14;1,14;1,05;3933;3877;56;4490;4431;59;43
20260330;2024;08;03;HOSTAL;TT;TODAS CONSOLIDADAS;AYACUCHO;050000;28;383;702;18,23;18,09;1,79;1,76;2,16;2196;2024;172;3936;3564;372;84
20260330;2024;08;03;HOSTAL;TT;TODAS CONSOLIDADAS;CAJAMARCA;060000;204;3537;5665;23,19;17,03;1,27;1,27;1,46;23493;23289;204;29914;29616;298;633
20260330;2024;08;03;HOSTAL;TT;TODAS CONSOLIDADAS;CALLAO;070000;14;406;754;31,64;31,02;1,02;1,02;0;7680;7680;0;7807;7807;0;65
20260330;2024;08;03;HOSTAL;TT;TODAS CONSOLIDADAS;CUSCO;080000;88;1477;2650;30,9;27,77;1,54;1,4;1,88;14779;10271;4508;22812;14357;8455;254
20260330;2024;08;03;HOSTAL;TT;TODAS CONSOLIDADAS;HUANCAVELICA;090000;3;110;176;20,38;14,74;1,02;1,02;0;792;792;0;804;804;0;8
20260330;2024;08;03;HOSTAL;TT;TODAS CONSOLIDADAS;HUÁNUCO;100000;53;755;1171;49,61;41,15;1,3;1,3;1,07;11507;11451;56;14937;14877;60;149
20260330;2024;08;03;HOSTAL;TT;TODAS CONSOLIDADAS;ICA;110000;139;2106;3543;33,7;25,61;1,11;1,11;1,26;25267;23972;1295;28128;26492;1636;389
20260330;2024;08;03;HOSTAL;TT;TODAS CONSOLIDADAS;JUNÍN;120000;40;634;1197;27,62;23,8;1,28;1,27;3,35;6890;6853;37;8831;8707;124;145
20260330;2024;08;03;HOSTAL;TT;TODAS CONSOLIDADAS;LA LIBERTAD;130000;190;3231;5917;25;21,42;1,19;1,19;1,28;33042;32807;235;39288;38987;301;576
20260330;2024;08;03;HOSTAL;TT;TODAS CONSOLIDADAS;LAMBAYEQUE;140000;184;2676;3875;28,45;22,75;1,14;1,14;1,16;23913;23580;333;27328;26943;385;532
20260330;2024;08;03;HOSTAL;TT;TODAS CONSOLIDADAS;LIMA;150000;221;5030;9127;33,43;29,38;1,22;1,17;1,65;85012;76477;8535;103512;89438;14074;1066
20260330;2024;08;03;HOSTAL;TT;TODAS CONSOLIDADAS;LORETO;160000;22;368;598;25,6;27,37;2,78;2,74;3,08;1828;1631;197;5074;4467;607;80
20260330;2024;08;03;HOSTAL;TT;TODAS CONSOLIDADAS;MADRE DE DIOS;170000;9;221;343;35,41;25,93;1,35;1,35;1,42;2035;1975;60;2757;2672;85;37
20260330;2024;08;03;HOSTAL;TT;TODAS CONSOLIDADAS;MOQUEGUA;180000;89;1402;2338;16,92;12,76;1,31;1,32;1,17;7036;6960;76;9247;9158;89;254
20260330;2024;08;03;HOSTAL;TT;TODAS CONSOLIDADAS;PASCO;190000;41;729;1238;24,31;20,51;1,37;1,37;1,93;5732;5718;14;7870;7843;27;119
20260330;2024;08;03;HOSTAL;TT;TODAS CONSOLIDADAS;PIURA;200000;29;584;1022;29,16;22,76;1,88;1,87;2,17;3826;3638;188;7210;6802;408;122
20260330;2024;08;03;HOSTAL;TT;TODAS CONSOLIDADAS;PUNO;210000;104;1615;2946;24,81;18,97;1,24;1,22;1,36;14009;11849;2160;17328;14397;2931;277
20260330;2024;08;03;HOSTAL;TT;TODAS CONSOLIDADAS;SAN MARTÍN;220000;30;455;797;37,46;40,65;1,95;1,94;2,55;5153;5058;95;10043;9801;242;115
20260330;2024;08;03;HOSTAL;TT;TODAS CONSOLIDADAS;TACNA;230000;42;726;1391;25,42;17,73;1,63;1,5;1,75;4687;2183;2504;7647;3267;4380;130
20260330;2024;08;03;HOSTAL;TT;TODAS CONSOLIDADAS;TUMBES;240000;9;131;273;10,24;13,06;1,81;1,72;1,88;612;287;325;1105;493;612;34
20260330;2024;08;05;ALBERGUE;12;ALBERGUE;AMAZONAS;010000;1;6;11;0;0;0;0;0;0;0;0;0;0;0;0
20260330;2024;08;05;ALBERGUE;12;ALBERGUE;ÁNCASH;020000;7;68;149;23,15;14,7;1,92;1,91;1,94;354;291;63;679;557;122;16
20260330;2024;08;05;ALBERGUE;12;ALBERGUE;AREQUIPA;040000;10;141;329;52,76;45,48;1,36;1,37;1,35;3417;805;2612;4638;1105;3533;120
20260330;2024;08;05;ALBERGUE;12;ALBERGUE;AYACUCHO;050000;1;10;20;0;0;0;0;0;0;0;0;0;0;0;0
20260330;2024;08;05;ALBERGUE;12;ALBERGUE;CAJAMARCA;060000;1;11;22;0;0;0;0;0;0;0;0;0;0;0;0
20260330;2024;08;05;ALBERGUE;12;ALBERGUE;CUSCO;080000;16;372;657;39,01;35,35;1,56;1,62;1,55;4624;158;4466;7200;256;6944;99
20260330;2024;08;05;ALBERGUE;12;ALBERGUE;HUANCAVELICA;090000;1;14;47;15,9;11,32;2,5;2,5;0;66;66;0;165;165;0;15
20260330;2024;08;05;ALBERGUE;12;ALBERGUE;HUÁNUCO;100000;7;92;128;0;0;0;0;0;0;0;0;0;0;0;0
20260330;2024;08;05;ALBERGUE;12;ALBERGUE;ICA;110000;6;82;212;30,06;21,9;1,31;1,3;1,33;1098;581;517;1439;753;686;22
20260330;2024;08;05;ALBERGUE;12;ALBERGUE;JUNÍN;120000;1;32;104;46,67;44,51;1,87;1,86;2,15;766;740;26;1435;1379;56;19
20260330;2024;08;05;ALBERGUE;12;ALBERGUE;LA LIBERTAD;130000;1;15;27;56,34;47,07;1,81;1,8;2;218;206;12;394;370;24;4
20260330;2024;08;05;ALBERGUE;12;ALBERGUE;LIMA;150000;8;136;528;22,7;20,27;2,92;2,97;2,39;1135;1039;96;3318;3089;229;25
20260330;2024;08;05;ALBERGUE;12;ALBERGUE;LORETO;160000;60;836;1674;19,86;24,01;2,19;1,78;2,29;5694;1145;4549;12461;2040;10421;279
20260330;2024;08;05;ALBERGUE;12;ALBERGUE;MADRE DE DIOS;170000;15;357;725;37,29;38,51;2,45;1,89;2,48;3539;180;3359;8656;341;8315;241
20260330;2024;08;05;ALBERGUE;12;ALBERGUE;PASCO;190000;25;308;846;28,72;25,45;1,53;1,52;1,92;4362;4298;64;6675;6552;123;78
20260330;2024;08;05;ALBERGUE;12;ALBERGUE;PUNO;210000;1;13;35;0;0;0;0;0;0;0;0;0;0;0;0
20260330;2024;08;05;ALBERGUE;12;ALBERGUE;SAN MARTÍN;220000;11;194;443;55,72;51,23;2,21;2,18;2,43;3183;2786;397;7036;6073;963;52
20260330;2024;08;05;ALBERGUE;12;ALBERGUE;UCAYALI;250000;5;52;146;11,79;6,78;1,38;1,34;1,48;222;151;71;307;202;105;30
20260330;2024;08;05;ALBERGUE;TT;TODAS CONSOLIDADAS;AMAZONAS;010000;1;6;11;0;0;0;0;0;0;0;0;0;0;0;0
20260330;2024;08;05;ALBERGUE;TT;TODAS CONSOLIDADAS;ÁNCASH;020000;7;68;149;23,15;14,7;1,92;1,91;1,94;354;291;63;679;557;122;16
20260330;2024;08;05;ALBERGUE;TT;TODAS CONSOLIDADAS;AYACUCHO;050000;1;10;20;0;0;0;0;0;0;0;0;0;0;0;0
20260330;2024;08;05;ALBERGUE;TT;TODAS CONSOLIDADAS;CAJAMARCA;060000;1;11;22;0;0;0;0;0;0;0;0;0;0;0;0
20260330;2024;08;05;ALBERGUE;TT;TODAS CONSOLIDADAS;CUSCO;080000;16;372;657;39,01;35,35;1,56;1,62;1,55;4624;158;4466;7200;256;6944;99
20260330;2024;08;05;ALBERGUE;TT;TODAS CONSOLIDADAS;HUANCAVELICA;090000;1;14;47;15,9;11,32;2,5;2,5;0;66;66;0;165;165;0;15
20260330;2024;08;05;ALBERGUE;TT;TODAS CONSOLIDADAS;HUÁNUCO;100000;7;92;128;0;0;0;0;0;0;0;0;0;0;0;0
20260330;2024;08;05;ALBERGUE;TT;TODAS CONSOLIDADAS;ICA;110000;6;82;212;30,06;21,9;1,31;1,3;1,33;1098;581;517;1439;753;686;22
20260330;2024;08;05;ALBERGUE;TT;TODAS CONSOLIDADAS;JUNÍN;120000;1;32;104;46,67;44,51;1,87;1,86;2,15;766;740;26;1435;1379;56;19
20260330;2024;08;05;ALBERGUE;TT;TODAS CONSOLIDADAS;LA LIBERTAD;130000;1;15;27;56,34;47,07;1,81;1,8;2;218;206;12;394;370;24;4
20260330;2024;08;05;ALBERGUE;TT;TODAS CONSOLIDADAS;LIMA;150000;8;136;528;22,7;20,27;2,92;2,97;2,39;1135;1039;96;3318;3089;229;25
20260330;2024;08;05;ALBERGUE;TT;TODAS CONSOLIDADAS;LORETO;160000;60;836;1674;19,86;24,01;2,19;1,78;2,29;5694;1145;4549;12461;2040;10421;279
20260330;2024;08;05;ALBERGUE;TT;TODAS CONSOLIDADAS;MADRE DE DIOS;170000;15;357;725;37,29;38,51;2,45;1,89;2,48;3539;180;3359;8656;341;8315;241
20260330;2024;08;05;ALBERGUE;TT;TODAS CONSOLIDADAS;PASCO;190000;25;308;846;28,72;25,45;1,53;1,52;1,92;4362;4298;64;6675;6552;123;78
20260330;2024;08;05;ALBERGUE;TT;TODAS CONSOLIDADAS;PUNO;210000;1;13;35;0;0;0;0;0;0;0;0;0;0;0;0
20260330;2024;08;05;ALBERGUE;TT;TODAS CONSOLIDADAS;SAN MARTÍN;220000;11;194;443;55,72;51,23;2,21;2,18;2,43;3183;2786;397;7036;6073;963;52
20260330;2024;08;05;ALBERGUE;TT;TODAS CONSOLIDADAS;UCAYALI;250000;5;52;146;11,79;6,78;1,38;1,34;1,48;222;151;71;307;202;105;30
20260330;2024;08;14;RESORT;03;3 ESTRELLAS;ICA;110000;1;51;86;0;0;0;0;0;0;0;0;0;0;0;0
20260330;2024;08;14;RESORT;03;3 ESTRELLAS;TUMBES;240000;1;28;62;2,65;2,86;1,17;1,17;0;47;47;0;55;55;0;9
20260330;2024;08;14;RESORT;04;4 ESTRELLAS;TUMBES;240000;1;402;1101;86,34;77,33;2,52;2,47;2,58;10493;6396;4097;26392;15811;10581;463
20260330;2024;08;14;RESORT;05;5 ESTRELLAS;ICA;110000;1;49;94;65,17;87,89;1,64;1,72;1,44;1560;1133;427;2561;1948;613;60
20260330;2024;08;14;RESORT;TT;TODAS CONSOLIDADAS;ICA;110000;2;100;180;31,94;45,9;1,64;1,72;1,44;1560;1133;427;2561;1948;613;60
20260330;2024;08;14;RESORT;TT;TODAS CONSOLIDADAS;TUMBES;240000;2;430;1163;80,89;73,36;2,51;2,46;2,58;10540;6443;4097;26447;15866;10581;472
20260330;2024;08;16;ECOLODGE;13;ECOLODGE;AREQUIPA;040000;1;23;51;40,95;40,86;1,18;1,31;1,17;546;45;501;646;59;587;7
20260330;2024;08;TT;TODAS CONSOLIDADAS;00;NO CATEGORIZADO;AMAZONAS;010000;314;2971;4667;15,02;11,87;1,3;1,28;1,55;13259;12641;618;17171;16216;955;542
20260330;2024;08;TT;TODAS CONSOLIDADAS;00;NO CATEGORIZADO;ÁNCASH;020000;745;6506;10978;16,12;14,96;1,29;1,25;1,69;39348;35384;3963;50955;44254;6701;753
20260330;2024;08;TT;TODAS CONSOLIDADAS;00;NO CATEGORIZADO;APURÍMAC;030000;506;4500;7060;20,04;14,49;1,14;1,14;1,21;27737;27586;151;31708;31526;182;444
20260330;2024;08;TT;TODAS CONSOLIDADAS;00;NO CATEGORIZADO;AREQUIPA;040000;1280;10920;18483;22,49;20,22;1,52;1,5;1,57;76172;52220;23952;115874;78320;37554;1300
20260330;2024;08;TT;TODAS CONSOLIDADAS;00;NO CATEGORIZADO;AYACUCHO;050000;604;5613;9060;17,01;13,5;1,24;1,24;1,55;30498;30030;468;37908;37183;725;672
20260330;2024;08;TT;TODAS CONSOLIDADAS;00;NO CATEGORIZADO;CAJAMARCA;060000;737;6473;10372;11,78;8,44;1,2;1,2;1,74;22609;22524;85;27148;27000;148;676
20260330;2024;08;TT;TODAS CONSOLIDADAS;00;NO CATEGORIZADO;CALLAO;070000;271;3733;6987;40,59;38,06;1,01;1,01;1,08;142760;140794;1966;143725;141594;2130;1128
20260330;2024;08;TT;TODAS CONSOLIDADAS;00;NO CATEGORIZADO;CUSCO;080000;1993;18997;33834;27,63;25,99;1,69;1,46;1,85;161467;68384;93083;272616;100150;172466;3654
20260330;2024;08;TT;TODAS CONSOLIDADAS;00;NO CATEGORIZADO;HUANCAVELICA;090000;239;2539;3865;16,42;13,27;1,1;1,1;1,15;14435;14415;20;15897;15874;23;280
20260330;2024;08;TT;TODAS CONSOLIDADAS;00;NO CATEGORIZADO;HUÁNUCO;100000;497;5275;7930;19,84;16,25;1,14;1,14;1,59;34891;34795;96;39941;39788;153;651
20260330;2024;08;TT;TODAS CONSOLIDADAS;00;NO CATEGORIZADO;ICA;110000;792;8018;13539;21,32;16,06;1,23;1,26;1,13;54807;43633;11174;67419;54766;12653;1492
20260330;2024;08;TT;TODAS CONSOLIDADAS;00;NO CATEGORIZADO;JUNÍN;120000;1527;15339;24967;26;20,11;1,19;1,19;1,66;131035;130442;593;155619;154637;982;2773
20260330;2024;08;TT;TODAS CONSOLIDADAS;00;NO CATEGORIZADO;LA LIBERTAD;130000;1005;7448;12463;10,45;7,3;1,12;1,12;1,15;25190;23315;1875;28199;26042;2157;555
20260330;2024;08;TT;TODAS CONSOLIDADAS;00;NO CATEGORIZADO;LAMBAYEQUE;140000;452;4482;6510;17,37;14,43;1,11;1,11;1,11;26189;25596;593;29121;28460;661;551
20260330;2024;08;TT;TODAS CONSOLIDADAS;00;NO CATEGORIZADO;LIMA;150000;7142;55509;95212;22,54;21,44;1,05;1,05;1,07;2582947;2525754;57193;2717331;2656310;61021;33710
20260330;2024;08;TT;TODAS CONSOLIDADAS;00;NO CATEGORIZADO;LORETO;160000;795;6815;10656;12,26;9,64;1,81;1,82;1,78;17650;11214;6436;31859;20421;11438;695
20260330;2024;08;TT;TODAS CONSOLIDADAS;00;NO CATEGORIZADO;MADRE DE DIOS;170000;344;4529;7505;27,21;25,2;1,35;1,21;1,85;43398;34008;9390;58620;41292;17328;824
20260330;2024;08;TT;TODAS CONSOLIDADAS;00;NO CATEGORIZADO;MOQUEGUA;180000;168;1724;2935;20,04;14,99;1,2;1,21;1,06;11337;11192;145;13643;13489;154;305
20260330;2024;08;TT;TODAS CONSOLIDADAS;00;NO CATEGORIZADO;PASCO;190000;390;4133;6655;21,5;19,49;1,22;1,22;1,62;32961;32864;97;40205;40048;157;759
20260330;2024;08;TT;TODAS CONSOLIDADAS;00;NO CATEGORIZADO;PIURA;200000;1162;10612;19118;28,77;25,17;1,55;1,43;1,87;96235;69587;26648;149181;99445;49736;2052
20260330;2024;08;TT;TODAS CONSOLIDADAS;00;NO CATEGORIZADO;PUNO;210000;836;7348;12349;23,15;19,8;1,2;1,2;1,22;63153;58744;4409;75794;70421;5373;1334
20260330;2024;08;TT;TODAS CONSOLIDADAS;00;NO CATEGORIZADO;SAN MARTÍN;220000;873;9184;14432;26,21;22,17;1,35;1,35;1,67;73316;72373;943;99166;97594;1572;1122
20260330;2024;08;TT;TODAS CONSOLIDADAS;00;NO CATEGORIZADO;TACNA;230000;430;3995;7162;12,93;9,95;1,23;1,2;1,28;18024;11738;6286;22082;14043;8039;465
20260330;2024;08;TT;TODAS CONSOLIDADAS;00;NO CATEGORIZADO;TUMBES;240000;250;2431;4624;17,72;15,25;1,56;1,47;2,09;14053;12095;1958;21867;17774;4093;327
20260330;2024;08;TT;TODAS CONSOLIDADAS;00;NO CATEGORIZADO;UCAYALI;250000;546;5393;8332;27,73;27,4;3,28;3,31;2,03;21559;21120;439;70776;69885;891;981
20260330;2024;08;TT;TODAS CONSOLIDADAS;01;1 ESTRELLA;AMAZONAS;010000;18;266;379;28,72;24,43;1,1;1,1;1;2610;2606;4;2870;2866;4;44
20260330;2024;08;TT;TODAS CONSOLIDADAS;01;1 ESTRELLA;ÁNCASH;020000;51;937;1513;25,66;20,5;1,1;1,1;0;8770;8770;0;9614;9614;0;142
20260330;2024;08;TT;TODAS CONSOLIDADAS;01;1 ESTRELLA;APURÍMAC;030000;7;176;265;35,25;34,94;1,09;1,09;1;2623;2609;14;2870;2856;14;23
20260330;2024;08;TT;TODAS CONSOLIDADAS;01;1 ESTRELLA;AREQUIPA;040000;58;998;1571;26,24;22,68;1,15;1,14;1,19;9637;9214;423;11047;10545;502;171
20260330;2024;08;TT;TODAS CONSOLIDADAS;01;1 ESTRELLA;AYACUCHO;050000;23;399;717;14,12;11,48;1,6;1,6;1;1593;1591;2;2552;2550;2;66
20260330;2024;08;TT;TODAS CONSOLIDADAS;01;1 ESTRELLA;CAJAMARCA;060000;28;557;927;23,3;17,19;1,4;1,4;1,17;3520;3514;6;4940;4933;7;100
20260330;2024;08;TT;TODAS CONSOLIDADAS;01;1 ESTRELLA;CALLAO;070000;8;159;301;30,71;34,71;1;1;0;3487;3487;0;3487;3487;0;25
20260330;2024;08;TT;TODAS CONSOLIDADAS;01;1 ESTRELLA;CUSCO;080000;29;543;901;21,56;19,46;1,08;1,08;2;5009;5004;5;5434;5424;10;79
20260330;2024;08;TT;TODAS CONSOLIDADAS;01;1 ESTRELLA;HUANCAVELICA;090000;2;66;94;24,73;17,91;1;1;0;522;522;0;522;522;0;5
20260330;2024;08;TT;TODAS CONSOLIDADAS;01;1 ESTRELLA;HUÁNUCO;100000;33;601;905;46,76;39,01;1,33;1,33;0;8243;8243;0;10943;10943;0;100
20260330;2024;08;TT;TODAS CONSOLIDADAS;01;1 ESTRELLA;ICA;110000;26;445;737;19,26;15,97;1;1;1;3648;3521;127;3648;3521;127;74
20260330;2024;08;TT;TODAS CONSOLIDADAS;01;1 ESTRELLA;JUNÍN;120000;17;391;769;19,54;13,49;1,27;1,27;0;2537;2537;0;3216;3216;0;51
20260330;2024;08;TT;TODAS CONSOLIDADAS;01;1 ESTRELLA;LA LIBERTAD;130000;30;487;864;31,11;23,47;1,41;1,41;1;4464;4461;3;6286;6283;3;85
20260330;2024;08;TT;TODAS CONSOLIDADAS;01;1 ESTRELLA;LAMBAYEQUE;140000;18;289;390;17,36;17,6;1,05;1,05;1;2030;2026;4;2128;2124;4;53
20260330;2024;08;TT;TODAS CONSOLIDADAS;01;1 ESTRELLA;LIMA;150000;90;2033;3594;31,97;25,17;1,17;1,16;1,33;29334;28768;566;34229;33477;752;402
20260330;2024;08;TT;TODAS CONSOLIDADAS;01;1 ESTRELLA;LORETO;160000;6;104;168;32,54;21,24;1,94;1,97;1,36;570;545;25;1106;1072;34;24
20260330;2024;08;TT;TODAS CONSOLIDADAS;01;1 ESTRELLA;MADRE DE DIOS;170000;7;198;359;28,85;23,74;1,01;1,01;1;2617;2573;44;2642;2598;44;29
20260330;2024;08;TT;TODAS CONSOLIDADAS;01;1 ESTRELLA;MOQUEGUA;180000;22;354;569;15,98;12,64;1,24;1,24;1,14;1796;1775;21;2230;2206;24;62
20260330;2024;08;TT;TODAS CONSOLIDADAS;01;1 ESTRELLA;PASCO;190000;28;558;849;28,85;23,48;1,18;1,18;1;5239;5238;1;6181;6180;1;87
20260330;2024;08;TT;TODAS CONSOLIDADAS;01;1 ESTRELLA;PIURA;200000;5;96;158;26,24;25,62;1,56;1,56;1,2;804;799;5;1255;1249;6;16
20260330;2024;08;TT;TODAS CONSOLIDADAS;01;1 ESTRELLA;PUNO;210000;38;608;1066;20,77;16,63;1,1;1,1;1,29;4993;4845;148;5497;5306;191;93
20260330;2024;08;TT;TODAS CONSOLIDADAS;01;1 ESTRELLA;SAN MARTÍN;220000;8;170;256;31,29;30,54;1,34;1,34;0;1812;1812;0;2424;2424;0;27
20260330;2024;08;TT;TODAS CONSOLIDADAS;01;1 ESTRELLA;TACNA;230000;13;277;517;13,42;12,22;1,11;1,12;1,09;1771;1187;584;1958;1324;634;40
20260330;2024;08;TT;TODAS CONSOLIDADAS;01;1 ESTRELLA;TUMBES;240000;2;47;100;0;0;0;0;0;0;0;0;0;0;0;0
20260330;2024;08;TT;TODAS CONSOLIDADAS;02;2 ESTRELLAS;AMAZONAS;010000;87;1839;2978;25,74;23,17;1,22;1,21;1,86;17545;17232;313;21391;20808;583;303
20260330;2024;08;TT;TODAS CONSOLIDADAS;02;2 ESTRELLAS;ÁNCASH;020000;192;3818;6833;29,79;25,18;1,2;1,18;1,78;44415;43186;1229;53343;51157;2186;633
20260330;2024;08;TT;TODAS CONSOLIDADAS;02;2 ESTRELLAS;APURÍMAC;030000;14;421;696;35,58;27,9;1,12;1,12;1,02;5357;5309;48;6020;5971;49;52
20260330;2024;08;TT;TODAS CONSOLIDADAS;02;2 ESTRELLAS;AREQUIPA;040000;170;3226;5767;29,8;25,88;1,4;1,42;1,29;33099;27985;5114;46261;39641;6620;562
20260330;2024;08;TT;TODAS CONSOLIDADAS;02;2 ESTRELLAS;AYACUCHO;050000;18;461;807;20,92;21,75;1,95;1,95;1,98;2783;2640;143;5440;5157;283;70
20260330;2024;08;TT;TODAS CONSOLIDADAS;02;2 ESTRELLAS;CAJAMARCA;060000;195;4121;6548;23,32;17,21;1,24;1,24;1,3;28272;28077;195;34938;34684;254;617
20260330;2024;08;TT;TODAS CONSOLIDADAS;02;2 ESTRELLAS;CALLAO;070000;7;287;520;31,82;29,65;1,05;1,03;1,2;4551;4042;509;4779;4169;610;43
20260330;2024;08;TT;TODAS CONSOLIDADAS;02;2 ESTRELLAS;CUSCO;080000;93;1953;3582;32,61;30,54;1,69;1,51;1,88;20020;10063;9957;33909;15170;18739;523
20260330;2024;08;TT;TODAS CONSOLIDADAS;02;2 ESTRELLAS;HUANCAVELICA;090000;3;84;151;26,46;23,71;1,42;1,42;1,29;782;775;7;1110;1101;9;12
20260330;2024;08;TT;TODAS CONSOLIDADAS;02;2 ESTRELLAS;HUÁNUCO;100000;80;1993;3161;39,34;31,25;1,26;1,26;1,42;24214;24056;158;30625;30400;225;350
20260330;2024;08;TT;TODAS CONSOLIDADAS;02;2 ESTRELLAS;ICA;110000;135;2777;4697;22,97;18,48;1,02;1,01;1,11;26411;25408;1003;26906;25788;1118;440
20260330;2024;08;TT;TODAS CONSOLIDADAS;02;2 ESTRELLAS;JUNÍN;120000;54;1291;2375;26,28;21,3;1,28;1,28;1,55;12269;12141;128;15684;15485;199;218
20260330;2024;08;TT;TODAS CONSOLIDADAS;02;2 ESTRELLAS;LA LIBERTAD;130000;141;2564;4538;22,02;19,54;1,16;1,15;1,55;23611;22939;672;27493;26452;1041;452
20260330;2024;08;TT;TODAS CONSOLIDADAS;02;2 ESTRELLAS;LAMBAYEQUE;140000;217;4277;6336;21,67;16,95;1,12;1,12;1,16;29611;29242;369;33287;32859;428;709
20260330;2024;08;TT;TODAS CONSOLIDADAS;02;2 ESTRELLAS;LIMA;150000;242;8382;15634;39,25;34,64;1,37;1,35;1,71;175436;164681;10755;241046;222693;18353;1984
20260330;2024;08;TT;TODAS CONSOLIDADAS;02;2 ESTRELLAS;LORETO;160000;17;341;563;19,04;19,49;1,94;1,95;1,78;1756;1626;130;3402;3170;232;67
20260330;2024;08;TT;TODAS CONSOLIDADAS;02;2 ESTRELLAS;MADRE DE DIOS;170000;15;389;643;33,51;27,02;1,37;1,33;1,68;3942;3563;379;5385;4748;637;73
20260330;2024;08;TT;TODAS CONSOLIDADAS;02;2 ESTRELLAS;MOQUEGUA;180000;88;1562;2580;21,21;16,12;1,43;1,42;1,54;9035;8797;238;12894;12528;366;300
20260330;2024;08;TT;TODAS CONSOLIDADAS;02;2 ESTRELLAS;PASCO;190000;23;517;998;23,27;22,5;1,77;1,77;0;3930;3930;0;6960;6960;0;80
20260330;2024;08;TT;TODAS CONSOLIDADAS;02;2 ESTRELLAS;PIURA;200000;41;906;1541;29,04;23,24;1,93;1,92;2,04;5758;5434;324;11102;10440;662;171
20260330;2024;08;TT;TODAS CONSOLIDADAS;02;2 ESTRELLAS;PUNO;210000;92;1665;3035;20,34;15,82;1,25;1,22;1,42;11883;9742;2141;14881;11848;3033;260
20260330;2024;08;TT;TODAS CONSOLIDADAS;02;2 ESTRELLAS;SAN MARTÍN;220000;51;1105;1862;41,22;37,75;1,77;1,76;2,26;12296;11970;326;21788;21051;737;217
20260330;2024;08;TT;TODAS CONSOLIDADAS;02;2 ESTRELLAS;TACNA;230000;59;1363;2651;27,38;21,54;1,54;1,52;1,55;11521;5637;5884;17699;8555;9144;249
20260330;2024;08;TT;TODAS CONSOLIDADAS;02;2 ESTRELLAS;TUMBES;240000;11;237;437;22,34;15,89;1,76;1,73;1,93;1226;1056;170;2153;1825;328;61
20260330;2024;08;TT;TODAS CONSOLIDADAS;02;2 ESTRELLAS;UCAYALI;250000;4;131;240;14,45;10,43;2,01;1,97;4,14;387;380;7;776;747;29;27
20260330;2024;08;TT;TODAS CONSOLIDADAS;03;3 ESTRELLAS;AMAZONAS;010000;27;586;1060;24,85;19,37;1,58;1,54;2,01;4034;3746;288;6365;5786;579;140
20260330;2024;08;TT;TODAS CONSOLIDADAS;03;3 ESTRELLAS;ÁNCASH;020000;64;1760;3223;32,63;26,39;1,75;1,68;2,31;15061;13328;1733;26372;22365;4007;413
20260330;2024;08;TT;TODAS CONSOLIDADAS;03;3 ESTRELLAS;APURÍMAC;030000;7;225;377;45,61;35,11;1,46;1,48;1,32;2805;2438;367;4103;3618;485;60
20260330;2024;08;TT;TODAS CONSOLIDADAS;03;3 ESTRELLAS;AREQUIPA;040000;118;2852;5347;44,79;39,98;1,8;1,97;1,64;36845;17758;19087;66267;35033;31234;783
20260330;2024;08;TT;TODAS CONSOLIDADAS;03;3 ESTRELLAS;AYACUCHO;050000;10;241;451;20,14;18,45;1,97;1,96;2,02;1312;1122;190;2579;2196;383;73
20260330;2024;08;TT;TODAS CONSOLIDADAS;03;3 ESTRELLAS;CAJAMARCA;060000;124;3007;5044;22,26;15,89;1,38;1,37;1,57;18000;17422;578;24852;23943;909;608
20260330;2024;08;TT;TODAS CONSOLIDADAS;03;3 ESTRELLAS;CALLAO;070000;4;233;391;34,22;33,92;1,29;1,32;1,23;3184;2063;1121;4111;2728;1383;56
20260330;2024;08;TT;TODAS CONSOLIDADAS;03;3 ESTRELLAS;CUSCO;080000;108;3545;6974;52,52;47,45;1,74;1,78;1,74;58831;12071;46760;102594;21449;81145;1183
20260330;2024;08;TT;TODAS CONSOLIDADAS;03;3 ESTRELLAS;HUANCAVELICA;090000;2;65;108;10,67;8,27;1,4;1,36;2,1;198;188;10;277;256;21;10
20260330;2024;08;TT;TODAS CONSOLIDADAS;03;3 ESTRELLAS;HUÁNUCO;100000;19;679;1222;32,8;27,18;1,43;1,43;1,4;7191;6866;325;10295;9839;456;155
20260330;2024;08;TT;TODAS CONSOLIDADAS;03;3 ESTRELLAS;ICA;110000;113;3102;5951;43,25;33,7;1,42;1,48;1,28;43877;29926;13951;62163;44346;17817;688
20260330;2024;08;TT;TODAS CONSOLIDADAS;03;3 ESTRELLAS;JUNÍN;120000;23;826;1578;20,91;18,22;1,54;1,53;2,45;5792;5715;77;8915;8726;189;230
20260330;2024;08;TT;TODAS CONSOLIDADAS;03;3 ESTRELLAS;LA LIBERTAD;130000;121;3042;5842;34,11;26,61;1,51;1,48;2,05;31894;30004;1890;48183;44300;3883;708
20260330;2024;08;TT;TODAS CONSOLIDADAS;03;3 ESTRELLAS;LAMBAYEQUE;140000;60;1532;2496;34,08;28,97;1,43;1,42;1,75;15677;15081;596;22413;21371;1042;339
20260330;2024;08;TT;TODAS CONSOLIDADAS;03;3 ESTRELLAS;LIMA;150000;191;8860;17079;49,42;42,34;1,78;1,52;2,1;126126;70154;55972;224147;106568;117579;2435
20260330;2024;08;TT;TODAS CONSOLIDADAS;03;3 ESTRELLAS;LORETO;160000;36;946;1617;38,58;34,6;2,19;2,23;2,07;7904;6154;1750;17342;13726;3616;267
20260330;2024;08;TT;TODAS CONSOLIDADAS;03;3 ESTRELLAS;MADRE DE DIOS;170000;6;225;406;33;33,93;1,69;1,75;1,54;2527;1791;736;4271;3135;1136;61
20260330;2024;08;TT;TODAS CONSOLIDADAS;03;3 ESTRELLAS;MOQUEGUA;180000;19;553;947;23,68;16,94;1,49;1,48;1,66;3340;3212;128;4974;4761;213;107
20260330;2024;08;TT;TODAS CONSOLIDADAS;03;3 ESTRELLAS;PASCO;190000;9;180;325;20,02;27,67;1,52;1,52;1,74;1831;1785;46;2788;2708;80;28
20260330;2024;08;TT;TODAS CONSOLIDADAS;03;3 ESTRELLAS;PIURA;200000;22;755;1293;45,05;37,83;1,77;1,69;2,29;8547;7359;1188;15164;12448;2716;228
20260330;2024;08;TT;TODAS CONSOLIDADAS;03;3 ESTRELLAS;PUNO;210000;38;1077;2022;44,32;39,23;1,46;1,54;1,42;16849;4949;11900;24590;7633;16957;232
20260330;2024;08;TT;TODAS CONSOLIDADAS;03;3 ESTRELLAS;SAN MARTÍN;220000;32;1043;1893;41,57;39,66;2,11;2,11;2,05;11017;10703;314;23272;22627;645;256
20260330;2024;08;TT;TODAS CONSOLIDADAS;03;3 ESTRELLAS;TACNA;230000;14;475;1029;32,49;24,45;1,85;1,84;1,87;4217;2323;1894;7800;4264;3536;120
20260330;2024;08;TT;TODAS CONSOLIDADAS;03;3 ESTRELLAS;TUMBES;240000;16;392;814;39,97;39,26;2,95;3,02;2,77;3354;2512;842;9907;7578;2329;162
20260330;2024;08;TT;TODAS CONSOLIDADAS;03;3 ESTRELLAS;UCAYALI;250000;17;586;973;36,79;33,21;2,18;2,21;1,66;4596;4334;262;10018;9584;434;136
20260330;2024;08;TT;TODAS CONSOLIDADAS;04;4 ESTRELLAS;APURÍMAC;030000;1;32;56;31,45;17,97;1,77;1,72;2,19;176;155;21;312;266;46;14
20260330;2024;08;TT;TODAS CONSOLIDADAS;04;4 ESTRELLAS;AREQUIPA;040000;11;558;1066;61,03;56,82;1,83;2,04;1,7;10269;3892;6377;18777;7937;10840;261
20260330;2024;08;TT;TODAS CONSOLIDADAS;04;4 ESTRELLAS;CAJAMARCA;060000;4;214;379;59,81;57,27;2,13;2,15;2,03;3153;2804;349;6729;6019;710;158
20260330;2024;08;TT;TODAS CONSOLIDADAS;04;4 ESTRELLAS;CALLAO;070000;2;371;599;93,83;89,01;1,28;1,25;1,28;12952;2071;10881;16528;2582;13946;130
20260330;2024;08;TT;TODAS CONSOLIDADAS;04;4 ESTRELLAS;CUSCO;080000;21;1609;3170;78,29;74,46;1,77;1,81;1,76;41430;4305;37125;73174;7781;65393;998
20260330;2024;08;TT;TODAS CONSOLIDADAS;04;4 ESTRELLAS;HUÁNUCO;100000;1;60;101;56,83;51,9;1,88;1,75;4,26;866;824;42;1625;1446;179;31
20260330;2024;08;TT;TODAS CONSOLIDADAS;04;4 ESTRELLAS;ICA;110000;7;707;1488;42,61;44,75;1,74;1,92;1,36;11878;8030;3848;20641;15415;5226;313
20260330;2024;08;TT;TODAS CONSOLIDADAS;04;4 ESTRELLAS;JUNÍN;120000;1;40;82;34,19;37,61;1,51;1,44;3,89;634;616;18;956;886;70;20
20260330;2024;08;TT;TODAS CONSOLIDADAS;04;4 ESTRELLAS;LA LIBERTAD;130000;4;318;546;55,63;53,3;1,97;1,82;2,55;4589;3661;928;9022;6660;2362;129
20260330;2024;08;TT;TODAS CONSOLIDADAS;04;4 ESTRELLAS;LAMBAYEQUE;140000;5;359;618;62,81;60,03;1,59;1,53;1,92;7228;6106;1122;11500;9344;2156;283
20260330;2024;08;TT;TODAS CONSOLIDADAS;04;4 ESTRELLAS;LIMA;150000;50;4849;8927;57,7;55,81;2,42;1,85;2,73;63913;22586;41327;154444;41679;112765;1992
20260330;2024;08;TT;TODAS CONSOLIDADAS;04;4 ESTRELLAS;LORETO;160000;4;149;226;46,87;45,99;1,69;1,83;1,52;1910;1012;898;3222;1856;1366;72
20260330;2024;08;TT;TODAS CONSOLIDADAS;04;4 ESTRELLAS;MOQUEGUA;180000;2;123;234;47,29;37,57;4,38;4,75;2,19;622;532;90;2725;2528;197;60
20260330;2024;08;TT;TODAS CONSOLIDADAS;04;4 ESTRELLAS;PIURA;200000;4;393;744;50,38;42,56;2;1,97;2,1;4897;3639;1258;9816;7178;2638;140
20260330;2024;08;TT;TODAS CONSOLIDADAS;04;4 ESTRELLAS;PUNO;210000;8;508;961;56,06;54,92;1,65;1,62;1,66;9917;1368;8549;16361;2211;14150;202
20260330;2024;08;TT;TODAS CONSOLIDADAS;04;4 ESTRELLAS;SAN MARTÍN;220000;2;82;138;49,49;57,78;2,07;2,01;2,82;1196;1118;78;2472;2252;220;38
20260330;2024;08;TT;TODAS CONSOLIDADAS;04;4 ESTRELLAS;TACNA;230000;3;275;541;41,38;34,7;1,82;1,91;1,74;3190;1566;1624;5819;2996;2823;81
20260330;2024;08;TT;TODAS CONSOLIDADAS;04;4 ESTRELLAS;TUMBES;240000;6;667;1621;69,78;69,01;2,44;2,45;2,44;14186;8439;5747;34680;20658;14022;622
20260330;2024;08;TT;TODAS CONSOLIDADAS;04;4 ESTRELLAS;UCAYALI;250000;5;288;513;50,54;45,05;2,17;2,15;2,37;3294;2862;432;7164;6141;1023;120
20260330;2024;08;TT;TODAS CONSOLIDADAS;05;5 ESTRELLAS;AREQUIPA;040000;3;241;352;69,32;76,72;1,86;1,87;1,85;4492;2397;2095;8372;4490;3882;184
20260330;2024;08;TT;TODAS CONSOLIDADAS;05;5 ESTRELLAS;CUSCO;080000;15;1283;2519;69,78;66,4;1,66;1,88;1,64;31261;2943;28318;51853;5524;46329;1290
20260330;2024;08;TT;TODAS CONSOLIDADAS;05;5 ESTRELLAS;ICA;110000;5;488;1177;49,85;47,59;1,8;1,84;1,7;9629;7233;2396;17365;13296;4069;542
20260330;2024;08;TT;TODAS CONSOLIDADAS;05;5 ESTRELLAS;LA LIBERTAD;130000;2;267;450;55,54;48,81;1,93;1,72;2,68;3531;2757;774;6809;4733;2076;196
20260330;2024;08;TT;TODAS CONSOLIDADAS;05;5 ESTRELLAS;LIMA;150000;31;5057;8814;60,5;48,45;2,61;1,89;2,83;50719;11858;38861;132370;22450;109920;3560
20260330;2024;08;TT;TODAS CONSOLIDADAS;05;5 ESTRELLAS;LORETO;160000;1;60;88;75,65;87,57;1,88;1,87;1,89;1271;565;706;2389;1058;1331;54
20260330;2024;08;TT;TODAS CONSOLIDADAS;05;5 ESTRELLAS;PIURA;200000;1;83;166;70,5;56,57;1,83;1,74;2,04;1592;1139;453;2911;1985;926;82
20260330;2024;08;TT;TODAS CONSOLIDADAS;05;5 ESTRELLAS;PUNO;210000;1;123;231;62,23;98,35;1,59;1,65;1,59;4420;422;3998;7043;698;6345;32
20260330;2024;08;TT;TODAS CONSOLIDADAS;05;5 ESTRELLAS;SAN MARTÍN;220000;1;50;108;52,39;69,59;1,99;1,98;2,41;1172;1145;27;2330;2265;65;63
20260330;2024;08;TT;TODAS CONSOLIDADAS;05;5 ESTRELLAS;UCAYALI;250000;2;162;300;53,9;48,04;2,42;2,44;2,32;1844;1547;297;4468;3780;688;73
20260330;2024;08;TT;TODAS CONSOLIDADAS;12;ALBERGUE;AMAZONAS;010000;1;6;11;0;0;0;0;0;0;0;0;0;0;0;0
20260330;2024;08;TT;TODAS CONSOLIDADAS;12;ALBERGUE;ÁNCASH;020000;7;68;149;23,15;14,7;1,92;1,91;1,94;354;291;63;679;557;122;16
20260330;2024;08;TT;TODAS CONSOLIDADAS;12;ALBERGUE;AREQUIPA;040000;10;141;329;52,76;45,48;1,36;1,37;1,35;3417;805;2612;4638;1105;3533;120
20260330;2024;08;TT;TODAS CONSOLIDADAS;12;ALBERGUE;AYACUCHO;050000;1;10;20;0;0;0;0;0;0;0;0;0;0;0;0
20260330;2024;08;TT;TODAS CONSOLIDADAS;12;ALBERGUE;CAJAMARCA;060000;1;11;22;0;0;0;0;0;0;0;0;0;0;0;0
20260330;2024;08;TT;TODAS CONSOLIDADAS;12;ALBERGUE;CUSCO;080000;16;372;657;39,01;35,35;1,56;1,62;1,55;4624;158;4466;7200;256;6944;99
20260330;2024;08;TT;TODAS CONSOLIDADAS;12;ALBERGUE;HUANCAVELICA;090000;1;14;47;15,9;11,32;2,5;2,5;0;66;66;0;165;165;0;15
20260330;2024;08;TT;TODAS CONSOLIDADAS;12;ALBERGUE;HUÁNUCO;100000;7;92;128;0;0;0;0;0;0;0;0;0;0;0;0
20260330;2024;08;TT;TODAS CONSOLIDADAS;12;ALBERGUE;ICA;110000;6;82;212;30,06;21,9;1,31;1,3;1,33;1098;581;517;1439;753;686;22
20260330;2024;08;TT;TODAS CONSOLIDADAS;12;ALBERGUE;JUNÍN;120000;1;32;104;46,67;44,51;1,87;1,86;2,15;766;740;26;1435;1379;56;19
20260330;2024;08;TT;TODAS CONSOLIDADAS;12;ALBERGUE;LA LIBERTAD;130000;1;15;27;56,34;47,07;1,81;1,8;2;218;206;12;394;370;24;4
20260330;2024;08;TT;TODAS CONSOLIDADAS;12;ALBERGUE;LIMA;150000;8;136;528;22,7;20,27;2,92;2,97;2,39;1135;1039;96;3318;3089;229;25
20260330;2024;08;TT;TODAS CONSOLIDADAS;12;ALBERGUE;LORETO;160000;60;836;1674;19,86;24,01;2,19;1,78;2,29;5694;1145;4549;12461;2040;10421;279
20260330;2024;08;TT;TODAS CONSOLIDADAS;12;ALBERGUE;MADRE DE DIOS;170000;15;357;725;37,29;38,51;2,45;1,89;2,48;3539;180;3359;8656;341;8315;241
20260330;2024;08;TT;TODAS CONSOLIDADAS;12;ALBERGUE;PASCO;190000;25;308;846;28,72;25,45;1,53;1,52;1,92;4362;4298;64;6675;6552;123;78
20260330;2024;08;TT;TODAS CONSOLIDADAS;12;ALBERGUE;PUNO;210000;1;13;35;0;0;0;0;0;0;0;0;0;0;0;0
20260330;2024;08;TT;TODAS CONSOLIDADAS;12;ALBERGUE;SAN MARTÍN;220000;11;194;443;55,72;51,23;2,21;2,18;2,43;3183;2786;397;7036;6073;963;52
20260330;2024;08;TT;TODAS CONSOLIDADAS;12;ALBERGUE;UCAYALI;250000;5;52;146;11,79;6,78;1,38;1,34;1,48;222;151;71;307;202;105;30
20260330;2024;08;TT;TODAS CONSOLIDADAS;13;ECOLODGE;AREQUIPA;040000;1;23;51;40,95;40,86;1,18;1,31;1,17;546;45;501;646;59;587;7
20260330;2024;08;TT;TODAS CONSOLIDADAS;TT;TODAS CONSOLIDADAS;AMAZONAS;010000;447;5668;9095;18,22;15;1,29;1,27;1,61;37448;36225;1223;47797;45676;2121;1029
20260330;2024;08;TT;TODAS CONSOLIDADAS;TT;TODAS CONSOLIDADAS;ÁNCASH;020000;1059;13089;22696;20,1;17,77;1,3;1,26;1,66;107948;100959;6988;140963;127947;13016;1957
20260330;2024;08;TT;TODAS CONSOLIDADAS;TT;TODAS CONSOLIDADAS;APURÍMAC;030000;535;5354;8454;21,01;15,38;1,15;1,15;1,2;38698;38097;601;45013;44237;776;593
20260330;2024;08;TT;TODAS CONSOLIDADAS;TT;TODAS CONSOLIDADAS;AREQUIPA;040000;1651;18959;32966;25,5;22,82;1,52;1,52;1,53;174477;114316;60161;271882;177130;94752;3388
20260330;2024;08;02;APART HOTEL;TT;TODAS CONSOLIDADAS;AREQUIPA;040000;1;19;35;3,23;2,86;1,94;1,94;0;16;16;0;31;31;0;5
20260330;2024;08;03;HOSTAL;TT;TODAS CONSOLIDADAS;AREQUIPA;040000;226;3545;6216;34,09;30,11;1,47;1,44;1,62;39457;32703;6754;58030;47067;10963;688
20260330;2024;08;05;ALBERGUE;TT;TODAS CONSOLIDADAS;AREQUIPA;040000;10;141;329;52,76;45,48;1,36;1,37;1,35;3417;805;2612;4638;1105;3533;120
20260330;2024;08;16;ECOLODGE;TT;TODAS CONSOLIDADAS;AREQUIPA;040000;1;23;51;40,95;40,86;1,18;1,31;1,17;546;45;501;646;59;587;7
20260330;2024;08;03;HOSTAL;TT;TODAS CONSOLIDADAS;UCAYALI;250000;4;113;194;13,96;9,83;1,55;1,54;2;382;378;4;591;583;8;22
20260330;2024;08;TT;TODAS CONSOLIDADAS;TT;TODAS CONSOLIDADAS;AYACUCHO;050000;656;6724;11055;17,04;13,71;1,28;1,28;1,55;36186;35383;803;48479;47086;1393;881
20260330;2024;08;TT;TODAS CONSOLIDADAS;TT;TODAS CONSOLIDADAS;CAJAMARCA;060000;1089;14383;23292;15,5;11,26;1,24;1,23;1,63;75554;74341;1213;98607;96579;2028;2159
20260330;2024;08;TT;TODAS CONSOLIDADAS;TT;TODAS CONSOLIDADAS;CALLAO;070000;292;4783;8798;40,38;38,06;1,01;1,01;1,06;166934;152457;14477;172629;154560;18069;1382
20260330;2024;08;TT;TODAS CONSOLIDADAS;TT;TODAS CONSOLIDADAS;CUSCO;080000;2275;28302;51637;29,76;27,89;1,68;1,48;1,85;322642;102928;219714;546780;155754;391026;7826
20260330;2024;08;TT;TODAS CONSOLIDADAS;TT;TODAS CONSOLIDADAS;HUANCAVELICA;090000;247;2768;4265;16,56;13,38;1,11;1,11;1,15;16003;15966;37;17971;17918;53;322
20260330;2024;08;TT;TODAS CONSOLIDADAS;TT;TODAS CONSOLIDADAS;HUÁNUCO;100000;637;8700;13447;23,91;19,51;1,17;1,17;1,47;75405;74784;621;93429;92416;1013;1287
20260330;2024;08;TT;TODAS CONSOLIDADAS;TT;TODAS CONSOLIDADAS;ICA;110000;1084;15619;27801;24,08;18,56;1,22;1,25;1,15;151348;118332;33016;199581;157885;41696;3571
20260330;2024;08;TT;TODAS CONSOLIDADAS;TT;TODAS CONSOLIDADAS;JUNÍN;120000;1623;17919;29875;25,88;20,08;1,2;1,19;1,65;153033;152191;842;185825;184329;1496;3311
20260330;2024;08;TT;TODAS CONSOLIDADAS;TT;TODAS CONSOLIDADAS;LA LIBERTAD;130000;1304;14141;24730;14,61;11,02;1,17;1,16;1,28;93497;87343;6154;126386;114840;11546;2129
20260330;2024;08;TT;TODAS CONSOLIDADAS;TT;TODAS CONSOLIDADAS;LAMBAYEQUE;140000;752;10939;16350;20,25;16,7;1,14;1,14;1,18;80735;78051;2684;98449;94158;4291;1935
20260330;2024;08;TT;TODAS CONSOLIDADAS;TT;TODAS CONSOLIDADAS;LIMA;150000;7754;84826;149788;24,21;22,73;1,1;1,08;1,13;3029610;2824840;204770;3506885;3086266;420619;44108
20260330;2024;08;TT;TODAS CONSOLIDADAS;TT;TODAS CONSOLIDADAS;LORETO;160000;919;9251;14992;14,26;12,06;1,85;1,84;1,82;36755;22261;14494;71781;43343;28438;1458
20260330;2024;08;TT;TODAS CONSOLIDADAS;TT;TODAS CONSOLIDADAS;MADRE DE DIOS;170000;387;5698;9638;27,96;25,89;1,39;1,25;1,84;56023;42115;13908;79574;52114;27460;1228
20260330;2024;08;TT;TODAS CONSOLIDADAS;TT;TODAS CONSOLIDADAS;MOQUEGUA;180000;299;4316;7265;20,5;15,43;1,31;1,31;1,25;26130;25508;622;36466;35512;954;834
20260330;2024;08;TT;TODAS CONSOLIDADAS;TT;TODAS CONSOLIDADAS;PASCO;190000;475;5696;9673;22,37;20,34;1,27;1,26;1,52;48323;48115;208;62809;62448;361;1032
20260330;2024;08;TT;TODAS CONSOLIDADAS;TT;TODAS CONSOLIDADAS;PIURA;200000;1235;12845;23020;29,16;25,42;1,57;1,45;1,88;117833;87957;29876;189429;132745;56684;2689
20260330;2024;08;TT;TODAS CONSOLIDADAS;TT;TODAS CONSOLIDADAS;PUNO;210000;1014;11342;19699;23,87;20,38;1,21;1,21;1,25;111215;80070;31145;144166;98117;46049;2153
20260330;2024;08;TT;TODAS CONSOLIDADAS;TT;TODAS CONSOLIDADAS;SAN MARTÍN;220000;978;11828;19132;27,94;24,07;1,41;1,41;1,71;103992;101907;2085;158488;154286;4202;1775
20260330;2024;08;TT;TODAS CONSOLIDADAS;TT;TODAS CONSOLIDADAS;TACNA;230000;519;6385;11900;15,27;11,85;1,28;1,25;1,32;38723;22451;16272;55358;31182;24176;955
20260330;2024;08;TT;TODAS CONSOLIDADAS;TT;TODAS CONSOLIDADAS;TUMBES;240000;285;3774;7596;20,12;17,65;1,65;1,58;2,11;32819;24102;8717;68607;47835;20772;1172
20260330;2024;08;TT;TODAS CONSOLIDADAS;TT;TODAS CONSOLIDADAS;UCAYALI;250000;579;6612;10504;28,05;27,5;3,21;3,24;2,03;31902;30394;1508;93509;90339;3170;1367
20260330;2024;09;00;NO CLASIFICADO;00;NO CATEGORIZADO;AYACUCHO;050000;604;5633;9101;16,68;13,25;1,24;1,24;1,47;29081;28605;476;36176;35476;700;676
20260330;2024;09;00;NO CLASIFICADO;TT;TODAS CONSOLIDADAS;AYACUCHO;050000;604;5633;9101;16,68;13,25;1,24;1,24;1,47;29081;28605;476;36176;35476;700;676
20260330;2024;09;01;HOTEL;01;1 ESTRELLA;AYACUCHO;050000;8;200;353;14,93;12,3;1,91;1,92;1;682;674;8;1303;1295;8;39
20260330;2024;09;01;HOTEL;01;1 ESTRELLA;MOQUEGUA;180000;2;63;126;12,8;7,12;1,69;1,65;3,67;159;156;3;269;258;11;8
20260330;2024;09;00;NO CLASIFICADO;00;NO CATEGORIZADO;AMAZONAS;010000;315;3000;4706;13,79;10,48;1,22;1,21;1,32;12159;11488;671;14796;13912;884;555
20260330;2024;09;00;NO CLASIFICADO;TT;TODAS CONSOLIDADAS;AMAZONAS;010000;315;3000;4706;13,79;10,48;1,22;1,21;1,32;12159;11488;671;14796;13912;884;555
20260330;2024;09;01;HOTEL;01;1 ESTRELLA;AMAZONAS;010000;1;20;24;0;0;0;0;0;0;0;0;0;0;0;0
20260330;2024;09;00;NO CLASIFICADO;00;NO CATEGORIZADO;ÁNCASH;020000;748;6489;10943;14,27;12,81;1,21;1,18;1,51;34875;32172;2703;42065;37998;4067;750
20260330;2024;09;00;NO CLASIFICADO;TT;TODAS CONSOLIDADAS;ÁNCASH;020000;748;6489;10943;14,27;12,81;1,21;1,18;1,51;34875;32172;2703;42065;37998;4067;750
20260330;2024;09;01;HOTEL;01;1 ESTRELLA;ÁNCASH;020000;13;380;585;15,48;13,48;1,25;1,25;0;1899;1899;0;2365;2365;0;50
20260330;2024;09;00;NO CLASIFICADO;00;NO CATEGORIZADO;APURÍMAC;030000;506;4490;7048;19,98;14,4;1,15;1,15;1,14;26426;26324;102;30441;30325;116;441
20260330;2024;09;01;HOTEL;01;1 ESTRELLA;APURÍMAC;030000;2;77;119;37,49;31,85;1,08;1,08;0;1054;1054;0;1137;1137;0;9
20260330;2024;09;00;NO CLASIFICADO;00;NO CATEGORIZADO;AREQUIPA;040000;1280;10916;18481;22,12;18,62;1,54;1,49;1,65;67221;47359;19862;103241;70454;32787;1295
20260330;2024;09;00;NO CLASIFICADO;TT;TODAS CONSOLIDADAS;AREQUIPA;040000;1280;10916;18481;22,12;18,62;1,54;1,49;1,65;67221;47359;19862;103241;70454;32787;1295
20260330;2024;09;01;HOTEL;01;1 ESTRELLA;AREQUIPA;040000;7;239;401;25,87;23,19;1,07;1,07;1,17;2610;2587;23;2790;2763;27;40
20260330;2024;09;00;NO CLASIFICADO;00;NO CATEGORIZADO;CAJAMARCA;060000;736;6455;10328;13,08;9,4;1,18;1,18;1,54;24609;24553;56;29112;29026;86;705
20260330;2024;09;01;HOTEL;01;1 ESTRELLA;CAJAMARCA;060000;6;153;277;9,96;6,52;1,14;1,14;0;476;476;0;542;542;0;25
20260330;2024;09;00;NO CLASIFICADO;00;NO CATEGORIZADO;CALLAO;070000;271;3733;6987;42,79;40,85;1;1;1,02;148672;147550;1122;149296;148149;1147;1090
20260330;2024;09;00;NO CLASIFICADO;00;NO CATEGORIZADO;CUSCO;080000;1992;18998;33825;33,32;25,75;1,85;1,35;2,21;141231;59604;81627;261342;80761;180581;3655
20260330;2024;09;00;NO CLASIFICADO;TT;TODAS CONSOLIDADAS;CUSCO;080000;1992;18998;33825;33,32;25,75;1,85;1,35;2,21;141231;59604;81627;261342;80761;180581;3655
20260330;2024;09;01;HOTEL;01;1 ESTRELLA;CUSCO;080000;4;118;193;14,86;15,34;1,59;1,59;0;557;557;0;888;888;0;19
20260330;2024;09;00;NO CLASIFICADO;00;NO CATEGORIZADO;HUANCAVELICA;090000;239;2539;3865;17,61;14,1;1,09;1,09;1,25;14941;14864;77;16350;16254;96;281
20260330;2024;09;00;NO CLASIFICADO;TT;TODAS CONSOLIDADAS;HUANCAVELICA;090000;239;2539;3865;17,61;14,1;1,09;1,09;1,25;14941;14864;77;16350;16254;96;281
20260330;2024;09;00;NO CLASIFICADO;00;NO CATEGORIZADO;HUÁNUCO;100000;497;5293;7963;16,26;13,2;1,17;1,17;1,32;26874;26790;84;31525;31414;111;647
20260330;2024;09;00;NO CLASIFICADO;TT;TODAS CONSOLIDADAS;HUÁNUCO;100000;497;5293;7963;16,26;13,2;1,17;1,17;1,32;26874;26790;84;31525;31414;111;647
20260330;2024;09;01;HOTEL;01;1 ESTRELLA;HUÁNUCO;100000;8;241;369;50;51,85;1,07;1,07;0;5371;5371;0;5740;5740;0;40
20260330;2024;09;00;NO CLASIFICADO;00;NO CATEGORIZADO;ICA;110000;790;7917;13304;21,52;14,67;1,22;1,23;1,18;48112;35335;12777;58549;43411;15138;1432
20260330;2024;09;01;HOTEL;01;1 ESTRELLA;ICA;110000;8;224;386;7,78;4,64;1;1;1;537;525;12;537;525;12;32
20260330;2024;09;00;NO CLASIFICADO;00;NO CATEGORIZADO;JUNÍN;120000;1527;15377;25020;22,29;17,37;1,15;1,15;1,89;113354;112929;425;130378;129573;805;2757
20260330;2024;09;00;NO CLASIFICADO;TT;TODAS CONSOLIDADAS;JUNÍN;120000;1527;15377;25020;22,29;17,37;1,15;1,15;1,89;113354;112929;425;130378;129573;805;2757
20260330;2024;09;01;HOTEL;01;1 ESTRELLA;JUNÍN;120000;5;221;475;14,24;8,62;1,33;1,33;0;920;920;0;1228;1228;0;22
20260330;2024;09;00;NO CLASIFICADO;00;NO CATEGORIZADO;LA LIBERTAD;130000;1008;7499;12528;12,36;9,33;1,07;1,07;1,08;32878;31395;1483;35055;33455;1600;714
20260330;2024;09;00;NO CLASIFICADO;TT;TODAS CONSOLIDADAS;LA LIBERTAD;130000;1008;7499;12528;12,36;9,33;1,07;1,07;1,08;32878;31395;1483;35055;33455;1600;714
20260330;2024;09;01;HOTEL;01;1 ESTRELLA;LA LIBERTAD;130000;5;130;223;16,74;11,87;1,23;1,23;1;648;641;7;794;787;7;21
20260330;2024;09;00;NO CLASIFICADO;00;NO CATEGORIZADO;LAMBAYEQUE;140000;453;4498;6540;17,04;14,05;1,1;1,1;1,16;24971;24511;460;27574;27039;535;550
20260330;2024;09;01;HOTEL;01;1 ESTRELLA;LAMBAYEQUE;140000;3;83;90;2,37;1,93;1;1;0;52;52;0;52;52;0;14
20260330;2024;09;00;NO CLASIFICADO;00;NO CATEGORIZADO;LIMA;150000;7142;55479;95145;21,53;19,91;1,05;1,05;1,17;2318040;2256814;61225;2435825;2363944;71881;33176
20260330;2024;09;00;NO CLASIFICADO;TT;TODAS CONSOLIDADAS;LIMA;150000;7142;55479;95145;21,53;19,91;1,05;1,05;1,17;2318040;2256814;61225;2435825;2363944;71881;33176
20260330;2024;09;01;HOTEL;01;1 ESTRELLA;LIMA;150000;12;428;752;29,44;28,54;1,05;1,05;1;5949;5877;72;6267;6195;72;63
20260330;2024;09;00;NO CLASIFICADO;00;NO CATEGORIZADO;LORETO;160000;794;6807;10626;9,52;8,41;1,76;1,74;1,8;15201;9408;5793;26806;16391;10415;690
20260330;2024;09;00;NO CLASIFICADO;TT;TODAS CONSOLIDADAS;LORETO;160000;794;6807;10626;9,52;8,41;1,76;1,74;1,8;15201;9408;5793;26806;16391;10415;690
20260330;2024;09;00;NO CLASIFICADO;00;NO CATEGORIZADO;MADRE DE DIOS;170000;346;4581;7600;24,55;20,16;1,39;1,26;1,97;33055;27112;5943;45956;34268;11688;835
20260330;2024;09;01;HOTEL;01;1 ESTRELLA;MADRE DE DIOS;170000;5;145;258;27,52;22,78;1,1;1,09;1,3;1607;1557;50;1763;1698;65;26
20260330;2024;09;00;NO CLASIFICADO;00;NO CATEGORIZADO;MOQUEGUA;180000;167;1689;2878;18,47;13,33;1,2;1,19;1,47;9619;9559;60;11510;11422;88;301
20260330;2024;09;00;NO CLASIFICADO;TT;TODAS CONSOLIDADAS;MOQUEGUA;180000;167;1689;2878;18,47;13,33;1,2;1,19;1,47;9619;9559;60;11510;11422;88;301
20260330;2024;09;00;NO CLASIFICADO;00;NO CATEGORIZADO;PASCO;190000;390;4084;6571;19,11;15,74;1,24;1,23;1,52;25113;24923;190;31037;30748;289;746
20260330;2024;09;00;NO CLASIFICADO;TT;TODAS CONSOLIDADAS;PASCO;190000;390;4084;6571;19,11;15,74;1,24;1,23;1,52;25113;24923;190;31037;30748;289;746
20260330;2024;09;00;NO CLASIFICADO;00;NO CATEGORIZADO;PIURA;200000;1163;10615;19145;21,86;17,66;1,46;1,39;1,9;69563;60852;8711;101446;84868;16578;2092
20260330;2024;09;00;NO CLASIFICADO;TT;TODAS CONSOLIDADAS;PIURA;200000;1163;10615;19145;21,86;17,66;1,46;1,39;1,9;69563;60852;8711;101446;84868;16578;2092
20260330;2024;09;00;NO CLASIFICADO;00;NO CATEGORIZADO;PUNO;210000;838;7379;12398;21,07;17,93;1,22;1,21;1,26;54864;51617;3247;66680;62597;4083;1342
20260330;2024;09;00;NO CLASIFICADO;TT;TODAS CONSOLIDADAS;PUNO;210000;838;7379;12398;21,07;17,93;1,22;1,21;1,26;54864;51617;3247;66680;62597;4083;1342
20260330;2024;09;00;NO CLASIFICADO;00;NO CATEGORIZADO;SAN MARTÍN;220000;874;9237;14553;24,57;20,02;1,35;1,34;1,83;64699;63443;1256;87399;85099;2300;1137
20260330;2024;09;00;NO CLASIFICADO;TT;TODAS CONSOLIDADAS;SAN MARTÍN;220000;874;9237;14553;24,57;20,02;1,35;1,34;1,83;64699;63443;1256;87399;85099;2300;1137
20260330;2024;09;00;NO CLASIFICADO;00;NO CATEGORIZADO;TACNA;230000;430;3996;7154;12,42;13,47;1,49;1,25;1,69;19349;8479;10870;28917;10587;18330;467
20260330;2024;09;00;NO CLASIFICADO;TT;TODAS CONSOLIDADAS;TACNA;230000;430;3996;7154;12,42;13,47;1,49;1,25;1,69;19349;8479;10870;28917;10587;18330;467
20260330;2024;09;00;NO CLASIFICADO;00;NO CATEGORIZADO;TUMBES;240000;250;2431;4628;13,67;12,4;1,56;1,52;1,78;11059;9649;1410;17219;14703;2516;324
20260330;2024;09;00;NO CLASIFICADO;TT;TODAS CONSOLIDADAS;TUMBES;240000;250;2431;4628;13,67;12,4;1,56;1,52;1,78;11059;9649;1410;17219;14703;2516;324
20260330;2024;09;00;NO CLASIFICADO;00;NO CATEGORIZADO;UCAYALI;250000;547;5429;8401;37,15;26,43;3,46;3,49;2,41;19246;18809;437;66621;65569;1052;987
20260330;2024;09;00;NO CLASIFICADO;TT;TODAS CONSOLIDADAS;UCAYALI;250000;547;5429;8401;37,15;26,43;3,46;3,49;2,41;19246;18809;437;66621;65569;1052;987
20260330;2024;09;00;NO CLASIFICADO;TT;TODAS CONSOLIDADAS;APURÍMAC;030000;506;4490;7048;19,98;14,4;1,15;1,15;1,14;26426;26324;102;30441;30325;116;441
20260330;2024;09;00;NO CLASIFICADO;TT;TODAS CONSOLIDADAS;CAJAMARCA;060000;736;6455;10328;13,08;9,4;1,18;1,18;1,54;24609;24553;56;29112;29026;86;705
20260330;2024;09;00;NO CLASIFICADO;TT;TODAS CONSOLIDADAS;CALLAO;070000;271;3733;6987;42,79;40,85;1;1;1,02;148672;147550;1122;149296;148149;1147;1090
20260330;2024;09;00;NO CLASIFICADO;TT;TODAS CONSOLIDADAS;ICA;110000;790;7917;13304;21,52;14,67;1,22;1,23;1,18;48112;35335;12777;58549;43411;15138;1432
20260330;2024;09;00;NO CLASIFICADO;TT;TODAS CONSOLIDADAS;LAMBAYEQUE;140000;453;4498;6540;17,04;14,05;1,1;1,1;1,16;24971;24511;460;27574;27039;535;550
20260330;2024;09;00;NO CLASIFICADO;TT;TODAS CONSOLIDADAS;MADRE DE DIOS;170000;346;4581;7600;24,55;20,16;1,39;1,26;1,97;33055;27112;5943;45956;34268;11688;835
20260330;2024;09;01;HOTEL;01;1 ESTRELLA;PASCO;190000;6;176;276;18,16;13,49;1,1;1,1;0;1018;1018;0;1117;1117;0;27
20260330;2024;09;01;HOTEL;01;1 ESTRELLA;PIURA;200000;2;40;77;0;0;0;0;0;0;0;0;0;0;0;0
20260330;2024;09;01;HOTEL;01;1 ESTRELLA;PUNO;210000;5;122;215;26,2;17,98;1,46;1,46;1,57;793;758;35;1160;1105;55;20
20260330;2024;09;01;HOTEL;01;1 ESTRELLA;SAN MARTÍN;220000;7;150;223;39,73;42,03;1,49;1,49;1,67;1883;1874;9;2812;2797;15;27
20260330;2024;09;01;HOTEL;01;1 ESTRELLA;TACNA;230000;3;102;211;7,32;4,52;1,8;1,8;0;159;159;0;286;286;0;12
20260330;2024;09;01;HOTEL;01;1 ESTRELLA;TUMBES;240000;2;47;100;0;0;0;0;0;0;0;0;0;0;0;0
20260330;2024;09;01;HOTEL;02;2 ESTRELLAS;AMAZONAS;010000;36;984;1608;30,12;25,55;1,31;1,29;2,51;9398;9262;136;12327;11986;341;159
20260330;2024;09;01;HOTEL;02;2 ESTRELLAS;ÁNCASH;020000;61;1624;2985;21,16;14,95;1,58;1,58;1,53;8467;8167;300;13391;12932;459;249
20260330;2024;09;01;HOTEL;02;2 ESTRELLAS;APURÍMAC;030000;7;290;496;27,67;19,39;1,16;1,16;1,27;2482;2460;22;2885;2857;28;28
20260330;2024;09;01;HOTEL;02;2 ESTRELLAS;AREQUIPA;040000;42;1173;2068;21,01;16,9;1,38;1,4;1,24;7583;6570;1013;10486;9228;1258;195
20260330;2024;09;01;HOTEL;02;2 ESTRELLAS;AYACUCHO;050000;8;328;569;16,77;16,57;1,77;1,78;1,68;1595;1527;68;2829;2715;114;45
20260330;2024;09;01;HOTEL;02;2 ESTRELLAS;CAJAMARCA;060000;65;1783;2838;25,05;18,36;1,24;1,19;3,49;12621;12364;257;15629;14733;896;259
20260330;2024;09;01;HOTEL;02;2 ESTRELLAS;CALLAO;070000;1;40;67;36,5;37,66;1,37;1,38;1,36;553;172;381;757;238;519;6
20260330;2024;09;01;HOTEL;02;2 ESTRELLAS;CUSCO;080000;47;1194;2215;30,01;28,44;1,67;1,44;1,79;11307;3880;7427;18897;5602;13295;392
20260330;2024;09;01;HOTEL;02;2 ESTRELLAS;HUANCAVELICA;090000;2;40;69;41,67;40;1,62;1,62;1,29;512;505;7;828;819;9;9
20260330;2024;09;01;HOTEL;02;2 ESTRELLAS;HUÁNUCO;100000;53;1630;2567;30,49;24,9;1,28;1,28;1,51;14960;14890;70;19173;19067;106;269
20260330;2024;09;01;HOTEL;02;2 ESTRELLAS;ICA;110000;55;1556;2708;16,52;13,59;1,05;1,05;1,02;10487;10024;463;11037;10566;471;235
20260330;2024;09;01;HOTEL;02;2 ESTRELLAS;JUNÍN;120000;29;887;1589;21,75;16,54;1,42;1,41;1,88;5568;5517;51;7885;7789;96;137
20260330;2024;09;01;HOTEL;02;2 ESTRELLAS;LA LIBERTAD;130000;20;491;866;29,23;23,19;2,25;2,29;2,12;2679;2004;675;6026;4595;1431;93
20260330;2024;09;01;HOTEL;02;2 ESTRELLAS;LAMBAYEQUE;140000;72;2169;3284;17,18;13,46;1,09;1,08;1,27;12220;12061;159;13261;13059;202;317
20260330;2024;09;01;HOTEL;02;2 ESTRELLAS;LIMA;150000;123;5451;10283;36,55;28,14;1,26;1,24;1,64;89705;85702;4003;112722;106165;6557;1165
20260330;2024;09;01;HOTEL;02;2 ESTRELLAS;LORETO;160000;9;210;356;14,51;10,89;1,6;1,55;1,94;729;640;89;1163;990;173;38
20260330;2024;09;01;HOTEL;02;2 ESTRELLAS;MADRE DE DIOS;170000;9;244;430;28,11;23,98;1,41;1,41;1,29;2202;2055;147;3094;2904;190;47
20260330;2024;09;01;HOTEL;02;2 ESTRELLAS;MOQUEGUA;180000;26;644;1097;27,68;21,16;1,65;1,63;1,97;4225;3972;253;6964;6465;499;125
20260330;2024;09;01;HOTEL;02;2 ESTRELLAS;PASCO;190000;6;191;377;41,19;34,32;1,61;1,61;1;2411;2410;1;3882;3881;1;30
20260330;2024;09;01;HOTEL;02;2 ESTRELLAS;PIURA;200000;16;383;635;28,65;20,08;1,89;1,89;1,85;2023;1941;82;3825;3673;152;76
20260330;2024;09;01;HOTEL;02;2 ESTRELLAS;PUNO;210000;32;749;1311;17,11;12,51;1,26;1,22;1,62;3906;3516;390;4919;4288;631;104
20260330;2024;09;01;HOTEL;02;2 ESTRELLAS;SAN MARTÍN;220000;28;773;1330;38,46;34,29;1,9;1,89;2,26;7213;7031;182;13680;13269;411;147
20260330;2024;09;01;HOTEL;02;2 ESTRELLAS;TACNA;230000;31;890;1744;27,36;23,4;1,65;1,62;1,69;7406;3836;3570;12243;6213;6030;164
20260330;2024;09;01;HOTEL;02;2 ESTRELLAS;TUMBES;240000;6;171;306;20;14,2;1,37;1,37;0;955;955;0;1304;1304;0;40
20260330;2024;09;01;HOTEL;02;2 ESTRELLAS;UCAYALI;250000;2;63;116;12,8;8,05;1,82;1,85;1,3;154;144;10;280;267;13;11
20260330;2024;09;01;HOTEL;03;3 ESTRELLAS;AMAZONAS;010000;17;420;726;20,87;16,47;1,36;1,28;2,26;2642;2419;223;3588;3085;503;96
20260330;2024;09;01;HOTEL;03;3 ESTRELLAS;ÁNCASH;020000;42;1424;2564;29,09;22,13;1,7;1,67;1,95;9994;8695;1299;17022;14495;2527;336
20260330;2024;09;01;HOTEL;03;3 ESTRELLAS;APURÍMAC;030000;5;178;298;43,24;36,38;1,55;1,58;1,41;2104;1669;435;3252;2638;614;46
20260330;2024;09;01;HOTEL;03;3 ESTRELLAS;AREQUIPA;040000;70;2085;3921;44,77;37,53;1,73;1,94;1,57;25457;11297;14160;44151;21961;22190;599
20260330;2024;09;01;HOTEL;03;3 ESTRELLAS;AYACUCHO;050000;7;190;351;20,12;17,42;1,58;1,53;1,9;1158;995;163;1834;1524;310;48
20260330;2024;09;01;HOTEL;03;3 ESTRELLAS;CAJAMARCA;060000;70;2180;3668;18,81;13,56;1,46;1,45;1,74;10209;9892;317;14917;14365;552;415
20260330;2024;09;01;HOTEL;03;3 ESTRELLAS;CALLAO;070000;4;233;391;35,51;34,3;1,45;1,45;1,45;2768;2130;638;4023;3098;925;56
20260330;2024;09;01;HOTEL;03;3 ESTRELLAS;CUSCO;080000;90;3227;6339;59,25;52,96;1,72;1,64;1,74;58538;9851;48687;100721;16199;84522;1130
20260330;2024;09;01;HOTEL;03;3 ESTRELLAS;HUANCAVELICA;090000;2;65;108;8,51;6,2;1,39;1,36;2;145;140;5;201;191;10;10
20260330;2024;09;01;HOTEL;03;3 ESTRELLAS;HUÁNUCO;100000;18;648;1177;29,42;22,74;1,51;1,49;1,78;5334;5088;246;8030;7592;438;166
20260330;2024;09;01;HOTEL;03;3 ESTRELLAS;ICA;110000;69;2348;4576;39,62;29,95;1,4;1,49;1,28;29323;16981;12342;41111;25370;15741;539
20260330;2024;09;01;HOTEL;03;3 ESTRELLAS;JUNÍN;120000;20;763;1458;17,68;13,98;1,58;1,59;1,19;3868;3764;104;6117;5993;124;199
20260330;2024;09;01;HOTEL;03;3 ESTRELLAS;LA LIBERTAD;130000;76;2207;4205;30,17;21,89;1,7;1,67;2,13;16237;14984;1253;27619;24952;2667;552
20260330;2024;09;01;HOTEL;03;3 ESTRELLAS;LAMBAYEQUE;140000;36;1177;1975;29,21;23,15;1,48;1,45;1,96;9297;8786;511;13718;12715;1003;248
20260330;2024;09;01;HOTEL;03;3 ESTRELLAS;LIMA;150000;161;8414;15957;48,52;41,95;1,77;1,48;2,07;113724;59181;54543;200800;87808;112992;2266
20260330;2024;09;01;HOTEL;03;3 ESTRELLAS;LORETO;160000;27;789;1352;36,54;30,15;2,18;2,27;1,89;5596;4339;1257;12227;9851;2376;239
20260330;2024;09;01;HOTEL;03;3 ESTRELLAS;MADRE DE DIOS;170000;5;203;378;35,93;32,59;1,81;2;1,36;2046;1432;614;3696;2860;836;59
20260330;2024;09;01;HOTEL;03;3 ESTRELLAS;MOQUEGUA;180000;12;381;630;31,31;20,83;1,45;1,45;1,44;2721;2555;166;3937;3698;239;84
20260330;2024;09;01;HOTEL;03;3 ESTRELLAS;PASCO;190000;5;134;237;33,58;35,72;1,43;1,43;2;1773;1763;10;2540;2520;20;18
20260330;2024;09;01;HOTEL;03;3 ESTRELLAS;PIURA;200000;20;717;1202;43,71;32,85;1,68;1,64;1,97;7067;6215;852;11846;10167;1679;209
20260330;2024;09;01;HOTEL;03;3 ESTRELLAS;PUNO;210000;27;864;1651;43,22;37,31;1,53;1,55;1,52;12085;2945;9140;18478;4579;13899;186
20260330;2024;09;01;HOTEL;03;3 ESTRELLAS;SAN MARTÍN;220000;26;937;1647;34,93;30,89;2,08;2,06;2,65;7342;7076;266;15264;14558;706;212
20260330;2024;09;01;HOTEL;03;3 ESTRELLAS;TACNA;230000;10;397;851;31,36;25,35;1,76;1,71;1,8;3675;1614;2061;6473;2754;3719;102
20260330;2024;09;01;HOTEL;03;3 ESTRELLAS;TUMBES;240000;9;282;565;37,72;35,81;2,75;2,74;2,82;2211;1955;256;6070;5347;723;124
20260330;2024;09;01;HOTEL;03;3 ESTRELLAS;UCAYALI;250000;15;541;903;37,06;30,52;2,14;2,17;1,73;3858;3603;255;8267;7827;440;130
20260330;2024;09;01;HOTEL;04;4 ESTRELLAS;APURÍMAC;030000;1;32;56;32,81;18,75;1,67;1,61;2,08;189;165;24;315;265;50;14
20260330;2024;09;01;HOTEL;04;4 ESTRELLAS;AREQUIPA;040000;11;558;1066;54,06;47,56;1,81;1,92;1,75;8390;3170;5220;15211;6084;9127;261
20260330;2024;09;01;HOTEL;04;4 ESTRELLAS;CAJAMARCA;060000;4;214;379;49,35;40,75;1,91;1,89;2,07;2432;2190;242;4633;4132;501;155
20260330;2024;09;01;HOTEL;04;4 ESTRELLAS;CALLAO;070000;2;371;599;95,7;89,04;1,26;1,28;1,26;12657;1985;10672;16001;2544;13457;130
20260330;2024;09;01;HOTEL;04;4 ESTRELLAS;CUSCO;080000;21;1610;3169;81,05;73,69;1,72;1,59;1,74;40654;3557;37097;70055;5664;64391;1008
20260330;2024;09;01;HOTEL;04;4 ESTRELLAS;HUÁNUCO;100000;1;60;101;46,61;36,11;1,82;1,83;1,42;602;583;19;1094;1067;27;31
20260330;2024;09;01;HOTEL;04;4 ESTRELLAS;ICA;110000;7;707;1488;29,06;27,13;1,49;1,61;1,29;8114;5193;2921;12109;8353;3756;312
20260330;2024;09;01;HOTEL;04;4 ESTRELLAS;JUNÍN;120000;1;40;82;34,42;20;1,43;1,43;0;345;345;0;492;492;0;17
20260330;2024;09;01;HOTEL;04;4 ESTRELLAS;LA LIBERTAD;130000;4;318;546;48,85;51,66;2,23;2,22;2,29;3789;3024;765;8462;6708;1754;129
20260330;2024;09;01;HOTEL;04;4 ESTRELLAS;LAMBAYEQUE;140000;5;359;618;58,54;49,46;1,51;1,45;1,84;6082;5179;903;9169;7507;1662;283
20260330;2024;09;01;HOTEL;04;4 ESTRELLAS;LIMA;150000;43;4274;7725;56,07;52,61;2,15;1,67;2,36;56582;16603;39979;121926;27730;94196;1600
20260330;2024;09;01;HOTEL;04;4 ESTRELLAS;LORETO;160000;3;136;203;19,71;15,55;1,73;1,64;2,08;548;442;106;947;726;221;58
20260330;2024;09;01;HOTEL;04;4 ESTRELLAS;MOQUEGUA;180000;2;123;234;51,79;41,15;4,06;4,4;2,49;711;587;124;2889;2580;309;60
20260330;2024;09;01;HOTEL;04;4 ESTRELLAS;PIURA;200000;4;393;744;41,68;30,6;1,84;1,8;2,04;3711;3116;595;6830;5617;1213;141
20260330;2024;09;01;HOTEL;04;4 ESTRELLAS;PUNO;210000;8;508;961;58,78;52,52;1,66;1,68;1,66;9097;807;8290;15142;1354;13788;202
20260330;2024;09;01;HOTEL;04;4 ESTRELLAS;SAN MARTÍN;220000;1;58;90;38,91;40,59;2,28;2,31;1,33;480;468;12;1096;1080;16;20
20260330;2024;09;01;HOTEL;04;4 ESTRELLAS;TACNA;230000;3;275;517;41,75;34,62;1,92;1,99;1,87;2791;1290;1501;5369;2566;2803;80
20260330;2024;09;01;HOTEL;04;4 ESTRELLAS;TUMBES;240000;5;265;520;33,27;32,96;1,99;2,13;1,53;2578;1986;592;5142;4238;904;159
20260330;2024;09;01;HOTEL;04;4 ESTRELLAS;UCAYALI;250000;5;288;513;53,03;39,4;2,29;2,23;2,58;2644;2139;505;6064;4762;1302;120
20260330;2024;09;01;HOTEL;05;5 ESTRELLAS;AREQUIPA;040000;3;241;352;57;56,01;1,87;1,75;2;3166;1671;1495;5915;2922;2993;184
20260330;2024;09;01;HOTEL;05;5 ESTRELLAS;CUSCO;080000;15;1283;2519;71,68;66,58;1,73;1,92;1,72;29022;2137;26885;50318;4108;46210;1331
20260330;2024;09;01;HOTEL;05;5 ESTRELLAS;ICA;110000;5;546;1326;31,93;27,51;1,62;1,63;1,59;6767;4421;2346;10943;7208;3735;562
20260330;2024;09;01;HOTEL;05;5 ESTRELLAS;LA LIBERTAD;130000;2;267;450;47,25;41,8;1,95;1,85;2,31;2890;2251;639;5643;4169;1474;187
20260330;2024;09;01;HOTEL;05;5 ESTRELLAS;LIMA;150000;27;4807;8379;57,66;44,4;2,39;1,63;2,6;46639;9953;36686;111606;16218;95388;3564
20260330;2024;09;01;HOTEL;05;5 ESTRELLAS;LORETO;160000;1;60;88;66;70,61;1,72;1,84;1,61;1086;490;596;1864;904;960;54
20260330;2024;09;01;HOTEL;05;5 ESTRELLAS;PIURA;200000;1;83;166;66,02;46,91;1,85;1,77;2,08;1260;920;340;2336;1629;707;82
20260330;2024;09;01;HOTEL;05;5 ESTRELLAS;PUNO;210000;1;123;231;60,33;91,39;1,64;1,56;1,64;3871;192;3679;6333;300;6033;32
20260330;2024;09;01;HOTEL;05;5 ESTRELLAS;SAN MARTÍN;220000;1;50;108;41,87;46,23;1,63;1,62;1,96;917;889;28;1498;1443;55;63
20260330;2024;09;01;HOTEL;05;5 ESTRELLAS;UCAYALI;250000;2;162;300;48,79;36,09;2,25;2,23;2,37;1442;1245;197;3248;2782;466;123
20260330;2024;09;01;HOTEL;TT;TODAS CONSOLIDADAS;AMAZONAS;010000;54;1424;2358;26,97;22,5;1,32;1,29;2,35;12040;11681;359;15915;15071;844;255
20260330;2024;09;01;HOTEL;TT;TODAS CONSOLIDADAS;ÁNCASH;020000;116;3428;6134;23,82;17,81;1,61;1,59;1,87;20360;18761;1599;32778;29792;2986;635
20260330;2024;09;01;HOTEL;TT;TODAS CONSOLIDADAS;APURÍMAC;030000;15;577;969;34,07;26,11;1,3;1,29;1,44;5829;5348;481;7589;6897;692;97
20260330;2024;09;01;HOTEL;TT;TODAS CONSOLIDADAS;AREQUIPA;040000;133;4296;7808;39,12;33,54;1,66;1,7;1,62;47206;25295;21911;78553;42958;35595;1279
20260330;2024;09;01;HOTEL;TT;TODAS CONSOLIDADAS;AYACUCHO;050000;23;718;1273;17,14;15,62;1,74;1,73;1,81;3435;3196;239;5966;5534;432;132
20260330;2024;09;01;HOTEL;TT;TODAS CONSOLIDADAS;CAJAMARCA;060000;145;4330;7162;22,58;16,63;1,39;1,36;2,39;25738;24922;816;35721;33772;1949;854
20260330;2024;09;01;HOTEL;TT;TODAS CONSOLIDADAS;CALLAO;070000;7;644;1057;70,24;65,53;1,3;1,37;1,27;15978;4287;11691;20781;5880;14901;192
20260330;2024;09;01;HOTEL;TT;TODAS CONSOLIDADAS;CUSCO;080000;177;7432;14435;60,72;55,62;1,72;1,62;1,74;140078;19982;120096;240879;32461;208418;3880
20260330;2024;09;01;HOTEL;TT;TODAS CONSOLIDADAS;HUANCAVELICA;090000;4;105;177;21,14;19,38;1,57;1,57;1,58;657;645;12;1029;1010;19;19
20260330;2024;09;01;HOTEL;TT;TODAS CONSOLIDADAS;HUÁNUCO;100000;80;2579;4214;32,42;26,92;1,3;1,29;1,7;26267;25932;335;34037;33466;571;506
20260330;2024;09;01;HOTEL;TT;TODAS CONSOLIDADAS;ICA;110000;144;5381;10484;29,45;24,08;1,37;1,4;1,31;55228;37144;18084;75737;52022;23715;1680
20260330;2024;09;01;HOTEL;TT;TODAS CONSOLIDADAS;JUNÍN;120000;55;1911;3604;19,52;14,54;1,47;1,47;1,42;10701;10546;155;15722;15502;220;375
20260330;2024;09;01;HOTEL;TT;TODAS CONSOLIDADAS;LA LIBERTAD;130000;107;3413;6290;32,6;25,73;1,85;1,8;2,2;26243;22904;3339;48544;41211;7333;982
20260330;2024;09;01;HOTEL;TT;TODAS CONSOLIDADAS;LAMBAYEQUE;140000;116;3788;5967;24,51;20,22;1,31;1,28;1,82;27651;26078;1573;36200;33333;2867;862
20260330;2024;09;01;HOTEL;TT;TODAS CONSOLIDADAS;LIMA;150000;366;23374;43096;50,52;42,4;1,88;1,44;2,3;326926;159043;167883;614407;228804;385602;10061
20260330;2024;09;01;HOTEL;TT;TODAS CONSOLIDADAS;LORETO;160000;40;1195;1999;32,23;27,02;2,04;2,11;1,82;7959;5911;2048;16201;12471;3730;389
20260330;2024;09;01;HOTEL;TT;TODAS CONSOLIDADAS;MADRE DE DIOS;170000;19;592;1066;30,65;26,74;1,46;1,48;1,35;5855;5044;811;8553;7462;1091;132
20260330;2024;09;01;HOTEL;TT;TODAS CONSOLIDADAS;MOQUEGUA;180000;42;1211;2087;30,5;22,45;1,8;1,79;1,94;7816;7270;546;14059;13001;1058;277
20260330;2024;09;01;HOTEL;TT;TODAS CONSOLIDADAS;PASCO;190000;17;501;890;31,06;28,24;1,45;1,45;1,91;5202;5191;11;7539;7518;21;75
20260330;2024;09;01;HOTEL;TT;TODAS CONSOLIDADAS;PIURA;200000;43;1616;2824;39,71;29,32;1,77;1,73;2,01;14061;12192;1869;24837;21086;3751;508
20260330;2024;09;01;HOTEL;TT;TODAS CONSOLIDADAS;PUNO;210000;73;2366;4369;38,31;35,12;1,55;1,41;1,6;29752;8218;21534;46032;11626;34406;544
20260330;2024;09;01;HOTEL;TT;TODAS CONSOLIDADAS;SAN MARTÍN;220000;63;1968;3398;36,98;33,7;1,93;1,91;2,42;17835;17338;497;34350;33147;1203;469
20260330;2024;09;01;HOTEL;TT;TODAS CONSOLIDADAS;TACNA;230000;47;1664;3323;29,47;24,45;1,74;1,71;1,76;14031;6899;7132;24371;11819;12552;358
20260330;2024;09;01;HOTEL;TT;TODAS CONSOLIDADAS;TUMBES;240000;22;765;1491;29,9;27,98;2,18;2,22;1,92;5744;4896;848;12516;10889;1627;323
20260330;2024;09;01;HOTEL;TT;TODAS CONSOLIDADAS;UCAYALI;250000;24;1054;1832;41,78;32,49;2,21;2,19;2,3;8098;7131;967;17859;15638;2221;384
20260330;2024;09;02;APART HOTEL;03;3 ESTRELLAS;ÁNCASH;020000;2;16;44;57,08;56,89;5,14;5,14;0;146;146;0;751;751;0;4
20260330;2024;09;02;APART HOTEL;03;3 ESTRELLAS;APURÍMAC;030000;1;23;36;68,55;56,11;1,93;1,98;1,68;314;264;50;606;522;84;14
20260330;2024;09;02;APART HOTEL;03;3 ESTRELLAS;AREQUIPA;040000;1;19;35;4,74;3,14;1,74;1,67;3;19;18;1;33;30;3;5
20260330;2024;09;02;APART HOTEL;03;3 ESTRELLAS;CAJAMARCA;060000;2;13;24;0;0;0;0;0;0;0;0;0;0;0;0
20260330;2024;09;02;APART HOTEL;03;3 ESTRELLAS;ICA;110000;3;36;56;8,7;8,63;1;1;0;145;145;0;145;145;0;8
20260330;2024;09;02;APART HOTEL;03;3 ESTRELLAS;LIMA;150000;7;175;342;46,51;38,83;3,45;3,35;3,51;1156;436;720;3984;1459;2525;40
20260330;2024;09;02;APART HOTEL;03;3 ESTRELLAS;LORETO;160000;1;24;46;0;0;0;0;0;0;0;0;0;0;0;0
20260330;2024;09;02;APART HOTEL;03;3 ESTRELLAS;MOQUEGUA;180000;1;10;16;15;9,38;2,14;2,21;1,5;21;19;2;45;42;3;3
20260330;2024;09;02;APART HOTEL;03;3 ESTRELLAS;PASCO;190000;1;15;17;0;0;0;0;0;0;0;0;0;0;0;0
20260330;2024;09;02;APART HOTEL;03;3 ESTRELLAS;TUMBES;240000;2;15;45;42,44;27,48;2,13;2,16;1,95;174;154;20;371;332;39;14
20260330;2024;09;02;APART HOTEL;04;4 ESTRELLAS;LIMA;150000;8;610;1277;63,79;57,89;2,14;1,74;2,96;10357;6946;3411;22178;12069;10109;405
20260330;2024;09;02;APART HOTEL;04;4 ESTRELLAS;LORETO;160000;1;13;23;43,85;35,22;1;1;1;243;8;235;243;8;235;6
20260330;2024;09;02;APART HOTEL;04;4 ESTRELLAS;SAN MARTÍN;220000;1;24;48;70,56;65,21;2,11;2,03;2,51;446;376;70;939;763;176;20
20260330;2024;09;02;APART HOTEL;05;5 ESTRELLAS;LIMA;150000;4;250;435;56,05;49,98;3,91;3,1;4,34;1670;587;1083;6522;1821;4701;110
20260330;2024;09;02;APART HOTEL;TT;TODAS CONSOLIDADAS;ÁNCASH;020000;2;16;44;57,08;56,89;5,14;5,14;0;146;146;0;751;751;0;4
20260330;2024;09;02;APART HOTEL;TT;TODAS CONSOLIDADAS;APURÍMAC;030000;1;23;36;68,55;56,11;1,93;1,98;1,68;314;264;50;606;522;84;14
20260330;2024;09;02;APART HOTEL;TT;TODAS CONSOLIDADAS;AREQUIPA;040000;1;19;35;4,74;3,14;1,74;1,67;3;19;18;1;33;30;3;5
20260330;2024;09;02;APART HOTEL;TT;TODAS CONSOLIDADAS;CAJAMARCA;060000;2;13;24;0;0;0;0;0;0;0;0;0;0;0;0
20260330;2024;09;02;APART HOTEL;TT;TODAS CONSOLIDADAS;ICA;110000;3;36;56;8,7;8,63;1;1;0;145;145;0;145;145;0;8
20260330;2024;09;02;APART HOTEL;TT;TODAS CONSOLIDADAS;LIMA;150000;19;1035;2054;59;53,04;2,48;1,93;3,32;13183;7969;5214;32684;15349;17335;555
20260330;2024;09;02;APART HOTEL;TT;TODAS CONSOLIDADAS;LORETO;160000;2;37;69;15,41;11,74;1;1;1;243;8;235;243;8;235;6
20260330;2024;09;02;APART HOTEL;TT;TODAS CONSOLIDADAS;MOQUEGUA;180000;1;10;16;15;9,38;2,14;2,21;1,5;21;19;2;45;42;3;3
20260330;2024;09;02;APART HOTEL;TT;TODAS CONSOLIDADAS;PASCO;190000;1;15;17;0;0;0;0;0;0;0;0;0;0;0;0
20260330;2024;09;02;APART HOTEL;TT;TODAS CONSOLIDADAS;SAN MARTÍN;220000;1;24;48;70,56;65,21;2,11;2,03;2,51;446;376;70;939;763;176;20
20260330;2024;09;02;APART HOTEL;TT;TODAS CONSOLIDADAS;TUMBES;240000;2;15;45;42,44;27,48;2,13;2,16;1,95;174;154;20;371;332;39;14
20260330;2024;09;03;HOSTAL;01;1 ESTRELLA;AMAZONAS;010000;18;252;372;28,1;23,15;1,04;1,04;1;2492;2489;3;2584;2581;3;46
20260330;2024;09;03;HOSTAL;01;1 ESTRELLA;ÁNCASH;020000;38;557;925;26,87;20,45;1,04;1,04;0;5466;5466;0;5676;5676;0;94
20260330;2024;09;03;HOSTAL;01;1 ESTRELLA;APURÍMAC;030000;5;109;166;28,17;30,3;1,11;1,11;1;1365;1354;11;1509;1498;11;14
20260330;2024;09;03;HOSTAL;01;1 ESTRELLA;AREQUIPA;040000;51;759;1170;26,51;22,35;1,2;1,21;1,12;6526;6129;397;7846;7402;444;131
20260330;2024;09;03;HOSTAL;01;1 ESTRELLA;AYACUCHO;050000;15;199;364;12,63;10,52;1,54;1,54;0;747;747;0;1149;1149;0;30
20260330;2024;09;03;HOSTAL;01;1 ESTRELLA;CAJAMARCA;060000;22;404;640;22,8;16,88;1,43;1,43;1;2270;2246;24;3241;3217;24;75
20260330;2024;09;03;HOSTAL;01;1 ESTRELLA;CALLAO;070000;8;159;301;34,15;32,51;1,01;1,01;0;3140;3140;0;3160;3160;0;25
20260330;2024;09;03;HOSTAL;01;1 ESTRELLA;CUSCO;080000;25;425;708;20,96;19,56;1,11;1,1;2,32;3747;3725;22;4154;4103;51;60
20260330;2024;09;03;HOSTAL;01;1 ESTRELLA;HUANCAVELICA;090000;2;66;94;26,41;19,47;1,02;1,02;0;538;538;0;549;549;0;5
20260330;2024;09;03;HOSTAL;01;1 ESTRELLA;HUÁNUCO;100000;25;360;536;44,67;44,04;1,57;1,57;0;4519;4519;0;7082;7082;0;65
20260330;2024;09;03;HOSTAL;01;1 ESTRELLA;ICA;110000;18;222;336;35,96;30,77;1;1;0;3102;3102;0;3102;3102;0;41
20260330;2024;09;03;HOSTAL;01;1 ESTRELLA;JUNÍN;120000;12;170;294;23,73;18,39;1,12;1,12;0;1444;1444;0;1622;1622;0;29
20260330;2024;09;03;HOSTAL;01;1 ESTRELLA;LA LIBERTAD;130000;25;353;624;38,42;32,28;1,55;1,55;1,29;3906;3899;7;6042;6033;9;68
20260330;2024;09;03;HOSTAL;01;1 ESTRELLA;LAMBAYEQUE;140000;15;206;288;25,7;25,66;1,04;1,04;1;2123;2111;12;2217;2205;12;38
20260330;2024;09;03;HOSTAL;01;1 ESTRELLA;LIMA;150000;78;1601;2821;35,38;27,65;1,17;1,17;1,47;25243;24811;432;29660;29026;634;345
20260330;2024;09;03;HOSTAL;01;1 ESTRELLA;LORETO;160000;5;90;140;16,15;17,9;1,63;1,64;1,52;461;417;44;752;685;67;21
20260330;2024;09;03;HOSTAL;01;1 ESTRELLA;MADRE DE DIOS;170000;2;53;101;10,94;7,95;1,26;1,26;0;192;192;0;241;241;0;8
20260330;2024;09;03;HOSTAL;01;1 ESTRELLA;MOQUEGUA;180000;19;282;483;21,1;15,21;1,51;1,52;1,35;1461;1395;66;2204;2115;89;53
20260330;2024;09;03;HOSTAL;01;1 ESTRELLA;PASCO;190000;22;385;583;34,92;24,69;1,38;1,38;0;3122;3122;0;4319;4319;0;64
20260330;2024;09;03;HOSTAL;01;1 ESTRELLA;PIURA;200000;3;56;81;41,31;30,78;1,79;1,81;1,23;417;404;13;748;732;16;10
20260330;2024;09;03;HOSTAL;01;1 ESTRELLA;PUNO;210000;33;494;857;20,72;15,8;1,05;1,05;1,02;3874;3760;114;4062;3946;116;75
20260330;2024;09;03;HOSTAL;01;1 ESTRELLA;SAN MARTÍN;220000;1;20;33;0;0;0;0;0;0;0;0;0;0;0;0
20260330;2024;09;03;HOSTAL;01;1 ESTRELLA;TACNA;230000;10;175;306;17,3;17,12;1,09;1,07;1,12;1438;761;677;1572;817;755;28
20260330;2024;09;03;HOSTAL;02;2 ESTRELLAS;AMAZONAS;010000;51;865;1376;20,87;18,32;1,22;1,2;1,94;6218;6066;152;7562;7267;295;147
20260330;2024;09;03;HOSTAL;02;2 ESTRELLAS;ÁNCASH;020000;130;2170;3803;34,56;29,61;1,13;1,13;1,71;29794;29647;147;33786;33535;251;378
20260330;2024;09;03;HOSTAL;02;2 ESTRELLAS;APURÍMAC;030000;7;143;221;39,81;34,04;1,13;1,13;1,02;2001;1939;62;2257;2194;63;25
20260330;2024;09;03;HOSTAL;02;2 ESTRELLAS;AREQUIPA;040000;129;2071;3727;32,05;27,66;1,44;1,47;1,26;21442;18343;3099;30923;27011;3912;366
20260330;2024;09;03;HOSTAL;02;2 ESTRELLAS;AYACUCHO;050000;10;133;238;20,15;25,41;1,99;1,99;1,89;913;849;64;1814;1693;121;25
20260330;2024;09;03;HOSTAL;02;2 ESTRELLAS;CAJAMARCA;060000;130;2336;3711;20,07;15,09;1,25;1,25;1,09;13428;13382;46;16796;16746;50;362
20260330;2024;09;03;HOSTAL;02;2 ESTRELLAS;CALLAO;070000;6;247;453;28,5;25,56;1,04;1,04;0;3334;3334;0;3473;3473;0;37
20260330;2024;09;03;HOSTAL;02;2 ESTRELLAS;CUSCO;080000;45;742;1321;36,58;32,22;1,74;1,59;1,99;7341;4661;2680;12768;7428;5340;129
20260330;2024;09;03;HOSTAL;02;2 ESTRELLAS;HUANCAVELICA;090000;1;44;82;17,5;13,54;1,1;1,1;0;302;302;0;333;333;0;3
20260330;2024;09;03;HOSTAL;02;2 ESTRELLAS;HUÁNUCO;100000;26;356;586;41,81;30,93;1,21;1,21;1,22;4508;4376;132;5438;5277;161;86
20260330;2024;09;03;HOSTAL;02;2 ESTRELLAS;ICA;110000;80;1211;1947;32,5;27,68;1,01;1,01;1,14;15977;15165;812;16170;15244;926;200
20260330;2024;09;03;HOSTAL;02;2 ESTRELLAS;JUNÍN;120000;24;394;759;28,09;27,35;1,21;1,21;1,67;5127;5118;9;6227;6212;15;79
20260330;2024;09;03;HOSTAL;02;2 ESTRELLAS;LA LIBERTAD;130000;122;2062;3682;18,54;16,65;1,19;1,19;1,21;15449;15415;34;18391;18350;41;362
20260330;2024;09;03;HOSTAL;02;2 ESTRELLAS;LAMBAYEQUE;140000;144;2104;3029;25,13;19,68;1,09;1,09;1,02;16418;16195;223;17882;17655;227;402
20260330;2024;09;03;HOSTAL;02;2 ESTRELLAS;LIMA;150000;119;2931;5351;31,06;32,05;1,44;1,33;2,1;51408;44030;7378;74087;58625;15462;714
20260330;2024;09;03;HOSTAL;02;2 ESTRELLAS;LORETO;160000;8;131;211;17,28;16,1;2,26;2,2;2,63;451;387;64;1019;851;168;25
20260330;2024;09;03;HOSTAL;02;2 ESTRELLAS;MADRE DE DIOS;170000;6;146;214;39,79;32,71;1,46;1,44;2;1436;1384;52;2100;1996;104;27
20260330;2024;09;03;HOSTAL;02;2 ESTRELLAS;MOQUEGUA;180000;63;934;1509;18,46;14,01;1,42;1,43;1,13;4454;4391;63;6342;6271;71;177
20260330;2024;09;03;HOSTAL;02;2 ESTRELLAS;PASCO;190000;17;299;574;12,34;12,06;2,12;2,12;1;980;979;1;2076;2075;1;45
20260330;2024;09;03;HOSTAL;02;2 ESTRELLAS;PIURA;200000;24;492;845;30,86;21,31;2,06;2,06;2,07;2625;2533;92;5403;5213;190;93
20260330;2024;09;03;HOSTAL;02;2 ESTRELLAS;PUNO;210000;60;916;1724;22,81;17,18;1,22;1,2;1,26;7312;5846;1466;8886;7039;1847;159
20260330;2024;09;03;HOSTAL;02;2 ESTRELLAS;SAN MARTÍN;220000;23;328;522;38,89;32,08;1,64;1,64;1,63;3065;3041;24;5023;4984;39;70
20260330;2024;09;03;HOSTAL;02;2 ESTRELLAS;TACNA;230000;28;473;907;28,27;17,03;2,02;1,86;2,08;2292;583;1709;4635;1087;3548;85
20260330;2024;09;03;HOSTAL;02;2 ESTRELLAS;TUMBES;240000;5;66;131;10,91;11,32;1,62;1,64;1;274;269;5;445;440;5;21
20260330;2024;09;03;HOSTAL;02;2 ESTRELLAS;UCAYALI;250000;2;68;124;14,95;8,87;1,36;1,35;2,5;242;240;2;330;325;5;16
20260330;2024;09;03;HOSTAL;03;3 ESTRELLAS;AMAZONAS;010000;8;116;224;41,52;29,3;1,6;1,56;1,8;1230;1033;197;1969;1615;354;29
20260330;2024;09;03;HOSTAL;03;3 ESTRELLAS;ÁNCASH;020000;20;320;616;21,59;18,23;1,62;1,61;1,91;2078;2033;45;3368;3282;86;71
20260330;2024;09;03;HOSTAL;03;3 ESTRELLAS;APURÍMAC;030000;1;24;43;34,72;19,38;1,71;1,73;1;146;143;3;250;247;3;5
20260330;2024;09;03;HOSTAL;03;3 ESTRELLAS;AREQUIPA;040000;47;727;1352;37,13;32,89;1,88;1,87;1,89;7097;4194;2903;13340;7840;5500;187
20260330;2024;09;03;HOSTAL;03;3 ESTRELLAS;AYACUCHO;050000;3;51;100;42,88;27,93;2,22;2,28;1,96;377;309;68;838;705;133;28
20260330;2024;09;03;HOSTAL;03;3 ESTRELLAS;CAJAMARCA;060000;52;795;1297;21,48;17,13;1,49;1,48;2,05;4477;4386;91;6664;6477;187;195
20260330;2024;09;03;HOSTAL;03;3 ESTRELLAS;CUSCO;080000;18;310;622;25,15;23,44;1,85;1,45;2,08;2368;870;1498;4373;1262;3111;72
20260330;2024;09;03;HOSTAL;03;3 ESTRELLAS;HUÁNUCO;100000;1;31;39;0;0;0;0;0;0;0;0;0;0;0;0
20260330;2024;09;03;HOSTAL;03;3 ESTRELLAS;ICA;110000;42;694;1309;27,37;18,36;1,55;1,59;1,41;4640;3639;1001;7209;5800;1409;150
20260330;2024;09;03;HOSTAL;03;3 ESTRELLAS;JUNÍN;120000;3;57;114;36,84;24,04;1,87;1,75;3,45;440;409;31;822;715;107;35
20260330;2024;09;03;HOSTAL;03;3 ESTRELLAS;LA LIBERTAD;130000;46;857;1681;31,18;26,51;1,11;1,11;1,31;11990;11691;299;13368;12976;392;161
20260330;2024;09;03;HOSTAL;03;3 ESTRELLAS;LAMBAYEQUE;140000;24;355;531;38,78;34,34;1,38;1,38;1,72;3960;3892;68;5470;5353;117;82
20260330;2024;09;03;HOSTAL;03;3 ESTRELLAS;LIMA;150000;24;494;934;20,05;16,31;1,12;1,13;1,11;4068;3441;627;4570;3875;695;91
20260330;2024;09;03;HOSTAL;03;3 ESTRELLAS;LORETO;160000;8;133;219;25,06;23,85;2,24;2,25;2,19;699;641;58;1567;1440;127;31
20260330;2024;09;03;HOSTAL;03;3 ESTRELLAS;MADRE DE DIOS;170000;1;22;28;36,82;29,29;1;1;1;246;239;7;246;239;7;2
20260330;2024;09;03;HOSTAL;03;3 ESTRELLAS;MOQUEGUA;180000;6;162;315;8,37;6,43;1,76;1,77;1,69;345;319;26;608;564;44;21
20260330;2024;09;03;HOSTAL;03;3 ESTRELLAS;PASCO;190000;2;21;44;46,35;40,38;1,57;1,57;1,33;340;337;3;533;529;4;9
20260330;2024;09;03;HOSTAL;03;3 ESTRELLAS;PIURA;200000;2;36;86;24,07;23,76;2,61;2,71;2,39;235;161;74;613;436;177;19
20260330;2024;09;03;HOSTAL;03;3 ESTRELLAS;PUNO;210000;11;225;395;32,07;23,72;1,54;1,62;1,23;1827;1433;394;2811;2328;483;47
20260330;2024;09;03;HOSTAL;03;3 ESTRELLAS;SAN MARTÍN;220000;6;107;242;52,93;46,28;2,16;2,16;2;1557;1526;31;3360;3298;62;44
20260330;2024;09;03;HOSTAL;03;3 ESTRELLAS;TACNA;230000;4;78;178;29,62;23,54;2,39;2,22;2,45;527;149;378;1257;331;926;17
20260330;2024;09;03;HOSTAL;03;3 ESTRELLAS;TUMBES;240000;4;65;142;,46;1,17;1,39;1,53;1,24;36;19;17;50;29;21;13
20260330;2024;09;03;HOSTAL;03;3 ESTRELLAS;UCAYALI;250000;2;45;70;16,37;17,1;2,15;2,16;1;167;166;1;359;358;1;6
20260330;2024;09;03;HOSTAL;TT;TODAS CONSOLIDADAS;AMAZONAS;010000;77;1233;1972;24,29;20,48;1,22;1,2;1,85;9940;9588;352;12115;11463;652;222
20260330;2024;09;03;HOSTAL;TT;TODAS CONSOLIDADAS;ÁNCASH;020000;188;3047;5344;31,79;26,72;1,15;1,14;1,76;37338;37146;192;42830;42493;337;543
20260330;2024;09;03;HOSTAL;TT;TODAS CONSOLIDADAS;APURÍMAC;030000;13;276;430;34,77;31,13;1,14;1,15;1,01;3512;3436;76;4016;3939;77;44
20260330;2024;09;03;HOSTAL;TT;TODAS CONSOLIDADAS;AREQUIPA;040000;227;3557;6249;31,9;27,8;1,49;1,47;1,54;35065;28666;6399;52109;42253;9856;684
20260330;2024;09;03;HOSTAL;TT;TODAS CONSOLIDADAS;AYACUCHO;050000;28;383;702;19,27;18,05;1,87;1,86;1,92;2037;1905;132;3801;3547;254;83
20260330;2024;09;03;HOSTAL;TT;TODAS CONSOLIDADAS;CAJAMARCA;060000;204;3535;5648;20,7;15,76;1,32;1,32;1,62;20175;20014;161;26701;26440;261;632
20260330;2024;09;03;HOSTAL;TT;TODAS CONSOLIDADAS;CALLAO;070000;14;406;754;30,46;27,98;1,03;1,03;0;6637;6637;0;6817;6817;0;65
20260330;2024;09;03;HOSTAL;TT;TODAS CONSOLIDADAS;CUSCO;080000;88;1477;2651;29,69;26,78;1,58;1,38;2,02;13456;9256;4200;21295;12793;8502;261
20260330;2024;09;03;HOSTAL;TT;TODAS CONSOLIDADAS;HUANCAVELICA;090000;3;110;176;22,85;16,7;1,05;1,05;0;840;840;0;882;882;0;8
20260330;2024;09;03;HOSTAL;TT;TODAS CONSOLIDADAS;HUÁNUCO;100000;52;747;1161;41,45;35,95;1,39;1,39;1,22;9027;8895;132;12520;12359;161;151
20260330;2024;09;03;HOSTAL;TT;TODAS CONSOLIDADAS;ICA;110000;140;2127;3592;31,19;24,57;1,12;1,1;1,29;23719;21906;1813;26481;24146;2335;391
20260330;2024;09;03;HOSTAL;TT;TODAS CONSOLIDADAS;JUNÍN;120000;39;621;1167;27,7;24,77;1,24;1,23;3,05;7011;6971;40;8671;8549;122;143
20260330;2024;09;03;HOSTAL;TT;TODAS CONSOLIDADAS;LA LIBERTAD;130000;193;3272;5987;23,99;21,05;1,21;1,2;1,3;31345;31005;340;37801;37359;442;591
20260330;2024;09;03;HOSTAL;TT;TODAS CONSOLIDADAS;LAMBAYEQUE;140000;183;2665;3848;26,99;22,15;1,14;1,14;1,17;22501;22198;303;25569;25213;356;522
20260330;2024;09;03;HOSTAL;TT;TODAS CONSOLIDADAS;LIMA;150000;221;5026;9106;29,74;27,22;1,31;1,25;1,83;70572;63069;7503;92305;78547;13758;1071
20260330;2024;09;03;HOSTAL;TT;TODAS CONSOLIDADAS;LORETO;160000;21;354;570;19,92;19,52;2,07;2,06;2,18;1611;1445;166;3338;2976;362;77
20260330;2024;09;03;HOSTAL;TT;TODAS CONSOLIDADAS;MADRE DE DIOS;170000;9;221;343;32,58;25,14;1,38;1,36;1,88;1874;1815;59;2587;2476;111;37
20260330;2024;09;03;HOSTAL;TT;TODAS CONSOLIDADAS;MOQUEGUA;180000;88;1378;2307;17,82;13,23;1,46;1,47;1,32;6260;6105;155;9154;8950;204;251
20260330;2024;09;03;HOSTAL;TT;TODAS CONSOLIDADAS;PASCO;190000;41;705;1201;25,68;19,23;1,56;1,56;1,25;4442;4438;4;6928;6923;5;118
20260330;2024;09;03;HOSTAL;TT;TODAS CONSOLIDADAS;PIURA;200000;29;584;1012;31,44;22,28;2,06;2,06;2,14;3277;3098;179;6764;6381;383;122
20260330;2024;09;03;HOSTAL;TT;TODAS CONSOLIDADAS;PUNO;210000;104;1635;2976;23,45;17,65;1,21;1,21;1,24;13013;11039;1974;15759;13313;2446;281
20260330;2024;09;03;HOSTAL;TT;TODAS CONSOLIDADAS;SAN MARTÍN;220000;30;455;797;40,48;35,06;1,81;1,81;1,84;4622;4567;55;8383;8282;101;114
20260330;2024;09;03;HOSTAL;TT;TODAS CONSOLIDADAS;TACNA;230000;42;726;1391;25,77;17,89;1,75;1,5;1,89;4257;1493;2764;7464;2235;5229;130
20260330;2024;09;03;HOSTAL;TT;TODAS CONSOLIDADAS;TUMBES;240000;9;131;273;5,73;6,04;1,6;1,63;1,18;310;288;22;495;469;26;34
20260330;2024;09;03;HOSTAL;TT;TODAS CONSOLIDADAS;UCAYALI;250000;4;113;194;15,52;11,84;1,68;1,68;2;409;406;3;689;683;6;22
20260330;2024;09;05;ALBERGUE;12;ALBERGUE;AMAZONAS;010000;1;6;11;0;0;0;0;0;0;0;0;0;0;0;0
20260330;2024;09;05;ALBERGUE;12;ALBERGUE;ÁNCASH;020000;7;68;149;15,15;8,84;1,51;1,54;1,32;261;230;31;395;354;41;16
20260330;2024;09;05;ALBERGUE;12;ALBERGUE;AREQUIPA;040000;10;149;342;45,17;38;1,49;1,58;1,46;2619;686;1933;3899;1083;2816;121
20260330;2024;09;05;ALBERGUE;12;ALBERGUE;AYACUCHO;050000;1;10;20;0;0;0;0;0;0;0;0;0;0;0;0
20260330;2024;09;05;ALBERGUE;12;ALBERGUE;CAJAMARCA;060000;1;11;22;0;0;0;0;0;0;0;0;0;0;0;0
20260330;2024;09;05;ALBERGUE;12;ALBERGUE;CUSCO;080000;16;363;636;42,93;36,43;1,47;1,51;1,47;4730;74;4656;6950;112;6838;98
20260330;2024;09;05;ALBERGUE;12;ALBERGUE;HUANCAVELICA;090000;1;14;47;15,48;7,73;2,18;2,18;0;50;50;0;109;109;0;14
20260330;2024;09;05;ALBERGUE;12;ALBERGUE;HUÁNUCO;100000;7;92;128;0;0;0;0;0;0;0;0;0;0;0;0
20260330;2024;09;05;ALBERGUE;12;ALBERGUE;ICA;110000;6;82;212;46,99;24,64;1,22;1,19;1,23;1289;518;771;1567;619;948;21
20260330;2024;09;05;ALBERGUE;12;ALBERGUE;JUNÍN;120000;1;32;104;19,58;13,43;1,45;1,41;2,45;289;278;11;419;392;27;19
20260330;2024;09;05;ALBERGUE;12;ALBERGUE;LA LIBERTAD;130000;1;15;27;45,33;33,83;1,92;1,91;2,2;143;138;5;274;263;11;4
20260330;2024;09;05;ALBERGUE;12;ALBERGUE;LIMA;150000;8;136;528;7,23;4,56;1,32;1,32;0;546;546;0;722;722;0;25
20260330;2024;09;05;ALBERGUE;12;ALBERGUE;LORETO;160000;59;798;1630;24,22;22,38;2,56;2,46;2,58;4272;514;3758;10944;1262;9682;263
20260330;2024;09;05;ALBERGUE;12;ALBERGUE;MADRE DE DIOS;170000;15;360;754;36,66;37,93;2,63;1,97;2,67;3258;156;3102;8580;307;8273;243
20260330;2024;09;05;ALBERGUE;12;ALBERGUE;PASCO;190000;23;293;853;20,92;14,66;1,45;1,44;1,97;2583;2523;60;3752;3634;118;76
20260330;2024;09;05;ALBERGUE;12;ALBERGUE;PUNO;210000;1;13;35;0;0;0;0;0;0;0;0;0;0;0;0
20260330;2024;09;05;ALBERGUE;12;ALBERGUE;SAN MARTÍN;220000;11;194;443;43,78;38,5;2,26;2,24;2,35;2263;1890;373;5117;4240;877;52
20260330;2024;09;05;ALBERGUE;12;ALBERGUE;UCAYALI;250000;5;52;146;12,44;7,69;1,96;1,86;2,34;172;137;35;337;255;82;30
20260330;2024;09;05;ALBERGUE;TT;TODAS CONSOLIDADAS;AMAZONAS;010000;1;6;11;0;0;0;0;0;0;0;0;0;0;0;0
20260330;2024;09;05;ALBERGUE;TT;TODAS CONSOLIDADAS;ÁNCASH;020000;7;68;149;15,15;8,84;1,51;1,54;1,32;261;230;31;395;354;41;16
20260330;2024;09;05;ALBERGUE;TT;TODAS CONSOLIDADAS;AREQUIPA;040000;10;149;342;45,17;38;1,49;1,58;1,46;2619;686;1933;3899;1083;2816;121
20260330;2024;09;05;ALBERGUE;TT;TODAS CONSOLIDADAS;AYACUCHO;050000;1;10;20;0;0;0;0;0;0;0;0;0;0;0;0
20260330;2024;09;05;ALBERGUE;TT;TODAS CONSOLIDADAS;CAJAMARCA;060000;1;11;22;0;0;0;0;0;0;0;0;0;0;0;0
20260330;2024;09;05;ALBERGUE;TT;TODAS CONSOLIDADAS;CUSCO;080000;16;363;636;42,93;36,43;1,47;1,51;1,47;4730;74;4656;6950;112;6838;98
20260330;2024;09;05;ALBERGUE;TT;TODAS CONSOLIDADAS;HUANCAVELICA;090000;1;14;47;15,48;7,73;2,18;2,18;0;50;50;0;109;109;0;14
20260330;2024;09;05;ALBERGUE;TT;TODAS CONSOLIDADAS;HUÁNUCO;100000;7;92;128;0;0;0;0;0;0;0;0;0;0;0;0
20260330;2024;09;05;ALBERGUE;TT;TODAS CONSOLIDADAS;ICA;110000;6;82;212;46,99;24,64;1,22;1,19;1,23;1289;518;771;1567;619;948;21
20260330;2024;09;05;ALBERGUE;TT;TODAS CONSOLIDADAS;JUNÍN;120000;1;32;104;19,58;13,43;1,45;1,41;2,45;289;278;11;419;392;27;19
20260330;2024;09;05;ALBERGUE;TT;TODAS CONSOLIDADAS;LA LIBERTAD;130000;1;15;27;45,33;33,83;1,92;1,91;2,2;143;138;5;274;263;11;4
20260330;2024;09;05;ALBERGUE;TT;TODAS CONSOLIDADAS;LIMA;150000;8;136;528;7,23;4,56;1,32;1,32;0;546;546;0;722;722;0;25
20260330;2024;09;05;ALBERGUE;TT;TODAS CONSOLIDADAS;LORETO;160000;59;798;1630;24,22;22,38;2,56;2,46;2,58;4272;514;3758;10944;1262;9682;263
20260330;2024;09;05;ALBERGUE;TT;TODAS CONSOLIDADAS;MADRE DE DIOS;170000;15;360;754;36,66;37,93;2,63;1,97;2,67;3258;156;3102;8580;307;8273;243
20260330;2024;09;05;ALBERGUE;TT;TODAS CONSOLIDADAS;PASCO;190000;23;293;853;20,92;14,66;1,45;1,44;1,97;2583;2523;60;3752;3634;118;76
20260330;2024;09;05;ALBERGUE;TT;TODAS CONSOLIDADAS;PUNO;210000;1;13;35;0;0;0;0;0;0;0;0;0;0;0;0
20260330;2024;09;05;ALBERGUE;TT;TODAS CONSOLIDADAS;SAN MARTÍN;220000;11;194;443;43,78;38,5;2,26;2,24;2,35;2263;1890;373;5117;4240;877;52
20260330;2024;09;05;ALBERGUE;TT;TODAS CONSOLIDADAS;UCAYALI;250000;5;52;146;12,44;7,69;1,96;1,86;2,34;172;137;35;337;255;82;30
20260330;2024;09;14;RESORT;03;3 ESTRELLAS;ICA;110000;1;51;86;0;0;0;0;0;0;0;0;0;0;0;0
20260330;2024;09;14;RESORT;03;3 ESTRELLAS;TUMBES;240000;1;28;62;2,62;3,23;1,33;1,35;1;45;43;2;60;58;2;9
20260330;2024;09;14;RESORT;04;4 ESTRELLAS;TUMBES;240000;1;402;1101;72,26;63,89;2,38;2,36;2,48;8885;7486;1399;21103;17634;3469;474
20260330;2024;09;14;RESORT;05;5 ESTRELLAS;ICA;110000;1;49;94;42,52;53,62;1,5;1,58;1,29;1007;746;261;1512;1176;336;60
20260330;2024;09;14;RESORT;TT;TODAS CONSOLIDADAS;ICA;110000;2;100;180;20,83;28;1,5;1,58;1,29;1007;746;261;1512;1176;336;60
20260330;2024;09;14;RESORT;TT;TODAS CONSOLIDADAS;TUMBES;240000;2;430;1163;67,72;60,66;2,37;2,35;2,48;8930;7529;1401;21163;17692;3471;483
20260330;2024;09;16;ECOLODGE;13;ECOLODGE;AREQUIPA;040000;1;23;51;34,06;27,84;1,21;1,32;1,2;352;19;333;426;25;401;7
20260330;2024;09;16;ECOLODGE;TT;TODAS CONSOLIDADAS;AREQUIPA;040000;1;23;51;34,06;27,84;1,21;1,32;1,2;352;19;333;426;25;401;7
20260330;2024;09;TT;TODAS CONSOLIDADAS;00;NO CATEGORIZADO;AMAZONAS;010000;315;3000;4706;13,79;10,48;1,22;1,21;1,32;12159;11488;671;14796;13912;884;555
20260330;2024;09;TT;TODAS CONSOLIDADAS;00;NO CATEGORIZADO;ÁNCASH;020000;748;6489;10943;14,27;12,81;1,21;1,18;1,51;34875;32172;2703;42065;37998;4067;750
20260330;2024;09;TT;TODAS CONSOLIDADAS;00;NO CATEGORIZADO;APURÍMAC;030000;506;4490;7048;19,98;14,4;1,15;1,15;1,14;26426;26324;102;30441;30325;116;441
20260330;2024;09;TT;TODAS CONSOLIDADAS;00;NO CATEGORIZADO;AREQUIPA;040000;1280;10916;18481;22,12;18,62;1,54;1,49;1,65;67221;47359;19862;103241;70454;32787;1295
20260330;2024;09;TT;TODAS CONSOLIDADAS;00;NO CATEGORIZADO;AYACUCHO;050000;604;5633;9101;16,68;13,25;1,24;1,24;1,47;29081;28605;476;36176;35476;700;676
20260330;2024;09;TT;TODAS CONSOLIDADAS;00;NO CATEGORIZADO;CAJAMARCA;060000;736;6455;10328;13,08;9,4;1,18;1,18;1,54;24609;24553;56;29112;29026;86;705
20260330;2024;09;TT;TODAS CONSOLIDADAS;00;NO CATEGORIZADO;CALLAO;070000;271;3733;6987;42,79;40,85;1;1;1,02;148672;147550;1122;149296;148149;1147;1090
20260330;2024;09;TT;TODAS CONSOLIDADAS;00;NO CATEGORIZADO;CUSCO;080000;1992;18998;33825;33,32;25,75;1,85;1,35;2,21;141231;59604;81627;261342;80761;180581;3655
20260330;2024;09;TT;TODAS CONSOLIDADAS;00;NO CATEGORIZADO;HUANCAVELICA;090000;239;2539;3865;17,61;14,1;1,09;1,09;1,25;14941;14864;77;16350;16254;96;281
20260330;2024;09;TT;TODAS CONSOLIDADAS;00;NO CATEGORIZADO;HUÁNUCO;100000;497;5293;7963;16,26;13,2;1,17;1,17;1,32;26874;26790;84;31525;31414;111;647
20260330;2024;09;TT;TODAS CONSOLIDADAS;00;NO CATEGORIZADO;ICA;110000;790;7917;13304;21,52;14,67;1,22;1,23;1,18;48112;35335;12777;58549;43411;15138;1432
20260330;2024;09;TT;TODAS CONSOLIDADAS;00;NO CATEGORIZADO;JUNÍN;120000;1527;15377;25020;22,29;17,37;1,15;1,15;1,89;113354;112929;425;130378;129573;805;2757
20260330;2024;09;TT;TODAS CONSOLIDADAS;00;NO CATEGORIZADO;LA LIBERTAD;130000;1008;7499;12528;12,36;9,33;1,07;1,07;1,08;32878;31395;1483;35055;33455;1600;714
20260330;2024;09;TT;TODAS CONSOLIDADAS;00;NO CATEGORIZADO;LAMBAYEQUE;140000;453;4498;6540;17,04;14,05;1,1;1,1;1,16;24971;24511;460;27574;27039;535;550
20260330;2024;09;TT;TODAS CONSOLIDADAS;00;NO CATEGORIZADO;LIMA;150000;7142;55479;95145;21,53;19,91;1,05;1,05;1,17;2318040;2256814;61225;2435825;2363944;71881;33176
20260330;2024;09;TT;TODAS CONSOLIDADAS;00;NO CATEGORIZADO;LORETO;160000;794;6807;10626;9,52;8,41;1,76;1,74;1,8;15201;9408;5793;26806;16391;10415;690
20260330;2024;09;TT;TODAS CONSOLIDADAS;00;NO CATEGORIZADO;MADRE DE DIOS;170000;346;4581;7600;24,55;20,16;1,39;1,26;1,97;33055;27112;5943;45956;34268;11688;835
20260330;2024;09;TT;TODAS CONSOLIDADAS;00;NO CATEGORIZADO;MOQUEGUA;180000;167;1689;2878;18,47;13,33;1,2;1,19;1,47;9619;9559;60;11510;11422;88;301
20260330;2024;09;TT;TODAS CONSOLIDADAS;00;NO CATEGORIZADO;PASCO;190000;390;4084;6571;19,11;15,74;1,24;1,23;1,52;25113;24923;190;31037;30748;289;746
20260330;2024;09;TT;TODAS CONSOLIDADAS;00;NO CATEGORIZADO;PIURA;200000;1163;10615;19145;21,86;17,66;1,46;1,39;1,9;69563;60852;8711;101446;84868;16578;2092
20260330;2024;09;TT;TODAS CONSOLIDADAS;00;NO CATEGORIZADO;PUNO;210000;838;7379;12398;21,07;17,93;1,22;1,21;1,26;54864;51617;3247;66680;62597;4083;1342
20260330;2024;09;TT;TODAS CONSOLIDADAS;00;NO CATEGORIZADO;SAN MARTÍN;220000;874;9237;14553;24,57;20,02;1,35;1,34;1,83;64699;63443;1256;87399;85099;2300;1137
20260330;2024;09;TT;TODAS CONSOLIDADAS;00;NO CATEGORIZADO;TACNA;230000;430;3996;7154;12,42;13,47;1,49;1,25;1,69;19349;8479;10870;28917;10587;18330;467
20260330;2024;09;TT;TODAS CONSOLIDADAS;00;NO CATEGORIZADO;TUMBES;240000;250;2431;4628;13,67;12,4;1,56;1,52;1,78;11059;9649;1410;17219;14703;2516;324
20260330;2024;09;TT;TODAS CONSOLIDADAS;00;NO CATEGORIZADO;UCAYALI;250000;547;5429;8401;37,15;26,43;3,46;3,49;2,41;19246;18809;437;66621;65569;1052;987
20260330;2024;09;TT;TODAS CONSOLIDADAS;01;1 ESTRELLA;AMAZONAS;010000;19;272;396;26,03;21,75;1,04;1,04;1;2492;2489;3;2584;2581;3;46
20260330;2024;09;TT;TODAS CONSOLIDADAS;01;1 ESTRELLA;ÁNCASH;020000;51;937;1510;22,25;17,75;1,09;1,09;0;7365;7365;0;8041;8041;0;144
20260330;2024;09;TT;TODAS CONSOLIDADAS;01;1 ESTRELLA;APURÍMAC;030000;7;186;285;32,03;30,95;1,09;1,09;1;2419;2408;11;2646;2635;11;23
20260330;2024;09;TT;TODAS CONSOLIDADAS;01;1 ESTRELLA;AREQUIPA;040000;58;998;1571;26,36;22,57;1,16;1,17;1,12;9136;8716;420;10636;10165;471;171
20260330;2024;09;TT;TODAS CONSOLIDADAS;01;1 ESTRELLA;AYACUCHO;050000;23;399;717;13,78;11,4;1,72;1,72;1;1429;1421;8;2452;2444;8;69
20260330;2024;09;TT;TODAS CONSOLIDADAS;01;1 ESTRELLA;CAJAMARCA;060000;28;557;917;19,27;13,75;1,38;1,38;1;2746;2722;24;3783;3759;24;100
20260330;2024;09;TT;TODAS CONSOLIDADAS;01;1 ESTRELLA;CALLAO;070000;8;159;301;34,15;32,51;1,01;1,01;0;3140;3140;0;3160;3160;0;25
20260330;2024;09;TT;TODAS CONSOLIDADAS;01;1 ESTRELLA;CUSCO;080000;29;543;901;19,64;18,65;1,17;1,17;2,32;4304;4282;22;5042;4991;51;79
20260330;2024;09;TT;TODAS CONSOLIDADAS;01;1 ESTRELLA;HUANCAVELICA;090000;2;66;94;26,41;19,47;1,02;1,02;0;538;538;0;549;549;0;5
20260330;2024;09;TT;TODAS CONSOLIDADAS;01;1 ESTRELLA;HUÁNUCO;100000;33;601;905;46,81;47,23;1,3;1,3;0;9890;9890;0;12822;12822;0;105
20260330;2024;09;TT;TODAS CONSOLIDADAS;01;1 ESTRELLA;ICA;110000;26;446;722;21,81;16,8;1;1;1;3639;3627;12;3639;3627;12;73
20260330;2024;09;TT;TODAS CONSOLIDADAS;01;1 ESTRELLA;JUNÍN;120000;17;391;769;18,36;12,35;1,21;1,21;0;2364;2364;0;2850;2850;0;51
20260330;2024;09;TT;TODAS CONSOLIDADAS;01;1 ESTRELLA;LA LIBERTAD;130000;30;483;847;32,59;26,9;1,5;1,5;1,14;4554;4540;14;6836;6820;16;89
20260330;2024;09;TT;TODAS CONSOLIDADAS;01;1 ESTRELLA;LAMBAYEQUE;140000;18;289;378;19;20,01;1,04;1,04;1;2175;2163;12;2269;2257;12;52
20260330;2024;09;TT;TODAS CONSOLIDADAS;01;1 ESTRELLA;LIMA;150000;90;2029;3573;34,34;27,81;1,15;1,15;1,39;31339;30835;505;36048;35344;704;408
20260330;2024;09;TT;TODAS CONSOLIDADAS;01;1 ESTRELLA;LORETO;160000;5;90;140;16,15;17,9;1,63;1,64;1,52;461;417;44;752;685;67;21
20260330;2024;09;TT;TODAS CONSOLIDADAS;01;1 ESTRELLA;MADRE DE DIOS;170000;7;198;359;23,08;18,61;1,11;1,11;1,3;1799;1749;50;2004;1939;65;34
20260330;2024;09;TT;TODAS CONSOLIDADAS;01;1 ESTRELLA;MOQUEGUA;180000;21;345;609;19,58;13,54;1,53;1,53;1,45;1620;1551;69;2473;2373;100;61
20260330;2024;09;TT;TODAS CONSOLIDADAS;01;1 ESTRELLA;PASCO;190000;28;561;859;29,66;21,09;1,31;1,31;0;4140;4140;0;5436;5436;0;91
20260330;2024;09;TT;TODAS CONSOLIDADAS;01;1 ESTRELLA;PIURA;200000;5;96;158;24,1;15,78;1,79;1,81;1,23;417;404;13;748;732;16;10
20260330;2024;09;TT;TODAS CONSOLIDADAS;01;1 ESTRELLA;PUNO;210000;38;616;1072;21,8;16,24;1,12;1,12;1,15;4667;4518;149;5222;5051;171;95
20260330;2024;09;TT;TODAS CONSOLIDADAS;01;1 ESTRELLA;SAN MARTÍN;220000;8;170;256;35,06;36,61;1,49;1,49;1,67;1883;1874;9;2812;2797;15;27
20260330;2024;09;TT;TODAS CONSOLIDADAS;01;1 ESTRELLA;TACNA;230000;13;277;517;13,62;11,98;1,16;1,2;1,12;1597;920;677;1858;1103;755;40
20260330;2024;09;TT;TODAS CONSOLIDADAS;01;1 ESTRELLA;TUMBES;240000;2;47;100;0;0;0;0;0;0;0;0;0;0;0;0
20260330;2024;09;TT;TODAS CONSOLIDADAS;02;2 ESTRELLAS;AMAZONAS;010000;87;1849;2984;25,79;22,22;1,27;1,26;2,21;15616;15328;288;19889;19253;636;306
20260330;2024;09;TT;TODAS CONSOLIDADAS;02;2 ESTRELLAS;ÁNCASH;020000;191;3794;6788;28,82;23,17;1,23;1,23;1,59;38261;37814;447;47177;46467;710;627
20260330;2024;09;TT;TODAS CONSOLIDADAS;02;2 ESTRELLAS;APURÍMAC;030000;14;433;717;31,68;23,91;1,15;1,15;1,08;4483;4399;84;5142;5051;91;53
20260330;2024;09;TT;TODAS CONSOLIDADAS;02;2 ESTRELLAS;AREQUIPA;040000;171;3244;5795;28,06;23,82;1,43;1,45;1,26;29025;24913;4112;41409;36239;5170;561
20260330;2024;09;TT;TODAS CONSOLIDADAS;02;2 ESTRELLAS;AYACUCHO;050000;18;461;807;17,74;19,18;1,85;1,86;1,78;2508;2376;132;4643;4408;235;70
20260330;2024;09;TT;TODAS CONSOLIDADAS;02;2 ESTRELLAS;CAJAMARCA;060000;195;4119;6549;22,22;16,5;1,24;1,22;3,12;26049;25746;303;32425;31479;946;621
20260330;2024;09;TT;TODAS CONSOLIDADAS;02;2 ESTRELLAS;CALLAO;070000;7;287;520;29,62;27,12;1,09;1,06;1,36;3887;3506;381;4230;3711;519;43
20260330;2024;09;TT;TODAS CONSOLIDADAS;02;2 ESTRELLAS;CUSCO;080000;92;1936;3536;32,52;29,85;1,7;1,53;1,84;18648;8541;10107;31665;13030;18635;521
20260330;2024;09;TT;TODAS CONSOLIDADAS;02;2 ESTRELLAS;HUANCAVELICA;090000;3;84;151;29,01;25,63;1,43;1,43;1,29;814;807;7;1161;1152;9;12
20260330;2024;09;TT;TODAS CONSOLIDADAS;02;2 ESTRELLAS;HUÁNUCO;100000;79;1986;3153;32,52;26,02;1,26;1,26;1,32;19468;19266;202;24611;24344;267;355
20260330;2024;09;TT;TODAS CONSOLIDADAS;02;2 ESTRELLAS;ICA;110000;135;2767;4655;23,51;19,48;1,03;1,02;1,1;26464;25189;1275;27207;25810;1397;435
20260330;2024;09;TT;TODAS CONSOLIDADAS;02;2 ESTRELLAS;JUNÍN;120000;53;1281;2348;23,7;20,03;1,32;1,32;1,85;10695;10635;60;14112;14001;111;216
20260330;2024;09;TT;TODAS CONSOLIDADAS;02;2 ESTRELLAS;LA LIBERTAD;130000;142;2553;4548;20,6;17,9;1,35;1,32;2,08;18128;17419;709;24417;22945;1472;455
20260330;2024;09;TT;TODAS CONSOLIDADAS;02;2 ESTRELLAS;LAMBAYEQUE;140000;216;4273;6313;21,1;16,44;1,09;1,09;1,12;28638;28256;382;31143;30714;429;719
20260330;2024;09;TT;TODAS CONSOLIDADAS;02;2 ESTRELLAS;LIMA;150000;242;8382;15634;35,09;29,12;1,3;1,26;1,88;150558;140112;10445;196144;176559;19585;1989
20260330;2024;09;TT;TODAS CONSOLIDADAS;02;2 ESTRELLAS;LORETO;160000;17;341;567;15,57;12,83;1,85;1,79;2,23;1180;1027;153;2182;1841;341;63
20260330;2024;09;TT;TODAS CONSOLIDADAS;02;2 ESTRELLAS;MADRE DE DIOS;170000;15;390;644;32,49;26,88;1,43;1,42;1,48;3638;3439;199;5194;4900;294;74
20260330;2024;09;TT;TODAS CONSOLIDADAS;02;2 ESTRELLAS;MOQUEGUA;180000;89;1578;2606;22,22;17,02;1,53;1,52;1,8;8679;8363;316;13306;12736;570;302
20260330;2024;09;TT;TODAS CONSOLIDADAS;02;2 ESTRELLAS;PASCO;190000;23;490;951;23,59;20,88;1,76;1,76;1;3391;3389;2;5958;5956;2;75
20260330;2024;09;TT;TODAS CONSOLIDADAS;02;2 ESTRELLAS;PIURA;200000;40;875;1480;29,89;20,78;1,99;1,99;1,97;4648;4474;174;9228;8886;342;169
20260330;2024;09;TT;TODAS CONSOLIDADAS;02;2 ESTRELLAS;PUNO;210000;92;1665;3035;20,24;15,16;1,23;1,21;1,34;11218;9362;1856;13805;11327;2478;263
20260330;2024;09;TT;TODAS CONSOLIDADAS;02;2 ESTRELLAS;SAN MARTÍN;220000;51;1101;1852;38,59;33,66;1,82;1,81;2,18;10278;10072;206;18703;18253;450;217
20260330;2024;09;TT;TODAS CONSOLIDADAS;02;2 ESTRELLAS;TACNA;230000;59;1363;2651;27,68;21,22;1,74;1,65;1,81;9698;4419;5279;16878;7300;9578;249
20260330;2024;09;TT;TODAS CONSOLIDADAS;02;2 ESTRELLAS;TUMBES;240000;11;237;437;17,47;13,34;1,42;1,42;1;1229;1224;5;1749;1744;5;61
20260330;2024;09;TT;TODAS CONSOLIDADAS;02;2 ESTRELLAS;UCAYALI;250000;4;131;240;13,92;8,47;1,54;1,54;1,5;396;384;12;610;592;18;27
20260330;2024;09;TT;TODAS CONSOLIDADAS;03;3 ESTRELLAS;AMAZONAS;010000;25;536;950;25,34;19,5;1,44;1,36;2,04;3872;3452;420;5557;4700;857;125
20260330;2024;09;TT;TODAS CONSOLIDADAS;03;3 ESTRELLAS;ÁNCASH;020000;64;1760;3224;27,98;21,86;1,73;1,7;1,94;12218;10874;1344;21141;18528;2613;411
20260330;2024;09;TT;TODAS CONSOLIDADAS;03;3 ESTRELLAS;APURÍMAC;030000;7;225;377;44,92;36,32;1,6;1,64;1,44;2564;2076;488;4108;3407;701;65
20260330;2024;09;TT;TODAS CONSOLIDADAS;03;3 ESTRELLAS;AREQUIPA;040000;118;2831;5308;42,54;36,12;1,77;1,92;1,62;32573;15509;17064;57524;29831;27693;791
20260330;2024;09;TT;TODAS CONSOLIDADAS;03;3 ESTRELLAS;AYACUCHO;050000;10;241;451;24,94;19,75;1,74;1,71;1,92;1535;1304;231;2672;2229;443;76
20260330;2024;09;TT;TODAS CONSOLIDADAS;03;3 ESTRELLAS;CAJAMARCA;060000;124;2988;4989;19,44;14,42;1,47;1,46;1,81;14686;14278;408;21581;20842;739;610
20260330;2024;09;TT;TODAS CONSOLIDADAS;03;3 ESTRELLAS;CALLAO;070000;4;233;391;35,51;34,3;1,45;1,45;1,45;2768;2130;638;4023;3098;925;56
20260330;2024;09;TT;TODAS CONSOLIDADAS;03;3 ESTRELLAS;CUSCO;080000;108;3537;6961;56,26;50,33;1,73;1,63;1,75;60906;10721;50185;105094;17461;87633;1202
20260330;2024;09;TT;TODAS CONSOLIDADAS;03;3 ESTRELLAS;HUANCAVELICA;090000;2;65;108;8,51;6,2;1,39;1,36;2;145;140;5;201;191;10;10
20260330;2024;09;TT;TODAS CONSOLIDADAS;03;3 ESTRELLAS;HUÁNUCO;100000;19;679;1216;28,08;22,01;1,51;1,49;1,78;5334;5088;246;8030;7592;438;166
20260330;2024;09;TT;TODAS CONSOLIDADAS;03;3 ESTRELLAS;ICA;110000;115;3129;6027;35,9;26,8;1,42;1,51;1,29;34108;20765;13343;48465;31315;17150;697
20260330;2024;09;TT;TODAS CONSOLIDADAS;03;3 ESTRELLAS;JUNÍN;120000;23;820;1572;19,01;14,71;1,61;1,61;1,71;4308;4173;135;6939;6708;231;234
20260330;2024;09;TT;TODAS CONSOLIDADAS;03;3 ESTRELLAS;LA LIBERTAD;130000;122;3064;5886;30,45;23,21;1,45;1,42;1,97;28227;26675;1552;40987;37928;3059;713
20260330;2024;09;TT;TODAS CONSOLIDADAS;03;3 ESTRELLAS;LAMBAYEQUE;140000;60;1532;2506;31,43;25,52;1,45;1,43;1,93;13257;12678;579;19188;18068;1120;330
20260330;2024;09;TT;TODAS CONSOLIDADAS;03;3 ESTRELLAS;LIMA;150000;192;9083;17233;46,93;40,49;1,76;1,48;2,08;118948;63058;55890;209354;93142;116212;2397
20260330;2024;09;TT;TODAS CONSOLIDADAS;03;3 ESTRELLAS;LORETO;160000;36;946;1617;34;28,44;2,19;2,27;1,9;6295;4980;1315;13794;11291;2503;270
20260330;2024;09;TT;TODAS CONSOLIDADAS;03;3 ESTRELLAS;MADRE DE DIOS;170000;6;225;406;36,01;32,36;1,72;1,85;1,36;2292;1671;621;3942;3099;843;61
20260330;2024;09;TT;TODAS CONSOLIDADAS;03;3 ESTRELLAS;MOQUEGUA;180000;19;553;961;24,3;15,92;1,49;1,49;1,47;3087;2893;194;4590;4304;286;108
20260330;2024;09;TT;TODAS CONSOLIDADAS;03;3 ESTRELLAS;PASCO;190000;8;170;298;32,2;34,37;1,45;1,45;1,85;2113;2100;13;3073;3049;24;27
20260330;2024;09;TT;TODAS CONSOLIDADAS;03;3 ESTRELLAS;PIURA;200000;22;753;1288;42,78;32,24;1,71;1,66;2;7302;6376;926;12459;10603;1856;228
20260330;2024;09;TT;TODAS CONSOLIDADAS;03;3 ESTRELLAS;PUNO;210000;38;1089;2046;40,92;34,68;1,53;1,58;1,51;13912;4378;9534;21289;6907;14382;233
20260330;2024;09;TT;TODAS CONSOLIDADAS;03;3 ESTRELLAS;SAN MARTÍN;220000;32;1044;1889;36,78;32,86;2,09;2,08;2,59;8899;8602;297;18624;17856;768;256
20260330;2024;09;TT;TODAS CONSOLIDADAS;03;3 ESTRELLAS;TACNA;230000;14;475;1029;31,07;25,04;1,84;1,75;1,9;4202;1763;2439;7730;3085;4645;119
20260330;2024;09;TT;TODAS CONSOLIDADAS;03;3 ESTRELLAS;TUMBES;240000;16;390;814;29,17;26,83;2,66;2,66;2,66;2466;2171;295;6551;5766;785;160
20260330;2024;09;TT;TODAS CONSOLIDADAS;03;3 ESTRELLAS;UCAYALI;250000;17;586;973;35,47;29,55;2,14;2,17;1,72;4025;3769;256;8626;8185;441;136
20260330;2024;09;TT;TODAS CONSOLIDADAS;04;4 ESTRELLAS;APURÍMAC;030000;1;32;56;32,81;18,75;1,67;1,61;2,08;189;165;24;315;265;50;14
20260330;2024;09;TT;TODAS CONSOLIDADAS;04;4 ESTRELLAS;AREQUIPA;040000;11;558;1066;54,06;47,56;1,81;1,92;1,75;8390;3170;5220;15211;6084;9127;261
20260330;2024;09;TT;TODAS CONSOLIDADAS;04;4 ESTRELLAS;CAJAMARCA;060000;4;214;379;49,35;40,75;1,91;1,89;2,07;2432;2190;242;4633;4132;501;155
20260330;2024;09;TT;TODAS CONSOLIDADAS;04;4 ESTRELLAS;CALLAO;070000;2;371;599;95,7;89,04;1,26;1,28;1,26;12657;1985;10672;16001;2544;13457;130
20260330;2024;09;TT;TODAS CONSOLIDADAS;04;4 ESTRELLAS;CUSCO;080000;21;1610;3169;81,05;73,69;1,72;1,59;1,74;40654;3557;37097;70055;5664;64391;1008
20260330;2024;09;TT;TODAS CONSOLIDADAS;04;4 ESTRELLAS;HUÁNUCO;100000;1;60;101;46,61;36,11;1,82;1,83;1,42;602;583;19;1094;1067;27;31
20260330;2024;09;TT;TODAS CONSOLIDADAS;04;4 ESTRELLAS;ICA;110000;7;707;1488;29,06;27,13;1,49;1,61;1,29;8114;5193;2921;12109;8353;3756;312
20260330;2024;09;TT;TODAS CONSOLIDADAS;04;4 ESTRELLAS;JUNÍN;120000;1;40;82;34,42;20;1,43;1,43;0;345;345;0;492;492;0;17
20260330;2024;09;TT;TODAS CONSOLIDADAS;04;4 ESTRELLAS;LA LIBERTAD;130000;4;318;546;48,85;51,66;2,23;2,22;2,29;3789;3024;765;8462;6708;1754;129
20260330;2024;09;TT;TODAS CONSOLIDADAS;04;4 ESTRELLAS;LAMBAYEQUE;140000;5;359;618;58,54;49,46;1,51;1,45;1,84;6082;5179;903;9169;7507;1662;283
20260330;2024;09;TT;TODAS CONSOLIDADAS;04;4 ESTRELLAS;LIMA;150000;51;4884;9002;57,03;53,36;2,15;1,69;2,4;66939;23549;43390;144104;39799;104305;2005
20260330;2024;09;TT;TODAS CONSOLIDADAS;04;4 ESTRELLAS;LORETO;160000;4;149;226;21,81;17,55;1,5;1,63;1,34;791;450;341;1190;734;456;64
20260330;2024;09;TT;TODAS CONSOLIDADAS;04;4 ESTRELLAS;MOQUEGUA;180000;2;123;234;51,79;41,15;4,06;4,4;2,49;711;587;124;2889;2580;309;60
20260330;2024;09;TT;TODAS CONSOLIDADAS;04;4 ESTRELLAS;PIURA;200000;4;393;744;41,68;30,6;1,84;1,8;2,04;3711;3116;595;6830;5617;1213;141
20260330;2024;09;TT;TODAS CONSOLIDADAS;04;4 ESTRELLAS;PUNO;210000;8;508;961;58,78;52,52;1,66;1,68;1,66;9097;807;8290;15142;1354;13788;202
20260330;2024;09;TT;TODAS CONSOLIDADAS;04;4 ESTRELLAS;SAN MARTÍN;220000;2;82;138;48,17;49,15;2,2;2,18;2,34;926;844;82;2035;1843;192;40
20260330;2024;09;TT;TODAS CONSOLIDADAS;04;4 ESTRELLAS;TACNA;230000;3;275;517;41,75;34,62;1,92;1,99;1,87;2791;1290;1501;5369;2566;2803;80
20260330;2024;09;TT;TODAS CONSOLIDADAS;04;4 ESTRELLAS;TUMBES;240000;6;667;1621;56,77;53,97;2,29;2,31;2,2;11463;9472;1991;26245;21872;4373;633
20260330;2024;09;TT;TODAS CONSOLIDADAS;04;4 ESTRELLAS;UCAYALI;250000;5;288;513;53,03;39,4;2,29;2,23;2,58;2644;2139;505;6064;4762;1302;120
20260330;2024;09;TT;TODAS CONSOLIDADAS;05;5 ESTRELLAS;AREQUIPA;040000;3;241;352;57;56,01;1,87;1,75;2;3166;1671;1495;5915;2922;2993;184
20260330;2024;09;TT;TODAS CONSOLIDADAS;05;5 ESTRELLAS;CUSCO;080000;15;1283;2519;71,68;66,58;1,73;1,92;1,72;29022;2137;26885;50318;4108;46210;1331
20260330;2024;09;TT;TODAS CONSOLIDADAS;05;5 ESTRELLAS;ICA;110000;6;595;1420;32,8;29,24;1,6;1,62;1,56;7774;5167;2607;12455;8384;4071;622
20260330;2024;09;TT;TODAS CONSOLIDADAS;05;5 ESTRELLAS;LA LIBERTAD;130000;2;267;450;47,25;41,8;1,95;1,85;2,31;2890;2251;639;5643;4169;1474;187
20260330;2024;09;TT;TODAS CONSOLIDADAS;05;5 ESTRELLAS;LIMA;150000;31;5057;8814;57,58;44,67;2,45;1,71;2,65;48309;10540;37769;118128;18039;100089;3674
20260330;2024;09;TT;TODAS CONSOLIDADAS;05;5 ESTRELLAS;LORETO;160000;1;60;88;66;70,61;1,72;1,84;1,61;1086;490;596;1864;904;960;54
20260330;2024;09;TT;TODAS CONSOLIDADAS;05;5 ESTRELLAS;PIURA;200000;1;83;166;66,02;46,91;1,85;1,77;2,08;1260;920;340;2336;1629;707;82
20260330;2024;09;TT;TODAS CONSOLIDADAS;05;5 ESTRELLAS;PUNO;210000;1;123;231;60,33;91,39;1,64;1,56;1,64;3871;192;3679;6333;300;6033;32
20260330;2024;09;TT;TODAS CONSOLIDADAS;05;5 ESTRELLAS;SAN MARTÍN;220000;1;50;108;41,87;46,23;1,63;1,62;1,96;917;889;28;1498;1443;55;63
20260330;2024;09;TT;TODAS CONSOLIDADAS;05;5 ESTRELLAS;UCAYALI;250000;2;162;300;48,79;36,09;2,25;2,23;2,37;1442;1245;197;3248;2782;466;123
20260330;2024;09;TT;TODAS CONSOLIDADAS;12;ALBERGUE;AMAZONAS;010000;1;6;11;0;0;0;0;0;0;0;0;0;0;0;0
20260330;2024;09;TT;TODAS CONSOLIDADAS;12;ALBERGUE;ÁNCASH;020000;7;68;149;15,15;8,84;1,51;1,54;1,32;261;230;31;395;354;41;16
20260330;2024;09;TT;TODAS CONSOLIDADAS;12;ALBERGUE;AREQUIPA;040000;10;149;342;45,17;38;1,49;1,58;1,46;2619;686;1933;3899;1083;2816;121
20260330;2024;09;TT;TODAS CONSOLIDADAS;12;ALBERGUE;AYACUCHO;050000;1;10;20;0;0;0;0;0;0;0;0;0;0;0;0
20260330;2024;09;TT;TODAS CONSOLIDADAS;12;ALBERGUE;CAJAMARCA;060000;1;11;22;0;0;0;0;0;0;0;0;0;0;0;0
20260330;2024;09;TT;TODAS CONSOLIDADAS;12;ALBERGUE;CUSCO;080000;16;363;636;42,93;36,43;1,47;1,51;1,47;4730;74;4656;6950;112;6838;98
20260330;2024;09;TT;TODAS CONSOLIDADAS;12;ALBERGUE;HUANCAVELICA;090000;1;14;47;15,48;7,73;2,18;2,18;0;50;50;0;109;109;0;14
20260330;2024;09;TT;TODAS CONSOLIDADAS;12;ALBERGUE;HUÁNUCO;100000;7;92;128;0;0;0;0;0;0;0;0;0;0;0;0
20260330;2024;09;TT;TODAS CONSOLIDADAS;12;ALBERGUE;ICA;110000;6;82;212;46,99;24,64;1,22;1,19;1,23;1289;518;771;1567;619;948;21
20260330;2024;09;TT;TODAS CONSOLIDADAS;12;ALBERGUE;JUNÍN;120000;1;32;104;19,58;13,43;1,45;1,41;2,45;289;278;11;419;392;27;19
20260330;2024;09;TT;TODAS CONSOLIDADAS;12;ALBERGUE;LA LIBERTAD;130000;1;15;27;45,33;33,83;1,92;1,91;2,2;143;138;5;274;263;11;4
20260330;2024;09;TT;TODAS CONSOLIDADAS;12;ALBERGUE;LIMA;150000;8;136;528;7,23;4,56;1,32;1,32;0;546;546;0;722;722;0;25
20260330;2024;09;TT;TODAS CONSOLIDADAS;12;ALBERGUE;LORETO;160000;59;798;1630;24,22;22,38;2,56;2,46;2,58;4272;514;3758;10944;1262;9682;263
20260330;2024;09;TT;TODAS CONSOLIDADAS;12;ALBERGUE;MADRE DE DIOS;170000;15;360;754;36,66;37,93;2,63;1,97;2,67;3258;156;3102;8580;307;8273;243
20260330;2024;09;TT;TODAS CONSOLIDADAS;12;ALBERGUE;PASCO;190000;23;293;853;20,92;14,66;1,45;1,44;1,97;2583;2523;60;3752;3634;118;76
20260330;2024;09;TT;TODAS CONSOLIDADAS;12;ALBERGUE;PUNO;210000;1;13;35;0;0;0;0;0;0;0;0;0;0;0;0
20260330;2024;09;TT;TODAS CONSOLIDADAS;12;ALBERGUE;SAN MARTÍN;220000;11;194;443;43,78;38,5;2,26;2,24;2,35;2263;1890;373;5117;4240;877;52
20260330;2024;09;TT;TODAS CONSOLIDADAS;12;ALBERGUE;UCAYALI;250000;5;52;146;12,44;7,69;1,96;1,86;2,34;172;137;35;337;255;82;30
20260330;2024;09;TT;TODAS CONSOLIDADAS;13;ECOLODGE;AREQUIPA;040000;1;23;51;34,06;27,84;1,21;1,32;1,2;352;19;333;426;25;401;7
20260330;2024;09;TT;TODAS CONSOLIDADAS;TT;TODAS CONSOLIDADAS;AMAZONAS;010000;447;5663;9047;17,26;13,72;1,23;1,22;1,51;34139;32757;1382;42826;40446;2380;1032
20260330;2024;09;TT;TODAS CONSOLIDADAS;TT;TODAS CONSOLIDADAS;ÁNCASH;020000;1061;13048;22614;18,11;15,43;1,24;1,22;1,47;92980;88455;4525;118819;111388;7431;1948
20260330;2024;09;TT;TODAS CONSOLIDADAS;TT;TODAS CONSOLIDADAS;APURÍMAC;030000;535;5366;8483;20,79;15,16;1,16;1,16;1,14;36081;35372;709;42652;41683;969;596
20260330;2024;09;TT;TODAS CONSOLIDADAS;TT;TODAS CONSOLIDADAS;AREQUIPA;040000;1652;18960;32966;24,76;20,93;1,53;1,51;1,59;152482;102043;50439;238261;156803;81458;3391
20260330;2024;09;TT;TODAS CONSOLIDADAS;TT;TODAS CONSOLIDADAS;AYACUCHO;050000;656;6744;11096;16,71;13,43;1,28;1,28;1,47;34553;33706;847;45943;44557;1386;891
20260330;2024;09;TT;TODAS CONSOLIDADAS;TT;TODAS CONSOLIDADAS;CAJAMARCA;060000;1088;14344;23184;15,73;11,46;1,23;1,23;1,84;70522;69489;1033;91534;89238;2296;2191
20260330;2024;09;TT;TODAS CONSOLIDADAS;TT;TODAS CONSOLIDADAS;CALLAO;070000;292;4783;8798;42,5;40,53;1,01;1,01;1,01;171124;158311;12813;176710;160662;16048;1345
20260330;2024;09;TT;TODAS CONSOLIDADAS;TT;TODAS CONSOLIDADAS;CUSCO;080000;2273;28270;51547;34,97;27,78;1,83;1,38;2,16;299495;88916;210579;530466;126127;404339;7894
20260330;2024;09;TT;TODAS CONSOLIDADAS;TT;TODAS CONSOLIDADAS;HUANCAVELICA;090000;247;2768;4265;17,73;14,19;1,1;1,1;1,24;16488;16399;89;18370;18255;115;322
20260330;2024;09;TT;TODAS CONSOLIDADAS;TT;TODAS CONSOLIDADAS;HUÁNUCO;100000;636;8711;13466;20,08;16,71;1,19;1,19;1,25;62168;61617;551;78082;77239;843;1304
20260330;2024;09;TT;TODAS CONSOLIDADAS;TT;TODAS CONSOLIDADAS;ICA;110000;1085;15643;27828;23,55;16,82;1,21;1,23;1,18;129500;95794;33706;163991;121519;42472;3592
20260330;2024;09;TT;TODAS CONSOLIDADAS;TT;TODAS CONSOLIDADAS;JUNÍN;120000;1622;17941;29895;22,25;17,37;1,16;1,16;1,87;131355;130724;631;155190;154016;1174;3294
20260330;2024;09;TT;TODAS CONSOLIDADAS;TT;TODAS CONSOLIDADAS;LA LIBERTAD;130000;1309;14199;24832;15,59;12,15;1,15;1,14;1,28;90609;85442;5167;121674;112288;9386;2291
20260330;2024;09;TT;TODAS CONSOLIDADAS;TT;TODAS CONSOLIDADAS;LAMBAYEQUE;140000;752;10951;16355;19,67;16,03;1,13;1,13;1,21;75123;72787;2336;89343;85585;3758;1934
20260330;2024;09;TT;TODAS CONSOLIDADAS;TT;TODAS CONSOLIDADAS;LIMA;150000;7756;85050;149929;23,09;21,1;1,09;1,07;1,23;2734679;2525454;209224;3140325;2727549;412776;43674
20260330;2024;09;TT;TODAS CONSOLIDADAS;TT;TODAS CONSOLIDADAS;LORETO;160000;916;9191;14894;11,7;10,34;1,83;1,81;1,86;29286;17286;12000;57532;33108;24424;1425
20260330;2024;09;TT;TODAS CONSOLIDADAS;TT;TODAS CONSOLIDADAS;MADRE DE DIOS;170000;389;5754;9763;25,47;21,26;1,44;1,3;1,95;44042;34127;9915;65676;44513;21163;1247
20260330;2024;09;TT;TODAS CONSOLIDADAS;TT;TODAS CONSOLIDADAS;MOQUEGUA;180000;298;4288;7288;20,27;14,8;1,36;1,36;1,57;23716;22953;763;34768;33415;1353;832
20260330;2024;09;TT;TODAS CONSOLIDADAS;TT;TODAS CONSOLIDADAS;PASCO;190000;472;5598;9532;20,26;16,58;1,28;1,28;1,43;37340;37075;265;49256;48823;433;1015
20260330;2024;09;TT;TODAS CONSOLIDADAS;TT;TODAS CONSOLIDADAS;PIURA;200000;1235;12815;22981;22,6;18,08;1,48;1,42;1,9;86901;76142;10759;133047;112335;20712;2722
20260330;2024;09;TT;TODAS CONSOLIDADAS;TT;TODAS CONSOLIDADAS;PUNO;210000;1016;11393;19778;22,08;18,57;1,23;1,23;1,27;97629;70874;26755;128471;87536;40935;2167
20260330;2024;09;TT;TODAS CONSOLIDADAS;TT;TODAS CONSOLIDADAS;SAN MARTÍN;220000;979;11878;19239;26,07;21,58;1,41;1,4;1,88;89865;87614;2251;136188;131531;4657;1792
20260330;2024;09;TT;TODAS CONSOLIDADAS;TT;TODAS CONSOLIDADAS;TACNA;230000;519;6386;11868;14,86;14,75;1,53;1,31;1,69;37637;16871;20766;60752;24641;36111;955
20260330;2024;09;TT;TODAS CONSOLIDADAS;TT;TODAS CONSOLIDADAS;TUMBES;240000;285;3772;7600;15,5;14,04;1,62;1,59;1,8;26217;22516;3701;51764;44085;7679;1178
20260330;2024;09;TT;TODAS CONSOLIDADAS;TT;TODAS CONSOLIDADAS;UCAYALI;250000;580;6648;10573;36,9;26,38;3,38;3,4;2,38;27925;26483;1442;85506;82145;3361;1423
20260330;2024;10;01;HOTEL;01;1 ESTRELLA;ICA;110000;8;224;386;10,35;9,63;1;1;1;1152;940;212;1152;940;212;29
20260330;2024;10;00;NO CLASIFICADO;00;NO CATEGORIZADO;AMAZONAS;010000;310;2935;4603;13,77;10,53;1,24;1,23;1,5;12115;11565;550;15031;14205;826;548
20260330;2024;10;00;NO CLASIFICADO;TT;TODAS CONSOLIDADAS;AMAZONAS;010000;310;2935;4603;13,77;10,53;1,24;1,23;1,5;12115;11565;550;15031;14205;826;548
20260330;2024;10;01;HOTEL;01;1 ESTRELLA;AMAZONAS;010000;1;20;24;0;0;0;0;0;0;0;0;0;0;0;0
20260330;2024;10;00;NO CLASIFICADO;00;NO CATEGORIZADO;ÁNCASH;020000;746;6423;10823;16,21;14,53;1,22;1,2;1,51;40083;37801;2282;48786;45331;3456;758
20260330;2024;10;00;NO CLASIFICADO;TT;TODAS CONSOLIDADAS;ÁNCASH;020000;746;6423;10823;16,21;14,53;1,22;1,2;1,51;40083;37801;2282;48786;45331;3456;758
20260330;2024;10;01;HOTEL;01;1 ESTRELLA;ÁNCASH;020000;14;400;625;14,56;12,42;1,29;1,29;0;1858;1858;0;2406;2406;0;54
20260330;2024;10;00;NO CLASIFICADO;00;NO CATEGORIZADO;APURÍMAC;030000;503;4450;6994;18,32;13,79;1,18;1,17;1,45;25376;24928;448;29907;29258;649;437
20260330;2024;10;00;NO CLASIFICADO;TT;TODAS CONSOLIDADAS;APURÍMAC;030000;503;4450;6994;18,32;13,79;1,18;1,17;1,45;25376;24928;448;29907;29258;649;437
20260330;2024;10;01;HOTEL;01;1 ESTRELLA;APURÍMAC;030000;2;77;119;37,62;31,66;1,08;1,08;0;1084;1084;0;1168;1168;0;9
20260330;2024;10;00;NO CLASIFICADO;00;NO CATEGORIZADO;AREQUIPA;040000;1274;10791;18305;20,36;17,56;1,63;1,59;1,73;61232;44827;16405;99661;71344;28317;1271
20260330;2024;10;00;NO CLASIFICADO;TT;TODAS CONSOLIDADAS;AREQUIPA;040000;1274;10791;18305;20,36;17,56;1,63;1,59;1,73;61232;44827;16405;99661;71344;28317;1271
20260330;2024;10;01;HOTEL;01;1 ESTRELLA;AREQUIPA;040000;7;239;401;26,16;23,66;1,1;1,1;1,6;2677;2667;10;2941;2925;16;40
20260330;2024;10;00;NO CLASIFICADO;00;NO CATEGORIZADO;AYACUCHO;050000;602;5613;9063;17,55;13,81;1,2;1,19;1,5;32398;31832;566;38803;37952;851;669
20260330;2024;10;00;NO CLASIFICADO;TT;TODAS CONSOLIDADAS;AYACUCHO;050000;602;5613;9063;17,55;13,81;1,2;1,19;1,5;32398;31832;566;38803;37952;851;669
20260330;2024;10;01;HOTEL;01;1 ESTRELLA;AYACUCHO;050000;8;200;353;14,77;11,41;1,64;1,64;1;762;760;2;1249;1247;2;39
20260330;2024;10;00;NO CLASIFICADO;00;NO CATEGORIZADO;CAJAMARCA;060000;734;6455;10301;12,11;8,9;1,21;1,21;1,24;23523;23425;98;28415;28293;122;666
20260330;2024;10;00;NO CLASIFICADO;TT;TODAS CONSOLIDADAS;CAJAMARCA;060000;734;6455;10301;12,11;8,9;1,21;1,21;1,24;23523;23425;98;28415;28293;122;666
20260330;2024;10;01;HOTEL;01;1 ESTRELLA;CAJAMARCA;060000;6;153;277;9,47;7,28;1,49;1,5;1,17;419;413;6;625;618;7;26
20260330;2024;10;00;NO CLASIFICADO;00;NO CATEGORIZADO;CALLAO;070000;271;3733;6987;39,92;38,85;1;1;1,1;146037;144966;1071;146731;145552;1179;1071
20260330;2024;10;00;NO CLASIFICADO;00;NO CATEGORIZADO;CUSCO;080000;1985;18919;33633;24,6;22,09;1,72;1,39;1,96;134208;57563;76645;230268;80090;150178;3625
20260330;2024;10;00;NO CLASIFICADO;TT;TODAS CONSOLIDADAS;CUSCO;080000;1985;18919;33633;24,6;22,09;1,72;1,39;1,96;134208;57563;76645;230268;80090;150178;3625
20260330;2024;10;01;HOTEL;01;1 ESTRELLA;CUSCO;080000;4;118;193;18,48;23,78;1,65;1,65;0;860;860;0;1423;1423;0;19
20260330;2024;10;00;NO CLASIFICADO;00;NO CATEGORIZADO;HUANCAVELICA;090000;239;2542;3868;15,95;13,02;1,09;1,08;1,16;14393;14344;49;15618;15561;57;282
20260330;2024;10;00;NO CLASIFICADO;TT;TODAS CONSOLIDADAS;HUANCAVELICA;090000;239;2542;3868;15,95;13,02;1,09;1,08;1,16;14393;14344;49;15618;15561;57;282
20260330;2024;10;00;NO CLASIFICADO;00;NO CATEGORIZADO;HUÁNUCO;100000;495;5213;7833;19,07;14,82;1,17;1,17;1,32;30862;30755;107;35997;35856;141;643
20260330;2024;10;01;HOTEL;01;1 ESTRELLA;HUÁNUCO;100000;8;241;369;37,38;30,05;1,11;1,11;0;3101;3101;0;3437;3437;0;34
20260330;2024;10;00;NO CLASIFICADO;00;NO CATEGORIZADO;ICA;110000;787;7858;13214;26,54;19,03;1,38;1,45;1,14;56362;43783;12579;77936;63549;14387;1423
20260330;2024;10;00;NO CLASIFICADO;TT;TODAS CONSOLIDADAS;ICA;110000;787;7858;13214;26,54;19,03;1,38;1,45;1,14;56362;43783;12579;77936;63549;14387;1423
20260330;2024;10;00;NO CLASIFICADO;00;NO CATEGORIZADO;JUNÍN;120000;1518;15289;24888;21,61;17,11;1,18;1,17;2,43;112176;111620;556;132022;130672;1350;2744
20260330;2024;10;00;NO CLASIFICADO;TT;TODAS CONSOLIDADAS;JUNÍN;120000;1518;15289;24888;21,61;17,11;1,18;1,17;2,43;112176;111620;556;132022;130672;1350;2744
20260330;2024;10;00;NO CLASIFICADO;00;NO CATEGORIZADO;LA LIBERTAD;130000;999;7407;12394;11,7;9,26;1,1;1,1;1,18;32294;31120;1174;35581;34201;1380;698
20260330;2024;10;00;NO CLASIFICADO;TT;TODAS CONSOLIDADAS;LA LIBERTAD;130000;999;7407;12394;11,7;9,26;1,1;1,1;1,18;32294;31120;1174;35581;34201;1380;698
20260330;2024;10;00;NO CLASIFICADO;00;NO CATEGORIZADO;LAMBAYEQUE;140000;451;4468;6476;18,02;14,62;1,06;1,06;1,13;27620;27042;578;29360;28708;652;540
20260330;2024;10;00;NO CLASIFICADO;TT;TODAS CONSOLIDADAS;LAMBAYEQUE;140000;451;4468;6476;18,02;14,62;1,06;1,06;1,13;27620;27042;578;29360;28708;652;540
20260330;2024;10;00;NO CLASIFICADO;00;NO CATEGORIZADO;LIMA;150000;7143;55542;95262;21,79;19,64;1,06;1,05;1,11;2389276;2339736;49540;2522055;2467042;55013;34102
20260330;2024;10;00;NO CLASIFICADO;TT;TODAS CONSOLIDADAS;LIMA;150000;7143;55542;95262;21,79;19,64;1,06;1,05;1,11;2389276;2339736;49540;2522055;2467042;55013;34102
20260330;2024;10;00;NO CLASIFICADO;00;NO CATEGORIZADO;LORETO;160000;795;6815;10656;9,44;8,78;1,66;1,64;1,7;17458;11192;6266;29001;18337;10664;694
20260330;2024;10;00;NO CLASIFICADO;TT;TODAS CONSOLIDADAS;LORETO;160000;795;6815;10656;9,44;8,78;1,66;1,64;1,7;17458;11192;6266;29001;18337;10664;694
20260330;2024;10;00;NO CLASIFICADO;00;NO CATEGORIZADO;MADRE DE DIOS;170000;344;4448;7450;26,21;20,34;1,37;1,2;2,08;34220;27620;6600;46975;33255;13720;818
20260330;2024;10;00;NO CLASIFICADO;TT;TODAS CONSOLIDADAS;MADRE DE DIOS;170000;344;4448;7450;26,21;20,34;1,37;1,2;2,08;34220;27620;6600;46975;33255;13720;818
20260330;2024;10;00;NO CLASIFICADO;00;NO CATEGORIZADO;MOQUEGUA;180000;165;1660;2812;20,77;17,22;1,28;1,28;1,03;11717;11680;37;15012;14974;38;222
20260330;2024;10;00;NO CLASIFICADO;TT;TODAS CONSOLIDADAS;MOQUEGUA;180000;165;1660;2812;20,77;17,22;1,28;1,28;1,03;11717;11680;37;15012;14974;38;222
20260330;2024;10;00;NO CLASIFICADO;00;NO CATEGORIZADO;PASCO;190000;390;4070;6572;21,97;18,66;1,31;1,31;1,81;28985;28705;280;38023;37516;507;751
20260330;2024;10;00;NO CLASIFICADO;TT;TODAS CONSOLIDADAS;PASCO;190000;390;4070;6572;21,97;18,66;1,31;1,31;1,81;28985;28705;280;38023;37516;507;751
20260330;2024;10;00;NO CLASIFICADO;00;NO CATEGORIZADO;PIURA;200000;1161;10584;19067;28,48;20,87;1,53;1,47;2,08;80717;72584;8133;123346;106434;16912;2082
20260330;2024;10;00;NO CLASIFICADO;TT;TODAS CONSOLIDADAS;PIURA;200000;1161;10584;19067;28,48;20,87;1,53;1,47;2,08;80717;72584;8133;123346;106434;16912;2082
20260330;2024;10;00;NO CLASIFICADO;00;NO CATEGORIZADO;PUNO;210000;838;7406;12445;21,26;17,87;1,23;1,23;1,3;55969;53124;2845;68932;65224;3708;1340
20260330;2024;10;00;NO CLASIFICADO;TT;TODAS CONSOLIDADAS;PUNO;210000;838;7406;12445;21,26;17,87;1,23;1,23;1,3;55969;53124;2845;68932;65224;3708;1340
20260330;2024;10;00;NO CLASIFICADO;00;NO CATEGORIZADO;SAN MARTÍN;220000;875;9270;14654;23,85;19,73;1,37;1,37;1,59;65364;64511;853;89613;88254;1359;1141
20260330;2024;10;00;NO CLASIFICADO;TT;TODAS CONSOLIDADAS;SAN MARTÍN;220000;875;9270;14654;23,85;19,73;1,37;1,37;1,59;65364;64511;853;89613;88254;1359;1141
20260330;2024;10;00;NO CLASIFICADO;00;NO CATEGORIZADO;TACNA;230000;430;4052;7245;8,58;8,33;1,26;1,21;1,37;14855;9933;4922;18716;11970;6746;455
20260330;2024;10;00;NO CLASIFICADO;TT;TODAS CONSOLIDADAS;TACNA;230000;430;4052;7245;8,58;8,33;1,26;1,21;1,37;14855;9933;4922;18716;11970;6746;455
20260330;2024;10;00;NO CLASIFICADO;00;NO CATEGORIZADO;TUMBES;240000;250;2429;4629;16,37;13,19;1,51;1,49;1,65;12549;11068;1481;18921;16480;2441;325
20260330;2024;10;00;NO CLASIFICADO;00;NO CATEGORIZADO;UCAYALI;250000;547;5423;8389;35,72;25,62;3,44;3,47;2,22;19396;18874;522;66629;65470;1159;986
20260330;2024;10;00;NO CLASIFICADO;TT;TODAS CONSOLIDADAS;UCAYALI;250000;547;5423;8389;35,72;25,62;3,44;3,47;2,22;19396;18874;522;66629;65470;1159;986
20260330;2024;10;00;NO CLASIFICADO;TT;TODAS CONSOLIDADAS;CALLAO;070000;271;3733;6987;39,92;38,85;1;1;1,1;146037;144966;1071;146731;145552;1179;1071
20260330;2024;10;00;NO CLASIFICADO;TT;TODAS CONSOLIDADAS;HUÁNUCO;100000;495;5213;7833;19,07;14,82;1,17;1,17;1,32;30862;30755;107;35997;35856;141;643
20260330;2024;10;00;NO CLASIFICADO;TT;TODAS CONSOLIDADAS;TUMBES;240000;250;2429;4629;16,37;13,19;1,51;1,49;1,65;12549;11068;1481;18921;16480;2441;325
20260330;2024;10;01;HOTEL;01;1 ESTRELLA;JUNÍN;120000;5;221;475;17,31;10,33;1,36;1,36;0;1119;1119;0;1521;1521;0;22
20260330;2024;10;01;HOTEL;01;1 ESTRELLA;LA LIBERTAD;130000;4;109;202;14,35;10,95;1,36;1,36;1;506;502;4;686;682;4;17
20260330;2024;10;01;HOTEL;01;1 ESTRELLA;LAMBAYEQUE;140000;3;83;90;1,4;1,11;1;1;0;31;31;0;31;31;0;14
20260330;2024;10;01;HOTEL;01;1 ESTRELLA;LIMA;150000;12;428;752;29,95;29,1;1,04;1,04;1,08;6357;6279;78;6603;6519;84;63
20260330;2024;10;01;HOTEL;01;1 ESTRELLA;MADRE DE DIOS;170000;5;145;258;37,86;33,7;1,06;1,05;1,14;2550;2377;173;2695;2497;198;28
20260330;2024;10;01;HOTEL;01;1 ESTRELLA;MOQUEGUA;180000;2;64;128;17,09;8,82;1,11;1,11;1;316;312;4;350;346;4;9
20260330;2024;10;01;HOTEL;01;1 ESTRELLA;PASCO;190000;6;176;276;17,49;12,94;1,09;1,09;0;1014;1014;0;1107;1107;0;28
20260330;2024;10;01;HOTEL;01;1 ESTRELLA;PIURA;200000;2;40;87;0;0;0;0;0;0;0;0;0;0;0;0
20260330;2024;10;01;HOTEL;01;1 ESTRELLA;PUNO;210000;5;122;215;26,2;19,41;1,3;1,32;1,06;994;926;68;1294;1222;72;20
20260330;2024;10;01;HOTEL;01;1 ESTRELLA;SAN MARTÍN;220000;7;150;223;35,55;35,11;1,56;1,56;1;1557;1554;3;2427;2424;3;27
20260330;2024;10;01;HOTEL;01;1 ESTRELLA;TACNA;230000;3;102;211;4,3;3,44;1,48;1,48;0;152;152;0;225;225;0;12
20260330;2024;10;01;HOTEL;01;1 ESTRELLA;TUMBES;240000;2;47;100;0;0;0;0;0;0;0;0;0;0;0;0
20260330;2024;10;01;HOTEL;02;2 ESTRELLAS;AMAZONAS;010000;37;997;1611;29,62;24,66;1,23;1,23;1,54;10033;9976;57;12313;12225;88;170
20260330;2024;10;01;HOTEL;02;2 ESTRELLAS;ÁNCASH;020000;62;1644;3025;20,57;15,8;1,63;1,62;1,67;9116;8913;203;14814;14474;340;252
20260330;2024;10;01;HOTEL;02;2 ESTRELLAS;APURÍMAC;030000;7;290;496;26,18;19,97;1,13;1,13;1,21;2709;2695;14;3071;3054;17;28
20260330;2024;10;01;HOTEL;02;2 ESTRELLAS;AREQUIPA;040000;43;1208;2134;22,98;19,63;1,54;1,54;1,47;8458;7792;666;12984;12008;976;200
20260330;2024;10;01;HOTEL;02;2 ESTRELLAS;AYACUCHO;050000;8;328;569;27,81;18,91;1,76;1,76;1,61;1900;1839;61;3335;3237;98;54
20260330;2024;10;01;HOTEL;02;2 ESTRELLAS;CAJAMARCA;060000;66;1812;2890;27,79;20,08;1,15;1,15;1,06;15605;15540;65;17989;17920;69;260
20260330;2024;10;01;HOTEL;02;2 ESTRELLAS;CALLAO;070000;1;40;67;22,82;23,64;1,14;1,06;1,2;430;178;252;491;189;302;6
20260330;2024;10;01;HOTEL;02;2 ESTRELLAS;CUSCO;080000;48;1214;2252;30,73;27,8;1,63;1,47;1,74;11877;4567;7310;19408;6692;12716;389
20260330;2024;10;01;HOTEL;02;2 ESTRELLAS;HUANCAVELICA;090000;2;40;69;56,77;52,55;1,85;1,85;0;609;609;0;1124;1124;0;9
20260330;2024;10;01;HOTEL;02;2 ESTRELLAS;HUÁNUCO;100000;54;1657;2615;37,86;30,81;1,37;1,37;1,19;18275;18254;21;24977;24952;25;266
20260330;2024;10;01;HOTEL;02;2 ESTRELLAS;ICA;110000;54;1548;2718;20,98;15,59;1,1;1,11;1,05;11906;11498;408;13140;12712;428;238
20260330;2024;10;01;HOTEL;02;2 ESTRELLAS;JUNÍN;120000;29;885;1589;24,51;18,26;1,5;1,48;3,06;5980;5877;103;8993;8678;315;137
20260330;2024;10;01;HOTEL;02;2 ESTRELLAS;LA LIBERTAD;130000;20;491;866;16,67;14,42;1,69;1,7;1,67;2288;1858;430;3872;3156;716;93
20260330;2024;10;01;HOTEL;02;2 ESTRELLAS;LAMBAYEQUE;140000;71;2067;3033;18,04;14,85;1,1;1,1;1,3;12641;12529;112;13961;13815;146;306
20260330;2024;10;01;HOTEL;02;2 ESTRELLAS;LIMA;150000;123;5451;10283;31,38;25,1;1,18;1,16;1,61;88285;84711;3574;103913;98143;5770;1127
20260330;2024;10;01;HOTEL;02;2 ESTRELLAS;LORETO;160000;9;212;354;17,89;13,84;1,48;1,44;1,84;1026;932;94;1519;1346;173;38
20260330;2024;10;01;HOTEL;02;2 ESTRELLAS;MADRE DE DIOS;170000;9;244;438;51,45;38,99;1,68;1,7;1,49;3151;2891;260;5294;4906;388;47
20260330;2024;10;01;HOTEL;02;2 ESTRELLAS;MOQUEGUA;180000;26;644;1097;29,28;22,14;1,95;1,95;1,92;3865;3593;272;7528;7006;522;128
20260330;2024;10;01;HOTEL;02;2 ESTRELLAS;PASCO;190000;6;191;364;45,9;39,81;1,38;1,38;1;3251;3249;2;4492;4490;2;32
20260330;2024;10;01;HOTEL;02;2 ESTRELLAS;PIURA;200000;17;414;686;29,9;23,26;1,97;1,97;1,91;2507;2433;74;4946;4805;141;80
20260330;2024;10;01;HOTEL;02;2 ESTRELLAS;PUNO;210000;32;748;1312;17,89;13,56;1,27;1,22;1,65;4351;3861;490;5514;4705;809;105
20260330;2024;10;01;HOTEL;02;2 ESTRELLAS;SAN MARTÍN;220000;28;773;1348;48,02;44,78;2,05;2,04;2,25;9131;8877;254;18714;18142;572;146
20260330;2024;10;01;HOTEL;02;2 ESTRELLAS;TACNA;230000;32;910;1774;24,82;21,05;1,52;1,51;1,52;7628;4324;3304;11578;6547;5031;172
20260330;2024;10;01;HOTEL;02;2 ESTRELLAS;TUMBES;240000;6;171;306;17;9,62;2,08;2,08;0;438;438;0;913;913;0;35
20260330;2024;10;01;HOTEL;02;2 ESTRELLAS;UCAYALI;250000;1;30;53;4,52;2,56;1;1;1;42;40;2;42;40;2;6
20260330;2024;10;01;HOTEL;03;3 ESTRELLAS;AMAZONAS;010000;17;420;724;20,04;17,21;1,29;1,25;1,87;2997;2803;194;3863;3500;363;99
20260330;2024;10;01;HOTEL;03;3 ESTRELLAS;ÁNCASH;020000;42;1423;2587;26,27;19,68;1,66;1,59;2,3;9507;8547;960;15785;13576;2209;322
20260330;2024;10;01;HOTEL;03;3 ESTRELLAS;APURÍMAC;030000;5;178;298;50,11;49,26;2,09;2,16;1,47;2178;1963;215;4551;4236;315;46
20260330;2024;10;01;HOTEL;03;3 ESTRELLAS;AREQUIPA;040000;72;2125;3987;50,52;41,97;1,84;2,13;1,61;28173;12594;15579;51879;26862;25017;603
20260330;2024;10;01;HOTEL;03;3 ESTRELLAS;AYACUCHO;050000;7;190;351;20,58;18,11;1,82;1,81;1,89;1082;982;100;1971;1782;189;48
20260330;2024;10;01;HOTEL;03;3 ESTRELLAS;CAJAMARCA;060000;70;2180;3668;15,4;12,03;1,69;1,69;1,79;8086;7823;263;13676;13206;470;399
20260330;2024;10;01;HOTEL;03;3 ESTRELLAS;CALLAO;070000;4;233;391;28,71;29,77;1,2;1,15;1,33;3003;2089;914;3608;2392;1216;49
20260330;2024;10;01;HOTEL;03;3 ESTRELLAS;CUSCO;080000;92;3278;6441;58,85;51,17;1,68;1,68;1,68;60955;12428;48527;102175;20824;81351;1129
20260330;2024;10;01;HOTEL;03;3 ESTRELLAS;HUANCAVELICA;090000;2;65;108;14,94;9,92;1,44;1,44;2;230;227;3;332;326;6;10
20260330;2024;10;01;HOTEL;03;3 ESTRELLAS;HUÁNUCO;100000;18;648;1177;31,04;25,38;1,45;1,43;1,95;6387;6196;191;9260;8888;372;160
20260330;2024;10;01;HOTEL;03;3 ESTRELLAS;ICA;110000;69;2346;4559;46,81;36,03;1,47;1,54;1,3;34626;24100;10526;50923;37218;13705;534
20260330;2024;10;01;HOTEL;03;3 ESTRELLAS;JUNÍN;120000;20;760;1455;21,96;16,88;1,75;1,75;2,08;4346;4266;80;7615;7449;166;197
20260330;2024;10;01;HOTEL;03;3 ESTRELLAS;LA LIBERTAD;130000;73;2142;4097;33,56;26,28;1,78;1,74;2,32;18756;17409;1347;33379;30256;3123;549
20260330;2024;10;01;HOTEL;03;3 ESTRELLAS;LAMBAYEQUE;140000;37;1201;2023;28,94;24,43;1,34;1,34;1,46;11431;10974;457;15323;14655;668;238
20260330;2024;10;01;HOTEL;03;3 ESTRELLAS;LIMA;150000;161;8423;16084;48,13;41,16;1,79;1,49;2,14;114531;61459;53072;205207;91492;113715;2210
20260330;2024;10;01;HOTEL;03;3 ESTRELLAS;LORETO;160000;27;791;1359;33,42;30,49;2,24;2,3;2,01;5737;4552;1185;12845;10466;2379;242
20260330;2024;10;01;HOTEL;03;3 ESTRELLAS;MADRE DE DIOS;170000;5;202;377;36,12;35,99;1,95;2,1;1,58;2161;1538;623;4206;3223;983;54
20260330;2024;10;01;HOTEL;03;3 ESTRELLAS;MOQUEGUA;180000;12;381;630;26,88;18,41;1,45;1,45;1,55;2478;2395;83;3596;3467;129;86
20260330;2024;10;01;HOTEL;03;3 ESTRELLAS;PASCO;190000;5;106;182;18,53;23,84;1,47;1,47;0;918;918;0;1345;1345;0;13
20260330;2024;10;01;HOTEL;03;3 ESTRELLAS;PIURA;200000;20;717;1202;43,53;34,59;1,65;1,59;2,15;7815;6922;893;12889;10973;1916;210
20260330;2024;10;01;HOTEL;03;3 ESTRELLAS;PUNO;210000;28;885;1721;44,29;36,34;1,52;1,53;1,51;12792;3281;9511;19388;5022;14366;188
20260330;2024;10;01;HOTEL;03;3 ESTRELLAS;SAN MARTÍN;220000;27;970;1704;45,74;44,2;2,36;2,36;2,28;9898;9732;166;23348;22970;378;217
20260330;2024;10;01;HOTEL;03;3 ESTRELLAS;TACNA;230000;10;397;851;31,28;25,48;1,73;1,65;1,79;3892;1769;2123;6722;2924;3798;102
20260330;2024;10;01;HOTEL;03;3 ESTRELLAS;TUMBES;240000;9;282;565;45,44;42,08;2,95;2,97;2,82;2498;2120;378;7371;6305;1066;124
20260330;2024;10;01;HOTEL;03;3 ESTRELLAS;UCAYALI;250000;15;541;903;31,55;25,65;2,08;2,06;2,31;3452;3198;254;7180;6593;587;130
20260330;2024;10;01;HOTEL;04;4 ESTRELLAS;APURÍMAC;030000;1;32;56;32,96;18,84;1,68;1,69;1,57;195;174;21;327;294;33;13
20260330;2024;10;01;HOTEL;04;4 ESTRELLAS;AREQUIPA;040000;11;558;1066;60,95;54,71;1,91;2,09;1,8;9481;3546;5935;18081;7422;10659;260
20260330;2024;10;01;HOTEL;04;4 ESTRELLAS;CAJAMARCA;060000;4;214;379;57,75;53;2,06;2,06;2,08;3022;2757;265;6227;5676;551;155
20260330;2024;10;01;HOTEL;04;4 ESTRELLAS;CALLAO;070000;2;371;599;98,35;81,75;1,24;1,22;1,25;12210;1798;10412;15180;2187;12993;130
20260330;2024;10;01;HOTEL;04;4 ESTRELLAS;CUSCO;080000;20;1580;3139;81,45;73,64;1,69;1,77;1,68;42360;4655;37705;71655;8237;63418;995
20260330;2024;10;01;HOTEL;04;4 ESTRELLAS;HUÁNUCO;100000;1;60;101;45,86;35,84;1,65;1,28;5,89;680;626;54;1122;804;318;31
20260330;2024;10;01;HOTEL;04;4 ESTRELLAS;ICA;110000;7;707;1488;45,45;49,73;1,73;1,9;1,29;13283;9465;3818;22940;18013;4927;326
20260330;2024;10;01;HOTEL;04;4 ESTRELLAS;JUNÍN;120000;1;40;82;24,03;30,45;1,66;1,61;3,27;466;451;15;774;725;49;17
20260330;2024;10;01;HOTEL;04;4 ESTRELLAS;LA LIBERTAD;130000;4;318;546;48,04;46,22;2,09;1,89;2,81;3735;2914;821;7823;5515;2308;129
20260330;2024;10;01;HOTEL;04;4 ESTRELLAS;LAMBAYEQUE;140000;5;359;618;58,28;51,17;1,53;1,5;1,75;6398;5488;910;9804;8212;1592;283
20260330;2024;10;01;HOTEL;04;4 ESTRELLAS;LIMA;150000;44;4331;7839;59,5;54,55;2,18;1,72;2,34;60778;15812;44966;132563;27128;105435;1624
20260330;2024;10;01;HOTEL;04;4 ESTRELLAS;LORETO;160000;3;136;203;44,88;42,95;2,19;2,24;1,97;1236;1006;230;2703;2250;453;83
20260330;2024;10;01;HOTEL;04;4 ESTRELLAS;MOQUEGUA;180000;2;123;234;56,2;48,4;3,71;3,86;2,99;947;784;163;3511;3024;487;60
20260330;2024;10;01;HOTEL;04;4 ESTRELLAS;PIURA;200000;5;455;824;51,03;38,98;2,17;1,94;3,08;4596;3699;897;9956;7193;2763;177
20260330;2024;10;01;HOTEL;04;4 ESTRELLAS;PUNO;210000;8;508;961;63,8;57,78;1,67;1,75;1,67;10281;1000;9281;17212;1752;15460;199
20260330;2024;10;01;HOTEL;04;4 ESTRELLAS;SAN MARTÍN;220000;1;58;90;67,13;74,52;3,14;3,15;1,33;663;657;6;2079;2071;8;20
20260330;2024;10;01;HOTEL;04;4 ESTRELLAS;TACNA;230000;2;200;391;31,45;28,15;1,73;1,65;1,81;1968;955;1013;3412;1579;1833;68
20260330;2024;10;01;HOTEL;04;4 ESTRELLAS;TUMBES;240000;5;265;520;35,26;41,09;2,27;2,45;1,46;2916;2393;523;6623;5862;761;161
20260330;2024;10;01;HOTEL;04;4 ESTRELLAS;UCAYALI;250000;5;289;515;49,84;40,4;2,25;2,21;2,46;2861;2304;557;6450;5082;1368;120
20260330;2024;10;01;HOTEL;05;5 ESTRELLAS;AREQUIPA;040000;3;241;352;72,17;74,3;2,18;2,28;2,05;3727;2027;1700;8108;4617;3491;184
20260330;2024;10;01;HOTEL;05;5 ESTRELLAS;CUSCO;080000;15;1283;2519;73,53;68,9;1,69;1,94;1,66;31896;3011;28885;53802;5845;47957;1350
20260330;2024;10;01;HOTEL;05;5 ESTRELLAS;ICA;110000;5;546;1326;56,57;52,06;1,81;1,83;1,75;11827;8892;2935;21401;16268;5133;545
20260330;2024;10;01;HOTEL;05;5 ESTRELLAS;LA LIBERTAD;130000;2;267;450;47,26;43,82;1,84;1,72;2,41;3320;2749;571;6113;4736;1377;188
20260330;2024;10;01;HOTEL;05;5 ESTRELLAS;LIMA;150000;27;4807;8379;59,03;45,29;2,42;1,69;2,64;48667;11233;37434;117629;18954;98675;3575
20260330;2024;10;01;HOTEL;05;5 ESTRELLAS;LORETO;160000;1;60;88;60,86;67,96;1,55;1,58;1,51;1200;609;591;1854;963;891;54
20260330;2024;10;01;HOTEL;05;5 ESTRELLAS;PIURA;200000;1;83;166;73,38;52,95;1,9;1,66;2,48;1437;1022;415;2725;1694;1031;82
20260330;2024;10;01;HOTEL;05;5 ESTRELLAS;PUNO;210000;1;123;231;67,03;102,93;1,65;1,82;1,64;4460;281;4179;7371;512;6859;32
20260330;2024;10;01;HOTEL;05;5 ESTRELLAS;SAN MARTÍN;220000;1;50;108;52,26;71,03;1,74;1,73;2,5;1363;1339;24;2378;2318;60;63
20260330;2024;10;01;HOTEL;05;5 ESTRELLAS;UCAYALI;250000;2;162;298;49,28;41,07;2,09;2,09;2,13;1814;1561;253;3794;3255;539;123
20260330;2024;10;01;HOTEL;TT;TODAS CONSOLIDADAS;AMAZONAS;010000;55;1437;2359;26,41;22,12;1,24;1,23;1,8;13030;12779;251;16176;15725;451;269
20260330;2024;10;01;HOTEL;TT;TODAS CONSOLIDADAS;ÁNCASH;020000;118;3467;6237;22,22;17,07;1,61;1,58;2,19;20481;19318;1163;33005;30456;2549;628
20260330;2024;10;01;HOTEL;TT;TODAS CONSOLIDADAS;APURÍMAC;030000;15;577;969;35,47;30,35;1,48;1,48;1,46;6166;5916;250;9117;8752;365;96
20260330;2024;10;01;HOTEL;TT;TODAS CONSOLIDADAS;AREQUIPA;040000;136;4371;7940;44,1;38,19;1,79;1,88;1,68;52516;28626;23890;93993;53834;40159;1287
20260330;2024;10;01;HOTEL;TT;TODAS CONSOLIDADAS;AYACUCHO;050000;23;718;1273;22,27;16,61;1,75;1,75;1,77;3744;3581;163;6555;6266;289;141
20260330;2024;10;01;HOTEL;TT;TODAS CONSOLIDADAS;CAJAMARCA;060000;146;4359;7214;22,42;17,22;1,42;1,41;1,83;27132;26533;599;38517;37420;1097;840
20260330;2024;10;01;HOTEL;TT;TODAS CONSOLIDADAS;CALLAO;070000;7;644;1057;68,46;58,84;1,23;1,17;1,25;15643;4065;11578;19279;4768;14511;185
20260330;2024;10;01;HOTEL;TT;TODAS CONSOLIDADAS;CUSCO;080000;179;7473;14544;60,95;55,11;1,68;1,69;1,68;147948;25521;122427;248463;43021;205442;3882
20260330;2024;10;01;HOTEL;TT;TODAS CONSOLIDADAS;HUANCAVELICA;090000;4;105;177;30,88;26,54;1,74;1,73;2;839;836;3;1456;1450;6;19
20260330;2024;10;01;HOTEL;TT;TODAS CONSOLIDADAS;HUÁNUCO;100000;81;2606;4262;36,31;29,36;1,36;1,35;2,69;28443;28177;266;38796;38081;715;491
20260330;2024;10;01;HOTEL;TT;TODAS CONSOLIDADAS;ICA;110000;143;5371;10477;38,66;33,73;1,51;1,55;1,36;72794;54895;17899;109556;85151;24405;1672
20260330;2024;10;01;HOTEL;TT;TODAS CONSOLIDADAS;JUNÍN;120000;55;1906;3601;22,65;16,93;1,59;1,57;2,68;11911;11713;198;18903;18373;530;373
20260330;2024;10;01;HOTEL;TT;TODAS CONSOLIDADAS;LA LIBERTAD;130000;103;3327;6161;32,92;27,16;1,81;1,74;2,37;28605;25432;3173;51873;44345;7528;976
20260330;2024;10;01;HOTEL;TT;TODAS CONSOLIDADAS;LAMBAYEQUE;140000;116;3710;5764;25,09;21,89;1,28;1,27;1,63;30501;29022;1479;39119;36713;2406;841
20260330;2024;10;01;HOTEL;TT;TODAS CONSOLIDADAS;LIMA;150000;367;23440;43337;50,73;42,22;1,9;1,43;2,34;334931;162030;172901;635711;231591;404120;10006
20260330;2024;10;01;HOTEL;TT;TODAS CONSOLIDADAS;LORETO;160000;40;1199;2004;33,34;30,46;2,06;2,12;1,86;9199;7099;2100;18921;15025;3896;417
20260330;2024;10;01;HOTEL;TT;TODAS CONSOLIDADAS;MADRE DE DIOS;170000;19;591;1073;42,88;36,66;1,55;1,56;1,49;7862;6806;1056;12195;10626;1569;129
20260330;2024;10;01;HOTEL;TT;TODAS CONSOLIDADAS;PASCO;190000;17;473;822;29,2;27,25;1,34;1,34;1;5183;5181;2;6944;6942;2;73
20260330;2024;10;01;HOTEL;TT;TODAS CONSOLIDADAS;PIURA;200000;45;1709;2965;42,66;33,2;1,87;1,75;2,57;16355;14076;2279;30516;24665;5851;549
20260330;2024;10;01;HOTEL;TT;TODAS CONSOLIDADAS;PUNO;210000;74;2386;4440;40,42;36,89;1,54;1,41;1,6;32878;9349;23529;50779;13213;37566;544
20260330;2024;10;01;HOTEL;TT;TODAS CONSOLIDADAS;SAN MARTÍN;220000;64;2001;3473;46,64;45,46;2,16;2,16;2,25;22612;22159;453;48946;47925;1021;473
20260330;2024;10;01;HOTEL;TT;TODAS CONSOLIDADAS;TACNA;230000;47;1609;3227;25,94;21,93;1,61;1,57;1,66;13640;7200;6440;21937;11275;10662;354
20260330;2024;10;01;HOTEL;TT;TODAS CONSOLIDADAS;TUMBES;240000;22;765;1491;32,76;32,25;2,55;2,64;2,03;5852;4951;901;14907;13080;1827;320
20260330;2024;10;01;HOTEL;TT;TODAS CONSOLIDADAS;UCAYALI;250000;23;1022;1769;38,74;31,85;2,14;2,11;2,34;8169;7103;1066;17466;14970;2496;379
20260330;2024;10;02;APART HOTEL;03;3 ESTRELLAS;ÁNCASH;020000;2;16;44;22,18;22,21;2,75;2,75;0;110;110;0;303;303;0;4
20260330;2024;10;02;APART HOTEL;03;3 ESTRELLAS;APURÍMAC;030000;1;21;30;87,4;78,06;1,86;1,9;1,42;391;358;33;726;679;47;11
20260330;2024;10;02;APART HOTEL;03;3 ESTRELLAS;AREQUIPA;040000;1;19;35;3,57;3,04;1,5;1,5;1,5;22;18;4;33;27;6;5
20260330;2024;10;02;APART HOTEL;03;3 ESTRELLAS;CAJAMARCA;060000;2;13;24;0;0;0;0;0;0;0;0;0;0;0;0
20260330;2024;10;02;APART HOTEL;03;3 ESTRELLAS;ICA;110000;3;36;56;10,13;10,2;1;1;0;177;177;0;177;177;0;8
20260330;2024;10;02;APART HOTEL;03;3 ESTRELLAS;LIMA;150000;7;189;365;43,63;33,78;2,94;3,05;2,85;1298;626;672;3822;1910;1912;43
20260330;2024;10;02;APART HOTEL;03;3 ESTRELLAS;LORETO;160000;1;24;46;0;0;0;0;0;0;0;0;0;0;0;0
20260330;2024;10;02;APART HOTEL;03;3 ESTRELLAS;MOQUEGUA;180000;1;10;16;18,71;12,5;1,19;1,2;1;52;50;2;62;60;2;3
20260330;2024;10;02;APART HOTEL;03;3 ESTRELLAS;PASCO;190000;1;15;17;0;0;0;0;0;0;0;0;0;0;0;0
20260330;2024;10;02;APART HOTEL;03;3 ESTRELLAS;TUMBES;240000;2;19;54;0;0;0;0;0;0;0;0;0;0;0;0
20260330;2024;10;02;APART HOTEL;04;4 ESTRELLAS;LIMA;150000;8;610;1277;71,78;70,64;2,11;1,73;3,11;13242;9592;3650;27964;16629;11335;404
20260330;2024;10;02;APART HOTEL;04;4 ESTRELLAS;LORETO;160000;1;13;23;39,45;31,98;1;1;1;228;2;226;228;2;226;6
20260330;2024;10;02;APART HOTEL;04;4 ESTRELLAS;SAN MARTÍN;220000;1;24;48;81,72;92,67;2,01;2,03;1,91;685;607;78;1379;1230;149;20
20260330;2024;10;02;APART HOTEL;05;5 ESTRELLAS;LIMA;150000;4;250;435;49,19;44,81;3,17;2,43;3,44;1907;514;1393;6042;1248;4794;111
20260330;2024;10;02;APART HOTEL;TT;TODAS CONSOLIDADAS;ÁNCASH;020000;2;16;44;22,18;22,21;2,75;2,75;0;110;110;0;303;303;0;4
20260330;2024;10;02;APART HOTEL;TT;TODAS CONSOLIDADAS;APURÍMAC;030000;1;21;30;87,4;78,06;1,86;1,9;1,42;391;358;33;726;679;47;11
20260330;2024;10;02;APART HOTEL;TT;TODAS CONSOLIDADAS;AREQUIPA;040000;1;19;35;3,57;3,04;1,5;1,5;1,5;22;18;4;33;27;6;5
20260330;2024;10;02;APART HOTEL;TT;TODAS CONSOLIDADAS;CAJAMARCA;060000;2;13;24;0;0;0;0;0;0;0;0;0;0;0;0
20260330;2024;10;02;APART HOTEL;TT;TODAS CONSOLIDADAS;ICA;110000;3;36;56;10,13;10,2;1;1;0;177;177;0;177;177;0;8
20260330;2024;10;02;APART HOTEL;TT;TODAS CONSOLIDADAS;LIMA;150000;19;1049;2077;61,32;58,75;2,3;1,84;3,16;16447;10732;5715;37828;19787;18041;558
20260330;2024;10;02;APART HOTEL;TT;TODAS CONSOLIDADAS;LORETO;160000;2;37;69;13,86;10,66;1;1;1;228;2;226;228;2;226;6
20260330;2024;10;02;APART HOTEL;TT;TODAS CONSOLIDADAS;PASCO;190000;1;15;17;0;0;0;0;0;0;0;0;0;0;0;0
20260330;2024;10;02;APART HOTEL;TT;TODAS CONSOLIDADAS;SAN MARTÍN;220000;1;24;48;81,72;92,67;2,01;2,03;1,91;685;607;78;1379;1230;149;20
20260330;2024;10;02;APART HOTEL;TT;TODAS CONSOLIDADAS;TUMBES;240000;2;19;54;0;0;0;0;0;0;0;0;0;0;0;0
20260330;2024;10;03;HOSTAL;01;1 ESTRELLA;AMAZONAS;010000;18;252;372;28,11;22,33;1,06;1,06;1;2426;2422;4;2575;2571;4;46
20260330;2024;10;03;HOSTAL;01;1 ESTRELLA;ÁNCASH;020000;38;558;913;29,54;22,05;1,04;1,04;1;6019;6002;17;6241;6224;17;94
20260330;2024;10;03;HOSTAL;01;1 ESTRELLA;APURÍMAC;030000;5;109;166;28,97;31,79;1,13;1,13;1,08;1453;1428;25;1636;1609;27;14
20260330;2024;10;03;HOSTAL;01;1 ESTRELLA;AREQUIPA;040000;51;774;1183;26,76;23,18;1,07;1,07;1,09;7960;7527;433;8502;8028;474;132
20260330;2024;10;03;HOSTAL;01;1 ESTRELLA;AYACUCHO;050000;15;199;358;13,52;11,2;1,47;1,47;0;846;846;0;1243;1243;0;30
20260330;2024;10;03;HOSTAL;01;1 ESTRELLA;CAJAMARCA;060000;22;404;640;23,63;15,65;1,33;1,33;0;2337;2337;0;3104;3104;0;75
20260330;2024;10;03;HOSTAL;01;1 ESTRELLA;CALLAO;070000;8;159;301;35,11;31,28;1,01;1,01;0;3125;3125;0;3141;3141;0;25
20260330;2024;10;03;HOSTAL;01;1 ESTRELLA;CUSCO;080000;25;425;708;23,8;19,71;1,1;1,1;1,5;3948;3944;4;4327;4321;6;60
20260330;2024;10;03;HOSTAL;01;1 ESTRELLA;HUANCAVELICA;090000;2;66;94;28,25;20,9;1,01;1,01;0;605;605;0;609;609;0;5
20260330;2024;10;03;HOSTAL;01;1 ESTRELLA;HUÁNUCO;100000;26;376;557;49,38;45,53;1,54;1,54;0;5093;5093;0;7861;7861;0;65
20260330;2024;10;03;HOSTAL;01;1 ESTRELLA;ICA;110000;19;241;373;36,84;30,61;1,32;1,32;1,5;2690;2686;4;3540;3534;6;43
20260330;2024;10;03;HOSTAL;01;1 ESTRELLA;JUNÍN;120000;12;170;294;23,78;20,62;1,24;1,24;0;1521;1521;0;1879;1879;0;29
20260330;2024;10;03;HOSTAL;01;1 ESTRELLA;LA LIBERTAD;130000;24;353;624;26,77;22,75;1,47;1,47;1,29;3000;2979;21;4400;4373;27;65
20260330;2024;10;03;HOSTAL;01;1 ESTRELLA;LAMBAYEQUE;140000;15;198;273;24,76;25,5;1,03;1,03;0;2097;2097;0;2158;2158;0;39
20260330;2024;10;03;HOSTAL;01;1 ESTRELLA;LIMA;150000;78;1600;2819;23,15;21,76;1,13;1,12;1,2;21336;20244;1092;24070;22760;1310;348
20260330;2024;10;03;HOSTAL;01;1 ESTRELLA;LORETO;160000;6;106;172;19,84;15,21;1,89;1,91;1,53;428;409;19;811;782;29;24
20260330;2024;10;03;HOSTAL;01;1 ESTRELLA;MADRE DE DIOS;170000;2;53;101;13,27;7,06;1,03;1,03;0;214;214;0;221;221;0;8
20260330;2024;10;03;HOSTAL;01;1 ESTRELLA;MOQUEGUA;180000;20;286;487;20,39;16,05;1,35;1,35;1,5;1797;1765;32;2423;2375;48;54
20260330;2024;10;03;HOSTAL;01;1 ESTRELLA;PASCO;190000;22;366;543;32,48;23,19;1,04;1,04;0;3738;3738;0;3904;3904;0;60
20260330;2024;10;03;HOSTAL;01;1 ESTRELLA;PIURA;200000;3;56;81;43,03;34,81;2,05;2,08;1,23;426;413;13;874;858;16;10
20260330;2024;10;03;HOSTAL;01;1 ESTRELLA;PUNO;210000;34;510;892;19,53;15,03;1,06;1,06;1,09;3930;3769;161;4157;3981;176;76
20260330;2024;10;03;HOSTAL;01;1 ESTRELLA;SAN MARTÍN;220000;1;20;33;0;0;0;0;0;0;0;0;0;0;0;0
20260330;2024;10;03;HOSTAL;01;1 ESTRELLA;TACNA;230000;10;175;306;16,44;15,63;1,06;1,04;1,09;1399;931;468;1483;972;511;28
20260330;2024;10;03;HOSTAL;02;2 ESTRELLAS;AMAZONAS;010000;52;843;1351;21,13;18,61;1,13;1,12;1,71;6895;6788;107;7796;7613;183;142
20260330;2024;10;03;HOSTAL;02;2 ESTRELLAS;ÁNCASH;020000;129;2153;3770;32,6;29,47;1,13;1,12;1,65;30567;30385;182;34446;34145;301;377
20260330;2024;10;03;HOSTAL;02;2 ESTRELLAS;APURÍMAC;030000;7;143;221;25,45;22,35;1,18;1,18;1;1299;1285;14;1531;1517;14;20
20260330;2024;10;03;HOSTAL;02;2 ESTRELLAS;AREQUIPA;040000;129;2071;3727;33,39;28,55;1,42;1,44;1,27;23192;20808;2384;32983;29949;3034;367
20260330;2024;10;03;HOSTAL;02;2 ESTRELLAS;AYACUCHO;050000;10;133;238;28,09;28,48;2,44;2,46;2,17;860;806;54;2101;1984;117;25
20260330;2024;10;03;HOSTAL;02;2 ESTRELLAS;CAJAMARCA;060000;130;2354;3720;20,58;14,1;1,21;1,21;1,19;13446;13398;48;16265;16208;57;382
20260330;2024;10;03;HOSTAL;02;2 ESTRELLAS;CALLAO;070000;6;247;453;25,19;22,47;1,04;1,04;0;3020;3020;0;3155;3155;0;37
20260330;2024;10;03;HOSTAL;02;2 ESTRELLAS;CUSCO;080000;46;743;1316;34,49;29,44;1,66;1,57;1,84;7228;4831;2397;12012;7595;4417;126
20260330;2024;10;03;HOSTAL;02;2 ESTRELLAS;HUANCAVELICA;090000;1;44;82;15,54;12,2;1,05;1,05;0;294;294;0;310;310;0;3
20260330;2024;10;03;HOSTAL;02;2 ESTRELLAS;HUÁNUCO;100000;27;369;607;41,73;30,91;1,16;1,16;1,13;5018;4934;84;5817;5722;95;88
20260330;2024;10;03;HOSTAL;02;2 ESTRELLAS;ICA;110000;81;1226;1961;24,77;20,93;1,04;1,03;1,21;12214;11626;588;12724;12012;712;204
20260330;2024;10;03;HOSTAL;02;2 ESTRELLAS;JUNÍN;120000;26;416;801;28,04;26,8;1,23;1,23;1,67;5404;5395;9;6655;6640;15;83
20260330;2024;10;03;HOSTAL;02;2 ESTRELLAS;LA LIBERTAD;130000;122;2062;3682;19,99;18,17;1,22;1,22;1,1;17052;17000;52;20742;20685;57;361
20260330;2024;10;03;HOSTAL;02;2 ESTRELLAS;LAMBAYEQUE;140000;145;2131;3103;23,56;19,4;1,09;1,09;1;17091;16969;122;18661;18539;122;400
20260330;2024;10;03;HOSTAL;02;2 ESTRELLAS;LIMA;150000;118;2937;5369;30,92;33,24;1,44;1,31;2,32;55852;49069;6783;80202;64489;15713;704
20260330;2024;10;03;HOSTAL;02;2 ESTRELLAS;LORETO;160000;8;131;211;22,16;21,34;2,54;2,56;1,81;549;533;16;1396;1367;29;28
20260330;2024;10;03;HOSTAL;02;2 ESTRELLAS;MADRE DE DIOS;170000;6;146;214;30,89;24,69;1,24;1,22;1,66;1324;1280;44;1638;1565;73;25
20260330;2024;10;03;HOSTAL;02;2 ESTRELLAS;MOQUEGUA;180000;64;946;1525;23,19;18,09;1,74;1,75;1,3;4905;4848;57;8553;8479;74;175
20260330;2024;10;03;HOSTAL;02;2 ESTRELLAS;PASCO;190000;17;299;574;17,43;12,04;2,11;2,11;2;1017;1016;1;2143;2141;2;45
20260330;2024;10;03;HOSTAL;02;2 ESTRELLAS;PIURA;200000;24;492;845;35,14;25,45;2,1;2,09;2,57;3169;3059;110;6666;6383;283;89
20260330;2024;10;03;HOSTAL;02;2 ESTRELLAS;PUNO;210000;60;919;1732;24;17,92;1,24;1,23;1,28;7776;6336;1440;9620;7775;1845;159
20260330;2024;10;03;HOSTAL;02;2 ESTRELLAS;SAN MARTÍN;220000;23;325;518;38,41;34,41;1,63;1,61;2,72;3387;3322;65;5525;5348;177;72
20260330;2024;10;03;HOSTAL;02;2 ESTRELLAS;TACNA;230000;27;459;869;19,49;12,69;1,32;1,33;1,31;2594;867;1727;3419;1150;2269;83
20260330;2024;10;03;HOSTAL;02;2 ESTRELLAS;TUMBES;240000;5;66;131;15,54;16,35;1,78;1,78;0;373;373;0;664;664;0;21
20260330;2024;10;03;HOSTAL;02;2 ESTRELLAS;UCAYALI;250000;2;68;124;19,17;10,85;1,61;1,61;1,5;259;257;2;417;414;3;16
20260330;2024;10;03;HOSTAL;03;3 ESTRELLAS;AMAZONAS;010000;8;116;224;35,32;26,9;1,83;1,81;2;1021;895;126;1868;1616;252;29
20260330;2024;10;03;HOSTAL;03;3 ESTRELLAS;ÁNCASH;020000;20;320;612;24,55;19,1;1,58;1,54;2,51;2296;2208;88;3624;3403;221;71
20260330;2024;10;03;HOSTAL;03;3 ESTRELLAS;APURÍMAC;030000;1;24;43;47,58;26,56;2,12;2,13;1;167;165;2;354;352;2;5
20260330;2024;10;03;HOSTAL;03;3 ESTRELLAS;AREQUIPA;040000;48;769;1445;35,5;29,8;1,95;1,91;2,01;6841;4235;2606;13351;8100;5251;191
20260330;2024;10;03;HOSTAL;03;3 ESTRELLAS;AYACUCHO;050000;3;51;100;39,47;28,81;2,1;2,1;2,1;425;357;68;893;750;143;28
20260330;2024;10;03;HOSTAL;03;3 ESTRELLAS;CAJAMARCA;060000;52;796;1307;20,88;16,28;1,44;1,43;1,89;4578;4436;142;6597;6328;269;194
20260330;2024;10;03;HOSTAL;03;3 ESTRELLAS;CUSCO;080000;18;310;622;22,66;22,09;2,03;1,61;2,32;2099;850;1249;4260;1365;2895;65
20260330;2024;10;03;HOSTAL;03;3 ESTRELLAS;HUÁNUCO;100000;1;31;39;0;0;0;0;0;0;0;0;0;0;0;0
20260330;2024;10;03;HOSTAL;03;3 ESTRELLAS;ICA;110000;42;700;1321;32,44;22,04;1,27;1,25;1,3;7133;5345;1788;9024;6695;2329;152
20260330;2024;10;03;HOSTAL;03;3 ESTRELLAS;JUNÍN;120000;3;57;114;41,14;28,98;1,83;1,79;3,77;559;546;13;1024;975;49;35
20260330;2024;10;03;HOSTAL;03;3 ESTRELLAS;LA LIBERTAD;130000;46;859;1677;28,28;25,17;1,11;1,11;1,18;11820;11574;246;13085;12795;290;160
20260330;2024;10;03;HOSTAL;03;3 ESTRELLAS;LAMBAYEQUE;140000;24;349;510;32,79;28,86;1,44;1,44;1,57;3163;3114;49;4563;4486;77;78
20260330;2024;10;03;HOSTAL;03;3 ESTRELLAS;LIMA;150000;24;494;934;24,66;19,53;1,24;1,25;1,22;4552;3300;1252;5655;4124;1531;92
20260330;2024;10;03;HOSTAL;03;3 ESTRELLAS;LORETO;160000;8;133;219;29,25;24,69;2,1;2,14;1,67;799;729;70;1676;1559;117;31
20260330;2024;10;03;HOSTAL;03;3 ESTRELLAS;MADRE DE DIOS;170000;1;22;28;0;0;0;0;0;0;0;0;0;0;0;0
20260330;2024;10;03;HOSTAL;03;3 ESTRELLAS;MOQUEGUA;180000;6;162;315;10,29;8,31;2,08;2,08;2;390;375;15;811;781;30;21
20260330;2024;10;03;HOSTAL;03;3 ESTRELLAS;PASCO;190000;2;21;44;51,61;58,94;1,67;1,68;1,17;481;475;6;804;797;7;8
20260330;2024;10;03;HOSTAL;03;3 ESTRELLAS;PIURA;200000;2;36;86;20,25;18;2,62;2,59;2,74;183;148;35;480;384;96;19
20260330;2024;10;03;HOSTAL;03;3 ESTRELLAS;PUNO;210000;11;225;395;33,1;24,25;1,58;1,67;1,27;1882;1455;427;2970;2428;542;47
20260330;2024;10;03;HOSTAL;03;3 ESTRELLAS;SAN MARTÍN;220000;5;95;223;106,66;103,63;7,15;7,15;0;1002;1002;0;7164;7164;0;25
20260330;2024;10;03;HOSTAL;03;3 ESTRELLAS;TACNA;230000;4;78;178;20,1;15,89;2,19;2,08;2,27;401;176;225;877;366;511;17
20260330;2024;10;03;HOSTAL;03;3 ESTRELLAS;TUMBES;240000;3;51;102;0;0;0;0;0;0;0;0;0;0;0;0
20260330;2024;10;03;HOSTAL;03;3 ESTRELLAS;UCAYALI;250000;2;45;70;10,25;9,63;1,49;1,49;0;140;140;0;209;209;0;6
20260330;2024;10;03;HOSTAL;TT;TODAS CONSOLIDADAS;AMAZONAS;010000;78;1211;1947;23,94;20,28;1,18;1,17;1,85;10342;10105;237;12239;11800;439;217
20260330;2024;10;03;HOSTAL;TT;TODAS CONSOLIDADAS;ÁNCASH;020000;187;3031;5295;31,18;27;1,14;1,13;1,88;38882;38595;287;44311;43772;539;542
20260330;2024;10;03;HOSTAL;TT;TODAS CONSOLIDADAS;APURÍMAC;030000;13;276;430;28,76;26,41;1,21;1,21;1,05;2919;2878;41;3521;3478;43;39
20260330;2024;10;03;HOSTAL;TT;TODAS CONSOLIDADAS;AREQUIPA;040000;228;3614;6355;32,42;27,83;1,44;1,41;1,62;37993;32570;5423;54836;46077;8759;690
20260330;2024;10;03;HOSTAL;TT;TODAS CONSOLIDADAS;AYACUCHO;050000;28;383;696;22,03;19,64;1,99;1,98;2,13;2131;2009;122;4237;3977;260;83
20260330;2024;10;03;HOSTAL;TT;TODAS CONSOLIDADAS;CAJAMARCA;060000;204;3554;5667;20,99;14,78;1,28;1,27;1,72;20361;20171;190;25966;25640;326;651
20260330;2024;10;03;HOSTAL;TT;TODAS CONSOLIDADAS;CALLAO;070000;14;406;754;28,63;25,54;1,03;1,03;0;6258;6258;0;6430;6430;0;65
20260330;2024;10;03;HOSTAL;TT;TODAS CONSOLIDADAS;CUSCO;080000;89;1478;2646;28,94;25,11;1,55;1,38;2;13275;9625;3650;20599;13281;7318;251
20260330;2024;10;03;HOSTAL;TT;TODAS CONSOLIDADAS;HUANCAVELICA;090000;3;110;176;23,17;16,84;1,02;1,02;0;899;899;0;919;919;0;8
20260330;2024;10;03;HOSTAL;TT;TODAS CONSOLIDADAS;HUÁNUCO;100000;54;776;1203;43,77;36,68;1,35;1,35;1,13;10111;10027;84;13678;13583;95;153
20260330;2024;10;03;HOSTAL;TT;TODAS CONSOLIDADAS;ICA;110000;142;2167;3655;28,59;22,32;1,15;1,13;1,28;22037;19657;2380;25288;22241;3047;399
20260330;2024;10;03;HOSTAL;TT;TODAS CONSOLIDADAS;JUNÍN;120000;41;643;1209;28,07;25,5;1,28;1,27;2,91;7484;7462;22;9558;9494;64;147
20260330;2024;10;03;HOSTAL;TT;TODAS CONSOLIDADAS;LA LIBERTAD;130000;192;3274;5983;22,9;20,61;1,2;1,2;1,17;31872;31553;319;38227;37853;374;586
20260330;2024;10;03;HOSTAL;TT;TODAS CONSOLIDADAS;LAMBAYEQUE;140000;184;2678;3886;24,85;21,07;1,14;1,14;1,16;22351;22180;171;25382;25183;199;517
20260330;2024;10;03;HOSTAL;TT;TODAS CONSOLIDADAS;LIMA;150000;220;5031;9122;27,23;27,01;1,32;1,25;1,8;71820;62435;9385;95048;78167;16882;1069
20260330;2024;10;03;HOSTAL;TT;TODAS CONSOLIDADAS;LORETO;160000;22;370;602;24,05;20,81;2,19;2,22;1,67;1776;1671;105;3883;3708;175;83
20260330;2024;10;03;HOSTAL;TT;TODAS CONSOLIDADAS;MADRE DE DIOS;170000;9;221;343;23,59;17,48;1,21;1,2;1,66;1538;1494;44;1859;1786;73;33
20260330;2024;10;03;HOSTAL;TT;TODAS CONSOLIDADAS;MOQUEGUA;180000;90;1394;2327;21,12;16,34;1,66;1,66;1,46;7092;6988;104;11787;11635;152;250
20260330;2024;10;03;HOSTAL;TT;TODAS CONSOLIDADAS;PASCO;190000;41;686;1161;26,51;19,04;1,31;1,31;1,29;5236;5229;7;6851;6842;9;113
20260330;2024;10;03;HOSTAL;TT;TODAS CONSOLIDADAS;PIURA;200000;29;584;1012;34,98;25,56;2,12;2,11;2,5;3778;3620;158;8020;7625;395;118
20260330;2024;10;03;HOSTAL;TT;TODAS CONSOLIDADAS;PUNO;210000;105;1654;3019;23,86;17,89;1,23;1,23;1,26;13588;11560;2028;16747;14184;2563;282
20260330;2024;10;03;HOSTAL;TT;TODAS CONSOLIDADAS;SAN MARTÍN;220000;29;440;774;51,4;52,88;2,89;2,89;2,72;4389;4324;65;12689;12512;177;97
20260330;2024;10;03;HOSTAL;TT;TODAS CONSOLIDADAS;TACNA;230000;41;712;1353;18,81;13,78;1,32;1,26;1,36;4394;1974;2420;5779;2488;3291;128
20260330;2024;10;03;HOSTAL;TT;TODAS CONSOLIDADAS;TUMBES;240000;8;117;233;8,77;9,19;1,78;1,78;0;373;373;0;664;664;0;21
20260330;2024;10;03;HOSTAL;TT;TODAS CONSOLIDADAS;UCAYALI;250000;4;113;194;15,62;10,41;1,57;1,57;1,5;399;397;2;626;623;3;22
20260330;2024;10;05;ALBERGUE;12;ALBERGUE;AMAZONAS;010000;1;6;11;0;0;0;0;0;0;0;0;0;0;0;0
20260330;2024;10;05;ALBERGUE;12;ALBERGUE;ÁNCASH;020000;7;68;149;19,73;12,64;2,04;2,04;2,04;286;232;54;584;474;110;16
20260330;2024;10;05;ALBERGUE;12;ALBERGUE;AREQUIPA;040000;10;155;351;43,73;37,1;1,37;1,35;1,37;2955;805;2150;4037;1089;2948;121
20260330;2024;10;05;ALBERGUE;12;ALBERGUE;AYACUCHO;050000;1;10;20;0;0;0;0;0;0;0;0;0;0;0;0
20260330;2024;10;05;ALBERGUE;12;ALBERGUE;CAJAMARCA;060000;1;11;22;0;0;0;0;0;0;0;0;0;0;0;0
20260330;2024;10;05;ALBERGUE;12;ALBERGUE;CUSCO;080000;16;363;636;32,9;26,13;1,35;1,49;1,34;3830;72;3758;5152;107;5045;98
20260330;2024;10;05;ALBERGUE;12;ALBERGUE;HUANCAVELICA;090000;1;14;47;14,75;10,57;1,73;1,73;0;89;89;0;154;154;0;18
20260330;2024;10;05;ALBERGUE;12;ALBERGUE;HUÁNUCO;100000;7;92;128;0;0;0;0;0;0;0;0;0;0;0;0
20260330;2024;10;05;ALBERGUE;12;ALBERGUE;ICA;110000;6;82;212;22,93;17,57;1,37;1,33;1,42;843;469;374;1155;624;531;22
20260330;2024;10;05;ALBERGUE;12;ALBERGUE;JUNÍN;120000;1;32;104;49,7;41,35;1,88;1,88;1,92;709;696;13;1333;1308;25;20
20260330;2024;10;05;ALBERGUE;12;ALBERGUE;LA LIBERTAD;130000;1;15;27;51,61;36,56;1,99;1,96;2,33;154;142;12;306;278;28;4
20260330;2024;10;05;ALBERGUE;12;ALBERGUE;LIMA;150000;8;136;528;11,81;16,83;2,68;2,68;0;1029;1029;0;2755;2755;0;25
20260330;2024;10;05;ALBERGUE;12;ALBERGUE;LORETO;160000;64;854;1733;21,27;20,22;2,05;1,6;2,19;5308;1293;4015;10862;2067;8795;283
20260330;2024;10;05;ALBERGUE;12;ALBERGUE;MADRE DE DIOS;170000;16;380;782;44,17;42,63;2,6;2,62;2,6;3969;422;3547;10334;1105;9229;207
20260330;2024;10;05;ALBERGUE;12;ALBERGUE;PASCO;190000;21;272;718;26,92;24,72;1,41;1,4;2,12;3903;3870;33;5502;5432;70;66
20260330;2024;10;05;ALBERGUE;12;ALBERGUE;PUNO;210000;1;13;35;0;0;0;0;0;0;0;0;0;0;0;0
20260330;2024;10;05;ALBERGUE;12;ALBERGUE;SAN MARTÍN;220000;9;180;409;52,89;48,93;2,24;2,24;2,27;2770;2545;225;6204;5694;510;49
20260330;2024;10;05;ALBERGUE;12;ALBERGUE;UCAYALI;250000;5;52;146;22,08;17,94;3,76;3,65;3,93;216;132;84;812;482;330;30
20260330;2024;10;05;ALBERGUE;TT;TODAS CONSOLIDADAS;AMAZONAS;010000;1;6;11;0;0;0;0;0;0;0;0;0;0;0;0
20260330;2024;10;05;ALBERGUE;TT;TODAS CONSOLIDADAS;ÁNCASH;020000;7;68;149;19,73;12,64;2,04;2,04;2,04;286;232;54;584;474;110;16
20260330;2024;10;05;ALBERGUE;TT;TODAS CONSOLIDADAS;AREQUIPA;040000;10;155;351;43,73;37,1;1,37;1,35;1,37;2955;805;2150;4037;1089;2948;121
20260330;2024;10;05;ALBERGUE;TT;TODAS CONSOLIDADAS;AYACUCHO;050000;1;10;20;0;0;0;0;0;0;0;0;0;0;0;0
20260330;2024;10;05;ALBERGUE;TT;TODAS CONSOLIDADAS;CAJAMARCA;060000;1;11;22;0;0;0;0;0;0;0;0;0;0;0;0
20260330;2024;10;05;ALBERGUE;TT;TODAS CONSOLIDADAS;CUSCO;080000;16;363;636;32,9;26,13;1,35;1,49;1,34;3830;72;3758;5152;107;5045;98
20260330;2024;10;05;ALBERGUE;TT;TODAS CONSOLIDADAS;HUANCAVELICA;090000;1;14;47;14,75;10,57;1,73;1,73;0;89;89;0;154;154;0;18
20260330;2024;10;05;ALBERGUE;TT;TODAS CONSOLIDADAS;HUÁNUCO;100000;7;92;128;0;0;0;0;0;0;0;0;0;0;0;0
20260330;2024;10;05;ALBERGUE;TT;TODAS CONSOLIDADAS;ICA;110000;6;82;212;22,93;17,57;1,37;1,33;1,42;843;469;374;1155;624;531;22
20260330;2024;10;05;ALBERGUE;TT;TODAS CONSOLIDADAS;JUNÍN;120000;1;32;104;49,7;41,35;1,88;1,88;1,92;709;696;13;1333;1308;25;20
20260330;2024;10;05;ALBERGUE;TT;TODAS CONSOLIDADAS;LA LIBERTAD;130000;1;15;27;51,61;36,56;1,99;1,96;2,33;154;142;12;306;278;28;4
20260330;2024;10;05;ALBERGUE;TT;TODAS CONSOLIDADAS;LIMA;150000;8;136;528;11,81;16,83;2,68;2,68;0;1029;1029;0;2755;2755;0;25
20260330;2024;10;05;ALBERGUE;TT;TODAS CONSOLIDADAS;LORETO;160000;64;854;1733;21,27;20,22;2,05;1,6;2,19;5308;1293;4015;10862;2067;8795;283
20260330;2024;10;05;ALBERGUE;TT;TODAS CONSOLIDADAS;PASCO;190000;21;272;718;26,92;24,72;1,41;1,4;2,12;3903;3870;33;5502;5432;70;66
20260330;2024;10;05;ALBERGUE;TT;TODAS CONSOLIDADAS;PUNO;210000;1;13;35;0;0;0;0;0;0;0;0;0;0;0;0
20260330;2024;10;05;ALBERGUE;TT;TODAS CONSOLIDADAS;SAN MARTÍN;220000;9;180;409;52,89;48,93;2,24;2,24;2,27;2770;2545;225;6204;5694;510;49
20260330;2024;10;05;ALBERGUE;TT;TODAS CONSOLIDADAS;UCAYALI;250000;5;52;146;22,08;17,94;3,76;3,65;3,93;216;132;84;812;482;330;30
20260330;2024;10;14;RESORT;03;3 ESTRELLAS;ICA;110000;1;51;86;0;0;0;0;0;0;0;0;0;0;0;0
20260330;2024;10;14;RESORT;03;3 ESTRELLAS;TUMBES;240000;1;28;62;2,3;2,6;1,25;1,25;0;40;40;0;50;50;0;9
20260330;2024;10;14;RESORT;04;4 ESTRELLAS;TUMBES;240000;1;402;1101;80,19;69;2,38;2,38;2,43;9883;9159;724;23550;21792;1758;481
20260330;2024;10;14;RESORT;05;5 ESTRELLAS;ICA;110000;1;76;140;43,55;57,58;1,6;1,76;1,23;1560;1091;469;2499;1922;577;60
20260330;2024;10;14;RESORT;TT;TODAS CONSOLIDADAS;ICA;110000;2;127;226;26,06;35,67;1,6;1,76;1,23;1560;1091;469;2499;1922;577;60
20260330;2024;10;14;RESORT;TT;TODAS CONSOLIDADAS;TUMBES;240000;2;430;1163;75,12;65,46;2,38;2,37;2,43;9923;9199;724;23600;21842;1758;490
20260330;2024;10;16;ECOLODGE;13;ECOLODGE;AREQUIPA;040000;1;23;51;42,64;38,96;1,35;1,95;1,26;456;62;394;616;121;495;7
20260330;2024;10;16;ECOLODGE;TT;TODAS CONSOLIDADAS;AREQUIPA;040000;1;23;51;42,64;38,96;1,35;1,95;1,26;456;62;394;616;121;495;7
20260330;2024;10;TT;TODAS CONSOLIDADAS;00;NO CATEGORIZADO;AMAZONAS;010000;310;2935;4603;13,77;10,53;1,24;1,23;1,5;12115;11565;550;15031;14205;826;548
20260330;2024;10;TT;TODAS CONSOLIDADAS;00;NO CATEGORIZADO;ÁNCASH;020000;746;6423;10823;16,21;14,53;1,22;1,2;1,51;40083;37801;2282;48786;45331;3456;758
20260330;2024;10;TT;TODAS CONSOLIDADAS;00;NO CATEGORIZADO;APURÍMAC;030000;503;4450;6994;18,32;13,79;1,18;1,17;1,45;25376;24928;448;29907;29258;649;437
20260330;2024;10;TT;TODAS CONSOLIDADAS;00;NO CATEGORIZADO;AREQUIPA;040000;1274;10791;18305;20,36;17,56;1,63;1,59;1,73;61232;44827;16405;99661;71344;28317;1271
20260330;2024;10;TT;TODAS CONSOLIDADAS;00;NO CATEGORIZADO;AYACUCHO;050000;602;5613;9063;17,55;13,81;1,2;1,19;1,5;32398;31832;566;38803;37952;851;669
20260330;2024;10;TT;TODAS CONSOLIDADAS;00;NO CATEGORIZADO;CAJAMARCA;060000;734;6455;10301;12,11;8,9;1,21;1,21;1,24;23523;23425;98;28415;28293;122;666
20260330;2024;10;TT;TODAS CONSOLIDADAS;00;NO CATEGORIZADO;CALLAO;070000;271;3733;6987;39,92;38,85;1;1;1,1;146037;144966;1071;146731;145552;1179;1071
20260330;2024;10;TT;TODAS CONSOLIDADAS;00;NO CATEGORIZADO;CUSCO;080000;1985;18919;33633;24,6;22,09;1,72;1,39;1,96;134208;57563;76645;230268;80090;150178;3625
20260330;2024;10;TT;TODAS CONSOLIDADAS;00;NO CATEGORIZADO;HUANCAVELICA;090000;239;2542;3868;15,95;13,02;1,09;1,08;1,16;14393;14344;49;15618;15561;57;282
20260330;2024;10;TT;TODAS CONSOLIDADAS;00;NO CATEGORIZADO;HUÁNUCO;100000;495;5213;7833;19,07;14,82;1,17;1,17;1,32;30862;30755;107;35997;35856;141;643
20260330;2024;10;TT;TODAS CONSOLIDADAS;00;NO CATEGORIZADO;ICA;110000;787;7858;13214;26,54;19,03;1,38;1,45;1,14;56362;43783;12579;77936;63549;14387;1423
20260330;2024;10;TT;TODAS CONSOLIDADAS;00;NO CATEGORIZADO;JUNÍN;120000;1518;15289;24888;21,61;17,11;1,18;1,17;2,43;112176;111620;556;132022;130672;1350;2744
20260330;2024;10;TT;TODAS CONSOLIDADAS;00;NO CATEGORIZADO;LA LIBERTAD;130000;999;7407;12394;11,7;9,26;1,1;1,1;1,18;32294;31120;1174;35581;34201;1380;698
20260330;2024;10;TT;TODAS CONSOLIDADAS;00;NO CATEGORIZADO;LAMBAYEQUE;140000;451;4468;6476;18,02;14,62;1,06;1,06;1,13;27620;27042;578;29360;28708;652;540
20260330;2024;10;TT;TODAS CONSOLIDADAS;00;NO CATEGORIZADO;LIMA;150000;7143;55542;95262;21,79;19,64;1,06;1,05;1,11;2389276;2339736;49540;2522055;2467042;55013;34102
20260330;2024;10;TT;TODAS CONSOLIDADAS;00;NO CATEGORIZADO;LORETO;160000;795;6815;10656;9,44;8,78;1,66;1,64;1,7;17458;11192;6266;29001;18337;10664;694
20260330;2024;10;TT;TODAS CONSOLIDADAS;00;NO CATEGORIZADO;MADRE DE DIOS;170000;344;4448;7450;26,21;20,34;1,37;1,2;2,08;34220;27620;6600;46975;33255;13720;818
20260330;2024;10;TT;TODAS CONSOLIDADAS;00;NO CATEGORIZADO;MOQUEGUA;180000;165;1660;2812;20,77;17,22;1,28;1,28;1,03;11717;11680;37;15012;14974;38;222
20260330;2024;10;TT;TODAS CONSOLIDADAS;00;NO CATEGORIZADO;PASCO;190000;390;4070;6572;21,97;18,66;1,31;1,31;1,81;28985;28705;280;38023;37516;507;751
20260330;2024;10;TT;TODAS CONSOLIDADAS;00;NO CATEGORIZADO;PIURA;200000;1161;10584;19067;28,48;20,87;1,53;1,47;2,08;80717;72584;8133;123346;106434;16912;2082
20260330;2024;10;TT;TODAS CONSOLIDADAS;00;NO CATEGORIZADO;PUNO;210000;838;7406;12445;21,26;17,87;1,23;1,23;1,3;55969;53124;2845;68932;65224;3708;1340
20260330;2024;10;TT;TODAS CONSOLIDADAS;00;NO CATEGORIZADO;SAN MARTÍN;220000;875;9270;14654;23,85;19,73;1,37;1,37;1,59;65364;64511;853;89613;88254;1359;1141
20260330;2024;10;TT;TODAS CONSOLIDADAS;00;NO CATEGORIZADO;TACNA;230000;430;4052;7245;8,58;8,33;1,26;1,21;1,37;14855;9933;4922;18716;11970;6746;455
20260330;2024;10;TT;TODAS CONSOLIDADAS;00;NO CATEGORIZADO;TUMBES;240000;250;2429;4629;16,37;13,19;1,51;1,49;1,65;12549;11068;1481;18921;16480;2441;325
20260330;2024;10;TT;TODAS CONSOLIDADAS;00;NO CATEGORIZADO;UCAYALI;250000;547;5423;8389;35,72;25,62;3,44;3,47;2,22;19396;18874;522;66629;65470;1159;986
20260330;2024;10;TT;TODAS CONSOLIDADAS;01;1 ESTRELLA;AMAZONAS;010000;19;272;396;26,04;20,98;1,06;1,06;1;2426;2422;4;2575;2571;4;46
20260330;2024;10;TT;TODAS CONSOLIDADAS;01;1 ESTRELLA;ÁNCASH;020000;52;958;1538;23,29;18,14;1,1;1,1;1;7877;7860;17;8647;8630;17;148
20260330;2024;10;TT;TODAS CONSOLIDADAS;01;1 ESTRELLA;APURÍMAC;030000;7;186;285;32,55;31,74;1,11;1,11;1,08;2537;2512;25;2804;2777;27;23
20260330;2024;10;TT;TODAS CONSOLIDADAS;01;1 ESTRELLA;AREQUIPA;040000;58;1013;1584;26,62;23,3;1,08;1,07;1,11;10637;10194;443;11443;10953;490;172
20260330;2024;10;TT;TODAS CONSOLIDADAS;01;1 ESTRELLA;AYACUCHO;050000;23;399;711;14,15;11,31;1,55;1,55;1;1608;1606;2;2492;2490;2;69
20260330;2024;10;TT;TODAS CONSOLIDADAS;01;1 ESTRELLA;CAJAMARCA;060000;28;557;917;19,74;13,12;1,35;1,35;1,17;2756;2750;6;3729;3722;7;101
20260330;2024;10;TT;TODAS CONSOLIDADAS;01;1 ESTRELLA;CALLAO;070000;8;159;301;35,11;31,28;1,01;1,01;0;3125;3125;0;3141;3141;0;25
20260330;2024;10;TT;TODAS CONSOLIDADAS;01;1 ESTRELLA;CUSCO;080000;29;543;901;22,65;20,59;1,2;1,2;1,5;4808;4804;4;5750;5744;6;79
20260330;2024;10;TT;TODAS CONSOLIDADAS;01;1 ESTRELLA;HUANCAVELICA;090000;2;66;94;28,25;20,9;1,01;1,01;0;605;605;0;609;609;0;5
20260330;2024;10;TT;TODAS CONSOLIDADAS;01;1 ESTRELLA;HUÁNUCO;100000;34;617;926;44,7;39,36;1,38;1,38;0;8194;8194;0;11298;11298;0;99
20260330;2024;10;TT;TODAS CONSOLIDADAS;01;1 ESTRELLA;ICA;110000;27;465;759;24,08;19,94;1,22;1,23;1,01;3842;3626;216;4692;4474;218;72
20260330;2024;10;TT;TODAS CONSOLIDADAS;01;1 ESTRELLA;JUNÍN;120000;17;391;769;20,12;14,26;1,29;1,29;0;2640;2640;0;3400;3400;0;51
20260330;2024;10;TT;TODAS CONSOLIDADAS;01;1 ESTRELLA;LA LIBERTAD;130000;28;462;826;23,84;19,86;1,45;1,45;1,24;3506;3481;25;5086;5055;31;82
20260330;2024;10;TT;TODAS CONSOLIDADAS;01;1 ESTRELLA;LAMBAYEQUE;140000;18;281;363;17,86;19,45;1,03;1,03;0;2128;2128;0;2189;2189;0;53
20260330;2024;10;TT;TODAS CONSOLIDADAS;01;1 ESTRELLA;LIMA;150000;90;2028;3571;24,34;23,09;1,11;1,1;1,19;27913;26749;1164;30880;29494;1385;411
20260330;2024;10;TT;TODAS CONSOLIDADAS;01;1 ESTRELLA;LORETO;160000;6;106;172;19,84;15,21;1,89;1,91;1,53;428;409;19;811;782;29;24
20260330;2024;10;TT;TODAS CONSOLIDADAS;01;1 ESTRELLA;MADRE DE DIOS;170000;7;198;359;31,28;26,2;1,05;1,05;1,14;2764;2591;173;2916;2718;198;36
20260330;2024;10;TT;TODAS CONSOLIDADAS;01;1 ESTRELLA;MOQUEGUA;180000;22;350;615;19,79;14,54;1,31;1,31;1,44;2113;2077;36;2773;2721;52;63
20260330;2024;10;TT;TODAS CONSOLIDADAS;01;1 ESTRELLA;PASCO;190000;28;542;819;27,61;19,74;1,05;1,05;0;4752;4752;0;5011;5011;0;88
20260330;2024;10;TT;TODAS CONSOLIDADAS;01;1 ESTRELLA;PIURA;200000;5;96;168;25,1;16,78;2,05;2,08;1,23;426;413;13;874;858;16;10
20260330;2024;10;TT;TODAS CONSOLIDADAS;01;1 ESTRELLA;PUNO;210000;39;632;1107;20,81;15,88;1,11;1,11;1,08;4924;4695;229;5451;5203;248;96
20260330;2024;10;TT;TODAS CONSOLIDADAS;01;1 ESTRELLA;SAN MARTÍN;220000;8;170;256;31,37;30,58;1,56;1,56;1;1557;1554;3;2427;2424;3;27
20260330;2024;10;TT;TODAS CONSOLIDADAS;01;1 ESTRELLA;TACNA;230000;13;277;517;11,97;10,66;1,1;1,11;1,09;1551;1083;468;1708;1197;511;40
20260330;2024;10;TT;TODAS CONSOLIDADAS;01;1 ESTRELLA;TUMBES;240000;2;47;100;0;0;0;0;0;0;0;0;0;0;0;0
20260330;2024;10;TT;TODAS CONSOLIDADAS;02;2 ESTRELLAS;AMAZONAS;010000;89;1840;2962;25,73;21,9;1,19;1,18;1,65;16928;16764;164;20109;19838;271;312
20260330;2024;10;TT;TODAS CONSOLIDADAS;02;2 ESTRELLAS;ÁNCASH;020000;191;3797;6795;27,39;23,39;1,24;1,24;1,66;39683;39298;385;49260;48619;641;629
20260330;2024;10;TT;TODAS CONSOLIDADAS;02;2 ESTRELLAS;APURÍMAC;030000;14;433;717;25,94;20,7;1,15;1,15;1,11;4008;3980;28;4602;4571;31;48
20260330;2024;10;TT;TODAS CONSOLIDADAS;02;2 ESTRELLAS;AREQUIPA;040000;172;3279;5861;29,55;25,3;1,45;1,47;1,31;31650;28600;3050;45967;41957;4010;567
20260330;2024;10;TT;TODAS CONSOLIDADAS;02;2 ESTRELLAS;AYACUCHO;050000;18;461;807;27,89;21,73;1,97;1,97;1,87;2760;2645;115;5436;5221;215;79
20260330;2024;10;TT;TODAS CONSOLIDADAS;02;2 ESTRELLAS;CAJAMARCA;060000;196;4166;6610;23,71;16,72;1,18;1,18;1,12;29051;28938;113;34254;34128;126;642
20260330;2024;10;TT;TODAS CONSOLIDADAS;02;2 ESTRELLAS;CALLAO;070000;7;287;520;24,86;22,62;1,06;1,05;1,2;3450;3198;252;3646;3344;302;43
20260330;2024;10;TT;TODAS CONSOLIDADAS;02;2 ESTRELLAS;CUSCO;080000;94;1957;3568;32,16;28,41;1,64;1,52;1,77;19105;9398;9707;31420;14287;17133;515
20260330;2024;10;TT;TODAS CONSOLIDADAS;02;2 ESTRELLAS;HUANCAVELICA;090000;3;84;151;35,18;30,63;1,59;1,59;0;903;903;0;1434;1434;0;12
20260330;2024;10;TT;TODAS CONSOLIDADAS;02;2 ESTRELLAS;HUÁNUCO;100000;81;2026;3222;38,57;30,83;1,32;1,32;1,14;23293;23188;105;30794;30674;120;354
20260330;2024;10;TT;TODAS CONSOLIDADAS;02;2 ESTRELLAS;ICA;110000;135;2774;4679;22,65;17,83;1,07;1,07;1,14;24120;23124;996;25864;24724;1140;442
20260330;2024;10;TT;TODAS CONSOLIDADAS;02;2 ESTRELLAS;JUNÍN;120000;55;1301;2390;25,64;21,12;1,37;1,36;2,95;11384;11272;112;15648;15318;330;220
20260330;2024;10;TT;TODAS CONSOLIDADAS;02;2 ESTRELLAS;LA LIBERTAD;130000;142;2553;4548;19,35;17,46;1,27;1,26;1,6;19340;18858;482;24614;23841;773;454
20260330;2024;10;TT;TODAS CONSOLIDADAS;02;2 ESTRELLAS;LAMBAYEQUE;140000;216;4198;6136;20,84;17,15;1,1;1,1;1,15;29732;29498;234;32622;32354;268;706
20260330;2024;10;TT;TODAS CONSOLIDADAS;02;2 ESTRELLAS;LIMA;150000;241;8388;15652;31,25;27,18;1,25;1,2;1,98;151746;142274;9472;189255;170457;18798;1931
20260330;2024;10;TT;TODAS CONSOLIDADAS;02;2 ESTRELLAS;LORETO;160000;17;343;565;19,52;16,64;1,85;1,85;1,84;1575;1465;110;2915;2713;202;66
20260330;2024;10;TT;TODAS CONSOLIDADAS;02;2 ESTRELLAS;MADRE DE DIOS;170000;15;390;652;43,76;34,3;1,55;1,55;1,52;4475;4171;304;6932;6471;461;72
20260330;2024;10;TT;TODAS CONSOLIDADAS;02;2 ESTRELLAS;MOQUEGUA;180000;90;1590;2622;25,66;19,78;1,83;1,83;1,81;8770;8441;329;16081;15485;596;303
20260330;2024;10;TT;TODAS CONSOLIDADAS;02;2 ESTRELLAS;PASCO;190000;23;490;938;28,53;22,82;1,55;1,55;1,33;4268;4265;3;6635;6631;4;77
20260330;2024;10;TT;TODAS CONSOLIDADAS;02;2 ESTRELLAS;PIURA;200000;41;906;1531;32,75;24,47;2,05;2,04;2,3;5676;5492;184;11612;11188;424;169
20260330;2024;10;TT;TODAS CONSOLIDADAS;02;2 ESTRELLAS;PUNO;210000;92;1667;3044;21,26;16,04;1,25;1,22;1,38;12127;10197;1930;15134;12480;2654;264
20260330;2024;10;TT;TODAS CONSOLIDADAS;02;2 ESTRELLAS;SAN MARTÍN;220000;51;1098;1866;45,18;41,9;1,94;1,93;2,35;12518;12199;319;24239;23490;749;218
20260330;2024;10;TT;TODAS CONSOLIDADAS;02;2 ESTRELLAS;TACNA;230000;59;1369;2643;23,04;18,3;1,47;1,48;1,45;10222;5191;5031;14997;7697;7300;255
20260330;2024;10;TT;TODAS CONSOLIDADAS;02;2 ESTRELLAS;TUMBES;240000;11;237;437;16,59;11,64;1,94;1,94;0;811;811;0;1577;1577;0;56
20260330;2024;10;TT;TODAS CONSOLIDADAS;02;2 ESTRELLAS;UCAYALI;250000;3;98;177;14,68;8,37;1,52;1,53;1,25;301;297;4;459;454;5;22
20260330;2024;10;TT;TODAS CONSOLIDADAS;03;3 ESTRELLAS;AMAZONAS;010000;25;536;948;23,34;19,5;1,43;1,38;1,92;4018;3698;320;5731;5116;615;128
20260330;2024;10;TT;TODAS CONSOLIDADAS;03;3 ESTRELLAS;ÁNCASH;020000;64;1759;3243;25,92;19,61;1,65;1,59;2,32;11913;10865;1048;19712;17282;2430;397
20260330;2024;10;TT;TODAS CONSOLIDADAS;03;3 ESTRELLAS;APURÍMAC;030000;7;223;371;53,35;48,96;2,06;2,12;1,46;2736;2486;250;5631;5267;364;62
20260330;2024;10;TT;TODAS CONSOLIDADAS;03;3 ESTRELLAS;AREQUIPA;040000;121;2913;5467;46,25;38,51;1,86;2,08;1,66;35036;16847;18189;65263;34989;30274;799
20260330;2024;10;TT;TODAS CONSOLIDADAS;03;3 ESTRELLAS;AYACUCHO;050000;10;241;451;24,58;20,48;1,9;1,89;1,98;1507;1339;168;2864;2532;332;76
20260330;2024;10;TT;TODAS CONSOLIDADAS;03;3 ESTRELLAS;CAJAMARCA;060000;124;2989;4999;16,79;13,08;1,6;1,59;1,82;12664;12259;405;20273;19534;739;593
20260330;2024;10;TT;TODAS CONSOLIDADAS;03;3 ESTRELLAS;CALLAO;070000;4;233;391;28,71;29,77;1,2;1,15;1,33;3003;2089;914;3608;2392;1216;49
20260330;2024;10;TT;TODAS CONSOLIDADAS;03;3 ESTRELLAS;CUSCO;080000;110;3588;7063;55,73;48,61;1,69;1,67;1,69;63054;13278;49776;106435;22189;84246;1194
20260330;2024;10;TT;TODAS CONSOLIDADAS;03;3 ESTRELLAS;HUANCAVELICA;090000;2;65;108;14,94;9,92;1,44;1,44;2;230;227;3;332;326;6;10
20260330;2024;10;TT;TODAS CONSOLIDADAS;03;3 ESTRELLAS;HUÁNUCO;100000;19;679;1216;29,62;24,56;1,45;1,43;1,95;6387;6196;191;9260;8888;372;160
20260330;2024;10;TT;TODAS CONSOLIDADAS;03;3 ESTRELLAS;ICA;110000;115;3133;6022;42,42;32,21;1,43;1,49;1,3;41936;29622;12314;60124;44090;16034;694
20260330;2024;10;TT;TODAS CONSOLIDADAS;03;3 ESTRELLAS;JUNÍN;120000;23;817;1569;23,3;17,76;1,76;1,75;2,31;4905;4812;93;8639;8424;215;232
20260330;2024;10;TT;TODAS CONSOLIDADAS;03;3 ESTRELLAS;LA LIBERTAD;130000;119;3001;5774;32,05;25,96;1,52;1,49;2,14;30576;28983;1593;46464;43051;3413;709
20260330;2024;10;TT;TODAS CONSOLIDADAS;03;3 ESTRELLAS;LAMBAYEQUE;140000;61;1550;2533;29,81;25,33;1,36;1,36;1,47;14594;14088;506;19886;19141;745;316
20260330;2024;10;TT;TODAS CONSOLIDADAS;03;3 ESTRELLAS;LIMA;150000;192;9106;17383;46,77;39,84;1,78;1,49;2,13;120381;65385;54996;214684;97526;117158;2345
20260330;2024;10;TT;TODAS CONSOLIDADAS;03;3 ESTRELLAS;LORETO;160000;36;948;1624;31,99;28,84;2,22;2,28;1,99;6536;5281;1255;14521;12025;2496;273
20260330;2024;10;TT;TODAS CONSOLIDADAS;03;3 ESTRELLAS;MADRE DE DIOS;170000;6;224;405;32,57;33,5;1,95;2,1;1,58;2161;1538;623;4206;3223;983;54
20260330;2024;10;TT;TODAS CONSOLIDADAS;03;3 ESTRELLAS;MOQUEGUA;180000;19;553;961;21,87;15;1,53;1,53;1,61;2920;2820;100;4469;4308;161;110
20260330;2024;10;TT;TODAS CONSOLIDADAS;03;3 ESTRELLAS;PASCO;190000;8;142;243;21,47;28,53;1,54;1,54;1,17;1399;1393;6;2149;2142;7;21
20260330;2024;10;TT;TODAS CONSOLIDADAS;03;3 ESTRELLAS;PIURA;200000;22;753;1288;42,42;33,48;1,67;1,61;2,17;7998;7070;928;13369;11357;2012;229
20260330;2024;10;TT;TODAS CONSOLIDADAS;03;3 ESTRELLAS;PUNO;210000;39;1110;2116;42,03;34,08;1,52;1,57;1,5;14674;4736;9938;22358;7450;14908;235
20260330;2024;10;TT;TODAS CONSOLIDADAS;03;3 ESTRELLAS;SAN MARTÍN;220000;32;1065;1927;51,17;51,08;2,8;2,81;2,28;10900;10734;166;30512;30134;378;242
20260330;2024;10;TT;TODAS CONSOLIDADAS;03;3 ESTRELLAS;TACNA;230000;14;475;1029;29,45;23,82;1,77;1,69;1,84;4293;1945;2348;7599;3290;4309;119
20260330;2024;10;TT;TODAS CONSOLIDADAS;03;3 ESTRELLAS;TUMBES;240000;15;380;783;33,89;30,57;2,92;2,94;2,82;2538;2160;378;7421;6355;1066;133
20260330;2024;10;TT;TODAS CONSOLIDADAS;03;3 ESTRELLAS;UCAYALI;250000;17;586;973;29,91;24,5;2,06;2,04;2,31;3592;3338;254;7389;6802;587;136
20260330;2024;10;TT;TODAS CONSOLIDADAS;04;4 ESTRELLAS;APURÍMAC;030000;1;32;56;32,96;18,84;1,68;1,69;1,57;195;174;21;327;294;33;13
20260330;2024;10;TT;TODAS CONSOLIDADAS;04;4 ESTRELLAS;AREQUIPA;040000;11;558;1066;60,95;54,71;1,91;2,09;1,8;9481;3546;5935;18081;7422;10659;260
20260330;2024;10;TT;TODAS CONSOLIDADAS;04;4 ESTRELLAS;CAJAMARCA;060000;4;214;379;57,75;53;2,06;2,06;2,08;3022;2757;265;6227;5676;551;155
20260330;2024;10;TT;TODAS CONSOLIDADAS;04;4 ESTRELLAS;CALLAO;070000;2;371;599;98,35;81,75;1,24;1,22;1,25;12210;1798;10412;15180;2187;12993;130
20260330;2024;10;TT;TODAS CONSOLIDADAS;04;4 ESTRELLAS;CUSCO;080000;20;1580;3139;81,45;73,64;1,69;1,77;1,68;42360;4655;37705;71655;8237;63418;995
20260330;2024;10;TT;TODAS CONSOLIDADAS;04;4 ESTRELLAS;HUÁNUCO;100000;1;60;101;45,86;35,84;1,65;1,28;5,89;680;626;54;1122;804;318;31
20260330;2024;10;TT;TODAS CONSOLIDADAS;04;4 ESTRELLAS;ICA;110000;7;707;1488;45,45;49,73;1,73;1,9;1,29;13283;9465;3818;22940;18013;4927;326
20260330;2024;10;TT;TODAS CONSOLIDADAS;04;4 ESTRELLAS;JUNÍN;120000;1;40;82;24,03;30,45;1,66;1,61;3,27;466;451;15;774;725;49;17
20260330;2024;10;TT;TODAS CONSOLIDADAS;04;4 ESTRELLAS;LA LIBERTAD;130000;4;318;546;48,04;46,22;2,09;1,89;2,81;3735;2914;821;7823;5515;2308;129
20260330;2024;10;TT;TODAS CONSOLIDADAS;04;4 ESTRELLAS;LAMBAYEQUE;140000;5;359;618;58,28;51,17;1,53;1,5;1,75;6398;5488;910;9804;8212;1592;283
20260330;2024;10;TT;TODAS CONSOLIDADAS;04;4 ESTRELLAS;LIMA;150000;52;4941;9116;61,01;56,8;2,17;1,72;2,4;74020;25404;48616;160527;43757;116770;2028
20260330;2024;10;TT;TODAS CONSOLIDADAS;04;4 ESTRELLAS;LORETO;160000;4;149;226;44,4;41,84;2;2,23;1,49;1464;1008;456;2931;2252;679;89
20260330;2024;10;TT;TODAS CONSOLIDADAS;04;4 ESTRELLAS;MOQUEGUA;180000;2;123;234;56,2;48,4;3,71;3,86;2,99;947;784;163;3511;3024;487;60
20260330;2024;10;TT;TODAS CONSOLIDADAS;04;4 ESTRELLAS;PIURA;200000;5;455;824;51,03;38,98;2,17;1,94;3,08;4596;3699;897;9956;7193;2763;177
20260330;2024;10;TT;TODAS CONSOLIDADAS;04;4 ESTRELLAS;PUNO;210000;8;508;961;63,8;57,78;1,67;1,75;1,67;10281;1000;9281;17212;1752;15460;199
20260330;2024;10;TT;TODAS CONSOLIDADAS;04;4 ESTRELLAS;SAN MARTÍN;220000;2;82;138;71,4;80,83;2,57;2,61;1,87;1348;1264;84;3458;3301;157;40
20260330;2024;10;TT;TODAS CONSOLIDADAS;04;4 ESTRELLAS;TACNA;230000;2;200;391;31,45;28,15;1,73;1,65;1,81;1968;955;1013;3412;1579;1833;68
20260330;2024;10;TT;TODAS CONSOLIDADAS;04;4 ESTRELLAS;TUMBES;240000;6;667;1621;62,34;60,04;2,36;2,39;2,02;12799;11552;1247;30173;27654;2519;642
20260330;2024;10;TT;TODAS CONSOLIDADAS;04;4 ESTRELLAS;UCAYALI;250000;5;289;515;49,84;40,4;2,25;2,21;2,46;2861;2304;557;6450;5082;1368;120
20260330;2024;10;TT;TODAS CONSOLIDADAS;05;5 ESTRELLAS;AREQUIPA;040000;3;241;352;72,17;74,3;2,18;2,28;2,05;3727;2027;1700;8108;4617;3491;184
20260330;2024;10;TT;TODAS CONSOLIDADAS;05;5 ESTRELLAS;CUSCO;080000;15;1283;2519;73,53;68,9;1,69;1,94;1,66;31896;3011;28885;53802;5845;47957;1350
20260330;2024;10;TT;TODAS CONSOLIDADAS;05;5 ESTRELLAS;ICA;110000;6;622;1466;54,98;52,59;1,79;1,82;1,68;13387;9983;3404;23900;18190;5710;605
20260330;2024;10;TT;TODAS CONSOLIDADAS;05;5 ESTRELLAS;LA LIBERTAD;130000;2;267;450;47,26;43,82;1,84;1,72;2,41;3320;2749;571;6113;4736;1377;188
20260330;2024;10;TT;TODAS CONSOLIDADAS;05;5 ESTRELLAS;LIMA;150000;31;5057;8814;58,54;45,26;2,45;1,72;2,66;50574;11747;38827;123671;20202;103469;3686
20260330;2024;10;TT;TODAS CONSOLIDADAS;05;5 ESTRELLAS;LORETO;160000;1;60;88;60,86;67,96;1,55;1,58;1,51;1200;609;591;1854;963;891;54
20260330;2024;10;TT;TODAS CONSOLIDADAS;05;5 ESTRELLAS;PIURA;200000;1;83;166;73,38;52,95;1,9;1,66;2,48;1437;1022;415;2725;1694;1031;82
20260330;2024;10;TT;TODAS CONSOLIDADAS;05;5 ESTRELLAS;PUNO;210000;1;123;231;67,03;102,93;1,65;1,82;1,64;4460;281;4179;7371;512;6859;32
20260330;2024;10;TT;TODAS CONSOLIDADAS;05;5 ESTRELLAS;SAN MARTÍN;220000;1;50;108;52,26;71,03;1,74;1,73;2,5;1363;1339;24;2378;2318;60;63
20260330;2024;10;TT;TODAS CONSOLIDADAS;05;5 ESTRELLAS;UCAYALI;250000;2;162;298;49,28;41,07;2,09;2,09;2,13;1814;1561;253;3794;3255;539;123
20260330;2024;10;TT;TODAS CONSOLIDADAS;12;ALBERGUE;AMAZONAS;010000;1;6;11;0;0;0;0;0;0;0;0;0;0;0;0
20260330;2024;10;TT;TODAS CONSOLIDADAS;12;ALBERGUE;ÁNCASH;020000;7;68;149;19,73;12,64;2,04;2,04;2,04;286;232;54;584;474;110;16
20260330;2024;10;TT;TODAS CONSOLIDADAS;12;ALBERGUE;AREQUIPA;040000;10;155;351;43,73;37,1;1,37;1,35;1,37;2955;805;2150;4037;1089;2948;121
20260330;2024;10;TT;TODAS CONSOLIDADAS;12;ALBERGUE;AYACUCHO;050000;1;10;20;0;0;0;0;0;0;0;0;0;0;0;0
20260330;2024;10;TT;TODAS CONSOLIDADAS;12;ALBERGUE;CAJAMARCA;060000;1;11;22;0;0;0;0;0;0;0;0;0;0;0;0
20260330;2024;10;TT;TODAS CONSOLIDADAS;12;ALBERGUE;CUSCO;080000;16;363;636;32,9;26,13;1,35;1,49;1,34;3830;72;3758;5152;107;5045;98
20260330;2024;10;TT;TODAS CONSOLIDADAS;12;ALBERGUE;HUANCAVELICA;090000;1;14;47;14,75;10,57;1,73;1,73;0;89;89;0;154;154;0;18
20260330;2024;10;TT;TODAS CONSOLIDADAS;12;ALBERGUE;HUÁNUCO;100000;7;92;128;0;0;0;0;0;0;0;0;0;0;0;0
20260330;2024;10;TT;TODAS CONSOLIDADAS;12;ALBERGUE;ICA;110000;6;82;212;22,93;17,57;1,37;1,33;1,42;843;469;374;1155;624;531;22
20260330;2024;10;TT;TODAS CONSOLIDADAS;12;ALBERGUE;JUNÍN;120000;1;32;104;49,7;41,35;1,88;1,88;1,92;709;696;13;1333;1308;25;20
20260330;2024;10;TT;TODAS CONSOLIDADAS;12;ALBERGUE;LA LIBERTAD;130000;1;15;27;51,61;36,56;1,99;1,96;2,33;154;142;12;306;278;28;4
20260330;2024;10;TT;TODAS CONSOLIDADAS;12;ALBERGUE;LIMA;150000;8;136;528;11,81;16,83;2,68;2,68;0;1029;1029;0;2755;2755;0;25
20260330;2024;10;TT;TODAS CONSOLIDADAS;12;ALBERGUE;LORETO;160000;64;854;1733;21,27;20,22;2,05;1,6;2,19;5308;1293;4015;10862;2067;8795;283
20260330;2024;10;TT;TODAS CONSOLIDADAS;12;ALBERGUE;MADRE DE DIOS;170000;16;380;782;44,17;42,63;2,6;2,62;2,6;3969;422;3547;10334;1105;9229;207
20260330;2024;10;TT;TODAS CONSOLIDADAS;12;ALBERGUE;PASCO;190000;21;272;718;26,92;24,72;1,41;1,4;2,12;3903;3870;33;5502;5432;70;66
20260330;2024;10;TT;TODAS CONSOLIDADAS;12;ALBERGUE;PUNO;210000;1;13;35;0;0;0;0;0;0;0;0;0;0;0;0
20260330;2024;10;TT;TODAS CONSOLIDADAS;12;ALBERGUE;SAN MARTÍN;220000;9;180;409;52,89;48,93;2,24;2,24;2,27;2770;2545;225;6204;5694;510;49
20260330;2024;10;TT;TODAS CONSOLIDADAS;12;ALBERGUE;UCAYALI;250000;5;52;146;22,08;17,94;3,76;3,65;3,93;216;132;84;812;482;330;30
20260330;2024;10;TT;TODAS CONSOLIDADAS;13;ECOLODGE;AREQUIPA;040000;1;23;51;42,64;38,96;1,35;1,95;1,26;456;62;394;616;121;495;7
20260330;2024;10;TT;TODAS CONSOLIDADAS;TT;TODAS CONSOLIDADAS;AMAZONAS;010000;444;5589;8920;17,2;13,74;1,23;1,22;1,53;35487;34449;1038;43446;41730;1716;1034
20260330;2024;10;TT;TODAS CONSOLIDADAS;TT;TODAS CONSOLIDADAS;ÁNCASH;020000;1060;13005;22548;19,18;16,6;1,25;1,23;1,57;99842;96056;3786;126989;120336;6654;1948
20260330;2024;10;TT;TODAS CONSOLIDADAS;TT;TODAS CONSOLIDADAS;APURÍMAC;030000;532;5324;8423;19,19;14,68;1,19;1,19;1,44;34852;34080;772;43271;42167;1104;583
20260330;2024;10;TT;TODAS CONSOLIDADAS;TT;TODAS CONSOLIDADAS;AREQUIPA;040000;1650;18973;33037;23,96;20,59;1,61;1,6;1,66;155174;106908;48266;253176;172492;80684;3381
20260330;2024;10;TT;TODAS CONSOLIDADAS;TT;TODAS CONSOLIDADAS;AYACUCHO;050000;654;6724;11052;17,79;14,02;1,24;1,24;1,5;38273;37422;851;49595;48195;1400;893
20260330;2024;10;TT;TODAS CONSOLIDADAS;TT;TODAS CONSOLIDADAS;CAJAMARCA;060000;1087;14392;23228;15,09;11,05;1,25;1,25;1,29;71016;70129;887;92898;91353;1545;2157
20260330;2024;10;TT;TODAS CONSOLIDADAS;TT;TODAS CONSOLIDADAS;CALLAO;070000;292;4783;8798;39,67;38,43;1,01;1,01;1,08;167826;155176;12649;172306;156617;15690;1319
20260330;2024;10;TT;TODAS CONSOLIDADAS;TT;TODAS CONSOLIDADAS;CUSCO;080000;2269;28233;51459;27,28;24,41;1,7;1,42;1,92;299261;92781;206480;504482;136499;367983;7856
20260330;2024;10;TT;TODAS CONSOLIDADAS;TT;TODAS CONSOLIDADAS;HUANCAVELICA;090000;247;2771;4268;16,27;13,27;1,1;1,1;1,14;16220;16168;52;18147;18084;63;327
20260330;2024;10;TT;TODAS CONSOLIDADAS;TT;TODAS CONSOLIDADAS;HUÁNUCO;100000;637;8687;13426;23,06;18,33;1,19;1,19;1,24;69416;68959;457;88471;87520;951;1287
20260330;2024;10;TT;TODAS CONSOLIDADAS;TT;TODAS CONSOLIDADAS;ICA;110000;1083;15641;27840;27,94;20,68;1,35;1,41;1,16;153773;120072;33701;216611;173664;42947;3584
20260330;2024;10;TT;TODAS CONSOLIDADAS;TT;TODAS CONSOLIDADAS;JUNÍN;120000;1615;17870;29802;21,77;17,25;1,19;1,19;2,42;132280;131491;789;161816;159847;1969;3284
20260330;2024;10;TT;TODAS CONSOLIDADAS;TT;TODAS CONSOLIDADAS;LA LIBERTAD;130000;1295;14023;24565;14,87;12,11;1,17;1,16;1,32;92925;88247;4678;125987;116677;9310;2264
20260330;2024;10;TT;TODAS CONSOLIDADAS;TT;TODAS CONSOLIDADAS;LAMBAYEQUE;140000;751;10856;16126;20,06;16,58;1,1;1,1;1,14;80472;78244;2228;93861;90604;3257;1898
20260330;2024;10;TT;TODAS CONSOLIDADAS;TT;TODAS CONSOLIDADAS;LIMA;150000;7757;85198;150326;23,13;20,76;1,09;1,08;1,18;2814939;2612324;202615;3243827;2831234;412593;44528
20260330;2024;10;TT;TODAS CONSOLIDADAS;TT;TODAS CONSOLIDADAS;LORETO;160000;923;9275;15064;11,6;10,75;1,72;1,67;1,75;33969;21257;12712;62895;39139;23756;1483
20260330;2024;10;TT;TODAS CONSOLIDADAS;TT;TODAS CONSOLIDADAS;PASCO;190000;470;5516;9290;22,84;19,37;1,32;1,31;1,68;43307;42985;322;57320;56732;588;1003
20260330;2024;10;TT;TODAS CONSOLIDADAS;TT;TODAS CONSOLIDADAS;PIURA;200000;1235;12877;23044;28,99;21,29;1,55;1,49;2,09;100850;90280;10570;161882;138724;23158;2749
20260330;2024;10;TT;TODAS CONSOLIDADAS;TT;TODAS CONSOLIDADAS;PUNO;210000;1018;11459;19939;22,4;18,63;1,24;1,24;1,31;102435;74033;28402;136458;92621;43837;2166
20260330;2024;10;TT;TODAS CONSOLIDADAS;TT;TODAS CONSOLIDADAS;SAN MARTÍN;220000;978;11915;19358;26,31;22,44;1,46;1,46;1,66;95820;94146;1674;158831;155615;3216;1780
20260330;2024;10;TT;TODAS CONSOLIDADAS;TT;TODAS CONSOLIDADAS;TACNA;230000;518;6373;11825;10,96;10,02;1,3;1,25;1,39;32889;19107;13782;46432;25733;20699;937
20260330;2024;10;TT;TODAS CONSOLIDADAS;TT;TODAS CONSOLIDADAS;TUMBES;240000;284;3760;7570;18,16;14,94;1,61;1,59;1,64;28697;25591;3106;58092;52066;6026;1156
20260330;2024;10;TT;TODAS CONSOLIDADAS;TT;TODAS CONSOLIDADAS;UCAYALI;250000;579;6610;10498;35,5;25,61;3,37;3,4;2,23;28180;26506;1674;85533;81545;3988;1417
20260330;2024;11;00;NO CLASIFICADO;00;NO CATEGORIZADO;CALLAO;070000;270;3699;6919;44,95;43,53;1;1;1,04;155893;155205;688;156568;155854;714;1054
20260330;2024;11;00;NO CLASIFICADO;TT;TODAS CONSOLIDADAS;CALLAO;070000;270;3699;6919;44,95;43,53;1;1;1,04;155893;155205;688;156568;155854;714;1054
20260330;2024;11;01;HOTEL;01;1 ESTRELLA;CUSCO;080000;4;118;193;14,24;16,29;1,55;1,55;0;607;607;0;943;943;0;19
20260330;2024;10;01;HOTEL;TT;TODAS CONSOLIDADAS;MOQUEGUA;180000;42;1212;2089;30,61;23,14;1,97;1,95;2,19;7606;7084;522;14985;13843;1142;283
20260330;2024;10;02;APART HOTEL;TT;TODAS CONSOLIDADAS;MOQUEGUA;180000;1;10;16;18,71;12,5;1,19;1,2;1;52;50;2;62;60;2;3
20260330;2024;10;TT;TODAS CONSOLIDADAS;TT;TODAS CONSOLIDADAS;MOQUEGUA;180000;298;4276;7244;22,48;17,87;1,48;1,48;1,35;26467;25802;665;41846;40512;1334;758
20260330;2024;10;05;ALBERGUE;TT;TODAS CONSOLIDADAS;MADRE DE DIOS;170000;16;380;782;44,17;42,63;2,6;2,62;2,6;3969;422;3547;10334;1105;9229;207
20260330;2024;10;TT;TODAS CONSOLIDADAS;TT;TODAS CONSOLIDADAS;MADRE DE DIOS;170000;388;5640;9648;27,82;22,11;1,43;1,29;2,05;47589;36342;11247;71363;46772;24591;1187
20260330;2024;11;00;NO CLASIFICADO;00;NO CATEGORIZADO;AMAZONAS;010000;310;2877;4520;14,57;11,06;1,21;1,21;1,28;12382;11589;793;15001;13988;1013;547
20260330;2024;11;00;NO CLASIFICADO;TT;TODAS CONSOLIDADAS;AMAZONAS;010000;310;2877;4520;14,57;11,06;1,21;1,21;1,28;12382;11589;793;15001;13988;1013;547
20260330;2024;11;01;HOTEL;01;1 ESTRELLA;AMAZONAS;010000;1;20;24;0;0;0;0;0;0;0;0;0;0;0;0
20260330;2024;11;00;NO CLASIFICADO;00;NO CATEGORIZADO;ÁNCASH;020000;758;6549;11040;15,08;13,44;1,28;1,27;1,42;34921;33255;1666;44549;42182;2367;766
20260330;2024;11;00;NO CLASIFICADO;TT;TODAS CONSOLIDADAS;ÁNCASH;020000;758;6549;11040;15,08;13,44;1,28;1,27;1,42;34921;33255;1666;44549;42182;2367;766
20260330;2024;11;01;HOTEL;01;1 ESTRELLA;ÁNCASH;020000;14;400;625;20,55;15,9;1,18;1,18;0;2517;2517;0;2982;2982;0;54
20260330;2024;11;00;NO CLASIFICADO;00;NO CATEGORIZADO;APURÍMAC;030000;502;4428;6961;20,09;14,89;1,16;1,15;1,76;26757;26389;368;31103;30456;647;432
20260330;2024;11;01;HOTEL;01;1 ESTRELLA;APURÍMAC;030000;2;77;119;73,46;66,36;1,1;1,1;0;2156;2156;0;2369;2369;0;12
20260330;2024;11;00;NO CLASIFICADO;00;NO CATEGORIZADO;AREQUIPA;040000;1277;10805;18326;19,94;16,28;1,55;1,5;1,68;57921;42824;15097;89518;64197;25321;1266
20260330;2024;11;00;NO CLASIFICADO;TT;TODAS CONSOLIDADAS;AREQUIPA;040000;1277;10805;18326;19,94;16,28;1,55;1,5;1,68;57921;42824;15097;89518;64197;25321;1266
20260330;2024;11;01;HOTEL;01;1 ESTRELLA;AREQUIPA;040000;7;239;401;24,98;22,95;1,06;1,06;1,36;2605;2594;11;2761;2746;15;40
20260330;2024;11;00;NO CLASIFICADO;00;NO CATEGORIZADO;AYACUCHO;050000;604;5619;9048;17,9;13,67;1,25;1,25;1,5;29624;29318;306;37100;36642;458;642
20260330;2024;11;00;NO CLASIFICADO;TT;TODAS CONSOLIDADAS;AYACUCHO;050000;604;5619;9048;17,9;13,67;1,25;1,25;1,5;29624;29318;306;37100;36642;458;642
20260330;2024;11;01;HOTEL;01;1 ESTRELLA;AYACUCHO;050000;8;200;353;15,55;12,46;1,91;1,9;2,46;690;677;13;1320;1288;32;40
20260330;2024;11;00;NO CLASIFICADO;00;NO CATEGORIZADO;CAJAMARCA;060000;733;6335;10121;8,86;6,19;1,16;1,15;1,95;16272;16233;39;18797;18721;76;662
20260330;2024;11;00;NO CLASIFICADO;TT;TODAS CONSOLIDADAS;CAJAMARCA;060000;733;6335;10121;8,86;6,19;1,16;1,15;1,95;16272;16233;39;18797;18721;76;662
20260330;2024;11;01;HOTEL;01;1 ESTRELLA;CAJAMARCA;060000;6;153;277;12,27;10,48;1,44;1,44;1,17;606;600;6;871;864;7;25
20260330;2024;11;00;NO CLASIFICADO;00;NO CATEGORIZADO;CUSCO;080000;1986;18936;33666;24,59;22;1,54;1,37;1,65;143919;55157;88762;222211;75543;146668;3575
20260330;2024;11;00;NO CLASIFICADO;TT;TODAS CONSOLIDADAS;CUSCO;080000;1986;18936;33666;24,59;22;1,54;1,37;1,65;143919;55157;88762;222211;75543;146668;3575
20260330;2024;11;00;NO CLASIFICADO;00;NO CATEGORIZADO;HUANCAVELICA;090000;239;2540;3861;15,84;13,05;1,1;1,1;1,6;13783;13740;43;15116;15047;69;282
20260330;2024;11;00;NO CLASIFICADO;TT;TODAS CONSOLIDADAS;HUANCAVELICA;090000;239;2540;3861;15,84;13,05;1,1;1,1;1,6;13783;13740;43;15116;15047;69;282
20260330;2024;11;00;NO CLASIFICADO;00;NO CATEGORIZADO;HUÁNUCO;100000;495;5228;7848;16,99;13,2;1,23;1,23;1,31;25311;25250;61;31089;31009;80;646
20260330;2024;11;00;NO CLASIFICADO;TT;TODAS CONSOLIDADAS;HUÁNUCO;100000;495;5228;7848;16,99;13,2;1,23;1,23;1,31;25311;25250;61;31089;31009;80;646
20260330;2024;11;00;NO CLASIFICADO;00;NO CATEGORIZADO;ICA;110000;788;7859;13202;23,23;16,47;1,35;1,39;1,16;48401;40270;8131;65234;55833;9401;1434
20260330;2024;11;00;NO CLASIFICADO;TT;TODAS CONSOLIDADAS;ICA;110000;788;7859;13202;23,23;16,47;1,35;1,39;1,16;48401;40270;8131;65234;55833;9401;1434
20260330;2024;11;00;NO CLASIFICADO;00;NO CATEGORIZADO;JUNÍN;120000;1514;15329;25015;25,64;20,5;1,13;1,12;2,68;135976;135363;613;153879;152237;1642;2756
20260330;2024;11;00;NO CLASIFICADO;TT;TODAS CONSOLIDADAS;JUNÍN;120000;1514;15329;25015;25,64;20,5;1,13;1,12;2,68;135976;135363;613;153879;152237;1642;2756
20260330;2024;11;00;NO CLASIFICADO;00;NO CATEGORIZADO;LA LIBERTAD;130000;998;7399;12369;10,66;7,84;1,06;1,06;1,15;27326;26348;978;29095;27966;1129;690
20260330;2024;11;00;NO CLASIFICADO;TT;TODAS CONSOLIDADAS;LA LIBERTAD;130000;998;7399;12369;10,66;7,84;1,06;1,06;1,15;27326;26348;978;29095;27966;1129;690
20260330;2024;11;00;NO CLASIFICADO;00;NO CATEGORIZADO;LAMBAYEQUE;140000;451;4455;6432;17,11;14,51;1,06;1,06;1,18;26300;25905;395;27999;27534;465;548
20260330;2024;11;00;NO CLASIFICADO;00;NO CATEGORIZADO;LIMA;150000;7144;55557;95328;21,71;20,16;1,04;1,03;1,1;2420502;2374666;45836;2507887;2457593;50294;34234
20260330;2024;11;00;NO CLASIFICADO;TT;TODAS CONSOLIDADAS;LIMA;150000;7144;55557;95328;21,71;20,16;1,04;1,03;1,1;2420502;2374666;45836;2507887;2457593;50294;34234
20260330;2024;11;00;NO CLASIFICADO;00;NO CATEGORIZADO;LORETO;160000;794;6799;10607;7,73;8,65;1,54;1,54;1,54;17861;12794;5067;27528;19713;7815;693
20260330;2024;11;00;NO CLASIFICADO;TT;TODAS CONSOLIDADAS;LORETO;160000;794;6799;10607;7,73;8,65;1,54;1,54;1,54;17861;12794;5067;27528;19713;7815;693
20260330;2024;11;00;NO CLASIFICADO;00;NO CATEGORIZADO;MADRE DE DIOS;170000;343;4398;7332;32,56;23,2;1,51;1,24;2,45;33782;26109;7673;51029;32266;18763;813
20260330;2024;11;00;NO CLASIFICADO;TT;TODAS CONSOLIDADAS;MADRE DE DIOS;170000;343;4398;7332;32,56;23,2;1,51;1,24;2,45;33782;26109;7673;51029;32266;18763;813
20260330;2024;11;00;NO CLASIFICADO;00;NO CATEGORIZADO;MOQUEGUA;180000;165;1639;2772;20,22;14,9;1,25;1,25;1,23;9887;9768;119;12390;12244;146;218
20260330;2024;11;00;NO CLASIFICADO;TT;TODAS CONSOLIDADAS;MOQUEGUA;180000;165;1639;2772;20,22;14,9;1,25;1,25;1,23;9887;9768;119;12390;12244;146;218
20260330;2024;11;00;NO CLASIFICADO;00;NO CATEGORIZADO;PASCO;190000;389;4067;6522;18,88;15,58;1,31;1,31;2;23196;23113;83;30486;30320;166;733
20260330;2024;11;00;NO CLASIFICADO;TT;TODAS CONSOLIDADAS;PASCO;190000;389;4067;6522;18,88;15,58;1,31;1,31;2;23196;23113;83;30486;30320;166;733
20260330;2024;11;00;NO CLASIFICADO;00;NO CATEGORIZADO;PIURA;200000;1160;10555;19025;39,48;29,3;1,79;1,58;2,29;93581;66910;26671;167236;106030;61206;2091
20260330;2024;11;00;NO CLASIFICADO;TT;TODAS CONSOLIDADAS;PIURA;200000;1160;10555;19025;39,48;29,3;1,79;1,58;2,29;93581;66910;26671;167236;106030;61206;2091
20260330;2024;11;00;NO CLASIFICADO;00;NO CATEGORIZADO;PUNO;210000;837;7367;12353;21,98;19,75;1,27;1,27;1,2;57611;54395;3216;73189;69342;3847;1329
20260330;2024;11;00;NO CLASIFICADO;00;NO CATEGORIZADO;SAN MARTÍN;220000;876;9286;14694;24,43;19,77;1,41;1,39;1,84;62010;60269;1741;87145;83944;3201;1157
20260330;2024;11;00;NO CLASIFICADO;TT;TODAS CONSOLIDADAS;SAN MARTÍN;220000;876;9286;14694;24,43;19,77;1,41;1,39;1,84;62010;60269;1741;87145;83944;3201;1157
20260330;2024;11;00;NO CLASIFICADO;00;NO CATEGORIZADO;TACNA;230000;430;4026;7219;8,76;8,57;1,27;1,21;1,4;14570;9466;5104;18567;11427;7140;454
20260330;2024;11;00;NO CLASIFICADO;TT;TODAS CONSOLIDADAS;TACNA;230000;430;4026;7219;8,76;8,57;1,27;1,21;1,4;14570;9466;5104;18567;11427;7140;454
20260330;2024;11;00;NO CLASIFICADO;00;NO CATEGORIZADO;TUMBES;240000;250;2438;4647;16,9;12,32;1,51;1,49;1,72;11343;10060;1283;17171;14959;2212;321
20260330;2024;11;00;NO CLASIFICADO;TT;TODAS CONSOLIDADAS;TUMBES;240000;250;2438;4647;16,9;12,32;1,51;1,49;1,72;11343;10060;1283;17171;14959;2212;321
20260330;2024;11;00;NO CLASIFICADO;00;NO CATEGORIZADO;UCAYALI;250000;547;5423;8389;37,17;26,28;3,46;3,51;1,59;19120;18661;459;66146;65417;729;989
20260330;2024;11;00;NO CLASIFICADO;TT;TODAS CONSOLIDADAS;UCAYALI;250000;547;5423;8389;37,17;26,28;3,46;3,51;1,59;19120;18661;459;66146;65417;729;989
20260330;2024;11;00;NO CLASIFICADO;TT;TODAS CONSOLIDADAS;APURÍMAC;030000;502;4428;6961;20,09;14,89;1,16;1,15;1,76;26757;26389;368;31103;30456;647;432
20260330;2024;11;00;NO CLASIFICADO;TT;TODAS CONSOLIDADAS;LAMBAYEQUE;140000;451;4455;6432;17,11;14,51;1,06;1,06;1,18;26300;25905;395;27999;27534;465;548
20260330;2024;11;00;NO CLASIFICADO;TT;TODAS CONSOLIDADAS;PUNO;210000;837;7367;12353;21,98;19,75;1,27;1,27;1,2;57611;54395;3216;73189;69342;3847;1329
20260330;2024;11;01;HOTEL;01;1 ESTRELLA;HUÁNUCO;100000;8;241;369;38,67;31,55;1,08;1,08;0;3229;3229;0;3493;3493;0;34
20260330;2024;11;01;HOTEL;01;1 ESTRELLA;ICA;110000;8;224;386;9,3;8,73;1;1;1;1011;893;118;1011;893;118;29
20260330;2024;11;01;HOTEL;01;1 ESTRELLA;JUNÍN;120000;5;221;475;14,84;10,37;1,26;1,26;0;1173;1173;0;1478;1478;0;22
20260330;2024;11;01;HOTEL;01;1 ESTRELLA;LA LIBERTAD;130000;4;109;202;15,32;11,45;1,33;1,33;0;522;522;0;694;694;0;17
20260330;2024;11;01;HOTEL;01;1 ESTRELLA;LAMBAYEQUE;140000;3;83;90;1,61;1,3;1;1;0;35;35;0;35;35;0;14
20260330;2024;11;01;HOTEL;01;1 ESTRELLA;LIMA;150000;12;428;752;40,54;37,86;1,05;1,05;1,4;7920;7890;30;8313;8271;42;63
20260330;2024;11;01;HOTEL;01;1 ESTRELLA;MADRE DE DIOS;170000;5;144;266;28,84;25,16;1,03;1,03;1;1945;1905;40;2008;1968;40;27
20260330;2024;11;01;HOTEL;01;1 ESTRELLA;MOQUEGUA;180000;2;64;128;15,47;8,88;1,18;1,16;2,5;289;285;4;341;331;10;9
20260330;2024;11;01;HOTEL;01;1 ESTRELLA;PASCO;190000;6;176;276;16,55;12,37;1,11;1,11;0;925;925;0;1024;1024;0;28
20260330;2024;11;01;HOTEL;01;1 ESTRELLA;PIURA;200000;2;40;87;0;0;0;0;0;0;0;0;0;0;0;0
20260330;2024;11;01;HOTEL;01;1 ESTRELLA;PUNO;210000;5;122;215;22,32;18,26;1,33;1,34;1,2;883;873;10;1178;1166;12;20
20260330;2024;11;01;HOTEL;01;1 ESTRELLA;SAN MARTÍN;220000;7;150;223;27,42;28,88;1,18;1,18;1,11;1635;1600;35;1932;1893;39;27
20260330;2024;11;01;HOTEL;01;1 ESTRELLA;TACNA;230000;3;102;211;5,07;3,16;1,75;1,75;0;114;114;0;200;200;0;12
20260330;2024;11;01;HOTEL;01;1 ESTRELLA;TUMBES;240000;2;47;100;0;0;0;0;0;0;0;0;0;0;0;0
20260330;2024;11;01;HOTEL;02;2 ESTRELLAS;AMAZONAS;010000;38;1059;1700;25,98;21,05;1,78;1,78;1,55;6047;5961;86;10738;10605;133;171
20260330;2024;11;01;HOTEL;02;2 ESTRELLAS;ÁNCASH;020000;62;1644;3025;19,26;14,15;1,6;1,6;1,59;8033;7825;208;12845;12515;330;253
20260330;2024;11;01;HOTEL;02;2 ESTRELLAS;APURÍMAC;030000;7;290;496;25,37;20,54;1,13;1,13;1,4;2708;2703;5;3056;3049;7;28
20260330;2024;11;01;HOTEL;02;2 ESTRELLAS;AREQUIPA;040000;43;1208;2140;20,22;16,46;1,33;1,33;1,36;7922;7206;716;10570;9598;972;198
20260330;2024;11;01;HOTEL;02;2 ESTRELLAS;AYACUCHO;050000;8;273;478;25,89;16,07;1,25;1,25;1,28;1841;1777;64;2305;2223;82;47
20260330;2024;11;01;HOTEL;02;2 ESTRELLAS;CAJAMARCA;060000;67;1901;3023;23,97;18,61;1,18;1,18;1,11;14322;14214;108;16874;16754;120;284
20260330;2024;11;01;HOTEL;02;2 ESTRELLAS;CALLAO;070000;1;40;67;21,42;20,9;1,12;1,12;1,12;374;77;297;420;86;334;6
20260330;2024;11;01;HOTEL;02;2 ESTRELLAS;CUSCO;080000;48;1214;2252;25,79;23;1,67;1,47;1,81;9308;3914;5394;15540;5767;9773;383
20260330;2024;11;01;HOTEL;02;2 ESTRELLAS;HUANCAVELICA;090000;2;40;69;58,67;53,91;2,14;2,14;0;521;521;0;1116;1116;0;9
20260330;2024;11;01;HOTEL;02;2 ESTRELLAS;HUÁNUCO;100000;54;1657;2623;32,73;27,37;1,37;1,37;1,55;15757;15666;91;21535;21394;141;262
20260330;2024;11;01;HOTEL;02;2 ESTRELLAS;ICA;110000;54;1537;2672;23,65;16,77;1,13;1,13;1,09;11863;11685;178;13444;13250;194;240
20260330;2024;11;01;HOTEL;02;2 ESTRELLAS;JUNÍN;120000;29;885;1585;20,27;14,95;1,41;1,4;1,48;5059;5015;44;7109;7044;65;137
20260330;2024;11;01;HOTEL;02;2 ESTRELLAS;LA LIBERTAD;130000;20;491;866;26,43;16,59;1,58;1,59;1,51;2723;2399;324;4311;3823;488;100
20260330;2024;11;01;HOTEL;02;2 ESTRELLAS;LAMBAYEQUE;140000;72;2087;3073;18,2;14,79;1,11;1,11;1,21;12284;12187;97;13632;13515;117;308
20260330;2024;11;01;HOTEL;02;2 ESTRELLAS;LIMA;150000;123;5451;10283;36,01;30,59;1,34;1,32;1,75;91704;88072;3632;122524;116186;6338;1152
20260330;2024;11;01;HOTEL;02;2 ESTRELLAS;LORETO;160000;9;207;351;16,36;12,03;1,55;1,53;1,74;815;725;90;1267;1110;157;42
20260330;2024;11;01;HOTEL;02;2 ESTRELLAS;MADRE DE DIOS;170000;9;270;495;47,12;31,68;1,21;1,2;1,26;3891;3506;385;4705;4220;485;51
20260330;2024;11;01;HOTEL;02;2 ESTRELLAS;MOQUEGUA;180000;26;644;1078;28,72;22,91;1,82;1,83;1,68;4082;3782;300;7409;6906;503;128
20260330;2024;11;01;HOTEL;02;2 ESTRELLAS;PASCO;190000;6;191;364;38,9;29,33;1,41;1,41;1;2279;2278;1;3203;3202;1;32
20260330;2024;11;01;HOTEL;02;2 ESTRELLAS;PIURA;200000;17;414;686;29,8;22,29;1,85;1,87;1,56;2477;2353;124;4587;4393;194;80
20260330;2024;11;01;HOTEL;02;2 ESTRELLAS;PUNO;210000;32;748;1312;18,92;14,08;1,29;1,24;1,69;4311;3895;416;5540;4837;703;107
20260330;2024;11;01;HOTEL;02;2 ESTRELLAS;SAN MARTÍN;220000;28;776;1328;43,88;39,19;1,89;1,89;1,81;8283;8003;280;15615;15107;508;145
20260330;2024;11;01;HOTEL;02;2 ESTRELLAS;TACNA;230000;32;910;1774;27,89;19,72;1,43;1,41;1,45;7326;3750;3576;10493;5295;5198;173
20260330;2024;11;01;HOTEL;02;2 ESTRELLAS;TUMBES;240000;6;162;295;33,72;22,62;2,34;2,36;2,13;855;771;84;2002;1823;179;32
20260330;2024;11;01;HOTEL;02;2 ESTRELLAS;UCAYALI;250000;1;30;53;6,67;3,77;1;1;1;60;58;2;60;58;2;6
20260330;2024;11;01;HOTEL;03;3 ESTRELLAS;AMAZONAS;010000;17;426;727;17,51;14,73;1,4;1,33;2,25;2299;2140;159;3213;2856;357;92
20260330;2024;11;01;HOTEL;03;3 ESTRELLAS;ÁNCASH;020000;41;1403;2524;26,38;18,62;1,54;1,52;1,7;9171;8551;620;14096;13040;1056;324
20260330;2024;11;01;HOTEL;03;3 ESTRELLAS;APURÍMAC;030000;5;178;298;45,69;38,62;1,73;1,71;1,81;1997;1617;380;3453;2764;689;46
20260330;2024;11;01;HOTEL;03;3 ESTRELLAS;AREQUIPA;040000;72;2119;3984;38,8;31,33;1,76;1,93;1,58;21264;10983;10281;37445;21160;16285;610
20260330;2024;11;01;HOTEL;03;3 ESTRELLAS;AYACUCHO;050000;7;190;351;25,7;19,79;1,56;1,58;1,36;1340;1173;167;2084;1857;227;46
20260330;2024;11;01;HOTEL;03;3 ESTRELLAS;CAJAMARCA;060000;68;2058;3429;18,13;13,78;1,61;1,61;1,6;8797;8478;319;14176;13667;509;396
20260330;2024;11;01;HOTEL;03;3 ESTRELLAS;CALLAO;070000;4;233;393;31,77;33,83;1,25;1,17;1,44;3193;2235;958;3989;2607;1382;49
20260330;2024;11;01;HOTEL;03;3 ESTRELLAS;CUSCO;080000;92;3244;6368;46,52;39,83;1,74;1,74;1,74;43790;7254;36536;76097;12642;63455;1118
20260330;2024;11;01;HOTEL;03;3 ESTRELLAS;HUANCAVELICA;090000;2;65;108;7,9;5,8;1,38;1,37;2;136;134;2;188;184;4;10
20260330;2024;11;01;HOTEL;03;3 ESTRELLAS;HUÁNUCO;100000;18;648;1177;28,72;22,14;1,5;1,48;2,25;5204;5027;177;7816;7418;398;161
20260330;2024;11;01;HOTEL;03;3 ESTRELLAS;ICA;110000;70;2397;4685;37,38;29,08;1,46;1,53;1,27;28007;20629;7378;40874;31507;9367;543
20260330;2024;11;01;HOTEL;03;3 ESTRELLAS;JUNÍN;120000;20;763;1466;18,35;12,43;1,58;1,57;2,14;3450;3370;80;5468;5297;171;199
20260330;2024;11;01;HOTEL;03;3 ESTRELLAS;LA LIBERTAD;130000;72;2087;3947;32,39;23,6;1,75;1,72;2,05;15988;14791;1197;27945;25497;2448;503
20260330;2024;11;01;HOTEL;03;3 ESTRELLAS;LAMBAYEQUE;140000;38;1240;2096;33,41;26,91;1,43;1,42;1,59;11827;11224;603;16923;15963;960;233
20260330;2024;11;01;HOTEL;03;3 ESTRELLAS;LIMA;150000;161;8429;16029;51,31;43,46;1,82;1,52;2,22;115132;66460;48672;208979;101087;107892;2268
20260330;2024;11;01;HOTEL;03;3 ESTRELLAS;LORETO;160000;27;791;1359;30,51;29,03;2,16;2,22;1,92;5479;4363;1116;11837;9690;2147;239
20260330;2024;11;01;HOTEL;03;3 ESTRELLAS;MADRE DE DIOS;170000;5;202;377;30,26;29,78;1,71;1,83;1,33;1974;1479;495;3368;2708;660;48
20260330;2024;11;01;HOTEL;03;3 ESTRELLAS;MOQUEGUA;180000;12;381;630;35,01;23,83;1,61;1,62;1,35;2800;2664;136;4504;4320;184;86
20260330;2024;11;01;HOTEL;03;3 ESTRELLAS;PASCO;190000;4;89;130;12,47;19,49;1,66;1,65;2,25;459;451;8;760;742;18;10
20260330;2024;11;01;HOTEL;03;3 ESTRELLAS;PIURA;200000;20;717;1202;46,16;35,35;1,75;1,66;2,36;7297;6393;904;12747;10612;2135;210
20260330;2024;11;01;HOTEL;03;3 ESTRELLAS;PUNO;210000;28;884;1722;35,74;28,52;1,52;1,6;1,48;9703;2988;6715;14733;4777;9956;186
20260330;2024;11;01;HOTEL;03;3 ESTRELLAS;SAN MARTÍN;220000;27;970;1707;33,47;28,14;1,99;1,98;2,2;7246;6937;309;14410;13729;681;221
20260330;2024;11;01;HOTEL;03;3 ESTRELLAS;TACNA;230000;10;397;851;36,25;29,13;1,72;1,74;1,71;4313;2002;2311;7436;3477;3959;101
20260330;2024;11;01;HOTEL;03;3 ESTRELLAS;TUMBES;240000;9;282;565;47,22;44,18;2,62;2,58;2,73;2863;2247;616;7489;5808;1681;124
20260330;2024;11;01;HOTEL;03;3 ESTRELLAS;UCAYALI;250000;15;541;903;30,55;24,15;2;2,03;1,57;3276;3041;235;6541;6173;368;130
20260330;2024;11;01;HOTEL;04;4 ESTRELLAS;APURÍMAC;030000;1;32;56;27,4;15,65;1,74;1,74;1,73;151;140;11;263;244;19;14
20260330;2024;11;01;HOTEL;04;4 ESTRELLAS;AREQUIPA;040000;11;558;1061;48,04;39,91;1,83;2,01;1,7;6939;2933;4006;12702;5900;6802;260
20260330;2024;11;01;HOTEL;04;4 ESTRELLAS;CAJAMARCA;060000;3;184;331;45,89;37,24;2,08;1,96;2,72;1782;1520;262;3698;2986;712;145
20260330;2024;11;01;HOTEL;04;4 ESTRELLAS;CALLAO;070000;2;371;599;95,02;85,41;1,38;1,85;1,29;11085;1821;9264;15349;3361;11988;130
20260330;2024;11;01;HOTEL;04;4 ESTRELLAS;CUSCO;080000;20;1578;3130;69,81;62,69;1,69;1,6;1,7;34766;3717;31049;58862;5938;52924;1009
20260330;2024;11;01;HOTEL;04;4 ESTRELLAS;HUÁNUCO;100000;1;60;101;48,28;34,72;1,6;1,58;2,2;658;633;25;1052;997;55;30
20260330;2024;11;01;HOTEL;04;4 ESTRELLAS;ICA;110000;7;707;1488;37,68;36,02;1,61;1,8;1,29;9990;6329;3661;16081;11374;4707;324
20260330;2024;11;01;HOTEL;04;4 ESTRELLAS;JUNÍN;120000;1;40;82;29,08;28,01;1,55;1,55;1,67;445;442;3;689;684;5;17
20260330;2024;11;01;HOTEL;04;4 ESTRELLAS;LA LIBERTAD;130000;4;318;546;46,51;44,05;1,97;1,94;2,12;3661;3053;608;7215;5929;1286;128
20260330;2024;11;01;HOTEL;04;4 ESTRELLAS;LAMBAYEQUE;140000;5;359;618;69,99;58,09;1,5;1,44;2,02;7167;6347;820;10769;9112;1657;280
20260330;2024;11;01;HOTEL;04;4 ESTRELLAS;LIMA;150000;44;4331;7839;64,74;58,21;2,36;1,92;2,53;58074;16395;41679;136890;31467;105423;1609
20260330;2024;11;01;HOTEL;04;4 ESTRELLAS;LORETO;160000;3;136;203;50,05;46,37;2,1;2,23;1,83;1343;922;421;2824;2055;769;85
20260330;2024;11;01;HOTEL;04;4 ESTRELLAS;MOQUEGUA;180000;2;123;234;44,91;32,99;2,48;2,44;2,66;935;767;168;2316;1869;447;60
20260330;2024;11;01;HOTEL;04;4 ESTRELLAS;PIURA;200000;5;456;826;50,83;37,57;2,2;1,96;2,97;4226;3208;1018;9310;6282;3028;177
20260330;2024;11;01;HOTEL;04;4 ESTRELLAS;PUNO;210000;8;508;961;47,42;42,31;1,7;1,93;1,68;7163;773;6390;12199;1495;10704;198
20260330;2024;11;01;HOTEL;04;4 ESTRELLAS;SAN MARTÍN;220000;1;58;90;41,78;37,26;2,28;2,31;1,2;441;431;10;1006;994;12;20
20260330;2024;11;01;HOTEL;04;4 ESTRELLAS;TACNA;230000;2;200;391;52,82;42,84;1,9;1,91;1,89;2646;1372;1274;5025;2614;2411;67
20260330;2024;11;01;HOTEL;04;4 ESTRELLAS;TUMBES;240000;5;265;520;31,47;32,5;2,25;2,47;1,84;2252;1482;770;5070;3656;1414;160
20260330;2024;11;01;HOTEL;04;4 ESTRELLAS;UCAYALI;250000;5;289;515;46,89;36,6;2,09;2,04;2,32;2705;2209;496;5655;4503;1152;120
20260330;2024;11;01;HOTEL;05;5 ESTRELLAS;AREQUIPA;040000;3;241;352;63;59,75;2,01;2,03;1,99;3134;1842;1292;6310;3739;2571;184
20260330;2024;11;01;HOTEL;05;5 ESTRELLAS;CUSCO;080000;15;1283;2519;57,91;52,37;1,66;1,85;1,64;23797;2719;21078;39579;5022;34557;1341
20260330;2024;11;01;HOTEL;05;5 ESTRELLAS;ICA;110000;5;546;1307;49,08;44,05;1,89;1,88;1,91;9145;6847;2298;17272;12881;4391;566
20260330;2024;11;01;HOTEL;05;5 ESTRELLAS;LA LIBERTAD;130000;2;267;450;43,15;38,19;1,75;1,64;2,32;2940;2438;502;5156;3990;1166;190
20260330;2024;11;01;HOTEL;05;5 ESTRELLAS;LIMA;150000;27;4807;8382;62,69;45,76;2,69;1,94;2,86;42820;8116;34704;115067;15744;99323;3464
20260330;2024;11;01;HOTEL;05;5 ESTRELLAS;LORETO;160000;1;60;88;70,22;65,19;1,7;1,69;1,7;1015;406;609;1721;687;1034;54
20260330;2024;11;01;HOTEL;05;5 ESTRELLAS;PIURA;200000;1;83;166;78,71;53,61;1,81;1,6;2,19;1473;946;527;2670;1518;1152;82
20260330;2024;11;01;HOTEL;05;5 ESTRELLAS;PUNO;210000;1;123;231;47,05;66,46;1,59;1,67;1,58;2897;345;2552;4606;577;4029;32
20260330;2024;11;01;HOTEL;05;5 ESTRELLAS;SAN MARTÍN;220000;1;50;108;36,2;42,19;1,78;1,79;1,59;767;733;34;1367;1313;54;67
20260330;2024;11;01;HOTEL;05;5 ESTRELLAS;UCAYALI;250000;2;162;298;41,4;32,4;2,04;2,02;2,14;1421;1216;205;2897;2459;438;71
20260330;2024;11;01;HOTEL;TT;TODAS CONSOLIDADAS;AMAZONAS;010000;56;1505;2451;23,24;18,97;1,67;1,66;2;8346;8101;245;13951;13461;490;263
20260330;2024;11;01;HOTEL;TT;TODAS CONSOLIDADAS;ÁNCASH;020000;117;3447;6174;22,31;16,16;1,52;1,51;1,67;19721;18893;828;29923;28537;1386;631
20260330;2024;11;01;HOTEL;TT;TODAS CONSOLIDADAS;APURÍMAC;030000;15;577;969;38,17;31,44;1,3;1,27;1,81;7012;6616;396;9141;8426;715;100
20260330;2024;11;01;HOTEL;TT;TODAS CONSOLIDADAS;AREQUIPA;040000;136;4365;7938;35,42;29,31;1,67;1,69;1,63;41864;25558;16306;69788;43143;26645;1292
20260330;2024;11;01;HOTEL;TT;TODAS CONSOLIDADAS;AYACUCHO;050000;23;663;1182;22,71;16,1;1,47;1,48;1,4;3871;3627;244;5709;5368;341;133
20260330;2024;11;01;HOTEL;TT;TODAS CONSOLIDADAS;CAJAMARCA;060000;144;4296;7060;21,69;16,82;1,4;1,38;1,94;25507;24812;695;35619;34271;1348;850
20260330;2024;11;01;HOTEL;TT;TODAS CONSOLIDADAS;CALLAO;070000;7;644;1059;67,57;62,19;1,35;1,46;1,3;14652;4133;10519;19758;6054;13704;185
20260330;2024;11;01;HOTEL;TT;TODAS CONSOLIDADAS;CUSCO;080000;179;7437;14462;49,53;44,03;1,7;1,66;1,71;112268;18211;94057;191021;30312;160709;3870
20260330;2024;11;01;HOTEL;TT;TODAS CONSOLIDADAS;HUANCAVELICA;090000;4;105;177;27,24;24,56;1,98;1,98;2;657;655;2;1304;1300;4;19
20260330;2024;11;01;HOTEL;TT;TODAS CONSOLIDADAS;HUÁNUCO;100000;81;2606;4270;32,64;26,46;1,36;1,36;2,03;24848;24555;293;33896;33302;594;487
20260330;2024;11;01;HOTEL;TT;TODAS CONSOLIDADAS;ICA;110000;144;5411;10538;33,54;28,05;1,48;1,51;1,38;60016;46383;13633;88682;69905;18777;1702
20260330;2024;11;01;HOTEL;TT;TODAS CONSOLIDADAS;JUNÍN;120000;55;1909;3608;19,06;13,62;1,46;1,45;1,9;10127;10000;127;14744;14503;241;375
20260330;2024;11;01;HOTEL;TT;TODAS CONSOLIDADAS;LA LIBERTAD;130000;102;3272;6011;33,18;25,13;1,75;1,72;2,05;25834;23203;2631;45321;39933;5388;938
20260330;2024;11;01;HOTEL;TT;TODAS CONSOLIDADAS;LAMBAYEQUE;140000;118;3769;5877;27,77;23,46;1,32;1,3;1,8;31313;29793;1520;41359;38625;2734;835
20260330;2024;11;01;HOTEL;TT;TODAS CONSOLIDADAS;LIMA;150000;367;23446;43285;54,7;44,93;2;1,53;2,49;327490;167714;159776;653908;256027;397881;9934
20260330;2024;11;01;HOTEL;TT;TODAS CONSOLIDADAS;LORETO;160000;40;1194;2001;32,28;29,4;2,04;2,11;1,84;8652;6416;2236;17649;13542;4107;420
20260330;2024;11;01;HOTEL;TT;TODAS CONSOLIDADAS;MADRE DE DIOS;170000;19;616;1138;37,32;29,53;1,29;1,29;1,29;7810;6890;920;10081;8896;1185;126
20260330;2024;11;01;HOTEL;TT;TODAS CONSOLIDADAS;MOQUEGUA;180000;42;1212;2070;31,64;23,46;1,8;1,79;1,88;8106;7498;608;14570;13426;1144;283
20260330;2024;11;01;HOTEL;TT;TODAS CONSOLIDADAS;PASCO;190000;16;456;770;25,12;21,59;1,36;1,36;2,11;3663;3654;9;4987;4968;19;70
20260330;2024;11;01;HOTEL;TT;TODAS CONSOLIDADAS;PIURA;200000;45;1710;2967;43,95;32,93;1,89;1,77;2,53;15473;12900;2573;29314;22805;6509;549
20260330;2024;11;01;HOTEL;TT;TODAS CONSOLIDADAS;PUNO;210000;74;2385;4441;32,85;28,71;1,53;1,45;1,58;24957;8874;16083;38256;12852;25404;543
20260330;2024;11;01;HOTEL;TT;TODAS CONSOLIDADAS;SAN MARTÍN;220000;64;2004;3456;37,36;33,11;1,87;1,87;1,94;18372;17704;668;34330;33036;1294;480
20260330;2024;11;01;HOTEL;TT;TODAS CONSOLIDADAS;TACNA;230000;47;1609;3227;31,6;23,92;1,61;1,6;1,62;14399;7238;7161;23154;11586;11568;353
20260330;2024;11;01;HOTEL;TT;TODAS CONSOLIDADAS;TUMBES;240000;22;756;1480;35,87;32,8;2,44;2,51;2,23;5970;4500;1470;14561;11287;3274;316
20260330;2024;11;01;HOTEL;TT;TODAS CONSOLIDADAS;UCAYALI;250000;23;1022;1769;36,19;28,55;2,03;2,02;2,09;7462;6524;938;15153;13193;1960;327
20260330;2024;11;02;APART HOTEL;03;3 ESTRELLAS;ÁNCASH;020000;2;16;44;24,17;23,94;2,14;2,14;0;148;148;0;316;316;0;4
20260330;2024;11;02;APART HOTEL;03;3 ESTRELLAS;APURÍMAC;030000;1;21;30;77,94;73;1,83;1,83;1,82;360;316;44;657;577;80;13
20260330;2024;11;02;APART HOTEL;03;3 ESTRELLAS;AREQUIPA;040000;1;19;35;4,39;3,33;1,46;1,46;0;24;24;0;35;35;0;5
20260330;2024;11;02;APART HOTEL;03;3 ESTRELLAS;CAJAMARCA;060000;2;13;24;0;0;0;0;0;0;0;0;0;0;0;0
20260330;2024;11;02;APART HOTEL;03;3 ESTRELLAS;ICA;110000;3;36;56;10,37;10,3;1;1;0;173;173;0;173;173;0;8
20260330;2024;11;02;APART HOTEL;03;3 ESTRELLAS;LIMA;150000;7;189;365;47,04;36,88;2,88;2,75;2,98;1401;588;813;4038;1615;2423;43
20260330;2024;11;02;APART HOTEL;03;3 ESTRELLAS;LORETO;160000;1;24;46;0;0;0;0;0;0;0;0;0;0;0;0
20260330;2024;11;02;APART HOTEL;03;3 ESTRELLAS;MOQUEGUA;180000;1;10;16;26,67;16,88;1,88;1,8;3,5;43;41;2;81;74;7;3
20260330;2024;11;02;APART HOTEL;03;3 ESTRELLAS;PASCO;190000;1;15;17;0;0;0;0;0;0;0;0;0;0;0;0
20260330;2024;11;02;APART HOTEL;03;3 ESTRELLAS;TUMBES;240000;2;18;50;0;0;0;0;0;0;0;0;0;0;0;0
20260330;2024;11;02;APART HOTEL;04;4 ESTRELLAS;LIMA;150000;8;610;1277;71,37;65,67;2,05;1,63;2,91;12297;8301;3996;25157;13545;11612;404
20260330;2024;11;02;APART HOTEL;04;4 ESTRELLAS;LORETO;160000;1;13;23;38,72;28,41;1;1;1;196;4;192;196;4;192;6
20260330;2024;11;02;APART HOTEL;04;4 ESTRELLAS;SAN MARTÍN;220000;1;24;48;79,58;63,68;2,11;1,96;2,74;435;351;84;917;687;230;20
20260330;2024;11;02;APART HOTEL;05;5 ESTRELLAS;LIMA;150000;4;250;435;55,95;49,06;3;2,38;3,19;2137;505;1632;6402;1203;5199;111
20260330;2024;11;02;APART HOTEL;TT;TODAS CONSOLIDADAS;ÁNCASH;020000;2;16;44;24,17;23,94;2,14;2,14;0;148;148;0;316;316;0;4
20260330;2024;11;02;APART HOTEL;TT;TODAS CONSOLIDADAS;APURÍMAC;030000;1;21;30;77,94;73;1,83;1,83;1,82;360;316;44;657;577;80;13
20260330;2024;11;02;APART HOTEL;TT;TODAS CONSOLIDADAS;AREQUIPA;040000;1;19;35;4,39;3,33;1,46;1,46;0;24;24;0;35;35;0;5
20260330;2024;11;02;APART HOTEL;TT;TODAS CONSOLIDADAS;CAJAMARCA;060000;2;13;24;0;0;0;0;0;0;0;0;0;0;0;0
20260330;2024;11;02;APART HOTEL;TT;TODAS CONSOLIDADAS;ICA;110000;3;36;56;10,37;10,3;1;1;0;173;173;0;173;173;0;8
20260330;2024;11;02;APART HOTEL;TT;TODAS CONSOLIDADAS;LIMA;150000;19;1049;2077;63,31;57,13;2,25;1,74;2,99;15835;9394;6441;35597;16363;19234;558
20260330;2024;11;02;APART HOTEL;TT;TODAS CONSOLIDADAS;LORETO;160000;2;37;69;13,6;9,47;1;1;1;196;4;192;196;4;192;6
20260330;2024;11;02;APART HOTEL;TT;TODAS CONSOLIDADAS;MOQUEGUA;180000;1;10;16;26,67;16,88;1,88;1,8;3,5;43;41;2;81;74;7;3
20260330;2024;11;02;APART HOTEL;TT;TODAS CONSOLIDADAS;PASCO;190000;1;15;17;0;0;0;0;0;0;0;0;0;0;0;0
20260330;2024;11;02;APART HOTEL;TT;TODAS CONSOLIDADAS;SAN MARTÍN;220000;1;24;48;79,58;63,68;2,11;1,96;2,74;435;351;84;917;687;230;20
20260330;2024;11;02;APART HOTEL;TT;TODAS CONSOLIDADAS;TUMBES;240000;2;18;50;0;0;0;0;0;0;0;0;0;0;0;0
20260330;2024;11;03;HOSTAL;01;1 ESTRELLA;AMAZONAS;010000;18;249;389;30,11;23,4;1,02;1,02;1,44;2670;2654;16;2731;2708;23;46
20260330;2024;11;03;HOSTAL;01;1 ESTRELLA;ÁNCASH;020000;38;558;913;27,56;21,43;1,04;1,04;1;5635;5631;4;5869;5865;4;94
20260330;2024;11;03;HOSTAL;01;1 ESTRELLA;APURÍMAC;030000;5;109;166;34,68;37,97;1,13;1,13;0;1667;1667;0;1891;1891;0;14
20260330;2024;11;03;HOSTAL;01;1 ESTRELLA;AREQUIPA;040000;51;774;1180;20,82;16,42;1,16;1,15;1,2;5019;4673;346;5811;5397;414;134
20260330;2024;11;03;HOSTAL;01;1 ESTRELLA;AYACUCHO;050000;16;208;378;8,45;4,67;1;1;1;530;525;5;530;525;5;33
20260330;2024;11;03;HOSTAL;01;1 ESTRELLA;CAJAMARCA;060000;22;404;640;15,73;12,96;1,56;1,56;0;1595;1595;0;2488;2488;0;78
20260330;2024;11;03;HOSTAL;01;1 ESTRELLA;CALLAO;070000;8;159;301;28,75;32,28;1;1;0;3137;3137;0;3137;3137;0;25
20260330;2024;11;03;HOSTAL;01;1 ESTRELLA;CUSCO;080000;25;424;709;21,79;18,99;1,07;1,08;1,04;3775;2886;889;4039;3116;923;64
20260330;2024;11;03;HOSTAL;01;1 ESTRELLA;HUANCAVELICA;090000;2;66;94;19,34;13,83;1,01;1,01;0;386;386;0;390;390;0;5
20260330;2024;11;03;HOSTAL;01;1 ESTRELLA;HUÁNUCO;100000;26;376;557;42,08;41,92;1,64;1,64;0;4265;4265;0;7004;7004;0;68
20260330;2024;11;03;HOSTAL;01;1 ESTRELLA;ICA;110000;19;241;373;42,14;35,47;1,31;1,3;2,67;3028;3004;24;3969;3905;64;43
20260330;2024;11;03;HOSTAL;01;1 ESTRELLA;JUNÍN;120000;12;170;294;27,98;22,86;1,32;1,32;0;1528;1528;0;2016;2016;0;30
20260330;2024;11;03;HOSTAL;01;1 ESTRELLA;LA LIBERTAD;130000;24;357;641;31,23;26,34;1,47;1,47;1,42;3450;3419;31;5066;5022;44;66
20260330;2024;11;03;HOSTAL;01;1 ESTRELLA;LAMBAYEQUE;140000;16;212;301;29,2;25,12;1,03;1,03;1;2200;2199;1;2268;2267;1;40
20260330;2024;11;03;HOSTAL;01;1 ESTRELLA;LIMA;150000;79;1616;2870;22,62;21,66;1,11;1,1;1,15;21339;19914;1425;23589;21953;1637;344
20260330;2024;11;03;HOSTAL;01;1 ESTRELLA;LORETO;160000;6;106;172;17,11;13,84;1,54;1,54;1,48;464;433;31;714;668;46;23
20260330;2024;11;03;HOSTAL;01;1 ESTRELLA;MADRE DE DIOS;170000;2;53;101;11,82;8,61;1,47;1,47;0;178;178;0;261;261;0;8
20260330;2024;11;03;HOSTAL;01;1 ESTRELLA;MOQUEGUA;180000;19;282;483;20,02;14,58;1,31;1,31;1,29;1608;1570;38;2113;2064;49;51
20260330;2024;11;03;HOSTAL;01;1 ESTRELLA;PASCO;190000;22;365;549;30,04;18,63;1,01;1,01;1;3024;3013;11;3069;3058;11;60
20260330;2024;11;03;HOSTAL;01;1 ESTRELLA;PIURA;200000;3;56;81;40,18;30,66;1,63;1,55;2,62;456;419;37;745;648;97;10
20260330;2024;11;03;HOSTAL;01;1 ESTRELLA;PUNO;210000;35;524;920;19,15;14,85;1,06;1,06;1,13;3857;3704;153;4098;3925;173;77
20260330;2024;11;03;HOSTAL;01;1 ESTRELLA;SAN MARTÍN;220000;1;20;33;0;0;0;0;0;0;0;0;0;0;0;0
20260330;2024;11;03;HOSTAL;01;1 ESTRELLA;TACNA;230000;10;175;306;16,55;15,88;1,08;1,06;1,11;1351;849;502;1458;903;555;28
20260330;2024;11;03;HOSTAL;02;2 ESTRELLAS;AMAZONAS;010000;52;843;1351;21,49;19,11;1,18;1,16;2,05;6536;6384;152;7744;7432;312;144
20260330;2024;11;03;HOSTAL;02;2 ESTRELLAS;ÁNCASH;020000;129;2153;3760;31,7;29,77;1,11;1,11;1,2;30116;29878;238;33578;33293;285;373
20260330;2024;11;03;HOSTAL;02;2 ESTRELLAS;APURÍMAC;030000;7;143;221;34,57;29,43;1,11;1,12;1,02;1754;1700;54;1951;1896;55;21
20260330;2024;11;03;HOSTAL;02;2 ESTRELLAS;AREQUIPA;040000;130;2078;3744;33,86;29,23;1,45;1,46;1,33;22645;20723;1922;32831;30274;2557;369
20260330;2024;11;03;HOSTAL;02;2 ESTRELLAS;AYACUCHO;050000;10;133;238;47,92;66,86;2,78;2,78;2,67;1719;1622;97;4774;4515;259;24
20260330;2024;11;03;HOSTAL;02;2 ESTRELLAS;CAJAMARCA;060000;130;2363;3757;16,07;11,18;1,13;1,13;1,19;11182;11123;59;12601;12531;70;381
20260330;2024;11;03;HOSTAL;02;2 ESTRELLAS;CALLAO;070000;6;247;453;29,69;26,36;1,04;1,04;0;3455;3455;0;3583;3583;0;37
20260330;2024;11;03;HOSTAL;02;2 ESTRELLAS;CUSCO;080000;46;744;1317;39,33;34,18;1,74;1,62;1,94;7780;4853;2927;13505;7839;5666;120
20260330;2024;11;03;HOSTAL;02;2 ESTRELLAS;HUANCAVELICA;090000;1;44;82;0;0;0;0;0;0;0;0;0;0;0;0
20260330;2024;11;03;HOSTAL;02;2 ESTRELLAS;HUÁNUCO;100000;27;369;607;42,3;30,82;1,28;1,28;1,26;4401;4336;65;5613;5531;82;85
20260330;2024;11;03;HOSTAL;02;2 ESTRELLAS;ICA;110000;83;1257;1992;28,82;27,77;1,03;1,03;1,13;16089;15663;426;16596;16116;480;206
20260330;2024;11;03;HOSTAL;02;2 ESTRELLAS;JUNÍN;120000;26;416;801;27,61;26,34;1,21;1,21;1,29;5222;5201;21;6329;6302;27;83
20260330;2024;11;03;HOSTAL;02;2 ESTRELLAS;LA LIBERTAD;130000;122;2062;3681;19,37;17,63;1,22;1,22;1,07;15963;15902;61;19467;19402;65;359
20260330;2024;11;03;HOSTAL;02;2 ESTRELLAS;LAMBAYEQUE;140000;145;2131;3084;27,22;21,66;1,11;1,11;1,03;18028;17907;121;20038;19913;125;400
20260330;2024;11;03;HOSTAL;02;2 ESTRELLAS;LIMA;150000;118;2937;5369;29,97;31,5;1,39;1,28;2,09;52894;45803;7091;73556;58734;14822;704
20260330;2024;11;03;HOSTAL;02;2 ESTRELLAS;LORETO;160000;8;131;211;16,26;21,64;2,3;2,32;1,93;595;567;28;1370;1316;54;26
20260330;2024;11;03;HOSTAL;02;2 ESTRELLAS;MADRE DE DIOS;170000;6;146;213;32,21;26,89;1,23;1,23;1,39;1398;1370;28;1718;1679;39;26
20260330;2024;11;03;HOSTAL;02;2 ESTRELLAS;MOQUEGUA;180000;64;957;1550;23,57;17,79;1,57;1,57;1,28;5279;5225;54;8272;8203;69;175
20260330;2024;11;03;HOSTAL;02;2 ESTRELLAS;PASCO;190000;17;299;574;16,02;10,35;2,29;2,29;1,75;779;775;4;1782;1775;7;45
20260330;2024;11;03;HOSTAL;02;2 ESTRELLAS;PIURA;200000;24;492;845;30,55;21,31;1,81;1,79;2,15;2989;2883;106;5401;5173;228;90
20260330;2024;11;03;HOSTAL;02;2 ESTRELLAS;PUNO;210000;62;947;1789;24,4;17,64;1,21;1,2;1,26;7841;6618;1223;9468;7924;1544;168
20260330;2024;11;03;HOSTAL;02;2 ESTRELLAS;SAN MARTÍN;220000;23;325;522;38,64;32,3;1,72;1,72;2,19;2937;2900;37;5058;4977;81;72
20260330;2024;11;03;HOSTAL;02;2 ESTRELLAS;TACNA;230000;28;473;894;29,28;19,29;1,95;1,74;2,02;2650;607;2043;5174;1054;4120;86
20260330;2024;11;03;HOSTAL;02;2 ESTRELLAS;TUMBES;240000;5;66;131;13,28;11,78;1,54;1,55;1;301;296;5;463;458;5;21
20260330;2024;11;03;HOSTAL;02;2 ESTRELLAS;UCAYALI;250000;2;68;124;14,12;8,39;1,33;1,33;1,67;234;231;3;312;307;5;16
20260330;2024;11;03;HOSTAL;03;3 ESTRELLAS;AMAZONAS;010000;8;116;224;36,38;25,49;1,75;1,66;2,09;981;785;196;1713;1303;410;29
20260330;2024;11;03;HOSTAL;03;3 ESTRELLAS;ÁNCASH;020000;20;320;612;21,59;18,26;1,83;1,8;2,14;1834;1696;138;3353;3058;295;69
20260330;2024;11;03;HOSTAL;03;3 ESTRELLAS;APURÍMAC;030000;1;24;43;41,81;23,33;2,02;2,02;2;149;145;4;301;293;8;5
20260330;2024;11;03;HOSTAL;03;3 ESTRELLAS;AREQUIPA;040000;47;756;1415;30,8;24,61;1,92;1,86;2,06;5449;3969;1480;10448;7396;3052;186
20260330;2024;11;03;HOSTAL;03;3 ESTRELLAS;AYACUCHO;050000;3;51;100;35,42;26,67;2,08;1,92;2,76;385;313;72;800;601;199;28
20260330;2024;11;03;HOSTAL;03;3 ESTRELLAS;CAJAMARCA;060000;52;797;1309;19,75;15,06;1,51;1,5;1,87;3916;3837;79;5916;5768;148;178
20260330;2024;11;03;HOSTAL;03;3 ESTRELLAS;CUSCO;080000;18;310;617;21,28;18,84;1,91;1,62;2,14;1826;797;1029;3487;1289;2198;64
20260330;2024;11;03;HOSTAL;03;3 ESTRELLAS;HUÁNUCO;100000;1;31;39;0;0;0;0;0;0;0;0;0;0;0;0
20260330;2024;11;03;HOSTAL;03;3 ESTRELLAS;ICA;110000;42;701;1324;36,99;23;1,39;1,43;1,3;6558;4621;1937;9134;6617;2517;163
20260330;2024;11;03;HOSTAL;03;3 ESTRELLAS;JUNÍN;120000;3;57;114;38,25;24,8;2,01;2;2,46;422;409;13;848;816;32;35
20260330;2024;11;03;HOSTAL;03;3 ESTRELLAS;LA LIBERTAD;130000;46;856;1670;30,47;26,88;1,15;1,15;1,22;11712;11596;116;13465;13324;141;160
20260330;2024;11;03;HOSTAL;03;3 ESTRELLAS;LAMBAYEQUE;140000;24;349;502;34,89;33,38;1,55;1,55;1,56;3242;3148;94;5027;4880;147;86
20260330;2024;11;03;HOSTAL;03;3 ESTRELLAS;LIMA;150000;24;494;934;25,66;20,14;1,3;1,33;1,17;4343;3616;727;5642;4793;849;92
20260330;2024;11;03;HOSTAL;03;3 ESTRELLAS;LORETO;160000;8;133;219;25,09;24,14;2,03;2,03;1,95;783;720;63;1586;1463;123;31
20260330;2024;11;03;HOSTAL;03;3 ESTRELLAS;MADRE DE DIOS;170000;1;21;29;0;0;0;0;0;0;0;0;0;0;0;0
20260330;2024;11;03;HOSTAL;03;3 ESTRELLAS;MOQUEGUA;180000;6;162;315;12,06;9,44;2,26;2,26;2,08;395;383;12;892;867;25;21
20260330;2024;11;03;HOSTAL;03;3 ESTRELLAS;PASCO;190000;2;21;44;19,21;20;1,38;1,38;1;192;189;3;264;261;3;8
20260330;2024;11;03;HOSTAL;03;3 ESTRELLAS;PIURA;200000;2;36;86;22,59;21,01;2,7;2,7;2,69;201;140;61;542;378;164;19
20260330;2024;11;03;HOSTAL;03;3 ESTRELLAS;PUNO;210000;11;225;395;31,94;23;1,5;1,53;1,33;1823;1481;342;2726;2272;454;47
20260330;2024;11;03;HOSTAL;03;3 ESTRELLAS;SAN MARTÍN;220000;5;94;217;66,67;25,19;2,07;2,07;0;793;793;0;1640;1640;0;25
20260330;2024;11;03;HOSTAL;03;3 ESTRELLAS;TACNA;230000;4;78;178;22,74;16,8;2,32;2,1;2,53;387;192;195;897;404;493;17
20260330;2024;11;03;HOSTAL;03;3 ESTRELLAS;TUMBES;240000;4;65;142;2,15;4,77;1,24;1,16;1,26;164;37;127;203;43;160;13
20260330;2024;11;03;HOSTAL;03;3 ESTRELLAS;UCAYALI;250000;2;45;70;15,04;14,76;1,94;1,92;3;160;157;3;310;301;9;6
20260330;2024;11;03;HOSTAL;TT;TODAS CONSOLIDADAS;AMAZONAS;010000;78;1208;1964;24,69;20,69;1,2;1,16;2,05;10187;9823;364;12188;11443;745;219
20260330;2024;11;03;HOSTAL;TT;TODAS CONSOLIDADAS;ÁNCASH;020000;187;3031;5285;29,87;26,99;1,14;1,13;1,54;37585;37205;380;42800;42216;584;536
20260330;2024;11;03;HOSTAL;TT;TODAS CONSOLIDADAS;APURÍMAC;030000;13;276;430;35,24;32,12;1,16;1,16;1,09;3570;3512;58;4143;4080;63;40
20260330;2024;11;03;HOSTAL;TT;TODAS CONSOLIDADAS;AREQUIPA;040000;228;3608;6339;30,42;25,81;1,48;1,47;1,61;33113;29365;3748;49090;43067;6023;689
20260330;2024;11;03;HOSTAL;TT;TODAS CONSOLIDADAS;AYACUCHO;050000;29;392;716;25,35;28,42;2,32;2,29;2,66;2634;2460;174;6104;5641;463;85
20260330;2024;11;03;HOSTAL;TT;TODAS CONSOLIDADAS;CAJAMARCA;060000;204;3564;5706;16,85;12,27;1,26;1,26;1,58;16693;16555;138;21005;20787;218;637
20260330;2024;11;03;HOSTAL;TT;TODAS CONSOLIDADAS;CALLAO;070000;14;406;754;29,37;28,43;1,02;1,02;0;6776;6776;0;6925;6925;0;65
20260330;2024;11;03;HOSTAL;TT;TODAS CONSOLIDADAS;CUSCO;080000;89;1478;2643;30,51;26,52;1,57;1,43;1,81;13381;8536;4845;21031;12244;8787;248
20260330;2024;11;03;HOSTAL;TT;TODAS CONSOLIDADAS;HUANCAVELICA;090000;3;110;176;11,61;7,39;1,01;1,01;0;386;386;0;390;390;0;5
20260330;2024;11;03;HOSTAL;TT;TODAS CONSOLIDADAS;HUÁNUCO;100000;54;776;1203;40,51;34,96;1,46;1,46;1,26;8666;8601;65;12617;12535;82;153
20260330;2024;11;03;HOSTAL;TT;TODAS CONSOLIDADAS;ICA;110000;144;2199;3689;32,88;26,84;1,16;1,14;1,28;25675;23288;2387;29699;26638;3061;412
20260330;2024;11;03;HOSTAL;TT;TODAS CONSOLIDADAS;JUNÍN;120000;41;643;1209;28,65;25,35;1,28;1,28;1,74;7172;7138;34;9193;9134;59;148
20260330;2024;11;03;HOSTAL;TT;TODAS CONSOLIDADAS;LA LIBERTAD;130000;192;3275;5992;23,56;21,14;1,22;1,22;1,2;31125;30917;208;37998;37748;250;585
20260330;2024;11;03;HOSTAL;TT;TODAS CONSOLIDADAS;LAMBAYEQUE;140000;185;2692;3887;28,37;23,44;1,16;1,16;1,26;23470;23254;216;27333;27060;273;526
20260330;2024;11;03;HOSTAL;TT;TODAS CONSOLIDADAS;LIMA;150000;221;5047;9173;26,82;26,19;1,3;1,24;1,73;69040;60640;8401;89591;75057;14534;1066
20260330;2024;11;03;HOSTAL;TT;TODAS CONSOLIDADAS;LORETO;160000;22;370;602;19,68;20,32;1,99;2;1,83;1842;1720;122;3670;3447;223;80
20260330;2024;11;03;HOSTAL;TT;TODAS CONSOLIDADAS;MADRE DE DIOS;170000;9;220;343;24,23;19,23;1,26;1,25;1,39;1576;1548;28;1979;1940;39;34
20260330;2024;11;03;HOSTAL;TT;TODAS CONSOLIDADAS;MOQUEGUA;180000;89;1401;2348;21,52;16,01;1,55;1,55;1,38;7282;7178;104;11277;11134;143;247
20260330;2024;11;03;HOSTAL;TT;TODAS CONSOLIDADAS;PASCO;190000;41;685;1167;23,59;14,61;1,28;1,28;1,17;3995;3977;18;5115;5094;21;113
20260330;2024;11;03;HOSTAL;TT;TODAS CONSOLIDADAS;PIURA;200000;29;584;1012;30,98;22,03;1,83;1,8;2,4;3646;3442;204;6688;6199;489;119
20260330;2024;11;03;HOSTAL;TT;TODAS CONSOLIDADAS;PUNO;210000;108;1696;3104;23,78;17,5;1,2;1,2;1,26;13521;11803;1718;16292;14121;2171;292
20260330;2024;11;03;HOSTAL;TT;TODAS CONSOLIDADAS;SAN MARTÍN;220000;29;439;772;42,88;28,92;1,8;1,79;2,19;3730;3693;37;6698;6617;81;97
20260330;2024;11;03;HOSTAL;TT;TODAS CONSOLIDADAS;TACNA;230000;42;726;1378;25,51;18,21;1,72;1,43;1,89;4388;1648;2740;7529;2361;5168;131
20260330;2024;11;03;HOSTAL;TT;TODAS CONSOLIDADAS;TUMBES;240000;9;131;273;7,76;8,13;1,43;1,5;1,25;465;333;132;666;501;165;34
20260330;2024;11;03;HOSTAL;TT;TODAS CONSOLIDADAS;UCAYALI;250000;4;113;194;14,48;10,69;1,58;1,57;2,33;394;388;6;622;608;14;22
20260330;2024;11;05;ALBERGUE;12;ALBERGUE;AMAZONAS;010000;1;6;11;0;0;0;0;0;0;0;0;0;0;0;0
20260330;2024;11;05;ALBERGUE;12;ALBERGUE;ÁNCASH;020000;6;64;132;20,47;15,4;1,67;1,67;1,64;366;310;56;610;518;92;13
20260330;2024;11;05;ALBERGUE;12;ALBERGUE;AREQUIPA;040000;10;157;356;29,83;24,93;1,41;1,44;1,4;1884;518;1366;2663;748;1915;121
20260330;2024;11;05;ALBERGUE;12;ALBERGUE;AYACUCHO;050000;1;10;20;0;0;0;0;0;0;0;0;0;0;0;0
20260330;2024;11;05;ALBERGUE;12;ALBERGUE;CAJAMARCA;060000;1;11;22;0;0;0;0;0;0;0;0;0;0;0;0
20260330;2024;11;05;ALBERGUE;12;ALBERGUE;CUSCO;080000;16;363;636;35,62;27,47;1,24;1,6;1,23;4218;98;4120;5242;157;5085;98
20260330;2024;11;05;ALBERGUE;12;ALBERGUE;HUANCAVELICA;090000;1;14;47;21,67;13,26;3,9;3,9;0;48;48;0;187;187;0;16
20260330;2024;11;05;ALBERGUE;12;ALBERGUE;HUÁNUCO;100000;7;92;128;0;0;0;0;0;0;0;0;0;0;0;0
20260330;2024;11;05;ALBERGUE;12;ALBERGUE;ICA;110000;6;82;212;17,97;15,02;1,59;1,59;0;601;601;0;955;955;0;16
20260330;2024;11;05;ALBERGUE;12;ALBERGUE;JUNÍN;120000;1;32;104;26,15;19,26;1,68;1,69;1,64;357;318;39;601;537;64;20
20260330;2024;11;05;ALBERGUE;12;ALBERGUE;LA LIBERTAD;130000;1;15;27;47,56;34,44;1,86;1,83;3;150;146;4;279;267;12;4
20260330;2024;11;05;ALBERGUE;12;ALBERGUE;LIMA;150000;8;136;528;18,33;25,83;3,72;3,68;4,03;1099;955;144;4091;3511;580;25
20260330;2024;11;05;ALBERGUE;12;ALBERGUE;LORETO;160000;64;831;1680;17,97;18,99;2,03;1,58;2,21;4705;1321;3384;9570;2081;7489;280
20260330;2024;11;05;ALBERGUE;12;ALBERGUE;MADRE DE DIOS;170000;16;375;752;34,37;31,63;2,57;2,26;2,59;2779;172;2607;7135;389;6746;222
20260330;2024;11;05;ALBERGUE;12;ALBERGUE;PASCO;190000;22;270;683;13,02;13,71;1,51;1,5;2,03;1863;1829;34;2810;2741;69;63
20260330;2024;11;05;ALBERGUE;12;ALBERGUE;PUNO;210000;1;13;35;0;0;0;0;0;0;0;0;0;0;0;0
20260330;2024;11;05;ALBERGUE;12;ALBERGUE;SAN MARTÍN;220000;9;180;409;52,15;47,73;2,31;2,29;2,4;2540;2249;291;5857;5160;697;49
20260330;2024;11;05;ALBERGUE;12;ALBERGUE;UCAYALI;250000;5;52;146;25,51;15,5;2,69;1,99;3,78;252;153;99;679;305;374;30
20260330;2024;11;05;ALBERGUE;TT;TODAS CONSOLIDADAS;AMAZONAS;010000;1;6;11;0;0;0;0;0;0;0;0;0;0;0;0
20260330;2024;11;05;ALBERGUE;TT;TODAS CONSOLIDADAS;ÁNCASH;020000;6;64;132;20,47;15,4;1,67;1,67;1,64;366;310;56;610;518;92;13
20260330;2024;11;05;ALBERGUE;TT;TODAS CONSOLIDADAS;AREQUIPA;040000;10;157;356;29,83;24,93;1,41;1,44;1,4;1884;518;1366;2663;748;1915;121
20260330;2024;11;05;ALBERGUE;TT;TODAS CONSOLIDADAS;AYACUCHO;050000;1;10;20;0;0;0;0;0;0;0;0;0;0;0;0
20260330;2024;11;05;ALBERGUE;TT;TODAS CONSOLIDADAS;CAJAMARCA;060000;1;11;22;0;0;0;0;0;0;0;0;0;0;0;0
20260330;2024;11;05;ALBERGUE;TT;TODAS CONSOLIDADAS;CUSCO;080000;16;363;636;35,62;27,47;1,24;1,6;1,23;4218;98;4120;5242;157;5085;98
20260330;2024;11;05;ALBERGUE;TT;TODAS CONSOLIDADAS;HUANCAVELICA;090000;1;14;47;21,67;13,26;3,9;3,9;0;48;48;0;187;187;0;16
20260330;2024;11;05;ALBERGUE;TT;TODAS CONSOLIDADAS;HUÁNUCO;100000;7;92;128;0;0;0;0;0;0;0;0;0;0;0;0
20260330;2024;11;05;ALBERGUE;TT;TODAS CONSOLIDADAS;ICA;110000;6;82;212;17,97;15,02;1,59;1,59;0;601;601;0;955;955;0;16
20260330;2024;11;05;ALBERGUE;TT;TODAS CONSOLIDADAS;JUNÍN;120000;1;32;104;26,15;19,26;1,68;1,69;1,64;357;318;39;601;537;64;20
20260330;2024;11;05;ALBERGUE;TT;TODAS CONSOLIDADAS;LA LIBERTAD;130000;1;15;27;47,56;34,44;1,86;1,83;3;150;146;4;279;267;12;4
20260330;2024;11;05;ALBERGUE;TT;TODAS CONSOLIDADAS;LIMA;150000;8;136;528;18,33;25,83;3,72;3,68;4,03;1099;955;144;4091;3511;580;25
20260330;2024;11;05;ALBERGUE;TT;TODAS CONSOLIDADAS;LORETO;160000;64;831;1680;17,97;18,99;2,03;1,58;2,21;4705;1321;3384;9570;2081;7489;280
20260330;2024;11;05;ALBERGUE;TT;TODAS CONSOLIDADAS;MADRE DE DIOS;170000;16;375;752;34,37;31,63;2,57;2,26;2,59;2779;172;2607;7135;389;6746;222
20260330;2024;11;05;ALBERGUE;TT;TODAS CONSOLIDADAS;PASCO;190000;22;270;683;13,02;13,71;1,51;1,5;2,03;1863;1829;34;2810;2741;69;63
20260330;2024;11;05;ALBERGUE;TT;TODAS CONSOLIDADAS;PUNO;210000;1;13;35;0;0;0;0;0;0;0;0;0;0;0;0
20260330;2024;11;05;ALBERGUE;TT;TODAS CONSOLIDADAS;SAN MARTÍN;220000;9;180;409;52,15;47,73;2,31;2,29;2,4;2540;2249;291;5857;5160;697;49
20260330;2024;11;05;ALBERGUE;TT;TODAS CONSOLIDADAS;UCAYALI;250000;5;52;146;25,51;15,5;2,69;1,99;3,78;252;153;99;679;305;374;30
20260330;2024;11;14;RESORT;03;3 ESTRELLAS;ICA;110000;1;51;86;0;0;0;0;0;0;0;0;0;0;0;0
20260330;2024;11;14;RESORT;03;3 ESTRELLAS;TUMBES;240000;1;28;62;2,26;2,31;1,39;1,41;1;31;29;2;43;41;2;9
20260330;2024;11;14;RESORT;04;4 ESTRELLAS;TUMBES;240000;1;402;1101;63,33;53,65;2,5;2,52;2,41;7085;5978;1107;17719;15056;2663;481
20260330;2024;11;14;RESORT;05;5 ESTRELLAS;ICA;110000;1;66;117;44,75;59,52;1,56;1,71;1,24;1341;906;435;2089;1549;540;107
20260330;2024;11;14;RESORT;TT;TODAS CONSOLIDADAS;ICA;110000;2;117;203;25,24;34,3;1,56;1,71;1,24;1341;906;435;2089;1549;540;107
20260330;2024;11;14;RESORT;TT;TODAS CONSOLIDADAS;TUMBES;240000;2;430;1163;59,35;50,91;2,5;2,51;2,4;7116;6007;1109;17762;15097;2665;490
20260330;2024;11;16;ECOLODGE;13;ECOLODGE;AREQUIPA;040000;1;23;51;19,86;19,15;1,3;1,59;1,24;226;37;189;293;59;234;7
20260330;2024;11;16;ECOLODGE;TT;TODAS CONSOLIDADAS;AREQUIPA;040000;1;23;51;19,86;19,15;1,3;1,59;1,24;226;37;189;293;59;234;7
20260330;2024;11;TT;TODAS CONSOLIDADAS;00;NO CATEGORIZADO;AMAZONAS;010000;310;2877;4520;14,57;11,06;1,21;1,21;1,28;12382;11589;793;15001;13988;1013;547
20260330;2024;11;TT;TODAS CONSOLIDADAS;00;NO CATEGORIZADO;ÁNCASH;020000;758;6549;11040;15,08;13,44;1,28;1,27;1,42;34921;33255;1666;44549;42182;2367;766
20260330;2024;11;TT;TODAS CONSOLIDADAS;00;NO CATEGORIZADO;APURÍMAC;030000;502;4428;6961;20,09;14,89;1,16;1,15;1,76;26757;26389;368;31103;30456;647;432
20260330;2024;11;TT;TODAS CONSOLIDADAS;00;NO CATEGORIZADO;AREQUIPA;040000;1277;10805;18326;19,94;16,28;1,55;1,5;1,68;57921;42824;15097;89518;64197;25321;1266
20260330;2024;11;TT;TODAS CONSOLIDADAS;00;NO CATEGORIZADO;AYACUCHO;050000;604;5619;9048;17,9;13,67;1,25;1,25;1,5;29624;29318;306;37100;36642;458;642
20260330;2024;11;TT;TODAS CONSOLIDADAS;00;NO CATEGORIZADO;CAJAMARCA;060000;733;6335;10121;8,86;6,19;1,16;1,15;1,95;16272;16233;39;18797;18721;76;662
20260330;2024;11;TT;TODAS CONSOLIDADAS;00;NO CATEGORIZADO;CALLAO;070000;270;3699;6919;44,95;43,53;1;1;1,04;155893;155205;688;156568;155854;714;1054
20260330;2024;11;TT;TODAS CONSOLIDADAS;00;NO CATEGORIZADO;CUSCO;080000;1986;18936;33666;24,59;22;1,54;1,37;1,65;143919;55157;88762;222211;75543;146668;3575
20260330;2024;11;TT;TODAS CONSOLIDADAS;00;NO CATEGORIZADO;HUANCAVELICA;090000;239;2540;3861;15,84;13,05;1,1;1,1;1,6;13783;13740;43;15116;15047;69;282
20260330;2024;11;TT;TODAS CONSOLIDADAS;00;NO CATEGORIZADO;HUÁNUCO;100000;495;5228;7848;16,99;13,2;1,23;1,23;1,31;25311;25250;61;31089;31009;80;646
20260330;2024;11;TT;TODAS CONSOLIDADAS;00;NO CATEGORIZADO;ICA;110000;788;7859;13202;23,23;16,47;1,35;1,39;1,16;48401;40270;8131;65234;55833;9401;1434
20260330;2024;11;TT;TODAS CONSOLIDADAS;00;NO CATEGORIZADO;JUNÍN;120000;1514;15329;25015;25,64;20,5;1,13;1,12;2,68;135976;135363;613;153879;152237;1642;2756
20260330;2024;11;TT;TODAS CONSOLIDADAS;00;NO CATEGORIZADO;LA LIBERTAD;130000;998;7399;12369;10,66;7,84;1,06;1,06;1,15;27326;26348;978;29095;27966;1129;690
20260330;2024;11;TT;TODAS CONSOLIDADAS;00;NO CATEGORIZADO;LAMBAYEQUE;140000;451;4455;6432;17,11;14,51;1,06;1,06;1,18;26300;25905;395;27999;27534;465;548
20260330;2024;11;TT;TODAS CONSOLIDADAS;00;NO CATEGORIZADO;LIMA;150000;7144;55557;95328;21,71;20,16;1,04;1,03;1,1;2420502;2374666;45836;2507887;2457593;50294;34234
20260330;2024;11;TT;TODAS CONSOLIDADAS;00;NO CATEGORIZADO;LORETO;160000;794;6799;10607;7,73;8,65;1,54;1,54;1,54;17861;12794;5067;27528;19713;7815;693
20260330;2024;11;TT;TODAS CONSOLIDADAS;00;NO CATEGORIZADO;MADRE DE DIOS;170000;343;4398;7332;32,56;23,2;1,51;1,24;2,45;33782;26109;7673;51029;32266;18763;813
20260330;2024;11;TT;TODAS CONSOLIDADAS;00;NO CATEGORIZADO;MOQUEGUA;180000;165;1639;2772;20,22;14,9;1,25;1,25;1,23;9887;9768;119;12390;12244;146;218
20260330;2024;11;TT;TODAS CONSOLIDADAS;00;NO CATEGORIZADO;PASCO;190000;389;4067;6522;18,88;15,58;1,31;1,31;2;23196;23113;83;30486;30320;166;733
20260330;2024;11;TT;TODAS CONSOLIDADAS;00;NO CATEGORIZADO;PIURA;200000;1160;10555;19025;39,48;29,3;1,79;1,58;2,29;93581;66910;26671;167236;106030;61206;2091
20260330;2024;11;TT;TODAS CONSOLIDADAS;00;NO CATEGORIZADO;PUNO;210000;837;7367;12353;21,98;19,75;1,27;1,27;1,2;57611;54395;3216;73189;69342;3847;1329
20260330;2024;11;TT;TODAS CONSOLIDADAS;00;NO CATEGORIZADO;SAN MARTÍN;220000;876;9286;14694;24,43;19,77;1,41;1,39;1,84;62010;60269;1741;87145;83944;3201;1157
20260330;2024;11;TT;TODAS CONSOLIDADAS;00;NO CATEGORIZADO;TACNA;230000;430;4026;7219;8,76;8,57;1,27;1,21;1,4;14570;9466;5104;18567;11427;7140;454
20260330;2024;11;TT;TODAS CONSOLIDADAS;00;NO CATEGORIZADO;TUMBES;240000;250;2438;4647;16,9;12,32;1,51;1,49;1,72;11343;10060;1283;17171;14959;2212;321
20260330;2024;11;TT;TODAS CONSOLIDADAS;00;NO CATEGORIZADO;UCAYALI;250000;547;5423;8389;37,17;26,28;3,46;3,51;1,59;19120;18661;459;66146;65417;729;989
20260330;2024;11;TT;TODAS CONSOLIDADAS;01;1 ESTRELLA;AMAZONAS;010000;19;269;413;27,87;22,04;1,02;1,02;1,44;2670;2654;16;2731;2708;23;46
20260330;2024;11;TT;TODAS CONSOLIDADAS;01;1 ESTRELLA;ÁNCASH;020000;52;958;1538;24,63;19,18;1,09;1,09;1;8152;8148;4;8851;8847;4;148
20260330;2024;11;TT;TODAS CONSOLIDADAS;01;1 ESTRELLA;APURÍMAC;030000;7;186;285;50,73;49,82;1,11;1,11;0;3823;3823;0;4260;4260;0;26
20260330;2024;11;TT;TODAS CONSOLIDADAS;01;1 ESTRELLA;AREQUIPA;040000;58;1013;1581;21,8;18,07;1,12;1,12;1,2;7624;7267;357;8572;8143;429;174
20260330;2024;11;TT;TODAS CONSOLIDADAS;01;1 ESTRELLA;AYACUCHO;050000;24;408;731;11,93;8,44;1,52;1,51;2,06;1220;1202;18;1850;1813;37;73
20260330;2024;11;TT;TODAS CONSOLIDADAS;01;1 ESTRELLA;CAJAMARCA;060000;28;557;917;14,78;12,21;1,53;1,53;1,17;2201;2195;6;3359;3352;7;103
20260330;2024;11;TT;TODAS CONSOLIDADAS;01;1 ESTRELLA;CALLAO;070000;8;159;301;28,75;32,28;1;1;0;3137;3137;0;3137;3137;0;25
20260330;2024;11;TT;TODAS CONSOLIDADAS;01;1 ESTRELLA;CUSCO;080000;29;542;902;20,15;18,41;1,14;1,16;1,04;4382;3493;889;4982;4059;923;83
20260330;2024;11;TT;TODAS CONSOLIDADAS;01;1 ESTRELLA;HUANCAVELICA;090000;2;66;94;19,34;13,83;1,01;1,01;0;386;386;0;390;390;0;5
20260330;2024;11;TT;TODAS CONSOLIDADAS;01;1 ESTRELLA;HUÁNUCO;100000;34;617;926;40,75;37,79;1,4;1,4;0;7494;7494;0;10497;10497;0;102
20260330;2024;11;TT;TODAS CONSOLIDADAS;01;1 ESTRELLA;ICA;110000;27;465;759;26,32;21,87;1,23;1,23;1,28;4039;3897;142;4980;4798;182;72
20260330;2024;11;TT;TODAS CONSOLIDADAS;01;1 ESTRELLA;JUNÍN;120000;17;391;769;20,55;15,15;1,29;1,29;0;2701;2701;0;3494;3494;0;52
20260330;2024;11;TT;TODAS CONSOLIDADAS;01;1 ESTRELLA;LA LIBERTAD;130000;28;466;843;27,51;22,78;1,45;1,45;1,42;3972;3941;31;5760;5716;44;83
20260330;2024;11;TT;TODAS CONSOLIDADAS;01;1 ESTRELLA;LAMBAYEQUE;140000;19;295;391;21,44;19,63;1,03;1,03;1;2235;2234;1;2303;2302;1;54
20260330;2024;11;TT;TODAS CONSOLIDADAS;01;1 ESTRELLA;LIMA;150000;91;2044;3622;25,69;24,49;1,09;1,09;1,15;29475;28028;1447;32120;30450;1669;408
20260330;2024;11;TT;TODAS CONSOLIDADAS;01;1 ESTRELLA;LORETO;160000;6;106;172;17,11;13,84;1,54;1,54;1,48;464;433;31;714;668;46;23
20260330;2024;11;TT;TODAS CONSOLIDADAS;01;1 ESTRELLA;MADRE DE DIOS;170000;7;197;367;24,26;20,61;1,07;1,07;1;2123;2083;40;2269;2229;40;35
20260330;2024;11;TT;TODAS CONSOLIDADAS;01;1 ESTRELLA;MOQUEGUA;180000;21;346;611;19,18;13,39;1,29;1,29;1,4;1897;1855;42;2454;2395;59;60
20260330;2024;11;TT;TODAS CONSOLIDADAS;01;1 ESTRELLA;PASCO;190000;28;541;825;25,65;16,54;1,04;1,04;1;3949;3938;11;4093;4082;11;88
20260330;2024;11;TT;TODAS CONSOLIDADAS;01;1 ESTRELLA;PIURA;200000;5;96;168;23,44;14,78;1,63;1,55;2,62;456;419;37;745;648;97;10
20260330;2024;11;TT;TODAS CONSOLIDADAS;01;1 ESTRELLA;PUNO;210000;40;646;1135;19,75;15,49;1,11;1,11;1,13;4740;4577;163;5276;5091;185;97
20260330;2024;11;TT;TODAS CONSOLIDADAS;01;1 ESTRELLA;SAN MARTÍN;220000;8;170;256;24,2;25,16;1,18;1,18;1,11;1635;1600;35;1932;1893;39;27
20260330;2024;11;TT;TODAS CONSOLIDADAS;01;1 ESTRELLA;TACNA;230000;13;277;517;12,32;10,69;1,13;1,15;1,11;1465;963;502;1658;1103;555;40
20260330;2024;11;TT;TODAS CONSOLIDADAS;01;1 ESTRELLA;TUMBES;240000;2;47;100;0;0;0;0;0;0;0;0;0;0;0;0
20260330;2024;11;TT;TODAS CONSOLIDADAS;02;2 ESTRELLAS;AMAZONAS;010000;90;1902;3051;23,99;20,19;1,47;1,46;1,87;12583;12345;238;18482;18037;445;315
20260330;2024;11;TT;TODAS CONSOLIDADAS;02;2 ESTRELLAS;ÁNCASH;020000;191;3797;6785;26,31;22,81;1,22;1,21;1,38;38149;37703;446;46423;45808;615;626
20260330;2024;11;TT;TODAS CONSOLIDADAS;02;2 ESTRELLAS;APURÍMAC;030000;14;433;717;28,41;23,28;1,12;1,12;1,05;4462;4403;59;5007;4945;62;49
20260330;2024;11;TT;TODAS CONSOLIDADAS;02;2 ESTRELLAS;AREQUIPA;040000;173;3286;5884;28,84;24,59;1,42;1,43;1,34;30567;27929;2638;43401;39872;3529;567
20260330;2024;11;TT;TODAS CONSOLIDADAS;02;2 ESTRELLAS;AYACUCHO;050000;18;406;716;33,1;32,96;1,99;1,98;2,12;3560;3399;161;7079;6738;341;71
20260330;2024;11;TT;TODAS CONSOLIDADAS;02;2 ESTRELLAS;CAJAMARCA;060000;197;4264;6780;19,59;14,49;1,16;1,16;1,14;25504;25337;167;29475;29285;190;665
20260330;2024;11;TT;TODAS CONSOLIDADAS;02;2 ESTRELLAS;CALLAO;070000;7;287;520;28,54;25,66;1,05;1,04;1,12;3829;3532;297;4003;3669;334;43
20260330;2024;11;TT;TODAS CONSOLIDADAS;02;2 ESTRELLAS;CUSCO;080000;94;1958;3569;30,93;27,13;1,7;1,55;1,86;17088;8767;8321;29045;13606;15439;503
20260330;2024;11;TT;TODAS CONSOLIDADAS;02;2 ESTRELLAS;HUANCAVELICA;090000;3;84;151;27,94;24,64;2,14;2,14;0;521;521;0;1116;1116;0;9
20260330;2024;11;TT;TODAS CONSOLIDADAS;02;2 ESTRELLAS;HUÁNUCO;100000;81;2026;3230;34,48;28,02;1,35;1,35;1,43;20158;20002;156;27148;26925;223;347
20260330;2024;11;TT;TODAS CONSOLIDADAS;02;2 ESTRELLAS;ICA;110000;137;2794;4664;25,97;21,47;1,07;1,07;1,12;27952;27348;604;30040;29366;674;446
20260330;2024;11;TT;TODAS CONSOLIDADAS;02;2 ESTRELLAS;JUNÍN;120000;55;1301;2386;22,62;18,77;1,31;1,31;1,42;10281;10216;65;13438;13346;92;220
20260330;2024;11;TT;TODAS CONSOLIDADAS;02;2 ESTRELLAS;LA LIBERTAD;130000;142;2553;4547;20,73;17,43;1,27;1,27;1,44;18686;18301;385;23778;23225;553;459
20260330;2024;11;TT;TODAS CONSOLIDADAS;02;2 ESTRELLAS;LAMBAYEQUE;140000;217;4218;6157;22,76;18,23;1,11;1,11;1,11;30312;30094;218;33670;33428;242;708
20260330;2024;11;TT;TODAS CONSOLIDADAS;02;2 ESTRELLAS;LIMA;150000;241;8388;15652;34,38;30,82;1,35;1,31;1,93;153853;144082;9772;207683;188829;18854;1962
20260330;2024;11;TT;TODAS CONSOLIDADAS;02;2 ESTRELLAS;LORETO;160000;17;338;562;16,32;15,64;1,87;1,88;1,79;1410;1292;118;2637;2426;211;68
20260330;2024;11;TT;TODAS CONSOLIDADAS;02;2 ESTRELLAS;MADRE DE DIOS;170000;15;416;708;41,89;30,24;1,21;1,21;1,27;5289;4876;413;6423;5899;524;77
20260330;2024;11;TT;TODAS CONSOLIDADAS;02;2 ESTRELLAS;MOQUEGUA;180000;90;1601;2628;25,64;19,89;1,68;1,68;1,62;9361;9007;354;15681;15109;572;303
20260330;2024;11;TT;TODAS CONSOLIDADAS;02;2 ESTRELLAS;PASCO;190000;23;490;938;24,94;17,71;1,63;1,63;1,6;3058;3053;5;4985;4977;8;77
20260330;2024;11;TT;TODAS CONSOLIDADAS;02;2 ESTRELLAS;PIURA;200000;41;906;1531;30,21;21,75;1,83;1,83;1,83;5466;5236;230;9988;9566;422;170
20260330;2024;11;TT;TODAS CONSOLIDADAS;02;2 ESTRELLAS;PUNO;210000;94;1695;3101;21,98;16,13;1,24;1,21;1,37;12152;10513;1639;15008;12761;2247;275
20260330;2024;11;TT;TODAS CONSOLIDADAS;02;2 ESTRELLAS;SAN MARTÍN;220000;51;1101;1850;42,33;37,25;1,84;1,84;1,86;11220;10903;317;20673;20084;589;217
20260330;2024;11;TT;TODAS CONSOLIDADAS;02;2 ESTRELLAS;TACNA;230000;60;1383;2668;28,36;19,57;1,57;1,46;1,66;9976;4357;5619;15667;6349;9318;259
20260330;2024;11;TT;TODAS CONSOLIDADAS;02;2 ESTRELLAS;TUMBES;240000;11;228;426;27,81;19,29;2,13;2,14;2,07;1156;1067;89;2465;2281;184;53
20260330;2024;11;TT;TODAS CONSOLIDADAS;02;2 ESTRELLAS;UCAYALI;250000;3;98;177;11,84;7,01;1,27;1,26;1,4;294;289;5;372;365;7;22
20260330;2024;11;TT;TODAS CONSOLIDADAS;03;3 ESTRELLAS;AMAZONAS;010000;25;542;951;21,55;17,27;1,5;1,42;2,16;3280;2925;355;4926;4159;767;121
20260330;2024;11;TT;TODAS CONSOLIDADAS;03;3 ESTRELLAS;ÁNCASH;020000;63;1739;3180;25,48;18,62;1,59;1,58;1,78;11153;10395;758;17765;16414;1351;397
20260330;2024;11;TT;TODAS CONSOLIDADAS;03;3 ESTRELLAS;APURÍMAC;030000;7;223;371;48,31;39,63;1,76;1,75;1,82;2506;2078;428;4411;3634;777;64
20260330;2024;11;TT;TODAS CONSOLIDADAS;03;3 ESTRELLAS;AREQUIPA;040000;120;2894;5434;36,48;29,4;1,79;1,91;1,64;26737;14976;11761;47928;28591;19337;801
20260330;2024;11;TT;TODAS CONSOLIDADAS;03;3 ESTRELLAS;AYACUCHO;050000;10;241;451;27,76;21,32;1,67;1,65;1,78;1725;1486;239;2884;2458;426;74
20260330;2024;11;TT;TODAS CONSOLIDADAS;03;3 ESTRELLAS;CAJAMARCA;060000;122;2868;4762;18,5;14,06;1,58;1,58;1,65;12713;12315;398;20092;19435;657;574
20260330;2024;11;TT;TODAS CONSOLIDADAS;03;3 ESTRELLAS;CALLAO;070000;4;233;393;31,77;33,83;1,25;1,17;1,44;3193;2235;958;3989;2607;1382;49
20260330;2024;11;TT;TODAS CONSOLIDADAS;03;3 ESTRELLAS;CUSCO;080000;110;3554;6985;44,32;37,98;1,74;1,73;1,75;45616;8051;37565;79584;13931;65653;1182
20260330;2024;11;TT;TODAS CONSOLIDADAS;03;3 ESTRELLAS;HUANCAVELICA;090000;2;65;108;7,9;5,8;1,38;1,37;2;136;134;2;188;184;4;10
20260330;2024;11;TT;TODAS CONSOLIDADAS;03;3 ESTRELLAS;HUÁNUCO;100000;19;679;1216;27,41;21,43;1,5;1,48;2,25;5204;5027;177;7816;7418;398;161
20260330;2024;11;TT;TODAS CONSOLIDADAS;03;3 ESTRELLAS;ICA;110000;116;3185;6151;36,39;27,19;1,44;1,51;1,28;34738;25423;9315;50181;38297;11884;714
20260330;2024;11;TT;TODAS CONSOLIDADAS;03;3 ESTRELLAS;JUNÍN;120000;23;820;1580;19,74;13,32;1,63;1,62;2,18;3872;3779;93;6316;6113;203;234
20260330;2024;11;TT;TODAS CONSOLIDADAS;03;3 ESTRELLAS;LA LIBERTAD;130000;118;2943;5617;31,83;24,57;1,49;1,47;1,97;27700;26387;1313;41410;38821;2589;663
20260330;2024;11;TT;TODAS CONSOLIDADAS;03;3 ESTRELLAS;LAMBAYEQUE;140000;62;1589;2598;33,73;28,16;1,46;1,45;1,59;15069;14372;697;21950;20843;1107;319
20260330;2024;11;TT;TODAS CONSOLIDADAS;03;3 ESTRELLAS;LIMA;150000;192;9112;17328;49,83;42,06;1,81;1,52;2,21;120876;70664;50212;218659;107495;111164;2403
20260330;2024;11;TT;TODAS CONSOLIDADAS;03;3 ESTRELLAS;LORETO;160000;36;948;1624;28,98;27,55;2,14;2,19;1,93;6262;5083;1179;13423;11153;2270;270
20260330;2024;11;TT;TODAS CONSOLIDADAS;03;3 ESTRELLAS;MADRE DE DIOS;170000;6;223;406;27,41;27,65;1,71;1,83;1,33;1974;1479;495;3368;2708;660;48
20260330;2024;11;TT;TODAS CONSOLIDADAS;03;3 ESTRELLAS;MOQUEGUA;180000;19;553;961;28,14;19;1,69;1,7;1,44;3238;3088;150;5477;5261;216;110
20260330;2024;11;TT;TODAS CONSOLIDADAS;03;3 ESTRELLAS;PASCO;190000;7;125;191;12,11;17,87;1,57;1,57;1,91;651;640;11;1024;1003;21;18
20260330;2024;11;TT;TODAS CONSOLIDADAS;03;3 ESTRELLAS;PIURA;200000;22;753;1288;45,04;34,39;1,77;1,68;2,38;7498;6533;965;13289;10990;2299;229
20260330;2024;11;TT;TODAS CONSOLIDADAS;03;3 ESTRELLAS;PUNO;210000;39;1109;2117;34,97;27,49;1,51;1,58;1,48;11526;4469;7057;17459;7049;10410;233
20260330;2024;11;TT;TODAS CONSOLIDADAS;03;3 ESTRELLAS;SAN MARTÍN;220000;32;1064;1924;36,4;27,81;2;1,99;2,2;8039;7730;309;16050;15369;681;246
20260330;2024;11;TT;TODAS CONSOLIDADAS;03;3 ESTRELLAS;TACNA;230000;14;475;1029;34,03;26,99;1,77;1,77;1,78;4700;2194;2506;8333;3881;4452;118
20260330;2024;11;TT;TODAS CONSOLIDADAS;03;3 ESTRELLAS;TUMBES;240000;16;393;819;34,4;31,48;2,53;2,55;2,47;3058;2313;745;7735;5892;1843;146
20260330;2024;11;TT;TODAS CONSOLIDADAS;03;3 ESTRELLAS;UCAYALI;250000;17;586;973;29,36;23,47;1,99;2,02;1,58;3436;3198;238;6851;6474;377;136
20260330;2024;11;TT;TODAS CONSOLIDADAS;04;4 ESTRELLAS;APURÍMAC;030000;1;32;56;27,4;15,65;1,74;1,74;1,73;151;140;11;263;244;19;14
20260330;2024;11;TT;TODAS CONSOLIDADAS;04;4 ESTRELLAS;AREQUIPA;040000;11;558;1061;48,04;39,91;1,83;2,01;1,7;6939;2933;4006;12702;5900;6802;260
20260330;2024;11;TT;TODAS CONSOLIDADAS;04;4 ESTRELLAS;CAJAMARCA;060000;3;184;331;45,89;37,24;2,08;1,96;2,72;1782;1520;262;3698;2986;712;145
20260330;2024;11;TT;TODAS CONSOLIDADAS;04;4 ESTRELLAS;CALLAO;070000;2;371;599;95,02;85,41;1,38;1,85;1,29;11085;1821;9264;15349;3361;11988;130
20260330;2024;11;TT;TODAS CONSOLIDADAS;04;4 ESTRELLAS;CUSCO;080000;20;1578;3130;69,81;62,69;1,69;1,6;1,7;34766;3717;31049;58862;5938;52924;1009
20260330;2024;11;TT;TODAS CONSOLIDADAS;04;4 ESTRELLAS;HUÁNUCO;100000;1;60;101;48,28;34,72;1,6;1,58;2,2;658;633;25;1052;997;55;30
20260330;2024;11;TT;TODAS CONSOLIDADAS;04;4 ESTRELLAS;ICA;110000;7;707;1488;37,68;36,02;1,61;1,8;1,29;9990;6329;3661;16081;11374;4707;324
20260330;2024;11;TT;TODAS CONSOLIDADAS;04;4 ESTRELLAS;JUNÍN;120000;1;40;82;29,08;28,01;1,55;1,55;1,67;445;442;3;689;684;5;17
20260330;2024;11;TT;TODAS CONSOLIDADAS;04;4 ESTRELLAS;LA LIBERTAD;130000;4;318;546;46,51;44,05;1,97;1,94;2,12;3661;3053;608;7215;5929;1286;128
20260330;2024;11;TT;TODAS CONSOLIDADAS;04;4 ESTRELLAS;LAMBAYEQUE;140000;5;359;618;69,99;58,09;1,5;1,44;2,02;7167;6347;820;10769;9112;1657;280
20260330;2024;11;TT;TODAS CONSOLIDADAS;04;4 ESTRELLAS;LIMA;150000;52;4941;9116;65,56;59,25;2,3;1,82;2,56;70371;24696;45675;162047;45012;117035;2013
20260330;2024;11;TT;TODAS CONSOLIDADAS;04;4 ESTRELLAS;LORETO;160000;4;149;226;49,06;44,54;1,96;2,22;1,57;1539;926;613;3020;2059;961;91
20260330;2024;11;TT;TODAS CONSOLIDADAS;04;4 ESTRELLAS;MOQUEGUA;180000;2;123;234;44,91;32,99;2,48;2,44;2,66;935;767;168;2316;1869;447;60
20260330;2024;11;TT;TODAS CONSOLIDADAS;04;4 ESTRELLAS;PIURA;200000;5;456;826;50,83;37,57;2,2;1,96;2,97;4226;3208;1018;9310;6282;3028;177
20260330;2024;11;TT;TODAS CONSOLIDADAS;04;4 ESTRELLAS;PUNO;210000;8;508;961;47,42;42,31;1,7;1,93;1,68;7163;773;6390;12199;1495;10704;198
20260330;2024;11;TT;TODAS CONSOLIDADAS;04;4 ESTRELLAS;SAN MARTÍN;220000;2;82;138;52,85;46,45;2,2;2,15;2,57;876;782;94;1923;1681;242;40
20260330;2024;11;TT;TODAS CONSOLIDADAS;04;4 ESTRELLAS;TACNA;230000;2;200;391;52,82;42,84;1,9;1,91;1,89;2646;1372;1274;5025;2614;2411;67
20260330;2024;11;TT;TODAS CONSOLIDADAS;04;4 ESTRELLAS;TUMBES;240000;6;667;1621;50,67;46,86;2,44;2,51;2,17;9337;7460;1877;22789;18712;4077;641
20260330;2024;11;TT;TODAS CONSOLIDADAS;04;4 ESTRELLAS;UCAYALI;250000;5;289;515;46,89;36,6;2,09;2,04;2,32;2705;2209;496;5655;4503;1152;120
20260330;2024;11;TT;TODAS CONSOLIDADAS;05;5 ESTRELLAS;AREQUIPA;040000;3;241;352;63;59,75;2,01;2,03;1,99;3134;1842;1292;6310;3739;2571;184
20260330;2024;11;TT;TODAS CONSOLIDADAS;05;5 ESTRELLAS;CUSCO;080000;15;1283;2519;57,91;52,37;1,66;1,85;1,64;23797;2719;21078;39579;5022;34557;1341
20260330;2024;11;TT;TODAS CONSOLIDADAS;05;5 ESTRELLAS;ICA;110000;6;612;1424;48,61;45,32;1,85;1,86;1,8;10486;7753;2733;19361;14430;4931;673
20260330;2024;11;TT;TODAS CONSOLIDADAS;05;5 ESTRELLAS;LA LIBERTAD;130000;2;267;450;43,15;38,19;1,75;1,64;2,32;2940;2438;502;5156;3990;1166;190
20260330;2024;11;TT;TODAS CONSOLIDADAS;05;5 ESTRELLAS;LIMA;150000;31;5057;8817;62,36;45,92;2,7;1,97;2,88;44957;8621;36336;121469;16947;104522;3575
20260330;2024;11;TT;TODAS CONSOLIDADAS;05;5 ESTRELLAS;LORETO;160000;1;60;88;70,22;65,19;1,7;1,69;1,7;1015;406;609;1721;687;1034;54
20260330;2024;11;TT;TODAS CONSOLIDADAS;05;5 ESTRELLAS;PIURA;200000;1;83;166;78,71;53,61;1,81;1,6;2,19;1473;946;527;2670;1518;1152;82
20260330;2024;11;TT;TODAS CONSOLIDADAS;05;5 ESTRELLAS;PUNO;210000;1;123;231;47,05;66,46;1,59;1,67;1,58;2897;345;2552;4606;577;4029;32
20260330;2024;11;TT;TODAS CONSOLIDADAS;05;5 ESTRELLAS;SAN MARTÍN;220000;1;50;108;36,2;42,19;1,78;1,79;1,59;767;733;34;1367;1313;54;67
20260330;2024;11;TT;TODAS CONSOLIDADAS;05;5 ESTRELLAS;UCAYALI;250000;2;162;298;41,4;32,4;2,04;2,02;2,14;1421;1216;205;2897;2459;438;71
20260330;2024;11;TT;TODAS CONSOLIDADAS;12;ALBERGUE;AMAZONAS;010000;1;6;11;0;0;0;0;0;0;0;0;0;0;0;0
20260330;2024;11;TT;TODAS CONSOLIDADAS;12;ALBERGUE;ÁNCASH;020000;6;64;132;20,47;15,4;1,67;1,67;1,64;366;310;56;610;518;92;13
20260330;2024;11;TT;TODAS CONSOLIDADAS;12;ALBERGUE;AREQUIPA;040000;10;157;356;29,83;24,93;1,41;1,44;1,4;1884;518;1366;2663;748;1915;121
20260330;2024;11;TT;TODAS CONSOLIDADAS;12;ALBERGUE;AYACUCHO;050000;1;10;20;0;0;0;0;0;0;0;0;0;0;0;0
20260330;2024;11;TT;TODAS CONSOLIDADAS;12;ALBERGUE;CAJAMARCA;060000;1;11;22;0;0;0;0;0;0;0;0;0;0;0;0
20260330;2024;11;TT;TODAS CONSOLIDADAS;12;ALBERGUE;CUSCO;080000;16;363;636;35,62;27,47;1,24;1,6;1,23;4218;98;4120;5242;157;5085;98
20260330;2024;11;TT;TODAS CONSOLIDADAS;12;ALBERGUE;HUANCAVELICA;090000;1;14;47;21,67;13,26;3,9;3,9;0;48;48;0;187;187;0;16
20260330;2024;11;TT;TODAS CONSOLIDADAS;12;ALBERGUE;HUÁNUCO;100000;7;92;128;0;0;0;0;0;0;0;0;0;0;0;0
20260330;2024;11;TT;TODAS CONSOLIDADAS;12;ALBERGUE;ICA;110000;6;82;212;17,97;15,02;1,59;1,59;0;601;601;0;955;955;0;16
20260330;2024;11;TT;TODAS CONSOLIDADAS;12;ALBERGUE;JUNÍN;120000;1;32;104;26,15;19,26;1,68;1,69;1,64;357;318;39;601;537;64;20
20260330;2024;11;TT;TODAS CONSOLIDADAS;12;ALBERGUE;LA LIBERTAD;130000;1;15;27;47,56;34,44;1,86;1,83;3;150;146;4;279;267;12;4
20260330;2024;11;TT;TODAS CONSOLIDADAS;12;ALBERGUE;LIMA;150000;8;136;528;18,33;25,83;3,72;3,68;4,03;1099;955;144;4091;3511;580;25
20260330;2024;11;TT;TODAS CONSOLIDADAS;12;ALBERGUE;LORETO;160000;64;831;1680;17,97;18,99;2,03;1,58;2,21;4705;1321;3384;9570;2081;7489;280
20260330;2024;11;TT;TODAS CONSOLIDADAS;12;ALBERGUE;MADRE DE DIOS;170000;16;375;752;34,37;31,63;2,57;2,26;2,59;2779;172;2607;7135;389;6746;222
20260330;2024;11;TT;TODAS CONSOLIDADAS;12;ALBERGUE;PASCO;190000;22;270;683;13,02;13,71;1,51;1,5;2,03;1863;1829;34;2810;2741;69;63
20260330;2024;11;TT;TODAS CONSOLIDADAS;12;ALBERGUE;PUNO;210000;1;13;35;0;0;0;0;0;0;0;0;0;0;0;0
20260330;2024;11;TT;TODAS CONSOLIDADAS;12;ALBERGUE;SAN MARTÍN;220000;9;180;409;52,15;47,73;2,31;2,29;2,4;2540;2249;291;5857;5160;697;49
20260330;2024;11;TT;TODAS CONSOLIDADAS;12;ALBERGUE;UCAYALI;250000;5;52;146;25,51;15,5;2,69;1,99;3,78;252;153;99;679;305;374;30
20260330;2024;11;TT;TODAS CONSOLIDADAS;13;ECOLODGE;AREQUIPA;040000;1;23;51;19,86;19,15;1,3;1,59;1,24;226;37;189;293;59;234;7
20260330;2024;11;TT;TODAS CONSOLIDADAS;TT;TODAS CONSOLIDADAS;AMAZONAS;010000;445;5596;8946;17,4;13,7;1,27;1,26;1,45;30915;29513;1402;41140;38892;2248;1029
20260330;2024;11;TT;TODAS CONSOLIDADAS;TT;TODAS CONSOLIDADAS;ÁNCASH;020000;1070;13107;22675;18,19;15,71;1,28;1,27;1,42;92741;89811;2930;118198;113769;4429;1950
20260330;2024;11;TT;TODAS CONSOLIDADAS;TT;TODAS CONSOLIDADAS;APURÍMAC;030000;531;5302;8390;21,1;15,9;1,17;1,16;1,72;37699;36833;866;45044;43539;1505;585
20260330;2024;11;TT;TODAS CONSOLIDADAS;TT;TODAS CONSOLIDADAS;AREQUIPA;040000;1653;18977;33045;22,46;18,46;1,54;1,51;1,62;135032;98326;36706;211387;151249;60138;3380
20260330;2024;11;TT;TODAS CONSOLIDADAS;TT;TODAS CONSOLIDADAS;AYACUCHO;050000;657;6684;10966;18,22;14,1;1,29;1,28;1,54;36129;35405;724;48913;47651;1262;860
20260330;2024;11;TT;TODAS CONSOLIDADAS;TT;TODAS CONSOLIDADAS;CAJAMARCA;060000;1084;14219;22933;12,14;8,82;1,21;1,21;1,75;58472;57600;872;75421;73779;1642;2149
20260330;2024;11;TT;TODAS CONSOLIDADAS;TT;TODAS CONSOLIDADAS;CALLAO;070000;291;4749;8732;44,28;42,95;1,01;1,01;1,02;177137;165930;11207;183046;168629;14418;1302
20260330;2024;11;TT;TODAS CONSOLIDADAS;TT;TODAS CONSOLIDADAS;CUSCO;080000;2270;28214;51407;26,45;23,54;1,55;1,4;1,65;273786;82002;191784;439505;118256;321249;7791
20260330;2024;11;TT;TODAS CONSOLIDADAS;TT;TODAS CONSOLIDADAS;HUANCAVELICA;090000;247;2769;4261;15,98;13,14;1,12;1,12;1,57;14874;14829;45;16997;16924;73;322
20260330;2024;11;TT;TODAS CONSOLIDADAS;TT;TODAS CONSOLIDADAS;HUÁNUCO;100000;637;8702;13449;20,66;16,53;1,25;1,25;1,27;58825;58406;419;77602;76846;756;1286
20260330;2024;11;TT;TODAS CONSOLIDADAS;TT;TODAS CONSOLIDADAS;ICA;110000;1087;15704;27900;25,26;18,66;1,33;1,36;1,17;136207;111621;24586;186832;155053;31779;3679
20260330;2024;11;TT;TODAS CONSOLIDADAS;TT;TODAS CONSOLIDADAS;JUNÍN;120000;1611;17913;29936;25,4;20,29;1,15;1,14;2,6;153632;152819;813;178417;176411;2006;3299
20260330;2024;11;TT;TODAS CONSOLIDADAS;TT;TODAS CONSOLIDADAS;LA LIBERTAD;130000;1293;13961;24399;14,25;10,92;1,14;1,13;1,27;84435;80614;3821;112693;105914;6779;2217
20260330;2024;11;TT;TODAS CONSOLIDADAS;TT;TODAS CONSOLIDADAS;LAMBAYEQUE;140000;754;10916;16196;20,56;17,12;1,11;1,11;1,19;81083;78952;2131;96691;93219;3472;1909
20260330;2024;11;TT;TODAS CONSOLIDADAS;TT;TODAS CONSOLIDADAS;LIMA;150000;7759;85235;150391;23,3;21,45;1,08;1,07;1,17;2841132;2651711;189421;3253956;2849838;404118;44620
20260330;2024;11;TT;TODAS CONSOLIDADAS;TT;TODAS CONSOLIDADAS;LORETO;160000;922;9231;14959;9,73;10,49;1,61;1,58;1,61;33256;22255;11001;58613;38787;19826;1479
20260330;2024;11;TT;TODAS CONSOLIDADAS;TT;TODAS CONSOLIDADAS;MADRE DE DIOS;170000;387;5609;9565;32,77;23,84;1,54;1,28;2,36;45947;34719;11228;70224;43491;26733;1195
20260330;2024;11;TT;TODAS CONSOLIDADAS;TT;TODAS CONSOLIDADAS;MOQUEGUA;180000;297;4262;7206;22,46;16,69;1,42;1,42;1,38;25318;24485;833;38318;36878;1440;751
20260330;2024;11;TT;TODAS CONSOLIDADAS;TT;TODAS CONSOLIDADAS;PASCO;190000;469;5493;9159;19,2;15,69;1,33;1,32;1,92;32717;32573;144;43398;43123;275;979
20260330;2024;11;TT;TODAS CONSOLIDADAS;TT;TODAS CONSOLIDADAS;PIURA;200000;1234;12849;23004;39,29;29,14;1,79;1,6;2,29;112700;83252;29448;203238;135034;68204;2759
20260330;2024;11;TT;TODAS CONSOLIDADAS;TT;TODAS CONSOLIDADAS;PUNO;210000;1020;11461;19933;22,59;19,75;1,27;1,28;1,22;96089;75072;21017;127737;96315;31422;2164
20260330;2024;11;TT;TODAS CONSOLIDADAS;TT;TODAS CONSOLIDADAS;SAN MARTÍN;220000;979;11933;19379;26,08;21,32;1,46;1,44;1,85;87087;84266;2821;134947;129444;5503;1803
20260330;2024;11;TT;TODAS CONSOLIDADAS;TT;TODAS CONSOLIDADAS;TACNA;230000;519;6361;11824;11,96;10,53;1,32;1,25;1,43;33357;18352;15005;49250;25374;23876;938
20260330;2024;11;TT;TODAS CONSOLIDADAS;TT;TODAS CONSOLIDADAS;TUMBES;240000;285;3773;7613;18,9;14,3;1,6;1,58;1,78;24894;20900;3994;50160;41844;8316;1161
20260330;2024;11;TT;TODAS CONSOLIDADAS;TT;TODAS CONSOLIDADAS;UCAYALI;250000;579;6610;10498;36,81;26,12;3,38;3,42;1,61;27228;25726;1502;82600;79523;3077;1368
20260330;2024;12;01;HOTEL;01;1 ESTRELLA;LA LIBERTAD;130000;4;109;202;33,71;23,25;1;1;0;1456;1456;0;1456;1456;0;18
20260330;2024;12;00;NO CLASIFICADO;00;NO CATEGORIZADO;AMAZONAS;010000;313;2944;4638;14,4;11,53;1,4;1,35;1,95;11867;11010;857;16581;14907;1674;552
20260330;2024;12;00;NO CLASIFICADO;TT;TODAS CONSOLIDADAS;AMAZONAS;010000;313;2944;4638;14,4;11,53;1,4;1,35;1,95;11867;11010;857;16581;14907;1674;552
20260330;2024;12;01;HOTEL;01;1 ESTRELLA;AMAZONAS;010000;1;20;24;0;0;0;0;0;0;0;0;0;0;0;0
20260330;2024;12;00;NO CLASIFICADO;00;NO CATEGORIZADO;ÁNCASH;020000;765;6595;11105;15,72;12,74;1,29;1,29;1,36;33950;32700;1251;43880;42176;1704;741
20260330;2024;12;00;NO CLASIFICADO;TT;TODAS CONSOLIDADAS;ÁNCASH;020000;765;6595;11105;15,72;12,74;1,29;1,29;1,36;33950;32700;1251;43880;42176;1704;741
20260330;2024;12;01;HOTEL;01;1 ESTRELLA;ÁNCASH;020000;14;400;625;16,84;14,04;1,33;1,33;0;2053;2053;0;2721;2721;0;54
20260330;2024;12;00;NO CLASIFICADO;00;NO CATEGORIZADO;APURÍMAC;030000;502;4399;6926;18,84;13,9;1,14;1,13;1,86;26097;25794;303;29834;29271;563;428
20260330;2024;12;00;NO CLASIFICADO;TT;TODAS CONSOLIDADAS;APURÍMAC;030000;502;4399;6926;18,84;13,9;1,14;1,13;1,86;26097;25794;303;29834;29271;563;428
20260330;2024;12;01;HOTEL;01;1 ESTRELLA;APURÍMAC;030000;2;77;119;38,21;32,45;1,06;1,06;0;1126;1126;0;1197;1197;0;9
20260330;2024;12;00;NO CLASIFICADO;00;NO CATEGORIZADO;AREQUIPA;040000;1275;10745;18214;19,82;15,65;1,45;1,4;1,6;60965;46090;14875;88387;64524;23863;1252
20260330;2024;12;00;NO CLASIFICADO;TT;TODAS CONSOLIDADAS;AREQUIPA;040000;1275;10745;18214;19,82;15,65;1,45;1,4;1,6;60965;46090;14875;88387;64524;23863;1252
20260330;2024;12;01;HOTEL;01;1 ESTRELLA;AREQUIPA;040000;7;239;401;36,17;24,25;1,06;1,06;1,33;2836;2827;9;3015;3003;12;40
20260330;2024;12;00;NO CLASIFICADO;00;NO CATEGORIZADO;AYACUCHO;050000;602;5569;8965;16,31;12,23;1,23;1,23;1,31;27670;27196;474;33985;33362;623;644
20260330;2024;12;00;NO CLASIFICADO;TT;TODAS CONSOLIDADAS;AYACUCHO;050000;602;5569;8965;16,31;12,23;1,23;1,23;1,31;27670;27196;474;33985;33362;623;644
20260330;2024;12;01;HOTEL;01;1 ESTRELLA;AYACUCHO;050000;8;200;353;15,06;9,86;1,78;1,78;1,79;607;593;14;1079;1054;25;39
20260330;2024;12;00;NO CLASIFICADO;00;NO CATEGORIZADO;CAJAMARCA;060000;729;6270;10019;7,71;5,83;1,24;1,23;2,52;14658;14633;25;18112;18049;63;652
20260330;2024;12;00;NO CLASIFICADO;TT;TODAS CONSOLIDADAS;CAJAMARCA;060000;729;6270;10019;7,71;5,83;1,24;1,23;2,52;14658;14633;25;18112;18049;63;652
20260330;2024;12;01;HOTEL;01;1 ESTRELLA;CAJAMARCA;060000;6;153;287;11,34;9,18;1,16;1,16;0;707;707;0;817;817;0;25
20260330;2024;12;00;NO CLASIFICADO;00;NO CATEGORIZADO;CALLAO;070000;270;3699;6919;45,21;43,25;1,01;1,01;1,02;159795;158991;804;160759;159936;823;1054
20260330;2024;12;00;NO CLASIFICADO;TT;TODAS CONSOLIDADAS;CALLAO;070000;270;3699;6919;45,21;43,25;1,01;1,01;1,02;159795;158991;804;160759;159936;823;1054
20260330;2024;12;00;NO CLASIFICADO;00;NO CATEGORIZADO;CUSCO;080000;1982;18787;33425;20,41;18,86;1,5;1,34;1,65;129899;59666;70233;195423;79864;115559;3578
20260330;2024;12;01;HOTEL;01;1 ESTRELLA;CUSCO;080000;4;118;193;9,68;9,41;1,12;1,12;0;502;502;0;563;563;0;19
20260330;2024;12;00;NO CLASIFICADO;00;NO CATEGORIZADO;HUANCAVELICA;090000;239;2550;3872;15,53;12,97;1,11;1,11;1,31;13990;13951;39;15564;15513;51;284
20260330;2024;12;00;NO CLASIFICADO;TT;TODAS CONSOLIDADAS;HUANCAVELICA;090000;239;2550;3872;15,53;12,97;1,11;1,11;1,31;13990;13951;39;15564;15513;51;284
20260330;2024;12;00;NO CLASIFICADO;00;NO CATEGORIZADO;HUÁNUCO;100000;492;5162;7754;15,8;13,23;1,19;1,19;1,34;26803;26730;73;31812;31714;98;626
20260330;2024;12;00;NO CLASIFICADO;TT;TODAS CONSOLIDADAS;HUÁNUCO;100000;492;5162;7754;15,8;13,23;1,19;1,19;1,34;26803;26730;73;31812;31714;98;626
20260330;2024;12;01;HOTEL;01;1 ESTRELLA;HUÁNUCO;100000;8;241;369;55,11;61,53;1,08;1,08;0;6492;6492;0;7038;7038;0;40
20260330;2024;12;00;NO CLASIFICADO;00;NO CATEGORIZADO;ICA;110000;786;7848;13191;20,85;13,3;1,09;1,08;1,15;49826;42195;7631;54390;45625;8765;1417
20260330;2024;12;01;HOTEL;01;1 ESTRELLA;ICA;110000;8;224;386;12,79;12,39;1;1;1;1482;1359;123;1482;1359;123;29
20260330;2024;12;00;NO CLASIFICADO;00;NO CATEGORIZADO;JUNÍN;120000;1508;15222;24854;27,89;19,3;1,13;1,13;1,67;131320;130949;371;148724;148103;621;2724
20260330;2024;12;00;NO CLASIFICADO;TT;TODAS CONSOLIDADAS;JUNÍN;120000;1508;15222;24854;27,89;19,3;1,13;1,13;1,67;131320;130949;371;148724;148103;621;2724
20260330;2024;12;01;HOTEL;01;1 ESTRELLA;JUNÍN;120000;5;221;475;13,15;9,73;1,23;1,23;0;1165;1165;0;1433;1433;0;22
20260330;2024;12;00;NO CLASIFICADO;00;NO CATEGORIZADO;LA LIBERTAD;130000;995;7363;12322;10,05;7,62;1,06;1,06;1,06;27564;26836;728;29112;28337;775;539
20260330;2024;12;00;NO CLASIFICADO;TT;TODAS CONSOLIDADAS;LA LIBERTAD;130000;995;7363;12322;10,05;7,62;1,06;1,06;1,06;27564;26836;728;29112;28337;775;539
20260330;2024;12;00;NO CLASIFICADO;00;NO CATEGORIZADO;LAMBAYEQUE;140000;451;4477;6429;16,66;14,13;1,07;1,07;1,06;26332;26029;303;28162;27840;322;549
20260330;2024;12;00;NO CLASIFICADO;TT;TODAS CONSOLIDADAS;LAMBAYEQUE;140000;451;4477;6429;16,66;14,13;1,07;1,07;1,06;26332;26029;303;28162;27840;322;549
20260330;2024;12;00;NO CLASIFICADO;00;NO CATEGORIZADO;LIMA;150000;7143;55542;95292;22,78;21,32;1,06;1,06;1,17;2581906;2520845;61061;2749652;2678452;71200;34505
20260330;2024;12;00;NO CLASIFICADO;TT;TODAS CONSOLIDADAS;LIMA;150000;7143;55542;95292;22,78;21,32;1,06;1,06;1,17;2581906;2520845;61061;2749652;2678452;71200;34505
20260330;2024;12;00;NO CLASIFICADO;00;NO CATEGORIZADO;LORETO;160000;795;6812;10648;10,18;9,2;1,64;1,62;1,74;18494;14942;3552;30381;24210;6171;701
20260330;2024;12;00;NO CLASIFICADO;TT;TODAS CONSOLIDADAS;LORETO;160000;795;6812;10648;10,18;9,2;1,64;1,62;1,74;18494;14942;3552;30381;24210;6171;701
20260330;2024;12;00;NO CLASIFICADO;00;NO CATEGORIZADO;MADRE DE DIOS;170000;344;4422;7347;23,31;17,45;1,2;1,15;1,68;33069;29917;3152;39750;34461;5289;803
20260330;2024;12;00;NO CLASIFICADO;TT;TODAS CONSOLIDADAS;MADRE DE DIOS;170000;344;4422;7347;23,31;17,45;1,2;1,15;1,68;33069;29917;3152;39750;34461;5289;803
20260330;2024;12;00;NO CLASIFICADO;00;NO CATEGORIZADO;MOQUEGUA;180000;165;1642;2882;18,39;13,3;1,28;1,28;1;9312;9241;71;11880;11809;71;220
20260330;2024;12;00;NO CLASIFICADO;TT;TODAS CONSOLIDADAS;MOQUEGUA;180000;165;1642;2882;18,39;13,3;1,28;1,28;1;9312;9241;71;11880;11809;71;220
20260330;2024;12;00;NO CLASIFICADO;00;NO CATEGORIZADO;PASCO;190000;385;3994;6392;15,44;12,45;1,21;1,21;1,34;20402;20352;50;24668;24601;67;719
20260330;2024;12;00;NO CLASIFICADO;00;NO CATEGORIZADO;PIURA;200000;1162;10629;19110;37,55;27,64;1,73;1,64;2,14;94865;77998;16867;163746;127675;36071;2114
20260330;2024;12;00;NO CLASIFICADO;TT;TODAS CONSOLIDADAS;PIURA;200000;1162;10629;19110;37,55;27,64;1,73;1,64;2,14;94865;77998;16867;163746;127675;36071;2114
20260330;2024;12;00;NO CLASIFICADO;00;NO CATEGORIZADO;PUNO;210000;833;7344;12317;21,93;18,46;1,24;1,24;1,18;56859;53859;3000;70493;66939;3554;1339
20260330;2024;12;00;NO CLASIFICADO;00;NO CATEGORIZADO;SAN MARTÍN;220000;875;9302;14673;23,18;18,57;1,34;1,34;1,7;62968;62023;945;84483;82874;1609;1139
20260330;2024;12;00;NO CLASIFICADO;TT;TODAS CONSOLIDADAS;SAN MARTÍN;220000;875;9302;14673;23,18;18,57;1,34;1,34;1,7;62968;62023;945;84483;82874;1609;1139
20260330;2024;12;00;NO CLASIFICADO;00;NO CATEGORIZADO;TACNA;230000;428;4008;7151;10,17;10,32;1,3;1,23;1,43;17621;11541;6080;22876;14163;8713;447
20260330;2024;12;00;NO CLASIFICADO;TT;TODAS CONSOLIDADAS;TACNA;230000;428;4008;7151;10,17;10,32;1,3;1,23;1,43;17621;11541;6080;22876;14163;8713;447
20260330;2024;12;00;NO CLASIFICADO;00;NO CATEGORIZADO;TUMBES;240000;250;2434;4637;16,87;13,31;1,49;1,47;1,75;12809;11735;1074;19139;17257;1882;328
20260330;2024;12;00;NO CLASIFICADO;00;NO CATEGORIZADO;UCAYALI;250000;547;5414;8401;36,51;25,68;3,5;3,54;1,86;19095;18660;435;66880;66072;808;981
20260330;2024;12;00;NO CLASIFICADO;TT;TODAS CONSOLIDADAS;CUSCO;080000;1982;18787;33425;20,41;18,86;1,5;1,34;1,65;129899;59666;70233;195423;79864;115559;3578
20260330;2024;12;00;NO CLASIFICADO;TT;TODAS CONSOLIDADAS;ICA;110000;786;7848;13191;20,85;13,3;1,09;1,08;1,15;49826;42195;7631;54390;45625;8765;1417
20260330;2024;12;00;NO CLASIFICADO;TT;TODAS CONSOLIDADAS;PASCO;190000;385;3994;6392;15,44;12,45;1,21;1,21;1,34;20402;20352;50;24668;24601;67;719
20260330;2024;12;00;NO CLASIFICADO;TT;TODAS CONSOLIDADAS;PUNO;210000;833;7344;12317;21,93;18,46;1,24;1,24;1,18;56859;53859;3000;70493;66939;3554;1339
20260330;2024;12;00;NO CLASIFICADO;TT;TODAS CONSOLIDADAS;TUMBES;240000;250;2434;4637;16,87;13,31;1,49;1,47;1,75;12809;11735;1074;19139;17257;1882;328
20260330;2024;12;00;NO CLASIFICADO;TT;TODAS CONSOLIDADAS;UCAYALI;250000;547;5414;8401;36,51;25,68;3,5;3,54;1,86;19095;18660;435;66880;66072;808;981
20260330;2024;12;01;HOTEL;01;1 ESTRELLA;LAMBAYEQUE;140000;3;83;90;2,14;1,76;1;1;0;49;49;0;49;49;0;14
20260330;2024;12;01;HOTEL;01;1 ESTRELLA;LIMA;150000;12;431;758;34,56;33,55;1,05;1,05;1;7407;7302;105;7800;7695;105;63
20260330;2024;12;01;HOTEL;01;1 ESTRELLA;MADRE DE DIOS;170000;5;144;266;36,51;30,8;1;1;0;2535;2535;0;2540;2540;0;22
20260330;2024;12;01;HOTEL;01;1 ESTRELLA;MOQUEGUA;180000;2;64;128;12,75;7,64;1,17;1,09;1,85;259;232;27;303;253;50;9
20260330;2024;12;01;HOTEL;01;1 ESTRELLA;PASCO;190000;6;176;276;18,79;14,57;1,14;1,14;0;1092;1092;0;1247;1247;0;27
20260330;2024;12;01;HOTEL;01;1 ESTRELLA;PUNO;210000;5;122;215;16,16;16,59;1,42;1,42;1,41;779;762;17;1106;1082;24;20
20260330;2024;12;01;HOTEL;01;1 ESTRELLA;SAN MARTÍN;220000;7;150;223;18,58;18,33;1,33;1,33;1,27;955;940;15;1267;1248;19;27
20260330;2024;12;01;HOTEL;01;1 ESTRELLA;TACNA;230000;3;102;211;3,86;3,18;1,21;1,21;0;172;172;0;208;208;0;12
20260330;2024;12;01;HOTEL;01;1 ESTRELLA;TUMBES;240000;2;47;100;0;0;0;0;0;0;0;0;0;0;0;0
20260330;2024;12;01;HOTEL;02;2 ESTRELLAS;AMAZONAS;010000;38;1050;1657;26,54;20,52;1,55;1,54;1,87;6813;6731;82;10541;10388;153;168
20260330;2024;12;01;HOTEL;02;2 ESTRELLAS;ÁNCASH;020000;62;1658;3040;20,73;14,71;1,52;1,53;1,39;9095;8915;180;13864;13613;251;256
20260330;2024;12;01;HOTEL;02;2 ESTRELLAS;APURÍMAC;030000;7;287;484;21,68;16,92;1,14;1,14;1,25;2223;2215;8;2539;2529;10;30
20260330;2024;12;01;HOTEL;02;2 ESTRELLAS;AREQUIPA;040000;43;1208;2122;17,2;14,07;1,28;1,26;1,44;7251;6624;627;9256;8351;905;197
20260330;2024;12;01;HOTEL;02;2 ESTRELLAS;AYACUCHO;050000;8;264;491;33,64;22,65;1,61;1,53;2,29;2141;1916;225;3447;2932;515;47
20260330;2024;12;01;HOTEL;02;2 ESTRELLAS;CAJAMARCA;060000;67;1893;3016;14,56;12,08;1,18;1,18;1,1;9553;9446;107;11293;11175;118;284
20260330;2024;12;01;HOTEL;02;2 ESTRELLAS;CALLAO;070000;1;40;67;14,68;14,83;1,21;1,22;1,21;254;73;181;308;89;219;6
20260330;2024;12;01;HOTEL;02;2 ESTRELLAS;CUSCO;080000;49;1244;2287;21,28;19,94;1,69;1,55;1,83;8365;4146;4219;14138;6435;7703;381
20260330;2024;12;01;HOTEL;02;2 ESTRELLAS;HUANCAVELICA;090000;2;40;69;37,26;35,06;1,76;1,76;0;425;425;0;750;750;0;9
20260330;2024;12;01;HOTEL;02;2 ESTRELLAS;HUÁNUCO;100000;54;1657;2623;29,39;23,68;1,26;1,26;1,04;15313;15285;28;19256;19227;29;255
20260330;2024;12;01;HOTEL;02;2 ESTRELLAS;ICA;110000;54;1537;2672;21,59;15,39;1,1;1,11;1,01;11547;11370;177;12749;12571;178;239
20260330;2024;12;01;HOTEL;02;2 ESTRELLAS;JUNÍN;120000;30;905;1613;14,51;11,19;1,27;1,27;1,19;4392;4360;32;5594;5556;38;140
20260330;2024;12;01;HOTEL;02;2 ESTRELLAS;LA LIBERTAD;130000;19;468;824;23,48;18,87;1,36;1,35;1,38;3556;3253;303;4821;4403;418;96
20260330;2024;12;01;HOTEL;02;2 ESTRELLAS;LAMBAYEQUE;140000;72;2087;3073;25,34;21,03;1,07;1,07;1,17;18727;18598;129;20031;19880;151;327
20260330;2024;12;01;HOTEL;02;2 ESTRELLAS;LIMA;150000;122;5424;10280;31,5;27,14;1,27;1,26;1,53;89130;85793;3337;113440;108331;5108;1161
20260330;2024;12;01;HOTEL;02;2 ESTRELLAS;LORETO;160000;9;207;351;12,93;9,35;1,41;1,39;1,78;720;674;46;1017;935;82;41
20260330;2024;12;01;HOTEL;02;2 ESTRELLAS;MADRE DE DIOS;170000;9;266;491;45,36;35,51;1,78;1,84;1,49;3037;2543;494;5405;4669;736;51
20260330;2024;12;01;HOTEL;02;2 ESTRELLAS;MOQUEGUA;180000;26;644;1078;19,44;14,88;1,66;1,66;1,56;3003;2835;168;4972;4710;262;128
20260330;2024;12;01;HOTEL;02;2 ESTRELLAS;PASCO;190000;6;191;364;22,18;16,1;1,51;1,51;1;1201;1200;1;1817;1816;1;30
20260330;2024;12;01;HOTEL;02;2 ESTRELLAS;PUNO;210000;32;748;1292;15,42;11,02;1,18;1,15;1,48;3754;3427;327;4415;3931;484;110
20260330;2024;12;01;HOTEL;02;2 ESTRELLAS;SAN MARTÍN;220000;28;771;1324;33,58;30,29;1,72;1,71;1,9;7229;6960;269;12434;11924;510;146
20260330;2024;12;01;HOTEL;02;2 ESTRELLAS;TACNA;230000;33;956;1883;20,18;15,61;1,45;1,44;1,47;6269;3594;2675;9110;5179;3931;179
20260330;2024;12;01;HOTEL;02;2 ESTRELLAS;TUMBES;240000;6;162;295;6,49;4,22;1,4;1,43;1,28;275;222;53;386;318;68;26
20260330;2024;12;01;HOTEL;02;2 ESTRELLAS;UCAYALI;250000;1;30;53;1,4;,79;1;1;0;13;13;0;13;13;0;6
20260330;2024;12;01;HOTEL;03;3 ESTRELLAS;AMAZONAS;010000;18;446;767;24,16;18,23;1,28;1,24;1,84;3381;3162;219;4335;3932;403;105
20260330;2024;12;01;HOTEL;03;3 ESTRELLAS;ÁNCASH;020000;41;1403;2522;23,73;17,18;1,43;1,41;1,77;9389;8914;475;13432;12590;842;325
20260330;2024;12;01;HOTEL;03;3 ESTRELLAS;APURÍMAC;030000;5;178;298;37,28;31,98;1,75;1,78;1,36;1687;1555;132;2954;2775;179;46
20260330;2024;12;01;HOTEL;03;3 ESTRELLAS;AREQUIPA;040000;73;2153;4040;20,75;17,06;1,74;1,76;1,68;12291;9058;3233;21368;15946;5422;594
20260330;2024;12;01;HOTEL;03;3 ESTRELLAS;AYACUCHO;050000;7;190;351;17,96;17,11;1,9;1,87;2,24;980;905;75;1862;1694;168;48
20260330;2024;12;01;HOTEL;03;3 ESTRELLAS;CAJAMARCA;060000;68;2049;3408;15,24;11,36;1,57;1,57;1,65;7633;7314;319;12004;11478;526;395
20260330;2024;12;01;HOTEL;03;3 ESTRELLAS;CALLAO;070000;4;233;393;27,9;30,25;1,29;1,23;1,58;2848;2348;500;3685;2897;788;49
20260330;2024;12;01;HOTEL;03;3 ESTRELLAS;CUSCO;080000;94;3310;6508;33,9;30,36;1,75;1,78;1,74;35070;7821;27249;61256;13932;47324;1129
20260330;2024;12;01;HOTEL;03;3 ESTRELLAS;HUANCAVELICA;090000;2;65;108;6,25;4,87;1,21;1,21;1;135;132;3;163;160;3;10
20260330;2024;12;01;HOTEL;03;3 ESTRELLAS;HUÁNUCO;100000;18;648;1177;25,18;18,3;1,36;1,36;1,52;4891;4822;69;6676;6571;105;146
20260330;2024;12;01;HOTEL;03;3 ESTRELLAS;ICA;110000;70;2397;4675;31,47;23,93;1,48;1,51;1,38;23421;18916;4505;34687;28475;6212;540
20260330;2024;12;01;HOTEL;03;3 ESTRELLAS;JUNÍN;120000;20;760;1455;14,42;10,56;1,83;1,84;1,53;2603;2537;66;4764;4663;101;213
20260330;2024;12;01;HOTEL;03;3 ESTRELLAS;LA LIBERTAD;130000;72;2083;3932;33,42;25,33;1,74;1,73;1,92;17703;16658;1045;30872;28861;2011;503
20260330;2024;12;01;HOTEL;03;3 ESTRELLAS;LAMBAYEQUE;140000;37;1222;2025;26,2;22,59;1,38;1,36;1,65;10304;9819;485;14182;13383;799;235
20260330;2024;12;01;HOTEL;03;3 ESTRELLAS;LIMA;150000;161;8114;15509;40,95;37,43;1,62;1,41;2,02;110975;72265;38710;179973;101804;78169;2236
20260330;2024;12;01;HOTEL;03;3 ESTRELLAS;LORETO;160000;27;791;1359;24,58;24,31;2,18;2,16;2,29;4698;3927;771;10242;8473;1769;231
20260330;2024;12;01;HOTEL;03;3 ESTRELLAS;MADRE DE DIOS;170000;5;202;377;31,32;31,58;1,43;1,6;1,16;2582;1581;1001;3691;2532;1159;55
20260330;2024;12;01;HOTEL;03;3 ESTRELLAS;MOQUEGUA;180000;12;381;630;22,47;16,3;1,72;1,72;1,69;1852;1704;148;3183;2933;250;78
20260330;2024;12;01;HOTEL;03;3 ESTRELLAS;PASCO;190000;5;99;157;7,17;12,25;2,03;2,03;0;294;294;0;596;596;0;11
20260330;2024;12;01;HOTEL;03;3 ESTRELLAS;PIURA;200000;20;717;1202;40,52;31,69;1,67;1,62;2,08;7072;6257;815;11807;10109;1698;208
20260330;2024;12;01;HOTEL;03;3 ESTRELLAS;PUNO;210000;28;884;1722;22,13;18,49;1,49;1,44;1,54;6627;3228;3399;9869;4642;5227;188
20260330;2024;12;01;HOTEL;03;3 ESTRELLAS;SAN MARTÍN;220000;27;969;1699;26,32;22,05;1,74;1,71;2,43;6676;6387;289;11613;10912;701;222
20260330;2024;12;01;HOTEL;03;3 ESTRELLAS;TACNA;230000;11;422;907;39,32;33,6;1,76;1,69;1,81;5369;2048;3321;9448;3453;5995;105
20260330;2024;12;01;HOTEL;03;3 ESTRELLAS;TUMBES;240000;9;282;565;49,53;48,21;2,96;2,98;2,81;2854;2472;382;8444;7372;1072;124
20260330;2024;12;01;HOTEL;03;3 ESTRELLAS;UCAYALI;250000;15;541;903;25,28;19,3;1,86;1,86;1,85;2901;2744;157;5402;5111;291;130
20260330;2024;12;01;HOTEL;04;4 ESTRELLAS;APURÍMAC;030000;1;32;56;25,5;14,57;1,74;1,73;2;145;135;10;253;233;20;14
20260330;2024;12;01;HOTEL;04;4 ESTRELLAS;AREQUIPA;040000;11;558;1061;24,33;22,22;1,88;1,89;1,85;3894;2247;1647;7309;4254;3055;263
20260330;2024;12;01;HOTEL;04;4 ESTRELLAS;CAJAMARCA;060000;3;187;334;35,76;33,49;2,05;2,04;2,14;1691;1495;196;3468;3049;419;145
20260330;2024;12;01;HOTEL;04;4 ESTRELLAS;CALLAO;070000;2;371;599;95,7;82,41;1,29;1,23;1,3;11860;1961;9899;15303;2404;12899;130
20260330;2024;12;01;HOTEL;04;4 ESTRELLAS;CUSCO;080000;21;1606;3139;53,46;51,14;1,73;1,67;1,74;28688;3819;24869;49759;6368;43391;1003
20260330;2024;12;01;HOTEL;04;4 ESTRELLAS;HUÁNUCO;100000;1;60;101;34,09;27,75;1,68;1,68;1,67;518;500;18;869;839;30;30
20260330;2024;12;01;HOTEL;04;4 ESTRELLAS;ICA;110000;7;707;1488;40,37;40,09;1,65;1,8;1,37;11212;7188;4024;18493;12964;5529;329
20260330;2024;12;01;HOTEL;04;4 ESTRELLAS;JUNÍN;120000;1;40;82;17,9;18,8;1,32;1,32;0;363;363;0;478;478;0;19
20260330;2024;12;01;HOTEL;04;4 ESTRELLAS;LA LIBERTAD;130000;4;318;546;36,72;36,02;1,79;1,75;2,02;3414;2943;471;6096;5146;950;131
20260330;2024;12;01;HOTEL;04;4 ESTRELLAS;LAMBAYEQUE;140000;5;359;627;58,77;53,96;1,52;1,47;1,94;6920;6203;717;10489;9097;1392;285
20260330;2024;12;01;HOTEL;04;4 ESTRELLAS;LIMA;150000;44;4331;7831;41,12;38,82;2,1;1,6;2,38;44779;15747;29032;94238;25176;69062;1657
20260330;2024;12;01;HOTEL;04;4 ESTRELLAS;LORETO;160000;3;136;203;36,12;37,5;2,32;2,16;2,67;1017;698;319;2360;1508;852;83
20260330;2024;12;01;HOTEL;04;4 ESTRELLAS;MOQUEGUA;180000;2;123;234;23,73;19,38;2,38;2,29;2,93;591;506;85;1406;1157;249;61
20260330;2024;12;01;HOTEL;04;4 ESTRELLAS;PUNO;210000;8;508;961;21,12;20,72;1,72;1,61;1,77;3590;1116;2474;6174;1802;4372;191
20260330;2024;12;01;HOTEL;04;4 ESTRELLAS;SAN MARTÍN;220000;1;58;90;25,42;25,81;1,95;2,01;1,2;369;344;25;720;690;30;20
20260330;2024;12;01;HOTEL;04;4 ESTRELLAS;TACNA;230000;2;200;391;38,13;33,26;1,65;1,62;1,67;2447;1038;1409;4032;1683;2349;67
20260330;2024;12;01;HOTEL;04;4 ESTRELLAS;TUMBES;240000;5;265;520;32,74;35,86;2,21;2,33;1,86;2610;1961;649;5781;4574;1207;160
20260330;2024;12;01;HOTEL;04;4 ESTRELLAS;UCAYALI;250000;5;289;515;37,07;32,25;2,11;2,01;2,8;2439;2139;300;5149;4310;839;120
20260330;2024;12;01;HOTEL;05;5 ESTRELLAS;AREQUIPA;040000;3;241;352;37,21;42,66;1,93;1,77;2,24;2406;1551;855;4655;2743;1912;184
20260330;2024;12;01;HOTEL;05;5 ESTRELLAS;CUSCO;080000;15;1283;2501;56,95;55,2;1,65;1,85;1,62;26010;2383;23627;42800;4411;38389;1347
20260330;2024;12;01;HOTEL;05;5 ESTRELLAS;ICA;110000;5;546;1307;48,8;50,96;1,92;1,86;2,04;10732;7019;3713;20647;13080;7567;440
20260330;2024;12;01;HOTEL;05;5 ESTRELLAS;LA LIBERTAD;130000;2;267;450;37,6;38,85;1,75;1,68;2,23;3090;2659;431;5419;4458;961;188
20260330;2024;12;01;HOTEL;05;5 ESTRELLAS;LIMA;150000;27;4807;8382;47,9;42,19;2,23;1,66;2,39;49238;10930;38308;109631;18091;91540;3443
20260330;2024;12;01;HOTEL;05;5 ESTRELLAS;LORETO;160000;1;71;110;42,03;48,45;1,65;1,69;1,62;1000;456;544;1652;769;883;54
20260330;2024;12;01;HOTEL;05;5 ESTRELLAS;PIURA;200000;1;83;166;62,3;53,13;1,75;1,56;2,53;1560;1249;311;2734;1948;786;82
20260330;2024;12;01;HOTEL;01;1 ESTRELLA;PIURA;200000;2;40;87;0;0;0;0;0;0;0;0;0;0;0;0
20260330;2024;12;01;HOTEL;02;2 ESTRELLAS;PIURA;200000;16;389;650;29,18;23,32;1,91;1,93;1,37;2463;2387;76;4699;4595;104;75
20260330;2024;12;01;HOTEL;04;4 ESTRELLAS;PIURA;200000;4;394;745;34,81;29,82;1,93;1,83;2,35;3572;2890;682;6887;5286;1601;141
20260330;2024;12;01;HOTEL;05;5 ESTRELLAS;PUNO;210000;1;123;231;26,15;41,39;1,6;1,54;1,62;1853;383;1470;2964;588;2376;32
20260330;2024;12;01;HOTEL;05;5 ESTRELLAS;SAN MARTÍN;220000;1;50;108;34,06;42,05;1,8;1,78;2,19;782;746;36;1408;1329;79;67
20260330;2024;12;01;HOTEL;05;5 ESTRELLAS;UCAYALI;250000;2;162;298;35,72;28,87;2,1;2,12;1,94;1270;1114;156;2667;2365;302;72
20260330;2024;12;01;HOTEL;TT;TODAS CONSOLIDADAS;AMAZONAS;010000;57;1516;2448;25,49;19,6;1,46;1,45;1,85;10194;9893;301;14876;14320;556;273
20260330;2024;12;01;HOTEL;TT;TODAS CONSOLIDADAS;ÁNCASH;020000;117;3461;6187;21,49;15,65;1,46;1,45;1,67;20537;19882;655;30017;28924;1093;635
20260330;2024;12;01;HOTEL;TT;TODAS CONSOLIDADAS;APURÍMAC;030000;15;574;957;28,95;23,4;1,34;1,34;1,39;5181;5031;150;6943;6734;209;99
20260330;2024;12;01;HOTEL;TT;TODAS CONSOLIDADAS;AREQUIPA;040000;137;4399;7976;21,97;18,44;1,59;1,54;1,77;28678;22307;6371;45603;34297;11306;1278
20260330;2024;12;01;HOTEL;TT;TODAS CONSOLIDADAS;AYACUCHO;050000;23;654;1195;23,4;17,24;1,71;1,66;2,25;3728;3414;314;6388;5680;708;134
20260330;2024;12;01;HOTEL;TT;TODAS CONSOLIDADAS;CALLAO;070000;7;644;1059;66,13;58,78;1,29;1,23;1,31;14962;4382;10580;19296;5390;13906;185
20260330;2024;12;01;HOTEL;TT;TODAS CONSOLIDADAS;CUSCO;080000;183;7561;14628;39,51;37,16;1,71;1,7;1,71;98635;18671;79964;168516;31709;136807;3879
20260330;2024;12;01;HOTEL;TT;TODAS CONSOLIDADAS;HUANCAVELICA;090000;4;105;177;18,06;16,64;1,63;1,63;1;560;557;3;913;910;3;19
20260330;2024;12;01;HOTEL;TT;TODAS CONSOLIDADAS;HUÁNUCO;100000;81;2606;4270;30,83;25,56;1,24;1,24;1,43;27214;27099;115;33839;33675;164;471
20260330;2024;12;01;HOTEL;TT;TODAS CONSOLIDADAS;ICA;110000;144;5411;10528;30,8;26,98;1,51;1,49;1,56;58394;45852;12542;88058;68449;19609;1577
20260330;2024;12;01;HOTEL;TT;TODAS CONSOLIDADAS;JUNÍN;120000;56;1926;3625;14,39;10,92;1,44;1,44;1,42;8523;8425;98;12269;12130;139;394
20260330;2024;12;01;HOTEL;TT;TODAS CONSOLIDADAS;LA LIBERTAD;130000;101;3245;5954;32,66;26,37;1,67;1,64;1,93;29219;26969;2250;48664;44324;4340;936
20260330;2024;12;01;HOTEL;TT;TODAS CONSOLIDADAS;LAMBAYEQUE;140000;117;3751;5815;28,3;24,83;1,24;1,22;1,76;36000;34669;1331;44751;42409;2342;861
20260330;2024;12;01;HOTEL;TT;TODAS CONSOLIDADAS;LIMA;150000;366;23107;42760;41,33;37,13;1,77;1,4;2,24;311620;175869;135751;551086;246843;304243;9934
20260330;2024;12;01;HOTEL;TT;TODAS CONSOLIDADAS;LORETO;160000;40;1205;2023;24,91;24,35;2,05;2,03;2,13;7435;5755;1680;15271;11685;3586;409
20260330;2024;12;01;HOTEL;TT;TODAS CONSOLIDADAS;MADRE DE DIOS;170000;19;612;1134;38,64;33,1;1,43;1,46;1,27;8154;6659;1495;11636;9741;1895;128
20260330;2024;12;01;HOTEL;TT;TODAS CONSOLIDADAS;MOQUEGUA;180000;42;1212;2070;20,48;15,37;1,73;1,72;1,89;5705;5277;428;9864;9053;811;276
20260330;2024;12;01;HOTEL;TT;TODAS CONSOLIDADAS;PASCO;190000;17;466;797;17,71;14,81;1,41;1,41;1;2587;2586;1;3660;3659;1;68
20260330;2024;12;01;HOTEL;TT;TODAS CONSOLIDADAS;PIURA;200000;43;1623;2850;36,53;29,57;1,78;1,72;2,22;14667;12783;1884;26127;21938;4189;506
20260330;2024;12;01;HOTEL;TT;TODAS CONSOLIDADAS;PUNO;210000;74;2385;4421;19,71;17,9;1,48;1,35;1,62;16603;8916;7687;24528;12045;12483;541
20260330;2024;12;01;HOTEL;TT;TODAS CONSOLIDADAS;SAN MARTÍN;220000;64;1998;3444;28,7;25,7;1,71;1,7;2,11;16011;15377;634;27442;26103;1339;482
20260330;2024;12;01;HOTEL;TT;TODAS CONSOLIDADAS;TACNA;230000;49;1680;3392;26,14;21,68;1,6;1,54;1,66;14257;6852;7405;22798;10523;12275;363
20260330;2024;12;01;HOTEL;TT;TODAS CONSOLIDADAS;TUMBES;240000;22;756;1480;31,34;31,85;2,55;2,63;2,17;5739;4655;1084;14611;12264;2347;310
20260330;2024;12;01;HOTEL;TT;TODAS CONSOLIDADAS;UCAYALI;250000;23;1022;1769;29,57;24,13;2;1,96;2,34;6623;6010;613;13231;11799;1432;328
20260330;2024;12;02;APART HOTEL;03;3 ESTRELLAS;ÁNCASH;020000;2;16;44;13,71;13,71;2,2;2,2;0;85;85;0;187;187;0;4
20260330;2024;12;02;APART HOTEL;03;3 ESTRELLAS;APURÍMAC;030000;1;23;36;53,86;52,6;1,76;1,75;1,82;333;289;44;587;507;80;13
20260330;2024;12;02;APART HOTEL;03;3 ESTRELLAS;AREQUIPA;040000;1;19;35;1,7;2,21;2,18;2,18;0;11;11;0;24;24;0;5
20260330;2024;12;02;APART HOTEL;03;3 ESTRELLAS;CAJAMARCA;060000;2;13;24;0;0;0;0;0;0;0;0;0;0;0;0
20260330;2024;12;02;APART HOTEL;03;3 ESTRELLAS;ICA;110000;3;36;56;11,38;11,46;1;1;0;199;199;0;199;199;0;8
20260330;2024;12;02;APART HOTEL;03;3 ESTRELLAS;LIMA;150000;7;189;365;42,04;33,75;2,87;2,73;2,98;1331;598;733;3819;1634;2185;43
20260330;2024;12;02;APART HOTEL;03;3 ESTRELLAS;LORETO;160000;1;24;46;0;0;0;0;0;0;0;0;0;0;0;0
20260330;2024;12;02;APART HOTEL;03;3 ESTRELLAS;MOQUEGUA;180000;1;10;16;2,58;1,61;1,14;1,14;0;7;7;0;8;8;0;3
20260330;2024;12;02;APART HOTEL;03;3 ESTRELLAS;PASCO;190000;1;15;17;0;0;0;0;0;0;0;0;0;0;0;0
20260330;2024;12;02;APART HOTEL;03;3 ESTRELLAS;TUMBES;240000;2;18;50;0;0;0;0;0;0;0;0;0;0;0;0
20260330;2024;12;02;APART HOTEL;04;4 ESTRELLAS;LIMA;150000;7;379;754;55,68;52,24;3,53;2,95;3,63;3457;509;2948;12210;1500;10710;102
20260330;2024;12;02;APART HOTEL;04;4 ESTRELLAS;LORETO;160000;1;13;23;42,18;33,1;1;1;1;236;5;231;236;5;231;6
20260330;2024;12;02;APART HOTEL;04;4 ESTRELLAS;SAN MARTÍN;220000;1;24;48;60,62;66,4;2,17;2,1;2,67;456;402;54;988;844;144;20
20260330;2024;12;02;APART HOTEL;05;5 ESTRELLAS;LIMA;150000;4;250;435;35,32;34,5;1,79;1,89;1,76;2593;697;1896;4652;1314;3338;111
20260330;2024;12;02;APART HOTEL;TT;TODAS CONSOLIDADAS;ÁNCASH;020000;2;16;44;13,71;13,71;2,2;2,2;0;85;85;0;187;187;0;4
20260330;2024;12;02;APART HOTEL;TT;TODAS CONSOLIDADAS;APURÍMAC;030000;1;23;36;53,86;52,6;1,76;1,75;1,82;333;289;44;587;507;80;13
20260330;2024;12;02;APART HOTEL;TT;TODAS CONSOLIDADAS;AREQUIPA;040000;1;19;35;1,7;2,21;2,18;2,18;0;11;11;0;24;24;0;5
20260330;2024;12;02;APART HOTEL;TT;TODAS CONSOLIDADAS;CAJAMARCA;060000;2;13;24;0;0;0;0;0;0;0;0;0;0;0;0
20260330;2024;12;02;APART HOTEL;TT;TODAS CONSOLIDADAS;ICA;110000;3;36;56;11,38;11,46;1;1;0;199;199;0;199;199;0;8
20260330;2024;12;02;APART HOTEL;TT;TODAS CONSOLIDADAS;LIMA;150000;18;818;1554;46,3;42,93;2,8;2,47;2,91;7381;1804;5577;20681;4448;16233;256
20260330;2024;12;02;APART HOTEL;TT;TODAS CONSOLIDADAS;LORETO;160000;2;37;69;14,82;11,03;1;1;1;236;5;231;236;5;231;6
20260330;2024;12;02;APART HOTEL;TT;TODAS CONSOLIDADAS;MOQUEGUA;180000;1;10;16;2,58;1,61;1,14;1,14;0;7;7;0;8;8;0;3
20260330;2024;12;02;APART HOTEL;TT;TODAS CONSOLIDADAS;PASCO;190000;1;15;17;0;0;0;0;0;0;0;0;0;0;0;0
20260330;2024;12;02;APART HOTEL;TT;TODAS CONSOLIDADAS;SAN MARTÍN;220000;1;24;48;60,62;66,4;2,17;2,1;2,67;456;402;54;988;844;144;20
20260330;2024;12;02;APART HOTEL;TT;TODAS CONSOLIDADAS;TUMBES;240000;2;18;50;0;0;0;0;0;0;0;0;0;0;0;0
20260330;2024;12;03;HOSTAL;01;1 ESTRELLA;AMAZONAS;010000;18;243;377;34,77;28,64;1,03;1,03;1,8;3253;3248;5;3347;3338;9;45
20260330;2024;12;03;HOSTAL;01;1 ESTRELLA;ÁNCASH;020000;38;558;913;26,72;20,46;1,05;1,05;1;5541;5508;33;5792;5759;33;94
20260330;2024;12;03;HOSTAL;01;1 ESTRELLA;APURÍMAC;030000;5;124;202;27,16;27,95;1,11;1,11;0;1575;1575;0;1750;1750;0;14
20260330;2024;12;03;HOSTAL;01;1 ESTRELLA;AREQUIPA;040000;51;774;1180;19,06;15,01;1,09;1,09;1;5041;4944;97;5490;5393;97;134
20260330;2024;12;03;HOSTAL;01;1 ESTRELLA;AYACUCHO;050000;16;208;378;12,87;10,28;1,36;1,36;0;887;887;0;1205;1205;0;32
20260330;2024;12;03;HOSTAL;01;1 ESTRELLA;CAJAMARCA;060000;22;388;614;20,51;16,82;1,59;1,59;0;2012;2012;0;3202;3202;0;73
20260330;2024;12;03;HOSTAL;01;1 ESTRELLA;CALLAO;070000;8;159;301;29,7;33,47;1,04;1,04;0;3233;3233;0;3361;3361;0;25
20260330;2024;12;03;HOSTAL;01;1 ESTRELLA;CUSCO;080000;25;424;709;29,09;23,91;1,08;1,08;1,5;4860;4852;8;5256;5244;12;60
20260330;2024;12;03;HOSTAL;01;1 ESTRELLA;HUANCAVELICA;090000;2;66;94;19,31;13,83;1,01;1,01;0;399;399;0;403;403;0;5
20260330;2024;12;03;HOSTAL;01;1 ESTRELLA;HUÁNUCO;100000;26;376;557;55,79;64,33;1,87;1,87;0;5936;5936;0;11108;11108;0;67
20260330;2024;12;03;HOSTAL;01;1 ESTRELLA;ICA;110000;19;243;375;36,29;28,23;1,32;1,32;1,35;2492;2475;17;3282;3259;23;43
20260330;2024;12;03;HOSTAL;01;1 ESTRELLA;JUNÍN;120000;12;170;294;29,11;23,28;1,15;1,15;0;1851;1851;0;2122;2122;0;29
20260330;2024;12;03;HOSTAL;01;1 ESTRELLA;LA LIBERTAD;130000;24;357;641;41,27;23,49;1,02;1,02;0;4574;4574;0;4668;4668;0;64
20260330;2024;12;03;HOSTAL;01;1 ESTRELLA;LIMA;150000;77;1534;2756;27,72;26,64;1,06;1,06;1,02;27121;26675;445;28621;28165;455;338
20260330;2024;12;03;HOSTAL;01;1 ESTRELLA;LORETO;160000;6;106;172;11,66;13,9;1,61;1,62;1,5;459;437;22;741;708;33;23
20260330;2024;12;03;HOSTAL;01;1 ESTRELLA;MADRE DE DIOS;170000;2;53;101;10,59;7,7;1,26;1,26;0;192;192;0;241;241;0;8
20260330;2024;12;03;HOSTAL;01;1 ESTRELLA;MOQUEGUA;180000;19;282;482;20,67;15,24;1,25;1,25;1,22;1828;1714;114;2277;2138;139;51
20260330;2024;12;03;HOSTAL;01;1 ESTRELLA;PASCO;190000;22;361;545;19,99;13,26;1,05;1,05;1,33;2130;2121;9;2240;2228;12;60
20260330;2024;12;03;HOSTAL;01;1 ESTRELLA;PIURA;200000;3;56;81;14;8,72;2,03;2,03;0;108;108;0;219;219;0;12
20260330;2024;12;03;HOSTAL;01;1 ESTRELLA;PUNO;210000;35;524;923;18,89;14,5;1,04;1,04;1,06;3996;3866;130;4149;4011;138;79
20260330;2024;12;03;HOSTAL;01;1 ESTRELLA;SAN MARTÍN;220000;1;20;33;0;0;0;0;0;0;0;0;0;0;0;0
20260330;2024;12;03;HOSTAL;01;1 ESTRELLA;TACNA;230000;10;175;306;17,9;18,22;1,07;1,06;1,09;1619;1129;490;1728;1194;534;28
20260330;2024;12;03;HOSTAL;02;2 ESTRELLAS;AMAZONAS;010000;51;835;1328;21,56;18,8;1,19;1,18;1,73;6509;6375;134;7739;7507;232;145
20260330;2024;12;03;HOSTAL;02;2 ESTRELLAS;ÁNCASH;020000;130;2167;3794;29,79;27,63;1,13;1,12;1,3;28886;28606;280;32499;32136;363;376
20260330;2024;12;03;HOSTAL;02;2 ESTRELLAS;APURÍMAC;030000;7;143;217;33,59;23,47;1,13;1,13;0;1403;1403;0;1579;1579;0;23
20260330;2024;12;03;HOSTAL;02;2 ESTRELLAS;AREQUIPA;040000;130;2087;3756;31,81;26,82;1,46;1,47;1,27;21406;20437;969;31228;30001;1227;364
20260330;2024;12;03;HOSTAL;02;2 ESTRELLAS;AYACUCHO;050000;10;133;238;23,14;25,03;2,35;2,35;2,4;787;777;10;1847;1823;24;25
20260330;2024;12;03;HOSTAL;02;2 ESTRELLAS;CAJAMARCA;060000;133;2384;3785;19,33;15,55;1,32;1,32;1,41;13865;13780;85;18244;18124;120;389
20260330;2024;12;03;HOSTAL;02;2 ESTRELLAS;CALLAO;070000;6;247;453;29,19;26,88;1,03;1,03;0;3661;3661;0;3775;3775;0;37
20260330;2024;12;03;HOSTAL;02;2 ESTRELLAS;CUSCO;080000;46;744;1317;30,14;24,86;1,63;1,57;1,79;6231;4630;1601;10149;7279;2870;128
20260330;2024;12;03;HOSTAL;02;2 ESTRELLAS;HUANCAVELICA;090000;1;37;67;0;0;0;0;0;0;0;0;0;0;0;0
20260330;2024;12;03;HOSTAL;02;2 ESTRELLAS;HUÁNUCO;100000;28;452;731;28,81;21,81;1,19;1,19;1,17;4164;4158;6;4943;4936;7;84
20260330;2024;12;03;HOSTAL;02;2 ESTRELLAS;ICA;110000;83;1257;1991;30,28;29,05;1,07;1,07;1,32;16715;16480;235;17930;17619;311;213
20260330;2024;12;03;HOSTAL;02;2 ESTRELLAS;JUNÍN;120000;25;403;771;18,82;15,17;1,33;1,33;0;2735;2735;0;3625;3625;0;75
20260330;2024;12;03;HOSTAL;02;2 ESTRELLAS;LA LIBERTAD;130000;123;2065;3674;21,33;19,16;1,21;1,21;1;17970;17965;5;21823;21818;5;366
20260330;2024;12;03;HOSTAL;02;2 ESTRELLAS;LAMBAYEQUE;140000;144;2116;3056;20,65;16,77;1,06;1,06;1;15056;15007;49;15889;15840;49;386
20260330;2024;12;03;HOSTAL;02;2 ESTRELLAS;LIMA;150000;118;2937;5369;27,55;26,3;1,29;1,17;2,07;49042;42255;6787;63469;49434;14034;651
20260330;2024;12;03;HOSTAL;02;2 ESTRELLAS;LORETO;160000;8;132;210;18,08;14,98;2,21;2,19;2,45;442;422;20;975;926;49;25
20260330;2024;12;03;HOSTAL;02;2 ESTRELLAS;MADRE DE DIOS;170000;6;146;214;51,15;42,81;1,22;1,22;1,21;2335;2158;177;2840;2625;215;25
20260330;2024;12;03;HOSTAL;02;2 ESTRELLAS;MOQUEGUA;180000;64;963;1563;21,02;15,16;1,38;1,38;1,1;5324;5247;77;7346;7261;85;177
20260330;2024;12;03;HOSTAL;02;2 ESTRELLAS;PASCO;190000;17;299;575;16,27;9,96;3,16;3,16;0;561;561;0;1775;1775;0;45
20260330;2024;12;03;HOSTAL;02;2 ESTRELLAS;PIURA;200000;24;492;845;23,7;17,26;1,68;1,67;2,22;2690;2645;45;4520;4420;100;89
20260330;2024;12;03;HOSTAL;02;2 ESTRELLAS;PUNO;210000;62;947;1789;23,66;16,93;1,23;1,22;1,31;7623;6725;898;9390;8210;1180;169
20260330;2024;12;03;HOSTAL;02;2 ESTRELLAS;SAN MARTÍN;220000;23;325;522;30,23;27,83;1,39;1,39;1,16;3242;3217;25;4504;4475;29;72
20260330;2024;12;03;HOSTAL;02;2 ESTRELLAS;TACNA;230000;28;473;894;28,16;18,1;1,58;1,51;1,61;3183;1034;2149;5016;1559;3457;87
20260330;2024;12;03;HOSTAL;02;2 ESTRELLAS;TUMBES;240000;5;66;131;11,09;10,47;2,06;2,07;1,67;206;203;3;425;420;5;21
20260330;2024;12;03;HOSTAL;02;2 ESTRELLAS;UCAYALI;250000;2;68;124;15,84;9,31;1,4;1,4;1,5;256;252;4;358;352;6;16
20260330;2024;12;03;HOSTAL;03;3 ESTRELLAS;AMAZONAS;010000;8;113;214;19,55;16,48;1,6;1,56;1,94;685;618;67;1093;963;130;28
20260330;2024;12;03;HOSTAL;03;3 ESTRELLAS;ÁNCASH;020000;20;306;586;18,08;17,41;1,94;1,94;2,05;1627;1572;55;3163;3050;113;67
20260330;2024;12;03;HOSTAL;03;3 ESTRELLAS;APURÍMAC;030000;1;24;43;15,32;8,55;1,36;1,37;1,2;84;79;5;114;108;6;5
20260330;2024;12;03;HOSTAL;03;3 ESTRELLAS;AREQUIPA;040000;47;758;1421;20,51;16,03;1,92;1,86;2,12;3677;2814;863;7060;5231;1829;182
20260330;2024;12;03;HOSTAL;03;3 ESTRELLAS;AYACUCHO;050000;3;51;100;33,4;20,32;2,31;2,03;3,75;273;229;44;630;465;165;28
20260330;2024;12;03;HOSTAL;03;3 ESTRELLAS;CAJAMARCA;060000;52;787;1298;15,9;12,31;1,4;1,4;1,27;3536;3510;26;4954;4921;33;178
20260330;2024;12;03;HOSTAL;03;3 ESTRELLAS;CUSCO;080000;18;310;617;19,12;14,89;1,94;1,44;2,39;1470;707;763;2848;1021;1827;63
20260330;2024;12;03;HOSTAL;03;3 ESTRELLAS;HUÁNUCO;100000;1;31;39;0;0;0;0;0;0;0;0;0;0;0;0
20260330;2024;12;03;HOSTAL;03;3 ESTRELLAS;ICA;110000;42;718;1340;36,95;25,39;1,5;1,51;1,43;7040;6311;729;10549;9507;1042;145
20260330;2024;12;03;HOSTAL;03;3 ESTRELLAS;JUNÍN;120000;3;57;114;16,36;12,05;1,46;1,45;2,5;291;287;4;426;416;10;35
20260330;2024;12;03;HOSTAL;03;3 ESTRELLAS;LA LIBERTAD;130000;46;851;1660;34,49;30,24;1,09;1,09;1,18;14320;14150;170;15562;15361;201;159
20260330;2024;12;03;HOSTAL;03;3 ESTRELLAS;LAMBAYEQUE;140000;24;348;501;35,06;33,74;1,44;1,44;1,48;3635;3579;56;5240;5157;83;85
20260330;2024;12;03;HOSTAL;03;3 ESTRELLAS;LIMA;150000;24;494;934;20,7;17,7;1,28;1,29;1,22;4009;3418;591;5125;4404;721;92
20260330;2024;12;03;HOSTAL;03;3 ESTRELLAS;LORETO;160000;8;133;219;20,69;19,02;2,97;2,97;2,98;434;388;46;1291;1154;137;31
20260330;2024;12;03;HOSTAL;03;3 ESTRELLAS;MADRE DE DIOS;170000;1;22;28;47,51;47,35;1,26;1,26;0;327;327;0;411;411;0;2
20260330;2024;12;03;HOSTAL;03;3 ESTRELLAS;MOQUEGUA;180000;6;162;315;9,22;7,28;1,98;1,95;2,71;360;346;14;711;673;38;21
20260330;2024;12;03;HOSTAL;03;3 ESTRELLAS;PASCO;190000;2;21;44;12,44;12,9;1,42;1,43;1;124;121;3;176;173;3;8
20260330;2024;12;03;HOSTAL;03;3 ESTRELLAS;PIURA;200000;2;36;86;22,58;22,66;2,75;2,57;3,43;220;176;44;604;453;151;19
20260330;2024;12;03;HOSTAL;03;3 ESTRELLAS;PUNO;210000;11;225;395;24,16;19,22;1,4;1,42;1,23;1686;1469;217;2353;2086;267;45
20260330;2024;12;03;HOSTAL;03;3 ESTRELLAS;SAN MARTÍN;220000;5;94;217;50,82;43,66;5,71;5,73;4;514;508;6;2937;2913;24;25
20260330;2024;12;03;HOSTAL;03;3 ESTRELLAS;TACNA;230000;4;78;178;24,77;23,4;2,18;2,09;2,27;593;309;284;1291;647;644;17
20260330;2024;12;03;HOSTAL;03;3 ESTRELLAS;TUMBES;240000;4;65;142;2,28;5,5;1,39;1,47;1,26;174;109;65;242;160;82;13
20260330;2024;12;03;HOSTAL;03;3 ESTRELLAS;UCAYALI;250000;1;35;52;10,6;10,11;1,52;1,52;0;107;107;0;163;163;0;4
20260330;2024;12;03;HOSTAL;TT;TODAS CONSOLIDADAS;AMAZONAS;010000;77;1191;1919;24,06;20,47;1,17;1,15;1,8;10447;10241;206;12179;11808;371;218
20260330;2024;12;03;HOSTAL;TT;TODAS CONSOLIDADAS;ÁNCASH;020000;188;3031;5293;28,05;25,26;1,15;1,15;1,38;36054;35686;368;41454;40945;509;537
20260330;2024;12;03;HOSTAL;TT;TODAS CONSOLIDADAS;APURÍMAC;030000;13;291;462;29,34;24,04;1,12;1,12;1,2;3062;3057;5;3443;3437;6;42
20260330;2024;12;03;HOSTAL;TT;TODAS CONSOLIDADAS;AREQUIPA;040000;228;3619;6357;26,72;22,21;1,45;1,44;1,63;30124;28195;1929;43778;40625;3153;680
20260330;2024;12;03;HOSTAL;TT;TODAS CONSOLIDADAS;AYACUCHO;050000;29;392;716;19,03;16,59;1,89;1,85;3,5;1947;1893;54;3682;3493;189;85
20260330;2024;12;03;HOSTAL;TT;TODAS CONSOLIDADAS;CAJAMARCA;060000;207;3559;5697;18,7;14,95;1,36;1,36;1,38;19413;19302;111;26400;26247;153;640
20260330;2024;12;03;HOSTAL;TT;TODAS CONSOLIDADAS;CALLAO;070000;14;406;754;29,37;29,18;1,03;1,03;0;7100;7100;0;7345;7345;0;65
20260330;2024;12;03;HOSTAL;TT;TODAS CONSOLIDADAS;CUSCO;080000;89;1478;2643;27,53;22,28;1,45;1,33;1,99;12561;10189;2372;18253;13544;4709;251
20260330;2024;12;03;HOSTAL;TT;TODAS CONSOLIDADAS;HUANCAVELICA;090000;3;103;161;12,37;8,07;1,01;1,01;0;399;399;0;403;403;0;5
20260330;2024;12;03;HOSTAL;TT;TODAS CONSOLIDADAS;HUÁNUCO;100000;55;859;1327;39,58;39,02;1,59;1,59;1,17;10100;10094;6;16051;16044;7;151
20260330;2024;12;03;HOSTAL;TT;TODAS CONSOLIDADAS;ICA;110000;144;2218;3706;33,1;27,65;1,21;1,2;1,4;26247;25266;981;31761;30385;1376;401
20260330;2024;12;03;HOSTAL;TT;TODAS CONSOLIDADAS;JUNÍN;120000;40;630;1179;21,37;16,89;1,27;1,26;2,5;4877;4873;4;6173;6163;10;139
20260330;2024;12;03;HOSTAL;TT;TODAS CONSOLIDADAS;LA LIBERTAD;130000;193;3273;5975;26,93;22,7;1,14;1,14;1,18;36864;36689;175;42053;41847;206;589
20260330;2024;12;03;HOSTAL;TT;TODAS CONSOLIDADAS;LAMBAYEQUE;140000;184;2676;3858;22,95;19,79;1,12;1,12;1,27;21048;20935;113;23668;23525;143;510
20260330;2024;12;03;HOSTAL;TT;TODAS CONSOLIDADAS;LIMA;150000;219;4965;9059;25,95;24,39;1,21;1,15;1,81;70175;63137;7039;85208;72450;12758;1022
20260330;2024;12;03;HOSTAL;TT;TODAS CONSOLIDADAS;LORETO;160000;22;371;601;17,18;16,14;2,25;2,24;2,49;1335;1247;88;3007;2788;219;79
20260330;2024;12;03;HOSTAL;TT;TODAS CONSOLIDADAS;MADRE DE DIOS;170000;9;221;343;41,06;32,84;1,22;1,22;1,21;2854;2677;177;3492;3277;215;35
20260330;2024;12;03;HOSTAL;TT;TODAS CONSOLIDADAS;MOQUEGUA;180000;89;1407;2360;19,59;14,13;1,38;1,38;1,28;7512;7307;205;10334;10072;262;249
20260330;2024;12;03;HOSTAL;TT;TODAS CONSOLIDADAS;PASCO;190000;41;681;1164;18,12;11,61;1,49;1,49;1,25;2815;2803;12;4191;4176;15;113
20260330;2024;12;03;HOSTAL;TT;TODAS CONSOLIDADAS;PIURA;200000;29;584;1012;22,7;17,03;1,77;1,74;2,82;3018;2929;89;5343;5092;251;120
20260330;2024;12;03;HOSTAL;TT;TODAS CONSOLIDADAS;PUNO;210000;108;1696;3107;22,25;16,5;1,19;1,19;1,27;13305;12060;1245;15892;14307;1585;293
20260330;2024;12;03;HOSTAL;TT;TODAS CONSOLIDADAS;SAN MARTÍN;220000;29;439;772;33,26;31,09;1,98;1,98;1,71;3756;3725;31;7441;7388;53;97
20260330;2024;12;03;HOSTAL;TT;TODAS CONSOLIDADAS;TACNA;230000;42;726;1378;25,32;18,81;1,49;1,38;1,59;5395;2472;2923;8035;3400;4635;132
20260330;2024;12;03;HOSTAL;TT;TODAS CONSOLIDADAS;TUMBES;240000;9;131;273;6,72;7,88;1,76;1,86;1,28;380;312;68;667;580;87;34
20260330;2024;12;03;HOSTAL;TT;TODAS CONSOLIDADAS;UCAYALI;250000;3;103;176;14,06;9,55;1,44;1,43;1,5;363;359;4;521;515;6;20
20260330;2024;12;05;ALBERGUE;12;ALBERGUE;AMAZONAS;010000;1;6;11;0;0;0;0;0;0;0;0;0;0;0;0
20260330;2024;12;05;ALBERGUE;12;ALBERGUE;ÁNCASH;020000;7;68;149;15,42;11,19;1,93;1,94;1,86;268;240;28;517;465;52;16
20260330;2024;12;05;ALBERGUE;12;ALBERGUE;AREQUIPA;040000;11;162;381;24,35;20,75;1,48;1,52;1,45;1654;751;903;2451;1145;1306;114
20260330;2024;12;05;ALBERGUE;12;ALBERGUE;AYACUCHO;050000;1;10;20;0;0;0;0;0;0;0;0;0;0;0;0
20260330;2024;12;05;ALBERGUE;12;ALBERGUE;CAJAMARCA;060000;1;11;22;0;0;0;0;0;0;0;0;0;0;0;0
20260330;2024;12;05;ALBERGUE;12;ALBERGUE;CUSCO;080000;16;363;636;29,27;22,48;1,33;1,62;1,33;3330;26;3304;4433;42;4391;98
20260330;2024;12;05;ALBERGUE;12;ALBERGUE;HUANCAVELICA;090000;1;14;47;15,21;9,54;2,21;2,21;0;63;63;0;139;139;0;16
20260330;2024;12;05;ALBERGUE;12;ALBERGUE;HUÁNUCO;100000;7;92;128;0;0;0;0;0;0;0;0;0;0;0;0
20260330;2024;12;05;ALBERGUE;12;ALBERGUE;ICA;110000;6;81;195;20,63;16,13;1,76;1,76;0;553;553;0;975;975;0;17
20260330;2024;12;05;ALBERGUE;12;ALBERGUE;JUNÍN;120000;1;32;104;15,12;11,72;1,57;1,57;1,55;241;230;11;378;361;17;19
20260330;2024;12;05;ALBERGUE;12;ALBERGUE;LA LIBERTAD;130000;1;15;27;0;0;0;0;0;0;0;0;0;0;0;0
20260330;2024;12;05;ALBERGUE;12;ALBERGUE;LIMA;150000;8;136;528;14,52;20,11;2,09;2,09;0;1576;1576;0;3292;3292;0;26
20260330;2024;12;05;ALBERGUE;12;ALBERGUE;LORETO;160000;64;834;1713;20,69;19,25;1,83;1,53;1,95;5584;1653;3931;10222;2537;7685;284
20260330;2024;12;05;ALBERGUE;12;ALBERGUE;MADRE DE DIOS;170000;16;371;739;29,47;27,26;2,41;2,29;2,42;2592;186;2406;6246;426;5820;148
20260330;2024;12;05;ALBERGUE;12;ALBERGUE;PASCO;190000;21;252;630;13,59;12,24;1,62;1,62;2,09;1473;1450;23;2390;2342;48;62
20260330;2024;12;05;ALBERGUE;12;ALBERGUE;PUNO;210000;1;13;35;0;0;0;0;0;0;0;0;0;0;0;0
20260330;2024;12;05;ALBERGUE;12;ALBERGUE;SAN MARTÍN;220000;9;180;409;38,35;32,51;2,21;2,17;2,41;1867;1558;309;4122;3376;746;49
20260330;2024;12;05;ALBERGUE;12;ALBERGUE;UCAYALI;250000;4;37;101;12,21;9,36;1,41;1,39;1,52;208;185;23;293;258;35;26
20260330;2024;12;05;ALBERGUE;TT;TODAS CONSOLIDADAS;AMAZONAS;010000;1;6;11;0;0;0;0;0;0;0;0;0;0;0;0
20260330;2024;12;05;ALBERGUE;TT;TODAS CONSOLIDADAS;ÁNCASH;020000;7;68;149;15,42;11,19;1,93;1,94;1,86;268;240;28;517;465;52;16
20260330;2024;12;05;ALBERGUE;TT;TODAS CONSOLIDADAS;AREQUIPA;040000;11;162;381;24,35;20,75;1,48;1,52;1,45;1654;751;903;2451;1145;1306;114
20260330;2024;12;05;ALBERGUE;TT;TODAS CONSOLIDADAS;AYACUCHO;050000;1;10;20;0;0;0;0;0;0;0;0;0;0;0;0
20260330;2024;12;05;ALBERGUE;TT;TODAS CONSOLIDADAS;CAJAMARCA;060000;1;11;22;0;0;0;0;0;0;0;0;0;0;0;0
20260330;2024;12;05;ALBERGUE;TT;TODAS CONSOLIDADAS;CUSCO;080000;16;363;636;29,27;22,48;1,33;1,62;1,33;3330;26;3304;4433;42;4391;98
20260330;2024;12;05;ALBERGUE;TT;TODAS CONSOLIDADAS;HUANCAVELICA;090000;1;14;47;15,21;9,54;2,21;2,21;0;63;63;0;139;139;0;16
20260330;2024;12;05;ALBERGUE;TT;TODAS CONSOLIDADAS;HUÁNUCO;100000;7;92;128;0;0;0;0;0;0;0;0;0;0;0;0
20260330;2024;12;05;ALBERGUE;TT;TODAS CONSOLIDADAS;ICA;110000;6;81;195;20,63;16,13;1,76;1,76;0;553;553;0;975;975;0;17
20260330;2024;12;05;ALBERGUE;TT;TODAS CONSOLIDADAS;JUNÍN;120000;1;32;104;15,12;11,72;1,57;1,57;1,55;241;230;11;378;361;17;19
20260330;2024;12;05;ALBERGUE;TT;TODAS CONSOLIDADAS;LA LIBERTAD;130000;1;15;27;0;0;0;0;0;0;0;0;0;0;0;0
20260330;2024;12;05;ALBERGUE;TT;TODAS CONSOLIDADAS;LIMA;150000;8;136;528;14,52;20,11;2,09;2,09;0;1576;1576;0;3292;3292;0;26
20260330;2024;12;05;ALBERGUE;TT;TODAS CONSOLIDADAS;LORETO;160000;64;834;1713;20,69;19,25;1,83;1,53;1,95;5584;1653;3931;10222;2537;7685;284
20260330;2024;12;05;ALBERGUE;TT;TODAS CONSOLIDADAS;MADRE DE DIOS;170000;16;371;739;29,47;27,26;2,41;2,29;2,42;2592;186;2406;6246;426;5820;148
20260330;2024;12;05;ALBERGUE;TT;TODAS CONSOLIDADAS;PASCO;190000;21;252;630;13,59;12,24;1,62;1,62;2,09;1473;1450;23;2390;2342;48;62
20260330;2024;12;05;ALBERGUE;TT;TODAS CONSOLIDADAS;PUNO;210000;1;13;35;0;0;0;0;0;0;0;0;0;0;0;0
20260330;2024;12;05;ALBERGUE;TT;TODAS CONSOLIDADAS;SAN MARTÍN;220000;9;180;409;38,35;32,51;2,21;2,17;2,41;1867;1558;309;4122;3376;746;49
20260330;2024;12;05;ALBERGUE;TT;TODAS CONSOLIDADAS;UCAYALI;250000;4;37;101;12,21;9,36;1,41;1,39;1,52;208;185;23;293;258;35;26
20260330;2024;12;14;RESORT;03;3 ESTRELLAS;ICA;110000;1;51;86;0;0;0;0;0;0;0;0;0;0;0;0
20260330;2024;12;14;RESORT;03;3 ESTRELLAS;TUMBES;240000;1;28;62;0;0;0;0;0;0;0;0;0;0;0;0
20260330;2024;12;14;RESORT;04;4 ESTRELLAS;TUMBES;240000;1;402;1101;75,59;67,44;2,44;2,38;2,79;9428;8054;1374;23018;19190;3828;494
20260330;2024;12;14;RESORT;05;5 ESTRELLAS;ICA;110000;1;98;178;36,77;49,33;1,68;1,82;1,44;1623;1019;604;2722;1854;868;120
20260330;2024;12;14;RESORT;TT;TODAS CONSOLIDADAS;ICA;110000;2;149;264;24,18;33,26;1,68;1,82;1,44;1623;1019;604;2722;1854;868;120
20260330;2024;12;14;RESORT;TT;TODAS CONSOLIDADAS;TUMBES;240000;2;430;1163;70,67;63,84;2,44;2,38;2,79;9428;8054;1374;23018;19190;3828;494
20260330;2024;12;16;ECOLODGE;13;ECOLODGE;AREQUIPA;040000;1;23;51;12,48;12,78;1,52;1,73;1,3;133;67;66;202;116;86;7
20260330;2024;12;16;ECOLODGE;TT;TODAS CONSOLIDADAS;AREQUIPA;040000;1;23;51;12,48;12,78;1,52;1,73;1,3;133;67;66;202;116;86;7
20260330;2024;12;TT;TODAS CONSOLIDADAS;00;NO CATEGORIZADO;AMAZONAS;010000;313;2944;4638;14,4;11,53;1,4;1,35;1,95;11867;11010;857;16581;14907;1674;552
20260330;2024;12;TT;TODAS CONSOLIDADAS;00;NO CATEGORIZADO;ÁNCASH;020000;765;6595;11105;15,72;12,74;1,29;1,29;1,36;33950;32700;1251;43880;42176;1704;741
20260330;2024;12;TT;TODAS CONSOLIDADAS;00;NO CATEGORIZADO;APURÍMAC;030000;502;4399;6926;18,84;13,9;1,14;1,13;1,86;26097;25794;303;29834;29271;563;428
20260330;2024;12;TT;TODAS CONSOLIDADAS;00;NO CATEGORIZADO;AREQUIPA;040000;1275;10745;18214;19,82;15,65;1,45;1,4;1,6;60965;46090;14875;88387;64524;23863;1252
20260330;2024;12;TT;TODAS CONSOLIDADAS;00;NO CATEGORIZADO;AYACUCHO;050000;602;5569;8965;16,31;12,23;1,23;1,23;1,31;27670;27196;474;33985;33362;623;644
20260330;2024;12;TT;TODAS CONSOLIDADAS;00;NO CATEGORIZADO;CAJAMARCA;060000;729;6270;10019;7,71;5,83;1,24;1,23;2,52;14658;14633;25;18112;18049;63;652
20260330;2024;12;TT;TODAS CONSOLIDADAS;00;NO CATEGORIZADO;CALLAO;070000;270;3699;6919;45,21;43,25;1,01;1,01;1,02;159795;158991;804;160759;159936;823;1054
20260330;2024;12;TT;TODAS CONSOLIDADAS;00;NO CATEGORIZADO;CUSCO;080000;1982;18787;33425;20,41;18,86;1,5;1,34;1,65;129899;59666;70233;195423;79864;115559;3578
20260330;2024;12;TT;TODAS CONSOLIDADAS;00;NO CATEGORIZADO;HUANCAVELICA;090000;239;2550;3872;15,53;12,97;1,11;1,11;1,31;13990;13951;39;15564;15513;51;284
20260330;2024;12;TT;TODAS CONSOLIDADAS;00;NO CATEGORIZADO;HUÁNUCO;100000;492;5162;7754;15,8;13,23;1,19;1,19;1,34;26803;26730;73;31812;31714;98;626
20260330;2024;12;TT;TODAS CONSOLIDADAS;00;NO CATEGORIZADO;ICA;110000;786;7848;13191;20,85;13,3;1,09;1,08;1,15;49826;42195;7631;54390;45625;8765;1417
20260330;2024;12;TT;TODAS CONSOLIDADAS;00;NO CATEGORIZADO;JUNÍN;120000;1508;15222;24854;27,89;19,3;1,13;1,13;1,67;131320;130949;371;148724;148103;621;2724
20260330;2024;12;TT;TODAS CONSOLIDADAS;00;NO CATEGORIZADO;LA LIBERTAD;130000;995;7363;12322;10,05;7,62;1,06;1,06;1,06;27564;26836;728;29112;28337;775;539
20260330;2024;12;TT;TODAS CONSOLIDADAS;00;NO CATEGORIZADO;LAMBAYEQUE;140000;451;4477;6429;16,66;14,13;1,07;1,07;1,06;26332;26029;303;28162;27840;322;549
20260330;2024;12;TT;TODAS CONSOLIDADAS;00;NO CATEGORIZADO;LIMA;150000;7143;55542;95292;22,78;21,32;1,06;1,06;1,17;2581906;2520845;61061;2749652;2678452;71200;34505
20260330;2024;12;TT;TODAS CONSOLIDADAS;00;NO CATEGORIZADO;LORETO;160000;795;6812;10648;10,18;9,2;1,64;1,62;1,74;18494;14942;3552;30381;24210;6171;701
20260330;2024;12;TT;TODAS CONSOLIDADAS;00;NO CATEGORIZADO;MADRE DE DIOS;170000;344;4422;7347;23,31;17,45;1,2;1,15;1,68;33069;29917;3152;39750;34461;5289;803
20260330;2024;12;TT;TODAS CONSOLIDADAS;00;NO CATEGORIZADO;MOQUEGUA;180000;165;1642;2882;18,39;13,3;1,28;1,28;1;9312;9241;71;11880;11809;71;220
20260330;2024;12;TT;TODAS CONSOLIDADAS;00;NO CATEGORIZADO;PASCO;190000;385;3994;6392;15,44;12,45;1,21;1,21;1,34;20402;20352;50;24668;24601;67;719
20260330;2024;12;TT;TODAS CONSOLIDADAS;00;NO CATEGORIZADO;PIURA;200000;1162;10629;19110;37,55;27,64;1,73;1,64;2,14;94865;77998;16867;163746;127675;36071;2114
20260330;2024;12;TT;TODAS CONSOLIDADAS;00;NO CATEGORIZADO;PUNO;210000;833;7344;12317;21,93;18,46;1,24;1,24;1,18;56859;53859;3000;70493;66939;3554;1339
20260330;2024;12;TT;TODAS CONSOLIDADAS;00;NO CATEGORIZADO;SAN MARTÍN;220000;875;9302;14673;23,18;18,57;1,34;1,34;1,7;62968;62023;945;84483;82874;1609;1139
20260330;2024;12;TT;TODAS CONSOLIDADAS;00;NO CATEGORIZADO;TACNA;230000;428;4008;7151;10,17;10,32;1,3;1,23;1,43;17621;11541;6080;22876;14163;8713;447
20260330;2024;12;TT;TODAS CONSOLIDADAS;00;NO CATEGORIZADO;TUMBES;240000;250;2434;4637;16,87;13,31;1,49;1,47;1,75;12809;11735;1074;19139;17257;1882;328
20260330;2024;12;TT;TODAS CONSOLIDADAS;00;NO CATEGORIZADO;UCAYALI;250000;547;5414;8401;36,51;25,68;3,5;3,54;1,86;19095;18660;435;66880;66072;808;981
20260330;2024;12;TT;TODAS CONSOLIDADAS;01;1 ESTRELLA;AMAZONAS;010000;19;263;401;32,12;26,92;1,03;1,03;1,8;3253;3248;5;3347;3338;9;45
20260330;2024;12;TT;TODAS CONSOLIDADAS;01;1 ESTRELLA;ÁNCASH;020000;52;958;1538;22,59;17,86;1,12;1,12;1;7594;7561;33;8513;8480;33;148
20260330;2024;12;TT;TODAS CONSOLIDADAS;01;1 ESTRELLA;APURÍMAC;030000;7;201;321;31,39;29,62;1,09;1,09;0;2701;2701;0;2947;2947;0;23
20260330;2024;12;TT;TODAS CONSOLIDADAS;01;1 ESTRELLA;AREQUIPA;040000;58;1013;1581;23,1;17,35;1,08;1,08;1,03;7877;7771;106;8505;8396;109;174
20260330;2024;12;TT;TODAS CONSOLIDADAS;01;1 ESTRELLA;AYACUCHO;050000;24;408;731;13,95;10,08;1,53;1,53;1,79;1494;1480;14;2284;2259;25;71
20260330;2024;12;TT;TODAS CONSOLIDADAS;01;1 ESTRELLA;CAJAMARCA;060000;28;541;901;17,92;14,39;1,48;1,48;0;2719;2719;0;4019;4019;0;98
20260330;2024;12;TT;TODAS CONSOLIDADAS;01;1 ESTRELLA;CALLAO;070000;8;159;301;29,7;33,47;1,04;1,04;0;3233;3233;0;3361;3361;0;25
20260330;2024;12;TT;TODAS CONSOLIDADAS;01;1 ESTRELLA;CUSCO;080000;29;542;902;24,87;20,81;1,09;1,08;1,5;5362;5354;8;5819;5807;12;79
20260330;2024;12;TT;TODAS CONSOLIDADAS;01;1 ESTRELLA;HUANCAVELICA;090000;2;66;94;19,31;13,83;1,01;1,01;0;399;399;0;403;403;0;5
20260330;2024;12;TT;TODAS CONSOLIDADAS;01;1 ESTRELLA;HUÁNUCO;100000;34;617;926;55,52;63,21;1,46;1,46;0;12428;12428;0;18146;18146;0;107
20260330;2024;12;TT;TODAS CONSOLIDADAS;01;1 ESTRELLA;ICA;110000;27;467;761;25,02;20,19;1,2;1,2;1,04;3974;3834;140;4764;4618;146;72
20260330;2024;12;TT;TODAS CONSOLIDADAS;01;1 ESTRELLA;JUNÍN;120000;17;391;769;20,09;14,91;1,18;1,18;0;3016;3016;0;3555;3555;0;51
20260330;2024;12;TT;TODAS CONSOLIDADAS;01;1 ESTRELLA;LA LIBERTAD;130000;28;466;843;39,5;23,43;1,02;1,02;0;6030;6030;0;6124;6124;0;82
20260330;2024;12;TT;TODAS CONSOLIDADAS;01;1 ESTRELLA;LAMBAYEQUE;140000;19;295;391;19,34;21,35;1,08;1,07;1,38;2406;2398;8;2588;2577;11;53
20260330;2024;12;TT;TODAS CONSOLIDADAS;01;1 ESTRELLA;LIMA;150000;89;1965;3514;29,06;27,99;1,05;1,06;1,02;34842;34288;554;36750;36187;564;402
20260330;2024;12;TT;TODAS CONSOLIDADAS;01;1 ESTRELLA;LORETO;160000;6;106;172;11,66;13,9;1,61;1,62;1,5;459;437;22;741;708;33;23
20260330;2024;12;TT;TODAS CONSOLIDADAS;01;1 ESTRELLA;MADRE DE DIOS;170000;7;197;367;29,54;24,44;1,02;1,02;0;2727;2727;0;2781;2781;0;30
20260330;2024;12;TT;TODAS CONSOLIDADAS;01;1 ESTRELLA;MOQUEGUA;180000;21;346;610;19,21;13,64;1,24;1,23;1,34;2087;1946;141;2580;2391;189;60
20260330;2024;12;TT;TODAS CONSOLIDADAS;01;1 ESTRELLA;PASCO;190000;28;537;821;19,6;13,7;1,08;1,08;1,33;3222;3213;9;3487;3475;12;87
20260330;2024;12;TT;TODAS CONSOLIDADAS;01;1 ESTRELLA;PIURA;200000;5;96;168;8,17;4,21;2,03;2,03;0;108;108;0;219;219;0;12
20260330;2024;12;TT;TODAS CONSOLIDADAS;01;1 ESTRELLA;PUNO;210000;40;646;1138;18,37;14,9;1,1;1,1;1,1;4775;4628;147;5255;5093;162;99
20260330;2024;12;TT;TODAS CONSOLIDADAS;01;1 ESTRELLA;SAN MARTÍN;220000;8;170;256;16,39;15,97;1,33;1,33;1,27;955;940;15;1267;1248;19;27
20260330;2024;12;TT;TODAS CONSOLIDADAS;01;1 ESTRELLA;TACNA;230000;13;277;517;12,73;12,08;1,08;1,08;1,09;1791;1301;490;1936;1402;534;40
20260330;2024;12;TT;TODAS CONSOLIDADAS;01;1 ESTRELLA;TUMBES;240000;2;47;100;0;0;0;0;0;0;0;0;0;0;0;0
20260330;2024;12;TT;TODAS CONSOLIDADAS;02;2 ESTRELLAS;AMAZONAS;010000;89;1885;2985;24,34;19,75;1,37;1,37;1,78;13322;13106;216;18280;17895;385;313
20260330;2024;12;TT;TODAS CONSOLIDADAS;02;2 ESTRELLAS;ÁNCASH;020000;192;3825;6834;25,86;21,88;1,22;1,22;1,33;37981;37521;460;46363;45749;614;632
20260330;2024;12;TT;TODAS CONSOLIDADAS;02;2 ESTRELLAS;APURÍMAC;030000;14;430;701;25,64;18,95;1,14;1,14;1,25;3626;3618;8;4118;4108;10;53
20260330;2024;12;TT;TODAS CONSOLIDADAS;02;2 ESTRELLAS;AREQUIPA;040000;173;3295;5878;26,46;22,22;1,41;1,42;1,34;28657;27061;1596;40484;38352;2132;561
20260330;2024;12;TT;TODAS CONSOLIDADAS;02;2 ESTRELLAS;AYACUCHO;050000;18;397;729;30,12;23,43;1,81;1,77;2,29;2928;2693;235;5294;4755;539;72
20260330;2024;12;TT;TODAS CONSOLIDADAS;02;2 ESTRELLAS;CAJAMARCA;060000;200;4277;6801;17,22;14,01;1,26;1,26;1,24;23418;23226;192;29537;29299;238;673
20260330;2024;12;TT;TODAS CONSOLIDADAS;02;2 ESTRELLAS;CALLAO;070000;7;287;520;27,17;25,33;1,04;1,03;1,21;3915;3734;181;4083;3864;219;43
20260330;2024;12;TT;TODAS CONSOLIDADAS;02;2 ESTRELLAS;CUSCO;080000;95;1988;3604;24,59;21,74;1,66;1,56;1,82;14596;8776;5820;24287;13714;10573;509
20260330;2024;12;TT;TODAS CONSOLIDADAS;02;2 ESTRELLAS;HUANCAVELICA;090000;3;77;136;19,35;17,79;1,76;1,76;0;425;425;0;750;750;0;9
20260330;2024;12;TT;TODAS CONSOLIDADAS;02;2 ESTRELLAS;HUÁNUCO;100000;82;2109;3354;29,26;23,27;1,24;1,24;1,06;19477;19443;34;24199;24163;36;339
20260330;2024;12;TT;TODAS CONSOLIDADAS;02;2 ESTRELLAS;ICA;110000;137;2794;4663;25,5;21,22;1,09;1,08;1,19;28262;27850;412;30679;30190;489;452
20260330;2024;12;TT;TODAS CONSOLIDADAS;02;2 ESTRELLAS;JUNÍN;120000;55;1308;2384;15,84;12,47;1,29;1,29;1,19;7127;7095;32;9219;9181;38;215
20260330;2024;12;TT;TODAS CONSOLIDADAS;02;2 ESTRELLAS;LA LIBERTAD;130000;142;2533;4498;21,73;19,11;1,24;1,24;1,37;21526;21218;308;26644;26221;423;462
20260330;2024;12;TT;TODAS CONSOLIDADAS;02;2 ESTRELLAS;LAMBAYEQUE;140000;216;4203;6129;22,98;18,91;1,06;1,06;1,12;33783;33605;178;35920;35720;200;713
20260330;2024;12;TT;TODAS CONSOLIDADAS;02;2 ESTRELLAS;LIMA;150000;240;8361;15649;30,42;26,93;1,28;1,24;1,82;147769;138565;9205;188852;172057;16794;1934
20260330;2024;12;TT;TODAS CONSOLIDADAS;02;2 ESTRELLAS;LORETO;160000;17;339;561;14,94;11,45;1,71;1,7;1,98;1162;1096;66;1992;1861;131;66
20260330;2024;12;TT;TODAS CONSOLIDADAS;02;2 ESTRELLAS;MADRE DE DIOS;170000;15;412;705;47,41;37,73;1,53;1,55;1,42;5372;4701;671;8245;7294;951;76
20260330;2024;12;TT;TODAS CONSOLIDADAS;02;2 ESTRELLAS;MOQUEGUA;180000;90;1607;2641;20,39;15,05;1,48;1,48;1,42;8327;8082;245;12318;11971;347;305
20260330;2024;12;TT;TODAS CONSOLIDADAS;02;2 ESTRELLAS;PASCO;190000;23;490;939;18,57;12,34;2,04;2,04;1;1762;1761;1;3592;3591;1;75
20260330;2024;12;TT;TODAS CONSOLIDADAS;02;2 ESTRELLAS;PIURA;200000;40;881;1495;26,12;19,89;1,79;1,79;1,69;5153;5032;121;9219;9015;204;164
20260330;2024;12;TT;TODAS CONSOLIDADAS;02;2 ESTRELLAS;PUNO;210000;94;1695;3081;20,02;14,45;1,21;1,2;1,36;11377;10152;1225;13805;12141;1664;279
20260330;2024;12;TT;TODAS CONSOLIDADAS;02;2 ESTRELLAS;SAN MARTÍN;220000;51;1096;1846;32,58;29,6;1,62;1,61;1,83;10471;10177;294;16938;16399;539;218
20260330;2024;12;TT;TODAS CONSOLIDADAS;02;2 ESTRELLAS;TACNA;230000;61;1429;2777;22,82;16,41;1,49;1,46;1,53;9452;4628;4824;14126;6738;7388;266
20260330;2024;12;TT;TODAS CONSOLIDADAS;02;2 ESTRELLAS;TUMBES;240000;11;228;426;7,82;6,14;1,69;1,74;1,3;481;425;56;811;738;73;47
20260330;2024;12;TT;TODAS CONSOLIDADAS;02;2 ESTRELLAS;UCAYALI;250000;3;98;177;11,42;6,76;1,38;1,38;1,5;269;265;4;371;365;6;22
20260330;2024;12;TT;TODAS CONSOLIDADAS;03;3 ESTRELLAS;AMAZONAS;010000;26;559;981;23,23;17,85;1,33;1,29;1,86;4066;3780;286;5428;4895;533;133
20260330;2024;12;TT;TODAS CONSOLIDADAS;03;3 ESTRELLAS;ÁNCASH;020000;63;1725;3152;22,63;17,17;1,51;1,5;1,8;11101;10571;530;16782;15827;955;396
20260330;2024;12;TT;TODAS CONSOLIDADAS;03;3 ESTRELLAS;APURÍMAC;030000;7;225;377;36,63;31,27;1,74;1,76;1,46;2104;1923;181;3655;3390;265;64
20260330;2024;12;TT;TODAS CONSOLIDADAS;03;3 ESTRELLAS;AREQUIPA;040000;121;2930;5496;20,57;16,7;1,78;1,78;1,77;15979;11883;4096;28452;21201;7251;781
20260330;2024;12;TT;TODAS CONSOLIDADAS;03;3 ESTRELLAS;AYACUCHO;050000;10;241;451;21,23;17,82;1,99;1,9;2,8;1253;1134;119;2492;2159;333;76
20260330;2024;12;TT;TODAS CONSOLIDADAS;03;3 ESTRELLAS;CAJAMARCA;060000;122;2849;4730;15,35;11,57;1,52;1,52;1,62;11169;10824;345;16958;16399;559;573
20260330;2024;12;TT;TODAS CONSOLIDADAS;03;3 ESTRELLAS;CALLAO;070000;4;233;393;27,9;30,25;1,29;1,23;1,58;2848;2348;500;3685;2897;788;49
20260330;2024;12;TT;TODAS CONSOLIDADAS;03;3 ESTRELLAS;CUSCO;080000;112;3620;7125;32,64;29,02;1,75;1,75;1,75;36540;8528;28012;64104;14953;49151;1192
20260330;2024;12;TT;TODAS CONSOLIDADAS;03;3 ESTRELLAS;HUANCAVELICA;090000;2;65;108;6,25;4,87;1,21;1,21;1;135;132;3;163;160;3;10
20260330;2024;12;TT;TODAS CONSOLIDADAS;03;3 ESTRELLAS;HUÁNUCO;100000;19;679;1216;24,03;17,71;1,36;1,36;1,52;4891;4822;69;6676;6571;105;146
20260330;2024;12;TT;TODAS CONSOLIDADAS;03;3 ESTRELLAS;ICA;110000;116;3202;6157;31,97;23,8;1,48;1,5;1,39;30660;25426;5234;45435;38181;7254;693
20260330;2024;12;TT;TODAS CONSOLIDADAS;03;3 ESTRELLAS;JUNÍN;120000;23;817;1569;14,56;10,67;1,79;1,8;1,59;2894;2824;70;5190;5079;111;248
20260330;2024;12;TT;TODAS CONSOLIDADAS;03;3 ESTRELLAS;LA LIBERTAD;130000;118;2934;5592;33,73;26,79;1,45;1,44;1,82;32023;30808;1215;46434;44222;2212;662
20260330;2024;12;TT;TODAS CONSOLIDADAS;03;3 ESTRELLAS;LAMBAYEQUE;140000;61;1570;2526;28,16;24,8;1,39;1,38;1,63;13939;13398;541;19422;18540;882;320
20260330;2024;12;TT;TODAS CONSOLIDADAS;03;3 ESTRELLAS;LIMA;150000;192;8797;16808;39,84;36,26;1,62;1,41;2,03;116315;76281;40034;188917;107842;81075;2371
20260330;2024;12;TT;TODAS CONSOLIDADAS;03;3 ESTRELLAS;LORETO;160000;36;948;1624;23,41;22,91;2,25;2,23;2,33;5132;4315;817;11533;9627;1906;262
20260330;2024;12;TT;TODAS CONSOLIDADAS;03;3 ESTRELLAS;MADRE DE DIOS;170000;6;224;405;32,91;32,67;1,41;1,54;1,16;2909;1908;1001;4102;2943;1159;57
20260330;2024;12;TT;TODAS CONSOLIDADAS;03;3 ESTRELLAS;MOQUEGUA;180000;19;553;961;18,23;13,1;1,76;1,76;1,78;2219;2057;162;3902;3614;288;102
20260330;2024;12;TT;TODAS CONSOLIDADAS;03;3 ESTRELLAS;PASCO;190000;8;135;218;7,19;11,42;1,85;1,85;1;418;415;3;772;769;3;19
20260330;2024;12;TT;TODAS CONSOLIDADAS;03;3 ESTRELLAS;PIURA;200000;22;753;1288;39,66;31,08;1,7;1,64;2,15;7292;6433;859;12411;10562;1849;227
20260330;2024;12;TT;TODAS CONSOLIDADAS;03;3 ESTRELLAS;PUNO;210000;39;1109;2117;22,54;18,62;1,47;1,43;1,52;8313;4697;3616;12222;6728;5494;233
20260330;2024;12;TT;TODAS CONSOLIDADAS;03;3 ESTRELLAS;SAN MARTÍN;220000;32;1063;1916;28,48;24,5;2,02;2,01;2,46;7190;6895;295;14550;13825;725;247
20260330;2024;12;TT;TODAS CONSOLIDADAS;03;3 ESTRELLAS;TACNA;230000;15;500;1085;37,05;31,93;1,8;1,74;1,84;5962;2357;3605;10739;4100;6639;122
20260330;2024;12;TT;TODAS CONSOLIDADAS;03;3 ESTRELLAS;TUMBES;240000;16;393;819;35,92;34,21;2,87;2,92;2,58;3028;2581;447;8686;7532;1154;137
20260330;2024;12;TT;TODAS CONSOLIDADAS;03;3 ESTRELLAS;UCAYALI;250000;16;576;955;24,39;18,8;1,85;1,85;1,85;3008;2851;157;5565;5274;291;134
20260330;2024;12;TT;TODAS CONSOLIDADAS;04;4 ESTRELLAS;APURÍMAC;030000;1;32;56;25,5;14,57;1,74;1,73;2;145;135;10;253;233;20;14
20260330;2024;12;TT;TODAS CONSOLIDADAS;04;4 ESTRELLAS;AREQUIPA;040000;11;558;1061;24,33;22,22;1,88;1,89;1,85;3894;2247;1647;7309;4254;3055;263
20260330;2024;12;TT;TODAS CONSOLIDADAS;04;4 ESTRELLAS;CAJAMARCA;060000;3;187;334;35,76;33,49;2,05;2,04;2,14;1691;1495;196;3468;3049;419;145
20260330;2024;12;TT;TODAS CONSOLIDADAS;04;4 ESTRELLAS;CALLAO;070000;2;371;599;95,7;82,41;1,29;1,23;1,3;11860;1961;9899;15303;2404;12899;130
20260330;2024;12;TT;TODAS CONSOLIDADAS;04;4 ESTRELLAS;CUSCO;080000;21;1606;3139;53,46;51,14;1,73;1,67;1,74;28688;3819;24869;49759;6368;43391;1003
20260330;2024;12;TT;TODAS CONSOLIDADAS;04;4 ESTRELLAS;HUÁNUCO;100000;1;60;101;34,09;27,75;1,68;1,68;1,67;518;500;18;869;839;30;30
20260330;2024;12;TT;TODAS CONSOLIDADAS;04;4 ESTRELLAS;ICA;110000;7;707;1488;40,37;40,09;1,65;1,8;1,37;11212;7188;4024;18493;12964;5529;329
20260330;2024;12;TT;TODAS CONSOLIDADAS;04;4 ESTRELLAS;JUNÍN;120000;1;40;82;17,9;18,8;1,32;1,32;0;363;363;0;478;478;0;19
20260330;2024;12;TT;TODAS CONSOLIDADAS;04;4 ESTRELLAS;LA LIBERTAD;130000;4;318;546;36,72;36,02;1,79;1,75;2,02;3414;2943;471;6096;5146;950;131
20260330;2024;12;TT;TODAS CONSOLIDADAS;04;4 ESTRELLAS;LAMBAYEQUE;140000;5;359;627;58,77;53,96;1,52;1,47;1,94;6920;6203;717;10489;9097;1392;285
20260330;2024;12;TT;TODAS CONSOLIDADAS;04;4 ESTRELLAS;LIMA;150000;51;4710;8585;42,29;40;2,21;1,64;2,49;48236;16256;31980;106448;26676;79772;1759
20260330;2024;12;TT;TODAS CONSOLIDADAS;04;4 ESTRELLAS;LORETO;160000;4;149;226;36,65;37,05;2,07;2,15;1,97;1253;703;550;2596;1513;1083;89
20260330;2024;12;TT;TODAS CONSOLIDADAS;04;4 ESTRELLAS;MOQUEGUA;180000;2;123;234;23,73;19,38;2,38;2,29;2,93;591;506;85;1406;1157;249;61
20260330;2024;12;TT;TODAS CONSOLIDADAS;04;4 ESTRELLAS;PIURA;200000;4;394;745;34,81;29,82;1,93;1,83;2,35;3572;2890;682;6887;5286;1601;141
20260330;2024;12;TT;TODAS CONSOLIDADAS;04;4 ESTRELLAS;PUNO;210000;8;508;961;21,12;20,72;1,72;1,61;1,77;3590;1116;2474;6174;1802;4372;191
20260330;2024;12;TT;TODAS CONSOLIDADAS;04;4 ESTRELLAS;SAN MARTÍN;220000;2;82;138;35,72;39,93;2,07;2,06;2,2;825;746;79;1708;1534;174;40
20260330;2024;12;TT;TODAS CONSOLIDADAS;04;4 ESTRELLAS;TACNA;230000;2;200;391;38,13;33,26;1,65;1,62;1,67;2447;1038;1409;4032;1683;2349;67
20260330;2024;12;TT;TODAS CONSOLIDADAS;04;4 ESTRELLAS;TUMBES;240000;6;667;1621;58,57;57,31;2,39;2,37;2,49;12038;10015;2023;28799;23764;5035;654
20260330;2024;12;TT;TODAS CONSOLIDADAS;04;4 ESTRELLAS;UCAYALI;250000;5;289;515;37,07;32,25;2,11;2,01;2,8;2439;2139;300;5149;4310;839;120
20260330;2024;12;TT;TODAS CONSOLIDADAS;05;5 ESTRELLAS;AREQUIPA;040000;3;241;352;37,21;42,66;1,93;1,77;2,24;2406;1551;855;4655;2743;1912;184
20260330;2024;12;TT;TODAS CONSOLIDADAS;05;5 ESTRELLAS;CUSCO;080000;15;1283;2501;56,95;55,2;1,65;1,85;1,62;26010;2383;23627;42800;4411;38389;1347
20260330;2024;12;TT;TODAS CONSOLIDADAS;05;5 ESTRELLAS;ICA;110000;6;644;1485;46,97;50,76;1,89;1,86;1,95;12355;8038;4317;23369;14934;8435;560
20260330;2024;12;TT;TODAS CONSOLIDADAS;05;5 ESTRELLAS;LA LIBERTAD;130000;2;267;450;37,6;38,85;1,75;1,68;2,23;3090;2659;431;5419;4458;961;188
20260330;2024;12;TT;TODAS CONSOLIDADAS;05;5 ESTRELLAS;LIMA;150000;31;5057;8817;47,28;41,81;2,2;1,67;2,36;51831;11627;40204;114283;19405;94878;3554
20260330;2024;12;TT;TODAS CONSOLIDADAS;05;5 ESTRELLAS;LORETO;160000;1;71;110;42,03;48,45;1,65;1,69;1,62;1000;456;544;1652;769;883;54
20260330;2024;12;TT;TODAS CONSOLIDADAS;05;5 ESTRELLAS;PIURA;200000;1;83;166;62,3;53,13;1,75;1,56;2,53;1560;1249;311;2734;1948;786;82
20260330;2024;12;TT;TODAS CONSOLIDADAS;05;5 ESTRELLAS;PUNO;210000;1;123;231;26,15;41,39;1,6;1,54;1,62;1853;383;1470;2964;588;2376;32
20260330;2024;12;TT;TODAS CONSOLIDADAS;05;5 ESTRELLAS;SAN MARTÍN;220000;1;50;108;34,06;42,05;1,8;1,78;2,19;782;746;36;1408;1329;79;67
20260330;2024;12;TT;TODAS CONSOLIDADAS;05;5 ESTRELLAS;UCAYALI;250000;2;162;298;35,72;28,87;2,1;2,12;1,94;1270;1114;156;2667;2365;302;72
20260330;2024;12;TT;TODAS CONSOLIDADAS;12;ALBERGUE;AMAZONAS;010000;1;6;11;0;0;0;0;0;0;0;0;0;0;0;0
20260330;2024;12;TT;TODAS CONSOLIDADAS;12;ALBERGUE;ÁNCASH;020000;7;68;149;15,42;11,19;1,93;1,94;1,86;268;240;28;517;465;52;16
20260330;2024;12;TT;TODAS CONSOLIDADAS;12;ALBERGUE;AREQUIPA;040000;11;162;381;24,35;20,75;1,48;1,52;1,45;1654;751;903;2451;1145;1306;114
20260330;2024;12;TT;TODAS CONSOLIDADAS;12;ALBERGUE;AYACUCHO;050000;1;10;20;0;0;0;0;0;0;0;0;0;0;0;0
20260330;2024;12;TT;TODAS CONSOLIDADAS;12;ALBERGUE;CAJAMARCA;060000;1;11;22;0;0;0;0;0;0;0;0;0;0;0;0
20260330;2024;12;TT;TODAS CONSOLIDADAS;12;ALBERGUE;CUSCO;080000;16;363;636;29,27;22,48;1,33;1,62;1,33;3330;26;3304;4433;42;4391;98
20260330;2024;12;TT;TODAS CONSOLIDADAS;12;ALBERGUE;HUANCAVELICA;090000;1;14;47;15,21;9,54;2,21;2,21;0;63;63;0;139;139;0;16
20260330;2024;12;TT;TODAS CONSOLIDADAS;12;ALBERGUE;HUÁNUCO;100000;7;92;128;0;0;0;0;0;0;0;0;0;0;0;0
20260330;2024;12;TT;TODAS CONSOLIDADAS;12;ALBERGUE;ICA;110000;6;81;195;20,63;16,13;1,76;1,76;0;553;553;0;975;975;0;17
20260330;2024;12;TT;TODAS CONSOLIDADAS;12;ALBERGUE;JUNÍN;120000;1;32;104;15,12;11,72;1,57;1,57;1,55;241;230;11;378;361;17;19
20260330;2024;12;TT;TODAS CONSOLIDADAS;12;ALBERGUE;LA LIBERTAD;130000;1;15;27;0;0;0;0;0;0;0;0;0;0;0;0
20260330;2024;12;TT;TODAS CONSOLIDADAS;12;ALBERGUE;LIMA;150000;8;136;528;14,52;20,11;2,09;2,09;0;1576;1576;0;3292;3292;0;26
20260330;2024;12;TT;TODAS CONSOLIDADAS;12;ALBERGUE;LORETO;160000;64;834;1713;20,69;19,25;1,83;1,53;1,95;5584;1653;3931;10222;2537;7685;284
20260330;2024;12;TT;TODAS CONSOLIDADAS;12;ALBERGUE;MADRE DE DIOS;170000;16;371;739;29,47;27,26;2,41;2,29;2,42;2592;186;2406;6246;426;5820;148
20260330;2024;12;TT;TODAS CONSOLIDADAS;12;ALBERGUE;PASCO;190000;21;252;630;13,59;12,24;1,62;1,62;2,09;1473;1450;23;2390;2342;48;62
20260330;2024;12;TT;TODAS CONSOLIDADAS;12;ALBERGUE;PUNO;210000;1;13;35;0;0;0;0;0;0;0;0;0;0;0;0
20260330;2024;12;TT;TODAS CONSOLIDADAS;12;ALBERGUE;SAN MARTÍN;220000;9;180;409;38,35;32,51;2,21;2,17;2,41;1867;1558;309;4122;3376;746;49
20260330;2024;12;TT;TODAS CONSOLIDADAS;12;ALBERGUE;UCAYALI;250000;4;37;101;12,21;9,36;1,41;1,39;1,52;208;185;23;293;258;35;26
20260330;2024;12;TT;TODAS CONSOLIDADAS;13;ECOLODGE;AREQUIPA;040000;1;23;51;12,48;12,78;1,52;1,73;1,3;133;67;66;202;116;86;7
20260330;2024;12;TT;TODAS CONSOLIDADAS;TT;TODAS CONSOLIDADAS;AMAZONAS;010000;448;5657;9016;17,6;14,16;1,37;1,34;1,9;32508;31144;1364;43636;41035;2601;1043
20260330;2024;12;TT;TODAS CONSOLIDADAS;TT;TODAS CONSOLIDADAS;ÁNCASH;020000;1079;13171;22778;18,26;14,86;1,29;1,29;1,37;90894;88593;2302;116055;112697;3358;1933
20260330;2024;12;TT;TODAS CONSOLIDADAS;TT;TODAS CONSOLIDADAS;APURÍMAC;030000;531;5287;8381;19,43;14,47;1,15;1,14;1,81;34673;34171;502;40807;39949;858;582
20260330;2024;12;TT;TODAS CONSOLIDADAS;TT;TODAS CONSOLIDADAS;AREQUIPA;040000;1653;18967;33014;20,77;16,6;1,46;1,42;1,57;121565;97421;24144;180445;140731;39714;3336
20260330;2024;12;TT;TODAS CONSOLIDADAS;TT;TODAS CONSOLIDADAS;AYACUCHO;050000;655;6625;10896;16,65;12,52;1,26;1,26;1,38;33345;32503;842;44055;42535;1520;863
20260330;2024;12;TT;TODAS CONSOLIDADAS;TT;TODAS CONSOLIDADAS;CALLAO;070000;291;4749;8732;44,45;42,64;1,01;1,01;1,01;181651;170268;11384;187192;172463;14729;1302
20260330;2024;12;TT;TODAS CONSOLIDADAS;TT;TODAS CONSOLIDADAS;CUSCO;080000;2270;28189;51332;21,86;20,07;1,52;1,37;1,65;244425;88552;155873;386625;125159;261466;7806
20260330;2024;12;TT;TODAS CONSOLIDADAS;TT;TODAS CONSOLIDADAS;HUANCAVELICA;090000;247;2772;4257;15,53;12,95;1,12;1,12;1,27;15012;14970;42;17019;16965;54;324
20260330;2024;12;TT;TODAS CONSOLIDADAS;TT;TODAS CONSOLIDADAS;HUÁNUCO;100000;635;8719;13479;19,77;17,22;1,2;1,2;1,23;64117;63923;194;81702;81433;269;1248
20260330;2024;12;TT;TODAS CONSOLIDADAS;TT;TODAS CONSOLIDADAS;ICA;110000;1085;15743;27940;23;15,99;1,15;1,14;1,18;136842;115084;21758;178105;147487;30618;3540
20260330;2024;12;TT;TODAS CONSOLIDADAS;TT;TODAS CONSOLIDADAS;JUNÍN;120000;1605;17810;29762;27,19;18,89;1,15;1,15;1,64;144961;144477;484;167544;166757;787;3276
20260330;2024;12;TT;TODAS CONSOLIDADAS;TT;TODAS CONSOLIDADAS;LA LIBERTAD;130000;1290;13896;24278;14,26;11,11;1,11;1,11;1,15;93647;90494;3153;119829;114508;5321;2064
20260330;2024;12;TT;TODAS CONSOLIDADAS;TT;TODAS CONSOLIDADAS;LAMBAYEQUE;140000;752;10904;16102;19,75;16,82;1,1;1,1;1,14;83380;81633;1747;96581;93774;2807;1920
20260330;2024;12;TT;TODAS CONSOLIDADAS;TT;TODAS CONSOLIDADAS;LIMA;150000;7754;84568;149193;23,73;22,15;1,1;1,08;1,22;2982476;2799438;183038;3388194;3043911;344283;44552
20260330;2024;12;TT;TODAS CONSOLIDADAS;TT;TODAS CONSOLIDADAS;LORETO;160000;923;9259;15054;11,67;10,67;1,68;1,64;1,78;33084;23602;9482;59117;41225;17892;1479
20260330;2024;12;TT;TODAS CONSOLIDADAS;TT;TODAS CONSOLIDADAS;MADRE DE DIOS;170000;388;5626;9563;24,76;19;1,26;1,22;1,66;46669;39439;7230;61124;47905;13219;1114
20260330;2024;12;TT;TODAS CONSOLIDADAS;TT;TODAS CONSOLIDADAS;MOQUEGUA;180000;297;4271;7328;19,08;13,88;1,37;1,37;1,21;22536;21832;704;32086;30942;1144;748
20260330;2024;12;TT;TODAS CONSOLIDADAS;TT;TODAS CONSOLIDADAS;PASCO;190000;465;5408;9000;15,62;12,49;1,27;1,27;1,35;27277;27191;86;34909;34778;131;962
20260330;2024;12;TT;TODAS CONSOLIDADAS;TT;TODAS CONSOLIDADAS;PIURA;200000;1234;12836;22972;37,11;27,38;1,73;1,64;2,12;112550;93710;18840;195216;154705;40511;2740
20260330;2024;12;TT;TODAS CONSOLIDADAS;TT;TODAS CONSOLIDADAS;PUNO;210000;1016;11438;19880;21,62;17,98;1,24;1,24;1,21;86767;74835;11932;110913;93291;17622;2173
20260330;2024;12;TT;TODAS CONSOLIDADAS;TT;TODAS CONSOLIDADAS;SAN MARTÍN;220000;978;11943;19346;23,97;19,52;1,39;1,38;1,74;85058;83085;1973;124476;120585;3891;1787
20260330;2024;12;TT;TODAS CONSOLIDADAS;TT;TODAS CONSOLIDADAS;TACNA;230000;519;6414;11921;12,6;11,79;1,33;1,27;1,45;37273;20865;16408;53709;28086;25623;942
20260330;2024;12;TT;TODAS CONSOLIDADAS;TT;TODAS CONSOLIDADAS;TUMBES;240000;285;3769;7603;18,35;15,04;1,59;1,57;1,78;28356;24756;3600;57435;49291;8144;1166
20260330;2024;12;TT;TODAS CONSOLIDADAS;TT;TODAS CONSOLIDADAS;UCAYALI;250000;577;6576;10447;35,88;25,35;3,41;3,45;1,86;26289;25214;1075;80925;78644;2281;1355
20260330;2024;12;03;HOSTAL;01;1 ESTRELLA;LAMBAYEQUE;140000;16;212;301;26,08;27,21;1,08;1,08;1,38;2357;2349;8;2539;2528;11;39
20260330;2024;12;01;HOTEL;TT;TODAS CONSOLIDADAS;CAJAMARCA;060000;144;4282;7045;15,7;12,63;1,41;1,4;1,71;19584;18962;622;27582;26519;1063;849
20260330;2024;12;TT;TODAS CONSOLIDADAS;TT;TODAS CONSOLIDADAS;CAJAMARCA;060000;1083;14135;22807;10,66;8,28;1,28;1,28;2,11;53655;52897;758;72094;70815;1279;2141
